   0.0000000e+00   1.3088500e+04   1.6601080e+12   1.3079552e+12   1.3079552e+12   0.0000000e+00   0.0000000e+00   0.0000000e+00   1.3079552e+12   1.6601080e+12   1.3079552e+12   0.0000000e+00   0.0000000e+00   0.0000000e+00   1.3079552e+12   1.3079552e+12   1.6601080e+12   0.0000000e+00   0.0000000e+00   0.0000000e+00   0.0000000e+00   0.0000000e+00   0.0000000e+00   1.7607641e+11   0.0000000e+00   0.0000000e+00   0.0000000e+00   0.0000000e+00   0.0000000e+00   0.0000000e+00   1.7607641e+11   0.0000000e+00   0.0000000e+00   0.0000000e+00   0.0000000e+00   0.0000000e+00   0.0000000e+00   1.7607641e+11
   3.8172000e+04   1.3088180e+04   1.6599996e+12   1.3078861e+12   1.3078861e+12   0.0000000e+00   0.0000000e+00   0.0000000e+00   1.3078861e+12   1.6599996e+12   1.3078861e+12   0.0000000e+00   0.0000000e+00   0.0000000e+00   1.3078861e+12   1.3078861e+12   1.6599996e+12   0.0000000e+00   0.0000000e+00   0.0000000e+00   0.0000000e+00   0.0000000e+00   0.0000000e+00   1.7605674e+11   0.0000000e+00   0.0000000e+00   0.0000000e+00   0.0000000e+00   0.0000000e+00   0.0000000e+00   1.7605674e+11   0.0000000e+00   0.0000000e+00   0.0000000e+00   0.0000000e+00   0.0000000e+00   0.0000000e+00   1.7605674e+11
   7.6344000e+04   1.3087230e+04   1.6596787e+12   1.3076829e+12   1.3076829e+12   0.0000000e+00   0.0000000e+00   0.0000000e+00   1.3076829e+12   1.6596787e+12   1.3076829e+12   0.0000000e+00   0.0000000e+00   0.0000000e+00   1.3076829e+12   1.3076829e+12   1.6596787e+12   0.0000000e+00   0.0000000e+00   0.0000000e+00   0.0000000e+00   0.0000000e+00   0.0000000e+00   1.7599789e+11   0.0000000e+00   0.0000000e+00   0.0000000e+00   0.0000000e+00   0.0000000e+00   0.0000000e+00   1.7599789e+11   0.0000000e+00   0.0000000e+00   0.0000000e+00   0.0000000e+00   0.0000000e+00   0.0000000e+00   1.7599789e+11
   1.1451600e+05   1.3085640e+04   1.6591381e+12   1.3073387e+12   1.3073387e+12   0.0000000e+00   0.0000000e+00   0.0000000e+00   1.3073387e+12   1.6591381e+12   1.3073387e+12   0.0000000e+00   0.0000000e+00   0.0000000e+00   1.3073387e+12   1.3073387e+12   1.6591381e+12   0.0000000e+00   0.0000000e+00   0.0000000e+00   0.0000000e+00   0.0000000e+00   0.0000000e+00   1.7589973e+11   0.0000000e+00   0.0000000e+00   0.0000000e+00   0.0000000e+00   0.0000000e+00   0.0000000e+00   1.7589973e+11   0.0000000e+00   0.0000000e+00   0.0000000e+00   0.0000000e+00   0.0000000e+00   0.0000000e+00   1.7589973e+11
   1.5268800e+05   1.3083420e+04   1.6583853e+12   1.3068584e+12   1.3068584e+12   0.0000000e+00   0.0000000e+00   0.0000000e+00   1.3068584e+12   1.6583853e+12   1.3068584e+12   0.0000000e+00   0.0000000e+00   0.0000000e+00   1.3068584e+12   1.3068584e+12   1.6583853e+12   0.0000000e+00   0.0000000e+00   0.0000000e+00   0.0000000e+00   0.0000000e+00   0.0000000e+00   1.7576342e+11   0.0000000e+00   0.0000000e+00   0.0000000e+00   0.0000000e+00   0.0000000e+00   0.0000000e+00   1.7576342e+11   0.0000000e+00   0.0000000e+00   0.0000000e+00   0.0000000e+00   0.0000000e+00   0.0000000e+00   1.7576342e+11
   1.9085900e+05   1.3080570e+04   1.6574203e+12   1.3062461e+12   1.3062461e+12   0.0000000e+00   0.0000000e+00   0.0000000e+00   1.3062461e+12   1.6574203e+12   1.3062461e+12   0.0000000e+00   0.0000000e+00   0.0000000e+00   1.3062461e+12   1.3062461e+12   1.6574203e+12   0.0000000e+00   0.0000000e+00   0.0000000e+00   0.0000000e+00   0.0000000e+00   0.0000000e+00   1.7558708e+11   0.0000000e+00   0.0000000e+00   0.0000000e+00   0.0000000e+00   0.0000000e+00   0.0000000e+00   1.7558708e+11   0.0000000e+00   0.0000000e+00   0.0000000e+00   0.0000000e+00   0.0000000e+00   0.0000000e+00   1.7558708e+11
   2.2903100e+05   1.3077080e+04   1.6562392e+12   1.3054960e+12   1.3054960e+12   0.0000000e+00   0.0000000e+00   0.0000000e+00   1.3054960e+12   1.6562392e+12   1.3054960e+12   0.0000000e+00   0.0000000e+00   0.0000000e+00   1.3054960e+12   1.3054960e+12   1.6562392e+12   0.0000000e+00   0.0000000e+00   0.0000000e+00   0.0000000e+00   0.0000000e+00   0.0000000e+00   1.7537162e+11   0.0000000e+00   0.0000000e+00   0.0000000e+00   0.0000000e+00   0.0000000e+00   0.0000000e+00   1.7537162e+11   0.0000000e+00   0.0000000e+00   0.0000000e+00   0.0000000e+00   0.0000000e+00   0.0000000e+00   1.7537162e+11
   2.6720300e+05   1.3072950e+04   1.6548423e+12   1.3046061e+12   1.3046061e+12   0.0000000e+00   0.0000000e+00   0.0000000e+00   1.3046061e+12   1.6548423e+12   1.3046061e+12   0.0000000e+00   0.0000000e+00   0.0000000e+00   1.3046061e+12   1.3046061e+12   1.6548423e+12   0.0000000e+00   0.0000000e+00   0.0000000e+00   0.0000000e+00   0.0000000e+00   0.0000000e+00   1.7511810e+11   0.0000000e+00   0.0000000e+00   0.0000000e+00   0.0000000e+00   0.0000000e+00   0.0000000e+00   1.7511810e+11   0.0000000e+00   0.0000000e+00   0.0000000e+00   0.0000000e+00   0.0000000e+00   0.0000000e+00   1.7511810e+11
   3.0537500e+05   1.3068190e+04   1.6532313e+12   1.3035817e+12   1.3035817e+12   0.0000000e+00   0.0000000e+00   0.0000000e+00   1.3035817e+12   1.6532313e+12   1.3035817e+12   0.0000000e+00   0.0000000e+00   0.0000000e+00   1.3035817e+12   1.3035817e+12   1.6532313e+12   0.0000000e+00   0.0000000e+00   0.0000000e+00   0.0000000e+00   0.0000000e+00   0.0000000e+00   1.7482483e+11   0.0000000e+00   0.0000000e+00   0.0000000e+00   0.0000000e+00   0.0000000e+00   0.0000000e+00   1.7482483e+11   0.0000000e+00   0.0000000e+00   0.0000000e+00   0.0000000e+00   0.0000000e+00   0.0000000e+00   1.7482483e+11
   3.4354700e+05   1.3062800e+04   1.6514095e+12   1.3024218e+12   1.3024218e+12   0.0000000e+00   0.0000000e+00   0.0000000e+00   1.3024218e+12   1.6514095e+12   1.3024218e+12   0.0000000e+00   0.0000000e+00   0.0000000e+00   1.3024218e+12   1.3024218e+12   1.6514095e+12   0.0000000e+00   0.0000000e+00   0.0000000e+00   0.0000000e+00   0.0000000e+00   0.0000000e+00   1.7449386e+11   0.0000000e+00   0.0000000e+00   0.0000000e+00   0.0000000e+00   0.0000000e+00   0.0000000e+00   1.7449386e+11   0.0000000e+00   0.0000000e+00   0.0000000e+00   0.0000000e+00   0.0000000e+00   0.0000000e+00   1.7449386e+11
   3.8171900e+05   1.3056770e+04   1.6493702e+12   1.3011236e+12   1.3011236e+12   0.0000000e+00   0.0000000e+00   0.0000000e+00   1.3011236e+12   1.6493702e+12   1.3011236e+12   0.0000000e+00   0.0000000e+00   0.0000000e+00   1.3011236e+12   1.3011236e+12   1.6493702e+12   0.0000000e+00   0.0000000e+00   0.0000000e+00   0.0000000e+00   0.0000000e+00   0.0000000e+00   1.7412329e+11   0.0000000e+00   0.0000000e+00   0.0000000e+00   0.0000000e+00   0.0000000e+00   0.0000000e+00   1.7412329e+11   0.0000000e+00   0.0000000e+00   0.0000000e+00   0.0000000e+00   0.0000000e+00   0.0000000e+00   1.7412329e+11
   4.1989100e+05   1.3050110e+04   1.6471240e+12   1.2996934e+12   1.2996934e+12   0.0000000e+00   0.0000000e+00   0.0000000e+00   1.2996934e+12   1.6471240e+12   1.2996934e+12   0.0000000e+00   0.0000000e+00   0.0000000e+00   1.2996934e+12   1.2996934e+12   1.6471240e+12   0.0000000e+00   0.0000000e+00   0.0000000e+00   0.0000000e+00   0.0000000e+00   0.0000000e+00   1.7371532e+11   0.0000000e+00   0.0000000e+00   0.0000000e+00   0.0000000e+00   0.0000000e+00   0.0000000e+00   1.7371532e+11   0.0000000e+00   0.0000000e+00   0.0000000e+00   0.0000000e+00   0.0000000e+00   0.0000000e+00   1.7371532e+11
   4.5806200e+05   1.3042810e+04   1.6446615e+12   1.2981235e+12   1.2981235e+12   0.0000000e+00   0.0000000e+00   0.0000000e+00   1.2981235e+12   1.6446615e+12   1.2981235e+12   0.0000000e+00   0.0000000e+00   0.0000000e+00   1.2981235e+12   1.2981235e+12   1.6446615e+12   0.0000000e+00   0.0000000e+00   0.0000000e+00   0.0000000e+00   0.0000000e+00   0.0000000e+00   1.7326903e+11   0.0000000e+00   0.0000000e+00   0.0000000e+00   0.0000000e+00   0.0000000e+00   0.0000000e+00   1.7326903e+11   0.0000000e+00   0.0000000e+00   0.0000000e+00   0.0000000e+00   0.0000000e+00   0.0000000e+00   1.7326903e+11
   4.9623400e+05   1.3034880e+04   1.6419904e+12   1.2964209e+12   1.2964209e+12   0.0000000e+00   0.0000000e+00   0.0000000e+00   1.2964209e+12   1.6419904e+12   1.2964209e+12   0.0000000e+00   0.0000000e+00   0.0000000e+00   1.2964209e+12   1.2964209e+12   1.6419904e+12   0.0000000e+00   0.0000000e+00   0.0000000e+00   0.0000000e+00   0.0000000e+00   0.0000000e+00   1.7278477e+11   0.0000000e+00   0.0000000e+00   0.0000000e+00   0.0000000e+00   0.0000000e+00   0.0000000e+00   1.7278477e+11   0.0000000e+00   0.0000000e+00   0.0000000e+00   0.0000000e+00   0.0000000e+00   0.0000000e+00   1.7278477e+11
   5.3440600e+05   1.3026310e+04   1.6391072e+12   1.2945821e+12   1.2945821e+12   0.0000000e+00   0.0000000e+00   0.0000000e+00   1.2945821e+12   1.6391072e+12   1.2945821e+12   0.0000000e+00   0.0000000e+00   0.0000000e+00   1.2945821e+12   1.2945821e+12   1.6391072e+12   0.0000000e+00   0.0000000e+00   0.0000000e+00   0.0000000e+00   0.0000000e+00   0.0000000e+00   1.7226259e+11   0.0000000e+00   0.0000000e+00   0.0000000e+00   0.0000000e+00   0.0000000e+00   0.0000000e+00   1.7226259e+11   0.0000000e+00   0.0000000e+00   0.0000000e+00   0.0000000e+00   0.0000000e+00   0.0000000e+00   1.7226259e+11
   5.7257800e+05   1.3017110e+04   1.6360169e+12   1.2926112e+12   1.2926112e+12   0.0000000e+00   0.0000000e+00   0.0000000e+00   1.2926112e+12   1.6360169e+12   1.2926112e+12   0.0000000e+00   0.0000000e+00   0.0000000e+00   1.2926112e+12   1.2926112e+12   1.6360169e+12   0.0000000e+00   0.0000000e+00   0.0000000e+00   0.0000000e+00   0.0000000e+00   0.0000000e+00   1.7170287e+11   0.0000000e+00   0.0000000e+00   0.0000000e+00   0.0000000e+00   0.0000000e+00   0.0000000e+00   1.7170287e+11   0.0000000e+00   0.0000000e+00   0.0000000e+00   0.0000000e+00   0.0000000e+00   0.0000000e+00   1.7170287e+11
   6.1075000e+05   1.3007280e+04   1.6327173e+12   1.2905056e+12   1.2905056e+12   0.0000000e+00   0.0000000e+00   0.0000000e+00   1.2905056e+12   1.6327173e+12   1.2905056e+12   0.0000000e+00   0.0000000e+00   0.0000000e+00   1.2905056e+12   1.2905056e+12   1.6327173e+12   0.0000000e+00   0.0000000e+00   0.0000000e+00   0.0000000e+00   0.0000000e+00   0.0000000e+00   1.7110584e+11   0.0000000e+00   0.0000000e+00   0.0000000e+00   0.0000000e+00   0.0000000e+00   0.0000000e+00   1.7110584e+11   0.0000000e+00   0.0000000e+00   0.0000000e+00   0.0000000e+00   0.0000000e+00   0.0000000e+00   1.7110584e+11
   6.4892200e+05   1.2996810e+04   1.6292079e+12   1.2882647e+12   1.2882647e+12   0.0000000e+00   0.0000000e+00   0.0000000e+00   1.2882647e+12   1.6292079e+12   1.2882647e+12   0.0000000e+00   0.0000000e+00   0.0000000e+00   1.2882647e+12   1.2882647e+12   1.6292079e+12   0.0000000e+00   0.0000000e+00   0.0000000e+00   0.0000000e+00   0.0000000e+00   0.0000000e+00   1.7047163e+11   0.0000000e+00   0.0000000e+00   0.0000000e+00   0.0000000e+00   0.0000000e+00   0.0000000e+00   1.7047163e+11   0.0000000e+00   0.0000000e+00   0.0000000e+00   0.0000000e+00   0.0000000e+00   0.0000000e+00   1.7047163e+11
   6.8709400e+05   1.2985700e+04   1.6254898e+12   1.2858888e+12   1.2858888e+12   0.0000000e+00   0.0000000e+00   0.0000000e+00   1.2858888e+12   1.6254898e+12   1.2858888e+12   0.0000000e+00   0.0000000e+00   0.0000000e+00   1.2858888e+12   1.2858888e+12   1.6254898e+12   0.0000000e+00   0.0000000e+00   0.0000000e+00   0.0000000e+00   0.0000000e+00   0.0000000e+00   1.6980052e+11   0.0000000e+00   0.0000000e+00   0.0000000e+00   0.0000000e+00   0.0000000e+00   0.0000000e+00   1.6980052e+11   0.0000000e+00   0.0000000e+00   0.0000000e+00   0.0000000e+00   0.0000000e+00   0.0000000e+00   1.6980052e+11
   7.2526600e+05   1.2973970e+04   1.6215693e+12   1.2833832e+12   1.2833832e+12   0.0000000e+00   0.0000000e+00   0.0000000e+00   1.2833832e+12   1.6215693e+12   1.2833832e+12   0.0000000e+00   0.0000000e+00   0.0000000e+00   1.2833832e+12   1.2833832e+12   1.6215693e+12   0.0000000e+00   0.0000000e+00   0.0000000e+00   0.0000000e+00   0.0000000e+00   0.0000000e+00   1.6909306e+11   0.0000000e+00   0.0000000e+00   0.0000000e+00   0.0000000e+00   0.0000000e+00   0.0000000e+00   1.6909306e+11   0.0000000e+00   0.0000000e+00   0.0000000e+00   0.0000000e+00   0.0000000e+00   0.0000000e+00   1.6909306e+11
   7.6343800e+05   1.2961590e+04   1.6174408e+12   1.2807406e+12   1.2807406e+12   0.0000000e+00   0.0000000e+00   0.0000000e+00   1.2807406e+12   1.6174408e+12   1.2807406e+12   0.0000000e+00   0.0000000e+00   0.0000000e+00   1.2807406e+12   1.2807406e+12   1.6174408e+12   0.0000000e+00   0.0000000e+00   0.0000000e+00   0.0000000e+00   0.0000000e+00   0.0000000e+00   1.6835010e+11   0.0000000e+00   0.0000000e+00   0.0000000e+00   0.0000000e+00   0.0000000e+00   0.0000000e+00   1.6835010e+11   0.0000000e+00   0.0000000e+00   0.0000000e+00   0.0000000e+00   0.0000000e+00   0.0000000e+00   1.6835010e+11
   8.0160900e+05   1.2948580e+04   1.6131078e+12   1.2779670e+12   1.2779670e+12   0.0000000e+00   0.0000000e+00   0.0000000e+00   1.2779670e+12   1.6131078e+12   1.2779670e+12   0.0000000e+00   0.0000000e+00   0.0000000e+00   1.2779670e+12   1.2779670e+12   1.6131078e+12   0.0000000e+00   0.0000000e+00   0.0000000e+00   0.0000000e+00   0.0000000e+00   0.0000000e+00   1.6757036e+11   0.0000000e+00   0.0000000e+00   0.0000000e+00   0.0000000e+00   0.0000000e+00   0.0000000e+00   1.6757036e+11   0.0000000e+00   0.0000000e+00   0.0000000e+00   0.0000000e+00   0.0000000e+00   0.0000000e+00   1.6757036e+11
   8.3978100e+05   1.2934940e+04   1.6085743e+12   1.2750622e+12   1.2750622e+12   0.0000000e+00   0.0000000e+00   0.0000000e+00   1.2750622e+12   1.6085743e+12   1.2750622e+12   0.0000000e+00   0.0000000e+00   0.0000000e+00   1.2750622e+12   1.2750622e+12   1.6085743e+12   0.0000000e+00   0.0000000e+00   0.0000000e+00   0.0000000e+00   0.0000000e+00   0.0000000e+00   1.6675603e+11   0.0000000e+00   0.0000000e+00   0.0000000e+00   0.0000000e+00   0.0000000e+00   0.0000000e+00   1.6675603e+11   0.0000000e+00   0.0000000e+00   0.0000000e+00   0.0000000e+00   0.0000000e+00   0.0000000e+00   1.6675603e+11
   8.7795300e+05   1.2920660e+04   1.6038374e+12   1.2720264e+12   1.2720264e+12   0.0000000e+00   0.0000000e+00   0.0000000e+00   1.2720264e+12   1.6038374e+12   1.2720264e+12   0.0000000e+00   0.0000000e+00   0.0000000e+00   1.2720264e+12   1.2720264e+12   1.6038374e+12   0.0000000e+00   0.0000000e+00   0.0000000e+00   0.0000000e+00   0.0000000e+00   0.0000000e+00   1.6590548e+11   0.0000000e+00   0.0000000e+00   0.0000000e+00   0.0000000e+00   0.0000000e+00   0.0000000e+00   1.6590548e+11   0.0000000e+00   0.0000000e+00   0.0000000e+00   0.0000000e+00   0.0000000e+00   0.0000000e+00   1.6590548e+11
   9.1612500e+05   1.2905750e+04   1.5988995e+12   1.2688574e+12   1.2688574e+12   0.0000000e+00   0.0000000e+00   0.0000000e+00   1.2688574e+12   1.5988995e+12   1.2688574e+12   0.0000000e+00   0.0000000e+00   0.0000000e+00   1.2688574e+12   1.2688574e+12   1.5988995e+12   0.0000000e+00   0.0000000e+00   0.0000000e+00   0.0000000e+00   0.0000000e+00   0.0000000e+00   1.6502107e+11   0.0000000e+00   0.0000000e+00   0.0000000e+00   0.0000000e+00   0.0000000e+00   0.0000000e+00   1.6502107e+11   0.0000000e+00   0.0000000e+00   0.0000000e+00   0.0000000e+00   0.0000000e+00   0.0000000e+00   1.6502107e+11
   9.5429700e+05   1.2890210e+04   1.5937649e+12   1.2655622e+12   1.2655622e+12   0.0000000e+00   0.0000000e+00   0.0000000e+00   1.2655622e+12   1.5937649e+12   1.2655622e+12   0.0000000e+00   0.0000000e+00   0.0000000e+00   1.2655622e+12   1.2655622e+12   1.5937649e+12   0.0000000e+00   0.0000000e+00   0.0000000e+00   0.0000000e+00   0.0000000e+00   0.0000000e+00   1.6410134e+11   0.0000000e+00   0.0000000e+00   0.0000000e+00   0.0000000e+00   0.0000000e+00   0.0000000e+00   1.6410134e+11   0.0000000e+00   0.0000000e+00   0.0000000e+00   0.0000000e+00   0.0000000e+00   0.0000000e+00   1.6410134e+11
   9.9246900e+05   1.2874020e+04   1.5884266e+12   1.2621301e+12   1.2621301e+12   0.0000000e+00   0.0000000e+00   0.0000000e+00   1.2621301e+12   1.5884266e+12   1.2621301e+12   0.0000000e+00   0.0000000e+00   0.0000000e+00   1.2621301e+12   1.2621301e+12   1.5884266e+12   0.0000000e+00   0.0000000e+00   0.0000000e+00   0.0000000e+00   0.0000000e+00   0.0000000e+00   1.6314826e+11   0.0000000e+00   0.0000000e+00   0.0000000e+00   0.0000000e+00   0.0000000e+00   0.0000000e+00   1.6314826e+11   0.0000000e+00   0.0000000e+00   0.0000000e+00   0.0000000e+00   0.0000000e+00   0.0000000e+00   1.6314826e+11
   1.0306410e+06   1.2857210e+04   1.5828983e+12   1.2585749e+12   1.2585749e+12   0.0000000e+00   0.0000000e+00   0.0000000e+00   1.2585749e+12   1.5828983e+12   1.2585749e+12   0.0000000e+00   0.0000000e+00   0.0000000e+00   1.2585749e+12   1.2585749e+12   1.5828983e+12   0.0000000e+00   0.0000000e+00   0.0000000e+00   0.0000000e+00   0.0000000e+00   0.0000000e+00   1.6216173e+11   0.0000000e+00   0.0000000e+00   0.0000000e+00   0.0000000e+00   0.0000000e+00   0.0000000e+00   1.6216173e+11   0.0000000e+00   0.0000000e+00   0.0000000e+00   0.0000000e+00   0.0000000e+00   0.0000000e+00   1.6216173e+11
   1.0688120e+06   1.2839760e+04   1.5771704e+12   1.2548866e+12   1.2548866e+12   0.0000000e+00   0.0000000e+00   0.0000000e+00   1.2548866e+12   1.5771704e+12   1.2548866e+12   0.0000000e+00   0.0000000e+00   0.0000000e+00   1.2548866e+12   1.2548866e+12   1.5771704e+12   0.0000000e+00   0.0000000e+00   0.0000000e+00   0.0000000e+00   0.0000000e+00   0.0000000e+00   1.6114191e+11   0.0000000e+00   0.0000000e+00   0.0000000e+00   0.0000000e+00   0.0000000e+00   0.0000000e+00   1.6114191e+11   0.0000000e+00   0.0000000e+00   0.0000000e+00   0.0000000e+00   0.0000000e+00   0.0000000e+00   1.6114191e+11
   1.1069840e+06   1.2821670e+04   1.5712501e+12   1.2510716e+12   1.2510716e+12   0.0000000e+00   0.0000000e+00   0.0000000e+00   1.2510716e+12   1.5712501e+12   1.2510716e+12   0.0000000e+00   0.0000000e+00   0.0000000e+00   1.2510716e+12   1.2510716e+12   1.5712501e+12   0.0000000e+00   0.0000000e+00   0.0000000e+00   0.0000000e+00   0.0000000e+00   0.0000000e+00   1.6008925e+11   0.0000000e+00   0.0000000e+00   0.0000000e+00   0.0000000e+00   0.0000000e+00   0.0000000e+00   1.6008925e+11   0.0000000e+00   0.0000000e+00   0.0000000e+00   0.0000000e+00   0.0000000e+00   0.0000000e+00   1.6008925e+11
   1.1451560e+06   1.2802960e+04   1.5651386e+12   1.2471297e+12   1.2471297e+12   0.0000000e+00   0.0000000e+00   0.0000000e+00   1.2471297e+12   1.5651386e+12   1.2471297e+12   0.0000000e+00   0.0000000e+00   0.0000000e+00   1.2471297e+12   1.2471297e+12   1.5651386e+12   0.0000000e+00   0.0000000e+00   0.0000000e+00   0.0000000e+00   0.0000000e+00   0.0000000e+00   1.5900446e+11   0.0000000e+00   0.0000000e+00   0.0000000e+00   0.0000000e+00   0.0000000e+00   0.0000000e+00   1.5900446e+11   0.0000000e+00   0.0000000e+00   0.0000000e+00   0.0000000e+00   0.0000000e+00   0.0000000e+00   1.5900446e+11
   1.1833280e+06   1.2783600e+04   1.5588337e+12   1.2430584e+12   1.2430584e+12   0.0000000e+00   0.0000000e+00   0.0000000e+00   1.2430584e+12   1.5588337e+12   1.2430584e+12   0.0000000e+00   0.0000000e+00   0.0000000e+00   1.2430584e+12   1.2430584e+12   1.5588337e+12   0.0000000e+00   0.0000000e+00   0.0000000e+00   0.0000000e+00   0.0000000e+00   0.0000000e+00   1.5788764e+11   0.0000000e+00   0.0000000e+00   0.0000000e+00   0.0000000e+00   0.0000000e+00   0.0000000e+00   1.5788764e+11   0.0000000e+00   0.0000000e+00   0.0000000e+00   0.0000000e+00   0.0000000e+00   0.0000000e+00   1.5788764e+11
   1.2215000e+06   1.2763610e+04   1.5523424e+12   1.2388633e+12   1.2388633e+12   0.0000000e+00   0.0000000e+00   0.0000000e+00   1.2388633e+12   1.5523424e+12   1.2388633e+12   0.0000000e+00   0.0000000e+00   0.0000000e+00   1.2388633e+12   1.2388633e+12   1.5523424e+12   0.0000000e+00   0.0000000e+00   0.0000000e+00   0.0000000e+00   0.0000000e+00   0.0000000e+00   1.5673954e+11   0.0000000e+00   0.0000000e+00   0.0000000e+00   0.0000000e+00   0.0000000e+00   0.0000000e+00   1.5673954e+11   0.0000000e+00   0.0000000e+00   0.0000000e+00   0.0000000e+00   0.0000000e+00   0.0000000e+00   1.5673954e+11
   1.2215000e+06   1.2166330e+04   1.3047286e+12   1.3047286e+12   1.3047286e+12   0.0000000e+00   0.0000000e+00   0.0000000e+00   1.3047286e+12   1.3047286e+12   1.3047286e+12   0.0000000e+00   0.0000000e+00   0.0000000e+00   1.3047286e+12   1.3047286e+12   1.3047286e+12   0.0000000e+00   0.0000000e+00   0.0000000e+00   0.0000000e+00   0.0000000e+00   0.0000000e+00   0.0000000e+00   0.0000000e+00   0.0000000e+00   0.0000000e+00   0.0000000e+00   0.0000000e+00   0.0000000e+00   0.0000000e+00   0.0000000e+00   0.0000000e+00   0.0000000e+00   0.0000000e+00   0.0000000e+00   0.0000000e+00   0.0000000e+00
   1.2920780e+06   1.2129260e+04   1.2904012e+12   1.2904012e+12   1.2904012e+12   0.0000000e+00   0.0000000e+00   0.0000000e+00   1.2904012e+12   1.2904012e+12   1.2904012e+12   0.0000000e+00   0.0000000e+00   0.0000000e+00   1.2904012e+12   1.2904012e+12   1.2904012e+12   0.0000000e+00   0.0000000e+00   0.0000000e+00   0.0000000e+00   0.0000000e+00   0.0000000e+00   0.0000000e+00   0.0000000e+00   0.0000000e+00   0.0000000e+00   0.0000000e+00   0.0000000e+00   0.0000000e+00   0.0000000e+00   0.0000000e+00   0.0000000e+00   0.0000000e+00   0.0000000e+00   0.0000000e+00   0.0000000e+00   0.0000000e+00
   1.3626560e+06   1.2090470e+04   1.2757882e+12   1.2757882e+12   1.2757882e+12   0.0000000e+00   0.0000000e+00   0.0000000e+00   1.2757882e+12   1.2757882e+12   1.2757882e+12   0.0000000e+00   0.0000000e+00   0.0000000e+00   1.2757882e+12   1.2757882e+12   1.2757882e+12   0.0000000e+00   0.0000000e+00   0.0000000e+00   0.0000000e+00   0.0000000e+00   0.0000000e+00   0.0000000e+00   0.0000000e+00   0.0000000e+00   0.0000000e+00   0.0000000e+00   0.0000000e+00   0.0000000e+00   0.0000000e+00   0.0000000e+00   0.0000000e+00   0.0000000e+00   0.0000000e+00   0.0000000e+00   0.0000000e+00   0.0000000e+00
   1.4332340e+06   1.2049910e+04   1.2608633e+12   1.2608633e+12   1.2608633e+12   0.0000000e+00   0.0000000e+00   0.0000000e+00   1.2608633e+12   1.2608633e+12   1.2608633e+12   0.0000000e+00   0.0000000e+00   0.0000000e+00   1.2608633e+12   1.2608633e+12   1.2608633e+12   0.0000000e+00   0.0000000e+00   0.0000000e+00   0.0000000e+00   0.0000000e+00   0.0000000e+00  -3.2552083e-05   0.0000000e+00   0.0000000e+00   0.0000000e+00   0.0000000e+00   0.0000000e+00   0.0000000e+00  -3.2552083e-05   0.0000000e+00   0.0000000e+00   0.0000000e+00   0.0000000e+00   0.0000000e+00   0.0000000e+00  -3.2552083e-05
   1.5038120e+06   1.2007540e+04   1.2456051e+12   1.2456051e+12   1.2456051e+12   0.0000000e+00   0.0000000e+00   0.0000000e+00   1.2456051e+12   1.2456051e+12   1.2456051e+12   0.0000000e+00   0.0000000e+00   0.0000000e+00   1.2456051e+12   1.2456051e+12   1.2456051e+12   0.0000000e+00   0.0000000e+00   0.0000000e+00   0.0000000e+00   0.0000000e+00   0.0000000e+00   0.0000000e+00   0.0000000e+00   0.0000000e+00   0.0000000e+00   0.0000000e+00   0.0000000e+00   0.0000000e+00   0.0000000e+00   0.0000000e+00   0.0000000e+00   0.0000000e+00   0.0000000e+00   0.0000000e+00   0.0000000e+00   0.0000000e+00
   1.5743910e+06   1.1963320e+04   1.2299934e+12   1.2299934e+12   1.2299934e+12   0.0000000e+00   0.0000000e+00   0.0000000e+00   1.2299934e+12   1.2299934e+12   1.2299934e+12   0.0000000e+00   0.0000000e+00   0.0000000e+00   1.2299934e+12   1.2299934e+12   1.2299934e+12   0.0000000e+00   0.0000000e+00   0.0000000e+00   0.0000000e+00   0.0000000e+00   0.0000000e+00  -3.2552083e-05   0.0000000e+00   0.0000000e+00   0.0000000e+00   0.0000000e+00   0.0000000e+00   0.0000000e+00  -3.2552083e-05   0.0000000e+00   0.0000000e+00   0.0000000e+00   0.0000000e+00   0.0000000e+00   0.0000000e+00  -3.2552083e-05
   1.6449690e+06   1.1917200e+04   1.2140083e+12   1.2140083e+12   1.2140083e+12   0.0000000e+00   0.0000000e+00   0.0000000e+00   1.2140083e+12   1.2140083e+12   1.2140083e+12   0.0000000e+00   0.0000000e+00   0.0000000e+00   1.2140083e+12   1.2140083e+12   1.2140083e+12   0.0000000e+00   0.0000000e+00   0.0000000e+00   0.0000000e+00   0.0000000e+00   0.0000000e+00   3.2552083e-05   0.0000000e+00   0.0000000e+00   0.0000000e+00   0.0000000e+00   0.0000000e+00   0.0000000e+00   3.2552083e-05   0.0000000e+00   0.0000000e+00   0.0000000e+00   0.0000000e+00   0.0000000e+00   0.0000000e+00   3.2552083e-05
   1.7155470e+06   1.1869140e+04   1.1976322e+12   1.1976322e+12   1.1976322e+12   0.0000000e+00   0.0000000e+00   0.0000000e+00   1.1976322e+12   1.1976322e+12   1.1976322e+12   0.0000000e+00   0.0000000e+00   0.0000000e+00   1.1976322e+12   1.1976322e+12   1.1976322e+12   0.0000000e+00   0.0000000e+00   0.0000000e+00   0.0000000e+00   0.0000000e+00   0.0000000e+00  -3.2552083e-05   0.0000000e+00   0.0000000e+00   0.0000000e+00   0.0000000e+00   0.0000000e+00   0.0000000e+00  -3.2552083e-05   0.0000000e+00   0.0000000e+00   0.0000000e+00   0.0000000e+00   0.0000000e+00   0.0000000e+00  -3.2552083e-05
   1.7861250e+06   1.1819080e+04   1.1808469e+12   1.1808469e+12   1.1808469e+12   0.0000000e+00   0.0000000e+00   0.0000000e+00   1.1808469e+12   1.1808469e+12   1.1808469e+12   0.0000000e+00   0.0000000e+00   0.0000000e+00   1.1808469e+12   1.1808469e+12   1.1808469e+12   0.0000000e+00   0.0000000e+00   0.0000000e+00   0.0000000e+00   0.0000000e+00   0.0000000e+00  -3.2552083e-05   0.0000000e+00   0.0000000e+00   0.0000000e+00   0.0000000e+00   0.0000000e+00   0.0000000e+00  -3.2552083e-05   0.0000000e+00   0.0000000e+00   0.0000000e+00   0.0000000e+00   0.0000000e+00   0.0000000e+00  -3.2552083e-05
   1.8567030e+06   1.1766990e+04   1.1636364e+12   1.1636364e+12   1.1636364e+12   0.0000000e+00   0.0000000e+00   0.0000000e+00   1.1636364e+12   1.1636364e+12   1.1636364e+12   0.0000000e+00   0.0000000e+00   0.0000000e+00   1.1636364e+12   1.1636364e+12   1.1636364e+12   0.0000000e+00   0.0000000e+00   0.0000000e+00   0.0000000e+00   0.0000000e+00   0.0000000e+00   0.0000000e+00   0.0000000e+00   0.0000000e+00   0.0000000e+00   0.0000000e+00   0.0000000e+00   0.0000000e+00   0.0000000e+00   0.0000000e+00   0.0000000e+00   0.0000000e+00   0.0000000e+00   0.0000000e+00   0.0000000e+00   0.0000000e+00
   1.9272810e+06   1.1712820e+04   1.1459868e+12   1.1459868e+12   1.1459868e+12   0.0000000e+00   0.0000000e+00   0.0000000e+00   1.1459868e+12   1.1459868e+12   1.1459868e+12   0.0000000e+00   0.0000000e+00   0.0000000e+00   1.1459868e+12   1.1459868e+12   1.1459868e+12   0.0000000e+00   0.0000000e+00   0.0000000e+00   0.0000000e+00   0.0000000e+00   0.0000000e+00  -3.2552083e-05   0.0000000e+00   0.0000000e+00   0.0000000e+00   0.0000000e+00   0.0000000e+00   0.0000000e+00  -3.2552083e-05   0.0000000e+00   0.0000000e+00   0.0000000e+00   0.0000000e+00   0.0000000e+00   0.0000000e+00  -3.2552083e-05
   1.9978590e+06   1.1656520e+04   1.1278904e+12   1.1278904e+12   1.1278904e+12   0.0000000e+00   0.0000000e+00   0.0000000e+00   1.1278904e+12   1.1278904e+12   1.1278904e+12   0.0000000e+00   0.0000000e+00   0.0000000e+00   1.1278904e+12   1.1278904e+12   1.1278904e+12   0.0000000e+00   0.0000000e+00   0.0000000e+00   0.0000000e+00   0.0000000e+00   0.0000000e+00   0.0000000e+00   0.0000000e+00   0.0000000e+00   0.0000000e+00   0.0000000e+00   0.0000000e+00   0.0000000e+00   0.0000000e+00   0.0000000e+00   0.0000000e+00   0.0000000e+00   0.0000000e+00   0.0000000e+00   0.0000000e+00   0.0000000e+00
   2.0684380e+06   1.1598050e+04   1.1093304e+12   1.1093304e+12   1.1093304e+12   0.0000000e+00   0.0000000e+00   0.0000000e+00   1.1093304e+12   1.1093304e+12   1.1093304e+12   0.0000000e+00   0.0000000e+00   0.0000000e+00   1.1093304e+12   1.1093304e+12   1.1093304e+12   0.0000000e+00   0.0000000e+00   0.0000000e+00   0.0000000e+00   0.0000000e+00   0.0000000e+00   0.0000000e+00   0.0000000e+00   0.0000000e+00   0.0000000e+00   0.0000000e+00   0.0000000e+00   0.0000000e+00   0.0000000e+00   0.0000000e+00   0.0000000e+00   0.0000000e+00   0.0000000e+00   0.0000000e+00   0.0000000e+00   0.0000000e+00
   2.1390160e+06   1.1537370e+04   1.0903059e+12   1.0903059e+12   1.0903059e+12   0.0000000e+00   0.0000000e+00   0.0000000e+00   1.0903059e+12   1.0903059e+12   1.0903059e+12   0.0000000e+00   0.0000000e+00   0.0000000e+00   1.0903059e+12   1.0903059e+12   1.0903059e+12   0.0000000e+00   0.0000000e+00   0.0000000e+00   0.0000000e+00   0.0000000e+00   0.0000000e+00  -1.6276042e-05   0.0000000e+00   0.0000000e+00   0.0000000e+00   0.0000000e+00   0.0000000e+00   0.0000000e+00  -1.6276042e-05   0.0000000e+00   0.0000000e+00   0.0000000e+00   0.0000000e+00   0.0000000e+00   0.0000000e+00  -1.6276042e-05
   2.2095940e+06   1.1474420e+04   1.0708022e+12   1.0708022e+12   1.0708022e+12   0.0000000e+00   0.0000000e+00   0.0000000e+00   1.0708022e+12   1.0708022e+12   1.0708022e+12   0.0000000e+00   0.0000000e+00   0.0000000e+00   1.0708022e+12   1.0708022e+12   1.0708022e+12   0.0000000e+00   0.0000000e+00   0.0000000e+00   0.0000000e+00   0.0000000e+00   0.0000000e+00   1.6276042e-05   0.0000000e+00   0.0000000e+00   0.0000000e+00   0.0000000e+00   0.0000000e+00   0.0000000e+00   1.6276042e-05   0.0000000e+00   0.0000000e+00   0.0000000e+00   0.0000000e+00   0.0000000e+00   0.0000000e+00   1.6276042e-05
   2.2801720e+06   1.1409170e+04   1.0508208e+12   1.0508208e+12   1.0508208e+12   0.0000000e+00   0.0000000e+00   0.0000000e+00   1.0508208e+12   1.0508208e+12   1.0508208e+12   0.0000000e+00   0.0000000e+00   0.0000000e+00   1.0508208e+12   1.0508208e+12   1.0508208e+12   0.0000000e+00   0.0000000e+00   0.0000000e+00   0.0000000e+00   0.0000000e+00   0.0000000e+00   0.0000000e+00   0.0000000e+00   0.0000000e+00   0.0000000e+00   0.0000000e+00   0.0000000e+00   0.0000000e+00   0.0000000e+00   0.0000000e+00   0.0000000e+00   0.0000000e+00   0.0000000e+00   0.0000000e+00   0.0000000e+00   0.0000000e+00
   2.3507500e+06   1.1341570e+04   1.0303564e+12   1.0303564e+12   1.0303564e+12   0.0000000e+00   0.0000000e+00   0.0000000e+00   1.0303564e+12   1.0303564e+12   1.0303564e+12   0.0000000e+00   0.0000000e+00   0.0000000e+00   1.0303564e+12   1.0303564e+12   1.0303564e+12   0.0000000e+00   0.0000000e+00   0.0000000e+00   0.0000000e+00   0.0000000e+00   0.0000000e+00   0.0000000e+00   0.0000000e+00   0.0000000e+00   0.0000000e+00   0.0000000e+00   0.0000000e+00   0.0000000e+00   0.0000000e+00   0.0000000e+00   0.0000000e+00   0.0000000e+00   0.0000000e+00   0.0000000e+00   0.0000000e+00   0.0000000e+00
   2.4213280e+06   1.1271580e+04   1.0094092e+12   1.0094092e+12   1.0094092e+12   0.0000000e+00   0.0000000e+00   0.0000000e+00   1.0094092e+12   1.0094092e+12   1.0094092e+12   0.0000000e+00   0.0000000e+00   0.0000000e+00   1.0094092e+12   1.0094092e+12   1.0094092e+12   0.0000000e+00   0.0000000e+00   0.0000000e+00   0.0000000e+00   0.0000000e+00   0.0000000e+00   1.6276042e-05   0.0000000e+00   0.0000000e+00   0.0000000e+00   0.0000000e+00   0.0000000e+00   0.0000000e+00   1.6276042e-05   0.0000000e+00   0.0000000e+00   0.0000000e+00   0.0000000e+00   0.0000000e+00   0.0000000e+00   1.6276042e-05
   2.4919060e+06   1.1199140e+04   9.8797756e+11   9.8797756e+11   9.8797756e+11   0.0000000e+00   0.0000000e+00   0.0000000e+00   9.8797756e+11   9.8797756e+11   9.8797756e+11   0.0000000e+00   0.0000000e+00   0.0000000e+00   9.8797756e+11   9.8797756e+11   9.8797756e+11   0.0000000e+00   0.0000000e+00   0.0000000e+00   0.0000000e+00   0.0000000e+00   0.0000000e+00   0.0000000e+00   0.0000000e+00   0.0000000e+00   0.0000000e+00   0.0000000e+00   0.0000000e+00   0.0000000e+00   0.0000000e+00   0.0000000e+00   0.0000000e+00   0.0000000e+00   0.0000000e+00   0.0000000e+00   0.0000000e+00   0.0000000e+00
   2.5624840e+06   1.1124210e+04   9.6607031e+11   9.6607031e+11   9.6607031e+11   0.0000000e+00   0.0000000e+00   0.0000000e+00   9.6607031e+11   9.6607031e+11   9.6607031e+11   0.0000000e+00   0.0000000e+00   0.0000000e+00   9.6607031e+11   9.6607031e+11   9.6607031e+11   0.0000000e+00   0.0000000e+00   0.0000000e+00   0.0000000e+00   0.0000000e+00   0.0000000e+00   0.0000000e+00   0.0000000e+00   0.0000000e+00   0.0000000e+00   0.0000000e+00   0.0000000e+00   0.0000000e+00   0.0000000e+00   0.0000000e+00   0.0000000e+00   0.0000000e+00   0.0000000e+00   0.0000000e+00   0.0000000e+00   0.0000000e+00
   2.6330620e+06   1.1046760e+04   9.4369304e+11   9.4369304e+11   9.4369304e+11   0.0000000e+00   0.0000000e+00   0.0000000e+00   9.4369304e+11   9.4369304e+11   9.4369304e+11   0.0000000e+00   0.0000000e+00   0.0000000e+00   9.4369304e+11   9.4369304e+11   9.4369304e+11   0.0000000e+00   0.0000000e+00   0.0000000e+00   0.0000000e+00   0.0000000e+00   0.0000000e+00   1.6276042e-05   0.0000000e+00   0.0000000e+00   0.0000000e+00   0.0000000e+00   0.0000000e+00   0.0000000e+00   1.6276042e-05   0.0000000e+00   0.0000000e+00   0.0000000e+00   0.0000000e+00   0.0000000e+00   0.0000000e+00   1.6276042e-05
   2.7036410e+06   1.0966730e+04   9.2085328e+11   9.2085328e+11   9.2085328e+11   0.0000000e+00   0.0000000e+00   0.0000000e+00   9.2085328e+11   9.2085328e+11   9.2085328e+11   0.0000000e+00   0.0000000e+00   0.0000000e+00   9.2085328e+11   9.2085328e+11   9.2085328e+11   0.0000000e+00   0.0000000e+00   0.0000000e+00   0.0000000e+00   0.0000000e+00   0.0000000e+00   0.0000000e+00   0.0000000e+00   0.0000000e+00   0.0000000e+00   0.0000000e+00   0.0000000e+00   0.0000000e+00   0.0000000e+00   0.0000000e+00   0.0000000e+00   0.0000000e+00   0.0000000e+00   0.0000000e+00   0.0000000e+00   0.0000000e+00
   2.7742190e+06   1.0884070e+04   8.9755994e+11   8.9755994e+11   8.9755994e+11   0.0000000e+00   0.0000000e+00   0.0000000e+00   8.9755994e+11   8.9755994e+11   8.9755994e+11   0.0000000e+00   0.0000000e+00   0.0000000e+00   8.9755994e+11   8.9755994e+11   8.9755994e+11   0.0000000e+00   0.0000000e+00   0.0000000e+00   0.0000000e+00   0.0000000e+00   0.0000000e+00  -1.6276042e-05   0.0000000e+00   0.0000000e+00   0.0000000e+00   0.0000000e+00   0.0000000e+00   0.0000000e+00  -1.6276042e-05   0.0000000e+00   0.0000000e+00   0.0000000e+00   0.0000000e+00   0.0000000e+00   0.0000000e+00  -1.6276042e-05
   2.8447970e+06   1.0798750e+04   8.7383010e+11   8.7383010e+11   8.7383010e+11   0.0000000e+00   0.0000000e+00   0.0000000e+00   8.7383010e+11   8.7383010e+11   8.7383010e+11   0.0000000e+00   0.0000000e+00   0.0000000e+00   8.7383010e+11   8.7383010e+11   8.7383010e+11   0.0000000e+00   0.0000000e+00   0.0000000e+00   0.0000000e+00   0.0000000e+00   0.0000000e+00  -1.6276042e-05   0.0000000e+00   0.0000000e+00   0.0000000e+00   0.0000000e+00   0.0000000e+00   0.0000000e+00  -1.6276042e-05   0.0000000e+00   0.0000000e+00   0.0000000e+00   0.0000000e+00   0.0000000e+00   0.0000000e+00  -1.6276042e-05
   2.9153750e+06   1.0710720e+04   8.4967970e+11   8.4967970e+11   8.4967970e+11   0.0000000e+00   0.0000000e+00   0.0000000e+00   8.4967970e+11   8.4967970e+11   8.4967970e+11   0.0000000e+00   0.0000000e+00   0.0000000e+00   8.4967970e+11   8.4967970e+11   8.4967970e+11   0.0000000e+00   0.0000000e+00   0.0000000e+00   0.0000000e+00   0.0000000e+00   0.0000000e+00  -1.6276042e-05   0.0000000e+00   0.0000000e+00   0.0000000e+00   0.0000000e+00   0.0000000e+00   0.0000000e+00  -1.6276042e-05   0.0000000e+00   0.0000000e+00   0.0000000e+00   0.0000000e+00   0.0000000e+00   0.0000000e+00  -1.6276042e-05
   2.9859530e+06   1.0619930e+04   8.2512543e+11   8.2512543e+11   8.2512543e+11   0.0000000e+00   0.0000000e+00   0.0000000e+00   8.2512543e+11   8.2512543e+11   8.2512543e+11   0.0000000e+00   0.0000000e+00   0.0000000e+00   8.2512543e+11   8.2512543e+11   8.2512543e+11   0.0000000e+00   0.0000000e+00   0.0000000e+00   0.0000000e+00   0.0000000e+00   0.0000000e+00  -1.6276042e-05   0.0000000e+00   0.0000000e+00   0.0000000e+00   0.0000000e+00   0.0000000e+00   0.0000000e+00  -1.6276042e-05   0.0000000e+00   0.0000000e+00   0.0000000e+00   0.0000000e+00   0.0000000e+00   0.0000000e+00  -1.6276042e-05
   3.0565310e+06   1.0526340e+04   8.0019128e+11   8.0019128e+11   8.0019128e+11   0.0000000e+00   0.0000000e+00   0.0000000e+00   8.0019128e+11   8.0019128e+11   8.0019128e+11   0.0000000e+00   0.0000000e+00   0.0000000e+00   8.0019128e+11   8.0019128e+11   8.0019128e+11   0.0000000e+00   0.0000000e+00   0.0000000e+00   0.0000000e+00   0.0000000e+00   0.0000000e+00   1.6276042e-05   0.0000000e+00   0.0000000e+00   0.0000000e+00   0.0000000e+00   0.0000000e+00   0.0000000e+00   1.6276042e-05   0.0000000e+00   0.0000000e+00   0.0000000e+00   0.0000000e+00   0.0000000e+00   0.0000000e+00   1.6276042e-05
   3.1271090e+06   1.0429910e+04   7.7490010e+11   7.7490010e+11   7.7490010e+11   0.0000000e+00   0.0000000e+00   0.0000000e+00   7.7490010e+11   7.7490010e+11   7.7490010e+11   0.0000000e+00   0.0000000e+00   0.0000000e+00   7.7490010e+11   7.7490010e+11   7.7490010e+11   0.0000000e+00   0.0000000e+00   0.0000000e+00   0.0000000e+00   0.0000000e+00   0.0000000e+00   0.0000000e+00   0.0000000e+00   0.0000000e+00   0.0000000e+00   0.0000000e+00   0.0000000e+00   0.0000000e+00   0.0000000e+00   0.0000000e+00   0.0000000e+00   0.0000000e+00   0.0000000e+00   0.0000000e+00   0.0000000e+00   0.0000000e+00
   3.1976880e+06   1.0330580e+04   7.4927791e+11   7.4927791e+11   7.4927791e+11   0.0000000e+00   0.0000000e+00   0.0000000e+00   7.4927791e+11   7.4927791e+11   7.4927791e+11   0.0000000e+00   0.0000000e+00   0.0000000e+00   7.4927791e+11   7.4927791e+11   7.4927791e+11   0.0000000e+00   0.0000000e+00   0.0000000e+00   0.0000000e+00   0.0000000e+00   0.0000000e+00   1.6276042e-05   0.0000000e+00   0.0000000e+00   0.0000000e+00   0.0000000e+00   0.0000000e+00   0.0000000e+00   1.6276042e-05   0.0000000e+00   0.0000000e+00   0.0000000e+00   0.0000000e+00   0.0000000e+00   0.0000000e+00   1.6276042e-05
   3.2682660e+06   1.0228310e+04   7.2335668e+11   7.2335668e+11   7.2335668e+11   0.0000000e+00   0.0000000e+00   0.0000000e+00   7.2335668e+11   7.2335668e+11   7.2335668e+11   0.0000000e+00   0.0000000e+00   0.0000000e+00   7.2335668e+11   7.2335668e+11   7.2335668e+11   0.0000000e+00   0.0000000e+00   0.0000000e+00   0.0000000e+00   0.0000000e+00   0.0000000e+00   0.0000000e+00   0.0000000e+00   0.0000000e+00   0.0000000e+00   0.0000000e+00   0.0000000e+00   0.0000000e+00   0.0000000e+00   0.0000000e+00   0.0000000e+00   0.0000000e+00   0.0000000e+00   0.0000000e+00   0.0000000e+00   0.0000000e+00
   3.3388440e+06   1.0123060e+04   6.9716589e+11   6.9716589e+11   6.9716589e+11   0.0000000e+00   0.0000000e+00   0.0000000e+00   6.9716589e+11   6.9716589e+11   6.9716589e+11   0.0000000e+00   0.0000000e+00   0.0000000e+00   6.9716589e+11   6.9716589e+11   6.9716589e+11   0.0000000e+00   0.0000000e+00   0.0000000e+00   0.0000000e+00   0.0000000e+00   0.0000000e+00   0.0000000e+00   0.0000000e+00   0.0000000e+00   0.0000000e+00   0.0000000e+00   0.0000000e+00   0.0000000e+00   0.0000000e+00   0.0000000e+00   0.0000000e+00   0.0000000e+00   0.0000000e+00   0.0000000e+00   0.0000000e+00   0.0000000e+00
   3.4094220e+06   1.0014790e+04   6.7074457e+11   6.7074457e+11   6.7074457e+11   0.0000000e+00   0.0000000e+00   0.0000000e+00   6.7074457e+11   6.7074457e+11   6.7074457e+11   0.0000000e+00   0.0000000e+00   0.0000000e+00   6.7074457e+11   6.7074457e+11   6.7074457e+11   0.0000000e+00   0.0000000e+00   0.0000000e+00   0.0000000e+00   0.0000000e+00   0.0000000e+00  -1.6276042e-05   0.0000000e+00   0.0000000e+00   0.0000000e+00   0.0000000e+00   0.0000000e+00   0.0000000e+00  -1.6276042e-05   0.0000000e+00   0.0000000e+00   0.0000000e+00   0.0000000e+00   0.0000000e+00   0.0000000e+00  -1.6276042e-05
   3.4800000e+06   9.9034400e+03   6.4412803e+11   6.4412803e+11   6.4412803e+11   0.0000000e+00   0.0000000e+00   0.0000000e+00   6.4412803e+11   6.4412803e+11   6.4412803e+11   0.0000000e+00   0.0000000e+00   0.0000000e+00   6.4412803e+11   6.4412803e+11   6.4412803e+11   0.0000000e+00   0.0000000e+00   0.0000000e+00   0.0000000e+00   0.0000000e+00   0.0000000e+00   0.0000000e+00   0.0000000e+00   0.0000000e+00   0.0000000e+00   0.0000000e+00   0.0000000e+00   0.0000000e+00   0.0000000e+00   0.0000000e+00   0.0000000e+00   0.0000000e+00   0.0000000e+00   0.0000000e+00   0.0000000e+00   0.0000000e+00
   3.4800000e+06   5.5664600e+03   1.0473053e+12   4.5976391e+11   4.5976391e+11   0.0000000e+00   0.0000000e+00   0.0000000e+00   4.5976391e+11   1.0473053e+12   4.5976391e+11   0.0000000e+00   0.0000000e+00   0.0000000e+00   4.5976391e+11   4.5976391e+11   1.0473053e+12   0.0000000e+00   0.0000000e+00   0.0000000e+00   0.0000000e+00   0.0000000e+00   0.0000000e+00   2.9377070e+11   0.0000000e+00   0.0000000e+00   0.0000000e+00   0.0000000e+00   0.0000000e+00   0.0000000e+00   2.9377070e+11   0.0000000e+00   0.0000000e+00   0.0000000e+00   0.0000000e+00   0.0000000e+00   0.0000000e+00   2.9377070e+11
   3.5175000e+06   5.5476700e+03   1.0423749e+12   4.5675556e+11   4.5675556e+11   0.0000000e+00   0.0000000e+00   0.0000000e+00   4.5675556e+11   1.0423749e+12   4.5675556e+11   0.0000000e+00   0.0000000e+00   0.0000000e+00   4.5675556e+11   4.5675556e+11   1.0423749e+12   0.0000000e+00   0.0000000e+00   0.0000000e+00   0.0000000e+00   0.0000000e+00   0.0000000e+00   2.9280969e+11   0.0000000e+00   0.0000000e+00   0.0000000e+00   0.0000000e+00   0.0000000e+00   0.0000000e+00   2.9280969e+11   0.0000000e+00   0.0000000e+00   0.0000000e+00   0.0000000e+00   0.0000000e+00   0.0000000e+00   2.9280969e+11
   3.5550000e+06   5.5289100e+03   1.0374727e+12   4.5377901e+11   4.5377901e+11   0.0000000e+00   0.0000000e+00   0.0000000e+00   4.5377901e+11   1.0374727e+12   4.5377901e+11   0.0000000e+00   0.0000000e+00   0.0000000e+00   4.5377901e+11   4.5377901e+11   1.0374727e+12   0.0000000e+00   0.0000000e+00   0.0000000e+00   0.0000000e+00   0.0000000e+00   0.0000000e+00   2.9184684e+11   0.0000000e+00   0.0000000e+00   0.0000000e+00   0.0000000e+00   0.0000000e+00   0.0000000e+00   2.9184684e+11   0.0000000e+00   0.0000000e+00   0.0000000e+00   0.0000000e+00   0.0000000e+00   0.0000000e+00   2.9184684e+11
   3.5925000e+06   5.5101800e+03   1.0325999e+12   4.5083232e+11   4.5083232e+11   0.0000000e+00   0.0000000e+00   0.0000000e+00   4.5083232e+11   1.0325999e+12   4.5083232e+11   0.0000000e+00   0.0000000e+00   0.0000000e+00   4.5083232e+11   4.5083232e+11   1.0325999e+12   0.0000000e+00   0.0000000e+00   0.0000000e+00   0.0000000e+00   0.0000000e+00   0.0000000e+00   2.9088379e+11   0.0000000e+00   0.0000000e+00   0.0000000e+00   0.0000000e+00   0.0000000e+00   0.0000000e+00   2.9088379e+11   0.0000000e+00   0.0000000e+00   0.0000000e+00   0.0000000e+00   0.0000000e+00   0.0000000e+00   2.9088379e+11
   3.6300000e+06   5.4914800e+03   1.0277549e+12   4.4791695e+11   4.4791695e+11   0.0000000e+00   0.0000000e+00   0.0000000e+00   4.4791695e+11   1.0277549e+12   4.4791695e+11   0.0000000e+00   0.0000000e+00   0.0000000e+00   4.4791695e+11   4.4791695e+11   1.0277549e+12   0.0000000e+00   0.0000000e+00   0.0000000e+00   0.0000000e+00   0.0000000e+00   0.0000000e+00   2.8991895e+11   0.0000000e+00   0.0000000e+00   0.0000000e+00   0.0000000e+00   0.0000000e+00   0.0000000e+00   2.8991895e+11   0.0000000e+00   0.0000000e+00   0.0000000e+00   0.0000000e+00   0.0000000e+00   0.0000000e+00   2.8991895e+11
   3.6300000e+06   5.4914800e+03   1.0277519e+12   4.4792033e+11   4.4792033e+11   0.0000000e+00   0.0000000e+00   0.0000000e+00   4.4792033e+11   1.0277519e+12   4.4792033e+11   0.0000000e+00   0.0000000e+00   0.0000000e+00   4.4792033e+11   4.4792033e+11   1.0277519e+12   0.0000000e+00   0.0000000e+00   0.0000000e+00   0.0000000e+00   0.0000000e+00   0.0000000e+00   2.8991576e+11   0.0000000e+00   0.0000000e+00   0.0000000e+00   0.0000000e+00   0.0000000e+00   0.0000000e+00   2.8991576e+11   0.0000000e+00   0.0000000e+00   0.0000000e+00   0.0000000e+00   0.0000000e+00   0.0000000e+00   2.8991576e+11
   3.6664820e+06   5.4732900e+03   1.0177436e+12   4.4248618e+11   4.4248618e+11   0.0000000e+00   0.0000000e+00   0.0000000e+00   4.4248618e+11   1.0177436e+12   4.4248618e+11   0.0000000e+00   0.0000000e+00   0.0000000e+00   4.4248618e+11   4.4248618e+11   1.0177436e+12   0.0000000e+00   0.0000000e+00   0.0000000e+00   0.0000000e+00   0.0000000e+00   0.0000000e+00   2.8762870e+11   0.0000000e+00   0.0000000e+00   0.0000000e+00   0.0000000e+00   0.0000000e+00   0.0000000e+00   2.8762870e+11   0.0000000e+00   0.0000000e+00   0.0000000e+00   0.0000000e+00   0.0000000e+00   0.0000000e+00   2.8762870e+11
   3.7029630e+06   5.4551300e+03   1.0078594e+12   4.3713349e+11   4.3713349e+11   0.0000000e+00   0.0000000e+00   0.0000000e+00   4.3713349e+11   1.0078594e+12   4.3713349e+11   0.0000000e+00   0.0000000e+00   0.0000000e+00   4.3713349e+11   4.3713349e+11   1.0078594e+12   0.0000000e+00   0.0000000e+00   0.0000000e+00   0.0000000e+00   0.0000000e+00   0.0000000e+00   2.8536296e+11   0.0000000e+00   0.0000000e+00   0.0000000e+00   0.0000000e+00   0.0000000e+00   0.0000000e+00   2.8536296e+11   0.0000000e+00   0.0000000e+00   0.0000000e+00   0.0000000e+00   0.0000000e+00   0.0000000e+00   2.8536296e+11
   3.7394440e+06   5.4369700e+03   9.9808805e+11   4.3185603e+11   4.3185603e+11   0.0000000e+00   0.0000000e+00   0.0000000e+00   4.3185603e+11   9.9808805e+11   4.3185603e+11   0.0000000e+00   0.0000000e+00   0.0000000e+00   4.3185603e+11   4.3185603e+11   9.9808805e+11   0.0000000e+00   0.0000000e+00   0.0000000e+00   0.0000000e+00   0.0000000e+00   0.0000000e+00   2.8311601e+11   0.0000000e+00   0.0000000e+00   0.0000000e+00   0.0000000e+00   0.0000000e+00   0.0000000e+00   2.8311601e+11   0.0000000e+00   0.0000000e+00   0.0000000e+00   0.0000000e+00   0.0000000e+00   0.0000000e+00   2.8311601e+11
   3.7759260e+06   5.4188200e+03   9.8842579e+11   4.2665247e+11   4.2665247e+11   0.0000000e+00   0.0000000e+00   0.0000000e+00   4.2665247e+11   9.8842579e+11   4.2665247e+11   0.0000000e+00   0.0000000e+00   0.0000000e+00   4.2665247e+11   4.2665247e+11   9.8842579e+11   0.0000000e+00   0.0000000e+00   0.0000000e+00   0.0000000e+00   0.0000000e+00   0.0000000e+00   2.8088666e+11   0.0000000e+00   0.0000000e+00   0.0000000e+00   0.0000000e+00   0.0000000e+00   0.0000000e+00   2.8088666e+11   0.0000000e+00   0.0000000e+00   0.0000000e+00   0.0000000e+00   0.0000000e+00   0.0000000e+00   2.8088666e+11
   3.8124070e+06   5.4006700e+03   9.7886533e+11   4.2151836e+11   4.2151836e+11   0.0000000e+00   0.0000000e+00   0.0000000e+00   4.2151836e+11   9.7886533e+11   4.2151836e+11   0.0000000e+00   0.0000000e+00   0.0000000e+00   4.2151836e+11   4.2151836e+11   9.7886533e+11   0.0000000e+00   0.0000000e+00   0.0000000e+00   0.0000000e+00   0.0000000e+00   0.0000000e+00   2.7867349e+11   0.0000000e+00   0.0000000e+00   0.0000000e+00   0.0000000e+00   0.0000000e+00   0.0000000e+00   2.7867349e+11   0.0000000e+00   0.0000000e+00   0.0000000e+00   0.0000000e+00   0.0000000e+00   0.0000000e+00   2.7867349e+11
   3.8488890e+06   5.3825200e+03   9.6939992e+11   4.1644716e+11   4.1644716e+11   0.0000000e+00   0.0000000e+00   0.0000000e+00   4.1644716e+11   9.6939992e+11   4.1644716e+11   0.0000000e+00   0.0000000e+00   0.0000000e+00   4.1644716e+11   4.1644716e+11   9.6939992e+11   0.0000000e+00   0.0000000e+00   0.0000000e+00   0.0000000e+00   0.0000000e+00   0.0000000e+00   2.7647638e+11   0.0000000e+00   0.0000000e+00   0.0000000e+00   0.0000000e+00   0.0000000e+00   0.0000000e+00   2.7647638e+11   0.0000000e+00   0.0000000e+00   0.0000000e+00   0.0000000e+00   0.0000000e+00   0.0000000e+00   2.7647638e+11
   3.8853700e+06   5.3643700e+03   9.6002729e+11   4.1143988e+11   4.1143988e+11   0.0000000e+00   0.0000000e+00   0.0000000e+00   4.1143988e+11   9.6002729e+11   4.1143988e+11   0.0000000e+00   0.0000000e+00   0.0000000e+00   4.1143988e+11   4.1143988e+11   9.6002729e+11   0.0000000e+00   0.0000000e+00   0.0000000e+00   0.0000000e+00   0.0000000e+00   0.0000000e+00   2.7429371e+11   0.0000000e+00   0.0000000e+00   0.0000000e+00   0.0000000e+00   0.0000000e+00   0.0000000e+00   2.7429371e+11   0.0000000e+00   0.0000000e+00   0.0000000e+00   0.0000000e+00   0.0000000e+00   0.0000000e+00   2.7429371e+11
   3.9218520e+06   5.3462100e+03   9.5073912e+11   4.0649244e+11   4.0649244e+11   0.0000000e+00   0.0000000e+00   0.0000000e+00   4.0649244e+11   9.5073912e+11   4.0649244e+11   0.0000000e+00   0.0000000e+00   0.0000000e+00   4.0649244e+11   4.0649244e+11   9.5073912e+11   0.0000000e+00   0.0000000e+00   0.0000000e+00   0.0000000e+00   0.0000000e+00   0.0000000e+00   2.7212334e+11   0.0000000e+00   0.0000000e+00   0.0000000e+00   0.0000000e+00   0.0000000e+00   0.0000000e+00   2.7212334e+11   0.0000000e+00   0.0000000e+00   0.0000000e+00   0.0000000e+00   0.0000000e+00   0.0000000e+00   2.7212334e+11
   3.9583330e+06   5.3280400e+03   9.4153050e+11   4.0159851e+11   4.0159851e+11   0.0000000e+00   0.0000000e+00   0.0000000e+00   4.0159851e+11   9.4153050e+11   4.0159851e+11   0.0000000e+00   0.0000000e+00   0.0000000e+00   4.0159851e+11   4.0159851e+11   9.4153050e+11   0.0000000e+00   0.0000000e+00   0.0000000e+00   0.0000000e+00   0.0000000e+00   0.0000000e+00   2.6996600e+11   0.0000000e+00   0.0000000e+00   0.0000000e+00   0.0000000e+00   0.0000000e+00   0.0000000e+00   2.6996600e+11   0.0000000e+00   0.0000000e+00   0.0000000e+00   0.0000000e+00   0.0000000e+00   0.0000000e+00   2.6996600e+11
   3.9948150e+06   5.3098500e+03   9.3239347e+11   3.9675275e+11   3.9675275e+11   0.0000000e+00   0.0000000e+00   0.0000000e+00   3.9675275e+11   9.3239347e+11   3.9675275e+11   0.0000000e+00   0.0000000e+00   0.0000000e+00   3.9675275e+11   3.9675275e+11   9.3239347e+11   0.0000000e+00   0.0000000e+00   0.0000000e+00   0.0000000e+00   0.0000000e+00   0.0000000e+00   2.6782036e+11   0.0000000e+00   0.0000000e+00   0.0000000e+00   0.0000000e+00   0.0000000e+00   0.0000000e+00   2.6782036e+11   0.0000000e+00   0.0000000e+00   0.0000000e+00   0.0000000e+00   0.0000000e+00   0.0000000e+00   2.6782036e+11
   4.0312960e+06   5.2916500e+03   9.2332794e+11   3.9195867e+11   3.9195867e+11   0.0000000e+00   0.0000000e+00   0.0000000e+00   3.9195867e+11   9.2332794e+11   3.9195867e+11   0.0000000e+00   0.0000000e+00   0.0000000e+00   3.9195867e+11   3.9195867e+11   9.2332794e+11   0.0000000e+00   0.0000000e+00   0.0000000e+00   0.0000000e+00   0.0000000e+00   0.0000000e+00   2.6568464e+11   0.0000000e+00   0.0000000e+00   0.0000000e+00   0.0000000e+00   0.0000000e+00   0.0000000e+00   2.6568464e+11   0.0000000e+00   0.0000000e+00   0.0000000e+00   0.0000000e+00   0.0000000e+00   0.0000000e+00   2.6568464e+11
   4.0677780e+06   5.2734300e+03   9.1432480e+11   3.8720816e+11   3.8720816e+11   0.0000000e+00   0.0000000e+00   0.0000000e+00   3.8720816e+11   9.1432480e+11   3.8720816e+11   0.0000000e+00   0.0000000e+00   0.0000000e+00   3.8720816e+11   3.8720816e+11   9.1432480e+11   0.0000000e+00   0.0000000e+00   0.0000000e+00   0.0000000e+00   0.0000000e+00   0.0000000e+00   2.6355832e+11   0.0000000e+00   0.0000000e+00   0.0000000e+00   0.0000000e+00   0.0000000e+00   0.0000000e+00   2.6355832e+11   0.0000000e+00   0.0000000e+00   0.0000000e+00   0.0000000e+00   0.0000000e+00   0.0000000e+00   2.6355832e+11
   4.1042590e+06   5.2551800e+03   9.0538067e+11   3.8250035e+11   3.8250035e+11   0.0000000e+00   0.0000000e+00   0.0000000e+00   3.8250035e+11   9.0538067e+11   3.8250035e+11   0.0000000e+00   0.0000000e+00   0.0000000e+00   3.8250035e+11   3.8250035e+11   9.0538067e+11   0.0000000e+00   0.0000000e+00   0.0000000e+00   0.0000000e+00   0.0000000e+00   0.0000000e+00   2.6144016e+11   0.0000000e+00   0.0000000e+00   0.0000000e+00   0.0000000e+00   0.0000000e+00   0.0000000e+00   2.6144016e+11   0.0000000e+00   0.0000000e+00   0.0000000e+00   0.0000000e+00   0.0000000e+00   0.0000000e+00   2.6144016e+11
   4.1407410e+06   5.2369100e+03   8.9649023e+11   3.7783032e+11   3.7783032e+11   0.0000000e+00   0.0000000e+00   0.0000000e+00   3.7783032e+11   8.9649023e+11   3.7783032e+11   0.0000000e+00   0.0000000e+00   0.0000000e+00   3.7783032e+11   3.7783032e+11   8.9649023e+11   0.0000000e+00   0.0000000e+00   0.0000000e+00   0.0000000e+00   0.0000000e+00   0.0000000e+00   2.5932995e+11   0.0000000e+00   0.0000000e+00   0.0000000e+00   0.0000000e+00   0.0000000e+00   0.0000000e+00   2.5932995e+11   0.0000000e+00   0.0000000e+00   0.0000000e+00   0.0000000e+00   0.0000000e+00   0.0000000e+00   2.5932995e+11
   4.1772220e+06   5.2186000e+03   8.8764859e+11   3.7319662e+11   3.7319662e+11   0.0000000e+00   0.0000000e+00   0.0000000e+00   3.7319662e+11   8.8764859e+11   3.7319662e+11   0.0000000e+00   0.0000000e+00   0.0000000e+00   3.7319662e+11   3.7319662e+11   8.8764859e+11   0.0000000e+00   0.0000000e+00   0.0000000e+00   0.0000000e+00   0.0000000e+00   0.0000000e+00   2.5722599e+11   0.0000000e+00   0.0000000e+00   0.0000000e+00   0.0000000e+00   0.0000000e+00   0.0000000e+00   2.5722599e+11   0.0000000e+00   0.0000000e+00   0.0000000e+00   0.0000000e+00   0.0000000e+00   0.0000000e+00   2.5722599e+11
   4.2137040e+06   5.2002600e+03   8.7885070e+11   3.6859600e+11   3.6859600e+11   0.0000000e+00   0.0000000e+00   0.0000000e+00   3.6859600e+11   8.7885070e+11   3.6859600e+11   0.0000000e+00   0.0000000e+00   0.0000000e+00   3.6859600e+11   3.6859600e+11   8.7885070e+11   0.0000000e+00   0.0000000e+00   0.0000000e+00   0.0000000e+00   0.0000000e+00   0.0000000e+00   2.5512735e+11   0.0000000e+00   0.0000000e+00   0.0000000e+00   0.0000000e+00   0.0000000e+00   0.0000000e+00   2.5512735e+11   0.0000000e+00   0.0000000e+00   0.0000000e+00   0.0000000e+00   0.0000000e+00   0.0000000e+00   2.5512735e+11
   4.2501850e+06   5.1818800e+03   8.7009362e+11   3.6402493e+11   3.6402493e+11   0.0000000e+00   0.0000000e+00   0.0000000e+00   3.6402493e+11   8.7009362e+11   3.6402493e+11   0.0000000e+00   0.0000000e+00   0.0000000e+00   3.6402493e+11   3.6402493e+11   8.7009362e+11   0.0000000e+00   0.0000000e+00   0.0000000e+00   0.0000000e+00   0.0000000e+00   0.0000000e+00   2.5303434e+11   0.0000000e+00   0.0000000e+00   0.0000000e+00   0.0000000e+00   0.0000000e+00   0.0000000e+00   2.5303434e+11   0.0000000e+00   0.0000000e+00   0.0000000e+00   0.0000000e+00   0.0000000e+00   0.0000000e+00   2.5303434e+11
   4.2866670e+06   5.1634600e+03   8.6137084e+11   3.5948109e+11   3.5948109e+11   0.0000000e+00   0.0000000e+00   0.0000000e+00   3.5948109e+11   8.6137084e+11   3.5948109e+11   0.0000000e+00   0.0000000e+00   0.0000000e+00   3.5948109e+11   3.5948109e+11   8.6137084e+11   0.0000000e+00   0.0000000e+00   0.0000000e+00   0.0000000e+00   0.0000000e+00   0.0000000e+00   2.5094487e+11   0.0000000e+00   0.0000000e+00   0.0000000e+00   0.0000000e+00   0.0000000e+00   0.0000000e+00   2.5094487e+11   0.0000000e+00   0.0000000e+00   0.0000000e+00   0.0000000e+00   0.0000000e+00   0.0000000e+00   2.5094487e+11
   4.3231480e+06   5.1450000e+03   8.5268000e+11   3.5496192e+11   3.5496192e+11   0.0000000e+00   0.0000000e+00   0.0000000e+00   3.5496192e+11   8.5268000e+11   3.5496192e+11   0.0000000e+00   0.0000000e+00   0.0000000e+00   3.5496192e+11   3.5496192e+11   8.5268000e+11   0.0000000e+00   0.0000000e+00   0.0000000e+00   0.0000000e+00   0.0000000e+00   0.0000000e+00   2.4885904e+11   0.0000000e+00   0.0000000e+00   0.0000000e+00   0.0000000e+00   0.0000000e+00   0.0000000e+00   2.4885904e+11   0.0000000e+00   0.0000000e+00   0.0000000e+00   0.0000000e+00   0.0000000e+00   0.0000000e+00   2.4885904e+11
   4.3596300e+06   5.1264800e+03   8.4401552e+11   3.5046641e+11   3.5046641e+11   0.0000000e+00   0.0000000e+00   0.0000000e+00   3.5046641e+11   8.4401552e+11   3.5046641e+11   0.0000000e+00   0.0000000e+00   0.0000000e+00   3.5046641e+11   3.5046641e+11   8.4401552e+11   0.0000000e+00   0.0000000e+00   0.0000000e+00   0.0000000e+00   0.0000000e+00   0.0000000e+00   2.4677456e+11   0.0000000e+00   0.0000000e+00   0.0000000e+00   0.0000000e+00   0.0000000e+00   0.0000000e+00   2.4677456e+11   0.0000000e+00   0.0000000e+00   0.0000000e+00   0.0000000e+00   0.0000000e+00   0.0000000e+00   2.4677456e+11
   4.3961110e+06   5.1079200e+03   8.3537460e+11   3.4598956e+11   3.4598956e+11   0.0000000e+00   0.0000000e+00   0.0000000e+00   3.4598956e+11   8.3537460e+11   3.4598956e+11   0.0000000e+00   0.0000000e+00   0.0000000e+00   3.4598956e+11   3.4598956e+11   8.3537460e+11   0.0000000e+00   0.0000000e+00   0.0000000e+00   0.0000000e+00   0.0000000e+00   0.0000000e+00   2.4469252e+11   0.0000000e+00   0.0000000e+00   0.0000000e+00   0.0000000e+00   0.0000000e+00   0.0000000e+00   2.4469252e+11   0.0000000e+00   0.0000000e+00   0.0000000e+00   0.0000000e+00   0.0000000e+00   0.0000000e+00   2.4469252e+11
   4.4325930e+06   5.0892900e+03   8.2675030e+11   3.4152846e+11   3.4152846e+11   0.0000000e+00   0.0000000e+00   0.0000000e+00   3.4152846e+11   8.2675030e+11   3.4152846e+11   0.0000000e+00   0.0000000e+00   0.0000000e+00   3.4152846e+11   3.4152846e+11   8.2675030e+11   0.0000000e+00   0.0000000e+00   0.0000000e+00   0.0000000e+00   0.0000000e+00   0.0000000e+00   2.4261092e+11   0.0000000e+00   0.0000000e+00   0.0000000e+00   0.0000000e+00   0.0000000e+00   0.0000000e+00   2.4261092e+11   0.0000000e+00   0.0000000e+00   0.0000000e+00   0.0000000e+00   0.0000000e+00   0.0000000e+00   2.4261092e+11
   4.4690740e+06   5.0706100e+03   8.1814267e+11   3.3708372e+11   3.3708372e+11   0.0000000e+00   0.0000000e+00   0.0000000e+00   3.3708372e+11   8.1814267e+11   3.3708372e+11   0.0000000e+00   0.0000000e+00   0.0000000e+00   3.3708372e+11   3.3708372e+11   8.1814267e+11   0.0000000e+00   0.0000000e+00   0.0000000e+00   0.0000000e+00   0.0000000e+00   0.0000000e+00   2.4052947e+11   0.0000000e+00   0.0000000e+00   0.0000000e+00   0.0000000e+00   0.0000000e+00   0.0000000e+00   2.4052947e+11   0.0000000e+00   0.0000000e+00   0.0000000e+00   0.0000000e+00   0.0000000e+00   0.0000000e+00   2.4052947e+11
   4.5055560e+06   5.0518700e+03   8.0954696e+11   3.3265260e+11   3.3265260e+11   0.0000000e+00   0.0000000e+00   0.0000000e+00   3.3265260e+11   8.0954696e+11   3.3265260e+11   0.0000000e+00   0.0000000e+00   0.0000000e+00   3.3265260e+11   3.3265260e+11   8.0954696e+11   0.0000000e+00   0.0000000e+00   0.0000000e+00   0.0000000e+00   0.0000000e+00   0.0000000e+00   2.3844718e+11   0.0000000e+00   0.0000000e+00   0.0000000e+00   0.0000000e+00   0.0000000e+00   0.0000000e+00   2.3844718e+11   0.0000000e+00   0.0000000e+00   0.0000000e+00   0.0000000e+00   0.0000000e+00   0.0000000e+00   2.3844718e+11
   4.5420370e+06   5.0330600e+03   8.0095858e+11   3.2823106e+11   3.2823106e+11   0.0000000e+00   0.0000000e+00   0.0000000e+00   3.2823106e+11   8.0095858e+11   3.2823106e+11   0.0000000e+00   0.0000000e+00   0.0000000e+00   3.2823106e+11   3.2823106e+11   8.0095858e+11   0.0000000e+00   0.0000000e+00   0.0000000e+00   0.0000000e+00   0.0000000e+00   0.0000000e+00   2.3636376e+11   0.0000000e+00   0.0000000e+00   0.0000000e+00   0.0000000e+00   0.0000000e+00   0.0000000e+00   2.3636376e+11   0.0000000e+00   0.0000000e+00   0.0000000e+00   0.0000000e+00   0.0000000e+00   0.0000000e+00   2.3636376e+11
   4.5785180e+06   5.0141800e+03   7.9237468e+11   3.2381858e+11   3.2381858e+11   0.0000000e+00   0.0000000e+00   0.0000000e+00   3.2381858e+11   7.9237468e+11   3.2381858e+11   0.0000000e+00   0.0000000e+00   0.0000000e+00   3.2381858e+11   3.2381858e+11   7.9237468e+11   0.0000000e+00   0.0000000e+00   0.0000000e+00   0.0000000e+00   0.0000000e+00   0.0000000e+00   2.3427805e+11   0.0000000e+00   0.0000000e+00   0.0000000e+00   0.0000000e+00   0.0000000e+00   0.0000000e+00   2.3427805e+11   0.0000000e+00   0.0000000e+00   0.0000000e+00   0.0000000e+00   0.0000000e+00   0.0000000e+00   2.3427805e+11
   4.6150000e+06   4.9952200e+03   7.8379094e+11   3.1941134e+11   3.1941134e+11   0.0000000e+00   0.0000000e+00   0.0000000e+00   3.1941134e+11   7.8379094e+11   3.1941134e+11   0.0000000e+00   0.0000000e+00   0.0000000e+00   3.1941134e+11   3.1941134e+11   7.8379094e+11   0.0000000e+00   0.0000000e+00   0.0000000e+00   0.0000000e+00   0.0000000e+00   0.0000000e+00   2.3218980e+11   0.0000000e+00   0.0000000e+00   0.0000000e+00   0.0000000e+00   0.0000000e+00   0.0000000e+00   2.3218980e+11   0.0000000e+00   0.0000000e+00   0.0000000e+00   0.0000000e+00   0.0000000e+00   0.0000000e+00   2.3218980e+11
   4.6514820e+06   4.9761900e+03   7.7520630e+11   3.1500960e+11   3.1500960e+11   0.0000000e+00   0.0000000e+00   0.0000000e+00   3.1500960e+11   7.7520630e+11   3.1500960e+11   0.0000000e+00   0.0000000e+00   0.0000000e+00   3.1500960e+11   3.1500960e+11   7.7520630e+11   0.0000000e+00   0.0000000e+00   0.0000000e+00   0.0000000e+00   0.0000000e+00   0.0000000e+00   2.3009835e+11   0.0000000e+00   0.0000000e+00   0.0000000e+00   0.0000000e+00   0.0000000e+00   0.0000000e+00   2.3009835e+11   0.0000000e+00   0.0000000e+00   0.0000000e+00   0.0000000e+00   0.0000000e+00   0.0000000e+00   2.3009835e+11
   4.6879630e+06   4.9570800e+03   7.6661670e+11   3.1061106e+11   3.1061106e+11   0.0000000e+00   0.0000000e+00   0.0000000e+00   3.1061106e+11   7.6661670e+11   3.1061106e+11   0.0000000e+00   0.0000000e+00   0.0000000e+00   3.1061106e+11   3.1061106e+11   7.6661670e+11   0.0000000e+00   0.0000000e+00   0.0000000e+00   0.0000000e+00   0.0000000e+00   0.0000000e+00   2.2800282e+11   0.0000000e+00   0.0000000e+00   0.0000000e+00   0.0000000e+00   0.0000000e+00   0.0000000e+00   2.2800282e+11   0.0000000e+00   0.0000000e+00   0.0000000e+00   0.0000000e+00   0.0000000e+00   0.0000000e+00   2.2800282e+11
   4.7244440e+06   4.9378900e+03   7.5801852e+11   3.0621289e+11   3.0621289e+11   0.0000000e+00   0.0000000e+00   0.0000000e+00   3.0621289e+11   7.5801852e+11   3.0621289e+11   0.0000000e+00   0.0000000e+00   0.0000000e+00   3.0621289e+11   3.0621289e+11   7.5801852e+11   0.0000000e+00   0.0000000e+00   0.0000000e+00   0.0000000e+00   0.0000000e+00   0.0000000e+00   2.2590281e+11   0.0000000e+00   0.0000000e+00   0.0000000e+00   0.0000000e+00   0.0000000e+00   0.0000000e+00   2.2590281e+11   0.0000000e+00   0.0000000e+00   0.0000000e+00   0.0000000e+00   0.0000000e+00   0.0000000e+00   2.2590281e+11
   4.7609260e+06   4.9186100e+03   7.4941043e+11   3.0181543e+11   3.0181543e+11   0.0000000e+00   0.0000000e+00   0.0000000e+00   3.0181543e+11   7.4941043e+11   3.0181543e+11   0.0000000e+00   0.0000000e+00   0.0000000e+00   3.0181543e+11   3.0181543e+11   7.4941043e+11   0.0000000e+00   0.0000000e+00   0.0000000e+00   0.0000000e+00   0.0000000e+00   0.0000000e+00   2.2379750e+11   0.0000000e+00   0.0000000e+00   0.0000000e+00   0.0000000e+00   0.0000000e+00   0.0000000e+00   2.2379750e+11   0.0000000e+00   0.0000000e+00   0.0000000e+00   0.0000000e+00   0.0000000e+00   0.0000000e+00   2.2379750e+11
   4.7974070e+06   4.8992400e+03   7.4078907e+11   2.9741471e+11   2.9741471e+11   0.0000000e+00   0.0000000e+00   0.0000000e+00   2.9741471e+11   7.4078907e+11   2.9741471e+11   0.0000000e+00   0.0000000e+00   0.0000000e+00   2.9741471e+11   2.9741471e+11   7.4078907e+11   0.0000000e+00   0.0000000e+00   0.0000000e+00   0.0000000e+00   0.0000000e+00   0.0000000e+00   2.2168718e+11   0.0000000e+00   0.0000000e+00   0.0000000e+00   0.0000000e+00   0.0000000e+00   0.0000000e+00   2.2168718e+11   0.0000000e+00   0.0000000e+00   0.0000000e+00   0.0000000e+00   0.0000000e+00   0.0000000e+00   2.2168718e+11
   4.8338890e+06   4.8797800e+03   7.3215124e+11   2.9301084e+11   2.9301084e+11   0.0000000e+00   0.0000000e+00   0.0000000e+00   2.9301084e+11   7.3215124e+11   2.9301084e+11   0.0000000e+00   0.0000000e+00   0.0000000e+00   2.9301084e+11   2.9301084e+11   7.3215124e+11   0.0000000e+00   0.0000000e+00   0.0000000e+00   0.0000000e+00   0.0000000e+00   0.0000000e+00   2.1957020e+11   0.0000000e+00   0.0000000e+00   0.0000000e+00   0.0000000e+00   0.0000000e+00   0.0000000e+00   2.1957020e+11   0.0000000e+00   0.0000000e+00   0.0000000e+00   0.0000000e+00   0.0000000e+00   0.0000000e+00   2.1957020e+11
   4.8703700e+06   4.8602100e+03   7.2349446e+11   2.8860243e+11   2.8860243e+11   0.0000000e+00   0.0000000e+00   0.0000000e+00   2.8860243e+11   7.2349446e+11   2.8860243e+11   0.0000000e+00   0.0000000e+00   0.0000000e+00   2.8860243e+11   2.8860243e+11   7.2349446e+11   0.0000000e+00   0.0000000e+00   0.0000000e+00   0.0000000e+00   0.0000000e+00   0.0000000e+00   2.1744602e+11   0.0000000e+00   0.0000000e+00   0.0000000e+00   0.0000000e+00   0.0000000e+00   0.0000000e+00   2.1744602e+11   0.0000000e+00   0.0000000e+00   0.0000000e+00   0.0000000e+00   0.0000000e+00   0.0000000e+00   2.1744602e+11
   4.9068520e+06   4.8405500e+03   7.1481760e+11   2.8418584e+11   2.8418584e+11   0.0000000e+00   0.0000000e+00   0.0000000e+00   2.8418584e+11   7.1481760e+11   2.8418584e+11   0.0000000e+00   0.0000000e+00   0.0000000e+00   2.8418584e+11   2.8418584e+11   7.1481760e+11   0.0000000e+00   0.0000000e+00   0.0000000e+00   0.0000000e+00   0.0000000e+00   0.0000000e+00   2.1531588e+11   0.0000000e+00   0.0000000e+00   0.0000000e+00   0.0000000e+00   0.0000000e+00   0.0000000e+00   2.1531588e+11   0.0000000e+00   0.0000000e+00   0.0000000e+00   0.0000000e+00   0.0000000e+00   0.0000000e+00   2.1531588e+11
   4.9433330e+06   4.8207900e+03   7.0611872e+11   2.7976318e+11   2.7976318e+11   0.0000000e+00   0.0000000e+00   0.0000000e+00   2.7976318e+11   7.0611872e+11   2.7976318e+11   0.0000000e+00   0.0000000e+00   0.0000000e+00   2.7976318e+11   2.7976318e+11   7.0611872e+11   0.0000000e+00   0.0000000e+00   0.0000000e+00   0.0000000e+00   0.0000000e+00   0.0000000e+00   2.1317777e+11   0.0000000e+00   0.0000000e+00   0.0000000e+00   0.0000000e+00   0.0000000e+00   0.0000000e+00   2.1317777e+11   0.0000000e+00   0.0000000e+00   0.0000000e+00   0.0000000e+00   0.0000000e+00   0.0000000e+00   2.1317777e+11
   4.9798150e+06   4.8009100e+03   6.9739458e+11   2.7533215e+11   2.7533215e+11   0.0000000e+00   0.0000000e+00   0.0000000e+00   2.7533215e+11   6.9739458e+11   2.7533215e+11   0.0000000e+00   0.0000000e+00   0.0000000e+00   2.7533215e+11   2.7533215e+11   6.9739458e+11   0.0000000e+00   0.0000000e+00   0.0000000e+00   0.0000000e+00   0.0000000e+00   0.0000000e+00   2.1103121e+11   0.0000000e+00   0.0000000e+00   0.0000000e+00   0.0000000e+00   0.0000000e+00   0.0000000e+00   2.1103121e+11   0.0000000e+00   0.0000000e+00   0.0000000e+00   0.0000000e+00   0.0000000e+00   0.0000000e+00   2.1103121e+11
   5.0162960e+06   4.7809300e+03   6.8864441e+11   2.7089068e+11   2.7089068e+11   0.0000000e+00   0.0000000e+00   0.0000000e+00   2.7089068e+11   6.8864441e+11   2.7089068e+11   0.0000000e+00   0.0000000e+00   0.0000000e+00   2.7089068e+11   2.7089068e+11   6.8864441e+11   0.0000000e+00   0.0000000e+00   0.0000000e+00   0.0000000e+00   0.0000000e+00   0.0000000e+00   2.0887686e+11   0.0000000e+00   0.0000000e+00   0.0000000e+00   0.0000000e+00   0.0000000e+00   0.0000000e+00   2.0887686e+11   0.0000000e+00   0.0000000e+00   0.0000000e+00   0.0000000e+00   0.0000000e+00   0.0000000e+00   2.0887686e+11
   5.0527780e+06   4.7608300e+03   6.7986525e+11   2.6643796e+11   2.6643796e+11   0.0000000e+00   0.0000000e+00   0.0000000e+00   2.6643796e+11   6.7986525e+11   2.6643796e+11   0.0000000e+00   0.0000000e+00   0.0000000e+00   2.6643796e+11   2.6643796e+11   6.7986525e+11   0.0000000e+00   0.0000000e+00   0.0000000e+00   0.0000000e+00   0.0000000e+00   0.0000000e+00   2.0671364e+11   0.0000000e+00   0.0000000e+00   0.0000000e+00   0.0000000e+00   0.0000000e+00   0.0000000e+00   2.0671364e+11   0.0000000e+00   0.0000000e+00   0.0000000e+00   0.0000000e+00   0.0000000e+00   0.0000000e+00   2.0671364e+11
   5.0892590e+06   4.7406100e+03   6.7105605e+11   2.6197329e+11   2.6197329e+11   0.0000000e+00   0.0000000e+00   0.0000000e+00   2.6197329e+11   6.7105605e+11   2.6197329e+11   0.0000000e+00   0.0000000e+00   0.0000000e+00   2.6197329e+11   2.6197329e+11   6.7105605e+11   0.0000000e+00   0.0000000e+00   0.0000000e+00   0.0000000e+00   0.0000000e+00   0.0000000e+00   2.0454138e+11   0.0000000e+00   0.0000000e+00   0.0000000e+00   0.0000000e+00   0.0000000e+00   0.0000000e+00   2.0454138e+11   0.0000000e+00   0.0000000e+00   0.0000000e+00   0.0000000e+00   0.0000000e+00   0.0000000e+00   2.0454138e+11
   5.1257410e+06   4.7202700e+03   6.6221585e+11   2.5749726e+11   2.5749726e+11   0.0000000e+00   0.0000000e+00   0.0000000e+00   2.5749726e+11   6.6221585e+11   2.5749726e+11   0.0000000e+00   0.0000000e+00   0.0000000e+00   2.5749726e+11   2.5749726e+11   6.6221585e+11   0.0000000e+00   0.0000000e+00   0.0000000e+00   0.0000000e+00   0.0000000e+00   0.0000000e+00   2.0235930e+11   0.0000000e+00   0.0000000e+00   0.0000000e+00   0.0000000e+00   0.0000000e+00   0.0000000e+00   2.0235930e+11   0.0000000e+00   0.0000000e+00   0.0000000e+00   0.0000000e+00   0.0000000e+00   0.0000000e+00   2.0235930e+11
   5.1622220e+06   4.6998000e+03   6.5334245e+11   2.5300753e+11   2.5300753e+11   0.0000000e+00   0.0000000e+00   0.0000000e+00   2.5300753e+11   6.5334245e+11   2.5300753e+11   0.0000000e+00   0.0000000e+00   0.0000000e+00   2.5300753e+11   2.5300753e+11   6.5334245e+11   0.0000000e+00   0.0000000e+00   0.0000000e+00   0.0000000e+00   0.0000000e+00   0.0000000e+00   2.0016746e+11   0.0000000e+00   0.0000000e+00   0.0000000e+00   0.0000000e+00   0.0000000e+00   0.0000000e+00   2.0016746e+11   0.0000000e+00   0.0000000e+00   0.0000000e+00   0.0000000e+00   0.0000000e+00   0.0000000e+00   2.0016746e+11
   5.1987040e+06   4.6792100e+03   6.4443656e+11   2.4850540e+11   2.4850540e+11   0.0000000e+00   0.0000000e+00   0.0000000e+00   2.4850540e+11   6.4443656e+11   2.4850540e+11   0.0000000e+00   0.0000000e+00   0.0000000e+00   2.4850540e+11   2.4850540e+11   6.4443656e+11   0.0000000e+00   0.0000000e+00   0.0000000e+00   0.0000000e+00   0.0000000e+00   0.0000000e+00   1.9796558e+11   0.0000000e+00   0.0000000e+00   0.0000000e+00   0.0000000e+00   0.0000000e+00   0.0000000e+00   1.9796558e+11   0.0000000e+00   0.0000000e+00   0.0000000e+00   0.0000000e+00   0.0000000e+00   0.0000000e+00   1.9796558e+11
   5.2351850e+06   4.6584800e+03   6.3549490e+11   2.4398822e+11   2.4398822e+11   0.0000000e+00   0.0000000e+00   0.0000000e+00   2.4398822e+11   6.3549490e+11   2.4398822e+11   0.0000000e+00   0.0000000e+00   0.0000000e+00   2.4398822e+11   2.4398822e+11   6.3549490e+11   0.0000000e+00   0.0000000e+00   0.0000000e+00   0.0000000e+00   0.0000000e+00   0.0000000e+00   1.9575334e+11   0.0000000e+00   0.0000000e+00   0.0000000e+00   0.0000000e+00   0.0000000e+00   0.0000000e+00   1.9575334e+11   0.0000000e+00   0.0000000e+00   0.0000000e+00   0.0000000e+00   0.0000000e+00   0.0000000e+00   1.9575334e+11
   5.2716670e+06   4.6376200e+03   6.2651739e+11   2.3945637e+11   2.3945637e+11   0.0000000e+00   0.0000000e+00   0.0000000e+00   2.3945637e+11   6.2651739e+11   2.3945637e+11   0.0000000e+00   0.0000000e+00   0.0000000e+00   2.3945637e+11   2.3945637e+11   6.2651739e+11   0.0000000e+00   0.0000000e+00   0.0000000e+00   0.0000000e+00   0.0000000e+00   0.0000000e+00   1.9353051e+11   0.0000000e+00   0.0000000e+00   0.0000000e+00   0.0000000e+00   0.0000000e+00   0.0000000e+00   1.9353051e+11   0.0000000e+00   0.0000000e+00   0.0000000e+00   0.0000000e+00   0.0000000e+00   0.0000000e+00   1.9353051e+11
   5.3081480e+06   4.6166200e+03   6.1750459e+11   2.3491012e+11   2.3491012e+11   0.0000000e+00   0.0000000e+00   0.0000000e+00   2.3491012e+11   6.1750459e+11   2.3491012e+11   0.0000000e+00   0.0000000e+00   0.0000000e+00   2.3491012e+11   2.3491012e+11   6.1750459e+11   0.0000000e+00   0.0000000e+00   0.0000000e+00   0.0000000e+00   0.0000000e+00   0.0000000e+00   1.9129723e+11   0.0000000e+00   0.0000000e+00   0.0000000e+00   0.0000000e+00   0.0000000e+00   0.0000000e+00   1.9129723e+11   0.0000000e+00   0.0000000e+00   0.0000000e+00   0.0000000e+00   0.0000000e+00   0.0000000e+00   1.9129723e+11
   5.3446300e+06   4.5954800e+03   6.0845531e+11   2.3034831e+11   2.3034831e+11   0.0000000e+00   0.0000000e+00   0.0000000e+00   2.3034831e+11   6.0845531e+11   2.3034831e+11   0.0000000e+00   0.0000000e+00   0.0000000e+00   2.3034831e+11   2.3034831e+11   6.0845531e+11   0.0000000e+00   0.0000000e+00   0.0000000e+00   0.0000000e+00   0.0000000e+00   0.0000000e+00   1.8905350e+11   0.0000000e+00   0.0000000e+00   0.0000000e+00   0.0000000e+00   0.0000000e+00   0.0000000e+00   1.8905350e+11   0.0000000e+00   0.0000000e+00   0.0000000e+00   0.0000000e+00   0.0000000e+00   0.0000000e+00   1.8905350e+11
   5.3811110e+06   4.5741900e+03   5.9936726e+11   2.2577175e+11   2.2577175e+11   0.0000000e+00   0.0000000e+00   0.0000000e+00   2.2577175e+11   5.9936726e+11   2.2577175e+11   0.0000000e+00   0.0000000e+00   0.0000000e+00   2.2577175e+11   2.2577175e+11   5.9936726e+11   0.0000000e+00   0.0000000e+00   0.0000000e+00   0.0000000e+00   0.0000000e+00   0.0000000e+00   1.8679775e+11   0.0000000e+00   0.0000000e+00   0.0000000e+00   0.0000000e+00   0.0000000e+00   0.0000000e+00   1.8679775e+11   0.0000000e+00   0.0000000e+00   0.0000000e+00   0.0000000e+00   0.0000000e+00   0.0000000e+00   1.8679775e+11
   5.4175930e+06   4.5527500e+03   5.9024171e+11   2.2117928e+11   2.2117928e+11   0.0000000e+00   0.0000000e+00   0.0000000e+00   2.2117928e+11   5.9024171e+11   2.2117928e+11   0.0000000e+00   0.0000000e+00   0.0000000e+00   2.2117928e+11   2.2117928e+11   5.9024171e+11   0.0000000e+00   0.0000000e+00   0.0000000e+00   0.0000000e+00   0.0000000e+00   0.0000000e+00   1.8453121e+11   0.0000000e+00   0.0000000e+00   0.0000000e+00   0.0000000e+00   0.0000000e+00   0.0000000e+00   1.8453121e+11   0.0000000e+00   0.0000000e+00   0.0000000e+00   0.0000000e+00   0.0000000e+00   0.0000000e+00   1.8453121e+11
   5.4540740e+06   4.5311600e+03   5.8108005e+11   2.1657331e+11   2.1657331e+11   0.0000000e+00   0.0000000e+00   0.0000000e+00   2.1657331e+11   5.8108005e+11   2.1657331e+11   0.0000000e+00   0.0000000e+00   0.0000000e+00   2.1657331e+11   2.1657331e+11   5.8108005e+11   0.0000000e+00   0.0000000e+00   0.0000000e+00   0.0000000e+00   0.0000000e+00   0.0000000e+00   1.8225337e+11   0.0000000e+00   0.0000000e+00   0.0000000e+00   0.0000000e+00   0.0000000e+00   0.0000000e+00   1.8225337e+11   0.0000000e+00   0.0000000e+00   0.0000000e+00   0.0000000e+00   0.0000000e+00   0.0000000e+00   1.8225337e+11
   5.4905560e+06   4.5094200e+03   5.7188072e+11   2.1195092e+11   2.1195092e+11   0.0000000e+00   0.0000000e+00   0.0000000e+00   2.1195092e+11   5.7188072e+11   2.1195092e+11   0.0000000e+00   0.0000000e+00   0.0000000e+00   2.1195092e+11   2.1195092e+11   5.7188072e+11   0.0000000e+00   0.0000000e+00   0.0000000e+00   0.0000000e+00   0.0000000e+00   0.0000000e+00   1.7996490e+11   0.0000000e+00   0.0000000e+00   0.0000000e+00   0.0000000e+00   0.0000000e+00   0.0000000e+00   1.7996490e+11   0.0000000e+00   0.0000000e+00   0.0000000e+00   0.0000000e+00   0.0000000e+00   0.0000000e+00   1.7996490e+11
   5.5270370e+06   4.4875100e+03   5.6264289e+11   2.0731377e+11   2.0731377e+11   0.0000000e+00   0.0000000e+00   0.0000000e+00   2.0731377e+11   5.6264289e+11   2.0731377e+11   0.0000000e+00   0.0000000e+00   0.0000000e+00   2.0731377e+11   2.0731377e+11   5.6264289e+11   0.0000000e+00   0.0000000e+00   0.0000000e+00   0.0000000e+00   0.0000000e+00   0.0000000e+00   1.7766456e+11   0.0000000e+00   0.0000000e+00   0.0000000e+00   0.0000000e+00   0.0000000e+00   0.0000000e+00   1.7766456e+11   0.0000000e+00   0.0000000e+00   0.0000000e+00   0.0000000e+00   0.0000000e+00   0.0000000e+00   1.7766456e+11
   5.5635180e+06   4.4654400e+03   5.5336865e+11   2.0266397e+11   2.0266397e+11   0.0000000e+00   0.0000000e+00   0.0000000e+00   2.0266397e+11   5.5336865e+11   2.0266397e+11   0.0000000e+00   0.0000000e+00   0.0000000e+00   2.0266397e+11   2.0266397e+11   5.5336865e+11   0.0000000e+00   0.0000000e+00   0.0000000e+00   0.0000000e+00   0.0000000e+00   0.0000000e+00   1.7535234e+11   0.0000000e+00   0.0000000e+00   0.0000000e+00   0.0000000e+00   0.0000000e+00   0.0000000e+00   1.7535234e+11   0.0000000e+00   0.0000000e+00   0.0000000e+00   0.0000000e+00   0.0000000e+00   0.0000000e+00   1.7535234e+11
   5.6000000e+06   4.4432000e+03   5.4405776e+11   1.9799942e+11   1.9799942e+11   0.0000000e+00   0.0000000e+00   0.0000000e+00   1.9799942e+11   5.4405776e+11   1.9799942e+11   0.0000000e+00   0.0000000e+00   0.0000000e+00   1.9799942e+11   1.9799942e+11   5.4405776e+11   0.0000000e+00   0.0000000e+00   0.0000000e+00   0.0000000e+00   0.0000000e+00   0.0000000e+00   1.7302917e+11   0.0000000e+00   0.0000000e+00   0.0000000e+00   0.0000000e+00   0.0000000e+00   0.0000000e+00   1.7302917e+11   0.0000000e+00   0.0000000e+00   0.0000000e+00   0.0000000e+00   0.0000000e+00   0.0000000e+00   1.7302917e+11
   5.6000000e+06   4.4432000e+03   5.4405875e+11   1.9798377e+11   1.9798377e+11   0.0000000e+00   0.0000000e+00   0.0000000e+00   1.9798377e+11   5.4405875e+11   1.9798377e+11   0.0000000e+00   0.0000000e+00   0.0000000e+00   1.9798377e+11   1.9798377e+11   5.4405875e+11   0.0000000e+00   0.0000000e+00   0.0000000e+00   0.0000000e+00   0.0000000e+00   0.0000000e+00   1.7303749e+11   0.0000000e+00   0.0000000e+00   0.0000000e+00   0.0000000e+00   0.0000000e+00   0.0000000e+00   1.7303749e+11   0.0000000e+00   0.0000000e+00   0.0000000e+00   0.0000000e+00   0.0000000e+00   0.0000000e+00   1.7303749e+11
   5.6336670e+06   4.4225300e+03   5.3132960e+11   1.9765276e+11   1.9765276e+11   0.0000000e+00   0.0000000e+00   0.0000000e+00   1.9765276e+11   5.3132960e+11   1.9765276e+11   0.0000000e+00   0.0000000e+00   0.0000000e+00   1.9765276e+11   1.9765276e+11   5.3132960e+11   0.0000000e+00   0.0000000e+00   0.0000000e+00   0.0000000e+00   0.0000000e+00   0.0000000e+00   1.6683842e+11   0.0000000e+00   0.0000000e+00   0.0000000e+00   0.0000000e+00   0.0000000e+00   0.0000000e+00   1.6683842e+11   0.0000000e+00   0.0000000e+00   0.0000000e+00   0.0000000e+00   0.0000000e+00   0.0000000e+00   1.6683842e+11
   5.6673330e+06   4.4017100e+03   5.1876790e+11   1.9722529e+11   1.9722529e+11   0.0000000e+00   0.0000000e+00   0.0000000e+00   1.9722529e+11   5.1876790e+11   1.9722529e+11   0.0000000e+00   0.0000000e+00   0.0000000e+00   1.9722529e+11   1.9722529e+11   5.1876790e+11   0.0000000e+00   0.0000000e+00   0.0000000e+00   0.0000000e+00   0.0000000e+00   0.0000000e+00   1.6077131e+11   0.0000000e+00   0.0000000e+00   0.0000000e+00   0.0000000e+00   0.0000000e+00   0.0000000e+00   1.6077131e+11   0.0000000e+00   0.0000000e+00   0.0000000e+00   0.0000000e+00   0.0000000e+00   0.0000000e+00   1.6077131e+11
   5.7010000e+06   4.3807400e+03   5.0637360e+11   1.9670285e+11   1.9670285e+11   0.0000000e+00   0.0000000e+00   0.0000000e+00   1.9670285e+11   5.0637360e+11   1.9670285e+11   0.0000000e+00   0.0000000e+00   0.0000000e+00   1.9670285e+11   1.9670285e+11   5.0637360e+11   0.0000000e+00   0.0000000e+00   0.0000000e+00   0.0000000e+00   0.0000000e+00   0.0000000e+00   1.5483537e+11   0.0000000e+00   0.0000000e+00   0.0000000e+00   0.0000000e+00   0.0000000e+00   0.0000000e+00   1.5483537e+11   0.0000000e+00   0.0000000e+00   0.0000000e+00   0.0000000e+00   0.0000000e+00   0.0000000e+00   1.5483537e+11
   5.7010000e+06   3.9921200e+03   4.2074648e+11   1.7301755e+11   1.7301755e+11   0.0000000e+00   0.0000000e+00   0.0000000e+00   1.7301755e+11   4.2074648e+11   1.7301755e+11   0.0000000e+00   0.0000000e+00   0.0000000e+00   1.7301755e+11   1.7301755e+11   4.2074648e+11   0.0000000e+00   0.0000000e+00   0.0000000e+00   0.0000000e+00   0.0000000e+00   0.0000000e+00   1.2386446e+11   0.0000000e+00   0.0000000e+00   0.0000000e+00   0.0000000e+00   0.0000000e+00   0.0000000e+00   1.2386446e+11   0.0000000e+00   0.0000000e+00   0.0000000e+00   0.0000000e+00   0.0000000e+00   0.0000000e+00   1.2386446e+11
   5.7710000e+06   3.9758200e+03   4.1022546e+11   1.6828507e+11   1.6828507e+11   0.0000000e+00   0.0000000e+00   0.0000000e+00   1.6828507e+11   4.1022546e+11   1.6828507e+11   0.0000000e+00   0.0000000e+00   0.0000000e+00   1.6828507e+11   1.6828507e+11   4.1022546e+11   0.0000000e+00   0.0000000e+00   0.0000000e+00   0.0000000e+00   0.0000000e+00   0.0000000e+00   1.2097019e+11   0.0000000e+00   0.0000000e+00   0.0000000e+00   0.0000000e+00   0.0000000e+00   0.0000000e+00   1.2097019e+11   0.0000000e+00   0.0000000e+00   0.0000000e+00   0.0000000e+00   0.0000000e+00   0.0000000e+00   1.2097019e+11
   5.7710000e+06   3.9758200e+03   4.1020527e+11   1.6826846e+11   1.6826846e+11   0.0000000e+00   0.0000000e+00   0.0000000e+00   1.6826846e+11   4.1020527e+11   1.6826846e+11   0.0000000e+00   0.0000000e+00   0.0000000e+00   1.6826846e+11   1.6826846e+11   4.1020527e+11   0.0000000e+00   0.0000000e+00   0.0000000e+00   0.0000000e+00   0.0000000e+00   0.0000000e+00   1.2096840e+11   0.0000000e+00   0.0000000e+00   0.0000000e+00   0.0000000e+00   0.0000000e+00   0.0000000e+00   1.2096840e+11   0.0000000e+00   0.0000000e+00   0.0000000e+00   0.0000000e+00   0.0000000e+00   0.0000000e+00   1.2096840e+11
   5.8043330e+06   3.9338100e+03   3.9234709e+11   1.6133226e+11   1.6133226e+11   0.0000000e+00   0.0000000e+00   0.0000000e+00   1.6133226e+11   3.9234709e+11   1.6133226e+11   0.0000000e+00   0.0000000e+00   0.0000000e+00   1.6133226e+11   1.6133226e+11   3.9234709e+11   0.0000000e+00   0.0000000e+00   0.0000000e+00   0.0000000e+00   0.0000000e+00   0.0000000e+00   1.1550742e+11   0.0000000e+00   0.0000000e+00   0.0000000e+00   0.0000000e+00   0.0000000e+00   0.0000000e+00   1.1550742e+11   0.0000000e+00   0.0000000e+00   0.0000000e+00   0.0000000e+00   0.0000000e+00   0.0000000e+00   1.1550742e+11
   5.8376670e+06   3.8918000e+03   3.7500522e+11   1.5458648e+11   1.5458648e+11   0.0000000e+00   0.0000000e+00   0.0000000e+00   1.5458648e+11   3.7500522e+11   1.5458648e+11   0.0000000e+00   0.0000000e+00   0.0000000e+00   1.5458648e+11   1.5458648e+11   3.7500522e+11   0.0000000e+00   0.0000000e+00   0.0000000e+00   0.0000000e+00   0.0000000e+00   0.0000000e+00   1.1020937e+11   0.0000000e+00   0.0000000e+00   0.0000000e+00   0.0000000e+00   0.0000000e+00   0.0000000e+00   1.1020937e+11   0.0000000e+00   0.0000000e+00   0.0000000e+00   0.0000000e+00   0.0000000e+00   0.0000000e+00   1.1020937e+11
   5.8710000e+06   3.8497800e+03   3.5817058e+11   1.4802737e+11   1.4802737e+11   0.0000000e+00   0.0000000e+00   0.0000000e+00   1.4802737e+11   3.5817058e+11   1.4802737e+11   0.0000000e+00   0.0000000e+00   0.0000000e+00   1.4802737e+11   1.4802737e+11   3.5817058e+11   0.0000000e+00   0.0000000e+00   0.0000000e+00   0.0000000e+00   0.0000000e+00   0.0000000e+00   1.0507160e+11   0.0000000e+00   0.0000000e+00   0.0000000e+00   0.0000000e+00   0.0000000e+00   0.0000000e+00   1.0507160e+11   0.0000000e+00   0.0000000e+00   0.0000000e+00   0.0000000e+00   0.0000000e+00   0.0000000e+00   1.0507160e+11
   5.9043330e+06   3.8077700e+03   3.4183772e+11   1.4165314e+11   1.4165314e+11   0.0000000e+00   0.0000000e+00   0.0000000e+00   1.4165314e+11   3.4183772e+11   1.4165314e+11   0.0000000e+00   0.0000000e+00   0.0000000e+00   1.4165314e+11   1.4165314e+11   3.4183772e+11   0.0000000e+00   0.0000000e+00   0.0000000e+00   0.0000000e+00   0.0000000e+00   0.0000000e+00   1.0009229e+11   0.0000000e+00   0.0000000e+00   0.0000000e+00   0.0000000e+00   0.0000000e+00   0.0000000e+00   1.0009229e+11   0.0000000e+00   0.0000000e+00   0.0000000e+00   0.0000000e+00   0.0000000e+00   0.0000000e+00   1.0009229e+11
   5.9376670e+06   3.7657600e+03   3.2599833e+11   1.3546082e+11   1.3546082e+11   0.0000000e+00   0.0000000e+00   0.0000000e+00   1.3546082e+11   3.2599833e+11   1.3546082e+11   0.0000000e+00   0.0000000e+00   0.0000000e+00   1.3546082e+11   1.3546082e+11   3.2599833e+11   0.0000000e+00   0.0000000e+00   0.0000000e+00   0.0000000e+00   0.0000000e+00   0.0000000e+00   9.5268758e+10   0.0000000e+00   0.0000000e+00   0.0000000e+00   0.0000000e+00   0.0000000e+00   0.0000000e+00   9.5268758e+10   0.0000000e+00   0.0000000e+00   0.0000000e+00   0.0000000e+00   0.0000000e+00   0.0000000e+00   9.5268758e+10
   5.9710000e+06   3.7237500e+03   3.1064509e+11   1.2944783e+11   1.2944783e+11   0.0000000e+00   0.0000000e+00   0.0000000e+00   1.2944783e+11   3.1064509e+11   1.2944783e+11   0.0000000e+00   0.0000000e+00   0.0000000e+00   1.2944783e+11   1.2944783e+11   3.1064509e+11   0.0000000e+00   0.0000000e+00   0.0000000e+00   0.0000000e+00   0.0000000e+00   0.0000000e+00   9.0598632e+10   0.0000000e+00   0.0000000e+00   0.0000000e+00   0.0000000e+00   0.0000000e+00   0.0000000e+00   9.0598632e+10   0.0000000e+00   0.0000000e+00   0.0000000e+00   0.0000000e+00   0.0000000e+00   0.0000000e+00   9.0598632e+10
   5.9710000e+06   3.5432600e+03   2.8099221e+11   1.1976009e+11   1.1976009e+11   0.0000000e+00   0.0000000e+00   0.0000000e+00   1.1976009e+11   2.8099221e+11   1.1976009e+11   0.0000000e+00   0.0000000e+00   0.0000000e+00   1.1976009e+11   1.1976009e+11   2.8099221e+11   0.0000000e+00   0.0000000e+00   0.0000000e+00   0.0000000e+00   0.0000000e+00   0.0000000e+00   8.0616060e+10   0.0000000e+00   0.0000000e+00   0.0000000e+00   0.0000000e+00   0.0000000e+00   0.0000000e+00   8.0616060e+10   0.0000000e+00   0.0000000e+00   0.0000000e+00   0.0000000e+00   0.0000000e+00   0.0000000e+00   8.0616060e+10
   5.9935000e+06   3.5298300e+03   2.7721285e+11   1.1765082e+11   1.1765082e+11   0.0000000e+00   0.0000000e+00   0.0000000e+00   1.1765082e+11   2.7721285e+11   1.1765082e+11   0.0000000e+00   0.0000000e+00   0.0000000e+00   1.1765082e+11   1.1765082e+11   2.7721285e+11   0.0000000e+00   0.0000000e+00   0.0000000e+00   0.0000000e+00   0.0000000e+00   0.0000000e+00   7.9781014e+10   0.0000000e+00   0.0000000e+00   0.0000000e+00   0.0000000e+00   0.0000000e+00   0.0000000e+00   7.9781014e+10   0.0000000e+00   0.0000000e+00   0.0000000e+00   0.0000000e+00   0.0000000e+00   0.0000000e+00   7.9781014e+10
   6.0160000e+06   3.5163900e+03   2.7346592e+11   1.1556289e+11   1.1556289e+11   0.0000000e+00   0.0000000e+00   0.0000000e+00   1.1556289e+11   2.7346592e+11   1.1556289e+11   0.0000000e+00   0.0000000e+00   0.0000000e+00   1.1556289e+11   1.1556289e+11   2.7346592e+11   0.0000000e+00   0.0000000e+00   0.0000000e+00   0.0000000e+00   0.0000000e+00   0.0000000e+00   7.8951516e+10   0.0000000e+00   0.0000000e+00   0.0000000e+00   0.0000000e+00   0.0000000e+00   0.0000000e+00   7.8951516e+10   0.0000000e+00   0.0000000e+00   0.0000000e+00   0.0000000e+00   0.0000000e+00   0.0000000e+00   7.8951516e+10
   6.0385000e+06   3.5029600e+03   2.6975347e+11   1.1349747e+11   1.1349747e+11   0.0000000e+00   0.0000000e+00   0.0000000e+00   1.1349747e+11   2.6975347e+11   1.1349747e+11   0.0000000e+00   0.0000000e+00   0.0000000e+00   1.1349747e+11   1.1349747e+11   2.6975347e+11   0.0000000e+00   0.0000000e+00   0.0000000e+00   0.0000000e+00   0.0000000e+00   0.0000000e+00   7.8127999e+10   0.0000000e+00   0.0000000e+00   0.0000000e+00   0.0000000e+00   0.0000000e+00   0.0000000e+00   7.8127999e+10   0.0000000e+00   0.0000000e+00   0.0000000e+00   0.0000000e+00   0.0000000e+00   0.0000000e+00   7.8127999e+10
   6.0610000e+06   3.4895200e+03   2.6607440e+11   1.1145441e+11   1.1145441e+11   0.0000000e+00   0.0000000e+00   0.0000000e+00   1.1145441e+11   2.6607440e+11   1.1145441e+11   0.0000000e+00   0.0000000e+00   0.0000000e+00   1.1145441e+11   1.1145441e+11   2.6607440e+11   0.0000000e+00   0.0000000e+00   0.0000000e+00   0.0000000e+00   0.0000000e+00   0.0000000e+00   7.7309993e+10   0.0000000e+00   0.0000000e+00   0.0000000e+00   0.0000000e+00   0.0000000e+00   0.0000000e+00   7.7309993e+10   0.0000000e+00   0.0000000e+00   0.0000000e+00   0.0000000e+00   0.0000000e+00   0.0000000e+00   7.7309993e+10
   6.0835000e+06   3.4760800e+03   2.6242812e+11   1.0943271e+11   1.0943271e+11   0.0000000e+00   0.0000000e+00   0.0000000e+00   1.0943271e+11   2.6242812e+11   1.0943271e+11   0.0000000e+00   0.0000000e+00   0.0000000e+00   1.0943271e+11   1.0943271e+11   2.6242812e+11   0.0000000e+00   0.0000000e+00   0.0000000e+00   0.0000000e+00   0.0000000e+00   0.0000000e+00   7.6497704e+10   0.0000000e+00   0.0000000e+00   0.0000000e+00   0.0000000e+00   0.0000000e+00   0.0000000e+00   7.6497704e+10   0.0000000e+00   0.0000000e+00   0.0000000e+00   0.0000000e+00   0.0000000e+00   0.0000000e+00   7.6497704e+10
   6.1060000e+06   3.4626500e+03   2.5881583e+11   1.0743317e+11   1.0743317e+11   0.0000000e+00   0.0000000e+00   0.0000000e+00   1.0743317e+11   2.5881583e+11   1.0743317e+11   0.0000000e+00   0.0000000e+00   0.0000000e+00   1.0743317e+11   1.0743317e+11   2.5881583e+11   0.0000000e+00   0.0000000e+00   0.0000000e+00   0.0000000e+00   0.0000000e+00   0.0000000e+00   7.5691331e+10   0.0000000e+00   0.0000000e+00   0.0000000e+00   0.0000000e+00   0.0000000e+00   0.0000000e+00   7.5691331e+10   0.0000000e+00   0.0000000e+00   0.0000000e+00   0.0000000e+00   0.0000000e+00   0.0000000e+00   7.5691331e+10
   6.1285000e+06   3.4492100e+03   2.5523648e+11   1.0545565e+11   1.0545565e+11   0.0000000e+00   0.0000000e+00   0.0000000e+00   1.0545565e+11   2.5523648e+11   1.0545565e+11   0.0000000e+00   0.0000000e+00   0.0000000e+00   1.0545565e+11   1.0545565e+11   2.5523648e+11   0.0000000e+00   0.0000000e+00   0.0000000e+00   0.0000000e+00   0.0000000e+00   0.0000000e+00   7.4890414e+10   0.0000000e+00   0.0000000e+00   0.0000000e+00   0.0000000e+00   0.0000000e+00   0.0000000e+00   7.4890414e+10   0.0000000e+00   0.0000000e+00   0.0000000e+00   0.0000000e+00   0.0000000e+00   0.0000000e+00   7.4890414e+10
   6.1510000e+06   3.4357700e+03   2.5168948e+11   1.0349917e+11   1.0349917e+11   0.0000000e+00   0.0000000e+00   0.0000000e+00   1.0349917e+11   2.5168948e+11   1.0349917e+11   0.0000000e+00   0.0000000e+00   0.0000000e+00   1.0349917e+11   1.0349917e+11   2.5168948e+11   0.0000000e+00   0.0000000e+00   0.0000000e+00   0.0000000e+00   0.0000000e+00   0.0000000e+00   7.4095153e+10   0.0000000e+00   0.0000000e+00   0.0000000e+00   0.0000000e+00   0.0000000e+00   0.0000000e+00   7.4095153e+10   0.0000000e+00   0.0000000e+00   0.0000000e+00   0.0000000e+00   0.0000000e+00   0.0000000e+00   7.4095153e+10
   6.1510000e+06   3.3594900e+03   2.1444913e+11   8.3252008e+10   8.3252008e+10   0.0000000e+00   0.0000000e+00   0.0000000e+00   8.3252008e+10   2.1444913e+11   8.3252008e+10   0.0000000e+00   0.0000000e+00   0.0000000e+00   8.3252008e+10   8.3252008e+10   2.1444913e+11   0.0000000e+00   0.0000000e+00   0.0000000e+00   0.0000000e+00   0.0000000e+00   0.0000000e+00   6.5598563e+10   0.0000000e+00   0.0000000e+00   0.0000000e+00   0.0000000e+00   0.0000000e+00   0.0000000e+00   6.5598563e+10   0.0000000e+00   0.0000000e+00   0.0000000e+00   0.0000000e+00   0.0000000e+00   0.0000000e+00   6.5598563e+10
   6.1790000e+06   3.3625300e+03   2.1559536e+11   8.3698632e+10   8.3698632e+10   0.0000000e+00   0.0000000e+00   0.0000000e+00   8.3698632e+10   2.1559536e+11   8.3698632e+10   0.0000000e+00   0.0000000e+00   0.0000000e+00   8.3698632e+10   8.3698632e+10   2.1559536e+11   0.0000000e+00   0.0000000e+00   0.0000000e+00   0.0000000e+00   0.0000000e+00   0.0000000e+00   6.5948362e+10   0.0000000e+00   0.0000000e+00   0.0000000e+00   0.0000000e+00   0.0000000e+00   0.0000000e+00   6.5948362e+10   0.0000000e+00   0.0000000e+00   0.0000000e+00   0.0000000e+00   0.0000000e+00   0.0000000e+00   6.5948362e+10
   6.2070000e+06   3.3655800e+03   2.1673939e+11   8.4128832e+10   8.4128832e+10   0.0000000e+00   0.0000000e+00   0.0000000e+00   8.4128832e+10   2.1673939e+11   8.4128832e+10   0.0000000e+00   0.0000000e+00   0.0000000e+00   8.4128832e+10   8.4128832e+10   2.1673939e+11   0.0000000e+00   0.0000000e+00   0.0000000e+00   0.0000000e+00   0.0000000e+00   0.0000000e+00   6.6305282e+10   0.0000000e+00   0.0000000e+00   0.0000000e+00   0.0000000e+00   0.0000000e+00   0.0000000e+00   6.6305282e+10   0.0000000e+00   0.0000000e+00   0.0000000e+00   0.0000000e+00   0.0000000e+00   0.0000000e+00   6.6305282e+10
   6.2350000e+06   3.3686200e+03   2.1787886e+11   8.4541352e+10   8.4541352e+10   0.0000000e+00   0.0000000e+00   0.0000000e+00   8.4541352e+10   2.1787886e+11   8.4541352e+10   0.0000000e+00   0.0000000e+00   0.0000000e+00   8.4541352e+10   8.4541352e+10   2.1787886e+11   0.0000000e+00   0.0000000e+00   0.0000000e+00   0.0000000e+00   0.0000000e+00   0.0000000e+00   6.6668754e+10   0.0000000e+00   0.0000000e+00   0.0000000e+00   0.0000000e+00   0.0000000e+00   0.0000000e+00   6.6668754e+10   0.0000000e+00   0.0000000e+00   0.0000000e+00   0.0000000e+00   0.0000000e+00   0.0000000e+00   6.6668754e+10
   6.2630000e+06   3.3716600e+03   2.1901490e+11   8.4936887e+10   8.4936887e+10   0.0000000e+00   0.0000000e+00   0.0000000e+00   8.4936887e+10   2.1901490e+11   8.4936887e+10   0.0000000e+00   0.0000000e+00   0.0000000e+00   8.4936887e+10   8.4936887e+10   2.1901490e+11   0.0000000e+00   0.0000000e+00   0.0000000e+00   0.0000000e+00   0.0000000e+00   0.0000000e+00   6.7039005e+10   0.0000000e+00   0.0000000e+00   0.0000000e+00   0.0000000e+00   0.0000000e+00   0.0000000e+00   6.7039005e+10   0.0000000e+00   0.0000000e+00   0.0000000e+00   0.0000000e+00   0.0000000e+00   0.0000000e+00   6.7039005e+10
   6.2910000e+06   3.3747100e+03   2.2014812e+11   8.5315809e+10   8.5315809e+10   0.0000000e+00   0.0000000e+00   0.0000000e+00   8.5315809e+10   2.2014812e+11   8.5315809e+10   0.0000000e+00   0.0000000e+00   0.0000000e+00   8.5315809e+10   8.5315809e+10   2.2014812e+11   0.0000000e+00   0.0000000e+00   0.0000000e+00   0.0000000e+00   0.0000000e+00   0.0000000e+00   6.7416156e+10   0.0000000e+00   0.0000000e+00   0.0000000e+00   0.0000000e+00   0.0000000e+00   0.0000000e+00   6.7416156e+10   0.0000000e+00   0.0000000e+00   0.0000000e+00   0.0000000e+00   0.0000000e+00   0.0000000e+00   6.7416156e+10
   6.2910000e+06   3.3747100e+03   2.2014812e+11   8.5313961e+10   8.5313961e+10   0.0000000e+00   0.0000000e+00   0.0000000e+00   8.5313961e+10   2.2014812e+11   8.5313961e+10   0.0000000e+00   0.0000000e+00   0.0000000e+00   8.5313961e+10   8.5313961e+10   2.2014812e+11   0.0000000e+00   0.0000000e+00   0.0000000e+00   0.0000000e+00   0.0000000e+00   0.0000000e+00   6.7417080e+10   0.0000000e+00   0.0000000e+00   0.0000000e+00   0.0000000e+00   0.0000000e+00   0.0000000e+00   6.7417080e+10   0.0000000e+00   0.0000000e+00   0.0000000e+00   0.0000000e+00   0.0000000e+00   0.0000000e+00   6.7417080e+10
   6.3188000e+06   3.3777300e+03   2.2126960e+11   8.5673023e+10   8.5673023e+10   0.0000000e+00   0.0000000e+00   0.0000000e+00   8.5673023e+10   2.2126960e+11   8.5673023e+10   0.0000000e+00   0.0000000e+00   0.0000000e+00   8.5673023e+10   8.5673023e+10   2.2126960e+11   0.0000000e+00   0.0000000e+00   0.0000000e+00   0.0000000e+00   0.0000000e+00   0.0000000e+00   6.7798290e+10   0.0000000e+00   0.0000000e+00   0.0000000e+00   0.0000000e+00   0.0000000e+00   0.0000000e+00   6.7798290e+10   0.0000000e+00   0.0000000e+00   0.0000000e+00   0.0000000e+00   0.0000000e+00   0.0000000e+00   6.7798290e+10
   6.3466000e+06   3.3807500e+03   2.2238759e+11   8.6015457e+10   8.6015457e+10   0.0000000e+00   0.0000000e+00   0.0000000e+00   8.6015457e+10   2.2238759e+11   8.6015457e+10   0.0000000e+00   0.0000000e+00   0.0000000e+00   8.6015457e+10   8.6015457e+10   2.2238759e+11   0.0000000e+00   0.0000000e+00   0.0000000e+00   0.0000000e+00   0.0000000e+00   0.0000000e+00   6.8186068e+10   0.0000000e+00   0.0000000e+00   0.0000000e+00   0.0000000e+00   0.0000000e+00   0.0000000e+00   6.8186068e+10   0.0000000e+00   0.0000000e+00   0.0000000e+00   0.0000000e+00   0.0000000e+00   0.0000000e+00   6.8186068e+10
   6.3466000e+06   2.9000000e+03   1.3409600e+11   4.5878000e+10   4.5878000e+10   0.0000000e+00   0.0000000e+00   0.0000000e+00   4.5878000e+10   1.3409600e+11   4.5878000e+10   0.0000000e+00   0.0000000e+00   0.0000000e+00   4.5878000e+10   4.5878000e+10   1.3409600e+11   0.0000000e+00   0.0000000e+00   0.0000000e+00   0.0000000e+00   0.0000000e+00   0.0000000e+00   4.4109000e+10   0.0000000e+00   0.0000000e+00   0.0000000e+00   0.0000000e+00   0.0000000e+00   0.0000000e+00   4.4109000e+10   0.0000000e+00   0.0000000e+00   0.0000000e+00   0.0000000e+00   0.0000000e+00   0.0000000e+00   4.4109000e+10
   6.3470000e+06   2.9000000e+03   1.3409600e+11   4.5878000e+10   4.5878000e+10   0.0000000e+00   0.0000000e+00   0.0000000e+00   4.5878000e+10   1.3409600e+11   4.5878000e+10   0.0000000e+00   0.0000000e+00   0.0000000e+00   4.5878000e+10   4.5878000e+10   1.3409600e+11   0.0000000e+00   0.0000000e+00   0.0000000e+00   0.0000000e+00   0.0000000e+00   0.0000000e+00   4.4109000e+10   0.0000000e+00   0.0000000e+00   0.0000000e+00   0.0000000e+00   0.0000000e+00   0.0000000e+00   4.4109000e+10   0.0000000e+00   0.0000000e+00   0.0000000e+00   0.0000000e+00   0.0000000e+00   0.0000000e+00   4.4109000e+10
   6.3480000e+06   2.9000000e+03   1.3409600e+11   4.5878000e+10   4.5878000e+10   0.0000000e+00   0.0000000e+00   0.0000000e+00   4.5878000e+10   1.3409600e+11   4.5878000e+10   0.0000000e+00   0.0000000e+00   0.0000000e+00   4.5878000e+10   4.5878000e+10   1.3409600e+11   0.0000000e+00   0.0000000e+00   0.0000000e+00   0.0000000e+00   0.0000000e+00   0.0000000e+00   4.4109000e+10   0.0000000e+00   0.0000000e+00   0.0000000e+00   0.0000000e+00   0.0000000e+00   0.0000000e+00   4.4109000e+10   0.0000000e+00   0.0000000e+00   0.0000000e+00   0.0000000e+00   0.0000000e+00   0.0000000e+00   4.4109000e+10
   6.3490000e+06   2.9000000e+03   1.3409600e+11   4.5878000e+10   4.5878000e+10   0.0000000e+00   0.0000000e+00   0.0000000e+00   4.5878000e+10   1.3409600e+11   4.5878000e+10   0.0000000e+00   0.0000000e+00   0.0000000e+00   4.5878000e+10   4.5878000e+10   1.3409600e+11   0.0000000e+00   0.0000000e+00   0.0000000e+00   0.0000000e+00   0.0000000e+00   0.0000000e+00   4.4109000e+10   0.0000000e+00   0.0000000e+00   0.0000000e+00   0.0000000e+00   0.0000000e+00   0.0000000e+00   4.4109000e+10   0.0000000e+00   0.0000000e+00   0.0000000e+00   0.0000000e+00   0.0000000e+00   0.0000000e+00   4.4109000e+10
   6.3500000e+06   2.9000000e+03   1.3409600e+11   4.5878000e+10   4.5878000e+10   0.0000000e+00   0.0000000e+00   0.0000000e+00   4.5878000e+10   1.3409600e+11   4.5878000e+10   0.0000000e+00   0.0000000e+00   0.0000000e+00   4.5878000e+10   4.5878000e+10   1.3409600e+11   0.0000000e+00   0.0000000e+00   0.0000000e+00   0.0000000e+00   0.0000000e+00   0.0000000e+00   4.4109000e+10   0.0000000e+00   0.0000000e+00   0.0000000e+00   0.0000000e+00   0.0000000e+00   0.0000000e+00   4.4109000e+10   0.0000000e+00   0.0000000e+00   0.0000000e+00   0.0000000e+00   0.0000000e+00   0.0000000e+00   4.4109000e+10
   6.3510000e+06   2.9000000e+03   1.3409600e+11   4.5878000e+10   4.5878000e+10   0.0000000e+00   0.0000000e+00   0.0000000e+00   4.5878000e+10   1.3409600e+11   4.5878000e+10   0.0000000e+00   0.0000000e+00   0.0000000e+00   4.5878000e+10   4.5878000e+10   1.3409600e+11   0.0000000e+00   0.0000000e+00   0.0000000e+00   0.0000000e+00   0.0000000e+00   0.0000000e+00   4.4109000e+10   0.0000000e+00   0.0000000e+00   0.0000000e+00   0.0000000e+00   0.0000000e+00   0.0000000e+00   4.4109000e+10   0.0000000e+00   0.0000000e+00   0.0000000e+00   0.0000000e+00   0.0000000e+00   0.0000000e+00   4.4109000e+10
   6.3520000e+06   2.9000000e+03   1.3409600e+11   4.5878000e+10   4.5878000e+10   0.0000000e+00   0.0000000e+00   0.0000000e+00   4.5878000e+10   1.3409600e+11   4.5878000e+10   0.0000000e+00   0.0000000e+00   0.0000000e+00   4.5878000e+10   4.5878000e+10   1.3409600e+11   0.0000000e+00   0.0000000e+00   0.0000000e+00   0.0000000e+00   0.0000000e+00   0.0000000e+00   4.4109000e+10   0.0000000e+00   0.0000000e+00   0.0000000e+00   0.0000000e+00   0.0000000e+00   0.0000000e+00   4.4109000e+10   0.0000000e+00   0.0000000e+00   0.0000000e+00   0.0000000e+00   0.0000000e+00   0.0000000e+00   4.4109000e+10
   6.3530000e+06   2.9000000e+03   1.3409600e+11   4.5878000e+10   4.5878000e+10   0.0000000e+00   0.0000000e+00   0.0000000e+00   4.5878000e+10   1.3409600e+11   4.5878000e+10   0.0000000e+00   0.0000000e+00   0.0000000e+00   4.5878000e+10   4.5878000e+10   1.3409600e+11   0.0000000e+00   0.0000000e+00   0.0000000e+00   0.0000000e+00   0.0000000e+00   0.0000000e+00   4.4109000e+10   0.0000000e+00   0.0000000e+00   0.0000000e+00   0.0000000e+00   0.0000000e+00   0.0000000e+00   4.4109000e+10   0.0000000e+00   0.0000000e+00   0.0000000e+00   0.0000000e+00   0.0000000e+00   0.0000000e+00   4.4109000e+10
   6.3540000e+06   2.9000000e+03   1.3409600e+11   4.5878000e+10   4.5878000e+10   0.0000000e+00   0.0000000e+00   0.0000000e+00   4.5878000e+10   1.3409600e+11   4.5878000e+10   0.0000000e+00   0.0000000e+00   0.0000000e+00   4.5878000e+10   4.5878000e+10   1.3409600e+11   0.0000000e+00   0.0000000e+00   0.0000000e+00   0.0000000e+00   0.0000000e+00   0.0000000e+00   4.4109000e+10   0.0000000e+00   0.0000000e+00   0.0000000e+00   0.0000000e+00   0.0000000e+00   0.0000000e+00   4.4109000e+10   0.0000000e+00   0.0000000e+00   0.0000000e+00   0.0000000e+00   0.0000000e+00   0.0000000e+00   4.4109000e+10
   6.3550000e+06   2.9000000e+03   1.3409600e+11   4.5878000e+10   4.5878000e+10   0.0000000e+00   0.0000000e+00   0.0000000e+00   4.5878000e+10   1.3409600e+11   4.5878000e+10   0.0000000e+00   0.0000000e+00   0.0000000e+00   4.5878000e+10   4.5878000e+10   1.3409600e+11   0.0000000e+00   0.0000000e+00   0.0000000e+00   0.0000000e+00   0.0000000e+00   0.0000000e+00   4.4109000e+10   0.0000000e+00   0.0000000e+00   0.0000000e+00   0.0000000e+00   0.0000000e+00   0.0000000e+00   4.4109000e+10   0.0000000e+00   0.0000000e+00   0.0000000e+00   0.0000000e+00   0.0000000e+00   0.0000000e+00   4.4109000e+10
   6.3560000e+06   2.9000000e+03   1.3409600e+11   4.5878000e+10   4.5878000e+10   0.0000000e+00   0.0000000e+00   0.0000000e+00   4.5878000e+10   1.3409600e+11   4.5878000e+10   0.0000000e+00   0.0000000e+00   0.0000000e+00   4.5878000e+10   4.5878000e+10   1.3409600e+11   0.0000000e+00   0.0000000e+00   0.0000000e+00   0.0000000e+00   0.0000000e+00   0.0000000e+00   4.4109000e+10   0.0000000e+00   0.0000000e+00   0.0000000e+00   0.0000000e+00   0.0000000e+00   0.0000000e+00   4.4109000e+10   0.0000000e+00   0.0000000e+00   0.0000000e+00   0.0000000e+00   0.0000000e+00   0.0000000e+00   4.4109000e+10
   6.3560000e+06   2.6000000e+03   8.7464000e+10   3.4216000e+10   3.4216000e+10   0.0000000e+00   0.0000000e+00   0.0000000e+00   3.4216000e+10   8.7464000e+10   3.4216000e+10   0.0000000e+00   0.0000000e+00   0.0000000e+00   3.4216000e+10   3.4216000e+10   8.7464000e+10   0.0000000e+00   0.0000000e+00   0.0000000e+00   0.0000000e+00   0.0000000e+00   0.0000000e+00   2.6624000e+10   0.0000000e+00   0.0000000e+00   0.0000000e+00   0.0000000e+00   0.0000000e+00   0.0000000e+00   2.6624000e+10   0.0000000e+00   0.0000000e+00   0.0000000e+00   0.0000000e+00   0.0000000e+00   0.0000000e+00   2.6624000e+10
   6.3570000e+06   2.6000000e+03   8.7464000e+10   3.4216000e+10   3.4216000e+10   0.0000000e+00   0.0000000e+00   0.0000000e+00   3.4216000e+10   8.7464000e+10   3.4216000e+10   0.0000000e+00   0.0000000e+00   0.0000000e+00   3.4216000e+10   3.4216000e+10   8.7464000e+10   0.0000000e+00   0.0000000e+00   0.0000000e+00   0.0000000e+00   0.0000000e+00   0.0000000e+00   2.6624000e+10   0.0000000e+00   0.0000000e+00   0.0000000e+00   0.0000000e+00   0.0000000e+00   0.0000000e+00   2.6624000e+10   0.0000000e+00   0.0000000e+00   0.0000000e+00   0.0000000e+00   0.0000000e+00   0.0000000e+00   2.6624000e+10
   6.3580000e+06   2.6000000e+03   8.7464000e+10   3.4216000e+10   3.4216000e+10   0.0000000e+00   0.0000000e+00   0.0000000e+00   3.4216000e+10   8.7464000e+10   3.4216000e+10   0.0000000e+00   0.0000000e+00   0.0000000e+00   3.4216000e+10   3.4216000e+10   8.7464000e+10   0.0000000e+00   0.0000000e+00   0.0000000e+00   0.0000000e+00   0.0000000e+00   0.0000000e+00   2.6624000e+10   0.0000000e+00   0.0000000e+00   0.0000000e+00   0.0000000e+00   0.0000000e+00   0.0000000e+00   2.6624000e+10   0.0000000e+00   0.0000000e+00   0.0000000e+00   0.0000000e+00   0.0000000e+00   0.0000000e+00   2.6624000e+10
   6.3590000e+06   2.6000000e+03   8.7464000e+10   3.4216000e+10   3.4216000e+10   0.0000000e+00   0.0000000e+00   0.0000000e+00   3.4216000e+10   8.7464000e+10   3.4216000e+10   0.0000000e+00   0.0000000e+00   0.0000000e+00   3.4216000e+10   3.4216000e+10   8.7464000e+10   0.0000000e+00   0.0000000e+00   0.0000000e+00   0.0000000e+00   0.0000000e+00   0.0000000e+00   2.6624000e+10   0.0000000e+00   0.0000000e+00   0.0000000e+00   0.0000000e+00   0.0000000e+00   0.0000000e+00   2.6624000e+10   0.0000000e+00   0.0000000e+00   0.0000000e+00   0.0000000e+00   0.0000000e+00   0.0000000e+00   2.6624000e+10
   6.3600000e+06   2.6000000e+03   8.7464000e+10   3.4216000e+10   3.4216000e+10   0.0000000e+00   0.0000000e+00   0.0000000e+00   3.4216000e+10   8.7464000e+10   3.4216000e+10   0.0000000e+00   0.0000000e+00   0.0000000e+00   3.4216000e+10   3.4216000e+10   8.7464000e+10   0.0000000e+00   0.0000000e+00   0.0000000e+00   0.0000000e+00   0.0000000e+00   0.0000000e+00   2.6624000e+10   0.0000000e+00   0.0000000e+00   0.0000000e+00   0.0000000e+00   0.0000000e+00   0.0000000e+00   2.6624000e+10   0.0000000e+00   0.0000000e+00   0.0000000e+00   0.0000000e+00   0.0000000e+00   0.0000000e+00   2.6624000e+10
   6.3610000e+06   2.6000000e+03   8.7464000e+10   3.4216000e+10   3.4216000e+10   0.0000000e+00   0.0000000e+00   0.0000000e+00   3.4216000e+10   8.7464000e+10   3.4216000e+10   0.0000000e+00   0.0000000e+00   0.0000000e+00   3.4216000e+10   3.4216000e+10   8.7464000e+10   0.0000000e+00   0.0000000e+00   0.0000000e+00   0.0000000e+00   0.0000000e+00   0.0000000e+00   2.6624000e+10   0.0000000e+00   0.0000000e+00   0.0000000e+00   0.0000000e+00   0.0000000e+00   0.0000000e+00   2.6624000e+10   0.0000000e+00   0.0000000e+00   0.0000000e+00   0.0000000e+00   0.0000000e+00   0.0000000e+00   2.6624000e+10
   6.3620000e+06   2.6000000e+03   8.7464000e+10   3.4216000e+10   3.4216000e+10   0.0000000e+00   0.0000000e+00   0.0000000e+00   3.4216000e+10   8.7464000e+10   3.4216000e+10   0.0000000e+00   0.0000000e+00   0.0000000e+00   3.4216000e+10   3.4216000e+10   8.7464000e+10   0.0000000e+00   0.0000000e+00   0.0000000e+00   0.0000000e+00   0.0000000e+00   0.0000000e+00   2.6624000e+10   0.0000000e+00   0.0000000e+00   0.0000000e+00   0.0000000e+00   0.0000000e+00   0.0000000e+00   2.6624000e+10   0.0000000e+00   0.0000000e+00   0.0000000e+00   0.0000000e+00   0.0000000e+00   0.0000000e+00   2.6624000e+10
   6.3630000e+06   2.6000000e+03   8.7464000e+10   3.4216000e+10   3.4216000e+10   0.0000000e+00   0.0000000e+00   0.0000000e+00   3.4216000e+10   8.7464000e+10   3.4216000e+10   0.0000000e+00   0.0000000e+00   0.0000000e+00   3.4216000e+10   3.4216000e+10   8.7464000e+10   0.0000000e+00   0.0000000e+00   0.0000000e+00   0.0000000e+00   0.0000000e+00   0.0000000e+00   2.6624000e+10   0.0000000e+00   0.0000000e+00   0.0000000e+00   0.0000000e+00   0.0000000e+00   0.0000000e+00   2.6624000e+10   0.0000000e+00   0.0000000e+00   0.0000000e+00   0.0000000e+00   0.0000000e+00   0.0000000e+00   2.6624000e+10
   6.3640000e+06   2.6000000e+03   8.7464000e+10   3.4216000e+10   3.4216000e+10   0.0000000e+00   0.0000000e+00   0.0000000e+00   3.4216000e+10   8.7464000e+10   3.4216000e+10   0.0000000e+00   0.0000000e+00   0.0000000e+00   3.4216000e+10   3.4216000e+10   8.7464000e+10   0.0000000e+00   0.0000000e+00   0.0000000e+00   0.0000000e+00   0.0000000e+00   0.0000000e+00   2.6624000e+10   0.0000000e+00   0.0000000e+00   0.0000000e+00   0.0000000e+00   0.0000000e+00   0.0000000e+00   2.6624000e+10   0.0000000e+00   0.0000000e+00   0.0000000e+00   0.0000000e+00   0.0000000e+00   0.0000000e+00   2.6624000e+10
   6.3650000e+06   2.6000000e+03   8.7464000e+10   3.4216000e+10   3.4216000e+10   0.0000000e+00   0.0000000e+00   0.0000000e+00   3.4216000e+10   8.7464000e+10   3.4216000e+10   0.0000000e+00   0.0000000e+00   0.0000000e+00   3.4216000e+10   3.4216000e+10   8.7464000e+10   0.0000000e+00   0.0000000e+00   0.0000000e+00   0.0000000e+00   0.0000000e+00   0.0000000e+00   2.6624000e+10   0.0000000e+00   0.0000000e+00   0.0000000e+00   0.0000000e+00   0.0000000e+00   0.0000000e+00   2.6624000e+10   0.0000000e+00   0.0000000e+00   0.0000000e+00   0.0000000e+00   0.0000000e+00   0.0000000e+00   2.6624000e+10
   6.3660000e+06   2.6000000e+03   8.7464000e+10   3.4216000e+10   3.4216000e+10   0.0000000e+00   0.0000000e+00   0.0000000e+00   3.4216000e+10   8.7464000e+10   3.4216000e+10   0.0000000e+00   0.0000000e+00   0.0000000e+00   3.4216000e+10   3.4216000e+10   8.7464000e+10   0.0000000e+00   0.0000000e+00   0.0000000e+00   0.0000000e+00   0.0000000e+00   0.0000000e+00   2.6624000e+10   0.0000000e+00   0.0000000e+00   0.0000000e+00   0.0000000e+00   0.0000000e+00   0.0000000e+00   2.6624000e+10   0.0000000e+00   0.0000000e+00   0.0000000e+00   0.0000000e+00   0.0000000e+00   0.0000000e+00   2.6624000e+10
   6.3670000e+06   2.6000000e+03   8.7464000e+10   3.4216000e+10   3.4216000e+10   0.0000000e+00   0.0000000e+00   0.0000000e+00   3.4216000e+10   8.7464000e+10   3.4216000e+10   0.0000000e+00   0.0000000e+00   0.0000000e+00   3.4216000e+10   3.4216000e+10   8.7464000e+10   0.0000000e+00   0.0000000e+00   0.0000000e+00   0.0000000e+00   0.0000000e+00   0.0000000e+00   2.6624000e+10   0.0000000e+00   0.0000000e+00   0.0000000e+00   0.0000000e+00   0.0000000e+00   0.0000000e+00   2.6624000e+10   0.0000000e+00   0.0000000e+00   0.0000000e+00   0.0000000e+00   0.0000000e+00   0.0000000e+00   2.6624000e+10
   6.3680000e+06   2.6000000e+03   8.7464000e+10   3.4216000e+10   3.4216000e+10   0.0000000e+00   0.0000000e+00   0.0000000e+00   3.4216000e+10   8.7464000e+10   3.4216000e+10   0.0000000e+00   0.0000000e+00   0.0000000e+00   3.4216000e+10   3.4216000e+10   8.7464000e+10   0.0000000e+00   0.0000000e+00   0.0000000e+00   0.0000000e+00   0.0000000e+00   0.0000000e+00   2.6624000e+10   0.0000000e+00   0.0000000e+00   0.0000000e+00   0.0000000e+00   0.0000000e+00   0.0000000e+00   2.6624000e+10   0.0000000e+00   0.0000000e+00   0.0000000e+00   0.0000000e+00   0.0000000e+00   0.0000000e+00   2.6624000e+10
   6.3680000e+06   1.0200000e+03   2.1445500e+09   2.1445500e+09   2.1445500e+09   0.0000000e+00   0.0000000e+00   0.0000000e+00   2.1445500e+09   2.1445500e+09   2.1445500e+09   0.0000000e+00   0.0000000e+00   0.0000000e+00   2.1445500e+09   2.1445500e+09   2.1445500e+09   0.0000000e+00   0.0000000e+00   0.0000000e+00   0.0000000e+00   0.0000000e+00   0.0000000e+00   0.0000000e+00   0.0000000e+00   0.0000000e+00   0.0000000e+00   0.0000000e+00   0.0000000e+00   0.0000000e+00   0.0000000e+00   0.0000000e+00   0.0000000e+00   0.0000000e+00   0.0000000e+00   0.0000000e+00   0.0000000e+00   0.0000000e+00
   6.3710000e+06   1.0200000e+03   2.1445500e+09   2.1445500e+09   2.1445500e+09   0.0000000e+00   0.0000000e+00   0.0000000e+00   2.1445500e+09   2.1445500e+09   2.1445500e+09   0.0000000e+00   0.0000000e+00   0.0000000e+00   2.1445500e+09   2.1445500e+09   2.1445500e+09   0.0000000e+00   0.0000000e+00   0.0000000e+00   0.0000000e+00   0.0000000e+00   0.0000000e+00   0.0000000e+00   0.0000000e+00   0.0000000e+00   0.0000000e+00   0.0000000e+00   0.0000000e+00   0.0000000e+00   0.0000000e+00   0.0000000e+00   0.0000000e+00   0.0000000e+00   0.0000000e+00   0.0000000e+00   0.0000000e+00   0.0000000e+00
