2 3233.343 4.952171 6.390955
3 2134.217 5.358965 6.705134
4 1545.429 5.756069 7.511550
5 1189.877 6.116778 7.884074
6 963.1917 6.393834 7.879951
7 811.8258 6.574510 7.551220
8 707.4604 6.656814 6.946355
9 633.6008 6.650406 6.236401
10 579.2166 6.581989 5.648345
11 536.9372 6.482852 5.253803
12 502.4180 6.374003 4.997032
13 473.2748 6.265277 4.813338
14 448.1491 6.160230 4.664549
15 426.1878 6.059751 4.532913
16 406.7993 5.963804 4.411514
17 389.5417 5.872128 4.298390
18 374.0692 5.784472 4.193553
19 360.1039 5.700659 4.097568
20 347.4187 5.620572 4.010948
21 335.8269 5.544132 3.933922
22 325.1742 5.471279 3.866397
23 315.3325 5.401954 3.808003
24 306.1954 5.336085 3.758164
25 297.6741 5.273588 3.716170
26 289.6946 5.214362 3.681246
27 282.1946 5.158295 3.652599
28 275.1217 5.105259 3.629455
29 268.4318 5.055120 3.611083
30 262.0872 5.007740 3.596812
31 256.0559 4.962975 3.586034
32 250.3103 4.920683 3.578210
33 244.8266 4.880723 3.572863
34 239.5839 4.842959 3.569580
35 234.5642 4.807257 3.568003
36 229.7516 4.773491 3.567826
37 225.1318 4.741540 3.568789
38 220.6923 4.711288 3.570668
39 216.4217 4.682627 3.573277
40 212.3099 4.655456 3.576461
41 208.3476 4.629679 3.580086
42 204.5264 4.605207 3.584046
43 200.8387 4.581956 3.588249
44 197.2773 4.559848 3.592623
45 193.8358 4.538811 3.597105
46 190.5081 4.518779 3.601648
47 187.2887 4.499687 3.606211
48 184.1724 4.481478 3.610764
49 181.1542 4.464099 3.615280
50 178.2298 4.447498 3.619742
51 175.3948 4.431629 3.624134
52 172.6454 4.416450 3.628445
53 169.9776 4.401918 3.632668
54 167.3881 4.387999 3.636797
55 164.8734 4.374655 3.640829
56 162.4305 4.361856 3.644763
57 160.0565 4.349571 3.648599
58 157.7484 4.337772 3.652336
59 155.5037 4.326432 3.655978
60 153.3198 4.315528 3.659526
61 151.1943 4.305036 3.662982
62 149.1251 4.294936 3.666351
63 147.1099 4.285207 3.669636
64 145.1467 4.275831 3.672840
65 143.2336 4.266791 3.675966
66 141.3686 4.258070 3.679018
67 139.5501 4.249653 3.682000
68 137.7764 4.241525 3.684915
69 136.0458 4.233674 3.687766
70 134.3569 4.226086 3.690558
71 132.7082 4.218749 3.693293
72 131.0982 4.211654 3.695974
73 129.5257 4.204787 3.698603
74 127.9894 4.198141 3.701185
75 126.4881 4.191706 3.703721
76 125.0206 4.185472 3.706214
77 123.5858 4.179431 3.708665
78 122.1826 4.173576 3.711078
79 120.8101 4.167899 3.713454
80 119.4672 4.162392 3.715795
81 118.1530 4.157050 3.718103
82 116.8666 4.151865 3.720379
83 115.6071 4.146832 3.722625
84 114.3738 4.141945 3.724842
85 113.1657 4.137199 3.727031
86 111.9823 4.132587 3.729193
87 110.8227 4.128106 3.731330
88 109.6861 4.123751 3.733442
89 108.5721 4.119516 3.735530
90 107.4798 4.115399 3.737595
91 106.4087 4.111394 3.739637
92 105.3582 4.107498 3.741657
93 104.3277 4.103707 3.743656
94 103.3166 4.100017 3.745633
95 102.3244 4.096426 3.747590
96 101.3505 4.092929 3.749526
97 100.3945 4.089524 3.751442
98 99.45260 4.086346 3.753141
99 98.53105 4.083112 3.755021
100 97.62598 4.079961 3.756882
101 96.73696 4.076890 3.758722
102 95.86355 4.073898 3.760543
103 95.00536 4.070980 3.762344
104 94.16201 4.068136 3.764125
105 93.33311 4.065363 3.765886
106 92.51830 4.062658 3.767628
107 91.71723 4.060019 3.769350
108 90.92955 4.057445 3.771052
109 90.15495 4.054934 3.772733
110 89.39310 4.052483 3.774395
111 88.64369 4.050091 3.776037
112 87.90643 4.047756 3.777658
113 87.18102 4.045476 3.779258
114 86.46719 4.043250 3.780838
115 85.76467 4.041076 3.782397
116 85.07319 4.038953 3.783935
117 84.39251 4.036879 3.785453
118 83.72236 4.034852 3.786949
119 83.06252 4.032872 3.788423
120 82.41275 4.030937 3.789877
121 81.77283 4.029045 3.791309
122 81.14254 4.027196 3.792719
123 80.52167 4.025388 3.794108
124 79.91000 4.023620 3.795475
125 79.30735 4.021891 3.796819
126 78.71351 4.020200 3.798142
127 78.12831 4.018545 3.799443
128 77.55155 4.016927 3.800722
129 76.98305 4.015342 3.801978
130 76.42265 4.013792 3.803212
131 75.87018 4.012274 3.804424
132 75.32547 4.010789 3.805614
133 74.78836 4.009334 3.806781
134 74.25870 4.007909 3.807925
135 73.73634 4.006514 3.809048
136 73.22113 4.005147 3.810147
137 72.71293 4.003807 3.811225
138 72.21159 4.002495 3.812280
139 71.71699 4.001209 3.813313
140 71.22900 3.999948 3.814323
141 70.74747 3.998712 3.815311
142 70.27230 3.997500 3.816277
143 69.80335 3.996311 3.817220
144 69.34051 3.995145 3.818141
145 68.88366 3.994002 3.819041
146 68.43270 3.992879 3.819918
147 67.98750 3.991778 3.820773
148 67.54796 3.990697 3.821606
149 67.11398 3.989636 3.822418
150 66.68545 3.988595 3.823208
151 66.26228 3.987572 3.823976
152 65.84436 3.986567 3.824723
153 65.43161 3.985580 3.825449
154 65.02393 3.984610 3.826153
155 64.62122 3.983657 3.826836
156 64.22341 3.982720 3.827498
157 63.83040 3.981799 3.828140
158 63.44211 3.980894 3.828760
159 63.05846 3.980003 3.829360
160 62.67936 3.979127 3.829940
161 62.30475 3.978266 3.830499
162 61.93453 3.977418 3.831038
163 61.56864 3.976584 3.831557
164 61.20701 3.975762 3.832057
165 60.84955 3.974954 3.832536
166 60.49621 3.974158 3.832996
167 60.14690 3.973374 3.833437
168 59.80157 3.972601 3.833858
169 59.46015 3.971840 3.834261
170 59.12258 3.971090 3.834644
171 58.78878 3.970351 3.835009
172 58.45871 3.969622 3.835355
173 58.13229 3.968903 3.835683
174 57.80948 3.968195 3.835992
175 57.49021 3.967496 3.836284
176 57.17443 3.966806 3.836557
177 56.86207 3.966125 3.836813
178 56.55310 3.965454 3.837052
179 56.24744 3.964790 3.837272
180 55.94506 3.964136 3.837476
181 55.64590 3.963489 3.837663
182 55.34992 3.962850 3.837832
183 55.05705 3.962219 3.837985
184 54.76726 3.961595 3.838121
185 54.48049 3.960979 3.838241
186 54.19671 3.960370 3.838345
187 53.91586 3.959767 3.838433
188 53.63791 3.959171 3.838504
189 53.36280 3.958582 3.838560
190 53.09050 3.957999 3.838601
191 52.82097 3.957422 3.838625
192 52.55416 3.956851 3.838635
193 52.29003 3.956285 3.838630
194 52.02855 3.955725 3.838609
195 51.76967 3.955171 3.838574
196 51.51337 3.954622 3.838524
197 51.25959 3.954078 3.838459
198 51.00831 3.953539 3.838380
199 50.75949 3.953005 3.838287
200 50.51309 3.952475 3.838180
201 50.26908 3.951951 3.838059
202 50.02743 3.951430 3.837924
203 49.78810 3.950914 3.837775
204 49.55106 3.950402 3.837613
205 49.31628 3.949893 3.837437
206 49.08372 3.949389 3.837249
207 48.85337 3.948889 3.837047
208 48.62517 3.948392 3.836832
209 48.39912 3.947898 3.836604
210 48.17517 3.947409 3.836363
211 47.95331 3.946922 3.836110
212 47.73349 3.946439 3.835845
213 47.51570 3.945958 3.835567
214 47.29990 3.945481 3.835276
215 47.08607 3.945007 3.834974
216 46.87418 3.944535 3.834660
217 46.66422 3.944067 3.834333
218 46.45614 3.943600 3.833995
219 46.24993 3.943137 3.833646
220 46.04557 3.942675 3.833284
221 45.84302 3.942217 3.832911
222 45.64227 3.941760 3.832527
223 45.44330 3.941306 3.832132
224 45.24607 3.940854 3.831725
225 45.05057 3.940403 3.831308
226 44.85677 3.939955 3.830879
227 44.66466 3.939509 3.830440
228 44.47421 3.939064 3.829989
229 44.28540 3.938622 3.829528
230 44.09821 3.938180 3.829057
231 43.91262 3.937741 3.828575
232 43.72861 3.937303 3.828082
233 43.54616 3.936867 3.827580
234 43.36526 3.936432 3.827067
235 43.18587 3.935998 3.826543
236 43.00799 3.935566 3.826010
237 42.83160 3.935134 3.825467
238 42.65667 3.934705 3.824914
239 42.48319 3.934276 3.824350
240 42.31115 3.933848 3.823778
241 42.14052 3.933421 3.823195
242 41.97129 3.932996 3.822603
243 41.80344 3.932571 3.822001
244 41.63695 3.932147 3.821389
245 41.47181 3.931724 3.820769
246 41.30801 3.931301 3.820138
247 41.14552 3.930879 3.819499
248 40.98433 3.930458 3.818850
249 40.82443 3.930038 3.818192
250 40.66581 3.929618 3.817525
251 40.50844 3.929199 3.816849
252 40.35231 3.928780 3.816164
253 40.19741 3.928362 3.815470
254 40.04372 3.927944 3.814766
255 39.89123 3.927526 3.814054
256 39.73993 3.927109 3.813334
257 39.58981 3.926692 3.812604
258 39.44084 3.926276 3.811866
259 39.29302 3.925859 3.811119
260 39.14633 3.925443 3.810363
261 39.00077 3.925027 3.809599
262 38.85631 3.924611 3.808826
263 38.71295 3.924195 3.808045
264 38.57067 3.923779 3.807256
265 38.42947 3.923363 3.806458
266 38.28933 3.922948 3.805651
267 38.15024 3.922532 3.804836
268 38.01218 3.922116 3.804013
269 37.87515 3.921700 3.803182
270 37.73914 3.921283 3.802343
271 37.60413 3.920867 3.801495
272 37.47011 3.920451 3.800639
273 37.33708 3.920034 3.799775
274 37.20502 3.919617 3.798903
275 37.07392 3.919199 3.798023
276 36.94377 3.918782 3.797134
277 36.81457 3.918364 3.796238
278 36.68630 3.917946 3.795334
279 36.55895 3.917527 3.794422
280 36.43251 3.917108 3.793502
281 36.30698 3.916688 3.792574
282 36.18233 3.916268 3.791638
283 36.05858 3.915848 3.790695
284 35.93570 3.915427 3.789743
285 35.81368 3.915005 3.788784
286 35.69253 3.914583 3.787817
287 35.57222 3.914161 3.786842
288 35.45275 3.913738 3.785859
289 35.33412 3.913314 3.784869
290 35.21630 3.912889 3.783871
291 35.09930 3.912464 3.782866
292 34.98311 3.912039 3.781852
293 34.86772 3.911612 3.780831
294 34.75312 3.911185 3.779803
295 34.63930 3.910757 3.778767
296 34.52626 3.910329 3.777723
297 34.41398 3.909899 3.776672
298 34.30247 3.909469 3.775613
299 34.19170 3.909038 3.774546
300 34.08168 3.908606 3.773472
301 33.97240 3.908174 3.772391
302 33.86385 3.907740 3.771302
303 33.75603 3.907306 3.770206
304 33.64892 3.906871 3.769102
305 33.54252 3.906435 3.767990
306 33.43682 3.905998 3.766871
307 33.33182 3.905560 3.765745
308 33.22751 3.905121 3.764611
309 33.12389 3.904681 3.763470
310 33.02093 3.904240 3.762322
311 32.91865 3.903798 3.761166
312 32.81704 3.903355 3.760002
313 32.71608 3.902911 3.758832
314 32.61577 3.902466 3.757653
315 32.51611 3.902020 3.756468
316 32.41709 3.901573 3.755275
317 32.31870 3.901125 3.754075
318 32.22094 3.900676 3.752867
319 32.12380 3.900225 3.751652
320 32.02728 3.899774 3.750430
321 31.93136 3.899321 3.749200
322 31.83606 3.898868 3.747964
323 31.74135 3.898413 3.746719
324 31.64724 3.897956 3.745468
325 31.55371 3.897499 3.744209
326 31.46077 3.897041 3.742943
327 31.36841 3.896581 3.741669
328 31.27662 3.896120 3.740388
329 31.18540 3.895658 3.739100
330 31.09474 3.895194 3.737805
331 31.00463 3.894730 3.736502
332 30.91509 3.894264 3.735192
333 30.82609 3.893796 3.733875
334 30.73763 3.893328 3.732551
335 30.64971 3.892858 3.731219
336 30.56233 3.892387 3.729880
337 30.47547 3.891914 3.728533
338 30.38914 3.891441 3.727180
339 30.30333 3.890965 3.725819
340 30.21803 3.890489 3.724451
341 30.13325 3.890011 3.723076
342 30.04897 3.889532 3.721693
343 29.96519 3.889051 3.720303
344 29.88192 3.888569 3.718906
345 29.79913 3.888086 3.717502
346 29.71684 3.887601 3.716090
347 29.63503 3.887114 3.714671
348 29.55370 3.886627 3.713245
349 29.47285 3.886137 3.711812
350 29.39247 3.885647 3.710371
351 29.31257 3.885155 3.708923
352 29.23312 3.884661 3.707468
353 29.15414 3.884166 3.706006
354 29.07562 3.883670 3.704536
355 28.99755 3.883171 3.703059
356 28.91993 3.882672 3.701575
357 28.84276 3.882171 3.700084
358 28.76603 3.881668 3.698585
359 28.68974 3.881164 3.697079
360 28.61388 3.880658 3.695566
361 28.53846 3.880151 3.694046
362 28.46347 3.879642 3.692518
363 28.38890 3.879132 3.690984
364 28.31475 3.878620 3.689442
365 28.24102 3.878107 3.687892
366 28.16770 3.877591 3.686336
367 28.09480 3.877075 3.684772
368 28.02231 3.876556 3.683201
369 27.95022 3.876036 3.681623
370 27.87853 3.875515 3.680038
371 27.80724 3.874992 3.678445
372 27.73635 3.874467 3.676845
373 27.66584 3.873940 3.675238
374 27.59573 3.873412 3.673624
375 27.52601 3.872883 3.672002
376 27.45666 3.872351 3.670373
377 27.38770 3.871818 3.668737
378 27.31912 3.871283 3.667094
379 27.25091 3.870747 3.665443
380 27.18307 3.870209 3.663786
381 27.11560 3.869669 3.662121
382 27.04849 3.869127 3.660449
383 26.98175 3.868584 3.658769
384 26.91537 3.868039 3.657083
385 26.84934 3.867492 3.655389
386 26.78367 3.866944 3.653688
387 26.71835 3.866393 3.651979
388 26.65339 3.865842 3.650264
389 26.58877 3.865288 3.648541
390 26.52449 3.864732 3.646811
391 26.46055 3.864175 3.645074
392 26.39695 3.863616 3.643330
393 26.33369 3.863055 3.641578
394 26.27077 3.862493 3.639820
395 26.20817 3.861929 3.638054
396 26.14591 3.861363 3.636281
397 26.08397 3.860795 3.634500
398 26.02235 3.860225 3.632713
399 25.96106 3.859653 3.630918
400 25.90008 3.859080 3.629116
401 25.83943 3.858505 3.627307
402 25.77908 3.857928 3.625491
403 25.71905 3.857349 3.623668
404 25.65933 3.856768 3.621837
405 25.59992 3.856186 3.619999
406 25.54082 3.855602 3.618154
407 25.48201 3.855015 3.616302
408 25.42351 3.854427 3.614443
409 25.36531 3.853837 3.612577
410 25.30740 3.853246 3.610703
411 25.24979 3.852652 3.608822
412 25.19248 3.852056 3.606934
413 25.13545 3.851459 3.605039
414 25.07871 3.850860 3.603137
415 25.02226 3.850259 3.601228
416 24.96609 3.849656 3.599312
417 24.91021 3.849051 3.597388
418 24.85461 3.848444 3.595458
419 24.79928 3.847835 3.593520
420 24.74423 3.847224 3.591576
421 24.68946 3.846612 3.589624
422 24.63496 3.845997 3.587665
423 24.58073 3.845381 3.585699
424 24.52677 3.844762 3.583726
425 24.47307 3.844142 3.581746
426 24.41964 3.843520 3.579759
427 24.36648 3.842896 3.577764
428 24.31358 3.842269 3.575763
429 24.26093 3.841641 3.573755
430 24.20855 3.841011 3.571740
431 24.15642 3.840379 3.569717
432 24.10455 3.839745 3.567688
433 24.05292 3.839109 3.565652
434 24.00155 3.838471 3.563609
435 23.95043 3.837832 3.561558
436 23.89956 3.837190 3.559501
437 23.84894 3.836546 3.557437
438 23.79855 3.835900 3.555366
439 23.74842 3.835252 3.553288
440 23.69852 3.834603 3.551203
441 23.64886 3.833951 3.549111
442 23.59944 3.833297 3.547013
443 23.55026 3.832641 3.544907
444 23.50131 3.831984 3.542795
445 23.45259 3.831324 3.540675
446 23.40411 3.830662 3.538549
447 23.35586 3.829999 3.536416
448 23.30783 3.829333 3.534276
449 23.26004 3.828665 3.532129
450 23.21247 3.827995 3.529976
451 23.16512 3.827323 3.527816
452 23.11800 3.826650 3.525649
453 23.07109 3.825974 3.523475
454 23.02441 3.825296 3.521294
455 22.97795 3.824616 3.519107
456 22.93170 3.823934 3.516913
457 22.88567 3.823250 3.514712
458 22.83986 3.822564 3.512505
459 22.79425 3.821876 3.510291
460 22.74886 3.821186 3.508070
461 22.70368 3.820494 3.505843
462 22.65871 3.819800 3.503609
463 22.61394 3.819104 3.501368
464 22.56939 3.818405 3.499121
465 22.52503 3.817705 3.496867
466 22.48088 3.817003 3.494607
467 22.43694 3.816298 3.492340
468 22.39319 3.815592 3.490067
469 22.34964 3.814883 3.487787
470 22.30630 3.814173 3.485501
471 22.26315 3.813460 3.483208
472 22.22019 3.812745 3.480909
473 22.17744 3.812029 3.478603
474 22.13487 3.811310 3.476291
475 22.09250 3.810589 3.473973
476 22.05032 3.809866 3.471648
477 22.00833 3.809141 3.469317
478 21.96653 3.808414 3.466979
479 21.92491 3.807685 3.464636
480 21.88348 3.806954 3.462286
481 21.84224 3.806221 3.459930
482 21.80119 3.805485 3.457567
483 21.76031 3.804748 3.455198
484 21.71962 3.804008 3.452824
485 21.67911 3.803267 3.450443
486 21.63878 3.802523 3.448055
487 21.59863 3.801778 3.445662
488 21.55865 3.801030 3.443263
489 21.51886 3.800280 3.440857
490 21.47923 3.799528 3.438446
491 21.43979 3.798774 3.436028
492 21.40051 3.798018 3.433605
493 21.36141 3.797260 3.431176
494 21.32248 3.796500 3.428740
495 21.28372 3.795738 3.426299
496 21.24513 3.794974 3.423852
497 21.20671 3.794207 3.421399
498 21.16846 3.793439 3.418940
499 21.13037 3.792668 3.416475
500 21.09245 3.791896 3.414005
501 21.05469 3.791121 3.411529
502 21.01710 3.790344 3.409047
503 20.97967 3.789565 3.406559
504 20.94240 3.788785 3.404066
505 20.90529 3.788002 3.401567
506 20.86834 3.787217 3.399063
507 20.83155 3.786429 3.396553
508 20.79492 3.785640 3.394037
509 20.75844 3.784849 3.391516
510 20.72212 3.784056 3.388990
511 20.68596 3.783261 3.386458
512 20.64994 3.782463 3.383920
513 20.61409 3.781664 3.381377
514 20.57838 3.780862 3.378829
515 20.54283 3.780059 3.376276
516 20.50743 3.779253 3.373717
517 20.47217 3.778445 3.371153
518 20.43707 3.777636 3.368584
519 20.40211 3.776824 3.366009
520 20.36731 3.776010 3.363430
521 20.33264 3.775194 3.360845
522 20.29813 3.774376 3.358256
523 20.26376 3.773556 3.355661
524 20.22953 3.772734 3.353061
525 20.19544 3.771910 3.350456
526 20.16150 3.771084 3.347846
527 20.12770 3.770256 3.345232
528 20.09404 3.769426 3.342612
529 20.06052 3.768594 3.339988
530 20.02714 3.767760 3.337359
531 19.99390 3.766923 3.334725
532 19.96079 3.766085 3.332087
533 19.92782 3.765245 3.329443
534 19.89499 3.764403 3.326795
535 19.86229 3.763558 3.324143
536 19.82973 3.762712 3.321486
537 19.79730 3.761864 3.318824
538 19.76500 3.761013 3.316158
539 19.73284 3.760161 3.313488
540 19.70081 3.759307 3.310813
541 19.66891 3.758450 3.308133
542 19.63714 3.757592 3.305450
543 19.60549 3.756732 3.302762
544 19.57398 3.755869 3.300070
545 19.54259 3.755005 3.297373
546 19.51134 3.754139 3.294673
547 19.48020 3.753270 3.291968
548 19.44920 3.752400 3.289259
549 19.41832 3.751528 3.286547
550 19.38756 3.750654 3.283830
551 19.35693 3.749778 3.281109
552 19.32642 3.748899 3.278384
553 19.29603 3.748019 3.275656
554 19.26577 3.747137 3.272924
555 19.23562 3.746253 3.270187
556 19.20560 3.745367 3.267448
557 19.17570 3.744480 3.264704
558 19.14591 3.743590 3.261957
559 19.11625 3.742698 3.259206
560 19.08670 3.741804 3.256452
561 19.05727 3.740909 3.253694
562 19.02795 3.740011 3.250932
563 18.99875 3.739112 3.248168
564 18.96967 3.738211 3.245400
565 18.94070 3.737307 3.242628
566 18.91185 3.736402 3.239853
567 18.88311 3.735495 3.237075
568 18.85448 3.734586 3.234294
569 18.82596 3.733675 3.231510
570 18.79756 3.732763 3.228722
571 18.76927 3.731848 3.225932
572 18.74108 3.730932 3.223138
573 18.71301 3.730013 3.220342
574 18.68505 3.729093 3.217542
575 18.65719 3.728171 3.214740
576 18.62945 3.727247 3.211935
577 18.60181 3.726322 3.209127
578 18.57428 3.725394 3.206316
579 18.54685 3.724465 3.203503
580 18.51953 3.723533 3.200687
581 18.49232 3.722600 3.197869
582 18.46521 3.721665 3.195048
583 18.43820 3.720729 3.192224
584 18.41130 3.719790 3.189398
585 18.38450 3.718850 3.186570
586 18.35781 3.717908 3.183739
587 18.33122 3.716964 3.180906
588 18.30472 3.716018 3.178071
589 18.27833 3.715071 3.175234
590 18.25204 3.714122 3.172394
591 18.22585 3.713171 3.169553
592 18.19976 3.712218 3.166709
593 18.17377 3.711263 3.163863
594 18.14787 3.710307 3.161016
595 18.12208 3.709349 3.158166
596 18.09638 3.708389 3.155315
597 18.07078 3.707428 3.152462
598 18.04527 3.706465 3.149607
599 18.01986 3.705500 3.146751
600 17.99455 3.704533 3.143892
601 17.96933 3.703565 3.141033
602 17.94421 3.702595 3.138171
603 17.91917 3.701623 3.135308
604 17.89424 3.700650 3.132444
605 17.86939 3.699675 3.129579
606 17.84464 3.698698 3.126712
607 17.81998 3.697719 3.123843
608 17.79541 3.696739 3.120974
609 17.77093 3.695758 3.118103
610 17.74655 3.694774 3.115232
611 17.72225 3.693789 3.112359
612 17.69804 3.692803 3.109485
613 17.67393 3.691815 3.106610
614 17.64990 3.690825 3.103734
615 17.62596 3.689833 3.100857
616 17.60210 3.688840 3.097980
617 17.57834 3.687846 3.095101
618 17.55466 3.686849 3.092222
619 17.53107 3.685852 3.089343
620 17.50756 3.684852 3.086462
621 17.48414 3.683851 3.083581
622 17.46080 3.682849 3.080700
623 17.43755 3.681845 3.077818
624 17.41439 3.680839 3.074936
625 17.39130 3.679832 3.072053
626 17.36830 3.678824 3.069170
627 17.34539 3.677814 3.066287
628 17.32255 3.676802 3.063403
629 17.29980 3.675789 3.060519
630 17.27713 3.674774 3.057636
631 17.25455 3.673758 3.054752
632 17.23204 3.672741 3.051868
633 17.20961 3.671722 3.048984
634 17.18727 3.670701 3.046100
635 17.16500 3.669679 3.043216
636 17.14281 3.668656 3.040333
637 17.12070 3.667631 3.037449
638 17.09868 3.666605 3.034566
639 17.07672 3.665577 3.031684
640 17.05485 3.664548 3.028801
641 17.03305 3.663518 3.025920
642 17.01133 3.662486 3.023038
643 16.98969 3.661453 3.020157
644 16.96813 3.660418 3.017277
645 16.94664 3.659382 3.014397
646 16.92522 3.658345 3.011518
647 16.90388 3.657306 3.008640
648 16.88261 3.656266 3.005762
649 16.86142 3.655225 3.002886
650 16.84031 3.654182 3.000010
651 16.81926 3.653138 2.997135
652 16.79829 3.652093 2.994261
653 16.77740 3.651046 2.991388
654 16.75657 3.649998 2.988516
655 16.73582 3.648949 2.985645
656 16.71514 3.647898 2.982776
657 16.69453 3.646847 2.979907
658 16.67399 3.645794 2.977040
659 16.65352 3.644740 2.974174
660 16.63313 3.643684 2.971309
661 16.61280 3.642627 2.968446
662 16.59254 3.641570 2.965584
663 16.57236 3.640510 2.962724
664 16.55224 3.639450 2.959865
665 16.53219 3.638389 2.957008
666 16.51221 3.637326 2.954153
667 16.49229 3.636262 2.951299
668 16.47245 3.635197 2.948446
669 16.45267 3.634131 2.945596
670 16.43296 3.633064 2.942747
671 16.41331 3.631995 2.939900
672 16.39373 3.630925 2.937055
673 16.37422 3.629855 2.934212
674 16.35477 3.628783 2.931371
675 16.33539 3.627710 2.928532
676 16.31608 3.626636 2.925695
677 16.29682 3.625561 2.922860
678 16.27764 3.624485 2.920027
679 16.25851 3.623407 2.917197
680 16.23945 3.622329 2.914368
681 16.22046 3.621250 2.911542
682 16.20153 3.620169 2.908718
683 16.18266 3.619088 2.905897
684 16.16385 3.618006 2.903078
685 16.14510 3.616922 2.900261
686 16.12642 3.615838 2.897447
687 16.10780 3.614752 2.894635
688 16.08924 3.613666 2.891826
689 16.07074 3.612578 2.889020
690 16.05230 3.611490 2.886216
691 16.03393 3.610401 2.883415
692 16.01561 3.609310 2.880616
693 15.99735 3.608219 2.877820
694 15.97915 3.607127 2.875027
695 15.96102 3.606034 2.872237
696 15.94294 3.604940 2.869450
697 15.92492 3.603845 2.866666
698 15.90695 3.602749 2.863884
699 15.88905 3.601653 2.861106
700 15.87120 3.600555 2.858330
701 15.85341 3.599457 2.855558
702 15.83568 3.598358 2.852789
703 15.81801 3.597258 2.850022
704 15.80039 3.596157 2.847259
705 15.78283 3.595055 2.844500
706 15.76533 3.593953 2.841743
707 15.74788 3.592849 2.838990
708 15.73048 3.591745 2.836240
709 15.71315 3.590640 2.833493
710 15.69587 3.589534 2.830750
711 15.67864 3.588428 2.828010
712 15.66147 3.587321 2.825273
713 15.64435 3.586213 2.822540
714 15.62728 3.585104 2.819810
715 15.61027 3.583995 2.817084
716 15.59332 3.582884 2.814362
717 15.57641 3.581774 2.811643
718 15.55956 3.580662 2.808928
719 15.54277 3.579550 2.806216
720 15.52602 3.578437 2.803508
721 15.50933 3.577323 2.800804
722 15.49269 3.576209 2.798104
723 15.47610 3.575094 2.795407
724 15.45956 3.573978 2.792714
725 15.44308 3.572862 2.790025
726 15.42664 3.571745 2.787340
727 15.41026 3.570627 2.784659
728 15.39393 3.569509 2.781982
729 15.37764 3.568390 2.779308
730 15.36141 3.567271 2.776639
731 15.34523 3.566151 2.773974
732 15.32910 3.565031 2.771312
733 15.31301 3.563910 2.768655
734 15.29698 3.562788 2.766002
735 15.28099 3.561666 2.763353
736 15.26506 3.560543 2.760708
737 15.24917 3.559420 2.758067
738 15.23333 3.558296 2.755430
739 15.21754 3.557172 2.752798
740 15.20180 3.556047 2.750170
741 15.18610 3.554922 2.747546
742 15.17045 3.553796 2.744927
743 15.15485 3.552670 2.742311
744 15.13930 3.551543 2.739700
745 15.12379 3.550416 2.737094
746 15.10833 3.549288 2.734491
747 15.09291 3.548160 2.731894
748 15.07755 3.547031 2.729300
749 15.06222 3.545902 2.726711
750 15.04695 3.544773 2.724127
751 15.03171 3.543643 2.721547
752 15.01653 3.542513 2.718971
753 15.00139 3.541383 2.716400
754 14.98629 3.540252 2.713834
755 14.97124 3.539120 2.711272
756 14.95623 3.537989 2.708715
757 14.94127 3.536856 2.706162
758 14.92635 3.535724 2.703614
759 14.91147 3.534591 2.701070
760 14.89664 3.533458 2.698532
761 14.88185 3.532325 2.695998
762 14.86710 3.531191 2.693468
763 14.85240 3.530057 2.690944
764 14.83774 3.528923 2.688424
765 14.82313 3.527788 2.685908
766 14.80855 3.526653 2.683398
767 14.79402 3.525518 2.680892
768 14.77953 3.524383 2.678391
769 14.76508 3.523247 2.675895
770 14.75067 3.522111 2.673404
771 14.73631 3.520975 2.670918
772 14.72198 3.519838 2.668436
773 14.70770 3.518702 2.665959
774 14.69346 3.517565 2.663487
775 14.67925 3.516428 2.661020
776 14.66509 3.515291 2.658558
777 14.65097 3.514153 2.656101
778 14.63689 3.513015 2.653649
779 14.62285 3.511878 2.651202
780 14.60885 3.510740 2.648759
781 14.59489 3.509602 2.646322
782 14.58096 3.508463 2.643890
783 14.56708 3.507325 2.641462
784 14.55324 3.506186 2.639040
785 14.53943 3.505047 2.636623
786 14.52566 3.503909 2.634210
787 14.51194 3.502770 2.631803
788 14.49825 3.501631 2.629401
789 14.48459 3.500491 2.627003
790 14.47098 3.499352 2.624611
791 14.45740 3.498213 2.622224
792 14.44387 3.497073 2.619842
793 14.43037 3.495934 2.617465
794 14.41690 3.494794 2.615093
795 14.40348 3.493655 2.612726
796 14.39009 3.492515 2.610365
797 14.37673 3.491376 2.608008
798 14.36342 3.490236 2.605657
799 14.35014 3.489096 2.603310
800 14.33689 3.487956 2.600969
801 14.32369 3.486817 2.598633
802 14.31052 3.485677 2.596302
803 14.29738 3.484537 2.593977
804 14.28428 3.483397 2.591656
805 14.27122 3.482258 2.589340
806 14.25819 3.481118 2.587030
807 14.24520 3.479978 2.584725
808 14.23224 3.478838 2.582425
809 14.21931 3.477699 2.580130
810 14.20643 3.476559 2.577841
811 14.19357 3.475420 2.575556
812 14.18075 3.474280 2.573277
813 14.16797 3.473141 2.571003
814 14.15521 3.472002 2.568734
815 14.14250 3.470863 2.566471
816 14.12981 3.469724 2.564212
817 14.11716 3.468585 2.561959
818 14.10455 3.467446 2.559711
819 14.09196 3.466307 2.557468
820 14.07941 3.465168 2.555230
821 14.06690 3.464030 2.552998
822 14.05441 3.462891 2.550771
823 14.04196 3.461753 2.548549
824 14.02954 3.460615 2.546332
825 14.01716 3.459477 2.544120
826 14.00480 3.458339 2.541914
827 13.99248 3.457202 2.539713
828 13.98019 3.456064 2.537517
829 13.96794 3.454927 2.535326
830 13.95571 3.453790 2.533140
831 13.94352 3.452653 2.530960
832 13.93135 3.451516 2.528785
833 13.91922 3.450380 2.526615
834 13.90712 3.449243 2.524450
835 13.89505 3.448107 2.522290
836 13.88302 3.446971 2.520136
837 13.87101 3.445836 2.517987
838 13.85903 3.444700 2.515843
839 13.84709 3.443565 2.513704
840 13.83517 3.442430 2.511570
841 13.82329 3.441295 2.509442
842 13.81143 3.440161 2.507318
843 13.79961 3.439027 2.505200
844 13.78782 3.437893 2.503087
845 13.77605 3.436759 2.500979
846 13.76432 3.435626 2.498877
847 13.75261 3.434493 2.496779
848 13.74094 3.433360 2.494687
849 13.72929 3.432227 2.492600
850 13.71767 3.431095 2.490518
851 13.70608 3.429963 2.488441
852 13.69452 3.428832 2.486369
853 13.68299 3.427700 2.484302
854 13.67149 3.426569 2.482241
855 13.66002 3.425439 2.480184
856 13.64857 3.424309 2.478133
857 13.63716 3.423179 2.476087
858 13.62577 3.422049 2.474046
859 13.61441 3.420920 2.472010
860 13.60307 3.419791 2.469979
861 13.59177 3.418662 2.467953
862 13.58049 3.417534 2.465932
863 13.56924 3.416406 2.463917
864 13.55802 3.415278 2.461906
865 13.54683 3.414151 2.459900
866 13.53566 3.413025 2.457900
867 13.52452 3.411898 2.455904
868 13.51341 3.410772 2.453914
869 13.50232 3.409647 2.451928
870 13.49126 3.408522 2.449948
871 13.48023 3.407397 2.447972
872 13.46923 3.406272 2.446002
873 13.45825 3.405148 2.444036
874 13.44730 3.404025 2.442076
875 13.43637 3.402902 2.440120
876 13.42547 3.401779 2.438169
877 13.41459 3.400657 2.436224
878 13.40375 3.399535 2.434283
879 13.39292 3.398414 2.432347
880 13.38213 3.397293 2.430416
881 13.37136 3.396172 2.428491
882 13.36061 3.395052 2.426570
883 13.34989 3.393933 2.424653
884 13.33920 3.392813 2.422742
885 13.32853 3.391695 2.420836
886 13.31788 3.390577 2.418934
887 13.30726 3.389459 2.417037
888 13.29667 3.388342 2.415146
889 13.28610 3.387225 2.413259
890 13.27555 3.386108 2.411376
891 13.26503 3.384993 2.409499
892 13.25454 3.383877 2.407626
893 13.24407 3.382763 2.405759
894 13.23362 3.381648 2.403896
895 13.22320 3.380534 2.402037
896 13.21280 3.379421 2.400184
897 13.20243 3.378308 2.398335
898 13.19208 3.377196 2.396491
899 13.18175 3.376084 2.394652
900 13.17145 3.374973 2.392817
901 13.16117 3.373862 2.390987
902 13.15091 3.372752 2.389162
903 13.14068 3.371643 2.387342
904 13.13047 3.370533 2.385526
905 13.12028 3.369425 2.383715
906 13.11012 3.368317 2.381908
907 13.09998 3.367209 2.380106
908 13.08987 3.366102 2.378309
909 13.07977 3.364996 2.376516
910 13.06970 3.363890 2.374728
911 13.05966 3.362785 2.372944
912 13.04963 3.361680 2.371165
913 13.03963 3.360576 2.369391
914 13.02965 3.359472 2.367621
915 13.01969 3.358369 2.365856
916 13.00975 3.357267 2.364095
917 12.99984 3.356165 2.362338
918 12.98995 3.355064 2.360586
919 12.98008 3.353963 2.358839
920 12.97024 3.352863 2.357096
921 12.96041 3.351764 2.355357
922 12.95061 3.350665 2.353623
923 12.94083 3.349566 2.351894
924 12.93107 3.348469 2.350168
925 12.92133 3.347372 2.348448
926 12.91161 3.346275 2.346731
927 12.90191 3.345179 2.345019
928 12.89224 3.344084 2.343311
929 12.88259 3.342989 2.341608
930 12.87296 3.341895 2.339909
931 12.86334 3.340802 2.338214
932 12.85376 3.339709 2.336523
933 12.84419 3.338617 2.334837
934 12.83464 3.337525 2.333155
935 12.82511 3.336434 2.331477
936 12.81560 3.335344 2.329804
937 12.80612 3.334254 2.328135
938 12.79665 3.333165 2.326470
939 12.78721 3.332077 2.324809
940 12.77778 3.330989 2.323152
941 12.76838 3.329902 2.321500
942 12.75899 3.328815 2.319851
943 12.74963 3.327729 2.318207
944 12.74029 3.326644 2.316567
945 12.73096 3.325560 2.314931
946 12.72166 3.324476 2.313299
947 12.71237 3.323393 2.311671
948 12.70311 3.322310 2.310048
949 12.69386 3.321228 2.308428
950 12.68464 3.320147 2.306812
951 12.67543 3.319066 2.305201
952 12.66625 3.317986 2.303593
953 12.65708 3.316907 2.301989
954 12.64793 3.315829 2.300390
955 12.63880 3.314751 2.298794
956 12.62969 3.313673 2.297202
957 12.62060 3.312597 2.295615
958 12.61153 3.311521 2.294031
959 12.60248 3.310446 2.292451
960 12.59345 3.309371 2.290875
961 12.58443 3.308297 2.289302
962 12.57544 3.307224 2.287734
963 12.56646 3.306152 2.286170
964 12.55750 3.305080 2.284609
965 12.54856 3.304009 2.283052
966 12.53964 3.302938 2.281499
967 12.53074 3.301869 2.279950
968 12.52186 3.300800 2.278404
969 12.51299 3.299731 2.276862
970 12.50414 3.298664 2.275324
971 12.49531 3.297597 2.273790
972 12.48650 3.296531 2.272259
973 12.47771 3.295465 2.270733
974 12.46893 3.294400 2.269209
975 12.46017 3.293336 2.267690
976 12.45144 3.292273 2.266174
977 12.44271 3.291210 2.264661
978 12.43401 3.290148 2.263153
979 12.42532 3.289087 2.261648
980 12.41665 3.288026 2.260146
981 12.40800 3.286966 2.258648
982 12.39937 3.285907 2.257154
983 12.39075 3.284849 2.255663
984 12.38215 3.283791 2.254176
985 12.37357 3.282734 2.252692
986 12.36501 3.281678 2.251212
987 12.35646 3.280622 2.249735
988 12.34793 3.279568 2.248261
989 12.33942 3.278513 2.246791
990 12.33092 3.277460 2.245325
991 12.32244 3.276407 2.243862
992 12.31398 3.275356 2.242402
993 12.30554 3.274304 2.240946
994 12.29711 3.273254 2.239493
995 12.28870 3.272204 2.238043
996 12.28030 3.271155 2.236597
997 12.27192 3.270107 2.235154
998 12.26356 3.269059 2.233715
999 12.25522 3.268013 2.232278
1000 12.24689 3.266966 2.230845
1001 12.23857 3.265921 2.229416
1002 12.23028 3.264876 2.227989
1003 12.22200 3.263833 2.226566
1004 12.21373 3.262789 2.225146
1005 12.20549 3.261747 2.223729
1006 12.19726 3.260705 2.222315
1007 12.18904 3.259665 2.220905
1008 12.18084 3.258624 2.219497
1009 12.17266 3.257585 2.218093
1010 12.16449 3.256546 2.216692
1011 12.15634 3.255508 2.215294
1012 12.14820 3.254471 2.213899
1013 12.14008 3.253435 2.212507
1014 12.13198 3.252399 2.211118
1015 12.12389 3.251364 2.209733
1016 12.11582 3.250330 2.208350
1017 12.10776 3.249296 2.206970
1018 12.09972 3.248263 2.205594
1019 12.09169 3.247231 2.204220
1020 12.08368 3.246200 2.202850
1021 12.07568 3.245170 2.201482
1022 12.06770 3.244140 2.200117
1023 12.05974 3.243111 2.198755
1024 12.05179 3.242083 2.197396
1025 12.04385 3.241055 2.196040
1026 12.03593 3.240028 2.194687
1027 12.02803 3.239002 2.193337
1028 12.02014 3.237977 2.191989
1029 12.01226 3.236953 2.190645
1030 12.00440 3.235929 2.189303
1031 11.99656 3.234906 2.187964
1032 11.98873 3.233884 2.186628
1033 11.98091 3.232862 2.185295
1034 11.97311 3.231841 2.183964
1035 11.96532 3.230821 2.182636
1036 11.95755 3.229802 2.181311
1037 11.94979 3.228784 2.179989
1038 11.94205 3.227766 2.178669
1039 11.93432 3.226749 2.177352
1040 11.92661 3.225733 2.176038
1041 11.91891 3.224717 2.174726
1042 11.91123 3.223702 2.173417
1043 11.90356 3.222688 2.172110
1044 11.89590 3.221675 2.170807
1045 11.88826 3.220663 2.169506
1046 11.88063 3.219651 2.168207
1047 11.87302 3.218640 2.166911
1048 11.86542 3.217630 2.165618
1049 11.85783 3.216620 2.164327
1050 11.85026 3.215612 2.163038
1051 11.84270 3.214604 2.161752
1052 11.83516 3.213597 2.160469
1053 11.82763 3.212590 2.159188
1054 11.82011 3.211584 2.157910
1055 11.81261 3.210580 2.156634
1056 11.80512 3.209575 2.155360
1057 11.79764 3.208572 2.154089
1058 11.79018 3.207569 2.152821
1059 11.78274 3.206567 2.151555
1060 11.77530 3.205566 2.150291
1061 11.76788 3.204566 2.149029
1062 11.76047 3.203566 2.147770
1063 11.75308 3.202567 2.146513
1064 11.74570 3.201569 2.145259
1065 11.73833 3.200572 2.144007
1066 11.73098 3.199575 2.142757
1067 11.72364 3.198579 2.141510
1068 11.71631 3.197584 2.140264
1069 11.70900 3.196590 2.139021
1070 11.70170 3.195596 2.137781
1071 11.69441 3.194603 2.136542
1072 11.68714 3.193611 2.135306
1073 11.67988 3.192620 2.134072
1074 11.67263 3.191629 2.132840
1075 11.66539 3.190639 2.131611
1076 11.65817 3.189650 2.130383
1077 11.65096 3.188662 2.129158
1078 11.64377 3.187674 2.127934
1079 11.63658 3.186687 2.126713
1080 11.62941 3.185701 2.125494
1081 11.62225 3.184716 2.124278
1082 11.61511 3.183731 2.123063
1083 11.60797 3.182747 2.121850
1084 11.60085 3.181764 2.120640
1085 11.59375 3.180781 2.119431
1086 11.58665 3.179800 2.118224
1087 11.57957 3.178819 2.117020
1088 11.57250 3.177839 2.115817
1089 11.56544 3.176859 2.114617
1090 11.55840 3.175881 2.113418
1091 11.55137 3.174903 2.112222
1092 11.54435 3.173925 2.111027
1093 11.53734 3.172949 2.109834
1094 11.53034 3.171973 2.108644
1095 11.52336 3.170998 2.107455
1096 11.51639 3.170024 2.106268
1097 11.50943 3.169050 2.105083
1098 11.50248 3.168078 2.103900
1099 11.49555 3.167106 2.102719
1100 11.48863 3.166134 2.101539
1101 11.48172 3.165164 2.100362
1102 11.47482 3.164194 2.099186
1103 11.46793 3.163225 2.098012
1104 11.46106 3.162257 2.096840
1105 11.45419 3.161289 2.095669
1106 11.44734 3.160322 2.094501
1107 11.44050 3.159356 2.093334
1108 11.43368 3.158391 2.092169
1109 11.42686 3.157426 2.091006
1110 11.42006 3.156462 2.089844
1111 11.41327 3.155499 2.088684
1112 11.40649 3.154536 2.087526
1113 11.39972 3.153575 2.086370
1114 11.39296 3.152614 2.085215
1115 11.38622 3.151653 2.084062
1116 11.37948 3.150694 2.082910
1117 11.37276 3.149735 2.081761
1118 11.36605 3.148777 2.080612
1119 11.35935 3.147820 2.079466
1120 11.35266 3.146863 2.078321
1121 11.34599 3.145907 2.077178
1122 11.33932 3.144952 2.076036
1123 11.33267 3.143997 2.074896
1124 11.32603 3.143043 2.073757
1125 11.31940 3.142090 2.072620
1126 11.31278 3.141138 2.071484
1127 11.30617 3.140187 2.070350
1128 11.29957 3.139236 2.069218
1129 11.29299 3.138285 2.068087
1130 11.28641 3.137336 2.066958
1131 11.27985 3.136387 2.065830
1132 11.27330 3.135439 2.064703
1133 11.26675 3.134492 2.063578
1134 11.26022 3.133545 2.062454
1135 11.25370 3.132599 2.061332
1136 11.24719 3.131654 2.060211
1137 11.24070 3.130710 2.059092
1138 11.23421 3.129766 2.057974
1139 11.22773 3.128823 2.056858
1140 11.22127 3.127881 2.055742
1141 11.21482 3.126939 2.054629
1142 11.20837 3.125998 2.053516
1143 11.20194 3.125058 2.052405
1144 11.19552 3.124118 2.051295
1145 11.18911 3.123180 2.050187
1146 11.18271 3.122242 2.049080
1147 11.17632 3.121304 2.047974
1148 11.16994 3.120367 2.046869
1149 11.16357 3.119431 2.045766
1150 11.15721 3.118496 2.044664
1151 11.15086 3.117562 2.043564
1152 11.14453 3.116628 2.042464
1153 11.13820 3.115694 2.041366
1154 11.13188 3.114762 2.040269
1155 11.12558 3.113830 2.039173
1156 11.11928 3.112899 2.038079
1157 11.11300 3.111969 2.036985
1158 11.10672 3.111039 2.035893
1159 11.10046 3.110110 2.034802
1160 11.09421 3.109181 2.033713
1161 11.08796 3.108254 2.032624
1162 11.08173 3.107327 2.031537
1163 11.07551 3.106400 2.030450
1164 11.06930 3.105475 2.029365
1165 11.06309 3.104550 2.028281
1166 11.05690 3.103626 2.027198
1167 11.05072 3.102702 2.026116
1168 11.04455 3.101779 2.025035
1169 11.03838 3.100857 2.023956
1170 11.03223 3.099935 2.022877
1171 11.02609 3.099015 2.021800
1172 11.01996 3.098094 2.020723
1173 11.01384 3.097175 2.019648
1174 11.00773 3.096256 2.018573
1175 11.00162 3.095338 2.017500
1176 10.99553 3.094420 2.016427
1177 10.98945 3.093504 2.015356
1178 10.98338 3.092587 2.014286
1179 10.97731 3.091672 2.013216
1180 10.97126 3.090757 2.012148
1181 10.96522 3.089843 2.011080
1182 10.95919 3.088930 2.010014
1183 10.95316 3.088017 2.008948
1184 10.94715 3.087105 2.007884
1185 10.94115 3.086193 2.006820
1186 10.93515 3.085282 2.005757
1187 10.92917 3.084372 2.004696
1188 10.92319 3.083463 2.003635
1189 10.91723 3.082554 2.002575
1190 10.91127 3.081646 2.001516
1191 10.90533 3.080738 2.000457
1192 10.89939 3.079831 1.999400
1193 10.89346 3.078925 1.998343
1194 10.88754 3.078019 1.997288
1195 10.88164 3.077115 1.996233
1196 10.87574 3.076210 1.995179
1197 10.86985 3.075307 1.994126
1198 10.86397 3.074404 1.993074
1199 10.85810 3.073501 1.992022
1200 10.85224 3.072600 1.990971
1201 10.84639 3.071699 1.989921
1202 10.84054 3.070798 1.988872
1203 10.83471 3.069899 1.987824
1204 10.82889 3.068999 1.986776
1205 10.82307 3.068101 1.985730
1206 10.81727 3.067203 1.984684
1207 10.81147 3.066306 1.983638
1208 10.80569 3.065409 1.982594
1209 10.79991 3.064514 1.981550
1210 10.79414 3.063618 1.980507
1211 10.78838 3.062724 1.979464
1212 10.78263 3.061830 1.978423
1213 10.77689 3.060936 1.977382
1214 10.77116 3.060044 1.976341
1215 10.76543 3.059151 1.975302
1216 10.75972 3.058260 1.974263
1217 10.75401 3.057369 1.973224
1218 10.74832 3.056479 1.972187
1219 10.74263 3.055589 1.971150
1220 10.73695 3.054700 1.970114
1221 10.73128 3.053812 1.969078
1222 10.72562 3.052924 1.968043
1223 10.71997 3.052037 1.967009
1224 10.71433 3.051150 1.965975
1225 10.70870 3.050265 1.964942
1226 10.70307 3.049379 1.963909
1227 10.69746 3.048495 1.962877
1228 10.69185 3.047611 1.961846
1229 10.68625 3.046727 1.960815
1230 10.68066 3.045844 1.959785
1231 10.67508 3.044962 1.958755
1232 10.66951 3.044080 1.957726
1233 10.66395 3.043199 1.956697
1234 10.65839 3.042319 1.955669
1235 10.65284 3.041439 1.954642
1236 10.64731 3.040560 1.953615
1237 10.64178 3.039681 1.952588
1238 10.63626 3.038803 1.951563
1239 10.63075 3.037926 1.950537
1240 10.62524 3.037049 1.949512
1241 10.61975 3.036173 1.948488
1242 10.61426 3.035297 1.947464
1243 10.60878 3.034422 1.946441
1244 10.60332 3.033548 1.945418
1245 10.59786 3.032674 1.944396
1246 10.59240 3.031801 1.943374
1247 10.58696 3.030928 1.942352
1248 10.58152 3.030056 1.941331
1249 10.57610 3.029185 1.940311
1250 10.57068 3.028314 1.939291
1251 10.56527 3.027444 1.938271
1252 10.55987 3.026574 1.937252
1253 10.55447 3.025705 1.936233
1254 10.54909 3.024836 1.935214
1255 10.54371 3.023968 1.934196
1256 10.53834 3.023101 1.933179
1257 10.53298 3.022234 1.932162
1258 10.52763 3.021368 1.931145
1259 10.52229 3.020502 1.930129
1260 10.51695 3.019637 1.929113
1261 10.51162 3.018773 1.928097
1262 10.50630 3.017909 1.927082
1263 10.50099 3.017046 1.926067
1264 10.49569 3.016183 1.925052
1265 10.49039 3.015321 1.924038
1266 10.48511 3.014459 1.923025
1267 10.47983 3.013598 1.922011
1268 10.47456 3.012737 1.920998
1269 10.46930 3.011877 1.919985
1270 10.46404 3.011018 1.918973
1271 10.45879 3.010159 1.917961
1272 10.45356 3.009301 1.916949
1273 10.44833 3.008443 1.915938
1274 10.44310 3.007586 1.914927
1275 10.43789 3.006730 1.913916
1276 10.43268 3.005874 1.912905
1277 10.42748 3.005018 1.911895
1278 10.42229 3.004163 1.910885
1279 10.41711 3.003309 1.909876
1280 10.41193 3.002455 1.908866
1281 10.40677 3.001602 1.907857
1282 10.40161 3.000749 1.906848
1283 10.39646 2.999897 1.905840
1284 10.39131 2.999045 1.904832
1285 10.38618 2.998194 1.903824
1286 10.38105 2.997343 1.902816
1287 10.37593 2.996493 1.901808
1288 10.37081 2.995644 1.900801
1289 10.36571 2.994795 1.899794
1290 10.36061 2.993947 1.898787
1291 10.35552 2.993099 1.897781
1292 10.35044 2.992252 1.896775
1293 10.34537 2.991405 1.895769
1294 10.34030 2.990559 1.894763
1295 10.33524 2.989713 1.893757
1296 10.33019 2.988868 1.892752
1297 10.32515 2.988023 1.891747
1298 10.32011 2.987179 1.890742
1299 10.31508 2.986335 1.889737
1300 10.31006 2.985492 1.888732
1301 10.30505 2.984650 1.887728
1302 10.30004 2.983808 1.886724
1303 10.29504 2.982966 1.885720
1304 10.29005 2.982125 1.884716
1305 10.28507 2.981285 1.883712
1306 10.28009 2.980445 1.882709
1307 10.27512 2.979606 1.881705
1308 10.27016 2.978767 1.880702
1309 10.26521 2.977928 1.879699
1310 10.26026 2.977090 1.878697
1311 10.25532 2.976253 1.877694
1312 10.25039 2.975416 1.876691
1313 10.24547 2.974580 1.875689
1314 10.24055 2.973744 1.874687
1315 10.23564 2.972909 1.873685
1316 10.23074 2.972074 1.872683
1317 10.22584 2.971240 1.871681
1318 10.22096 2.970406 1.870679
1319 10.21608 2.969573 1.869678
1320 10.21120 2.968740 1.868677
1321 10.20634 2.967908 1.867675
1322 10.20148 2.967076 1.866674
1323 10.19663 2.966245 1.865673
1324 10.19178 2.965414 1.864672
1325 10.18695 2.964584 1.863672
1326 10.18212 2.963754 1.862671
1327 10.17729 2.962925 1.861670
1328 10.17248 2.962096 1.860670
1329 10.16767 2.961268 1.859670
1330 10.16287 2.960440 1.858669
1331 10.15808 2.959613 1.857669
1332 10.15329 2.958786 1.856669
1333 10.14851 2.957959 1.855669
1334 10.14374 2.957134 1.854669
1335 10.13897 2.956308 1.853669
1336 10.13421 2.955483 1.852670
1337 10.12946 2.954659 1.851670
1338 10.12472 2.953835 1.850671
1339 10.11998 2.953012 1.849671
1340 10.11525 2.952189 1.848672
1341 10.11052 2.951366 1.847672
1342 10.10581 2.950544 1.846673
1343 10.10110 2.949723 1.845674
1344 10.09639 2.948902 1.844675
1345 10.09170 2.948081 1.843676
1346 10.08701 2.947261 1.842677
1347 10.08233 2.946442 1.841678
1348 10.07765 2.945623 1.840679
1349 10.07298 2.944804 1.839680
1350 10.06832 2.943986 1.838682
1351 10.06367 2.943168 1.837683
1352 10.05902 2.942351 1.836684
1353 10.05438 2.941534 1.835686
1354 10.04975 2.940718 1.834687
1355 10.04512 2.939902 1.833689
1356 10.04050 2.939087 1.832690
1357 10.03588 2.938272 1.831692
1358 10.03128 2.937457 1.830693
1359 10.02668 2.936643 1.829695
1360 10.02208 2.935830 1.828697
1361 10.01750 2.935017 1.827698
1362 10.01292 2.934204 1.826700
1363 10.00834 2.933392 1.825702
1364 10.00378 2.932580 1.824704
1365 9.999217 2.931769 1.823706
1366 9.994664 2.930958 1.822707
1367 9.990117 2.930148 1.821709
1368 9.985577 2.929338 1.820711
1369 9.981044 2.928529 1.819713
1370 9.976517 2.927720 1.818715
1371 9.971997 2.926911 1.817717
1372 9.967483 2.926103 1.816719
1373 9.962976 2.925295 1.815721
1374 9.958475 2.924488 1.814724
1375 9.953981 2.923681 1.813726
1376 9.949494 2.922875 1.812728
1377 9.945013 2.922069 1.811730
1378 9.940539 2.921264 1.810732
1379 9.936071 2.920459 1.809734
1380 9.931609 2.919654 1.808736
1381 9.927154 2.918850 1.807739
1382 9.922706 2.918047 1.806741
1383 9.918264 2.917243 1.805743
1384 9.913828 2.916441 1.804745
1385 9.909399 2.915638 1.803747
1386 9.904976 2.914836 1.802750
1387 9.900560 2.914035 1.801752
1388 9.896150 2.913234 1.800754
1389 9.891746 2.912433 1.799756
1390 9.887349 2.911633 1.798759
1391 9.882958 2.910833 1.797761
1392 9.878574 2.910034 1.796763
1393 9.874196 2.909235 1.795766
1394 9.869824 2.908436 1.794768
1395 9.865458 2.907638 1.793770
1396 9.861099 2.906841 1.792773
1397 9.856746 2.906043 1.791775
1398 9.852399 2.905247 1.790777
1399 9.848059 2.904450 1.789780
1400 9.843725 2.903654 1.788782
1401 9.839397 2.902859 1.787784
1402 9.835075 2.902064 1.786787
1403 9.830760 2.901269 1.785789
1404 9.826451 2.900475 1.784791
1405 9.822148 2.899681 1.783794
1406 9.817851 2.898887 1.782796
1407 9.813560 2.898094 1.781799
1408 9.809276 2.897301 1.780801
1409 9.804997 2.896509 1.779803
1410 9.800725 2.895717 1.778806
1411 9.796459 2.894926 1.777808
1412 9.792199 2.894135 1.776811
1413 9.787945 2.893344 1.775813
1414 9.783697 2.892554 1.774815
1415 9.779456 2.891764 1.773818
1416 9.775220 2.890975 1.772820
1417 9.770991 2.890186 1.771823
1418 9.766767 2.889398 1.770825
1419 9.762550 2.888609 1.769828
1420 9.758338 2.887822 1.768830
1421 9.754133 2.887034 1.767833
1422 9.749934 2.886247 1.766835
1423 9.745740 2.885461 1.765838
1424 9.741553 2.884675 1.764840
1425 9.737372 2.883889 1.763843
1426 9.733196 2.883103 1.762845
1427 9.729027 2.882318 1.761848
1428 9.724863 2.881534 1.760850
1429 9.720706 2.880750 1.759853
1430 9.716554 2.879966 1.758856
1431 9.712408 2.879182 1.757858
1432 9.708268 2.878399 1.756861
1433 9.704135 2.877617 1.755864
1434 9.700006 2.876835 1.754866
1435 9.695884 2.876053 1.753869
1436 9.691768 2.875271 1.752872
1437 9.687658 2.874490 1.751874
1438 9.683553 2.873710 1.750877
1439 9.679454 2.872929 1.749880
1440 9.675361 2.872149 1.748883
1441 9.671274 2.871370 1.747886
1442 9.667193 2.870591 1.746888
1443 9.663117 2.869812 1.745891
1444 9.659047 2.869034 1.744894
1445 9.654983 2.868256 1.743897
1446 9.650925 2.867478 1.742900
1447 9.646873 2.866701 1.741903
1448 9.642826 2.865924 1.740906
1449 9.638785 2.865147 1.739909
1450 9.634750 2.864371 1.738913
1451 9.630720 2.863596 1.737916
1452 9.626696 2.862820 1.736919
1453 9.622678 2.862045 1.735922
1454 9.618665 2.861271 1.734926
1455 9.614658 2.860496 1.733929
1456 9.610657 2.859723 1.732932
1457 9.606662 2.858949 1.731936
1458 9.602672 2.858176 1.730939
1459 9.598687 2.857403 1.729943
1460 9.594709 2.856631 1.728946
1461 9.590736 2.855859 1.727950
1462 9.586768 2.855087 1.726954
1463 9.582806 2.854316 1.725957
1464 9.578850 2.853545 1.724961
1465 9.574899 2.852774 1.723965
1466 9.570954 2.852004 1.722969
1467 9.567015 2.851234 1.721973
1468 9.563081 2.850465 1.720977
1469 9.559152 2.849696 1.719981
1470 9.555229 2.848927 1.718986
1471 9.551311 2.848159 1.717990
1472 9.547399 2.847391 1.716994
1473 9.543493 2.846623 1.715999
1474 9.539592 2.845856 1.715003
1475 9.535696 2.845089 1.714008
1476 9.531806 2.844322 1.713013
1477 9.527922 2.843556 1.712017
1478 9.524042 2.842790 1.711022
1479 9.520169 2.842025 1.710027
1480 9.516300 2.841260 1.709032
1481 9.512437 2.840495 1.708037
1482 9.508580 2.839730 1.707042
1483 9.504728 2.838966 1.706048
1484 9.500881 2.838203 1.705053
1485 9.497040 2.837439 1.704059
1486 9.493204 2.836676 1.703064
1487 9.489373 2.835914 1.702070
1488 9.485548 2.835151 1.701076
1489 9.481728 2.834389 1.700082
1490 9.477913 2.833628 1.699088
1491 9.474104 2.832866 1.698094
1492 9.470300 2.832105 1.697100
1493 9.466501 2.831345 1.696107
1494 9.462708 2.830585 1.695113
1495 9.458919 2.829825 1.694120
1496 9.455137 2.829065 1.693127
1497 9.451359 2.828306 1.692133
1498 9.447587 2.827547 1.691141
1499 9.443820 2.826789 1.690148
1500 9.440058 2.826030 1.689155
1501 9.436301 2.825273 1.688162
1502 9.432550 2.824515 1.687170
1503 9.428803 2.823758 1.686178
1504 9.425062 2.823001 1.685186
1505 9.421327 2.822245 1.684194
1506 9.417596 2.821488 1.683202
1507 9.413871 2.820733 1.682210
1508 9.410150 2.819977 1.681219
1509 9.406435 2.819222 1.680227
1510 9.402725 2.818467 1.679236
1511 9.399020 2.817713 1.678245
1512 9.395320 2.816959 1.677254
1513 9.391626 2.816205 1.676263
1514 9.387936 2.815452 1.675273
1515 9.384252 2.814698 1.674283
1516 9.380573 2.813946 1.673292
1517 9.376898 2.813193 1.672302
1518 9.373229 2.812441 1.671313
1519 9.369565 2.811689 1.670323
1520 9.365906 2.810938 1.669334
1521 9.362252 2.810187 1.668344
1522 9.358603 2.809436 1.667355
1523 9.354959 2.808686 1.666366
1524 9.351320 2.807935 1.665378
1525 9.347686 2.807186 1.664389
1526 9.344057 2.806436 1.663401
1527 9.340433 2.805687 1.662413
1528 9.336815 2.804938 1.661425
1529 9.333201 2.804190 1.660438
1530 9.329592 2.803442 1.659450
1531 9.325988 2.802694 1.658463
1532 9.322388 2.801946 1.657476
1533 9.318794 2.801199 1.656490
1534 9.315205 2.800452 1.655503
1535 9.311621 2.799706 1.654517
1536 9.308041 2.798959 1.653531
1537 9.304467 2.798214 1.652545
1538 9.300897 2.797468 1.651560
1539 9.297333 2.796723 1.650574
1540 9.293773 2.795978 1.649589
1541 9.290218 2.795233 1.648605
1542 9.286668 2.794489 1.647620
1543 9.283123 2.793745 1.646636
1544 9.279582 2.793001 1.645652
1545 9.276047 2.792258 1.644668
1546 9.272516 2.791515 1.643685
1547 9.268990 2.790772 1.642702
1548 9.265469 2.790030 1.641719
1549 9.261953 2.789288 1.640736
1550 9.258441 2.788546 1.639754
1551 9.254935 2.787805 1.638772
1552 9.251433 2.787064 1.637790
1553 9.247936 2.786323 1.636808
1554 9.244443 2.785582 1.635827
1555 9.240955 2.784842 1.634846
1556 9.237473 2.784102 1.633866
1557 9.233994 2.783363 1.632885
1558 9.230521 2.782624 1.631905
1559 9.227052 2.781885 1.630926
1560 9.223588 2.781146 1.629946
1561 9.220129 2.780408 1.628967
1562 9.216674 2.779670 1.627989
1563 9.213224 2.778932 1.627010
1564 9.209779 2.778195 1.626032
1565 9.206338 2.777458 1.625054
1566 9.202903 2.776721 1.624077
1567 9.199471 2.775985 1.623100
1568 9.196045 2.775249 1.622123
1569 9.192623 2.774513 1.621147
1570 9.189205 2.773777 1.620171
1571 9.185792 2.773042 1.619195
1572 9.182384 2.772307 1.618220
1573 9.178981 2.771573 1.617245
1574 9.175582 2.770838 1.616270
1575 9.172187 2.770104 1.615296
1576 9.168798 2.769371 1.614322
1577 9.165412 2.768637 1.613349
1578 9.162032 2.767904 1.612376
1579 9.158656 2.767172 1.611403
1580 9.155284 2.766439 1.610431
1581 9.151917 2.765707 1.609459
1582 9.148554 2.764975 1.608487
1583 9.145196 2.764244 1.607516
1584 9.141843 2.763513 1.606545
1585 9.138494 2.762782 1.605575
1586 9.135150 2.762051 1.604605
1587 9.131810 2.761321 1.603635
1588 9.128474 2.760591 1.602666
1589 9.125143 2.759861 1.601697
1590 9.121816 2.759132 1.600729
1591 9.118494 2.758403 1.599761
1592 9.115177 2.757674 1.598794
1593 9.111863 2.756946 1.597827
1594 9.108555 2.756218 1.596860
1595 9.105250 2.755490 1.595894
1596 9.101950 2.754762 1.594928
1597 9.098655 2.754035 1.593963
1598 9.095363 2.753308 1.592998
1599 9.092077 2.752581 1.592034
1600 9.088794 2.751855 1.591070
1601 9.085516 2.751129 1.590106
1602 9.082243 2.750403 1.589143
1603 9.078973 2.749678 1.588181
1604 9.075708 2.748952 1.587218
1605 9.072448 2.748228 1.586257
1606 9.069192 2.747503 1.585296
1607 9.065940 2.746779 1.584335
1608 9.062692 2.746055 1.583375
1609 9.059449 2.745331 1.582415
1610 9.056210 2.744608 1.581456
1611 9.052975 2.743885 1.580497
1612 9.049745 2.743162 1.579539
1613 9.046519 2.742439 1.578581
1614 9.043297 2.741717 1.577624
1615 9.040079 2.740995 1.576667
1616 9.036866 2.740274 1.575711
1617 9.033657 2.739552 1.574756
1618 9.030452 2.738831 1.573800
1619 9.027251 2.738111 1.572846
1620 9.024055 2.737390 1.571892
1621 9.020863 2.736670 1.570938
1622 9.017675 2.735950 1.569985
1623 9.014491 2.735231 1.569032
1624 9.011312 2.734511 1.568081
1625 9.008136 2.733793 1.567129
1626 9.004965 2.733074 1.566178
1627 9.001798 2.732356 1.565228
1628 8.998635 2.731637 1.564278
1629 8.995477 2.730920 1.563329
1630 8.992322 2.730202 1.562380
1631 8.989172 2.729485 1.561432
1632 8.986026 2.728768 1.560485
1633 8.982883 2.728052 1.559538
1634 8.979746 2.727335 1.558591
1635 8.976612 2.726619 1.557646
1636 8.973482 2.725903 1.556700
1637 8.970356 2.725188 1.555756
1638 8.967235 2.724473 1.554812
1639 8.964117 2.723758 1.553868
1640 8.961004 2.723044 1.552926
1641 8.957894 2.722329 1.551983
1642 8.954789 2.721615 1.551042
1643 8.951688 2.720902 1.550101
1644 8.948591 2.720188 1.549160
1645 8.945498 2.719475 1.548221
1646 8.942408 2.718762 1.547281
1647 8.939323 2.718050 1.546343
1648 8.936242 2.717338 1.545405
1649 8.933165 2.716626 1.544468
1650 8.930092 2.715914 1.543531
1651 8.927023 2.715203 1.542595
1652 8.923958 2.714492 1.541660
1653 8.920897 2.713781 1.540725
1654 8.917840 2.713070 1.539791
1655 8.914786 2.712360 1.538858
1656 8.911737 2.711650 1.537925
1657 8.908692 2.710941 1.536993
1658 8.905651 2.710231 1.536061
1659 8.902613 2.709522 1.535131
1660 8.899580 2.708813 1.534200
1661 8.896550 2.708105 1.533271
1662 8.893525 2.707397 1.532342
1663 8.890503 2.706689 1.531414
1664 8.887485 2.705981 1.530487
1665 8.884471 2.705274 1.529560
1666 8.881461 2.704567 1.528634
1667 8.878455 2.703860 1.527709
1668 8.875453 2.703154 1.526784
1669 8.872454 2.702448 1.525860
1670 8.869459 2.701742 1.524937
1671 8.866469 2.701036 1.524015
1672 8.863482 2.700331 1.523093
1673 8.860499 2.699626 1.522172
1674 8.857519 2.698921 1.521251
1675 8.854544 2.698217 1.520332
1676 8.851572 2.697513 1.519413
1677 8.848605 2.696809 1.518495
1678 8.845641 2.696105 1.517577
1679 8.842680 2.695402 1.516661
1680 8.839724 2.694699 1.515745
1681 8.836771 2.693996 1.514829
1682 8.833822 2.693294 1.513915
1683 8.830877 2.692592 1.513001
1684 8.827936 2.691890 1.512088
1685 8.824998 2.691188 1.511176
1686 8.822064 2.690487 1.510265
1687 8.819134 2.689786 1.509354
1688 8.816208 2.689085 1.508444
1689 8.813285 2.688385 1.507535
1690 8.810366 2.687685 1.506627
1691 8.807451 2.686985 1.505719
1692 8.804539 2.686285 1.504812
1693 8.801631 2.685586 1.503906
1694 8.798727 2.684887 1.503001
1695 8.795827 2.684189 1.502096
1696 8.792930 2.683490 1.501193
1697 8.790036 2.682792 1.500290
1698 8.787147 2.682094 1.499388
1699 8.784261 2.681397 1.498486
1700 8.781379 2.680699 1.497586
1701 8.778500 2.680003 1.496686
1702 8.775625 2.679306 1.495787
1703 8.772754 2.678609 1.494889
1704 8.769886 2.677913 1.493992
1705 8.767022 2.677218 1.493096
1706 8.764161 2.676522 1.492200
1707 8.761304 2.675827 1.491306
1708 8.758451 2.675132 1.490412
1709 8.755601 2.674437 1.489519
1710 8.752755 2.673743 1.488626
1711 8.749912 2.673049 1.487735
1712 8.747073 2.672355 1.486844
1713 8.744238 2.671661 1.485955
1714 8.741406 2.670968 1.485066
1715 8.738577 2.670275 1.484178
1716 8.735752 2.669582 1.483291
1717 8.732931 2.668890 1.482404
1718 8.730113 2.668198 1.481519
1719 8.727299 2.667506 1.480634
1720 8.724488 2.666815 1.479751
1721 8.721681 2.666123 1.478868
1722 8.718877 2.665433 1.477986
1723 8.716077 2.664742 1.477105
1724 8.713280 2.664052 1.476225
1725 8.710486 2.663361 1.475345
1726 8.707696 2.662672 1.474467
1727 8.704910 2.661982 1.473590
1728 8.702127 2.661293 1.472713
1729 8.699347 2.660604 1.471837
1730 8.696571 2.659915 1.470962
1731 8.693798 2.659227 1.470088
1732 8.691029 2.658539 1.469215
1733 8.688263 2.657851 1.468343
1734 8.685501 2.657164 1.467472
1735 8.682742 2.656476 1.466602
1736 8.679986 2.655790 1.465732
1737 8.677234 2.655103 1.464864
1738 8.674485 2.654417 1.463996
1739 8.671739 2.653731 1.463130
1740 8.668997 2.653045 1.462264
1741 8.666259 2.652359 1.461399
1742 8.663523 2.651674 1.460536
1743 8.660791 2.650989 1.459673
1744 8.658062 2.650305 1.458811
1745 8.655337 2.649620 1.457950
1746 8.652615 2.648936 1.457090
1747 8.649896 2.648252 1.456231
1748 8.647181 2.647569 1.455372
1749 8.644469 2.646886 1.454515
1750 8.641760 2.646203 1.453659
1751 8.639055 2.645520 1.452804
1752 8.636353 2.644838 1.451949
1753 8.633654 2.644156 1.451096
1754 8.630958 2.643474 1.450243
1755 8.628266 2.642793 1.449392
1756 8.625577 2.642112 1.448542
1757 8.622891 2.641431 1.447692
1758 8.620209 2.640750 1.446844
1759 8.617529 2.640070 1.445996
1760 8.614853 2.639390 1.445149
1761 8.612181 2.638710 1.444304
1762 8.609511 2.638031 1.443459
1763 8.606845 2.637352 1.442616
1764 8.604182 2.636673 1.441773
1765 8.601522 2.635994 1.440931
1766 8.598865 2.635316 1.440091
1767 8.596212 2.634638 1.439251
1768 8.593561 2.633960 1.438412
1769 8.590914 2.633283 1.437575
1770 8.588270 2.632606 1.436738
1771 8.585630 2.631929 1.435903
1772 8.582992 2.631252 1.435068
1773 8.580358 2.630576 1.434234
1774 8.577726 2.629900 1.433402
1775 8.575098 2.629225 1.432570
1776 8.572473 2.628549 1.431740
1777 8.569851 2.627874 1.430910
1778 8.567233 2.627199 1.430082
1779 8.564617 2.626525 1.429254
1780 8.562005 2.625851 1.428428
1781 8.559395 2.625177 1.427603
1782 8.556789 2.624503 1.426778
1783 8.554186 2.623830 1.425955
1784 8.551586 2.623157 1.425133
1785 8.548989 2.622484 1.424311
1786 8.546395 2.621812 1.423491
1787 8.543804 2.621139 1.422672
1788 8.541217 2.620468 1.421854
1789 8.538632 2.619796 1.421037
1790 8.536050 2.619125 1.420221
1791 8.533472 2.618454 1.419406
1792 8.530896 2.617783 1.418592
1793 8.528324 2.617113 1.417779
1794 8.525754 2.616442 1.416967
1795 8.523188 2.615773 1.416157
1796 8.520625 2.615103 1.415347
1797 8.518064 2.614434 1.414538
1798 8.515507 2.613765 1.413731
1799 8.512952 2.613096 1.412924
1800 8.510401 2.612428 1.412119
1801 8.507853 2.611760 1.411315
1802 8.505307 2.611092 1.410511
1803 8.502765 2.610425 1.409709
1804 8.500225 2.609757 1.408908
1805 8.497689 2.609091 1.408108
1806 8.495155 2.608424 1.407309
1807 8.492625 2.607758 1.406511
1808 8.490097 2.607092 1.405715
1809 8.487573 2.606426 1.404919
1810 8.485051 2.605760 1.404125
1811 8.482532 2.605095 1.403331
1812 8.480016 2.604431 1.402539
1813 8.477503 2.603766 1.401747
1814 8.474993 2.603102 1.400957
1815 8.472486 2.602438 1.400168
1816 8.469982 2.601774 1.399380
1817 8.467480 2.601111 1.398593
1818 8.464982 2.600448 1.397808
1819 8.462486 2.599785 1.397023
1820 8.459994 2.599123 1.396239
1821 8.457504 2.598460 1.395457
1822 8.455017 2.597798 1.394676
1823 8.452533 2.597137 1.393896
1824 8.450052 2.596476 1.393116
1825 8.447573 2.595815 1.392338
1826 8.445098 2.595154 1.391562
1827 8.442625 2.594494 1.390786
1828 8.440155 2.593833 1.390011
1829 8.437688 2.593174 1.389238
1830 8.435224 2.592514 1.388465
1831 8.432762 2.591855 1.387694
1832 8.430304 2.591196 1.386924
1833 8.427848 2.590537 1.386155
1834 8.425395 2.589879 1.385387
1835 8.422945 2.589221 1.384621
1836 8.420497 2.588563 1.383855
1837 8.418053 2.587906 1.383091
1838 8.415611 2.587249 1.382327
1839 8.413172 2.586592 1.381565
1840 8.410735 2.585935 1.380804
1841 8.408302 2.585279 1.380044
1842 8.405871 2.584623 1.379286
1843 8.403443 2.583968 1.378528
1844 8.401018 2.583312 1.377772
1845 8.398595 2.582657 1.377016
1846 8.396175 2.582003 1.376262
1847 8.393758 2.581348 1.375509
1848 8.391343 2.580694 1.374757
1849 8.388932 2.580040 1.374007
1850 8.386523 2.579387 1.373257
1851 8.384116 2.578733 1.372509
1852 8.381713 2.578081 1.371762
1853 8.379312 2.577428 1.371016
1854 8.376914 2.576776 1.370271
1855 8.374518 2.576124 1.369527
1856 8.372125 2.575472 1.368784
1857 8.369735 2.574820 1.368043
1858 8.367347 2.574169 1.367303
1859 8.364963 2.573518 1.366564
1860 8.362580 2.572868 1.365826
1861 8.360201 2.572218 1.365089
1862 8.357824 2.571568 1.364353
1863 8.355450 2.570918 1.363619
1864 8.353078 2.570269 1.362886
1865 8.350709 2.569620 1.362154
1866 8.348342 2.568971 1.361423
1867 8.345979 2.568323 1.360693
1868 8.343617 2.567675 1.359964
1869 8.341259 2.567027 1.359237
1870 8.338903 2.566379 1.358511
1871 8.336549 2.565732 1.357786
1872 8.334198 2.565085 1.357062
1873 8.331850 2.564439 1.356339
1874 8.329505 2.563792 1.355618
1875 8.327161 2.563146 1.354898
1876 8.324821 2.562501 1.354178
1877 8.322483 2.561855 1.353461
1878 8.320148 2.561210 1.352744
1879 8.317815 2.560566 1.352028
1880 8.315484 2.559921 1.351314
1881 8.313157 2.559277 1.350601
1882 8.310831 2.558633 1.349889
1883 8.308509 2.557990 1.349178
1884 8.306188 2.557346 1.348468
1885 8.303871 2.556703 1.347760
1886 8.301556 2.556061 1.347053
1887 8.299243 2.555419 1.346346
1888 8.296933 2.554776 1.345642
1889 8.294625 2.554135 1.344938
1890 8.292320 2.553493 1.344236
1891 8.290017 2.552852 1.343534
1892 8.287717 2.552212 1.342834
1893 8.285419 2.551571 1.342135
1894 8.283124 2.550931 1.341438
1895 8.280831 2.550291 1.340741
1896 8.278541 2.549651 1.340046
1897 8.276253 2.549012 1.339352
1898 8.273968 2.548373 1.338659
1899 8.271685 2.547735 1.337967
1900 8.269404 2.547096 1.337277
1901 8.267126 2.546458 1.336587
1902 8.264851 2.545821 1.335899
1903 8.262578 2.545183 1.335212
1904 8.260307 2.544546 1.334527
1905 8.258038 2.543909 1.333842
1906 8.255772 2.543273 1.333159
1907 8.253509 2.542637 1.332477
1908 8.251248 2.542001 1.331796
1909 8.248989 2.541365 1.331116
1910 8.246733 2.540730 1.330438
1911 8.244479 2.540095 1.329760
1912 8.242227 2.539460 1.329084
1913 8.239978 2.538826 1.328410
1914 8.237731 2.538192 1.327736
1915 8.235487 2.537558 1.327064
1916 8.233244 2.536925 1.326392
1917 8.231005 2.536292 1.325722
1918 8.228767 2.535659 1.325053
1919 8.226532 2.535027 1.324386
1920 8.224299 2.534395 1.323719
1921 8.222069 2.533763 1.323054
1922 8.219841 2.533131 1.322390
1923 8.217615 2.532500 1.321728
1924 8.215392 2.531869 1.321066
1925 8.213171 2.531239 1.320406
1926 8.210952 2.530608 1.319747
1927 8.208736 2.529978 1.319089
1928 8.206521 2.529349 1.318432
1929 8.204310 2.528719 1.317776
1930 8.202100 2.528090 1.317122
1931 8.199893 2.527462 1.316469
1932 8.197688 2.526833 1.315817
1933 8.195485 2.526205 1.315167
1934 8.193285 2.525578 1.314517
1935 8.191086 2.524950 1.313869
1936 8.188890 2.524323 1.313222
1937 8.186697 2.523696 1.312576
1938 8.184505 2.523070 1.311931
1939 8.182316 2.522443 1.311288
1940 8.180129 2.521818 1.310646
1941 8.177945 2.521192 1.310005
1942 8.175762 2.520567 1.309365
1943 8.173582 2.519942 1.308727
1944 8.171404 2.519317 1.308089
1945 8.169228 2.518693 1.307453
1946 8.167055 2.518069 1.306818
1947 8.164884 2.517445 1.306185
1948 8.162714 2.516822 1.305552
1949 8.160548 2.516199 1.304921
1950 8.158383 2.515576 1.304291
1951 8.156220 2.514954 1.303662
1952 8.154060 2.514331 1.303035
1953 8.151902 2.513710 1.302408
1954 8.149746 2.513088 1.301783
1955 8.147592 2.512467 1.301159
1956 8.145441 2.511846 1.300536
1957 8.143291 2.511226 1.299915
1958 8.141144 2.510605 1.299295
1959 8.138999 2.509986 1.298675
1960 8.136856 2.509366 1.298058
1961 8.134715 2.508747 1.297441
1962 8.132576 2.508128 1.296825
1963 8.130440 2.507509 1.296211
1964 8.128305 2.506891 1.295598
1965 8.126173 2.506273 1.294986
1966 8.124043 2.505655 1.294376
1967 8.121915 2.505038 1.293766
1968 8.119789 2.504421 1.293158
1969 8.117665 2.503804 1.292551
1970 8.115543 2.503188 1.291945
1971 8.113424 2.502572 1.291341
1972 8.111306 2.501956 1.290737
1973 8.109191 2.501340 1.290135
1974 8.107078 2.500725 1.289534
1975 8.104967 2.500111 1.288934
1976 8.102857 2.499496 1.288336
1977 8.100750 2.498882 1.287738
1978 8.098645 2.498268 1.287142
1979 8.096542 2.497655 1.286547
1980 8.094442 2.497041 1.285954
1981 8.092343 2.496428 1.285361
1982 8.090246 2.495816 1.284770
1983 8.088151 2.495204 1.284180
1984 8.086059 2.494592 1.283591
1985 8.083968 2.493980 1.283003
1986 8.081880 2.493369 1.282417
1987 8.079793 2.492758 1.281832
1988 8.077709 2.492147 1.281248
1989 8.075626 2.491537 1.280665
1990 8.073546 2.490927 1.280083
1991 8.071467 2.490317 1.279503
1992 8.069391 2.489708 1.278923
1993 8.067316 2.489099 1.278345
1994 8.065244 2.488490 1.277768
1995 8.063174 2.487882 1.277193
1996 8.061105 2.487274 1.276618
1997 8.059039 2.486666 1.276045
1998 8.056974 2.486058 1.275473
1999 8.054912 2.485451 1.274902
2000 8.052851 2.484845 1.274332
2001 8.050793 2.484238 1.273764
2002 8.048736 2.483632 1.273197
2003 8.046682 2.483026 1.272631
2004 8.044629 2.482421 1.272066
2005 8.042579 2.481815 1.271502
2006 8.040530 2.481211 1.270940
2007 8.038483 2.480606 1.270378
2008 8.036438 2.480002 1.269818
2009 8.034396 2.479398 1.269259
2010 8.032355 2.478794 1.268702
2011 8.030316 2.478191 1.268145
2012 8.028279 2.477588 1.267590
2013 8.026243 2.476986 1.267036
2014 8.024210 2.476383 1.266483
2015 8.022179 2.475782 1.265931
2016 8.020150 2.475180 1.265380
2017 8.018122 2.474579 1.264831
2018 8.016097 2.473978 1.264283
2019 8.014073 2.473377 1.263736
2020 8.012051 2.472777 1.263190
2021 8.010031 2.472177 1.262645
2022 8.008013 2.471577 1.262102
2023 8.005997 2.470978 1.261560
2024 8.003983 2.470379 1.261019
2025 8.001971 2.469780 1.260479
2026 7.999960 2.469182 1.259940
2027 7.997951 2.468584 1.259402
2028 7.995945 2.467986 1.258866
2029 7.993940 2.467389 1.258331
2030 7.991937 2.466791 1.257797
2031 7.989936 2.466195 1.257264
2032 7.987936 2.465598 1.256732
2033 7.985939 2.465002 1.256202
2034 7.983943 2.464406 1.255672
2035 7.981949 2.463811 1.255144
2036 7.979957 2.463216 1.254617
2037 7.977967 2.462621 1.254091
2038 7.975979 2.462027 1.253567
2039 7.973992 2.461433 1.253043
2040 7.972008 2.460839 1.252521
2041 7.970025 2.460245 1.252000
2042 7.968044 2.459652 1.251480
2043 7.966065 2.459059 1.250961
2044 7.964087 2.458467 1.250444
2045 7.962112 2.457875 1.249927
2046 7.960138 2.457283 1.249412
2047 7.958166 2.456691 1.248898
2048 7.956195 2.456100 1.248385
2049 7.954227 2.455509 1.247873
2050 7.952260 2.454919 1.247362
2051 7.950295 2.454329 1.246853
2052 7.948332 2.453739 1.246344
2053 7.946371 2.453149 1.245837
2054 7.944411 2.452560 1.245331
2055 7.942453 2.451971 1.244826
2056 7.940497 2.451382 1.244323
2057 7.938543 2.450794 1.243820
2058 7.936590 2.450206 1.243319
2059 7.934639 2.449619 1.242818
2060 7.932690 2.449031 1.242319
2061 7.930743 2.448445 1.241821
2062 7.928797 2.447858 1.241324
2063 7.926853 2.447272 1.240829
2064 7.924911 2.446686 1.240334
2065 7.922971 2.446100 1.239841
2066 7.921032 2.445515 1.239349
2067 7.919095 2.444930 1.238858
2068 7.917159 2.444345 1.238368
2069 7.915226 2.443761 1.237879
2070 7.913294 2.443177 1.237391
2071 7.911364 2.442593 1.236905
2072 7.909435 2.442010 1.236419
2073 7.907508 2.441427 1.235935
2074 7.905583 2.440844 1.235452
2075 7.903660 2.440262 1.234970
2076 7.901738 2.439680 1.234489
2077 7.899818 2.439099 1.234009
2078 7.897900 2.438517 1.233531
2079 7.895983 2.437936 1.233053
2080 7.894068 2.437356 1.232577
2081 7.892155 2.436775 1.232102
2082 7.890243 2.436195 1.231628
2083 7.888333 2.435616 1.231155
2084 7.886424 2.435036 1.230683
2085 7.884518 2.434457 1.230212
2086 7.882613 2.433879 1.229743
2087 7.880709 2.433300 1.229274
2088 7.878807 2.432722 1.228807
2089 7.876907 2.432144 1.228340
2090 7.875009 2.431567 1.227875
2091 7.873112 2.430990 1.227411
2092 7.871217 2.430413 1.226948
2093 7.869323 2.429837 1.226487
2094 7.867431 2.429261 1.226026
2095 7.865541 2.428685 1.225567
2096 7.863652 2.428110 1.225108
2097 7.861765 2.427535 1.224651
2098 7.859879 2.426960 1.224195
2099 7.857995 2.426386 1.223739
2100 7.856113 2.425812 1.223285
2101 7.854232 2.425238 1.222832
2102 7.852353 2.424665 1.222381
2103 7.850475 2.424092 1.221930
2104 7.848599 2.423519 1.221480
2105 7.846725 2.422946 1.221032
2106 7.844852 2.422374 1.220584
2107 7.842981 2.421803 1.220138
2108 7.841111 2.421231 1.219693
2109 7.839243 2.420660 1.219249
2110 7.837376 2.420089 1.218806
2111 7.835511 2.419519 1.218364
2112 7.833648 2.418949 1.217923
2113 7.831786 2.418379 1.217483
2114 7.829926 2.417810 1.217045
2115 7.828067 2.417241 1.216607
2116 7.826210 2.416672 1.216170
2117 7.824354 2.416104 1.215735
2118 7.822500 2.415535 1.215301
2119 7.820648 2.414968 1.214867
2120 7.818797 2.414400 1.214435
2121 7.816947 2.413833 1.214004
2122 7.815099 2.413267 1.213574
2123 7.813253 2.412700 1.213145
2124 7.811408 2.412134 1.212717
2125 7.809564 2.411568 1.212291
2126 7.807722 2.411003 1.211865
2127 7.805882 2.410438 1.211440
2128 7.804043 2.409873 1.211017
2129 7.802206 2.409309 1.210594
2130 7.800370 2.408744 1.210173
2131 7.798536 2.408181 1.209752
2132 7.796703 2.407617 1.209333
2133 7.794871 2.407054 1.208915
2134 7.793042 2.406491 1.208497
2135 7.791213 2.405929 1.208081
2136 7.789386 2.405367 1.207666
2137 7.787561 2.404805 1.207252
2138 7.785737 2.404244 1.206839
2139 7.783914 2.403683 1.206427
2140 7.782093 2.403122 1.206016
2141 7.780274 2.402561 1.205606
2142 7.778456 2.402001 1.205198
2143 7.776639 2.401442 1.204790
2144 7.774824 2.400882 1.204383
2145 7.773011 2.400323 1.203978
2146 7.771198 2.399764 1.203573
2147 7.769388 2.399206 1.203170
2148 7.767578 2.398648 1.202767
2149 7.765770 2.398090 1.202366
2150 7.763964 2.397533 1.201965
2151 7.762159 2.396975 1.201566
2152 7.760355 2.396419 1.201167
2153 7.758553 2.395862 1.200770
2154 7.756753 2.395306 1.200374
2155 7.754953 2.394750 1.199979
2156 7.753155 2.394195 1.199584
2157 7.751359 2.393640 1.199191
2158 7.749564 2.393085 1.198799
2159 7.747770 2.392531 1.198408
2160 7.745978 2.391977 1.198018
2161 7.744188 2.391423 1.197629
2162 7.742398 2.390869 1.197240
2163 7.740610 2.390316 1.196853
2164 7.738824 2.389764 1.196467
2165 7.737039 2.389211 1.196082
2166 7.735255 2.388659 1.195698
2167 7.733472 2.388107 1.195315
2168 7.731691 2.387556 1.194933
2169 7.729912 2.387005 1.194552
2170 7.728134 2.386454 1.194172
2171 7.726357 2.385904 1.193793
2172 7.724581 2.385353 1.193416
2173 7.722807 2.384804 1.193039
2174 7.721035 2.384254 1.192663
2175 7.719263 2.383705 1.192288
2176 7.717493 2.383156 1.191914
2177 7.715725 2.382608 1.191541
2178 7.713957 2.382060 1.191169
2179 7.712192 2.381512 1.190798
2180 7.710427 2.380965 1.190428
2181 7.708664 2.380418 1.190059
2182 7.706902 2.379871 1.189691
2183 7.705142 2.379324 1.189324
2184 7.703382 2.378778 1.188958
2185 7.701625 2.378233 1.188593
2186 7.699868 2.377687 1.188229
2187 7.698113 2.377142 1.187866
2188 7.696359 2.376597 1.187504
2189 7.694607 2.376053 1.187143
2190 7.692856 2.375509 1.186783
2191 7.691106 2.374965 1.186424
2192 7.689358 2.374422 1.186066
2193 7.687610 2.373878 1.185709
2194 7.685865 2.373336 1.185352
2195 7.684120 2.372793 1.184997
2196 7.682377 2.372251 1.184643
2197 7.680635 2.371709 1.184290
2198 7.678894 2.371168 1.183937
2199 7.677155 2.370627 1.183586
2200 7.675417 2.370086 1.183236
2201 7.673680 2.369546 1.182886
2202 7.671945 2.369006 1.182538
2203 7.670211 2.368466 1.182191
2204 7.668478 2.367926 1.181844
2205 7.666746 2.367387 1.181498
2206 7.665016 2.366849 1.181154
2207 7.663287 2.366310 1.180810
2208 7.661560 2.365772 1.180467
2209 7.659833 2.365234 1.180126
2210 7.658108 2.364697 1.179785
2211 7.656384 2.364160 1.179445
2212 7.654662 2.363623 1.179106
2213 7.652940 2.363087 1.178768
2214 7.651220 2.362550 1.178431
2215 7.649502 2.362015 1.178095
2216 7.647784 2.361479 1.177760
2217 7.646068 2.360944 1.177426
2218 7.644353 2.360409 1.177093
2219 7.642639 2.359875 1.176760
2220 7.640926 2.359341 1.176429
2221 7.639215 2.358807 1.176099
2222 7.637505 2.358274 1.175769
2223 7.635796 2.357741 1.175440
2224 7.634089 2.357208 1.175113
2225 7.632382 2.356675 1.174786
2226 7.630677 2.356143 1.174460
2227 7.628974 2.355611 1.174135
2228 7.627271 2.355080 1.173811
2229 7.625570 2.354549 1.173488
2230 7.623869 2.354018 1.173166
2231 7.622170 2.353488 1.172845
2232 7.620473 2.352958 1.172525
2233 7.618776 2.352428 1.172205
2234 7.617081 2.351898 1.171887
2235 7.615387 2.351369 1.171569
2236 7.613694 2.350840 1.171253
2237 7.612002 2.350312 1.170937
2238 7.610312 2.349784 1.170622
2239 7.608623 2.349256 1.170308
2240 7.606934 2.348729 1.169995
2241 7.605248 2.348202 1.169683
2242 7.603562 2.347675 1.169372
2243 7.601877 2.347148 1.169062
2244 7.600194 2.346622 1.168752
2245 7.598512 2.346096 1.168444
2246 7.596831 2.345571 1.168136
2247 7.595151 2.345046 1.167830
2248 7.593473 2.344521 1.167524
2249 7.591796 2.343997 1.167219
2250 7.590119 2.343472 1.166915
2251 7.588444 2.342949 1.166612
2252 7.586770 2.342425 1.166309
2253 7.585098 2.341902 1.166008
2254 7.583426 2.341379 1.165707
2255 7.581756 2.340857 1.165408
2256 7.580087 2.340335 1.165109
2257 7.578419 2.339813 1.164811
2258 7.576752 2.339291 1.164514
2259 7.575086 2.338770 1.164218
2260 7.573422 2.338249 1.163923
2261 7.571758 2.337729 1.163628
2262 7.570096 2.337209 1.163335
2263 7.568435 2.336689 1.163042
2264 7.566775 2.336169 1.162750
2265 7.565116 2.335650 1.162460
2266 7.563458 2.335131 1.162170
2267 7.561802 2.334613 1.161880
2268 7.560146 2.334095 1.161592
2269 7.558492 2.333577 1.161305
2270 7.556839 2.333059 1.161018
2271 7.555187 2.332542 1.160732
2272 7.553536 2.332025 1.160447
2273 7.551886 2.331509 1.160163
2274 7.550237 2.330993 1.159880
2275 7.548590 2.330477 1.159598
2276 7.546943 2.329961 1.159316
2277 7.545298 2.329446 1.159036
2278 7.543654 2.328931 1.158756
2279 7.542011 2.328417 1.158477
2280 7.540369 2.327903 1.158199
2281 7.538728 2.327389 1.157922
2282 7.537088 2.326875 1.157645
2283 7.535450 2.326362 1.157370
2284 7.533812 2.325849 1.157095
2285 7.532176 2.325337 1.156821
2286 7.530540 2.324824 1.156548
2287 7.528906 2.324312 1.156276
2288 7.527273 2.323801 1.156004
2289 7.525641 2.323290 1.155734
2290 7.524010 2.322779 1.155464
2291 7.522380 2.322268 1.155195
2292 7.520751 2.321758 1.154927
2293 7.519123 2.321248 1.154659
2294 7.517496 2.320738 1.154393
2295 7.515871 2.320229 1.154127
2296 7.514246 2.319720 1.153862
2297 7.512623 2.319212 1.153598
2298 7.511000 2.318703 1.153335
2299 7.509379 2.318195 1.153073
2300 7.507759 2.317688 1.152811
2301 7.506140 2.317180 1.152551
2302 7.504521 2.316674 1.152291
2303 7.502904 2.316167 1.152031
2304 7.501288 2.315661 1.151773
2305 7.499673 2.315155 1.151516
2306 7.498059 2.314649 1.151259
2307 7.496446 2.314144 1.151003
2308 7.494835 2.313639 1.150748
2309 7.493224 2.313134 1.150493
2310 7.491614 2.312630 1.150240
2311 7.490005 2.312126 1.149987
2312 7.488398 2.311622 1.149735
2313 7.486791 2.311119 1.149484
2314 7.485186 2.310616 1.149234
2315 7.483581 2.310113 1.148984
2316 7.481978 2.309611 1.148735
2317 7.480375 2.309109 1.148487
2318 7.478774 2.308607 1.148240
2319 7.477173 2.308105 1.147994
2320 7.475574 2.307604 1.147748
2321 7.473976 2.307104 1.147503
2322 7.472378 2.306603 1.147259
2323 7.470782 2.306103 1.147016
2324 7.469187 2.305603 1.146773
2325 7.467592 2.305104 1.146531
2326 7.465999 2.304605 1.146290
2327 7.464407 2.304106 1.146050
2328 7.462816 2.303608 1.145811
2329 7.461225 2.303110 1.145572
2330 7.459636 2.302612 1.145334
2331 7.458048 2.302114 1.145097
2332 7.456461 2.301617 1.144861
2333 7.454874 2.301120 1.144625
2334 7.453289 2.300624 1.144390
2335 7.451705 2.300128 1.144156
2336 7.450122 2.299632 1.143923
2337 7.448539 2.299136 1.143690
2338 7.446958 2.298641 1.143458
2339 7.445378 2.298146 1.143227
2340 7.443799 2.297652 1.142997
2341 7.442220 2.297158 1.142767
2342 7.440643 2.296664 1.142538
2343 7.439067 2.296170 1.142310
2344 7.437491 2.295677 1.142083
2345 7.435917 2.295184 1.141856
2346 7.434343 2.294691 1.141630
2347 7.432771 2.294199 1.141405
2348 7.431200 2.293707 1.141181
2349 7.429629 2.293216 1.140957
2350 7.428060 2.292724 1.140734
2351 7.426491 2.292233 1.140512
2352 7.424923 2.291743 1.140291
2353 7.423357 2.291252 1.140070
2354 7.421791 2.290762 1.139850
2355 7.420226 2.290273 1.139631
2356 7.418663 2.289783 1.139412
2357 7.417100 2.289294 1.139195
2358 7.415538 2.288806 1.138978
2359 7.413977 2.288317 1.138761
2360 7.412417 2.287829 1.138546
2361 7.410858 2.287342 1.138331
2362 7.409300 2.286854 1.138117
2363 7.407743 2.286367 1.137903
2364 7.406187 2.285880 1.137690
2365 7.404632 2.285394 1.137478
2366 7.403077 2.284908 1.137267
2367 7.401524 2.284422 1.137057
2368 7.399972 2.283936 1.136847
2369 7.398420 2.283451 1.136637
2370 7.396870 2.282967 1.136429
2371 7.395320 2.282482 1.136221
2372 7.393771 2.281998 1.136014
2373 7.392224 2.281514 1.135808
2374 7.390677 2.281030 1.135602
2375 7.389131 2.280547 1.135397
2376 7.387586 2.280064 1.135193
2377 7.386042 2.279582 1.134990
2378 7.384499 2.279100 1.134787
2379 7.382957 2.278618 1.134585
2380 7.381415 2.278136 1.134383
2381 7.379875 2.277655 1.134182
2382 7.378335 2.277174 1.133982
2383 7.376797 2.276693 1.133783
2384 7.375259 2.276213 1.133584
2385 7.373723 2.275733 1.133386
2386 7.372187 2.275253 1.133189
2387 7.370652 2.274774 1.132992
2388 7.369118 2.274295 1.132796
2389 7.367585 2.273816 1.132601
2390 7.366052 2.273338 1.132406
2391 7.364521 2.272859 1.132212
2392 7.362991 2.272382 1.132019
2393 7.361461 2.271904 1.131827
2394 7.359932 2.271427 1.131635
2395 7.358405 2.270950 1.131444
2396 7.356878 2.270474 1.131253
2397 7.355352 2.269998 1.131063
2398 7.353827 2.269522 1.130874
2399 7.352302 2.269046 1.130685
2400 7.350779 2.268571 1.130498
2401 7.349257 2.268096 1.130310
2402 7.347735 2.267622 1.130124
2403 7.346214 2.267147 1.129938
2404 7.344695 2.266673 1.129753
2405 7.343176 2.266200 1.129568
2406 7.341658 2.265726 1.129384
2407 7.340140 2.265253 1.129201
2408 7.338624 2.264781 1.129018
2409 7.337109 2.264308 1.128836
2410 7.335594 2.263836 1.128655
2411 7.334080 2.263365 1.128474
2412 7.332567 2.262893 1.128294
2413 7.331055 2.262422 1.128115
2414 7.329544 2.261952 1.127936
2415 7.328034 2.261481 1.127758
2416 7.326525 2.261011 1.127581
2417 7.325016 2.260541 1.127404
2418 7.323508 2.260072 1.127228
2419 7.322001 2.259602 1.127053
2420 7.320495 2.259134 1.126878
2421 7.318990 2.258665 1.126704
2422 7.317486 2.258197 1.126530
2423 7.315983 2.257729 1.126357
2424 7.314480 2.257261 1.126185
2425 7.312978 2.256794 1.126013
2426 7.311477 2.256327 1.125842
2427 7.309977 2.255860 1.125672
2428 7.308478 2.255394 1.125502
2429 7.306979 2.254928 1.125333
2430 7.305482 2.254462 1.125164
2431 7.303985 2.253997 1.124996
2432 7.302489 2.253532 1.124829
2433 7.300994 2.253067 1.124662
2434 7.299500 2.252603 1.124496
2435 7.298007 2.252138 1.124331
2436 7.296514 2.251675 1.124166
2437 7.295022 2.251211 1.124002
2438 7.293531 2.250748 1.123838
2439 7.292041 2.250285 1.123675
2440 7.290552 2.249823 1.123513
2441 7.289063 2.249360 1.123351
2442 7.287576 2.248898 1.123190
2443 7.286089 2.248437 1.123029
2444 7.284603 2.247975 1.122869
2445 7.283118 2.247514 1.122710
2446 7.281633 2.247054 1.122551
2447 7.280150 2.246593 1.122393
2448 7.278667 2.246133 1.122236
2449 7.277185 2.245673 1.122079
2450 7.275704 2.245214 1.121922
2451 7.274224 2.244755 1.121767
2452 7.272744 2.244296 1.121612
2453 7.271265 2.243838 1.121457
2454 7.269787 2.243379 1.121303
2455 7.268310 2.242922 1.121150
2456 7.266834 2.242464 1.120997
2457 7.265358 2.242007 1.120845
2458 7.263884 2.241550 1.120693
2459 7.262410 2.241093 1.120542
2460 7.260937 2.240637 1.120392
2461 7.259464 2.240181 1.120242
2462 7.257993 2.239725 1.120093
2463 7.256522 2.239270 1.119944
2464 7.255052 2.238815 1.119796
2465 7.253583 2.238360 1.119649
2466 7.252114 2.237905 1.119502
2467 7.250647 2.237451 1.119355
2468 7.249180 2.236997 1.119210
2469 7.247714 2.236544 1.119064
2470 7.246248 2.236091 1.118920
2471 7.244784 2.235638 1.118776
2472 7.243320 2.235185 1.118632
2473 7.241857 2.234733 1.118489
2474 7.240395 2.234281 1.118347
2475 7.238934 2.233829 1.118205
2476 7.237473 2.233378 1.118064
2477 7.236013 2.232927 1.117924
2478 7.234554 2.232476 1.117783
2479 7.233096 2.232025 1.117644
2480 7.231638 2.231575 1.117505
2481 7.230181 2.231126 1.117367
2482 7.228725 2.230676 1.117229
2483 7.227270 2.230227 1.117091
2484 7.225816 2.229778 1.116955
2485 7.224362 2.229329 1.116819
2486 7.222909 2.228881 1.116683
2487 7.221457 2.228433 1.116548
2488 7.220005 2.227985 1.116413
2489 7.218554 2.227538 1.116279
2490 7.217104 2.227091 1.116146
2491 7.215655 2.226644 1.116013
2492 7.214207 2.226198 1.115881
2493 7.212759 2.225751 1.115749
2494 7.211312 2.225306 1.115618
2495 7.209866 2.224860 1.115487
2496 7.208420 2.224415 1.115357
2497 7.206976 2.223970 1.115227
2498 7.205532 2.223525 1.115098
2499 7.204089 2.223081 1.114970
2500 7.202646 2.222637 1.114842
2501 7.201204 2.222193 1.114714
2502 7.199763 2.221750 1.114587
2503 7.198323 2.221307 1.114461
2504 7.196884 2.220864 1.114335
2505 7.195445 2.220422 1.114210
2506 7.194007 2.219979 1.114085
2507 7.192569 2.219537 1.113961
2508 7.191133 2.219096 1.113837
2509 7.189697 2.218655 1.113714
2510 7.188262 2.218214 1.113591
2511 7.186827 2.217773 1.113469
2512 7.185394 2.217333 1.113347
2513 7.183961 2.216893 1.113226
2514 7.182528 2.216453 1.113105
2515 7.181097 2.216013 1.112985
2516 7.179666 2.215574 1.112866
2517 7.178236 2.215135 1.112747
2518 7.176807 2.214697 1.112628
2519 7.175378 2.214258 1.112510
2520 7.173950 2.213821 1.112393
2521 7.172523 2.213383 1.112276
2522 7.171097 2.212946 1.112159
2523 7.169671 2.212509 1.112043
2524 7.168246 2.212072 1.111928
2525 7.166821 2.211635 1.111813
2526 7.165398 2.211199 1.111698
2527 7.163975 2.210763 1.111584
2528 7.162553 2.210328 1.111471
2529 7.161131 2.209893 1.111358
2530 7.159710 2.209458 1.111245
2531 7.158290 2.209023 1.111133
2532 7.156871 2.208589 1.111022
2533 7.155452 2.208155 1.110911
2534 7.154034 2.207721 1.110801
2535 7.152617 2.207287 1.110691
2536 7.151200 2.206854 1.110581
2537 7.149784 2.206421 1.110472
2538 7.148369 2.205989 1.110364
2539 7.146955 2.205557 1.110256
2540 7.145541 2.205125 1.110148
2541 7.144128 2.204693 1.110041
2542 7.142715 2.204262 1.109935
2543 7.141304 2.203831 1.109829
2544 7.139893 2.203400 1.109723
2545 7.138482 2.202970 1.109618
2546 7.137073 2.202539 1.109513
2547 7.135664 2.202110 1.109409
2548 7.134255 2.201680 1.109306
2549 7.132848 2.201251 1.109202
2550 7.131441 2.200822 1.109100
2551 7.130035 2.200393 1.108998
2552 7.128629 2.199965 1.108896
2553 7.127224 2.199537 1.108795
2554 7.125820 2.199109 1.108694
2555 7.124416 2.198681 1.108594
2556 7.123014 2.198254 1.108494
2557 7.121611 2.197827 1.108394
2558 7.120210 2.197401 1.108296
2559 7.118809 2.196974 1.108197
2560 7.117409 2.196548 1.108099
2561 7.116010 2.196123 1.108002
2562 7.114611 2.195697 1.107905
2563 7.113213 2.195272 1.107808
2564 7.111815 2.194847 1.107712
2565 7.110418 2.194423 1.107617
2566 7.109022 2.193999 1.107521
2567 7.107627 2.193575 1.107427
2568 7.106232 2.193151 1.107332
2569 7.104838 2.192728 1.107239
2570 7.103444 2.192305 1.107145
2571 7.102052 2.191882 1.107052
2572 7.100659 2.191459 1.106960
2573 7.099268 2.191037 1.106868
2574 7.097877 2.190615 1.106777
2575 7.096487 2.190194 1.106686
2576 7.095097 2.189772 1.106595
2577 7.093709 2.189351 1.106505
2578 7.092320 2.188931 1.106415
2579 7.090933 2.188510 1.106326
2580 7.089546 2.188090 1.106237
2581 7.088160 2.187670 1.106149
2582 7.086774 2.187251 1.106061
2583 7.085389 2.186831 1.105973
2584 7.084005 2.186412 1.105886
2585 7.082621 2.185994 1.105800
2586 7.081238 2.185575 1.105714
2587 7.079856 2.185157 1.105628
2588 7.078474 2.184740 1.105543
2589 7.077093 2.184322 1.105458
2590 7.075713 2.183905 1.105373
2591 7.074333 2.183488 1.105289
2592 7.072954 2.183071 1.105206
2593 7.071575 2.182655 1.105123
2594 7.070197 2.182239 1.105040
2595 7.068820 2.181823 1.104958
2596 7.067443 2.181408 1.104876
2597 7.066067 2.180992 1.104795
2598 7.064692 2.180577 1.104714
2599 7.063317 2.180163 1.104633
2600 7.061943 2.179749 1.104553
2601 7.060570 2.179334 1.104474
2602 7.059197 2.178921 1.104394
2603 7.057825 2.178507 1.104316
2604 7.056453 2.178094 1.104237
2605 7.055082 2.177681 1.104159
2606 7.053712 2.177269 1.104082
2607 7.052342 2.176856 1.104005
2608 7.050973 2.176444 1.103928
2609 7.049605 2.176033 1.103852
2610 7.048237 2.175621 1.103776
2611 7.046870 2.175210 1.103700
2612 7.045503 2.174799 1.103625
2613 7.044138 2.174389 1.103551
2614 7.042772 2.173978 1.103476
2615 7.041408 2.173568 1.103403
2616 7.040043 2.173158 1.103329
2617 7.038680 2.172749 1.103256
2618 7.037317 2.172340 1.103184
2619 7.035955 2.171931 1.103112
2620 7.034593 2.171522 1.103040
2621 7.033232 2.171114 1.102968
2622 7.031872 2.170706 1.102897
2623 7.030512 2.170298 1.102827
2624 7.029153 2.169891 1.102757
2625 7.027794 2.169484 1.102687
2626 7.026436 2.169077 1.102618
2627 7.025079 2.168670 1.102549
2628 7.023722 2.168264 1.102480
2629 7.022366 2.167858 1.102412
2630 7.021011 2.167452 1.102344
2631 7.019656 2.167047 1.102277
2632 7.018302 2.166642 1.102210
2633 7.016948 2.166237 1.102144
2634 7.015595 2.165832 1.102077
2635 7.014242 2.165428 1.102012
2636 7.012890 2.165024 1.101946
2637 7.011539 2.164620 1.101881
2638 7.010188 2.164216 1.101817
2639 7.008838 2.163813 1.101752
2640 7.007489 2.163410 1.101689
2641 7.006140 2.163008 1.101625
2642 7.004791 2.162605 1.101562
2643 7.003444 2.162203 1.101499
2644 7.002097 2.161801 1.101437
2645 7.000750 2.161400 1.101375
2646 6.999404 2.160999 1.101314
2647 6.998059 2.160598 1.101253
2648 6.996714 2.160197 1.101192
2649 6.995370 2.159797 1.101132
2650 6.994026 2.159397 1.101072
2651 6.992683 2.158997 1.101012
2652 6.991341 2.158597 1.100953
2653 6.989999 2.158198 1.100894
2654 6.988657 2.157799 1.100835
2655 6.987317 2.157400 1.100777
2656 6.985977 2.157002 1.100720
2657 6.984637 2.156604 1.100662
2658 6.983298 2.156206 1.100605
2659 6.981960 2.155808 1.100549
2660 6.980622 2.155411 1.100492
2661 6.979285 2.155014 1.100437
2662 6.977948 2.154617 1.100381
2663 6.976612 2.154221 1.100326
2664 6.975277 2.153824 1.100271
2665 6.973942 2.153429 1.100217
2666 6.972608 2.153033 1.100163
2667 6.971274 2.152637 1.100109
2668 6.969941 2.152242 1.100056
2669 6.968608 2.151848 1.100003
2670 6.967276 2.151453 1.099950
2671 6.965945 2.151059 1.099898
2672 6.964614 2.150665 1.099846
2673 6.963283 2.150271 1.099794
2674 6.961954 2.149878 1.099743
2675 6.960625 2.149484 1.099692
2676 6.959296 2.149092 1.099642
2677 6.957968 2.148699 1.099592
2678 6.956640 2.148307 1.099542
2679 6.955313 2.147915 1.099493
2680 6.953987 2.147523 1.099444
2681 6.952661 2.147131 1.099395
2682 6.951336 2.146740 1.099347
2683 6.950011 2.146349 1.099299
2684 6.948687 2.145958 1.099251
2685 6.947364 2.145568 1.099204
2686 6.946041 2.145178 1.099157
2687 6.944718 2.144788 1.099110
2688 6.943396 2.144398 1.099064
2689 6.942075 2.144009 1.099018
2690 6.940754 2.143620 1.098973
2691 6.939434 2.143231 1.098928
2692 6.938115 2.142843 1.098883
2693 6.936795 2.142454 1.098838
2694 6.935477 2.142067 1.098794
2695 6.934159 2.141679 1.098750
2696 6.932841 2.141291 1.098707
2697 6.931525 2.140904 1.098663
2698 6.930208 2.140517 1.098621
2699 6.928892 2.140131 1.098578
2700 6.927577 2.139744 1.098536
2701 6.926262 2.139358 1.098494
2702 6.924948 2.138973 1.098453
2703 6.923635 2.138587 1.098412
2704 6.922322 2.138202 1.098371
2705 6.921009 2.137817 1.098330
2706 6.919697 2.137432 1.098290
2707 6.918386 2.137048 1.098250
2708 6.917075 2.136664 1.098211
2709 6.915765 2.136280 1.098172
2710 6.914455 2.135896 1.098133
2711 6.913145 2.135513 1.098094
2712 6.911837 2.135130 1.098056
2713 6.910529 2.134747 1.098018
2714 6.909221 2.134364 1.097981
2715 6.907914 2.133982 1.097943
2716 6.906607 2.133600 1.097907
2717 6.905301 2.133218 1.097870
2718 6.903996 2.132837 1.097834
2719 6.902691 2.132456 1.097798
2720 6.901386 2.132075 1.097762
2721 6.900082 2.131694 1.097727
2722 6.898779 2.131314 1.097692
2723 6.897476 2.130933 1.097657
2724 6.896174 2.130554 1.097623
2725 6.894872 2.130174 1.097589
2726 6.893571 2.129795 1.097555
2727 6.892270 2.129416 1.097522
2728 6.890970 2.129037 1.097489
2729 6.889670 2.128658 1.097456
2730 6.888371 2.128280 1.097424
2731 6.887073 2.127902 1.097392
2732 6.885774 2.127524 1.097360
2733 6.884477 2.127147 1.097328
2734 6.883180 2.126770 1.097297
2735 6.881883 2.126393 1.097266
2736 6.880587 2.126016 1.097236
2737 6.879292 2.125639 1.097205
2738 6.877997 2.125263 1.097175
2739 6.876703 2.124887 1.097146
2740 6.875409 2.124512 1.097116
2741 6.874115 2.124136 1.097087
2742 6.872822 2.123761 1.097058
2743 6.871530 2.123387 1.097030
2744 6.870238 2.123012 1.097002
2745 6.868947 2.122638 1.096974
2746 6.867656 2.122264 1.096946
2747 6.866366 2.121890 1.096919
2748 6.865076 2.121516 1.096892
2749 6.863787 2.121143 1.096866
2750 6.862498 2.120770 1.096839
2751 6.861210 2.120397 1.096813
2752 6.859922 2.120025 1.096787
2753 6.858635 2.119653 1.096762
2754 6.857348 2.119281 1.096737
2755 6.856062 2.118909 1.096712
2756 6.854776 2.118538 1.096687
2757 6.853491 2.118166 1.096663
2758 6.852207 2.117796 1.096639
2759 6.850922 2.117425 1.096615
2760 6.849639 2.117055 1.096592
2761 6.848356 2.116684 1.096569
2762 6.847073 2.116315 1.096546
2763 6.845791 2.115945 1.096523
2764 6.844509 2.115576 1.096501
2765 6.843228 2.115207 1.096479
2766 6.841948 2.114838 1.096457
2767 6.840667 2.114469 1.096436
2768 6.839388 2.114101 1.096415
2769 6.838109 2.113733 1.096394
2770 6.836830 2.113365 1.096373
2771 6.835552 2.112998 1.096353
2772 6.834274 2.112630 1.096333
2773 6.832997 2.112263 1.096313
2774 6.831721 2.111897 1.096294
2775 6.830445 2.111530 1.096275
2776 6.829169 2.111164 1.096256
2777 6.827894 2.110798 1.096237
2778 6.826619 2.110432 1.096219
2779 6.825345 2.110067 1.096201
2780 6.824072 2.109701 1.096183
2781 6.822798 2.109337 1.096166
2782 6.821526 2.108972 1.096148
2783 6.820254 2.108607 1.096132
2784 6.818982 2.108243 1.096115
2785 6.817711 2.107879 1.096098
2786 6.816440 2.107516 1.096082
2787 6.815170 2.107152 1.096066
2788 6.813900 2.106789 1.096051
2789 6.812631 2.106426 1.096036
2790 6.811362 2.106064 1.096021
2791 6.810094 2.105701 1.096006
2792 6.808826 2.105339 1.095991
2793 6.807559 2.104977 1.095977
2794 6.806292 2.104615 1.095963
2795 6.805026 2.104254 1.095949
2796 6.803760 2.103893 1.095936
2797 6.802495 2.103532 1.095923
2798 6.801230 2.103172 1.095910
2799 6.799966 2.102811 1.095897
2800 6.798702 2.102451 1.095885
2801 6.797438 2.102091 1.095873
2802 6.796176 2.101732 1.095861
2803 6.794913 2.101372 1.095849
2804 6.793651 2.101013 1.095838
2805 6.792390 2.100654 1.095827
2806 6.791129 2.100296 1.095816
2807 6.789868 2.099937 1.095805
2808 6.788608 2.099579 1.095795
2809 6.787349 2.099222 1.095785
2810 6.786090 2.098864 1.095775
2811 6.784831 2.098507 1.095766
2812 6.783573 2.098150 1.095756
2813 6.782315 2.097793 1.095747
2814 6.781058 2.097436 1.095738
2815 6.779801 2.097080 1.095730
2816 6.778545 2.096724 1.095722
2817 6.777289 2.096368 1.095714
2818 6.776034 2.096012 1.095706
2819 6.774779 2.095657 1.095698
2820 6.773525 2.095302 1.095691
2821 6.772271 2.094947 1.095684
2822 6.771018 2.094593 1.095677
2823 6.769765 2.094238 1.095671
2824 6.768512 2.093884 1.095664
2825 6.767260 2.093530 1.095658
2826 6.766009 2.093177 1.095653
2827 6.764758 2.092824 1.095647
2828 6.763507 2.092470 1.095642
2829 6.762257 2.092118 1.095637
2830 6.761008 2.091765 1.095632
2831 6.759758 2.091413 1.095627
2832 6.758510 2.091061 1.095623
2833 6.757261 2.090709 1.095619
2834 6.756014 2.090357 1.095615
2835 6.754766 2.090006 1.095611
2836 6.753519 2.089655 1.095608
2837 6.752273 2.089304 1.095605
2838 6.751027 2.088953 1.095602
2839 6.749782 2.088603 1.095599
2840 6.748537 2.088253 1.095597
2841 6.747292 2.087903 1.095595
2842 6.746048 2.087553 1.095593
2843 6.744804 2.087204 1.095591
2844 6.743561 2.086855 1.095590
2845 6.742318 2.086506 1.095588
2846 6.741076 2.086157 1.095587
2847 6.739834 2.085809 1.095587
2848 6.738593 2.085461 1.095586
2849 6.737352 2.085113 1.095586
2850 6.736112 2.084765 1.095586
2851 6.734872 2.084418 1.095586
2852 6.733632 2.084071 1.095586
2853 6.732393 2.083724 1.095587
2854 6.731154 2.083377 1.095588
2855 6.729916 2.083031 1.095589
2856 6.728679 2.082684 1.095590
2857 6.727441 2.082338 1.095592
2858 6.726204 2.081993 1.095594
2859 6.724968 2.081647 1.095596
2860 6.723732 2.081302 1.095598
2861 6.722497 2.080957 1.095600
2862 6.721262 2.080612 1.095603
2863 6.720027 2.080268 1.095606
2864 6.718793 2.079924 1.095609
2865 6.717559 2.079580 1.095612
2866 6.716326 2.079236 1.095616
2867 6.715093 2.078892 1.095619
2868 6.713861 2.078549 1.095623
2869 6.712629 2.078206 1.095628
2870 6.711398 2.077863 1.095632
2871 6.710167 2.077521 1.095637
2872 6.708936 2.077178 1.095642
2873 6.707706 2.076836 1.095647
2874 6.706476 2.076494 1.095652
2875 6.705247 2.076153 1.095658
2876 6.704019 2.075811 1.095663
2877 6.702790 2.075470 1.095669
2878 6.701562 2.075129 1.095676
2879 6.700335 2.074789 1.095682
2880 6.699108 2.074448 1.095689
2881 6.697881 2.074108 1.095695
2882 6.696655 2.073768 1.095702
2883 6.695429 2.073429 1.095710
2884 6.694204 2.073089 1.095717
2885 6.692979 2.072750 1.095725
2886 6.691755 2.072411 1.095733
2887 6.690531 2.072072 1.095741
2888 6.689308 2.071734 1.095749
2889 6.688085 2.071395 1.095758
2890 6.686862 2.071057 1.095766
2891 6.685640 2.070720 1.095775
2892 6.684418 2.070382 1.095784
2893 6.683197 2.070045 1.095794
2894 6.681976 2.069708 1.095803
2895 6.680755 2.069371 1.095813
2896 6.679535 2.069034 1.095823
2897 6.678316 2.068698 1.095833
2898 6.677097 2.068362 1.095843
2899 6.675878 2.068026 1.095854
2900 6.674660 2.067690 1.095865
2901 6.673442 2.067355 1.095876
2902 6.672224 2.067020 1.095887
2903 6.671007 2.066685 1.095898
2904 6.669791 2.066350 1.095910
2905 6.668575 2.066016 1.095922
2906 6.667359 2.065681 1.095934
2907 6.666144 2.065347 1.095946
2908 6.664929 2.065013 1.095958
2909 6.663714 2.064680 1.095971
2910 6.662500 2.064347 1.095984
2911 6.661287 2.064014 1.095997
2912 6.660074 2.063681 1.096010
2913 6.658861 2.063348 1.096023
2914 6.657649 2.063016 1.096037
2915 6.656437 2.062684 1.096051
2916 6.655225 2.062352 1.096065
2917 6.654014 2.062020 1.096079
2918 6.652804 2.061689 1.096093
2919 6.651594 2.061357 1.096108
2920 6.650384 2.061026 1.096122
2921 6.649174 2.060696 1.096137
2922 6.647966 2.060365 1.096153
2923 6.646757 2.060035 1.096168
2924 6.645549 2.059705 1.096183
2925 6.644341 2.059375 1.096199
2926 6.643134 2.059045 1.096215
2927 6.641927 2.058716 1.096231
2928 6.640721 2.058387 1.096247
2929 6.639515 2.058058 1.096264
2930 6.638309 2.057729 1.096280
2931 6.637104 2.057401 1.096297
2932 6.635900 2.057073 1.096314
2933 6.634695 2.056745 1.096332
2934 6.633491 2.056417 1.096349
2935 6.632288 2.056090 1.096367
2936 6.631085 2.055762 1.096384
2937 6.629882 2.055435 1.096402
2938 6.628680 2.055108 1.096420
2939 6.627478 2.054782 1.096439
2940 6.626277 2.054455 1.096457
2941 6.625076 2.054129 1.096476
2942 6.623875 2.053803 1.096495
2943 6.622675 2.053478 1.096514
2944 6.621475 2.053152 1.096533
2945 6.620276 2.052827 1.096553
2946 6.619077 2.052502 1.096572
2947 6.617879 2.052177 1.096592
2948 6.616680 2.051853 1.096612
2949 6.615483 2.051528 1.096632
2950 6.614286 2.051204 1.096652
2951 6.613089 2.050880 1.096673
2952 6.611892 2.050557 1.096694
2953 6.610696 2.050233 1.096714
2954 6.609501 2.049910 1.096735
2955 6.608305 2.049587 1.096757
2956 6.607110 2.049265 1.096778
2957 6.605916 2.048942 1.096800
2958 6.604722 2.048620 1.096821
2959 6.603528 2.048298 1.096843
2960 6.602335 2.047976 1.096865
2961 6.601142 2.047654 1.096888
2962 6.599950 2.047333 1.096910
2963 6.598758 2.047012 1.096933
2964 6.597567 2.046691 1.096955
2965 6.596375 2.046370 1.096978
2966 6.595185 2.046050 1.097001
2967 6.593994 2.045729 1.097025
2968 6.592804 2.045409 1.097048
2969 6.591615 2.045090 1.097072
2970 6.590426 2.044770 1.097096
2971 6.589237 2.044451 1.097120
2972 6.588048 2.044131 1.097144
2973 6.586861 2.043813 1.097168
2974 6.585673 2.043494 1.097192
2975 6.584486 2.043175 1.097217
2976 6.583299 2.042857 1.097242
2977 6.582113 2.042539 1.097267
2978 6.580927 2.042221 1.097292
2979 6.579741 2.041904 1.097317
2980 6.578556 2.041586 1.097343
2981 6.577371 2.041269 1.097368
2982 6.576187 2.040952 1.097394
2983 6.575003 2.040636 1.097420
2984 6.573819 2.040319 1.097446
2985 6.572636 2.040003 1.097473
2986 6.571453 2.039687 1.097499
2987 6.570271 2.039371 1.097526
2988 6.569089 2.039056 1.097552
2989 6.567907 2.038740 1.097579
2990 6.566726 2.038425 1.097607
2991 6.565545 2.038110 1.097634
2992 6.564365 2.037795 1.097661
2993 6.563185 2.037481 1.097689
2994 6.562005 2.037167 1.097717
2995 6.560826 2.036853 1.097744
2996 6.559647 2.036539 1.097772
2997 6.558469 2.036225 1.097801
2998 6.557291 2.035912 1.097829
2999 6.556113 2.035599 1.097858
3000 6.554936 2.035286 1.097886
3001 6.553759 2.034973 1.097915
3002 6.552583 2.034660 1.097944
3003 6.551407 2.034348 1.097973
3004 6.550231 2.034036 1.098003
3005 6.549055 2.033724 1.098032
3006 6.547881 2.033413 1.098062
3007 6.546706 2.033101 1.098091
3008 6.545532 2.032790 1.098121
3009 6.544358 2.032479 1.098151
3010 6.543185 2.032168 1.098182
3011 6.542012 2.031858 1.098212
3012 6.540839 2.031547 1.098243
3013 6.539667 2.031237 1.098273
3014 6.538495 2.030927 1.098304
3015 6.537324 2.030618 1.098335
3016 6.536153 2.030308 1.098366
3017 6.534982 2.029999 1.098397
3018 6.533812 2.029690 1.098429
3019 6.532642 2.029381 1.098460
3020 6.531472 2.029072 1.098492
3021 6.530303 2.028764 1.098524
3022 6.529134 2.028456 1.098556
3023 6.527966 2.028148 1.098588
3024 6.526798 2.027840 1.098621
3025 6.525630 2.027533 1.098653
3026 6.524463 2.027225 1.098686
3027 6.523296 2.026918 1.098718
3028 6.522130 2.026611 1.098751
3029 6.520964 2.026305 1.098784
3030 6.519798 2.025998 1.098818
3031 6.518633 2.025692 1.098851
3032 6.517468 2.025386 1.098884
3033 6.516303 2.025080 1.098918
3034 6.515139 2.024774 1.098952
3035 6.513975 2.024469 1.098986
3036 6.512812 2.024164 1.099020
3037 6.511649 2.023859 1.099054
3038 6.510486 2.023554 1.099088
3039 6.509324 2.023250 1.099123
3040 6.508162 2.022945 1.099157
3041 6.507000 2.022641 1.099192
3042 6.505839 2.022337 1.099227
3043 6.504678 2.022034 1.099262
3044 6.503518 2.021730 1.099297
3045 6.502358 2.021427 1.099333
3046 6.501198 2.021124 1.099368
3047 6.500039 2.020821 1.099404
3048 6.498880 2.020518 1.099439
3049 6.497721 2.020216 1.099475
3050 6.496563 2.019914 1.099511
3051 6.495405 2.019611 1.099547
3052 6.494248 2.019310 1.099584
3053 6.493091 2.019008 1.099620
3054 6.491934 2.018707 1.099657
3055 6.490778 2.018406 1.099693
3056 6.489622 2.018105 1.099730
3057 6.488467 2.017804 1.099767
3058 6.487311 2.017503 1.099804
3059 6.486157 2.017203 1.099841
3060 6.485002 2.016903 1.099879
3061 6.483848 2.016603 1.099916
3062 6.482694 2.016303 1.099954
3063 6.481541 2.016004 1.099992
3064 6.480388 2.015704 1.100029
3065 6.479235 2.015405 1.100067
3066 6.478083 2.015106 1.100106
3067 6.476931 2.014808 1.100144
3068 6.475780 2.014509 1.100182
3069 6.474629 2.014211 1.100221
3070 6.473478 2.013913 1.100259
3071 6.472328 2.013615 1.100298
3072 6.471178 2.013317 1.100337
3073 6.470028 2.013020 1.100376
3074 6.468879 2.012723 1.100415
3075 6.467730 2.012426 1.100455
3076 6.466581 2.012129 1.100494
3077 6.465433 2.011832 1.100534
3078 6.464285 2.011536 1.100573
3079 6.463138 2.011240 1.100613
3080 6.461991 2.010944 1.100653
3081 6.460844 2.010648 1.100693
3082 6.459698 2.010352 1.100733
3083 6.458552 2.010057 1.100774
3084 6.457406 2.009762 1.100814
3085 6.456261 2.009467 1.100855
3086 6.455116 2.009172 1.100895
3087 6.453971 2.008878 1.100936
3088 6.452827 2.008583 1.100977
3089 6.451683 2.008289 1.101018
3090 6.450540 2.007995 1.101059
3091 6.449397 2.007701 1.101101
3092 6.448254 2.007408 1.101142
3093 6.447111 2.007115 1.101184
3094 6.445969 2.006821 1.101225
3095 6.444828 2.006529 1.101267
3096 6.443686 2.006236 1.101309
3097 6.442546 2.005943 1.101351
3098 6.441405 2.005651 1.101393
3099 6.440265 2.005359 1.101435
3100 6.439125 2.005067 1.101478
3101 6.437985 2.004775 1.101520
3102 6.436846 2.004484 1.101563
3103 6.435707 2.004192 1.101606
3104 6.434569 2.003901 1.101649
3105 6.433431 2.003610 1.101692
3106 6.432293 2.003320 1.101735
3107 6.431156 2.003029 1.101778
3108 6.430019 2.002739 1.101821
3109 6.428882 2.002449 1.101865
3110 6.427746 2.002159 1.101908
3111 6.426610 2.001869 1.101952
3112 6.425474 2.001580 1.101996
3113 6.424339 2.001291 1.102040
3114 6.423204 2.001001 1.102084
3115 6.422070 2.000713 1.102128
3116 6.420936 2.000424 1.102172
3117 6.419802 2.000135 1.102216
3118 6.418668 1.999847 1.102261
3119 6.417535 1.999559 1.102305
3120 6.416402 1.999271 1.102350
3121 6.415270 1.998983 1.102395
3122 6.414138 1.998696 1.102440
3123 6.413006 1.998409 1.102485
3124 6.411875 1.998122 1.102530
3125 6.410744 1.997835 1.102575
3126 6.409613 1.997548 1.102621
3127 6.408483 1.997261 1.102666
3128 6.407353 1.996975 1.102712
3129 6.406224 1.996689 1.102757
3130 6.405094 1.996403 1.102803
3131 6.403965 1.996117 1.102849
3132 6.402837 1.995832 1.102895
3133 6.401709 1.995547 1.102941
3134 6.400581 1.995261 1.102988
3135 6.399453 1.994977 1.103034
3136 6.398326 1.994692 1.103080
3137 6.397199 1.994407 1.103127
3138 6.396073 1.994123 1.103174
3139 6.394947 1.993839 1.103221
3140 6.393821 1.993555 1.103267
3141 6.392696 1.993271 1.103314
3142 6.391571 1.992988 1.103361
3143 6.390446 1.992704 1.103409
3144 6.389322 1.992421 1.103456
3145 6.388198 1.992138 1.103503
3146 6.387074 1.991855 1.103551
3147 6.385951 1.991573 1.103599
3148 6.384828 1.991290 1.103646
3149 6.383705 1.991008 1.103694
3150 6.382583 1.990726 1.103742
3151 6.381461 1.990444 1.103790
3152 6.380339 1.990163 1.103838
3153 6.379218 1.989881 1.103887
3154 6.378097 1.989600 1.103935
3155 6.376976 1.989319 1.103983
3156 6.375856 1.989038 1.104032
3157 6.374736 1.988758 1.104081
3158 6.373617 1.988477 1.104129
3159 6.372498 1.988197 1.104178
3160 6.371379 1.987917 1.104227
3161 6.370260 1.987637 1.104276
3162 6.369142 1.987358 1.104325
3163 6.368024 1.987078 1.104375
3164 6.366907 1.986799 1.104424
3165 6.365790 1.986520 1.104473
3166 6.364673 1.986241 1.104523
3167 6.363556 1.985962 1.104573
3168 6.362440 1.985684 1.104622
3169 6.361324 1.985405 1.104672
3170 6.360209 1.985127 1.104722
3171 6.359094 1.984849 1.104772
3172 6.357979 1.984571 1.104822
3173 6.356865 1.984294 1.104873
3174 6.355751 1.984017 1.104923
3175 6.354637 1.983739 1.104973
3176 6.353523 1.983462 1.105024
3177 6.352410 1.983186 1.105075
3178 6.351298 1.982909 1.105125
3179 6.350185 1.982633 1.105176
3180 6.349073 1.982356 1.105227
3181 6.347962 1.982080 1.105278
3182 6.346850 1.981805 1.105329
3183 6.345739 1.981529 1.105380
3184 6.344628 1.981253 1.105432
3185 6.343518 1.980978 1.105483
3186 6.342408 1.980703 1.105534
3187 6.341298 1.980428 1.105586
3188 6.340189 1.980153 1.105638
3189 6.339080 1.979879 1.105689
3190 6.337971 1.979605 1.105741
3191 6.336863 1.979331 1.105793
3192 6.335755 1.979057 1.105845
3193 6.334647 1.978783 1.105897
3194 6.333540 1.978509 1.105950
3195 6.332433 1.978236 1.106002
3196 6.331326 1.977963 1.106054
3197 6.330220 1.977690 1.106107
3198 6.329114 1.977417 1.106159
3199 6.328008 1.977144 1.106212
3200 6.326903 1.976872 1.106265
3201 6.325798 1.976599 1.106318
3202 6.324693 1.976327 1.106371
3203 6.323588 1.976056 1.106424
3204 6.322484 1.975784 1.106477
3205 6.321381 1.975512 1.106530
3206 6.320277 1.975241 1.106583
3207 6.319174 1.974970 1.106637
3208 6.318072 1.974699 1.106690
3209 6.316969 1.974428 1.106744
3210 6.315867 1.974158 1.106797
3211 6.314766 1.973887 1.106851
3212 6.313664 1.973617 1.106905
3213 6.312563 1.973347 1.106959
3214 6.311462 1.973077 1.107013
3215 6.310362 1.972807 1.107067
3216 6.309262 1.972538 1.107121
3217 6.308162 1.972269 1.107175
3218 6.307063 1.972000 1.107229
3219 6.305964 1.971731 1.107284
3220 6.304865 1.971462 1.107338
3221 6.303766 1.971193 1.107393
3222 6.302668 1.970925 1.107447
3223 6.301571 1.970657 1.107502
3224 6.300473 1.970389 1.107557
3225 6.299376 1.970121 1.107612
3226 6.298279 1.969853 1.107667
3227 6.297183 1.969586 1.107722
3228 6.296087 1.969319 1.107777
3229 6.294991 1.969052 1.107832
3230 6.293895 1.968785 1.107888
3231 6.292800 1.968518 1.107943
3232 6.291705 1.968251 1.107999
3233 6.290611 1.967985 1.108054
3234 6.289517 1.967719 1.108110
3235 6.288423 1.967453 1.108166
3236 6.287329 1.967187 1.108221
3237 6.286236 1.966921 1.108277
3238 6.285143 1.966656 1.108333
3239 6.284051 1.966391 1.108389
3240 6.282958 1.966126 1.108445
3241 6.281866 1.965861 1.108502
3242 6.280775 1.965596 1.108558
3243 6.279683 1.965332 1.108614
3244 6.278593 1.965067 1.108671
3245 6.277502 1.964803 1.108727
3246 6.276412 1.964539 1.108784
3247 6.275322 1.964275 1.108840
3248 6.274232 1.964012 1.108897
3249 6.273143 1.963748 1.108954
3250 6.272054 1.963485 1.109011
3251 6.270965 1.963222 1.109068
3252 6.269877 1.962959 1.109125
3253 6.268788 1.962696 1.109182
3254 6.267701 1.962433 1.109239
3255 6.266613 1.962171 1.109297
3256 6.265526 1.961909 1.109354
3257 6.264439 1.961647 1.109411
3258 6.263353 1.961385 1.109469
3259 6.262267 1.961123 1.109526
3260 6.261181 1.960862 1.109584
3261 6.260096 1.960601 1.109642
3262 6.259010 1.960339 1.109700
3263 6.257926 1.960079 1.109758
3264 6.256841 1.959818 1.109816
3265 6.255757 1.959557 1.109874
3266 6.254673 1.959297 1.109932
3267 6.253589 1.959036 1.109990
3268 6.252506 1.958776 1.110048
3269 6.251423 1.958517 1.110106
3270 6.250340 1.958257 1.110165
3271 6.249258 1.957997 1.110223
3272 6.248176 1.957738 1.110282
3273 6.247094 1.957479 1.110340
3274 6.246013 1.957220 1.110399
3275 6.244932 1.956961 1.110458
3276 6.243851 1.956702 1.110517
3277 6.242771 1.956444 1.110576
3278 6.241691 1.956186 1.110635
3279 6.240611 1.955927 1.110694
3280 6.239531 1.955669 1.110753
3281 6.238452 1.955412 1.110812
3282 6.237373 1.955154 1.110871
3283 6.236295 1.954897 1.110930
3284 6.235217 1.954639 1.110990
3285 6.234139 1.954382 1.111049
3286 6.233061 1.954125 1.111109
3287 6.231984 1.953869 1.111168
3288 6.230907 1.953612 1.111228
3289 6.229830 1.953356 1.111288
3290 6.228754 1.953100 1.111348
3291 6.227678 1.952844 1.111407
3292 6.226602 1.952588 1.111467
3293 6.225527 1.952332 1.111527
3294 6.224452 1.952077 1.111588
3295 6.223377 1.951821 1.111648
3296 6.222303 1.951566 1.111708
3297 6.221228 1.951311 1.111768
3298 6.220155 1.951056 1.111828
3299 6.219081 1.950802 1.111889
3300 6.218008 1.950547 1.111949
3301 6.216935 1.950293 1.112010
3302 6.215862 1.950039 1.112070
3303 6.214790 1.949785 1.112131
3304 6.213718 1.949531 1.112192
3305 6.212647 1.949277 1.112253
3306 6.211575 1.949024 1.112314
3307 6.210504 1.948771 1.112374
3308 6.209433 1.948518 1.112435
3309 6.208363 1.948265 1.112496
3310 6.207293 1.948012 1.112558
3311 6.206223 1.947760 1.112619
3312 6.205154 1.947507 1.112680
3313 6.204084 1.947255 1.112741
3314 6.203016 1.947003 1.112803
3315 6.201947 1.946751 1.112864
3316 6.200879 1.946499 1.112926
3317 6.199811 1.946248 1.112987
3318 6.198743 1.945996 1.113049
3319 6.197676 1.945745 1.113110
3320 6.196609 1.945494 1.113172
3321 6.195542 1.945243 1.113234
3322 6.194476 1.944993 1.113296
3323 6.193410 1.944742 1.113358
3324 6.192344 1.944492 1.113420
3325 6.191278 1.944241 1.113482
3326 6.190213 1.943991 1.113544
3327 6.189148 1.943742 1.113606
3328 6.188084 1.943492 1.113668
3329 6.187019 1.943242 1.113731
3330 6.185955 1.942993 1.113793
3331 6.184892 1.942744 1.113855
3332 6.183828 1.942495 1.113918
3333 6.182765 1.942246 1.113980
3334 6.181703 1.941997 1.114043
3335 6.180640 1.941749 1.114106
3336 6.179578 1.941501 1.114168
3337 6.178516 1.941252 1.114231
3338 6.177455 1.941004 1.114294
3339 6.176393 1.940757 1.114357
3340 6.175333 1.940509 1.114420
3341 6.174272 1.940261 1.114483
3342 6.173212 1.940014 1.114546
3343 6.172152 1.939767 1.114609
3344 6.171092 1.939520 1.114672
3345 6.170033 1.939273 1.114735
3346 6.168973 1.939026 1.114799
3347 6.167915 1.938780 1.114862
3348 6.166856 1.938534 1.114925
3349 6.165798 1.938288 1.114989
3350 6.164740 1.938042 1.115052
3351 6.163683 1.937796 1.115116
3352 6.162625 1.937550 1.115180
3353 6.161568 1.937305 1.115243
3354 6.160512 1.937059 1.115307
3355 6.159455 1.936814 1.115371
3356 6.158399 1.936569 1.115435
3357 6.157343 1.936324 1.115498
3358 6.156288 1.936080 1.115562
3359 6.155233 1.935835 1.115626
3360 6.154178 1.935591 1.115691
3361 6.153123 1.935347 1.115755
3362 6.152069 1.935103 1.115819
3363 6.151015 1.934859 1.115883
3364 6.149961 1.934615 1.115947
3365 6.148908 1.934371 1.116012
3366 6.147855 1.934128 1.116076
3367 6.146802 1.933885 1.116140
3368 6.145750 1.933642 1.116205
3369 6.144697 1.933399 1.116269
3370 6.143646 1.933156 1.116334
3371 6.142594 1.932914 1.116399
3372 6.141543 1.932671 1.116463
3373 6.140492 1.932429 1.116528
3374 6.139441 1.932187 1.116593
3375 6.138391 1.931945 1.116658
3376 6.137341 1.931704 1.116723
3377 6.136291 1.931462 1.116788
3378 6.135241 1.931221 1.116853
3379 6.134192 1.930979 1.116918
3380 6.133143 1.930738 1.116983
3381 6.132095 1.930497 1.117048
3382 6.131046 1.930257 1.117113
3383 6.129998 1.930016 1.117178
3384 6.128951 1.929776 1.117244
3385 6.127903 1.929535 1.117309
3386 6.126856 1.929295 1.117375
3387 6.125809 1.929055 1.117440
3388 6.124763 1.928816 1.117505
3389 6.123716 1.928576 1.117571
3390 6.122670 1.928337 1.117637
3391 6.121625 1.928097 1.117702
3392 6.120579 1.927858 1.117768
3393 6.119534 1.927619 1.117834
3394 6.118490 1.927380 1.117900
3395 6.117445 1.927142 1.117965
3396 6.116401 1.926903 1.118031
3397 6.115357 1.926665 1.118097
3398 6.114314 1.926427 1.118163
3399 6.113270 1.926189 1.118229
3400 6.112227 1.925951 1.118295
3401 6.111185 1.925713 1.118361
3402 6.110142 1.925476 1.118428
3403 6.109100 1.925238 1.118494
3404 6.108058 1.925001 1.118560
3405 6.107017 1.924764 1.118626
3406 6.105975 1.924527 1.118693
3407 6.104934 1.924290 1.118759
3408 6.103894 1.924054 1.118826
3409 6.102853 1.923817 1.118892
3410 6.101813 1.923581 1.118959
3411 6.100774 1.923345 1.119025
3412 6.099734 1.923109 1.119092
3413 6.098695 1.922873 1.119159
3414 6.097656 1.922638 1.119225
3415 6.096617 1.922402 1.119292
3416 6.095579 1.922167 1.119359
3417 6.094541 1.921932 1.119426
3418 6.093503 1.921697 1.119493
3419 6.092466 1.921462 1.119560
3420 6.091429 1.921227 1.119627
3421 6.090392 1.920993 1.119694
3422 6.089355 1.920758 1.119761
3423 6.088319 1.920524 1.119828
3424 6.087283 1.920290 1.119895
3425 6.086247 1.920056 1.119962
3426 6.085212 1.919822 1.120030
3427 6.084177 1.919589 1.120097
3428 6.083142 1.919355 1.120164
3429 6.082107 1.919122 1.120232
3430 6.081073 1.918889 1.120299
3431 6.080039 1.918656 1.120367
3432 6.079005 1.918423 1.120434
3433 6.077972 1.918190 1.120502
3434 6.076939 1.917958 1.120569
3435 6.075906 1.917726 1.120637
3436 6.074873 1.917493 1.120704
3437 6.073841 1.917261 1.120772
3438 6.072809 1.917030 1.120840
3439 6.071778 1.916798 1.120908
3440 6.070746 1.916566 1.120976
3441 6.069715 1.916335 1.121043
3442 6.068684 1.916104 1.121111
3443 6.067654 1.915872 1.121179
3444 6.066623 1.915642 1.121247
3445 6.065594 1.915411 1.121315
3446 6.064564 1.915180 1.121384
3447 6.063535 1.914950 1.121452
3448 6.062505 1.914719 1.121520
3449 6.061477 1.914489 1.121588
3450 6.060448 1.914259 1.121656
3451 6.059420 1.914029 1.121725
3452 6.058392 1.913799 1.121793
3453 6.057364 1.913570 1.121861
3454 6.056337 1.913340 1.121930
3455 6.055310 1.913111 1.121998
3456 6.054283 1.912882 1.122067
3457 6.053256 1.912653 1.122135
3458 6.052230 1.912424 1.122204
3459 6.051204 1.912196 1.122272
3460 6.050179 1.911967 1.122341
3461 6.049153 1.911739 1.122409
3462 6.048128 1.911511 1.122478
3463 6.047103 1.911283 1.122547
3464 6.046079 1.911055 1.122616
3465 6.045055 1.910827 1.122685
3466 6.044031 1.910599 1.122753
3467 6.043007 1.910372 1.122822
3468 6.041983 1.910145 1.122891
3469 6.040960 1.909917 1.122960
3470 6.039938 1.909690 1.123029
3471 6.038915 1.909464 1.123098
3472 6.037893 1.909237 1.123167
3473 6.036871 1.909010 1.123236
3474 6.035849 1.908784 1.123306
3475 6.034828 1.908558 1.123375
3476 6.033806 1.908332 1.123444
3477 6.032786 1.908106 1.123513
3478 6.031765 1.907880 1.123582
3479 6.030745 1.907654 1.123652
3480 6.029725 1.907429 1.123721
3481 6.028705 1.907204 1.123791
3482 6.027686 1.906978 1.123860
3483 6.026666 1.906753 1.123929
3484 6.025647 1.906528 1.123999
3485 6.024629 1.906304 1.124068
3486 6.023611 1.906079 1.124138
