2 3233.469 4.951979 6.390651
3 2134.455 5.358368 6.702589
4 1545.733 5.754936 7.508206
5 1190.189 6.115174 7.879933
6 963.5078 6.391737 7.874373
7 812.1598 6.571806 7.543442
8 707.8259 6.653376 6.936448
9 633.9980 6.646240 6.225966
10 579.6326 6.577266 5.638938
11 537.3576 6.477780 5.245775
12 502.8330 6.368743 4.990235
13 473.6780 6.259944 4.807656
14 448.5365 6.154909 4.659956
15 426.5566 6.054512 4.529427
16 407.1474 5.958704 4.409160
17 389.8678 5.867216 4.297184
18 374.3722 5.779791 4.193490
19 360.3830 5.696243 4.098632
20 347.6737 5.616449 4.013109
21 336.0576 5.540326 3.937144
22 325.3806 5.467808 3.870645
23 315.5149 5.398831 3.813243
24 306.3540 5.333323 3.764365
25 297.8093 5.271195 3.723308
26 289.8066 5.212346 3.689300
27 282.2840 5.156661 3.661554
28 275.1889 5.104012 3.639300
29 268.4773 5.054264 3.621811
30 262.1115 5.007277 3.608417
31 256.0593 4.962909 3.598513
32 250.2934 4.921016 3.591560
33 244.7897 4.881457 3.587083
34 239.5276 4.844096 3.584668
35 234.4890 4.808800 3.583959
36 229.6578 4.775440 3.584648
37 225.0199 4.743897 3.586472
38 220.5627 4.714054 3.589211
39 216.2750 4.685804 3.592677
40 212.1464 4.659044 3.596711
41 208.1678 4.633679 3.601182
42 204.3307 4.609618 3.605980
43 200.6275 4.586779 3.611015
44 197.0510 4.565084 3.616211
45 193.5949 4.544460 3.621507
46 190.2530 4.524839 3.626854
47 187.0197 4.506159 3.632212
48 183.8899 4.488361 3.637547
49 180.8588 4.471391 3.642835
50 177.9217 4.455199 3.648056
51 175.0745 4.439738 3.653194
52 172.3131 4.424964 3.658239
53 169.6339 4.410838 3.663182
54 167.0332 4.397321 3.668017
55 164.5078 4.384378 3.672742
56 162.0545 4.371978 3.677354
57 159.6703 4.360089 3.681853
58 157.3525 4.348684 3.686240
59 155.0984 4.337736 3.690516
60 152.9055 4.327221 3.694683
61 150.7713 4.317116 3.698745
62 148.6936 4.307400 3.702705
63 146.6703 4.298052 3.706565
64 144.6992 4.289054 3.710330
65 142.7785 4.280389 3.714002
66 140.9064 4.272039 3.717587
67 139.0809 4.263991 3.721086
68 137.3005 4.256228 3.724505
69 135.5635 4.248738 3.727847
70 133.8684 4.241509 3.731114
71 132.2137 4.234528 3.734311
72 130.5981 4.227783 3.737441
73 129.0201 4.221265 3.740506
74 127.4786 4.214963 3.743510
75 125.9723 4.208868 3.746456
76 124.5001 4.202972 3.749347
77 123.0607 4.197264 3.752184
78 121.6532 4.191739 3.754970
79 120.2765 4.186388 3.757708
80 118.9297 4.181204 3.760400
81 117.6117 4.176181 3.763047
82 116.3218 4.171311 3.765651
83 115.0589 4.166590 3.768215
84 113.8224 4.162011 3.770740
85 112.6113 4.157568 3.773227
86 111.4250 4.153257 3.775678
87 110.2626 4.149073 3.778094
88 109.1236 4.145011 3.780476
89 108.0071 4.141067 3.782825
90 106.9125 4.137235 3.785142
91 105.8393 4.133513 3.787428
92 104.7868 4.129896 3.789685
93 103.7544 4.126381 3.791912
94 102.7416 4.122963 3.794110
95 101.7477 4.119641 3.796281
96 100.7724 4.116410 3.798424
97 99.81176 4.113402 3.800346
98 98.87201 4.110341 3.802440
99 97.94930 4.107363 3.804508
100 97.04316 4.104464 3.806550
101 96.15317 4.101643 3.808566
102 95.27889 4.098896 3.810556
103 94.41992 4.096222 3.812522
104 93.57588 4.093618 3.814463
105 92.74637 4.091081 3.816379
106 91.93104 4.088610 3.818270
107 91.12953 4.086202 3.820137
108 90.34150 4.083856 3.821980
109 89.56660 4.081570 3.823798
110 88.80454 4.079341 3.825593
111 88.05498 4.077169 3.827363
112 87.31764 4.075050 3.829108
113 86.59222 4.072984 3.830830
114 85.87844 4.070970 3.832528
115 85.17602 4.069004 3.834201
116 84.48471 4.067087 3.835850
117 83.80424 4.065216 3.837476
118 83.13436 4.063390 3.839077
119 82.47484 4.061609 3.840654
120 81.82544 4.059869 3.842207
121 81.18594 4.058171 3.843735
122 80.55611 4.056513 3.845240
123 79.93574 4.054894 3.846720
124 79.32462 4.053313 3.848176
125 78.72256 4.051768 3.849608
126 78.12935 4.050259 3.851015
127 77.54480 4.048784 3.852399
128 76.96874 4.047343 3.853758
129 76.40098 4.045934 3.855092
130 75.84134 4.044557 3.856403
131 75.28966 4.043211 3.857689
132 74.74577 4.041894 3.858951
133 74.20952 4.040607 3.860189
134 73.68074 4.039348 3.861403
135 73.15928 4.038116 3.862592
136 72.64500 4.036910 3.863758
137 72.13775 4.035731 3.864899
138 71.63740 4.034576 3.866016
139 71.14380 4.033446 3.867110
140 70.65682 4.032339 3.868179
141 70.17634 4.031256 3.869225
142 69.70222 4.030194 3.870246
143 69.23435 4.029155 3.871244
144 68.77261 4.028136 3.872219
145 68.31687 4.027138 3.873170
146 67.86703 4.026160 3.874097
147 67.42297 4.025201 3.875001
148 66.98458 4.024261 3.875882
149 66.55177 4.023339 3.876740
150 66.12442 4.022435 3.877575
151 65.70245 4.021548 3.878387
152 65.28574 4.020678 3.879176
153 64.87420 4.019824 3.879942
154 64.46774 4.018986 3.880686
155 64.06628 4.018163 3.881407
156 63.66971 4.017356 3.882106
157 63.27795 4.016562 3.882783
158 62.89093 4.015783 3.883438
159 62.50855 4.015017 3.884071
160 62.13073 4.014264 3.884682
161 61.75740 4.013525 3.885272
162 61.38847 4.012798 3.885840
163 61.02388 4.012083 3.886387
164 60.66355 4.011380 3.886913
165 60.30740 4.010688 3.887418
166 59.95537 4.010007 3.887902
167 59.60738 4.009337 3.888365
168 59.26338 4.008678 3.888808
169 58.92328 4.008029 3.889231
170 58.58704 4.007390 3.889633
171 58.25458 4.006760 3.890016
172 57.92584 4.006139 3.890378
173 57.60076 4.005528 3.890721
174 57.27929 4.004925 3.891045
175 56.96137 4.004331 3.891349
176 56.64693 4.003745 3.891634
177 56.33592 4.003167 3.891900
178 56.02830 4.002597 3.892147
179 55.72400 4.002034 3.892375
180 55.42297 4.001479 3.892585
181 55.12516 4.000930 3.892777
182 54.83053 4.000389 3.892950
183 54.53902 3.999854 3.893105
184 54.25058 3.999325 3.893243
185 53.96517 3.998803 3.893363
186 53.68274 3.998287 3.893465
187 53.40325 3.997776 3.893550
188 53.12666 3.997271 3.893618
189 52.85291 3.996772 3.893668
190 52.58196 3.996278 3.893702
191 52.31378 3.995789 3.893719
192 52.04832 3.995305 3.893720
193 51.78555 3.994826 3.893704
194 51.52542 3.994352 3.893672
195 51.26789 3.993882 3.893623
196 51.01294 3.993416 3.893559
197 50.76051 3.992955 3.893479
198 50.51057 3.992498 3.893384
199 50.26310 3.992044 3.893272
200 50.01804 3.991594 3.893146
201 49.77538 3.991148 3.893004
202 49.53507 3.990706 3.892847
203 49.29708 3.990266 3.892675
204 49.06137 3.989831 3.892489
205 48.82793 3.989398 3.892288
206 48.59671 3.988968 3.892072
207 48.36768 3.988541 3.891842
208 48.14082 3.988117 3.891597
209 47.91610 3.987696 3.891339
210 47.69347 3.987277 3.891066
211 47.47293 3.986861 3.890780
212 47.25443 3.986447 3.890480
213 47.03796 3.986035 3.890166
214 46.82348 3.985626 3.889839
215 46.61096 3.985219 3.889498
216 46.40039 3.984813 3.889144
217 46.19173 3.984410 3.888777
218 45.98496 3.984008 3.888397
219 45.78005 3.983608 3.888004
220 45.57699 3.983210 3.887598
221 45.37574 3.982814 3.887179
222 45.17629 3.982419 3.886748
223 44.97860 3.982025 3.886304
224 44.78266 3.981633 3.885848
225 44.58845 3.981242 3.885380
226 44.39594 3.980852 3.884899
227 44.20510 3.980464 3.884407
228 44.01593 3.980076 3.883902
229 43.82840 3.979690 3.883386
230 43.64248 3.979304 3.882857
231 43.45816 3.978919 3.882317
232 43.27542 3.978535 3.881766
233 43.09424 3.978152 3.881202
234 42.91459 3.977770 3.880628
235 42.73647 3.977388 3.880042
236 42.55984 3.977007 3.879444
237 42.38470 3.976626 3.878836
238 42.21102 3.976246 3.878216
239 42.03879 3.975866 3.877586
240 41.86799 3.975487 3.876944
241 41.69859 3.975108 3.876291
242 41.53060 3.974729 3.875628
243 41.36398 3.974351 3.874954
244 41.19873 3.973972 3.874269
245 41.03482 3.973594 3.873574
246 40.87224 3.973216 3.872868
247 40.71097 3.972838 3.872151
248 40.55100 3.972460 3.871425
249 40.39232 3.972082 3.870687
250 40.23490 3.971703 3.869940
251 40.07874 3.971325 3.869182
252 39.92382 3.970947 3.868415
253 39.77012 3.970568 3.867637
254 39.61763 3.970189 3.866849
255 39.46634 3.969810 3.866051
256 39.31623 3.969431 3.865243
257 39.16730 3.969051 3.864425
258 39.01952 3.968671 3.863597
259 38.87288 3.968290 3.862760
260 38.72737 3.967909 3.861913
261 38.58299 3.967527 3.861056
262 38.43970 3.967146 3.860190
263 38.29752 3.966763 3.859314
264 38.15641 3.966380 3.858428
265 38.01637 3.965996 3.857533
266 37.87739 3.965612 3.856629
267 37.73946 3.965227 3.855715
268 37.60256 3.964841 3.854791
269 37.46668 3.964455 3.853859
270 37.33182 3.964068 3.852917
271 37.19795 3.963680 3.851966
272 37.06508 3.963291 3.851005
273 36.93319 3.962902 3.850035
274 36.80227 3.962512 3.849057
275 36.67230 3.962120 3.848069
276 36.54329 3.961728 3.847072
277 36.41521 3.961336 3.846066
278 36.28807 3.960942 3.845051
279 36.16184 3.960547 3.844027
280 36.03652 3.960151 3.842994
281 35.91210 3.959754 3.841952
282 35.78858 3.959356 3.840901
283 35.66593 3.958958 3.839842
284 35.54416 3.958558 3.838773
285 35.42325 3.958157 3.837696
286 35.30319 3.957755 3.836610
287 35.18398 3.957351 3.835515
288 35.06561 3.956947 3.834411
289 34.94807 3.956541 3.833299
290 34.83135 3.956135 3.832177
291 34.71544 3.955727 3.831048
292 34.60033 3.955318 3.829909
293 34.48602 3.954907 3.828762
294 34.37250 3.954496 3.827607
295 34.25975 3.954083 3.826442
296 34.14778 3.953669 3.825269
297 34.03658 3.953253 3.824088
298 33.92613 3.952837 3.822898
299 33.81643 3.952419 3.821700
300 33.70747 3.951999 3.820493
301 33.59925 3.951578 3.819277
302 33.49175 3.951156 3.818053
303 33.38498 3.950733 3.816821
304 33.27892 3.950308 3.815580
305 33.17357 3.949881 3.814331
306 33.06892 3.949454 3.813073
307 32.96496 3.949024 3.811807
308 32.86169 3.948594 3.810532
309 32.75910 3.948161 3.809249
310 32.65718 3.947728 3.807958
311 32.55593 3.947293 3.806659
312 32.45534 3.946856 3.805351
313 32.35541 3.946418 3.804034
314 32.25612 3.945978 3.802710
315 32.15748 3.945537 3.801377
316 32.05948 3.945094 3.800036
317 31.96210 3.944649 3.798686
318 31.86536 3.944203 3.797328
319 31.76923 3.943755 3.795962
320 31.67371 3.943306 3.794588
321 31.57880 3.942855 3.793205
322 31.48450 3.942403 3.791814
323 31.39079 3.941949 3.790415
324 31.29767 3.941493 3.789008
325 31.20514 3.941035 3.787592
326 31.11319 3.940576 3.786169
327 31.02182 3.940115 3.784737
328 30.93101 3.939653 3.783296
329 30.84077 3.939189 3.781848
330 30.75110 3.938723 3.780391
331 30.66197 3.938255 3.778927
332 30.57340 3.937785 3.777454
333 30.48538 3.937314 3.775973
334 30.39789 3.936841 3.774483
335 30.31094 3.936367 3.772986
336 30.22452 3.935890 3.771480
337 30.13863 3.935412 3.769966
338 30.05326 3.934932 3.768445
339 29.96841 3.934450 3.766914
340 29.88407 3.933966 3.765376
341 29.80024 3.933481 3.763830
342 29.71691 3.932993 3.762275
343 29.63409 3.932504 3.760713
344 29.55176 3.932013 3.759142
345 29.46992 3.931520 3.757563
346 29.38857 3.931025 3.755976
347 29.30770 3.930529 3.754381
348 29.22731 3.930030 3.752778
349 29.14739 3.929530 3.751167
350 29.06795 3.929028 3.749547
351 28.98897 3.928523 3.747920
352 28.91046 3.928017 3.746284
353 28.83240 3.927509 3.744641
354 28.75480 3.926999 3.742989
355 28.67766 3.926487 3.741329
356 28.60096 3.925974 3.739661
357 28.52470 3.925458 3.737985
358 28.44889 3.924940 3.736301
359 28.37351 3.924420 3.734609
360 28.29857 3.923899 3.732909
361 28.22405 3.923375 3.731200
362 28.14996 3.922849 3.729484
363 28.07630 3.922322 3.727760
364 28.00305 3.921792 3.726027
365 27.93022 3.921260 3.724287
366 27.85781 3.920727 3.722538
367 27.78580 3.920191 3.720782
368 27.71420 3.919653 3.719017
369 27.64300 3.919114 3.717245
370 27.57220 3.918572 3.715464
371 27.50180 3.918028 3.713675
372 27.43179 3.917482 3.711878
373 27.36217 3.916934 3.710074
374 27.29294 3.916384 3.708261
375 27.22409 3.915832 3.706440
376 27.15563 3.915278 3.704611
377 27.08754 3.914722 3.702775
378 27.01983 3.914164 3.700930
379 26.95249 3.913603 3.699077
380 26.88552 3.913041 3.697216
381 26.81892 3.912476 3.695348
382 26.75268 3.911910 3.693471
383 26.68680 3.911341 3.691586
384 26.62128 3.910770 3.689693
385 26.55611 3.910197 3.687793
386 26.49130 3.909622 3.685884
387 26.42684 3.909044 3.683968
388 26.36272 3.908465 3.682043
389 26.29895 3.907883 3.680111
390 26.23552 3.907300 3.678170
391 26.17243 3.906714 3.676222
392 26.10968 3.906126 3.674266
393 26.04727 3.905536 3.672301
394 25.98518 3.904943 3.670329
395 25.92343 3.904349 3.668349
396 25.86200 3.903752 3.666361
397 25.80089 3.903153 3.664366
398 25.74011 3.902552 3.662362
399 25.67965 3.901949 3.660350
400 25.61951 3.901343 3.658331
401 25.55968 3.900735 3.656304
402 25.50017 3.900126 3.654268
403 25.44096 3.899513 3.652225
404 25.38206 3.898899 3.650175
405 25.32347 3.898283 3.648116
406 25.26519 3.897664 3.646049
407 25.20720 3.897043 3.643975
408 25.14952 3.896420 3.641893
409 25.09213 3.895794 3.639803
410 25.03504 3.895167 3.637705
411 24.97824 3.894537 3.635600
412 24.92173 3.893904 3.633486
413 24.86551 3.893270 3.631365
414 24.80958 3.892633 3.629237
415 24.75393 3.891994 3.627100
416 24.69857 3.891353 3.624956
417 24.64349 3.890710 3.622804
418 24.58868 3.890064 3.620644
419 24.53415 3.889416 3.618477
420 24.47990 3.888766 3.616302
421 24.42592 3.888113 3.614119
422 24.37221 3.887459 3.611929
423 24.31878 3.886802 3.609730
424 24.26560 3.886142 3.607525
425 24.21270 3.885480 3.605312
426 24.16006 3.884817 3.603091
427 24.10767 3.884150 3.600862
428 24.05555 3.883482 3.598626
429 24.00369 3.882811 3.596382
430 23.95209 3.882138 3.594131
431 23.90074 3.881462 3.591873
432 23.84964 3.880785 3.589606
433 23.79879 3.880105 3.587333
434 23.74820 3.879422 3.585051
435 23.69785 3.878738 3.582763
436 23.64775 3.878051 3.580467
437 23.59789 3.877361 3.578163
438 23.54827 3.876670 3.575852
439 23.49890 3.875976 3.573534
440 23.44977 3.875279 3.571208
441 23.40087 3.874581 3.568875
442 23.35221 3.873880 3.566534
443 23.30379 3.873177 3.564186
444 23.25560 3.872471 3.561831
445 23.20764 3.871763 3.559468
446 23.15991 3.871053 3.557099
447 23.11241 3.870340 3.554722
448 23.06514 3.869625 3.552337
449 23.01809 3.868908 3.549946
450 22.97127 3.868189 3.547547
451 22.92467 3.867467 3.545141
452 22.87830 3.866742 3.542728
453 22.83214 3.866016 3.540308
454 22.78620 3.865287 3.537881
455 22.74048 3.864555 3.535447
456 22.69497 3.863822 3.533005
457 22.64968 3.863086 3.530557
458 22.60460 3.862347 3.528101
459 22.55973 3.861607 3.525639
460 22.51507 3.860863 3.523170
461 22.47063 3.860118 3.520693
462 22.42639 3.859370 3.518210
463 22.38235 3.858620 3.515720
464 22.33852 3.857868 3.513223
465 22.29490 3.857113 3.510719
466 22.25147 3.856356 3.508208
467 22.20825 3.855596 3.505690
468 22.16523 3.854834 3.503166
469 22.12240 3.854070 3.500635
470 22.07978 3.853303 3.498097
471 22.03735 3.852534 3.495553
472 21.99511 3.851763 3.493002
473 21.95307 3.850989 3.490444
474 21.91122 3.850213 3.487879
475 21.86956 3.849435 3.485309
476 21.82809 3.848654 3.482731
477 21.78681 3.847871 3.480147
478 21.74572 3.847085 3.477557
479 21.70481 3.846298 3.474960
480 21.66409 3.845507 3.472356
481 21.62355 3.844715 3.469747
482 21.58320 3.843920 3.467131
483 21.54303 3.843123 3.464508
484 21.50304 3.842323 3.461880
485 21.46323 3.841521 3.459245
486 21.42359 3.840717 3.456603
487 21.38414 3.839910 3.453956
488 21.34486 3.839101 3.451303
489 21.30576 3.838290 3.448643
490 21.26683 3.837476 3.445977
491 21.22808 3.836660 3.443305
492 21.18949 3.835842 3.440628
493 21.15108 3.835021 3.437944
494 21.11284 3.834198 3.435254
495 21.07477 3.833373 3.432558
496 21.03686 3.832545 3.429857
497 20.99912 3.831715 3.427149
498 20.96155 3.830883 3.424436
499 20.92415 3.830048 3.421717
500 20.88691 3.829211 3.418993
501 20.84983 3.828371 3.416262
502 20.81291 3.827530 3.413526
503 20.77616 3.826686 3.410785
504 20.73956 3.825839 3.408037
505 20.70313 3.824991 3.405285
506 20.66685 3.824140 3.402526
507 20.63073 3.823287 3.399763
508 20.59477 3.822431 3.396994
509 20.55896 3.821573 3.394219
510 20.52331 3.820713 3.391440
511 20.48781 3.819850 3.388655
512 20.45246 3.818986 3.385864
513 20.41727 3.818118 3.383069
514 20.38223 3.817249 3.380268
515 20.34733 3.816377 3.377462
516 20.31259 3.815503 3.374652
517 20.27800 3.814627 3.371836
518 20.24355 3.813749 3.369015
519 20.20925 3.812868 3.366189
520 20.17509 3.811985 3.363359
521 20.14109 3.811099 3.360523
522 20.10722 3.810212 3.357683
523 20.07350 3.809322 3.354838
524 20.03992 3.808430 3.351988
525 20.00649 3.807535 3.349134
526 19.97319 3.806639 3.346275
527 19.94004 3.805740 3.343411
528 19.90702 3.804839 3.340543
529 19.87414 3.803935 3.337670
530 19.84140 3.803030 3.334793
531 19.80880 3.802122 3.331912
532 19.77633 3.801212 3.329026
533 19.74400 3.800299 3.326136
534 19.71181 3.799385 3.323242
535 19.67975 3.798468 3.320343
536 19.64782 3.797549 3.317441
537 19.61602 3.796628 3.314534
538 19.58436 3.795705 3.311623
539 19.55283 3.794779 3.308709
540 19.52142 3.793851 3.305790
541 19.49015 3.792921 3.302868
542 19.45901 3.791989 3.299941
543 19.42799 3.791055 3.297011
544 19.39710 3.790119 3.294078
545 19.36634 3.789180 3.291140
546 19.33570 3.788239 3.288199
547 19.30519 3.787296 3.285254
548 19.27480 3.786351 3.282306
549 19.24454 3.785404 3.279354
550 19.21440 3.784454 3.276399
551 19.18439 3.783503 3.273441
552 19.15449 3.782549 3.270479
553 19.12472 3.781594 3.267514
554 19.09506 3.780636 3.264546
555 19.06553 3.779676 3.261574
556 19.03612 3.778714 3.258600
557 19.00682 3.777749 3.255622
558 18.97764 3.776783 3.252642
559 18.94858 3.775815 3.249659
560 18.91964 3.774844 3.246672
561 18.89081 3.773872 3.243683
562 18.86210 3.772897 3.240691
563 18.83350 3.771921 3.237697
564 18.80502 3.770942 3.234700
565 18.77665 3.769961 3.231700
566 18.74839 3.768978 3.228697
567 18.72024 3.767993 3.225693
568 18.69221 3.767007 3.222685
569 18.66429 3.766018 3.219676
570 18.63647 3.765027 3.216664
571 18.60877 3.764034 3.213650
572 18.58118 3.763039 3.210633
573 18.55369 3.762042 3.207615
574 18.52632 3.761043 3.204594
575 18.49905 3.760042 3.201571
576 18.47189 3.759040 3.198547
577 18.44483 3.758035 3.195520
578 18.41788 3.757028 3.192492
579 18.39104 3.756019 3.189461
580 18.36430 3.755009 3.186429
581 18.33766 3.753996 3.183396
582 18.31113 3.752982 3.180360
583 18.28470 3.751965 3.177323
584 18.25837 3.750947 3.174285
585 18.23215 3.749927 3.171245
586 18.20602 3.748905 3.168204
587 18.18000 3.747881 3.165161
588 18.15408 3.746855 3.162117
589 18.12825 3.745827 3.159072
590 18.10253 3.744797 3.156026
591 18.07690 3.743766 3.152979
592 18.05138 3.742733 3.149930
593 18.02595 3.741697 3.146881
594 18.00061 3.740660 3.143830
595 17.97538 3.739622 3.140779
596 17.95024 3.738581 3.137727
597 17.92519 3.737539 3.134674
598 17.90025 3.736494 3.131621
599 17.87539 3.735448 3.128566
600 17.85063 3.734401 3.125512
601 17.82596 3.733351 3.122456
602 17.80139 3.732300 3.119401
603 17.77691 3.731247 3.116344
604 17.75252 3.730192 3.113288
605 17.72822 3.729135 3.110231
606 17.70402 3.728077 3.107174
607 17.67990 3.727017 3.104117
608 17.65587 3.725955 3.101059
609 17.63194 3.724892 3.098002
610 17.60809 3.723827 3.094944
611 17.58434 3.722760 3.091887
612 17.56067 3.721692 3.088829
613 17.53708 3.720622 3.085772
614 17.51359 3.719550 3.082715
615 17.49018 3.718476 3.079659
616 17.46686 3.717401 3.076602
617 17.44363 3.716325 3.073546
618 17.42048 3.715247 3.070491
619 17.39742 3.714167 3.067436
620 17.37444 3.713085 3.064381
621 17.35154 3.712002 3.061327
622 17.32873 3.710917 3.058274
623 17.30601 3.709831 3.055222
624 17.28336 3.708744 3.052170
625 17.26080 3.707654 3.049119
626 17.23832 3.706563 3.046069
627 17.21592 3.705471 3.043020
628 17.19361 3.704377 3.039972
629 17.17137 3.703282 3.036925
630 17.14922 3.702185 3.033879
631 17.12714 3.701086 3.030834
632 17.10515 3.699987 3.027791
633 17.08323 3.698885 3.024749
634 17.06139 3.697783 3.021708
635 17.03963 3.696678 3.018668
636 17.01795 3.695573 3.015630
637 16.99635 3.694466 3.012594
638 16.97482 3.693357 3.009559
639 16.95337 3.692247 3.006525
640 16.93200 3.691136 3.003493
641 16.91071 3.690023 3.000463
642 16.88948 3.688909 2.997435
643 16.86834 3.687794 2.994408
644 16.84727 3.686677 2.991384
645 16.82627 3.685559 2.988361
646 16.80535 3.684439 2.985340
647 16.78450 3.683318 2.982321
648 16.76373 3.682196 2.979305
649 16.74302 3.681073 2.976290
650 16.72240 3.679948 2.973277
651 16.70184 3.678822 2.970267
652 16.68135 3.677695 2.967259
653 16.66094 3.676566 2.964253
654 16.64060 3.675436 2.961250
655 16.62033 3.674305 2.958249
656 16.60012 3.673173 2.955251
657 16.57999 3.672040 2.952255
658 16.55993 3.670905 2.949261
659 16.53994 3.669769 2.946271
660 16.52002 3.668632 2.943282
661 16.50016 3.667494 2.940297
662 16.48038 3.666354 2.937314
663 16.46066 3.665214 2.934334
664 16.44101 3.664072 2.931357
665 16.42143 3.662929 2.928383
666 16.40191 3.661785 2.925412
667 16.38246 3.660640 2.922444
668 16.36308 3.659494 2.919478
669 16.34376 3.658347 2.916516
670 16.32451 3.657198 2.913557
671 16.30533 3.656049 2.910601
672 16.28620 3.654898 2.907648
673 16.26715 3.653747 2.904699
674 16.24816 3.652594 2.901753
675 16.22923 3.651441 2.898810
676 16.21036 3.650286 2.895870
677 16.19156 3.649130 2.892934
678 16.17283 3.647974 2.890001
679 16.15415 3.646816 2.887072
680 16.13554 3.645657 2.884147
681 16.11699 3.644498 2.881225
682 16.09850 3.643337 2.878306
683 16.08007 3.642176 2.875391
684 16.06171 3.641014 2.872480
685 16.04340 3.639850 2.869573
686 16.02516 3.638686 2.866669
687 16.00698 3.637521 2.863769
688 15.98885 3.636355 2.860874
689 15.97079 3.635188 2.857981
690 15.95278 3.634020 2.855093
691 15.93484 3.632852 2.852209
692 15.91695 3.631682 2.849329
693 15.89912 3.630512 2.846453
694 15.88135 3.629341 2.843581
695 15.86364 3.628169 2.840713
696 15.84598 3.626996 2.837849
697 15.82839 3.625823 2.834990
698 15.81085 3.624649 2.832134
699 15.79336 3.623474 2.829283
700 15.77594 3.622298 2.826436
701 15.75857 3.621121 2.823594
702 15.74125 3.619944 2.820755
703 15.72399 3.618766 2.817922
704 15.70679 3.617587 2.815092
705 15.68964 3.616408 2.812267
706 15.67255 3.615228 2.809447
707 15.65551 3.614047 2.806631
708 15.63853 3.612865 2.803819
709 15.62160 3.611683 2.801012
710 15.60472 3.610500 2.798210
711 15.58790 3.609317 2.795412
712 15.57113 3.608133 2.792619
713 15.55441 3.606948 2.789831
714 15.53775 3.605763 2.787047
715 15.52114 3.604577 2.784269
716 15.50458 3.603390 2.781494
717 15.48807 3.602203 2.778725
718 15.47162 3.601015 2.775961
719 15.45521 3.599827 2.773201
720 15.43886 3.598638 2.770446
721 15.42256 3.597449 2.767696
722 15.40631 3.596259 2.764952
723 15.39011 3.595069 2.762212
724 15.37396 3.593878 2.759477
725 15.35786 3.592687 2.756747
726 15.34181 3.591495 2.754022
727 15.32581 3.590302 2.751302
728 15.30986 3.589110 2.748587
729 15.29396 3.587916 2.745877
730 15.27810 3.586723 2.743173
731 15.26230 3.585529 2.740473
732 15.24654 3.584334 2.737779
733 15.23083 3.583139 2.735090
734 15.21517 3.581944 2.732406
735 15.19956 3.580748 2.729727
736 15.18400 3.579552 2.727054
737 15.16848 3.578355 2.724385
738 15.15301 3.577158 2.721722
739 15.13758 3.575961 2.719065
740 15.12221 3.574763 2.716413
741 15.10687 3.573565 2.713766
742 15.09159 3.572367 2.711124
743 15.07635 3.571168 2.708488
744 15.06116 3.569969 2.705857
745 15.04601 3.568770 2.703232
746 15.03090 3.567570 2.700612
747 15.01585 3.566371 2.697997
748 15.00083 3.565170 2.695388
749 14.98586 3.563970 2.692784
750 14.97094 3.562770 2.690186
751 14.95606 3.561569 2.687594
752 14.94122 3.560368 2.685007
753 14.92643 3.559166 2.682425
754 14.91168 3.557965 2.679849
755 14.89697 3.556763 2.677279
756 14.88231 3.555561 2.674714
757 14.86769 3.554359 2.672154
758 14.85311 3.553157 2.669601
759 14.83858 3.551954 2.667053
760 14.82409 3.550752 2.664510
761 14.80964 3.549549 2.661973
762 14.79523 3.548346 2.659442
763 14.78086 3.547143 2.656917
764 14.76654 3.545940 2.654397
765 14.75225 3.544736 2.651883
766 14.73801 3.543533 2.649374
767 14.72381 3.542329 2.646871
768 14.70965 3.541126 2.644374
769 14.69553 3.539922 2.641883
770 14.68145 3.538718 2.639397
771 14.66741 3.537514 2.636917
772 14.65341 3.536311 2.634443
773 14.63945 3.535107 2.631974
774 14.62552 3.533903 2.629512
775 14.61164 3.532699 2.627055
776 14.59780 3.531495 2.624603
777 14.58400 3.530291 2.622158
778 14.57023 3.529087 2.619718
779 14.55651 3.527883 2.617284
780 14.54282 3.526679 2.614856
781 14.52917 3.525475 2.612434
782 14.51556 3.524271 2.610018
783 14.50199 3.523067 2.607607
784 14.48845 3.521863 2.605202
785 14.47496 3.520659 2.602803
786 14.46150 3.519455 2.600409
787 14.44808 3.518252 2.598022
788 14.43469 3.517048 2.595640
789 14.42134 3.515845 2.593265
790 14.40803 3.514641 2.590894
791 14.39476 3.513438 2.588530
792 14.38152 3.512235 2.586172
793 14.36831 3.511031 2.583819
794 14.35515 3.509828 2.581473
795 14.34202 3.508626 2.579132
796 14.32892 3.507423 2.576797
797 14.31586 3.506220 2.574467
798 14.30284 3.505018 2.572144
799 14.28985 3.503816 2.569827
800 14.27690 3.502614 2.567515
801 14.26398 3.501412 2.565209
802 14.25110 3.500210 2.562909
803 14.23825 3.499008 2.560615
804 14.22544 3.497807 2.558326
805 14.21266 3.496606 2.556044
806 14.19991 3.495405 2.553767
807 14.18720 3.494204 2.551496
808 14.17452 3.493004 2.549231
809 14.16188 3.491804 2.546971
810 14.14927 3.490604 2.544718
811 14.13669 3.489404 2.542470
812 14.12415 3.488204 2.540228
813 14.11163 3.487005 2.537992
814 14.09916 3.485806 2.535762
815 14.08671 3.484608 2.533537
816 14.07430 3.483409 2.531319
817 14.06192 3.482211 2.529106
818 14.04957 3.481013 2.526899
819 14.03726 3.479816 2.524697
820 14.02497 3.478619 2.522502
821 14.01272 3.477422 2.520312
822 14.00050 3.476225 2.518128
823 13.98832 3.475029 2.515950
824 13.97616 3.473833 2.513777
825 13.96404 3.472637 2.511610
826 13.95194 3.471442 2.509449
827 13.93988 3.470247 2.507294
828 13.92785 3.469053 2.505144
829 13.91585 3.467859 2.503000
830 13.90388 3.466665 2.500862
831 13.89194 3.465472 2.498730
832 13.88003 3.464279 2.496603
833 13.86815 3.463086 2.494482
834 13.85630 3.461894 2.492366
835 13.84449 3.460702 2.490257
836 13.83270 3.459510 2.488153
837 13.82094 3.458319 2.486054
838 13.80921 3.457129 2.483961
839 13.79751 3.455939 2.481874
840 13.78584 3.454749 2.479793
841 13.77420 3.453560 2.477717
842 13.76259 3.452371 2.475647
843 13.75101 3.451183 2.473582
844 13.73945 3.449995 2.471523
845 13.72793 3.448807 2.469469
846 13.71643 3.447620 2.467421
847 13.70496 3.446434 2.465379
848 13.69352 3.445247 2.463342
849 13.68211 3.444062 2.461311
850 13.67073 3.442877 2.459285
851 13.65937 3.441692 2.457265
852 13.64805 3.440508 2.455250
853 13.63675 3.439324 2.453241
854 13.62548 3.438141 2.451237
855 13.61423 3.436959 2.449239
856 13.60302 3.435777 2.447246
857 13.59183 3.434595 2.445259
858 13.58066 3.433414 2.443277
859 13.56953 3.432233 2.441301
860 13.55842 3.431053 2.439330
861 13.54734 3.429874 2.437364
862 13.53629 3.428695 2.435404
863 13.52526 3.427517 2.433449
864 13.51426 3.426339 2.431500
865 13.50328 3.425162 2.429556
866 13.49233 3.423985 2.427617
867 13.48141 3.422809 2.425684
868 13.47051 3.421633 2.423756
869 13.45964 3.420458 2.421833
870 13.44880 3.419284 2.419915
871 13.43798 3.418110 2.418003
872 13.42719 3.416937 2.416096
873 13.41642 3.415764 2.414194
874 13.40568 3.414592 2.412298
875 13.39496 3.413421 2.410407
876 13.38427 3.412250 2.408521
877 13.37360 3.411080 2.406640
878 13.36296 3.409910 2.404764
879 13.35235 3.408741 2.402894
880 13.34175 3.407573 2.401029
881 13.33119 3.406405 2.399169
882 13.32064 3.405238 2.397314
883 13.31013 3.404072 2.395464
884 13.29963 3.402906 2.393619
885 13.28916 3.401741 2.391779
886 13.27872 3.400576 2.389945
887 13.26830 3.399412 2.388115
888 13.25790 3.398249 2.386291
889 13.24753 3.397087 2.384471
890 13.23718 3.395925 2.382657
891 13.22686 3.394764 2.380847
892 13.21655 3.393603 2.379043
893 13.20628 3.392443 2.377243
894 13.19602 3.391284 2.375449
895 13.18579 3.390125 2.373659
896 13.17558 3.388967 2.371874
897 13.16540 3.387810 2.370095
898 13.15523 3.386654 2.368320
899 13.14510 3.385498 2.366550
900 13.13498 3.384343 2.364784
901 13.12489 3.383188 2.363024
902 13.11482 3.382035 2.361269
903 13.10477 3.380882 2.359518
904 13.09474 3.379729 2.357772
905 13.08474 3.378578 2.356031
906 13.07476 3.377427 2.354295
907 13.06480 3.376277 2.352563
908 13.05487 3.375127 2.350836
909 13.04495 3.373979 2.349114
910 13.03506 3.372831 2.347397
911 13.02519 3.371683 2.345684
912 13.01534 3.370537 2.343976
913 13.00551 3.369391 2.342272
914 12.99571 3.368246 2.340574
915 12.98593 3.367102 2.338880
916 12.97616 3.365958 2.337190
917 12.96642 3.364815 2.335505
918 12.95670 3.363673 2.333825
919 12.94701 3.362532 2.332149
920 12.93733 3.361391 2.330477
921 12.92767 3.360251 2.328811
922 12.91804 3.359112 2.327148
923 12.90843 3.357974 2.325491
924 12.89883 3.356836 2.323837
925 12.88926 3.355699 2.322188
926 12.87971 3.354563 2.320544
927 12.87018 3.353428 2.318904
928 12.86067 3.352294 2.317268
929 12.85118 3.351160 2.315637
930 12.84171 3.350027 2.314010
931 12.83226 3.348895 2.312388
932 12.82283 3.347763 2.310770
933 12.81342 3.346633 2.309156
934 12.80403 3.345503 2.307546
935 12.79466 3.344374 2.305941
936 12.78531 3.343246 2.304340
937 12.77599 3.342118 2.302744
938 12.76668 3.340991 2.301151
939 12.75739 3.339866 2.299563
940 12.74812 3.338740 2.297979
941 12.73887 3.337616 2.296399
942 12.72963 3.336493 2.294823
943 12.72042 3.335370 2.293252
944 12.71123 3.334248 2.291684
945 12.70206 3.333127 2.290121
946 12.69290 3.332007 2.288562
947 12.68377 3.330887 2.287006
948 12.67465 3.329769 2.285455
949 12.66556 3.328651 2.283908
950 12.65648 3.327534 2.282365
951 12.64742 3.326418 2.280826
952 12.63838 3.325302 2.279291
953 12.62936 3.324188 2.277760
954 12.62035 3.323074 2.276233
955 12.61137 3.321961 2.274710
956 12.60240 3.320849 2.273191
957 12.59346 3.319738 2.271676
958 12.58453 3.318627 2.270164
959 12.57562 3.317517 2.268657
960 12.56672 3.316409 2.267153
961 12.55785 3.315301 2.265653
962 12.54899 3.314193 2.264157
963 12.54015 3.313087 2.262665
964 12.53133 3.311982 2.261177
965 12.52253 3.310877 2.259692
966 12.51375 3.309773 2.258211
967 12.50498 3.308670 2.256734
968 12.49623 3.307568 2.255261
969 12.48750 3.306467 2.253791
970 12.47879 3.305366 2.252325
971 12.47009 3.304267 2.250863
972 12.46141 3.303168 2.249404
973 12.45275 3.302070 2.247949
974 12.44411 3.300973 2.246497
975 12.43548 3.299877 2.245050
976 12.42687 3.298781 2.243605
977 12.41828 3.297687 2.242165
978 12.40970 3.296593 2.240727
979 12.40114 3.295500 2.239294
980 12.39260 3.294408 2.237864
981 12.38408 3.293317 2.236437
982 12.37557 3.292227 2.235014
983 12.36708 3.291137 2.233594
984 12.35860 3.290049 2.232178
985 12.35015 3.288961 2.230765
986 12.34171 3.287874 2.229356
987 12.33328 3.286788 2.227950
988 12.32488 3.285703 2.226547
989 12.31648 3.284618 2.225148
990 12.30811 3.283535 2.223752
991 12.29975 3.282452 2.222360
992 12.29141 3.281371 2.220970
993 12.28308 3.280290 2.219584
994 12.27477 3.279210 2.218202
995 12.26648 3.278130 2.216822
996 12.25820 3.277052 2.215446
997 12.24994 3.275975 2.214073
998 12.24170 3.274898 2.212703
999 12.23347 3.273822 2.211337
1000 12.22525 3.272747 2.209974
1001 12.21706 3.271673 2.208613
1002 12.20887 3.270600 2.207256
1003 12.20071 3.269528 2.205902
1004 12.19256 3.268457 2.204551
1005 12.18442 3.267386 2.203204
1006 12.17630 3.266316 2.201859
1007 12.16820 3.265247 2.200518
1008 12.16011 3.264179 2.199179
1009 12.15204 3.263112 2.197843
1010 12.14398 3.262046 2.196511
1011 12.13594 3.260981 2.195181
1012 12.12791 3.259916 2.193855
1013 12.11990 3.258853 2.192531
1014 12.11190 3.257790 2.191211
1015 12.10392 3.256728 2.189893
1016 12.09595 3.255667 2.188578
1017 12.08800 3.254607 2.187266
1018 12.08007 3.253547 2.185958
1019 12.07214 3.252489 2.184651
1020 12.06424 3.251431 2.183348
1021 12.05635 3.250375 2.182048
1022 12.04847 3.249319 2.180750
1023 12.04061 3.248264 2.179455
1024 12.03276 3.247210 2.178163
1025 12.02492 3.246157 2.176874
1026 12.01711 3.245104 2.175588
1027 12.00930 3.244053 2.174304
1028 12.00151 3.243002 2.173023
1029 11.99374 3.241952 2.171744
1030 11.98598 3.240903 2.170469
1031 11.97823 3.239855 2.169196
1032 11.97050 3.238808 2.167926
1033 11.96278 3.237762 2.166658
1034 11.95508 3.236716 2.165393
1035 11.94739 3.235672 2.164131
1036 11.93971 3.234628 2.162871
1037 11.93205 3.233585 2.161614
1038 11.92440 3.232543 2.160359
1039 11.91677 3.231502 2.159107
1040 11.90915 3.230462 2.157857
1041 11.90155 3.229422 2.156610
1042 11.89395 3.228384 2.155366
1043 11.88638 3.227346 2.154124
1044 11.87881 3.226309 2.152884
1045 11.87126 3.225273 2.151647
1046 11.86373 3.224238 2.150412
1047 11.85620 3.223204 2.149180
1048 11.84869 3.222171 2.147950
1049 11.84120 3.221138 2.146723
1050 11.83372 3.220106 2.145498
1051 11.82625 3.219076 2.144275
1052 11.81879 3.218046 2.143055
1053 11.81135 3.217017 2.141837
1054 11.80392 3.215988 2.140622
1055 11.79651 3.214961 2.139408
1056 11.78911 3.213935 2.138197
1057 11.78172 3.212909 2.136989
1058 11.77434 3.211884 2.135782
1059 11.76698 3.210860 2.134578
1060 11.75963 3.209837 2.133376
1061 11.75230 3.208815 2.132176
1062 11.74498 3.207794 2.130979
1063 11.73767 3.206773 2.129783
1064 11.73037 3.205753 2.128590
1065 11.72309 3.204735 2.127399
1066 11.71582 3.203717 2.126211
1067 11.70856 3.202700 2.125024
1068 11.70131 3.201683 2.123839
1069 11.69408 3.200668 2.122657
1070 11.68686 3.199653 2.121477
1071 11.67965 3.198640 2.120298
1072 11.67246 3.197627 2.119122
1073 11.66528 3.196615 2.117948
1074 11.65811 3.195604 2.116776
1075 11.65095 3.194593 2.115606
1076 11.64381 3.193584 2.114438
1077 11.63668 3.192575 2.113272
1078 11.62956 3.191567 2.112108
1079 11.62245 3.190560 2.110946
1080 11.61536 3.189554 2.109785
1081 11.60828 3.188549 2.108627
1082 11.60121 3.187545 2.107471
1083 11.59415 3.186541 2.106317
1084 11.58711 3.185538 2.105164
1085 11.58008 3.184536 2.104014
1086 11.57306 3.183535 2.102865
1087 11.56605 3.182535 2.101718
1088 11.55905 3.181536 2.100573
1089 11.55207 3.180537 2.099430
1090 11.54510 3.179540 2.098289
1091 11.53814 3.178543 2.097149
1092 11.53119 3.177547 2.096012
1093 11.52425 3.176551 2.094876
1094 11.51733 3.175557 2.093742
1095 11.51042 3.174563 2.092609
1096 11.50352 3.173571 2.091479
1097 11.49663 3.172579 2.090350
1098 11.48975 3.171588 2.089223
1099 11.48289 3.170597 2.088097
1100 11.47604 3.169608 2.086973
1101 11.46919 3.168619 2.085851
1102 11.46236 3.167632 2.084731
1103 11.45555 3.166645 2.083612
1104 11.44874 3.165658 2.082495
1105 11.44195 3.164673 2.081379
1106 11.43516 3.163689 2.080266
1107 11.42839 3.162705 2.079153
1108 11.42163 3.161722 2.078043
1109 11.41488 3.160740 2.076934
1110 11.40814 3.159759 2.075826
1111 11.40142 3.158778 2.074720
1112 11.39470 3.157799 2.073616
1113 11.38800 3.156820 2.072513
1114 11.38131 3.155842 2.071412
1115 11.37463 3.154865 2.070312
1116 11.36796 3.153888 2.069213
1117 11.36130 3.152913 2.068117
1118 11.35465 3.151938 2.067021
1119 11.34802 3.150964 2.065927
1120 11.34139 3.149991 2.064835
1121 11.33478 3.149019 2.063744
1122 11.32817 3.148047 2.062654
1123 11.32158 3.147076 2.061566
1124 11.31500 3.146106 2.060479
1125 11.30843 3.145137 2.059394
1126 11.30187 3.144169 2.058310
1127 11.29532 3.143201 2.057227
1128 11.28879 3.142235 2.056146
1129 11.28226 3.141269 2.055066
1130 11.27575 3.140303 2.053987
1131 11.26924 3.139339 2.052910
1132 11.26275 3.138376 2.051834
1133 11.25626 3.137413 2.050760
1134 11.24979 3.136451 2.049686
1135 11.24333 3.135490 2.048614
1136 11.23688 3.134529 2.047543
1137 11.23044 3.133569 2.046474
1138 11.22401 3.132611 2.045405
1139 11.21759 3.131652 2.044338
1140 11.21118 3.130695 2.043273
1141 11.20478 3.129739 2.042208
1142 11.19840 3.128783 2.041144
1143 11.19202 3.127828 2.040082
1144 11.18565 3.126874 2.039021
1145 11.17930 3.125920 2.037961
1146 11.17295 3.124968 2.036903
1147 11.16662 3.124016 2.035845
1148 11.16029 3.123065 2.034789
1149 11.15398 3.122114 2.033733
1150 11.14767 3.121165 2.032679
1151 11.14138 3.120216 2.031626
1152 11.13509 3.119268 2.030574
1153 11.12882 3.118321 2.029523
1154 11.12256 3.117374 2.028473
1155 11.11630 3.116428 2.027425
1156 11.11006 3.115484 2.026377
1157 11.10383 3.114539 2.025330
1158 11.09760 3.113596 2.024285
1159 11.09139 3.112653 2.023240
1160 11.08519 3.111711 2.022196
1161 11.07899 3.110770 2.021154
1162 11.07281 3.109830 2.020112
1163 11.06664 3.108890 2.019072
1164 11.06048 3.107951 2.018032
1165 11.05432 3.107013 2.016994
1166 11.04818 3.106075 2.015956
1167 11.04205 3.105139 2.014919
1168 11.03592 3.104203 2.013883
1169 11.02981 3.103267 2.012849
1170 11.02371 3.102333 2.011815
1171 11.01761 3.101399 2.010782
1172 11.01153 3.100466 2.009750
1173 11.00545 3.099534 2.008718
1174 10.99939 3.098603 2.007688
1175 10.99333 3.097672 2.006659
1176 10.98729 3.096742 2.005630
1177 10.98125 3.095813 2.004602
1178 10.97523 3.094884 2.003576
1179 10.96921 3.093956 2.002549
1180 10.96320 3.093029 2.001524
1181 10.95721 3.092103 2.000500
1182 10.95122 3.091177 1.999476
1183 10.94524 3.090252 1.998454
1184 10.93927 3.089328 1.997432
1185 10.93331 3.088404 1.996410
1186 10.92736 3.087482 1.995390
1187 10.92142 3.086560 1.994370
1188 10.91549 3.085638 1.993352
1189 10.90957 3.084718 1.992333
1190 10.90366 3.083798 1.991316
1191 10.89775 3.082879 1.990299
1192 10.89186 3.081960 1.989283
1193 10.88598 3.081042 1.988268
1194 10.88010 3.080125 1.987254
1195 10.87423 3.079209 1.986240
1196 10.86838 3.078293 1.985227
1197 10.86253 3.077379 1.984215
1198 10.85669 3.076464 1.983203
1199 10.85086 3.075551 1.982192
1200 10.84504 3.074638 1.981181
1201 10.83923 3.073726 1.980172
1202 10.83343 3.072815 1.979163
1203 10.82764 3.071904 1.978154
1204 10.82186 3.070994 1.977146
1205 10.81608 3.070084 1.976139
1206 10.81032 3.069176 1.975132
1207 10.80456 3.068268 1.974126
1208 10.79881 3.067361 1.973121
1209 10.79307 3.066454 1.972116
1210 10.78734 3.065548 1.971112
1211 10.78162 3.064643 1.970108
1212 10.77591 3.063739 1.969105
1213 10.77021 3.062835 1.968103
1214 10.76451 3.061932 1.967101
1215 10.75883 3.061029 1.966100
1216 10.75315 3.060127 1.965099
1217 10.74749 3.059226 1.964098
1218 10.74183 3.058326 1.963099
1219 10.73618 3.057426 1.962099
1220 10.73054 3.056527 1.961101
1221 10.72490 3.055629 1.960102
1222 10.71928 3.054731 1.959105
1223 10.71367 3.053834 1.958107
1224 10.70806 3.052938 1.957111
1225 10.70246 3.052042 1.956114
1226 10.69687 3.051147 1.955118
1227 10.69129 3.050252 1.954123
1228 10.68572 3.049359 1.953128
1229 10.68016 3.048466 1.952134
1230 10.67460 3.047573 1.951140
1231 10.66906 3.046682 1.950146
1232 10.66352 3.045790 1.949153
1233 10.65799 3.044900 1.948160
1234 10.65247 3.044010 1.947168
1235 10.64696 3.043121 1.946176
1236 10.64145 3.042233 1.945184
1237 10.63596 3.041345 1.944193
1238 10.63047 3.040458 1.943203
1239 10.62499 3.039571 1.942212
1240 10.61952 3.038685 1.941222
1241 10.61406 3.037800 1.940233
1242 10.60861 3.036915 1.939244
1243 10.60316 3.036031 1.938255
1244 10.59773 3.035148 1.937266
1245 10.59230 3.034265 1.936278
1246 10.58688 3.033383 1.935290
1247 10.58147 3.032502 1.934303
1248 10.57606 3.031621 1.933316
1249 10.57067 3.030741 1.932329
1250 10.56528 3.029862 1.931342
1251 10.55990 3.028983 1.930356
1252 10.55453 3.028104 1.929370
1253 10.54917 3.027227 1.928385
1254 10.54381 3.026350 1.927400
1255 10.53847 3.025473 1.926415
1256 10.53313 3.024598 1.925430
1257 10.52780 3.023723 1.924446
1258 10.52248 3.022848 1.923461
1259 10.51716 3.021974 1.922478
1260 10.51186 3.021101 1.921494
1261 10.50656 3.020228 1.920511
1262 10.50127 3.019356 1.919528
1263 10.49599 3.018485 1.918545
1264 10.49071 3.017614 1.917562
1265 10.48545 3.016744 1.916580
1266 10.48019 3.015874 1.915598
1267 10.47494 3.015005 1.914616
1268 10.46970 3.014137 1.913634
1269 10.46446 3.013269 1.912653
1270 10.45923 3.012402 1.911672
1271 10.45402 3.011535 1.910691
1272 10.44881 3.010669 1.909710
1273 10.44360 3.009804 1.908730
1274 10.43841 3.008939 1.907749
1275 10.43322 3.008075 1.906769
1276 10.42804 3.007211 1.905789
1277 10.42287 3.006348 1.904809
1278 10.41770 3.005486 1.903830
1279 10.41255 3.004624 1.902850
1280 10.40740 3.003763 1.901871
1281 10.40226 3.002902 1.900892
1282 10.39713 3.002042 1.899913
1283 10.39200 3.001183 1.898934
1284 10.38688 3.000324 1.897955
1285 10.38177 2.999466 1.896977
1286 10.37667 2.998608 1.895998
1287 10.37158 2.997751 1.895020
1288 10.36649 2.996894 1.894042
1289 10.36141 2.996038 1.893064
1290 10.35634 2.995183 1.892086
1291 10.35127 2.994328 1.891109
1292 10.34621 2.993474 1.890131
1293 10.34117 2.992620 1.889154
1294 10.33612 2.991767 1.888176
1295 10.33109 2.990914 1.887199
1296 10.32606 2.990062 1.886222
1297 10.32104 2.989211 1.885245
1298 10.31603 2.988360 1.884268
1299 10.31103 2.987510 1.883291
1300 10.30603 2.986660 1.882314
1301 10.30104 2.985811 1.881338
1302 10.29606 2.984962 1.880361
1303 10.29108 2.984114 1.879385
1304 10.28611 2.983267 1.878408
1305 10.28115 2.982420 1.877432
1306 10.27620 2.981573 1.876456
1307 10.27125 2.980728 1.875479
1308 10.26632 2.979882 1.874503
1309 10.26139 2.979038 1.873527
1310 10.25646 2.978193 1.872551
1311 10.25154 2.977350 1.871575
1312 10.24664 2.976507 1.870599
1313 10.24173 2.975664 1.869623
1314 10.23684 2.974822 1.868647
1315 10.23195 2.973981 1.867672
1316 10.22707 2.973140 1.866696
1317 10.22220 2.972299 1.865720
1318 10.21733 2.971460 1.864744
1319 10.21247 2.970620 1.863769
1320 10.20762 2.969782 1.862793
1321 10.20278 2.968943 1.861818
1322 10.19794 2.968106 1.860842
1323 10.19311 2.967268 1.859866
1324 10.18829 2.966432 1.858891
1325 10.18347 2.965596 1.857915
1326 10.17866 2.964760 1.856940
1327 10.17386 2.963925 1.855964
1328 10.16906 2.963091 1.854989
1329 10.16428 2.962257 1.854013
1330 10.15950 2.961423 1.853038
1331 10.15472 2.960590 1.852062
1332 10.14995 2.959758 1.851087
1333 10.14519 2.958926 1.850111
1334 10.14044 2.958094 1.849136
1335 10.13570 2.957264 1.848160
1336 10.13096 2.956433 1.847185
1337 10.12622 2.955603 1.846209
1338 10.12150 2.954774 1.845234
1339 10.11678 2.953945 1.844258
1340 10.11207 2.953117 1.843283
1341 10.10736 2.952289 1.842307
1342 10.10267 2.951462 1.841331
1343 10.09798 2.950635 1.840356
1344 10.09329 2.949809 1.839380
1345 10.08861 2.948983 1.838404
1346 10.08394 2.948158 1.837429
1347 10.07928 2.947333 1.836453
1348 10.07462 2.946509 1.835477
1349 10.06997 2.945685 1.834501
1350 10.06533 2.944861 1.833525
1351 10.06069 2.944039 1.832550
1352 10.05606 2.943216 1.831574
1353 10.05144 2.942395 1.830598
1354 10.04682 2.941573 1.829622
1355 10.04221 2.940752 1.828645
1356 10.03761 2.939932 1.827669
1357 10.03301 2.939112 1.826693
1358 10.02842 2.938293 1.825717
1359 10.02384 2.937474 1.824741
1360 10.01927 2.936656 1.823764
1361 10.01470 2.935838 1.822788
1362 10.01013 2.935021 1.821812
1363 10.00558 2.934204 1.820835
1364 10.00103 2.933387 1.819859
1365 9.996482 2.932571 1.818882
1366 9.991945 2.931756 1.817905
1367 9.987415 2.930941 1.816929
1368 9.982891 2.930126 1.815952
1369 9.978374 2.929312 1.814975
1370 9.973863 2.928499 1.813998
1371 9.969359 2.927685 1.813021
1372 9.964861 2.926873 1.812044
1373 9.960370 2.926061 1.811067
1374 9.955885 2.925249 1.810090
1375 9.951407 2.924438 1.809113
1376 9.946935 2.923627 1.808136
1377 9.942470 2.922817 1.807158
1378 9.938011 2.922007 1.806181
1379 9.933558 2.921198 1.805203
1380 9.929112 2.920389 1.804226
1381 9.924672 2.919580 1.803248
1382 9.920238 2.918772 1.802271
1383 9.915811 2.917965 1.801293
1384 9.911391 2.917158 1.800315
1385 9.906976 2.916351 1.799337
1386 9.902568 2.915545 1.798359
1387 9.898167 2.914739 1.797381
1388 9.893771 2.913934 1.796403
1389 9.889382 2.913129 1.795425
1390 9.884999 2.912325 1.794447
1391 9.880623 2.911521 1.793468
1392 9.876252 2.910718 1.792490
1393 9.871888 2.909915 1.791512
1394 9.867530 2.909112 1.790533
1395 9.863179 2.908310 1.789554
1396 9.858834 2.907509 1.788576
1397 9.854494 2.906707 1.787597
1398 9.850161 2.905907 1.786618
1399 9.845835 2.905106 1.785639
1400 9.841514 2.904306 1.784660
1401 9.837200 2.903507 1.783681
1402 9.832891 2.902708 1.782702
1403 9.828589 2.901910 1.781723
1404 9.824293 2.901111 1.780744
1405 9.820004 2.900314 1.779765
1406 9.815720 2.899517 1.778785
1407 9.811442 2.898720 1.777806
1408 9.807171 2.897923 1.776826
1409 9.802905 2.897127 1.775847
1410 9.798646 2.896332 1.774867
1411 9.794392 2.895537 1.773887
1412 9.790145 2.894742 1.772908
1413 9.785904 2.893948 1.771928
1414 9.781669 2.893154 1.770948
1415 9.777439 2.892361 1.769968
1416 9.773216 2.891568 1.768988
1417 9.768999 2.890775 1.768008
1418 9.764788 2.889983 1.767028
1419 9.760582 2.889192 1.766048
1420 9.756383 2.888400 1.765067
1421 9.752190 2.887610 1.764087
1422 9.748002 2.886819 1.763106
1423 9.743821 2.886029 1.762126
1424 9.739645 2.885240 1.761145
1425 9.735476 2.884450 1.760165
1426 9.731312 2.883662 1.759184
1427 9.727154 2.882873 1.758204
1428 9.723002 2.882085 1.757223
1429 9.718856 2.881298 1.756242
1430 9.714716 2.880511 1.755261
1431 9.710581 2.879724 1.754280
1432 9.706453 2.878938 1.753299
1433 9.702330 2.878152 1.752318
1434 9.698213 2.877367 1.751337
1435 9.694102 2.876581 1.750356
1436 9.689997 2.875797 1.749375
1437 9.685897 2.875013 1.748394
1438 9.681804 2.874229 1.747413
1439 9.677716 2.873445 1.746431
1440 9.673634 2.872662 1.745450
1441 9.669557 2.871880 1.744469
1442 9.665486 2.871097 1.743487
1443 9.661421 2.870316 1.742506
1444 9.657362 2.869534 1.741524
1445 9.653309 2.868753 1.740543
1446 9.649261 2.867973 1.739561
1447 9.645219 2.867192 1.738580
1448 9.641182 2.866413 1.737598
1449 9.637151 2.865633 1.736617
1450 9.633126 2.864854 1.735635
1451 9.629107 2.864075 1.734653
1452 9.625093 2.863297 1.733672
1453 9.621084 2.862519 1.732690
1454 9.617082 2.861742 1.731708
1455 9.613085 2.860965 1.730726
1456 9.609093 2.860188 1.729745
1457 9.605108 2.859412 1.728763
1458 9.601127 2.858636 1.727781
1459 9.597153 2.857860 1.726799
1460 9.593184 2.857085 1.725818
1461 9.589220 2.856310 1.724836
1462 9.585262 2.855536 1.723854
1463 9.581310 2.854762 1.722872
1464 9.577363 2.853988 1.721890
1465 9.573421 2.853215 1.720908
1466 9.569485 2.852442 1.719927
1467 9.565555 2.851670 1.718945
1468 9.561630 2.850897 1.717963
1469 9.557710 2.850126 1.716981
1470 9.553796 2.849354 1.715999
1471 9.549888 2.848583 1.715018
1472 9.545985 2.847813 1.714036
1473 9.542087 2.847043 1.713054
1474 9.538195 2.846273 1.712072
1475 9.534308 2.845503 1.711091
1476 9.530427 2.844734 1.710109
1477 9.526551 2.843965 1.709127
1478 9.522680 2.843197 1.708146
1479 9.518815 2.842429 1.707164
1480 9.514955 2.841661 1.706183
1481 9.511101 2.840894 1.705201
1482 9.507251 2.840127 1.704220
1483 9.503408 2.839361 1.703238
1484 9.499569 2.838595 1.702257
1485 9.495736 2.837829 1.701275
1486 9.491908 2.837063 1.700294
1487 9.488086 2.836298 1.699313
1488 9.484269 2.835534 1.698332
1489 9.480457 2.834769 1.697351
1490 9.476650 2.834005 1.696369
1491 9.472849 2.833242 1.695388
1492 9.469053 2.832478 1.694407
1493 9.465262 2.831716 1.693427
1494 9.461476 2.830953 1.692446
1495 9.457696 2.830191 1.691465
1496 9.453921 2.829429 1.690484
1497 9.450151 2.828668 1.689504
1498 9.446386 2.827906 1.688523
1499 9.442627 2.827146 1.687543
1500 9.438872 2.826385 1.686562
1501 9.435123 2.825625 1.685582
1502 9.431379 2.824866 1.684602
1503 9.427640 2.824106 1.683622
1504 9.423907 2.823347 1.682642
1505 9.420178 2.822589 1.681662
1506 9.416455 2.821830 1.680682
1507 9.412737 2.821072 1.679702
1508 9.409024 2.820315 1.678723
1509 9.405316 2.819558 1.677743
1510 9.401613 2.818801 1.676764
1511 9.397915 2.818044 1.675784
1512 9.394222 2.817288 1.674805
1513 9.390534 2.816532 1.673826
1514 9.386852 2.815777 1.672847
1515 9.383174 2.815022 1.671869
1516 9.379502 2.814267 1.670890
1517 9.375835 2.813512 1.669911
1518 9.372172 2.812758 1.668933
1519 9.368515 2.812005 1.667955
1520 9.364862 2.811251 1.666977
1521 9.361215 2.810498 1.665999
1522 9.357573 2.809745 1.665021
1523 9.353935 2.808993 1.664043
1524 9.350303 2.808241 1.663066
1525 9.346675 2.807489 1.662088
1526 9.343053 2.806738 1.661111
1527 9.339436 2.805987 1.660134
1528 9.335823 2.805236 1.659157
1529 9.332215 2.804486 1.658180
1530 9.328613 2.803736 1.657204
1531 9.325015 2.802986 1.656227
1532 9.321422 2.802237 1.655251
1533 9.317834 2.801488 1.654275
1534 9.314251 2.800739 1.653299
1535 9.310673 2.799991 1.652324
1536 9.307099 2.799243 1.651348
1537 9.303531 2.798495 1.650373
1538 9.299967 2.797748 1.649398
1539 9.296409 2.797001 1.648423
1540 9.292855 2.796254 1.647449
1541 9.289306 2.795508 1.646474
1542 9.285762 2.794762 1.645500
1543 9.282222 2.794016 1.644526
1544 9.278688 2.793271 1.643552
1545 9.275158 2.792526 1.642579
1546 9.271633 2.791781 1.641605
1547 9.268113 2.791036 1.640632
1548 9.264597 2.790292 1.639659
1549 9.261086 2.789549 1.638686
1550 9.257581 2.788805 1.637714
1551 9.254079 2.788062 1.636742
1552 9.250583 2.787320 1.635770
1553 9.247091 2.786577 1.634798
1554 9.243604 2.785835 1.633827
1555 9.240122 2.785093 1.632856
1556 9.236645 2.784352 1.631885
1557 9.233172 2.783611 1.630914
1558 9.229704 2.782870 1.629944
1559 9.226240 2.782129 1.628974
1560 9.222781 2.781389 1.628004
1561 9.219327 2.780650 1.627034
1562 9.215878 2.779910 1.626065
1563 9.212433 2.779171 1.625096
1564 9.208993 2.778432 1.624127
1565 9.205557 2.777693 1.623159
1566 9.202127 2.776955 1.622190
1567 9.198700 2.776217 1.621223
1568 9.195279 2.775480 1.620255
1569 9.191862 2.774742 1.619288
1570 9.188449 2.774006 1.618321
1571 9.185041 2.773269 1.617354
1572 9.181638 2.772533 1.616388
1573 9.178239 2.771797 1.615422
1574 9.174845 2.771061 1.614456
1575 9.171455 2.770326 1.613491
1576 9.168070 2.769590 1.612526
1577 9.164690 2.768856 1.611561
1578 9.161314 2.768121 1.610597
1579 9.157942 2.767387 1.609633
1580 9.154576 2.766653 1.608669
1581 9.151213 2.765920 1.607706
1582 9.147855 2.765187 1.606743
1583 9.144502 2.764454 1.605780
1584 9.141153 2.763721 1.604818
1585 9.137808 2.762989 1.603856
1586 9.134468 2.762257 1.602895
1587 9.131133 2.761526 1.601934
1588 9.127802 2.760794 1.600973
1589 9.124475 2.760063 1.600012
1590 9.121153 2.759333 1.599052
1591 9.117835 2.758602 1.598093
1592 9.114522 2.757872 1.597134
1593 9.111213 2.757143 1.596175
1594 9.107908 2.756413 1.595216
1595 9.104608 2.755684 1.594258
1596 9.101312 2.754955 1.593301
1597 9.098021 2.754227 1.592343
1598 9.094734 2.753499 1.591386
1599 9.091451 2.752771 1.590430
1600 9.088173 2.752043 1.589474
1601 9.084899 2.751316 1.588518
1602 9.081629 2.750589 1.587563
1603 9.078364 2.749862 1.586609
1604 9.075103 2.749136 1.585654
1605 9.071846 2.748410 1.584700
1606 9.068594 2.747684 1.583747
1607 9.065346 2.746959 1.582794
1608 9.062102 2.746233 1.581842
1609 9.058863 2.745509 1.580889
1610 9.055628 2.744784 1.579938
1611 9.052397 2.744060 1.578987
1612 9.049170 2.743336 1.578036
1613 9.045948 2.742612 1.577086
1614 9.042730 2.741889 1.576136
1615 9.039516 2.741166 1.575187
1616 9.036306 2.740443 1.574238
1617 9.033101 2.739721 1.573290
1618 9.029900 2.738999 1.572342
1619 9.026703 2.738277 1.571394
1620 9.023510 2.737555 1.570448
1621 9.020322 2.736834 1.569501
1622 9.017137 2.736113 1.568555
1623 9.013957 2.735393 1.567610
1624 9.010781 2.734673 1.566665
1625 9.007609 2.733953 1.565721
1626 9.004441 2.733233 1.564777
1627 9.001278 2.732513 1.563834
1628 8.998119 2.731794 1.562891
1629 8.994963 2.731076 1.561949
1630 8.991812 2.730357 1.561007
1631 8.988665 2.729639 1.560066
1632 8.985522 2.728921 1.559125
1633 8.982383 2.728203 1.558185
1634 8.979249 2.727486 1.557246
1635 8.976118 2.726769 1.556307
1636 8.972992 2.726052 1.555368
1637 8.969869 2.725336 1.554430
1638 8.966751 2.724620 1.553493
1639 8.963637 2.723904 1.552556
1640 8.960526 2.723189 1.551620
1641 8.957420 2.722473 1.550684
1642 8.954318 2.721758 1.549749
1643 8.951220 2.721044 1.548815
1644 8.948126 2.720330 1.547881
1645 8.945036 2.719615 1.546948
1646 8.941950 2.718902 1.546015
1647 8.938868 2.718188 1.545083
1648 8.935790 2.717475 1.544151
1649 8.932716 2.716762 1.543220
1650 8.929645 2.716050 1.542290
1651 8.926579 2.715338 1.541360
1652 8.923517 2.714626 1.540431
1653 8.920459 2.713914 1.539503
1654 8.917405 2.713203 1.538575
1655 8.914354 2.712492 1.537648
1656 8.911308 2.711781 1.536721
1657 8.908266 2.711070 1.535795
1658 8.905227 2.710360 1.534870
1659 8.902193 2.709650 1.533945
1660 8.899162 2.708941 1.533021
1661 8.896135 2.708231 1.532097
1662 8.893112 2.707522 1.531175
1663 8.890093 2.706814 1.530253
1664 8.887078 2.706105 1.529331
1665 8.884067 2.705397 1.528410
1666 8.881060 2.704689 1.527490
1667 8.878056 2.703982 1.526571
1668 8.875056 2.703274 1.525652
1669 8.872061 2.702567 1.524734
1670 8.869069 2.701861 1.523816
1671 8.866081 2.701154 1.522899
1672 8.863096 2.700448 1.521983
1673 8.860116 2.699743 1.521068
1674 8.857139 2.699037 1.520153
1675 8.854166 2.698332 1.519239
1676 8.851197 2.697627 1.518326
1677 8.848232 2.696922 1.517413
1678 8.845270 2.696218 1.516502
1679 8.842313 2.695514 1.515590
1680 8.839359 2.694810 1.514680
1681 8.836408 2.694107 1.513770
1682 8.833462 2.693404 1.512861
1683 8.830519 2.692701 1.511953
1684 8.827580 2.691998 1.511045
1685 8.824645 2.691296 1.510138
1686 8.821713 2.690594 1.509232
1687 8.818786 2.689892 1.508327
1688 8.815861 2.689191 1.507422
1689 8.812941 2.688490 1.506518
1690 8.810024 2.687789 1.505615
1691 8.807111 2.687089 1.504713
1692 8.804202 2.686388 1.503811
1693 8.801296 2.685688 1.502910
1694 8.798394 2.684989 1.502010
1695 8.795496 2.684289 1.501111
1696 8.792602 2.683590 1.500212
1697 8.789711 2.682892 1.499314
1698 8.786823 2.682193 1.498417
1699 8.783939 2.681495 1.497521
1700 8.781059 2.680797 1.496626
1701 8.778183 2.680099 1.495731
1702 8.775310 2.679402 1.494837
1703 8.772441 2.678705 1.493944
1704 8.769575 2.678008 1.493051
1705 8.766713 2.677312 1.492160
1706 8.763855 2.676616 1.491269
1707 8.761000 2.675920 1.490379
1708 8.758148 2.675224 1.489490
1709 8.755301 2.674529 1.488602
1710 8.752457 2.673834 1.487714
1711 8.749616 2.673139 1.486828
1712 8.746779 2.672445 1.485942
1713 8.743945 2.671751 1.485057
1714 8.741115 2.671057 1.484173
1715 8.738289 2.670363 1.483289
1716 8.735466 2.669670 1.482407
1717 8.732646 2.668977 1.481525
1718 8.729830 2.668284 1.480644
1719 8.727018 2.667592 1.479764
1720 8.724209 2.666900 1.478885
1721 8.721404 2.666208 1.478007
1722 8.718602 2.665517 1.477129
1723 8.715803 2.664825 1.476253
1724 8.713008 2.664135 1.475377
1725 8.710217 2.663444 1.474502
1726 8.707428 2.662754 1.473628
1727 8.704644 2.662064 1.472755
1728 8.701863 2.661374 1.471883
1729 8.699085 2.660684 1.471011
1730 8.696310 2.659995 1.470141
1731 8.693539 2.659306 1.469271
1732 8.690772 2.658618 1.468403
1733 8.688008 2.657929 1.467535
1734 8.685247 2.657241 1.466668
1735 8.682490 2.656554 1.465802
1736 8.679736 2.655866 1.464936
1737 8.676985 2.655179 1.464072
1738 8.674238 2.654492 1.463209
1739 8.671494 2.653806 1.462346
1740 8.668754 2.653119 1.461485
1741 8.666017 2.652433 1.460624
1742 8.663283 2.651748 1.459764
1743 8.660553 2.651062 1.458905
1744 8.657826 2.650377 1.458048
1745 8.655102 2.649692 1.457191
1746 8.652381 2.649008 1.456334
1747 8.649664 2.648324 1.455479
1748 8.646951 2.647640 1.454625
1749 8.644240 2.646956 1.453772
1750 8.641533 2.646273 1.452919
1751 8.638829 2.645589 1.452068
1752 8.636128 2.644907 1.451218
1753 8.633431 2.644224 1.450368
1754 8.630737 2.643542 1.449519
1755 8.628046 2.642860 1.448672
1756 8.625359 2.642178 1.447825
1757 8.622674 2.641497 1.446979
1758 8.619993 2.640816 1.446135
1759 8.617316 2.640135 1.445291
1760 8.614641 2.639455 1.444448
1761 8.611970 2.638775 1.443606
1762 8.609302 2.638095 1.442765
1763 8.606637 2.637415 1.441925
1764 8.603975 2.636736 1.441086
1765 8.601317 2.636057 1.440248
1766 8.598661 2.635378 1.439411
1767 8.596009 2.634700 1.438575
1768 8.593360 2.634022 1.437740
1769 8.590715 2.633344 1.436906
1770 8.588072 2.632667 1.436073
1771 8.585433 2.631989 1.435241
1772 8.582796 2.631312 1.434410
1773 8.580163 2.630636 1.433580
1774 8.577533 2.629959 1.432751
1775 8.574907 2.629283 1.431923
1776 8.572283 2.628608 1.431096
1777 8.569662 2.627932 1.430269
1778 8.567045 2.627257 1.429444
1779 8.564431 2.626582 1.428620
1780 8.561820 2.625907 1.427797
1781 8.559212 2.625233 1.426975
1782 8.556607 2.624559 1.426154
1783 8.554005 2.623885 1.425334
1784 8.551406 2.623212 1.424515
1785 8.548810 2.622539 1.423697
1786 8.546218 2.621866 1.422880
1787 8.543628 2.621194 1.422064
1788 8.541041 2.620521 1.421249
1789 8.538458 2.619849 1.420436
1790 8.535878 2.619178 1.419623
1791 8.533300 2.618506 1.418811
1792 8.530726 2.617835 1.418000
1793 8.528155 2.617165 1.417191
1794 8.525586 2.616494 1.416382
1795 8.523021 2.615824 1.415574
1796 8.520459 2.615154 1.414768
1797 8.517899 2.614484 1.413962
1798 8.515343 2.613815 1.413158
1799 8.512790 2.613146 1.412355
1800 8.510240 2.612477 1.411552
1801 8.507692 2.611809 1.410751
1802 8.505148 2.611141 1.409951
1803 8.502607 2.610473 1.409152
1804 8.500069 2.609806 1.408353
1805 8.497533 2.609138 1.407556
1806 8.495001 2.608471 1.406760
1807 8.492471 2.607805 1.405966
1808 8.489945 2.607139 1.405172
1809 8.487421 2.606472 1.404379
1810 8.484900 2.605807 1.403587
1811 8.482383 2.605141 1.402797
1812 8.479868 2.604476 1.402007
1813 8.477356 2.603811 1.401219
1814 8.474847 2.603147 1.400432
1815 8.472341 2.602482 1.399645
1816 8.469837 2.601819 1.398860
1817 8.467337 2.601155 1.398076
1818 8.464840 2.600492 1.397293
1819 8.462345 2.599828 1.396511
1820 8.459853 2.599166 1.395730
1821 8.457364 2.598503 1.394951
1822 8.454878 2.597841 1.394172
1823 8.452395 2.597179 1.393395
1824 8.449915 2.596518 1.392618
1825 8.447438 2.595856 1.391843
1826 8.444963 2.595195 1.391069
1827 8.442491 2.594535 1.390296
1828 8.440022 2.593874 1.389524
1829 8.437556 2.593214 1.388753
1830 8.435093 2.592554 1.387983
1831 8.432632 2.591895 1.387215
1832 8.430175 2.591236 1.386447
1833 8.427720 2.590577 1.385681
1834 8.425267 2.589918 1.384915
1835 8.422818 2.589260 1.384151
1836 8.420372 2.588602 1.383388
1837 8.417928 2.587944 1.382626
1838 8.415487 2.587287 1.381866
1839 8.413049 2.586630 1.381106
1840 8.410613 2.585973 1.380347
1841 8.408180 2.585317 1.379590
1842 8.405750 2.584660 1.378834
1843 8.403323 2.584005 1.378079
1844 8.400899 2.583349 1.377325
1845 8.398477 2.582694 1.376572
1846 8.396058 2.582039 1.375820
1847 8.393641 2.581384 1.375069
1848 8.391228 2.580730 1.374320
1849 8.388817 2.580076 1.373572
1850 8.386409 2.579422 1.372825
1851 8.384003 2.578768 1.372079
1852 8.381600 2.578115 1.371334
1853 8.379200 2.577462 1.370590
1854 8.376803 2.576810 1.369847
1855 8.374408 2.576157 1.369106
1856 8.372016 2.575505 1.368366
1857 8.369626 2.574854 1.367626
1858 8.367240 2.574202 1.366888
1859 8.364855 2.573551 1.366152
1860 8.362474 2.572901 1.365416
1861 8.360095 2.572250 1.364681
1862 8.357719 2.571600 1.363948
1863 8.355345 2.570950 1.363216
1864 8.352974 2.570301 1.362485
1865 8.350606 2.569651 1.361755
1866 8.348240 2.569003 1.361026
1867 8.345877 2.568354 1.360299
1868 8.343517 2.567706 1.359572
1869 8.341159 2.567058 1.358847
1870 8.338803 2.566410 1.358123
1871 8.336451 2.565763 1.357400
1872 8.334101 2.565115 1.356678
1873 8.331753 2.564469 1.355958
1874 8.329408 2.563822 1.355238
1875 8.327066 2.563176 1.354520
1876 8.324726 2.562530 1.353803
1877 8.322388 2.561884 1.353087
1878 8.320054 2.561239 1.352372
1879 8.317721 2.560594 1.351659
1880 8.315392 2.559950 1.350947
1881 8.313065 2.559305 1.350235
1882 8.310740 2.558661 1.349525
1883 8.308418 2.558017 1.348817
1884 8.306098 2.557374 1.348109
1885 8.303781 2.556731 1.347402
1886 8.301467 2.556088 1.346697
1887 8.299155 2.555446 1.345993
1888 8.296845 2.554803 1.345290
1889 8.294538 2.554162 1.344588
1890 8.292234 2.553520 1.343888
1891 8.289932 2.552879 1.343188
1892 8.287632 2.552238 1.342490
1893 8.285335 2.551597 1.341793
1894 8.283040 2.550957 1.341097
1895 8.280748 2.550317 1.340403
1896 8.278458 2.549677 1.339709
1897 8.276171 2.549037 1.339017
1898 8.273886 2.548398 1.338326
1899 8.271604 2.547760 1.337636
1900 8.269324 2.547121 1.336947
1901 8.267047 2.546483 1.336260
1902 8.264771 2.545845 1.335574
1903 8.262499 2.545207 1.334889
1904 8.260229 2.544570 1.334205
1905 8.257961 2.543933 1.333522
1906 8.255695 2.543297 1.332840
1907 8.253432 2.542660 1.332160
1908 8.251172 2.542024 1.331481
1909 8.248913 2.541389 1.330803
1910 8.246658 2.540753 1.330126
1911 8.244404 2.540118 1.329451
1912 8.242153 2.539483 1.328776
1913 8.239904 2.538849 1.328103
1914 8.237658 2.538215 1.327431
1915 8.235414 2.537581 1.326760
1916 8.233173 2.536947 1.326091
1917 8.230933 2.536314 1.325423
1918 8.228696 2.535681 1.324755
1919 8.226462 2.535049 1.324089
1920 8.224230 2.534416 1.323425
1921 8.222000 2.533784 1.322761
1922 8.219772 2.533153 1.322099
1923 8.217547 2.532521 1.321438
1924 8.215324 2.531890 1.320778
1925 8.213103 2.531259 1.320119
1926 8.210885 2.530629 1.319461
1927 8.208669 2.529999 1.318805
1928 8.206455 2.529369 1.318150
1929 8.204244 2.528740 1.317496
1930 8.202035 2.528111 1.316843
1931 8.199828 2.527482 1.316192
1932 8.197623 2.526853 1.315541
1933 8.195421 2.526225 1.314892
1934 8.193221 2.525597 1.314244
1935 8.191023 2.524969 1.313598
1936 8.188828 2.524342 1.312952
1937 8.186635 2.523715 1.312308
1938 8.184444 2.523089 1.311665
1939 8.182255 2.522462 1.311023
1940 8.180069 2.521836 1.310382
1941 8.177884 2.521211 1.309743
1942 8.175702 2.520585 1.309104
1943 8.173523 2.519960 1.308467
1944 8.171345 2.519335 1.307831
1945 8.169170 2.518711 1.307197
1946 8.166997 2.518087 1.306563
1947 8.164826 2.517463 1.305931
1948 8.162657 2.516839 1.305300
1949 8.160491 2.516216 1.304670
1950 8.158326 2.515593 1.304041
1951 8.156164 2.514971 1.303414
1952 8.154004 2.514349 1.302788
1953 8.151846 2.513727 1.302163
1954 8.149691 2.513105 1.301539
1955 8.147537 2.512484 1.300916
1956 8.145386 2.511863 1.300295
1957 8.143237 2.511242 1.299675
1958 8.141090 2.510622 1.299056
1959 8.138946 2.510002 1.298438
1960 8.136803 2.509382 1.297821
1961 8.134663 2.508763 1.297206
1962 8.132524 2.508144 1.296592
1963 8.130388 2.507525 1.295979
1964 8.128254 2.506907 1.295367
1965 8.126122 2.506289 1.294756
1966 8.123992 2.505671 1.294147
1967 8.121865 2.505053 1.293539
1968 8.119739 2.504436 1.292932
1969 8.117616 2.503819 1.292326
1970 8.115494 2.503203 1.291722
1971 8.113375 2.502587 1.291118
1972 8.111258 2.501971 1.290516
1973 8.109143 2.501355 1.289915
1974 8.107030 2.500740 1.289316
1975 8.104919 2.500125 1.288717
1976 8.102810 2.499511 1.288120
1977 8.100704 2.498896 1.287524
1978 8.098599 2.498282 1.286929
1979 8.096496 2.497669 1.286335
1980 8.094396 2.497055 1.285742
1981 8.092297 2.496442 1.285151
1982 8.090201 2.495830 1.284561
1983 8.088107 2.495217 1.283972
1984 8.086014 2.494605 1.283384
1985 8.083924 2.493994 1.282798
1986 8.081836 2.493382 1.282212
1987 8.079750 2.492771 1.281628
1988 8.077665 2.492161 1.281045
1989 8.075583 2.491550 1.280464
1990 8.073503 2.490940 1.279883
1991 8.071425 2.490330 1.279304
1992 8.069349 2.489721 1.278726
1993 8.067275 2.489112 1.278149
1994 8.065203 2.488503 1.277573
1995 8.063132 2.487894 1.276998
1996 8.061064 2.487286 1.276425
1997 8.058998 2.486678 1.275853
1998 8.056934 2.486071 1.275282
1999 8.054872 2.485464 1.274712
2000 8.052812 2.484857 1.274143
2001 8.050753 2.484250 1.273576
2002 8.048697 2.483644 1.273010
2003 8.046643 2.483038 1.272445
2004 8.044591 2.482433 1.271881
2005 8.042540 2.481827 1.271318
2006 8.040492 2.481222 1.270757
2007 8.038445 2.480618 1.270197
2008 8.036401 2.480014 1.269637
2009 8.034358 2.479410 1.269080
2010 8.032318 2.478806 1.268523
2011 8.030279 2.478203 1.267967
2012 8.028242 2.477600 1.267413
2013 8.026207 2.476997 1.266860
2014 8.024174 2.476395 1.266308
2015 8.022143 2.475793 1.265757
2016 8.020114 2.475191 1.265208
2017 8.018087 2.474590 1.264659
2018 8.016062 2.473988 1.264112
2019 8.014038 2.473388 1.263566
2020 8.012017 2.472787 1.263021
2021 8.009997 2.472187 1.262477
2022 8.007979 2.471588 1.261935
2023 8.005963 2.470988 1.261393
2024 8.003949 2.470389 1.260853
2025 8.001937 2.469790 1.260314
2026 7.999927 2.469192 1.259776
2027 7.997919 2.468594 1.259240
2028 7.995912 2.467996 1.258704
2029 7.993907 2.467399 1.258170
2030 7.991905 2.466801 1.257637
2031 7.989904 2.466205 1.257105
2032 7.987905 2.465608 1.256574
2033 7.985907 2.465012 1.256045
2034 7.983912 2.464416 1.255516
2035 7.981918 2.463821 1.254989
2036 7.979927 2.463225 1.254463
2037 7.977937 2.462631 1.253938
2038 7.975949 2.462036 1.253414
2039 7.973962 2.461442 1.252891
2040 7.971978 2.460848 1.252370
2041 7.969995 2.460254 1.251850
2042 7.968014 2.459661 1.251331
2043 7.966035 2.459068 1.250813
2044 7.964058 2.458476 1.250296
2045 7.962083 2.457884 1.249780
2046 7.960109 2.457292 1.249266
2047 7.958137 2.456700 1.248752
2048 7.956167 2.456109 1.248240
2049 7.954199 2.455518 1.247729
2050 7.952232 2.454927 1.247219
2051 7.950268 2.454337 1.246711
2052 7.948305 2.453747 1.246203
2053 7.946343 2.453158 1.245697
2054 7.944384 2.452568 1.245191
2055 7.942426 2.451979 1.244687
2056 7.940470 2.451391 1.244184
2057 7.938516 2.450802 1.243683
2058 7.936564 2.450214 1.243182
2059 7.934613 2.449627 1.242682
2060 7.932664 2.449039 1.242184
2061 7.930717 2.448453 1.241687
2062 7.928771 2.447866 1.241191
2063 7.926828 2.447280 1.240696
2064 7.924886 2.446694 1.240202
2065 7.922945 2.446108 1.239710
2066 7.921007 2.445523 1.239218
2067 7.919070 2.444938 1.238728
2068 7.917135 2.444353 1.238238
2069 7.915201 2.443769 1.237750
2070 7.913270 2.443185 1.237263
2071 7.911340 2.442601 1.236778
2072 7.909411 2.442017 1.236293
2073 7.907485 2.441434 1.235809
2074 7.905560 2.440852 1.235327
2075 7.903637 2.440269 1.234846
2076 7.901715 2.439687 1.234366
2077 7.899795 2.439106 1.233886
2078 7.897877 2.438524 1.233409
2079 7.895960 2.437943 1.232932
2080 7.894045 2.437363 1.232456
2081 7.892132 2.436782 1.231982
2082 7.890221 2.436202 1.231508
2083 7.888311 2.435622 1.231036
2084 7.886403 2.435043 1.230565
2085 7.884496 2.434464 1.230095
2086 7.882591 2.433885 1.229626
2087 7.880688 2.433307 1.229158
2088 7.878786 2.432729 1.228691
2089 7.876886 2.432151 1.228226
2090 7.874988 2.431574 1.227761
2091 7.873091 2.430997 1.227298
2092 7.871196 2.430420 1.226836
2093 7.869302 2.429843 1.226374
2094 7.867410 2.429267 1.225914
2095 7.865520 2.428692 1.225456
2096 7.863632 2.428116 1.224998
2097 7.861745 2.427541 1.224541
2098 7.859859 2.426966 1.224085
2099 7.857975 2.426392 1.223631
2100 7.856093 2.425818 1.223177
2101 7.854212 2.425244 1.222725
2102 7.852333 2.424671 1.222274
2103 7.850456 2.424097 1.221824
2104 7.848580 2.423525 1.221375
2105 7.846706 2.422952 1.220927
2106 7.844833 2.422380 1.220480
2107 7.842962 2.421808 1.220034
2108 7.841093 2.421237 1.219590
2109 7.839225 2.420666 1.219146
2110 7.837358 2.420095 1.218704
2111 7.835493 2.419525 1.218262
2112 7.833630 2.418954 1.217822
2113 7.831768 2.418385 1.217383
2114 7.829908 2.417815 1.216945
2115 7.828050 2.417246 1.216508
2116 7.826192 2.416677 1.216072
2117 7.824337 2.416109 1.215637
2118 7.822483 2.415541 1.215203
2119 7.820631 2.414973 1.214770
2120 7.818780 2.414406 1.214339
2121 7.816930 2.413838 1.213908
2122 7.815082 2.413272 1.213479
2123 7.813236 2.412705 1.213050
2124 7.811391 2.412139 1.212623
2125 7.809548 2.411573 1.212197
2126 7.807706 2.411008 1.211772
2127 7.805866 2.410443 1.211347
2128 7.804027 2.409878 1.210924
2129 7.802190 2.409313 1.210502
2130 7.800354 2.408749 1.210081
2131 7.798520 2.408186 1.209662
2132 7.796687 2.407622 1.209243
2133 7.794856 2.407059 1.208825
2134 7.793026 2.406496 1.208408
2135 7.791198 2.405934 1.207993
2136 7.789371 2.405372 1.207578
2137 7.787546 2.404810 1.207164
2138 7.785722 2.404248 1.206752
2139 7.783900 2.403687 1.206341
2140 7.782079 2.403126 1.205930
2141 7.780259 2.402566 1.205521
2142 7.778441 2.402006 1.205113
2143 7.776625 2.401446 1.204705
2144 7.774810 2.400887 1.204299
2145 7.772996 2.400327 1.203894
2146 7.771184 2.399769 1.203490
2147 7.769374 2.399210 1.203087
2148 7.767564 2.398652 1.202685
2149 7.765757 2.398094 1.202284
2150 7.763950 2.397537 1.201884
2151 7.762145 2.396980 1.201485
2152 7.760342 2.396423 1.201087
2153 7.758540 2.395866 1.200690
2154 7.756739 2.395310 1.200294
2155 7.754940 2.394755 1.199899
2156 7.753142 2.394199 1.199506
2157 7.751346 2.393644 1.199113
2158 7.749551 2.393089 1.198721
2159 7.747758 2.392535 1.198330
2160 7.745966 2.391981 1.197941
2161 7.744175 2.391427 1.197552
2162 7.742386 2.390873 1.197164
2163 7.740598 2.390320 1.196778
2164 7.738811 2.389767 1.196392
2165 7.737026 2.389215 1.196008
2166 7.735243 2.388663 1.195624
2167 7.733460 2.388111 1.195241
2168 7.731679 2.387560 1.194860
2169 7.729900 2.387008 1.194479
2170 7.728122 2.386458 1.194100
2171 7.726345 2.385907 1.193721
2172 7.724570 2.385357 1.193344
2173 7.722796 2.384807 1.192967
2174 7.721023 2.384258 1.192592
2175 7.719252 2.383709 1.192217
2176 7.717482 2.383160 1.191843
2177 7.715713 2.382611 1.191471
2178 7.713946 2.382063 1.191099
2179 7.712180 2.381516 1.190729
2180 7.710416 2.380968 1.190359
2181 7.708653 2.380421 1.189991
2182 7.706891 2.379874 1.189623
2183 7.705131 2.379328 1.189257
2184 7.703372 2.378782 1.188891
2185 7.701614 2.378236 1.188526
2186 7.699858 2.377690 1.188163
2187 7.698103 2.377145 1.187800
2188 7.696349 2.376600 1.187438
2189 7.694597 2.376056 1.187078
2190 7.692845 2.375512 1.186718
2191 7.691096 2.374968 1.186359
2192 7.689347 2.374425 1.186002
2193 7.687600 2.373882 1.185645
2194 7.685855 2.373339 1.185289
2195 7.684110 2.372796 1.184934
2196 7.682367 2.372254 1.184580
2197 7.680625 2.371712 1.184227
2198 7.678885 2.371171 1.183875
2199 7.677145 2.370630 1.183524
2200 7.675407 2.370089 1.183174
2201 7.673671 2.369549 1.182825
2202 7.671935 2.369008 1.182477
2203 7.670201 2.368469 1.182130
2204 7.668469 2.367929 1.181784
2205 7.666737 2.367390 1.181439
2206 7.665007 2.366851 1.181094
2207 7.663278 2.366313 1.180751
2208 7.661551 2.365775 1.180409
2209 7.659824 2.365237 1.180067
2210 7.658099 2.364700 1.179727
2211 7.656375 2.364162 1.179387
2212 7.654653 2.363626 1.179049
2213 7.652932 2.363089 1.178711
2214 7.651212 2.362553 1.178375
2215 7.649493 2.362017 1.178039
2216 7.647775 2.361482 1.177704
2217 7.646059 2.360947 1.177370
2218 7.644344 2.360412 1.177037
2219 7.642631 2.359878 1.176705
2220 7.640918 2.359343 1.176374
2221 7.639207 2.358810 1.176044
2222 7.637497 2.358276 1.175715
2223 7.635788 2.357743 1.175386
2224 7.634081 2.357210 1.175059
2225 7.632374 2.356678 1.174733
2226 7.630669 2.356146 1.174407
2227 7.628966 2.355614 1.174083
2228 7.627263 2.355082 1.173759
2229 7.625562 2.354551 1.173436
2230 7.623862 2.354021 1.173114
2231 7.622163 2.353490 1.172794
2232 7.620465 2.352960 1.172474
2233 7.618769 2.352430 1.172154
2234 7.617073 2.351901 1.171836
2235 7.615379 2.351372 1.171519
2236 7.613686 2.350843 1.171203
2237 7.611995 2.350314 1.170887
2238 7.610304 2.349786 1.170573
2239 7.608615 2.349258 1.170259
2240 7.606927 2.348731 1.169946
2241 7.605240 2.348204 1.169635
2242 7.603555 2.347677 1.169324
2243 7.601870 2.347151 1.169014
2244 7.600187 2.346624 1.168704
2245 7.598505 2.346099 1.168396
2246 7.596824 2.345573 1.168089
2247 7.595145 2.345048 1.167782
2248 7.593466 2.344523 1.167477
2249 7.591789 2.343999 1.167172
2250 7.590113 2.343475 1.166868
2251 7.588438 2.342951 1.166565
2252 7.586764 2.342427 1.166263
2253 7.585091 2.341904 1.165962
2254 7.583420 2.341381 1.165662
2255 7.581749 2.340859 1.165363
2256 7.580080 2.340337 1.165064
2257 7.578412 2.339815 1.164767
2258 7.576745 2.339293 1.164470
2259 7.575080 2.338772 1.164174
2260 7.573415 2.338251 1.163879
2261 7.571752 2.337731 1.163585
2262 7.570090 2.337211 1.163292
2263 7.568429 2.336691 1.162999
2264 7.566769 2.336171 1.162708
2265 7.565110 2.335652 1.162417
2266 7.563452 2.335133 1.162127
2267 7.561796 2.334615 1.161838
2268 7.560140 2.334097 1.161550
2269 7.558486 2.333579 1.161263
2270 7.556833 2.333061 1.160977
2271 7.555181 2.332544 1.160691
2272 7.553530 2.332027 1.160406
2273 7.551880 2.331511 1.160123
2274 7.550232 2.330994 1.159840
2275 7.548584 2.330479 1.159558
2276 7.546938 2.329963 1.159276
2277 7.545293 2.329448 1.158996
2278 7.543648 2.328933 1.158716
2279 7.542005 2.328418 1.158438
2280 7.540363 2.327904 1.158160
2281 7.538723 2.327390 1.157883
2282 7.537083 2.326877 1.157606
2283 7.535444 2.326364 1.157331
2284 7.533807 2.325851 1.157057
2285 7.532170 2.325338 1.156783
2286 7.530535 2.324826 1.156510
2287 7.528901 2.324314 1.156238
2288 7.527268 2.323802 1.155967
2289 7.525636 2.323291 1.155696
2290 7.524005 2.322780 1.155427
2291 7.522375 2.322270 1.155158
2292 7.520746 2.321759 1.154890
2293 7.519118 2.321250 1.154623
2294 7.517491 2.320740 1.154357
2295 7.515866 2.320231 1.154091
2296 7.514241 2.319722 1.153827
2297 7.512618 2.319213 1.153563
2298 7.510996 2.318705 1.153300
2299 7.509374 2.318197 1.153038
2300 7.507754 2.317689 1.152776
2301 7.506135 2.317182 1.152516
2302 7.504517 2.316675 1.152256
2303 7.502900 2.316168 1.151997
2304 7.501284 2.315662 1.151739
2305 7.499669 2.315156 1.151482
2306 7.498055 2.314650 1.151225
2307 7.496442 2.314145 1.150969
2308 7.494830 2.313640 1.150714
2309 7.493219 2.313135 1.150460
2310 7.491610 2.312631 1.150207
2311 7.490001 2.312127 1.149954
2312 7.488394 2.311623 1.149702
2313 7.486787 2.311120 1.149452
2314 7.485181 2.310617 1.149201
2315 7.483577 2.310114 1.148952
2316 7.481973 2.309612 1.148703
2317 7.480371 2.309110 1.148455
2318 7.478770 2.308608 1.148208
2319 7.477169 2.308107 1.147962
2320 7.475570 2.307606 1.147717
2321 7.473972 2.307105 1.147472
2322 7.472374 2.306605 1.147228
2323 7.470778 2.306104 1.146985
2324 7.469183 2.305605 1.146743
2325 7.467588 2.305105 1.146501
2326 7.465995 2.304606 1.146260
2327 7.464403 2.304107 1.146020
2328 7.462812 2.303609 1.145781
2329 7.461221 2.303111 1.145542
2330 7.459632 2.302613 1.145305
2331 7.458044 2.302116 1.145068
2332 7.456457 2.301618 1.144831
2333 7.454871 2.301122 1.144596
2334 7.453285 2.300625 1.144361
2335 7.451701 2.300129 1.144127
2336 7.450118 2.299633 1.143894
2337 7.448536 2.299138 1.143662
2338 7.446955 2.298642 1.143430
2339 7.445374 2.298147 1.143199
2340 7.443795 2.297653 1.142969
2341 7.442217 2.297159 1.142739
2342 7.440639 2.296665 1.142511
2343 7.439063 2.296171 1.142283
2344 7.437488 2.295678 1.142056
2345 7.435913 2.295185 1.141829
2346 7.434340 2.294692 1.141603
2347 7.432768 2.294200 1.141378
2348 7.431196 2.293708 1.141154
2349 7.429626 2.293217 1.140931
2350 7.428056 2.292725 1.140708
2351 7.426488 2.292234 1.140486
2352 7.424920 2.291744 1.140265
2353 7.423354 2.291253 1.140044
2354 7.421788 2.290763 1.139824
2355 7.420223 2.290274 1.139605
2356 7.418659 2.289784 1.139387
2357 7.417097 2.289295 1.139169
2358 7.415535 2.288807 1.138952
2359 7.413974 2.288318 1.138736
2360 7.412414 2.287830 1.138521
2361 7.410855 2.287342 1.138306
2362 7.409297 2.286855 1.138092
2363 7.407740 2.286368 1.137879
2364 7.406184 2.285881 1.137666
2365 7.404629 2.285395 1.137454
2366 7.403074 2.284909 1.137243
2367 7.401521 2.284423 1.137033
2368 7.399969 2.283937 1.136823
2369 7.398417 2.283452 1.136614
2370 7.396867 2.282967 1.136405
2371 7.395317 2.282483 1.136198
2372 7.393769 2.281999 1.135991
2373 7.392221 2.281515 1.135785
2374 7.390674 2.281031 1.135579
2375 7.389128 2.280548 1.135374
2376 7.387583 2.280065 1.135170
2377 7.386039 2.279583 1.134967
2378 7.384496 2.279100 1.134764
2379 7.382954 2.278618 1.134562
2380 7.381413 2.278137 1.134361
2381 7.379872 2.277656 1.134160
2382 7.378333 2.277175 1.133960
2383 7.376794 2.276694 1.133761
2384 7.375257 2.276214 1.133562
2385 7.373720 2.275734 1.133364
2386 7.372184 2.275254 1.133167
2387 7.370649 2.274774 1.132971
2388 7.369115 2.274295 1.132775
2389 7.367582 2.273817 1.132580
2390 7.366050 2.273338 1.132385
2391 7.364519 2.272860 1.132192
2392 7.362988 2.272382 1.131998
2393 7.361459 2.271905 1.131806
2394 7.359930 2.271428 1.131614
2395 7.358402 2.270951 1.131423
2396 7.356875 2.270475 1.131233
2397 7.355349 2.269998 1.131043
2398 7.353824 2.269523 1.130854
2399 7.352300 2.269047 1.130665
2400 7.350777 2.268572 1.130478
2401 7.349254 2.268097 1.130290
2402 7.347733 2.267622 1.130104
2403 7.346212 2.267148 1.129918
2404 7.344692 2.266674 1.129733
2405 7.343173 2.266200 1.129549
2406 7.341655 2.265727 1.129365
2407 7.340138 2.265254 1.129182
2408 7.338622 2.264782 1.128999
2409 7.337106 2.264309 1.128817
2410 7.335592 2.263837 1.128636
2411 7.334078 2.263365 1.128456
2412 7.332565 2.262894 1.128276
2413 7.331053 2.262423 1.128097
2414 7.329542 2.261952 1.127918
2415 7.328032 2.261482 1.127740
2416 7.326523 2.261012 1.127563
2417 7.325014 2.260542 1.127386
2418 7.323506 2.260072 1.127210
2419 7.321999 2.259603 1.127035
2420 7.320493 2.259134 1.126860
2421 7.318988 2.258666 1.126686
2422 7.317484 2.258197 1.126512
2423 7.315981 2.257729 1.126339
2424 7.314478 2.257262 1.126167
2425 7.312976 2.256795 1.125996
2426 7.311475 2.256328 1.125825
2427 7.309975 2.255861 1.125654
2428 7.308476 2.255395 1.125485
2429 7.306978 2.254929 1.125316
2430 7.305480 2.254463 1.125147
2431 7.303983 2.253997 1.124979
2432 7.302487 2.253532 1.124812
2433 7.300992 2.253068 1.124646
2434 7.299498 2.252603 1.124480
2435 7.298005 2.252139 1.124314
2436 7.296512 2.251675 1.124150
2437 7.295020 2.251212 1.123985
2438 7.293529 2.250749 1.123822
2439 7.292039 2.250286 1.123659
2440 7.290550 2.249823 1.123497
2441 7.289062 2.249361 1.123335
2442 7.287574 2.248899 1.123174
2443 7.286087 2.248437 1.123014
2444 7.284601 2.247976 1.122854
2445 7.283116 2.247515 1.122695
2446 7.281632 2.247054 1.122536
2447 7.280148 2.246594 1.122378
2448 7.278665 2.246134 1.122221
2449 7.277183 2.245674 1.122064
2450 7.275702 2.245215 1.121907
2451 7.274222 2.244755 1.121752
2452 7.272742 2.244297 1.121597
2453 7.271264 2.243838 1.121442
2454 7.269786 2.243380 1.121288
2455 7.268309 2.242922 1.121135
2456 7.266832 2.242464 1.120983
2457 7.265357 2.242007 1.120830
2458 7.263882 2.241550 1.120679
2459 7.262408 2.241094 1.120528
2460 7.260935 2.240637 1.120378
2461 7.259463 2.240181 1.120228
2462 7.257991 2.239726 1.120079
2463 7.256520 2.239270 1.119930
2464 7.255050 2.238815 1.119782
2465 7.253581 2.238360 1.119635
2466 7.252113 2.237906 1.119488
2467 7.250645 2.237452 1.119342
2468 7.249178 2.236998 1.119196
2469 7.247712 2.236544 1.119051
2470 7.246247 2.236091 1.118906
2471 7.244782 2.235638 1.118762
2472 7.243319 2.235186 1.118619
2473 7.241856 2.234733 1.118476
2474 7.240394 2.234281 1.118334
2475 7.238932 2.233830 1.118192
2476 7.237472 2.233378 1.118051
2477 7.236012 2.232927 1.117911
2478 7.234553 2.232476 1.117771
2479 7.233094 2.232026 1.117631
2480 7.231637 2.231576 1.117492
2481 7.230180 2.231126 1.117354
2482 7.228724 2.230676 1.117216
2483 7.227269 2.230227 1.117079
2484 7.225814 2.229778 1.116942
2485 7.224361 2.229330 1.116806
2486 7.222908 2.228881 1.116671
2487 7.221455 2.228433 1.116536
2488 7.220004 2.227986 1.116401
2489 7.218553 2.227538 1.116267
2490 7.217103 2.227091 1.116134
2491 7.215654 2.226644 1.116001
2492 7.214206 2.226198 1.115869
2493 7.212758 2.225752 1.115737
2494 7.211311 2.225306 1.115606
2495 7.209865 2.224860 1.115475
2496 7.208419 2.224415 1.115345
2497 7.206975 2.223970 1.115216
2498 7.205531 2.223526 1.115087
2499 7.204087 2.223081 1.114958
2500 7.202645 2.222637 1.114830
2501 7.201203 2.222194 1.114703
2502 7.199762 2.221750 1.114576
2503 7.198322 2.221307 1.114450
2504 7.196882 2.220864 1.114324
2505 7.195444 2.220422 1.114199
2506 7.194006 2.219980 1.114074
2507 7.192568 2.219538 1.113950
2508 7.191132 2.219096 1.113826
2509 7.189696 2.218655 1.113703
2510 7.188261 2.218214 1.113580
2511 7.186826 2.217773 1.113458
2512 7.185393 2.217333 1.113337
2513 7.183960 2.216893 1.113216
2514 7.182527 2.216453 1.113095
2515 7.181096 2.216014 1.112975
2516 7.179665 2.215574 1.112855
2517 7.178235 2.215136 1.112736
2518 7.176806 2.214697 1.112618
2519 7.175377 2.214259 1.112500
2520 7.173949 2.213821 1.112382
2521 7.172522 2.213383 1.112266
2522 7.171096 2.212946 1.112149
2523 7.169670 2.212509 1.112033
2524 7.168245 2.212072 1.111918
2525 7.166820 2.211636 1.111803
2526 7.165397 2.211199 1.111688
2527 7.163974 2.210764 1.111574
2528 7.162552 2.210328 1.111461
2529 7.161130 2.209893 1.111348
2530 7.159709 2.209458 1.111236
2531 7.158289 2.209023 1.111124
2532 7.156870 2.208589 1.111012
2533 7.155451 2.208155 1.110902
2534 7.154033 2.207721 1.110791
2535 7.152616 2.207288 1.110681
2536 7.151199 2.206855 1.110572
2537 7.149783 2.206422 1.110463
2538 7.148368 2.205989 1.110354
2539 7.146954 2.205557 1.110247
2540 7.145540 2.205125 1.110139
2541 7.144127 2.204693 1.110032
2542 7.142715 2.204262 1.109926
2543 7.141303 2.203831 1.109820
2544 7.139892 2.203400 1.109714
2545 7.138481 2.202970 1.109609
2546 7.137072 2.202540 1.109505
2547 7.135663 2.202110 1.109400
2548 7.134255 2.201680 1.109297
2549 7.132847 2.201251 1.109194
2550 7.131440 2.200822 1.109091
2551 7.130034 2.200393 1.108989
2552 7.128628 2.199965 1.108887
2553 7.127223 2.199537 1.108786
2554 7.125819 2.199109 1.108685
2555 7.124416 2.198682 1.108585
2556 7.123013 2.198254 1.108485
2557 7.121611 2.197827 1.108386
2558 7.120209 2.197401 1.108287
2559 7.118808 2.196975 1.108189
2560 7.117408 2.196549 1.108091
2561 7.116009 2.196123 1.107994
2562 7.114610 2.195697 1.107897
2563 7.113212 2.195272 1.107800
2564 7.111814 2.194848 1.107704
2565 7.110418 2.194423 1.107609
2566 7.109022 2.193999 1.107513
2567 7.107626 2.193575 1.107419
2568 7.106231 2.193151 1.107325
2569 7.104837 2.192728 1.107231
2570 7.103444 2.192305 1.107138
2571 7.102051 2.191882 1.107045
2572 7.100659 2.191460 1.106952
2573 7.099267 2.191037 1.106861
2574 7.097876 2.190615 1.106769
2575 7.096486 2.190194 1.106678
2576 7.095097 2.189773 1.106588
2577 7.093708 2.189352 1.106497
2578 7.092320 2.188931 1.106408
2579 7.090932 2.188510 1.106319
2580 7.089545 2.188090 1.106230
2581 7.088159 2.187670 1.106141
2582 7.086773 2.187251 1.106054
2583 7.085388 2.186832 1.105966
2584 7.084004 2.186413 1.105879
2585 7.082620 2.185994 1.105793
2586 7.081237 2.185576 1.105707
2587 7.079855 2.185157 1.105621
2588 7.078473 2.184740 1.105536
2589 7.077092 2.184322 1.105451
2590 7.075712 2.183905 1.105367
2591 7.074332 2.183488 1.105283
2592 7.072953 2.183071 1.105199
2593 7.071574 2.182655 1.105116
2594 7.070197 2.182239 1.105033
2595 7.068819 2.181823 1.104951
2596 7.067443 2.181408 1.104870
2597 7.066067 2.180993 1.104788
2598 7.064691 2.180578 1.104707
2599 7.063317 2.180163 1.104627
2600 7.061943 2.179749 1.104547
2601 7.060569 2.179335 1.104467
2602 7.059196 2.178921 1.104388
2603 7.057824 2.178507 1.104309
2604 7.056453 2.178094 1.104231
2605 7.055082 2.177681 1.104153
2606 7.053712 2.177269 1.104075
2607 7.052342 2.176856 1.103998
2608 7.050973 2.176444 1.103922
2609 7.049604 2.176033 1.103845
2610 7.048237 2.175621 1.103770
2611 7.046869 2.175210 1.103694
2612 7.045503 2.174799 1.103619
2613 7.044137 2.174389 1.103545
2614 7.042772 2.173978 1.103470
2615 7.041407 2.173568 1.103397
2616 7.040043 2.173159 1.103323
2617 7.038679 2.172749 1.103250
2618 7.037317 2.172340 1.103178
2619 7.035954 2.171931 1.103106
2620 7.034593 2.171523 1.103034
2621 7.033232 2.171114 1.102963
2622 7.031871 2.170706 1.102892
2623 7.030512 2.170299 1.102821
2624 7.029153 2.169891 1.102751
2625 7.027794 2.169484 1.102681
2626 7.026436 2.169077 1.102612
2627 7.025079 2.168670 1.102543
2628 7.023722 2.168264 1.102475
2629 7.022366 2.167858 1.102407
2630 7.021010 2.167452 1.102339
2631 7.019655 2.167047 1.102272
2632 7.018301 2.166642 1.102205
2633 7.016947 2.166237 1.102138
2634 7.015594 2.165832 1.102072
2635 7.014242 2.165428 1.102006
2636 7.012890 2.165024 1.101941
2637 7.011539 2.164620 1.101876
2638 7.010188 2.164217 1.101811
2639 7.008838 2.163813 1.101747
2640 7.007488 2.163410 1.101683
2641 7.006139 2.163008 1.101620
2642 7.004791 2.162605 1.101557
2643 7.003443 2.162203 1.101494
2644 7.002096 2.161802 1.101432
2645 7.000750 2.161400 1.101370
2646 6.999404 2.160999 1.101309
2647 6.998058 2.160598 1.101248
2648 6.996713 2.160197 1.101187
2649 6.995369 2.159797 1.101127
2650 6.994026 2.159397 1.101067
2651 6.992683 2.158997 1.101007
2652 6.991340 2.158597 1.100948
2653 6.989998 2.158198 1.100889
2654 6.988657 2.157799 1.100831
2655 6.987316 2.157400 1.100773
2656 6.985976 2.157002 1.100715
2657 6.984637 2.156604 1.100657
2658 6.983298 2.156206 1.100601
2659 6.981960 2.155808 1.100544
2660 6.980622 2.155411 1.100488
2661 6.979285 2.155014 1.100432
2662 6.977948 2.154617 1.100376
2663 6.976612 2.154221 1.100321
2664 6.975276 2.153825 1.100267
2665 6.973942 2.153429 1.100212
2666 6.972607 2.153033 1.100158
2667 6.971274 2.152638 1.100104
2668 6.969940 2.152243 1.100051
2669 6.968608 2.151848 1.099998
2670 6.967276 2.151453 1.099946
2671 6.965944 2.151059 1.099893
2672 6.964613 2.150665 1.099842
2673 6.963283 2.150271 1.099790
2674 6.961953 2.149878 1.099739
2675 6.960624 2.149485 1.099688
2676 6.959296 2.149092 1.099638
2677 6.957968 2.148699 1.099588
2678 6.956640 2.148307 1.099538
2679 6.955313 2.147915 1.099489
2680 6.953987 2.147523 1.099440
2681 6.952661 2.147131 1.099391
2682 6.951336 2.146740 1.099343
2683 6.950011 2.146349 1.099295
2684 6.948687 2.145958 1.099247
2685 6.947363 2.145568 1.099200
2686 6.946040 2.145178 1.099153
2687 6.944718 2.144788 1.099106
2688 6.943396 2.144398 1.099060
2689 6.942075 2.144009 1.099014
2690 6.940754 2.143620 1.098969
2691 6.939434 2.143231 1.098924
2692 6.938114 2.142843 1.098879
2693 6.936795 2.142455 1.098834
2694 6.935477 2.142067 1.098790
2695 6.934159 2.141679 1.098746
2696 6.932841 2.141292 1.098703
2697 6.931524 2.140904 1.098660
2698 6.930208 2.140518 1.098617
2699 6.928892 2.140131 1.098574
2700 6.927577 2.139745 1.098532
2701 6.926262 2.139359 1.098490
2702 6.924948 2.138973 1.098449
2703 6.923634 2.138587 1.098408
2704 6.922321 2.138202 1.098367
2705 6.921009 2.137817 1.098327
2706 6.919697 2.137432 1.098286
2707 6.918385 2.137048 1.098247
2708 6.917075 2.136664 1.098207
2709 6.915764 2.136280 1.098168
2710 6.914454 2.135896 1.098129
2711 6.913145 2.135513 1.098091
2712 6.911836 2.135130 1.098053
2713 6.910528 2.134747 1.098015
2714 6.909221 2.134364 1.097977
2715 6.907914 2.133982 1.097940
2716 6.906607 2.133600 1.097903
2717 6.905301 2.133218 1.097867
2718 6.903995 2.132837 1.097830
2719 6.902690 2.132456 1.097794
2720 6.901386 2.132075 1.097759
2721 6.900082 2.131694 1.097724
2722 6.898779 2.131314 1.097689
2723 6.897476 2.130934 1.097654
2724 6.896174 2.130554 1.097620
2725 6.894872 2.130174 1.097586
2726 6.893571 2.129795 1.097552
2727 6.892270 2.129416 1.097519
2728 6.890970 2.129037 1.097486
2729 6.889670 2.128658 1.097453
2730 6.888371 2.128280 1.097421
2731 6.887072 2.127902 1.097388
2732 6.885774 2.127524 1.097357
2733 6.884477 2.127147 1.097325
2734 6.883180 2.126770 1.097294
2735 6.881883 2.126393 1.097263
2736 6.880587 2.126016 1.097232
2737 6.879292 2.125640 1.097202
2738 6.877997 2.125263 1.097172
2739 6.876702 2.124888 1.097143
2740 6.875408 2.124512 1.097113
2741 6.874115 2.124137 1.097084
2742 6.872822 2.123761 1.097055
2743 6.871530 2.123387 1.097027
2744 6.870238 2.123012 1.096999
2745 6.868947 2.122638 1.096971
2746 6.867656 2.122264 1.096944
2747 6.866366 2.121890 1.096916
2748 6.865076 2.121516 1.096889
2749 6.863787 2.121143 1.096863
2750 6.862498 2.120770 1.096836
2751 6.861210 2.120397 1.096810
2752 6.859922 2.120025 1.096785
2753 6.858635 2.119653 1.096759
2754 6.857348 2.119281 1.096734
2755 6.856062 2.118909 1.096709
2756 6.854776 2.118538 1.096685
2757 6.853491 2.118167 1.096660
2758 6.852206 2.117796 1.096636
2759 6.850922 2.117425 1.096613
2760 6.849639 2.117055 1.096589
2761 6.848355 2.116685 1.096566
2762 6.847073 2.116315 1.096543
2763 6.845791 2.115945 1.096521
2764 6.844509 2.115576 1.096498
2765 6.843228 2.115207 1.096476
2766 6.841947 2.114838 1.096455
2767 6.840667 2.114469 1.096433
2768 6.839388 2.114101 1.096412
2769 6.838109 2.113733 1.096391
2770 6.836830 2.113365 1.096371
2771 6.835552 2.112998 1.096351
2772 6.834274 2.112630 1.096331
2773 6.832997 2.112263 1.096311
2774 6.831721 2.111897 1.096291
2775 6.830444 2.111530 1.096272
2776 6.829169 2.111164 1.096253
2777 6.827894 2.110798 1.096235
2778 6.826619 2.110432 1.096217
2779 6.825345 2.110067 1.096199
2780 6.824071 2.109702 1.096181
2781 6.822798 2.109337 1.096163
2782 6.821526 2.108972 1.096146
2783 6.820253 2.108607 1.096129
2784 6.818982 2.108243 1.096113
2785 6.817711 2.107879 1.096096
2786 6.816440 2.107516 1.096080
2787 6.815170 2.107152 1.096064
2788 6.813900 2.106789 1.096049
2789 6.812631 2.106426 1.096033
2790 6.811362 2.106064 1.096018
2791 6.810094 2.105701 1.096003
2792 6.808826 2.105339 1.095989
2793 6.807559 2.104977 1.095975
2794 6.806292 2.104616 1.095961
2795 6.805026 2.104254 1.095947
2796 6.803760 2.103893 1.095934
2797 6.802495 2.103532 1.095920
2798 6.801230 2.103172 1.095908
2799 6.799966 2.102811 1.095895
2800 6.798702 2.102451 1.095883
2801 6.797438 2.102091 1.095870
2802 6.796175 2.101732 1.095859
2803 6.794913 2.101372 1.095847
2804 6.793651 2.101013 1.095836
2805 6.792390 2.100654 1.095825
2806 6.791129 2.100296 1.095814
2807 6.789868 2.099938 1.095803
2808 6.788608 2.099579 1.095793
2809 6.787349 2.099222 1.095783
2810 6.786089 2.098864 1.095773
2811 6.784831 2.098507 1.095764
2812 6.783573 2.098150 1.095754
2813 6.782315 2.097793 1.095745
2814 6.781058 2.097436 1.095736
2815 6.779801 2.097080 1.095728
2816 6.778545 2.096724 1.095720
2817 6.777289 2.096368 1.095712
2818 6.776034 2.096012 1.095704
2819 6.774779 2.095657 1.095696
2820 6.773525 2.095302 1.095689
2821 6.772271 2.094947 1.095682
2822 6.771018 2.094593 1.095675
2823 6.769765 2.094238 1.095669
2824 6.768512 2.093884 1.095663
2825 6.767260 2.093530 1.095657
2826 6.766009 2.093177 1.095651
2827 6.764758 2.092824 1.095645
2828 6.763507 2.092470 1.095640
2829 6.762257 2.092118 1.095635
2830 6.761007 2.091765 1.095630
2831 6.759758 2.091413 1.095625
2832 6.758510 2.091061 1.095621
2833 6.757261 2.090709 1.095617
2834 6.756013 2.090357 1.095613
2835 6.754766 2.090006 1.095610
2836 6.753519 2.089655 1.095606
2837 6.752273 2.089304 1.095603
2838 6.751027 2.088953 1.095600
2839 6.749781 2.088603 1.095598
2840 6.748536 2.088253 1.095595
2841 6.747292 2.087903 1.095593
2842 6.746048 2.087553 1.095591
2843 6.744804 2.087204 1.095589
2844 6.743561 2.086855 1.095588
2845 6.742318 2.086506 1.095587
2846 6.741076 2.086157 1.095586
2847 6.739834 2.085809 1.095585
2848 6.738593 2.085461 1.095585
2849 6.737352 2.085113 1.095584
2850 6.736112 2.084765 1.095584
2851 6.734872 2.084418 1.095584
2852 6.733632 2.084071 1.095585
2853 6.732393 2.083724 1.095585
2854 6.731154 2.083377 1.095586
2855 6.729916 2.083031 1.095587
2856 6.728678 2.082684 1.095589
2857 6.727441 2.082338 1.095590
2858 6.726204 2.081993 1.095592
2859 6.724968 2.081647 1.095594
2860 6.723732 2.081302 1.095596
2861 6.722497 2.080957 1.095599
2862 6.721262 2.080612 1.095601
2863 6.720027 2.080268 1.095604
2864 6.718793 2.079924 1.095607
2865 6.717559 2.079580 1.095611
2866 6.716326 2.079236 1.095614
2867 6.715093 2.078892 1.095618
2868 6.713861 2.078549 1.095622
2869 6.712629 2.078206 1.095626
2870 6.711398 2.077863 1.095631
2871 6.710167 2.077521 1.095635
2872 6.708936 2.077178 1.095640
2873 6.707706 2.076836 1.095645
2874 6.706476 2.076494 1.095651
2875 6.705247 2.076153 1.095656
2876 6.704018 2.075811 1.095662
2877 6.702790 2.075470 1.095668
2878 6.701562 2.075129 1.095674
2879 6.700335 2.074789 1.095681
2880 6.699108 2.074448 1.095687
2881 6.697881 2.074108 1.095694
2882 6.696655 2.073768 1.095701
2883 6.695429 2.073429 1.095708
2884 6.694204 2.073089 1.095716
2885 6.692979 2.072750 1.095723
2886 6.691755 2.072411 1.095731
2887 6.690531 2.072072 1.095739
2888 6.689308 2.071734 1.095748
2889 6.688084 2.071395 1.095756
2890 6.686862 2.071057 1.095765
2891 6.685640 2.070720 1.095774
2892 6.684418 2.070382 1.095783
2893 6.683197 2.070045 1.095792
2894 6.681976 2.069708 1.095802
2895 6.680755 2.069371 1.095812
2896 6.679535 2.069034 1.095822
2897 6.678316 2.068698 1.095832
2898 6.677097 2.068362 1.095842
2899 6.675878 2.068026 1.095853
2900 6.674660 2.067690 1.095864
2901 6.673442 2.067355 1.095875
2902 6.672224 2.067020 1.095886
2903 6.671007 2.066685 1.095897
2904 6.669791 2.066350 1.095909
2905 6.668575 2.066016 1.095921
2906 6.667359 2.065681 1.095933
2907 6.666144 2.065347 1.095945
2908 6.664929 2.065014 1.095957
2909 6.663714 2.064680 1.095970
2910 6.662500 2.064347 1.095983
2911 6.661287 2.064014 1.095996
2912 6.660074 2.063681 1.096009
2913 6.658861 2.063348 1.096022
2914 6.657649 2.063016 1.096036
2915 6.656437 2.062684 1.096050
2916 6.655225 2.062352 1.096064
2917 6.654014 2.062020 1.096078
2918 6.652804 2.061689 1.096092
2919 6.651593 2.061357 1.096107
2920 6.650384 2.061026 1.096121
2921 6.649174 2.060696 1.096136
2922 6.647965 2.060365 1.096151
2923 6.646757 2.060035 1.096167
2924 6.645549 2.059705 1.096182
2925 6.644341 2.059375 1.096198
2926 6.643134 2.059045 1.096214
2927 6.641927 2.058716 1.096230
2928 6.640721 2.058387 1.096246
2929 6.639515 2.058058 1.096263
2930 6.638309 2.057729 1.096279
2931 6.637104 2.057401 1.096296
2932 6.635899 2.057073 1.096313
2933 6.634695 2.056745 1.096331
2934 6.633491 2.056417 1.096348
2935 6.632288 2.056090 1.096366
2936 6.631085 2.055762 1.096383
2937 6.629882 2.055435 1.096401
2938 6.628680 2.055108 1.096419
2939 6.627478 2.054782 1.096438
2940 6.626277 2.054455 1.096456
2941 6.625076 2.054129 1.096475
2942 6.623875 2.053803 1.096494
2943 6.622675 2.053478 1.096513
2944 6.621475 2.053152 1.096532
2945 6.620276 2.052827 1.096552
2946 6.619077 2.052502 1.096571
2947 6.617879 2.052177 1.096591
2948 6.616680 2.051853 1.096611
2949 6.615483 2.051528 1.096631
2950 6.614285 2.051204 1.096651
2951 6.613089 2.050880 1.096672
2952 6.611892 2.050557 1.096693
2953 6.610696 2.050233 1.096713
2954 6.609500 2.049910 1.096734
2955 6.608305 2.049587 1.096756
2956 6.607110 2.049265 1.096777
2957 6.605916 2.048942 1.096799
2958 6.604722 2.048620 1.096820
2959 6.603528 2.048298 1.096842
2960 6.602335 2.047976 1.096864
2961 6.601142 2.047654 1.096887
2962 6.599950 2.047333 1.096909
2963 6.598758 2.047012 1.096932
2964 6.597566 2.046691 1.096954
2965 6.596375 2.046370 1.096977
2966 6.595185 2.046050 1.097001
2967 6.593994 2.045729 1.097024
2968 6.592804 2.045409 1.097047
2969 6.591615 2.045090 1.097071
2970 6.590426 2.044770 1.097095
2971 6.589237 2.044451 1.097119
2972 6.588048 2.044131 1.097143
2973 6.586860 2.043813 1.097167
2974 6.585673 2.043494 1.097192
2975 6.584486 2.043175 1.097216
2976 6.583299 2.042857 1.097241
2977 6.582113 2.042539 1.097266
2978 6.580927 2.042221 1.097291
2979 6.579741 2.041904 1.097317
2980 6.578556 2.041586 1.097342
2981 6.577371 2.041269 1.097368
2982 6.576187 2.040952 1.097393
2983 6.575003 2.040636 1.097419
2984 6.573819 2.040319 1.097446
2985 6.572636 2.040003 1.097472
2986 6.571453 2.039687 1.097498
2987 6.570271 2.039371 1.097525
2988 6.569089 2.039056 1.097552
2989 6.567907 2.038740 1.097579
2990 6.566726 2.038425 1.097606
2991 6.565545 2.038110 1.097633
2992 6.564365 2.037795 1.097660
2993 6.563185 2.037481 1.097688
2994 6.562005 2.037167 1.097716
2995 6.560826 2.036853 1.097744
2996 6.559647 2.036539 1.097772
2997 6.558469 2.036225 1.097800
2998 6.557291 2.035912 1.097828
2999 6.556113 2.035599 1.097857
3000 6.554936 2.035286 1.097886
3001 6.553759 2.034973 1.097914
3002 6.552583 2.034661 1.097943
3003 6.551406 2.034348 1.097973
3004 6.550231 2.034036 1.098002
3005 6.549055 2.033724 1.098031
3006 6.547881 2.033413 1.098061
3007 6.546706 2.033101 1.098091
3008 6.545532 2.032790 1.098121
3009 6.544358 2.032479 1.098151
3010 6.543185 2.032168 1.098181
3011 6.542012 2.031858 1.098211
3012 6.540839 2.031547 1.098242
3013 6.539667 2.031237 1.098273
3014 6.538495 2.030927 1.098303
3015 6.537324 2.030618 1.098334
3016 6.536153 2.030308 1.098366
3017 6.534982 2.029999 1.098397
3018 6.533812 2.029690 1.098428
3019 6.532642 2.029381 1.098460
3020 6.531472 2.029072 1.098492
3021 6.530303 2.028764 1.098523
3022 6.529134 2.028456 1.098556
3023 6.527966 2.028148 1.098588
3024 6.526798 2.027840 1.098620
3025 6.525630 2.027533 1.098652
3026 6.524463 2.027225 1.098685
3027 6.523296 2.026918 1.098718
3028 6.522130 2.026611 1.098751
3029 6.520964 2.026305 1.098784
3030 6.519798 2.025998 1.098817
3031 6.518633 2.025692 1.098850
3032 6.517468 2.025386 1.098884
3033 6.516303 2.025080 1.098917
3034 6.515139 2.024774 1.098951
3035 6.513975 2.024469 1.098985
3036 6.512812 2.024164 1.099019
3037 6.511649 2.023859 1.099053
3038 6.510486 2.023554 1.099088
3039 6.509324 2.023250 1.099122
3040 6.508162 2.022945 1.099157
3041 6.507000 2.022641 1.099192
3042 6.505839 2.022337 1.099227
3043 6.504678 2.022034 1.099262
3044 6.503518 2.021730 1.099297
3045 6.502358 2.021427 1.099332
3046 6.501198 2.021124 1.099367
3047 6.500039 2.020821 1.099403
3048 6.498880 2.020518 1.099439
3049 6.497721 2.020216 1.099475
3050 6.496563 2.019914 1.099511
3051 6.495405 2.019611 1.099547
3052 6.494248 2.019310 1.099583
3053 6.493091 2.019008 1.099620
3054 6.491934 2.018707 1.099656
3055 6.490778 2.018406 1.099693
3056 6.489622 2.018105 1.099730
3057 6.488467 2.017804 1.099767
3058 6.487311 2.017503 1.099804
3059 6.486157 2.017203 1.099841
3060 6.485002 2.016903 1.099878
3061 6.483848 2.016603 1.099916
3062 6.482694 2.016303 1.099953
3063 6.481541 2.016004 1.099991
3064 6.480388 2.015704 1.100029
3065 6.479235 2.015405 1.100067
3066 6.478083 2.015106 1.100105
3067 6.476931 2.014808 1.100143
3068 6.475780 2.014509 1.100182
3069 6.474629 2.014211 1.100220
3070 6.473478 2.013913 1.100259
3071 6.472328 2.013615 1.100298
3072 6.471178 2.013317 1.100337
3073 6.470028 2.013020 1.100376
3074 6.468879 2.012723 1.100415
3075 6.467730 2.012426 1.100454
3076 6.466581 2.012129 1.100494
3077 6.465433 2.011832 1.100533
3078 6.464285 2.011536 1.100573
3079 6.463138 2.011240 1.100613
3080 6.461991 2.010944 1.100653
3081 6.460844 2.010648 1.100693
3082 6.459698 2.010352 1.100733
3083 6.458552 2.010057 1.100773
3084 6.457406 2.009762 1.100814
3085 6.456261 2.009467 1.100854
3086 6.455116 2.009172 1.100895
3087 6.453971 2.008878 1.100936
3088 6.452827 2.008583 1.100977
3089 6.451683 2.008289 1.101018
3090 6.450540 2.007995 1.101059
3091 6.449397 2.007701 1.101100
3092 6.448254 2.007408 1.101142
3093 6.447111 2.007115 1.101183
3094 6.445969 2.006821 1.101225
3095 6.444828 2.006529 1.101267
3096 6.443686 2.006236 1.101309
3097 6.442546 2.005943 1.101351
3098 6.441405 2.005651 1.101393
3099 6.440265 2.005359 1.101435
3100 6.439125 2.005067 1.101477
3101 6.437985 2.004775 1.101520
3102 6.436846 2.004484 1.101563
3103 6.435707 2.004192 1.101605
3104 6.434569 2.003901 1.101648
3105 6.433431 2.003610 1.101691
3106 6.432293 2.003320 1.101734
3107 6.431156 2.003029 1.101777
3108 6.430019 2.002739 1.101821
3109 6.428882 2.002449 1.101864
3110 6.427746 2.002159 1.101908
3111 6.426610 2.001869 1.101952
3112 6.425474 2.001580 1.101995
3113 6.424339 2.001291 1.102039
3114 6.423204 2.001001 1.102083
3115 6.422070 2.000713 1.102127
3116 6.420936 2.000424 1.102172
3117 6.419802 2.000135 1.102216
3118 6.418668 1.999847 1.102260
3119 6.417535 1.999559 1.102305
3120 6.416402 1.999271 1.102350
3121 6.415270 1.998983 1.102395
3122 6.414138 1.998696 1.102440
3123 6.413006 1.998409 1.102485
3124 6.411875 1.998122 1.102530
3125 6.410744 1.997835 1.102575
3126 6.409613 1.997548 1.102620
3127 6.408483 1.997261 1.102666
3128 6.407353 1.996975 1.102711
3129 6.406224 1.996689 1.102757
3130 6.405094 1.996403 1.102803
3131 6.403965 1.996117 1.102849
3132 6.402837 1.995832 1.102895
3133 6.401709 1.995547 1.102941
3134 6.400581 1.995261 1.102987
3135 6.399453 1.994977 1.103034
3136 6.398326 1.994692 1.103080
3137 6.397199 1.994407 1.103127
3138 6.396073 1.994123 1.103173
3139 6.394947 1.993839 1.103220
3140 6.393821 1.993555 1.103267
3141 6.392696 1.993271 1.103314
3142 6.391571 1.992988 1.103361
3143 6.390446 1.992704 1.103408
3144 6.389322 1.992421 1.103456
3145 6.388198 1.992138 1.103503
3146 6.387074 1.991855 1.103551
3147 6.385951 1.991573 1.103598
3148 6.384828 1.991290 1.103646
3149 6.383705 1.991008 1.103694
3150 6.382583 1.990726 1.103742
3151 6.381461 1.990444 1.103790
3152 6.380339 1.990163 1.103838
3153 6.379218 1.989881 1.103886
3154 6.378097 1.989600 1.103935
3155 6.376976 1.989319 1.103983
3156 6.375856 1.989038 1.104032
3157 6.374736 1.988758 1.104080
3158 6.373617 1.988477 1.104129
3159 6.372498 1.988197 1.104178
3160 6.371379 1.987917 1.104227
3161 6.370260 1.987637 1.104276
3162 6.369142 1.987358 1.104325
3163 6.368024 1.987078 1.104374
3164 6.366907 1.986799 1.104424
3165 6.365790 1.986520 1.104473
3166 6.364673 1.986241 1.104523
3167 6.363556 1.985962 1.104572
3168 6.362440 1.985684 1.104622
3169 6.361324 1.985405 1.104672
3170 6.360209 1.985127 1.104722
3171 6.359094 1.984849 1.104772
3172 6.357979 1.984571 1.104822
3173 6.356865 1.984294 1.104872
3174 6.355751 1.984017 1.104923
3175 6.354637 1.983739 1.104973
3176 6.353523 1.983462 1.105024
3177 6.352410 1.983186 1.105074
3178 6.351298 1.982909 1.105125
3179 6.350185 1.982633 1.105176
3180 6.349073 1.982356 1.105227
3181 6.347962 1.982080 1.105278
3182 6.346850 1.981805 1.105329
3183 6.345739 1.981529 1.105380
3184 6.344628 1.981253 1.105431
3185 6.343518 1.980978 1.105483
3186 6.342408 1.980703 1.105534
3187 6.341298 1.980428 1.105586
3188 6.340189 1.980153 1.105637
3189 6.339080 1.979879 1.105689
3190 6.337971 1.979605 1.105741
3191 6.336863 1.979331 1.105793
3192 6.335755 1.979057 1.105845
3193 6.334647 1.978783 1.105897
3194 6.333540 1.978509 1.105949
3195 6.332433 1.978236 1.106002
3196 6.331326 1.977963 1.106054
3197 6.330220 1.977690 1.106107
3198 6.329114 1.977417 1.106159
3199 6.328008 1.977144 1.106212
3200 6.326903 1.976872 1.106265
3201 6.325798 1.976599 1.106317
3202 6.324693 1.976327 1.106370
3203 6.323588 1.976056 1.106423
3204 6.322484 1.975784 1.106476
3205 6.321381 1.975512 1.106530
3206 6.320277 1.975241 1.106583
3207 6.319174 1.974970 1.106636
3208 6.318072 1.974699 1.106690
3209 6.316969 1.974428 1.106743
3210 6.315867 1.974158 1.106797
3211 6.314766 1.973887 1.106851
3212 6.313664 1.973617 1.106904
3213 6.312563 1.973347 1.106958
3214 6.311462 1.973077 1.107012
3215 6.310362 1.972807 1.107066
3216 6.309262 1.972538 1.107121
3217 6.308162 1.972269 1.107175
3218 6.307063 1.972000 1.107229
3219 6.305964 1.971731 1.107284
3220 6.304865 1.971462 1.107338
3221 6.303766 1.971193 1.107393
3222 6.302668 1.970925 1.107447
3223 6.301571 1.970657 1.107502
3224 6.300473 1.970389 1.107557
3225 6.299376 1.970121 1.107612
3226 6.298279 1.969853 1.107667
3227 6.297183 1.969586 1.107722
3228 6.296087 1.969319 1.107777
3229 6.294991 1.969052 1.107832
3230 6.293895 1.968785 1.107887
3231 6.292800 1.968518 1.107943
3232 6.291705 1.968251 1.107998
3233 6.290611 1.967985 1.108054
3234 6.289517 1.967719 1.108110
3235 6.288423 1.967453 1.108165
3236 6.287329 1.967187 1.108221
3237 6.286236 1.966921 1.108277
3238 6.285143 1.966656 1.108333
3239 6.284051 1.966391 1.108389
3240 6.282958 1.966126 1.108445
3241 6.281866 1.965861 1.108501
3242 6.280775 1.965596 1.108558
3243 6.279683 1.965332 1.108614
3244 6.278593 1.965067 1.108670
3245 6.277502 1.964803 1.108727
3246 6.276412 1.964539 1.108784
3247 6.275322 1.964275 1.108840
3248 6.274232 1.964012 1.108897
3249 6.273143 1.963748 1.108954
3250 6.272054 1.963485 1.109011
3251 6.270965 1.963222 1.109068
3252 6.269877 1.962959 1.109125
3253 6.268788 1.962696 1.109182
3254 6.267701 1.962433 1.109239
3255 6.266613 1.962171 1.109296
3256 6.265526 1.961909 1.109354
3257 6.264439 1.961647 1.109411
3258 6.263353 1.961385 1.109469
3259 6.262267 1.961123 1.109526
3260 6.261181 1.960862 1.109584
3261 6.260096 1.960601 1.109642
3262 6.259010 1.960339 1.109700
3263 6.257926 1.960079 1.109757
3264 6.256841 1.959818 1.109815
3265 6.255757 1.959557 1.109873
3266 6.254673 1.959297 1.109931
3267 6.253589 1.959036 1.109990
3268 6.252506 1.958776 1.110048
3269 6.251423 1.958517 1.110106
3270 6.250340 1.958257 1.110165
3271 6.249258 1.957997 1.110223
3272 6.248176 1.957738 1.110282
3273 6.247094 1.957479 1.110340
3274 6.246013 1.957220 1.110399
3275 6.244932 1.956961 1.110458
3276 6.243851 1.956702 1.110517
3277 6.242771 1.956444 1.110575
3278 6.241691 1.956186 1.110634
3279 6.240611 1.955927 1.110693
3280 6.239531 1.955669 1.110753
3281 6.238452 1.955412 1.110812
3282 6.237373 1.955154 1.110871
3283 6.236295 1.954897 1.110930
3284 6.235217 1.954639 1.110990
3285 6.234139 1.954382 1.111049
3286 6.233061 1.954125 1.111109
3287 6.231984 1.953869 1.111168
3288 6.230907 1.953612 1.111228
3289 6.229830 1.953356 1.111288
3290 6.228754 1.953100 1.111347
3291 6.227678 1.952844 1.111407
3292 6.226602 1.952588 1.111467
3293 6.225527 1.952332 1.111527
3294 6.224452 1.952077 1.111587
3295 6.223377 1.951821 1.111648
3296 6.222303 1.951566 1.111708
3297 6.221228 1.951311 1.111768
3298 6.220155 1.951056 1.111828
3299 6.219081 1.950802 1.111889
3300 6.218008 1.950547 1.111949
3301 6.216935 1.950293 1.112010
3302 6.215862 1.950039 1.112070
3303 6.214790 1.949785 1.112131
3304 6.213718 1.949531 1.112192
3305 6.212646 1.949277 1.112253
3306 6.211575 1.949024 1.112313
3307 6.210504 1.948771 1.112374
3308 6.209433 1.948518 1.112435
3309 6.208363 1.948265 1.112496
3310 6.207293 1.948012 1.112557
3311 6.206223 1.947760 1.112619
3312 6.205154 1.947507 1.112680
3313 6.204084 1.947255 1.112741
3314 6.203016 1.947003 1.112803
3315 6.201947 1.946751 1.112864
3316 6.200879 1.946499 1.112926
3317 6.199811 1.946248 1.112987
3318 6.198743 1.945996 1.113049
3319 6.197676 1.945745 1.113110
3320 6.196609 1.945494 1.113172
3321 6.195542 1.945243 1.113234
3322 6.194476 1.944993 1.113296
3323 6.193410 1.944742 1.113358
3324 6.192344 1.944492 1.113420
3325 6.191278 1.944241 1.113482
3326 6.190213 1.943991 1.113544
3327 6.189148 1.943742 1.113606
3328 6.188084 1.943492 1.113668
3329 6.187019 1.943242 1.113731
3330 6.185955 1.942993 1.113793
3331 6.184892 1.942744 1.113855
3332 6.183828 1.942495 1.113918
3333 6.182765 1.942246 1.113980
3334 6.181703 1.941997 1.114043
3335 6.180640 1.941749 1.114106
3336 6.179578 1.941501 1.114168
3337 6.178516 1.941252 1.114231
3338 6.177455 1.941004 1.114294
3339 6.176393 1.940757 1.114357
3340 6.175333 1.940509 1.114420
3341 6.174272 1.940261 1.114483
3342 6.173212 1.940014 1.114546
3343 6.172152 1.939767 1.114609
3344 6.171092 1.939520 1.114672
3345 6.170033 1.939273 1.114735
3346 6.168973 1.939026 1.114799
3347 6.167915 1.938780 1.114862
3348 6.166856 1.938534 1.114925
3349 6.165798 1.938288 1.114989
3350 6.164740 1.938042 1.115052
3351 6.163683 1.937796 1.115116
3352 6.162625 1.937550 1.115179
3353 6.161568 1.937305 1.115243
3354 6.160512 1.937059 1.115307
3355 6.159455 1.936814 1.115371
3356 6.158399 1.936569 1.115435
3357 6.157343 1.936324 1.115498
3358 6.156288 1.936080 1.115562
3359 6.155233 1.935835 1.115626
3360 6.154178 1.935591 1.115690
3361 6.153123 1.935347 1.115755
3362 6.152069 1.935103 1.115819
3363 6.151015 1.934859 1.115883
3364 6.149961 1.934615 1.115947
3365 6.148908 1.934372 1.116012
3366 6.147855 1.934128 1.116076
3367 6.146802 1.933885 1.116140
3368 6.145750 1.933642 1.116205
3369 6.144697 1.933399 1.116269
3370 6.143646 1.933156 1.116334
3371 6.142594 1.932914 1.116399
3372 6.141543 1.932671 1.116463
3373 6.140492 1.932429 1.116528
3374 6.139441 1.932187 1.116593
3375 6.138391 1.931945 1.116658
3376 6.137341 1.931704 1.116723
3377 6.136291 1.931462 1.116788
3378 6.135241 1.931221 1.116853
3379 6.134192 1.930979 1.116918
3380 6.133143 1.930738 1.116983
3381 6.132095 1.930497 1.117048
3382 6.131046 1.930257 1.117113
3383 6.129998 1.930016 1.117178
3384 6.128951 1.929776 1.117244
3385 6.127903 1.929535 1.117309
3386 6.126856 1.929295 1.117374
3387 6.125809 1.929055 1.117440
3388 6.124763 1.928816 1.117505
3389 6.123716 1.928576 1.117571
3390 6.122670 1.928337 1.117637
3391 6.121625 1.928097 1.117702
3392 6.120579 1.927858 1.117768
3393 6.119534 1.927619 1.117834
3394 6.118490 1.927380 1.117899
3395 6.117445 1.927142 1.117965
3396 6.116401 1.926903 1.118031
3397 6.115357 1.926665 1.118097
3398 6.114314 1.926427 1.118163
3399 6.113270 1.926189 1.118229
3400 6.112227 1.925951 1.118295
3401 6.111185 1.925713 1.118361
3402 6.110142 1.925476 1.118428
3403 6.109100 1.925238 1.118494
3404 6.108058 1.925001 1.118560
3405 6.107017 1.924764 1.118626
3406 6.105975 1.924527 1.118693
3407 6.104934 1.924290 1.118759
3408 6.103894 1.924054 1.118826
3409 6.102853 1.923817 1.118892
3410 6.101813 1.923581 1.118959
3411 6.100774 1.923345 1.119025
3412 6.099734 1.923109 1.119092
3413 6.098695 1.922873 1.119159
3414 6.097656 1.922638 1.119225
3415 6.096617 1.922402 1.119292
3416 6.095579 1.922167 1.119359
3417 6.094541 1.921932 1.119426
3418 6.093503 1.921697 1.119493
3419 6.092466 1.921462 1.119560
3420 6.091429 1.921227 1.119627
3421 6.090392 1.920993 1.119694
3422 6.089355 1.920758 1.119761
3423 6.088319 1.920524 1.119828
3424 6.087283 1.920290 1.119895
3425 6.086247 1.920056 1.119962
3426 6.085212 1.919822 1.120030
3427 6.084177 1.919589 1.120097
3428 6.083142 1.919355 1.120164
3429 6.082107 1.919122 1.120232
3430 6.081073 1.918889 1.120299
3431 6.080039 1.918656 1.120366
3432 6.079005 1.918423 1.120434
3433 6.077972 1.918190 1.120502
3434 6.076939 1.917958 1.120569
3435 6.075906 1.917726 1.120637
3436 6.074873 1.917493 1.120704
3437 6.073841 1.917261 1.120772
3438 6.072809 1.917030 1.120840
3439 6.071778 1.916798 1.120908
3440 6.070746 1.916566 1.120976
3441 6.069715 1.916335 1.121043
3442 6.068684 1.916104 1.121111
3443 6.067654 1.915872 1.121179
3444 6.066623 1.915642 1.121247
3445 6.065594 1.915411 1.121315
3446 6.064564 1.915180 1.121383
3447 6.063535 1.914950 1.121452
3448 6.062505 1.914719 1.121520
3449 6.061477 1.914489 1.121588
3450 6.060448 1.914259 1.121656
3451 6.059420 1.914029 1.121724
3452 6.058392 1.913799 1.121793
3453 6.057364 1.913570 1.121861
3454 6.056337 1.913340 1.121930
3455 6.055310 1.913111 1.121998
3456 6.054283 1.912882 1.122066
3457 6.053256 1.912653 1.122135
3458 6.052230 1.912424 1.122204
3459 6.051204 1.912196 1.122272
3460 6.050179 1.911967 1.122341
3461 6.049153 1.911739 1.122409
3462 6.048128 1.911511 1.122478
3463 6.047103 1.911283 1.122547
3464 6.046079 1.911055 1.122616
3465 6.045054 1.910827 1.122684
3466 6.044031 1.910599 1.122753
3467 6.043007 1.910372 1.122822
3468 6.041983 1.910145 1.122891
3469 6.040960 1.909917 1.122960
3470 6.039938 1.909690 1.123029
3471 6.038915 1.909464 1.123098
3472 6.037893 1.909237 1.123167
3473 6.036871 1.909010 1.123236
3474 6.035849 1.908784 1.123305
3475 6.034828 1.908558 1.123375
3476 6.033806 1.908332 1.123444
3477 6.032786 1.908106 1.123513
3478 6.031765 1.907880 1.123582
3479 6.030745 1.907654 1.123652
3480 6.029725 1.907429 1.123721
3481 6.028705 1.907204 1.123791
3482 6.027686 1.906978 1.123860
3483 6.026666 1.906753 1.123929
3484 6.025647 1.906528 1.123999
3485 6.024629 1.906304 1.124068
3486 6.023611 1.906079 1.124138
