   3.2000000e+01   2.4569980e+02   5.0130180e+00  -1.6267782e-02   0.0000000e+00  -2.5336018e-07
   3.3000000e+01   2.3933150e+02   4.9927850e+00  -1.6655048e-02   0.0000000e+00  -2.5802687e-07
   3.4000000e+01   2.3328700e+02   4.9736800e+00  -1.7039039e-02   0.0000000e+00  -2.6258200e-07
   3.5000000e+01   2.2754200e+02   4.9556160e+00  -1.7420060e-02   0.0000000e+00  -2.6703182e-07
   3.6000000e+01   2.2207440e+02   4.9385120e+00  -1.7798419e-02   0.0000000e+00  -2.7138262e-07
   3.7000000e+01   2.1686440e+02   4.9222980e+00  -1.8174361e-02   0.0000000e+00  -2.7563954e-07
   3.8000000e+01   2.1189420e+02   4.9069060e+00  -1.8548147e-02   0.0000000e+00  -2.7980772e-07
   3.9000000e+01   2.0714720e+02   4.8922790e+00  -1.8919968e-02   0.0000000e+00  -2.8389144e-07
   4.0000000e+01   2.0260890e+02   4.8783620e+00  -1.9290037e-02   0.0000000e+00  -2.8789508e-07
   4.1000000e+01   1.9826550e+02   4.8651050e+00  -1.9658526e-02   0.0000000e+00  -2.9182235e-07
   4.2000000e+01   1.9410480e+02   4.8524630e+00  -2.0025609e-02   0.0000000e+00  -2.9567677e-07
   4.3000000e+01   1.9011550e+02   4.8403950e+00  -2.0391411e-02   0.0000000e+00  -2.9946154e-07
   4.4000000e+01   1.8628700e+02   4.8288630e+00  -2.0756090e-02   0.0000000e+00  -3.0317943e-07
   4.5000000e+01   1.8260990e+02   4.8178320e+00  -2.1119767e-02   0.0000000e+00  -3.0683360e-07
   4.6000000e+01   1.7907540e+02   4.8072710e+00  -2.1482536e-02   0.0000000e+00  -3.1042625e-07
   4.7000000e+01   1.7567520e+02   4.7971500e+00  -2.1844506e-02   0.0000000e+00  -3.1395947e-07
   4.8000000e+01   1.7240200e+02   4.7874420e+00  -2.2205785e-02   0.0000000e+00  -3.1743594e-07
   4.9000000e+01   1.6924860e+02   4.7781220e+00  -2.2566442e-02   0.0000000e+00  -3.2085722e-07
   5.0000000e+01   1.6620860e+02   4.7691660e+00  -2.2926561e-02   0.0000000e+00  -3.2422551e-07
   5.1000000e+01   1.6327610e+02   4.7605550e+00  -2.3286210e-02   0.0000000e+00  -3.2754218e-07
   5.2000000e+01   1.6044540e+02   4.7522680e+00  -2.3645470e-02   0.0000000e+00  -3.3080931e-07
   5.3000000e+01   1.5771130e+02   4.7442860e+00  -2.4004378e-02   0.0000000e+00  -3.3402788e-07
   5.4000000e+01   1.5506900e+02   4.7365930e+00  -2.4363006e-02   0.0000000e+00  -3.3719957e-07
   5.5000000e+01   1.5251390e+02   4.7291730e+00  -2.4721396e-02   0.0000000e+00  -3.4032552e-07
   5.6000000e+01   1.5004170e+02   4.7220110e+00  -2.5079597e-02   0.0000000e+00  -3.4340702e-07
   5.7000000e+01   1.4764860e+02   4.7150940e+00  -2.5437673e-02   0.0000000e+00  -3.4644551e-07
   5.8000000e+01   1.4533070e+02   4.7084090e+00  -2.5795634e-02   0.0000000e+00  -3.4944159e-07
   5.9000000e+01   1.4308470e+02   4.7019440e+00  -2.6153535e-02   0.0000000e+00  -3.5239654e-07
   6.0000000e+01   1.4090710e+02   4.6956880e+00  -2.6511416e-02   0.0000000e+00  -3.5531152e-07
   6.1000000e+01   1.3879500e+02   4.6896300e+00  -2.6869302e-02   0.0000000e+00  -3.5818713e-07
   6.2000000e+01   1.3674540e+02   4.6837620e+00  -2.7227214e-02   0.0000000e+00  -3.6102408e-07
   6.3000000e+01   1.3475560e+02   4.6780720e+00  -2.7585197e-02   0.0000000e+00  -3.6382383e-07
   6.4000000e+01   1.3282300e+02   4.6725550e+00  -2.7943279e-02   0.0000000e+00  -3.6658638e-07
   6.5000000e+01   1.3094530e+02   4.6672000e+00  -2.8301489e-02   0.0000000e+00  -3.6931305e-07
   6.6000000e+01   1.2912000e+02   4.6620010e+00  -2.8659806e-02   0.0000000e+00  -3.7200414e-07
   6.7000000e+01   1.2734510e+02   4.6569500e+00  -2.9018326e-02   0.0000000e+00  -3.7466074e-07
   6.8000000e+01   1.2561840e+02   4.6520420e+00  -2.9377024e-02   0.0000000e+00  -3.7728320e-07
   6.9000000e+01   1.2393810e+02   4.6472690e+00  -2.9735919e-02   0.0000000e+00  -3.7987195e-07
   7.0000000e+01   1.2230230e+02   4.6426250e+00  -3.0095053e-02   0.0000000e+00  -3.8242817e-07
   7.1000000e+01   1.2070930e+02   4.6381060e+00  -3.0454418e-02   0.0000000e+00  -3.8495165e-07
   7.2000000e+01   1.1915740e+02   4.6337060e+00  -3.0814049e-02   0.0000000e+00  -3.8744358e-07
   7.3000000e+01   1.1764500e+02   4.6294190e+00  -3.1173974e-02   0.0000000e+00  -3.8990372e-07
   7.4000000e+01   1.1617070e+02   4.6252420e+00  -3.1534170e-02   0.0000000e+00  -3.9233315e-07
   7.5000000e+01   1.1473310e+02   4.6211690e+00  -3.1894699e-02   0.0000000e+00  -3.9473239e-07
   7.6000000e+01   1.1333070e+02   4.6171960e+00  -3.2255541e-02   0.0000000e+00  -3.9710170e-07
   7.7000000e+01   1.1196240e+02   4.6133200e+00  -3.2616708e-02   0.0000000e+00  -3.9944106e-07
   7.8000000e+01   1.1062690e+02   4.6095360e+00  -3.2978272e-02   0.0000000e+00  -4.0175184e-07
   7.9000000e+01   1.0932290e+02   4.6058420e+00  -3.3340158e-02   0.0000000e+00  -4.0403361e-07
   8.0000000e+01   1.0804960e+02   4.6022330e+00  -3.3702438e-02   0.0000000e+00  -4.0628671e-07
   8.1000000e+01   1.0680560e+02   4.5987060e+00  -3.4065111e-02   0.0000000e+00  -4.0851212e-07
   8.2000000e+01   1.0559020e+02   4.5952580e+00  -3.4428169e-02   0.0000000e+00  -4.1070957e-07
   8.3000000e+01   1.0440220e+02   4.5918870e+00  -3.4791625e-02   0.0000000e+00  -4.1287951e-07
   8.4000000e+01   1.0324090e+02   4.5885890e+00  -3.5155537e-02   0.0000000e+00  -4.1502310e-07
   8.5000000e+01   1.0210520e+02   4.5853610e+00  -3.5519893e-02   0.0000000e+00  -4.1713988e-07
   8.6000000e+01   1.0099440e+02   4.5822020e+00  -3.5884622e-02   0.0000000e+00  -4.1922955e-07
   8.7000000e+01   9.9907580e+01   4.5791090e+00  -3.6249878e-02   0.0000000e+00  -4.2129359e-07
   8.8000000e+01   9.8844090e+01   4.5760790e+00  -3.6615543e-02   0.0000000e+00  -4.2333148e-07
   8.9000000e+01   9.7803140e+01   4.5731100e+00  -3.6981713e-02   0.0000000e+00  -4.2534436e-07
   9.0000000e+01   9.6784020e+01   4.5702000e+00  -3.7348380e-02   0.0000000e+00  -4.2733158e-07
   9.1000000e+01   9.5786060e+01   4.5673480e+00  -3.7715505e-02   0.0000000e+00  -4.2929387e-07
   9.2000000e+01   9.4808610e+01   4.5645500e+00  -3.8083126e-02   0.0000000e+00  -4.3123069e-07
   9.3000000e+01   9.3851040e+01   4.5618050e+00  -3.8451273e-02   0.0000000e+00  -4.3314326e-07
   9.4000000e+01   9.2912760e+01   4.5591120e+00  -3.8819930e-02   0.0000000e+00  -4.3503146e-07
   9.5000000e+01   9.1993190e+01   4.5564690e+00  -3.9189129e-02   0.0000000e+00  -4.3689612e-07
   9.6000000e+01   9.1091770e+01   4.5538740e+00  -3.9558846e-02   0.0000000e+00  -4.3873609e-07
   9.7000000e+01   9.0207980e+01   4.5513260e+00  -3.9929077e-02   0.0000000e+00  -4.4055190e-07
   9.8000000e+01   8.9341300e+01   4.5488220e+00  -4.0299874e-02   0.0000000e+00  -4.4234498e-07
   9.9000000e+01   8.8491260e+01   4.5463620e+00  -4.0671240e-02   0.0000000e+00  -4.4411426e-07
   1.0000000e+02   8.7657360e+01   4.5439450e+00  -4.1043159e-02   0.0000000e+00  -4.4586059e-07
   1.0100000e+02   8.6839160e+01   4.5415680e+00  -4.1415618e-02   0.0000000e+00  -4.4758376e-07
   1.0200000e+02   8.6036230e+01   4.5392310e+00  -4.1788690e-02   0.0000000e+00  -4.4928355e-07
   1.0300000e+02   8.5248130e+01   4.5369320e+00  -4.2162311e-02   0.0000000e+00  -4.5096125e-07
   1.0400000e+02   8.4474470e+01   4.5346700e+00  -4.2536541e-02   0.0000000e+00  -4.5261580e-07
   1.0500000e+02   8.3714850e+01   4.5324450e+00  -4.2911393e-02   0.0000000e+00  -4.5424882e-07
   1.0600000e+02   8.2968890e+01   4.5302540e+00  -4.3286815e-02   0.0000000e+00  -4.5585903e-07
   1.0700000e+02   8.2236240e+01   4.5280980e+00  -4.3662833e-02   0.0000000e+00  -4.5744717e-07
   1.0800000e+02   8.1516530e+01   4.5259740e+00  -4.4039500e-02   0.0000000e+00  -4.5901363e-07
   1.0900000e+02   8.0809440e+01   4.5238820e+00  -4.4416773e-02   0.0000000e+00  -4.6055784e-07
   1.1000000e+02   8.0114620e+01   4.5218210e+00  -4.4794660e-02   0.0000000e+00  -4.6208072e-07
   1.1100000e+02   7.9431780e+01   4.5197910e+00  -4.5173200e-02   0.0000000e+00  -4.6358155e-07
   1.1200000e+02   7.8760600e+01   4.5177890e+00  -4.5552377e-02   0.0000000e+00  -4.6506120e-07
   1.1300000e+02   7.8100780e+01   4.5158160e+00  -4.5932193e-02   0.0000000e+00  -4.6651980e-07
   1.1400000e+02   7.7452050e+01   4.5138700e+00  -4.6312660e-02   0.0000000e+00  -4.6795680e-07
   1.1500000e+02   7.6814130e+01   4.5119510e+00  -4.6693786e-02   0.0000000e+00  -4.6937283e-07
   1.1600000e+02   7.6186740e+01   4.5100580e+00  -4.7075564e-02   0.0000000e+00  -4.7076779e-07
   1.1700000e+02   7.5569640e+01   4.5081900e+00  -4.7458017e-02   0.0000000e+00  -4.7214174e-07
   1.1800000e+02   7.4962570e+01   4.5063470e+00  -4.7841132e-02   0.0000000e+00  -4.7349500e-07
   1.1900000e+02   7.4365300e+01   4.5045280e+00  -4.8224921e-02   0.0000000e+00  -4.7482753e-07
   1.2000000e+02   7.3777580e+01   4.5027310e+00  -4.8609406e-02   0.0000000e+00  -4.7613948e-07
   1.2100000e+02   7.3199190e+01   4.5009580e+00  -4.8994557e-02   0.0000000e+00  -4.7743069e-07
   1.2200000e+02   7.2629920e+01   4.4992060e+00  -4.9380405e-02   0.0000000e+00  -4.7870148e-07
   1.2300000e+02   7.2069540e+01   4.4974750e+00  -4.9766950e-02   0.0000000e+00  -4.7995207e-07
   1.2400000e+02   7.1517860e+01   4.4957650e+00  -5.0154187e-02   0.0000000e+00  -4.8118224e-07
   1.2500000e+02   7.0974670e+01   4.4940750e+00  -5.0542138e-02   0.0000000e+00  -4.8239218e-07
   1.2600000e+02   7.0439790e+01   4.4924050e+00  -5.0930777e-02   0.0000000e+00  -4.8358202e-07
   1.2700000e+02   6.9913020e+01   4.4907540e+00  -5.1320133e-02   0.0000000e+00  -4.8475171e-07
   1.2800000e+02   6.9394180e+01   4.4891210e+00  -5.1710204e-02   0.0000000e+00  -4.8590144e-07
   1.2900000e+02   6.8883090e+01   4.4875060e+00  -5.2100991e-02   0.0000000e+00  -4.8703117e-07
   1.3000000e+02   6.8379590e+01   4.4859090e+00  -5.2492486e-02   0.0000000e+00  -4.8814113e-07
   1.3100000e+02   6.7883500e+01   4.4843290e+00  -5.2884713e-02   0.0000000e+00  -4.8923104e-07
   1.3200000e+02   6.7394670e+01   4.4827650e+00  -5.3277670e-02   0.0000000e+00  -4.9030140e-07
   1.3300000e+02   6.6912940e+01   4.4812180e+00  -5.3671337e-02   0.0000000e+00  -4.9135192e-07
   1.3400000e+02   6.6438160e+01   4.4796860e+00  -5.4065749e-02   0.0000000e+00  -4.9238265e-07
   1.3500000e+02   6.5970170e+01   4.4781700e+00  -5.4460880e-02   0.0000000e+00  -4.9339395e-07
   1.3600000e+02   6.5508840e+01   4.4766680e+00  -5.4856755e-02   0.0000000e+00  -4.9438571e-07
   1.3700000e+02   6.5054020e+01   4.4751810e+00  -5.5253356e-02   0.0000000e+00  -4.9535778e-07
   1.3800000e+02   6.4605580e+01   4.4737080e+00  -5.5650698e-02   0.0000000e+00  -4.9631040e-07
   1.3900000e+02   6.4163390e+01   4.4722490e+00  -5.6048774e-02   0.0000000e+00  -4.9724364e-07
   1.4000000e+02   6.3727320e+01   4.4708030e+00  -5.6447588e-02   0.0000000e+00  -4.9815756e-07
   1.4100000e+02   6.3297240e+01   4.4693700e+00  -5.6847148e-02   0.0000000e+00  -4.9905176e-07
   1.4200000e+02   6.2873030e+01   4.4679490e+00  -5.7247452e-02   0.0000000e+00  -4.9992712e-07
   1.4300000e+02   6.2454570e+01   4.4665410e+00  -5.7648491e-02   0.0000000e+00  -5.0078282e-07
   1.4400000e+02   6.2041760e+01   4.4651450e+00  -5.8050262e-02   0.0000000e+00  -5.0161943e-07
   1.4500000e+02   6.1634460e+01   4.4637600e+00  -5.8452781e-02   0.0000000e+00  -5.0243690e-07
   1.4600000e+02   6.1232590e+01   4.4623870e+00  -5.8856033e-02   0.0000000e+00  -5.0323481e-07
   1.4700000e+02   6.0836020e+01   4.4610250e+00  -5.9260018e-02   0.0000000e+00  -5.0401351e-07
   1.4800000e+02   6.0444670e+01   4.4596730e+00  -5.9664762e-02   0.0000000e+00  -5.0477346e-07
   1.4900000e+02   6.0058420e+01   4.4583320e+00  -6.0070218e-02   0.0000000e+00  -5.0551380e-07
   1.5000000e+02   5.9677170e+01   4.4570010e+00  -6.0476422e-02   0.0000000e+00  -5.0623555e-07
   1.5100000e+02   5.9300840e+01   4.4556800e+00  -6.0883354e-02   0.0000000e+00  -5.0693785e-07
   1.5200000e+02   5.8929330e+01   4.4543680e+00  -6.1291017e-02   0.0000000e+00  -5.0762099e-07
   1.5300000e+02   5.8562550e+01   4.4530660e+00  -6.1699400e-02   0.0000000e+00  -5.0828525e-07
   1.5400000e+02   5.8200400e+01   4.4517730e+00  -6.2108509e-02   0.0000000e+00  -5.0893040e-07
   1.5500000e+02   5.7842810e+01   4.4504890e+00  -6.2518338e-02   0.0000000e+00  -5.0955661e-07
   1.5600000e+02   5.7489690e+01   4.4492130e+00  -6.2928888e-02   0.0000000e+00  -5.1016357e-07
   1.5700000e+02   5.7140950e+01   4.4479450e+00  -6.3340150e-02   0.0000000e+00  -5.1075162e-07
   1.5800000e+02   5.6796520e+01   4.4466860e+00  -6.3752112e-02   0.0000000e+00  -5.1132054e-07
   1.5900000e+02   5.6456320e+01   4.4454350e+00  -6.4164765e-02   0.0000000e+00  -5.1187059e-07
   1.6000000e+02   5.6120270e+01   4.4441910e+00  -6.4578133e-02   0.0000000e+00  -5.1240148e-07
   1.6100000e+02   5.5788300e+01   4.4429540e+00  -6.4992207e-02   0.0000000e+00  -5.1291384e-07
   1.6200000e+02   5.5460330e+01   4.4417250e+00  -6.5406939e-02   0.0000000e+00  -5.1340678e-07
   1.6300000e+02   5.5136290e+01   4.4405030e+00  -6.5822364e-02   0.0000000e+00  -5.1388090e-07
   1.6400000e+02   5.4816120e+01   4.4392870e+00  -6.6238474e-02   0.0000000e+00  -5.1433612e-07
   1.6500000e+02   5.4499750e+01   4.4380780e+00  -6.6655247e-02   0.0000000e+00  -5.1477215e-07
   1.6600000e+02   5.4187100e+01   4.4368760e+00  -6.7072663e-02   0.0000000e+00  -5.1518927e-07
   1.6700000e+02   5.3878130e+01   4.4356800e+00  -6.7490731e-02   0.0000000e+00  -5.1558747e-07
   1.6800000e+02   5.3572750e+01   4.4344890e+00  -6.7909467e-02   0.0000000e+00  -5.1596688e-07
   1.6900000e+02   5.3270910e+01   4.4333050e+00  -6.8328818e-02   0.0000000e+00  -5.1632705e-07
   1.7000000e+02   5.2972560e+01   4.4321260e+00  -6.8748800e-02   0.0000000e+00  -5.1666835e-07
   1.7100000e+02   5.2677630e+01   4.4309530e+00  -6.9169391e-02   0.0000000e+00  -5.1699064e-07
   1.7200000e+02   5.2386060e+01   4.4297850e+00  -6.9590594e-02   0.0000000e+00  -5.1729404e-07
   1.7300000e+02   5.2097800e+01   4.4286220e+00  -7.0012399e-02   0.0000000e+00  -5.1757860e-07
   1.7400000e+02   5.1812790e+01   4.4274640e+00  -7.0434781e-02   0.0000000e+00  -5.1784418e-07
   1.7500000e+02   5.1530980e+01   4.4263110e+00  -7.0857734e-02   0.0000000e+00  -5.1809066e-07
   1.7600000e+02   5.1252320e+01   4.4251630e+00  -7.1281259e-02   0.0000000e+00  -5.1831814e-07
   1.7700000e+02   5.0976750e+01   4.4240190e+00  -7.1705340e-02   0.0000000e+00  -5.1852669e-07
   1.7800000e+02   5.0704230e+01   4.4228790e+00  -7.2129954e-02   0.0000000e+00  -5.1871623e-07
   1.7900000e+02   5.0434700e+01   4.4217440e+00  -7.2555088e-02   0.0000000e+00  -5.1888667e-07
   1.8000000e+02   5.0168120e+01   4.4206130e+00  -7.2980718e-02   0.0000000e+00  -5.1903851e-07
   1.8100000e+02   4.9904440e+01   4.4194850e+00  -7.3406872e-02   0.0000000e+00  -5.1917108e-07
   1.8200000e+02   4.9643610e+01   4.4183620e+00  -7.3833504e-02   0.0000000e+00  -5.1928477e-07
   1.8300000e+02   4.9385590e+01   4.4172420e+00  -7.4260620e-02   0.0000000e+00  -5.1937949e-07
   1.8400000e+02   4.9130340e+01   4.4161250e+00  -7.4688192e-02   0.0000000e+00  -5.1945541e-07
   1.8500000e+02   4.8877810e+01   4.4150120e+00  -7.5116185e-02   0.0000000e+00  -5.1951220e-07
   1.8600000e+02   4.8627950e+01   4.4139020e+00  -7.5544603e-02   0.0000000e+00  -5.1955004e-07
   1.8700000e+02   4.8380730e+01   4.4127950e+00  -7.5973437e-02   0.0000000e+00  -5.1956859e-07
   1.8800000e+02   4.8136110e+01   4.4116910e+00  -7.6402655e-02   0.0000000e+00  -5.1956861e-07
   1.8900000e+02   4.7894050e+01   4.4105900e+00  -7.6832264e-02   0.0000000e+00  -5.1954955e-07
   1.9000000e+02   4.7654510e+01   4.4094920e+00  -7.7262206e-02   0.0000000e+00  -5.1951141e-07
   1.9100000e+02   4.7417440e+01   4.4083960e+00  -7.7692515e-02   0.0000000e+00  -5.1945453e-07
   1.9200000e+02   4.7182820e+01   4.4073030e+00  -7.8123123e-02   0.0000000e+00  -5.1937877e-07
   1.9300000e+02   4.6950600e+01   4.4062120e+00  -7.8554044e-02   0.0000000e+00  -5.1928381e-07
   1.9400000e+02   4.6720750e+01   4.4051230e+00  -7.8985246e-02   0.0000000e+00  -5.1917013e-07
   1.9500000e+02   4.6493230e+01   4.4040370e+00  -7.9416700e-02   0.0000000e+00  -5.1903728e-07
   1.9600000e+02   4.6268020e+01   4.4029530e+00  -7.9848407e-02   0.0000000e+00  -5.1888583e-07
   1.9700000e+02   4.6045070e+01   4.4018700e+00  -8.0280335e-02   0.0000000e+00  -5.1871544e-07
   1.9800000e+02   4.5824350e+01   4.4007900e+00  -8.0712458e-02   0.0000000e+00  -5.1852623e-07
   1.9900000e+02   4.5605840e+01   4.3997110e+00  -8.1144768e-02   0.0000000e+00  -5.1831798e-07
   2.0000000e+02   4.5389490e+01   4.3986340e+00  -8.1577240e-02   0.0000000e+00  -5.1809109e-07
   2.0100000e+02   4.5175280e+01   4.3975580e+00  -8.2009837e-02   0.0000000e+00  -5.1784505e-07
   2.0200000e+02   4.4963170e+01   4.3964840e+00  -8.2442562e-02   0.0000000e+00  -5.1758059e-07
   2.0300000e+02   4.4753140e+01   4.3954110e+00  -8.2875372e-02   0.0000000e+00  -5.1729699e-07
   2.0400000e+02   4.4545160e+01   4.3943400e+00  -8.3308246e-02   0.0000000e+00  -5.1699515e-07
   2.0500000e+02   4.4339190e+01   4.3932700e+00  -8.3741158e-02   0.0000000e+00  -5.1667411e-07
   2.0600000e+02   4.4135220e+01   4.3922000e+00  -8.4174117e-02   0.0000000e+00  -5.1633473e-07
   2.0700000e+02   4.3933200e+01   4.3911320e+00  -8.4607032e-02   0.0000000e+00  -5.1597624e-07
   2.0800000e+02   4.3733120e+01   4.3900650e+00  -8.5039922e-02   0.0000000e+00  -5.1559938e-07
   2.0900000e+02   4.3534950e+01   4.3889980e+00  -8.5472812e-02   0.0000000e+00  -5.1520425e-07
   2.1000000e+02   4.3338650e+01   4.3879330e+00  -8.5905562e-02   0.0000000e+00  -5.1478990e-07
   2.1100000e+02   4.3144210e+01   4.3868680e+00  -8.6338227e-02   0.0000000e+00  -5.1435766e-07
   2.1200000e+02   4.2951600e+01   4.3858030e+00  -8.6770781e-02   0.0000000e+00  -5.1390661e-07
   2.1300000e+02   4.2760800e+01   4.3847390e+00  -8.7203166e-02   0.0000000e+00  -5.1343737e-07
   2.1400000e+02   4.2571770e+01   4.3836760e+00  -8.7635358e-02   0.0000000e+00  -5.1294940e-07
   2.1500000e+02   4.2384500e+01   4.3826130e+00  -8.8067338e-02   0.0000000e+00  -5.1244322e-07
   2.1600000e+02   4.2198960e+01   4.3815500e+00  -8.8499097e-02   0.0000000e+00  -5.1191899e-07
   2.1700000e+02   4.2015130e+01   4.3804880e+00  -8.8930575e-02   0.0000000e+00  -5.1137624e-07
   2.1800000e+02   4.1832990e+01   4.3794250e+00  -8.9361765e-02   0.0000000e+00  -5.1081580e-07
   2.1900000e+02   4.1652510e+01   4.3783630e+00  -8.9792637e-02   0.0000000e+00  -5.1023649e-07
   2.2000000e+02   4.1473670e+01   4.3773010e+00  -9.0223177e-02   0.0000000e+00  -5.0964013e-07
   2.2100000e+02   4.1296450e+01   4.3762380e+00  -9.0653334e-02   0.0000000e+00  -5.0902507e-07
   2.2200000e+02   4.1120840e+01   4.3751760e+00  -9.1083061e-02   0.0000000e+00  -5.0839229e-07
   2.2300000e+02   4.0946790e+01   4.3741130e+00  -9.1512383e-02   0.0000000e+00  -5.0774161e-07
   2.2400000e+02   4.0774310e+01   4.3730510e+00  -9.1941232e-02   0.0000000e+00  -5.0707329e-07
   2.2500000e+02   4.0603360e+01   4.3719870e+00  -9.2369592e-02   0.0000000e+00  -5.0638716e-07
   2.2600000e+02   4.0433940e+01   4.3709240e+00  -9.2797436e-02   0.0000000e+00  -5.0568387e-07
   2.2700000e+02   4.0266000e+01   4.3698600e+00  -9.3224715e-02   0.0000000e+00  -5.0496255e-07
   2.2800000e+02   4.0099550e+01   4.3687960e+00  -9.3651414e-02   0.0000000e+00  -5.0422378e-07
   2.2900000e+02   3.9934560e+01   4.3677310e+00  -9.4077515e-02   0.0000000e+00  -5.0346794e-07
   2.3000000e+02   3.9771010e+01   4.3666660e+00  -9.4502975e-02   0.0000000e+00  -5.0269502e-07
   2.3100000e+02   3.9608880e+01   4.3656000e+00  -9.4927762e-02   0.0000000e+00  -5.0190473e-07
   2.3200000e+02   3.9448160e+01   4.3645330e+00  -9.5351865e-02   0.0000000e+00  -5.0109742e-07
   2.3300000e+02   3.9288830e+01   4.3634650e+00  -9.5775252e-02   0.0000000e+00  -5.0027331e-07
   2.3400000e+02   3.9130860e+01   4.3623970e+00  -9.6197852e-02   0.0000000e+00  -4.9943229e-07
   2.3500000e+02   3.8974250e+01   4.3613280e+00  -9.6619664e-02   0.0000000e+00  -4.9857446e-07
   2.3600000e+02   3.8818980e+01   4.3602580e+00  -9.7040668e-02   0.0000000e+00  -4.9769999e-07
   2.3700000e+02   3.8665030e+01   4.3591870e+00  -9.7460821e-02   0.0000000e+00  -4.9680897e-07
   2.3800000e+02   3.8512380e+01   4.3581160e+00  -9.7880077e-02   0.0000000e+00  -4.9590142e-07
   2.3900000e+02   3.8361020e+01   4.3570430e+00  -9.8298450e-02   0.0000000e+00  -4.9497823e-07
   2.4000000e+02   3.8210930e+01   4.3559690e+00  -9.8715884e-02   0.0000000e+00  -4.9403836e-07
   2.4100000e+02   3.8062100e+01   4.3548940e+00  -9.9132356e-02   0.0000000e+00  -4.9308291e-07
   2.4200000e+02   3.7914510e+01   4.3538180e+00  -9.9547819e-02   0.0000000e+00  -4.9211120e-07
   2.4300000e+02   3.7768150e+01   4.3527410e+00  -9.9962263e-02   0.0000000e+00  -4.9112402e-07
   2.4400000e+02   3.7623000e+01   4.3516630e+00  -1.0037562e-01   0.0000000e+00  -4.9012121e-07
   2.4500000e+02   3.7479040e+01   4.3505830e+00  -1.0078793e-01   0.0000000e+00  -4.8910278e-07
   2.4600000e+02   3.7336280e+01   4.3495020e+00  -1.0119911e-01   0.0000000e+00  -4.8806922e-07
   2.4700000e+02   3.7194680e+01   4.3484200e+00  -1.0160915e-01   0.0000000e+00  -4.8702028e-07
   2.4800000e+02   3.7054230e+01   4.3473360e+00  -1.0201801e-01   0.0000000e+00  -4.8595672e-07
   2.4900000e+02   3.6914930e+01   4.3462520e+00  -1.0242566e-01   0.0000000e+00  -4.8487804e-07
   2.5000000e+02   3.6776760e+01   4.3451650e+00  -1.0283210e-01   0.0000000e+00  -4.8378436e-07
   2.5100000e+02   3.6639700e+01   4.3440780e+00  -1.0323726e-01   0.0000000e+00  -4.8267694e-07
   2.5200000e+02   3.6503750e+01   4.3429880e+00  -1.0364117e-01   0.0000000e+00  -4.8155471e-07
   2.5300000e+02   3.6368880e+01   4.3418980e+00  -1.0404371e-01   0.0000000e+00  -4.8041789e-07
   2.5400000e+02   3.6235090e+01   4.3408050e+00  -1.0444495e-01   0.0000000e+00  -4.7926716e-07
   2.5500000e+02   3.6102370e+01   4.3397120e+00  -1.0484480e-01   0.0000000e+00  -4.7810291e-07
   2.5600000e+02   3.5970700e+01   4.3386160e+00  -1.0524326e-01   0.0000000e+00  -4.7692492e-07
   2.5700000e+02   3.5840070e+01   4.3375190e+00  -1.0564031e-01   0.0000000e+00  -4.7573379e-07
   2.5800000e+02   3.5710470e+01   4.3364210e+00  -1.0603588e-01   0.0000000e+00  -4.7452858e-07
   2.5900000e+02   3.5581880e+01   4.3353210e+00  -1.0642997e-01   0.0000000e+00  -4.7331036e-07
   2.6000000e+02   3.5454300e+01   4.3342190e+00  -1.0682259e-01   0.0000000e+00  -4.7207932e-07
   2.6100000e+02   3.5327720e+01   4.3331150e+00  -1.0721368e-01   0.0000000e+00  -4.7083548e-07
   2.6200000e+02   3.5202110e+01   4.3320100e+00  -1.0760319e-01   0.0000000e+00  -4.6957887e-07
   2.6300000e+02   3.5077480e+01   4.3309030e+00  -1.0799115e-01   0.0000000e+00  -4.6831022e-07
   2.6400000e+02   3.4953810e+01   4.3297940e+00  -1.0837750e-01   0.0000000e+00  -4.6702872e-07
   2.6500000e+02   3.4831090e+01   4.3286840e+00  -1.0876221e-01   0.0000000e+00  -4.6573609e-07
   2.6600000e+02   3.4709310e+01   4.3275710e+00  -1.0914527e-01   0.0000000e+00  -4.6443117e-07
   2.6700000e+02   3.4588460e+01   4.3264570e+00  -1.0952668e-01   0.0000000e+00  -4.6311455e-07
   2.6800000e+02   3.4468530e+01   4.3253410e+00  -1.0990637e-01   0.0000000e+00  -4.6178649e-07
   2.6900000e+02   3.4349510e+01   4.3242240e+00  -1.1028433e-01   0.0000000e+00  -4.6044739e-07
   2.7000000e+02   3.4231390e+01   4.3231040e+00  -1.1066058e-01   0.0000000e+00  -4.5909726e-07
   2.7100000e+02   3.4114160e+01   4.3219830e+00  -1.1103507e-01   0.0000000e+00  -4.5773580e-07
   2.7200000e+02   3.3997800e+01   4.3208590e+00  -1.1140776e-01   0.0000000e+00  -4.5636462e-07
   2.7300000e+02   3.3882320e+01   4.3197340e+00  -1.1177867e-01   0.0000000e+00  -4.5498263e-07
   2.7400000e+02   3.3767700e+01   4.3186070e+00  -1.1214774e-01   0.0000000e+00  -4.5359040e-07
   2.7500000e+02   3.3653930e+01   4.3174780e+00  -1.1251496e-01   0.0000000e+00  -4.5218829e-07
   2.7600000e+02   3.3541000e+01   4.3163470e+00  -1.1288033e-01   0.0000000e+00  -4.5077641e-07
   2.7700000e+02   3.3428900e+01   4.3152140e+00  -1.1324382e-01   0.0000000e+00  -4.4935549e-07
   2.7800000e+02   3.3317630e+01   4.3140800e+00  -1.1360540e-01   0.0000000e+00  -4.4792431e-07
   2.7900000e+02   3.3207170e+01   4.3129430e+00  -1.1396508e-01   0.0000000e+00  -4.4648420e-07
   2.8000000e+02   3.3097530e+01   4.3118050e+00  -1.1432281e-01   0.0000000e+00  -4.4503594e-07
   2.8100000e+02   3.2988680e+01   4.3106640e+00  -1.1467862e-01   0.0000000e+00  -4.4357878e-07
   2.8200000e+02   3.2880620e+01   4.3095220e+00  -1.1503244e-01   0.0000000e+00  -4.4211293e-07
   2.8300000e+02   3.2773340e+01   4.3083770e+00  -1.1538429e-01   0.0000000e+00  -4.4063874e-07
   2.8400000e+02   3.2666830e+01   4.3072310e+00  -1.1573414e-01   0.0000000e+00  -4.3915697e-07
   2.8500000e+02   3.2561100e+01   4.3060830e+00  -1.1608198e-01   0.0000000e+00  -4.3766761e-07
   2.8600000e+02   3.2456110e+01   4.3049320e+00  -1.1642781e-01   0.0000000e+00  -4.3617010e-07
   2.8700000e+02   3.2351880e+01   4.3037800e+00  -1.1677159e-01   0.0000000e+00  -4.3466518e-07
   2.8800000e+02   3.2248390e+01   4.3026260e+00  -1.1711332e-01   0.0000000e+00  -4.3315358e-07
   2.8900000e+02   3.2145640e+01   4.3014700e+00  -1.1745299e-01   0.0000000e+00  -4.3163538e-07
   2.9000000e+02   3.2043610e+01   4.3003120e+00  -1.1779060e-01   0.0000000e+00  -4.3010994e-07
   2.9100000e+02   3.1942300e+01   4.2991520e+00  -1.1812611e-01   0.0000000e+00  -4.2857802e-07
   2.9200000e+02   3.1841700e+01   4.2979900e+00  -1.1845953e-01   0.0000000e+00  -4.2704003e-07
   2.9300000e+02   3.1741810e+01   4.2968260e+00  -1.1879085e-01   0.0000000e+00  -4.2549636e-07
   2.9400000e+02   3.1642610e+01   4.2956600e+00  -1.1912006e-01   0.0000000e+00  -4.2394700e-07
   2.9500000e+02   3.1544100e+01   4.2944920e+00  -1.1944714e-01   0.0000000e+00  -4.2239223e-07
   2.9600000e+02   3.1446280e+01   4.2933220e+00  -1.1977211e-01   0.0000000e+00  -4.2083106e-07
   2.9700000e+02   3.1349140e+01   4.2921500e+00  -1.2009494e-01   0.0000000e+00  -4.1926627e-07
   2.9800000e+02   3.1252660e+01   4.2909770e+00  -1.2041558e-01   0.0000000e+00  -4.1769508e-07
   2.9900000e+02   3.1156850e+01   4.2898010e+00  -1.2073411e-01   0.0000000e+00  -4.1612007e-07
   3.0000000e+02   3.1061690e+01   4.2886230e+00  -1.2105048e-01   0.0000000e+00  -4.1454057e-07
   3.0100000e+02   3.0967180e+01   4.2874440e+00  -1.2136467e-01   0.0000000e+00  -4.1295686e-07
   3.0200000e+02   3.0873320e+01   4.2862630e+00  -1.2167669e-01   0.0000000e+00  -4.1136899e-07
   3.0300000e+02   3.0780090e+01   4.2850790e+00  -1.2198656e-01   0.0000000e+00  -4.0977759e-07
   3.0400000e+02   3.0687490e+01   4.2838940e+00  -1.2229423e-01   0.0000000e+00  -4.0818216e-07
   3.0500000e+02   3.0595520e+01   4.2827070e+00  -1.2259974e-01   0.0000000e+00  -4.0658311e-07
   3.0600000e+02   3.0504170e+01   4.2815180e+00  -1.2290305e-01   0.0000000e+00  -4.0498127e-07
   3.0700000e+02   3.0413430e+01   4.2803270e+00  -1.2320419e-01   0.0000000e+00  -4.0337691e-07
   3.0800000e+02   3.0323290e+01   4.2791350e+00  -1.2350312e-01   0.0000000e+00  -4.0176918e-07
   3.0900000e+02   3.0233760e+01   4.2779400e+00  -1.2379989e-01   0.0000000e+00  -4.0015961e-07
   3.1000000e+02   3.0144810e+01   4.2767440e+00  -1.2409444e-01   0.0000000e+00  -3.9854664e-07
   3.1100000e+02   3.0056460e+01   4.2755460e+00  -1.2438681e-01   0.0000000e+00  -3.9693223e-07
   3.1200000e+02   2.9968690e+01   4.2743460e+00  -1.2467700e-01   0.0000000e+00  -3.9531602e-07
   3.1300000e+02   2.9881500e+01   4.2731440e+00  -1.2496500e-01   0.0000000e+00  -3.9369783e-07
   3.1400000e+02   2.9794880e+01   4.2719410e+00  -1.2525080e-01   0.0000000e+00  -3.9207800e-07
   3.1500000e+02   2.9708820e+01   4.2707350e+00  -1.2553443e-01   0.0000000e+00  -3.9045663e-07
   3.1600000e+02   2.9623330e+01   4.2695280e+00  -1.2581587e-01   0.0000000e+00  -3.8883426e-07
   3.1700000e+02   2.9538390e+01   4.2683190e+00  -1.2609512e-01   0.0000000e+00  -3.8721095e-07
   3.1800000e+02   2.9454000e+01   4.2671090e+00  -1.2637218e-01   0.0000000e+00  -3.8558738e-07
   3.1900000e+02   2.9370160e+01   4.2658960e+00  -1.2664710e-01   0.0000000e+00  -3.8396267e-07
   3.2000000e+02   2.9286860e+01   4.2646820e+00  -1.2691983e-01   0.0000000e+00  -3.8233726e-07
   3.2100000e+02   2.9204090e+01   4.2634660e+00  -1.2719040e-01   0.0000000e+00  -3.8071203e-07
   3.2200000e+02   2.9121850e+01   4.2622490e+00  -1.2745878e-01   0.0000000e+00  -3.7908672e-07
   3.2300000e+02   2.9040130e+01   4.2610300e+00  -1.2772502e-01   0.0000000e+00  -3.7746117e-07
   3.2400000e+02   2.8958940e+01   4.2598090e+00  -1.2798912e-01   0.0000000e+00  -3.7583650e-07
   3.2500000e+02   2.8878260e+01   4.2585870e+00  -1.2825104e-01   0.0000000e+00  -3.7421227e-07
   3.2600000e+02   2.8798090e+01   4.2573630e+00  -1.2851084e-01   0.0000000e+00  -3.7258779e-07
   3.2700000e+02   2.8718420e+01   4.2561370e+00  -1.2876851e-01   0.0000000e+00  -3.7096520e-07
   3.2800000e+02   2.8639260e+01   4.2549100e+00  -1.2902404e-01   0.0000000e+00  -3.6934272e-07
   3.2900000e+02   2.8560590e+01   4.2536810e+00  -1.2927746e-01   0.0000000e+00  -3.6772176e-07
   3.3000000e+02   2.8482410e+01   4.2524510e+00  -1.2952875e-01   0.0000000e+00  -3.6610192e-07
   3.3100000e+02   2.8404720e+01   4.2512190e+00  -1.2977796e-01   0.0000000e+00  -3.6448374e-07
   3.3200000e+02   2.8327510e+01   4.2499860e+00  -1.3002504e-01   0.0000000e+00  -3.6286689e-07
   3.3300000e+02   2.8250780e+01   4.2487510e+00  -1.3027006e-01   0.0000000e+00  -3.6125184e-07
   3.3400000e+02   2.8174520e+01   4.2475150e+00  -1.3051299e-01   0.0000000e+00  -3.5963859e-07
   3.3500000e+02   2.8098730e+01   4.2462770e+00  -1.3075385e-01   0.0000000e+00  -3.5802785e-07
   3.3600000e+02   2.8023400e+01   4.2450370e+00  -1.3099266e-01   0.0000000e+00  -3.5641855e-07
   3.3700000e+02   2.7948540e+01   4.2437970e+00  -1.3122940e-01   0.0000000e+00  -3.5481248e-07
   3.3800000e+02   2.7874130e+01   4.2425550e+00  -1.3146410e-01   0.0000000e+00  -3.5320804e-07
   3.3900000e+02   2.7800180e+01   4.2413110e+00  -1.3169680e-01   0.0000000e+00  -3.5160656e-07
   3.4000000e+02   2.7726670e+01   4.2400660e+00  -1.3192745e-01   0.0000000e+00  -3.5000771e-07
   3.4100000e+02   2.7653610e+01   4.2388200e+00  -1.3215610e-01   0.0000000e+00  -3.4841124e-07
   3.4200000e+02   2.7580980e+01   4.2375730e+00  -1.3238272e-01   0.0000000e+00  -3.4681804e-07
   3.4300000e+02   2.7508800e+01   4.2363240e+00  -1.3260739e-01   0.0000000e+00  -3.4522778e-07
   3.4400000e+02   2.7437040e+01   4.2350740e+00  -1.3283007e-01   0.0000000e+00  -3.4364116e-07
   3.4500000e+02   2.7365720e+01   4.2338220e+00  -1.3305081e-01   0.0000000e+00  -3.4205759e-07
   3.4600000e+02   2.7294810e+01   4.2325690e+00  -1.3326957e-01   0.0000000e+00  -3.4047753e-07
   3.4700000e+02   2.7224330e+01   4.2313160e+00  -1.3348638e-01   0.0000000e+00  -3.3890043e-07
   3.4800000e+02   2.7154270e+01   4.2300600e+00  -1.3370129e-01   0.0000000e+00  -3.3732754e-07
   3.4900000e+02   2.7084620e+01   4.2288040e+00  -1.3391427e-01   0.0000000e+00  -3.3575840e-07
   3.5000000e+02   2.7015380e+01   4.2275470e+00  -1.3412532e-01   0.0000000e+00  -3.3419301e-07
   3.5100000e+02   2.6946540e+01   4.2262880e+00  -1.3433452e-01   0.0000000e+00  -3.3263108e-07
   3.5200000e+02   2.6878110e+01   4.2250280e+00  -1.3454183e-01   0.0000000e+00  -3.3107333e-07
   3.5300000e+02   2.6810080e+01   4.2237670e+00  -1.3474727e-01   0.0000000e+00  -3.2952014e-07
   3.5400000e+02   2.6742440e+01   4.2225050e+00  -1.3495086e-01   0.0000000e+00  -3.2797115e-07
   3.5500000e+02   2.6675190e+01   4.2212420e+00  -1.3515259e-01   0.0000000e+00  -3.2642562e-07
   3.5600000e+02   2.6608340e+01   4.2199780e+00  -1.3535252e-01   0.0000000e+00  -3.2488576e-07
   3.5700000e+02   2.6541870e+01   4.2187130e+00  -1.3555063e-01   0.0000000e+00  -3.2334919e-07
   3.5800000e+02   2.6475780e+01   4.2174470e+00  -1.3574694e-01   0.0000000e+00  -3.2181783e-07
   3.5900000e+02   2.6410060e+01   4.2161800e+00  -1.3594144e-01   0.0000000e+00  -3.2029074e-07
   3.6000000e+02   2.6344730e+01   4.2149120e+00  -1.3613420e-01   0.0000000e+00  -3.1876812e-07
   3.6100000e+02   2.6279770e+01   4.2136430e+00  -1.3632520e-01   0.0000000e+00  -3.1725114e-07
   3.6200000e+02   2.6215170e+01   4.2123730e+00  -1.3651444e-01   0.0000000e+00  -3.1573836e-07
   3.6300000e+02   2.6150940e+01   4.2111020e+00  -1.3670197e-01   0.0000000e+00  -3.1422994e-07
   3.6400000e+02   2.6087080e+01   4.2098300e+00  -1.3688778e-01   0.0000000e+00  -3.1272713e-07
   3.6500000e+02   2.6023570e+01   4.2085570e+00  -1.3707188e-01   0.0000000e+00  -3.1122981e-07
   3.6600000e+02   2.5960420e+01   4.2072840e+00  -1.3725429e-01   0.0000000e+00  -3.0973642e-07
   3.6700000e+02   2.5897620e+01   4.2060100e+00  -1.3743502e-01   0.0000000e+00  -3.0824915e-07
   3.6800000e+02   2.5835180e+01   4.2047340e+00  -1.3761412e-01   0.0000000e+00  -3.0676651e-07
   3.6900000e+02   2.5773080e+01   4.2034590e+00  -1.3779153e-01   0.0000000e+00  -3.0528909e-07
   3.7000000e+02   2.5711320e+01   4.2021820e+00  -1.3796733e-01   0.0000000e+00  -3.0381688e-07
   3.7100000e+02   2.5649910e+01   4.2009050e+00  -1.3814152e-01   0.0000000e+00  -3.0234970e-07
   3.7200000e+02   2.5588840e+01   4.1996270e+00  -1.3831410e-01   0.0000000e+00  -3.0088890e-07
   3.7300000e+02   2.5528100e+01   4.1983480e+00  -1.3848509e-01   0.0000000e+00  -2.9943234e-07
   3.7400000e+02   2.5467690e+01   4.1970680e+00  -1.3865451e-01   0.0000000e+00  -2.9798176e-07
   3.7500000e+02   2.5407620e+01   4.1957880e+00  -1.3882236e-01   0.0000000e+00  -2.9653671e-07
   3.7600000e+02   2.5347870e+01   4.1945080e+00  -1.3898864e-01   0.0000000e+00  -2.9509741e-07
   3.7700000e+02   2.5288450e+01   4.1932260e+00  -1.3915345e-01   0.0000000e+00  -2.9366286e-07
   3.7800000e+02   2.5229350e+01   4.1919440e+00  -1.3931672e-01   0.0000000e+00  -2.9223431e-07
   3.7900000e+02   2.5170570e+01   4.1906620e+00  -1.3947845e-01   0.0000000e+00  -2.9081151e-07
   3.8000000e+02   2.5112110e+01   4.1893790e+00  -1.3963872e-01   0.0000000e+00  -2.8939398e-07
   3.8100000e+02   2.5053960e+01   4.1880950e+00  -1.3979753e-01   0.0000000e+00  -2.8798196e-07
   3.8200000e+02   2.4996120e+01   4.1868110e+00  -1.3995485e-01   0.0000000e+00  -2.8657573e-07
   3.8300000e+02   2.4938600e+01   4.1855270e+00  -1.4011072e-01   0.0000000e+00  -2.8517534e-07
   3.8400000e+02   2.4881370e+01   4.1842420e+00  -1.4026516e-01   0.0000000e+00  -2.8378023e-07
   3.8500000e+02   2.4824460e+01   4.1829560e+00  -1.4041821e-01   0.0000000e+00  -2.8239158e-07
   3.8600000e+02   2.4767840e+01   4.1816700e+00  -1.4056982e-01   0.0000000e+00  -2.8100783e-07
   3.8700000e+02   2.4711530e+01   4.1803840e+00  -1.4072007e-01   0.0000000e+00  -2.7963009e-07
   3.8800000e+02   2.4655510e+01   4.1790970e+00  -1.4086892e-01   0.0000000e+00  -2.7825865e-07
   3.8900000e+02   2.4599780e+01   4.1778100e+00  -1.4101639e-01   0.0000000e+00  -2.7689268e-07
   3.9000000e+02   2.4544350e+01   4.1765230e+00  -1.4116253e-01   0.0000000e+00  -2.7553185e-07
   3.9100000e+02   2.4489210e+01   4.1752350e+00  -1.4130734e-01   0.0000000e+00  -2.7417693e-07
   3.9200000e+02   2.4434350e+01   4.1739480e+00  -1.4145078e-01   0.0000000e+00  -2.7282826e-07
   3.9300000e+02   2.4379780e+01   4.1726590e+00  -1.4159297e-01   0.0000000e+00  -2.7148445e-07
   3.9400000e+02   2.4325490e+01   4.1713710e+00  -1.4173382e-01   0.0000000e+00  -2.7014706e-07
   3.9500000e+02   2.4271490e+01   4.1700820e+00  -1.4187341e-01   0.0000000e+00  -2.6881589e-07
   3.9600000e+02   2.4217760e+01   4.1687930e+00  -1.4201173e-01   0.0000000e+00  -2.6748916e-07
   3.9700000e+02   2.4164310e+01   4.1675040e+00  -1.4214878e-01   0.0000000e+00  -2.6616949e-07
   3.9800000e+02   2.4111130e+01   4.1662150e+00  -1.4228458e-01   0.0000000e+00  -2.6485476e-07
   3.9900000e+02   2.4058220e+01   4.1649250e+00  -1.4241917e-01   0.0000000e+00  -2.6354597e-07
   4.0000000e+02   2.4005580e+01   4.1636360e+00  -1.4255251e-01   0.0000000e+00  -2.6224227e-07
   4.0100000e+02   2.3953210e+01   4.1623460e+00  -1.4268468e-01   0.0000000e+00  -2.6094493e-07
   4.0200000e+02   2.3901110e+01   4.1610560e+00  -1.4281565e-01   0.0000000e+00  -2.5965322e-07
   4.0300000e+02   2.3849270e+01   4.1597660e+00  -1.4294542e-01   0.0000000e+00  -2.5836786e-07
   4.0400000e+02   2.3797690e+01   4.1584760e+00  -1.4307404e-01   0.0000000e+00  -2.5708682e-07
   4.0500000e+02   2.3746360e+01   4.1571860e+00  -1.4320148e-01   0.0000000e+00  -2.5581183e-07
   4.0600000e+02   2.3695300e+01   4.1558960e+00  -1.4332780e-01   0.0000000e+00  -2.5454308e-07
   4.0700000e+02   2.3644490e+01   4.1546060e+00  -1.4345298e-01   0.0000000e+00  -2.5327895e-07
   4.0800000e+02   2.3593940e+01   4.1533160e+00  -1.4357704e-01   0.0000000e+00  -2.5202143e-07
   4.0900000e+02   2.3543630e+01   4.1520260e+00  -1.4369999e-01   0.0000000e+00  -2.5076890e-07
   4.1000000e+02   2.3493580e+01   4.1507360e+00  -1.4382184e-01   0.0000000e+00  -2.4952247e-07
   4.1100000e+02   2.3443770e+01   4.1494460e+00  -1.4394262e-01   0.0000000e+00  -2.4828129e-07
   4.1200000e+02   2.3394210e+01   4.1481570e+00  -1.4406230e-01   0.0000000e+00  -2.4704533e-07
   4.1300000e+02   2.3344890e+01   4.1468670e+00  -1.4418095e-01   0.0000000e+00  -2.4581506e-07
   4.1400000e+02   2.3295810e+01   4.1455770e+00  -1.4429854e-01   0.0000000e+00  -2.4458978e-07
   4.1500000e+02   2.3246980e+01   4.1442880e+00  -1.4441510e-01   0.0000000e+00  -2.4337026e-07
   4.1600000e+02   2.3198380e+01   4.1429990e+00  -1.4453062e-01   0.0000000e+00  -2.4215579e-07
   4.1700000e+02   2.3150020e+01   4.1417100e+00  -1.4464512e-01   0.0000000e+00  -2.4094762e-07
   4.1800000e+02   2.3101890e+01   4.1404210e+00  -1.4475864e-01   0.0000000e+00  -2.3974396e-07
   4.1900000e+02   2.3053990e+01   4.1391320e+00  -1.4487115e-01   0.0000000e+00  -2.3854582e-07
   4.2000000e+02   2.3006330e+01   4.1378440e+00  -1.4498267e-01   0.0000000e+00  -2.3735339e-07
   4.2100000e+02   2.2958900e+01   4.1365560e+00  -1.4509323e-01   0.0000000e+00  -2.3616590e-07
   4.2200000e+02   2.2911690e+01   4.1352680e+00  -1.4520282e-01   0.0000000e+00  -2.3498344e-07
   4.2300000e+02   2.2864710e+01   4.1339810e+00  -1.4531147e-01   0.0000000e+00  -2.3380614e-07
   4.2400000e+02   2.2817950e+01   4.1326930e+00  -1.4541918e-01   0.0000000e+00  -2.3263422e-07
   4.2500000e+02   2.2771410e+01   4.1314060e+00  -1.4552594e-01   0.0000000e+00  -2.3146777e-07
   4.2600000e+02   2.2725100e+01   4.1301200e+00  -1.4563179e-01   0.0000000e+00  -2.3030596e-07
   4.2700000e+02   2.2679000e+01   4.1288340e+00  -1.4573672e-01   0.0000000e+00  -2.2914892e-07
   4.2800000e+02   2.2633130e+01   4.1275480e+00  -1.4584077e-01   0.0000000e+00  -2.2799786e-07
   4.2900000e+02   2.2587460e+01   4.1262620e+00  -1.4594392e-01   0.0000000e+00  -2.2685071e-07
   4.3000000e+02   2.2542020e+01   4.1249770e+00  -1.4604620e-01   0.0000000e+00  -2.2570891e-07
   4.3100000e+02   2.2496780e+01   4.1236930e+00  -1.4614757e-01   0.0000000e+00  -2.2457251e-07
   4.3200000e+02   2.2451760e+01   4.1224080e+00  -1.4624813e-01   0.0000000e+00  -2.2344037e-07
   4.3300000e+02   2.2406940e+01   4.1211250e+00  -1.4634778e-01   0.0000000e+00  -2.2231403e-07
   4.3400000e+02   2.2362340e+01   4.1198410e+00  -1.4644666e-01   0.0000000e+00  -2.2119119e-07
   4.3500000e+02   2.2317940e+01   4.1185590e+00  -1.4654464e-01   0.0000000e+00  -2.2007422e-07
   4.3600000e+02   2.2273740e+01   4.1172760e+00  -1.4664182e-01   0.0000000e+00  -2.1896124e-07
   4.3700000e+02   2.2229750e+01   4.1159950e+00  -1.4673817e-01   0.0000000e+00  -2.1785350e-07
   4.3800000e+02   2.2185960e+01   4.1147130e+00  -1.4683374e-01   0.0000000e+00  -2.1675000e-07
   4.3900000e+02   2.2142370e+01   4.1134330e+00  -1.4692847e-01   0.0000000e+00  -2.1565166e-07
   4.4000000e+02   2.2098980e+01   4.1121530e+00  -1.4702245e-01   0.0000000e+00  -2.1455699e-07
   4.4100000e+02   2.2055790e+01   4.1108730e+00  -1.4711564e-01   0.0000000e+00  -2.1346784e-07
   4.4200000e+02   2.2012800e+01   4.1095940e+00  -1.4720807e-01   0.0000000e+00  -2.1238243e-07
   4.4300000e+02   2.1970000e+01   4.1083160e+00  -1.4729972e-01   0.0000000e+00  -2.1130187e-07
   4.4400000e+02   2.1927390e+01   4.1070380e+00  -1.4739060e-01   0.0000000e+00  -2.1022616e-07
   4.4500000e+02   2.1884980e+01   4.1057610e+00  -1.4748075e-01   0.0000000e+00  -2.0915457e-07
   4.4600000e+02   2.1842750e+01   4.1044850e+00  -1.4757013e-01   0.0000000e+00  -2.0808707e-07
   4.4700000e+02   2.1800720e+01   4.1032090e+00  -1.4765882e-01   0.0000000e+00  -2.0702399e-07
   4.4800000e+02   2.1758870e+01   4.1019340e+00  -1.4774676e-01   0.0000000e+00  -2.0596529e-07
   4.4900000e+02   2.1717210e+01   4.1006600e+00  -1.4783397e-01   0.0000000e+00  -2.0491122e-07
   4.5000000e+02   2.1675730e+01   4.0993860e+00  -1.4792049e-01   0.0000000e+00  -2.0386060e-07
   4.5100000e+02   2.1634440e+01   4.0981130e+00  -1.4800630e-01   0.0000000e+00  -2.0281487e-07
   4.5200000e+02   2.1593340e+01   4.0968410e+00  -1.4809145e-01   0.0000000e+00  -2.0177184e-07
   4.5300000e+02   2.1552410e+01   4.0955700e+00  -1.4817586e-01   0.0000000e+00  -2.0073492e-07
   4.5400000e+02   2.1511660e+01   4.0942990e+00  -1.4825961e-01   0.0000000e+00  -1.9970099e-07
   4.5500000e+02   2.1471100e+01   4.0930300e+00  -1.4834269e-01   0.0000000e+00  -1.9867120e-07
   4.5600000e+02   2.1430710e+01   4.0917610e+00  -1.4842510e-01   0.0000000e+00  -1.9764463e-07
   4.5700000e+02   2.1390490e+01   4.0904920e+00  -1.4850686e-01   0.0000000e+00  -1.9662352e-07
   4.5800000e+02   2.1350450e+01   4.0892250e+00  -1.4858796e-01   0.0000000e+00  -1.9560500e-07
   4.5900000e+02   2.1310590e+01   4.0879580e+00  -1.4866844e-01   0.0000000e+00  -1.9459089e-07
   4.6000000e+02   2.1270900e+01   4.0866930e+00  -1.4874825e-01   0.0000000e+00  -1.9358051e-07
   4.6100000e+02   2.1231380e+01   4.0854280e+00  -1.4882744e-01   0.0000000e+00  -1.9257391e-07
   4.6200000e+02   2.1192030e+01   4.0841640e+00  -1.4890599e-01   0.0000000e+00  -1.9157140e-07
   4.6300000e+02   2.1152850e+01   4.0829010e+00  -1.4898393e-01   0.0000000e+00  -1.9057256e-07
   4.6400000e+02   2.1113840e+01   4.0816390e+00  -1.4906127e-01   0.0000000e+00  -1.8957697e-07
   4.6500000e+02   2.1074990e+01   4.0803770e+00  -1.4913800e-01   0.0000000e+00  -1.8858549e-07
   4.6600000e+02   2.1036310e+01   4.0791170e+00  -1.4921411e-01   0.0000000e+00  -1.8759749e-07
   4.6700000e+02   2.0997800e+01   4.0778580e+00  -1.4928965e-01   0.0000000e+00  -1.8661276e-07
   4.6800000e+02   2.0959450e+01   4.0765990e+00  -1.4936461e-01   0.0000000e+00  -1.8563136e-07
   4.6900000e+02   2.0921260e+01   4.0753420e+00  -1.4943895e-01   0.0000000e+00  -1.8465367e-07
   4.7000000e+02   2.0883230e+01   4.0740850e+00  -1.4951274e-01   0.0000000e+00  -1.8367957e-07
   4.7100000e+02   2.0845370e+01   4.0728300e+00  -1.4958595e-01   0.0000000e+00  -1.8270950e-07
   4.7200000e+02   2.0807660e+01   4.0715750e+00  -1.4965860e-01   0.0000000e+00  -1.8174203e-07
   4.7300000e+02   2.0770110e+01   4.0703220e+00  -1.4973068e-01   0.0000000e+00  -1.8077752e-07
   4.7400000e+02   2.0732710e+01   4.0690690e+00  -1.4980221e-01   0.0000000e+00  -1.7981709e-07
   4.7500000e+02   2.0695480e+01   4.0678180e+00  -1.4987320e-01   0.0000000e+00  -1.7885985e-07
   4.7600000e+02   2.0658400e+01   4.0665670e+00  -1.4994366e-01   0.0000000e+00  -1.7790570e-07
   4.7700000e+02   2.0621470e+01   4.0653180e+00  -1.5001355e-01   0.0000000e+00  -1.7695519e-07
   4.7800000e+02   2.0584690e+01   4.0640700e+00  -1.5008289e-01   0.0000000e+00  -1.7600793e-07
   4.7900000e+02   2.0548070e+01   4.0628230e+00  -1.5015174e-01   0.0000000e+00  -1.7506309e-07
   4.8000000e+02   2.0511600e+01   4.0615760e+00  -1.5022010e-01   0.0000000e+00  -1.7412115e-07
   4.8100000e+02   2.0475270e+01   4.0603310e+00  -1.5028788e-01   0.0000000e+00  -1.7318284e-07
   4.8200000e+02   2.0439100e+01   4.0590870e+00  -1.5035519e-01   0.0000000e+00  -1.7224734e-07
   4.8300000e+02   2.0403070e+01   4.0578450e+00  -1.5042195e-01   0.0000000e+00  -1.7131501e-07
   4.8400000e+02   2.0367190e+01   4.0566030e+00  -1.5048824e-01   0.0000000e+00  -1.7038570e-07
   4.8500000e+02   2.0331460e+01   4.0553620e+00  -1.5055403e-01   0.0000000e+00  -1.6945925e-07
   4.8600000e+02   2.0295870e+01   4.0541230e+00  -1.5061931e-01   0.0000000e+00  -1.6853577e-07
   4.8700000e+02   2.0260430e+01   4.0528850e+00  -1.5068411e-01   0.0000000e+00  -1.6761513e-07
   4.8800000e+02   2.0225130e+01   4.0516480e+00  -1.5074844e-01   0.0000000e+00  -1.6669727e-07
   4.8900000e+02   2.0189970e+01   4.0504120e+00  -1.5081228e-01   0.0000000e+00  -1.6578221e-07
   4.9000000e+02   2.0154950e+01   4.0491770e+00  -1.5087564e-01   0.0000000e+00  -1.6487014e-07
   4.9100000e+02   2.0120070e+01   4.0479440e+00  -1.5093851e-01   0.0000000e+00  -1.6396083e-07
   4.9200000e+02   2.0085330e+01   4.0467110e+00  -1.5100095e-01   0.0000000e+00  -1.6305412e-07
   4.9300000e+02   2.0050730e+01   4.0454800e+00  -1.5106291e-01   0.0000000e+00  -1.6214981e-07
   4.9400000e+02   2.0016270e+01   4.0442500e+00  -1.5112442e-01   0.0000000e+00  -1.6124882e-07
   4.9500000e+02   1.9981940e+01   4.0430220e+00  -1.5118544e-01   0.0000000e+00  -1.6035004e-07
   4.9600000e+02   1.9947750e+01   4.0417940e+00  -1.5124607e-01   0.0000000e+00  -1.5945386e-07
   4.9700000e+02   1.9913700e+01   4.0405680e+00  -1.5130623e-01   0.0000000e+00  -1.5856054e-07
   4.9800000e+02   1.9879780e+01   4.0393430e+00  -1.5136594e-01   0.0000000e+00  -1.5766964e-07
   4.9900000e+02   1.9845990e+01   4.0381200e+00  -1.5142520e-01   0.0000000e+00  -1.5678124e-07
   5.0000000e+02   1.9812340e+01   4.0368970e+00  -1.5148407e-01   0.0000000e+00  -1.5589533e-07
   5.0100000e+02   1.9778810e+01   4.0356760e+00  -1.5154246e-01   0.0000000e+00  -1.5501189e-07
   5.0200000e+02   1.9745420e+01   4.0344570e+00  -1.5160043e-01   0.0000000e+00  -1.5413086e-07
   5.0300000e+02   1.9712160e+01   4.0332380e+00  -1.5165802e-01   0.0000000e+00  -1.5325223e-07
   5.0400000e+02   1.9679020e+01   4.0320210e+00  -1.5171514e-01   0.0000000e+00  -1.5237632e-07
   5.0500000e+02   1.9646020e+01   4.0308050e+00  -1.5177189e-01   0.0000000e+00  -1.5150244e-07
   5.0600000e+02   1.9613140e+01   4.0295910e+00  -1.5182818e-01   0.0000000e+00  -1.5063098e-07
   5.0700000e+02   1.9580390e+01   4.0283780e+00  -1.5188408e-01   0.0000000e+00  -1.4976198e-07
   5.0800000e+02   1.9547760e+01   4.0271660e+00  -1.5193957e-01   0.0000000e+00  -1.4889494e-07
   5.0900000e+02   1.9515260e+01   4.0259550e+00  -1.5199468e-01   0.0000000e+00  -1.4803061e-07
   5.1000000e+02   1.9482880e+01   4.0247460e+00  -1.5204937e-01   0.0000000e+00  -1.4716832e-07
   5.1100000e+02   1.9450630e+01   4.0235390e+00  -1.5210367e-01   0.0000000e+00  -1.4630818e-07
   5.1200000e+02   1.9418500e+01   4.0223320e+00  -1.5215759e-01   0.0000000e+00  -1.4545030e-07
   5.1300000e+02   1.9386490e+01   4.0211270e+00  -1.5221112e-01   0.0000000e+00  -1.4459490e-07
   5.1400000e+02   1.9354600e+01   4.0199240e+00  -1.5226423e-01   0.0000000e+00  -1.4374126e-07
   5.1500000e+02   1.9322840e+01   4.0187210e+00  -1.5231702e-01   0.0000000e+00  -1.4288998e-07
   5.1600000e+02   1.9291190e+01   4.0175210e+00  -1.5236937e-01   0.0000000e+00  -1.4204065e-07
   5.1700000e+02   1.9259660e+01   4.0163210e+00  -1.5242138e-01   0.0000000e+00  -1.4119351e-07
   5.1800000e+02   1.9228250e+01   4.0151230e+00  -1.5247300e-01   0.0000000e+00  -1.4034843e-07
   5.1900000e+02   1.9196960e+01   4.0139270e+00  -1.5252425e-01   0.0000000e+00  -1.3950532e-07
   5.2000000e+02   1.9165790e+01   4.0127320e+00  -1.5257515e-01   0.0000000e+00  -1.3866455e-07
   5.2100000e+02   1.9134730e+01   4.0115380e+00  -1.5262568e-01   0.0000000e+00  -1.3782541e-07
   5.2200000e+02   1.9103780e+01   4.0103460e+00  -1.5267582e-01   0.0000000e+00  -1.3698831e-07
   5.2300000e+02   1.9072950e+01   4.0091550e+00  -1.5272562e-01   0.0000000e+00  -1.3615338e-07
   5.2400000e+02   1.9042240e+01   4.0079650e+00  -1.5277510e-01   0.0000000e+00  -1.3532054e-07
   5.2500000e+02   1.9011640e+01   4.0067780e+00  -1.5282417e-01   0.0000000e+00  -1.3448939e-07
   5.2600000e+02   1.8981150e+01   4.0055910e+00  -1.5287293e-01   0.0000000e+00  -1.3366023e-07
   5.2700000e+02   1.8950770e+01   4.0044060e+00  -1.5292132e-01   0.0000000e+00  -1.3283283e-07
   5.2800000e+02   1.8920510e+01   4.0032230e+00  -1.5296938e-01   0.0000000e+00  -1.3200756e-07
   5.2900000e+02   1.8890350e+01   4.0020410e+00  -1.5301706e-01   0.0000000e+00  -1.3118399e-07
   5.3000000e+02   1.8860300e+01   4.0008600e+00  -1.5306445e-01   0.0000000e+00  -1.3036224e-07
   5.3100000e+02   1.8830370e+01   3.9996810e+00  -1.5311148e-01   0.0000000e+00  -1.2954238e-07
   5.3200000e+02   1.8800540e+01   3.9985040e+00  -1.5315816e-01   0.0000000e+00  -1.2872444e-07
   5.3300000e+02   1.8770820e+01   3.9973280e+00  -1.5320453e-01   0.0000000e+00  -1.2790827e-07
   5.3400000e+02   1.8741210e+01   3.9961530e+00  -1.5325057e-01   0.0000000e+00  -1.2709383e-07
   5.3500000e+02   1.8711710e+01   3.9949800e+00  -1.5329629e-01   0.0000000e+00  -1.2628133e-07
   5.3600000e+02   1.8682310e+01   3.9938090e+00  -1.5334165e-01   0.0000000e+00  -1.2547013e-07
   5.3700000e+02   1.8653010e+01   3.9926390e+00  -1.5338669e-01   0.0000000e+00  -1.2466107e-07
   5.3800000e+02   1.8623820e+01   3.9914700e+00  -1.5343145e-01   0.0000000e+00  -1.2385365e-07
   5.3900000e+02   1.8594740e+01   3.9903040e+00  -1.5347586e-01   0.0000000e+00  -1.2304776e-07
   5.4000000e+02   1.8565760e+01   3.9891380e+00  -1.5351999e-01   0.0000000e+00  -1.2224370e-07
   5.4100000e+02   1.8536880e+01   3.9879740e+00  -1.5356376e-01   0.0000000e+00  -1.2144139e-07
   5.4200000e+02   1.8508100e+01   3.9868120e+00  -1.5360722e-01   0.0000000e+00  -1.2064068e-07
   5.4300000e+02   1.8479430e+01   3.9856520e+00  -1.5365039e-01   0.0000000e+00  -1.1984173e-07
   5.4400000e+02   1.8450860e+01   3.9844930e+00  -1.5369326e-01   0.0000000e+00  -1.1904421e-07
   5.4500000e+02   1.8422390e+01   3.9833350e+00  -1.5373582e-01   0.0000000e+00  -1.1824870e-07
   5.4600000e+02   1.8394010e+01   3.9821790e+00  -1.5377806e-01   0.0000000e+00  -1.1745440e-07
   5.4700000e+02   1.8365740e+01   3.9810250e+00  -1.5382001e-01   0.0000000e+00  -1.1666209e-07
   5.4800000e+02   1.8337570e+01   3.9798720e+00  -1.5386166e-01   0.0000000e+00  -1.1587111e-07
   5.4900000e+02   1.8309490e+01   3.9787210e+00  -1.5390301e-01   0.0000000e+00  -1.1508160e-07
   5.5000000e+02   1.8281520e+01   3.9775710e+00  -1.5394409e-01   0.0000000e+00  -1.1429399e-07
   5.5100000e+02   1.8253640e+01   3.9764230e+00  -1.5398485e-01   0.0000000e+00  -1.1350759e-07
   5.5200000e+02   1.8225850e+01   3.9752760e+00  -1.5402534e-01   0.0000000e+00  -1.1272325e-07
   5.5300000e+02   1.8198170e+01   3.9741320e+00  -1.5406552e-01   0.0000000e+00  -1.1193988e-07
   5.5400000e+02   1.8170570e+01   3.9729880e+00  -1.5410542e-01   0.0000000e+00  -1.1115835e-07
   5.5500000e+02   1.8143080e+01   3.9718470e+00  -1.5414504e-01   0.0000000e+00  -1.1037824e-07
   5.5600000e+02   1.8115670e+01   3.9707070e+00  -1.5418435e-01   0.0000000e+00  -1.0959970e-07
   5.5700000e+02   1.8088370e+01   3.9695680e+00  -1.5422344e-01   0.0000000e+00  -1.0882270e-07
   5.5800000e+02   1.8061150e+01   3.9684310e+00  -1.5426219e-01   0.0000000e+00  -1.0804727e-07
   5.5900000e+02   1.8034030e+01   3.9672960e+00  -1.5430069e-01   0.0000000e+00  -1.0727317e-07
   5.6000000e+02   1.8007000e+01   3.9661630e+00  -1.5433889e-01   0.0000000e+00  -1.0650047e-07
   5.6100000e+02   1.7980060e+01   3.9650310e+00  -1.5437683e-01   0.0000000e+00  -1.0572946e-07
   5.6200000e+02   1.7953210e+01   3.9639000e+00  -1.5441451e-01   0.0000000e+00  -1.0495982e-07
   5.6300000e+02   1.7926460e+01   3.9627720e+00  -1.5445191e-01   0.0000000e+00  -1.0419159e-07
   5.6400000e+02   1.7899790e+01   3.9616450e+00  -1.5448902e-01   0.0000000e+00  -1.0342488e-07
   5.6500000e+02   1.7873220e+01   3.9605190e+00  -1.5452593e-01   0.0000000e+00  -1.0265957e-07
   5.6600000e+02   1.7846730e+01   3.9593960e+00  -1.5456249e-01   0.0000000e+00  -1.0189542e-07
   5.6700000e+02   1.7820330e+01   3.9582730e+00  -1.5459884e-01   0.0000000e+00  -1.0113296e-07
   5.6800000e+02   1.7794020e+01   3.9571530e+00  -1.5463490e-01   0.0000000e+00  -1.0037197e-07
   5.6900000e+02   1.7767800e+01   3.9560340e+00  -1.5467073e-01   0.0000000e+00  -9.9612252e-08
   5.7000000e+02   1.7741670e+01   3.9549170e+00  -1.5470628e-01   0.0000000e+00  -9.8853981e-08
   5.7100000e+02   1.7715620e+01   3.9538020e+00  -1.5474156e-01   0.0000000e+00  -9.8096973e-08
   5.7200000e+02   1.7689660e+01   3.9526880e+00  -1.5477660e-01   0.0000000e+00  -9.7341743e-08
   5.7300000e+02   1.7663780e+01   3.9515760e+00  -1.5481137e-01   0.0000000e+00  -9.6587279e-08
   5.7400000e+02   1.7638000e+01   3.9504650e+00  -1.5484594e-01   0.0000000e+00  -9.5834792e-08
   5.7500000e+02   1.7612290e+01   3.9493560e+00  -1.5488021e-01   0.0000000e+00  -9.5083320e-08
   5.7600000e+02   1.7586670e+01   3.9482490e+00  -1.5491422e-01   0.0000000e+00  -9.4333305e-08
   5.7700000e+02   1.7561130e+01   3.9471440e+00  -1.5494799e-01   0.0000000e+00  -9.3584517e-08
   5.7800000e+02   1.7535680e+01   3.9460400e+00  -1.5498154e-01   0.0000000e+00  -9.2837381e-08
   5.7900000e+02   1.7510310e+01   3.9449380e+00  -1.5501482e-01   0.0000000e+00  -9.2091453e-08
   5.8000000e+02   1.7485030e+01   3.9438370e+00  -1.5504789e-01   0.0000000e+00  -9.1346820e-08
   5.8100000e+02   1.7459820e+01   3.9427380e+00  -1.5508068e-01   0.0000000e+00  -9.0603491e-08
   5.8200000e+02   1.7434700e+01   3.9416410e+00  -1.5511325e-01   0.0000000e+00  -8.9861482e-08
   5.8300000e+02   1.7409660e+01   3.9405460e+00  -1.5514557e-01   0.0000000e+00  -8.9120905e-08
   5.8400000e+02   1.7384700e+01   3.9394520e+00  -1.5517766e-01   0.0000000e+00  -8.8381619e-08
   5.8500000e+02   1.7359820e+01   3.9383600e+00  -1.5520950e-01   0.0000000e+00  -8.7643688e-08
   5.8600000e+02   1.7335020e+01   3.9372700e+00  -1.5524110e-01   0.0000000e+00  -8.6906970e-08
   5.8700000e+02   1.7310300e+01   3.9361810e+00  -1.5527249e-01   0.0000000e+00  -8.6171671e-08
   5.8800000e+02   1.7285660e+01   3.9350940e+00  -1.5530364e-01   0.0000000e+00  -8.5437583e-08
   5.8900000e+02   1.7261090e+01   3.9340090e+00  -1.5533452e-01   0.0000000e+00  -8.4704900e-08
   5.9000000e+02   1.7236610e+01   3.9329250e+00  -1.5536523e-01   0.0000000e+00  -8.3973418e-08
   5.9100000e+02   1.7212200e+01   3.9318430e+00  -1.5539567e-01   0.0000000e+00  -8.3243287e-08
   5.9200000e+02   1.7187880e+01   3.9307630e+00  -1.5542591e-01   0.0000000e+00  -8.2514503e-08
   5.9300000e+02   1.7163630e+01   3.9296850e+00  -1.5545591e-01   0.0000000e+00  -8.1786996e-08
   5.9400000e+02   1.7139450e+01   3.9286080e+00  -1.5548567e-01   0.0000000e+00  -8.1060837e-08
   5.9500000e+02   1.7115350e+01   3.9275330e+00  -1.5551521e-01   0.0000000e+00  -8.0335715e-08
   5.9600000e+02   1.7091330e+01   3.9264600e+00  -1.5554454e-01   0.0000000e+00  -7.9612080e-08
   5.9700000e+02   1.7067380e+01   3.9253880e+00  -1.5557364e-01   0.0000000e+00  -7.8889646e-08
   5.9800000e+02   1.7043510e+01   3.9243180e+00  -1.5560253e-01   0.0000000e+00  -7.8168624e-08
   5.9900000e+02   1.7019720e+01   3.9232500e+00  -1.5563121e-01   0.0000000e+00  -7.7448770e-08
   6.0000000e+02   1.6995990e+01   3.9221830e+00  -1.5565965e-01   0.0000000e+00  -7.6730192e-08
   6.0100000e+02   1.6972350e+01   3.9211190e+00  -1.5568789e-01   0.0000000e+00  -7.6012861e-08
   6.0200000e+02   1.6948770e+01   3.9200550e+00  -1.5571592e-01   0.0000000e+00  -7.5296923e-08
   6.0300000e+02   1.6925270e+01   3.9189940e+00  -1.5574372e-01   0.0000000e+00  -7.4582033e-08
   6.0400000e+02   1.6901840e+01   3.9179340e+00  -1.5577131e-01   0.0000000e+00  -7.3868752e-08
   6.0500000e+02   1.6878480e+01   3.9168770e+00  -1.5579865e-01   0.0000000e+00  -7.3156416e-08
   6.0600000e+02   1.6855200e+01   3.9158200e+00  -1.5582586e-01   0.0000000e+00  -7.2445511e-08
   6.0700000e+02   1.6831990e+01   3.9147660e+00  -1.5585281e-01   0.0000000e+00  -7.1735943e-08
   6.0800000e+02   1.6808850e+01   3.9137130e+00  -1.5587957e-01   0.0000000e+00  -7.1027512e-08
   6.0900000e+02   1.6785780e+01   3.9126620e+00  -1.5590612e-01   0.0000000e+00  -7.0320271e-08
   6.1000000e+02   1.6762780e+01   3.9116130e+00  -1.5593244e-01   0.0000000e+00  -6.9614336e-08
   6.1100000e+02   1.6739850e+01   3.9105650e+00  -1.5595857e-01   0.0000000e+00  -6.8909841e-08
   6.1200000e+02   1.6716990e+01   3.9095190e+00  -1.5598451e-01   0.0000000e+00  -6.8206496e-08
   6.1300000e+02   1.6694200e+01   3.9084750e+00  -1.5601022e-01   0.0000000e+00  -6.7504455e-08
   6.1400000e+02   1.6671480e+01   3.9074320e+00  -1.5603577e-01   0.0000000e+00  -6.6803607e-08
   6.1500000e+02   1.6648830e+01   3.9063920e+00  -1.5606107e-01   0.0000000e+00  -6.6104017e-08
   6.1600000e+02   1.6626240e+01   3.9053530e+00  -1.5608616e-01   0.0000000e+00  -6.5405642e-08
   6.1700000e+02   1.6603730e+01   3.9043150e+00  -1.5611113e-01   0.0000000e+00  -6.4708649e-08
   6.1800000e+02   1.6581280e+01   3.9032800e+00  -1.5613583e-01   0.0000000e+00  -6.4012667e-08
   6.1900000e+02   1.6558900e+01   3.9022460e+00  -1.5616037e-01   0.0000000e+00  -6.3318253e-08
   6.2000000e+02   1.6536590e+01   3.9012140e+00  -1.5618470e-01   0.0000000e+00  -6.2624925e-08
   6.2100000e+02   1.6514340e+01   3.9001830e+00  -1.5620885e-01   0.0000000e+00  -6.1932829e-08
   6.2200000e+02   1.6492160e+01   3.8991550e+00  -1.5623278e-01   0.0000000e+00  -6.1242158e-08
   6.2300000e+02   1.6470050e+01   3.8981280e+00  -1.5625654e-01   0.0000000e+00  -6.0552690e-08
   6.2400000e+02   1.6448000e+01   3.8971020e+00  -1.5628012e-01   0.0000000e+00  -5.9864199e-08
   6.2500000e+02   1.6426020e+01   3.8960790e+00  -1.5630348e-01   0.0000000e+00  -5.9177274e-08
   6.2600000e+02   1.6404110e+01   3.8950570e+00  -1.5632669e-01   0.0000000e+00  -5.8491519e-08
   6.2700000e+02   1.6382250e+01   3.8940370e+00  -1.5634967e-01   0.0000000e+00  -5.7806991e-08
   6.2800000e+02   1.6360470e+01   3.8930190e+00  -1.5637248e-01   0.0000000e+00  -5.7123795e-08
   6.2900000e+02   1.6338740e+01   3.8920020e+00  -1.5639508e-01   0.0000000e+00  -5.6441663e-08
   6.3000000e+02   1.6317090e+01   3.8909870e+00  -1.5641755e-01   0.0000000e+00  -5.5760945e-08
   6.3100000e+02   1.6295490e+01   3.8899740e+00  -1.5643978e-01   0.0000000e+00  -5.5081460e-08
   6.3200000e+02   1.6273960e+01   3.8889630e+00  -1.5646184e-01   0.0000000e+00  -5.4403364e-08
   6.3300000e+02   1.6252490e+01   3.8879530e+00  -1.5648373e-01   0.0000000e+00  -5.3726315e-08
   6.3400000e+02   1.6231080e+01   3.8869450e+00  -1.5650543e-01   0.0000000e+00  -5.3050745e-08
   6.3500000e+02   1.6209740e+01   3.8859390e+00  -1.5652696e-01   0.0000000e+00  -5.2376199e-08
   6.3600000e+02   1.6188460e+01   3.8849340e+00  -1.5654832e-01   0.0000000e+00  -5.1703051e-08
   6.3700000e+02   1.6167240e+01   3.8839310e+00  -1.5656948e-01   0.0000000e+00  -5.1031233e-08
   6.3800000e+02   1.6146080e+01   3.8829300e+00  -1.5659046e-01   0.0000000e+00  -5.0360447e-08
   6.3900000e+02   1.6124980e+01   3.8819310e+00  -1.5661125e-01   0.0000000e+00  -4.9691072e-08
   6.4000000e+02   1.6103940e+01   3.8809330e+00  -1.5663188e-01   0.0000000e+00  -4.9023001e-08
   6.4100000e+02   1.6082970e+01   3.8799370e+00  -1.5665235e-01   0.0000000e+00  -4.8356141e-08
   6.4200000e+02   1.6062050e+01   3.8789430e+00  -1.5667262e-01   0.0000000e+00  -4.7690559e-08
   6.4300000e+02   1.6041190e+01   3.8779500e+00  -1.5669273e-01   0.0000000e+00  -4.7026250e-08
   6.4400000e+02   1.6020400e+01   3.8769600e+00  -1.5671267e-01   0.0000000e+00  -4.6363139e-08
   6.4500000e+02   1.5999660e+01   3.8759700e+00  -1.5673244e-01   0.0000000e+00  -4.5701358e-08
   6.4600000e+02   1.5978980e+01   3.8749830e+00  -1.5675200e-01   0.0000000e+00  -4.5040987e-08
   6.4700000e+02   1.5958360e+01   3.8739970e+00  -1.5677143e-01   0.0000000e+00  -4.4381693e-08
   6.4800000e+02   1.5937800e+01   3.8730140e+00  -1.5679068e-01   0.0000000e+00  -4.3723628e-08
   6.4900000e+02   1.5917300e+01   3.8720310e+00  -1.5680978e-01   0.0000000e+00  -4.3067079e-08
   6.5000000e+02   1.5896860e+01   3.8710510e+00  -1.5682870e-01   0.0000000e+00  -4.2411689e-08
   6.5100000e+02   1.5876470e+01   3.8700720e+00  -1.5684744e-01   0.0000000e+00  -4.1757369e-08
   6.5200000e+02   1.5856140e+01   3.8690950e+00  -1.5686601e-01   0.0000000e+00  -4.1104668e-08
   6.5300000e+02   1.5835870e+01   3.8681200e+00  -1.5688443e-01   0.0000000e+00  -4.0453060e-08
   6.5400000e+02   1.5815660e+01   3.8671460e+00  -1.5690270e-01   0.0000000e+00  -3.9802553e-08
   6.5500000e+02   1.5795500e+01   3.8661740e+00  -1.5692079e-01   0.0000000e+00  -3.9153786e-08
   6.5600000e+02   1.5775400e+01   3.8652040e+00  -1.5693871e-01   0.0000000e+00  -3.8505977e-08
   6.5700000e+02   1.5755350e+01   3.8642350e+00  -1.5695648e-01   0.0000000e+00  -3.7859413e-08
   6.5800000e+02   1.5735360e+01   3.8632680e+00  -1.5697409e-01   0.0000000e+00  -3.7214175e-08
   6.5900000e+02   1.5715430e+01   3.8623030e+00  -1.5699154e-01   0.0000000e+00  -3.6570392e-08
   6.6000000e+02   1.5695550e+01   3.8613400e+00  -1.5700879e-01   0.0000000e+00  -3.5927700e-08
   6.6100000e+02   1.5675730e+01   3.8603780e+00  -1.5702595e-01   0.0000000e+00  -3.5286460e-08
   6.6200000e+02   1.5655960e+01   3.8594180e+00  -1.5704291e-01   0.0000000e+00  -3.4646566e-08
   6.6300000e+02   1.5636250e+01   3.8584600e+00  -1.5705973e-01   0.0000000e+00  -3.4007818e-08
   6.6400000e+02   1.5616590e+01   3.8575030e+00  -1.5707640e-01   0.0000000e+00  -3.3370421e-08
   6.6500000e+02   1.5596980e+01   3.8565480e+00  -1.5709287e-01   0.0000000e+00  -3.2734147e-08
   6.6600000e+02   1.5577430e+01   3.8555950e+00  -1.5710921e-01   0.0000000e+00  -3.2099364e-08
   6.6700000e+02   1.5557940e+01   3.8546430e+00  -1.5712546e-01   0.0000000e+00  -3.1465767e-08
   6.6800000e+02   1.5538490e+01   3.8536940e+00  -1.5714145e-01   0.0000000e+00  -3.0833600e-08
   6.6900000e+02   1.5519100e+01   3.8527460e+00  -1.5715734e-01   0.0000000e+00  -3.0202724e-08
   6.7000000e+02   1.5499760e+01   3.8517990e+00  -1.5717307e-01   0.0000000e+00  -2.9573101e-08
   6.7100000e+02   1.5480480e+01   3.8508540e+00  -1.5718868e-01   0.0000000e+00  -2.8944538e-08
   6.7200000e+02   1.5461250e+01   3.8499110e+00  -1.5720413e-01   0.0000000e+00  -2.8317622e-08
   6.7300000e+02   1.5442060e+01   3.8489700e+00  -1.5721936e-01   0.0000000e+00  -2.7691936e-08
   6.7400000e+02   1.5422940e+01   3.8480300e+00  -1.5723454e-01   0.0000000e+00  -2.7067461e-08
   6.7500000e+02   1.5403860e+01   3.8470920e+00  -1.5724952e-01   0.0000000e+00  -2.6444381e-08
   6.7600000e+02   1.5384830e+01   3.8461560e+00  -1.5726434e-01   0.0000000e+00  -2.5822494e-08
   6.7700000e+02   1.5365860e+01   3.8452210e+00  -1.5727906e-01   0.0000000e+00  -2.5202101e-08
   6.7800000e+02   1.5346940e+01   3.8442880e+00  -1.5729363e-01   0.0000000e+00  -2.4582872e-08
   6.7900000e+02   1.5328060e+01   3.8433570e+00  -1.5730799e-01   0.0000000e+00  -2.3965070e-08
   6.8000000e+02   1.5309240e+01   3.8424270e+00  -1.5732226e-01   0.0000000e+00  -2.3348461e-08
   6.8100000e+02   1.5290470e+01   3.8415000e+00  -1.5733637e-01   0.0000000e+00  -2.2733422e-08
   6.8200000e+02   1.5271750e+01   3.8405730e+00  -1.5735037e-01   0.0000000e+00  -2.2119344e-08
   6.8300000e+02   1.5253080e+01   3.8396490e+00  -1.5736418e-01   0.0000000e+00  -2.1506825e-08
   6.8400000e+02   1.5234460e+01   3.8387260e+00  -1.5737788e-01   0.0000000e+00  -2.0895643e-08
   6.8500000e+02   1.5215880e+01   3.8378050e+00  -1.5739140e-01   0.0000000e+00  -2.0285543e-08
   6.8600000e+02   1.5197360e+01   3.8368850e+00  -1.5740483e-01   0.0000000e+00  -1.9676991e-08
   6.8700000e+02   1.5178890e+01   3.8359670e+00  -1.5741811e-01   0.0000000e+00  -1.9069677e-08
   6.8800000e+02   1.5160460e+01   3.8350510e+00  -1.5743122e-01   0.0000000e+00  -1.8463831e-08
   6.8900000e+02   1.5142080e+01   3.8341360e+00  -1.5744422e-01   0.0000000e+00  -1.7859165e-08
   6.9000000e+02   1.5123760e+01   3.8332230e+00  -1.5745709e-01   0.0000000e+00  -1.7255988e-08
   6.9100000e+02   1.5105480e+01   3.8323120e+00  -1.5746981e-01   0.0000000e+00  -1.6653888e-08
   6.9200000e+02   1.5087240e+01   3.8314030e+00  -1.5748235e-01   0.0000000e+00  -1.6053203e-08
   6.9300000e+02   1.5069060e+01   3.8304950e+00  -1.5749481e-01   0.0000000e+00  -1.5453995e-08
   6.9400000e+02   1.5050920e+01   3.8295880e+00  -1.5750715e-01   0.0000000e+00  -1.4855972e-08
   6.9500000e+02   1.5032830e+01   3.8286840e+00  -1.5751930e-01   0.0000000e+00  -1.4259397e-08
   6.9600000e+02   1.5014790e+01   3.8277810e+00  -1.5753135e-01   0.0000000e+00  -1.3664099e-08
   6.9700000e+02   1.4996800e+01   3.8268790e+00  -1.5754330e-01   0.0000000e+00  -1.3070173e-08
   6.9800000e+02   1.4978850e+01   3.8259800e+00  -1.5755505e-01   0.0000000e+00  -1.2477754e-08
   6.9900000e+02   1.4960950e+01   3.8250820e+00  -1.5756671e-01   0.0000000e+00  -1.1886449e-08
   7.0000000e+02   1.4943090e+01   3.8241850e+00  -1.5757823e-01   0.0000000e+00  -1.1296530e-08
   7.0100000e+02   1.4925280e+01   3.8232910e+00  -1.5758961e-01   0.0000000e+00  -1.0707902e-08
   7.0200000e+02   1.4907520e+01   3.8223980e+00  -1.5760087e-01   0.0000000e+00  -1.0120613e-08
   7.0300000e+02   1.4889800e+01   3.8215060e+00  -1.5761201e-01   0.0000000e+00  -9.5347407e-09
   7.0400000e+02   1.4872130e+01   3.8206160e+00  -1.5762304e-01   0.0000000e+00  -8.9503877e-09
   7.0500000e+02   1.4854500e+01   3.8197280e+00  -1.5763389e-01   0.0000000e+00  -8.3671624e-09
   7.0600000e+02   1.4836920e+01   3.8188420e+00  -1.5764463e-01   0.0000000e+00  -7.7853889e-09
   7.0700000e+02   1.4819380e+01   3.8179570e+00  -1.5765524e-01   0.0000000e+00  -7.2049263e-09
   7.0800000e+02   1.4801890e+01   3.8170730e+00  -1.5766577e-01   0.0000000e+00  -6.6258530e-09
   7.0900000e+02   1.4784440e+01   3.8161920e+00  -1.5767613e-01   0.0000000e+00  -6.0480108e-09
   7.1000000e+02   1.4767040e+01   3.8153120e+00  -1.5768638e-01   0.0000000e+00  -5.4716839e-09
   7.1100000e+02   1.4749680e+01   3.8144330e+00  -1.5769651e-01   0.0000000e+00  -4.8965020e-09
   7.1200000e+02   1.4732360e+01   3.8135560e+00  -1.5770651e-01   0.0000000e+00  -4.3228426e-09
   7.1300000e+02   1.4715090e+01   3.8126810e+00  -1.5771639e-01   0.0000000e+00  -3.7506770e-09
   7.1400000e+02   1.4697870e+01   3.8118080e+00  -1.5772615e-01   0.0000000e+00  -3.1797006e-09
   7.1500000e+02   1.4680680e+01   3.8109360e+00  -1.5773577e-01   0.0000000e+00  -2.6101766e-09
   7.1600000e+02   1.4663540e+01   3.8100650e+00  -1.5774531e-01   0.0000000e+00  -2.0417342e-09
   7.1700000e+02   1.4646440e+01   3.8091960e+00  -1.5775471e-01   0.0000000e+00  -1.4749203e-09
   7.1800000e+02   1.4629390e+01   3.8083290e+00  -1.5776400e-01   0.0000000e+00  -9.0953673e-10
   7.1900000e+02   1.4612380e+01   3.8074640e+00  -1.5777315e-01   0.0000000e+00  -3.4524848e-10
   7.2000000e+02   1.4595410e+01   3.8066000e+00  -1.5778219e-01   0.0000000e+00   2.1736932e-10
   7.2100000e+02   1.4578480e+01   3.8057380e+00  -1.5779110e-01   0.0000000e+00   7.7878291e-10
   7.2200000e+02   1.4561600e+01   3.8048770e+00  -1.5779992e-01   0.0000000e+00   1.3388958e-09
   7.2300000e+02   1.4544760e+01   3.8040180e+00  -1.5780862e-01   0.0000000e+00   1.8976303e-09
   7.2400000e+02   1.4527950e+01   3.8031600e+00  -1.5781718e-01   0.0000000e+00   2.4548967e-09
   7.2500000e+02   1.4511200e+01   3.8023040e+00  -1.5782567e-01   0.0000000e+00   3.0106756e-09
   7.2600000e+02   1.4494480e+01   3.8014500e+00  -1.5783400e-01   0.0000000e+00   3.5652858e-09
   7.2700000e+02   1.4477800e+01   3.8005970e+00  -1.5784222e-01   0.0000000e+00   4.1184541e-09
   7.2800000e+02   1.4461170e+01   3.7997460e+00  -1.5785034e-01   0.0000000e+00   4.6703423e-09
   7.2900000e+02   1.4444570e+01   3.7988960e+00  -1.5785836e-01   0.0000000e+00   5.2206998e-09
   7.3000000e+02   1.4428020e+01   3.7980480e+00  -1.5786625e-01   0.0000000e+00   5.7697423e-09
   7.3100000e+02   1.4411510e+01   3.7972020e+00  -1.5787402e-01   0.0000000e+00   6.3173982e-09
   7.3200000e+02   1.4395040e+01   3.7963570e+00  -1.5788171e-01   0.0000000e+00   6.8637041e-09
   7.3300000e+02   1.4378610e+01   3.7955140e+00  -1.5788927e-01   0.0000000e+00   7.4088193e-09
   7.3400000e+02   1.4362220e+01   3.7946720e+00  -1.5789673e-01   0.0000000e+00   7.9521995e-09
   7.3500000e+02   1.4345860e+01   3.7938320e+00  -1.5790403e-01   0.0000000e+00   8.4943384e-09
   7.3600000e+02   1.4329550e+01   3.7929930e+00  -1.5791129e-01   0.0000000e+00   9.0352586e-09
   7.3700000e+02   1.4313280e+01   3.7921560e+00  -1.5791841e-01   0.0000000e+00   9.5747743e-09
   7.3800000e+02   1.4297050e+01   3.7913210e+00  -1.5792542e-01   0.0000000e+00   1.0112518e-08
   7.3900000e+02   1.4280860e+01   3.7904870e+00  -1.5793233e-01   0.0000000e+00   1.0649177e-08
   7.4000000e+02   1.4264700e+01   3.7896550e+00  -1.5793912e-01   0.0000000e+00   1.1184624e-08
   7.4100000e+02   1.4248590e+01   3.7888240e+00  -1.5794583e-01   0.0000000e+00   1.1718332e-08
   7.4200000e+02   1.4232520e+01   3.7879950e+00  -1.5795242e-01   0.0000000e+00   1.2250998e-08
   7.4300000e+02   1.4216480e+01   3.7871670e+00  -1.5795892e-01   0.0000000e+00   1.2781999e-08
   7.4400000e+02   1.4200480e+01   3.7863410e+00  -1.5796529e-01   0.0000000e+00   1.3311825e-08
   7.4500000e+02   1.4184520e+01   3.7855160e+00  -1.5797158e-01   0.0000000e+00   1.3840121e-08
   7.4600000e+02   1.4168600e+01   3.7846930e+00  -1.5797774e-01   0.0000000e+00   1.4367049e-08
   7.4700000e+02   1.4152720e+01   3.7838720e+00  -1.5798381e-01   0.0000000e+00   1.4892584e-08
   7.4800000e+02   1.4136870e+01   3.7830520e+00  -1.5798977e-01   0.0000000e+00   1.5416816e-08
   7.4900000e+02   1.4121070e+01   3.7822330e+00  -1.5799568e-01   0.0000000e+00   1.5939782e-08
   7.5000000e+02   1.4105300e+01   3.7814170e+00  -1.5800141e-01   0.0000000e+00   1.6461152e-08
   7.5100000e+02   1.4089570e+01   3.7806010e+00  -1.5800710e-01   0.0000000e+00   1.6981025e-08
   7.5200000e+02   1.4073870e+01   3.7797870e+00  -1.5801266e-01   0.0000000e+00   1.7499944e-08
   7.5300000e+02   1.4058210e+01   3.7789750e+00  -1.5801810e-01   0.0000000e+00   1.8016976e-08
   7.5400000e+02   1.4042600e+01   3.7781640e+00  -1.5802351e-01   0.0000000e+00   1.8532945e-08
   7.5500000e+02   1.4027010e+01   3.7773550e+00  -1.5802875e-01   0.0000000e+00   1.9047378e-08
   7.5600000e+02   1.4011470e+01   3.7765470e+00  -1.5803394e-01   0.0000000e+00   1.9560589e-08
   7.5700000e+02   1.3995960e+01   3.7757410e+00  -1.5803901e-01   0.0000000e+00   2.0072393e-08
   7.5800000e+02   1.3980480e+01   3.7749370e+00  -1.5804394e-01   0.0000000e+00   2.0582571e-08
   7.5900000e+02   1.3965050e+01   3.7741330e+00  -1.5804886e-01   0.0000000e+00   2.1091557e-08
   7.6000000e+02   1.3949650e+01   3.7733320e+00  -1.5805363e-01   0.0000000e+00   2.1599230e-08
   7.6100000e+02   1.3934280e+01   3.7725320e+00  -1.5805829e-01   0.0000000e+00   2.2105347e-08
   7.6200000e+02   1.3918960e+01   3.7717330e+00  -1.5806293e-01   0.0000000e+00   2.2610026e-08
   7.6300000e+02   1.3903660e+01   3.7709360e+00  -1.5806739e-01   0.0000000e+00   2.3113413e-08
   7.6400000e+02   1.3888410e+01   3.7701400e+00  -1.5807183e-01   0.0000000e+00   2.3615581e-08
   7.6500000e+02   1.3873190e+01   3.7693460e+00  -1.5807613e-01   0.0000000e+00   2.4116088e-08
   7.6600000e+02   1.3858000e+01   3.7685530e+00  -1.5808035e-01   0.0000000e+00   2.4615464e-08
   7.6700000e+02   1.3842850e+01   3.7677620e+00  -1.5808446e-01   0.0000000e+00   2.5113149e-08
   7.6800000e+02   1.3827740e+01   3.7669730e+00  -1.5808850e-01   0.0000000e+00   2.5609710e-08
   7.6900000e+02   1.3812660e+01   3.7661840e+00  -1.5809247e-01   0.0000000e+00   2.6104770e-08
   7.7000000e+02   1.3797610e+01   3.7653980e+00  -1.5809627e-01   0.0000000e+00   2.6598605e-08
   7.7100000e+02   1.3782600e+01   3.7646130e+00  -1.5810002e-01   0.0000000e+00   2.7090755e-08
   7.7200000e+02   1.3767630e+01   3.7638290e+00  -1.5810373e-01   0.0000000e+00   2.7581834e-08
   7.7300000e+02   1.3752690e+01   3.7630470e+00  -1.5810730e-01   0.0000000e+00   2.8071307e-08
   7.7400000e+02   1.3737780e+01   3.7622660e+00  -1.5811078e-01   0.0000000e+00   2.8559445e-08
   7.7500000e+02   1.3722910e+01   3.7614860e+00  -1.5811422e-01   0.0000000e+00   2.9046056e-08
   7.7600000e+02   1.3708070e+01   3.7607090e+00  -1.5811750e-01   0.0000000e+00   2.9531476e-08
   7.7700000e+02   1.3693270e+01   3.7599320e+00  -1.5812075e-01   0.0000000e+00   3.0015477e-08
   7.7800000e+02   1.3678500e+01   3.7591570e+00  -1.5812390e-01   0.0000000e+00   3.0498144e-08
   7.7900000e+02   1.3663760e+01   3.7583840e+00  -1.5812692e-01   0.0000000e+00   3.0979361e-08
   7.8000000e+02   1.3649060e+01   3.7576120e+00  -1.5812990e-01   0.0000000e+00   3.1459108e-08
   7.8100000e+02   1.3634390e+01   3.7568410e+00  -1.5813280e-01   0.0000000e+00   3.1937537e-08
   7.8200000e+02   1.3619750e+01   3.7560720e+00  -1.5813557e-01   0.0000000e+00   3.2414533e-08
   7.8300000e+02   1.3605150e+01   3.7553050e+00  -1.5813827e-01   0.0000000e+00   3.2890452e-08
   7.8400000e+02   1.3590580e+01   3.7545390e+00  -1.5814089e-01   0.0000000e+00   3.3364629e-08
   7.8500000e+02   1.3576040e+01   3.7537740e+00  -1.5814343e-01   0.0000000e+00   3.3837704e-08
   7.8600000e+02   1.3561540e+01   3.7530110e+00  -1.5814589e-01   0.0000000e+00   3.4309009e-08
   7.8700000e+02   1.3547070e+01   3.7522490e+00  -1.5814828e-01   0.0000000e+00   3.4779409e-08
   7.8800000e+02   1.3532630e+01   3.7514880e+00  -1.5815058e-01   0.0000000e+00   3.5248092e-08
   7.8900000e+02   1.3518220e+01   3.7507300e+00  -1.5815275e-01   0.0000000e+00   3.5715559e-08
   7.9000000e+02   1.3503850e+01   3.7499720e+00  -1.5815489e-01   0.0000000e+00   3.6181444e-08
   7.9100000e+02   1.3489510e+01   3.7492160e+00  -1.5815695e-01   0.0000000e+00   3.6646244e-08
   7.9200000e+02   1.3475200e+01   3.7484610e+00  -1.5815893e-01   0.0000000e+00   3.7109365e-08
   7.9300000e+02   1.3460920e+01   3.7477080e+00  -1.5816078e-01   0.0000000e+00   3.7571233e-08
   7.9400000e+02   1.3446680e+01   3.7469560e+00  -1.5816261e-01   0.0000000e+00   3.8031870e-08
   7.9500000e+02   1.3432460e+01   3.7462060e+00  -1.5816430e-01   0.0000000e+00   3.8490967e-08
   7.9600000e+02   1.3418280e+01   3.7454570e+00  -1.5816596e-01   0.0000000e+00   3.8948688e-08
   7.9700000e+02   1.3404130e+01   3.7447090e+00  -1.5816754e-01   0.0000000e+00   3.9405196e-08
   7.9800000e+02   1.3390010e+01   3.7439630e+00  -1.5816902e-01   0.0000000e+00   3.9859989e-08
   7.9900000e+02   1.3375920e+01   3.7432190e+00  -1.5817041e-01   0.0000000e+00   4.0313755e-08
   8.0000000e+02   1.3361870e+01   3.7424750e+00  -1.5817178e-01   0.0000000e+00   4.0765979e-08
   8.0100000e+02   1.3347840e+01   3.7417330e+00  -1.5817302e-01   0.0000000e+00   4.1217048e-08
   8.0200000e+02   1.3333850e+01   3.7409930e+00  -1.5817420e-01   0.0000000e+00   4.1666395e-08
   8.0300000e+02   1.3319890e+01   3.7402540e+00  -1.5817531e-01   0.0000000e+00   4.2114555e-08
   8.0400000e+02   1.3305950e+01   3.7395160e+00  -1.5817632e-01   0.0000000e+00   4.2561413e-08
   8.0500000e+02   1.3292050e+01   3.7387800e+00  -1.5817727e-01   0.0000000e+00   4.3006743e-08
   8.0600000e+02   1.3278180e+01   3.7380450e+00  -1.5817816e-01   0.0000000e+00   4.3450906e-08
   8.0700000e+02   1.3264340e+01   3.7373110e+00  -1.5817898e-01   0.0000000e+00   4.3893401e-08
   8.0800000e+02   1.3250530e+01   3.7365790e+00  -1.5817970e-01   0.0000000e+00   4.4334927e-08
   8.0900000e+02   1.3236750e+01   3.7358480e+00  -1.5818037e-01   0.0000000e+00   4.4774666e-08
   8.1000000e+02   1.3223000e+01   3.7351190e+00  -1.5818094e-01   0.0000000e+00   4.5213324e-08
   8.1100000e+02   1.3209280e+01   3.7343910e+00  -1.5818145e-01   0.0000000e+00   4.5650658e-08
   8.1200000e+02   1.3195590e+01   3.7336640e+00  -1.5818190e-01   0.0000000e+00   4.6086541e-08
   8.1300000e+02   1.3181930e+01   3.7329390e+00  -1.5818226e-01   0.0000000e+00   4.6520978e-08
   8.1400000e+02   1.3168300e+01   3.7322150e+00  -1.5818256e-01   0.0000000e+00   4.6954159e-08
   8.1500000e+02   1.3154700e+01   3.7314930e+00  -1.5818277e-01   0.0000000e+00   4.7385987e-08
   8.1600000e+02   1.3141130e+01   3.7307720e+00  -1.5818293e-01   0.0000000e+00   4.7816276e-08
   8.1700000e+02   1.3127580e+01   3.7300520e+00  -1.5818300e-01   0.0000000e+00   4.8245358e-08
   8.1800000e+02   1.3114070e+01   3.7293340e+00  -1.5818300e-01   0.0000000e+00   4.8673046e-08
   8.1900000e+02   1.3100590e+01   3.7286170e+00  -1.5818296e-01   0.0000000e+00   4.9099393e-08
   8.2000000e+02   1.3087130e+01   3.7279010e+00  -1.5818283e-01   0.0000000e+00   4.9524556e-08
   8.2100000e+02   1.3073710e+01   3.7271870e+00  -1.5818263e-01   0.0000000e+00   4.9948113e-08
   8.2200000e+02   1.3060310e+01   3.7264740e+00  -1.5818236e-01   0.0000000e+00   5.0370553e-08
   8.2300000e+02   1.3046940e+01   3.7257620e+00  -1.5818203e-01   0.0000000e+00   5.0791551e-08
   8.2400000e+02   1.3033600e+01   3.7250520e+00  -1.5818163e-01   0.0000000e+00   5.1211111e-08
   8.2500000e+02   1.3020290e+01   3.7243430e+00  -1.5818116e-01   0.0000000e+00   5.1629372e-08
   8.2600000e+02   1.3007010e+01   3.7236350e+00  -1.5818066e-01   0.0000000e+00   5.2046163e-08
   8.2700000e+02   1.2993760e+01   3.7229290e+00  -1.5818005e-01   0.0000000e+00   5.2461813e-08
   8.2800000e+02   1.2980530e+01   3.7222240e+00  -1.5817938e-01   0.0000000e+00   5.2876054e-08
   8.2900000e+02   1.2967330e+01   3.7215200e+00  -1.5817864e-01   0.0000000e+00   5.3288869e-08
   8.3000000e+02   1.2954160e+01   3.7208180e+00  -1.5817785e-01   0.0000000e+00   5.3700476e-08
   8.3100000e+02   1.2941020e+01   3.7201170e+00  -1.5817700e-01   0.0000000e+00   5.4110557e-08
   8.3200000e+02   1.2927910e+01   3.7194180e+00  -1.5817605e-01   0.0000000e+00   5.4519604e-08
   8.3300000e+02   1.2914820e+01   3.7187190e+00  -1.5817508e-01   0.0000000e+00   5.4927042e-08
   8.3400000e+02   1.2901770e+01   3.7180220e+00  -1.5817405e-01   0.0000000e+00   5.5333298e-08
   8.3500000e+02   1.2888730e+01   3.7173270e+00  -1.5817289e-01   0.0000000e+00   5.5738174e-08
   8.3600000e+02   1.2875730e+01   3.7166320e+00  -1.5817172e-01   0.0000000e+00   5.6141560e-08
   8.3700000e+02   1.2862760e+01   3.7159390e+00  -1.5817051e-01   0.0000000e+00   5.6543927e-08
   8.3800000e+02   1.2849810e+01   3.7152480e+00  -1.5816917e-01   0.0000000e+00   5.6944705e-08
   8.3900000e+02   1.2836890e+01   3.7145570e+00  -1.5816783e-01   0.0000000e+00   5.7344473e-08
   8.4000000e+02   1.2823990e+01   3.7138680e+00  -1.5816637e-01   0.0000000e+00   5.7742581e-08
   8.4100000e+02   1.2811130e+01   3.7131800e+00  -1.5816492e-01   0.0000000e+00   5.8139458e-08
   8.4200000e+02   1.2798290e+01   3.7124940e+00  -1.5816335e-01   0.0000000e+00   5.8535160e-08
   8.4300000e+02   1.2785470e+01   3.7118090e+00  -1.5816171e-01   0.0000000e+00   5.8929319e-08
   8.4400000e+02   1.2772690e+01   3.7111250e+00  -1.5816005e-01   0.0000000e+00   5.9322204e-08
   8.4500000e+02   1.2759930e+01   3.7104420e+00  -1.5815834e-01   0.0000000e+00   5.9713761e-08
   8.4600000e+02   1.2747190e+01   3.7097610e+00  -1.5815652e-01   0.0000000e+00   6.0104235e-08
   8.4700000e+02   1.2734490e+01   3.7090810e+00  -1.5815469e-01   0.0000000e+00   6.0493227e-08
   8.4800000e+02   1.2721810e+01   3.7084020e+00  -1.5815278e-01   0.0000000e+00   6.0880779e-08
   8.4900000e+02   1.2709150e+01   3.7077250e+00  -1.5815079e-01   0.0000000e+00   6.1267102e-08
   8.5000000e+02   1.2696530e+01   3.7070480e+00  -1.5814881e-01   0.0000000e+00   6.1652205e-08
   8.5100000e+02   1.2683920e+01   3.7063740e+00  -1.5814667e-01   0.0000000e+00   6.2035944e-08
   8.5200000e+02   1.2671350e+01   3.7057000e+00  -1.5814455e-01   0.0000000e+00   6.2418338e-08
   8.5300000e+02   1.2658800e+01   3.7050280e+00  -1.5814234e-01   0.0000000e+00   6.2799386e-08
   8.5400000e+02   1.2646280e+01   3.7043560e+00  -1.5814013e-01   0.0000000e+00   6.3179179e-08
   8.5500000e+02   1.2633780e+01   3.7036870e+00  -1.5813779e-01   0.0000000e+00   6.3557799e-08
   8.5600000e+02   1.2621310e+01   3.7030180e+00  -1.5813545e-01   0.0000000e+00   6.3934937e-08
   8.5700000e+02   1.2608860e+01   3.7023510e+00  -1.5813300e-01   0.0000000e+00   6.4310788e-08
   8.5800000e+02   1.2596440e+01   3.7016850e+00  -1.5813053e-01   0.0000000e+00   6.4685611e-08
   8.5900000e+02   1.2584040e+01   3.7010200e+00  -1.5812797e-01   0.0000000e+00   6.5058721e-08
   8.6000000e+02   1.2571670e+01   3.7003560e+00  -1.5812541e-01   0.0000000e+00   6.5430790e-08
   8.6100000e+02   1.2559330e+01   3.6996940e+00  -1.5812278e-01   0.0000000e+00   6.5801630e-08
   8.6200000e+02   1.2547010e+01   3.6990330e+00  -1.5812008e-01   0.0000000e+00   6.6171019e-08
   8.6300000e+02   1.2534710e+01   3.6983730e+00  -1.5811733e-01   0.0000000e+00   6.6539127e-08
   8.6400000e+02   1.2522440e+01   3.6977150e+00  -1.5811450e-01   0.0000000e+00   6.6906043e-08
   8.6500000e+02   1.2510200e+01   3.6970570e+00  -1.5811168e-01   0.0000000e+00   6.7271542e-08
   8.6600000e+02   1.2497980e+01   3.6964010e+00  -1.5810878e-01   0.0000000e+00   6.7636013e-08
   8.6700000e+02   1.2485780e+01   3.6957460e+00  -1.5810580e-01   0.0000000e+00   6.7999049e-08
   8.6800000e+02   1.2473610e+01   3.6950930e+00  -1.5810276e-01   0.0000000e+00   6.8360682e-08
   8.6900000e+02   1.2461470e+01   3.6944400e+00  -1.5809974e-01   0.0000000e+00   6.8721121e-08
   8.7000000e+02   1.2449350e+01   3.6937890e+00  -1.5809663e-01   0.0000000e+00   6.9080327e-08
   8.7100000e+02   1.2437250e+01   3.6931390e+00  -1.5809345e-01   0.0000000e+00   6.9438272e-08
   8.7200000e+02   1.2425180e+01   3.6924910e+00  -1.5809022e-01   0.0000000e+00   6.9794825e-08
   8.7300000e+02   1.2413130e+01   3.6918430e+00  -1.5808696e-01   0.0000000e+00   7.0150123e-08
   8.7400000e+02   1.2401110e+01   3.6911970e+00  -1.5808364e-01   0.0000000e+00   7.0504314e-08
   8.7500000e+02   1.2389110e+01   3.6905520e+00  -1.5808027e-01   0.0000000e+00   7.0857059e-08
   8.7600000e+02   1.2377130e+01   3.6899080e+00  -1.5807685e-01   0.0000000e+00   7.1208636e-08
   8.7700000e+02   1.2365180e+01   3.6892650e+00  -1.5807341e-01   0.0000000e+00   7.1559007e-08
   8.7800000e+02   1.2353250e+01   3.6886240e+00  -1.5806987e-01   0.0000000e+00   7.1908123e-08
   8.7900000e+02   1.2341350e+01   3.6879840e+00  -1.5806631e-01   0.0000000e+00   7.2255693e-08
   8.8000000e+02   1.2329470e+01   3.6873450e+00  -1.5806270e-01   0.0000000e+00   7.2602216e-08
   8.8100000e+02   1.2317610e+01   3.6867070e+00  -1.5805904e-01   0.0000000e+00   7.2947606e-08
   8.8200000e+02   1.2305780e+01   3.6860700e+00  -1.5805535e-01   0.0000000e+00   7.3291411e-08
   8.8300000e+02   1.2293970e+01   3.6854350e+00  -1.5805157e-01   0.0000000e+00   7.3634326e-08
   8.8400000e+02   1.2282180e+01   3.6848010e+00  -1.5804776e-01   0.0000000e+00   7.3975815e-08
   8.8500000e+02   1.2270420e+01   3.6841680e+00  -1.5804391e-01   0.0000000e+00   7.4315968e-08
   8.8600000e+02   1.2258680e+01   3.6835360e+00  -1.5804001e-01   0.0000000e+00   7.4654966e-08
   8.8700000e+02   1.2246970e+01   3.6829050e+00  -1.5803611e-01   0.0000000e+00   7.4992970e-08
   8.8800000e+02   1.2235270e+01   3.6822760e+00  -1.5803208e-01   0.0000000e+00   7.5329377e-08
   8.8900000e+02   1.2223610e+01   3.6816470e+00  -1.5802811e-01   0.0000000e+00   7.5664653e-08
   8.9000000e+02   1.2211960e+01   3.6810200e+00  -1.5802401e-01   0.0000000e+00   7.5998599e-08
   8.9100000e+02   1.2200340e+01   3.6803940e+00  -1.5801991e-01   0.0000000e+00   7.6331642e-08
   8.9200000e+02   1.2188730e+01   3.6797700e+00  -1.5801567e-01   0.0000000e+00   7.6662948e-08
   8.9300000e+02   1.2177160e+01   3.6791460e+00  -1.5801151e-01   0.0000000e+00   7.6993373e-08
   8.9400000e+02   1.2165600e+01   3.6785240e+00  -1.5800723e-01   0.0000000e+00   7.7322488e-08
   8.9500000e+02   1.2154070e+01   3.6779020e+00  -1.5800295e-01   0.0000000e+00   7.7650418e-08
   8.9600000e+02   1.2142560e+01   3.6772820e+00  -1.5799860e-01   0.0000000e+00   7.7976983e-08
   8.9700000e+02   1.2131070e+01   3.6766630e+00  -1.5799421e-01   0.0000000e+00   7.8302509e-08
   8.9800000e+02   1.2119610e+01   3.6760460e+00  -1.5798978e-01   0.0000000e+00   7.8626686e-08
   8.9900000e+02   1.2108160e+01   3.6754290e+00  -1.5798529e-01   0.0000000e+00   7.8949757e-08
   9.0000000e+02   1.2096740e+01   3.6748130e+00  -1.5798080e-01   0.0000000e+00   7.9271675e-08
   9.0100000e+02   1.2085350e+01   3.6741990e+00  -1.5797625e-01   0.0000000e+00   7.9592079e-08
   9.0200000e+02   1.2073970e+01   3.6735860e+00  -1.5797164e-01   0.0000000e+00   7.9911591e-08
   9.0300000e+02   1.2062620e+01   3.6729740e+00  -1.5796701e-01   0.0000000e+00   8.0229538e-08
   9.0400000e+02   1.2051280e+01   3.6723630e+00  -1.5796230e-01   0.0000000e+00   8.0546503e-08
   9.0500000e+02   1.2039970e+01   3.6717530e+00  -1.5795759e-01   0.0000000e+00   8.0862452e-08
   9.0600000e+02   1.2028690e+01   3.6711450e+00  -1.5795283e-01   0.0000000e+00   8.1176764e-08
   9.0700000e+02   1.2017420e+01   3.6705370e+00  -1.5794804e-01   0.0000000e+00   8.1490323e-08
   9.0800000e+02   1.2006170e+01   3.6699310e+00  -1.5794316e-01   0.0000000e+00   8.1802403e-08
   9.0900000e+02   1.1994950e+01   3.6693260e+00  -1.5793827e-01   0.0000000e+00   8.2113341e-08
   9.1000000e+02   1.1983750e+01   3.6687220e+00  -1.5793335e-01   0.0000000e+00   8.2423156e-08
   9.1100000e+02   1.1972570e+01   3.6681190e+00  -1.5792840e-01   0.0000000e+00   8.2731387e-08
   9.1200000e+02   1.1961410e+01   3.6675170e+00  -1.5792340e-01   0.0000000e+00   8.3039023e-08
   9.1300000e+02   1.1950280e+01   3.6669160e+00  -1.5791838e-01   0.0000000e+00   8.3345084e-08
   9.1400000e+02   1.1939160e+01   3.6663170e+00  -1.5791327e-01   0.0000000e+00   8.3650089e-08
   9.1500000e+02   1.1928070e+01   3.6657180e+00  -1.5790818e-01   0.0000000e+00   8.3953830e-08
   9.1600000e+02   1.1916990e+01   3.6651210e+00  -1.5790299e-01   0.0000000e+00   8.4256457e-08
   9.1700000e+02   1.1905940e+01   3.6645240e+00  -1.5789783e-01   0.0000000e+00   8.4557994e-08
   9.1800000e+02   1.1894910e+01   3.6639290e+00  -1.5789260e-01   0.0000000e+00   8.4858111e-08
   9.1900000e+02   1.1883900e+01   3.6633350e+00  -1.5788732e-01   0.0000000e+00   8.5157327e-08
   9.2000000e+02   1.1872910e+01   3.6627420e+00  -1.5788201e-01   0.0000000e+00   8.5455056e-08
   9.2100000e+02   1.1861950e+01   3.6621510e+00  -1.5787667e-01   0.0000000e+00   8.5751860e-08
   9.2200000e+02   1.1851000e+01   3.6615600e+00  -1.5787129e-01   0.0000000e+00   8.6047481e-08
   9.2300000e+02   1.1840070e+01   3.6609700e+00  -1.5786588e-01   0.0000000e+00   8.6341764e-08
   9.2400000e+02   1.1829170e+01   3.6603820e+00  -1.5786043e-01   0.0000000e+00   8.6635010e-08
   9.2500000e+02   1.1818280e+01   3.6597940e+00  -1.5785494e-01   0.0000000e+00   8.6927242e-08
   9.2600000e+02   1.1807420e+01   3.6592080e+00  -1.5784942e-01   0.0000000e+00   8.7218087e-08
   9.2700000e+02   1.1796570e+01   3.6586230e+00  -1.5784383e-01   0.0000000e+00   8.7507841e-08
   9.2800000e+02   1.1785750e+01   3.6580390e+00  -1.5783824e-01   0.0000000e+00   8.7796424e-08
   9.2900000e+02   1.1774950e+01   3.6574550e+00  -1.5783265e-01   0.0000000e+00   8.8083900e-08
   9.3000000e+02   1.1764170e+01   3.6568730e+00  -1.5782700e-01   0.0000000e+00   8.8370210e-08
   9.3100000e+02   1.1753400e+01   3.6562930e+00  -1.5782125e-01   0.0000000e+00   8.8655220e-08
   9.3200000e+02   1.1742660e+01   3.6557130e+00  -1.5781553e-01   0.0000000e+00   8.8939315e-08
   9.3300000e+02   1.1731940e+01   3.6551340e+00  -1.5780977e-01   0.0000000e+00   8.9222204e-08
   9.3400000e+02   1.1721240e+01   3.6545560e+00  -1.5780399e-01   0.0000000e+00   8.9503693e-08
   9.3500000e+02   1.1710560e+01   3.6539800e+00  -1.5779814e-01   0.0000000e+00   8.9784516e-08
   9.3600000e+02   1.1699900e+01   3.6534040e+00  -1.5779230e-01   0.0000000e+00   9.0063984e-08
   9.3700000e+02   1.1689250e+01   3.6528300e+00  -1.5778636e-01   0.0000000e+00   9.0342000e-08
   9.3800000e+02   1.1678630e+01   3.6522560e+00  -1.5778045e-01   0.0000000e+00   9.0619238e-08
   9.3900000e+02   1.1668030e+01   3.6516840e+00  -1.5777448e-01   0.0000000e+00   9.0895313e-08
   9.4000000e+02   1.1657450e+01   3.6511120e+00  -1.5776852e-01   0.0000000e+00   9.1170284e-08
   9.4100000e+02   1.1646880e+01   3.6505420e+00  -1.5776246e-01   0.0000000e+00   9.1444003e-08
   9.4200000e+02   1.1636340e+01   3.6499730e+00  -1.5775640e-01   0.0000000e+00   9.1716801e-08
   9.4300000e+02   1.1625820e+01   3.6494050e+00  -1.5775032e-01   0.0000000e+00   9.1988390e-08
   9.4400000e+02   1.1615310e+01   3.6488380e+00  -1.5774417e-01   0.0000000e+00   9.2258598e-08
   9.4500000e+02   1.1604830e+01   3.6482720e+00  -1.5773803e-01   0.0000000e+00   9.2527870e-08
   9.4600000e+02   1.1594360e+01   3.6477070e+00  -1.5773183e-01   0.0000000e+00   9.2796151e-08
   9.4700000e+02   1.1583920e+01   3.6471430e+00  -1.5772564e-01   0.0000000e+00   9.3063369e-08
   9.4800000e+02   1.1573490e+01   3.6465800e+00  -1.5771939e-01   0.0000000e+00   9.3329206e-08
   9.4900000e+02   1.1563080e+01   3.6460180e+00  -1.5771311e-01   0.0000000e+00   9.3594200e-08
   9.5000000e+02   1.1552700e+01   3.6454570e+00  -1.5770683e-01   0.0000000e+00   9.3857789e-08
   9.5100000e+02   1.1542330e+01   3.6448970e+00  -1.5770050e-01   0.0000000e+00   9.4120485e-08
   9.5200000e+02   1.1531980e+01   3.6443390e+00  -1.5769411e-01   0.0000000e+00   9.4382002e-08
   9.5300000e+02   1.1521650e+01   3.6437810e+00  -1.5768773e-01   0.0000000e+00   9.4642590e-08
   9.5400000e+02   1.1511330e+01   3.6432240e+00  -1.5768129e-01   0.0000000e+00   9.4902015e-08
   9.5500000e+02   1.1501040e+01   3.6426680e+00  -1.5767485e-01   0.0000000e+00   9.5160137e-08
   9.5600000e+02   1.1490770e+01   3.6421140e+00  -1.5766837e-01   0.0000000e+00   9.5417297e-08
   9.5700000e+02   1.1480510e+01   3.6415600e+00  -1.5766186e-01   0.0000000e+00   9.5673428e-08
   9.5800000e+02   1.1470270e+01   3.6410070e+00  -1.5765533e-01   0.0000000e+00   9.5928518e-08
   9.5900000e+02   1.1460060e+01   3.6404560e+00  -1.5764876e-01   0.0000000e+00   9.6182206e-08
   9.6000000e+02   1.1449860e+01   3.6399050e+00  -1.5764218e-01   0.0000000e+00   9.6435248e-08
   9.6100000e+02   1.1439680e+01   3.6393550e+00  -1.5763558e-01   0.0000000e+00   9.6687102e-08
   9.6200000e+02   1.1429510e+01   3.6388070e+00  -1.5762889e-01   0.0000000e+00   9.6937763e-08
   9.6300000e+02   1.1419370e+01   3.6382590e+00  -1.5762224e-01   0.0000000e+00   9.7187382e-08
   9.6400000e+02   1.1409240e+01   3.6377130e+00  -1.5761550e-01   0.0000000e+00   9.7435679e-08
   9.6500000e+02   1.1399140e+01   3.6371670e+00  -1.5760881e-01   0.0000000e+00   9.7683214e-08
   9.6600000e+02   1.1389050e+01   3.6366230e+00  -1.5760204e-01   0.0000000e+00   9.7929815e-08
   9.6700000e+02   1.1378980e+01   3.6360790e+00  -1.5759528e-01   0.0000000e+00   9.8175142e-08
   9.6800000e+02   1.1368920e+01   3.6355360e+00  -1.5758846e-01   0.0000000e+00   9.8419463e-08
   9.6900000e+02   1.1358890e+01   3.6349950e+00  -1.5758162e-01   0.0000000e+00   9.8662779e-08
   9.7000000e+02   1.1348870e+01   3.6344540e+00  -1.5757476e-01   0.0000000e+00   9.8904798e-08
   9.7100000e+02   1.1338870e+01   3.6339150e+00  -1.5756785e-01   0.0000000e+00   9.9145774e-08
   9.7200000e+02   1.1328890e+01   3.6333760e+00  -1.5756096e-01   0.0000000e+00   9.9386001e-08
   9.7300000e+02   1.1318930e+01   3.6328380e+00  -1.5755404e-01   0.0000000e+00   9.9625133e-08
   9.7400000e+02   1.1308990e+01   3.6323020e+00  -1.5754707e-01   0.0000000e+00   9.9862801e-08
   9.7500000e+02   1.1299060e+01   3.6317660e+00  -1.5754009e-01   0.0000000e+00   1.0009971e-07
   9.7600000e+02   1.1289150e+01   3.6312310e+00  -1.5753309e-01   0.0000000e+00   1.0033578e-07
   9.7700000e+02   1.1279260e+01   3.6306970e+00  -1.5752607e-01   0.0000000e+00   1.0057066e-07
   9.7800000e+02   1.1269390e+01   3.6301650e+00  -1.5751900e-01   0.0000000e+00   1.0080428e-07
   9.7900000e+02   1.1259530e+01   3.6296330e+00  -1.5751191e-01   0.0000000e+00   1.0103704e-07
   9.8000000e+02   1.1249690e+01   3.6291020e+00  -1.5750481e-01   0.0000000e+00   1.0126883e-07
   9.8100000e+02   1.1239870e+01   3.6285720e+00  -1.5749769e-01   0.0000000e+00   1.0149964e-07
   9.8200000e+02   1.1230070e+01   3.6280430e+00  -1.5749055e-01   0.0000000e+00   1.0172922e-07
   9.8300000e+02   1.1220280e+01   3.6275150e+00  -1.5748336e-01   0.0000000e+00   1.0195775e-07
   9.8400000e+02   1.1210520e+01   3.6269890e+00  -1.5747616e-01   0.0000000e+00   1.0218551e-07
   9.8500000e+02   1.1200760e+01   3.6264630e+00  -1.5746891e-01   0.0000000e+00   1.0241199e-07
   9.8600000e+02   1.1191030e+01   3.6259380e+00  -1.5746168e-01   0.0000000e+00   1.0263776e-07
   9.8700000e+02   1.1181310e+01   3.6254130e+00  -1.5745444e-01   0.0000000e+00   1.0286232e-07
   9.8800000e+02   1.1171610e+01   3.6248900e+00  -1.5744714e-01   0.0000000e+00   1.0308585e-07
   9.8900000e+02   1.1161930e+01   3.6243680e+00  -1.5743983e-01   0.0000000e+00   1.0330815e-07
   9.9000000e+02   1.1152270e+01   3.6238470e+00  -1.5743252e-01   0.0000000e+00   1.0352975e-07
   9.9100000e+02   1.1142620e+01   3.6233270e+00  -1.5742514e-01   0.0000000e+00   1.0375034e-07
   9.9200000e+02   1.1132990e+01   3.6228070e+00  -1.5741780e-01   0.0000000e+00   1.0396975e-07
   9.9300000e+02   1.1123370e+01   3.6222890e+00  -1.5741037e-01   0.0000000e+00   1.0418831e-07
   9.9400000e+02   1.1113780e+01   3.6217710e+00  -1.5740299e-01   0.0000000e+00   1.0440593e-07
   9.9500000e+02   1.1104200e+01   3.6212550e+00  -1.5739554e-01   0.0000000e+00   1.0462253e-07
   9.9600000e+02   1.1094630e+01   3.6207390e+00  -1.5738807e-01   0.0000000e+00   1.0483792e-07
   9.9700000e+02   1.1085090e+01   3.6202250e+00  -1.5738060e-01   0.0000000e+00   1.0505253e-07
   9.9800000e+02   1.1075560e+01   3.6197110e+00  -1.5737310e-01   0.0000000e+00   1.0526589e-07
   9.9900000e+02   1.1066040e+01   3.6191980e+00  -1.5736557e-01   0.0000000e+00   1.0547852e-07
   1.0000000e+03   1.1056550e+01   3.6186860e+00  -1.5735806e-01   0.0000000e+00   1.0569012e-07
   1.0010000e+03   1.1047060e+01   3.6181750e+00  -1.5735047e-01   0.0000000e+00   1.0590065e-07
   1.0020000e+03   1.1037600e+01   3.6176650e+00  -1.5734290e-01   0.0000000e+00   1.0611036e-07
   1.0030000e+03   1.1028150e+01   3.6171560e+00  -1.5733529e-01   0.0000000e+00   1.0631891e-07
   1.0040000e+03   1.1018720e+01   3.6166480e+00  -1.5732767e-01   0.0000000e+00   1.0652670e-07
   1.0050000e+03   1.1009310e+01   3.6161410e+00  -1.5732004e-01   0.0000000e+00   1.0673330e-07
   1.0060000e+03   1.0999910e+01   3.6156350e+00  -1.5731237e-01   0.0000000e+00   1.0693911e-07
   1.0070000e+03   1.0990530e+01   3.6151290e+00  -1.5730471e-01   0.0000000e+00   1.0714366e-07
   1.0080000e+03   1.0981160e+01   3.6146250e+00  -1.5729699e-01   0.0000000e+00   1.0734763e-07
   1.0090000e+03   1.0971810e+01   3.6141210e+00  -1.5728929e-01   0.0000000e+00   1.0755038e-07
   1.0100000e+03   1.0962480e+01   3.6136180e+00  -1.5728157e-01   0.0000000e+00   1.0775214e-07
   1.0110000e+03   1.0953160e+01   3.6131170e+00  -1.5727379e-01   0.0000000e+00   1.0795298e-07
   1.0120000e+03   1.0943860e+01   3.6126160e+00  -1.5726603e-01   0.0000000e+00   1.0815288e-07
   1.0130000e+03   1.0934580e+01   3.6121160e+00  -1.5725826e-01   0.0000000e+00   1.0835202e-07
   1.0140000e+03   1.0925310e+01   3.6116170e+00  -1.5725045e-01   0.0000000e+00   1.0854986e-07
   1.0150000e+03   1.0916060e+01   3.6111180e+00  -1.5724267e-01   0.0000000e+00   1.0874703e-07
   1.0160000e+03   1.0906820e+01   3.6106210e+00  -1.5723481e-01   0.0000000e+00   1.0894335e-07
   1.0170000e+03   1.0897600e+01   3.6101250e+00  -1.5722694e-01   0.0000000e+00   1.0913831e-07
   1.0180000e+03   1.0888390e+01   3.6096290e+00  -1.5721907e-01   0.0000000e+00   1.0933257e-07
   1.0190000e+03   1.0879200e+01   3.6091350e+00  -1.5721116e-01   0.0000000e+00   1.0952604e-07
   1.0200000e+03   1.0870030e+01   3.6086410e+00  -1.5720328e-01   0.0000000e+00   1.0971830e-07
   1.0210000e+03   1.0860870e+01   3.6081480e+00  -1.5719535e-01   0.0000000e+00   1.0990971e-07
   1.0220000e+03   1.0851730e+01   3.6076560e+00  -1.5718743e-01   0.0000000e+00   1.1010038e-07
   1.0230000e+03   1.0842600e+01   3.6071650e+00  -1.5717946e-01   0.0000000e+00   1.1028979e-07
   1.0240000e+03   1.0833490e+01   3.6066750e+00  -1.5717148e-01   0.0000000e+00   1.1047834e-07
   1.0250000e+03   1.0824400e+01   3.6061860e+00  -1.5716351e-01   0.0000000e+00   1.1066624e-07
   1.0260000e+03   1.0815320e+01   3.6056970e+00  -1.5715552e-01   0.0000000e+00   1.1085300e-07
   1.0270000e+03   1.0806250e+01   3.6052100e+00  -1.5714747e-01   0.0000000e+00   1.1103873e-07
   1.0280000e+03   1.0797200e+01   3.6047230e+00  -1.5713944e-01   0.0000000e+00   1.1122384e-07
   1.0290000e+03   1.0788170e+01   3.6042370e+00  -1.5713141e-01   0.0000000e+00   1.1140770e-07
   1.0300000e+03   1.0779150e+01   3.6037520e+00  -1.5712334e-01   0.0000000e+00   1.1159085e-07
   1.0310000e+03   1.0770150e+01   3.6032680e+00  -1.5711526e-01   0.0000000e+00   1.1177297e-07
   1.0320000e+03   1.0761160e+01   3.6027850e+00  -1.5710716e-01   0.0000000e+00   1.1195442e-07
   1.0330000e+03   1.0752190e+01   3.6023030e+00  -1.5709905e-01   0.0000000e+00   1.1213481e-07
   1.0340000e+03   1.0743230e+01   3.6018210e+00  -1.5709094e-01   0.0000000e+00   1.1231447e-07
   1.0350000e+03   1.0734290e+01   3.6013400e+00  -1.5708282e-01   0.0000000e+00   1.1249300e-07
   1.0360000e+03   1.0725360e+01   3.6008610e+00  -1.5707463e-01   0.0000000e+00   1.1267048e-07
   1.0370000e+03   1.0716450e+01   3.6003820e+00  -1.5706647e-01   0.0000000e+00   1.1284748e-07
   1.0380000e+03   1.0707550e+01   3.5999040e+00  -1.5705828e-01   0.0000000e+00   1.1302334e-07
   1.0390000e+03   1.0698670e+01   3.5994260e+00  -1.5705012e-01   0.0000000e+00   1.1319834e-07
   1.0400000e+03   1.0689800e+01   3.5989500e+00  -1.5704189e-01   0.0000000e+00   1.1337253e-07
   1.0410000e+03   1.0680950e+01   3.5984750e+00  -1.5703366e-01   0.0000000e+00   1.1354554e-07
   1.0420000e+03   1.0672110e+01   3.5980000e+00  -1.5702543e-01   0.0000000e+00   1.1371798e-07
   1.0430000e+03   1.0663290e+01   3.5975260e+00  -1.5701719e-01   0.0000000e+00   1.1388952e-07
   1.0440000e+03   1.0654480e+01   3.5970530e+00  -1.5700892e-01   0.0000000e+00   1.1406009e-07
   1.0450000e+03   1.0645680e+01   3.5965810e+00  -1.5700062e-01   0.0000000e+00   1.1422979e-07
   1.0460000e+03   1.0636910e+01   3.5961100e+00  -1.5699235e-01   0.0000000e+00   1.1439858e-07
   1.0470000e+03   1.0628140e+01   3.5956390e+00  -1.5698405e-01   0.0000000e+00   1.1456637e-07
   1.0480000e+03   1.0619390e+01   3.5951690e+00  -1.5697574e-01   0.0000000e+00   1.1473343e-07
   1.0490000e+03   1.0610660e+01   3.5947010e+00  -1.5696741e-01   0.0000000e+00   1.1489958e-07
   1.0500000e+03   1.0601940e+01   3.5942330e+00  -1.5695907e-01   0.0000000e+00   1.1506505e-07
   1.0510000e+03   1.0593230e+01   3.5937660e+00  -1.5695070e-01   0.0000000e+00   1.1522944e-07
   1.0520000e+03   1.0584540e+01   3.5932990e+00  -1.5694237e-01   0.0000000e+00   1.1539315e-07
   1.0530000e+03   1.0575860e+01   3.5928340e+00  -1.5693397e-01   0.0000000e+00   1.1555582e-07
   1.0540000e+03   1.0567200e+01   3.5923690e+00  -1.5692560e-01   0.0000000e+00   1.1571768e-07
   1.0550000e+03   1.0558550e+01   3.5919050e+00  -1.5691720e-01   0.0000000e+00   1.1587876e-07
   1.0560000e+03   1.0549920e+01   3.5914420e+00  -1.5690880e-01   0.0000000e+00   1.1603915e-07
   1.0570000e+03   1.0541300e+01   3.5909800e+00  -1.5690037e-01   0.0000000e+00   1.1619835e-07
   1.0580000e+03   1.0532690e+01   3.5905190e+00  -1.5689191e-01   0.0000000e+00   1.1635673e-07
   1.0590000e+03   1.0524100e+01   3.5900580e+00  -1.5688349e-01   0.0000000e+00   1.1651462e-07
   1.0600000e+03   1.0515520e+01   3.5895980e+00  -1.5687503e-01   0.0000000e+00   1.1667130e-07
   1.0610000e+03   1.0506960e+01   3.5891390e+00  -1.5686657e-01   0.0000000e+00   1.1682721e-07
   1.0620000e+03   1.0498410e+01   3.5886810e+00  -1.5685809e-01   0.0000000e+00   1.1698252e-07
   1.0630000e+03   1.0489880e+01   3.5882240e+00  -1.5684960e-01   0.0000000e+00   1.1713660e-07
   1.0640000e+03   1.0481360e+01   3.5877670e+00  -1.5684113e-01   0.0000000e+00   1.1729013e-07
   1.0650000e+03   1.0472850e+01   3.5873120e+00  -1.5683258e-01   0.0000000e+00   1.1744266e-07
   1.0660000e+03   1.0464360e+01   3.5868570e+00  -1.5682408e-01   0.0000000e+00   1.1759470e-07
   1.0670000e+03   1.0455880e+01   3.5864020e+00  -1.5681557e-01   0.0000000e+00   1.1774544e-07
   1.0680000e+03   1.0447410e+01   3.5859490e+00  -1.5680700e-01   0.0000000e+00   1.1789547e-07
   1.0690000e+03   1.0438960e+01   3.5854970e+00  -1.5679844e-01   0.0000000e+00   1.1804486e-07
   1.0700000e+03   1.0430530e+01   3.5850450e+00  -1.5678991e-01   0.0000000e+00   1.1819324e-07
   1.0710000e+03   1.0422100e+01   3.5845940e+00  -1.5678133e-01   0.0000000e+00   1.1834099e-07
   1.0720000e+03   1.0413690e+01   3.5841440e+00  -1.5677275e-01   0.0000000e+00   1.1848810e-07
   1.0730000e+03   1.0405300e+01   3.5836940e+00  -1.5676420e-01   0.0000000e+00   1.1863408e-07
   1.0740000e+03   1.0396910e+01   3.5832460e+00  -1.5675556e-01   0.0000000e+00   1.1877929e-07
   1.0750000e+03   1.0388550e+01   3.5827980e+00  -1.5674699e-01   0.0000000e+00   1.1892347e-07
   1.0760000e+03   1.0380190e+01   3.5823510e+00  -1.5673836e-01   0.0000000e+00   1.1906728e-07
   1.0770000e+03   1.0371850e+01   3.5819050e+00  -1.5672974e-01   0.0000000e+00   1.1920993e-07
   1.0780000e+03   1.0363520e+01   3.5814590e+00  -1.5672112e-01   0.0000000e+00   1.1935212e-07
   1.0790000e+03   1.0355210e+01   3.5810150e+00  -1.5671247e-01   0.0000000e+00   1.1949328e-07
   1.0800000e+03   1.0346900e+01   3.5805710e+00  -1.5670379e-01   0.0000000e+00   1.1963355e-07
   1.0810000e+03   1.0338620e+01   3.5801280e+00  -1.5669516e-01   0.0000000e+00   1.1977331e-07
   1.0820000e+03   1.0330340e+01   3.5796850e+00  -1.5668649e-01   0.0000000e+00   1.1991191e-07
   1.0830000e+03   1.0322080e+01   3.5792440e+00  -1.5667780e-01   0.0000000e+00   1.2005000e-07
   1.0840000e+03   1.0313830e+01   3.5788030e+00  -1.5666912e-01   0.0000000e+00   1.2018724e-07
   1.0850000e+03   1.0305600e+01   3.5783630e+00  -1.5666044e-01   0.0000000e+00   1.2032359e-07
   1.0860000e+03   1.0297380e+01   3.5779240e+00  -1.5665174e-01   0.0000000e+00   1.2045933e-07
   1.0870000e+03   1.0289170e+01   3.5774850e+00  -1.5664304e-01   0.0000000e+00   1.2059422e-07
   1.0880000e+03   1.0280980e+01   3.5770480e+00  -1.5663432e-01   0.0000000e+00   1.2072817e-07
   1.0890000e+03   1.0272790e+01   3.5766110e+00  -1.5662557e-01   0.0000000e+00   1.2086150e-07
   1.0900000e+03   1.0264630e+01   3.5761740e+00  -1.5661689e-01   0.0000000e+00   1.2099429e-07
   1.0910000e+03   1.0256470e+01   3.5757390e+00  -1.5660813e-01   0.0000000e+00   1.2112600e-07
   1.0920000e+03   1.0248330e+01   3.5753040e+00  -1.5659940e-01   0.0000000e+00   1.2125715e-07
   1.0930000e+03   1.0240200e+01   3.5748700e+00  -1.5659065e-01   0.0000000e+00   1.2138732e-07
   1.0940000e+03   1.0232080e+01   3.5744370e+00  -1.5658187e-01   0.0000000e+00   1.2151672e-07
   1.0950000e+03   1.0223980e+01   3.5740050e+00  -1.5657310e-01   0.0000000e+00   1.2164550e-07
   1.0960000e+03   1.0215890e+01   3.5735730e+00  -1.5656434e-01   0.0000000e+00   1.2177329e-07
   1.0970000e+03   1.0207810e+01   3.5731420e+00  -1.5655556e-01   0.0000000e+00   1.2190063e-07
   1.0980000e+03   1.0199750e+01   3.5727120e+00  -1.5654678e-01   0.0000000e+00   1.2202696e-07
   1.0990000e+03   1.0191700e+01   3.5722830e+00  -1.5653798e-01   0.0000000e+00   1.2215247e-07
   1.1000000e+03   1.0183660e+01   3.5718540e+00  -1.5652918e-01   0.0000000e+00   1.2227729e-07
   1.1010000e+03   1.0175630e+01   3.5714260e+00  -1.5652037e-01   0.0000000e+00   1.2240171e-07
   1.1020000e+03   1.0167620e+01   3.5709990e+00  -1.5651156e-01   0.0000000e+00   1.2252504e-07
   1.1030000e+03   1.0159620e+01   3.5705720e+00  -1.5650277e-01   0.0000000e+00   1.2264754e-07
   1.1040000e+03   1.0151630e+01   3.5701470e+00  -1.5649391e-01   0.0000000e+00   1.2276956e-07
   1.1050000e+03   1.0143650e+01   3.5697220e+00  -1.5648507e-01   0.0000000e+00   1.2289077e-07
   1.1060000e+03   1.0135690e+01   3.5692970e+00  -1.5647627e-01   0.0000000e+00   1.2301125e-07
   1.1070000e+03   1.0127740e+01   3.5688740e+00  -1.5646741e-01   0.0000000e+00   1.2313077e-07
   1.1080000e+03   1.0119800e+01   3.5684510e+00  -1.5645856e-01   0.0000000e+00   1.2324982e-07
   1.1090000e+03   1.0111880e+01   3.5680290e+00  -1.5644972e-01   0.0000000e+00   1.2336801e-07
   1.1100000e+03   1.0103960e+01   3.5676080e+00  -1.5644083e-01   0.0000000e+00   1.2348529e-07
   1.1110000e+03   1.0096060e+01   3.5671870e+00  -1.5643198e-01   0.0000000e+00   1.2360213e-07
   1.1120000e+03   1.0088180e+01   3.5667670e+00  -1.5642314e-01   0.0000000e+00   1.2371832e-07
   1.1130000e+03   1.0080300e+01   3.5663480e+00  -1.5641425e-01   0.0000000e+00   1.2383360e-07
   1.1140000e+03   1.0072440e+01   3.5659300e+00  -1.5640536e-01   0.0000000e+00   1.2394801e-07
   1.1150000e+03   1.0064590e+01   3.5655120e+00  -1.5639649e-01   0.0000000e+00   1.2406189e-07
   1.1160000e+03   1.0056750e+01   3.5650950e+00  -1.5638760e-01   0.0000000e+00   1.2417502e-07
   1.1170000e+03   1.0048920e+01   3.5646790e+00  -1.5637868e-01   0.0000000e+00   1.2428740e-07
   1.1180000e+03   1.0041110e+01   3.5642630e+00  -1.5636981e-01   0.0000000e+00   1.2439909e-07
   1.1190000e+03   1.0033310e+01   3.5638480e+00  -1.5636092e-01   0.0000000e+00   1.2451008e-07
   1.1200000e+03   1.0025520e+01   3.5634340e+00  -1.5635200e-01   0.0000000e+00   1.2462035e-07
   1.1210000e+03   1.0017740e+01   3.5630210e+00  -1.5634307e-01   0.0000000e+00   1.2472986e-07
   1.1220000e+03   1.0009980e+01   3.5626080e+00  -1.5633418e-01   0.0000000e+00   1.2483879e-07
   1.1230000e+03   1.0002220e+01   3.5621960e+00  -1.5632524e-01   0.0000000e+00   1.2494695e-07
