   3.2000000e+01   2.4569980e+02   5.0130180e+00   1.1962915e-02  -2.0079831e-04  -1.2446588e-02
   3.3000000e+01   2.3933150e+02   4.9927850e+00   1.2107803e-02  -2.0363183e-04  -1.2694850e-02
   3.4000000e+01   2.3328700e+02   4.9736800e+00   1.2244196e-02  -2.0656720e-04  -1.2938438e-02
   3.5000000e+01   2.2754200e+02   4.9556160e+00   1.2372479e-02  -2.0960518e-04  -1.3177656e-02
   3.6000000e+01   2.2207440e+02   4.9385120e+00   1.2493022e-02  -2.1274577e-04  -1.3412791e-02
   3.7000000e+01   2.1686440e+02   4.9222980e+00   1.2606143e-02  -2.1598936e-04  -1.3644097e-02
   3.8000000e+01   2.1189420e+02   4.9069060e+00   1.2712152e-02  -2.1933622e-04  -1.3871822e-02
   3.9000000e+01   2.0714720e+02   4.8922790e+00   1.2811325e-02  -2.2278559e-04  -1.4096172e-02
   4.0000000e+01   2.0260890e+02   4.8783620e+00   1.2903918e-02  -2.2633827e-04  -1.4317350e-02
   4.1000000e+01   1.9826550e+02   4.8651050e+00   1.2990173e-02  -2.2999349e-04  -1.4535539e-02
   4.2000000e+01   1.9410480e+02   4.8524630e+00   1.3070302e-02  -2.3375147e-04  -1.4750911e-02
   4.3000000e+01   1.9011550e+02   4.8403950e+00   1.3144517e-02  -2.3761216e-04  -1.4963614e-02
   4.4000000e+01   1.8628700e+02   4.8288630e+00   1.3212993e-02  -2.4157495e-04  -1.5173799e-02
   4.5000000e+01   1.8260990e+02   4.8178320e+00   1.3275915e-02  -2.4564011e-04  -1.5381595e-02
   4.6000000e+01   1.7907540e+02   4.8072710e+00   1.3333445e-02  -2.4980794e-04  -1.5587117e-02
   4.7000000e+01   1.7567520e+02   4.7971500e+00   1.3385724e-02  -2.5407749e-04  -1.5790487e-02
   4.8000000e+01   1.7240200e+02   4.7874420e+00   1.3432907e-02  -2.5844975e-04  -1.5991805e-02
   4.9000000e+01   1.6924860e+02   4.7781220e+00   1.3475116e-02  -2.6292370e-04  -1.6191174e-02
   5.0000000e+01   1.6620860e+02   4.7691660e+00   1.3512489e-02  -2.6749984e-04  -1.6388681e-02
   5.1000000e+01   1.6327610e+02   4.7605550e+00   1.3545126e-02  -2.7217855e-04  -1.6584408e-02
   5.2000000e+01   1.6044540e+02   4.7522680e+00   1.3573147e-02  -2.7695973e-04  -1.6778433e-02
   5.3000000e+01   1.5771130e+02   4.7442860e+00   1.3596651e-02  -2.8184313e-04  -1.6970839e-02
   5.4000000e+01   1.5506900e+02   4.7365930e+00   1.3615742e-02  -2.8682948e-04  -1.7161687e-02
   5.5000000e+01   1.5251390e+02   4.7291730e+00   1.3630503e-02  -2.9191873e-04  -1.7351043e-02
   5.6000000e+01   1.5004170e+02   4.7220110e+00   1.3641027e-02  -2.9711080e-04  -1.7538974e-02
   5.7000000e+01   1.4764860e+02   4.7150940e+00   1.3647391e-02  -3.0240688e-04  -1.7725530e-02
   5.8000000e+01   1.4533070e+02   4.7084090e+00   1.3649683e-02  -3.0780620e-04  -1.7910768e-02
   5.9000000e+01   1.4308470e+02   4.7019440e+00   1.3647963e-02  -3.1331026e-04  -1.8094743e-02
   6.0000000e+01   1.4090710e+02   4.6956880e+00   1.3642316e-02  -3.1891843e-04  -1.8277496e-02
   6.1000000e+01   1.3879500e+02   4.6896300e+00   1.3632804e-02  -3.2463152e-04  -1.8459087e-02
   6.2000000e+01   1.3674540e+02   4.6837620e+00   1.3619479e-02  -3.3045020e-04  -1.8639547e-02
   6.3000000e+01   1.3475560e+02   4.6780720e+00   1.3602434e-02  -3.3637460e-04  -1.8818920e-02
   6.4000000e+01   1.3282300e+02   4.6725550e+00   1.3581684e-02  -3.4240529e-04  -1.8997250e-02
   6.5000000e+01   1.3094530e+02   4.6672000e+00   1.3557317e-02  -3.4854348e-04  -1.9174576e-02
   6.6000000e+01   1.2912000e+02   4.6620010e+00   1.3529387e-02  -3.5478862e-04  -1.9350923e-02
   6.7000000e+01   1.2734510e+02   4.6569500e+00   1.3497919e-02  -3.6114210e-04  -1.9526346e-02
   6.8000000e+01   1.2561840e+02   4.6520420e+00   1.3462992e-02  -3.6760408e-04  -1.9700855e-02
   6.9000000e+01   1.2393810e+02   4.6472690e+00   1.3424627e-02  -3.7417564e-04  -1.9874497e-02
   7.0000000e+01   1.2230230e+02   4.6426250e+00   1.3382893e-02  -3.8085699e-04  -2.0047300e-02
   7.1000000e+01   1.2070930e+02   4.6381060e+00   1.3337815e-02  -3.8764951e-04  -2.0219288e-02
   7.2000000e+01   1.1915740e+02   4.6337060e+00   1.3289447e-02  -3.9455327e-04  -2.0390490e-02
   7.3000000e+01   1.1764500e+02   4.6294190e+00   1.3237802e-02  -4.0156910e-04  -2.0560950e-02
   7.4000000e+01   1.1617070e+02   4.6252420e+00   1.3182954e-02  -4.0869795e-04  -2.0730669e-02
   7.5000000e+01   1.1473310e+02   4.6211690e+00   1.3124923e-02  -4.1594118e-04  -2.0899687e-02
   7.6000000e+01   1.1333070e+02   4.6171960e+00   1.3063755e-02  -4.2329822e-04  -2.1068021e-02
   7.7000000e+01   1.1196240e+02   4.6133200e+00   1.2999464e-02  -4.3077109e-04  -2.1235703e-02
   7.8000000e+01   1.1062690e+02   4.6095360e+00   1.2932092e-02  -4.3836074e-04  -2.1402759e-02
   7.9000000e+01   1.0932290e+02   4.6058420e+00   1.2861685e-02  -4.4606621e-04  -2.1569186e-02
   8.0000000e+01   1.0804960e+02   4.6022330e+00   1.2788244e-02  -4.5389120e-04  -2.1735037e-02
   8.1000000e+01   1.0680560e+02   4.5987060e+00   1.2711824e-02  -4.6183374e-04  -2.1900314e-02
   8.2000000e+01   1.0559020e+02   4.5952580e+00   1.2632442e-02  -4.6989714e-04  -2.2065044e-02
   8.3000000e+01   1.0440220e+02   4.5918870e+00   1.2550133e-02  -4.7808049e-04  -2.2229239e-02
   8.4000000e+01   1.0324090e+02   4.5885890e+00   1.2464920e-02  -4.8638683e-04  -2.2392923e-02
   8.5000000e+01   1.0210520e+02   4.5853610e+00   1.2376825e-02  -4.9481504e-04  -2.2556117e-02
   8.6000000e+01   1.0099440e+02   4.5822020e+00   1.2285883e-02  -5.0336753e-04  -2.2718823e-02
   8.7000000e+01   9.9907580e+01   4.5791090e+00   1.2192082e-02  -5.1204420e-04  -2.2881093e-02
   8.8000000e+01   9.8844090e+01   4.5760790e+00   1.2095496e-02  -5.2084690e-04  -2.3042905e-02
   8.9000000e+01   9.7803140e+01   4.5731100e+00   1.1996125e-02  -5.2977663e-04  -2.3204294e-02
   9.0000000e+01   9.6784020e+01   4.5702000e+00   1.1893962e-02  -5.3883402e-04  -2.3365290e-02
   9.1000000e+01   9.5786060e+01   4.5673480e+00   1.1789071e-02  -5.4802063e-04  -2.3525874e-02
   9.2000000e+01   9.4808610e+01   4.5645500e+00   1.1681440e-02  -5.5733742e-04  -2.3686091e-02
   9.3000000e+01   9.3851040e+01   4.5618050e+00   1.1571114e-02  -5.6678533e-04  -2.3845945e-02
   9.4000000e+01   9.2912760e+01   4.5591120e+00   1.1458097e-02  -5.7636527e-04  -2.4005447e-02
   9.5000000e+01   9.1993190e+01   4.5564690e+00   1.1342415e-02  -5.8607895e-04  -2.4164614e-02
   9.6000000e+01   9.1091770e+01   4.5538740e+00   1.1224068e-02  -5.9592736e-04  -2.4323458e-02
   9.7000000e+01   9.0207980e+01   4.5513260e+00   1.1103076e-02  -6.0591173e-04  -2.4481996e-02
   9.8000000e+01   8.9341300e+01   4.5488220e+00   1.0979478e-02  -6.1603260e-04  -2.4640245e-02
   9.9000000e+01   8.8491260e+01   4.5463620e+00   1.0853276e-02  -6.2629170e-04  -2.4798209e-02
   1.0000000e+02   8.7657360e+01   4.5439450e+00   1.0724475e-02  -6.3669015e-04  -2.4955902e-02
   1.0100000e+02   8.6839160e+01   4.5415680e+00   1.0593115e-02  -6.4722950e-04  -2.5113331e-02
   1.0200000e+02   8.6036230e+01   4.5392310e+00   1.0459154e-02  -6.5791028e-04  -2.5270534e-02
   1.0300000e+02   8.5248130e+01   4.5369320e+00   1.0322683e-02  -6.6873444e-04  -2.5427480e-02
   1.0400000e+02   8.4474470e+01   4.5346700e+00   1.0183642e-02  -6.7970310e-04  -2.5584228e-02
   1.0500000e+02   8.3714850e+01   4.5324450e+00   1.0042106e-02  -6.9081713e-04  -2.5740751e-02
   1.0600000e+02   8.2968890e+01   4.5302540e+00   9.8980329e-03  -7.0207791e-04  -2.5897087e-02
   1.0700000e+02   8.2236240e+01   4.5280980e+00   9.7514850e-03  -7.1348761e-04  -2.6053210e-02
   1.0800000e+02   8.1516530e+01   4.5259740e+00   9.6024283e-03  -7.2504638e-04  -2.6209180e-02
   1.0900000e+02   8.0809440e+01   4.5238820e+00   9.4509024e-03  -7.3675608e-04  -2.6364971e-02
   1.1000000e+02   8.0114620e+01   4.5218210e+00   9.2969181e-03  -7.4861815e-04  -2.6520599e-02
   1.1100000e+02   7.9431780e+01   4.5197910e+00   9.1404549e-03  -7.6063406e-04  -2.6676082e-02
   1.1200000e+02   7.8760600e+01   4.5177890e+00   8.9815565e-03  -7.7280444e-04  -2.6831433e-02
   1.1300000e+02   7.8100780e+01   4.5158160e+00   8.8202216e-03  -7.8513130e-04  -2.6986649e-02
   1.1400000e+02   7.7452050e+01   4.5138700e+00   8.6564507e-03  -7.9761524e-04  -2.7141751e-02
   1.1500000e+02   7.6814130e+01   4.5119510e+00   8.4902604e-03  -8.1025894e-04  -2.7296742e-02
   1.1600000e+02   7.6186740e+01   4.5100580e+00   8.3216719e-03  -8.2306315e-04  -2.7451623e-02
   1.1700000e+02   7.5569640e+01   4.5081900e+00   8.1506656e-03  -8.3602961e-04  -2.7606418e-02
   1.1800000e+02   7.4962570e+01   4.5063470e+00   7.9772713e-03  -8.4915910e-04  -2.7761122e-02
   1.1900000e+02   7.4365300e+01   4.5045280e+00   7.8014907e-03  -8.6245350e-04  -2.7915750e-02
   1.2000000e+02   7.3777580e+01   4.5027310e+00   7.6233287e-03  -8.7591403e-04  -2.8070317e-02
   1.2100000e+02   7.3199190e+01   4.5009580e+00   7.4427906e-03  -8.8954212e-04  -2.8224815e-02
   1.2200000e+02   7.2629920e+01   4.4992060e+00   7.2598891e-03  -9.0333979e-04  -2.8379266e-02
   1.2300000e+02   7.2069540e+01   4.4974750e+00   7.0746332e-03  -9.1730812e-04  -2.8533671e-02
   1.2400000e+02   7.1517860e+01   4.4957650e+00   6.8870234e-03  -9.3144840e-04  -2.8688040e-02
   1.2500000e+02   7.0974670e+01   4.4940750e+00   6.6970623e-03  -9.4576214e-04  -2.8842381e-02
   1.2600000e+02   7.0439790e+01   4.4924050e+00   6.5047721e-03  -9.6025146e-04  -2.8996690e-02
   1.2700000e+02   6.9913020e+01   4.4907540e+00   6.3101398e-03  -9.7491782e-04  -2.9150988e-02
   1.2800000e+02   6.9394180e+01   4.4891210e+00   6.1131857e-03  -9.8976206e-04  -2.9305279e-02
   1.2900000e+02   6.8883090e+01   4.4875060e+00   5.9139059e-03  -1.0047860e-03  -2.9459568e-02
   1.3000000e+02   6.8379590e+01   4.4859090e+00   5.7123219e-03  -1.0199913e-03  -2.9613852e-02
   1.3100000e+02   6.7883500e+01   4.4843290e+00   5.5084102e-03  -1.0353794e-03  -2.9768154e-02
   1.3200000e+02   6.7394670e+01   4.4827650e+00   5.3022067e-03  -1.0509517e-03  -2.9922470e-02
   1.3300000e+02   6.6912940e+01   4.4812180e+00   5.0937020e-03  -1.0667105e-03  -3.0076803e-02
   1.3400000e+02   6.6438160e+01   4.4796860e+00   4.8828934e-03  -1.0826569e-03  -3.0231173e-02
   1.3500000e+02   6.5970170e+01   4.4781700e+00   4.6698024e-03  -1.0987919e-03  -3.0385567e-02
   1.3600000e+02   6.5508840e+01   4.4766680e+00   4.4544294e-03  -1.1151178e-03  -3.0540005e-02
   1.3700000e+02   6.5054020e+01   4.4751810e+00   4.2367741e-03  -1.1316359e-03  -3.0694486e-02
   1.3800000e+02   6.4605580e+01   4.4737080e+00   4.0168449e-03  -1.1483483e-03  -3.0849014e-02
   1.3900000e+02   6.4163390e+01   4.4722490e+00   3.7946455e-03  -1.1652561e-03  -3.1003596e-02
   1.4000000e+02   6.3727320e+01   4.4708030e+00   3.5701872e-03  -1.1823605e-03  -3.1158234e-02
   1.4100000e+02   6.3297240e+01   4.4693700e+00   3.3434545e-03  -1.1996640e-03  -3.1312941e-02
   1.4200000e+02   6.2873030e+01   4.4679490e+00   3.1144835e-03  -1.2171672e-03  -3.1467715e-02
   1.4300000e+02   6.2454570e+01   4.4665410e+00   2.8832441e-03  -1.2348726e-03  -3.1622564e-02
   1.4400000e+02   6.2041760e+01   4.4651450e+00   2.6497765e-03  -1.2527815e-03  -3.1777478e-02
   1.4500000e+02   6.1634460e+01   4.4637600e+00   2.4140625e-03  -1.2708954e-03  -3.1932479e-02
   1.4600000e+02   6.1232590e+01   4.4623870e+00   2.1761060e-03  -1.2892159e-03  -3.2087561e-02
   1.4700000e+02   6.0836020e+01   4.4610250e+00   1.9359183e-03  -1.3077448e-03  -3.2242729e-02
   1.4800000e+02   6.0444670e+01   4.4596730e+00   1.6935053e-03  -1.3264841e-03  -3.2397993e-02
   1.4900000e+02   6.0058420e+01   4.4583320e+00   1.4488677e-03  -1.3454342e-03  -3.2553348e-02
   1.5000000e+02   5.9677170e+01   4.4570010e+00   1.2020201e-03  -1.3645966e-03  -3.2708797e-02
   1.5100000e+02   5.9300840e+01   4.4556800e+00   9.5295369e-04  -1.3839751e-03  -3.2864345e-02
   1.5200000e+02   5.8929330e+01   4.4543680e+00   7.0167739e-04  -1.4035694e-03  -3.3020001e-02
   1.5300000e+02   5.8562550e+01   4.4530660e+00   4.4820298e-04  -1.4233817e-03  -3.3175756e-02
   1.5400000e+02   5.8200400e+01   4.4517730e+00   1.9253514e-04  -1.4434133e-03  -3.3331616e-02
   1.5500000e+02   5.7842810e+01   4.4504890e+00  -6.5331176e-05  -1.4636654e-03  -3.3487586e-02
   1.5600000e+02   5.7489690e+01   4.4492130e+00  -3.2538322e-04  -1.4841414e-03  -3.3643669e-02
   1.5700000e+02   5.7140950e+01   4.4479450e+00  -5.8761594e-04  -1.5048408e-03  -3.3799868e-02
   1.5800000e+02   5.6796520e+01   4.4466860e+00  -8.5202673e-04  -1.5257658e-03  -3.3956174e-02
   1.5900000e+02   5.6456320e+01   4.4454350e+00  -1.1186013e-03  -1.5469183e-03  -3.4112592e-02
   1.6000000e+02   5.6120270e+01   4.4441910e+00  -1.3873427e-03  -1.5682996e-03  -3.4269133e-02
   1.6100000e+02   5.5788300e+01   4.4429540e+00  -1.6582376e-03  -1.5899108e-03  -3.4425795e-02
   1.6200000e+02   5.5460330e+01   4.4417250e+00  -1.9312909e-03  -1.6117556e-03  -3.4582567e-02
   1.6300000e+02   5.5136290e+01   4.4405030e+00  -2.2064800e-03  -1.6338322e-03  -3.4739456e-02
   1.6400000e+02   5.4816120e+01   4.4392870e+00  -2.4838175e-03  -1.6561443e-03  -3.4896476e-02
   1.6500000e+02   5.4499750e+01   4.4380780e+00  -2.7632920e-03  -1.6786927e-03  -3.5053614e-02
   1.6600000e+02   5.4187100e+01   4.4368760e+00  -3.0448793e-03  -1.7014786e-03  -3.5210860e-02
   1.6700000e+02   5.3878130e+01   4.4356800e+00  -3.3285882e-03  -1.7245060e-03  -3.5368226e-02
   1.6800000e+02   5.3572750e+01   4.4344890e+00  -3.6144044e-03  -1.7477721e-03  -3.5525718e-02
   1.6900000e+02   5.3270910e+01   4.4333050e+00  -3.9023278e-03  -1.7712802e-03  -3.5683325e-02
   1.7000000e+02   5.2972560e+01   4.4321260e+00  -4.1923492e-03  -1.7950341e-03  -3.5841050e-02
   1.7100000e+02   5.2677630e+01   4.4309530e+00  -4.4844559e-03  -1.8190313e-03  -3.5998891e-02
   1.7200000e+02   5.2386060e+01   4.4297850e+00  -4.7786408e-03  -1.8432764e-03  -3.6156844e-02
   1.7300000e+02   5.2097800e+01   4.4286220e+00  -5.0748900e-03  -1.8677685e-03  -3.6314914e-02
   1.7400000e+02   5.1812790e+01   4.4274640e+00  -5.3731968e-03  -1.8925092e-03  -3.6473092e-02
   1.7500000e+02   5.1530980e+01   4.4263110e+00  -5.6735612e-03  -1.9175009e-03  -3.6631381e-02
   1.7600000e+02   5.1252320e+01   4.4251630e+00  -5.9759768e-03  -1.9427456e-03  -3.6789777e-02
   1.7700000e+02   5.0976750e+01   4.4240190e+00  -6.2804160e-03  -1.9682416e-03  -3.6948282e-02
   1.7800000e+02   5.0704230e+01   4.4228790e+00  -6.5868887e-03  -1.9939934e-03  -3.7106895e-02
   1.7900000e+02   5.0434700e+01   4.4217440e+00  -6.8953732e-03  -2.0200009e-03  -3.7265602e-02
   1.8000000e+02   5.0168120e+01   4.4206130e+00  -7.2058339e-03  -2.0462641e-03  -3.7424395e-02
   1.8100000e+02   4.9904440e+01   4.4194850e+00  -7.5183034e-03  -2.0727854e-03  -3.7583299e-02
   1.8200000e+02   4.9643610e+01   4.4183620e+00  -7.8327584e-03  -2.0995665e-03  -3.7742286e-02
   1.8300000e+02   4.9385590e+01   4.4172420e+00  -8.1491863e-03  -2.1266077e-03  -3.7901370e-02
   1.8400000e+02   4.9130340e+01   4.4161250e+00  -8.4675646e-03  -2.1539104e-03  -3.8060539e-02
   1.8500000e+02   4.8877810e+01   4.4150120e+00  -8.7878812e-03  -2.1814759e-03  -3.8219778e-02
   1.8600000e+02   4.8627950e+01   4.4139020e+00  -9.1101217e-03  -2.2093036e-03  -3.8379094e-02
   1.8700000e+02   4.8380730e+01   4.4127950e+00  -9.4343059e-03  -2.2373968e-03  -3.8538492e-02
   1.8800000e+02   4.8136110e+01   4.4116910e+00  -9.7603760e-03  -2.2657542e-03  -3.8697951e-02
   1.8900000e+02   4.7894050e+01   4.4105900e+00  -1.0088349e-02  -2.2943791e-03  -3.8857475e-02
   1.9000000e+02   4.7654510e+01   4.4094920e+00  -1.0418191e-02  -2.3232724e-03  -3.9017049e-02
   1.9100000e+02   4.7417440e+01   4.4083960e+00  -1.0749906e-02  -2.3524327e-03  -3.9176689e-02
   1.9200000e+02   4.7182820e+01   4.4073030e+00  -1.1083460e-02  -2.3818617e-03  -3.9336365e-02
   1.9300000e+02   4.6950600e+01   4.4062120e+00  -1.1418858e-02  -2.4115619e-03  -3.9496090e-02
   1.9400000e+02   4.6720750e+01   4.4051230e+00  -1.1756069e-02  -2.4415302e-03  -3.9655855e-02
   1.9500000e+02   4.6493230e+01   4.4040370e+00  -1.2095078e-02  -2.4717711e-03  -3.9815640e-02
   1.9600000e+02   4.6268020e+01   4.4029530e+00  -1.2435879e-02  -2.5022846e-03  -3.9975453e-02
   1.9700000e+02   4.6045070e+01   4.4018700e+00  -1.2778441e-02  -2.5330689e-03  -4.0135287e-02
   1.9800000e+02   4.5824350e+01   4.4007900e+00  -1.3122754e-02  -2.5641276e-03  -4.0295126e-02
   1.9900000e+02   4.5605840e+01   4.3997110e+00  -1.3468812e-02  -2.5954605e-03  -4.0454977e-02
   2.0000000e+02   4.5389490e+01   4.3986340e+00  -1.3816583e-02  -2.6270665e-03  -4.0614823e-02
   2.0100000e+02   4.5175280e+01   4.3975580e+00  -1.4166047e-02  -2.6589470e-03  -4.0774661e-02
   2.0200000e+02   4.4963170e+01   4.3964840e+00  -1.4517199e-02  -2.6911036e-03  -4.0934485e-02
   2.0300000e+02   4.4753140e+01   4.3954110e+00  -1.4870007e-02  -2.7235338e-03  -4.1094286e-02
   2.0400000e+02   4.4545160e+01   4.3943400e+00  -1.5224447e-02  -2.7562421e-03  -4.1254044e-02
   2.0500000e+02   4.4339190e+01   4.3932700e+00  -1.5580513e-02  -2.7892239e-03  -4.1413769e-02
   2.0600000e+02   4.4135220e+01   4.3922000e+00  -1.5938181e-02  -2.8224841e-03  -4.1573455e-02
   2.0700000e+02   4.3933200e+01   4.3911320e+00  -1.6297425e-02  -2.8560181e-03  -4.1733079e-02
   2.0800000e+02   4.3733120e+01   4.3900650e+00  -1.6658224e-02  -2.8898312e-03  -4.1892633e-02
   2.0900000e+02   4.3534950e+01   4.3889980e+00  -1.7020572e-02  -2.9239209e-03  -4.2052131e-02
   2.1000000e+02   4.3338650e+01   4.3879330e+00  -1.7384425e-02  -2.9582847e-03  -4.2211537e-02
   2.1100000e+02   4.3144210e+01   4.3868680e+00  -1.7749752e-02  -2.9929263e-03  -4.2370848e-02
   2.1200000e+02   4.2951600e+01   4.3858030e+00  -1.8116575e-02  -3.0278452e-03  -4.2530076e-02
   2.1300000e+02   4.2760800e+01   4.3847390e+00  -1.8484835e-02  -3.0630385e-03  -4.2689195e-02
   2.1400000e+02   4.2571770e+01   4.3836760e+00  -1.8854512e-02  -3.0985093e-03  -4.2848186e-02
   2.1500000e+02   4.2384500e+01   4.3826130e+00  -1.9225582e-02  -3.1342553e-03  -4.3007054e-02
   2.1600000e+02   4.2198960e+01   4.3815500e+00  -1.9598037e-02  -3.1702761e-03  -4.3165794e-02
   2.1700000e+02   4.2015130e+01   4.3804880e+00  -1.9971828e-02  -3.2065726e-03  -4.3324379e-02
   2.1800000e+02   4.1832990e+01   4.3794250e+00  -2.0346933e-02  -3.2431433e-03  -4.3482814e-02
   2.1900000e+02   4.1652510e+01   4.3783630e+00  -2.0723362e-02  -3.2799894e-03  -4.3641087e-02
   2.2000000e+02   4.1473670e+01   4.3773010e+00  -2.1101038e-02  -3.3171076e-03  -4.3799177e-02
   2.2100000e+02   4.1296450e+01   4.3762380e+00  -2.1479971e-02  -3.3544982e-03  -4.3957098e-02
   2.2200000e+02   4.1120840e+01   4.3751760e+00  -2.1860106e-02  -3.3921628e-03  -4.4114803e-02
   2.2300000e+02   4.0946790e+01   4.3741130e+00  -2.2241442e-02  -3.4300964e-03  -4.4272319e-02
   2.2400000e+02   4.0774310e+01   4.3730510e+00  -2.2623943e-02  -3.4683042e-03  -4.4429606e-02
   2.2500000e+02   4.0603360e+01   4.3719870e+00  -2.3007574e-02  -3.5067785e-03  -4.4586683e-02
   2.2600000e+02   4.0433940e+01   4.3709240e+00  -2.3392303e-02  -3.5455241e-03  -4.4743505e-02
   2.2700000e+02   4.0266000e+01   4.3698600e+00  -2.3778116e-02  -3.5845350e-03  -4.4900085e-02
   2.2800000e+02   4.0099550e+01   4.3687960e+00  -2.4164974e-02  -3.6238144e-03  -4.5056404e-02
   2.2900000e+02   3.9934560e+01   4.3677310e+00  -2.4552841e-02  -3.6633597e-03  -4.5212451e-02
   2.3000000e+02   3.9771010e+01   4.3666660e+00  -2.4941703e-02  -3.7031694e-03  -4.5368213e-02
   2.3100000e+02   3.9608880e+01   4.3656000e+00  -2.5331526e-02  -3.7432409e-03  -4.5523693e-02
   2.3200000e+02   3.9448160e+01   4.3645330e+00  -2.5722282e-02  -3.7835767e-03  -4.5678868e-02
   2.3300000e+02   3.9288830e+01   4.3634650e+00  -2.6113924e-02  -3.8241718e-03  -4.5833728e-02
   2.3400000e+02   3.9130860e+01   4.3623970e+00  -2.6506428e-02  -3.8650259e-03  -4.5988253e-02
   2.3500000e+02   3.8974250e+01   4.3613280e+00  -2.6899763e-02  -3.9061380e-03  -4.6142440e-02
   2.3600000e+02   3.8818980e+01   4.3602580e+00  -2.7293918e-02  -3.9475059e-03  -4.6296291e-02
   2.3700000e+02   3.8665030e+01   4.3591870e+00  -2.7688839e-02  -3.9891275e-03  -4.6449777e-02
   2.3800000e+02   3.8512380e+01   4.3581160e+00  -2.8084492e-02  -4.0310050e-03  -4.6602875e-02
   2.3900000e+02   3.8361020e+01   4.3570430e+00  -2.8480849e-02  -4.0731298e-03  -4.6755604e-02
   2.4000000e+02   3.8210930e+01   4.3559690e+00  -2.8877888e-02  -4.1155060e-03  -4.6907937e-02
   2.4100000e+02   3.8062100e+01   4.3548940e+00  -2.9275573e-02  -4.1581281e-03  -4.7059866e-02
   2.4200000e+02   3.7914510e+01   4.3538180e+00  -2.9673867e-02  -4.2009978e-03  -4.7211376e-02
   2.4300000e+02   3.7768150e+01   4.3527410e+00  -3.0072727e-02  -4.2441112e-03  -4.7362450e-02
   2.4400000e+02   3.7623000e+01   4.3516630e+00  -3.0472117e-02  -4.2874639e-03  -4.7513075e-02
   2.4500000e+02   3.7479040e+01   4.3505830e+00  -3.0872038e-02  -4.3310542e-03  -4.7663271e-02
   2.4600000e+02   3.7336280e+01   4.3495020e+00  -3.1272422e-02  -4.3748855e-03  -4.7812987e-02
   2.4700000e+02   3.7194680e+01   4.3484200e+00  -3.1673249e-02  -4.4189479e-03  -4.7962231e-02
   2.4800000e+02   3.7054230e+01   4.3473360e+00  -3.2074471e-02  -4.4632442e-03  -4.8110986e-02
   2.4900000e+02   3.6914930e+01   4.3462520e+00  -3.2476073e-02  -4.5077716e-03  -4.8259239e-02
   2.5000000e+02   3.6776760e+01   4.3451650e+00  -3.2878027e-02  -4.5525246e-03  -4.8406997e-02
   2.5100000e+02   3.6639700e+01   4.3440780e+00  -3.3280250e-02  -4.5975067e-03  -4.8554207e-02
   2.5200000e+02   3.6503750e+01   4.3429880e+00  -3.3682774e-02  -4.6427094e-03  -4.8700907e-02
   2.5300000e+02   3.6368880e+01   4.3418980e+00  -3.4085525e-02  -4.6881301e-03  -4.8847055e-02
   2.5400000e+02   3.6235090e+01   4.3408050e+00  -3.4488481e-02  -4.7337698e-03  -4.8992660e-02
   2.5500000e+02   3.6102370e+01   4.3397120e+00  -3.4891590e-02  -4.7796263e-03  -4.9137678e-02
   2.5600000e+02   3.5970700e+01   4.3386160e+00  -3.5294821e-02  -4.8256900e-03  -4.9282135e-02
   2.5700000e+02   3.5840070e+01   4.3375190e+00  -3.5698161e-02  -4.8719672e-03  -4.9425999e-02
   2.5800000e+02   3.5710470e+01   4.3364210e+00  -3.6101564e-02  -4.9184505e-03  -4.9569258e-02
   2.5900000e+02   3.5581880e+01   4.3353210e+00  -3.6504983e-02  -4.9651325e-03  -4.9711911e-02
   2.6000000e+02   3.5454300e+01   4.3342190e+00  -3.6908407e-02  -5.0120184e-03  -4.9853947e-02
   2.6100000e+02   3.5327720e+01   4.3331150e+00  -3.7311788e-02  -5.0591036e-03  -4.9995355e-02
   2.6200000e+02   3.5202110e+01   4.3320100e+00  -3.7715077e-02  -5.1063789e-03  -5.0136114e-02
   2.6300000e+02   3.5077480e+01   4.3309030e+00  -3.8118263e-02  -5.1538470e-03  -5.0276229e-02
   2.6400000e+02   3.4953810e+01   4.3297940e+00  -3.8521318e-02  -5.2015049e-03  -5.0415683e-02
   2.6500000e+02   3.4831090e+01   4.3286840e+00  -3.8924166e-02  -5.2493447e-03  -5.0554452e-02
   2.6600000e+02   3.4709310e+01   4.3275710e+00  -3.9326799e-02  -5.2973669e-03  -5.0692548e-02
   2.6700000e+02   3.4588460e+01   4.3264570e+00  -3.9729209e-02  -5.3455692e-03  -5.0829959e-02
   2.6800000e+02   3.4468530e+01   4.3253410e+00  -4.0131306e-02  -5.3939436e-03  -5.0966660e-02
   2.6900000e+02   3.4349510e+01   4.3242240e+00  -4.0533085e-02  -5.4424920e-03  -5.1102637e-02
   2.7000000e+02   3.4231390e+01   4.3231040e+00  -4.0934543e-02  -5.4912083e-03  -5.1237918e-02
   2.7100000e+02   3.4114160e+01   4.3219830e+00  -4.1335611e-02  -5.5400921e-03  -5.1372455e-02
   2.7200000e+02   3.3997800e+01   4.3208590e+00  -4.1736230e-02  -5.5891291e-03  -5.1506258e-02
   2.7300000e+02   3.3882320e+01   4.3197340e+00  -4.2136427e-02  -5.6383305e-03  -5.1639318e-02
   2.7400000e+02   3.3767700e+01   4.3186070e+00  -4.2536133e-02  -5.6876823e-03  -5.1771621e-02
   2.7500000e+02   3.3653930e+01   4.3174780e+00  -4.2935321e-02  -5.7371864e-03  -5.1903153e-02
   2.7600000e+02   3.3541000e+01   4.3163470e+00  -4.3333966e-02  -5.7868365e-03  -5.2033917e-02
   2.7700000e+02   3.3428900e+01   4.3152140e+00  -4.3732001e-02  -5.8366270e-03  -5.2163892e-02
   2.7800000e+02   3.3317630e+01   4.3140800e+00  -4.4129453e-02  -5.8865620e-03  -5.2293077e-02
   2.7900000e+02   3.3207170e+01   4.3129430e+00  -4.4526258e-02  -5.9366288e-03  -5.2421478e-02
   2.8000000e+02   3.3097530e+01   4.3118050e+00  -4.4922371e-02  -5.9868342e-03  -5.2549054e-02
   2.8100000e+02   3.2988680e+01   4.3106640e+00  -4.5317781e-02  -6.0371629e-03  -5.2675831e-02
   2.8200000e+02   3.2880620e+01   4.3095220e+00  -4.5712459e-02  -6.0876168e-03  -5.2801789e-02
   2.8300000e+02   3.2773340e+01   4.3083770e+00  -4.6106375e-02  -6.1381900e-03  -5.2926926e-02
   2.8400000e+02   3.2666830e+01   4.3072310e+00  -4.6499464e-02  -6.1888794e-03  -5.3051213e-02
   2.8500000e+02   3.2561100e+01   4.3060830e+00  -4.6891743e-02  -6.2396898e-03  -5.3174659e-02
   2.8600000e+02   3.2456110e+01   4.3049320e+00  -4.7283160e-02  -6.2905975e-03  -5.3297276e-02
   2.8700000e+02   3.2351880e+01   4.3037800e+00  -4.7673695e-02  -6.3416183e-03  -5.3419025e-02
   2.8800000e+02   3.2248390e+01   4.3026260e+00  -4.8063306e-02  -6.3927391e-03  -5.3539920e-02
   2.8900000e+02   3.2145640e+01   4.3014700e+00  -4.8451956e-02  -6.4439566e-03  -5.3659938e-02
   2.9000000e+02   3.2043610e+01   4.3003120e+00  -4.8839643e-02  -6.4952684e-03  -5.3779092e-02
   2.9100000e+02   3.1942300e+01   4.2991520e+00  -4.9226354e-02  -6.5466698e-03  -5.3897380e-02
   2.9200000e+02   3.1841700e+01   4.2979900e+00  -4.9612010e-02  -6.5981551e-03  -5.4014777e-02
   2.9300000e+02   3.1741810e+01   4.2968260e+00  -4.9996601e-02  -6.6497219e-03  -5.4131283e-02
   2.9400000e+02   3.1642610e+01   4.2956600e+00  -5.0380127e-02  -6.7013680e-03  -5.4246906e-02
   2.9500000e+02   3.1544100e+01   4.2944920e+00  -5.0762530e-02  -6.7530863e-03  -5.4361625e-02
   2.9600000e+02   3.1446280e+01   4.2933220e+00  -5.1143820e-02  -6.8048773e-03  -5.4475449e-02
   2.9700000e+02   3.1349140e+01   4.2921500e+00  -5.1523936e-02  -6.8567368e-03  -5.4588364e-02
   2.9800000e+02   3.1252660e+01   4.2909770e+00  -5.1902878e-02  -6.9086505e-03  -5.4700372e-02
   2.9900000e+02   3.1156850e+01   4.2898010e+00  -5.2280611e-02  -6.9606295e-03  -5.4811467e-02
   3.0000000e+02   3.1061690e+01   4.2886230e+00  -5.2657108e-02  -7.0126571e-03  -5.4921650e-02
   3.0100000e+02   3.0967180e+01   4.2874440e+00  -5.3032323e-02  -7.0647340e-03  -5.5030900e-02
   3.0200000e+02   3.0873320e+01   4.2862630e+00  -5.3406290e-02  -7.1168618e-03  -5.5139233e-02
   3.0300000e+02   3.0780090e+01   4.2850790e+00  -5.3778939e-02  -7.1690289e-03  -5.5246643e-02
   3.0400000e+02   3.0687490e+01   4.2838940e+00  -5.4150288e-02  -7.2212345e-03  -5.5353128e-02
   3.0500000e+02   3.0595520e+01   4.2827070e+00  -5.4520280e-02  -7.2734758e-03  -5.5458678e-02
   3.0600000e+02   3.0504170e+01   4.2815180e+00  -5.4888908e-02  -7.3257471e-03  -5.5563299e-02
   3.0700000e+02   3.0413430e+01   4.2803270e+00  -5.5256131e-02  -7.3780447e-03  -5.5666977e-02
   3.0800000e+02   3.0323290e+01   4.2791350e+00  -5.5621950e-02  -7.4303633e-03  -5.5769714e-02
   3.0900000e+02   3.0233760e+01   4.2779400e+00  -5.5986356e-02  -7.4827044e-03  -5.5871525e-02
   3.1000000e+02   3.0144810e+01   4.2767440e+00  -5.6349301e-02  -7.5350552e-03  -5.5972379e-02
   3.1100000e+02   3.0056460e+01   4.2755460e+00  -5.6710782e-02  -7.5874181e-03  -5.6072300e-02
   3.1200000e+02   2.9968690e+01   4.2743460e+00  -5.7070786e-02  -7.6397908e-03  -5.6171281e-02
   3.1300000e+02   2.9881500e+01   4.2731440e+00  -5.7429288e-02  -7.6921646e-03  -5.6269324e-02
   3.1400000e+02   2.9794880e+01   4.2719410e+00  -5.7786273e-02  -7.7445418e-03  -5.6366410e-02
   3.1500000e+02   2.9708820e+01   4.2707350e+00  -5.8141721e-02  -7.7969082e-03  -5.6462565e-02
   3.1600000e+02   2.9623330e+01   4.2695280e+00  -5.8495617e-02  -7.8492741e-03  -5.6557766e-02
   3.1700000e+02   2.9538390e+01   4.2683190e+00  -5.8847938e-02  -7.9016207e-03  -5.6652024e-02
   3.1800000e+02   2.9454000e+01   4.2671090e+00  -5.9198673e-02  -7.9539574e-03  -5.6745328e-02
   3.1900000e+02   2.9370160e+01   4.2658960e+00  -5.9547822e-02  -8.0062716e-03  -5.6837710e-02
   3.2000000e+02   2.9286860e+01   4.2646820e+00  -5.9895362e-02  -8.0585692e-03  -5.6929129e-02
   3.2100000e+02   2.9204090e+01   4.2634660e+00  -6.0241262e-02  -8.1108340e-03  -5.7019616e-02
   3.2200000e+02   2.9121850e+01   4.2622490e+00  -6.0585519e-02  -8.1630681e-03  -5.7109157e-02
   3.2300000e+02   2.9040130e+01   4.2610300e+00  -6.0928127e-02  -8.2152727e-03  -5.7197747e-02
   3.2400000e+02   2.8958940e+01   4.2598090e+00  -6.1269079e-02  -8.2674421e-03  -5.7285415e-02
   3.2500000e+02   2.8878260e+01   4.2585870e+00  -6.1608339e-02  -8.3195673e-03  -5.7372130e-02
   3.2600000e+02   2.8798090e+01   4.2573630e+00  -6.1945921e-02  -8.3716497e-03  -5.7457916e-02
   3.2700000e+02   2.8718420e+01   4.2561370e+00  -6.2281791e-02  -8.4236806e-03  -5.7542766e-02
   3.2800000e+02   2.8639260e+01   4.2549100e+00  -6.2615952e-02  -8.4756637e-03  -5.7626684e-02
   3.2900000e+02   2.8560590e+01   4.2536810e+00  -6.2948391e-02  -8.5275918e-03  -5.7709667e-02
   3.3000000e+02   2.8482410e+01   4.2524510e+00  -6.3279099e-02  -8.5794608e-03  -5.7791721e-02
   3.3100000e+02   2.8404720e+01   4.2512190e+00  -6.3608068e-02  -8.6312709e-03  -5.7872856e-02
   3.3200000e+02   2.8327510e+01   4.2499860e+00  -6.3935282e-02  -8.6830138e-03  -5.7953059e-02
   3.3300000e+02   2.8250780e+01   4.2487510e+00  -6.4260742e-02  -8.7346934e-03  -5.8032338e-02
   3.3400000e+02   2.8174520e+01   4.2475150e+00  -6.4584432e-02  -8.7862993e-03  -5.8110703e-02
   3.3500000e+02   2.8098730e+01   4.2462770e+00  -6.4906349e-02  -8.8378292e-03  -5.8188162e-02
   3.3600000e+02   2.8023400e+01   4.2450370e+00  -6.5226488e-02  -8.8892785e-03  -5.8264707e-02
   3.3700000e+02   2.7948540e+01   4.2437970e+00  -6.5544837e-02  -8.9406579e-03  -5.8340333e-02
   3.3800000e+02   2.7874130e+01   4.2425550e+00  -6.5861390e-02  -8.9919465e-03  -5.8415057e-02
   3.3900000e+02   2.7800180e+01   4.2413110e+00  -6.6176156e-02  -9.0431523e-03  -5.8488888e-02
   3.4000000e+02   2.7726670e+01   4.2400660e+00  -6.6489099e-02  -9.0942629e-03  -5.8561816e-02
   3.4100000e+02   2.7653610e+01   4.2388200e+00  -6.6800246e-02  -9.1452888e-03  -5.8633842e-02
   3.4200000e+02   2.7580980e+01   4.2375730e+00  -6.7109553e-02  -9.1962081e-03  -5.8704981e-02
   3.4300000e+02   2.7508800e+01   4.2363240e+00  -6.7417069e-02  -9.2470432e-03  -5.8775237e-02
   3.4400000e+02   2.7437040e+01   4.2350740e+00  -6.7722743e-02  -9.2977655e-03  -5.8844610e-02
   3.4500000e+02   2.7365720e+01   4.2338220e+00  -6.8026615e-02  -9.3483936e-03  -5.8913110e-02
   3.4600000e+02   2.7294810e+01   4.2325690e+00  -6.8328628e-02  -9.3988975e-03  -5.8980742e-02
   3.4700000e+02   2.7224330e+01   4.2313160e+00  -6.8628821e-02  -9.4493077e-03  -5.9047481e-02
   3.4800000e+02   2.7154270e+01   4.2300600e+00  -6.8927181e-02  -9.4996003e-03  -5.9113385e-02
   3.4900000e+02   2.7084620e+01   4.2288040e+00  -6.9223704e-02  -9.5497810e-03  -5.9178408e-02
   3.5000000e+02   2.7015380e+01   4.2275470e+00  -6.9518370e-02  -9.5998388e-03  -5.9242585e-02
   3.5100000e+02   2.6946540e+01   4.2262880e+00  -6.9811224e-02  -9.6497785e-03  -5.9305912e-02
   3.5200000e+02   2.6878110e+01   4.2250280e+00  -7.0102230e-02  -9.6995974e-03  -5.9368394e-02
   3.5300000e+02   2.6810080e+01   4.2237670e+00  -7.0391389e-02  -9.7492886e-03  -5.9430038e-02
   3.5400000e+02   2.6742440e+01   4.2225050e+00  -7.0678703e-02  -9.7988533e-03  -5.9490846e-02
   3.5500000e+02   2.6675190e+01   4.2212420e+00  -7.0964172e-02  -9.8482811e-03  -5.9550826e-02
   3.5600000e+02   2.6608340e+01   4.2199780e+00  -7.1247813e-02  -9.8975890e-03  -5.9609978e-02
   3.5700000e+02   2.6541870e+01   4.2187130e+00  -7.1529615e-02  -9.9467600e-03  -5.9668314e-02
   3.5800000e+02   2.6475780e+01   4.2174470e+00  -7.1809564e-02  -9.9957870e-03  -5.9725832e-02
   3.5900000e+02   2.6410060e+01   4.2161800e+00  -7.2087669e-02  -1.0044670e-02  -5.9782547e-02
   3.6000000e+02   2.6344730e+01   4.2149120e+00  -7.2363955e-02  -1.0093424e-02  -5.9838455e-02
   3.6100000e+02   2.6279770e+01   4.2136430e+00  -7.2638398e-02  -1.0142030e-02  -5.9893577e-02
   3.6200000e+02   2.6215170e+01   4.2123730e+00  -7.2911006e-02  -1.0190484e-02  -5.9947903e-02
   3.6300000e+02   2.6150940e+01   4.2111020e+00  -7.3181793e-02  -1.0238794e-02  -6.0001441e-02
   3.6400000e+02   2.6087080e+01   4.2098300e+00  -7.3450750e-02  -1.0286957e-02  -6.0054207e-02
   3.6500000e+02   2.6023570e+01   4.2085570e+00  -7.3717868e-02  -1.0334958e-02  -6.0106205e-02
   3.6600000e+02   2.5960420e+01   4.2072840e+00  -7.3983183e-02  -1.0382817e-02  -6.0157415e-02
   3.6700000e+02   2.5897620e+01   4.2060100e+00  -7.4246662e-02  -1.0430511e-02  -6.0207879e-02
   3.6800000e+02   2.5835180e+01   4.2047340e+00  -7.4508353e-02  -1.0478052e-02  -6.0257595e-02
   3.6900000e+02   2.5773080e+01   4.2034590e+00  -7.4768201e-02  -1.0525428e-02  -6.0306541e-02
   3.7000000e+02   2.5711320e+01   4.2021820e+00  -7.5026260e-02  -1.0572642e-02  -6.0354756e-02
   3.7100000e+02   2.5649910e+01   4.2009050e+00  -7.5282522e-02  -1.0619702e-02  -6.0402225e-02
   3.7200000e+02   2.5588840e+01   4.1996270e+00  -7.5536977e-02  -1.0666591e-02  -6.0448974e-02
   3.7300000e+02   2.5528100e+01   4.1983480e+00  -7.5789641e-02  -1.0713307e-02  -6.0494994e-02
   3.7400000e+02   2.5467690e+01   4.1970680e+00  -7.6040520e-02  -1.0759854e-02  -6.0540304e-02
   3.7500000e+02   2.5407620e+01   4.1957880e+00  -7.6289615e-02  -1.0806237e-02  -6.0584896e-02
   3.7600000e+02   2.5347870e+01   4.1945080e+00  -7.6536915e-02  -1.0852443e-02  -6.0628773e-02
   3.7700000e+02   2.5288450e+01   4.1932260e+00  -7.6782484e-02  -1.0898485e-02  -6.0671964e-02
   3.7800000e+02   2.5229350e+01   4.1919440e+00  -7.7026266e-02  -1.0944344e-02  -6.0714458e-02
   3.7900000e+02   2.5170570e+01   4.1906620e+00  -7.7268279e-02  -1.0990026e-02  -6.0756258e-02
   3.8000000e+02   2.5112110e+01   4.1893790e+00  -7.7508549e-02  -1.1035533e-02  -6.0797381e-02
   3.8100000e+02   2.5053960e+01   4.1880950e+00  -7.7747088e-02  -1.1080863e-02  -6.0837837e-02
   3.8200000e+02   2.4996120e+01   4.1868110e+00  -7.7983863e-02  -1.1126005e-02  -6.0877616e-02
   3.8300000e+02   2.4938600e+01   4.1855270e+00  -7.8218913e-02  -1.1170977e-02  -6.0916727e-02
   3.8400000e+02   2.4881370e+01   4.1842420e+00  -7.8452227e-02  -1.1215749e-02  -6.0955192e-02
   3.8500000e+02   2.4824460e+01   4.1829560e+00  -7.8683836e-02  -1.1260346e-02  -6.0993019e-02
   3.8600000e+02   2.4767840e+01   4.1816700e+00  -7.8913723e-02  -1.1304751e-02  -6.1030191e-02
   3.8700000e+02   2.4711530e+01   4.1803840e+00  -7.9141922e-02  -1.1348983e-02  -6.1066726e-02
   3.8800000e+02   2.4655510e+01   4.1790970e+00  -7.9368400e-02  -1.1393013e-02  -6.1102642e-02
   3.8900000e+02   2.4599780e+01   4.1778100e+00  -7.9593176e-02  -1.1436846e-02  -6.1137930e-02
   3.9000000e+02   2.4544350e+01   4.1765230e+00  -7.9816298e-02  -1.1480506e-02  -6.1172590e-02
   3.9100000e+02   2.4489210e+01   4.1752350e+00  -8.0037743e-02  -1.1523969e-02  -6.1206651e-02
   3.9200000e+02   2.4434350e+01   4.1739480e+00  -8.0257490e-02  -1.1567234e-02  -6.1240093e-02
   3.9300000e+02   2.4379780e+01   4.1726590e+00  -8.0475619e-02  -1.1610311e-02  -6.1272953e-02
   3.9400000e+02   2.4325490e+01   4.1713710e+00  -8.0692061e-02  -1.1653187e-02  -6.1305210e-02
   3.9500000e+02   2.4271490e+01   4.1700820e+00  -8.0906879e-02  -1.1695874e-02  -6.1336896e-02
   3.9600000e+02   2.4217760e+01   4.1687930e+00  -8.1120065e-02  -1.1738363e-02  -6.1367989e-02
   3.9700000e+02   2.4164310e+01   4.1675040e+00  -8.1331615e-02  -1.1780654e-02  -6.1398520e-02
   3.9800000e+02   2.4111130e+01   4.1662150e+00  -8.1541542e-02  -1.1822746e-02  -6.1428472e-02
   3.9900000e+02   2.4058220e+01   4.1649250e+00  -8.1749877e-02  -1.1864637e-02  -6.1457880e-02
   4.0000000e+02   2.4005580e+01   4.1636360e+00  -8.1956590e-02  -1.1906327e-02  -6.1486713e-02
   4.0100000e+02   2.3953210e+01   4.1623460e+00  -8.2161730e-02  -1.1947821e-02  -6.1515014e-02
   4.0200000e+02   2.3901110e+01   4.1610560e+00  -8.2365284e-02  -1.1989116e-02  -6.1542771e-02
   4.0300000e+02   2.3849270e+01   4.1597660e+00  -8.2567244e-02  -1.2030199e-02  -6.1570000e-02
   4.0400000e+02   2.3797690e+01   4.1584760e+00  -8.2767662e-02  -1.2071088e-02  -6.1596688e-02
   4.0500000e+02   2.3746360e+01   4.1571860e+00  -8.2966500e-02  -1.2111760e-02  -6.1622853e-02
   4.0600000e+02   2.3695300e+01   4.1558960e+00  -8.3163802e-02  -1.2152241e-02  -6.1648508e-02
   4.0700000e+02   2.3644490e+01   4.1546060e+00  -8.3359567e-02  -1.2192512e-02  -6.1673642e-02
   4.0800000e+02   2.3593940e+01   4.1533160e+00  -8.3553796e-02  -1.2232582e-02  -6.1698280e-02
   4.0900000e+02   2.3543630e+01   4.1520260e+00  -8.3746508e-02  -1.2272441e-02  -6.1722415e-02
   4.1000000e+02   2.3493580e+01   4.1507360e+00  -8.3937701e-02  -1.2312096e-02  -6.1746060e-02
   4.1100000e+02   2.3443770e+01   4.1494460e+00  -8.4127399e-02  -1.2351544e-02  -6.1769218e-02
   4.1200000e+02   2.3394210e+01   4.1481570e+00  -8.4315595e-02  -1.2390787e-02  -6.1791882e-02
   4.1300000e+02   2.3344890e+01   4.1468670e+00  -8.4502318e-02  -1.2429818e-02  -6.1814088e-02
   4.1400000e+02   2.3295810e+01   4.1455770e+00  -8.4687569e-02  -1.2468640e-02  -6.1835818e-02
   4.1500000e+02   2.3246980e+01   4.1442880e+00  -8.4871354e-02  -1.2507263e-02  -6.1857080e-02
   4.1600000e+02   2.3198380e+01   4.1429990e+00  -8.5053683e-02  -1.2545674e-02  -6.1877883e-02
   4.1700000e+02   2.3150020e+01   4.1417100e+00  -8.5234546e-02  -1.2583868e-02  -6.1898241e-02
   4.1800000e+02   2.3101890e+01   4.1404210e+00  -8.5414003e-02  -1.2621861e-02  -6.1918149e-02
   4.1900000e+02   2.3053990e+01   4.1391320e+00  -8.5592004e-02  -1.2659629e-02  -6.1937623e-02
   4.2000000e+02   2.3006330e+01   4.1378440e+00  -8.5768597e-02  -1.2697203e-02  -6.1956654e-02
   4.2100000e+02   2.2958900e+01   4.1365560e+00  -8.5943791e-02  -1.2734568e-02  -6.1975256e-02
   4.2200000e+02   2.2911690e+01   4.1352680e+00  -8.6117573e-02  -1.2771711e-02  -6.1993435e-02
   4.2300000e+02   2.2864710e+01   4.1339810e+00  -8.6289980e-02  -1.2808658e-02  -6.2011187e-02
   4.2400000e+02   2.2817950e+01   4.1326930e+00  -8.6460995e-02  -1.2845375e-02  -6.2028544e-02
   4.2500000e+02   2.2771410e+01   4.1314060e+00  -8.6630629e-02  -1.2881883e-02  -6.2045489e-02
   4.2600000e+02   2.2725100e+01   4.1301200e+00  -8.6798920e-02  -1.2918198e-02  -6.2062017e-02
   4.2700000e+02   2.2679000e+01   4.1288340e+00  -8.6965850e-02  -1.2954287e-02  -6.2078150e-02
   4.2800000e+02   2.2633130e+01   4.1275480e+00  -8.7131438e-02  -1.2990171e-02  -6.2093905e-02
   4.2900000e+02   2.2587460e+01   4.1262620e+00  -8.7295700e-02  -1.3025833e-02  -6.2109273e-02
   4.3000000e+02   2.2542020e+01   4.1249770e+00  -8.7458641e-02  -1.3061297e-02  -6.2124252e-02
   4.3100000e+02   2.2496780e+01   4.1236930e+00  -8.7620245e-02  -1.3096542e-02  -6.2138848e-02
   4.3200000e+02   2.2451760e+01   4.1224080e+00  -8.7780577e-02  -1.3131577e-02  -6.2153094e-02
   4.3300000e+02   2.2406940e+01   4.1211250e+00  -8.7939565e-02  -1.3166394e-02  -6.2166954e-02
   4.3400000e+02   2.2362340e+01   4.1198410e+00  -8.8097328e-02  -1.3201012e-02  -6.2180469e-02
   4.3500000e+02   2.2317940e+01   4.1185590e+00  -8.8253770e-02  -1.3235412e-02  -6.2193614e-02
   4.3600000e+02   2.2273740e+01   4.1172760e+00  -8.8408958e-02  -1.3269589e-02  -6.2206424e-02
   4.3700000e+02   2.2229750e+01   4.1159950e+00  -8.8562880e-02  -1.3303570e-02  -6.2218868e-02
   4.3800000e+02   2.2185960e+01   4.1147130e+00  -8.8715575e-02  -1.3337333e-02  -6.2230992e-02
   4.3900000e+02   2.2142370e+01   4.1134330e+00  -8.8866997e-02  -1.3370882e-02  -6.2242764e-02
   4.4000000e+02   2.2098980e+01   4.1121530e+00  -8.9017220e-02  -1.3404230e-02  -6.2254203e-02
   4.4100000e+02   2.2055790e+01   4.1108730e+00  -8.9166217e-02  -1.3437359e-02  -6.2265333e-02
   4.4200000e+02   2.2012800e+01   4.1095940e+00  -8.9314009e-02  -1.3470287e-02  -6.2276129e-02
   4.4300000e+02   2.1970000e+01   4.1083160e+00  -8.9460591e-02  -1.3503001e-02  -6.2286606e-02
   4.4400000e+02   2.1927390e+01   4.1070380e+00  -8.9605958e-02  -1.3535488e-02  -6.2296781e-02
   4.4500000e+02   2.1884980e+01   4.1057610e+00  -8.9750166e-02  -1.3567781e-02  -6.2306642e-02
   4.4600000e+02   2.1842750e+01   4.1044850e+00  -8.9893178e-02  -1.3599856e-02  -6.2316191e-02
   4.4700000e+02   2.1800720e+01   4.1032090e+00  -9.0035049e-02  -1.3631728e-02  -6.2325453e-02
   4.4800000e+02   2.1758870e+01   4.1019340e+00  -9.0175745e-02  -1.3663383e-02  -6.2334414e-02
   4.4900000e+02   2.1717210e+01   4.1006600e+00  -9.0315288e-02  -1.3694832e-02  -6.2343084e-02
   4.5000000e+02   2.1675730e+01   4.0993860e+00  -9.0453701e-02  -1.3726064e-02  -6.2351474e-02
   4.5100000e+02   2.1634440e+01   4.0981130e+00  -9.0590977e-02  -1.3757093e-02  -6.2359584e-02
   4.5200000e+02   2.1593340e+01   4.0968410e+00  -9.0727165e-02  -1.3787928e-02  -6.2367399e-02
   4.5300000e+02   2.1552410e+01   4.0955700e+00  -9.0862190e-02  -1.3818536e-02  -6.2374956e-02
   4.5400000e+02   2.1511660e+01   4.0942990e+00  -9.0996126e-02  -1.3848931e-02  -6.2382245e-02
   4.5500000e+02   2.1471100e+01   4.0930300e+00  -9.1128981e-02  -1.3879143e-02  -6.2389253e-02
   4.5600000e+02   2.1430710e+01   4.0917610e+00  -9.1260748e-02  -1.3909133e-02  -6.2396007e-02
   4.5700000e+02   2.1390490e+01   4.0904920e+00  -9.1391414e-02  -1.3938900e-02  -6.2402528e-02
   4.5800000e+02   2.1350450e+01   4.0892250e+00  -9.1521028e-02  -1.3968479e-02  -6.2408766e-02
   4.5900000e+02   2.1310590e+01   4.0879580e+00  -9.1649596e-02  -1.3997851e-02  -6.2414773e-02
   4.6000000e+02   2.1270900e+01   4.0866930e+00  -9.1777090e-02  -1.4027020e-02  -6.2420519e-02
   4.6100000e+02   2.1231380e+01   4.0854280e+00  -9.1903550e-02  -1.4055977e-02  -6.2426035e-02
   4.6200000e+02   2.1192030e+01   4.0841640e+00  -9.2028958e-02  -1.4084726e-02  -6.2431314e-02
   4.6300000e+02   2.1152850e+01   4.0829010e+00  -9.2153346e-02  -1.4113271e-02  -6.2436362e-02
   4.6400000e+02   2.1113840e+01   4.0816390e+00  -9.2276726e-02  -1.4141620e-02  -6.2441171e-02
   4.6500000e+02   2.1074990e+01   4.0803770e+00  -9.2399080e-02  -1.4169746e-02  -6.2445773e-02
   4.6600000e+02   2.1036310e+01   4.0791170e+00  -9.2520434e-02  -1.4197683e-02  -6.2450134e-02
   4.6700000e+02   2.0997800e+01   4.0778580e+00  -9.2640805e-02  -1.4225425e-02  -6.2454274e-02
   4.6800000e+02   2.0959450e+01   4.0765990e+00  -9.2760198e-02  -1.4252954e-02  -6.2458212e-02
   4.6900000e+02   2.0921260e+01   4.0753420e+00  -9.2878588e-02  -1.4280281e-02  -6.2461923e-02
   4.7000000e+02   2.0883230e+01   4.0740850e+00  -9.2996021e-02  -1.4307402e-02  -6.2465444e-02
   4.7100000e+02   2.0845370e+01   4.0728300e+00  -9.3112485e-02  -1.4334336e-02  -6.2468746e-02
   4.7200000e+02   2.0807660e+01   4.0715750e+00  -9.3227998e-02  -1.4361054e-02  -6.2471858e-02
   4.7300000e+02   2.0770110e+01   4.0703220e+00  -9.3342563e-02  -1.4387580e-02  -6.2474754e-02
   4.7400000e+02   2.0732710e+01   4.0690690e+00  -9.3456182e-02  -1.4413893e-02  -6.2477477e-02
   4.7500000e+02   2.0695480e+01   4.0678180e+00  -9.3568882e-02  -1.4440029e-02  -6.2479993e-02
   4.7600000e+02   2.0658400e+01   4.0665670e+00  -9.3680665e-02  -1.4465953e-02  -6.2482336e-02
   4.7700000e+02   2.0621470e+01   4.0653180e+00  -9.3791505e-02  -1.4491680e-02  -6.2484481e-02
   4.7800000e+02   2.0584690e+01   4.0640700e+00  -9.3901428e-02  -1.4517200e-02  -6.2486446e-02
   4.7900000e+02   2.0548070e+01   4.0628230e+00  -9.4010482e-02  -1.4542540e-02  -6.2488230e-02
   4.8000000e+02   2.0511600e+01   4.0615760e+00  -9.4118661e-02  -1.4567677e-02  -6.2489853e-02
   4.8100000e+02   2.0475270e+01   4.0603310e+00  -9.4225909e-02  -1.4592606e-02  -6.2491292e-02
   4.8200000e+02   2.0439100e+01   4.0590870e+00  -9.4332312e-02  -1.4617357e-02  -6.2492564e-02
   4.8300000e+02   2.0403070e+01   4.0578450e+00  -9.4437811e-02  -1.4641904e-02  -6.2493656e-02
   4.8400000e+02   2.0367190e+01   4.0566030e+00  -9.4542467e-02  -1.4666257e-02  -6.2494602e-02
   4.8500000e+02   2.0331460e+01   4.0553620e+00  -9.4646268e-02  -1.4690418e-02  -6.2495388e-02
   4.8600000e+02   2.0295870e+01   4.0541230e+00  -9.4749203e-02  -1.4714383e-02  -6.2496002e-02
   4.8700000e+02   2.0260430e+01   4.0528850e+00  -9.4851319e-02  -1.4738169e-02  -6.2496463e-02
   4.8800000e+02   2.0225130e+01   4.0516480e+00  -9.4952589e-02  -1.4761753e-02  -6.2496779e-02
   4.8900000e+02   2.0189970e+01   4.0504120e+00  -9.5053030e-02  -1.4785144e-02  -6.2496946e-02
   4.9000000e+02   2.0154950e+01   4.0491770e+00  -9.5152646e-02  -1.4808339e-02  -6.2496969e-02
   4.9100000e+02   2.0120070e+01   4.0479440e+00  -9.5251435e-02  -1.4831348e-02  -6.2496836e-02
   4.9200000e+02   2.0085330e+01   4.0467110e+00  -9.5349439e-02  -1.4854164e-02  -6.2496579e-02
   4.9300000e+02   2.0050730e+01   4.0454800e+00  -9.5446633e-02  -1.4876795e-02  -6.2496170e-02
   4.9400000e+02   2.0016270e+01   4.0442500e+00  -9.5543039e-02  -1.4899243e-02  -6.2495628e-02
   4.9500000e+02   1.9981940e+01   4.0430220e+00  -9.5638629e-02  -1.4921491e-02  -6.2494942e-02
   4.9600000e+02   1.9947750e+01   4.0417940e+00  -9.5733477e-02  -1.4943559e-02  -6.2494142e-02
   4.9700000e+02   1.9913700e+01   4.0405680e+00  -9.5827544e-02  -1.4965452e-02  -6.2493203e-02
   4.9800000e+02   1.9879780e+01   4.0393430e+00  -9.5920828e-02  -1.4987144e-02  -6.2492144e-02
   4.9900000e+02   1.9845990e+01   4.0381200e+00  -9.6013348e-02  -1.5008656e-02  -6.2490945e-02
   5.0000000e+02   1.9812340e+01   4.0368970e+00  -9.6105136e-02  -1.5029985e-02  -6.2489648e-02
   5.0100000e+02   1.9778810e+01   4.0356760e+00  -9.6196149e-02  -1.5051119e-02  -6.2488218e-02
   5.0200000e+02   1.9745420e+01   4.0344570e+00  -9.6286426e-02  -1.5072083e-02  -6.2486664e-02
   5.0300000e+02   1.9712160e+01   4.0332380e+00  -9.6375986e-02  -1.5092861e-02  -6.2485011e-02
   5.0400000e+02   1.9679020e+01   4.0320210e+00  -9.6464786e-02  -1.5113448e-02  -6.2483238e-02
   5.0500000e+02   1.9646020e+01   4.0308050e+00  -9.6552892e-02  -1.5133868e-02  -6.2481357e-02
   5.0600000e+02   1.9613140e+01   4.0295910e+00  -9.6640256e-02  -1.5154099e-02  -6.2479360e-02
   5.0700000e+02   1.9580390e+01   4.0283780e+00  -9.6726916e-02  -1.5174152e-02  -6.2477260e-02
   5.0800000e+02   1.9547760e+01   4.0271660e+00  -9.6812860e-02  -1.5194012e-02  -6.2475062e-02
   5.0900000e+02   1.9515260e+01   4.0259550e+00  -9.6898125e-02  -1.5213707e-02  -6.2472767e-02
   5.1000000e+02   1.9482880e+01   4.0247460e+00  -9.6982677e-02  -1.5233215e-02  -6.2470366e-02
   5.1100000e+02   1.9450630e+01   4.0235390e+00  -9.7066555e-02  -1.5252564e-02  -6.2467855e-02
   5.1200000e+02   1.9418500e+01   4.0223320e+00  -9.7149748e-02  -1.5271719e-02  -6.2465269e-02
   5.1300000e+02   1.9386490e+01   4.0211270e+00  -9.7232262e-02  -1.5290704e-02  -6.2462579e-02
   5.1400000e+02   1.9354600e+01   4.0199240e+00  -9.7314094e-02  -1.5309512e-02  -6.2459789e-02
   5.1500000e+02   1.9322840e+01   4.0187210e+00  -9.7395291e-02  -1.5328151e-02  -6.2456932e-02
   5.1600000e+02   1.9291190e+01   4.0175210e+00  -9.7475797e-02  -1.5346611e-02  -6.2453961e-02
   5.1700000e+02   1.9259660e+01   4.0163210e+00  -9.7555667e-02  -1.5364893e-02  -6.2450926e-02
   5.1800000e+02   1.9228250e+01   4.0151230e+00  -9.7634876e-02  -1.5383004e-02  -6.2447795e-02
   5.1900000e+02   1.9196960e+01   4.0139270e+00  -9.7713447e-02  -1.5400950e-02  -6.2444577e-02
   5.2000000e+02   1.9165790e+01   4.0127320e+00  -9.7791391e-02  -1.5418733e-02  -6.2441283e-02
   5.2100000e+02   1.9134730e+01   4.0115380e+00  -9.7868701e-02  -1.5436330e-02  -6.2437916e-02
   5.2200000e+02   1.9103780e+01   4.0103460e+00  -9.7945361e-02  -1.5453753e-02  -6.2434464e-02
   5.2300000e+02   1.9072950e+01   4.0091550e+00  -9.8021403e-02  -1.5471005e-02  -6.2430943e-02
   5.2400000e+02   1.9042240e+01   4.0079650e+00  -9.8096864e-02  -1.5488106e-02  -6.2427357e-02
   5.2500000e+02   1.9011640e+01   4.0067780e+00  -9.8171682e-02  -1.5505038e-02  -6.2423672e-02
   5.2600000e+02   1.8981150e+01   4.0055910e+00  -9.8245903e-02  -1.5521789e-02  -6.2419942e-02
   5.2700000e+02   1.8950770e+01   4.0044060e+00  -9.8319512e-02  -1.5538372e-02  -6.2416132e-02
   5.2800000e+02   1.8920510e+01   4.0032230e+00  -9.8392545e-02  -1.5554812e-02  -6.2412250e-02
   5.2900000e+02   1.8890350e+01   4.0020410e+00  -9.8464953e-02  -1.5571057e-02  -6.2408306e-02
   5.3000000e+02   1.8860300e+01   4.0008600e+00  -9.8536807e-02  -1.5587152e-02  -6.2404307e-02
   5.3100000e+02   1.8830370e+01   3.9996810e+00  -9.8608075e-02  -1.5603087e-02  -6.2400238e-02
   5.3200000e+02   1.8800540e+01   3.9985040e+00  -9.8678744e-02  -1.5618853e-02  -6.2396099e-02
   5.3300000e+02   1.8770820e+01   3.9973280e+00  -9.8748861e-02  -1.5634461e-02  -6.2391909e-02
   5.3400000e+02   1.8741210e+01   3.9961530e+00  -9.8818410e-02  -1.5649901e-02  -6.2387668e-02
   5.3500000e+02   1.8711710e+01   3.9949800e+00  -9.8887408e-02  -1.5665196e-02  -6.2383360e-02
   5.3600000e+02   1.8682310e+01   3.9938090e+00  -9.8955822e-02  -1.5680314e-02  -6.2378990e-02
   5.3700000e+02   1.8653010e+01   3.9926390e+00  -9.9023676e-02  -1.5695265e-02  -6.2374576e-02
   5.3800000e+02   1.8623820e+01   3.9914700e+00  -9.9091010e-02  -1.5710067e-02  -6.2370116e-02
   5.3900000e+02   1.8594740e+01   3.9903040e+00  -9.9157791e-02  -1.5724725e-02  -6.2365580e-02
   5.4000000e+02   1.8565760e+01   3.9891380e+00  -9.9224045e-02  -1.5739212e-02  -6.2361021e-02
   5.4100000e+02   1.8536880e+01   3.9879740e+00  -9.9289735e-02  -1.5753532e-02  -6.2356402e-02
   5.4200000e+02   1.8508100e+01   3.9868120e+00  -9.9354896e-02  -1.5767702e-02  -6.2351731e-02
   5.4300000e+02   1.8479430e+01   3.9856520e+00  -9.9419547e-02  -1.5781732e-02  -6.2347006e-02
   5.4400000e+02   1.8450860e+01   3.9844930e+00  -9.9483683e-02  -1.5795604e-02  -6.2342245e-02
   5.4500000e+02   1.8422390e+01   3.9833350e+00  -9.9547292e-02  -1.5809312e-02  -6.2337449e-02
   5.4600000e+02   1.8394010e+01   3.9821790e+00  -9.9610373e-02  -1.5822858e-02  -6.2332603e-02
   5.4700000e+02   1.8365740e+01   3.9810250e+00  -9.9672956e-02  -1.5836269e-02  -6.2327708e-02
   5.4800000e+02   1.8337570e+01   3.9798720e+00  -9.9735038e-02  -1.5849520e-02  -6.2322780e-02
   5.4900000e+02   1.8309490e+01   3.9787210e+00  -9.9796609e-02  -1.5862616e-02  -6.2317807e-02
   5.5000000e+02   1.8281520e+01   3.9775710e+00  -9.9857703e-02  -1.5875572e-02  -6.2312805e-02
   5.5100000e+02   1.8253640e+01   3.9764230e+00  -9.9918290e-02  -1.5888371e-02  -6.2307758e-02
   5.5200000e+02   1.8225850e+01   3.9752760e+00  -9.9978388e-02  -1.5901016e-02  -6.2302688e-02
   5.5300000e+02   1.8198170e+01   3.9741320e+00  -1.0003801e-01  -1.5913532e-02  -6.2297558e-02
   5.5400000e+02   1.8170570e+01   3.9729880e+00  -1.0009714e-01  -1.5925868e-02  -6.2292420e-02
   5.5500000e+02   1.8143080e+01   3.9718470e+00  -1.0015580e-01  -1.5938091e-02  -6.2287224e-02
   5.5600000e+02   1.8115670e+01   3.9707070e+00  -1.0021397e-01  -1.5950138e-02  -6.2282008e-02
   5.5700000e+02   1.8088370e+01   3.9695680e+00  -1.0027171e-01  -1.5962064e-02  -6.2276771e-02
   5.5800000e+02   1.8061150e+01   3.9684310e+00  -1.0032893e-01  -1.5973818e-02  -6.2271496e-02
   5.5900000e+02   1.8034030e+01   3.9672960e+00  -1.0038572e-01  -1.5985448e-02  -6.2266187e-02
   5.6000000e+02   1.8007000e+01   3.9661630e+00  -1.0044204e-01  -1.5996929e-02  -6.2260843e-02
   5.6100000e+02   1.7980060e+01   3.9650310e+00  -1.0049792e-01  -1.6008265e-02  -6.2255483e-02
   5.6200000e+02   1.7953210e+01   3.9639000e+00  -1.0055334e-01  -1.6019450e-02  -6.2250105e-02
   5.6300000e+02   1.7926460e+01   3.9627720e+00  -1.0060832e-01  -1.6030514e-02  -6.2244679e-02
   5.6400000e+02   1.7899790e+01   3.9616450e+00  -1.0066284e-01  -1.6041417e-02  -6.2239239e-02
   5.6500000e+02   1.7873220e+01   3.9605190e+00  -1.0071696e-01  -1.6052199e-02  -6.2233789e-02
   5.6600000e+02   1.7846730e+01   3.9593960e+00  -1.0077059e-01  -1.6062822e-02  -6.2228291e-02
   5.6700000e+02   1.7820330e+01   3.9582730e+00  -1.0082382e-01  -1.6073305e-02  -6.2222795e-02
   5.6800000e+02   1.7794020e+01   3.9571530e+00  -1.0087660e-01  -1.6083660e-02  -6.2217257e-02
   5.6900000e+02   1.7767800e+01   3.9560340e+00  -1.0092899e-01  -1.6093882e-02  -6.2211711e-02
   5.7000000e+02   1.7741670e+01   3.9549170e+00  -1.0098093e-01  -1.6103962e-02  -6.2206140e-02
   5.7100000e+02   1.7715620e+01   3.9538020e+00  -1.0103245e-01  -1.6113904e-02  -6.2200542e-02
   5.7200000e+02   1.7689660e+01   3.9526880e+00  -1.0108355e-01  -1.6123707e-02  -6.2194938e-02
   5.7300000e+02   1.7663780e+01   3.9515760e+00  -1.0113424e-01  -1.6133371e-02  -6.2189308e-02
   5.7400000e+02   1.7638000e+01   3.9504650e+00  -1.0118456e-01  -1.6142924e-02  -6.2183678e-02
   5.7500000e+02   1.7612290e+01   3.9493560e+00  -1.0123443e-01  -1.6152317e-02  -6.2178022e-02
   5.7600000e+02   1.7586670e+01   3.9482490e+00  -1.0128389e-01  -1.6161578e-02  -6.2172345e-02
   5.7700000e+02   1.7561130e+01   3.9471440e+00  -1.0133295e-01  -1.6170712e-02  -6.2166651e-02
   5.7800000e+02   1.7535680e+01   3.9460400e+00  -1.0138165e-01  -1.6179722e-02  -6.2160952e-02
   5.7900000e+02   1.7510310e+01   3.9449380e+00  -1.0142993e-01  -1.6188594e-02  -6.2155233e-02
   5.8000000e+02   1.7485030e+01   3.9438370e+00  -1.0147784e-01  -1.6197342e-02  -6.2149514e-02
   5.8100000e+02   1.7459820e+01   3.9427380e+00  -1.0152533e-01  -1.6205941e-02  -6.2143775e-02
   5.8200000e+02   1.7434700e+01   3.9416410e+00  -1.0157246e-01  -1.6214430e-02  -6.2138023e-02
   5.8300000e+02   1.7409660e+01   3.9405460e+00  -1.0161920e-01  -1.6222787e-02  -6.2132256e-02
   5.8400000e+02   1.7384700e+01   3.9394520e+00  -1.0166557e-01  -1.6231013e-02  -6.2126486e-02
   5.8500000e+02   1.7359820e+01   3.9383600e+00  -1.0171155e-01  -1.6239107e-02  -6.2120704e-02
   5.8600000e+02   1.7335020e+01   3.9372700e+00  -1.0175716e-01  -1.6247079e-02  -6.2114906e-02
   5.8700000e+02   1.7310300e+01   3.9361810e+00  -1.0180241e-01  -1.6254925e-02  -6.2109111e-02
   5.8800000e+02   1.7285660e+01   3.9350940e+00  -1.0184729e-01  -1.6262648e-02  -6.2103305e-02
   5.8900000e+02   1.7261090e+01   3.9340090e+00  -1.0189178e-01  -1.6270226e-02  -6.2097485e-02
   5.9000000e+02   1.7236610e+01   3.9329250e+00  -1.0193594e-01  -1.6277701e-02  -6.2091669e-02
   5.9100000e+02   1.7212200e+01   3.9318430e+00  -1.0197973e-01  -1.6285039e-02  -6.2085843e-02
   5.9200000e+02   1.7187880e+01   3.9307630e+00  -1.0202318e-01  -1.6292276e-02  -6.2080006e-02
   5.9300000e+02   1.7163630e+01   3.9296850e+00  -1.0206626e-01  -1.6299386e-02  -6.2074162e-02
   5.9400000e+02   1.7139450e+01   3.9286080e+00  -1.0210898e-01  -1.6306352e-02  -6.2068322e-02
   5.9500000e+02   1.7115350e+01   3.9275330e+00  -1.0215136e-01  -1.6313204e-02  -6.2062471e-02
   5.9600000e+02   1.7091330e+01   3.9264600e+00  -1.0219340e-01  -1.6319949e-02  -6.2056612e-02
   5.9700000e+02   1.7067380e+01   3.9253880e+00  -1.0223508e-01  -1.6326553e-02  -6.2050762e-02
   5.9800000e+02   1.7043510e+01   3.9243180e+00  -1.0227644e-01  -1.6333054e-02  -6.2044907e-02
   5.9900000e+02   1.7019720e+01   3.9232500e+00  -1.0231747e-01  -1.6339447e-02  -6.2039040e-02
   6.0000000e+02   1.6995990e+01   3.9221830e+00  -1.0235814e-01  -1.6345689e-02  -6.2033185e-02
   6.0100000e+02   1.6972350e+01   3.9211190e+00  -1.0239851e-01  -1.6351856e-02  -6.2027308e-02
   6.0200000e+02   1.6948770e+01   3.9200550e+00  -1.0243853e-01  -1.6357869e-02  -6.2021459e-02
   6.0300000e+02   1.6925270e+01   3.9189940e+00  -1.0247822e-01  -1.6363781e-02  -6.2015583e-02
   6.0400000e+02   1.6901840e+01   3.9179340e+00  -1.0251759e-01  -1.6369570e-02  -6.2009725e-02
   6.0500000e+02   1.6878480e+01   3.9168770e+00  -1.0255661e-01  -1.6375248e-02  -6.2003842e-02
   6.0600000e+02   1.6855200e+01   3.9158200e+00  -1.0259536e-01  -1.6380818e-02  -6.1997990e-02
   6.0700000e+02   1.6831990e+01   3.9147660e+00  -1.0263377e-01  -1.6386277e-02  -6.1992117e-02
   6.0800000e+02   1.6808850e+01   3.9137130e+00  -1.0267186e-01  -1.6391616e-02  -6.1986258e-02
   6.0900000e+02   1.6785780e+01   3.9126620e+00  -1.0270965e-01  -1.6396844e-02  -6.1980394e-02
   6.1000000e+02   1.6762780e+01   3.9116130e+00  -1.0274710e-01  -1.6401954e-02  -6.1974527e-02
   6.1100000e+02   1.6739850e+01   3.9105650e+00  -1.0278426e-01  -1.6406947e-02  -6.1968676e-02
   6.1200000e+02   1.6716990e+01   3.9095190e+00  -1.0282112e-01  -1.6411842e-02  -6.1962825e-02
   6.1300000e+02   1.6694200e+01   3.9084750e+00  -1.0285765e-01  -1.6416615e-02  -6.1956969e-02
   6.1400000e+02   1.6671480e+01   3.9074320e+00  -1.0289392e-01  -1.6421288e-02  -6.1951129e-02
   6.1500000e+02   1.6648830e+01   3.9063920e+00  -1.0292985e-01  -1.6425852e-02  -6.1945271e-02
   6.1600000e+02   1.6626240e+01   3.9053530e+00  -1.0296548e-01  -1.6430288e-02  -6.1939429e-02
   6.1700000e+02   1.6603730e+01   3.9043150e+00  -1.0300086e-01  -1.6434641e-02  -6.1933607e-02
   6.1800000e+02   1.6581280e+01   3.9032800e+00  -1.0303591e-01  -1.6438875e-02  -6.1927763e-02
   6.1900000e+02   1.6558900e+01   3.9022460e+00  -1.0307068e-01  -1.6443004e-02  -6.1921939e-02
   6.2000000e+02   1.6536590e+01   3.9012140e+00  -1.0310516e-01  -1.6447029e-02  -6.1916116e-02
   6.2100000e+02   1.6514340e+01   3.9001830e+00  -1.0313936e-01  -1.6450937e-02  -6.1910308e-02
   6.2200000e+02   1.6492160e+01   3.8991550e+00  -1.0317326e-01  -1.6454753e-02  -6.1904488e-02
   6.2300000e+02   1.6470050e+01   3.8981280e+00  -1.0320690e-01  -1.6458468e-02  -6.1898687e-02
   6.2400000e+02   1.6448000e+01   3.8971020e+00  -1.0324025e-01  -1.6462063e-02  -6.1892898e-02
   6.2500000e+02   1.6426020e+01   3.8960790e+00  -1.0327331e-01  -1.6465565e-02  -6.1887099e-02
   6.2600000e+02   1.6404110e+01   3.8950570e+00  -1.0330613e-01  -1.6468976e-02  -6.1881318e-02
   6.2700000e+02   1.6382250e+01   3.8940370e+00  -1.0333863e-01  -1.6472256e-02  -6.1875540e-02
   6.2800000e+02   1.6360470e+01   3.8930190e+00  -1.0337089e-01  -1.6475464e-02  -6.1869766e-02
   6.2900000e+02   1.6338740e+01   3.8920020e+00  -1.0340284e-01  -1.6478532e-02  -6.1864006e-02
   6.3000000e+02   1.6317090e+01   3.8909870e+00  -1.0343457e-01  -1.6481543e-02  -6.1858255e-02
   6.3100000e+02   1.6295490e+01   3.8899740e+00  -1.0346600e-01  -1.6484426e-02  -6.1852504e-02
   6.3200000e+02   1.6273960e+01   3.8889630e+00  -1.0349717e-01  -1.6487220e-02  -6.1846759e-02
   6.3300000e+02   1.6252490e+01   3.8879530e+00  -1.0352808e-01  -1.6489910e-02  -6.1841033e-02
   6.3400000e+02   1.6231080e+01   3.8869450e+00  -1.0355872e-01  -1.6492497e-02  -6.1835313e-02
   6.3500000e+02   1.6209740e+01   3.8859390e+00  -1.0358912e-01  -1.6495002e-02  -6.1829597e-02
   6.3600000e+02   1.6188460e+01   3.8849340e+00  -1.0361927e-01  -1.6497402e-02  -6.1823900e-02
   6.3700000e+02   1.6167240e+01   3.8839310e+00  -1.0364915e-01  -1.6499699e-02  -6.1818209e-02
   6.3800000e+02   1.6146080e+01   3.8829300e+00  -1.0367877e-01  -1.6501904e-02  -6.1812523e-02
   6.3900000e+02   1.6124980e+01   3.8819310e+00  -1.0370812e-01  -1.6504005e-02  -6.1806841e-02
   6.4000000e+02   1.6103940e+01   3.8809330e+00  -1.0373724e-01  -1.6506012e-02  -6.1801181e-02
   6.4100000e+02   1.6082970e+01   3.8799370e+00  -1.0376613e-01  -1.6507940e-02  -6.1795526e-02
   6.4200000e+02   1.6062050e+01   3.8789430e+00  -1.0379475e-01  -1.6509758e-02  -6.1789878e-02
   6.4300000e+02   1.6041190e+01   3.8779500e+00  -1.0382313e-01  -1.6511479e-02  -6.1784252e-02
   6.4400000e+02   1.6020400e+01   3.8769600e+00  -1.0385127e-01  -1.6513132e-02  -6.1778614e-02
   6.4500000e+02   1.5999660e+01   3.8759700e+00  -1.0387916e-01  -1.6514661e-02  -6.1773016e-02
   6.4600000e+02   1.5978980e+01   3.8749830e+00  -1.0390680e-01  -1.6516104e-02  -6.1767407e-02
   6.4700000e+02   1.5958360e+01   3.8739970e+00  -1.0393422e-01  -1.6517460e-02  -6.1761821e-02
   6.4800000e+02   1.5937800e+01   3.8730140e+00  -1.0396140e-01  -1.6518739e-02  -6.1756226e-02
   6.4900000e+02   1.5917300e+01   3.8720310e+00  -1.0398835e-01  -1.6519912e-02  -6.1750669e-02
   6.5000000e+02   1.5896860e+01   3.8710510e+00  -1.0401507e-01  -1.6521012e-02  -6.1745105e-02
   6.5100000e+02   1.5876470e+01   3.8700720e+00  -1.0404154e-01  -1.6522000e-02  -6.1739561e-02
   6.5200000e+02   1.5856140e+01   3.8690950e+00  -1.0406778e-01  -1.6522901e-02  -6.1734026e-02
   6.5300000e+02   1.5835870e+01   3.8681200e+00  -1.0409380e-01  -1.6523727e-02  -6.1728496e-02
   6.5400000e+02   1.5815660e+01   3.8671460e+00  -1.0411961e-01  -1.6524464e-02  -6.1722989e-02
   6.5500000e+02   1.5795500e+01   3.8661740e+00  -1.0414517e-01  -1.6525101e-02  -6.1717495e-02
   6.5600000e+02   1.5775400e+01   3.8652040e+00  -1.0417051e-01  -1.6525660e-02  -6.1712002e-02
   6.5700000e+02   1.5755350e+01   3.8642350e+00  -1.0419563e-01  -1.6526121e-02  -6.1706534e-02
   6.5800000e+02   1.5735360e+01   3.8632680e+00  -1.0422053e-01  -1.6526503e-02  -6.1701076e-02
   6.5900000e+02   1.5715430e+01   3.8623030e+00  -1.0424521e-01  -1.6526804e-02  -6.1695626e-02
   6.6000000e+02   1.5695550e+01   3.8613400e+00  -1.0426965e-01  -1.6527008e-02  -6.1690178e-02
   6.6100000e+02   1.5675730e+01   3.8603780e+00  -1.0429392e-01  -1.6527143e-02  -6.1684761e-02
   6.6200000e+02   1.5655960e+01   3.8594180e+00  -1.0431794e-01  -1.6527184e-02  -6.1679350e-02
   6.6300000e+02   1.5636250e+01   3.8584600e+00  -1.0434176e-01  -1.6527152e-02  -6.1673946e-02
   6.6400000e+02   1.5616590e+01   3.8575030e+00  -1.0436538e-01  -1.6527027e-02  -6.1668568e-02
   6.6500000e+02   1.5596980e+01   3.8565480e+00  -1.0438875e-01  -1.6526801e-02  -6.1663195e-02
   6.6600000e+02   1.5577430e+01   3.8555950e+00  -1.0441193e-01  -1.6526514e-02  -6.1657833e-02
   6.6700000e+02   1.5557940e+01   3.8546430e+00  -1.0443494e-01  -1.6526164e-02  -6.1652494e-02
   6.6800000e+02   1.5538490e+01   3.8536940e+00  -1.0445768e-01  -1.6525702e-02  -6.1647149e-02
   6.6900000e+02   1.5519100e+01   3.8527460e+00  -1.0448024e-01  -1.6525169e-02  -6.1641828e-02
   6.7000000e+02   1.5499760e+01   3.8517990e+00  -1.0450260e-01  -1.6524542e-02  -6.1636531e-02
   6.7100000e+02   1.5480480e+01   3.8508540e+00  -1.0452478e-01  -1.6523859e-02  -6.1631240e-02
   6.7200000e+02   1.5461250e+01   3.8499110e+00  -1.0454674e-01  -1.6523094e-02  -6.1625961e-02
   6.7300000e+02   1.5442060e+01   3.8489700e+00  -1.0456846e-01  -1.6522217e-02  -6.1620690e-02
   6.7400000e+02   1.5422940e+01   3.8480300e+00  -1.0459005e-01  -1.6521303e-02  -6.1615442e-02
   6.7500000e+02   1.5403860e+01   3.8470920e+00  -1.0461140e-01  -1.6520290e-02  -6.1610206e-02
   6.7600000e+02   1.5384830e+01   3.8461560e+00  -1.0463255e-01  -1.6519194e-02  -6.1604975e-02
   6.7700000e+02   1.5365860e+01   3.8452210e+00  -1.0465354e-01  -1.6518036e-02  -6.1599773e-02
   6.7800000e+02   1.5346940e+01   3.8442880e+00  -1.0467433e-01  -1.6516803e-02  -6.1594578e-02
   6.7900000e+02   1.5328060e+01   3.8433570e+00  -1.0469488e-01  -1.6515467e-02  -6.1589391e-02
   6.8000000e+02   1.5309240e+01   3.8424270e+00  -1.0471528e-01  -1.6514070e-02  -6.1584228e-02
   6.8100000e+02   1.5290470e+01   3.8415000e+00  -1.0473548e-01  -1.6512612e-02  -6.1579063e-02
   6.8200000e+02   1.5271750e+01   3.8405730e+00  -1.0475551e-01  -1.6511067e-02  -6.1573934e-02
   6.8300000e+02   1.5253080e+01   3.8396490e+00  -1.0477533e-01  -1.6509449e-02  -6.1568797e-02
   6.8400000e+02   1.5234460e+01   3.8387260e+00  -1.0479498e-01  -1.6507760e-02  -6.1563691e-02
   6.8500000e+02   1.5215880e+01   3.8378050e+00  -1.0481441e-01  -1.6505977e-02  -6.1558588e-02
   6.8600000e+02   1.5197360e+01   3.8368850e+00  -1.0483370e-01  -1.6504142e-02  -6.1553513e-02
   6.8700000e+02   1.5178890e+01   3.8359670e+00  -1.0485280e-01  -1.6502233e-02  -6.1548446e-02
   6.8800000e+02   1.5160460e+01   3.8350510e+00  -1.0487169e-01  -1.6500236e-02  -6.1543392e-02
   6.8900000e+02   1.5142080e+01   3.8341360e+00  -1.0489042e-01  -1.6498172e-02  -6.1538358e-02
   6.9000000e+02   1.5123760e+01   3.8332230e+00  -1.0490899e-01  -1.6496052e-02  -6.1533334e-02
   6.9100000e+02   1.5105480e+01   3.8323120e+00  -1.0492736e-01  -1.6493855e-02  -6.1528319e-02
   6.9200000e+02   1.5087240e+01   3.8314030e+00  -1.0494552e-01  -1.6491565e-02  -6.1523313e-02
   6.9300000e+02   1.5069060e+01   3.8304950e+00  -1.0496356e-01  -1.6489233e-02  -6.1518334e-02
   6.9400000e+02   1.5050920e+01   3.8295880e+00  -1.0498141e-01  -1.6486815e-02  -6.1513379e-02
   6.9500000e+02   1.5032830e+01   3.8286840e+00  -1.0499907e-01  -1.6484331e-02  -6.1508415e-02
   6.9600000e+02   1.5014790e+01   3.8277810e+00  -1.0501658e-01  -1.6481784e-02  -6.1503478e-02
   6.9700000e+02   1.4996800e+01   3.8268790e+00  -1.0503393e-01  -1.6479172e-02  -6.1498566e-02
   6.9800000e+02   1.4978850e+01   3.8259800e+00  -1.0505107e-01  -1.6476484e-02  -6.1493647e-02
   6.9900000e+02   1.4960950e+01   3.8250820e+00  -1.0506807e-01  -1.6473730e-02  -6.1488752e-02
   7.0000000e+02   1.4943090e+01   3.8241850e+00  -1.0508489e-01  -1.6470897e-02  -6.1483883e-02
   7.0100000e+02   1.4925280e+01   3.8232910e+00  -1.0510155e-01  -1.6468014e-02  -6.1479007e-02
   7.0200000e+02   1.4907520e+01   3.8223980e+00  -1.0511804e-01  -1.6465060e-02  -6.1474153e-02
   7.0300000e+02   1.4889800e+01   3.8215060e+00  -1.0513437e-01  -1.6462031e-02  -6.1469327e-02
   7.0400000e+02   1.4872130e+01   3.8206160e+00  -1.0515055e-01  -1.6458951e-02  -6.1464512e-02
   7.0500000e+02   1.4854500e+01   3.8197280e+00  -1.0516652e-01  -1.6455783e-02  -6.1459700e-02
   7.0600000e+02   1.4836920e+01   3.8188420e+00  -1.0518236e-01  -1.6452571e-02  -6.1454902e-02
   7.0700000e+02   1.4819380e+01   3.8179570e+00  -1.0519803e-01  -1.6449276e-02  -6.1450125e-02
   7.0800000e+02   1.4801890e+01   3.8170730e+00  -1.0521357e-01  -1.6445934e-02  -6.1445376e-02
   7.0900000e+02   1.4784440e+01   3.8161920e+00  -1.0522893e-01  -1.6442528e-02  -6.1440619e-02
   7.1000000e+02   1.4767040e+01   3.8153120e+00  -1.0524413e-01  -1.6439053e-02  -6.1435885e-02
   7.1100000e+02   1.4749680e+01   3.8144330e+00  -1.0525918e-01  -1.6435505e-02  -6.1431175e-02
   7.1200000e+02   1.4732360e+01   3.8135560e+00  -1.0527407e-01  -1.6431898e-02  -6.1426475e-02
   7.1300000e+02   1.4715090e+01   3.8126810e+00  -1.0528880e-01  -1.6428237e-02  -6.1421785e-02
   7.1400000e+02   1.4697870e+01   3.8118080e+00  -1.0530340e-01  -1.6424532e-02  -6.1417102e-02
   7.1500000e+02   1.4680680e+01   3.8109360e+00  -1.0531780e-01  -1.6420727e-02  -6.1412445e-02
   7.1600000e+02   1.4663540e+01   3.8100650e+00  -1.0533210e-01  -1.6416881e-02  -6.1407810e-02
   7.1700000e+02   1.4646440e+01   3.8091960e+00  -1.0534623e-01  -1.6412967e-02  -6.1403185e-02
   7.1800000e+02   1.4629390e+01   3.8083290e+00  -1.0536022e-01  -1.6409008e-02  -6.1398570e-02
   7.1900000e+02   1.4612380e+01   3.8074640e+00  -1.0537404e-01  -1.6404984e-02  -6.1393962e-02
   7.2000000e+02   1.4595410e+01   3.8066000e+00  -1.0538773e-01  -1.6400895e-02  -6.1389378e-02
   7.2100000e+02   1.4578480e+01   3.8057380e+00  -1.0540125e-01  -1.6396742e-02  -6.1384802e-02
   7.2200000e+02   1.4561600e+01   3.8048770e+00  -1.0541465e-01  -1.6392540e-02  -6.1380249e-02
   7.2300000e+02   1.4544760e+01   3.8040180e+00  -1.0542790e-01  -1.6388282e-02  -6.1375705e-02
   7.2400000e+02   1.4527950e+01   3.8031600e+00  -1.0544099e-01  -1.6383938e-02  -6.1371187e-02
   7.2500000e+02   1.4511200e+01   3.8023040e+00  -1.0545397e-01  -1.6379577e-02  -6.1366677e-02
   7.2600000e+02   1.4494480e+01   3.8014500e+00  -1.0546678e-01  -1.6375137e-02  -6.1362175e-02
   7.2700000e+02   1.4477800e+01   3.8005970e+00  -1.0547944e-01  -1.6370628e-02  -6.1357694e-02
   7.2800000e+02   1.4461170e+01   3.7997460e+00  -1.0549198e-01  -1.6366085e-02  -6.1353221e-02
   7.2900000e+02   1.4444570e+01   3.7988960e+00  -1.0550437e-01  -1.6361470e-02  -6.1348778e-02
   7.3000000e+02   1.4428020e+01   3.7980480e+00  -1.0551662e-01  -1.6356807e-02  -6.1344336e-02
   7.3100000e+02   1.4411510e+01   3.7972020e+00  -1.0552874e-01  -1.6352092e-02  -6.1339903e-02
   7.3200000e+02   1.4395040e+01   3.7963570e+00  -1.0554073e-01  -1.6347324e-02  -6.1335496e-02
   7.3300000e+02   1.4378610e+01   3.7955140e+00  -1.0555258e-01  -1.6342499e-02  -6.1331095e-02
   7.3400000e+02   1.4362220e+01   3.7946720e+00  -1.0556429e-01  -1.6337614e-02  -6.1326720e-02
   7.3500000e+02   1.4345860e+01   3.7938320e+00  -1.0557582e-01  -1.6332650e-02  -6.1322349e-02
   7.3600000e+02   1.4329550e+01   3.7929930e+00  -1.0558728e-01  -1.6327664e-02  -6.1318003e-02
   7.3700000e+02   1.4313280e+01   3.7921560e+00  -1.0559858e-01  -1.6322619e-02  -6.1313662e-02
   7.3800000e+02   1.4297050e+01   3.7913210e+00  -1.0560975e-01  -1.6317525e-02  -6.1309335e-02
   7.3900000e+02   1.4280860e+01   3.7904870e+00  -1.0562080e-01  -1.6312375e-02  -6.1305027e-02
   7.4000000e+02   1.4264700e+01   3.7896550e+00  -1.0563169e-01  -1.6307163e-02  -6.1300727e-02
   7.4100000e+02   1.4248590e+01   3.7888240e+00  -1.0564249e-01  -1.6301913e-02  -6.1296450e-02
   7.4200000e+02   1.4232520e+01   3.7879950e+00  -1.0565315e-01  -1.6296614e-02  -6.1292177e-02
   7.4300000e+02   1.4216480e+01   3.7871670e+00  -1.0566367e-01  -1.6291249e-02  -6.1287933e-02
   7.4400000e+02   1.4200480e+01   3.7863410e+00  -1.0567407e-01  -1.6285837e-02  -6.1283693e-02
   7.4500000e+02   1.4184520e+01   3.7855160e+00  -1.0568433e-01  -1.6280369e-02  -6.1279476e-02
   7.4600000e+02   1.4168600e+01   3.7846930e+00  -1.0569447e-01  -1.6274855e-02  -6.1275265e-02
   7.4700000e+02   1.4152720e+01   3.7838720e+00  -1.0570449e-01  -1.6269301e-02  -6.1271063e-02
   7.4800000e+02   1.4136870e+01   3.7830520e+00  -1.0571437e-01  -1.6263679e-02  -6.1266881e-02
   7.4900000e+02   1.4121070e+01   3.7822330e+00  -1.0572418e-01  -1.6258032e-02  -6.1262722e-02
   7.5000000e+02   1.4105300e+01   3.7814170e+00  -1.0573381e-01  -1.6252323e-02  -6.1258554e-02
   7.5100000e+02   1.4089570e+01   3.7806010e+00  -1.0574334e-01  -1.6246564e-02  -6.1254429e-02
   7.5200000e+02   1.4073870e+01   3.7797870e+00  -1.0575274e-01  -1.6240742e-02  -6.1250302e-02
   7.5300000e+02   1.4058210e+01   3.7789750e+00  -1.0576200e-01  -1.6234880e-02  -6.1246189e-02
   7.5400000e+02   1.4042600e+01   3.7781640e+00  -1.0577120e-01  -1.6228998e-02  -6.1242093e-02
   7.5500000e+02   1.4027010e+01   3.7773550e+00  -1.0578022e-01  -1.6223033e-02  -6.1238007e-02
   7.5600000e+02   1.4011470e+01   3.7765470e+00  -1.0578917e-01  -1.6217044e-02  -6.1233941e-02
   7.5700000e+02   1.3995960e+01   3.7757410e+00  -1.0579797e-01  -1.6210999e-02  -6.1229881e-02
   7.5800000e+02   1.3980480e+01   3.7749370e+00  -1.0580662e-01  -1.6204891e-02  -6.1225829e-02
   7.5900000e+02   1.3965050e+01   3.7741330e+00  -1.0581523e-01  -1.6198763e-02  -6.1221813e-02
   7.6000000e+02   1.3949650e+01   3.7733320e+00  -1.0582369e-01  -1.6192587e-02  -6.1217786e-02
   7.6100000e+02   1.3934280e+01   3.7725320e+00  -1.0583200e-01  -1.6186338e-02  -6.1213784e-02
   7.6200000e+02   1.3918960e+01   3.7717330e+00  -1.0584027e-01  -1.6180088e-02  -6.1209805e-02
   7.6300000e+02   1.3903660e+01   3.7709360e+00  -1.0584835e-01  -1.6173744e-02  -6.1205828e-02
   7.6400000e+02   1.3888410e+01   3.7701400e+00  -1.0585640e-01  -1.6167399e-02  -6.1201873e-02
   7.6500000e+02   1.3873190e+01   3.7693460e+00  -1.0586427e-01  -1.6160984e-02  -6.1197923e-02
   7.6600000e+02   1.3858000e+01   3.7685530e+00  -1.0587205e-01  -1.6154524e-02  -6.1193994e-02
   7.6700000e+02   1.3842850e+01   3.7677620e+00  -1.0587971e-01  -1.6148022e-02  -6.1190075e-02
   7.6800000e+02   1.3827740e+01   3.7669730e+00  -1.0588728e-01  -1.6141500e-02  -6.1186156e-02
   7.6900000e+02   1.3812660e+01   3.7661840e+00  -1.0589475e-01  -1.6134915e-02  -6.1182278e-02
   7.7000000e+02   1.3797610e+01   3.7653980e+00  -1.0590206e-01  -1.6128276e-02  -6.1178386e-02
   7.7100000e+02   1.3782600e+01   3.7646130e+00  -1.0590928e-01  -1.6121606e-02  -6.1174517e-02
   7.7200000e+02   1.3767630e+01   3.7638290e+00  -1.0591644e-01  -1.6114911e-02  -6.1170668e-02
   7.7300000e+02   1.3752690e+01   3.7630470e+00  -1.0592345e-01  -1.6108160e-02  -6.1166824e-02
   7.7400000e+02   1.3737780e+01   3.7622660e+00  -1.0593035e-01  -1.6101350e-02  -6.1163002e-02
   7.7500000e+02   1.3722910e+01   3.7614860e+00  -1.0593718e-01  -1.6094520e-02  -6.1159201e-02
   7.7600000e+02   1.3708070e+01   3.7607090e+00  -1.0594386e-01  -1.6087643e-02  -6.1155388e-02
   7.7700000e+02   1.3693270e+01   3.7599320e+00  -1.0595048e-01  -1.6080728e-02  -6.1151611e-02
   7.7800000e+02   1.3678500e+01   3.7591570e+00  -1.0595698e-01  -1.6073771e-02  -6.1147838e-02
   7.7900000e+02   1.3663760e+01   3.7583840e+00  -1.0596334e-01  -1.6066760e-02  -6.1144071e-02
   7.8000000e+02   1.3649060e+01   3.7576120e+00  -1.0596965e-01  -1.6059732e-02  -6.1140325e-02
   7.8100000e+02   1.3634390e+01   3.7568410e+00  -1.0597584e-01  -1.6052650e-02  -6.1136599e-02
   7.8200000e+02   1.3619750e+01   3.7560720e+00  -1.0598190e-01  -1.6045519e-02  -6.1132876e-02
   7.8300000e+02   1.3605150e+01   3.7553050e+00  -1.0598789e-01  -1.6038371e-02  -6.1129156e-02
   7.8400000e+02   1.3590580e+01   3.7545390e+00  -1.0599377e-01  -1.6031175e-02  -6.1125459e-02
   7.8500000e+02   1.3576040e+01   3.7537740e+00  -1.0599955e-01  -1.6023928e-02  -6.1121778e-02
   7.8600000e+02   1.3561540e+01   3.7530110e+00  -1.0600524e-01  -1.6016664e-02  -6.1118106e-02
   7.8700000e+02   1.3547070e+01   3.7522490e+00  -1.0601084e-01  -1.6009360e-02  -6.1114449e-02
   7.8800000e+02   1.3532630e+01   3.7514880e+00  -1.0601633e-01  -1.6002000e-02  -6.1110815e-02
   7.8900000e+02   1.3518220e+01   3.7507300e+00  -1.0602170e-01  -1.5994609e-02  -6.1107168e-02
   7.9000000e+02   1.3503850e+01   3.7499720e+00  -1.0602700e-01  -1.5987186e-02  -6.1103557e-02
   7.9100000e+02   1.3489510e+01   3.7492160e+00  -1.0603222e-01  -1.5979735e-02  -6.1099948e-02
   7.9200000e+02   1.3475200e+01   3.7484610e+00  -1.0603733e-01  -1.5972234e-02  -6.1096361e-02
   7.9300000e+02   1.3460920e+01   3.7477080e+00  -1.0604232e-01  -1.5964689e-02  -6.1092775e-02
   7.9400000e+02   1.3446680e+01   3.7469560e+00  -1.0604725e-01  -1.5957129e-02  -6.1089208e-02
   7.9500000e+02   1.3432460e+01   3.7462060e+00  -1.0605205e-01  -1.5949508e-02  -6.1085646e-02
   7.9600000e+02   1.3418280e+01   3.7454570e+00  -1.0605679e-01  -1.5941873e-02  -6.1082103e-02
   7.9700000e+02   1.3404130e+01   3.7447090e+00  -1.0606143e-01  -1.5934191e-02  -6.1078577e-02
   7.9800000e+02   1.3390010e+01   3.7439630e+00  -1.0606597e-01  -1.5926477e-02  -6.1075057e-02
   7.9900000e+02   1.3375920e+01   3.7432190e+00  -1.0607041e-01  -1.5918728e-02  -6.1071537e-02
   8.0000000e+02   1.3361870e+01   3.7424750e+00  -1.0607479e-01  -1.5910954e-02  -6.1068054e-02
   8.0100000e+02   1.3347840e+01   3.7417330e+00  -1.0607906e-01  -1.5903127e-02  -6.1064571e-02
   8.0200000e+02   1.3333850e+01   3.7409930e+00  -1.0608324e-01  -1.5895288e-02  -6.1061094e-02
   8.0300000e+02   1.3319890e+01   3.7402540e+00  -1.0608734e-01  -1.5887409e-02  -6.1057634e-02
   8.0400000e+02   1.3305950e+01   3.7395160e+00  -1.0609132e-01  -1.5879469e-02  -6.1054191e-02
   8.0500000e+02   1.3292050e+01   3.7387800e+00  -1.0609524e-01  -1.5871525e-02  -6.1050753e-02
   8.0600000e+02   1.3278180e+01   3.7380450e+00  -1.0609908e-01  -1.5863547e-02  -6.1047332e-02
   8.0700000e+02   1.3264340e+01   3.7373110e+00  -1.0610283e-01  -1.5855525e-02  -6.1043931e-02
   8.0800000e+02   1.3250530e+01   3.7365790e+00  -1.0610649e-01  -1.5847478e-02  -6.1040528e-02
   8.0900000e+02   1.3236750e+01   3.7358480e+00  -1.0611006e-01  -1.5839396e-02  -6.1037149e-02
   8.1000000e+02   1.3223000e+01   3.7351190e+00  -1.0611353e-01  -1.5831280e-02  -6.1033767e-02
   8.1100000e+02   1.3209280e+01   3.7343910e+00  -1.0611693e-01  -1.5823133e-02  -6.1030404e-02
   8.1200000e+02   1.3195590e+01   3.7336640e+00  -1.0612026e-01  -1.5814955e-02  -6.1027059e-02
   8.1300000e+02   1.3181930e+01   3.7329390e+00  -1.0612349e-01  -1.5806747e-02  -6.1023717e-02
   8.1400000e+02   1.3168300e+01   3.7322150e+00  -1.0612664e-01  -1.5798507e-02  -6.1020392e-02
   8.1500000e+02   1.3154700e+01   3.7314930e+00  -1.0612970e-01  -1.5790241e-02  -6.1017068e-02
   8.1600000e+02   1.3141130e+01   3.7307720e+00  -1.0613268e-01  -1.5781942e-02  -6.1013764e-02
   8.1700000e+02   1.3127580e+01   3.7300520e+00  -1.0613557e-01  -1.5773594e-02  -6.1010475e-02
   8.1800000e+02   1.3114070e+01   3.7293340e+00  -1.0613838e-01  -1.5765236e-02  -6.1007189e-02
   8.1900000e+02   1.3100590e+01   3.7286170e+00  -1.0614113e-01  -1.5756854e-02  -6.1003918e-02
   8.2000000e+02   1.3087130e+01   3.7279010e+00  -1.0614378e-01  -1.5748421e-02  -6.1000665e-02
   8.2100000e+02   1.3073710e+01   3.7271870e+00  -1.0614636e-01  -1.5739978e-02  -6.0997414e-02
   8.2200000e+02   1.3060310e+01   3.7264740e+00  -1.0614885e-01  -1.5731490e-02  -6.0994179e-02
   8.2300000e+02   1.3046940e+01   3.7257620e+00  -1.0615127e-01  -1.5722974e-02  -6.0990961e-02
   8.2400000e+02   1.3033600e+01   3.7250520e+00  -1.0615360e-01  -1.5714437e-02  -6.0987745e-02
   8.2500000e+02   1.3020290e+01   3.7243430e+00  -1.0615586e-01  -1.5705867e-02  -6.0984545e-02
   8.2600000e+02   1.3007010e+01   3.7236350e+00  -1.0615807e-01  -1.5697279e-02  -6.0981365e-02
   8.2700000e+02   1.2993760e+01   3.7229290e+00  -1.0616017e-01  -1.5688661e-02  -6.0978182e-02
   8.2800000e+02   1.2980530e+01   3.7222240e+00  -1.0616219e-01  -1.5680001e-02  -6.0975015e-02
   8.2900000e+02   1.2967330e+01   3.7215200e+00  -1.0616414e-01  -1.5671309e-02  -6.0971867e-02
   8.3000000e+02   1.2954160e+01   3.7208180e+00  -1.0616602e-01  -1.5662608e-02  -6.0968718e-02
   8.3100000e+02   1.2941020e+01   3.7201170e+00  -1.0616783e-01  -1.5653878e-02  -6.0965587e-02
   8.3200000e+02   1.2927910e+01   3.7194180e+00  -1.0616955e-01  -1.5645123e-02  -6.0962453e-02
   8.3300000e+02   1.2914820e+01   3.7187190e+00  -1.0617121e-01  -1.5636326e-02  -6.0959355e-02
   8.3400000e+02   1.2901770e+01   3.7180220e+00  -1.0617281e-01  -1.5627530e-02  -6.0956253e-02
   8.3500000e+02   1.2888730e+01   3.7173270e+00  -1.0617428e-01  -1.5618670e-02  -6.0953154e-02
   8.3600000e+02   1.2875730e+01   3.7166320e+00  -1.0617572e-01  -1.5609800e-02  -6.0950088e-02
   8.3700000e+02   1.2862760e+01   3.7159390e+00  -1.0617711e-01  -1.5600926e-02  -6.0947018e-02
   8.3800000e+02   1.2849810e+01   3.7152480e+00  -1.0617838e-01  -1.5592004e-02  -6.0943950e-02
   8.3900000e+02   1.2836890e+01   3.7145570e+00  -1.0617961e-01  -1.5583063e-02  -6.0940913e-02
   8.4000000e+02   1.2823990e+01   3.7138680e+00  -1.0618072e-01  -1.5574072e-02  -6.0937877e-02
   8.4100000e+02   1.2811130e+01   3.7131800e+00  -1.0618183e-01  -1.5565098e-02  -6.0934856e-02
   8.4200000e+02   1.2798290e+01   3.7124940e+00  -1.0618283e-01  -1.5556080e-02  -6.0931833e-02
   8.4300000e+02   1.2785470e+01   3.7118090e+00  -1.0618374e-01  -1.5547022e-02  -6.0928827e-02
   8.4400000e+02   1.2772690e+01   3.7111250e+00  -1.0618461e-01  -1.5537964e-02  -6.0925837e-02
   8.4500000e+02   1.2759930e+01   3.7104420e+00  -1.0618542e-01  -1.5528871e-02  -6.0922862e-02
   8.4600000e+02   1.2747190e+01   3.7097610e+00  -1.0618612e-01  -1.5519740e-02  -6.0919884e-02
   8.4700000e+02   1.2734490e+01   3.7090810e+00  -1.0618680e-01  -1.5510616e-02  -6.0916922e-02
   8.4800000e+02   1.2721810e+01   3.7084020e+00  -1.0618738e-01  -1.5501447e-02  -6.0913976e-02
   8.4900000e+02   1.2709150e+01   3.7077250e+00  -1.0618789e-01  -1.5492250e-02  -6.0911029e-02
   8.5000000e+02   1.2696530e+01   3.7070480e+00  -1.0618838e-01  -1.5483055e-02  -6.0908113e-02
   8.5100000e+02   1.2683920e+01   3.7063740e+00  -1.0618873e-01  -1.5473803e-02  -6.0905178e-02
   8.5200000e+02   1.2671350e+01   3.7057000e+00  -1.0618906e-01  -1.5464553e-02  -6.0902276e-02
   8.5300000e+02   1.2658800e+01   3.7050280e+00  -1.0618930e-01  -1.5455272e-02  -6.0899372e-02
   8.5400000e+02   1.2646280e+01   3.7043560e+00  -1.0618952e-01  -1.5445977e-02  -6.0896499e-02
   8.5500000e+02   1.2633780e+01   3.7036870e+00  -1.0618963e-01  -1.5436651e-02  -6.0893605e-02
   8.5600000e+02   1.2621310e+01   3.7030180e+00  -1.0618971e-01  -1.5427312e-02  -6.0890745e-02
   8.5700000e+02   1.2608860e+01   3.7023510e+00  -1.0618969e-01  -1.5417934e-02  -6.0887884e-02
   8.5800000e+02   1.2596440e+01   3.7016850e+00  -1.0618963e-01  -1.5408549e-02  -6.0885034e-02
   8.5900000e+02   1.2584040e+01   3.7010200e+00  -1.0618947e-01  -1.5399119e-02  -6.0882201e-02
   8.6000000e+02   1.2571670e+01   3.7003560e+00  -1.0618930e-01  -1.5389690e-02  -6.0879382e-02
   8.6100000e+02   1.2559330e+01   3.6996940e+00  -1.0618905e-01  -1.5380249e-02  -6.0876558e-02
   8.6200000e+02   1.2547010e+01   3.6990330e+00  -1.0618873e-01  -1.5370774e-02  -6.0873751e-02
   8.6300000e+02   1.2534710e+01   3.6983730e+00  -1.0618834e-01  -1.5361268e-02  -6.0870957e-02
   8.6400000e+02   1.2522440e+01   3.6977150e+00  -1.0618788e-01  -1.5351751e-02  -6.0868161e-02
   8.6500000e+02   1.2510200e+01   3.6970570e+00  -1.0618740e-01  -1.5342221e-02  -6.0865394e-02
   8.6600000e+02   1.2497980e+01   3.6964010e+00  -1.0618684e-01  -1.5332668e-02  -6.0862624e-02
   8.6700000e+02   1.2485780e+01   3.6957460e+00  -1.0618620e-01  -1.5323077e-02  -6.0859868e-02
   8.6800000e+02   1.2473610e+01   3.6950930e+00  -1.0618550e-01  -1.5313480e-02  -6.0857111e-02
   8.6900000e+02   1.2461470e+01   3.6944400e+00  -1.0618479e-01  -1.5303876e-02  -6.0854383e-02
   8.7000000e+02   1.2449350e+01   3.6937890e+00  -1.0618399e-01  -1.5294250e-02  -6.0851652e-02
   8.7100000e+02   1.2437250e+01   3.6931390e+00  -1.0618311e-01  -1.5284583e-02  -6.0848935e-02
   8.7200000e+02   1.2425180e+01   3.6924910e+00  -1.0618218e-01  -1.5274916e-02  -6.0846214e-02
   8.7300000e+02   1.2413130e+01   3.6918430e+00  -1.0618121e-01  -1.5265220e-02  -6.0843524e-02
   8.7400000e+02   1.2401110e+01   3.6911970e+00  -1.0618018e-01  -1.5255515e-02  -6.0840829e-02
   8.7500000e+02   1.2389110e+01   3.6905520e+00  -1.0617908e-01  -1.5245785e-02  -6.0838148e-02
   8.7600000e+02   1.2377130e+01   3.6899080e+00  -1.0617792e-01  -1.5236027e-02  -6.0835480e-02
   8.7700000e+02   1.2365180e+01   3.6892650e+00  -1.0617673e-01  -1.5226266e-02  -6.0832824e-02
   8.7800000e+02   1.2353250e+01   3.6886240e+00  -1.0617544e-01  -1.5216477e-02  -6.0830164e-02
   8.7900000e+02   1.2341350e+01   3.6879840e+00  -1.0617413e-01  -1.5206684e-02  -6.0827521e-02
   8.8000000e+02   1.2329470e+01   3.6873450e+00  -1.0617276e-01  -1.5196868e-02  -6.0824888e-02
   8.8100000e+02   1.2317610e+01   3.6867070e+00  -1.0617131e-01  -1.5187019e-02  -6.0822265e-02
   8.8200000e+02   1.2305780e+01   3.6860700e+00  -1.0616984e-01  -1.5177169e-02  -6.0819660e-02
   8.8300000e+02   1.2293970e+01   3.6854350e+00  -1.0616828e-01  -1.5167295e-02  -6.0817046e-02
   8.8400000e+02   1.2282180e+01   3.6848010e+00  -1.0616668e-01  -1.5157400e-02  -6.0814448e-02
   8.8500000e+02   1.2270420e+01   3.6841680e+00  -1.0616503e-01  -1.5147501e-02  -6.0811861e-02
   8.8600000e+02   1.2258680e+01   3.6835360e+00  -1.0616332e-01  -1.5137571e-02  -6.0809286e-02
   8.8700000e+02   1.2246970e+01   3.6829050e+00  -1.0616160e-01  -1.5127653e-02  -6.0806722e-02
   8.8800000e+02   1.2235270e+01   3.6822760e+00  -1.0615975e-01  -1.5117679e-02  -6.0804157e-02
   8.8900000e+02   1.2223610e+01   3.6816470e+00  -1.0615794e-01  -1.5107733e-02  -6.0801619e-02
   8.9000000e+02   1.2211960e+01   3.6810200e+00  -1.0615600e-01  -1.5097733e-02  -6.0799077e-02
   8.9100000e+02   1.2200340e+01   3.6803940e+00  -1.0615405e-01  -1.5087742e-02  -6.0796544e-02
   8.9200000e+02   1.2188730e+01   3.6797700e+00  -1.0615198e-01  -1.5077697e-02  -6.0794011e-02
   8.9300000e+02   1.2177160e+01   3.6791460e+00  -1.0614995e-01  -1.5067687e-02  -6.0791504e-02
   8.9400000e+02   1.2165600e+01   3.6785240e+00  -1.0614781e-01  -1.5057629e-02  -6.0788992e-02
   8.9500000e+02   1.2154070e+01   3.6779020e+00  -1.0614565e-01  -1.5047562e-02  -6.0786508e-02
   8.9600000e+02   1.2142560e+01   3.6772820e+00  -1.0614342e-01  -1.5037482e-02  -6.0784020e-02
   8.9700000e+02   1.2131070e+01   3.6766630e+00  -1.0614114e-01  -1.5027382e-02  -6.0781543e-02
   8.9800000e+02   1.2119610e+01   3.6760460e+00  -1.0613883e-01  -1.5017292e-02  -6.0779061e-02
   8.9900000e+02   1.2108160e+01   3.6754290e+00  -1.0613644e-01  -1.5007149e-02  -6.0776607e-02
   9.0000000e+02   1.2096740e+01   3.6748130e+00  -1.0613403e-01  -1.4997011e-02  -6.0774164e-02
   9.0100000e+02   1.2085350e+01   3.6741990e+00  -1.0613158e-01  -1.4986879e-02  -6.0771717e-02
   9.0200000e+02   1.2073970e+01   3.6735860e+00  -1.0612905e-01  -1.4976703e-02  -6.0769279e-02
   9.0300000e+02   1.2062620e+01   3.6729740e+00  -1.0612650e-01  -1.4966536e-02  -6.0766856e-02
   9.0400000e+02   1.2051280e+01   3.6723630e+00  -1.0612385e-01  -1.4956317e-02  -6.0764441e-02
   9.0500000e+02   1.2039970e+01   3.6717530e+00  -1.0612120e-01  -1.4946111e-02  -6.0762035e-02
   9.0600000e+02   1.2028690e+01   3.6711450e+00  -1.0611850e-01  -1.4935909e-02  -6.0759628e-02
   9.0700000e+02   1.2017420e+01   3.6705370e+00  -1.0611576e-01  -1.4925669e-02  -6.0757245e-02
   9.0800000e+02   1.2006170e+01   3.6699310e+00  -1.0611292e-01  -1.4915405e-02  -6.0754857e-02
   9.0900000e+02   1.1994950e+01   3.6693260e+00  -1.0611007e-01  -1.4905151e-02  -6.0752480e-02
   9.1000000e+02   1.1983750e+01   3.6687220e+00  -1.0610718e-01  -1.4894879e-02  -6.0750114e-02
   9.1100000e+02   1.1972570e+01   3.6681190e+00  -1.0610424e-01  -1.4884596e-02  -6.0747760e-02
   9.1200000e+02   1.1961410e+01   3.6675170e+00  -1.0610126e-01  -1.4874293e-02  -6.0745413e-02
   9.1300000e+02   1.1950280e+01   3.6669160e+00  -1.0609825e-01  -1.4863996e-02  -6.0743080e-02
   9.1400000e+02   1.1939160e+01   3.6663170e+00  -1.0609515e-01  -1.4853665e-02  -6.0740738e-02
   9.1500000e+02   1.1928070e+01   3.6657180e+00  -1.0609205e-01  -1.4843336e-02  -6.0738425e-02
   9.1600000e+02   1.1916990e+01   3.6651210e+00  -1.0608886e-01  -1.4832972e-02  -6.0736105e-02
   9.1700000e+02   1.1905940e+01   3.6645240e+00  -1.0608567e-01  -1.4822613e-02  -6.0733810e-02
   9.1800000e+02   1.1894910e+01   3.6639290e+00  -1.0608242e-01  -1.4812245e-02  -6.0731512e-02
   9.1900000e+02   1.1883900e+01   3.6633350e+00  -1.0607912e-01  -1.4801858e-02  -6.0729220e-02
   9.2000000e+02   1.1872910e+01   3.6627420e+00  -1.0607578e-01  -1.4791462e-02  -6.0726942e-02
   9.2100000e+02   1.1861950e+01   3.6621510e+00  -1.0607241e-01  -1.4781077e-02  -6.0724654e-02
   9.2200000e+02   1.1851000e+01   3.6615600e+00  -1.0606898e-01  -1.4770654e-02  -6.0722395e-02
   9.2300000e+02   1.1840070e+01   3.6609700e+00  -1.0606551e-01  -1.4760215e-02  -6.0720146e-02
   9.2400000e+02   1.1829170e+01   3.6603820e+00  -1.0606201e-01  -1.4749792e-02  -6.0717888e-02
   9.2500000e+02   1.1818280e+01   3.6597940e+00  -1.0605845e-01  -1.4739325e-02  -6.0715655e-02
   9.2600000e+02   1.1807420e+01   3.6592080e+00  -1.0605487e-01  -1.4728879e-02  -6.0713418e-02
   9.2700000e+02   1.1796570e+01   3.6586230e+00  -1.0605121e-01  -1.4718393e-02  -6.0711189e-02
   9.2800000e+02   1.1785750e+01   3.6580390e+00  -1.0604755e-01  -1.4707921e-02  -6.0708970e-02
   9.2900000e+02   1.1774950e+01   3.6574550e+00  -1.0604386e-01  -1.4697431e-02  -6.0706777e-02
   9.3000000e+02   1.1764170e+01   3.6568730e+00  -1.0604011e-01  -1.4686936e-02  -6.0704578e-02
   9.3100000e+02   1.1753400e+01   3.6562930e+00  -1.0603628e-01  -1.4676410e-02  -6.0702371e-02
   9.3200000e+02   1.1742660e+01   3.6557130e+00  -1.0603245e-01  -1.4665893e-02  -6.0700188e-02
   9.3300000e+02   1.1731940e+01   3.6551340e+00  -1.0602859e-01  -1.4655366e-02  -6.0698016e-02
   9.3400000e+02   1.1721240e+01   3.6545560e+00  -1.0602468e-01  -1.4644829e-02  -6.0695854e-02
   9.3500000e+02   1.1710560e+01   3.6539800e+00  -1.0602073e-01  -1.4634285e-02  -6.0693681e-02
   9.3600000e+02   1.1699900e+01   3.6534040e+00  -1.0601675e-01  -1.4623729e-02  -6.0691536e-02
   9.3700000e+02   1.1689250e+01   3.6528300e+00  -1.0601268e-01  -1.4613141e-02  -6.0689385e-02
   9.3800000e+02   1.1678630e+01   3.6522560e+00  -1.0600863e-01  -1.4602564e-02  -6.0687256e-02
   9.3900000e+02   1.1668030e+01   3.6516840e+00  -1.0600453e-01  -1.4591987e-02  -6.0685120e-02
   9.4000000e+02   1.1657450e+01   3.6511120e+00  -1.0600041e-01  -1.4581395e-02  -6.0683010e-02
   9.4100000e+02   1.1646880e+01   3.6505420e+00  -1.0599619e-01  -1.4570773e-02  -6.0680892e-02
   9.4200000e+02   1.1636340e+01   3.6499730e+00  -1.0599199e-01  -1.4560171e-02  -6.0678781e-02
   9.4300000e+02   1.1625820e+01   3.6494050e+00  -1.0598774e-01  -1.4549558e-02  -6.0676680e-02
   9.4400000e+02   1.1615310e+01   3.6488380e+00  -1.0598343e-01  -1.4538916e-02  -6.0674588e-02
   9.4500000e+02   1.1604830e+01   3.6482720e+00  -1.0597911e-01  -1.4528290e-02  -6.0672504e-02
   9.4600000e+02   1.1594360e+01   3.6477070e+00  -1.0597473e-01  -1.4517631e-02  -6.0670428e-02
   9.4700000e+02   1.1583920e+01   3.6471430e+00  -1.0597035e-01  -1.4506993e-02  -6.0668359e-02
   9.4800000e+02   1.1573490e+01   3.6465800e+00  -1.0596590e-01  -1.4496321e-02  -6.0666301e-02
   9.4900000e+02   1.1563080e+01   3.6460180e+00  -1.0596143e-01  -1.4485646e-02  -6.0664248e-02
   9.5000000e+02   1.1552700e+01   3.6454570e+00  -1.0595694e-01  -1.4474986e-02  -6.0662207e-02
   9.5100000e+02   1.1542330e+01   3.6448970e+00  -1.0595241e-01  -1.4464301e-02  -6.0660171e-02
   9.5200000e+02   1.1531980e+01   3.6443390e+00  -1.0594781e-01  -1.4453613e-02  -6.0658127e-02
   9.5300000e+02   1.1521650e+01   3.6437810e+00  -1.0594321e-01  -1.4442916e-02  -6.0656106e-02
   9.5400000e+02   1.1511330e+01   3.6432240e+00  -1.0593855e-01  -1.4432190e-02  -6.0654094e-02
   9.5500000e+02   1.1501040e+01   3.6426680e+00  -1.0593388e-01  -1.4421481e-02  -6.0652092e-02
   9.5600000e+02   1.1490770e+01   3.6421140e+00  -1.0592917e-01  -1.4410776e-02  -6.0650080e-02
   9.5700000e+02   1.1480510e+01   3.6415600e+00  -1.0592441e-01  -1.4400037e-02  -6.0648092e-02
   9.5800000e+02   1.1470270e+01   3.6410070e+00  -1.0591964e-01  -1.4389297e-02  -6.0646110e-02
   9.5900000e+02   1.1460060e+01   3.6404560e+00  -1.0591483e-01  -1.4378578e-02  -6.0644121e-02
   9.6000000e+02   1.1449860e+01   3.6399050e+00  -1.0590999e-01  -1.4367829e-02  -6.0642155e-02
   9.6100000e+02   1.1439680e+01   3.6393550e+00  -1.0590512e-01  -1.4357076e-02  -6.0640196e-02
   9.6200000e+02   1.1429510e+01   3.6388070e+00  -1.0590018e-01  -1.4346302e-02  -6.0638228e-02
   9.6300000e+02   1.1419370e+01   3.6382590e+00  -1.0589525e-01  -1.4335544e-02  -6.0636285e-02
   9.6400000e+02   1.1409240e+01   3.6377130e+00  -1.0589025e-01  -1.4324764e-02  -6.0634333e-02
   9.6500000e+02   1.1399140e+01   3.6371670e+00  -1.0588528e-01  -1.4314004e-02  -6.0632404e-02
   9.6600000e+02   1.1389050e+01   3.6366230e+00  -1.0588023e-01  -1.4303223e-02  -6.0630465e-02
   9.6700000e+02   1.1378980e+01   3.6360790e+00  -1.0587517e-01  -1.4292434e-02  -6.0628550e-02
   9.6800000e+02   1.1368920e+01   3.6355360e+00  -1.0587005e-01  -1.4281621e-02  -6.0626642e-02
   9.6900000e+02   1.1358890e+01   3.6349950e+00  -1.0586492e-01  -1.4270832e-02  -6.0624722e-02
   9.7000000e+02   1.1348870e+01   3.6344540e+00  -1.0585975e-01  -1.4260019e-02  -6.0622830e-02
   9.7100000e+02   1.1338870e+01   3.6339150e+00  -1.0585454e-01  -1.4249206e-02  -6.0620928e-02
   9.7200000e+02   1.1328890e+01   3.6333760e+00  -1.0584933e-01  -1.4238389e-02  -6.0619046e-02
   9.7300000e+02   1.1318930e+01   3.6328380e+00  -1.0584409e-01  -1.4227577e-02  -6.0617170e-02
   9.7400000e+02   1.1308990e+01   3.6323020e+00  -1.0583881e-01  -1.4216763e-02  -6.0615290e-02
   9.7500000e+02   1.1299060e+01   3.6317660e+00  -1.0583349e-01  -1.4205924e-02  -6.0613429e-02
   9.7600000e+02   1.1289150e+01   3.6312310e+00  -1.0582815e-01  -1.4195086e-02  -6.0611574e-02
   9.7700000e+02   1.1279260e+01   3.6306970e+00  -1.0582279e-01  -1.4184247e-02  -6.0609727e-02
   9.7800000e+02   1.1269390e+01   3.6301650e+00  -1.0581739e-01  -1.4173415e-02  -6.0607871e-02
   9.7900000e+02   1.1259530e+01   3.6296330e+00  -1.0581195e-01  -1.4162552e-02  -6.0606037e-02
   9.8000000e+02   1.1249690e+01   3.6291020e+00  -1.0580649e-01  -1.4151696e-02  -6.0604207e-02
   9.8100000e+02   1.1239870e+01   3.6285720e+00  -1.0580101e-01  -1.4140841e-02  -6.0602384e-02
   9.8200000e+02   1.1230070e+01   3.6280430e+00  -1.0579551e-01  -1.4129986e-02  -6.0600570e-02
   9.8300000e+02   1.1220280e+01   3.6275150e+00  -1.0578995e-01  -1.4119110e-02  -6.0598762e-02
   9.8400000e+02   1.1210520e+01   3.6269890e+00  -1.0578439e-01  -1.4108266e-02  -6.0596939e-02
   9.8500000e+02   1.1200760e+01   3.6264630e+00  -1.0577877e-01  -1.4097369e-02  -6.0595144e-02
   9.8600000e+02   1.1191030e+01   3.6259380e+00  -1.0577316e-01  -1.4086504e-02  -6.0593352e-02
   9.8700000e+02   1.1181310e+01   3.6254130e+00  -1.0576752e-01  -1.4075611e-02  -6.0591582e-02
   9.8800000e+02   1.1171610e+01   3.6248900e+00  -1.0576183e-01  -1.4064724e-02  -6.0589804e-02
   9.8900000e+02   1.1161930e+01   3.6243680e+00  -1.0575613e-01  -1.4053843e-02  -6.0588031e-02
   9.9000000e+02   1.1152270e+01   3.6238470e+00  -1.0575041e-01  -1.4042968e-02  -6.0586265e-02
   9.9100000e+02   1.1142620e+01   3.6233270e+00  -1.0574464e-01  -1.4032068e-02  -6.0584501e-02
   9.9200000e+02   1.1132990e+01   3.6228070e+00  -1.0573888e-01  -1.4021173e-02  -6.0582762e-02
   9.9300000e+02   1.1123370e+01   3.6222890e+00  -1.0573304e-01  -1.4010258e-02  -6.0581011e-02
   9.9400000e+02   1.1113780e+01   3.6217710e+00  -1.0572724e-01  -1.3999371e-02  -6.0579282e-02
   9.9500000e+02   1.1104200e+01   3.6212550e+00  -1.0572137e-01  -1.3988467e-02  -6.0577541e-02
   9.9600000e+02   1.1094630e+01   3.6207390e+00  -1.0571547e-01  -1.3977539e-02  -6.0575825e-02
   9.9700000e+02   1.1085090e+01   3.6202250e+00  -1.0570957e-01  -1.3966649e-02  -6.0574095e-02
   9.9800000e+02   1.1075560e+01   3.6197110e+00  -1.0570364e-01  -1.3955732e-02  -6.0572390e-02
   9.9900000e+02   1.1066040e+01   3.6191980e+00  -1.0569766e-01  -1.3944796e-02  -6.0570688e-02
   1.0000000e+03   1.1056550e+01   3.6186860e+00  -1.0569170e-01  -1.3933895e-02  -6.0568992e-02
   1.0010000e+03   1.1047060e+01   3.6181750e+00  -1.0568566e-01  -1.3922947e-02  -6.0567302e-02
   1.0020000e+03   1.1037600e+01   3.6176650e+00  -1.0567964e-01  -1.3912032e-02  -6.0565615e-02
   1.0030000e+03   1.1028150e+01   3.6171560e+00  -1.0567357e-01  -1.3901098e-02  -6.0563934e-02
   1.0040000e+03   1.1018720e+01   3.6166480e+00  -1.0566749e-01  -1.3890172e-02  -6.0562257e-02
   1.0050000e+03   1.1009310e+01   3.6161410e+00  -1.0566140e-01  -1.3879253e-02  -6.0560587e-02
   1.0060000e+03   1.0999910e+01   3.6156350e+00  -1.0565526e-01  -1.3868319e-02  -6.0558921e-02
   1.0070000e+03   1.0990530e+01   3.6151290e+00  -1.0564912e-01  -1.3857385e-02  -6.0557279e-02
   1.0080000e+03   1.0981160e+01   3.6146250e+00  -1.0564292e-01  -1.3846438e-02  -6.0555621e-02
   1.0090000e+03   1.0971810e+01   3.6141210e+00  -1.0563673e-01  -1.3835497e-02  -6.0553987e-02
   1.0100000e+03   1.0962480e+01   3.6136180e+00  -1.0563052e-01  -1.3824563e-02  -6.0552357e-02
   1.0110000e+03   1.0953160e+01   3.6131170e+00  -1.0562425e-01  -1.3813617e-02  -6.0550716e-02
   1.0120000e+03   1.0943860e+01   3.6126160e+00  -1.0561799e-01  -1.3802676e-02  -6.0549097e-02
   1.0130000e+03   1.0934580e+01   3.6121160e+00  -1.0561172e-01  -1.3791745e-02  -6.0547478e-02
   1.0140000e+03   1.0925310e+01   3.6116170e+00  -1.0560541e-01  -1.3780796e-02  -6.0545869e-02
   1.0150000e+03   1.0916060e+01   3.6111180e+00  -1.0559910e-01  -1.3769854e-02  -6.0544278e-02
   1.0160000e+03   1.0906820e+01   3.6106210e+00  -1.0559274e-01  -1.3758901e-02  -6.0542673e-02
   1.0170000e+03   1.0897600e+01   3.6101250e+00  -1.0558635e-01  -1.3747956e-02  -6.0541076e-02
   1.0180000e+03   1.0888390e+01   3.6096290e+00  -1.0557995e-01  -1.3736993e-02  -6.0539500e-02
   1.0190000e+03   1.0879200e+01   3.6091350e+00  -1.0557352e-01  -1.3726044e-02  -6.0537909e-02
   1.0200000e+03   1.0870030e+01   3.6086410e+00  -1.0556710e-01  -1.3715099e-02  -6.0536341e-02
   1.0210000e+03   1.0860870e+01   3.6081480e+00  -1.0556064e-01  -1.3704143e-02  -6.0534776e-02
   1.0220000e+03   1.0851730e+01   3.6076560e+00  -1.0555417e-01  -1.3693195e-02  -6.0533215e-02
   1.0230000e+03   1.0842600e+01   3.6071650e+00  -1.0554766e-01  -1.3682233e-02  -6.0531660e-02
   1.0240000e+03   1.0833490e+01   3.6066750e+00  -1.0554113e-01  -1.3671283e-02  -6.0530109e-02
   1.0250000e+03   1.0824400e+01   3.6061860e+00  -1.0553461e-01  -1.3660347e-02  -6.0528558e-02
   1.0260000e+03   1.0815320e+01   3.6056970e+00  -1.0552806e-01  -1.3649390e-02  -6.0527031e-02
   1.0270000e+03   1.0806250e+01   3.6052100e+00  -1.0552145e-01  -1.3638424e-02  -6.0525492e-02
   1.0280000e+03   1.0797200e+01   3.6047230e+00  -1.0551485e-01  -1.3627466e-02  -6.0523970e-02
   1.0290000e+03   1.0788170e+01   3.6042370e+00  -1.0550825e-01  -1.3616519e-02  -6.0522456e-02
   1.0300000e+03   1.0779150e+01   3.6037520e+00  -1.0550160e-01  -1.3605560e-02  -6.0520943e-02
   1.0310000e+03   1.0770150e+01   3.6032680e+00  -1.0549495e-01  -1.3594611e-02  -6.0519435e-02
   1.0320000e+03   1.0761160e+01   3.6027850e+00  -1.0548827e-01  -1.3583654e-02  -6.0517928e-02
   1.0330000e+03   1.0752190e+01   3.6023030e+00  -1.0548157e-01  -1.3572709e-02  -6.0516427e-02
   1.0340000e+03   1.0743230e+01   3.6018210e+00  -1.0547486e-01  -1.3561748e-02  -6.0514944e-02
   1.0350000e+03   1.0734290e+01   3.6013400e+00  -1.0546815e-01  -1.3550799e-02  -6.0513466e-02
   1.0360000e+03   1.0725360e+01   3.6008610e+00  -1.0546136e-01  -1.3539839e-02  -6.0511978e-02
   1.0370000e+03   1.0716450e+01   3.6003820e+00  -1.0545461e-01  -1.3528893e-02  -6.0510505e-02
   1.0380000e+03   1.0707550e+01   3.5999040e+00  -1.0544781e-01  -1.3517933e-02  -6.0509038e-02
   1.0390000e+03   1.0698670e+01   3.5994260e+00  -1.0544103e-01  -1.3506985e-02  -6.0507590e-02
   1.0400000e+03   1.0689800e+01   3.5989500e+00  -1.0543418e-01  -1.3496026e-02  -6.0506128e-02
   1.0410000e+03   1.0680950e+01   3.5984750e+00  -1.0542734e-01  -1.3485085e-02  -6.0504673e-02
   1.0420000e+03   1.0672110e+01   3.5980000e+00  -1.0542048e-01  -1.3474128e-02  -6.0503234e-02
   1.0430000e+03   1.0663290e+01   3.5975260e+00  -1.0541362e-01  -1.3463186e-02  -6.0501798e-02
   1.0440000e+03   1.0654480e+01   3.5970530e+00  -1.0540672e-01  -1.3452234e-02  -6.0500365e-02
   1.0450000e+03   1.0645680e+01   3.5965810e+00  -1.0539979e-01  -1.3441272e-02  -6.0498937e-02
   1.0460000e+03   1.0636910e+01   3.5961100e+00  -1.0539288e-01  -1.3430349e-02  -6.0497512e-02
   1.0470000e+03   1.0628140e+01   3.5956390e+00  -1.0538592e-01  -1.3419386e-02  -6.0496107e-02
   1.0480000e+03   1.0619390e+01   3.5951690e+00  -1.0537897e-01  -1.3408440e-02  -6.0494703e-02
   1.0490000e+03   1.0610660e+01   3.5947010e+00  -1.0537199e-01  -1.3397515e-02  -6.0493287e-02
   1.0500000e+03   1.0601940e+01   3.5942330e+00  -1.0536500e-01  -1.3386573e-02  -6.0491888e-02
   1.0510000e+03   1.0593230e+01   3.5937660e+00  -1.0535797e-01  -1.3375625e-02  -6.0490493e-02
   1.0520000e+03   1.0584540e+01   3.5932990e+00  -1.0535097e-01  -1.3364687e-02  -6.0489117e-02
   1.0530000e+03   1.0575860e+01   3.5928340e+00  -1.0534390e-01  -1.3353745e-02  -6.0487729e-02
   1.0540000e+03   1.0567200e+01   3.5923690e+00  -1.0533686e-01  -1.3342815e-02  -6.0486359e-02
   1.0550000e+03   1.0558550e+01   3.5919050e+00  -1.0532979e-01  -1.3331880e-02  -6.0484990e-02
   1.0560000e+03   1.0549920e+01   3.5914420e+00  -1.0532271e-01  -1.3320955e-02  -6.0483623e-02
   1.0570000e+03   1.0541300e+01   3.5909800e+00  -1.0531560e-01  -1.3310025e-02  -6.0482262e-02
   1.0580000e+03   1.0532690e+01   3.5905190e+00  -1.0530846e-01  -1.3299089e-02  -6.0480902e-02
   1.0590000e+03   1.0524100e+01   3.5900580e+00  -1.0530134e-01  -1.3288165e-02  -6.0479559e-02
   1.0600000e+03   1.0515520e+01   3.5895980e+00  -1.0529418e-01  -1.3277232e-02  -6.0478220e-02
   1.0610000e+03   1.0506960e+01   3.5891390e+00  -1.0528703e-01  -1.3266316e-02  -6.0476885e-02
   1.0620000e+03   1.0498410e+01   3.5886810e+00  -1.0527985e-01  -1.3255395e-02  -6.0475548e-02
   1.0630000e+03   1.0489880e+01   3.5882240e+00  -1.0527266e-01  -1.3244489e-02  -6.0474218e-02
   1.0640000e+03   1.0481360e+01   3.5877670e+00  -1.0526547e-01  -1.3233577e-02  -6.0472904e-02
   1.0650000e+03   1.0472850e+01   3.5873120e+00  -1.0525822e-01  -1.3222658e-02  -6.0471576e-02
   1.0660000e+03   1.0464360e+01   3.5868570e+00  -1.0525099e-01  -1.3211752e-02  -6.0470265e-02
   1.0670000e+03   1.0455880e+01   3.5864020e+00  -1.0524376e-01  -1.3200838e-02  -6.0468977e-02
   1.0680000e+03   1.0447410e+01   3.5859490e+00  -1.0523646e-01  -1.3189918e-02  -6.0467673e-02
   1.0690000e+03   1.0438960e+01   3.5854970e+00  -1.0522919e-01  -1.3179023e-02  -6.0466368e-02
   1.0700000e+03   1.0430530e+01   3.5850450e+00  -1.0522192e-01  -1.3168137e-02  -6.0465084e-02
   1.0710000e+03   1.0422100e+01   3.5845940e+00  -1.0521460e-01  -1.3157223e-02  -6.0463801e-02
   1.0720000e+03   1.0413690e+01   3.5841440e+00  -1.0520728e-01  -1.3146330e-02  -6.0462518e-02
   1.0730000e+03   1.0405300e+01   3.5836940e+00  -1.0519998e-01  -1.3135449e-02  -6.0461256e-02
   1.0740000e+03   1.0396910e+01   3.5832460e+00  -1.0519260e-01  -1.3124544e-02  -6.0459978e-02
   1.0750000e+03   1.0388550e+01   3.5827980e+00  -1.0518527e-01  -1.3113677e-02  -6.0458721e-02
   1.0760000e+03   1.0380190e+01   3.5823510e+00  -1.0517789e-01  -1.3102782e-02  -6.0457462e-02
   1.0770000e+03   1.0371850e+01   3.5819050e+00  -1.0517051e-01  -1.3091905e-02  -6.0456208e-02
   1.0780000e+03   1.0363520e+01   3.5814590e+00  -1.0516312e-01  -1.3081022e-02  -6.0454967e-02
   1.0790000e+03   1.0355210e+01   3.5810150e+00  -1.0515572e-01  -1.3070160e-02  -6.0453716e-02
   1.0800000e+03   1.0346900e+01   3.5805710e+00  -1.0514827e-01  -1.3059264e-02  -6.0452483e-02
   1.0810000e+03   1.0338620e+01   3.5801280e+00  -1.0514086e-01  -1.3048416e-02  -6.0451247e-02
   1.0820000e+03   1.0330340e+01   3.5796850e+00  -1.0513341e-01  -1.3037532e-02  -6.0450034e-02
   1.0830000e+03   1.0322080e+01   3.5792440e+00  -1.0512595e-01  -1.3026676e-02  -6.0448803e-02
   1.0840000e+03   1.0313830e+01   3.5788030e+00  -1.0511848e-01  -1.3015810e-02  -6.0447590e-02
   1.0850000e+03   1.0305600e+01   3.5783630e+00  -1.0511101e-01  -1.3004965e-02  -6.0446380e-02
   1.0860000e+03   1.0297380e+01   3.5779240e+00  -1.0510352e-01  -1.2994117e-02  -6.0445169e-02
   1.0870000e+03   1.0289170e+01   3.5774850e+00  -1.0509602e-01  -1.2983261e-02  -6.0443977e-02
   1.0880000e+03   1.0280980e+01   3.5770480e+00  -1.0508850e-01  -1.2972430e-02  -6.0442771e-02
   1.0890000e+03   1.0272790e+01   3.5766110e+00  -1.0508095e-01  -1.2961567e-02  -6.0441580e-02
   1.0900000e+03   1.0264630e+01   3.5761740e+00  -1.0507346e-01  -1.2950748e-02  -6.0440406e-02
   1.0910000e+03   1.0256470e+01   3.5757390e+00  -1.0506589e-01  -1.2939905e-02  -6.0439218e-02
   1.0920000e+03   1.0248330e+01   3.5753040e+00  -1.0505835e-01  -1.2929079e-02  -6.0438047e-02
   1.0930000e+03   1.0240200e+01   3.5748700e+00  -1.0505078e-01  -1.2918249e-02  -6.0436879e-02
   1.0940000e+03   1.0232080e+01   3.5744370e+00  -1.0504318e-01  -1.2907418e-02  -6.0435710e-02
   1.0950000e+03   1.0223980e+01   3.5740050e+00  -1.0503559e-01  -1.2896609e-02  -6.0434542e-02
   1.0960000e+03   1.0215890e+01   3.5735730e+00  -1.0502800e-01  -1.2885792e-02  -6.0433394e-02
   1.0970000e+03   1.0207810e+01   3.5731420e+00  -1.0502038e-01  -1.2874975e-02  -6.0432242e-02
   1.0980000e+03   1.0199750e+01   3.5727120e+00  -1.0501277e-01  -1.2864180e-02  -6.0431095e-02
   1.0990000e+03   1.0191700e+01   3.5722830e+00  -1.0500514e-01  -1.2853385e-02  -6.0429947e-02
   1.1000000e+03   1.0183660e+01   3.5718540e+00  -1.0499750e-01  -1.2842581e-02  -6.0428817e-02
   1.1010000e+03   1.0175630e+01   3.5714260e+00  -1.0498984e-01  -1.2831777e-02  -6.0427685e-02
   1.1020000e+03   1.0167620e+01   3.5709990e+00  -1.0498218e-01  -1.2820994e-02  -6.0426557e-02
   1.1030000e+03   1.0159620e+01   3.5705720e+00  -1.0497453e-01  -1.2810210e-02  -6.0425446e-02
   1.1040000e+03   1.0151630e+01   3.5701470e+00  -1.0496683e-01  -1.2799425e-02  -6.0424316e-02
   1.1050000e+03   1.0143650e+01   3.5697220e+00  -1.0495912e-01  -1.2788638e-02  -6.0423204e-02
   1.1060000e+03   1.0135690e+01   3.5692970e+00  -1.0495145e-01  -1.2777867e-02  -6.0422110e-02
   1.1070000e+03   1.0127740e+01   3.5688740e+00  -1.0494373e-01  -1.2767102e-02  -6.0421001e-02
   1.1080000e+03   1.0119800e+01   3.5684510e+00  -1.0493601e-01  -1.2756329e-02  -6.0419906e-02
   1.1090000e+03   1.0111880e+01   3.5680290e+00  -1.0492830e-01  -1.2745584e-02  -6.0418813e-02
   1.1100000e+03   1.0103960e+01   3.5676080e+00  -1.0492053e-01  -1.2734811e-02  -6.0417722e-02
   1.1110000e+03   1.0096060e+01   3.5671870e+00  -1.0491280e-01  -1.2724059e-02  -6.0416646e-02
   1.1120000e+03   1.0088180e+01   3.5667670e+00  -1.0490507e-01  -1.2713333e-02  -6.0415568e-02
   1.1130000e+03   1.0080300e+01   3.5663480e+00  -1.0489729e-01  -1.2702581e-02  -6.0414493e-02
   1.1140000e+03   1.0072440e+01   3.5659300e+00  -1.0488952e-01  -1.2691852e-02  -6.0413418e-02
   1.1150000e+03   1.0064590e+01   3.5655120e+00  -1.0488175e-01  -1.2681122e-02  -6.0412360e-02
   1.1160000e+03   1.0056750e+01   3.5650950e+00  -1.0487396e-01  -1.2670393e-02  -6.0411300e-02
   1.1170000e+03   1.0048920e+01   3.5646790e+00  -1.0486615e-01  -1.2659662e-02  -6.0410242e-02
   1.1180000e+03   1.0041110e+01   3.5642630e+00  -1.0485836e-01  -1.2648952e-02  -6.0409200e-02
   1.1190000e+03   1.0033310e+01   3.5638480e+00  -1.0485056e-01  -1.2638243e-02  -6.0408157e-02
   1.1200000e+03   1.0025520e+01   3.5634340e+00  -1.0484274e-01  -1.2627536e-02  -6.0407115e-02
   1.1210000e+03   1.0017740e+01   3.5630210e+00  -1.0483489e-01  -1.2616827e-02  -6.0406073e-02
   1.1220000e+03   1.0009980e+01   3.5626080e+00  -1.0482708e-01  -1.2606144e-02  -6.0405047e-02
   1.1230000e+03   1.0002220e+01   3.5621960e+00  -1.0481922e-01  -1.2595433e-02  -6.0404020e-02
