   3.2000000e+01   2.4569980e+02   5.0130180e+00   3.5556249e-02  -1.0344539e-05  -1.3008278e-03
   3.3000000e+01   2.3933150e+02   4.9927850e+00   3.6167834e-02  -1.0555921e-05  -1.3278904e-03
   3.4000000e+01   2.3328700e+02   4.9736800e+00   3.6762081e-02  -1.0778297e-05  -1.3545277e-03
   3.5000000e+01   2.2754200e+02   4.9556160e+00   3.7339948e-02  -1.1011588e-05  -1.3807725e-03
   3.6000000e+01   2.2207440e+02   4.9385120e+00   3.7902342e-02  -1.1255702e-05  -1.4066548e-03
   3.7000000e+01   2.1686440e+02   4.9222980e+00   3.8450060e-02  -1.1510578e-05  -1.4322016e-03
   3.8000000e+01   2.1189420e+02   4.9069060e+00   3.8983879e-02  -1.1776184e-05  -1.4574385e-03
   3.9000000e+01   2.0714720e+02   4.8922790e+00   3.9504457e-02  -1.2052456e-05  -1.4823881e-03
   4.0000000e+01   2.0260890e+02   4.8783620e+00   4.0012432e-02  -1.2339409e-05  -1.5070717e-03
   4.1000000e+01   1.9826550e+02   4.8651050e+00   4.0508390e-02  -1.2636991e-05  -1.5315093e-03
   4.2000000e+01   1.9410480e+02   4.8524630e+00   4.0992867e-02  -1.2945231e-05  -1.5557191e-03
   4.3000000e+01   1.9011550e+02   4.8403950e+00   4.1466347e-02  -1.3264136e-05  -1.5797173e-03
   4.4000000e+01   1.8628700e+02   4.8288630e+00   4.1929290e-02  -1.3593705e-05  -1.6035196e-03
   4.5000000e+01   1.8260990e+02   4.8178320e+00   4.2382122e-02  -1.3933973e-05  -1.6271405e-03
   4.6000000e+01   1.7907540e+02   4.8072710e+00   4.2825220e-02  -1.4284994e-05  -1.6505931e-03
   4.7000000e+01   1.7567520e+02   4.7971500e+00   4.3258951e-02  -1.4646777e-05  -1.6738898e-03
   4.8000000e+01   1.7240200e+02   4.7874420e+00   4.3683660e-02  -1.5019407e-05  -1.6970421e-03
   4.9000000e+01   1.6924860e+02   4.7781220e+00   4.4099657e-02  -1.5402906e-05  -1.7200612e-03
   5.0000000e+01   1.6620860e+02   4.7691660e+00   4.4507245e-02  -1.5797338e-05  -1.7429571e-03
   5.1000000e+01   1.6327610e+02   4.7605550e+00   4.4906675e-02  -1.6202791e-05  -1.7657387e-03
   5.2000000e+01   1.6044540e+02   4.7522680e+00   4.5298215e-02  -1.6619324e-05  -1.7884154e-03
   5.3000000e+01   1.5771130e+02   4.7442860e+00   4.5682112e-02  -1.7047006e-05  -1.8109961e-03
   5.4000000e+01   1.5506900e+02   4.7365930e+00   4.6058592e-02  -1.7485934e-05  -1.8334875e-03
   5.5000000e+01   1.5251390e+02   4.7291730e+00   4.6427852e-02  -1.7936184e-05  -1.8558984e-03
   5.6000000e+01   1.5004170e+02   4.7220110e+00   4.6790115e-02  -1.8397828e-05  -1.8782352e-03
   5.7000000e+01   1.4764860e+02   4.7150940e+00   4.7145548e-02  -1.8870998e-05  -1.9005048e-03
   5.8000000e+01   1.4533070e+02   4.7084090e+00   4.7494346e-02  -1.9355750e-05  -1.9227132e-03
   5.9000000e+01   1.4308470e+02   4.7019440e+00   4.7836672e-02  -1.9852241e-05  -1.9448670e-03
   6.0000000e+01   1.4090710e+02   4.6956880e+00   4.8172681e-02  -2.0360518e-05  -1.9669724e-03
   6.1000000e+01   1.3879500e+02   4.6896300e+00   4.8502555e-02  -2.0880724e-05  -1.9890343e-03
   6.2000000e+01   1.3674540e+02   4.6837620e+00   4.8826396e-02  -2.1412959e-05  -2.0110579e-03
   6.3000000e+01   1.3475560e+02   4.6780720e+00   4.9144380e-02  -2.1957338e-05  -2.0330495e-03
   6.4000000e+01   1.3282300e+02   4.6725550e+00   4.9456606e-02  -2.2513981e-05  -2.0550124e-03
   6.5000000e+01   1.3094530e+02   4.6672000e+00   4.9763231e-02  -2.3083041e-05  -2.0769529e-03
   6.6000000e+01   1.2912000e+02   4.6620010e+00   5.0064352e-02  -2.3664580e-05  -2.0988748e-03
   6.7000000e+01   1.2734510e+02   4.6569500e+00   5.0360102e-02  -2.4258780e-05  -2.1207835e-03
   6.8000000e+01   1.2561840e+02   4.6520420e+00   5.0650574e-02  -2.4865717e-05  -2.1426808e-03
   6.9000000e+01   1.2393810e+02   4.6472690e+00   5.0935878e-02  -2.5485586e-05  -2.1645736e-03
   7.0000000e+01   1.2230230e+02   4.6426250e+00   5.1216131e-02  -2.6118468e-05  -2.1864650e-03
   7.1000000e+01   1.2070930e+02   4.6381060e+00   5.1491403e-02  -2.6764561e-05  -2.2083583e-03
   7.2000000e+01   1.1915740e+02   4.6337060e+00   5.1761804e-02  -2.7423956e-05  -2.2302572e-03
   7.3000000e+01   1.1764500e+02   4.6294190e+00   5.2027426e-02  -2.8096796e-05  -2.2521672e-03
   7.4000000e+01   1.1617070e+02   4.6252420e+00   5.2288342e-02  -2.8783266e-05  -2.2740902e-03
   7.5000000e+01   1.1473310e+02   4.6211690e+00   5.2544649e-02  -2.9483513e-05  -2.2960299e-03
   7.6000000e+01   1.1333070e+02   4.6171960e+00   5.2796419e-02  -3.0197633e-05  -2.3179913e-03
   7.7000000e+01   1.1196240e+02   4.6133200e+00   5.3043729e-02  -3.0925855e-05  -2.3399757e-03
   7.8000000e+01   1.1062690e+02   4.6095360e+00   5.3286668e-02  -3.1668303e-05  -2.3619876e-03
   7.9000000e+01   1.0932290e+02   4.6058420e+00   5.3525271e-02  -3.2425057e-05  -2.3840294e-03
   8.0000000e+01   1.0804960e+02   4.6022330e+00   5.3759644e-02  -3.3196451e-05  -2.4061048e-03
   8.1000000e+01   1.0680560e+02   4.5987060e+00   5.3989840e-02  -3.3982456e-05  -2.4282171e-03
   8.2000000e+01   1.0559020e+02   4.5952580e+00   5.4215925e-02  -3.4783395e-05  -2.4503693e-03
   8.3000000e+01   1.0440220e+02   4.5918870e+00   5.4437957e-02  -3.5599323e-05  -2.4725627e-03
   8.4000000e+01   1.0324090e+02   4.5885890e+00   5.4655999e-02  -3.6430544e-05  -2.4948031e-03
   8.5000000e+01   1.0210520e+02   4.5853610e+00   5.4870114e-02  -3.7277093e-05  -2.5170924e-03
   8.6000000e+01   1.0099440e+02   4.5822020e+00   5.5080338e-02  -3.8139238e-05  -2.5394322e-03
   8.7000000e+01   9.9907580e+01   4.5791090e+00   5.5286762e-02  -3.9017069e-05  -2.5618260e-03
   8.8000000e+01   9.8844090e+01   4.5760790e+00   5.5489408e-02  -3.9910856e-05  -2.5842768e-03
   8.9000000e+01   9.7803140e+01   4.5731100e+00   5.5688340e-02  -4.0820745e-05  -2.6067882e-03
   9.0000000e+01   9.6784020e+01   4.5702000e+00   5.5883618e-02  -4.1746919e-05  -2.6293609e-03
   9.1000000e+01   9.5786060e+01   4.5673480e+00   5.6075255e-02  -4.2689596e-05  -2.6519992e-03
   9.2000000e+01   9.4808610e+01   4.5645500e+00   5.6263328e-02  -4.3648947e-05  -2.6747059e-03
   9.3000000e+01   9.3851040e+01   4.5618050e+00   5.6447887e-02  -4.4625135e-05  -2.6974825e-03
   9.4000000e+01   9.2912760e+01   4.5591120e+00   5.6628960e-02  -4.5618392e-05  -2.7203312e-03
   9.5000000e+01   9.1993190e+01   4.5564690e+00   5.6806597e-02  -4.6628921e-05  -2.7432550e-03
   9.6000000e+01   9.1091770e+01   4.5538740e+00   5.6980817e-02  -4.7656925e-05  -2.7662590e-03
   9.7000000e+01   9.0207980e+01   4.5513260e+00   5.7151680e-02  -4.8702603e-05  -2.7893416e-03
   9.8000000e+01   8.9341300e+01   4.5488220e+00   5.7319249e-02  -4.9766106e-05  -2.8125071e-03
   9.9000000e+01   8.8491260e+01   4.5463620e+00   5.7483531e-02  -5.0847715e-05  -2.8357587e-03
   1.0000000e+02   8.7657360e+01   4.5439450e+00   5.7644561e-02  -5.1947609e-05  -2.8590973e-03
   1.0100000e+02   8.6839160e+01   4.5415680e+00   5.7802385e-02  -5.3066000e-05  -2.8825270e-03
   1.0200000e+02   8.6036230e+01   4.5392310e+00   5.7957033e-02  -5.4203139e-05  -2.9060494e-03
   1.0300000e+02   8.5248130e+01   4.5369320e+00   5.8108529e-02  -5.5359231e-05  -2.9296684e-03
   1.0400000e+02   8.4474470e+01   4.5346700e+00   5.8256939e-02  -5.6534470e-05  -2.9533838e-03
   1.0500000e+02   8.3714850e+01   4.5324450e+00   5.8402276e-02  -5.7729084e-05  -2.9771972e-03
   1.0600000e+02   8.2968890e+01   4.5302540e+00   5.8544565e-02  -5.8943316e-05  -3.0011146e-03
   1.0700000e+02   8.2236240e+01   4.5280980e+00   5.8683814e-02  -6.0177427e-05  -3.0251372e-03
   1.0800000e+02   8.1516530e+01   4.5259740e+00   5.8820119e-02  -6.1431570e-05  -3.0492647e-03
   1.0900000e+02   8.0809440e+01   4.5238820e+00   5.8953446e-02  -6.2706068e-05  -3.0735030e-03
   1.1000000e+02   8.0114620e+01   4.5218210e+00   5.9083846e-02  -6.4001092e-05  -3.0978525e-03
   1.1100000e+02   7.9431780e+01   4.5197910e+00   5.9211331e-02  -6.5316946e-05  -3.1223159e-03
   1.1200000e+02   7.8760600e+01   4.5177890e+00   5.9335963e-02  -6.6653807e-05  -3.1468956e-03
   1.1300000e+02   7.8100780e+01   4.5158160e+00   5.9457740e-02  -6.8011948e-05  -3.1715930e-03
   1.1400000e+02   7.7452050e+01   4.5138700e+00   5.9576691e-02  -6.9391627e-05  -3.1964120e-03
   1.1500000e+02   7.6814130e+01   4.5119510e+00   5.9692847e-02  -7.0793082e-05  -3.2213526e-03
   1.1600000e+02   7.6186740e+01   4.5100580e+00   5.9806219e-02  -7.2216588e-05  -3.2464188e-03
   1.1700000e+02   7.5569640e+01   4.5081900e+00   5.9916833e-02  -7.3662369e-05  -3.2716139e-03
   1.1800000e+02   7.4962570e+01   4.5063470e+00   6.0024712e-02  -7.5130733e-05  -3.2969378e-03
   1.1900000e+02   7.4365300e+01   4.5045280e+00   6.0129883e-02  -7.6621919e-05  -3.3223920e-03
   1.2000000e+02   7.3777580e+01   4.5027310e+00   6.0232372e-02  -7.8136152e-05  -3.3479830e-03
   1.2100000e+02   7.3199190e+01   4.5009580e+00   6.0332172e-02  -7.9673778e-05  -3.3737089e-03
   1.2200000e+02   7.2629920e+01   4.4992060e+00   6.0429337e-02  -8.1235024e-05  -3.3995733e-03
   1.2300000e+02   7.2069540e+01   4.4974750e+00   6.0523869e-02  -8.2820124e-05  -3.4255793e-03
   1.2400000e+02   7.1517860e+01   4.4957650e+00   6.0615791e-02  -8.4429437e-05  -3.4517275e-03
   1.2500000e+02   7.0974670e+01   4.4940750e+00   6.0705118e-02  -8.6063191e-05  -3.4780214e-03
   1.2600000e+02   7.0439790e+01   4.4924050e+00   6.0791858e-02  -8.7721686e-05  -3.5044619e-03
   1.2700000e+02   6.9913020e+01   4.4907540e+00   6.0876044e-02  -8.9405210e-05  -3.5310521e-03
   1.2800000e+02   6.9394180e+01   4.4891210e+00   6.0957692e-02  -9.1114031e-05  -3.5577943e-03
   1.2900000e+02   6.8883090e+01   4.4875060e+00   6.1036813e-02  -9.2848448e-05  -3.5846906e-03
   1.3000000e+02   6.8379590e+01   4.4859090e+00   6.1113415e-02  -9.4608776e-05  -3.6117420e-03
   1.3100000e+02   6.7883500e+01   4.4843290e+00   6.1187521e-02  -9.6395287e-05  -3.6389519e-03
   1.3200000e+02   6.7394670e+01   4.4827650e+00   6.1259153e-02  -9.8208274e-05  -3.6663230e-03
   1.3300000e+02   6.6912940e+01   4.4812180e+00   6.1328307e-02  -1.0004809e-04  -3.6938553e-03
   1.3400000e+02   6.6438160e+01   4.4796860e+00   6.1395017e-02  -1.0191501e-04  -3.7215530e-03
   1.3500000e+02   6.5970170e+01   4.4781700e+00   6.1459274e-02  -1.0380930e-04  -3.7494169e-03
   1.3600000e+02   6.5508840e+01   4.4766680e+00   6.1521117e-02  -1.0573130e-04  -3.7774498e-03
   1.3700000e+02   6.5054020e+01   4.4751810e+00   6.1580538e-02  -1.0768133e-04  -3.8056538e-03
   1.3800000e+02   6.4605580e+01   4.4737080e+00   6.1637555e-02  -1.0965974e-04  -3.8340308e-03
   1.3900000e+02   6.4163390e+01   4.4722490e+00   6.1692182e-02  -1.1166680e-04  -3.8625821e-03
   1.4000000e+02   6.3727320e+01   4.4708030e+00   6.1744430e-02  -1.1370285e-04  -3.8913113e-03
   1.4100000e+02   6.3297240e+01   4.4693700e+00   6.1794304e-02  -1.1576823e-04  -3.9202204e-03
   1.4200000e+02   6.2873030e+01   4.4679490e+00   6.1841836e-02  -1.1786317e-04  -3.9493105e-03
   1.4300000e+02   6.2454570e+01   4.4665410e+00   6.1887010e-02  -1.1998811e-04  -3.9785842e-03
   1.4400000e+02   6.2041760e+01   4.4651450e+00   6.1929843e-02  -1.2214338e-04  -4.0080424e-03
   1.4500000e+02   6.1634460e+01   4.4637600e+00   6.1970356e-02  -1.2432919e-04  -4.0376892e-03
   1.4600000e+02   6.1232590e+01   4.4623870e+00   6.2008539e-02  -1.2654604e-04  -4.0675251e-03
   1.4700000e+02   6.0836020e+01   4.4610250e+00   6.2044413e-02  -1.2879417e-04  -4.0975527e-03
   1.4800000e+02   6.0444670e+01   4.4596730e+00   6.2077995e-02  -1.3107396e-04  -4.1277745e-03
   1.4900000e+02   6.0058420e+01   4.4583320e+00   6.2109277e-02  -1.3338577e-04  -4.1581912e-03
   1.5000000e+02   5.9677170e+01   4.4570010e+00   6.2138276e-02  -1.3572981e-04  -4.1888056e-03
   1.5100000e+02   5.9300840e+01   4.4556800e+00   6.2164992e-02  -1.3810664e-04  -4.2196200e-03
   1.5200000e+02   5.8929330e+01   4.4543680e+00   6.2189447e-02  -1.4051646e-04  -4.2506360e-03
   1.5300000e+02   5.8562550e+01   4.4530660e+00   6.2211633e-02  -1.4295967e-04  -4.2818547e-03
   1.5400000e+02   5.8200400e+01   4.4517730e+00   6.2231562e-02  -1.4543658e-04  -4.3132791e-03
   1.5500000e+02   5.7842810e+01   4.4504890e+00   6.2249237e-02  -1.4794763e-04  -4.3449110e-03
   1.5600000e+02   5.7489690e+01   4.4492130e+00   6.2264676e-02  -1.5049317e-04  -4.3767523e-03
   1.5700000e+02   5.7140950e+01   4.4479450e+00   6.2277881e-02  -1.5307345e-04  -4.4088057e-03
   1.5800000e+02   5.6796520e+01   4.4466860e+00   6.2288840e-02  -1.5568896e-04  -4.4410714e-03
   1.5900000e+02   5.6456320e+01   4.4454350e+00   6.2297576e-02  -1.5834002e-04  -4.4735510e-03
   1.6000000e+02   5.6120270e+01   4.4441910e+00   6.2304100e-02  -1.6102698e-04  -4.5062482e-03
   1.6100000e+02   5.5788300e+01   4.4429540e+00   6.2308417e-02  -1.6375016e-04  -4.5391644e-03
   1.6200000e+02   5.5460330e+01   4.4417250e+00   6.2310503e-02  -1.6651006e-04  -4.5723012e-03
   1.6300000e+02   5.5136290e+01   4.4405030e+00   6.2310388e-02  -1.6930697e-04  -4.6056594e-03
   1.6400000e+02   5.4816120e+01   4.4392870e+00   6.2308086e-02  -1.7214128e-04  -4.6392425e-03
   1.6500000e+02   5.4499750e+01   4.4380780e+00   6.2303580e-02  -1.7501333e-04  -4.6730509e-03
   1.6600000e+02   5.4187100e+01   4.4368760e+00   6.2296871e-02  -1.7792351e-04  -4.7070861e-03
   1.6700000e+02   5.3878130e+01   4.4356800e+00   6.2287973e-02  -1.8087232e-04  -4.7413512e-03
   1.6800000e+02   5.3572750e+01   4.4344890e+00   6.2276902e-02  -1.8385995e-04  -4.7758487e-03
   1.6900000e+02   5.3270910e+01   4.4333050e+00   6.2263645e-02  -1.8688676e-04  -4.8105763e-03
   1.7000000e+02   5.2972560e+01   4.4321260e+00   6.2248207e-02  -1.8995338e-04  -4.8455397e-03
   1.7100000e+02   5.2677630e+01   4.4309530e+00   6.2230595e-02  -1.9306003e-04  -4.8807381e-03
   1.7200000e+02   5.2386060e+01   4.4297850e+00   6.2210804e-02  -1.9620706e-04  -4.9161755e-03
   1.7300000e+02   5.2097800e+01   4.4286220e+00   6.2188858e-02  -1.9939489e-04  -4.9518510e-03
   1.7400000e+02   5.1812790e+01   4.4274640e+00   6.2164742e-02  -2.0262390e-04  -4.9877669e-03
   1.7500000e+02   5.1530980e+01   4.4263110e+00   6.2138463e-02  -2.0589446e-04  -5.0239247e-03
   1.7600000e+02   5.1252320e+01   4.4251630e+00   6.2110008e-02  -2.0920708e-04  -5.0603277e-03
   1.7700000e+02   5.0976750e+01   4.4240190e+00   6.2079416e-02  -2.1256193e-04  -5.0969739e-03
   1.7800000e+02   5.0704230e+01   4.4228790e+00   6.2046661e-02  -2.1595958e-04  -5.1338697e-03
   1.7900000e+02   5.0434700e+01   4.4217440e+00   6.2011747e-02  -2.1940032e-04  -5.1710110e-03
   1.8000000e+02   5.0168120e+01   4.4206130e+00   6.1974683e-02  -2.2288451e-04  -5.2084015e-03
   1.8100000e+02   4.9904440e+01   4.4194850e+00   6.1935482e-02  -2.2641253e-04  -5.2460445e-03
   1.8200000e+02   4.9643610e+01   4.4183620e+00   6.1894116e-02  -2.2998497e-04  -5.2839385e-03
   1.8300000e+02   4.9385590e+01   4.4172420e+00   6.1850620e-02  -2.3360197e-04  -5.3220866e-03
   1.8400000e+02   4.9130340e+01   4.4161250e+00   6.1804985e-02  -2.3726396e-04  -5.3604899e-03
   1.8500000e+02   4.8877810e+01   4.4150120e+00   6.1757199e-02  -2.4097147e-04  -5.3991484e-03
   1.8600000e+02   4.8627950e+01   4.4139020e+00   6.1707281e-02  -2.4472464e-04  -5.4380636e-03
   1.8700000e+02   4.8380730e+01   4.4127950e+00   6.1655222e-02  -2.4852404e-04  -5.4772391e-03
   1.8800000e+02   4.8136110e+01   4.4116910e+00   6.1601035e-02  -2.5236993e-04  -5.5166723e-03
   1.8900000e+02   4.7894050e+01   4.4105900e+00   6.1544711e-02  -2.5626283e-04  -5.5563664e-03
   1.9000000e+02   4.7654510e+01   4.4094920e+00   6.1486249e-02  -2.6020313e-04  -5.5963222e-03
   1.9100000e+02   4.7417440e+01   4.4083960e+00   6.1425672e-02  -2.6419097e-04  -5.6365413e-03
   1.9200000e+02   4.7182820e+01   4.4073030e+00   6.1362955e-02  -2.6822699e-04  -5.6770244e-03
   1.9300000e+02   4.6950600e+01   4.4062120e+00   6.1298117e-02  -2.7231137e-04  -5.7177722e-03
   1.9400000e+02   4.6720750e+01   4.4051230e+00   6.1231166e-02  -2.7644447e-04  -5.7587852e-03
   1.9500000e+02   4.6493230e+01   4.4040370e+00   6.1162080e-02  -2.8062676e-04  -5.8000636e-03
   1.9600000e+02   4.6268020e+01   4.4029530e+00   6.1090876e-02  -2.8485871e-04  -5.8416098e-03
   1.9700000e+02   4.6045070e+01   4.4018700e+00   6.1017565e-02  -2.8914043e-04  -5.8834253e-03
   1.9800000e+02   4.5824350e+01   4.4007900e+00   6.0942130e-02  -2.9347241e-04  -5.9255079e-03
   1.9900000e+02   4.5605840e+01   4.3997110e+00   6.0864581e-02  -2.9785510e-04  -5.9678621e-03
   2.0000000e+02   4.5389490e+01   4.3986340e+00   6.0784920e-02  -3.0228874e-04  -6.0104855e-03
   2.0100000e+02   4.5175280e+01   4.3975580e+00   6.0703157e-02  -3.0677369e-04  -6.0533804e-03
   2.0200000e+02   4.4963170e+01   4.3964840e+00   6.0619283e-02  -3.1131029e-04  -6.0965462e-03
   2.0300000e+02   4.4753140e+01   4.3954110e+00   6.0533311e-02  -3.1589887e-04  -6.1399841e-03
   2.0400000e+02   4.4545160e+01   4.3943400e+00   6.0445222e-02  -3.2054003e-04  -6.1836949e-03
   2.0500000e+02   4.4339190e+01   4.3932700e+00   6.0355039e-02  -3.2523368e-04  -6.2276779e-03
   2.0600000e+02   4.4135220e+01   4.3922000e+00   6.0262774e-02  -3.2998040e-04  -6.2719360e-03
   2.0700000e+02   4.3933200e+01   4.3911320e+00   6.0168406e-02  -3.3478038e-04  -6.3164658e-03
   2.0800000e+02   4.3733120e+01   4.3900650e+00   6.0071935e-02  -3.3963434e-04  -6.3612713e-03
   2.0900000e+02   4.3534950e+01   4.3889980e+00   5.9973395e-02  -3.4454220e-04  -6.4063523e-03
   2.1000000e+02   4.3338650e+01   4.3879330e+00   5.9872764e-02  -3.4950424e-04  -6.4517041e-03
   2.1100000e+02   4.3144210e+01   4.3868680e+00   5.9770051e-02  -3.5452101e-04  -6.4973322e-03
   2.1200000e+02   4.2951600e+01   4.3858030e+00   5.9665263e-02  -3.5959277e-04  -6.5432378e-03
   2.1300000e+02   4.2760800e+01   4.3847390e+00   5.9558409e-02  -3.6471983e-04  -6.5894160e-03
   2.1400000e+02   4.2571770e+01   4.3836760e+00   5.9449463e-02  -3.6990244e-04  -6.6358702e-03
   2.1500000e+02   4.2384500e+01   4.3826130e+00   5.9338466e-02  -3.7514079e-04  -6.6825974e-03
   2.1600000e+02   4.2198960e+01   4.3815500e+00   5.9225402e-02  -3.8043538e-04  -6.7296030e-03
   2.1700000e+02   4.2015130e+01   4.3804880e+00   5.9110279e-02  -3.8578636e-04  -6.7768806e-03
   2.1800000e+02   4.1832990e+01   4.3794250e+00   5.8993118e-02  -3.9119397e-04  -6.8244338e-03
   2.1900000e+02   4.1652510e+01   4.3783630e+00   5.8873888e-02  -3.9665867e-04  -6.8722621e-03
   2.2000000e+02   4.1473670e+01   4.3773010e+00   5.8752620e-02  -4.0218060e-04  -6.9203645e-03
   2.2100000e+02   4.1296450e+01   4.3762380e+00   5.8629332e-02  -4.0775986e-04  -6.9687405e-03
   2.2200000e+02   4.1120840e+01   4.3751760e+00   5.8503987e-02  -4.1339718e-04  -7.0173896e-03
   2.2300000e+02   4.0946790e+01   4.3741130e+00   5.8376632e-02  -4.1909200e-04  -7.0663124e-03
   2.2400000e+02   4.0774310e+01   4.3730510e+00   5.8247230e-02  -4.2484565e-04  -7.1155078e-03
   2.2500000e+02   4.0603360e+01   4.3719870e+00   5.8115846e-02  -4.3065725e-04  -7.1649758e-03
   2.2600000e+02   4.0433940e+01   4.3709240e+00   5.7982431e-02  -4.3652786e-04  -7.2147132e-03
   2.2700000e+02   4.0266000e+01   4.3698600e+00   5.7847005e-02  -4.4245710e-04  -7.2647256e-03
   2.2800000e+02   4.0099550e+01   4.3687960e+00   5.7709592e-02  -4.4844552e-04  -7.3150041e-03
   2.2900000e+02   3.9934560e+01   4.3677310e+00   5.7570193e-02  -4.5449329e-04  -7.3655531e-03
   2.3000000e+02   3.9771010e+01   4.3666660e+00   5.7428789e-02  -4.6060078e-04  -7.4163725e-03
   2.3100000e+02   3.9608880e+01   4.3656000e+00   5.7285429e-02  -4.6676768e-04  -7.4674588e-03
   2.3200000e+02   3.9448160e+01   4.3645330e+00   5.7140093e-02  -4.7299458e-04  -7.5188138e-03
   2.3300000e+02   3.9288830e+01   4.3634650e+00   5.6992805e-02  -4.7928149e-04  -7.5704346e-03
   2.3400000e+02   3.9130860e+01   4.3623970e+00   5.6843551e-02  -4.8562843e-04  -7.6223196e-03
   2.3500000e+02   3.8974250e+01   4.3613280e+00   5.6692356e-02  -4.9203588e-04  -7.6744678e-03
   2.3600000e+02   3.8818980e+01   4.3602580e+00   5.6539236e-02  -4.9850396e-04  -7.7268792e-03
   2.3700000e+02   3.8665030e+01   4.3591870e+00   5.6384176e-02  -5.0503258e-04  -7.7795546e-03
   2.3800000e+02   3.8512380e+01   4.3581160e+00   5.6227177e-02  -5.1162209e-04  -7.8324886e-03
   2.3900000e+02   3.8361020e+01   4.3570430e+00   5.6068299e-02  -5.1827231e-04  -7.8856828e-03
   2.4000000e+02   3.8210930e+01   4.3559690e+00   5.5907510e-02  -5.2498362e-04  -7.9391361e-03
   2.4100000e+02   3.8062100e+01   4.3548940e+00   5.5744825e-02  -5.3175613e-04  -7.9928470e-03
   2.4200000e+02   3.7914510e+01   4.3538180e+00   5.5580261e-02  -5.3858973e-04  -8.0468125e-03
   2.4300000e+02   3.7768150e+01   4.3527410e+00   5.5413827e-02  -5.4548481e-04  -8.1010315e-03
   2.4400000e+02   3.7623000e+01   4.3516630e+00   5.5245520e-02  -5.5244113e-04  -8.1555036e-03
   2.4500000e+02   3.7479040e+01   4.3505830e+00   5.5075391e-02  -5.5945858e-04  -8.2102271e-03
   2.4600000e+02   3.7336280e+01   4.3495020e+00   5.4903401e-02  -5.6653811e-04  -8.2652017e-03
   2.4700000e+02   3.7194680e+01   4.3484200e+00   5.4729589e-02  -5.7367889e-04  -8.3204222e-03
   2.4800000e+02   3.7054230e+01   4.3473360e+00   5.4553966e-02  -5.8088107e-04  -8.3758907e-03
   2.4900000e+02   3.6914930e+01   4.3462520e+00   5.4376534e-02  -5.8814507e-04  -8.4315993e-03
   2.5000000e+02   3.6776760e+01   4.3451650e+00   5.4197311e-02  -5.9547075e-04  -8.4875570e-03
   2.5100000e+02   3.6639700e+01   4.3440780e+00   5.4016305e-02  -6.0285802e-04  -8.5437495e-03
   2.5200000e+02   3.6503750e+01   4.3429880e+00   5.3833523e-02  -6.1030706e-04  -8.6001902e-03
   2.5300000e+02   3.6368880e+01   4.3418980e+00   5.3648991e-02  -6.1781749e-04  -8.6568613e-03
   2.5400000e+02   3.6235090e+01   4.3408050e+00   5.3462728e-02  -6.2538946e-04  -8.7137719e-03
   2.5500000e+02   3.6102370e+01   4.3397120e+00   5.3274713e-02  -6.3302353e-04  -8.7709134e-03
   2.5600000e+02   3.5970700e+01   4.3386160e+00   5.3085021e-02  -6.4071854e-04  -8.8282858e-03
   2.5700000e+02   3.5840070e+01   4.3375190e+00   5.2893604e-02  -6.4847541e-04  -8.8858893e-03
   2.5800000e+02   3.5710470e+01   4.3364210e+00   5.2700484e-02  -6.5629387e-04  -8.9437202e-03
   2.5900000e+02   3.5581880e+01   4.3353210e+00   5.2505708e-02  -6.6417321e-04  -9.0017757e-03
   2.6000000e+02   3.5454300e+01   4.3342190e+00   5.2309258e-02  -6.7211427e-04  -9.0600578e-03
   2.6100000e+02   3.5327720e+01   4.3331150e+00   5.2111175e-02  -6.8011658e-04  -9.1185598e-03
   2.6200000e+02   3.5202110e+01   4.3320100e+00   5.1911463e-02  -6.8817934e-04  -9.1772780e-03
   2.6300000e+02   3.5077480e+01   4.3309030e+00   5.1710141e-02  -6.9630367e-04  -9.2362129e-03
   2.6400000e+02   3.4953810e+01   4.3297940e+00   5.1507199e-02  -7.0448887e-04  -9.2953665e-03
   2.6500000e+02   3.4831090e+01   4.3286840e+00   5.1302673e-02  -7.1273473e-04  -9.3547301e-03
   2.6600000e+02   3.4709310e+01   4.3275710e+00   5.1096595e-02  -7.2104114e-04  -9.4143046e-03
   2.6700000e+02   3.4588460e+01   4.3264570e+00   5.0888956e-02  -7.2940830e-04  -9.4740851e-03
   2.6800000e+02   3.4468530e+01   4.3253410e+00   5.0679794e-02  -7.3783528e-04  -9.5340682e-03
   2.6900000e+02   3.4349510e+01   4.3242240e+00   5.0469082e-02  -7.4632300e-04  -9.5942551e-03
   2.7000000e+02   3.4231390e+01   4.3231040e+00   5.0256882e-02  -7.5487063e-04  -9.6546460e-03
   2.7100000e+02   3.4114160e+01   4.3219830e+00   5.0043172e-02  -7.6347818e-04  -9.7152328e-03
   2.7200000e+02   3.3997800e+01   4.3208590e+00   4.9828025e-02  -7.7214458e-04  -9.7760156e-03
   2.7300000e+02   3.3882320e+01   4.3197340e+00   4.9611417e-02  -7.8087081e-04  -9.8369870e-03
   2.7400000e+02   3.3767700e+01   4.3186070e+00   4.9393372e-02  -7.8965629e-04  -9.8981505e-03
   2.7500000e+02   3.3653930e+01   4.3174780e+00   4.9173892e-02  -7.9850080e-04  -9.9595038e-03
   2.7600000e+02   3.3541000e+01   4.3163470e+00   4.8953012e-02  -8.0740386e-04  -1.0021042e-02
   2.7700000e+02   3.3428900e+01   4.3152140e+00   4.8730767e-02  -8.1636524e-04  -1.0082760e-02
   2.7800000e+02   3.3317630e+01   4.3140800e+00   4.8507118e-02  -8.2538519e-04  -1.0144660e-02
   2.7900000e+02   3.3207170e+01   4.3129430e+00   4.8282154e-02  -8.3446276e-04  -1.0206737e-02
   2.8000000e+02   3.3097530e+01   4.3118050e+00   4.8055837e-02  -8.4359877e-04  -1.0268986e-02
   2.8100000e+02   3.2988680e+01   4.3106640e+00   4.7828219e-02  -8.5279159e-04  -1.0331411e-02
   2.8200000e+02   3.2880620e+01   4.3095220e+00   4.7599320e-02  -8.6204162e-04  -1.0393998e-02
   2.8300000e+02   3.2773340e+01   4.3083770e+00   4.7369128e-02  -8.7134847e-04  -1.0456760e-02
   2.8400000e+02   3.2666830e+01   4.3072310e+00   4.7137685e-02  -8.8071145e-04  -1.0519680e-02
   2.8500000e+02   3.2561100e+01   4.3060830e+00   4.6904983e-02  -8.9013186e-04  -1.0582763e-02
   2.8600000e+02   3.2456110e+01   4.3049320e+00   4.6671090e-02  -8.9960705e-04  -1.0646006e-02
   2.8700000e+02   3.2351880e+01   4.3037800e+00   4.6435961e-02  -9.0913847e-04  -1.0709405e-02
   2.8800000e+02   3.2248390e+01   4.3026260e+00   4.6199681e-02  -9.1872487e-04  -1.0772952e-02
   2.8900000e+02   3.2145640e+01   4.3014700e+00   4.5962219e-02  -9.2836668e-04  -1.0836651e-02
   2.9000000e+02   3.2043610e+01   4.3003120e+00   4.5723622e-02  -9.3806237e-04  -1.0900497e-02
   2.9100000e+02   3.1942300e+01   4.2991520e+00   4.5483891e-02  -9.4781269e-04  -1.0964489e-02
   2.9200000e+02   3.1841700e+01   4.2979900e+00   4.5243058e-02  -9.5761650e-04  -1.1028623e-02
   2.9300000e+02   3.1741810e+01   4.2968260e+00   4.5001144e-02  -9.6747411e-04  -1.1092893e-02
   2.9400000e+02   3.1642610e+01   4.2956600e+00   4.4758160e-02  -9.7738437e-04  -1.1157302e-02
   2.9500000e+02   3.1544100e+01   4.2944920e+00   4.4514126e-02  -9.8734746e-04  -1.1221844e-02
   2.9600000e+02   3.1446280e+01   4.2933220e+00   4.4269050e-02  -9.9736294e-04  -1.1286518e-02
   2.9700000e+02   3.1349140e+01   4.2921500e+00   4.4022980e-02  -1.0074306e-03  -1.1351318e-02
   2.9800000e+02   3.1252660e+01   4.2909770e+00   4.3775909e-02  -1.0175493e-03  -1.1416242e-02
   2.9900000e+02   3.1156850e+01   4.2898010e+00   4.3527866e-02  -1.0277196e-03  -1.1481290e-02
   3.0000000e+02   3.1061690e+01   4.2886230e+00   4.3278871e-02  -1.0379399e-03  -1.1546461e-02
   3.0100000e+02   3.0967180e+01   4.2874440e+00   4.3028966e-02  -1.0482102e-03  -1.1611739e-02
   3.0200000e+02   3.0873320e+01   4.2862630e+00   4.2778118e-02  -1.0585313e-03  -1.1677138e-02
   3.0300000e+02   3.0780090e+01   4.2850790e+00   4.2526390e-02  -1.0689009e-03  -1.1742650e-02
   3.0400000e+02   3.0687490e+01   4.2838940e+00   4.2273775e-02  -1.0793195e-03  -1.1808269e-02
   3.0500000e+02   3.0595520e+01   4.2827070e+00   4.2020312e-02  -1.0897870e-03  -1.1873992e-02
   3.0600000e+02   3.0504170e+01   4.2815180e+00   4.1766020e-02  -1.1003023e-03  -1.1939819e-02
   3.0700000e+02   3.0413430e+01   4.2803270e+00   4.1510914e-02  -1.1108651e-03  -1.2005745e-02
   3.0800000e+02   3.0323290e+01   4.2791350e+00   4.1255004e-02  -1.1214746e-03  -1.2071766e-02
   3.0900000e+02   3.0233760e+01   4.2779400e+00   4.0998319e-02  -1.1321311e-03  -1.2137888e-02
   3.1000000e+02   3.0144810e+01   4.2767440e+00   4.0740851e-02  -1.1428334e-03  -1.2204100e-02
   3.1100000e+02   3.0056460e+01   4.2755460e+00   4.0482664e-02  -1.1535815e-03  -1.2270401e-02
   3.1200000e+02   2.9968690e+01   4.2743460e+00   4.0223760e-02  -1.1643746e-03  -1.2336788e-02
   3.1300000e+02   2.9881500e+01   4.2731440e+00   3.9964168e-02  -1.1752124e-03  -1.2403258e-02
   3.1400000e+02   2.9794880e+01   4.2719410e+00   3.9703861e-02  -1.1860946e-03  -1.2469812e-02
   3.1500000e+02   2.9708820e+01   4.2707350e+00   3.9442906e-02  -1.1970197e-03  -1.2536448e-02
   3.1600000e+02   2.9623330e+01   4.2695280e+00   3.9181305e-02  -1.2079887e-03  -1.2603155e-02
   3.1700000e+02   2.9538390e+01   4.2683190e+00   3.8919073e-02  -1.2189999e-03  -1.2669939e-02
   3.1800000e+02   2.9454000e+01   4.2671090e+00   3.8656225e-02  -1.2300536e-03  -1.2736793e-02
   3.1900000e+02   2.9370160e+01   4.2658960e+00   3.8392819e-02  -1.2411484e-03  -1.2803715e-02
   3.2000000e+02   2.9286860e+01   4.2646820e+00   3.8128788e-02  -1.2522852e-03  -1.2870708e-02
   3.2100000e+02   2.9204090e+01   4.2634660e+00   3.7864251e-02  -1.2634619e-03  -1.2937759e-02
   3.2200000e+02   2.9121850e+01   4.2622490e+00   3.7599186e-02  -1.2746782e-03  -1.3004866e-02
   3.2300000e+02   2.9040130e+01   4.2610300e+00   3.7333554e-02  -1.2859347e-03  -1.3072043e-02
   3.2400000e+02   2.8958940e+01   4.2598090e+00   3.7067473e-02  -1.2972299e-03  -1.3139268e-02
   3.2500000e+02   2.8878260e+01   4.2585870e+00   3.6800882e-02  -1.3085639e-03  -1.3206550e-02
   3.2600000e+02   2.8798090e+01   4.2573630e+00   3.6533840e-02  -1.3199356e-03  -1.3273880e-02
   3.2700000e+02   2.8718420e+01   4.2561370e+00   3.6266345e-02  -1.3313441e-03  -1.3341266e-02
   3.2800000e+02   2.8639260e+01   4.2549100e+00   3.5998441e-02  -1.3427903e-03  -1.3408689e-02
   3.2900000e+02   2.8560590e+01   4.2536810e+00   3.5730102e-02  -1.3542727e-03  -1.3476164e-02
   3.3000000e+02   2.8482410e+01   4.2524510e+00   3.5461378e-02  -1.3657904e-03  -1.3543676e-02
   3.3100000e+02   2.8404720e+01   4.2512190e+00   3.5192297e-02  -1.3773431e-03  -1.3611226e-02
   3.3200000e+02   2.8327510e+01   4.2499860e+00   3.4922836e-02  -1.3889306e-03  -1.3678815e-02
   3.3300000e+02   2.8250780e+01   4.2487510e+00   3.4653018e-02  -1.4005530e-03  -1.3746441e-02
   3.3400000e+02   2.8174520e+01   4.2475150e+00   3.4382898e-02  -1.4122080e-03  -1.3814095e-02
   3.3500000e+02   2.8098730e+01   4.2462770e+00   3.4112486e-02  -1.4238962e-03  -1.3881779e-02
   3.3600000e+02   2.8023400e+01   4.2450370e+00   3.3841749e-02  -1.4356160e-03  -1.3949500e-02
   3.3700000e+02   2.7948540e+01   4.2437970e+00   3.3570751e-02  -1.4473693e-03  -1.4017237e-02
   3.3800000e+02   2.7874130e+01   4.2425550e+00   3.3299480e-02  -1.4591533e-03  -1.4085001e-02
   3.3900000e+02   2.7800180e+01   4.2413110e+00   3.3027977e-02  -1.4709683e-03  -1.4152786e-02
   3.4000000e+02   2.7726670e+01   4.2400660e+00   3.2756245e-02  -1.4828129e-03  -1.4220592e-02
   3.4100000e+02   2.7653610e+01   4.2388200e+00   3.2484273e-02  -1.4946883e-03  -1.4288416e-02
   3.4200000e+02   2.7580980e+01   4.2375730e+00   3.2212139e-02  -1.5065912e-03  -1.4356248e-02
   3.4300000e+02   2.7508800e+01   4.2363240e+00   3.1939806e-02  -1.5185243e-03  -1.4424099e-02
   3.4400000e+02   2.7437040e+01   4.2350740e+00   3.1667311e-02  -1.5304841e-03  -1.4491959e-02
   3.4500000e+02   2.7365720e+01   4.2338220e+00   3.1394649e-02  -1.5424724e-03  -1.4559832e-02
   3.4600000e+02   2.7294810e+01   4.2325690e+00   3.1121882e-02  -1.5544856e-03  -1.4627708e-02
   3.4700000e+02   2.7224330e+01   4.2313160e+00   3.0848943e-02  -1.5665274e-03  -1.4695590e-02
   3.4800000e+02   2.7154270e+01   4.2300600e+00   3.0575951e-02  -1.5785940e-03  -1.4763475e-02
   3.4900000e+02   2.7084620e+01   4.2288040e+00   3.0302818e-02  -1.5906861e-03  -1.4831363e-02
   3.5000000e+02   2.7015380e+01   4.2275470e+00   3.0029659e-02  -1.6028028e-03  -1.4899241e-02
   3.5100000e+02   2.6946540e+01   4.2262880e+00   2.9756376e-02  -1.6149428e-03  -1.4967128e-02
   3.5200000e+02   2.6878110e+01   4.2250280e+00   2.9483057e-02  -1.6271077e-03  -1.5035009e-02
   3.5300000e+02   2.6810080e+01   4.2237670e+00   2.9209707e-02  -1.6392951e-03  -1.5102882e-02
   3.5400000e+02   2.6742440e+01   4.2225050e+00   2.8936346e-02  -1.6515047e-03  -1.5170744e-02
   3.5500000e+02   2.6675190e+01   4.2212420e+00   2.8662967e-02  -1.6637353e-03  -1.5238597e-02
   3.5600000e+02   2.6608340e+01   4.2199780e+00   2.8389575e-02  -1.6759894e-03  -1.5306439e-02
   3.5700000e+02   2.6541870e+01   4.2187130e+00   2.8116204e-02  -1.6882629e-03  -1.5374267e-02
   3.5800000e+02   2.6475780e+01   4.2174470e+00   2.7842851e-02  -1.7005570e-03  -1.5442082e-02
   3.5900000e+02   2.6410060e+01   4.2161800e+00   2.7569551e-02  -1.7128694e-03  -1.5509879e-02
   3.6000000e+02   2.6344730e+01   4.2149120e+00   2.7296280e-02  -1.7252031e-03  -1.5577660e-02
   3.6100000e+02   2.6279770e+01   4.2136430e+00   2.7023119e-02  -1.7375545e-03  -1.5645412e-02
   3.6200000e+02   2.6215170e+01   4.2123730e+00   2.6750002e-02  -1.7499234e-03  -1.5713151e-02
   3.6300000e+02   2.6150940e+01   4.2111020e+00   2.6476955e-02  -1.7623104e-03  -1.5780868e-02
   3.6400000e+02   2.6087080e+01   4.2098300e+00   2.6204030e-02  -1.7747153e-03  -1.5848560e-02
   3.6500000e+02   2.6023570e+01   4.2085570e+00   2.5931244e-02  -1.7871344e-03  -1.5916221e-02
   3.6600000e+02   2.5960420e+01   4.2072840e+00   2.5658520e-02  -1.7995712e-03  -1.5983858e-02
   3.6700000e+02   2.5897620e+01   4.2060100e+00   2.5385989e-02  -1.8120223e-03  -1.6051457e-02
   3.6800000e+02   2.5835180e+01   4.2047340e+00   2.5113566e-02  -1.8244894e-03  -1.6119039e-02
   3.6900000e+02   2.5773080e+01   4.2034590e+00   2.4841310e-02  -1.8369703e-03  -1.6186576e-02
   3.7000000e+02   2.5711320e+01   4.2021820e+00   2.4569205e-02  -1.8494640e-03  -1.6254090e-02
   3.7100000e+02   2.5649910e+01   4.2009050e+00   2.4297271e-02  -1.8619727e-03  -1.6321565e-02
   3.7200000e+02   2.5588840e+01   4.1996270e+00   2.4025560e-02  -1.8744932e-03  -1.6389000e-02
   3.7300000e+02   2.5528100e+01   4.1983480e+00   2.3754013e-02  -1.8870262e-03  -1.6456404e-02
   3.7400000e+02   2.5467690e+01   4.1970680e+00   2.3482692e-02  -1.8995691e-03  -1.6523768e-02
   3.7500000e+02   2.5407620e+01   4.1957880e+00   2.3211595e-02  -1.9121255e-03  -1.6591085e-02
   3.7600000e+02   2.5347870e+01   4.1945080e+00   2.2940727e-02  -1.9246913e-03  -1.6658358e-02
   3.7700000e+02   2.5288450e+01   4.1932260e+00   2.2670062e-02  -1.9372682e-03  -1.6725600e-02
   3.7800000e+02   2.5229350e+01   4.1919440e+00   2.2399673e-02  -1.9498539e-03  -1.6792788e-02
   3.7900000e+02   2.5170570e+01   4.1906620e+00   2.2129531e-02  -1.9624492e-03  -1.6859932e-02
   3.8000000e+02   2.5112110e+01   4.1893790e+00   2.1859645e-02  -1.9750535e-03  -1.6927031e-02
   3.8100000e+02   2.5053960e+01   4.1880950e+00   2.1590031e-02  -1.9876654e-03  -1.6994084e-02
   3.8200000e+02   2.4996120e+01   4.1868110e+00   2.1320698e-02  -2.0002848e-03  -1.7061087e-02
   3.8300000e+02   2.4938600e+01   4.1855270e+00   2.1051651e-02  -2.0129131e-03  -1.7128037e-02
   3.8400000e+02   2.4881370e+01   4.1842420e+00   2.0782913e-02  -2.0255451e-03  -1.7194937e-02
   3.8500000e+02   2.4824460e+01   4.1829560e+00   2.0514494e-02  -2.0381852e-03  -1.7261785e-02
   3.8600000e+02   2.4767840e+01   4.1816700e+00   2.0246362e-02  -2.0508301e-03  -1.7328583e-02
   3.8700000e+02   2.4711530e+01   4.1803840e+00   1.9978559e-02  -2.0634816e-03  -1.7395320e-02
   3.8800000e+02   2.4655510e+01   4.1790970e+00   1.9711115e-02  -2.0761363e-03  -1.7462003e-02
   3.8900000e+02   2.4599780e+01   4.1778100e+00   1.9444015e-02  -2.0887945e-03  -1.7528624e-02
   3.9000000e+02   2.4544350e+01   4.1765230e+00   1.9177210e-02  -2.1014586e-03  -1.7595194e-02
   3.9100000e+02   2.4489210e+01   4.1752350e+00   1.8910774e-02  -2.1141251e-03  -1.7661706e-02
   3.9200000e+02   2.4434350e+01   4.1739480e+00   1.8644716e-02  -2.1267945e-03  -1.7728149e-02
   3.9300000e+02   2.4379780e+01   4.1726590e+00   1.8378988e-02  -2.1394663e-03  -1.7794546e-02
   3.9400000e+02   2.4325490e+01   4.1713710e+00   1.8113666e-02  -2.1521392e-03  -1.7860871e-02
   3.9500000e+02   2.4271490e+01   4.1700820e+00   1.7848740e-02  -2.1648154e-03  -1.7927133e-02
   3.9600000e+02   2.4217760e+01   4.1687930e+00   1.7584145e-02  -2.1774919e-03  -1.7993340e-02
   3.9700000e+02   2.4164310e+01   4.1675040e+00   1.7320008e-02  -2.1901684e-03  -1.8059470e-02
   3.9800000e+02   2.4111130e+01   4.1662150e+00   1.7056231e-02  -2.2028452e-03  -1.8125541e-02
   3.9900000e+02   2.4058220e+01   4.1649250e+00   1.6792873e-02  -2.2155207e-03  -1.8191549e-02
   4.0000000e+02   2.4005580e+01   4.1636360e+00   1.6529905e-02  -2.2281965e-03  -1.8257486e-02
   4.0100000e+02   2.3953210e+01   4.1623460e+00   1.6267369e-02  -2.2408705e-03  -1.8323359e-02
   4.0200000e+02   2.3901110e+01   4.1610560e+00   1.6005260e-02  -2.2535439e-03  -1.8389162e-02
   4.0300000e+02   2.3849270e+01   4.1597660e+00   1.5743626e-02  -2.2662140e-03  -1.8454886e-02
   4.0400000e+02   2.3797690e+01   4.1584760e+00   1.5482360e-02  -2.2788827e-03  -1.8520552e-02
   4.0500000e+02   2.3746360e+01   4.1571860e+00   1.5221554e-02  -2.2915461e-03  -1.8586144e-02
   4.0600000e+02   2.3695300e+01   4.1558960e+00   1.4961221e-02  -2.3042079e-03  -1.8651658e-02
   4.0700000e+02   2.3644490e+01   4.1546060e+00   1.4701290e-02  -2.3168658e-03  -1.8717109e-02
   4.0800000e+02   2.3593940e+01   4.1533160e+00   1.4441865e-02  -2.3295202e-03  -1.8782477e-02
   4.0900000e+02   2.3543630e+01   4.1520260e+00   1.4182878e-02  -2.3421679e-03  -1.8847777e-02
   4.1000000e+02   2.3493580e+01   4.1507360e+00   1.3924372e-02  -2.3548127e-03  -1.8913000e-02
   4.1100000e+02   2.3443770e+01   4.1494460e+00   1.3666327e-02  -2.3674506e-03  -1.8978150e-02
   4.1200000e+02   2.3394210e+01   4.1481570e+00   1.3408752e-02  -2.3800840e-03  -1.9043218e-02
   4.1300000e+02   2.3344890e+01   4.1468670e+00   1.3151673e-02  -2.3927099e-03  -1.9108212e-02
   4.1400000e+02   2.3295810e+01   4.1455770e+00   1.2895040e-02  -2.4053293e-03  -1.9173140e-02
   4.1500000e+02   2.3246980e+01   4.1442880e+00   1.2638919e-02  -2.4179433e-03  -1.9237978e-02
   4.1600000e+02   2.3198380e+01   4.1429990e+00   1.2383279e-02  -2.4305490e-03  -1.9302740e-02
   4.1700000e+02   2.3150020e+01   4.1417100e+00   1.2128178e-02  -2.4431463e-03  -1.9367419e-02
   4.1800000e+02   2.3101890e+01   4.1404210e+00   1.1873523e-02  -2.4557359e-03  -1.9432027e-02
   4.1900000e+02   2.3053990e+01   4.1391320e+00   1.1619409e-02  -2.4683156e-03  -1.9496552e-02
   4.2000000e+02   2.3006330e+01   4.1378440e+00   1.1365806e-02  -2.4808885e-03  -1.9560989e-02
   4.2100000e+02   2.2958900e+01   4.1365560e+00   1.1112701e-02  -2.4934523e-03  -1.9625349e-02
   4.2200000e+02   2.2911690e+01   4.1352680e+00   1.0860106e-02  -2.5060049e-03  -1.9689631e-02
   4.2300000e+02   2.2864710e+01   4.1339810e+00   1.0608026e-02  -2.5185489e-03  -1.9753823e-02
   4.2400000e+02   2.2817950e+01   4.1326930e+00   1.0356482e-02  -2.5310803e-03  -1.9817941e-02
   4.2500000e+02   2.2771410e+01   4.1314060e+00   1.0105481e-02  -2.5436012e-03  -1.9881969e-02
   4.2600000e+02   2.2725100e+01   4.1301200e+00   9.8549828e-03  -2.5561136e-03  -1.9945911e-02
   4.2700000e+02   2.2679000e+01   4.1288340e+00   9.6049925e-03  -2.5686123e-03  -2.0009778e-02
   4.2800000e+02   2.2633130e+01   4.1275480e+00   9.3555933e-03  -2.5811011e-03  -2.0073550e-02
   4.2900000e+02   2.2587460e+01   4.1262620e+00   9.1066930e-03  -2.5935746e-03  -2.0137246e-02
   4.3000000e+02   2.2542020e+01   4.1249770e+00   8.8583353e-03  -2.6060400e-03  -2.0200852e-02
   4.3100000e+02   2.2496780e+01   4.1236930e+00   8.6105330e-03  -2.6184895e-03  -2.0264368e-02
   4.3200000e+02   2.2451760e+01   4.1224080e+00   8.3632637e-03  -2.6309273e-03  -2.0327807e-02
   4.3300000e+02   2.2406940e+01   4.1211250e+00   8.1165743e-03  -2.6433498e-03  -2.0391147e-02
   4.3400000e+02   2.2362340e+01   4.1198410e+00   7.8703907e-03  -2.6557613e-03  -2.0454410e-02
   4.3500000e+02   2.2317940e+01   4.1185590e+00   7.6247936e-03  -2.6681574e-03  -2.0517574e-02
   4.3600000e+02   2.2273740e+01   4.1172760e+00   7.3797323e-03  -2.6805370e-03  -2.0580663e-02
   4.3700000e+02   2.2229750e+01   4.1159950e+00   7.1352370e-03  -2.6929045e-03  -2.0643653e-02
   4.3800000e+02   2.2185960e+01   4.1147130e+00   6.8912875e-03  -2.7052565e-03  -2.0706564e-02
   4.3900000e+02   2.2142370e+01   4.1134330e+00   6.6479251e-03  -2.7175918e-03  -2.0769375e-02
   4.4000000e+02   2.2098980e+01   4.1121530e+00   6.4050790e-03  -2.7299141e-03  -2.0832105e-02
   4.4100000e+02   2.2055790e+01   4.1108730e+00   6.1628386e-03  -2.7422185e-03  -2.0894744e-02
   4.4200000e+02   2.2012800e+01   4.1095940e+00   5.9211367e-03  -2.7545092e-03  -2.0957293e-02
   4.4300000e+02   2.1970000e+01   4.1083160e+00   5.6800121e-03  -2.7667821e-03  -2.1019749e-02
   4.4400000e+02   2.1927390e+01   4.1070380e+00   5.4394890e-03  -2.7790359e-03  -2.1082114e-02
   4.4500000e+02   2.1884980e+01   4.1057610e+00   5.1995110e-03  -2.7912755e-03  -2.1144388e-02
   4.4600000e+02   2.1842750e+01   4.1044850e+00   4.9601094e-03  -2.8034954e-03  -2.1206568e-02
   4.4700000e+02   2.1800720e+01   4.1032090e+00   4.7212748e-03  -2.8157003e-03  -2.1268663e-02
   4.4800000e+02   2.1758870e+01   4.1019340e+00   4.4830215e-03  -2.8278846e-03  -2.1330663e-02
   4.4900000e+02   2.1717210e+01   4.1006600e+00   4.2453577e-03  -2.8400520e-03  -2.1392568e-02
   4.5000000e+02   2.1675730e+01   4.0993860e+00   4.0082499e-03  -2.8521992e-03  -2.1454389e-02
   4.5100000e+02   2.1634440e+01   4.0981130e+00   3.7717539e-03  -2.8643294e-03  -2.1516109e-02
   4.5200000e+02   2.1593340e+01   4.0968410e+00   3.5357508e-03  -2.8764438e-03  -2.1577748e-02
   4.5300000e+02   2.1552410e+01   4.0955700e+00   3.3004471e-03  -2.8885340e-03  -2.1639274e-02
   4.5400000e+02   2.1511660e+01   4.0942990e+00   3.0656687e-03  -2.9006053e-03  -2.1700723e-02
   4.5500000e+02   2.1471100e+01   4.0930300e+00   2.8314716e-03  -2.9126603e-03  -2.1762068e-02
   4.5600000e+02   2.1430710e+01   4.0917610e+00   2.5978323e-03  -2.9246940e-03  -2.1823331e-02
   4.5700000e+02   2.1390490e+01   4.0904920e+00   2.3648667e-03  -2.9367026e-03  -2.1884488e-02
   4.5800000e+02   2.1350450e+01   4.0892250e+00   2.1323948e-03  -2.9486956e-03  -2.1945564e-02
   4.5900000e+02   2.1310590e+01   4.0879580e+00   1.9005430e-03  -2.9606672e-03  -2.2006540e-02
   4.6000000e+02   2.1270900e+01   4.0866930e+00   1.6692810e-03  -2.9726186e-03  -2.2067415e-02
   4.6100000e+02   2.1231380e+01   4.0854280e+00   1.4385999e-03  -2.9845474e-03  -2.2128204e-02
   4.6200000e+02   2.1192030e+01   4.0841640e+00   1.2085261e-03  -2.9964550e-03  -2.2188895e-02
   4.6300000e+02   2.1152850e+01   4.0829010e+00   9.7905573e-04  -3.0083404e-03  -2.2249484e-02
   4.6400000e+02   2.1113840e+01   4.0816390e+00   7.5013059e-04  -3.0202053e-03  -2.2309987e-02
   4.6500000e+02   2.1074990e+01   4.0803770e+00   5.2183188e-04  -3.0320448e-03  -2.2370396e-02
   4.6600000e+02   2.1036310e+01   4.0791170e+00   2.9410536e-04  -3.0438650e-03  -2.2430706e-02
   4.6700000e+02   2.0997800e+01   4.0778580e+00   6.6960856e-05  -3.0556641e-03  -2.2490918e-02
   4.6800000e+02   2.0959450e+01   4.0765990e+00  -1.5960500e-04  -3.0674385e-03  -2.2551045e-02
   4.6900000e+02   2.0921260e+01   4.0753420e+00  -3.8556763e-04  -3.0791899e-03  -2.2611068e-02
   4.7000000e+02   2.0883230e+01   4.0740850e+00  -6.1092271e-04  -3.0909173e-03  -2.2670997e-02
   4.7100000e+02   2.0845370e+01   4.0728300e+00  -8.3568651e-04  -3.1026242e-03  -2.2730826e-02
   4.7200000e+02   2.0807660e+01   4.0715750e+00  -1.0598718e-03  -3.1143049e-03  -2.2790567e-02
   4.7300000e+02   2.0770110e+01   4.0703220e+00  -1.2834907e-03  -3.1259644e-03  -2.2850209e-02
   4.7400000e+02   2.0732710e+01   4.0690690e+00  -1.5064723e-03  -3.1375952e-03  -2.2909754e-02
   4.7500000e+02   2.0695480e+01   4.0678180e+00  -1.7288751e-03  -3.1492079e-03  -2.2969195e-02
   4.7600000e+02   2.0658400e+01   4.0665670e+00  -1.9506960e-03  -3.1607930e-03  -2.3028552e-02
   4.7700000e+02   2.0621470e+01   4.0653180e+00  -2.1719076e-03  -3.1723540e-03  -2.3087804e-02
   4.7800000e+02   2.0584690e+01   4.0640700e+00  -2.3925250e-03  -3.1838881e-03  -2.3146961e-02
   4.7900000e+02   2.0548070e+01   4.0628230e+00  -2.6125790e-03  -3.1954013e-03  -2.3206021e-02
   4.8000000e+02   2.0511600e+01   4.0615760e+00  -2.8320577e-03  -3.2068886e-03  -2.3264995e-02
   4.8100000e+02   2.0475270e+01   4.0603310e+00  -3.0509215e-03  -3.2183476e-03  -2.3323868e-02
   4.8200000e+02   2.0439100e+01   4.0590870e+00  -3.2692018e-03  -3.2297850e-03  -2.3382639e-02
   4.8300000e+02   2.0403070e+01   4.0578450e+00  -3.4868873e-03  -3.2411946e-03  -2.3441310e-02
   4.8400000e+02   2.0367190e+01   4.0566030e+00  -3.7039826e-03  -3.2525786e-03  -2.3499892e-02
   4.8500000e+02   2.0331460e+01   4.0553620e+00  -3.9204911e-03  -3.2639382e-03  -2.3558378e-02
   4.8600000e+02   2.0295870e+01   4.0541230e+00  -4.1364216e-03  -3.2752705e-03  -2.3616765e-02
   4.8700000e+02   2.0260430e+01   4.0528850e+00  -4.3517742e-03  -3.2865794e-03  -2.3675056e-02
   4.8800000e+02   2.0225130e+01   4.0516480e+00  -4.5665138e-03  -3.2978596e-03  -2.3733244e-02
   4.8900000e+02   2.0189970e+01   4.0504120e+00  -4.7806730e-03  -3.3091138e-03  -2.3791340e-02
   4.9000000e+02   2.0154950e+01   4.0491770e+00  -4.9942446e-03  -3.3203399e-03  -2.3849341e-02
   4.9100000e+02   2.0120070e+01   4.0479440e+00  -5.2072273e-03  -3.3315406e-03  -2.3907239e-02
   4.9200000e+02   2.0085330e+01   4.0467110e+00  -5.4196328e-03  -3.3427132e-03  -2.3965049e-02
   4.9300000e+02   2.0050730e+01   4.0454800e+00  -5.6314672e-03  -3.3538595e-03  -2.4022759e-02
   4.9400000e+02   2.0016270e+01   4.0442500e+00  -5.8427135e-03  -3.3649798e-03  -2.4080375e-02
   4.9500000e+02   1.9981940e+01   4.0430220e+00  -6.0533639e-03  -3.3760710e-03  -2.4137885e-02
   4.9600000e+02   1.9947750e+01   4.0417940e+00  -6.2634515e-03  -3.3871349e-03  -2.4195309e-02
   4.9700000e+02   1.9913700e+01   4.0405680e+00  -6.4729520e-03  -3.3981743e-03  -2.4252632e-02
   4.9800000e+02   1.9879780e+01   4.0393430e+00  -6.6818575e-03  -3.4091836e-03  -2.4309856e-02
   4.9900000e+02   1.9845990e+01   4.0381200e+00  -6.8902061e-03  -3.4201652e-03  -2.4366984e-02
   5.0000000e+02   1.9812340e+01   4.0368970e+00  -7.0979587e-03  -3.4311200e-03  -2.4424018e-02
   5.0100000e+02   1.9778810e+01   4.0356760e+00  -7.3051394e-03  -3.4420434e-03  -2.4480954e-02
   5.0200000e+02   1.9745420e+01   4.0344570e+00  -7.5117403e-03  -3.4529423e-03  -2.4537785e-02
   5.0300000e+02   1.9712160e+01   4.0332380e+00  -7.7177800e-03  -3.4638120e-03  -2.4594533e-02
   5.0400000e+02   1.9679020e+01   4.0320210e+00  -7.9232212e-03  -3.4746511e-03  -2.4651177e-02
   5.0500000e+02   1.9646020e+01   4.0308050e+00  -8.1281087e-03  -3.4854651e-03  -2.4707727e-02
   5.0600000e+02   1.9613140e+01   4.0295910e+00  -8.3324147e-03  -3.4962491e-03  -2.4764177e-02
   5.0700000e+02   1.9580390e+01   4.0283780e+00  -8.5361589e-03  -3.5070040e-03  -2.4820536e-02
   5.0800000e+02   1.9547760e+01   4.0271660e+00  -8.7393178e-03  -3.5177283e-03  -2.4876796e-02
   5.0900000e+02   1.9515260e+01   4.0259550e+00  -8.9419185e-03  -3.5284255e-03  -2.4932966e-02
   5.1000000e+02   1.9482880e+01   4.0247460e+00  -9.1439287e-03  -3.5390923e-03  -2.4989029e-02
   5.1100000e+02   1.9450630e+01   4.0235390e+00  -9.3453930e-03  -3.5497331e-03  -2.5044995e-02
   5.1200000e+02   1.9418500e+01   4.0223320e+00  -9.5462869e-03  -3.5603421e-03  -2.5100877e-02
   5.1300000e+02   1.9386490e+01   4.0211270e+00  -9.7466201e-03  -3.5709223e-03  -2.5156660e-02
   5.1400000e+02   1.9354600e+01   4.0199240e+00  -9.9463844e-03  -3.5814728e-03  -2.5212341e-02
   5.1500000e+02   1.9322840e+01   4.0187210e+00  -1.0145578e-02  -3.5919960e-03  -2.5267931e-02
   5.1600000e+02   1.9291190e+01   4.0175210e+00  -1.0344218e-02  -3.6024874e-03  -2.5323419e-02
   5.1700000e+02   1.9259660e+01   4.0163210e+00  -1.0542289e-02  -3.6129479e-03  -2.5378818e-02
   5.1800000e+02   1.9228250e+01   4.0151230e+00  -1.0739819e-02  -3.6233808e-03  -2.5434125e-02
   5.1900000e+02   1.9196960e+01   4.0139270e+00  -1.0936770e-02  -3.6337844e-03  -2.5489322e-02
   5.2000000e+02   1.9165790e+01   4.0127320e+00  -1.1133178e-02  -3.6441598e-03  -2.5544434e-02
   5.2100000e+02   1.9134730e+01   4.0115380e+00  -1.1329029e-02  -3.6545020e-03  -2.5599451e-02
   5.2200000e+02   1.9103780e+01   4.0103460e+00  -1.1524315e-02  -3.6648130e-03  -2.5654369e-02
   5.2300000e+02   1.9072950e+01   4.0091550e+00  -1.1719044e-02  -3.6750948e-03  -2.5709194e-02
   5.2400000e+02   1.9042240e+01   4.0079650e+00  -1.1913227e-02  -3.6853489e-03  -2.5763927e-02
   5.2500000e+02   1.9011640e+01   4.0067780e+00  -1.2106874e-02  -3.6955731e-03  -2.5818559e-02
   5.2600000e+02   1.8981150e+01   4.0055910e+00  -1.2299947e-02  -3.7057638e-03  -2.5873099e-02
   5.2700000e+02   1.8950770e+01   4.0044060e+00  -1.2492487e-02  -3.7159243e-03  -2.5927547e-02
   5.2800000e+02   1.8920510e+01   4.0032230e+00  -1.2684474e-02  -3.7260588e-03  -2.5981891e-02
   5.2900000e+02   1.8890350e+01   4.0020410e+00  -1.2875916e-02  -3.7361567e-03  -2.6036149e-02
   5.3000000e+02   1.8860300e+01   4.0008600e+00  -1.3066817e-02  -3.7462259e-03  -2.6090314e-02
   5.3100000e+02   1.8830370e+01   3.9996810e+00  -1.3257168e-02  -3.7562669e-03  -2.6144379e-02
   5.3200000e+02   1.8800540e+01   3.9985040e+00  -1.3446978e-02  -3.7662755e-03  -2.6198348e-02
   5.3300000e+02   1.8770820e+01   3.9973280e+00  -1.3636250e-02  -3.7762541e-03  -2.6252227e-02
   5.3400000e+02   1.8741210e+01   3.9961530e+00  -1.3824979e-02  -3.7862015e-03  -2.6306014e-02
   5.3500000e+02   1.8711710e+01   3.9949800e+00  -1.4013191e-02  -3.7961200e-03  -2.6359709e-02
   5.3600000e+02   1.8682310e+01   3.9938090e+00  -1.4200853e-02  -3.8060053e-03  -2.6413302e-02
   5.3700000e+02   1.8653010e+01   3.9926390e+00  -1.4387968e-02  -3.8158575e-03  -2.6466806e-02
   5.3800000e+02   1.8623820e+01   3.9914700e+00  -1.4574560e-02  -3.8256809e-03  -2.6520220e-02
   5.3900000e+02   1.8594740e+01   3.9903040e+00  -1.4760633e-02  -3.8354766e-03  -2.6573533e-02
   5.4000000e+02   1.8565760e+01   3.9891380e+00  -1.4946158e-02  -3.8452384e-03  -2.6626758e-02
   5.4100000e+02   1.8536880e+01   3.9879740e+00  -1.5131161e-02  -3.8549677e-03  -2.6679893e-02
   5.4200000e+02   1.8508100e+01   3.9868120e+00  -1.5315629e-02  -3.8646661e-03  -2.6732929e-02
   5.4300000e+02   1.8479430e+01   3.9856520e+00  -1.5499576e-02  -3.8743374e-03  -2.6785868e-02
   5.4400000e+02   1.8450860e+01   3.9844930e+00  -1.5682999e-02  -3.8839757e-03  -2.6838717e-02
   5.4500000e+02   1.8422390e+01   3.9833350e+00  -1.5865891e-02  -3.8935823e-03  -2.6891479e-02
   5.4600000e+02   1.8394010e+01   3.9821790e+00  -1.6048261e-02  -3.9031548e-03  -2.6944145e-02
   5.4700000e+02   1.8365740e+01   3.9810250e+00  -1.6230116e-02  -3.9127002e-03  -2.6996717e-02
   5.4800000e+02   1.8337570e+01   3.9798720e+00  -1.6411459e-02  -3.9222136e-03  -2.7049201e-02
   5.4900000e+02   1.8309490e+01   3.9787210e+00  -1.6592278e-02  -3.9316929e-03  -2.7101589e-02
   5.5000000e+02   1.8281520e+01   3.9775710e+00  -1.6772582e-02  -3.9411450e-03  -2.7153890e-02
   5.5100000e+02   1.8253640e+01   3.9764230e+00  -1.6952381e-02  -3.9505638e-03  -2.7206098e-02
   5.5200000e+02   1.8225850e+01   3.9752760e+00  -1.7131633e-02  -3.9599484e-03  -2.7258213e-02
   5.5300000e+02   1.8198170e+01   3.9741320e+00  -1.7310410e-02  -3.9693082e-03  -2.7310229e-02
   5.5400000e+02   1.8170570e+01   3.9729880e+00  -1.7488652e-02  -3.9786279e-03  -2.7362165e-02
   5.5500000e+02   1.8143080e+01   3.9718470e+00  -1.7666411e-02  -3.9879253e-03  -2.7414002e-02
   5.5600000e+02   1.8115670e+01   3.9707070e+00  -1.7843641e-02  -3.9971835e-03  -2.7465751e-02
   5.5700000e+02   1.8088370e+01   3.9695680e+00  -1.8020374e-02  -4.0064166e-03  -2.7517412e-02
   5.5800000e+02   1.8061150e+01   3.9684310e+00  -1.8196598e-02  -4.0156129e-03  -2.7568984e-02
   5.5900000e+02   1.8034030e+01   3.9672960e+00  -1.8372323e-02  -4.0247812e-03  -2.7620457e-02
   5.6000000e+02   1.8007000e+01   3.9661630e+00  -1.8547550e-02  -4.0339174e-03  -2.7671841e-02
   5.6100000e+02   1.7980060e+01   3.9650310e+00  -1.8722265e-02  -4.0430199e-03  -2.7723134e-02
   5.6200000e+02   1.7953210e+01   3.9639000e+00  -1.8896488e-02  -4.0520911e-03  -2.7774345e-02
   5.6300000e+02   1.7926460e+01   3.9627720e+00  -1.9070230e-02  -4.0611348e-03  -2.7825459e-02
   5.6400000e+02   1.7899790e+01   3.9616450e+00  -1.9243457e-02  -4.0701431e-03  -2.7876483e-02
   5.6500000e+02   1.7873220e+01   3.9605190e+00  -1.9416189e-02  -4.0791238e-03  -2.7927418e-02
   5.6600000e+02   1.7846730e+01   3.9593960e+00  -1.9588437e-02  -4.0880690e-03  -2.7978258e-02
   5.6700000e+02   1.7820330e+01   3.9582730e+00  -1.9760200e-02  -4.0969823e-03  -2.8029025e-02
   5.6800000e+02   1.7794020e+01   3.9571530e+00  -1.9931472e-02  -4.1058664e-03  -2.8079690e-02
   5.6900000e+02   1.7767800e+01   3.9560340e+00  -2.0102255e-02  -4.1147199e-03  -2.8130268e-02
   5.7000000e+02   1.7741670e+01   3.9549170e+00  -2.0272545e-02  -4.1235417e-03  -2.8180753e-02
   5.7100000e+02   1.7715620e+01   3.9538020e+00  -2.0442358e-02  -4.1323302e-03  -2.8231150e-02
   5.7200000e+02   1.7689660e+01   3.9526880e+00  -2.0611680e-02  -4.1410879e-03  -2.8281463e-02
   5.7300000e+02   1.7663780e+01   3.9515760e+00  -2.0780538e-02  -4.1498122e-03  -2.8331687e-02
   5.7400000e+02   1.7638000e+01   3.9504650e+00  -2.0948896e-02  -4.1585114e-03  -2.8381820e-02
   5.7500000e+02   1.7612290e+01   3.9493560e+00  -2.1116785e-02  -4.1671722e-03  -2.8431868e-02
   5.7600000e+02   1.7586670e+01   3.9482490e+00  -2.1284196e-02  -4.1758034e-03  -2.8481826e-02
   5.7700000e+02   1.7561130e+01   3.9471440e+00  -2.1451122e-02  -4.1844025e-03  -2.8531689e-02
   5.7800000e+02   1.7535680e+01   3.9460400e+00  -2.1617587e-02  -4.1929720e-03  -2.8581473e-02
   5.7900000e+02   1.7510310e+01   3.9449380e+00  -2.1783583e-02  -4.2015096e-03  -2.8631169e-02
   5.8000000e+02   1.7485030e+01   3.9438370e+00  -2.1949104e-02  -4.2100177e-03  -2.8680778e-02
   5.8100000e+02   1.7459820e+01   3.9427380e+00  -2.2114156e-02  -4.2184894e-03  -2.8730302e-02
   5.8200000e+02   1.7434700e+01   3.9416410e+00  -2.2278733e-02  -4.2269348e-03  -2.8779731e-02
   5.8300000e+02   1.7409660e+01   3.9405460e+00  -2.2442844e-02  -4.2353472e-03  -2.8829071e-02
   5.8400000e+02   1.7384700e+01   3.9394520e+00  -2.2606506e-02  -4.2437274e-03  -2.8878335e-02
   5.8500000e+02   1.7359820e+01   3.9383600e+00  -2.2769685e-02  -4.2520769e-03  -2.8927504e-02
   5.8600000e+02   1.7335020e+01   3.9372700e+00  -2.2932415e-02  -4.2603948e-03  -2.8976587e-02
   5.8700000e+02   1.7310300e+01   3.9361810e+00  -2.3094691e-02  -4.2686814e-03  -2.9025591e-02
   5.8800000e+02   1.7285660e+01   3.9350940e+00  -2.3256492e-02  -4.2769375e-03  -2.9074502e-02
   5.8900000e+02   1.7261090e+01   3.9340090e+00  -2.3417839e-02  -4.2851586e-03  -2.9123328e-02
   5.9000000e+02   1.7236610e+01   3.9329250e+00  -2.3578745e-02  -4.2933514e-03  -2.9172073e-02
   5.9100000e+02   1.7212200e+01   3.9318430e+00  -2.3739176e-02  -4.3015110e-03  -2.9220728e-02
   5.9200000e+02   1.7187880e+01   3.9307630e+00  -2.3899175e-02  -4.3096452e-03  -2.9269297e-02
   5.9300000e+02   1.7163630e+01   3.9296850e+00  -2.4058704e-02  -4.3177473e-03  -2.9317774e-02
   5.9400000e+02   1.7139450e+01   3.9286080e+00  -2.4217779e-02  -4.3258126e-03  -2.9366173e-02
   5.9500000e+02   1.7115350e+01   3.9275330e+00  -2.4376431e-02  -4.3338487e-03  -2.9414490e-02
   5.9600000e+02   1.7091330e+01   3.9264600e+00  -2.4534631e-02  -4.3418561e-03  -2.9462717e-02
   5.9700000e+02   1.7067380e+01   3.9253880e+00  -2.4692377e-02  -4.3498286e-03  -2.9510865e-02
   5.9800000e+02   1.7043510e+01   3.9243180e+00  -2.4849672e-02  -4.3577729e-03  -2.9558922e-02
   5.9900000e+02   1.7019720e+01   3.9232500e+00  -2.5006554e-02  -4.3656902e-03  -2.9606899e-02
   6.0000000e+02   1.6995990e+01   3.9221830e+00  -2.5162971e-02  -4.3735673e-03  -2.9654794e-02
   6.0100000e+02   1.6972350e+01   3.9211190e+00  -2.5318964e-02  -4.3814252e-03  -2.9702594e-02
   6.0200000e+02   1.6948770e+01   3.9200550e+00  -2.5474500e-02  -4.3892421e-03  -2.9750321e-02
   6.0300000e+02   1.6925270e+01   3.9189940e+00  -2.5629629e-02  -4.3970320e-03  -2.9797963e-02
   6.0400000e+02   1.6901840e+01   3.9179340e+00  -2.5784289e-02  -4.4047895e-03  -2.9845517e-02
   6.0500000e+02   1.6878480e+01   3.9168770e+00  -2.5938532e-02  -4.4125180e-03  -2.9892983e-02
   6.0600000e+02   1.6855200e+01   3.9158200e+00  -2.6092346e-02  -4.4202158e-03  -2.9940377e-02
   6.0700000e+02   1.6831990e+01   3.9147660e+00  -2.6245726e-02  -4.4278846e-03  -2.9987678e-02
   6.0800000e+02   1.6808850e+01   3.9137130e+00  -2.6398677e-02  -4.4355214e-03  -3.0034901e-02
   6.0900000e+02   1.6785780e+01   3.9126620e+00  -2.6551207e-02  -4.4431270e-03  -3.0082040e-02
   6.1000000e+02   1.6762780e+01   3.9116130e+00  -2.6703315e-02  -4.4507019e-03  -3.0129098e-02
   6.1100000e+02   1.6739850e+01   3.9105650e+00  -2.6854978e-02  -4.4582450e-03  -3.0176074e-02
   6.1200000e+02   1.6716990e+01   3.9095190e+00  -2.7006223e-02  -4.4657586e-03  -3.0222964e-02
   6.1300000e+02   1.6694200e+01   3.9084750e+00  -2.7157055e-02  -4.4732416e-03  -3.0269775e-02
   6.1400000e+02   1.6671480e+01   3.9074320e+00  -2.7307467e-02  -4.4806949e-03  -3.0316506e-02
   6.1500000e+02   1.6648830e+01   3.9063920e+00  -2.7457468e-02  -4.4881194e-03  -3.0363150e-02
   6.1600000e+02   1.6626240e+01   3.9053530e+00  -2.7607036e-02  -4.4955068e-03  -3.0409716e-02
   6.1700000e+02   1.6603730e+01   3.9043150e+00  -2.7756190e-02  -4.5028717e-03  -3.0456201e-02
   6.1800000e+02   1.6581280e+01   3.9032800e+00  -2.7904948e-02  -4.5102022e-03  -3.0502602e-02
   6.1900000e+02   1.6558900e+01   3.9022460e+00  -2.8053276e-02  -4.5175032e-03  -3.0548923e-02
   6.2000000e+02   1.6536590e+01   3.9012140e+00  -2.8201195e-02  -4.5247766e-03  -3.0595162e-02
   6.2100000e+02   1.6514340e+01   3.9001830e+00  -2.8348713e-02  -4.5320145e-03  -3.0641328e-02
   6.2200000e+02   1.6492160e+01   3.8991550e+00  -2.8495807e-02  -4.5392268e-03  -3.0687398e-02
   6.2300000e+02   1.6470050e+01   3.8981280e+00  -2.8642493e-02  -4.5464099e-03  -3.0733393e-02
   6.2400000e+02   1.6448000e+01   3.8971020e+00  -2.8788801e-02  -4.5535594e-03  -3.0779321e-02
   6.2500000e+02   1.6426020e+01   3.8960790e+00  -2.8934679e-02  -4.5606819e-03  -3.0825153e-02
   6.2600000e+02   1.6404110e+01   3.8950570e+00  -2.9080176e-02  -4.5677770e-03  -3.0870913e-02
   6.2700000e+02   1.6382250e+01   3.8940370e+00  -2.9225244e-02  -4.5748347e-03  -3.0916588e-02
   6.2800000e+02   1.6360470e+01   3.8930190e+00  -2.9369928e-02  -4.5818715e-03  -3.0962182e-02
   6.2900000e+02   1.6338740e+01   3.8920020e+00  -2.9514214e-02  -4.5888685e-03  -3.1007708e-02
   6.3000000e+02   1.6317090e+01   3.8909870e+00  -2.9658103e-02  -4.5958475e-03  -3.1053145e-02
   6.3100000e+02   1.6295490e+01   3.8899740e+00  -2.9801599e-02  -4.6027877e-03  -3.1098506e-02
   6.3200000e+02   1.6273960e+01   3.8889630e+00  -2.9944688e-02  -4.6097027e-03  -3.1143782e-02
   6.3300000e+02   1.6252490e+01   3.8879530e+00  -3.0087395e-02  -4.6165861e-03  -3.1188987e-02
   6.3400000e+02   1.6231080e+01   3.8869450e+00  -3.0229689e-02  -4.6234391e-03  -3.1234107e-02
   6.3500000e+02   1.6209740e+01   3.8859390e+00  -3.0371616e-02  -4.6302678e-03  -3.1279149e-02
   6.3600000e+02   1.6188460e+01   3.8849340e+00  -3.0513149e-02  -4.6370639e-03  -3.1324118e-02
   6.3700000e+02   1.6167240e+01   3.8839310e+00  -3.0654288e-02  -4.6438307e-03  -3.1369007e-02
   6.3800000e+02   1.6146080e+01   3.8829300e+00  -3.0795046e-02  -4.6505688e-03  -3.1413815e-02
   6.3900000e+02   1.6124980e+01   3.8819310e+00  -3.0935413e-02  -4.6572748e-03  -3.1458545e-02
   6.4000000e+02   1.6103940e+01   3.8809330e+00  -3.1075403e-02  -4.6639529e-03  -3.1503202e-02
   6.4100000e+02   1.6082970e+01   3.8799370e+00  -3.1215015e-02  -4.6706058e-03  -3.1547780e-02
   6.4200000e+02   1.6062050e+01   3.8789430e+00  -3.1354234e-02  -4.6772252e-03  -3.1592276e-02
   6.4300000e+02   1.6041190e+01   3.8779500e+00  -3.1493073e-02  -4.6838138e-03  -3.1636700e-02
   6.4400000e+02   1.6020400e+01   3.8769600e+00  -3.1631551e-02  -4.6903817e-03  -3.1681040e-02
   6.4500000e+02   1.5999660e+01   3.8759700e+00  -3.1769633e-02  -4.6969135e-03  -3.1725313e-02
   6.4600000e+02   1.5978980e+01   3.8749830e+00  -3.1907340e-02  -4.7034170e-03  -3.1769503e-02
   6.4700000e+02   1.5958360e+01   3.8739970e+00  -3.2044678e-02  -4.7098932e-03  -3.1813619e-02
   6.4800000e+02   1.5937800e+01   3.8730140e+00  -3.2181646e-02  -4.7163436e-03  -3.1857647e-02
   6.4900000e+02   1.5917300e+01   3.8720310e+00  -3.2318243e-02  -4.7227630e-03  -3.1901616e-02
   6.5000000e+02   1.5896860e+01   3.8710510e+00  -3.2454460e-02  -4.7291567e-03  -3.1945493e-02
   6.5100000e+02   1.5876470e+01   3.8700720e+00  -3.2590321e-02  -4.7355174e-03  -3.1989306e-02
   6.5200000e+02   1.5856140e+01   3.8690950e+00  -3.2725796e-02  -4.7418502e-03  -3.2033038e-02
   6.5300000e+02   1.5835870e+01   3.8681200e+00  -3.2860925e-02  -4.7481571e-03  -3.2076694e-02
   6.5400000e+02   1.5815660e+01   3.8671460e+00  -3.2995692e-02  -4.7544367e-03  -3.2120279e-02
   6.5500000e+02   1.5795500e+01   3.8661740e+00  -3.3130056e-02  -4.7606851e-03  -3.2163780e-02
   6.5600000e+02   1.5775400e+01   3.8652040e+00  -3.3264096e-02  -4.7669066e-03  -3.2207213e-02
   6.5700000e+02   1.5755350e+01   3.8642350e+00  -3.3397765e-02  -4.7730966e-03  -3.2250573e-02
   6.5800000e+02   1.5735360e+01   3.8632680e+00  -3.3531070e-02  -4.7792615e-03  -3.2293854e-02
   6.5900000e+02   1.5715430e+01   3.8623030e+00  -3.3664009e-02  -4.7854010e-03  -3.2337058e-02
   6.6000000e+02   1.5695550e+01   3.8613400e+00  -3.3796611e-02  -4.7915076e-03  -3.2380192e-02
   6.6100000e+02   1.5675730e+01   3.8603780e+00  -3.3928836e-02  -4.7975910e-03  -3.2423247e-02
   6.6200000e+02   1.5655960e+01   3.8594180e+00  -3.4060709e-02  -4.8036425e-03  -3.2466229e-02
   6.6300000e+02   1.5636250e+01   3.8584600e+00  -3.4192236e-02  -4.8096713e-03  -3.2509135e-02
   6.6400000e+02   1.5616590e+01   3.8575030e+00  -3.4323401e-02  -4.8156680e-03  -3.2551970e-02
   6.6500000e+02   1.5596980e+01   3.8565480e+00  -3.4454221e-02  -4.8216335e-03  -3.2594736e-02
   6.6600000e+02   1.5577430e+01   3.8555950e+00  -3.4584680e-02  -4.8275781e-03  -3.2637418e-02
   6.6700000e+02   1.5557940e+01   3.8546430e+00  -3.4714819e-02  -4.8334982e-03  -3.2680036e-02
   6.6800000e+02   1.5538490e+01   3.8536940e+00  -3.4844573e-02  -4.8393832e-03  -3.2722567e-02
   6.6900000e+02   1.5519100e+01   3.8527460e+00  -3.4973995e-02  -4.8452438e-03  -3.2765032e-02
   6.7000000e+02   1.5499760e+01   3.8517990e+00  -3.5103069e-02  -4.8510751e-03  -3.2807430e-02
   6.7100000e+02   1.5480480e+01   3.8508540e+00  -3.5231826e-02  -4.8568836e-03  -3.2849755e-02
   6.7200000e+02   1.5461250e+01   3.8499110e+00  -3.5360219e-02  -4.8626643e-03  -3.2892002e-02
   6.7300000e+02   1.5442060e+01   3.8489700e+00  -3.5488245e-02  -4.8684097e-03  -3.2934173e-02
   6.7400000e+02   1.5422940e+01   3.8480300e+00  -3.5615980e-02  -4.8741397e-03  -3.2976281e-02
   6.7500000e+02   1.5403860e+01   3.8470920e+00  -3.5743337e-02  -4.8798360e-03  -3.3018308e-02
   6.7600000e+02   1.5384830e+01   3.8461560e+00  -3.5870375e-02  -4.8855034e-03  -3.3060267e-02
   6.7700000e+02   1.5365860e+01   3.8452210e+00  -3.5997063e-02  -4.8911500e-03  -3.3102152e-02
   6.7800000e+02   1.5346940e+01   3.8442880e+00  -3.6123423e-02  -4.8967689e-03  -3.3143965e-02
   6.7900000e+02   1.5328060e+01   3.8433570e+00  -3.6249439e-02  -4.9023547e-03  -3.3185707e-02
   6.8000000e+02   1.5309240e+01   3.8424270e+00  -3.6375137e-02  -4.9079181e-03  -3.3227383e-02
   6.8100000e+02   1.5290470e+01   3.8415000e+00  -3.6500472e-02  -4.9134579e-03  -3.3268968e-02
   6.8200000e+02   1.5271750e+01   3.8405730e+00  -3.6625516e-02  -4.9189678e-03  -3.3310505e-02
   6.8300000e+02   1.5253080e+01   3.8396490e+00  -3.6750217e-02  -4.9244525e-03  -3.3351960e-02
   6.8400000e+02   1.5234460e+01   3.8387260e+00  -3.6874564e-02  -4.9299123e-03  -3.3393339e-02
   6.8500000e+02   1.5215880e+01   3.8378050e+00  -3.6998607e-02  -4.9353383e-03  -3.3434656e-02
   6.8600000e+02   1.5197360e+01   3.8368850e+00  -3.7122321e-02  -4.9407451e-03  -3.3475903e-02
   6.8700000e+02   1.5178890e+01   3.8359670e+00  -3.7245713e-02  -4.9461262e-03  -3.3517077e-02
   6.8800000e+02   1.5160460e+01   3.8350510e+00  -3.7368743e-02  -4.9514766e-03  -3.3558172e-02
   6.8900000e+02   1.5142080e+01   3.8341360e+00  -3.7491491e-02  -4.9567995e-03  -3.3599211e-02
   6.9000000e+02   1.5123760e+01   3.8332230e+00  -3.7613913e-02  -4.9621044e-03  -3.3640175e-02
   6.9100000e+02   1.5105480e+01   3.8323120e+00  -3.7736009e-02  -4.9673798e-03  -3.3681065e-02
   6.9200000e+02   1.5087240e+01   3.8314030e+00  -3.7857770e-02  -4.9726244e-03  -3.3721883e-02
   6.9300000e+02   1.5069060e+01   3.8304950e+00  -3.7979219e-02  -4.9778504e-03  -3.3762632e-02
   6.9400000e+02   1.5050920e+01   3.8295880e+00  -3.8100361e-02  -4.9830446e-03  -3.3803322e-02
   6.9500000e+02   1.5032830e+01   3.8286840e+00  -3.8221183e-02  -4.9882154e-03  -3.3843933e-02
   6.9600000e+02   1.5014790e+01   3.8277810e+00  -3.8341684e-02  -4.9933644e-03  -3.3884476e-02
   6.9700000e+02   1.4996800e+01   3.8268790e+00  -3.8461878e-02  -4.9984869e-03  -3.3924955e-02
   6.9800000e+02   1.4978850e+01   3.8259800e+00  -3.8581745e-02  -5.0035811e-03  -3.3965356e-02
   6.9900000e+02   1.4960950e+01   3.8250820e+00  -3.8701310e-02  -5.0086520e-03  -3.4005693e-02
   7.0000000e+02   1.4943090e+01   3.8241850e+00  -3.8820557e-02  -5.0136929e-03  -3.4045966e-02
   7.0100000e+02   1.4925280e+01   3.8232910e+00  -3.8939494e-02  -5.0187133e-03  -3.4086157e-02
   7.0200000e+02   1.4907520e+01   3.8223980e+00  -3.9058141e-02  -5.0237088e-03  -3.4126292e-02
   7.0300000e+02   1.4889800e+01   3.8215060e+00  -3.9176460e-02  -5.0286754e-03  -3.4166358e-02
   7.0400000e+02   1.4872130e+01   3.8206160e+00  -3.9294465e-02  -5.0336211e-03  -3.4206349e-02
   7.0500000e+02   1.4854500e+01   3.8197280e+00  -3.9412179e-02  -5.0385368e-03  -3.4246279e-02
   7.0600000e+02   1.4836920e+01   3.8188420e+00  -3.9529571e-02  -5.0434339e-03  -3.4286128e-02
   7.0700000e+02   1.4819380e+01   3.8179570e+00  -3.9646672e-02  -5.0482994e-03  -3.4325923e-02
   7.0800000e+02   1.4801890e+01   3.8170730e+00  -3.9763472e-02  -5.0531446e-03  -3.4365650e-02
   7.0900000e+02   1.4784440e+01   3.8161920e+00  -3.9879957e-02  -5.0579641e-03  -3.4405296e-02
   7.1000000e+02   1.4767040e+01   3.8153120e+00  -3.9996153e-02  -5.0627601e-03  -3.4444886e-02
   7.1100000e+02   1.4749680e+01   3.8144330e+00  -4.0112057e-02  -5.0675282e-03  -3.4484414e-02
   7.1200000e+02   1.4732360e+01   3.8135560e+00  -4.0227652e-02  -5.0722705e-03  -3.4523871e-02
   7.1300000e+02   1.4715090e+01   3.8126810e+00  -4.0342937e-02  -5.0769916e-03  -3.4563254e-02
   7.1400000e+02   1.4697870e+01   3.8118080e+00  -4.0457949e-02  -5.0816953e-03  -3.4602570e-02
   7.1500000e+02   1.4680680e+01   3.8109360e+00  -4.0572628e-02  -5.0863640e-03  -3.4641820e-02
   7.1600000e+02   1.4663540e+01   3.8100650e+00  -4.0687055e-02  -5.0910121e-03  -3.4681015e-02
   7.1700000e+02   1.4646440e+01   3.8091960e+00  -4.0801163e-02  -5.0956342e-03  -3.4720136e-02
   7.1800000e+02   1.4629390e+01   3.8083290e+00  -4.0914983e-02  -5.1002367e-03  -3.4759188e-02
   7.1900000e+02   1.4612380e+01   3.8074640e+00  -4.1028508e-02  -5.1048152e-03  -3.4798169e-02
   7.2000000e+02   1.4595410e+01   3.8066000e+00  -4.1141742e-02  -5.1093667e-03  -3.4837091e-02
   7.2100000e+02   1.4578480e+01   3.8057380e+00  -4.1254687e-02  -5.1138926e-03  -3.4875945e-02
   7.2200000e+02   1.4561600e+01   3.8048770e+00  -4.1367356e-02  -5.1184002e-03  -3.4914739e-02
   7.2300000e+02   1.4544760e+01   3.8040180e+00  -4.1479733e-02  -5.1228826e-03  -3.4953463e-02
   7.2400000e+02   1.4527950e+01   3.8031600e+00  -4.1591803e-02  -5.1273328e-03  -3.4992125e-02
   7.2500000e+02   1.4511200e+01   3.8023040e+00  -4.1703601e-02  -5.1317718e-03  -3.5030716e-02
   7.2600000e+02   1.4494480e+01   3.8014500e+00  -4.1815102e-02  -5.1361810e-03  -3.5069238e-02
   7.2700000e+02   1.4477800e+01   3.8005970e+00  -4.1926332e-02  -5.1405636e-03  -3.5107707e-02
   7.2800000e+02   1.4461170e+01   3.7997460e+00  -4.2037292e-02  -5.1449297e-03  -3.5146107e-02
   7.2900000e+02   1.4444570e+01   3.7988960e+00  -4.2147930e-02  -5.1492656e-03  -3.5184436e-02
   7.3000000e+02   1.4428020e+01   3.7980480e+00  -4.2258320e-02  -5.1535831e-03  -3.5222709e-02
   7.3100000e+02   1.4411510e+01   3.7972020e+00  -4.2368425e-02  -5.1578776e-03  -3.5260911e-02
   7.3200000e+02   1.4395040e+01   3.7963570e+00  -4.2478246e-02  -5.1621487e-03  -3.5299050e-02
   7.3300000e+02   1.4378610e+01   3.7955140e+00  -4.2587795e-02  -5.1663977e-03  -3.5337123e-02
   7.3400000e+02   1.4362220e+01   3.7946720e+00  -4.2697049e-02  -5.1706214e-03  -3.5375135e-02
   7.3500000e+02   1.4345860e+01   3.7938320e+00  -4.2806021e-02  -5.1748148e-03  -3.5413082e-02
   7.3600000e+02   1.4329550e+01   3.7929930e+00  -4.2914743e-02  -5.1789939e-03  -3.5450969e-02
   7.3700000e+02   1.4313280e+01   3.7921560e+00  -4.3023194e-02  -5.1831493e-03  -3.5488792e-02
   7.3800000e+02   1.4297050e+01   3.7913210e+00  -4.3131333e-02  -5.1872845e-03  -3.5526538e-02
   7.3900000e+02   1.4280860e+01   3.7904870e+00  -4.3239224e-02  -5.1913956e-03  -3.5564231e-02
   7.4000000e+02   1.4264700e+01   3.7896550e+00  -4.3346831e-02  -5.1954791e-03  -3.5601855e-02
   7.4100000e+02   1.4248590e+01   3.7888240e+00  -4.3454178e-02  -5.1995455e-03  -3.5639422e-02
   7.4200000e+02   1.4232520e+01   3.7879950e+00  -4.3561270e-02  -5.2035910e-03  -3.5676926e-02
   7.4300000e+02   1.4216480e+01   3.7871670e+00  -4.3668061e-02  -5.2076088e-03  -3.5714364e-02
   7.4400000e+02   1.4200480e+01   3.7863410e+00  -4.3774594e-02  -5.2116057e-03  -3.5751738e-02
   7.4500000e+02   1.4184520e+01   3.7855160e+00  -4.3880861e-02  -5.2155787e-03  -3.5789055e-02
   7.4600000e+02   1.4168600e+01   3.7846930e+00  -4.3986860e-02  -5.2195324e-03  -3.5826306e-02
   7.4700000e+02   1.4152720e+01   3.7838720e+00  -4.4092589e-02  -5.2234655e-03  -3.5863487e-02
   7.4800000e+02   1.4136870e+01   3.7830520e+00  -4.4198053e-02  -5.2273715e-03  -3.5900614e-02
   7.4900000e+02   1.4121070e+01   3.7822330e+00  -4.4303282e-02  -5.2312622e-03  -3.5937684e-02
   7.5000000e+02   1.4105300e+01   3.7814170e+00  -4.4408216e-02  -5.2351282e-03  -3.5974677e-02
   7.5100000e+02   1.4089570e+01   3.7806010e+00  -4.4512878e-02  -5.2389716e-03  -3.6011616e-02
   7.5200000e+02   1.4073870e+01   3.7797870e+00  -4.4617314e-02  -5.2427878e-03  -3.6048501e-02
   7.5300000e+02   1.4058210e+01   3.7789750e+00  -4.4721445e-02  -5.2465855e-03  -3.6085309e-02
   7.5400000e+02   1.4042600e+01   3.7781640e+00  -4.4825367e-02  -5.2503700e-03  -3.6122067e-02
   7.5500000e+02   1.4027010e+01   3.7773550e+00  -4.4928981e-02  -5.2541213e-03  -3.6158753e-02
   7.5600000e+02   1.4011470e+01   3.7765470e+00  -4.5032371e-02  -5.2578607e-03  -3.6195386e-02
   7.5700000e+02   1.3995960e+01   3.7757410e+00  -4.5135498e-02  -5.2615735e-03  -3.6231955e-02
   7.5800000e+02   1.3980480e+01   3.7749370e+00  -4.5238330e-02  -5.2652606e-03  -3.6268452e-02
   7.5900000e+02   1.3965050e+01   3.7741330e+00  -4.5340958e-02  -5.2689347e-03  -3.6304908e-02
   7.6000000e+02   1.3949650e+01   3.7733320e+00  -4.5443322e-02  -5.2725843e-03  -3.6341290e-02
   7.6100000e+02   1.3934280e+01   3.7725320e+00  -4.5545396e-02  -5.2762082e-03  -3.6377610e-02
   7.6200000e+02   1.3918960e+01   3.7717330e+00  -4.5647242e-02  -5.2798212e-03  -3.6413872e-02
   7.6300000e+02   1.3903660e+01   3.7709360e+00  -4.5748822e-02  -5.2834017e-03  -3.6450076e-02
   7.6400000e+02   1.3888410e+01   3.7701400e+00  -4.5850184e-02  -5.2869714e-03  -3.6486222e-02
   7.6500000e+02   1.3873190e+01   3.7693460e+00  -4.5951267e-02  -5.2905154e-03  -3.6522303e-02
   7.6600000e+02   1.3858000e+01   3.7685530e+00  -4.6052116e-02  -5.2940345e-03  -3.6558331e-02
   7.6700000e+02   1.3842850e+01   3.7677620e+00  -4.6152682e-02  -5.2975373e-03  -3.6594286e-02
   7.6800000e+02   1.3827740e+01   3.7669730e+00  -4.6253038e-02  -5.3010234e-03  -3.6630183e-02
   7.6900000e+02   1.3812660e+01   3.7661840e+00  -4.6353130e-02  -5.3044832e-03  -3.6666030e-02
   7.7000000e+02   1.3797610e+01   3.7653980e+00  -4.6452970e-02  -5.3079204e-03  -3.6701807e-02
   7.7100000e+02   1.3782600e+01   3.7646130e+00  -4.6552559e-02  -5.3113397e-03  -3.6737526e-02
   7.7200000e+02   1.3767630e+01   3.7638290e+00  -4.6651934e-02  -5.3147436e-03  -3.6773192e-02
   7.7300000e+02   1.3752690e+01   3.7630470e+00  -4.6751044e-02  -5.3181238e-03  -3.6808793e-02
   7.7400000e+02   1.3737780e+01   3.7622660e+00  -4.6849896e-02  -5.3214791e-03  -3.6844337e-02
   7.7500000e+02   1.3722910e+01   3.7614860e+00  -4.6948524e-02  -5.3248181e-03  -3.6879827e-02
   7.7600000e+02   1.3708070e+01   3.7607090e+00  -4.7046895e-02  -5.3281364e-03  -3.6915243e-02
   7.7700000e+02   1.3693270e+01   3.7599320e+00  -4.7145046e-02  -5.3314368e-03  -3.6950617e-02
   7.7800000e+02   1.3678500e+01   3.7591570e+00  -4.7242947e-02  -5.3347151e-03  -3.6985925e-02
   7.7900000e+02   1.3663760e+01   3.7583840e+00  -4.7340591e-02  -5.3379703e-03  -3.7021169e-02
   7.8000000e+02   1.3649060e+01   3.7576120e+00  -4.7438009e-02  -5.3412105e-03  -3.7056357e-02
   7.8100000e+02   1.3634390e+01   3.7568410e+00  -4.7535189e-02  -5.3444272e-03  -3.7091492e-02
   7.8200000e+02   1.3619750e+01   3.7560720e+00  -4.7632121e-02  -5.3476225e-03  -3.7126564e-02
   7.8300000e+02   1.3605150e+01   3.7553050e+00  -4.7728835e-02  -5.3508048e-03  -3.7161573e-02
   7.8400000e+02   1.3590580e+01   3.7545390e+00  -4.7825293e-02  -5.3539628e-03  -3.7196526e-02
   7.8500000e+02   1.3576040e+01   3.7537740e+00  -4.7921533e-02  -5.3570986e-03  -3.7231429e-02
   7.8600000e+02   1.3561540e+01   3.7530110e+00  -4.8017516e-02  -5.3602217e-03  -3.7266262e-02
   7.8700000e+02   1.3547070e+01   3.7522490e+00  -4.8113301e-02  -5.3633240e-03  -3.7301049e-02
   7.8800000e+02   1.3532630e+01   3.7514880e+00  -4.8208826e-02  -5.3664012e-03  -3.7335779e-02
   7.8900000e+02   1.3518220e+01   3.7507300e+00  -4.8304112e-02  -5.3694613e-03  -3.7370435e-02
   7.9000000e+02   1.3503850e+01   3.7499720e+00  -4.8399174e-02  -5.3725045e-03  -3.7405047e-02
   7.9100000e+02   1.3489510e+01   3.7492160e+00  -4.8494021e-02  -5.3755288e-03  -3.7439598e-02
   7.9200000e+02   1.3475200e+01   3.7484610e+00  -4.8588619e-02  -5.3785316e-03  -3.7474094e-02
   7.9300000e+02   1.3460920e+01   3.7477080e+00  -4.8682985e-02  -5.3815138e-03  -3.7508530e-02
   7.9400000e+02   1.3446680e+01   3.7469560e+00  -4.8777144e-02  -5.3844824e-03  -3.7542912e-02
   7.9500000e+02   1.3432460e+01   3.7462060e+00  -4.8871043e-02  -5.3874241e-03  -3.7577230e-02
   7.9600000e+02   1.3418280e+01   3.7454570e+00  -4.8964731e-02  -5.3903528e-03  -3.7611494e-02
   7.9700000e+02   1.3404130e+01   3.7447090e+00  -4.9058204e-02  -5.3932607e-03  -3.7645709e-02
   7.9800000e+02   1.3390010e+01   3.7439630e+00  -4.9151422e-02  -5.3961494e-03  -3.7679857e-02
   7.9900000e+02   1.3375920e+01   3.7432190e+00  -4.9244432e-02  -5.3990194e-03  -3.7713947e-02
   8.0000000e+02   1.3361870e+01   3.7424750e+00  -4.9337222e-02  -5.4018748e-03  -3.7747991e-02
   8.0100000e+02   1.3347840e+01   3.7417330e+00  -4.9429788e-02  -5.4047056e-03  -3.7781976e-02
   8.0200000e+02   1.3333850e+01   3.7409930e+00  -4.9522118e-02  -5.4075233e-03  -3.7815896e-02
   8.0300000e+02   1.3319890e+01   3.7402540e+00  -4.9614233e-02  -5.4103226e-03  -3.7849765e-02
   8.0400000e+02   1.3305950e+01   3.7395160e+00  -4.9706122e-02  -5.4130937e-03  -3.7883583e-02
   8.0500000e+02   1.3292050e+01   3.7387800e+00  -4.9797785e-02  -5.4158559e-03  -3.7917336e-02
   8.0600000e+02   1.3278180e+01   3.7380450e+00  -4.9889248e-02  -5.4185986e-03  -3.7951040e-02
   8.0700000e+02   1.3264340e+01   3.7373110e+00  -4.9980468e-02  -5.4213211e-03  -3.7984689e-02
   8.0800000e+02   1.3250530e+01   3.7365790e+00  -5.0071492e-02  -5.4240264e-03  -3.8018281e-02
   8.0900000e+02   1.3236750e+01   3.7358480e+00  -5.0162271e-02  -5.4267123e-03  -3.8051815e-02
   8.1000000e+02   1.3223000e+01   3.7351190e+00  -5.0252846e-02  -5.4293818e-03  -3.8085293e-02
   8.1100000e+02   1.3209280e+01   3.7343910e+00  -5.0343207e-02  -5.4320330e-03  -3.8118718e-02
   8.1200000e+02   1.3195590e+01   3.7336640e+00  -5.0433353e-02  -5.4346652e-03  -3.8152092e-02
   8.1300000e+02   1.3181930e+01   3.7329390e+00  -5.0523271e-02  -5.4372794e-03  -3.8185402e-02
   8.1400000e+02   1.3168300e+01   3.7322150e+00  -5.0612978e-02  -5.4398771e-03  -3.8218662e-02
   8.1500000e+02   1.3154700e+01   3.7314930e+00  -5.0702474e-02  -5.4424584e-03  -3.8251862e-02
   8.1600000e+02   1.3141130e+01   3.7307720e+00  -5.0791741e-02  -5.4450204e-03  -3.8285007e-02
   8.1700000e+02   1.3127580e+01   3.7300520e+00  -5.0880803e-02  -5.4475578e-03  -3.8318104e-02
   8.1800000e+02   1.3114070e+01   3.7293340e+00  -5.0969650e-02  -5.4500861e-03  -3.8351139e-02
   8.1900000e+02   1.3100590e+01   3.7286170e+00  -5.1058298e-02  -5.4525979e-03  -3.8384125e-02
   8.2000000e+02   1.3087130e+01   3.7279010e+00  -5.1146730e-02  -5.4550849e-03  -3.8417059e-02
   8.2100000e+02   1.3073710e+01   3.7271870e+00  -5.1234943e-02  -5.4575628e-03  -3.8449931e-02
   8.2200000e+02   1.3060310e+01   3.7264740e+00  -5.1322953e-02  -5.4600175e-03  -3.8482755e-02
   8.2300000e+02   1.3046940e+01   3.7257620e+00  -5.1410754e-02  -5.4624539e-03  -3.8515528e-02
   8.2400000e+02   1.3033600e+01   3.7250520e+00  -5.1498337e-02  -5.4648763e-03  -3.8548238e-02
   8.2500000e+02   1.3020290e+01   3.7243430e+00  -5.1585718e-02  -5.4672810e-03  -3.8580900e-02
   8.2600000e+02   1.3007010e+01   3.7236350e+00  -5.1672889e-02  -5.4696695e-03  -3.8613507e-02
   8.2700000e+02   1.2993760e+01   3.7229290e+00  -5.1759856e-02  -5.4720442e-03  -3.8646057e-02
   8.2800000e+02   1.2980530e+01   3.7222240e+00  -5.1846614e-02  -5.4743936e-03  -3.8678558e-02
   8.2900000e+02   1.2967330e+01   3.7215200e+00  -5.1933157e-02  -5.4767268e-03  -3.8711006e-02
   8.3000000e+02   1.2954160e+01   3.7208180e+00  -5.2019512e-02  -5.4790468e-03  -3.8743397e-02
   8.3100000e+02   1.2941020e+01   3.7201170e+00  -5.2105648e-02  -5.4813501e-03  -3.8775734e-02
   8.3200000e+02   1.2927910e+01   3.7194180e+00  -5.2191594e-02  -5.4836400e-03  -3.8808016e-02
   8.3300000e+02   1.2914820e+01   3.7187190e+00  -5.2277322e-02  -5.4859043e-03  -3.8840253e-02
   8.3400000e+02   1.2901770e+01   3.7180220e+00  -5.2362874e-02  -5.4881640e-03  -3.8872435e-02
   8.3500000e+02   1.2888730e+01   3.7173270e+00  -5.2448183e-02  -5.4903927e-03  -3.8904554e-02
   8.3600000e+02   1.2875730e+01   3.7166320e+00  -5.2533305e-02  -5.4926130e-03  -3.8936633e-02
   8.3700000e+02   1.2862760e+01   3.7159390e+00  -5.2618256e-02  -5.4948214e-03  -3.8968655e-02
   8.3800000e+02   1.2849810e+01   3.7152480e+00  -5.2702969e-02  -5.4970068e-03  -3.9000616e-02
   8.3900000e+02   1.2836890e+01   3.7145570e+00  -5.2787513e-02  -5.4991775e-03  -3.9032539e-02
   8.4000000e+02   1.2823990e+01   3.7138680e+00  -5.2871815e-02  -5.5013245e-03  -3.9064399e-02
   8.4100000e+02   1.2811130e+01   3.7131800e+00  -5.2955961e-02  -5.5034682e-03  -3.9096212e-02
   8.4200000e+02   1.2798290e+01   3.7124940e+00  -5.3039892e-02  -5.5055903e-03  -3.9127967e-02
   8.4300000e+02   1.2785470e+01   3.7118090e+00  -5.3123609e-02  -5.5076902e-03  -3.9159670e-02
   8.4400000e+02   1.2772690e+01   3.7111250e+00  -5.3207148e-02  -5.5097848e-03  -3.9191325e-02
   8.4500000e+02   1.2759930e+01   3.7104420e+00  -5.3290490e-02  -5.5118557e-03  -3.9222931e-02
   8.4600000e+02   1.2747190e+01   3.7097610e+00  -5.3373628e-02  -5.5139079e-03  -3.9254479e-02
   8.4700000e+02   1.2734490e+01   3.7090810e+00  -5.3456590e-02  -5.5159541e-03  -3.9285979e-02
   8.4800000e+02   1.2721810e+01   3.7084020e+00  -5.3539336e-02  -5.5179796e-03  -3.9317427e-02
   8.4900000e+02   1.2709150e+01   3.7077250e+00  -5.3621884e-02  -5.5199837e-03  -3.9348818e-02
   8.5000000e+02   1.2696530e+01   3.7070480e+00  -5.3704270e-02  -5.5219834e-03  -3.9380170e-02
   8.5100000e+02   1.2683920e+01   3.7063740e+00  -5.3786421e-02  -5.5239531e-03  -3.9411453e-02
   8.5200000e+02   1.2671350e+01   3.7057000e+00  -5.3868408e-02  -5.5259200e-03  -3.9442698e-02
   8.5300000e+02   1.2658800e+01   3.7050280e+00  -5.3950183e-02  -5.5278670e-03  -3.9473882e-02
   8.5400000e+02   1.2646280e+01   3.7043560e+00  -5.4031795e-02  -5.5298004e-03  -3.9505031e-02
   8.5500000e+02   1.2633780e+01   3.7036870e+00  -5.4113198e-02  -5.5317141e-03  -3.9536111e-02
   8.5600000e+02   1.2621310e+01   3.7030180e+00  -5.4194419e-02  -5.5336151e-03  -3.9567152e-02
   8.5700000e+02   1.2608860e+01   3.7023510e+00  -5.4275429e-02  -5.5354967e-03  -3.9598133e-02
   8.5800000e+02   1.2596440e+01   3.7016850e+00  -5.4356278e-02  -5.5373675e-03  -3.9629069e-02
   8.5900000e+02   1.2584040e+01   3.7010200e+00  -5.4436907e-02  -5.5392169e-03  -3.9659955e-02
   8.6000000e+02   1.2571670e+01   3.7003560e+00  -5.4517375e-02  -5.5410554e-03  -3.9690793e-02
   8.6100000e+02   1.2559330e+01   3.6996940e+00  -5.4597659e-02  -5.5428836e-03  -3.9721575e-02
   8.6200000e+02   1.2547010e+01   3.6990330e+00  -5.4677742e-02  -5.5446917e-03  -3.9752307e-02
   8.6300000e+02   1.2534710e+01   3.6983730e+00  -5.4757637e-02  -5.5464806e-03  -3.9782992e-02
   8.6400000e+02   1.2522440e+01   3.6977150e+00  -5.4837340e-02  -5.5482588e-03  -3.9813618e-02
   8.6500000e+02   1.2510200e+01   3.6970570e+00  -5.4916879e-02  -5.5500243e-03  -3.9844208e-02
   8.6600000e+02   1.2497980e+01   3.6964010e+00  -5.4996234e-02  -5.5517737e-03  -3.9874742e-02
   8.6700000e+02   1.2485780e+01   3.6957460e+00  -5.5075386e-02  -5.5535026e-03  -3.9905227e-02
   8.6800000e+02   1.2473610e+01   3.6950930e+00  -5.5154348e-02  -5.5552219e-03  -3.9935652e-02
   8.6900000e+02   1.2461470e+01   3.6944400e+00  -5.5233153e-02  -5.5569297e-03  -3.9966041e-02
   8.7000000e+02   1.2449350e+01   3.6937890e+00  -5.5311764e-02  -5.5586207e-03  -3.9996372e-02
   8.7100000e+02   1.2437250e+01   3.6931390e+00  -5.5390186e-02  -5.5602924e-03  -4.0026657e-02
   8.7200000e+02   1.2425180e+01   3.6924910e+00  -5.5468427e-02  -5.5619546e-03  -4.0056885e-02
   8.7300000e+02   1.2413130e+01   3.6918430e+00  -5.5546489e-02  -5.5635975e-03  -4.0087074e-02
   8.7400000e+02   1.2401110e+01   3.6911970e+00  -5.5624377e-02  -5.5652326e-03  -4.0117207e-02
   8.7500000e+02   1.2389110e+01   3.6905520e+00  -5.5702073e-02  -5.5668492e-03  -4.0147292e-02
   8.7600000e+02   1.2377130e+01   3.6899080e+00  -5.5779594e-02  -5.5684466e-03  -4.0177331e-02
   8.7700000e+02   1.2365180e+01   3.6892650e+00  -5.5856952e-02  -5.5700354e-03  -4.0207324e-02
   8.7800000e+02   1.2353250e+01   3.6886240e+00  -5.5934113e-02  -5.5716063e-03  -4.0237261e-02
   8.7900000e+02   1.2341350e+01   3.6879840e+00  -5.6011088e-02  -5.5731682e-03  -4.0267145e-02
   8.8000000e+02   1.2329470e+01   3.6873450e+00  -5.6087901e-02  -5.5747143e-03  -4.0296986e-02
   8.8100000e+02   1.2317610e+01   3.6867070e+00  -5.6164541e-02  -5.5762414e-03  -4.0326785e-02
   8.8200000e+02   1.2305780e+01   3.6860700e+00  -5.6240990e-02  -5.5777606e-03  -4.0356530e-02
   8.8300000e+02   1.2293970e+01   3.6854350e+00  -5.6317270e-02  -5.5792637e-03  -4.0386223e-02
   8.8400000e+02   1.2282180e+01   3.6848010e+00  -5.6393362e-02  -5.5807474e-03  -4.0415866e-02
   8.8500000e+02   1.2270420e+01   3.6841680e+00  -5.6469295e-02  -5.5822249e-03  -4.0445465e-02
   8.8600000e+02   1.2258680e+01   3.6835360e+00  -5.6545042e-02  -5.5836846e-03  -4.0475017e-02
   8.8700000e+02   1.2246970e+01   3.6829050e+00  -5.6620652e-02  -5.5851374e-03  -4.0504525e-02
   8.8800000e+02   1.2235270e+01   3.6822760e+00  -5.6696031e-02  -5.5865631e-03  -4.0533972e-02
   8.8900000e+02   1.2223610e+01   3.6816470e+00  -5.6771290e-02  -5.5879909e-03  -4.0563387e-02
   8.9000000e+02   1.2211960e+01   3.6810200e+00  -5.6846333e-02  -5.5893935e-03  -4.0592742e-02
   8.9100000e+02   1.2200340e+01   3.6803940e+00  -5.6921244e-02  -5.5907892e-03  -4.0622057e-02
   8.9200000e+02   1.2188730e+01   3.6797700e+00  -5.6995916e-02  -5.5921599e-03  -4.0651308e-02
   8.9300000e+02   1.2177160e+01   3.6791460e+00  -5.7070486e-02  -5.5935312e-03  -4.0680529e-02
   8.9400000e+02   1.2165600e+01   3.6785240e+00  -5.7144851e-02  -5.5948787e-03  -4.0709693e-02
   8.9500000e+02   1.2154070e+01   3.6779020e+00  -5.7219063e-02  -5.5962172e-03  -4.0738821e-02
   8.9600000e+02   1.2142560e+01   3.6772820e+00  -5.7293089e-02  -5.5975428e-03  -4.0767892e-02
   8.9700000e+02   1.2131070e+01   3.6766630e+00  -5.7366957e-02  -5.5988515e-03  -4.0796919e-02
   8.9800000e+02   1.2119610e+01   3.6760460e+00  -5.7440652e-02  -5.6001548e-03  -4.0825888e-02
   8.9900000e+02   1.2108160e+01   3.6754290e+00  -5.7514173e-02  -5.6014325e-03  -4.0854823e-02
   9.0000000e+02   1.2096740e+01   3.6748130e+00  -5.7587546e-02  -5.6027037e-03  -4.0883714e-02
   9.0100000e+02   1.2085350e+01   3.6741990e+00  -5.7660736e-02  -5.6039713e-03  -4.0912546e-02
   9.0200000e+02   1.2073970e+01   3.6735860e+00  -5.7733759e-02  -5.6052119e-03  -4.0941335e-02
   9.0300000e+02   1.2062620e+01   3.6729740e+00  -5.7806612e-02  -5.6064481e-03  -4.0970075e-02
   9.0400000e+02   1.2051280e+01   3.6723630e+00  -5.7879292e-02  -5.6076576e-03  -4.0998774e-02
   9.0500000e+02   1.2039970e+01   3.6717530e+00  -5.7951837e-02  -5.6088644e-03  -4.1027430e-02
   9.0600000e+02   1.2028690e+01   3.6711450e+00  -5.8024184e-02  -5.6100655e-03  -4.1056023e-02
   9.0700000e+02   1.2017420e+01   3.6705370e+00  -5.8096398e-02  -5.6112416e-03  -4.1084587e-02
   9.0800000e+02   1.2006170e+01   3.6699310e+00  -5.8168413e-02  -5.6124047e-03  -4.1113095e-02
   9.0900000e+02   1.1994950e+01   3.6693260e+00  -5.8240282e-02  -5.6135623e-03  -4.1141556e-02
   9.1000000e+02   1.1983750e+01   3.6687220e+00  -5.8311988e-02  -5.6147039e-03  -4.1169973e-02
   9.1100000e+02   1.1972570e+01   3.6681190e+00  -5.8383517e-02  -5.6158319e-03  -4.1198343e-02
   9.1200000e+02   1.1961410e+01   3.6675170e+00  -5.8454912e-02  -5.6169474e-03  -4.1226674e-02
   9.1300000e+02   1.1950280e+01   3.6669160e+00  -5.8526133e-02  -5.6180575e-03  -4.1254955e-02
   9.1400000e+02   1.1939160e+01   3.6663170e+00  -5.8597179e-02  -5.6191449e-03  -4.1283183e-02
   9.1500000e+02   1.1928070e+01   3.6657180e+00  -5.8668079e-02  -5.6202262e-03  -4.1311376e-02
   9.1600000e+02   1.1916990e+01   3.6651210e+00  -5.8738798e-02  -5.6212873e-03  -4.1339514e-02
   9.1700000e+02   1.1905940e+01   3.6645240e+00  -5.8809389e-02  -5.6223409e-03  -4.1367621e-02
   9.1800000e+02   1.1894910e+01   3.6639290e+00  -5.8879789e-02  -5.6233832e-03  -4.1395667e-02
   9.1900000e+02   1.1883900e+01   3.6633350e+00  -5.8950051e-02  -5.6244114e-03  -4.1423675e-02
   9.2000000e+02   1.1872910e+01   3.6627420e+00  -5.9020135e-02  -5.6254272e-03  -4.1451634e-02
   9.2100000e+02   1.1861950e+01   3.6621510e+00  -5.9090080e-02  -5.6264390e-03  -4.1479541e-02
   9.2200000e+02   1.1851000e+01   3.6615600e+00  -5.9159855e-02  -5.6274295e-03  -4.1507412e-02
   9.2300000e+02   1.1840070e+01   3.6609700e+00  -5.9229463e-02  -5.6284056e-03  -4.1535238e-02
   9.2400000e+02   1.1829170e+01   3.6603820e+00  -5.9298933e-02  -5.6293793e-03  -4.1563013e-02
   9.2500000e+02   1.1818280e+01   3.6597940e+00  -5.9368246e-02  -5.6303286e-03  -4.1590756e-02
   9.2600000e+02   1.1807420e+01   3.6592080e+00  -5.9437394e-02  -5.6312787e-03  -4.1618439e-02
   9.2700000e+02   1.1796570e+01   3.6586230e+00  -5.9506373e-02  -5.6322040e-03  -4.1646081e-02
   9.2800000e+02   1.1785750e+01   3.6580390e+00  -5.9575216e-02  -5.6331281e-03  -4.1673679e-02
   9.2900000e+02   1.1774950e+01   3.6574550e+00  -5.9643913e-02  -5.6340363e-03  -4.1701244e-02
   9.3000000e+02   1.1764170e+01   3.6568730e+00  -5.9712441e-02  -5.6349356e-03  -4.1728753e-02
   9.3100000e+02   1.1753400e+01   3.6562930e+00  -5.9780786e-02  -5.6358140e-03  -4.1756207e-02
   9.3200000e+02   1.1742660e+01   3.6557130e+00  -5.9849015e-02  -5.6366890e-03  -4.1783631e-02
   9.3300000e+02   1.1731940e+01   3.6551340e+00  -5.9917083e-02  -5.6375511e-03  -4.1811009e-02
   9.3400000e+02   1.1721240e+01   3.6545560e+00  -5.9984990e-02  -5.6384002e-03  -4.1838343e-02
   9.3500000e+02   1.1710560e+01   3.6539800e+00  -6.0052758e-02  -5.6392413e-03  -4.1865626e-02
   9.3600000e+02   1.1699900e+01   3.6534040e+00  -6.0120372e-02  -5.6400679e-03  -4.1892875e-02
   9.3700000e+02   1.1689250e+01   3.6528300e+00  -6.0187791e-02  -5.6408750e-03  -4.1920065e-02
   9.3800000e+02   1.1678630e+01   3.6522560e+00  -6.0255110e-02  -5.6416782e-03  -4.1947229e-02
   9.3900000e+02   1.1668030e+01   3.6516840e+00  -6.0322265e-02  -5.6424736e-03  -4.1974337e-02
   9.4000000e+02   1.1657450e+01   3.6511120e+00  -6.0389279e-02  -5.6432549e-03  -4.2001413e-02
   9.4100000e+02   1.1646880e+01   3.6505420e+00  -6.0456111e-02  -5.6440167e-03  -4.2028433e-02
   9.4200000e+02   1.1636340e+01   3.6499730e+00  -6.0522825e-02  -5.6447776e-03  -4.2055413e-02
   9.4300000e+02   1.1625820e+01   3.6494050e+00  -6.0589380e-02  -5.6455268e-03  -4.2082347e-02
   9.4400000e+02   1.1615310e+01   3.6488380e+00  -6.0655764e-02  -5.6462562e-03  -4.2109239e-02
   9.4500000e+02   1.1604830e+01   3.6482720e+00  -6.0722024e-02  -5.6469840e-03  -4.2136088e-02
   9.4600000e+02   1.1594360e+01   3.6477070e+00  -6.0788123e-02  -5.6476924e-03  -4.2162894e-02
   9.4700000e+02   1.1583920e+01   3.6471430e+00  -6.0854098e-02  -5.6484001e-03  -4.2189658e-02
   9.4800000e+02   1.1573490e+01   3.6465800e+00  -6.0919890e-02  -5.6490848e-03  -4.2216376e-02
   9.4900000e+02   1.1563080e+01   3.6460180e+00  -6.0985560e-02  -5.6497620e-03  -4.2243055e-02
   9.5000000e+02   1.1552700e+01   3.6454570e+00  -6.1051077e-02  -5.6504361e-03  -4.2269688e-02
   9.5100000e+02   1.1542330e+01   3.6448970e+00  -6.1116452e-02  -5.6510937e-03  -4.2296281e-02
   9.5200000e+02   1.1531980e+01   3.6443390e+00  -6.1181666e-02  -5.6517412e-03  -4.2322819e-02
   9.5300000e+02   1.1521650e+01   3.6437810e+00  -6.1246758e-02  -5.6523762e-03  -4.2349329e-02
   9.5400000e+02   1.1511330e+01   3.6432240e+00  -6.1311682e-02  -5.6529925e-03  -4.2375794e-02
   9.5500000e+02   1.1501040e+01   3.6426680e+00  -6.1376466e-02  -5.6536080e-03  -4.2402214e-02
   9.5600000e+02   1.1490770e+01   3.6421140e+00  -6.1441105e-02  -5.6542156e-03  -4.2428581e-02
   9.5700000e+02   1.1480510e+01   3.6415600e+00  -6.1505604e-02  -5.6548044e-03  -4.2454919e-02
   9.5800000e+02   1.1470270e+01   3.6410070e+00  -6.1569967e-02  -5.6553832e-03  -4.2481216e-02
   9.5900000e+02   1.1460060e+01   3.6404560e+00  -6.1634171e-02  -5.6559613e-03  -4.2507456e-02
   9.6000000e+02   1.1449860e+01   3.6399050e+00  -6.1698250e-02  -5.6565205e-03  -4.2533667e-02
   9.6100000e+02   1.1439680e+01   3.6393550e+00  -6.1762187e-02  -5.6570704e-03  -4.2559837e-02
   9.6200000e+02   1.1429510e+01   3.6388070e+00  -6.1825956e-02  -5.6576029e-03  -4.2585953e-02
   9.6300000e+02   1.1419370e+01   3.6382590e+00  -6.1889604e-02  -5.6581350e-03  -4.2612036e-02
   9.6400000e+02   1.1409240e+01   3.6377130e+00  -6.1953081e-02  -5.6586489e-03  -4.2638065e-02
   9.6500000e+02   1.1399140e+01   3.6371670e+00  -6.2016457e-02  -5.6591628e-03  -4.2664065e-02
   9.6600000e+02   1.1389050e+01   3.6366230e+00  -6.2079676e-02  -5.6596610e-03  -4.2690013e-02
   9.6700000e+02   1.1378980e+01   3.6360790e+00  -6.2142757e-02  -5.6601471e-03  -4.2715929e-02
   9.6800000e+02   1.1368920e+01   3.6355360e+00  -6.2205693e-02  -5.6606164e-03  -4.2741805e-02
   9.6900000e+02   1.1358890e+01   3.6349950e+00  -6.2268501e-02  -5.6610871e-03  -4.2767629e-02
   9.7000000e+02   1.1348870e+01   3.6344540e+00  -6.2331149e-02  -5.6615395e-03  -4.2793418e-02
   9.7100000e+02   1.1338870e+01   3.6339150e+00  -6.2393649e-02  -5.6619847e-03  -4.2819154e-02
   9.7200000e+02   1.1328890e+01   3.6333760e+00  -6.2456046e-02  -5.6624197e-03  -4.2844864e-02
   9.7300000e+02   1.1318930e+01   3.6328380e+00  -6.2518309e-02  -5.6628488e-03  -4.2870532e-02
   9.7400000e+02   1.1308990e+01   3.6323020e+00  -6.2580396e-02  -5.6632694e-03  -4.2896142e-02
   9.7500000e+02   1.1299060e+01   3.6317660e+00  -6.2642361e-02  -5.6636707e-03  -4.2921725e-02
   9.7600000e+02   1.1289150e+01   3.6312310e+00  -6.2704204e-02  -5.6640639e-03  -4.2947269e-02
   9.7700000e+02   1.1279260e+01   3.6306970e+00  -6.2765903e-02  -5.6644505e-03  -4.2972769e-02
   9.7800000e+02   1.1269390e+01   3.6301650e+00  -6.2827449e-02  -5.6648311e-03  -4.2998215e-02
   9.7900000e+02   1.1259530e+01   3.6296330e+00  -6.2888864e-02  -5.6651920e-03  -4.3023632e-02
   9.8000000e+02   1.1249690e+01   3.6291020e+00  -6.2950155e-02  -5.6655449e-03  -4.3049010e-02
   9.8100000e+02   1.1239870e+01   3.6285720e+00  -6.3011320e-02  -5.6658923e-03  -4.3074348e-02
   9.8200000e+02   1.1230070e+01   3.6280430e+00  -6.3072330e-02  -5.6662317e-03  -4.3099639e-02
   9.8300000e+02   1.1220280e+01   3.6275150e+00  -6.3133201e-02  -5.6665535e-03  -4.3124892e-02
   9.8400000e+02   1.1210520e+01   3.6269890e+00  -6.3193962e-02  -5.6668803e-03  -4.3150095e-02
   9.8500000e+02   1.1200760e+01   3.6264630e+00  -6.3254551e-02  -5.6671774e-03  -4.3175264e-02
   9.8600000e+02   1.1191030e+01   3.6259380e+00  -6.3315043e-02  -5.6674806e-03  -4.3200394e-02
   9.8700000e+02   1.1181310e+01   3.6254130e+00  -6.3375400e-02  -5.6677630e-03  -4.3225498e-02
   9.8800000e+02   1.1171610e+01   3.6248900e+00  -6.3435603e-02  -5.6680402e-03  -4.3250544e-02
   9.8900000e+02   1.1161930e+01   3.6243680e+00  -6.3495674e-02  -5.6683108e-03  -4.3275549e-02
   9.9000000e+02   1.1152270e+01   3.6238470e+00  -6.3555622e-02  -5.6685773e-03  -4.3300513e-02
   9.9100000e+02   1.1142620e+01   3.6233270e+00  -6.3615441e-02  -5.6688249e-03  -4.3325442e-02
   9.9200000e+02   1.1132990e+01   3.6228070e+00  -6.3675131e-02  -5.6690670e-03  -4.3350337e-02
   9.9300000e+02   1.1123370e+01   3.6222890e+00  -6.3734669e-02  -5.6692918e-03  -4.3375181e-02
   9.9400000e+02   1.1113780e+01   3.6217710e+00  -6.3794113e-02  -5.6695199e-03  -4.3399997e-02
   9.9500000e+02   1.1104200e+01   3.6212550e+00  -6.3853409e-02  -5.6697339e-03  -4.3424763e-02
   9.9600000e+02   1.1094630e+01   3.6207390e+00  -6.3912551e-02  -5.6699286e-03  -4.3449494e-02
   9.9700000e+02   1.1085090e+01   3.6202250e+00  -6.3971598e-02  -5.6701317e-03  -4.3474179e-02
   9.9800000e+02   1.1075560e+01   3.6197110e+00  -6.4030489e-02  -5.6703151e-03  -4.3498830e-02
   9.9900000e+02   1.1066040e+01   3.6191980e+00  -6.4089259e-02  -5.6704833e-03  -4.3523445e-02
   1.0000000e+03   1.1056550e+01   3.6186860e+00  -6.4147914e-02  -5.6706568e-03  -4.3548016e-02
   1.0010000e+03   1.1047060e+01   3.6181750e+00  -6.4206406e-02  -5.6708037e-03  -4.3572546e-02
   1.0020000e+03   1.1037600e+01   3.6176650e+00  -6.4264805e-02  -5.6709552e-03  -4.3597040e-02
   1.0030000e+03   1.1028150e+01   3.6171560e+00  -6.4323058e-02  -5.6710930e-03  -4.3621492e-02
   1.0040000e+03   1.1018720e+01   3.6166480e+00  -6.4381195e-02  -5.6712224e-03  -4.3645905e-02
   1.0050000e+03   1.1009310e+01   3.6161410e+00  -6.4439198e-02  -5.6713487e-03  -4.3670276e-02
   1.0060000e+03   1.0999910e+01   3.6156350e+00  -6.4497068e-02  -5.6714605e-03  -4.3694605e-02
   1.0070000e+03   1.0990530e+01   3.6151290e+00  -6.4554815e-02  -5.6715644e-03  -4.3718907e-02
   1.0080000e+03   1.0981160e+01   3.6146250e+00  -6.4612438e-02  -5.6716549e-03  -4.3743161e-02
   1.0090000e+03   1.0971810e+01   3.6141210e+00  -6.4669933e-02  -5.6717387e-03  -4.3767382e-02
   1.0100000e+03   1.0962480e+01   3.6136180e+00  -6.4727312e-02  -5.6718178e-03  -4.3791566e-02
   1.0110000e+03   1.0953160e+01   3.6131170e+00  -6.4784537e-02  -5.6718842e-03  -4.3815695e-02
   1.0120000e+03   1.0943860e+01   3.6126160e+00  -6.4841654e-02  -5.6719439e-03  -4.3839797e-02
   1.0130000e+03   1.0934580e+01   3.6121160e+00  -6.4898674e-02  -5.6720003e-03  -4.3863864e-02
   1.0140000e+03   1.0925310e+01   3.6116170e+00  -6.4955529e-02  -5.6720398e-03  -4.3887885e-02
   1.0150000e+03   1.0916060e+01   3.6111180e+00  -6.5012294e-02  -5.6720742e-03  -4.3911881e-02
   1.0160000e+03   1.0906820e+01   3.6106210e+00  -6.5068928e-02  -5.6720977e-03  -4.3935830e-02
   1.0170000e+03   1.0897600e+01   3.6101250e+00  -6.5125410e-02  -5.6721157e-03  -4.3959732e-02
   1.0180000e+03   1.0888390e+01   3.6096290e+00  -6.5181783e-02  -5.6721177e-03  -4.3983608e-02
   1.0190000e+03   1.0879200e+01   3.6091350e+00  -6.5238034e-02  -5.6721167e-03  -4.4007434e-02
   1.0200000e+03   1.0870030e+01   3.6086410e+00  -6.5294171e-02  -5.6721099e-03  -4.4031232e-02
   1.0210000e+03   1.0860870e+01   3.6081480e+00  -6.5350181e-02  -5.6720903e-03  -4.4054991e-02
   1.0220000e+03   1.0851730e+01   3.6076560e+00  -6.5406078e-02  -5.6720664e-03  -4.4078711e-02
   1.0230000e+03   1.0842600e+01   3.6071650e+00  -6.5461825e-02  -5.6720279e-03  -4.4102388e-02
   1.0240000e+03   1.0833490e+01   3.6066750e+00  -6.5517460e-02  -5.6719867e-03  -4.4126026e-02
   1.0250000e+03   1.0824400e+01   3.6061860e+00  -6.5573006e-02  -5.6719429e-03  -4.4149631e-02
   1.0260000e+03   1.0815320e+01   3.6056970e+00  -6.5628409e-02  -5.6718815e-03  -4.4173203e-02
   1.0270000e+03   1.0806250e+01   3.6052100e+00  -6.5683667e-02  -5.6718096e-03  -4.4196724e-02
   1.0280000e+03   1.0797200e+01   3.6047230e+00  -6.5738843e-02  -5.6717323e-03  -4.4220222e-02
   1.0290000e+03   1.0788170e+01   3.6042370e+00  -6.5793878e-02  -5.6716514e-03  -4.4243675e-02
   1.0300000e+03   1.0779150e+01   3.6037520e+00  -6.5848800e-02  -5.6715573e-03  -4.4267093e-02
   1.0310000e+03   1.0770150e+01   3.6032680e+00  -6.5903602e-02  -5.6714588e-03  -4.4290471e-02
   1.0320000e+03   1.0761160e+01   3.6027850e+00  -6.5958289e-02  -5.6713491e-03  -4.4313811e-02
   1.0330000e+03   1.0752190e+01   3.6023030e+00  -6.6012851e-02  -5.6712365e-03  -4.4337109e-02
   1.0340000e+03   1.0743230e+01   3.6018210e+00  -6.6067311e-02  -5.6711091e-03  -4.4360384e-02
   1.0350000e+03   1.0734290e+01   3.6013400e+00  -6.6121647e-02  -5.6709783e-03  -4.4383619e-02
   1.0360000e+03   1.0725360e+01   3.6008610e+00  -6.6175825e-02  -5.6708355e-03  -4.4406798e-02
   1.0370000e+03   1.0716450e+01   3.6003820e+00  -6.6229935e-02  -5.6706892e-03  -4.4429957e-02
   1.0380000e+03   1.0707550e+01   3.5999040e+00  -6.6283902e-02  -5.6705305e-03  -4.4453073e-02
   1.0390000e+03   1.0698670e+01   3.5994260e+00  -6.6337778e-02  -5.6703676e-03  -4.4476166e-02
   1.0400000e+03   1.0689800e+01   3.5989500e+00  -6.6391514e-02  -5.6701922e-03  -4.4499207e-02
   1.0410000e+03   1.0680950e+01   3.5984750e+00  -6.6445118e-02  -5.6700163e-03  -4.4522203e-02
   1.0420000e+03   1.0672110e+01   3.5980000e+00  -6.6498636e-02  -5.6698250e-03  -4.4545180e-02
   1.0430000e+03   1.0663290e+01   3.5975260e+00  -6.6552042e-02  -5.6696334e-03  -4.4568118e-02
   1.0440000e+03   1.0654480e+01   3.5970530e+00  -6.6605322e-02  -5.6694288e-03  -4.4591017e-02
   1.0450000e+03   1.0645680e+01   3.5965810e+00  -6.6658470e-02  -5.6692106e-03  -4.4613876e-02
   1.0460000e+03   1.0636910e+01   3.5961100e+00  -6.6711522e-02  -5.6690015e-03  -4.4636694e-02
   1.0470000e+03   1.0628140e+01   3.5956390e+00  -6.6764440e-02  -5.6687682e-03  -4.4659486e-02
   1.0480000e+03   1.0619390e+01   3.5951690e+00  -6.6817268e-02  -5.6685323e-03  -4.4682245e-02
   1.0490000e+03   1.0610660e+01   3.5947010e+00  -6.6869964e-02  -5.6682980e-03  -4.4704948e-02
   1.0500000e+03   1.0601940e+01   3.5942330e+00  -6.6922561e-02  -5.6680488e-03  -4.4727629e-02
   1.0510000e+03   1.0593230e+01   3.5937660e+00  -6.6975028e-02  -5.6677881e-03  -4.4750270e-02
   1.0520000e+03   1.0584540e+01   3.5932990e+00  -6.7027405e-02  -5.6675236e-03  -4.4772885e-02
   1.0530000e+03   1.0575860e+01   3.5928340e+00  -6.7079637e-02  -5.6672512e-03  -4.4795447e-02
   1.0540000e+03   1.0567200e+01   3.5923690e+00  -6.7131783e-02  -5.6669732e-03  -4.4817986e-02
   1.0550000e+03   1.0558550e+01   3.5919050e+00  -6.7183816e-02  -5.6666857e-03  -4.4840489e-02
   1.0560000e+03   1.0549920e+01   3.5914420e+00  -6.7235742e-02  -5.6663952e-03  -4.4862952e-02
   1.0570000e+03   1.0541300e+01   3.5909800e+00  -6.7287531e-02  -5.6660937e-03  -4.4885375e-02
   1.0580000e+03   1.0532690e+01   3.5905190e+00  -6.7339203e-02  -5.6657818e-03  -4.4907760e-02
   1.0590000e+03   1.0524100e+01   3.5900580e+00  -6.7390807e-02  -5.6654675e-03  -4.4930124e-02
   1.0600000e+03   1.0515520e+01   3.5895980e+00  -6.7442270e-02  -5.6651405e-03  -4.4952448e-02
   1.0610000e+03   1.0506960e+01   3.5891390e+00  -6.7493622e-02  -5.6648128e-03  -4.4974730e-02
   1.0620000e+03   1.0498410e+01   3.5886810e+00  -6.7544878e-02  -5.6644739e-03  -4.4996979e-02
   1.0630000e+03   1.0489880e+01   3.5882240e+00  -6.7596003e-02  -5.6641346e-03  -4.5019186e-02
   1.0640000e+03   1.0481360e+01   3.5877670e+00  -6.7647043e-02  -5.6637848e-03  -4.5041370e-02
   1.0650000e+03   1.0472850e+01   3.5873120e+00  -6.7697942e-02  -5.6634224e-03  -4.5063504e-02
   1.0660000e+03   1.0464360e+01   3.5868570e+00  -6.7748767e-02  -5.6630593e-03  -4.5085614e-02
   1.0670000e+03   1.0455880e+01   3.5864020e+00  -6.7799456e-02  -5.6626821e-03  -4.5107693e-02
   1.0680000e+03   1.0447410e+01   3.5859490e+00  -6.7850029e-02  -5.6622975e-03  -4.5129725e-02
   1.0690000e+03   1.0438960e+01   3.5854970e+00  -6.7900512e-02  -5.6619137e-03  -4.5151722e-02
   1.0700000e+03   1.0430530e+01   3.5850450e+00  -6.7950894e-02  -5.6615256e-03  -4.5173692e-02
   1.0710000e+03   1.0422100e+01   3.5845940e+00  -6.8001150e-02  -5.6611174e-03  -4.5195625e-02
   1.0720000e+03   1.0413690e+01   3.5841440e+00  -6.8051317e-02  -5.6607112e-03  -4.5217521e-02
   1.0730000e+03   1.0405300e+01   3.5836940e+00  -6.8101382e-02  -5.6603008e-03  -4.5239391e-02
   1.0740000e+03   1.0396910e+01   3.5832460e+00  -6.8151307e-02  -5.6598720e-03  -4.5261213e-02
   1.0750000e+03   1.0388550e+01   3.5827980e+00  -6.8201142e-02  -5.6594518e-03  -4.5283005e-02
   1.0760000e+03   1.0380190e+01   3.5823510e+00  -6.8250872e-02  -5.6590117e-03  -4.5304764e-02
   1.0770000e+03   1.0371850e+01   3.5819050e+00  -6.8300483e-02  -5.6585713e-03  -4.5326483e-02
   1.0780000e+03   1.0363520e+01   3.5814590e+00  -6.8350019e-02  -5.6581197e-03  -4.5348183e-02
   1.0790000e+03   1.0355210e+01   3.5810150e+00  -6.8399416e-02  -5.6576696e-03  -4.5369826e-02
   1.0800000e+03   1.0346900e+01   3.5805710e+00  -6.8448695e-02  -5.6571966e-03  -4.5391445e-02
   1.0810000e+03   1.0338620e+01   3.5801280e+00  -6.8497918e-02  -5.6567373e-03  -4.5413032e-02
   1.0820000e+03   1.0330340e+01   3.5796850e+00  -6.8546996e-02  -5.6562529e-03  -4.5434589e-02
   1.0830000e+03   1.0322080e+01   3.5792440e+00  -6.8595982e-02  -5.6557735e-03  -4.5456100e-02
   1.0840000e+03   1.0313830e+01   3.5788030e+00  -6.8644862e-02  -5.6552809e-03  -4.5477585e-02
   1.0850000e+03   1.0305600e+01   3.5783630e+00  -6.8693639e-02  -5.6547901e-03  -4.5499031e-02
   1.0860000e+03   1.0297380e+01   3.5779240e+00  -6.8742320e-02  -5.6542895e-03  -4.5520444e-02
   1.0870000e+03   1.0289170e+01   3.5774850e+00  -6.8790891e-02  -5.6537766e-03  -4.5541831e-02
   1.0880000e+03   1.0280980e+01   3.5770480e+00  -6.8839343e-02  -5.6532684e-03  -4.5563165e-02
   1.0890000e+03   1.0272790e+01   3.5766110e+00  -6.8887694e-02  -5.6527363e-03  -4.5584480e-02
   1.0900000e+03   1.0264630e+01   3.5761740e+00  -6.8935990e-02  -5.6522170e-03  -4.5605770e-02
   1.0910000e+03   1.0256470e+01   3.5757390e+00  -6.8984133e-02  -5.6516784e-03  -4.5627010e-02
   1.0920000e+03   1.0248330e+01   3.5753040e+00  -6.9032203e-02  -5.6511396e-03  -4.5648226e-02
   1.0930000e+03   1.0240200e+01   3.5748700e+00  -6.9080143e-02  -5.6505892e-03  -4.5669402e-02
   1.0940000e+03   1.0232080e+01   3.5744370e+00  -6.9127985e-02  -5.6500318e-03  -4.5690545e-02
   1.0950000e+03   1.0223980e+01   3.5740050e+00  -6.9175735e-02  -5.6494762e-03  -4.5711650e-02
   1.0960000e+03   1.0215890e+01   3.5735730e+00  -6.9223371e-02  -5.6489094e-03  -4.5732728e-02
   1.0970000e+03   1.0207810e+01   3.5731420e+00  -6.9270926e-02  -5.6483337e-03  -4.5753776e-02
   1.0980000e+03   1.0199750e+01   3.5727120e+00  -6.9318363e-02  -5.6477589e-03  -4.5774781e-02
   1.0990000e+03   1.0191700e+01   3.5722830e+00  -6.9365698e-02  -5.6471784e-03  -4.5795752e-02
   1.1000000e+03   1.0183660e+01   3.5718540e+00  -6.9412936e-02  -5.6465838e-03  -4.5816699e-02
   1.1010000e+03   1.0175630e+01   3.5714260e+00  -6.9460087e-02  -5.6459817e-03  -4.5837613e-02
   1.1020000e+03   1.0167620e+01   3.5709990e+00  -6.9507119e-02  -5.6453819e-03  -4.5858485e-02
   1.1030000e+03   1.0159620e+01   3.5705720e+00  -6.9554056e-02  -5.6447724e-03  -4.5879333e-02
   1.1040000e+03   1.0151630e+01   3.5701470e+00  -6.9600892e-02  -5.6441546e-03  -4.5900137e-02
   1.1050000e+03   1.0143650e+01   3.5697220e+00  -6.9647628e-02  -5.6435281e-03  -4.5920915e-02
   1.1060000e+03   1.0135690e+01   3.5692970e+00  -6.9694282e-02  -5.6429008e-03  -4.5941670e-02
   1.1070000e+03   1.0127740e+01   3.5688740e+00  -6.9740807e-02  -5.6422676e-03  -4.5962373e-02
   1.1080000e+03   1.0119800e+01   3.5684510e+00  -6.9787256e-02  -5.6416237e-03  -4.5983057e-02
   1.1090000e+03   1.0111880e+01   3.5680290e+00  -6.9833605e-02  -5.6409833e-03  -4.6003702e-02
   1.1100000e+03   1.0103960e+01   3.5676080e+00  -6.9879823e-02  -5.6403229e-03  -4.6024309e-02
   1.1110000e+03   1.0096060e+01   3.5671870e+00  -6.9925975e-02  -5.6396639e-03  -4.6044894e-02
   1.1120000e+03   1.0088180e+01   3.5667670e+00  -6.9972053e-02  -5.6390087e-03  -4.6065448e-02
   1.1130000e+03   1.0080300e+01   3.5663480e+00  -7.0017995e-02  -5.6383343e-03  -4.6085961e-02
   1.1140000e+03   1.0072440e+01   3.5659300e+00  -7.0063837e-02  -5.6376611e-03  -4.6106437e-02
   1.1150000e+03   1.0064590e+01   3.5655120e+00  -7.0109596e-02  -5.6369792e-03  -4.6126891e-02
   1.1160000e+03   1.0056750e+01   3.5650950e+00  -7.0155257e-02  -5.6362902e-03  -4.6147311e-02
   1.1170000e+03   1.0048920e+01   3.5646790e+00  -7.0200805e-02  -5.6355930e-03  -4.6167692e-02
   1.1180000e+03   1.0041110e+01   3.5642630e+00  -7.0246285e-02  -5.6348969e-03  -4.6188052e-02
   1.1190000e+03   1.0033310e+01   3.5638480e+00  -7.0291660e-02  -5.6341942e-03  -4.6208376e-02
   1.1200000e+03   1.0025520e+01   3.5634340e+00  -7.0336930e-02  -5.6334818e-03  -4.6228664e-02
   1.1210000e+03   1.0017740e+01   3.5630210e+00  -7.0382094e-02  -5.6327635e-03  -4.6248915e-02
   1.1220000e+03   1.0009980e+01   3.5626080e+00  -7.0427189e-02  -5.6320460e-03  -4.6269143e-02
   1.1230000e+03   1.0002220e+01   3.5621960e+00  -7.0472163e-02  -5.6313096e-03  -4.6289336e-02
