   3.2000000e+01   2.4569980e+02   5.0130180e+00  -9.0902849e-02   0.0000000e+00   1.4768186e-07
   3.3000000e+01   2.3933150e+02   4.9927850e+00  -9.2803548e-02   0.0000000e+00   1.5050557e-07
   3.4000000e+01   2.3328700e+02   4.9736800e+00  -9.4674575e-02   0.0000000e+00   1.5326589e-07
   3.5000000e+01   2.2754200e+02   4.9556160e+00  -9.6518051e-02   0.0000000e+00   1.5596638e-07
   3.6000000e+01   2.2207440e+02   4.9385120e+00  -9.8335959e-02   0.0000000e+00   1.5861029e-07
   3.7000000e+01   2.1686440e+02   4.9222980e+00  -1.0013007e-01   0.0000000e+00   1.6120069e-07
   3.8000000e+01   2.1189420e+02   4.9069060e+00  -1.0190211e-01   0.0000000e+00   1.6374049e-07
   3.9000000e+01   2.0714720e+02   4.8922790e+00  -1.0365349e-01   0.0000000e+00   1.6623204e-07
   4.0000000e+01   2.0260890e+02   4.8783620e+00  -1.0538561e-01   0.0000000e+00   1.6867767e-07
   4.1000000e+01   1.9826550e+02   4.8651050e+00  -1.0709975e-01   0.0000000e+00   1.7107949e-07
   4.2000000e+01   1.9410480e+02   4.8524630e+00  -1.0879710e-01   0.0000000e+00   1.7343956e-07
   4.3000000e+01   1.9011550e+02   4.8403950e+00  -1.1047866e-01   0.0000000e+00   1.7575943e-07
   4.4000000e+01   1.8628700e+02   4.8288630e+00  -1.1214549e-01   0.0000000e+00   1.7804105e-07
   4.5000000e+01   1.8260990e+02   4.8178320e+00  -1.1379847e-01   0.0000000e+00   1.8028567e-07
   4.6000000e+01   1.7907540e+02   4.8072710e+00  -1.1543838e-01   0.0000000e+00   1.8249464e-07
   4.7000000e+01   1.7567520e+02   4.7971500e+00  -1.1706607e-01   0.0000000e+00   1.8466941e-07
   4.8000000e+01   1.7240200e+02   4.7874420e+00  -1.1868222e-01   0.0000000e+00   1.8681112e-07
   4.9000000e+01   1.6924860e+02   4.7781220e+00  -1.2028755e-01   0.0000000e+00   1.8892082e-07
   5.0000000e+01   1.6620860e+02   4.7691660e+00  -1.2188262e-01   0.0000000e+00   1.9099951e-07
   5.1000000e+01   1.6327610e+02   4.7605550e+00  -1.2346801e-01   0.0000000e+00   1.9304820e-07
   5.2000000e+01   1.6044540e+02   4.7522680e+00  -1.2504425e-01   0.0000000e+00   1.9506757e-07
   5.3000000e+01   1.5771130e+02   4.7442860e+00  -1.2661190e-01   0.0000000e+00   1.9705857e-07
   5.4000000e+01   1.5506900e+02   4.7365930e+00  -1.2817139e-01   0.0000000e+00   1.9902206e-07
   5.5000000e+01   1.5251390e+02   4.7291730e+00  -1.2972314e-01   0.0000000e+00   2.0095850e-07
   5.6000000e+01   1.5004170e+02   4.7220110e+00  -1.3126763e-01   0.0000000e+00   2.0286877e-07
   5.7000000e+01   1.4764860e+02   4.7150940e+00  -1.3280519e-01   0.0000000e+00   2.0475322e-07
   5.8000000e+01   1.4533070e+02   4.7084090e+00  -1.3433619e-01   0.0000000e+00   2.0661270e-07
   5.9000000e+01   1.4308470e+02   4.7019440e+00  -1.3586104e-01   0.0000000e+00   2.0844761e-07
   6.0000000e+01   1.4090710e+02   4.6956880e+00  -1.3737997e-01   0.0000000e+00   2.1025835e-07
   6.1000000e+01   1.3879500e+02   4.6896300e+00  -1.3889343e-01   0.0000000e+00   2.1204576e-07
   6.2000000e+01   1.3674540e+02   4.6837620e+00  -1.4040161e-01   0.0000000e+00   2.1380997e-07
   6.3000000e+01   1.3475560e+02   4.6780720e+00  -1.4190478e-01   0.0000000e+00   2.1555128e-07
   6.4000000e+01   1.3282300e+02   4.6725550e+00  -1.4340329e-01   0.0000000e+00   2.1727056e-07
   6.5000000e+01   1.3094530e+02   4.6672000e+00  -1.4489737e-01   0.0000000e+00   2.1896793e-07
   6.6000000e+01   1.2912000e+02   4.6620010e+00  -1.4638717e-01   0.0000000e+00   2.2064354e-07
   6.7000000e+01   1.2734510e+02   4.6569500e+00  -1.4787312e-01   0.0000000e+00   2.2229806e-07
   6.8000000e+01   1.2561840e+02   4.6520420e+00  -1.4935523e-01   0.0000000e+00   2.2393171e-07
   6.9000000e+01   1.2393810e+02   4.6472690e+00  -1.5083385e-01   0.0000000e+00   2.2554468e-07
   7.0000000e+01   1.2230230e+02   4.6426250e+00  -1.5230915e-01   0.0000000e+00   2.2713725e-07
   7.1000000e+01   1.2070930e+02   4.6381060e+00  -1.5378131e-01   0.0000000e+00   2.2870989e-07
   7.2000000e+01   1.1915740e+02   4.6337060e+00  -1.5525051e-01   0.0000000e+00   2.3026257e-07
   7.3000000e+01   1.1764500e+02   4.6294190e+00  -1.5671709e-01   0.0000000e+00   2.3179612e-07
   7.4000000e+01   1.1617070e+02   4.6252420e+00  -1.5818099e-01   0.0000000e+00   2.3331004e-07
   7.5000000e+01   1.1473310e+02   4.6211690e+00  -1.5964253e-01   0.0000000e+00   2.3480495e-07
   7.6000000e+01   1.1333070e+02   4.6171960e+00  -1.6110180e-01   0.0000000e+00   2.3628083e-07
   7.7000000e+01   1.1196240e+02   4.6133200e+00  -1.6255904e-01   0.0000000e+00   2.3773822e-07
   7.8000000e+01   1.1062690e+02   4.6095360e+00  -1.6401443e-01   0.0000000e+00   2.3917710e-07
   7.9000000e+01   1.0932290e+02   4.6058420e+00  -1.6546789e-01   0.0000000e+00   2.4059747e-07
   8.0000000e+01   1.0804960e+02   4.6022330e+00  -1.6691988e-01   0.0000000e+00   2.4200011e-07
   8.1000000e+01   1.0680560e+02   4.5987060e+00  -1.6837034e-01   0.0000000e+00   2.4338454e-07
   8.2000000e+01   1.0559020e+02   4.5952580e+00  -1.6981949e-01   0.0000000e+00   2.4475119e-07
   8.3000000e+01   1.0440220e+02   4.5918870e+00  -1.7126738e-01   0.0000000e+00   2.4610021e-07
   8.4000000e+01   1.0324090e+02   4.5885890e+00  -1.7271419e-01   0.0000000e+00   2.4743157e-07
   8.5000000e+01   1.0210520e+02   4.5853610e+00  -1.7416008e-01   0.0000000e+00   2.4874561e-07
   8.6000000e+01   1.0099440e+02   4.5822020e+00  -1.7560504e-01   0.0000000e+00   2.5004218e-07
   8.7000000e+01   9.9907580e+01   4.5791090e+00  -1.7704949e-01   0.0000000e+00   2.5132207e-07
   8.8000000e+01   9.8844090e+01   4.5760790e+00  -1.7849319e-01   0.0000000e+00   2.5258452e-07
   8.9000000e+01   9.7803140e+01   4.5731100e+00  -1.7993641e-01   0.0000000e+00   2.5382993e-07
   9.0000000e+01   9.6784020e+01   4.5702000e+00  -1.8137945e-01   0.0000000e+00   2.5505909e-07
   9.1000000e+01   9.5786060e+01   4.5673480e+00  -1.8282204e-01   0.0000000e+00   2.5627090e-07
   9.2000000e+01   9.4808610e+01   4.5645500e+00  -1.8426459e-01   0.0000000e+00   2.5746631e-07
   9.3000000e+01   9.3851040e+01   4.5618050e+00  -1.8570708e-01   0.0000000e+00   2.5864537e-07
   9.4000000e+01   9.2912760e+01   4.5591120e+00  -1.8714961e-01   0.0000000e+00   2.5980780e-07
   9.5000000e+01   9.1993190e+01   4.5564690e+00  -1.8859229e-01   0.0000000e+00   2.6095379e-07
   9.6000000e+01   9.1091770e+01   4.5538740e+00  -1.9003521e-01   0.0000000e+00   2.6208325e-07
   9.7000000e+01   9.0207980e+01   4.5513260e+00  -1.9147851e-01   0.0000000e+00   2.6319671e-07
   9.8000000e+01   8.9341300e+01   4.5488220e+00  -1.9292228e-01   0.0000000e+00   2.6429386e-07
   9.9000000e+01   8.8491260e+01   4.5463620e+00  -1.9436654e-01   0.0000000e+00   2.6537522e-07
   1.0000000e+02   8.7657360e+01   4.5439450e+00  -1.9581144e-01   0.0000000e+00   2.6644012e-07
   1.0100000e+02   8.6839160e+01   4.5415680e+00  -1.9725696e-01   0.0000000e+00   2.6748888e-07
   1.0200000e+02   8.6036230e+01   4.5392310e+00  -1.9870348e-01   0.0000000e+00   2.6852213e-07
   1.0300000e+02   8.5248130e+01   4.5369320e+00  -2.0015064e-01   0.0000000e+00   2.6953853e-07
   1.0400000e+02   8.4474470e+01   4.5346700e+00  -2.0159901e-01   0.0000000e+00   2.7053982e-07
   1.0500000e+02   8.3714850e+01   4.5324450e+00  -2.0304828e-01   0.0000000e+00   2.7152522e-07
   1.0600000e+02   8.2968890e+01   4.5302540e+00  -2.0449880e-01   0.0000000e+00   2.7249444e-07
   1.0700000e+02   8.2236240e+01   4.5280980e+00  -2.0595030e-01   0.0000000e+00   2.7344765e-07
   1.0800000e+02   8.1516530e+01   4.5259740e+00  -2.0740333e-01   0.0000000e+00   2.7438556e-07
   1.0900000e+02   8.0809440e+01   4.5238820e+00  -2.0885760e-01   0.0000000e+00   2.7530744e-07
   1.1000000e+02   8.0114620e+01   4.5218210e+00  -2.1031326e-01   0.0000000e+00   2.7621330e-07
   1.1100000e+02   7.9431780e+01   4.5197910e+00  -2.1177049e-01   0.0000000e+00   2.7710363e-07
   1.1200000e+02   7.8760600e+01   4.5177890e+00  -2.1322932e-01   0.0000000e+00   2.7797831e-07
   1.1300000e+02   7.8100780e+01   4.5158160e+00  -2.1468977e-01   0.0000000e+00   2.7883722e-07
   1.1400000e+02   7.7452050e+01   4.5138700e+00  -2.1615197e-01   0.0000000e+00   2.7968019e-07
   1.1500000e+02   7.6814130e+01   4.5119510e+00  -2.1761597e-01   0.0000000e+00   2.8050770e-07
   1.1600000e+02   7.6186740e+01   4.5100580e+00  -2.1908174e-01   0.0000000e+00   2.8131937e-07
   1.1700000e+02   7.5569640e+01   4.5081900e+00  -2.2054949e-01   0.0000000e+00   2.8211524e-07
   1.1800000e+02   7.4962570e+01   4.5063470e+00  -2.2201918e-01   0.0000000e+00   2.8289536e-07
   1.1900000e+02   7.4365300e+01   4.5045280e+00  -2.2349091e-01   0.0000000e+00   2.8365970e-07
   1.2000000e+02   7.3777580e+01   4.5027310e+00  -2.2496480e-01   0.0000000e+00   2.8440833e-07
   1.2100000e+02   7.3199190e+01   4.5009580e+00  -2.2644080e-01   0.0000000e+00   2.8514110e-07
   1.2200000e+02   7.2629920e+01   4.4992060e+00  -2.2791907e-01   0.0000000e+00   2.8585817e-07
   1.2300000e+02   7.2069540e+01   4.4974750e+00  -2.2939960e-01   0.0000000e+00   2.8655927e-07
   1.2400000e+02   7.1517860e+01   4.4957650e+00  -2.3088249e-01   0.0000000e+00   2.8724468e-07
   1.2500000e+02   7.0974670e+01   4.4940750e+00  -2.3236781e-01   0.0000000e+00   2.8791418e-07
   1.2600000e+02   7.0439790e+01   4.4924050e+00  -2.3385549e-01   0.0000000e+00   2.8856759e-07
   1.2700000e+02   6.9913020e+01   4.4907540e+00  -2.3534573e-01   0.0000000e+00   2.8920527e-07
   1.2800000e+02   6.9394180e+01   4.4891210e+00  -2.3683853e-01   0.0000000e+00   2.8982685e-07
   1.2900000e+02   6.8883090e+01   4.4875060e+00  -2.3833396e-01   0.0000000e+00   2.9043252e-07
   1.3000000e+02   6.8379590e+01   4.4859090e+00  -2.3983196e-01   0.0000000e+00   2.9102199e-07
   1.3100000e+02   6.7883500e+01   4.4843290e+00  -2.4133275e-01   0.0000000e+00   2.9159551e-07
   1.3200000e+02   6.7394670e+01   4.4827650e+00  -2.4283627e-01   0.0000000e+00   2.9215278e-07
   1.3300000e+02   6.6912940e+01   4.4812180e+00  -2.4434254e-01   0.0000000e+00   2.9269384e-07
   1.3400000e+02   6.6438160e+01   4.4796860e+00  -2.4585175e-01   0.0000000e+00   2.9321889e-07
   1.3500000e+02   6.5970170e+01   4.4781700e+00  -2.4736376e-01   0.0000000e+00   2.9372734e-07
   1.3600000e+02   6.5508840e+01   4.4766680e+00  -2.4887874e-01   0.0000000e+00   2.9421966e-07
   1.3700000e+02   6.5054020e+01   4.4751810e+00  -2.5039667e-01   0.0000000e+00   2.9469554e-07
   1.3800000e+02   6.4605580e+01   4.4737080e+00  -2.5191761e-01   0.0000000e+00   2.9515494e-07
   1.3900000e+02   6.4163390e+01   4.4722490e+00  -2.5344159e-01   0.0000000e+00   2.9559783e-07
   1.4000000e+02   6.3727320e+01   4.4708030e+00  -2.5496863e-01   0.0000000e+00   2.9602404e-07
   1.4100000e+02   6.3297240e+01   4.4693700e+00  -2.5649885e-01   0.0000000e+00   2.9643376e-07
   1.4200000e+02   6.2873030e+01   4.4679490e+00  -2.5803219e-01   0.0000000e+00   2.9682669e-07
   1.4300000e+02   6.2454570e+01   4.4665410e+00  -2.5956876e-01   0.0000000e+00   2.9720295e-07
   1.4400000e+02   6.2041760e+01   4.4651450e+00  -2.6110845e-01   0.0000000e+00   2.9756219e-07
   1.4500000e+02   6.1634460e+01   4.4637600e+00  -2.6265144e-01   0.0000000e+00   2.9790450e-07
   1.4600000e+02   6.1232590e+01   4.4623870e+00  -2.6419769e-01   0.0000000e+00   2.9822988e-07
   1.4700000e+02   6.0836020e+01   4.4610250e+00  -2.6574724e-01   0.0000000e+00   2.9853826e-07
   1.4800000e+02   6.0444670e+01   4.4596730e+00  -2.6730016e-01   0.0000000e+00   2.9882935e-07
   1.4900000e+02   6.0058420e+01   4.4583320e+00  -2.6885640e-01   0.0000000e+00   2.9910329e-07
   1.5000000e+02   5.9677170e+01   4.4570010e+00  -2.7041598e-01   0.0000000e+00   2.9935978e-07
   1.5100000e+02   5.9300840e+01   4.4556800e+00  -2.7197897e-01   0.0000000e+00   2.9959890e-07
   1.5200000e+02   5.8929330e+01   4.4543680e+00  -2.7354542e-01   0.0000000e+00   2.9982064e-07
   1.5300000e+02   5.8562550e+01   4.4530660e+00  -2.7511524e-01   0.0000000e+00   3.0002466e-07
   1.5400000e+02   5.8200400e+01   4.4517730e+00  -2.7668849e-01   0.0000000e+00   3.0021107e-07
   1.5500000e+02   5.7842810e+01   4.4504890e+00  -2.7826522e-01   0.0000000e+00   3.0037958e-07
   1.5600000e+02   5.7489690e+01   4.4492130e+00  -2.7984544e-01   0.0000000e+00   3.0053041e-07
   1.5700000e+02   5.7140950e+01   4.4479450e+00  -2.8142916e-01   0.0000000e+00   3.0066316e-07
   1.5800000e+02   5.6796520e+01   4.4466860e+00  -2.8301632e-01   0.0000000e+00   3.0077781e-07
   1.5900000e+02   5.6456320e+01   4.4454350e+00  -2.8460695e-01   0.0000000e+00   3.0087428e-07
   1.6000000e+02   5.6120270e+01   4.4441910e+00  -2.8620114e-01   0.0000000e+00   3.0095266e-07
   1.6100000e+02   5.5788300e+01   4.4429540e+00  -2.8779885e-01   0.0000000e+00   3.0101264e-07
   1.6200000e+02   5.5460330e+01   4.4417250e+00  -2.8940003e-01   0.0000000e+00   3.0105392e-07
   1.6300000e+02   5.5136290e+01   4.4405030e+00  -2.9100469e-01   0.0000000e+00   3.0107675e-07
   1.6400000e+02   5.4816120e+01   4.4392870e+00  -2.9261296e-01   0.0000000e+00   3.0108095e-07
   1.6500000e+02   5.4499750e+01   4.4380780e+00  -2.9422474e-01   0.0000000e+00   3.0106655e-07
   1.6600000e+02   5.4187100e+01   4.4368760e+00  -2.9583991e-01   0.0000000e+00   3.0103297e-07
   1.6700000e+02   5.3878130e+01   4.4356800e+00  -2.9745859e-01   0.0000000e+00   3.0098038e-07
   1.6800000e+02   5.3572750e+01   4.4344890e+00  -2.9908081e-01   0.0000000e+00   3.0090865e-07
   1.6900000e+02   5.3270910e+01   4.4333050e+00  -3.0070648e-01   0.0000000e+00   3.0081796e-07
   1.7000000e+02   5.2972560e+01   4.4321260e+00  -3.0233563e-01   0.0000000e+00   3.0070763e-07
   1.7100000e+02   5.2677630e+01   4.4309530e+00  -3.0396822e-01   0.0000000e+00   3.0057797e-07
   1.7200000e+02   5.2386060e+01   4.4297850e+00  -3.0560421e-01   0.0000000e+00   3.0042852e-07
   1.7300000e+02   5.2097800e+01   4.4286220e+00  -3.0724364e-01   0.0000000e+00   3.0025959e-07
   1.7400000e+02   5.1812790e+01   4.4274640e+00  -3.0888642e-01   0.0000000e+00   3.0007069e-07
   1.7500000e+02   5.1530980e+01   4.4263110e+00  -3.1053259e-01   0.0000000e+00   2.9986199e-07
   1.7600000e+02   5.1252320e+01   4.4251630e+00  -3.1218209e-01   0.0000000e+00   2.9963303e-07
   1.7700000e+02   5.0976750e+01   4.4240190e+00  -3.1383494e-01   0.0000000e+00   2.9938422e-07
   1.7800000e+02   5.0704230e+01   4.4228790e+00  -3.1549111e-01   0.0000000e+00   2.9911487e-07
   1.7900000e+02   5.0434700e+01   4.4217440e+00  -3.1715049e-01   0.0000000e+00   2.9882519e-07
   1.8000000e+02   5.0168120e+01   4.4206130e+00  -3.1881297e-01   0.0000000e+00   2.9851472e-07
   1.8100000e+02   4.9904440e+01   4.4194850e+00  -3.2047879e-01   0.0000000e+00   2.9818388e-07
   1.8200000e+02   4.9643610e+01   4.4183620e+00  -3.2214770e-01   0.0000000e+00   2.9783211e-07
   1.8300000e+02   4.9385590e+01   4.4172420e+00  -3.2381981e-01   0.0000000e+00   2.9745959e-07
   1.8400000e+02   4.9130340e+01   4.4161250e+00  -3.2549498e-01   0.0000000e+00   2.9706583e-07
   1.8500000e+02   4.8877810e+01   4.4150120e+00  -3.2717309e-01   0.0000000e+00   2.9665101e-07
   1.8600000e+02   4.8627950e+01   4.4139020e+00  -3.2885418e-01   0.0000000e+00   2.9621483e-07
   1.8700000e+02   4.8380730e+01   4.4127950e+00  -3.3053832e-01   0.0000000e+00   2.9575742e-07
   1.8800000e+02   4.8136110e+01   4.4116910e+00  -3.3222525e-01   0.0000000e+00   2.9527836e-07
   1.8900000e+02   4.7894050e+01   4.4105900e+00  -3.3391507e-01   0.0000000e+00   2.9477775e-07
   1.9000000e+02   4.7654510e+01   4.4094920e+00  -3.3560759e-01   0.0000000e+00   2.9425523e-07
   1.9100000e+02   4.7417440e+01   4.4083960e+00  -3.3730295e-01   0.0000000e+00   2.9371093e-07
   1.9200000e+02   4.7182820e+01   4.4073030e+00  -3.3900088e-01   0.0000000e+00   2.9314453e-07
   1.9300000e+02   4.6950600e+01   4.4062120e+00  -3.4070147e-01   0.0000000e+00   2.9255597e-07
   1.9400000e+02   4.6720750e+01   4.4051230e+00  -3.4240463e-01   0.0000000e+00   2.9194525e-07
   1.9500000e+02   4.6493230e+01   4.4040370e+00  -3.4411020e-01   0.0000000e+00   2.9131219e-07
   1.9600000e+02   4.6268020e+01   4.4029530e+00  -3.4581821e-01   0.0000000e+00   2.9065667e-07
   1.9700000e+02   4.6045070e+01   4.4018700e+00  -3.4752858e-01   0.0000000e+00   2.8997837e-07
   1.9800000e+02   4.5824350e+01   4.4007900e+00  -3.4924117e-01   0.0000000e+00   2.8927750e-07
   1.9900000e+02   4.5605840e+01   4.3997110e+00  -3.5095603e-01   0.0000000e+00   2.8855365e-07
   2.0000000e+02   4.5389490e+01   4.3986340e+00  -3.5267299e-01   0.0000000e+00   2.8780687e-07
   2.0100000e+02   4.5175280e+01   4.3975580e+00  -3.5439201e-01   0.0000000e+00   2.8703714e-07
   2.0200000e+02   4.4963170e+01   4.3964840e+00  -3.5611302e-01   0.0000000e+00   2.8624413e-07
   2.0300000e+02   4.4753140e+01   4.3954110e+00  -3.5783594e-01   0.0000000e+00   2.8542816e-07
   2.0400000e+02   4.4545160e+01   4.3943400e+00  -3.5956055e-01   0.0000000e+00   2.8458826e-07
   2.0500000e+02   4.4339190e+01   4.3932700e+00  -3.6128694e-01   0.0000000e+00   2.8372522e-07
   2.0600000e+02   4.4135220e+01   4.3922000e+00  -3.6301503e-01   0.0000000e+00   2.8283847e-07
   2.0700000e+02   4.3933200e+01   4.3911320e+00  -3.6474461e-01   0.0000000e+00   2.8192817e-07
   2.0800000e+02   4.3733120e+01   4.3900650e+00  -3.6647559e-01   0.0000000e+00   2.8099370e-07
   2.0900000e+02   4.3534950e+01   4.3889980e+00  -3.6820809e-01   0.0000000e+00   2.8003557e-07
   2.1000000e+02   4.3338650e+01   4.3879330e+00  -3.6994175e-01   0.0000000e+00   2.7905373e-07
   2.1100000e+02   4.3144210e+01   4.3868680e+00  -3.7167652e-01   0.0000000e+00   2.7804733e-07
   2.1200000e+02   4.2951600e+01   4.3858030e+00  -3.7341251e-01   0.0000000e+00   2.7701691e-07
   2.1300000e+02   4.2760800e+01   4.3847390e+00  -3.7514946e-01   0.0000000e+00   2.7596229e-07
   2.1400000e+02   4.2571770e+01   4.3836760e+00  -3.7688719e-01   0.0000000e+00   2.7488321e-07
   2.1500000e+02   4.2384500e+01   4.3826130e+00  -3.7862571e-01   0.0000000e+00   2.7377983e-07
   2.1600000e+02   4.2198960e+01   4.3815500e+00  -3.8036496e-01   0.0000000e+00   2.7265167e-07
   2.1700000e+02   4.2015130e+01   4.3804880e+00  -3.8210468e-01   0.0000000e+00   2.7149922e-07
   2.1800000e+02   4.1832990e+01   4.3794250e+00  -3.8384489e-01   0.0000000e+00   2.7032180e-07
   2.1900000e+02   4.1652510e+01   4.3783630e+00  -3.8558549e-01   0.0000000e+00   2.6911992e-07
   2.2000000e+02   4.1473670e+01   4.3773010e+00  -3.8732623e-01   0.0000000e+00   2.6789296e-07
   2.2100000e+02   4.1296450e+01   4.3762380e+00  -3.8906722e-01   0.0000000e+00   2.6664152e-07
   2.2200000e+02   4.1120840e+01   4.3751760e+00  -3.9080805e-01   0.0000000e+00   2.6536477e-07
   2.2300000e+02   4.0946790e+01   4.3741130e+00  -3.9254890e-01   0.0000000e+00   2.6406336e-07
   2.2400000e+02   4.0774310e+01   4.3730510e+00  -3.9428943e-01   0.0000000e+00   2.6273656e-07
   2.2500000e+02   4.0603360e+01   4.3719870e+00  -3.9602973e-01   0.0000000e+00   2.6138505e-07
   2.2600000e+02   4.0433940e+01   4.3709240e+00  -3.9776943e-01   0.0000000e+00   2.6000816e-07
   2.2700000e+02   4.0266000e+01   4.3698600e+00  -3.9950858e-01   0.0000000e+00   2.5860581e-07
   2.2800000e+02   4.0099550e+01   4.3687960e+00  -4.0124702e-01   0.0000000e+00   2.5717878e-07
   2.2900000e+02   3.9934560e+01   4.3677310e+00  -4.0298460e-01   0.0000000e+00   2.5572627e-07
   2.3000000e+02   3.9771010e+01   4.3666660e+00  -4.0472118e-01   0.0000000e+00   2.5424808e-07
   2.3100000e+02   3.9608880e+01   4.3656000e+00  -4.0645676e-01   0.0000000e+00   2.5274500e-07
   2.3200000e+02   3.9448160e+01   4.3645330e+00  -4.0819114e-01   0.0000000e+00   2.5121640e-07
   2.3300000e+02   3.9288830e+01   4.3634650e+00  -4.0992417e-01   0.0000000e+00   2.4966264e-07
   2.3400000e+02   3.9130860e+01   4.3623970e+00  -4.1165564e-01   0.0000000e+00   2.4808323e-07
   2.3500000e+02   3.8974250e+01   4.3613280e+00  -4.1338551e-01   0.0000000e+00   2.4647847e-07
   2.3600000e+02   3.8818980e+01   4.3602580e+00  -4.1511379e-01   0.0000000e+00   2.4484878e-07
   2.3700000e+02   3.8665030e+01   4.3591870e+00  -4.1684015e-01   0.0000000e+00   2.4319341e-07
   2.3800000e+02   3.8512380e+01   4.3581160e+00  -4.1856439e-01   0.0000000e+00   2.4151234e-07
   2.3900000e+02   3.8361020e+01   4.3570430e+00  -4.2028663e-01   0.0000000e+00   2.3980617e-07
   2.4000000e+02   3.8210930e+01   4.3559690e+00  -4.2200661e-01   0.0000000e+00   2.3807478e-07
   2.4100000e+02   3.8062100e+01   4.3548940e+00  -4.2372422e-01   0.0000000e+00   2.3631751e-07
   2.4200000e+02   3.7914510e+01   4.3538180e+00  -4.2543931e-01   0.0000000e+00   2.3453539e-07
   2.4300000e+02   3.7768150e+01   4.3527410e+00  -4.2715170e-01   0.0000000e+00   2.3272796e-07
   2.4400000e+02   3.7623000e+01   4.3516630e+00  -4.2886121e-01   0.0000000e+00   2.3089479e-07
   2.4500000e+02   3.7479040e+01   4.3505830e+00  -4.3056801e-01   0.0000000e+00   2.2903709e-07
   2.4600000e+02   3.7336280e+01   4.3495020e+00  -4.3227163e-01   0.0000000e+00   2.2715376e-07
   2.4700000e+02   3.7194680e+01   4.3484200e+00  -4.3397208e-01   0.0000000e+00   2.2524555e-07
   2.4800000e+02   3.7054230e+01   4.3473360e+00  -4.3566917e-01   0.0000000e+00   2.2331187e-07
   2.4900000e+02   3.6914930e+01   4.3462520e+00  -4.3736281e-01   0.0000000e+00   2.2135371e-07
   2.5000000e+02   3.6776760e+01   4.3451650e+00  -4.3905296e-01   0.0000000e+00   2.1937028e-07
   2.5100000e+02   3.6639700e+01   4.3440780e+00  -4.4073917e-01   0.0000000e+00   2.1736189e-07
   2.5200000e+02   3.6503750e+01   4.3429880e+00  -4.4242170e-01   0.0000000e+00   2.1532844e-07
   2.5300000e+02   3.6368880e+01   4.3418980e+00  -4.4410018e-01   0.0000000e+00   2.1327066e-07
   2.5400000e+02   3.6235090e+01   4.3408050e+00  -4.4577463e-01   0.0000000e+00   2.1118842e-07
   2.5500000e+02   3.6102370e+01   4.3397120e+00  -4.4744465e-01   0.0000000e+00   2.0908110e-07
   2.5600000e+02   3.5970700e+01   4.3386160e+00  -4.4911038e-01   0.0000000e+00   2.0694989e-07
   2.5700000e+02   3.5840070e+01   4.3375190e+00  -4.5077158e-01   0.0000000e+00   2.0479373e-07
   2.5800000e+02   3.5710470e+01   4.3364210e+00  -4.5242807e-01   0.0000000e+00   2.0261353e-07
   2.5900000e+02   3.5581880e+01   4.3353210e+00  -4.5407979e-01   0.0000000e+00   2.0040937e-07
   2.6000000e+02   3.5454300e+01   4.3342190e+00  -4.5572664e-01   0.0000000e+00   1.9818076e-07
   2.6100000e+02   3.5327720e+01   4.3331150e+00  -4.5736848e-01   0.0000000e+00   1.9592850e-07
   2.6200000e+02   3.5202110e+01   4.3320100e+00  -4.5900506e-01   0.0000000e+00   1.9365261e-07
   2.6300000e+02   3.5077480e+01   4.3309030e+00  -4.6063642e-01   0.0000000e+00   1.9135293e-07
   2.6400000e+02   3.4953810e+01   4.3297940e+00  -4.6226238e-01   0.0000000e+00   1.8902958e-07
   2.6500000e+02   3.4831090e+01   4.3286840e+00  -4.6388266e-01   0.0000000e+00   1.8668264e-07
   2.6600000e+02   3.4709310e+01   4.3275710e+00  -4.6549733e-01   0.0000000e+00   1.8431273e-07
   2.6700000e+02   3.4588460e+01   4.3264570e+00  -4.6710631e-01   0.0000000e+00   1.8191999e-07
   2.6800000e+02   3.4468530e+01   4.3253410e+00  -4.6870926e-01   0.0000000e+00   1.7950435e-07
   2.6900000e+02   3.4349510e+01   4.3242240e+00  -4.7030606e-01   0.0000000e+00   1.7706540e-07
   2.7000000e+02   3.4231390e+01   4.3231040e+00  -4.7189696e-01   0.0000000e+00   1.7460413e-07
   2.7100000e+02   3.4114160e+01   4.3219830e+00  -4.7348145e-01   0.0000000e+00   1.7212040e-07
   2.7200000e+02   3.3997800e+01   4.3208590e+00  -4.7505954e-01   0.0000000e+00   1.6961439e-07
   2.7300000e+02   3.3882320e+01   4.3197340e+00  -4.7663122e-01   0.0000000e+00   1.6708666e-07
   2.7400000e+02   3.3767700e+01   4.3186070e+00  -4.7819627e-01   0.0000000e+00   1.6453708e-07
   2.7500000e+02   3.3653930e+01   4.3174780e+00  -4.7975453e-01   0.0000000e+00   1.6196534e-07
   2.7600000e+02   3.3541000e+01   4.3163470e+00  -4.8130601e-01   0.0000000e+00   1.5937206e-07
   2.7700000e+02   3.3428900e+01   4.3152140e+00  -4.8285045e-01   0.0000000e+00   1.5675778e-07
   2.7800000e+02   3.3317630e+01   4.3140800e+00  -4.8438787e-01   0.0000000e+00   1.5412227e-07
   2.7900000e+02   3.3207170e+01   4.3129430e+00  -4.8591824e-01   0.0000000e+00   1.5146629e-07
   2.8000000e+02   3.3097530e+01   4.3118050e+00  -4.8744120e-01   0.0000000e+00   1.4878904e-07
   2.8100000e+02   3.2988680e+01   4.3106640e+00  -4.8895688e-01   0.0000000e+00   1.4609153e-07
   2.8200000e+02   3.2880620e+01   4.3095220e+00  -4.9046515e-01   0.0000000e+00   1.4337448e-07
   2.8300000e+02   3.2773340e+01   4.3083770e+00  -4.9196589e-01   0.0000000e+00   1.4063681e-07
   2.8400000e+02   3.2666830e+01   4.3072310e+00  -4.9345882e-01   0.0000000e+00   1.3787951e-07
   2.8500000e+02   3.2561100e+01   4.3060830e+00  -4.9494405e-01   0.0000000e+00   1.3510218e-07
   2.8600000e+02   3.2456110e+01   4.3049320e+00  -4.9642156e-01   0.0000000e+00   1.3230619e-07
   2.8700000e+02   3.2351880e+01   4.3037800e+00  -4.9789104e-01   0.0000000e+00   1.2949066e-07
   2.8800000e+02   3.2248390e+01   4.3026260e+00  -4.9935256e-01   0.0000000e+00   1.2665702e-07
   2.8900000e+02   3.2145640e+01   4.3014700e+00  -5.0080586e-01   0.0000000e+00   1.2380394e-07
   2.9000000e+02   3.2043610e+01   4.3003120e+00  -5.0225105e-01   0.0000000e+00   1.2093330e-07
   2.9100000e+02   3.1942300e+01   4.2991520e+00  -5.0368809e-01   0.0000000e+00   1.1804427e-07
   2.9200000e+02   3.1841700e+01   4.2979900e+00  -5.0511668e-01   0.0000000e+00   1.1513775e-07
   2.9300000e+02   3.1741810e+01   4.2968260e+00  -5.0653681e-01   0.0000000e+00   1.1221339e-07
   2.9400000e+02   3.1642610e+01   4.2956600e+00  -5.0794854e-01   0.0000000e+00   1.0927191e-07
   2.9500000e+02   3.1544100e+01   4.2944920e+00  -5.0935162e-01   0.0000000e+00   1.0631322e-07
   2.9600000e+02   3.1446280e+01   4.2933220e+00  -5.1074614e-01   0.0000000e+00   1.0333812e-07
   2.9700000e+02   3.1349140e+01   4.2921500e+00  -5.1213192e-01   0.0000000e+00   1.0034628e-07
   2.9800000e+02   3.1252660e+01   4.2909770e+00  -5.1350893e-01   0.0000000e+00   9.7338763e-08
   2.9900000e+02   3.1156850e+01   4.2898010e+00  -5.1487713e-01   0.0000000e+00   9.4314764e-08
   3.0000000e+02   3.1061690e+01   4.2886230e+00  -5.1623644e-01   0.0000000e+00   9.1275318e-08
   3.0100000e+02   3.0967180e+01   4.2874440e+00  -5.1758668e-01   0.0000000e+00   8.8221103e-08
   3.0200000e+02   3.0873320e+01   4.2862630e+00  -5.1892799e-01   0.0000000e+00   8.5151457e-08
   3.0300000e+02   3.0780090e+01   4.2850790e+00  -5.2026023e-01   0.0000000e+00   8.2067028e-08
   3.0400000e+02   3.0687490e+01   4.2838940e+00  -5.2158340e-01   0.0000000e+00   7.8967981e-08
   3.0500000e+02   3.0595520e+01   4.2827070e+00  -5.2289736e-01   0.0000000e+00   7.5855195e-08
   3.0600000e+02   3.0504170e+01   4.2815180e+00  -5.2420215e-01   0.0000000e+00   7.2728630e-08
   3.0700000e+02   3.0413430e+01   4.2803270e+00  -5.2549759e-01   0.0000000e+00   6.9588187e-08
   3.0800000e+02   3.0323290e+01   4.2791350e+00  -5.2678370e-01   0.0000000e+00   6.6434708e-08
   3.0900000e+02   3.0233760e+01   4.2779400e+00  -5.2806059e-01   0.0000000e+00   6.3268195e-08
   3.1000000e+02   3.0144810e+01   4.2767440e+00  -5.2932792e-01   0.0000000e+00   6.0088612e-08
   3.1100000e+02   3.0056460e+01   4.2755460e+00  -5.3058591e-01   0.0000000e+00   5.6897044e-08
   3.1200000e+02   2.9968690e+01   4.2743460e+00  -5.3183448e-01   0.0000000e+00   5.3693389e-08
   3.1300000e+02   2.9881500e+01   4.2731440e+00  -5.3307360e-01   0.0000000e+00   5.0478439e-08
   3.1400000e+02   2.9794880e+01   4.2719410e+00  -5.3430310e-01   0.0000000e+00   4.7251601e-08
   3.1500000e+02   2.9708820e+01   4.2707350e+00  -5.3552314e-01   0.0000000e+00   4.4013634e-08
   3.1600000e+02   2.9623330e+01   4.2695280e+00  -5.3673357e-01   0.0000000e+00   4.0765093e-08
   3.1700000e+02   2.9538390e+01   4.2683190e+00  -5.3793437e-01   0.0000000e+00   3.7505669e-08
   3.1800000e+02   2.9454000e+01   4.2671090e+00  -5.3912550e-01   0.0000000e+00   3.4235936e-08
   3.1900000e+02   2.9370160e+01   4.2658960e+00  -5.4030718e-01   0.0000000e+00   3.0957147e-08
   3.2000000e+02   2.9286860e+01   4.2646820e+00  -5.4147905e-01   0.0000000e+00   2.7667598e-08
   3.2100000e+02   2.9204090e+01   4.2634660e+00  -5.4264133e-01   0.0000000e+00   2.4369650e-08
   3.2200000e+02   2.9121850e+01   4.2622490e+00  -5.4379390e-01   0.0000000e+00   2.1063003e-08
   3.2300000e+02   2.9040130e+01   4.2610300e+00  -5.4493668e-01   0.0000000e+00   1.7746825e-08
   3.2400000e+02   2.8958940e+01   4.2598090e+00  -5.4606995e-01   0.0000000e+00   1.4423058e-08
   3.2500000e+02   2.8878260e+01   4.2585870e+00  -5.4719335e-01   0.0000000e+00   1.1090828e-08
   3.2600000e+02   2.8798090e+01   4.2573630e+00  -5.4830712e-01   0.0000000e+00   7.7512531e-09
   3.2700000e+02   2.8718420e+01   4.2561370e+00  -5.4941114e-01   0.0000000e+00   4.4037297e-09
   3.2800000e+02   2.8639260e+01   4.2549100e+00  -5.5050547e-01   0.0000000e+00   1.0500373e-09
   3.2900000e+02   2.8560590e+01   4.2536810e+00  -5.5159004e-01   0.0000000e+00  -2.3112668e-09
   3.3000000e+02   2.8482410e+01   4.2524510e+00  -5.5266489e-01   0.0000000e+00  -5.6787971e-09
   3.3100000e+02   2.8404720e+01   4.2512190e+00  -5.5373011e-01   0.0000000e+00  -9.0521351e-09
   3.3200000e+02   2.8327510e+01   4.2499860e+00  -5.5478553e-01   0.0000000e+00  -1.2431633e-08
   3.3300000e+02   2.8250780e+01   4.2487510e+00  -5.5583124e-01   0.0000000e+00  -1.5817211e-08
   3.3400000e+02   2.8174520e+01   4.2475150e+00  -5.5686730e-01   0.0000000e+00  -1.9207195e-08
   3.3500000e+02   2.8098730e+01   4.2462770e+00  -5.5789376e-01   0.0000000e+00  -2.2602249e-08
   3.3600000e+02   2.8023400e+01   4.2450370e+00  -5.5891051e-01   0.0000000e+00  -2.6002330e-08
   3.3700000e+02   2.7948540e+01   4.2437970e+00  -5.5991758e-01   0.0000000e+00  -2.9406321e-08
   3.3800000e+02   2.7874130e+01   4.2425550e+00  -5.6091500e-01   0.0000000e+00  -3.2814718e-08
   3.3900000e+02   2.7800180e+01   4.2413110e+00  -5.6190292e-01   0.0000000e+00  -3.6226926e-08
   3.4000000e+02   2.7726670e+01   4.2400660e+00  -5.6288117e-01   0.0000000e+00  -3.9642093e-08
   3.4100000e+02   2.7653610e+01   4.2388200e+00  -5.6384981e-01   0.0000000e+00  -4.3060814e-08
   3.4200000e+02   2.7580980e+01   4.2375730e+00  -5.6480888e-01   0.0000000e+00  -4.6481872e-08
   3.4300000e+02   2.7508800e+01   4.2363240e+00  -5.6575852e-01   0.0000000e+00  -4.9905433e-08
   3.4400000e+02   2.7437040e+01   4.2350740e+00  -5.6669860e-01   0.0000000e+00  -5.3331783e-08
   3.4500000e+02   2.7365720e+01   4.2338220e+00  -5.6762929e-01   0.0000000e+00  -5.6760313e-08
   3.4600000e+02   2.7294810e+01   4.2325690e+00  -5.6855050e-01   0.0000000e+00  -6.0190013e-08
   3.4700000e+02   2.7224330e+01   4.2313160e+00  -5.6946216e-01   0.0000000e+00  -6.3621284e-08
   3.4800000e+02   2.7154270e+01   4.2300600e+00  -5.7036466e-01   0.0000000e+00  -6.7053005e-08
   3.4900000e+02   2.7084620e+01   4.2288040e+00  -5.7125764e-01   0.0000000e+00  -7.0486689e-08
   3.5000000e+02   2.7015380e+01   4.2275470e+00  -5.7214136e-01   0.0000000e+00  -7.3919274e-08
   3.5100000e+02   2.6946540e+01   4.2262880e+00  -5.7301579e-01   0.0000000e+00  -7.7353838e-08
   3.5200000e+02   2.6878110e+01   4.2250280e+00  -5.7388099e-01   0.0000000e+00  -8.0787663e-08
   3.5300000e+02   2.6810080e+01   4.2237670e+00  -5.7473698e-01   0.0000000e+00  -8.4221309e-08
   3.5400000e+02   2.6742440e+01   4.2225050e+00  -5.7558380e-01   0.0000000e+00  -8.7654045e-08
   3.5500000e+02   2.6675190e+01   4.2212420e+00  -5.7642146e-01   0.0000000e+00  -9.1085587e-08
   3.5600000e+02   2.6608340e+01   4.2199780e+00  -5.7725005e-01   0.0000000e+00  -9.4517304e-08
   3.5700000e+02   2.6541870e+01   4.2187130e+00  -5.7806961e-01   0.0000000e+00  -9.7946393e-08
   3.5800000e+02   2.6475780e+01   4.2174470e+00  -5.7888008e-01   0.0000000e+00  -1.0137467e-07
   3.5900000e+02   2.6410060e+01   4.2161800e+00  -5.7968160e-01   0.0000000e+00  -1.0480064e-07
   3.6000000e+02   2.6344730e+01   4.2149120e+00  -5.8047421e-01   0.0000000e+00  -1.0822460e-07
   3.6100000e+02   2.6279770e+01   4.2136430e+00  -5.8125803e-01   0.0000000e+00  -1.1164599e-07
   3.6200000e+02   2.6215170e+01   4.2123730e+00  -5.8203294e-01   0.0000000e+00  -1.1506496e-07
   3.6300000e+02   2.6150940e+01   4.2111020e+00  -5.8279905e-01   0.0000000e+00  -1.1848128e-07
   3.6400000e+02   2.6087080e+01   4.2098300e+00  -5.8355650e-01   0.0000000e+00  -1.2189385e-07
   3.6500000e+02   2.6023570e+01   4.2085570e+00  -5.8430527e-01   0.0000000e+00  -1.2530302e-07
   3.6600000e+02   2.5960420e+01   4.2072840e+00  -5.8504529e-01   0.0000000e+00  -1.2870893e-07
   3.6700000e+02   2.5897620e+01   4.2060100e+00  -5.8577679e-01   0.0000000e+00  -1.3211062e-07
   3.6800000e+02   2.5835180e+01   4.2047340e+00  -5.8649985e-01   0.0000000e+00  -1.3550857e-07
   3.6900000e+02   2.5773080e+01   4.2034590e+00  -5.8721422e-01   0.0000000e+00  -1.3890195e-07
   3.7000000e+02   2.5711320e+01   4.2021820e+00  -5.8792024e-01   0.0000000e+00  -1.4229093e-07
   3.7100000e+02   2.5649910e+01   4.2009050e+00  -5.8861786e-01   0.0000000e+00  -1.4567489e-07
   3.7200000e+02   2.5588840e+01   4.1996270e+00  -5.8930722e-01   0.0000000e+00  -1.4905360e-07
   3.7300000e+02   2.5528100e+01   4.1983480e+00  -5.8998823e-01   0.0000000e+00  -1.5242753e-07
   3.7400000e+02   2.5467690e+01   4.1970680e+00  -5.9066110e-01   0.0000000e+00  -1.5579576e-07
   3.7500000e+02   2.5407620e+01   4.1957880e+00  -5.9132577e-01   0.0000000e+00  -1.5915812e-07
   3.7600000e+02   2.5347870e+01   4.1945080e+00  -5.9198222e-01   0.0000000e+00  -1.6251468e-07
   3.7700000e+02   2.5288450e+01   4.1932260e+00  -5.9263078e-01   0.0000000e+00  -1.6586532e-07
   3.7800000e+02   2.5229350e+01   4.1919440e+00  -5.9327128e-01   0.0000000e+00  -1.6920958e-07
   3.7900000e+02   2.5170570e+01   4.1906620e+00  -5.9390377e-01   0.0000000e+00  -1.7254702e-07
   3.8000000e+02   2.5112110e+01   4.1893790e+00  -5.9452840e-01   0.0000000e+00  -1.7587793e-07
   3.8100000e+02   2.5053960e+01   4.1880950e+00  -5.9514529e-01   0.0000000e+00  -1.7920206e-07
   3.8200000e+02   2.4996120e+01   4.1868110e+00  -5.9575428e-01   0.0000000e+00  -1.8251881e-07
   3.8300000e+02   2.4938600e+01   4.1855270e+00  -5.9635556e-01   0.0000000e+00  -1.8582820e-07
   3.8400000e+02   2.4881370e+01   4.1842420e+00  -5.9694918e-01   0.0000000e+00  -1.8913031e-07
   3.8500000e+02   2.4824460e+01   4.1829560e+00  -5.9753534e-01   0.0000000e+00  -1.9242436e-07
   3.8600000e+02   2.4767840e+01   4.1816700e+00  -5.9811382e-01   0.0000000e+00  -1.9571093e-07
   3.8700000e+02   2.4711530e+01   4.1803840e+00  -5.9868489e-01   0.0000000e+00  -1.9898923e-07
   3.8800000e+02   2.4655510e+01   4.1790970e+00  -5.9924854e-01   0.0000000e+00  -2.0225887e-07
   3.8900000e+02   2.4599780e+01   4.1778100e+00  -5.9980476e-01   0.0000000e+00  -2.0552056e-07
   3.9000000e+02   2.4544350e+01   4.1765230e+00  -6.0035366e-01   0.0000000e+00  -2.0877376e-07
   3.9100000e+02   2.4489210e+01   4.1752350e+00  -6.0089538e-01   0.0000000e+00  -2.1201813e-07
   3.9200000e+02   2.4434350e+01   4.1739480e+00  -6.0142977e-01   0.0000000e+00  -2.1525320e-07
   3.9300000e+02   2.4379780e+01   4.1726590e+00  -6.0195719e-01   0.0000000e+00  -2.1847978e-07
   3.9400000e+02   2.4325490e+01   4.1713710e+00  -6.0247740e-01   0.0000000e+00  -2.2169654e-07
   3.9500000e+02   2.4271490e+01   4.1700820e+00  -6.0299078e-01   0.0000000e+00  -2.2490376e-07
   3.9600000e+02   2.4217760e+01   4.1687930e+00  -6.0349705e-01   0.0000000e+00  -2.2810215e-07
   3.9700000e+02   2.4164310e+01   4.1675040e+00  -6.0399654e-01   0.0000000e+00  -2.3129006e-07
   3.9800000e+02   2.4111130e+01   4.1662150e+00  -6.0448908e-01   0.0000000e+00  -2.3446845e-07
   3.9900000e+02   2.4058220e+01   4.1649250e+00  -6.0497499e-01   0.0000000e+00  -2.3763661e-07
   4.0000000e+02   2.4005580e+01   4.1636360e+00  -6.0545398e-01   0.0000000e+00  -2.4079513e-07
   4.0100000e+02   2.3953210e+01   4.1623460e+00  -6.0592648e-01   0.0000000e+00  -2.4394308e-07
   4.0200000e+02   2.3901110e+01   4.1610560e+00  -6.0639238e-01   0.0000000e+00  -2.4708036e-07
   4.0300000e+02   2.3849270e+01   4.1597660e+00  -6.0685177e-01   0.0000000e+00  -2.5020688e-07
   4.0400000e+02   2.3797690e+01   4.1584760e+00  -6.0730462e-01   0.0000000e+00  -2.5332326e-07
   4.0500000e+02   2.3746360e+01   4.1571860e+00  -6.0775099e-01   0.0000000e+00  -2.5642878e-07
   4.0600000e+02   2.3695300e+01   4.1558960e+00  -6.0819113e-01   0.0000000e+00  -2.5952278e-07
   4.0700000e+02   2.3644490e+01   4.1546060e+00  -6.0862485e-01   0.0000000e+00  -2.6260633e-07
   4.0800000e+02   2.3593940e+01   4.1533160e+00  -6.0905244e-01   0.0000000e+00  -2.6567812e-07
   4.0900000e+02   2.3543630e+01   4.1520260e+00  -6.0947379e-01   0.0000000e+00  -2.6873881e-07
   4.1000000e+02   2.3493580e+01   4.1507360e+00  -6.0988905e-01   0.0000000e+00  -2.7178775e-07
   4.1100000e+02   2.3443770e+01   4.1494460e+00  -6.1029825e-01   0.0000000e+00  -2.7482536e-07
   4.1200000e+02   2.3394210e+01   4.1481570e+00  -6.1070133e-01   0.0000000e+00  -2.7785136e-07
   4.1300000e+02   2.3344890e+01   4.1468670e+00  -6.1109862e-01   0.0000000e+00  -2.8086573e-07
   4.1400000e+02   2.3295810e+01   4.1455770e+00  -6.1148994e-01   0.0000000e+00  -2.8386816e-07
   4.1500000e+02   2.3246980e+01   4.1442880e+00  -6.1187543e-01   0.0000000e+00  -2.8685851e-07
   4.1600000e+02   2.3198380e+01   4.1429990e+00  -6.1225513e-01   0.0000000e+00  -2.8983689e-07
   4.1700000e+02   2.3150020e+01   4.1417100e+00  -6.1262914e-01   0.0000000e+00  -2.9280273e-07
   4.1800000e+02   2.3101890e+01   4.1404210e+00  -6.1299751e-01   0.0000000e+00  -2.9575672e-07
   4.1900000e+02   2.3053990e+01   4.1391320e+00  -6.1336024e-01   0.0000000e+00  -2.9869821e-07
   4.2000000e+02   2.3006330e+01   4.1378440e+00  -6.1371744e-01   0.0000000e+00  -3.0162701e-07
   4.2100000e+02   2.2958900e+01   4.1365560e+00  -6.1406917e-01   0.0000000e+00  -3.0454326e-07
   4.2200000e+02   2.2911690e+01   4.1352680e+00  -6.1441540e-01   0.0000000e+00  -3.0744718e-07
   4.2300000e+02   2.2864710e+01   4.1339810e+00  -6.1475627e-01   0.0000000e+00  -3.1033843e-07
   4.2400000e+02   2.2817950e+01   4.1326930e+00  -6.1509187e-01   0.0000000e+00  -3.1321694e-07
   4.2500000e+02   2.2771410e+01   4.1314060e+00  -6.1542217e-01   0.0000000e+00  -3.1608212e-07
   4.2600000e+02   2.2725100e+01   4.1301200e+00  -6.1574723e-01   0.0000000e+00  -3.1893456e-07
   4.2700000e+02   2.2679000e+01   4.1288340e+00  -6.1606706e-01   0.0000000e+00  -3.2177425e-07
   4.2800000e+02   2.2633130e+01   4.1275480e+00  -6.1638193e-01   0.0000000e+00  -3.2460044e-07
   4.2900000e+02   2.2587460e+01   4.1262620e+00  -6.1669171e-01   0.0000000e+00  -3.2741396e-07
   4.3000000e+02   2.2542020e+01   4.1249770e+00  -6.1699648e-01   0.0000000e+00  -3.3021401e-07
   4.3100000e+02   2.2496780e+01   4.1236930e+00  -6.1729621e-01   0.0000000e+00  -3.3300045e-07
   4.3200000e+02   2.2451760e+01   4.1224080e+00  -6.1759123e-01   0.0000000e+00  -3.3577409e-07
   4.3300000e+02   2.2406940e+01   4.1211250e+00  -6.1788120e-01   0.0000000e+00  -3.3853362e-07
   4.3400000e+02   2.2362340e+01   4.1198410e+00  -6.1816659e-01   0.0000000e+00  -3.4128068e-07
   4.3500000e+02   2.2317940e+01   4.1185590e+00  -6.1844708e-01   0.0000000e+00  -3.4401351e-07
   4.3600000e+02   2.2273740e+01   4.1172760e+00  -6.1872297e-01   0.0000000e+00  -3.4673314e-07
   4.3700000e+02   2.2229750e+01   4.1159950e+00  -6.1899413e-01   0.0000000e+00  -3.4943873e-07
   4.3800000e+02   2.2185960e+01   4.1147130e+00  -6.1926086e-01   0.0000000e+00  -3.5213108e-07
   4.3900000e+02   2.2142370e+01   4.1134330e+00  -6.1952289e-01   0.0000000e+00  -3.5480933e-07
   4.4000000e+02   2.2098980e+01   4.1121530e+00  -6.1978048e-01   0.0000000e+00  -3.5747439e-07
   4.4100000e+02   2.2055790e+01   4.1108730e+00  -6.2003377e-01   0.0000000e+00  -3.6012516e-07
   4.4200000e+02   2.2012800e+01   4.1095940e+00  -6.2028259e-01   0.0000000e+00  -3.6276235e-07
   4.4300000e+02   2.1970000e+01   4.1083160e+00  -6.2052706e-01   0.0000000e+00  -3.6538557e-07
   4.4400000e+02   2.1927390e+01   4.1070380e+00  -6.2076726e-01   0.0000000e+00  -3.6799473e-07
   4.4500000e+02   2.1884980e+01   4.1057610e+00  -6.2100324e-01   0.0000000e+00  -3.7059015e-07
   4.4600000e+02   2.1842750e+01   4.1044850e+00  -6.2123492e-01   0.0000000e+00  -3.7317161e-07
   4.4700000e+02   2.1800720e+01   4.1032090e+00  -6.2146260e-01   0.0000000e+00  -3.7573897e-07
   4.4800000e+02   2.1758870e+01   4.1019340e+00  -6.2168610e-01   0.0000000e+00  -3.7829254e-07
   4.4900000e+02   2.1717210e+01   4.1006600e+00  -6.2190555e-01   0.0000000e+00  -3.8083140e-07
   4.5000000e+02   2.1675730e+01   4.0993860e+00  -6.2212101e-01   0.0000000e+00  -3.8335686e-07
   4.5100000e+02   2.1634440e+01   4.0981130e+00  -6.2233256e-01   0.0000000e+00  -3.8586762e-07
   4.5200000e+02   2.1593340e+01   4.0968410e+00  -6.2254011e-01   0.0000000e+00  -3.8836530e-07
   4.5300000e+02   2.1552410e+01   4.0955700e+00  -6.2274385e-01   0.0000000e+00  -3.9084762e-07
   4.5400000e+02   2.1511660e+01   4.0942990e+00  -6.2294375e-01   0.0000000e+00  -3.9331638e-07
   4.5500000e+02   2.1471100e+01   4.0930300e+00  -6.2313984e-01   0.0000000e+00  -3.9577080e-07
   4.5600000e+02   2.1430710e+01   4.0917610e+00  -6.2333219e-01   0.0000000e+00  -3.9821136e-07
   4.5700000e+02   2.1390490e+01   4.0904920e+00  -6.2352099e-01   0.0000000e+00  -4.0063733e-07
   4.5800000e+02   2.1350450e+01   4.0892250e+00  -6.2370596e-01   0.0000000e+00  -4.0304915e-07
   4.5900000e+02   2.1310590e+01   4.0879580e+00  -6.2388749e-01   0.0000000e+00  -4.0544702e-07
   4.6000000e+02   2.1270900e+01   4.0866930e+00  -6.2406532e-01   0.0000000e+00  -4.0783046e-07
   4.6100000e+02   2.1231380e+01   4.0854280e+00  -6.2423971e-01   0.0000000e+00  -4.1019955e-07
   4.6200000e+02   2.1192030e+01   4.0841640e+00  -6.2441059e-01   0.0000000e+00  -4.1255430e-07
   4.6300000e+02   2.1152850e+01   4.0829010e+00  -6.2457808e-01   0.0000000e+00  -4.1489482e-07
   4.6400000e+02   2.1113840e+01   4.0816390e+00  -6.2474212e-01   0.0000000e+00  -4.1722136e-07
   4.6500000e+02   2.1074990e+01   4.0803770e+00  -6.2490289e-01   0.0000000e+00  -4.1953353e-07
   4.6600000e+02   2.1036310e+01   4.0791170e+00  -6.2506025e-01   0.0000000e+00  -4.2183110e-07
   4.6700000e+02   2.0997800e+01   4.0778580e+00  -6.2521434e-01   0.0000000e+00  -4.2411490e-07
   4.6800000e+02   2.0959450e+01   4.0765990e+00  -6.2536527e-01   0.0000000e+00  -4.2638459e-07
   4.6900000e+02   2.0921260e+01   4.0753420e+00  -6.2551288e-01   0.0000000e+00  -4.2863949e-07
   4.7000000e+02   2.0883230e+01   4.0740850e+00  -6.2565746e-01   0.0000000e+00  -4.3088051e-07
   4.7100000e+02   2.0845370e+01   4.0728300e+00  -6.2579886e-01   0.0000000e+00  -4.3310670e-07
   4.7200000e+02   2.0807660e+01   4.0715750e+00  -6.2593721e-01   0.0000000e+00  -4.3531933e-07
   4.7300000e+02   2.0770110e+01   4.0703220e+00  -6.2607239e-01   0.0000000e+00  -4.3751776e-07
   4.7400000e+02   2.0732710e+01   4.0690690e+00  -6.2620470e-01   0.0000000e+00  -4.3970169e-07
   4.7500000e+02   2.0695480e+01   4.0678180e+00  -6.2633401e-01   0.0000000e+00  -4.4187148e-07
   4.7600000e+02   2.0658400e+01   4.0665670e+00  -6.2646045e-01   0.0000000e+00  -4.4402716e-07
   4.7700000e+02   2.0621470e+01   4.0653180e+00  -6.2658387e-01   0.0000000e+00  -4.4616814e-07
   4.7800000e+02   2.0584690e+01   4.0640700e+00  -6.2670441e-01   0.0000000e+00  -4.4829515e-07
   4.7900000e+02   2.0548070e+01   4.0628230e+00  -6.2682217e-01   0.0000000e+00  -4.5040852e-07
   4.8000000e+02   2.0511600e+01   4.0615760e+00  -6.2693726e-01   0.0000000e+00  -4.5250812e-07
   4.8100000e+02   2.0475270e+01   4.0603310e+00  -6.2704941e-01   0.0000000e+00  -4.5459283e-07
   4.8200000e+02   2.0439100e+01   4.0590870e+00  -6.2715895e-01   0.0000000e+00  -4.5666407e-07
   4.8300000e+02   2.0403070e+01   4.0578450e+00  -6.2726563e-01   0.0000000e+00  -4.5872080e-07
   4.8400000e+02   2.0367190e+01   4.0566030e+00  -6.2736982e-01   0.0000000e+00  -4.6076340e-07
   4.8500000e+02   2.0331460e+01   4.0553620e+00  -6.2747140e-01   0.0000000e+00  -4.6279235e-07
   4.8600000e+02   2.0295870e+01   4.0541230e+00  -6.2757025e-01   0.0000000e+00  -4.6480698e-07
   4.8700000e+02   2.0260430e+01   4.0528850e+00  -6.2766662e-01   0.0000000e+00  -4.6680771e-07
   4.8800000e+02   2.0225130e+01   4.0516480e+00  -6.2776048e-01   0.0000000e+00  -4.6879489e-07
   4.8900000e+02   2.0189970e+01   4.0504120e+00  -6.2785184e-01   0.0000000e+00  -4.7076788e-07
   4.9000000e+02   2.0154950e+01   4.0491770e+00  -6.2794074e-01   0.0000000e+00  -4.7272719e-07
   4.9100000e+02   2.0120070e+01   4.0479440e+00  -6.2802712e-01   0.0000000e+00  -4.7467221e-07
   4.9200000e+02   2.0085330e+01   4.0467110e+00  -6.2811124e-01   0.0000000e+00  -4.7660387e-07
   4.9300000e+02   2.0050730e+01   4.0454800e+00  -6.2819288e-01   0.0000000e+00  -4.7852176e-07
   4.9400000e+02   2.0016270e+01   4.0442500e+00  -6.2827223e-01   0.0000000e+00  -4.8042531e-07
   4.9500000e+02   1.9981940e+01   4.0430220e+00  -6.2834913e-01   0.0000000e+00  -4.8231562e-07
   4.9600000e+02   1.9947750e+01   4.0417940e+00  -6.2842394e-01   0.0000000e+00  -4.8419247e-07
   4.9700000e+02   1.9913700e+01   4.0405680e+00  -6.2849645e-01   0.0000000e+00  -4.8605489e-07
   4.9800000e+02   1.9879780e+01   4.0393430e+00  -6.2856671e-01   0.0000000e+00  -4.8790421e-07
   4.9900000e+02   1.9845990e+01   4.0381200e+00  -6.2863467e-01   0.0000000e+00  -4.8973971e-07
   5.0000000e+02   1.9812340e+01   4.0368970e+00  -6.2870067e-01   0.0000000e+00  -4.9156194e-07
   5.0100000e+02   1.9778810e+01   4.0356760e+00  -6.2876435e-01   0.0000000e+00  -4.9337055e-07
   5.0200000e+02   1.9745420e+01   4.0344570e+00  -6.2882592e-01   0.0000000e+00  -4.9516556e-07
   5.0300000e+02   1.9712160e+01   4.0332380e+00  -6.2888553e-01   0.0000000e+00  -4.9694749e-07
   5.0400000e+02   1.9679020e+01   4.0320210e+00  -6.2894296e-01   0.0000000e+00  -4.9871548e-07
   5.0500000e+02   1.9646020e+01   4.0308050e+00  -6.2899845e-01   0.0000000e+00  -5.0047057e-07
   5.0600000e+02   1.9613140e+01   4.0295910e+00  -6.2905182e-01   0.0000000e+00  -5.0221193e-07
   5.0700000e+02   1.9580390e+01   4.0283780e+00  -6.2910323e-01   0.0000000e+00  -5.0393998e-07
   5.0800000e+02   1.9547760e+01   4.0271660e+00  -6.2915269e-01   0.0000000e+00  -5.0565538e-07
   5.0900000e+02   1.9515260e+01   4.0259550e+00  -6.2920031e-01   0.0000000e+00  -5.0735710e-07
   5.1000000e+02   1.9482880e+01   4.0247460e+00  -6.2924593e-01   0.0000000e+00  -5.0904594e-07
   5.1100000e+02   1.9450630e+01   4.0235390e+00  -6.2928965e-01   0.0000000e+00  -5.1072140e-07
   5.1200000e+02   1.9418500e+01   4.0223320e+00  -6.2933160e-01   0.0000000e+00  -5.1238393e-07
   5.1300000e+02   1.9386490e+01   4.0211270e+00  -6.2937166e-01   0.0000000e+00  -5.1403315e-07
   5.1400000e+02   1.9354600e+01   4.0199240e+00  -6.2940983e-01   0.0000000e+00  -5.1566946e-07
   5.1500000e+02   1.9322840e+01   4.0187210e+00  -6.2944643e-01   0.0000000e+00  -5.1729321e-07
   5.1600000e+02   1.9291190e+01   4.0175210e+00  -6.2948102e-01   0.0000000e+00  -5.1890379e-07
   5.1700000e+02   1.9259660e+01   4.0163210e+00  -6.2951405e-01   0.0000000e+00  -5.2050159e-07
   5.1800000e+02   1.9228250e+01   4.0151230e+00  -6.2954524e-01   0.0000000e+00  -5.2208641e-07
   5.1900000e+02   1.9196960e+01   4.0139270e+00  -6.2957475e-01   0.0000000e+00  -5.2365885e-07
   5.2000000e+02   1.9165790e+01   4.0127320e+00  -6.2960265e-01   0.0000000e+00  -5.2521799e-07
   5.2100000e+02   1.9134730e+01   4.0115380e+00  -6.2962889e-01   0.0000000e+00  -5.2676509e-07
   5.2200000e+02   1.9103780e+01   4.0103460e+00  -6.2965340e-01   0.0000000e+00  -5.2829932e-07
   5.2300000e+02   1.9072950e+01   4.0091550e+00  -6.2967636e-01   0.0000000e+00  -5.2982096e-07
   5.2400000e+02   1.9042240e+01   4.0079650e+00  -6.2969788e-01   0.0000000e+00  -5.3133002e-07
   5.2500000e+02   1.9011640e+01   4.0067780e+00  -6.2971760e-01   0.0000000e+00  -5.3282649e-07
   5.2600000e+02   1.8981150e+01   4.0055910e+00  -6.2973592e-01   0.0000000e+00  -5.3431089e-07
   5.2700000e+02   1.8950770e+01   4.0044060e+00  -6.2975262e-01   0.0000000e+00  -5.3578281e-07
   5.2800000e+02   1.8920510e+01   4.0032230e+00  -6.2976787e-01   0.0000000e+00  -5.3724218e-07
   5.2900000e+02   1.8890350e+01   4.0020410e+00  -6.2978153e-01   0.0000000e+00  -5.3868951e-07
   5.3000000e+02   1.8860300e+01   4.0008600e+00  -6.2979386e-01   0.0000000e+00  -5.4012455e-07
   5.3100000e+02   1.8830370e+01   3.9996810e+00  -6.2980471e-01   0.0000000e+00  -5.4154751e-07
   5.3200000e+02   1.8800540e+01   3.9985040e+00  -6.2981402e-01   0.0000000e+00  -5.4295817e-07
   5.3300000e+02   1.8770820e+01   3.9973280e+00  -6.2982201e-01   0.0000000e+00  -5.4435677e-07
   5.3400000e+02   1.8741210e+01   3.9961530e+00  -6.2982865e-01   0.0000000e+00  -5.4574347e-07
   5.3500000e+02   1.8711710e+01   3.9949800e+00  -6.2983390e-01   0.0000000e+00  -5.4711799e-07
   5.3600000e+02   1.8682310e+01   3.9938090e+00  -6.2983766e-01   0.0000000e+00  -5.4848097e-07
   5.3700000e+02   1.8653010e+01   3.9926390e+00  -6.2984013e-01   0.0000000e+00  -5.4983184e-07
   5.3800000e+02   1.8623820e+01   3.9914700e+00  -6.2984140e-01   0.0000000e+00  -5.5117100e-07
   5.3900000e+02   1.8594740e+01   3.9903040e+00  -6.2984121e-01   0.0000000e+00  -5.5249817e-07
   5.4000000e+02   1.8565760e+01   3.9891380e+00  -6.2983991e-01   0.0000000e+00  -5.5381418e-07
   5.4100000e+02   1.8536880e+01   3.9879740e+00  -6.2983719e-01   0.0000000e+00  -5.5511800e-07
   5.4200000e+02   1.8508100e+01   3.9868120e+00  -6.2983321e-01   0.0000000e+00  -5.5641027e-07
   5.4300000e+02   1.8479430e+01   3.9856520e+00  -6.2982801e-01   0.0000000e+00  -5.5769106e-07
   5.4400000e+02   1.8450860e+01   3.9844930e+00  -6.2982166e-01   0.0000000e+00  -5.5896044e-07
   5.4500000e+02   1.8422390e+01   3.9833350e+00  -6.2981412e-01   0.0000000e+00  -5.6021812e-07
   5.4600000e+02   1.8394010e+01   3.9821790e+00  -6.2980529e-01   0.0000000e+00  -5.6146487e-07
   5.4700000e+02   1.8365740e+01   3.9810250e+00  -6.2979531e-01   0.0000000e+00  -5.6269984e-07
   5.4800000e+02   1.8337570e+01   3.9798720e+00  -6.2978421e-01   0.0000000e+00  -5.6392380e-07
   5.4900000e+02   1.8309490e+01   3.9787210e+00  -6.2977190e-01   0.0000000e+00  -5.6513665e-07
   5.5000000e+02   1.8281520e+01   3.9775710e+00  -6.2975860e-01   0.0000000e+00  -5.6633805e-07
   5.5100000e+02   1.8253640e+01   3.9764230e+00  -6.2974407e-01   0.0000000e+00  -5.6752833e-07
   5.5200000e+02   1.8225850e+01   3.9752760e+00  -6.2972855e-01   0.0000000e+00  -5.6870756e-07
   5.5300000e+02   1.8198170e+01   3.9741320e+00  -6.2971182e-01   0.0000000e+00  -5.6987603e-07
   5.5400000e+02   1.8170570e+01   3.9729880e+00  -6.2969410e-01   0.0000000e+00  -5.7103348e-07
   5.5500000e+02   1.8143080e+01   3.9718470e+00  -6.2967526e-01   0.0000000e+00  -5.7217990e-07
   5.5600000e+02   1.8115670e+01   3.9707070e+00  -6.2965535e-01   0.0000000e+00  -5.7331555e-07
   5.5700000e+02   1.8088370e+01   3.9695680e+00  -6.2963463e-01   0.0000000e+00  -5.7444032e-07
   5.5800000e+02   1.8061150e+01   3.9684310e+00  -6.2961268e-01   0.0000000e+00  -5.7555413e-07
   5.5900000e+02   1.8034030e+01   3.9672960e+00  -6.2958980e-01   0.0000000e+00  -5.7665773e-07
   5.6000000e+02   1.8007000e+01   3.9661630e+00  -6.2956584e-01   0.0000000e+00  -5.7775032e-07
   5.6100000e+02   1.7980060e+01   3.9650310e+00  -6.2954102e-01   0.0000000e+00  -5.7883253e-07
   5.6200000e+02   1.7953210e+01   3.9639000e+00  -6.2951525e-01   0.0000000e+00  -5.7990443e-07
   5.6300000e+02   1.7926460e+01   3.9627720e+00  -6.2948844e-01   0.0000000e+00  -5.8096536e-07
   5.6400000e+02   1.7899790e+01   3.9616450e+00  -6.2946070e-01   0.0000000e+00  -5.8201616e-07
   5.6500000e+02   1.7873220e+01   3.9605190e+00  -6.2943225e-01   0.0000000e+00  -5.8305668e-07
   5.6600000e+02   1.7846730e+01   3.9593960e+00  -6.2940257e-01   0.0000000e+00  -5.8408721e-07
   5.6700000e+02   1.7820330e+01   3.9582730e+00  -6.2937221e-01   0.0000000e+00  -5.8510685e-07
   5.6800000e+02   1.7794020e+01   3.9571530e+00  -6.2934083e-01   0.0000000e+00  -5.8611654e-07
   5.6900000e+02   1.7767800e+01   3.9560340e+00  -6.2930870e-01   0.0000000e+00  -5.8711622e-07
   5.7000000e+02   1.7741670e+01   3.9549170e+00  -6.2927564e-01   0.0000000e+00  -5.8810583e-07
   5.7100000e+02   1.7715620e+01   3.9538020e+00  -6.2924166e-01   0.0000000e+00  -5.8908516e-07
   5.7200000e+02   1.7689660e+01   3.9526880e+00  -6.2920692e-01   0.0000000e+00  -5.9005448e-07
   5.7300000e+02   1.7663780e+01   3.9515760e+00  -6.2917126e-01   0.0000000e+00  -5.9101429e-07
   5.7400000e+02   1.7638000e+01   3.9504650e+00  -6.2913504e-01   0.0000000e+00  -5.9196385e-07
   5.7500000e+02   1.7612290e+01   3.9493560e+00  -6.2909780e-01   0.0000000e+00  -5.9290407e-07
   5.7600000e+02   1.7586670e+01   3.9482490e+00  -6.2905973e-01   0.0000000e+00  -5.9383409e-07
   5.7700000e+02   1.7561130e+01   3.9471440e+00  -6.2902087e-01   0.0000000e+00  -5.9475457e-07
   5.7800000e+02   1.7535680e+01   3.9460400e+00  -6.2898135e-01   0.0000000e+00  -5.9566531e-07
   5.7900000e+02   1.7510310e+01   3.9449380e+00  -6.2894098e-01   0.0000000e+00  -5.9656648e-07
   5.8000000e+02   1.7485030e+01   3.9438370e+00  -6.2889999e-01   0.0000000e+00  -5.9745823e-07
   5.8100000e+02   1.7459820e+01   3.9427380e+00  -6.2885809e-01   0.0000000e+00  -5.9834040e-07
   5.8200000e+02   1.7434700e+01   3.9416410e+00  -6.2881555e-01   0.0000000e+00  -5.9921322e-07
   5.8300000e+02   1.7409660e+01   3.9405460e+00  -6.2877221e-01   0.0000000e+00  -6.0007663e-07
   5.8400000e+02   1.7384700e+01   3.9394520e+00  -6.2872821e-01   0.0000000e+00  -6.0093061e-07
   5.8500000e+02   1.7359820e+01   3.9383600e+00  -6.2868347e-01   0.0000000e+00  -6.0177539e-07
   5.8600000e+02   1.7335020e+01   3.9372700e+00  -6.2863799e-01   0.0000000e+00  -6.0261100e-07
   5.8700000e+02   1.7310300e+01   3.9361810e+00  -6.2859191e-01   0.0000000e+00  -6.0343743e-07
   5.8800000e+02   1.7285660e+01   3.9350940e+00  -6.2854514e-01   0.0000000e+00  -6.0425472e-07
   5.8900000e+02   1.7261090e+01   3.9340090e+00  -6.2849755e-01   0.0000000e+00  -6.0506298e-07
   5.9000000e+02   1.7236610e+01   3.9329250e+00  -6.2844949e-01   0.0000000e+00  -6.0586228e-07
   5.9100000e+02   1.7212200e+01   3.9318430e+00  -6.2840069e-01   0.0000000e+00  -6.0665245e-07
   5.9200000e+02   1.7187880e+01   3.9307630e+00  -6.2835129e-01   0.0000000e+00  -6.0743380e-07
   5.9300000e+02   1.7163630e+01   3.9296850e+00  -6.2830122e-01   0.0000000e+00  -6.0820636e-07
   5.9400000e+02   1.7139450e+01   3.9286080e+00  -6.2825050e-01   0.0000000e+00  -6.0897006e-07
   5.9500000e+02   1.7115350e+01   3.9275330e+00  -6.2819913e-01   0.0000000e+00  -6.0972508e-07
   5.9600000e+02   1.7091330e+01   3.9264600e+00  -6.2814718e-01   0.0000000e+00  -6.1047129e-07
   5.9700000e+02   1.7067380e+01   3.9253880e+00  -6.2809463e-01   0.0000000e+00  -6.1120901e-07
   5.9800000e+02   1.7043510e+01   3.9243180e+00  -6.2804154e-01   0.0000000e+00  -6.1193803e-07
   5.9900000e+02   1.7019720e+01   3.9232500e+00  -6.2798784e-01   0.0000000e+00  -6.1265857e-07
   6.0000000e+02   1.6995990e+01   3.9221830e+00  -6.2793352e-01   0.0000000e+00  -6.1337073e-07
   6.0100000e+02   1.6972350e+01   3.9211190e+00  -6.2787865e-01   0.0000000e+00  -6.1407421e-07
   6.0200000e+02   1.6948770e+01   3.9200550e+00  -6.2782330e-01   0.0000000e+00  -6.1476971e-07
   6.0300000e+02   1.6925270e+01   3.9189940e+00  -6.2776723e-01   0.0000000e+00  -6.1545644e-07
   6.0400000e+02   1.6901840e+01   3.9179340e+00  -6.2771073e-01   0.0000000e+00  -6.1613509e-07
   6.0500000e+02   1.6878480e+01   3.9168770e+00  -6.2765350e-01   0.0000000e+00  -6.1680537e-07
   6.0600000e+02   1.6855200e+01   3.9158200e+00  -6.2759602e-01   0.0000000e+00  -6.1746771e-07
   6.0700000e+02   1.6831990e+01   3.9147660e+00  -6.2753785e-01   0.0000000e+00  -6.1812167e-07
   6.0800000e+02   1.6808850e+01   3.9137130e+00  -6.2747922e-01   0.0000000e+00  -6.1876774e-07
   6.0900000e+02   1.6785780e+01   3.9126620e+00  -6.2742003e-01   0.0000000e+00  -6.1940576e-07
   6.1000000e+02   1.6762780e+01   3.9116130e+00  -6.2736026e-01   0.0000000e+00  -6.2003564e-07
   6.1100000e+02   1.6739850e+01   3.9105650e+00  -6.2730009e-01   0.0000000e+00  -6.2065764e-07
   6.1200000e+02   1.6716990e+01   3.9095190e+00  -6.2723946e-01   0.0000000e+00  -6.2127187e-07
   6.1300000e+02   1.6694200e+01   3.9084750e+00  -6.2717821e-01   0.0000000e+00  -6.2187821e-07
   6.1400000e+02   1.6671480e+01   3.9074320e+00  -6.2711665e-01   0.0000000e+00  -6.2247681e-07
   6.1500000e+02   1.6648830e+01   3.9063920e+00  -6.2705440e-01   0.0000000e+00  -6.2306749e-07
   6.1600000e+02   1.6626240e+01   3.9053530e+00  -6.2699172e-01   0.0000000e+00  -6.2365061e-07
   6.1700000e+02   1.6603730e+01   3.9043150e+00  -6.2692882e-01   0.0000000e+00  -6.2422619e-07
   6.1800000e+02   1.6581280e+01   3.9032800e+00  -6.2686518e-01   0.0000000e+00  -6.2479412e-07
   6.1900000e+02   1.6558900e+01   3.9022460e+00  -6.2680123e-01   0.0000000e+00  -6.2535436e-07
   6.2000000e+02   1.6536590e+01   3.9012140e+00  -6.2673680e-01   0.0000000e+00  -6.2590718e-07
   6.2100000e+02   1.6514340e+01   3.9001830e+00  -6.2667198e-01   0.0000000e+00  -6.2645282e-07
   6.2200000e+02   1.6492160e+01   3.8991550e+00  -6.2660662e-01   0.0000000e+00  -6.2699073e-07
   6.2300000e+02   1.6470050e+01   3.8981280e+00  -6.2654097e-01   0.0000000e+00  -6.2752132e-07
   6.2400000e+02   1.6448000e+01   3.8971020e+00  -6.2647486e-01   0.0000000e+00  -6.2804495e-07
   6.2500000e+02   1.6426020e+01   3.8960790e+00  -6.2640826e-01   0.0000000e+00  -6.2856095e-07
   6.2600000e+02   1.6404110e+01   3.8950570e+00  -6.2634138e-01   0.0000000e+00  -6.2906988e-07
   6.2700000e+02   1.6382250e+01   3.8940370e+00  -6.2627394e-01   0.0000000e+00  -6.2957162e-07
   6.2800000e+02   1.6360470e+01   3.8930190e+00  -6.2620620e-01   0.0000000e+00  -6.3006628e-07
   6.2900000e+02   1.6338740e+01   3.8920020e+00  -6.2613795e-01   0.0000000e+00  -6.3055385e-07
   6.3000000e+02   1.6317090e+01   3.8909870e+00  -6.2606952e-01   0.0000000e+00  -6.3103437e-07
   6.3100000e+02   1.6295490e+01   3.8899740e+00  -6.2600050e-01   0.0000000e+00  -6.3150792e-07
   6.3200000e+02   1.6273960e+01   3.8889630e+00  -6.2593115e-01   0.0000000e+00  -6.3197443e-07
   6.3300000e+02   1.6252490e+01   3.8879530e+00  -6.2586148e-01   0.0000000e+00  -6.3243411e-07
   6.3400000e+02   1.6231080e+01   3.8869450e+00  -6.2579140e-01   0.0000000e+00  -6.3288709e-07
   6.3500000e+02   1.6209740e+01   3.8859390e+00  -6.2572099e-01   0.0000000e+00  -6.3333315e-07
   6.3600000e+02   1.6188460e+01   3.8849340e+00  -6.2565028e-01   0.0000000e+00  -6.3377252e-07
   6.3700000e+02   1.6167240e+01   3.8839310e+00  -6.2557914e-01   0.0000000e+00  -6.3420520e-07
   6.3800000e+02   1.6146080e+01   3.8829300e+00  -6.2550764e-01   0.0000000e+00  -6.3463124e-07
   6.3900000e+02   1.6124980e+01   3.8819310e+00  -6.2543570e-01   0.0000000e+00  -6.3505037e-07
   6.4000000e+02   1.6103940e+01   3.8809330e+00  -6.2536354e-01   0.0000000e+00  -6.3546321e-07
   6.4100000e+02   1.6082970e+01   3.8799370e+00  -6.2529108e-01   0.0000000e+00  -6.3586930e-07
   6.4200000e+02   1.6062050e+01   3.8789430e+00  -6.2521818e-01   0.0000000e+00  -6.3626907e-07
   6.4300000e+02   1.6041190e+01   3.8779500e+00  -6.2514503e-01   0.0000000e+00  -6.3666244e-07
   6.4400000e+02   1.6020400e+01   3.8769600e+00  -6.2507149e-01   0.0000000e+00  -6.3704917e-07
   6.4500000e+02   1.5999660e+01   3.8759700e+00  -6.2499774e-01   0.0000000e+00  -6.3742997e-07
   6.4600000e+02   1.5978980e+01   3.8749830e+00  -6.2492351e-01   0.0000000e+00  -6.3780378e-07
   6.4700000e+02   1.5958360e+01   3.8739970e+00  -6.2484910e-01   0.0000000e+00  -6.3817184e-07
   6.4800000e+02   1.5937800e+01   3.8730140e+00  -6.2477428e-01   0.0000000e+00  -6.3853348e-07
   6.4900000e+02   1.5917300e+01   3.8720310e+00  -6.2469930e-01   0.0000000e+00  -6.3888898e-07
   6.5000000e+02   1.5896860e+01   3.8710510e+00  -6.2462396e-01   0.0000000e+00  -6.3923821e-07
   6.5100000e+02   1.5876470e+01   3.8700720e+00  -6.2454829e-01   0.0000000e+00  -6.3958156e-07
   6.5200000e+02   1.5856140e+01   3.8690950e+00  -6.2447231e-01   0.0000000e+00  -6.3991854e-07
   6.5300000e+02   1.5835870e+01   3.8681200e+00  -6.2439605e-01   0.0000000e+00  -6.4024963e-07
   6.5400000e+02   1.5815660e+01   3.8671460e+00  -6.2431961e-01   0.0000000e+00  -6.4057492e-07
   6.5500000e+02   1.5795500e+01   3.8661740e+00  -6.2424283e-01   0.0000000e+00  -6.4089406e-07
   6.5600000e+02   1.5775400e+01   3.8652040e+00  -6.2416572e-01   0.0000000e+00  -6.4120726e-07
   6.5700000e+02   1.5755350e+01   3.8642350e+00  -6.2408841e-01   0.0000000e+00  -6.4151480e-07
   6.5800000e+02   1.5735360e+01   3.8632680e+00  -6.2401083e-01   0.0000000e+00  -6.4181653e-07
   6.5900000e+02   1.5715430e+01   3.8623030e+00  -6.2393297e-01   0.0000000e+00  -6.4211220e-07
   6.6000000e+02   1.5695550e+01   3.8613400e+00  -6.2385471e-01   0.0000000e+00  -6.4240201e-07
   6.6100000e+02   1.5675730e+01   3.8603780e+00  -6.2377643e-01   0.0000000e+00  -6.4268644e-07
   6.6200000e+02   1.5655960e+01   3.8594180e+00  -6.2369778e-01   0.0000000e+00  -6.4296500e-07
   6.6300000e+02   1.5636250e+01   3.8584600e+00  -6.2361888e-01   0.0000000e+00  -6.4323798e-07
   6.6400000e+02   1.5616590e+01   3.8575030e+00  -6.2353981e-01   0.0000000e+00  -6.4350562e-07
   6.6500000e+02   1.5596980e+01   3.8565480e+00  -6.2346032e-01   0.0000000e+00  -6.4376741e-07
   6.6600000e+02   1.5577430e+01   3.8555950e+00  -6.2338069e-01   0.0000000e+00  -6.4402376e-07
   6.6700000e+02   1.5557940e+01   3.8546430e+00  -6.2330099e-01   0.0000000e+00  -6.4427479e-07
   6.6800000e+02   1.5538490e+01   3.8536940e+00  -6.2322075e-01   0.0000000e+00  -6.4452014e-07
   6.6900000e+02   1.5519100e+01   3.8527460e+00  -6.2314040e-01   0.0000000e+00  -6.4476013e-07
   6.7000000e+02   1.5499760e+01   3.8517990e+00  -6.2305987e-01   0.0000000e+00  -6.4499487e-07
   6.7100000e+02   1.5480480e+01   3.8508540e+00  -6.2297915e-01   0.0000000e+00  -6.4522441e-07
   6.7200000e+02   1.5461250e+01   3.8499110e+00  -6.2289818e-01   0.0000000e+00  -6.4544835e-07
   6.7300000e+02   1.5442060e+01   3.8489700e+00  -6.2281680e-01   0.0000000e+00  -6.4566708e-07
   6.7400000e+02   1.5422940e+01   3.8480300e+00  -6.2273547e-01   0.0000000e+00  -6.4588066e-07
   6.7500000e+02   1.5403860e+01   3.8470920e+00  -6.2265383e-01   0.0000000e+00  -6.4608917e-07
   6.7600000e+02   1.5384830e+01   3.8461560e+00  -6.2257185e-01   0.0000000e+00  -6.4629232e-07
   6.7700000e+02   1.5365860e+01   3.8452210e+00  -6.2248989e-01   0.0000000e+00  -6.4649060e-07
   6.7800000e+02   1.5346940e+01   3.8442880e+00  -6.2240767e-01   0.0000000e+00  -6.4668380e-07
   6.7900000e+02   1.5328060e+01   3.8433570e+00  -6.2232506e-01   0.0000000e+00  -6.4687164e-07
   6.8000000e+02   1.5309240e+01   3.8424270e+00  -6.2224241e-01   0.0000000e+00  -6.4705473e-07
   6.8100000e+02   1.5290470e+01   3.8415000e+00  -6.2215951e-01   0.0000000e+00  -6.4723271e-07
   6.8200000e+02   1.5271750e+01   3.8405730e+00  -6.2207652e-01   0.0000000e+00  -6.4740605e-07
   6.8300000e+02   1.5253080e+01   3.8396490e+00  -6.2199317e-01   0.0000000e+00  -6.4757400e-07
   6.8400000e+02   1.5234460e+01   3.8387260e+00  -6.2190980e-01   0.0000000e+00  -6.4773757e-07
   6.8500000e+02   1.5215880e+01   3.8378050e+00  -6.2182604e-01   0.0000000e+00  -6.4789609e-07
   6.8600000e+02   1.5197360e+01   3.8368850e+00  -6.2174232e-01   0.0000000e+00  -6.4804988e-07
   6.8700000e+02   1.5178890e+01   3.8359670e+00  -6.2165835e-01   0.0000000e+00  -6.4819891e-07
   6.8800000e+02   1.5160460e+01   3.8350510e+00  -6.2157413e-01   0.0000000e+00  -6.4834324e-07
   6.8900000e+02   1.5142080e+01   3.8341360e+00  -6.2148980e-01   0.0000000e+00  -6.4848282e-07
   6.9000000e+02   1.5123760e+01   3.8332230e+00  -6.2140532e-01   0.0000000e+00  -6.4861758e-07
   6.9100000e+02   1.5105480e+01   3.8323120e+00  -6.2132061e-01   0.0000000e+00  -6.4874796e-07
   6.9200000e+02   1.5087240e+01   3.8314030e+00  -6.2123557e-01   0.0000000e+00  -6.4887360e-07
   6.9300000e+02   1.5069060e+01   3.8304950e+00  -6.2115063e-01   0.0000000e+00  -6.4899476e-07
   6.9400000e+02   1.5050920e+01   3.8295880e+00  -6.2106550e-01   0.0000000e+00  -6.4911154e-07
   6.9500000e+02   1.5032830e+01   3.8286840e+00  -6.2098003e-01   0.0000000e+00  -6.4922335e-07
   6.9600000e+02   1.5014790e+01   3.8277810e+00  -6.2089455e-01   0.0000000e+00  -6.4933107e-07
   6.9700000e+02   1.4996800e+01   3.8268790e+00  -6.2080901e-01   0.0000000e+00  -6.4943441e-07
   6.9800000e+02   1.4978850e+01   3.8259800e+00  -6.2072309e-01   0.0000000e+00  -6.4953287e-07
   6.9900000e+02   1.4960950e+01   3.8250820e+00  -6.2063711e-01   0.0000000e+00  -6.4962737e-07
   7.0000000e+02   1.4943090e+01   3.8241850e+00  -6.2055102e-01   0.0000000e+00  -6.4971759e-07
   7.0100000e+02   1.4925280e+01   3.8232910e+00  -6.2046468e-01   0.0000000e+00  -6.4980336e-07
   7.0200000e+02   1.4907520e+01   3.8223980e+00  -6.2037823e-01   0.0000000e+00  -6.4988472e-07
   7.0300000e+02   1.4889800e+01   3.8215060e+00  -6.2029171e-01   0.0000000e+00  -6.4996210e-07
   7.0400000e+02   1.4872130e+01   3.8206160e+00  -6.2020510e-01   0.0000000e+00  -6.5003519e-07
   7.0500000e+02   1.4854500e+01   3.8197280e+00  -6.2011813e-01   0.0000000e+00  -6.5010387e-07
   7.0600000e+02   1.4836920e+01   3.8188420e+00  -6.2003112e-01   0.0000000e+00  -6.5016858e-07
   7.0700000e+02   1.4819380e+01   3.8179570e+00  -6.1994393e-01   0.0000000e+00  -6.5022905e-07
   7.0800000e+02   1.4801890e+01   3.8170730e+00  -6.1985681e-01   0.0000000e+00  -6.5028566e-07
   7.0900000e+02   1.4784440e+01   3.8161920e+00  -6.1976937e-01   0.0000000e+00  -6.5033816e-07
   7.1000000e+02   1.4767040e+01   3.8153120e+00  -6.1968184e-01   0.0000000e+00  -6.5038637e-07
   7.1100000e+02   1.4749680e+01   3.8144330e+00  -6.1959421e-01   0.0000000e+00  -6.5043087e-07
   7.1200000e+02   1.4732360e+01   3.8135560e+00  -6.1950643e-01   0.0000000e+00  -6.5047123e-07
   7.1300000e+02   1.4715090e+01   3.8126810e+00  -6.1941853e-01   0.0000000e+00  -6.5050753e-07
   7.1400000e+02   1.4697870e+01   3.8118080e+00  -6.1933052e-01   0.0000000e+00  -6.5053990e-07
   7.1500000e+02   1.4680680e+01   3.8109360e+00  -6.1924231e-01   0.0000000e+00  -6.5056858e-07
   7.1600000e+02   1.4663540e+01   3.8100650e+00  -6.1915413e-01   0.0000000e+00  -6.5059354e-07
   7.1700000e+02   1.4646440e+01   3.8091960e+00  -6.1906578e-01   0.0000000e+00  -6.5061449e-07
   7.1800000e+02   1.4629390e+01   3.8083290e+00  -6.1897733e-01   0.0000000e+00  -6.5063151e-07
   7.1900000e+02   1.4612380e+01   3.8074640e+00  -6.1888868e-01   0.0000000e+00  -6.5064492e-07
   7.2000000e+02   1.4595410e+01   3.8066000e+00  -6.1879998e-01   0.0000000e+00  -6.5065435e-07
   7.2100000e+02   1.4578480e+01   3.8057380e+00  -6.1871108e-01   0.0000000e+00  -6.5066011e-07
   7.2200000e+02   1.4561600e+01   3.8048770e+00  -6.1862219e-01   0.0000000e+00  -6.5066232e-07
   7.2300000e+02   1.4544760e+01   3.8040180e+00  -6.1853317e-01   0.0000000e+00  -6.5066081e-07
   7.2400000e+02   1.4527950e+01   3.8031600e+00  -6.1844400e-01   0.0000000e+00  -6.5065572e-07
   7.2500000e+02   1.4511200e+01   3.8023040e+00  -6.1835487e-01   0.0000000e+00  -6.5064690e-07
   7.2600000e+02   1.4494480e+01   3.8014500e+00  -6.1826548e-01   0.0000000e+00  -6.5063461e-07
   7.2700000e+02   1.4477800e+01   3.8005970e+00  -6.1817599e-01   0.0000000e+00  -6.5061855e-07
   7.2800000e+02   1.4461170e+01   3.7997460e+00  -6.1808644e-01   0.0000000e+00  -6.5059898e-07
   7.2900000e+02   1.4444570e+01   3.7988960e+00  -6.1799687e-01   0.0000000e+00  -6.5057625e-07
   7.3000000e+02   1.4428020e+01   3.7980480e+00  -6.1790711e-01   0.0000000e+00  -6.5054957e-07
   7.3100000e+02   1.4411510e+01   3.7972020e+00  -6.1781723e-01   0.0000000e+00  -6.5051944e-07
   7.3200000e+02   1.4395040e+01   3.7963570e+00  -6.1772737e-01   0.0000000e+00  -6.5048613e-07
   7.3300000e+02   1.4378610e+01   3.7955140e+00  -6.1763734e-01   0.0000000e+00  -6.5044943e-07
   7.3400000e+02   1.4362220e+01   3.7946720e+00  -6.1754729e-01   0.0000000e+00  -6.5040921e-07
   7.3500000e+02   1.4345860e+01   3.7938320e+00  -6.1745695e-01   0.0000000e+00  -6.5036552e-07
   7.3600000e+02   1.4329550e+01   3.7929930e+00  -6.1736677e-01   0.0000000e+00  -6.5031883e-07
   7.3700000e+02   1.4313280e+01   3.7921560e+00  -6.1727639e-01   0.0000000e+00  -6.5026858e-07
   7.3800000e+02   1.4297050e+01   3.7913210e+00  -6.1718595e-01   0.0000000e+00  -6.5021490e-07
   7.3900000e+02   1.4280860e+01   3.7904870e+00  -6.1709545e-01   0.0000000e+00  -6.5015818e-07
   7.4000000e+02   1.4264700e+01   3.7896550e+00  -6.1700477e-01   0.0000000e+00  -6.5009837e-07
   7.4100000e+02   1.4248590e+01   3.7888240e+00  -6.1691416e-01   0.0000000e+00  -6.5003500e-07
   7.4200000e+02   1.4232520e+01   3.7879950e+00  -6.1682338e-01   0.0000000e+00  -6.4996858e-07
   7.4300000e+02   1.4216480e+01   3.7871670e+00  -6.1673260e-01   0.0000000e+00  -6.4989908e-07
   7.4400000e+02   1.4200480e+01   3.7863410e+00  -6.1664168e-01   0.0000000e+00  -6.4982648e-07
   7.4500000e+02   1.4184520e+01   3.7855160e+00  -6.1655072e-01   0.0000000e+00  -6.4975063e-07
   7.4600000e+02   1.4168600e+01   3.7846930e+00  -6.1645965e-01   0.0000000e+00  -6.4967163e-07
   7.4700000e+02   1.4152720e+01   3.7838720e+00  -6.1636851e-01   0.0000000e+00  -6.4958957e-07
   7.4800000e+02   1.4136870e+01   3.7830520e+00  -6.1627728e-01   0.0000000e+00  -6.4950452e-07
   7.4900000e+02   1.4121070e+01   3.7822330e+00  -6.1618616e-01   0.0000000e+00  -6.4941663e-07
   7.5000000e+02   1.4105300e+01   3.7814170e+00  -6.1609472e-01   0.0000000e+00  -6.4932533e-07
   7.5100000e+02   1.4089570e+01   3.7806010e+00  -6.1600346e-01   0.0000000e+00  -6.4923139e-07
   7.5200000e+02   1.4073870e+01   3.7797870e+00  -6.1591192e-01   0.0000000e+00  -6.4913440e-07
   7.5300000e+02   1.4058210e+01   3.7789750e+00  -6.1582036e-01   0.0000000e+00  -6.4903429e-07
   7.5400000e+02   1.4042600e+01   3.7781640e+00  -6.1572891e-01   0.0000000e+00  -6.4893142e-07
   7.5500000e+02   1.4027010e+01   3.7773550e+00  -6.1563719e-01   0.0000000e+00  -6.4882564e-07
   7.5600000e+02   1.4011470e+01   3.7765470e+00  -6.1554557e-01   0.0000000e+00  -6.4871711e-07
   7.5700000e+02   1.3995960e+01   3.7757410e+00  -6.1545378e-01   0.0000000e+00  -6.4860556e-07
   7.5800000e+02   1.3980480e+01   3.7749370e+00  -6.1536181e-01   0.0000000e+00  -6.4849106e-07
   7.5900000e+02   1.3965050e+01   3.7741330e+00  -6.1527010e-01   0.0000000e+00  -6.4837402e-07
   7.6000000e+02   1.3949650e+01   3.7733320e+00  -6.1517811e-01   0.0000000e+00  -6.4825395e-07
   7.6100000e+02   1.3934280e+01   3.7725320e+00  -6.1508604e-01   0.0000000e+00  -6.4813127e-07
   7.6200000e+02   1.3918960e+01   3.7717330e+00  -6.1499421e-01   0.0000000e+00  -6.4800596e-07
   7.6300000e+02   1.3903660e+01   3.7709360e+00  -6.1490199e-01   0.0000000e+00  -6.4787766e-07
   7.6400000e+02   1.3888410e+01   3.7701400e+00  -6.1481001e-01   0.0000000e+00  -6.4774699e-07
   7.6500000e+02   1.3873190e+01   3.7693460e+00  -6.1471778e-01   0.0000000e+00  -6.4761322e-07
   7.6600000e+02   1.3858000e+01   3.7685530e+00  -6.1462557e-01   0.0000000e+00  -6.4747710e-07
   7.6700000e+02   1.3842850e+01   3.7677620e+00  -6.1453328e-01   0.0000000e+00  -6.4733817e-07
   7.6800000e+02   1.3827740e+01   3.7669730e+00  -6.1444095e-01   0.0000000e+00  -6.4719657e-07
   7.6900000e+02   1.3812660e+01   3.7661840e+00  -6.1434872e-01   0.0000000e+00  -6.4705268e-07
   7.7000000e+02   1.3797610e+01   3.7653980e+00  -6.1425614e-01   0.0000000e+00  -6.4690594e-07
   7.7100000e+02   1.3782600e+01   3.7646130e+00  -6.1416368e-01   0.0000000e+00  -6.4675653e-07
   7.7200000e+02   1.3767630e+01   3.7638290e+00  -6.1407131e-01   0.0000000e+00  -6.4660490e-07
   7.7300000e+02   1.3752690e+01   3.7630470e+00  -6.1397876e-01   0.0000000e+00  -6.4645041e-07
   7.7400000e+02   1.3737780e+01   3.7622660e+00  -6.1388617e-01   0.0000000e+00  -6.4629366e-07
   7.7500000e+02   1.3722910e+01   3.7614860e+00  -6.1379372e-01   0.0000000e+00  -6.4613432e-07
   7.7600000e+02   1.3708070e+01   3.7607090e+00  -6.1370098e-01   0.0000000e+00  -6.4597250e-07
   7.7700000e+02   1.3693270e+01   3.7599320e+00  -6.1360840e-01   0.0000000e+00  -6.4580829e-07
   7.7800000e+02   1.3678500e+01   3.7591570e+00  -6.1351572e-01   0.0000000e+00  -6.4564168e-07
   7.7900000e+02   1.3663760e+01   3.7583840e+00  -6.1342287e-01   0.0000000e+00  -6.4547252e-07
   7.8000000e+02   1.3649060e+01   3.7576120e+00  -6.1333017e-01   0.0000000e+00  -6.4530103e-07
   7.8100000e+02   1.3634390e+01   3.7568410e+00  -6.1323743e-01   0.0000000e+00  -6.4512724e-07
   7.8200000e+02   1.3619750e+01   3.7560720e+00  -6.1314453e-01   0.0000000e+00  -6.4495091e-07
   7.8300000e+02   1.3605150e+01   3.7553050e+00  -6.1305162e-01   0.0000000e+00  -6.4477245e-07
   7.8400000e+02   1.3590580e+01   3.7545390e+00  -6.1295872e-01   0.0000000e+00  -6.4459147e-07
   7.8500000e+02   1.3576040e+01   3.7537740e+00  -6.1286577e-01   0.0000000e+00  -6.4440837e-07
   7.8600000e+02   1.3561540e+01   3.7530110e+00  -6.1277286e-01   0.0000000e+00  -6.4422277e-07
   7.8700000e+02   1.3547070e+01   3.7522490e+00  -6.1267993e-01   0.0000000e+00  -6.4403518e-07
   7.8800000e+02   1.3532630e+01   3.7514880e+00  -6.1258698e-01   0.0000000e+00  -6.4384520e-07
   7.8900000e+02   1.3518220e+01   3.7507300e+00  -6.1249381e-01   0.0000000e+00  -6.4365291e-07
   7.9000000e+02   1.3503850e+01   3.7499720e+00  -6.1240085e-01   0.0000000e+00  -6.4345846e-07
   7.9100000e+02   1.3489510e+01   3.7492160e+00  -6.1230782e-01   0.0000000e+00  -6.4326193e-07
   7.9200000e+02   1.3475200e+01   3.7484610e+00  -6.1221478e-01   0.0000000e+00  -6.4306305e-07
   7.9300000e+02   1.3460920e+01   3.7477080e+00  -6.1212159e-01   0.0000000e+00  -6.4286198e-07
   7.9400000e+02   1.3446680e+01   3.7469560e+00  -6.1202853e-01   0.0000000e+00  -6.4265893e-07
   7.9500000e+02   1.3432460e+01   3.7462060e+00  -6.1193527e-01   0.0000000e+00  -6.4245360e-07
   7.9600000e+02   1.3418280e+01   3.7454570e+00  -6.1184216e-01   0.0000000e+00  -6.4224624e-07
   7.9700000e+02   1.3404130e+01   3.7447090e+00  -6.1174901e-01   0.0000000e+00  -6.4203685e-07
   7.9800000e+02   1.3390010e+01   3.7439630e+00  -6.1165582e-01   0.0000000e+00  -6.4182516e-07
   7.9900000e+02   1.3375920e+01   3.7432190e+00  -6.1156249e-01   0.0000000e+00  -6.4161145e-07
   8.0000000e+02   1.3361870e+01   3.7424750e+00  -6.1146941e-01   0.0000000e+00  -6.4139590e-07
   8.0100000e+02   1.3347840e+01   3.7417330e+00  -6.1137612e-01   0.0000000e+00  -6.4117829e-07
   8.0200000e+02   1.3333850e+01   3.7409930e+00  -6.1128287e-01   0.0000000e+00  -6.4095831e-07
   8.0300000e+02   1.3319890e+01   3.7402540e+00  -6.1118962e-01   0.0000000e+00  -6.4073654e-07
   8.0400000e+02   1.3305950e+01   3.7395160e+00  -6.1109627e-01   0.0000000e+00  -6.4051286e-07
   8.0500000e+02   1.3292050e+01   3.7387800e+00  -6.1100300e-01   0.0000000e+00  -6.4028709e-07
   8.0600000e+02   1.3278180e+01   3.7380450e+00  -6.1090974e-01   0.0000000e+00  -6.4005949e-07
   8.0700000e+02   1.3264340e+01   3.7373110e+00  -6.1081651e-01   0.0000000e+00  -6.3982985e-07
   8.0800000e+02   1.3250530e+01   3.7365790e+00  -6.1072317e-01   0.0000000e+00  -6.3959839e-07
   8.0900000e+02   1.3236750e+01   3.7358480e+00  -6.1062992e-01   0.0000000e+00  -6.3936487e-07
   8.1000000e+02   1.3223000e+01   3.7351190e+00  -6.1053652e-01   0.0000000e+00  -6.3912947e-07
   8.1100000e+02   1.3209280e+01   3.7343910e+00  -6.1044319e-01   0.0000000e+00  -6.3889231e-07
   8.1200000e+02   1.3195590e+01   3.7336640e+00  -6.1034991e-01   0.0000000e+00  -6.3865326e-07
   8.1300000e+02   1.3181930e+01   3.7329390e+00  -6.1025656e-01   0.0000000e+00  -6.3841222e-07
   8.1400000e+02   1.3168300e+01   3.7322150e+00  -6.1016324e-01   0.0000000e+00  -6.3816952e-07
   8.1500000e+02   1.3154700e+01   3.7314930e+00  -6.1006985e-01   0.0000000e+00  -6.3792481e-07
   8.1600000e+02   1.3141130e+01   3.7307720e+00  -6.0997652e-01   0.0000000e+00  -6.3767834e-07
   8.1700000e+02   1.3127580e+01   3.7300520e+00  -6.0988314e-01   0.0000000e+00  -6.3743013e-07
   8.1800000e+02   1.3114070e+01   3.7293340e+00  -6.0978977e-01   0.0000000e+00  -6.3718005e-07
   8.1900000e+02   1.3100590e+01   3.7286170e+00  -6.0969646e-01   0.0000000e+00  -6.3692822e-07
   8.2000000e+02   1.3087130e+01   3.7279010e+00  -6.0960311e-01   0.0000000e+00  -6.3667488e-07
   8.2100000e+02   1.3073710e+01   3.7271870e+00  -6.0950977e-01   0.0000000e+00  -6.3641950e-07
   8.2200000e+02   1.3060310e+01   3.7264740e+00  -6.0941639e-01   0.0000000e+00  -6.3616259e-07
   8.2300000e+02   1.3046940e+01   3.7257620e+00  -6.0932308e-01   0.0000000e+00  -6.3590395e-07
   8.2400000e+02   1.3033600e+01   3.7250520e+00  -6.0922973e-01   0.0000000e+00  -6.3564350e-07
   8.2500000e+02   1.3020290e+01   3.7243430e+00  -6.0913640e-01   0.0000000e+00  -6.3538139e-07
   8.2600000e+02   1.3007010e+01   3.7236350e+00  -6.0904320e-01   0.0000000e+00  -6.3511769e-07
   8.2700000e+02   1.2993760e+01   3.7229290e+00  -6.0894987e-01   0.0000000e+00  -6.3485230e-07
   8.2800000e+02   1.2980530e+01   3.7222240e+00  -6.0885653e-01   0.0000000e+00  -6.3458521e-07
   8.2900000e+02   1.2967330e+01   3.7215200e+00  -6.0876324e-01   0.0000000e+00  -6.3431657e-07
   8.3000000e+02   1.2954160e+01   3.7208180e+00  -6.0866994e-01   0.0000000e+00  -6.3404623e-07
   8.3100000e+02   1.2941020e+01   3.7201170e+00  -6.0857670e-01   0.0000000e+00  -6.3377427e-07
   8.3200000e+02   1.2927910e+01   3.7194180e+00  -6.0848336e-01   0.0000000e+00  -6.3350077e-07
   8.3300000e+02   1.2914820e+01   3.7187190e+00  -6.0839017e-01   0.0000000e+00  -6.3322578e-07
   8.3400000e+02   1.2901770e+01   3.7180220e+00  -6.0829700e-01   0.0000000e+00  -6.3294909e-07
   8.3500000e+02   1.2888730e+01   3.7173270e+00  -6.0820358e-01   0.0000000e+00  -6.3267081e-07
   8.3600000e+02   1.2875730e+01   3.7166320e+00  -6.0811046e-01   0.0000000e+00  -6.3239111e-07
   8.3700000e+02   1.2862760e+01   3.7159390e+00  -6.0801732e-01   0.0000000e+00  -6.3210990e-07
   8.3800000e+02   1.2849810e+01   3.7152480e+00  -6.0792400e-01   0.0000000e+00  -6.3182689e-07
   8.3900000e+02   1.2836890e+01   3.7145570e+00  -6.0783091e-01   0.0000000e+00  -6.3154288e-07
   8.4000000e+02   1.2823990e+01   3.7138680e+00  -6.0773763e-01   0.0000000e+00  -6.3125702e-07
   8.4100000e+02   1.2811130e+01   3.7131800e+00  -6.0764461e-01   0.0000000e+00  -6.3096974e-07
   8.4200000e+02   1.2798290e+01   3.7124940e+00  -6.0755140e-01   0.0000000e+00  -6.3068101e-07
   8.4300000e+02   1.2785470e+01   3.7118090e+00  -6.0745819e-01   0.0000000e+00  -6.3039072e-07
   8.4400000e+02   1.2772690e+01   3.7111250e+00  -6.0736515e-01   0.0000000e+00  -6.3009906e-07
   8.4500000e+02   1.2759930e+01   3.7104420e+00  -6.0727213e-01   0.0000000e+00  -6.2980602e-07
   8.4600000e+02   1.2747190e+01   3.7097610e+00  -6.0717893e-01   0.0000000e+00  -6.2951160e-07
   8.4700000e+02   1.2734490e+01   3.7090810e+00  -6.0708595e-01   0.0000000e+00  -6.2921564e-07
   8.4800000e+02   1.2721810e+01   3.7084020e+00  -6.0699294e-01   0.0000000e+00  -6.2891829e-07
   8.4900000e+02   1.2709150e+01   3.7077250e+00  -6.0689982e-01   0.0000000e+00  -6.2861948e-07
   8.5000000e+02   1.2696530e+01   3.7070480e+00  -6.0680703e-01   0.0000000e+00  -6.2831962e-07
   8.5100000e+02   1.2683920e+01   3.7063740e+00  -6.0671384e-01   0.0000000e+00  -6.2801802e-07
   8.5200000e+02   1.2671350e+01   3.7057000e+00  -6.0662098e-01   0.0000000e+00  -6.2771526e-07
   8.5300000e+02   1.2658800e+01   3.7050280e+00  -6.0652801e-01   0.0000000e+00  -6.2741108e-07
   8.5400000e+02   1.2646280e+01   3.7043560e+00  -6.0643527e-01   0.0000000e+00  -6.2710570e-07
   8.5500000e+02   1.2633780e+01   3.7036870e+00  -6.0634226e-01   0.0000000e+00  -6.2679882e-07
   8.5600000e+02   1.2621310e+01   3.7030180e+00  -6.0624951e-01   0.0000000e+00  -6.2649075e-07
   8.5700000e+02   1.2608860e+01   3.7023510e+00  -6.0615660e-01   0.0000000e+00  -6.2618132e-07
   8.5800000e+02   1.2596440e+01   3.7016850e+00  -6.0606380e-01   0.0000000e+00  -6.2587078e-07
   8.5900000e+02   1.2584040e+01   3.7010200e+00  -6.0597098e-01   0.0000000e+00  -6.2555867e-07
   8.6000000e+02   1.2571670e+01   3.7003560e+00  -6.0587831e-01   0.0000000e+00  -6.2524558e-07
   8.6100000e+02   1.2559330e+01   3.6996940e+00  -6.0578560e-01   0.0000000e+00  -6.2493110e-07
   8.6200000e+02   1.2547010e+01   3.6990330e+00  -6.0569290e-01   0.0000000e+00  -6.2461532e-07
   8.6300000e+02   1.2534710e+01   3.6983730e+00  -6.0560022e-01   0.0000000e+00  -6.2429834e-07
   8.6400000e+02   1.2522440e+01   3.6977150e+00  -6.0550750e-01   0.0000000e+00  -6.2398017e-07
   8.6500000e+02   1.2510200e+01   3.6970570e+00  -6.0541502e-01   0.0000000e+00  -6.2366075e-07
   8.6600000e+02   1.2497980e+01   3.6964010e+00  -6.0532243e-01   0.0000000e+00  -6.2334024e-07
   8.6700000e+02   1.2485780e+01   3.6957460e+00  -6.0522983e-01   0.0000000e+00  -6.2301844e-07
   8.6800000e+02   1.2473610e+01   3.6950930e+00  -6.0513723e-01   0.0000000e+00  -6.2269530e-07
   8.6900000e+02   1.2461470e+01   3.6944400e+00  -6.0504488e-01   0.0000000e+00  -6.2237121e-07
   8.7000000e+02   1.2449350e+01   3.6937890e+00  -6.0495246e-01   0.0000000e+00  -6.2204592e-07
   8.7100000e+02   1.2437250e+01   3.6931390e+00  -6.0485999e-01   0.0000000e+00  -6.2171947e-07
   8.7200000e+02   1.2425180e+01   3.6924910e+00  -6.0476752e-01   0.0000000e+00  -6.2139162e-07
   8.7300000e+02   1.2413130e+01   3.6918430e+00  -6.0467524e-01   0.0000000e+00  -6.2106291e-07
   8.7400000e+02   1.2401110e+01   3.6911970e+00  -6.0458289e-01   0.0000000e+00  -6.2073304e-07
   8.7500000e+02   1.2389110e+01   3.6905520e+00  -6.0449061e-01   0.0000000e+00  -6.2040199e-07
   8.7600000e+02   1.2377130e+01   3.6899080e+00  -6.0439832e-01   0.0000000e+00  -6.2006988e-07
   8.7700000e+02   1.2365180e+01   3.6892650e+00  -6.0430618e-01   0.0000000e+00  -6.1973676e-07
   8.7800000e+02   1.2353250e+01   3.6886240e+00  -6.0421390e-01   0.0000000e+00  -6.1940241e-07
   8.7900000e+02   1.2341350e+01   3.6879840e+00  -6.0412179e-01   0.0000000e+00  -6.1906693e-07
   8.8000000e+02   1.2329470e+01   3.6873450e+00  -6.0402970e-01   0.0000000e+00  -6.1873048e-07
   8.8100000e+02   1.2317610e+01   3.6867070e+00  -6.0393758e-01   0.0000000e+00  -6.1839297e-07
   8.8200000e+02   1.2305780e+01   3.6860700e+00  -6.0384565e-01   0.0000000e+00  -6.1805437e-07
   8.8300000e+02   1.2293970e+01   3.6854350e+00  -6.0375357e-01   0.0000000e+00  -6.1771480e-07
   8.8400000e+02   1.2282180e+01   3.6848010e+00  -6.0366156e-01   0.0000000e+00  -6.1737418e-07
   8.8500000e+02   1.2270420e+01   3.6841680e+00  -6.0356966e-01   0.0000000e+00  -6.1703233e-07
   8.8600000e+02   1.2258680e+01   3.6835360e+00  -6.0347777e-01   0.0000000e+00  -6.1668968e-07
   8.8700000e+02   1.2246970e+01   3.6829050e+00  -6.0338606e-01   0.0000000e+00  -6.1634619e-07
   8.8800000e+02   1.2235270e+01   3.6822760e+00  -6.0329412e-01   0.0000000e+00  -6.1600139e-07
   8.8900000e+02   1.2223610e+01   3.6816470e+00  -6.0320258e-01   0.0000000e+00  -6.1565576e-07
   8.9000000e+02   1.2211960e+01   3.6810200e+00  -6.0311080e-01   0.0000000e+00  -6.1530903e-07
   8.9100000e+02   1.2200340e+01   3.6803940e+00  -6.0301917e-01   0.0000000e+00  -6.1496149e-07
   8.9200000e+02   1.2188730e+01   3.6797700e+00  -6.0292732e-01   0.0000000e+00  -6.1461261e-07
   8.9300000e+02   1.2177160e+01   3.6791460e+00  -6.0283590e-01   0.0000000e+00  -6.1426316e-07
   8.9400000e+02   1.2165600e+01   3.6785240e+00  -6.0274424e-01   0.0000000e+00  -6.1391253e-07
   8.9500000e+02   1.2154070e+01   3.6779020e+00  -6.0265283e-01   0.0000000e+00  -6.1356122e-07
   8.9600000e+02   1.2142560e+01   3.6772820e+00  -6.0256136e-01   0.0000000e+00  -6.1320875e-07
   8.9700000e+02   1.2131070e+01   3.6766630e+00  -6.0246993e-01   0.0000000e+00  -6.1285548e-07
   8.9800000e+02   1.2119610e+01   3.6760460e+00  -6.0237854e-01   0.0000000e+00  -6.1250112e-07
   8.9900000e+02   1.2108160e+01   3.6754290e+00  -6.0228717e-01   0.0000000e+00  -6.1214611e-07
   9.0000000e+02   1.2096740e+01   3.6748130e+00  -6.0219597e-01   0.0000000e+00  -6.1179026e-07
   9.0100000e+02   1.2085350e+01   3.6741990e+00  -6.0210479e-01   0.0000000e+00  -6.1143318e-07
   9.0200000e+02   1.2073970e+01   3.6735860e+00  -6.0201353e-01   0.0000000e+00  -6.1107546e-07
   9.0300000e+02   1.2062620e+01   3.6729740e+00  -6.0192247e-01   0.0000000e+00  -6.1071668e-07
   9.0400000e+02   1.2051280e+01   3.6723630e+00  -6.0183127e-01   0.0000000e+00  -6.1035713e-07
   9.0500000e+02   1.2039970e+01   3.6717530e+00  -6.0174026e-01   0.0000000e+00  -6.0999686e-07
   9.0600000e+02   1.2028690e+01   3.6711450e+00  -6.0164928e-01   0.0000000e+00  -6.0963543e-07
   9.0700000e+02   1.2017420e+01   3.6705370e+00  -6.0155838e-01   0.0000000e+00  -6.0927356e-07
   9.0800000e+02   1.2006170e+01   3.6699310e+00  -6.0146735e-01   0.0000000e+00  -6.0891049e-07
   9.0900000e+02   1.1994950e+01   3.6693260e+00  -6.0137650e-01   0.0000000e+00  -6.0854670e-07
   9.1000000e+02   1.1983750e+01   3.6687220e+00  -6.0128571e-01   0.0000000e+00  -6.0818219e-07
   9.1100000e+02   1.1972570e+01   3.6681190e+00  -6.0119500e-01   0.0000000e+00  -6.0781655e-07
   9.1200000e+02   1.1961410e+01   3.6675170e+00  -6.0110429e-01   0.0000000e+00  -6.0745055e-07
   9.1300000e+02   1.1950280e+01   3.6669160e+00  -6.0101377e-01   0.0000000e+00  -6.0708355e-07
   9.1400000e+02   1.1939160e+01   3.6663170e+00  -6.0092304e-01   0.0000000e+00  -6.0671563e-07
   9.1500000e+02   1.1928070e+01   3.6657180e+00  -6.0083262e-01   0.0000000e+00  -6.0634711e-07
   9.1600000e+02   1.1916990e+01   3.6651210e+00  -6.0074200e-01   0.0000000e+00  -6.0597773e-07
   9.1700000e+02   1.1905940e+01   3.6645240e+00  -6.0065167e-01   0.0000000e+00  -6.0560772e-07
   9.1800000e+02   1.1894910e+01   3.6639290e+00  -6.0056130e-01   0.0000000e+00  -6.0523678e-07
   9.1900000e+02   1.1883900e+01   3.6633350e+00  -6.0047093e-01   0.0000000e+00  -6.0486516e-07
   9.2000000e+02   1.1872910e+01   3.6627420e+00  -6.0038067e-01   0.0000000e+00  -6.0449265e-07
   9.2100000e+02   1.1861950e+01   3.6621510e+00  -6.0029041e-01   0.0000000e+00  -6.0411939e-07
   9.2200000e+02   1.1851000e+01   3.6615600e+00  -6.0020026e-01   0.0000000e+00  -6.0374566e-07
   9.2300000e+02   1.1840070e+01   3.6609700e+00  -6.0011017e-01   0.0000000e+00  -6.0337107e-07
   9.2400000e+02   1.1829170e+01   3.6603820e+00  -6.0002010e-01   0.0000000e+00  -6.0299562e-07
   9.2500000e+02   1.1818280e+01   3.6597940e+00  -5.9993008e-01   0.0000000e+00  -6.0261970e-07
   9.2600000e+02   1.1807420e+01   3.6592080e+00  -5.9984016e-01   0.0000000e+00  -6.0224288e-07
   9.2700000e+02   1.1796570e+01   3.6586230e+00  -5.9975016e-01   0.0000000e+00  -6.0186537e-07
   9.2800000e+02   1.1785750e+01   3.6580390e+00  -5.9966034e-01   0.0000000e+00  -6.0148716e-07
   9.2900000e+02   1.1774950e+01   3.6574550e+00  -5.9957070e-01   0.0000000e+00  -6.0110845e-07
   9.3000000e+02   1.1764170e+01   3.6568730e+00  -5.9948102e-01   0.0000000e+00  -6.0072900e-07
   9.3100000e+02   1.1753400e+01   3.6562930e+00  -5.9939116e-01   0.0000000e+00  -6.0034855e-07
   9.3200000e+02   1.1742660e+01   3.6557130e+00  -5.9930159e-01   0.0000000e+00  -5.9996774e-07
   9.3300000e+02   1.1731940e+01   3.6551340e+00  -5.9921210e-01   0.0000000e+00  -5.9958633e-07
   9.3400000e+02   1.1721240e+01   3.6545560e+00  -5.9912268e-01   0.0000000e+00  -5.9920398e-07
   9.3500000e+02   1.1710560e+01   3.6539800e+00  -5.9903317e-01   0.0000000e+00  -5.9882123e-07
   9.3600000e+02   1.1699900e+01   3.6534040e+00  -5.9894388e-01   0.0000000e+00  -5.9843785e-07
   9.3700000e+02   1.1689250e+01   3.6528300e+00  -5.9885444e-01   0.0000000e+00  -5.9805348e-07
   9.3800000e+02   1.1678630e+01   3.6522560e+00  -5.9876526e-01   0.0000000e+00  -5.9766881e-07
   9.3900000e+02   1.1668030e+01   3.6516840e+00  -5.9867606e-01   0.0000000e+00  -5.9728340e-07
   9.4000000e+02   1.1657450e+01   3.6511120e+00  -5.9858704e-01   0.0000000e+00  -5.9689755e-07
   9.4100000e+02   1.1646880e+01   3.6505420e+00  -5.9849786e-01   0.0000000e+00  -5.9651088e-07
   9.4200000e+02   1.1636340e+01   3.6499730e+00  -5.9840885e-01   0.0000000e+00  -5.9612367e-07
   9.4300000e+02   1.1625820e+01   3.6494050e+00  -5.9831993e-01   0.0000000e+00  -5.9573590e-07
   9.4400000e+02   1.1615310e+01   3.6488380e+00  -5.9823098e-01   0.0000000e+00  -5.9534726e-07
   9.4500000e+02   1.1604830e+01   3.6482720e+00  -5.9814220e-01   0.0000000e+00  -5.9495820e-07
   9.4600000e+02   1.1594360e+01   3.6477070e+00  -5.9805338e-01   0.0000000e+00  -5.9456871e-07
   9.4700000e+02   1.1583920e+01   3.6471430e+00  -5.9796475e-01   0.0000000e+00  -5.9417865e-07
   9.4800000e+02   1.1573490e+01   3.6465800e+00  -5.9787610e-01   0.0000000e+00  -5.9378788e-07
   9.4900000e+02   1.1563080e+01   3.6460180e+00  -5.9778750e-01   0.0000000e+00  -5.9339664e-07
   9.5000000e+02   1.1552700e+01   3.6454570e+00  -5.9769911e-01   0.0000000e+00  -5.9300470e-07
   9.5100000e+02   1.1542330e+01   3.6448970e+00  -5.9761068e-01   0.0000000e+00  -5.9261232e-07
   9.5200000e+02   1.1531980e+01   3.6443390e+00  -5.9752221e-01   0.0000000e+00  -5.9221920e-07
   9.5300000e+02   1.1521650e+01   3.6437810e+00  -5.9743392e-01   0.0000000e+00  -5.9182575e-07
   9.5400000e+02   1.1511330e+01   3.6432240e+00  -5.9734562e-01   0.0000000e+00  -5.9143180e-07
   9.5500000e+02   1.1501040e+01   3.6426680e+00  -5.9725751e-01   0.0000000e+00  -5.9103715e-07
   9.5600000e+02   1.1490770e+01   3.6421140e+00  -5.9716937e-01   0.0000000e+00  -5.9064199e-07
   9.5700000e+02   1.1480510e+01   3.6415600e+00  -5.9708130e-01   0.0000000e+00  -5.9024642e-07
   9.5800000e+02   1.1470270e+01   3.6410070e+00  -5.9699332e-01   0.0000000e+00  -5.8985033e-07
   9.5900000e+02   1.1460060e+01   3.6404560e+00  -5.9690542e-01   0.0000000e+00  -5.8945340e-07
   9.6000000e+02   1.1449860e+01   3.6399050e+00  -5.9681761e-01   0.0000000e+00  -5.8905649e-07
   9.6100000e+02   1.1439680e+01   3.6393550e+00  -5.9672987e-01   0.0000000e+00  -5.8865892e-07
   9.6200000e+02   1.1429510e+01   3.6388070e+00  -5.9664198e-01   0.0000000e+00  -5.8826059e-07
   9.6300000e+02   1.1419370e+01   3.6382590e+00  -5.9655444e-01   0.0000000e+00  -5.8786206e-07
   9.6400000e+02   1.1409240e+01   3.6377130e+00  -5.9646674e-01   0.0000000e+00  -5.8746264e-07
   9.6500000e+02   1.1399140e+01   3.6371670e+00  -5.9637936e-01   0.0000000e+00  -5.8706316e-07
   9.6600000e+02   1.1389050e+01   3.6366230e+00  -5.9629182e-01   0.0000000e+00  -5.8666316e-07
   9.6700000e+02   1.1378980e+01   3.6360790e+00  -5.9620450e-01   0.0000000e+00  -5.8626266e-07
   9.6800000e+02   1.1368920e+01   3.6355360e+00  -5.9611716e-01   0.0000000e+00  -5.8586170e-07
   9.6900000e+02   1.1358890e+01   3.6349950e+00  -5.9602986e-01   0.0000000e+00  -5.8546012e-07
   9.7000000e+02   1.1348870e+01   3.6344540e+00  -5.9594272e-01   0.0000000e+00  -5.8505817e-07
   9.7100000e+02   1.1338870e+01   3.6339150e+00  -5.9585553e-01   0.0000000e+00  -5.8465565e-07
   9.7200000e+02   1.1328890e+01   3.6333760e+00  -5.9576853e-01   0.0000000e+00  -5.8425298e-07
   9.7300000e+02   1.1318930e+01   3.6328380e+00  -5.9568164e-01   0.0000000e+00  -5.8384980e-07
   9.7400000e+02   1.1308990e+01   3.6323020e+00  -5.9559473e-01   0.0000000e+00  -5.8344584e-07
   9.7500000e+02   1.1299060e+01   3.6317660e+00  -5.9550791e-01   0.0000000e+00  -5.8304176e-07
   9.7600000e+02   1.1289150e+01   3.6312310e+00  -5.9542117e-01   0.0000000e+00  -5.8263737e-07
   9.7700000e+02   1.1279260e+01   3.6306970e+00  -5.9533454e-01   0.0000000e+00  -5.8223249e-07
   9.7800000e+02   1.1269390e+01   3.6301650e+00  -5.9524788e-01   0.0000000e+00  -5.8182688e-07
   9.7900000e+02   1.1259530e+01   3.6296330e+00  -5.9516132e-01   0.0000000e+00  -5.8142115e-07
   9.8000000e+02   1.1249690e+01   3.6291020e+00  -5.9507485e-01   0.0000000e+00  -5.8101496e-07
   9.8100000e+02   1.1239870e+01   3.6285720e+00  -5.9498847e-01   0.0000000e+00  -5.8060840e-07
   9.8200000e+02   1.1230070e+01   3.6280430e+00  -5.9490221e-01   0.0000000e+00  -5.8020144e-07
   9.8300000e+02   1.1220280e+01   3.6275150e+00  -5.9481593e-01   0.0000000e+00  -5.7979397e-07
   9.8400000e+02   1.1210520e+01   3.6269890e+00  -5.9472971e-01   0.0000000e+00  -5.7938608e-07
   9.8500000e+02   1.1200760e+01   3.6264630e+00  -5.9464351e-01   0.0000000e+00  -5.7897789e-07
   9.8600000e+02   1.1191030e+01   3.6259380e+00  -5.9455752e-01   0.0000000e+00  -5.7856953e-07
   9.8700000e+02   1.1181310e+01   3.6254130e+00  -5.9447163e-01   0.0000000e+00  -5.7816063e-07
   9.8800000e+02   1.1171610e+01   3.6248900e+00  -5.9438572e-01   0.0000000e+00  -5.7775139e-07
   9.8900000e+02   1.1161930e+01   3.6243680e+00  -5.9429993e-01   0.0000000e+00  -5.7734152e-07
   9.9000000e+02   1.1152270e+01   3.6238470e+00  -5.9421425e-01   0.0000000e+00  -5.7693168e-07
   9.9100000e+02   1.1142620e+01   3.6233270e+00  -5.9412850e-01   0.0000000e+00  -5.7652122e-07
   9.9200000e+02   1.1132990e+01   3.6228070e+00  -5.9404303e-01   0.0000000e+00  -5.7611052e-07
   9.9300000e+02   1.1123370e+01   3.6222890e+00  -5.9395739e-01   0.0000000e+00  -5.7569945e-07
   9.9400000e+02   1.1113780e+01   3.6217710e+00  -5.9387210e-01   0.0000000e+00  -5.7528820e-07
   9.9500000e+02   1.1104200e+01   3.6212550e+00  -5.9378665e-01   0.0000000e+00  -5.7487635e-07
   9.9600000e+02   1.1094630e+01   3.6207390e+00  -5.9370136e-01   0.0000000e+00  -5.7446432e-07
   9.9700000e+02   1.1085090e+01   3.6202250e+00  -5.9361614e-01   0.0000000e+00  -5.7405177e-07
   9.9800000e+02   1.1075560e+01   3.6197110e+00  -5.9353105e-01   0.0000000e+00  -5.7363900e-07
   9.9900000e+02   1.1066040e+01   3.6191980e+00  -5.9344593e-01   0.0000000e+00  -5.7322597e-07
   1.0000000e+03   1.1056550e+01   3.6186860e+00  -5.9336105e-01   0.0000000e+00  -5.7281268e-07
   1.0010000e+03   1.1047060e+01   3.6181750e+00  -5.9327605e-01   0.0000000e+00  -5.7239902e-07
   1.0020000e+03   1.1037600e+01   3.6176650e+00  -5.9319125e-01   0.0000000e+00  -5.7198505e-07
   1.0030000e+03   1.1028150e+01   3.6171560e+00  -5.9310644e-01   0.0000000e+00  -5.7157062e-07
   1.0040000e+03   1.1018720e+01   3.6166480e+00  -5.9302174e-01   0.0000000e+00  -5.7115606e-07
   1.0050000e+03   1.1009310e+01   3.6161410e+00  -5.9293717e-01   0.0000000e+00  -5.7074108e-07
   1.0060000e+03   1.0999910e+01   3.6156350e+00  -5.9285259e-01   0.0000000e+00  -5.7032599e-07
   1.0070000e+03   1.0990530e+01   3.6151290e+00  -5.9276824e-01   0.0000000e+00  -5.6991044e-07
   1.0080000e+03   1.0981160e+01   3.6146250e+00  -5.9268373e-01   0.0000000e+00  -5.6949469e-07
   1.0090000e+03   1.0971810e+01   3.6141210e+00  -5.9259950e-01   0.0000000e+00  -5.6907867e-07
   1.0100000e+03   1.0962480e+01   3.6136180e+00  -5.9251536e-01   0.0000000e+00  -5.6866224e-07
   1.0110000e+03   1.0953160e+01   3.6131170e+00  -5.9243110e-01   0.0000000e+00  -5.6824554e-07
   1.0120000e+03   1.0943860e+01   3.6126160e+00  -5.9234707e-01   0.0000000e+00  -5.6782871e-07
   1.0130000e+03   1.0934580e+01   3.6121160e+00  -5.9226314e-01   0.0000000e+00  -5.6741158e-07
   1.0140000e+03   1.0925310e+01   3.6116170e+00  -5.9217923e-01   0.0000000e+00  -5.6699405e-07
   1.0150000e+03   1.0916060e+01   3.6111180e+00  -5.9209555e-01   0.0000000e+00  -5.6657656e-07
   1.0160000e+03   1.0906820e+01   3.6106210e+00  -5.9201172e-01   0.0000000e+00  -5.6615861e-07
   1.0170000e+03   1.0897600e+01   3.6101250e+00  -5.9192803e-01   0.0000000e+00  -5.6574024e-07
   1.0180000e+03   1.0888390e+01   3.6096290e+00  -5.9184447e-01   0.0000000e+00  -5.6532192e-07
   1.0190000e+03   1.0879200e+01   3.6091350e+00  -5.9176088e-01   0.0000000e+00  -5.6490331e-07
   1.0200000e+03   1.0870030e+01   3.6086410e+00  -5.9167753e-01   0.0000000e+00  -5.6448433e-07
   1.0210000e+03   1.0860870e+01   3.6081480e+00  -5.9159419e-01   0.0000000e+00  -5.6406510e-07
   1.0220000e+03   1.0851730e+01   3.6076560e+00  -5.9151095e-01   0.0000000e+00  -5.6364588e-07
   1.0230000e+03   1.0842600e+01   3.6071650e+00  -5.9142774e-01   0.0000000e+00  -5.6322617e-07
   1.0240000e+03   1.0833490e+01   3.6066750e+00  -5.9134464e-01   0.0000000e+00  -5.6280628e-07
   1.0250000e+03   1.0824400e+01   3.6061860e+00  -5.9126163e-01   0.0000000e+00  -5.6238619e-07
   1.0260000e+03   1.0815320e+01   3.6056970e+00  -5.9117877e-01   0.0000000e+00  -5.6196598e-07
   1.0270000e+03   1.0806250e+01   3.6052100e+00  -5.9109579e-01   0.0000000e+00  -5.6154530e-07
   1.0280000e+03   1.0797200e+01   3.6047230e+00  -5.9101303e-01   0.0000000e+00  -5.6112466e-07
   1.0290000e+03   1.0788170e+01   3.6042370e+00  -5.9093042e-01   0.0000000e+00  -5.6070367e-07
   1.0300000e+03   1.0779150e+01   3.6037520e+00  -5.9084779e-01   0.0000000e+00  -5.6028255e-07
   1.0310000e+03   1.0770150e+01   3.6032680e+00  -5.9076528e-01   0.0000000e+00  -5.5986108e-07
   1.0320000e+03   1.0761160e+01   3.6027850e+00  -5.9068277e-01   0.0000000e+00  -5.5943959e-07
   1.0330000e+03   1.0752190e+01   3.6023030e+00  -5.9060041e-01   0.0000000e+00  -5.5901784e-07
   1.0340000e+03   1.0743230e+01   3.6018210e+00  -5.9051815e-01   0.0000000e+00  -5.5859607e-07
   1.0350000e+03   1.0734290e+01   3.6013400e+00  -5.9043602e-01   0.0000000e+00  -5.5817388e-07
   1.0360000e+03   1.0725360e+01   3.6008610e+00  -5.9035379e-01   0.0000000e+00  -5.5775142e-07
   1.0370000e+03   1.0716450e+01   3.6003820e+00  -5.9027178e-01   0.0000000e+00  -5.5732905e-07
   1.0380000e+03   1.0707550e+01   3.5999040e+00  -5.9018978e-01   0.0000000e+00  -5.5690635e-07
   1.0390000e+03   1.0698670e+01   3.5994260e+00  -5.9010804e-01   0.0000000e+00  -5.5648352e-07
   1.0400000e+03   1.0689800e+01   3.5989500e+00  -5.9002615e-01   0.0000000e+00  -5.5606048e-07
   1.0410000e+03   1.0680950e+01   3.5984750e+00  -5.8994445e-01   0.0000000e+00  -5.5563717e-07
   1.0420000e+03   1.0672110e+01   3.5980000e+00  -5.8986283e-01   0.0000000e+00  -5.5521387e-07
   1.0430000e+03   1.0663290e+01   3.5975260e+00  -5.8978134e-01   0.0000000e+00  -5.5479038e-07
   1.0440000e+03   1.0654480e+01   3.5970530e+00  -5.8969986e-01   0.0000000e+00  -5.5436662e-07
   1.0450000e+03   1.0645680e+01   3.5965810e+00  -5.8961840e-01   0.0000000e+00  -5.5394276e-07
   1.0460000e+03   1.0636910e+01   3.5961100e+00  -5.8953718e-01   0.0000000e+00  -5.5351875e-07
   1.0470000e+03   1.0628140e+01   3.5956390e+00  -5.8945599e-01   0.0000000e+00  -5.5309459e-07
   1.0480000e+03   1.0619390e+01   3.5951690e+00  -5.8937490e-01   0.0000000e+00  -5.5267019e-07
   1.0490000e+03   1.0610660e+01   3.5947010e+00  -5.8929384e-01   0.0000000e+00  -5.5224564e-07
   1.0500000e+03   1.0601940e+01   3.5942330e+00  -5.8921288e-01   0.0000000e+00  -5.5182114e-07
   1.0510000e+03   1.0593230e+01   3.5937660e+00  -5.8913195e-01   0.0000000e+00  -5.5139628e-07
   1.0520000e+03   1.0584540e+01   3.5932990e+00  -5.8905127e-01   0.0000000e+00  -5.5097157e-07
   1.0530000e+03   1.0575860e+01   3.5928340e+00  -5.8897049e-01   0.0000000e+00  -5.5054649e-07
   1.0540000e+03   1.0567200e+01   3.5923690e+00  -5.8888994e-01   0.0000000e+00  -5.5012132e-07
   1.0550000e+03   1.0558550e+01   3.5919050e+00  -5.8880942e-01   0.0000000e+00  -5.4969601e-07
   1.0560000e+03   1.0549920e+01   3.5914420e+00  -5.8872900e-01   0.0000000e+00  -5.4927078e-07
   1.0570000e+03   1.0541300e+01   3.5909800e+00  -5.8864862e-01   0.0000000e+00  -5.4884513e-07
   1.0580000e+03   1.0532690e+01   3.5905190e+00  -5.8856826e-01   0.0000000e+00  -5.4841938e-07
   1.0590000e+03   1.0524100e+01   3.5900580e+00  -5.8848812e-01   0.0000000e+00  -5.4799378e-07
   1.0600000e+03   1.0515520e+01   3.5895980e+00  -5.8840801e-01   0.0000000e+00  -5.4756776e-07
   1.0610000e+03   1.0506960e+01   3.5891390e+00  -5.8832805e-01   0.0000000e+00  -5.4714184e-07
   1.0620000e+03   1.0498410e+01   3.5886810e+00  -5.8824807e-01   0.0000000e+00  -5.4671581e-07
   1.0630000e+03   1.0489880e+01   3.5882240e+00  -5.8816826e-01   0.0000000e+00  -5.4628945e-07
   1.0640000e+03   1.0481360e+01   3.5877670e+00  -5.8808858e-01   0.0000000e+00  -5.4586324e-07
   1.0650000e+03   1.0472850e+01   3.5873120e+00  -5.8800877e-01   0.0000000e+00  -5.4543665e-07
   1.0660000e+03   1.0464360e+01   3.5868570e+00  -5.8792921e-01   0.0000000e+00  -5.4501030e-07
   1.0670000e+03   1.0455880e+01   3.5864020e+00  -5.8784984e-01   0.0000000e+00  -5.4458373e-07
   1.0680000e+03   1.0447410e+01   3.5859490e+00  -5.8777032e-01   0.0000000e+00  -5.4415689e-07
   1.0690000e+03   1.0438960e+01   3.5854970e+00  -5.8769094e-01   0.0000000e+00  -5.4373006e-07
   1.0700000e+03   1.0430530e+01   3.5850450e+00  -5.8761182e-01   0.0000000e+00  -5.4330309e-07
   1.0710000e+03   1.0422100e+01   3.5845940e+00  -5.8753260e-01   0.0000000e+00  -5.4287621e-07
   1.0720000e+03   1.0413690e+01   3.5841440e+00  -5.8745351e-01   0.0000000e+00  -5.4244935e-07
   1.0730000e+03   1.0405300e+01   3.5836940e+00  -5.8737468e-01   0.0000000e+00  -5.4202221e-07
   1.0740000e+03   1.0396910e+01   3.5832460e+00  -5.8729563e-01   0.0000000e+00  -5.4159485e-07
   1.0750000e+03   1.0388550e+01   3.5827980e+00  -5.8721697e-01   0.0000000e+00  -5.4116746e-07
   1.0760000e+03   1.0380190e+01   3.5823510e+00  -5.8713819e-01   0.0000000e+00  -5.4074025e-07
   1.0770000e+03   1.0371850e+01   3.5819050e+00  -5.8705956e-01   0.0000000e+00  -5.4031270e-07
   1.0780000e+03   1.0363520e+01   3.5814590e+00  -5.8698105e-01   0.0000000e+00  -5.3988527e-07
   1.0790000e+03   1.0355210e+01   3.5810150e+00  -5.8690258e-01   0.0000000e+00  -5.3945773e-07
   1.0800000e+03   1.0346900e+01   3.5805710e+00  -5.8682414e-01   0.0000000e+00  -5.3903006e-07
   1.0810000e+03   1.0338620e+01   3.5801280e+00  -5.8674592e-01   0.0000000e+00  -5.3860238e-07
   1.0820000e+03   1.0330340e+01   3.5796850e+00  -5.8666776e-01   0.0000000e+00  -5.3817457e-07
   1.0830000e+03   1.0322080e+01   3.5792440e+00  -5.8658960e-01   0.0000000e+00  -5.3774675e-07
   1.0840000e+03   1.0313830e+01   3.5788030e+00  -5.8651159e-01   0.0000000e+00  -5.3731894e-07
   1.0850000e+03   1.0305600e+01   3.5783630e+00  -5.8643371e-01   0.0000000e+00  -5.3689100e-07
   1.0860000e+03   1.0297380e+01   3.5779240e+00  -5.8635584e-01   0.0000000e+00  -5.3646300e-07
   1.0870000e+03   1.0289170e+01   3.5774850e+00  -5.8627813e-01   0.0000000e+00  -5.3603509e-07
   1.0880000e+03   1.0280980e+01   3.5770480e+00  -5.8620045e-01   0.0000000e+00  -5.3560692e-07
   1.0890000e+03   1.0272790e+01   3.5766110e+00  -5.8612277e-01   0.0000000e+00  -5.3517879e-07
   1.0900000e+03   1.0264630e+01   3.5761740e+00  -5.8604548e-01   0.0000000e+00  -5.3475096e-07
   1.0910000e+03   1.0256470e+01   3.5757390e+00  -5.8596798e-01   0.0000000e+00  -5.3432266e-07
   1.0920000e+03   1.0248330e+01   3.5753040e+00  -5.8589072e-01   0.0000000e+00  -5.3389459e-07
   1.0930000e+03   1.0240200e+01   3.5748700e+00  -5.8581351e-01   0.0000000e+00  -5.3346640e-07
   1.0940000e+03   1.0232080e+01   3.5744370e+00  -5.8573632e-01   0.0000000e+00  -5.3303800e-07
   1.0950000e+03   1.0223980e+01   3.5740050e+00  -5.8565925e-01   0.0000000e+00  -5.3260974e-07
   1.0960000e+03   1.0215890e+01   3.5735730e+00  -5.8558236e-01   0.0000000e+00  -5.3218144e-07
   1.0970000e+03   1.0207810e+01   3.5731420e+00  -5.8550545e-01   0.0000000e+00  -5.3175314e-07
   1.0980000e+03   1.0199750e+01   3.5727120e+00  -5.8542872e-01   0.0000000e+00  -5.3132476e-07
   1.0990000e+03   1.0191700e+01   3.5722830e+00  -5.8535202e-01   0.0000000e+00  -5.3089620e-07
   1.1000000e+03   1.0183660e+01   3.5718540e+00  -5.8527545e-01   0.0000000e+00  -5.3046776e-07
   1.1010000e+03   1.0175630e+01   3.5714260e+00  -5.8519888e-01   0.0000000e+00  -5.3003950e-07
   1.1020000e+03   1.0167620e+01   3.5709990e+00  -5.8512248e-01   0.0000000e+00  -5.2961109e-07
   1.1030000e+03   1.0159620e+01   3.5705720e+00  -5.8504626e-01   0.0000000e+00  -5.2918264e-07
   1.1040000e+03   1.0151630e+01   3.5701470e+00  -5.8496988e-01   0.0000000e+00  -5.2875413e-07
   1.1050000e+03   1.0143650e+01   3.5697220e+00  -5.8489368e-01   0.0000000e+00  -5.2832571e-07
   1.1060000e+03   1.0135690e+01   3.5692970e+00  -5.8481774e-01   0.0000000e+00  -5.2789742e-07
   1.1070000e+03   1.0127740e+01   3.5688740e+00  -5.8474173e-01   0.0000000e+00  -5.2746881e-07
   1.1080000e+03   1.0119800e+01   3.5684510e+00  -5.8466582e-01   0.0000000e+00  -5.2704040e-07
   1.1090000e+03   1.0111880e+01   3.5680290e+00  -5.8459009e-01   0.0000000e+00  -5.2661193e-07
   1.1100000e+03   1.0103960e+01   3.5676080e+00  -5.8451427e-01   0.0000000e+00  -5.2618330e-07
   1.1110000e+03   1.0096060e+01   3.5671870e+00  -5.8443871e-01   0.0000000e+00  -5.2575504e-07
   1.1120000e+03   1.0088180e+01   3.5667670e+00  -5.8436328e-01   0.0000000e+00  -5.2532666e-07
   1.1130000e+03   1.0080300e+01   3.5663480e+00  -5.8428777e-01   0.0000000e+00  -5.2489820e-07
   1.1140000e+03   1.0072440e+01   3.5659300e+00  -5.8421241e-01   0.0000000e+00  -5.2446963e-07
   1.1150000e+03   1.0064590e+01   3.5655120e+00  -5.8413722e-01   0.0000000e+00  -5.2404134e-07
   1.1160000e+03   1.0056750e+01   3.5650950e+00  -5.8406203e-01   0.0000000e+00  -5.2361292e-07
   1.1170000e+03   1.0048920e+01   3.5646790e+00  -5.8398688e-01   0.0000000e+00  -5.2318453e-07
   1.1180000e+03   1.0041110e+01   3.5642630e+00  -5.8391199e-01   0.0000000e+00  -5.2275620e-07
   1.1190000e+03   1.0033310e+01   3.5638480e+00  -5.8383714e-01   0.0000000e+00  -5.2232788e-07
   1.1200000e+03   1.0025520e+01   3.5634340e+00  -5.8376232e-01   0.0000000e+00  -5.2189957e-07
   1.1210000e+03   1.0017740e+01   3.5630210e+00  -5.8368752e-01   0.0000000e+00  -5.2147122e-07
   1.1220000e+03   1.0009980e+01   3.5626080e+00  -5.8361300e-01   0.0000000e+00  -5.2104312e-07
   1.1230000e+03   1.0002220e+01   3.5621960e+00  -5.8353838e-01   0.0000000e+00  -5.2061490e-07
