   3.2000000e+01   2.4569980e+02   5.0130180e+00  -1.5544970e-01   0.0000000e+00   2.8507084e-07
   3.3000000e+01   2.3933150e+02   4.9927850e+00  -1.5852557e-01   0.0000000e+00   2.9041986e-07
   3.4000000e+01   2.3328700e+02   4.9736800e+00  -1.6154335e-01   0.0000000e+00   2.9564398e-07
   3.5000000e+01   2.2754200e+02   4.9556160e+00  -1.6450673e-01   0.0000000e+00   3.0075013e-07
   3.6000000e+01   2.2207440e+02   4.9385120e+00  -1.6741927e-01   0.0000000e+00   3.0574494e-07
   3.7000000e+01   2.1686440e+02   4.9222980e+00  -1.7028402e-01   0.0000000e+00   3.1063423e-07
   3.8000000e+01   2.1189420e+02   4.9069060e+00  -1.7310403e-01   0.0000000e+00   3.1542371e-07
   3.9000000e+01   2.0714720e+02   4.8922790e+00  -1.7588176e-01   0.0000000e+00   3.2011804e-07
   4.0000000e+01   2.0260890e+02   4.8783620e+00  -1.7861972e-01   0.0000000e+00   3.2472187e-07
   4.1000000e+01   1.9826550e+02   4.8651050e+00  -1.8132009e-01   0.0000000e+00   3.2923935e-07
   4.2000000e+01   1.9410480e+02   4.8524630e+00  -1.8398498e-01   0.0000000e+00   3.3367441e-07
   4.3000000e+01   1.9011550e+02   4.8403950e+00  -1.8661614e-01   0.0000000e+00   3.3803030e-07
   4.4000000e+01   1.8628700e+02   4.8288630e+00  -1.8921539e-01   0.0000000e+00   3.4231054e-07
   4.5000000e+01   1.8260990e+02   4.8178320e+00  -1.9178431e-01   0.0000000e+00   3.4651797e-07
   4.6000000e+01   1.7907540e+02   4.8072710e+00  -1.9432427e-01   0.0000000e+00   3.5065517e-07
   4.7000000e+01   1.7567520e+02   4.7971500e+00  -1.9683665e-01   0.0000000e+00   3.5472476e-07
   4.8000000e+01   1.7240200e+02   4.7874420e+00  -1.9932278e-01   0.0000000e+00   3.5872926e-07
   4.9000000e+01   1.6924860e+02   4.7781220e+00  -2.0178376e-01   0.0000000e+00   3.6267055e-07
   5.0000000e+01   1.6620860e+02   4.7691660e+00  -2.0422069e-01   0.0000000e+00   3.6655083e-07
   5.1000000e+01   1.6327610e+02   4.7605550e+00  -2.0663452e-01   0.0000000e+00   3.7037186e-07
   5.2000000e+01   1.6044540e+02   4.7522680e+00  -2.0902626e-01   0.0000000e+00   3.7413540e-07
   5.3000000e+01   1.5771130e+02   4.7442860e+00  -2.1139671e-01   0.0000000e+00   3.7784291e-07
   5.4000000e+01   1.5506900e+02   4.7365930e+00  -2.1374674e-01   0.0000000e+00   3.8149624e-07
   5.5000000e+01   1.5251390e+02   4.7291730e+00  -2.1607705e-01   0.0000000e+00   3.8509640e-07
   5.6000000e+01   1.5004170e+02   4.7220110e+00  -2.1838842e-01   0.0000000e+00   3.8864495e-07
   5.7000000e+01   1.4764860e+02   4.7150940e+00  -2.2068152e-01   0.0000000e+00   3.9214300e-07
   5.8000000e+01   1.4533070e+02   4.7084090e+00  -2.2295694e-01   0.0000000e+00   3.9559182e-07
   5.9000000e+01   1.4308470e+02   4.7019440e+00  -2.2521530e-01   0.0000000e+00   3.9899231e-07
   6.0000000e+01   1.4090710e+02   4.6956880e+00  -2.2745717e-01   0.0000000e+00   4.0234564e-07
   6.1000000e+01   1.3879500e+02   4.6896300e+00  -2.2968315e-01   0.0000000e+00   4.0565292e-07
   6.2000000e+01   1.3674540e+02   4.6837620e+00  -2.3189358e-01   0.0000000e+00   4.0891464e-07
   6.3000000e+01   1.3475560e+02   4.6780720e+00  -2.3408911e-01   0.0000000e+00   4.1213190e-07
   6.4000000e+01   1.3282300e+02   4.6725550e+00  -2.3627010e-01   0.0000000e+00   4.1530561e-07
   6.5000000e+01   1.3094530e+02   4.6672000e+00  -2.3843709e-01   0.0000000e+00   4.1843657e-07
   6.6000000e+01   1.2912000e+02   4.6620010e+00  -2.4059028e-01   0.0000000e+00   4.2152503e-07
   6.7000000e+01   1.2734510e+02   4.6569500e+00  -2.4273037e-01   0.0000000e+00   4.2457223e-07
   6.8000000e+01   1.2561840e+02   4.6520420e+00  -2.4485751e-01   0.0000000e+00   4.2757876e-07
   6.9000000e+01   1.2393810e+02   4.6472690e+00  -2.4697210e-01   0.0000000e+00   4.3054481e-07
   7.0000000e+01   1.2230230e+02   4.6426250e+00  -2.4907459e-01   0.0000000e+00   4.3347136e-07
   7.1000000e+01   1.2070930e+02   4.6381060e+00  -2.5116515e-01   0.0000000e+00   4.3635884e-07
   7.2000000e+01   1.1915740e+02   4.6337060e+00  -2.5324421e-01   0.0000000e+00   4.3920776e-07
   7.3000000e+01   1.1764500e+02   4.6294190e+00  -2.5531212e-01   0.0000000e+00   4.4201894e-07
   7.4000000e+01   1.1617070e+02   4.6252420e+00  -2.5736899e-01   0.0000000e+00   4.4479231e-07
   7.5000000e+01   1.1473310e+02   4.6211690e+00  -2.5941533e-01   0.0000000e+00   4.4752885e-07
   7.6000000e+01   1.1333070e+02   4.6171960e+00  -2.6145126e-01   0.0000000e+00   4.5022863e-07
   7.7000000e+01   1.1196240e+02   4.6133200e+00  -2.6347703e-01   0.0000000e+00   4.5289222e-07
   7.8000000e+01   1.1062690e+02   4.6095360e+00  -2.6549314e-01   0.0000000e+00   4.5552029e-07
   7.9000000e+01   1.0932290e+02   4.6058420e+00  -2.6749943e-01   0.0000000e+00   4.5811264e-07
   8.0000000e+01   1.0804960e+02   4.6022330e+00  -2.6949645e-01   0.0000000e+00   4.6067027e-07
   8.1000000e+01   1.0680560e+02   4.5987060e+00  -2.7148434e-01   0.0000000e+00   4.6319312e-07
   8.2000000e+01   1.0559020e+02   4.5952580e+00  -2.7346325e-01   0.0000000e+00   4.6568153e-07
   8.3000000e+01   1.0440220e+02   4.5918870e+00  -2.7543340e-01   0.0000000e+00   4.6813592e-07
   8.4000000e+01   1.0324090e+02   4.5885890e+00  -2.7739517e-01   0.0000000e+00   4.7055674e-07
   8.5000000e+01   1.0210520e+02   4.5853610e+00  -2.7934868e-01   0.0000000e+00   4.7294428e-07
   8.6000000e+01   1.0099440e+02   4.5822020e+00  -2.8129380e-01   0.0000000e+00   4.7529808e-07
   8.7000000e+01   9.9907580e+01   4.5791090e+00  -2.8323131e-01   0.0000000e+00   4.7761975e-07
   8.8000000e+01   9.8844090e+01   4.5760790e+00  -2.8516087e-01   0.0000000e+00   4.7990828e-07
   8.9000000e+01   9.7803140e+01   4.5731100e+00  -2.8708300e-01   0.0000000e+00   4.8216460e-07
   9.0000000e+01   9.6784020e+01   4.5702000e+00  -2.8899783e-01   0.0000000e+00   4.8438921e-07
   9.1000000e+01   9.5786060e+01   4.5673480e+00  -2.9090526e-01   0.0000000e+00   4.8658130e-07
   9.2000000e+01   9.4808610e+01   4.5645500e+00  -2.9280567e-01   0.0000000e+00   4.8874175e-07
   9.3000000e+01   9.3851040e+01   4.5618050e+00  -2.9469926e-01   0.0000000e+00   4.9087117e-07
   9.4000000e+01   9.2912760e+01   4.5591120e+00  -2.9658609e-01   0.0000000e+00   4.9296910e-07
   9.5000000e+01   9.1993190e+01   4.5564690e+00  -2.9846640e-01   0.0000000e+00   4.9503608e-07
   9.6000000e+01   9.1091770e+01   4.5538740e+00  -3.0034018e-01   0.0000000e+00   4.9707177e-07
   9.7000000e+01   9.0207980e+01   4.5513260e+00  -3.0220756e-01   0.0000000e+00   4.9907670e-07
   9.8000000e+01   8.9341300e+01   4.5488220e+00  -3.0406891e-01   0.0000000e+00   5.0105115e-07
   9.9000000e+01   8.8491260e+01   4.5463620e+00  -3.0592428e-01   0.0000000e+00   5.0299566e-07
   1.0000000e+02   8.7657360e+01   4.5439450e+00  -3.0777369e-01   0.0000000e+00   5.0490941e-07
   1.0100000e+02   8.6839160e+01   4.5415680e+00  -3.0961725e-01   0.0000000e+00   5.0679283e-07
   1.0200000e+02   8.6036230e+01   4.5392310e+00  -3.1145529e-01   0.0000000e+00   5.0864660e-07
   1.0300000e+02   8.5248130e+01   4.5369320e+00  -3.1328767e-01   0.0000000e+00   5.1046977e-07
   1.0400000e+02   8.4474470e+01   4.5346700e+00  -3.1511477e-01   0.0000000e+00   5.1226367e-07
   1.0500000e+02   8.3714850e+01   4.5324450e+00  -3.1693667e-01   0.0000000e+00   5.1402842e-07
   1.0600000e+02   8.2968890e+01   4.5302540e+00  -3.1875329e-01   0.0000000e+00   5.1576275e-07
   1.0700000e+02   8.2236240e+01   4.5280980e+00  -3.2056475e-01   0.0000000e+00   5.1746765e-07
   1.0800000e+02   8.1516530e+01   4.5259740e+00  -3.2237147e-01   0.0000000e+00   5.1914362e-07
   1.0900000e+02   8.0809440e+01   4.5238820e+00  -3.2417325e-01   0.0000000e+00   5.2079008e-07
   1.1000000e+02   8.0114620e+01   4.5218210e+00  -3.2597024e-01   0.0000000e+00   5.2240704e-07
   1.1100000e+02   7.9431780e+01   4.5197910e+00  -3.2776264e-01   0.0000000e+00   5.2399505e-07
   1.1200000e+02   7.8760600e+01   4.5177890e+00  -3.2955054e-01   0.0000000e+00   5.2555413e-07
   1.1300000e+02   7.8100780e+01   4.5158160e+00  -3.3133396e-01   0.0000000e+00   5.2708416e-07
   1.1400000e+02   7.7452050e+01   4.5138700e+00  -3.3311305e-01   0.0000000e+00   5.2858494e-07
   1.1500000e+02   7.6814130e+01   4.5119510e+00  -3.3488790e-01   0.0000000e+00   5.3005712e-07
   1.1600000e+02   7.6186740e+01   4.5100580e+00  -3.3665853e-01   0.0000000e+00   5.3150043e-07
   1.1700000e+02   7.5569640e+01   4.5081900e+00  -3.3842511e-01   0.0000000e+00   5.3291478e-07
   1.1800000e+02   7.4962570e+01   4.5063470e+00  -3.4018766e-01   0.0000000e+00   5.3430036e-07
   1.1900000e+02   7.4365300e+01   4.5045280e+00  -3.4194629e-01   0.0000000e+00   5.3565720e-07
   1.2000000e+02   7.3777580e+01   4.5027310e+00  -3.4370118e-01   0.0000000e+00   5.3698544e-07
   1.2100000e+02   7.3199190e+01   4.5009580e+00  -3.4545219e-01   0.0000000e+00   5.3828479e-07
   1.2200000e+02   7.2629920e+01   4.4992060e+00  -3.4719960e-01   0.0000000e+00   5.3955562e-07
   1.2300000e+02   7.2069540e+01   4.4974750e+00  -3.4894342e-01   0.0000000e+00   5.4079774e-07
   1.2400000e+02   7.1517860e+01   4.4957650e+00  -3.5068370e-01   0.0000000e+00   5.4201132e-07
   1.2500000e+02   7.0974670e+01   4.4940750e+00  -3.5242055e-01   0.0000000e+00   5.4319624e-07
   1.2600000e+02   7.0439790e+01   4.4924050e+00  -3.5415394e-01   0.0000000e+00   5.4435237e-07
   1.2700000e+02   6.9913020e+01   4.4907540e+00  -3.5588405e-01   0.0000000e+00   5.4548003e-07
   1.2800000e+02   6.9394180e+01   4.4891210e+00  -3.5761093e-01   0.0000000e+00   5.4657897e-07
   1.2900000e+02   6.8883090e+01   4.4875060e+00  -3.5933461e-01   0.0000000e+00   5.4764934e-07
   1.3000000e+02   6.8379590e+01   4.4859090e+00  -3.6105511e-01   0.0000000e+00   5.4869096e-07
   1.3100000e+02   6.7883500e+01   4.4843290e+00  -3.6277257e-01   0.0000000e+00   5.4970392e-07
   1.3200000e+02   6.7394670e+01   4.4827650e+00  -3.6448707e-01   0.0000000e+00   5.5068825e-07
   1.3300000e+02   6.6912940e+01   4.4812180e+00  -3.6619851e-01   0.0000000e+00   5.5164371e-07
   1.3400000e+02   6.6438160e+01   4.4796860e+00  -3.6790714e-01   0.0000000e+00   5.5257063e-07
   1.3500000e+02   6.5970170e+01   4.4781700e+00  -3.6961283e-01   0.0000000e+00   5.5346847e-07
   1.3600000e+02   6.5508840e+01   4.4766680e+00  -3.7131580e-01   0.0000000e+00   5.5433778e-07
   1.3700000e+02   6.5054020e+01   4.4751810e+00  -3.7301597e-01   0.0000000e+00   5.5517810e-07
   1.3800000e+02   6.4605580e+01   4.4737080e+00  -3.7471344e-01   0.0000000e+00   5.5598956e-07
   1.3900000e+02   6.4163390e+01   4.4722490e+00  -3.7640824e-01   0.0000000e+00   5.5677203e-07
   1.4000000e+02   6.3727320e+01   4.4708030e+00  -3.7810042e-01   0.0000000e+00   5.5752547e-07
   1.4100000e+02   6.3297240e+01   4.4693700e+00  -3.7979003e-01   0.0000000e+00   5.5824991e-07
   1.4200000e+02   6.2873030e+01   4.4679490e+00  -3.8147716e-01   0.0000000e+00   5.5894537e-07
   1.4300000e+02   6.2454570e+01   4.4665410e+00  -3.8316174e-01   0.0000000e+00   5.5961158e-07
   1.4400000e+02   6.2041760e+01   4.4651450e+00  -3.8484382e-01   0.0000000e+00   5.6024854e-07
   1.4500000e+02   6.1634460e+01   4.4637600e+00  -3.8652352e-01   0.0000000e+00   5.6085620e-07
   1.4600000e+02   6.1232590e+01   4.4623870e+00  -3.8820076e-01   0.0000000e+00   5.6143450e-07
   1.4700000e+02   6.0836020e+01   4.4610250e+00  -3.8987561e-01   0.0000000e+00   5.6198344e-07
   1.4800000e+02   6.0444670e+01   4.4596730e+00  -3.9154823e-01   0.0000000e+00   5.6250290e-07
   1.4900000e+02   6.0058420e+01   4.4583320e+00  -3.9321842e-01   0.0000000e+00   5.6299270e-07
   1.5000000e+02   5.9677170e+01   4.4570010e+00  -3.9488637e-01   0.0000000e+00   5.6345292e-07
   1.5100000e+02   5.9300840e+01   4.4556800e+00  -3.9655202e-01   0.0000000e+00   5.6388335e-07
   1.5200000e+02   5.8929330e+01   4.4543680e+00  -3.9821545e-01   0.0000000e+00   5.6428407e-07
   1.5300000e+02   5.8562550e+01   4.4530660e+00  -3.9987660e-01   0.0000000e+00   5.6465478e-07
   1.5400000e+02   5.8200400e+01   4.4517730e+00  -4.0153554e-01   0.0000000e+00   5.6499561e-07
   1.5500000e+02   5.7842810e+01   4.4504890e+00  -4.0319227e-01   0.0000000e+00   5.6530620e-07
   1.5600000e+02   5.7489690e+01   4.4492130e+00  -4.0484683e-01   0.0000000e+00   5.6558682e-07
   1.5700000e+02   5.7140950e+01   4.4479450e+00  -4.0649922e-01   0.0000000e+00   5.6583704e-07
   1.5800000e+02   5.6796520e+01   4.4466860e+00  -4.0814937e-01   0.0000000e+00   5.6605682e-07
   1.5900000e+02   5.6456320e+01   4.4454350e+00  -4.0979731e-01   0.0000000e+00   5.6624610e-07
   1.6000000e+02   5.6120270e+01   4.4441910e+00  -4.1144317e-01   0.0000000e+00   5.6640504e-07
   1.6100000e+02   5.5788300e+01   4.4429540e+00  -4.1308694e-01   0.0000000e+00   5.6653341e-07
   1.6200000e+02   5.5460330e+01   4.4417250e+00  -4.1472839e-01   0.0000000e+00   5.6663054e-07
   1.6300000e+02   5.5136290e+01   4.4405030e+00  -4.1636773e-01   0.0000000e+00   5.6669710e-07
   1.6400000e+02   5.4816120e+01   4.4392870e+00  -4.1800499e-01   0.0000000e+00   5.6673265e-07
   1.6500000e+02   5.4499750e+01   4.4380780e+00  -4.1964005e-01   0.0000000e+00   5.6673725e-07
   1.6600000e+02   5.4187100e+01   4.4368760e+00  -4.2127283e-01   0.0000000e+00   5.6671038e-07
   1.6700000e+02   5.3878130e+01   4.4356800e+00  -4.2290344e-01   0.0000000e+00   5.6665217e-07
   1.6800000e+02   5.3572750e+01   4.4344890e+00  -4.2453197e-01   0.0000000e+00   5.6656267e-07
   1.6900000e+02   5.3270910e+01   4.4333050e+00  -4.2615819e-01   0.0000000e+00   5.6644173e-07
   1.7000000e+02   5.2972560e+01   4.4321260e+00  -4.2778220e-01   0.0000000e+00   5.6628885e-07
   1.7100000e+02   5.2677630e+01   4.4309530e+00  -4.2940394e-01   0.0000000e+00   5.6610427e-07
   1.7200000e+02   5.2386060e+01   4.4297850e+00  -4.3102342e-01   0.0000000e+00   5.6588764e-07
   1.7300000e+02   5.2097800e+01   4.4286220e+00  -4.3264067e-01   0.0000000e+00   5.6563929e-07
   1.7400000e+02   5.1812790e+01   4.4274640e+00  -4.3425557e-01   0.0000000e+00   5.6535862e-07
   1.7500000e+02   5.1530980e+01   4.4263110e+00  -4.3586812e-01   0.0000000e+00   5.6504574e-07
   1.7600000e+02   5.1252320e+01   4.4251630e+00  -4.3747831e-01   0.0000000e+00   5.6470029e-07
   1.7700000e+02   5.0976750e+01   4.4240190e+00  -4.3908617e-01   0.0000000e+00   5.6432275e-07
   1.7800000e+02   5.0704230e+01   4.4228790e+00  -4.4069158e-01   0.0000000e+00   5.6391220e-07
   1.7900000e+02   5.0434700e+01   4.4217440e+00  -4.4229450e-01   0.0000000e+00   5.6346900e-07
   1.8000000e+02   5.0168120e+01   4.4206130e+00  -4.4389486e-01   0.0000000e+00   5.6299281e-07
   1.8100000e+02   4.9904440e+01   4.4194850e+00  -4.4549283e-01   0.0000000e+00   5.6248389e-07
   1.8200000e+02   4.9643610e+01   4.4183620e+00  -4.4708816e-01   0.0000000e+00   5.6194166e-07
   1.8300000e+02   4.9385590e+01   4.4172420e+00  -4.4868098e-01   0.0000000e+00   5.6136639e-07
   1.8400000e+02   4.9130340e+01   4.4161250e+00  -4.5027117e-01   0.0000000e+00   5.6075760e-07
   1.8500000e+02   4.8877810e+01   4.4150120e+00  -4.5185857e-01   0.0000000e+00   5.6011540e-07
   1.8600000e+02   4.8627950e+01   4.4139020e+00  -4.5344325e-01   0.0000000e+00   5.5943961e-07
   1.8700000e+02   4.8380730e+01   4.4127950e+00  -4.5502518e-01   0.0000000e+00   5.5873005e-07
   1.8800000e+02   4.8136110e+01   4.4116910e+00  -4.5660426e-01   0.0000000e+00   5.5798672e-07
   1.8900000e+02   4.7894050e+01   4.4105900e+00  -4.5818052e-01   0.0000000e+00   5.5720956e-07
   1.9000000e+02   4.7654510e+01   4.4094920e+00  -4.5975373e-01   0.0000000e+00   5.5639813e-07
   1.9100000e+02   4.7417440e+01   4.4083960e+00  -4.6132411e-01   0.0000000e+00   5.5555271e-07
   1.9200000e+02   4.7182820e+01   4.4073030e+00  -4.6289132e-01   0.0000000e+00   5.5467291e-07
   1.9300000e+02   4.6950600e+01   4.4062120e+00  -4.6445550e-01   0.0000000e+00   5.5375866e-07
   1.9400000e+02   4.6720750e+01   4.4051230e+00  -4.6601653e-01   0.0000000e+00   5.5281001e-07
   1.9500000e+02   4.6493230e+01   4.4040370e+00  -4.6757426e-01   0.0000000e+00   5.5182679e-07
   1.9600000e+02   4.6268020e+01   4.4029530e+00  -4.6912876e-01   0.0000000e+00   5.5080891e-07
   1.9700000e+02   4.6045070e+01   4.4018700e+00  -4.7067994e-01   0.0000000e+00   5.4975609e-07
   1.9800000e+02   4.5824350e+01   4.4007900e+00  -4.7222765e-01   0.0000000e+00   5.4866851e-07
   1.9900000e+02   4.5605840e+01   4.3997110e+00  -4.7377192e-01   0.0000000e+00   5.4754571e-07
   2.0000000e+02   4.5389490e+01   4.3986340e+00  -4.7531265e-01   0.0000000e+00   5.4638790e-07
   2.0100000e+02   4.5175280e+01   4.3975580e+00  -4.7684974e-01   0.0000000e+00   5.4519496e-07
   2.0200000e+02   4.4963170e+01   4.3964840e+00  -4.7838318e-01   0.0000000e+00   5.4396668e-07
   2.0300000e+02   4.4753140e+01   4.3954110e+00  -4.7991285e-01   0.0000000e+00   5.4270331e-07
   2.0400000e+02   4.4545160e+01   4.3943400e+00  -4.8143864e-01   0.0000000e+00   5.4140410e-07
   2.0500000e+02   4.4339190e+01   4.3932700e+00  -4.8296051e-01   0.0000000e+00   5.4006957e-07
   2.0600000e+02   4.4135220e+01   4.3922000e+00  -4.8447853e-01   0.0000000e+00   5.3869948e-07
   2.0700000e+02   4.3933200e+01   4.3911320e+00  -4.8599231e-01   0.0000000e+00   5.3729363e-07
   2.0800000e+02   4.3733120e+01   4.3900650e+00  -4.8750194e-01   0.0000000e+00   5.3585176e-07
   2.0900000e+02   4.3534950e+01   4.3889980e+00  -4.8900759e-01   0.0000000e+00   5.3437455e-07
   2.1000000e+02   4.3338650e+01   4.3879330e+00  -4.9050868e-01   0.0000000e+00   5.3286144e-07
   2.1100000e+02   4.3144210e+01   4.3868680e+00  -4.9200547e-01   0.0000000e+00   5.3131225e-07
   2.1200000e+02   4.2951600e+01   4.3858030e+00  -4.9349788e-01   0.0000000e+00   5.2972708e-07
   2.1300000e+02   4.2760800e+01   4.3847390e+00  -4.9498570e-01   0.0000000e+00   5.2810597e-07
   2.1400000e+02   4.2571770e+01   4.3836760e+00  -4.9646879e-01   0.0000000e+00   5.2644871e-07
   2.1500000e+02   4.2384500e+01   4.3826130e+00  -4.9794720e-01   0.0000000e+00   5.2475550e-07
   2.1600000e+02   4.2198960e+01   4.3815500e+00  -4.9942085e-01   0.0000000e+00   5.2302586e-07
   2.1700000e+02   4.2015130e+01   4.3804880e+00  -5.0088954e-01   0.0000000e+00   5.2126041e-07
   2.1800000e+02   4.1832990e+01   4.3794250e+00  -5.0235330e-01   0.0000000e+00   5.1945854e-07
   2.1900000e+02   4.1652510e+01   4.3783630e+00  -5.0381194e-01   0.0000000e+00   5.1762052e-07
   2.2000000e+02   4.1473670e+01   4.3773010e+00  -5.0526551e-01   0.0000000e+00   5.1574639e-07
   2.2100000e+02   4.1296450e+01   4.3762380e+00  -5.0671384e-01   0.0000000e+00   5.1383618e-07
   2.2200000e+02   4.1120840e+01   4.3751760e+00  -5.0815668e-01   0.0000000e+00   5.1188941e-07
   2.2300000e+02   4.0946790e+01   4.3741130e+00  -5.0959425e-01   0.0000000e+00   5.0990680e-07
   2.2400000e+02   4.0774310e+01   4.3730510e+00  -5.1102620e-01   0.0000000e+00   5.0788758e-07
   2.2500000e+02   4.0603360e+01   4.3719870e+00  -5.1245263e-01   0.0000000e+00   5.0583254e-07
   2.2600000e+02   4.0433940e+01   4.3709240e+00  -5.1387332e-01   0.0000000e+00   5.0374126e-07
   2.2700000e+02   4.0266000e+01   4.3698600e+00  -5.1528816e-01   0.0000000e+00   5.0161337e-07
   2.2800000e+02   4.0099550e+01   4.3687960e+00  -5.1669712e-01   0.0000000e+00   4.9944994e-07
   2.2900000e+02   3.9934560e+01   4.3677310e+00  -5.1810016e-01   0.0000000e+00   4.9725039e-07
   2.3000000e+02   3.9771010e+01   4.3666660e+00  -5.1949708e-01   0.0000000e+00   4.9501439e-07
   2.3100000e+02   3.9608880e+01   4.3656000e+00  -5.2088787e-01   0.0000000e+00   4.9274272e-07
   2.3200000e+02   3.9448160e+01   4.3645330e+00  -5.2227245e-01   0.0000000e+00   4.9043505e-07
   2.3300000e+02   3.9288830e+01   4.3634650e+00  -5.2365076e-01   0.0000000e+00   4.8809191e-07
   2.3400000e+02   3.9130860e+01   4.3623970e+00  -5.2502249e-01   0.0000000e+00   4.8571260e-07
   2.3500000e+02   3.8974250e+01   4.3613280e+00  -5.2638771e-01   0.0000000e+00   4.8329768e-07
   2.3600000e+02   3.8818980e+01   4.3602580e+00  -5.2774638e-01   0.0000000e+00   4.8084746e-07
   2.3700000e+02   3.8665030e+01   4.3591870e+00  -5.2909831e-01   0.0000000e+00   4.7836150e-07
   2.3800000e+02   3.8512380e+01   4.3581160e+00  -5.3044332e-01   0.0000000e+00   4.7583981e-07
   2.3900000e+02   3.8361020e+01   4.3570430e+00  -5.3178162e-01   0.0000000e+00   4.7328324e-07
   2.4000000e+02   3.8210930e+01   4.3559690e+00  -5.3311292e-01   0.0000000e+00   4.7069156e-07
   2.4100000e+02   3.8062100e+01   4.3548940e+00  -5.3443717e-01   0.0000000e+00   4.6806426e-07
   2.4200000e+02   3.7914510e+01   4.3538180e+00  -5.3575424e-01   0.0000000e+00   4.6540242e-07
   2.4300000e+02   3.7768150e+01   4.3527410e+00  -5.3706409e-01   0.0000000e+00   4.6270594e-07
   2.4400000e+02   3.7623000e+01   4.3516630e+00  -5.3836651e-01   0.0000000e+00   4.5997425e-07
   2.4500000e+02   3.7479040e+01   4.3505830e+00  -5.3966170e-01   0.0000000e+00   4.5720869e-07
   2.4600000e+02   3.7336280e+01   4.3495020e+00  -5.4094934e-01   0.0000000e+00   4.5440845e-07
   2.4700000e+02   3.7194680e+01   4.3484200e+00  -5.4222940e-01   0.0000000e+00   4.5157423e-07
   2.4800000e+02   3.7054230e+01   4.3473360e+00  -5.4350179e-01   0.0000000e+00   4.4870562e-07
   2.4900000e+02   3.6914930e+01   4.3462520e+00  -5.4476642e-01   0.0000000e+00   4.4580370e-07
   2.5000000e+02   3.6776760e+01   4.3451650e+00  -5.4602332e-01   0.0000000e+00   4.4286773e-07
   2.5100000e+02   3.6639700e+01   4.3440780e+00  -5.4727221e-01   0.0000000e+00   4.3989849e-07
   2.5200000e+02   3.6503750e+01   4.3429880e+00  -5.4851330e-01   0.0000000e+00   4.3689568e-07
   2.5300000e+02   3.6368880e+01   4.3418980e+00  -5.4974614e-01   0.0000000e+00   4.3385995e-07
   2.5400000e+02   3.6235090e+01   4.3408050e+00  -5.5097107e-01   0.0000000e+00   4.3079183e-07
   2.5500000e+02   3.6102370e+01   4.3397120e+00  -5.5218763e-01   0.0000000e+00   4.2769058e-07
   2.5600000e+02   3.5970700e+01   4.3386160e+00  -5.5339608e-01   0.0000000e+00   4.2455762e-07
   2.5700000e+02   3.5840070e+01   4.3375190e+00  -5.5459615e-01   0.0000000e+00   4.2139189e-07
   2.5800000e+02   3.5710470e+01   4.3364210e+00  -5.5578772e-01   0.0000000e+00   4.1819440e-07
   2.5900000e+02   3.5581880e+01   4.3353210e+00  -5.5697083e-01   0.0000000e+00   4.1496544e-07
   2.6000000e+02   3.5454300e+01   4.3342190e+00  -5.5814547e-01   0.0000000e+00   4.1170477e-07
   2.6100000e+02   3.5327720e+01   4.3331150e+00  -5.5931156e-01   0.0000000e+00   4.0841326e-07
   2.6200000e+02   3.5202110e+01   4.3320100e+00  -5.6046886e-01   0.0000000e+00   4.0509102e-07
   2.6300000e+02   3.5077480e+01   4.3309030e+00  -5.6161755e-01   0.0000000e+00   4.0173814e-07
   2.6400000e+02   3.4953810e+01   4.3297940e+00  -5.6275741e-01   0.0000000e+00   3.9835468e-07
   2.6500000e+02   3.4831090e+01   4.3286840e+00  -5.6388836e-01   0.0000000e+00   3.9494116e-07
   2.6600000e+02   3.4709310e+01   4.3275710e+00  -5.6501049e-01   0.0000000e+00   3.9149823e-07
   2.6700000e+02   3.4588460e+01   4.3264570e+00  -5.6612370e-01   0.0000000e+00   3.8802602e-07
   2.6800000e+02   3.4468530e+01   4.3253410e+00  -5.6722783e-01   0.0000000e+00   3.8452484e-07
   2.6900000e+02   3.4349510e+01   4.3242240e+00  -5.6832284e-01   0.0000000e+00   3.8099443e-07
   2.7000000e+02   3.4231390e+01   4.3231040e+00  -5.6940890e-01   0.0000000e+00   3.7743566e-07
   2.7100000e+02   3.4114160e+01   4.3219830e+00  -5.7048575e-01   0.0000000e+00   3.7384887e-07
   2.7200000e+02   3.3997800e+01   4.3208590e+00  -5.7155344e-01   0.0000000e+00   3.7023437e-07
   2.7300000e+02   3.3882320e+01   4.3197340e+00  -5.7261194e-01   0.0000000e+00   3.6659271e-07
   2.7400000e+02   3.3767700e+01   4.3186070e+00  -5.7366112e-01   0.0000000e+00   3.6292390e-07
   2.7500000e+02   3.3653930e+01   4.3174780e+00  -5.7470096e-01   0.0000000e+00   3.5922796e-07
   2.7600000e+02   3.3541000e+01   4.3163470e+00  -5.7573147e-01   0.0000000e+00   3.5550552e-07
   2.7700000e+02   3.3428900e+01   4.3152140e+00  -5.7675266e-01   0.0000000e+00   3.5175767e-07
   2.7800000e+02   3.3317630e+01   4.3140800e+00  -5.7776429e-01   0.0000000e+00   3.4798365e-07
   2.7900000e+02   3.3207170e+01   4.3129430e+00  -5.7876662e-01   0.0000000e+00   3.4418485e-07
   2.8000000e+02   3.3097530e+01   4.3118050e+00  -5.7975939e-01   0.0000000e+00   3.4036069e-07
   2.8100000e+02   3.2988680e+01   4.3106640e+00  -5.8074278e-01   0.0000000e+00   3.3651226e-07
   2.8200000e+02   3.2880620e+01   4.3095220e+00  -5.8171659e-01   0.0000000e+00   3.3264017e-07
   2.8300000e+02   3.2773340e+01   4.3083770e+00  -5.8268091e-01   0.0000000e+00   3.2874376e-07
   2.8400000e+02   3.2666830e+01   4.3072310e+00  -5.8363561e-01   0.0000000e+00   3.2482436e-07
   2.8500000e+02   3.2561100e+01   4.3060830e+00  -5.8458075e-01   0.0000000e+00   3.2088145e-07
   2.8600000e+02   3.2456110e+01   4.3049320e+00  -5.8551638e-01   0.0000000e+00   3.1691659e-07
   2.8700000e+02   3.2351880e+01   4.3037800e+00  -5.8644231e-01   0.0000000e+00   3.1292911e-07
   2.8800000e+02   3.2248390e+01   4.3026260e+00  -5.8735869e-01   0.0000000e+00   3.0892064e-07
   2.8900000e+02   3.2145640e+01   4.3014700e+00  -5.8826542e-01   0.0000000e+00   3.0489020e-07
   2.9000000e+02   3.2043610e+01   4.3003120e+00  -5.8916255e-01   0.0000000e+00   3.0083953e-07
   2.9100000e+02   3.1942300e+01   4.2991520e+00  -5.9005003e-01   0.0000000e+00   2.9676778e-07
   2.9200000e+02   3.1841700e+01   4.2979900e+00  -5.9092790e-01   0.0000000e+00   2.9267661e-07
   2.9300000e+02   3.1741810e+01   4.2968260e+00  -5.9179616e-01   0.0000000e+00   2.8856561e-07
   2.9400000e+02   3.1642610e+01   4.2956600e+00  -5.9265479e-01   0.0000000e+00   2.8443542e-07
   2.9500000e+02   3.1544100e+01   4.2944920e+00  -5.9350380e-01   0.0000000e+00   2.8028645e-07
   2.9600000e+02   3.1446280e+01   4.2933220e+00  -5.9434320e-01   0.0000000e+00   2.7611938e-07
   2.9700000e+02   3.1349140e+01   4.2921500e+00  -5.9517305e-01   0.0000000e+00   2.7193434e-07
   2.9800000e+02   3.1252660e+01   4.2909770e+00  -5.9599312e-01   0.0000000e+00   2.6773198e-07
   2.9900000e+02   3.1156850e+01   4.2898010e+00  -5.9680377e-01   0.0000000e+00   2.6351237e-07
   3.0000000e+02   3.1061690e+01   4.2886230e+00  -5.9760483e-01   0.0000000e+00   2.5927635e-07
   3.0100000e+02   3.0967180e+01   4.2874440e+00  -5.9839629e-01   0.0000000e+00   2.5502496e-07
   3.0200000e+02   3.0873320e+01   4.2862630e+00  -5.9917818e-01   0.0000000e+00   2.5075727e-07
   3.0300000e+02   3.0780090e+01   4.2850790e+00  -5.9995070e-01   0.0000000e+00   2.4647470e-07
   3.0400000e+02   3.0687490e+01   4.2838940e+00  -6.0071359e-01   0.0000000e+00   2.4217680e-07
   3.0500000e+02   3.0595520e+01   4.2827070e+00  -6.0146707e-01   0.0000000e+00   2.3786529e-07
   3.0600000e+02   3.0504170e+01   4.2815180e+00  -6.0221111e-01   0.0000000e+00   2.3353994e-07
   3.0700000e+02   3.0413430e+01   4.2803270e+00  -6.0294576e-01   0.0000000e+00   2.2920113e-07
   3.0800000e+02   3.0323290e+01   4.2791350e+00  -6.0367093e-01   0.0000000e+00   2.2484947e-07
   3.0900000e+02   3.0233760e+01   4.2779400e+00  -6.0438688e-01   0.0000000e+00   2.2048533e-07
   3.1000000e+02   3.0144810e+01   4.2767440e+00  -6.0509334e-01   0.0000000e+00   2.1610875e-07
   3.1100000e+02   3.0056460e+01   4.2755460e+00  -6.0579058e-01   0.0000000e+00   2.1172098e-07
   3.1200000e+02   2.9968690e+01   4.2743460e+00  -6.0647861e-01   0.0000000e+00   2.0732208e-07
   3.1300000e+02   2.9881500e+01   4.2731440e+00  -6.0715747e-01   0.0000000e+00   2.0291297e-07
   3.1400000e+02   2.9794880e+01   4.2719410e+00  -6.0782704e-01   0.0000000e+00   1.9849318e-07
   3.1500000e+02   2.9708820e+01   4.2707350e+00  -6.0848759e-01   0.0000000e+00   1.9406373e-07
   3.1600000e+02   2.9623330e+01   4.2695280e+00  -6.0913901e-01   0.0000000e+00   1.8962520e-07
   3.1700000e+02   2.9538390e+01   4.2683190e+00  -6.0978135e-01   0.0000000e+00   1.8517749e-07
   3.1800000e+02   2.9454000e+01   4.2671090e+00  -6.1041463e-01   0.0000000e+00   1.8072125e-07
   3.1900000e+02   2.9370160e+01   4.2658960e+00  -6.1103914e-01   0.0000000e+00   1.7625791e-07
   3.2000000e+02   2.9286860e+01   4.2646820e+00  -6.1165461e-01   0.0000000e+00   1.7178591e-07
   3.2100000e+02   2.9204090e+01   4.2634660e+00  -6.1226128e-01   0.0000000e+00   1.6730773e-07
   3.2200000e+02   2.9121850e+01   4.2622490e+00  -6.1285909e-01   0.0000000e+00   1.6282311e-07
   3.2300000e+02   2.9040130e+01   4.2610300e+00  -6.1344811e-01   0.0000000e+00   1.5833159e-07
   3.2400000e+02   2.8958940e+01   4.2598090e+00  -6.1402857e-01   0.0000000e+00   1.5383498e-07
   3.2500000e+02   2.8878260e+01   4.2585870e+00  -6.1460023e-01   0.0000000e+00   1.4933266e-07
   3.2600000e+02   2.8798090e+01   4.2573630e+00  -6.1516339e-01   0.0000000e+00   1.4482587e-07
   3.2700000e+02   2.8718420e+01   4.2561370e+00  -6.1571800e-01   0.0000000e+00   1.4031416e-07
   3.2800000e+02   2.8639260e+01   4.2549100e+00  -6.1626412e-01   0.0000000e+00   1.3579932e-07
   3.2900000e+02   2.8560590e+01   4.2536810e+00  -6.1680181e-01   0.0000000e+00   1.3128017e-07
   3.3000000e+02   2.8482410e+01   4.2524510e+00  -6.1733111e-01   0.0000000e+00   1.2675805e-07
   3.3100000e+02   2.8404720e+01   4.2512190e+00  -6.1785220e-01   0.0000000e+00   1.2223362e-07
   3.3200000e+02   2.8327510e+01   4.2499860e+00  -6.1836493e-01   0.0000000e+00   1.1770655e-07
   3.3300000e+02   2.8250780e+01   4.2487510e+00  -6.1886954e-01   0.0000000e+00   1.1317721e-07
   3.3400000e+02   2.8174520e+01   4.2475150e+00  -6.1936602e-01   0.0000000e+00   1.0864714e-07
   3.3500000e+02   2.8098730e+01   4.2462770e+00  -6.1985452e-01   0.0000000e+00   1.0411591e-07
   3.3600000e+02   2.8023400e+01   4.2450370e+00  -6.2033502e-01   0.0000000e+00   9.9583722e-08
   3.3700000e+02   2.7948540e+01   4.2437970e+00  -6.2080752e-01   0.0000000e+00   9.5051622e-08
   3.3800000e+02   2.7874130e+01   4.2425550e+00  -6.2127217e-01   0.0000000e+00   9.0519367e-08
   3.3900000e+02   2.7800180e+01   4.2413110e+00  -6.2172916e-01   0.0000000e+00   8.5987624e-08
   3.4000000e+02   2.7726670e+01   4.2400660e+00  -6.2217833e-01   0.0000000e+00   8.1457309e-08
   3.4100000e+02   2.7653610e+01   4.2388200e+00  -6.2261983e-01   0.0000000e+00   7.6927935e-08
   3.4200000e+02   2.7580980e+01   4.2375730e+00  -6.2305368e-01   0.0000000e+00   7.2400758e-08
   3.4300000e+02   2.7508800e+01   4.2363240e+00  -6.2348016e-01   0.0000000e+00   6.7875806e-08
   3.4400000e+02   2.7437040e+01   4.2350740e+00  -6.2389908e-01   0.0000000e+00   6.3352781e-08
   3.4500000e+02   2.7365720e+01   4.2338220e+00  -6.2431077e-01   0.0000000e+00   5.8832514e-08
   3.4600000e+02   2.7294810e+01   4.2325690e+00  -6.2471506e-01   0.0000000e+00   5.4315906e-08
   3.4700000e+02   2.7224330e+01   4.2313160e+00  -6.2511198e-01   0.0000000e+00   4.9802737e-08
   3.4800000e+02   2.7154270e+01   4.2300600e+00  -6.2550201e-01   0.0000000e+00   4.5294303e-08
   3.4900000e+02   2.7084620e+01   4.2288040e+00  -6.2588473e-01   0.0000000e+00   4.0789004e-08
   3.5000000e+02   2.7015380e+01   4.2275470e+00  -6.2626046e-01   0.0000000e+00   3.6289988e-08
   3.5100000e+02   2.6946540e+01   4.2262880e+00  -6.2662928e-01   0.0000000e+00   3.1794405e-08
   3.5200000e+02   2.6878110e+01   4.2250280e+00  -6.2699122e-01   0.0000000e+00   2.7304906e-08
   3.5300000e+02   2.6810080e+01   4.2237670e+00  -6.2734635e-01   0.0000000e+00   2.2821048e-08
   3.5400000e+02   2.6742440e+01   4.2225050e+00  -6.2769474e-01   0.0000000e+00   1.8343626e-08
   3.5500000e+02   2.6675190e+01   4.2212420e+00  -6.2803643e-01   0.0000000e+00   1.3872926e-08
   3.5600000e+02   2.6608340e+01   4.2199780e+00  -6.2837155e-01   0.0000000e+00   9.4077384e-09
   3.5700000e+02   2.6541870e+01   4.2187130e+00  -6.2870016e-01   0.0000000e+00   4.9508369e-09
   3.5800000e+02   2.6475780e+01   4.2174470e+00  -6.2902227e-01   0.0000000e+00   5.0056701e-10
   3.5900000e+02   2.6410060e+01   4.2161800e+00  -6.2933798e-01   0.0000000e+00  -3.9416409e-09
   3.6000000e+02   2.6344730e+01   4.2149120e+00  -6.2964744e-01   0.0000000e+00  -8.3758988e-09
   3.6100000e+02   2.6279770e+01   4.2136430e+00  -6.2995072e-01   0.0000000e+00  -1.2801729e-08
   3.6200000e+02   2.6215170e+01   4.2123730e+00  -6.3024777e-01   0.0000000e+00  -1.7219122e-08
   3.6300000e+02   2.6150940e+01   4.2111020e+00  -6.3053874e-01   0.0000000e+00  -2.1627845e-08
   3.6400000e+02   2.6087080e+01   4.2098300e+00  -6.3082375e-01   0.0000000e+00  -2.6026751e-08
   3.6500000e+02   2.6023570e+01   4.2085570e+00  -6.3110282e-01   0.0000000e+00  -3.0416160e-08
   3.6600000e+02   2.5960420e+01   4.2072840e+00  -6.3137590e-01   0.0000000e+00  -3.4796153e-08
   3.6700000e+02   2.5897620e+01   4.2060100e+00  -6.3164325e-01   0.0000000e+00  -3.9165786e-08
   3.6800000e+02   2.5835180e+01   4.2047340e+00  -6.3190497e-01   0.0000000e+00  -4.3525383e-08
   3.6900000e+02   2.5773080e+01   4.2034590e+00  -6.3216081e-01   0.0000000e+00  -4.7874203e-08
   3.7000000e+02   2.5711320e+01   4.2021820e+00  -6.3241119e-01   0.0000000e+00  -5.2212258e-08
   3.7100000e+02   2.5649910e+01   4.2009050e+00  -6.3265600e-01   0.0000000e+00  -5.6539024e-08
   3.7200000e+02   2.5588840e+01   4.1996270e+00  -6.3289543e-01   0.0000000e+00  -6.0854148e-08
   3.7300000e+02   2.5528100e+01   4.1983480e+00  -6.3312943e-01   0.0000000e+00  -6.5158076e-08
   3.7400000e+02   2.5467690e+01   4.1970680e+00  -6.3335819e-01   0.0000000e+00  -6.9449910e-08
   3.7500000e+02   2.5407620e+01   4.1957880e+00  -6.3358167e-01   0.0000000e+00  -7.3729455e-08
   3.7600000e+02   2.5347870e+01   4.1945080e+00  -6.3379988e-01   0.0000000e+00  -7.7996735e-08
   3.7700000e+02   2.5288450e+01   4.1932260e+00  -6.3401317e-01   0.0000000e+00  -8.2251543e-08
   3.7800000e+02   2.5229350e+01   4.1919440e+00  -6.3422136e-01   0.0000000e+00  -8.6493493e-08
   3.7900000e+02   2.5170570e+01   4.1906620e+00  -6.3442448e-01   0.0000000e+00  -9.0722167e-08
   3.8000000e+02   2.5112110e+01   4.1893790e+00  -6.3462277e-01   0.0000000e+00  -9.4937702e-08
   3.8100000e+02   2.5053960e+01   4.1880950e+00  -6.3481631e-01   0.0000000e+00  -9.9139903e-08
   3.8200000e+02   2.4996120e+01   4.1868110e+00  -6.3500497e-01   0.0000000e+00  -1.0332813e-07
   3.8300000e+02   2.4938600e+01   4.1855270e+00  -6.3518893e-01   0.0000000e+00  -1.0750244e-07
   3.8400000e+02   2.4881370e+01   4.1842420e+00  -6.3536825e-01   0.0000000e+00  -1.1166287e-07
   3.8500000e+02   2.4824460e+01   4.1829560e+00  -6.3554315e-01   0.0000000e+00  -1.1580864e-07
   3.8600000e+02   2.4767840e+01   4.1816700e+00  -6.3571339e-01   0.0000000e+00  -1.1994032e-07
   3.8700000e+02   2.4711530e+01   4.1803840e+00  -6.3587927e-01   0.0000000e+00  -1.2405711e-07
   3.8800000e+02   2.4655510e+01   4.1790970e+00  -6.3604079e-01   0.0000000e+00  -1.2815861e-07
   3.8900000e+02   2.4599780e+01   4.1778100e+00  -6.3619792e-01   0.0000000e+00  -1.3224554e-07
   3.9000000e+02   2.4544350e+01   4.1765230e+00  -6.3635078e-01   0.0000000e+00  -1.3631736e-07
   3.9100000e+02   2.4489210e+01   4.1752350e+00  -6.3649954e-01   0.0000000e+00  -1.4037370e-07
   3.9200000e+02   2.4434350e+01   4.1739480e+00  -6.3664399e-01   0.0000000e+00  -1.4441416e-07
   3.9300000e+02   2.4379780e+01   4.1726590e+00  -6.3678458e-01   0.0000000e+00  -1.4843944e-07
   3.9400000e+02   2.4325490e+01   4.1713710e+00  -6.3692100e-01   0.0000000e+00  -1.5244833e-07
   3.9500000e+02   2.4271490e+01   4.1700820e+00  -6.3705364e-01   0.0000000e+00  -1.5644105e-07
   3.9600000e+02   2.4217760e+01   4.1687930e+00  -6.3718227e-01   0.0000000e+00  -1.6041830e-07
   3.9700000e+02   2.4164310e+01   4.1675040e+00  -6.3730714e-01   0.0000000e+00  -1.6437853e-07
   3.9800000e+02   2.4111130e+01   4.1662150e+00  -6.3742815e-01   0.0000000e+00  -1.6832258e-07
   3.9900000e+02   2.4058220e+01   4.1649250e+00  -6.3754557e-01   0.0000000e+00  -1.7224986e-07
   4.0000000e+02   2.4005580e+01   4.1636360e+00  -6.3765913e-01   0.0000000e+00  -1.7616089e-07
   4.0100000e+02   2.3953210e+01   4.1623460e+00  -6.3776926e-01   0.0000000e+00  -1.8005480e-07
   4.0200000e+02   2.3901110e+01   4.1610560e+00  -6.3787585e-01   0.0000000e+00  -1.8393146e-07
   4.0300000e+02   2.3849270e+01   4.1597660e+00  -6.3797895e-01   0.0000000e+00  -1.8779087e-07
   4.0400000e+02   2.3797690e+01   4.1584760e+00  -6.3807856e-01   0.0000000e+00  -1.9163361e-07
   4.0500000e+02   2.3746360e+01   4.1571860e+00  -6.3817473e-01   0.0000000e+00  -1.9545895e-07
   4.0600000e+02   2.3695300e+01   4.1558960e+00  -6.3826769e-01   0.0000000e+00  -1.9926632e-07
   4.0700000e+02   2.3644490e+01   4.1546060e+00  -6.3835726e-01   0.0000000e+00  -2.0305674e-07
   4.0800000e+02   2.3593940e+01   4.1533160e+00  -6.3844371e-01   0.0000000e+00  -2.0682896e-07
   4.0900000e+02   2.3543630e+01   4.1520260e+00  -6.3852693e-01   0.0000000e+00  -2.1058365e-07
   4.1000000e+02   2.3493580e+01   4.1507360e+00  -6.3860707e-01   0.0000000e+00  -2.1432015e-07
   4.1100000e+02   2.3443770e+01   4.1494460e+00  -6.3868414e-01   0.0000000e+00  -2.1803894e-07
   4.1200000e+02   2.3394210e+01   4.1481570e+00  -6.3875807e-01   0.0000000e+00  -2.2173978e-07
   4.1300000e+02   2.3344890e+01   4.1468670e+00  -6.3882918e-01   0.0000000e+00  -2.2542261e-07
   4.1400000e+02   2.3295810e+01   4.1455770e+00  -6.3889731e-01   0.0000000e+00  -2.2908718e-07
   4.1500000e+02   2.3246980e+01   4.1442880e+00  -6.3896256e-01   0.0000000e+00  -2.3273338e-07
   4.1600000e+02   2.3198380e+01   4.1429990e+00  -6.3902495e-01   0.0000000e+00  -2.3636135e-07
   4.1700000e+02   2.3150020e+01   4.1417100e+00  -6.3908461e-01   0.0000000e+00  -2.3997050e-07
   4.1800000e+02   2.3101890e+01   4.1404210e+00  -6.3914154e-01   0.0000000e+00  -2.4356160e-07
   4.1900000e+02   2.3053990e+01   4.1391320e+00  -6.3919575e-01   0.0000000e+00  -2.4713401e-07
   4.2000000e+02   2.3006330e+01   4.1378440e+00  -6.3924733e-01   0.0000000e+00  -2.5068757e-07
   4.2100000e+02   2.2958900e+01   4.1365560e+00  -6.3929634e-01   0.0000000e+00  -2.5422241e-07
   4.2200000e+02   2.2911690e+01   4.1352680e+00  -6.3934274e-01   0.0000000e+00  -2.5773883e-07
   4.2300000e+02   2.2864710e+01   4.1339810e+00  -6.3938662e-01   0.0000000e+00  -2.6123653e-07
   4.2400000e+02   2.2817950e+01   4.1326930e+00  -6.3942812e-01   0.0000000e+00  -2.6471540e-07
   4.2500000e+02   2.2771410e+01   4.1314060e+00  -6.3946713e-01   0.0000000e+00  -2.6817495e-07
   4.2600000e+02   2.2725100e+01   4.1301200e+00  -6.3950374e-01   0.0000000e+00  -2.7161577e-07
   4.2700000e+02   2.2679000e+01   4.1288340e+00  -6.3953794e-01   0.0000000e+00  -2.7503789e-07
   4.2800000e+02   2.2633130e+01   4.1275480e+00  -6.3957000e-01   0.0000000e+00  -2.7844057e-07
   4.2900000e+02   2.2587460e+01   4.1262620e+00  -6.3959973e-01   0.0000000e+00  -2.8182472e-07
   4.3000000e+02   2.2542020e+01   4.1249770e+00  -6.3962724e-01   0.0000000e+00  -2.8518952e-07
   4.3100000e+02   2.2496780e+01   4.1236930e+00  -6.3965245e-01   0.0000000e+00  -2.8853492e-07
   4.3200000e+02   2.2451760e+01   4.1224080e+00  -6.3967571e-01   0.0000000e+00  -2.9186172e-07
   4.3300000e+02   2.2406940e+01   4.1211250e+00  -6.3969665e-01   0.0000000e+00  -2.9516865e-07
   4.3400000e+02   2.2362340e+01   4.1198410e+00  -6.3971574e-01   0.0000000e+00  -2.9845738e-07
   4.3500000e+02   2.2317940e+01   4.1185590e+00  -6.3973259e-01   0.0000000e+00  -3.0172625e-07
   4.3600000e+02   2.2273740e+01   4.1172760e+00  -6.3974754e-01   0.0000000e+00  -3.0497626e-07
   4.3700000e+02   2.2229750e+01   4.1159950e+00  -6.3976045e-01   0.0000000e+00  -3.0820660e-07
   4.3800000e+02   2.2185960e+01   4.1147130e+00  -6.3977156e-01   0.0000000e+00  -3.1141812e-07
   4.3900000e+02   2.2142370e+01   4.1134330e+00  -6.3978060e-01   0.0000000e+00  -3.1461005e-07
   4.4000000e+02   2.2098980e+01   4.1121530e+00  -6.3978785e-01   0.0000000e+00  -3.1778323e-07
   4.4100000e+02   2.2055790e+01   4.1108730e+00  -6.3979337e-01   0.0000000e+00  -3.2093672e-07
   4.4200000e+02   2.2012800e+01   4.1095940e+00  -6.3979704e-01   0.0000000e+00  -3.2407115e-07
   4.4300000e+02   2.1970000e+01   4.1083160e+00  -6.3979890e-01   0.0000000e+00  -3.2718626e-07
   4.4400000e+02   2.1927390e+01   4.1070380e+00  -6.3979905e-01   0.0000000e+00  -3.3028196e-07
   4.4500000e+02   2.1884980e+01   4.1057610e+00  -6.3979753e-01   0.0000000e+00  -3.3335861e-07
   4.4600000e+02   2.1842750e+01   4.1044850e+00  -6.3979423e-01   0.0000000e+00  -3.3641602e-07
   4.4700000e+02   2.1800720e+01   4.1032090e+00  -6.3978942e-01   0.0000000e+00  -3.3945412e-07
   4.4800000e+02   2.1758870e+01   4.1019340e+00  -6.3978292e-01   0.0000000e+00  -3.4247319e-07
   4.4900000e+02   2.1717210e+01   4.1006600e+00  -6.3977484e-01   0.0000000e+00  -3.4547244e-07
   4.5000000e+02   2.1675730e+01   4.0993860e+00  -6.3976522e-01   0.0000000e+00  -3.4845315e-07
   4.5100000e+02   2.1634440e+01   4.0981130e+00  -6.3975412e-01   0.0000000e+00  -3.5141409e-07
   4.5200000e+02   2.1593340e+01   4.0968410e+00  -6.3974145e-01   0.0000000e+00  -3.5435689e-07
   4.5300000e+02   2.1552410e+01   4.0955700e+00  -6.3972735e-01   0.0000000e+00  -3.5727937e-07
   4.5400000e+02   2.1511660e+01   4.0942990e+00  -6.3971180e-01   0.0000000e+00  -3.6018331e-07
   4.5500000e+02   2.1471100e+01   4.0930300e+00  -6.3969480e-01   0.0000000e+00  -3.6306801e-07
   4.5600000e+02   2.1430710e+01   4.0917610e+00  -6.3967640e-01   0.0000000e+00  -3.6593394e-07
   4.5700000e+02   2.1390490e+01   4.0904920e+00  -6.3965679e-01   0.0000000e+00  -3.6878044e-07
   4.5800000e+02   2.1350450e+01   4.0892250e+00  -6.3963565e-01   0.0000000e+00  -3.7160800e-07
   4.5900000e+02   2.1310590e+01   4.0879580e+00  -6.3961336e-01   0.0000000e+00  -3.7441685e-07
   4.6000000e+02   2.1270900e+01   4.0866930e+00  -6.3958965e-01   0.0000000e+00  -3.7720655e-07
   4.6100000e+02   2.1231380e+01   4.0854280e+00  -6.3956474e-01   0.0000000e+00  -3.7997724e-07
   4.6200000e+02   2.1192030e+01   4.0841640e+00  -6.3953857e-01   0.0000000e+00  -3.8272890e-07
   4.6300000e+02   2.1152850e+01   4.0829010e+00  -6.3951122e-01   0.0000000e+00  -3.8546178e-07
   4.6400000e+02   2.1113840e+01   4.0816390e+00  -6.3948263e-01   0.0000000e+00  -3.8817608e-07
   4.6500000e+02   2.1074990e+01   4.0803770e+00  -6.3945293e-01   0.0000000e+00  -3.9087151e-07
   4.6600000e+02   2.1036310e+01   4.0791170e+00  -6.3942200e-01   0.0000000e+00  -3.9354785e-07
   4.6700000e+02   2.0997800e+01   4.0778580e+00  -6.3938997e-01   0.0000000e+00  -3.9620595e-07
   4.6800000e+02   2.0959450e+01   4.0765990e+00  -6.3935689e-01   0.0000000e+00  -3.9884557e-07
   4.6900000e+02   2.0921260e+01   4.0753420e+00  -6.3932259e-01   0.0000000e+00  -4.0146602e-07
   4.7000000e+02   2.0883230e+01   4.0740850e+00  -6.3928736e-01   0.0000000e+00  -4.0406827e-07
   4.7100000e+02   2.0845370e+01   4.0728300e+00  -6.3925102e-01   0.0000000e+00  -4.0665141e-07
   4.7200000e+02   2.0807660e+01   4.0715750e+00  -6.3921369e-01   0.0000000e+00  -4.0921673e-07
   4.7300000e+02   2.0770110e+01   4.0703220e+00  -6.3917523e-01   0.0000000e+00  -4.1176366e-07
   4.7400000e+02   2.0732710e+01   4.0690690e+00  -6.3913591e-01   0.0000000e+00  -4.1429191e-07
   4.7500000e+02   2.0695480e+01   4.0678180e+00  -6.3909560e-01   0.0000000e+00  -4.1680187e-07
   4.7600000e+02   2.0658400e+01   4.0665670e+00  -6.3905439e-01   0.0000000e+00  -4.1929367e-07
   4.7700000e+02   2.0621470e+01   4.0653180e+00  -6.3901215e-01   0.0000000e+00  -4.2176669e-07
   4.7800000e+02   2.0584690e+01   4.0640700e+00  -6.3896896e-01   0.0000000e+00  -4.2422175e-07
   4.7900000e+02   2.0548070e+01   4.0628230e+00  -6.3892494e-01   0.0000000e+00  -4.2665916e-07
   4.8000000e+02   2.0511600e+01   4.0615760e+00  -6.3888014e-01   0.0000000e+00  -4.2907890e-07
   4.8100000e+02   2.0475270e+01   4.0603310e+00  -6.3883430e-01   0.0000000e+00  -4.3147984e-07
   4.8200000e+02   2.0439100e+01   4.0590870e+00  -6.3878774e-01   0.0000000e+00  -4.3386344e-07
   4.8300000e+02   2.0403070e+01   4.0578450e+00  -6.3874018e-01   0.0000000e+00  -4.3622871e-07
   4.8400000e+02   2.0367190e+01   4.0566030e+00  -6.3869196e-01   0.0000000e+00  -4.3857609e-07
   4.8500000e+02   2.0331460e+01   4.0553620e+00  -6.3864296e-01   0.0000000e+00  -4.4090604e-07
   4.8600000e+02   2.0295870e+01   4.0541230e+00  -6.3859303e-01   0.0000000e+00  -4.4321798e-07
   4.8700000e+02   2.0260430e+01   4.0528850e+00  -6.3854242e-01   0.0000000e+00  -4.4551234e-07
   4.8800000e+02   2.0225130e+01   4.0516480e+00  -6.3849107e-01   0.0000000e+00  -4.4778951e-07
   4.8900000e+02   2.0189970e+01   4.0504120e+00  -6.3843897e-01   0.0000000e+00  -4.5004891e-07
   4.9000000e+02   2.0154950e+01   4.0491770e+00  -6.3838615e-01   0.0000000e+00  -4.5229106e-07
   4.9100000e+02   2.0120070e+01   4.0479440e+00  -6.3833254e-01   0.0000000e+00  -4.5451539e-07
   4.9200000e+02   2.0085330e+01   4.0467110e+00  -6.3827837e-01   0.0000000e+00  -4.5672287e-07
   4.9300000e+02   2.0050730e+01   4.0454800e+00  -6.3822340e-01   0.0000000e+00  -4.5891313e-07
   4.9400000e+02   2.0016270e+01   4.0442500e+00  -6.3816782e-01   0.0000000e+00  -4.6108563e-07
   4.9500000e+02   1.9981940e+01   4.0430220e+00  -6.3811144e-01   0.0000000e+00  -4.6324152e-07
   4.9600000e+02   1.9947750e+01   4.0417940e+00  -6.3805460e-01   0.0000000e+00  -4.6538059e-07
   4.9700000e+02   1.9913700e+01   4.0405680e+00  -6.3799709e-01   0.0000000e+00  -4.6750193e-07
   4.9800000e+02   1.9879780e+01   4.0393430e+00  -6.3793892e-01   0.0000000e+00  -4.6960689e-07
   4.9900000e+02   1.9845990e+01   4.0381200e+00  -6.3788005e-01   0.0000000e+00  -4.7169479e-07
   5.0000000e+02   1.9812340e+01   4.0368970e+00  -6.3782079e-01   0.0000000e+00  -4.7376622e-07
   5.0100000e+02   1.9778810e+01   4.0356760e+00  -6.3776077e-01   0.0000000e+00  -4.7582085e-07
   5.0200000e+02   1.9745420e+01   4.0344570e+00  -6.3770017e-01   0.0000000e+00  -4.7785876e-07
   5.0300000e+02   1.9712160e+01   4.0332380e+00  -6.3763913e-01   0.0000000e+00  -4.7988047e-07
   5.0400000e+02   1.9679020e+01   4.0320210e+00  -6.3757743e-01   0.0000000e+00  -4.8188516e-07
   5.0500000e+02   1.9646020e+01   4.0308050e+00  -6.3751528e-01   0.0000000e+00  -4.8387394e-07
   5.0600000e+02   1.9613140e+01   4.0295910e+00  -6.3745246e-01   0.0000000e+00  -4.8584599e-07
   5.0700000e+02   1.9580390e+01   4.0283780e+00  -6.3738917e-01   0.0000000e+00  -4.8780175e-07
   5.0800000e+02   1.9547760e+01   4.0271660e+00  -6.3732536e-01   0.0000000e+00  -4.8974191e-07
   5.0900000e+02   1.9515260e+01   4.0259550e+00  -6.3726114e-01   0.0000000e+00  -4.9166549e-07
   5.1000000e+02   1.9482880e+01   4.0247460e+00  -6.3719634e-01   0.0000000e+00  -4.9357332e-07
   5.1100000e+02   1.9450630e+01   4.0235390e+00  -6.3713103e-01   0.0000000e+00  -4.9546494e-07
   5.1200000e+02   1.9418500e+01   4.0223320e+00  -6.3706533e-01   0.0000000e+00  -4.9734082e-07
   5.1300000e+02   1.9386490e+01   4.0211270e+00  -6.3699912e-01   0.0000000e+00  -4.9920060e-07
   5.1400000e+02   1.9354600e+01   4.0199240e+00  -6.3693235e-01   0.0000000e+00  -5.0104475e-07
   5.1500000e+02   1.9322840e+01   4.0187210e+00  -6.3686538e-01   0.0000000e+00  -5.0287360e-07
   5.1600000e+02   1.9291190e+01   4.0175210e+00  -6.3679770e-01   0.0000000e+00  -5.0468662e-07
   5.1700000e+02   1.9259660e+01   4.0163210e+00  -6.3672978e-01   0.0000000e+00  -5.0648418e-07
   5.1800000e+02   1.9228250e+01   4.0151230e+00  -6.3666131e-01   0.0000000e+00  -5.0826616e-07
   5.1900000e+02   1.9196960e+01   4.0139270e+00  -6.3659245e-01   0.0000000e+00  -5.1003316e-07
   5.2000000e+02   1.9165790e+01   4.0127320e+00  -6.3652323e-01   0.0000000e+00  -5.1178430e-07
   5.2100000e+02   1.9134730e+01   4.0115380e+00  -6.3645361e-01   0.0000000e+00  -5.1352088e-07
   5.2200000e+02   1.9103780e+01   4.0103460e+00  -6.3638349e-01   0.0000000e+00  -5.1524208e-07
   5.2300000e+02   1.9072950e+01   4.0091550e+00  -6.3631305e-01   0.0000000e+00  -5.1694820e-07
   5.2400000e+02   1.9042240e+01   4.0079650e+00  -6.3624239e-01   0.0000000e+00  -5.1863931e-07
   5.2500000e+02   1.9011640e+01   4.0067780e+00  -6.3617110e-01   0.0000000e+00  -5.2031543e-07
   5.2600000e+02   1.8981150e+01   4.0055910e+00  -6.3609962e-01   0.0000000e+00  -5.2197707e-07
   5.2700000e+02   1.8950770e+01   4.0044060e+00  -6.3602767e-01   0.0000000e+00  -5.2362386e-07
   5.2800000e+02   1.8920510e+01   4.0032230e+00  -6.3595544e-01   0.0000000e+00  -5.2525579e-07
   5.2900000e+02   1.8890350e+01   4.0020410e+00  -6.3588274e-01   0.0000000e+00  -5.2687337e-07
   5.3000000e+02   1.8860300e+01   4.0008600e+00  -6.3580986e-01   0.0000000e+00  -5.2847638e-07
   5.3100000e+02   1.8830370e+01   3.9996810e+00  -6.3573662e-01   0.0000000e+00  -5.3006507e-07
   5.3200000e+02   1.8800540e+01   3.9985040e+00  -6.3566292e-01   0.0000000e+00  -5.3163923e-07
   5.3300000e+02   1.8770820e+01   3.9973280e+00  -6.3558901e-01   0.0000000e+00  -5.3319913e-07
   5.3400000e+02   1.8741210e+01   3.9961530e+00  -6.3551482e-01   0.0000000e+00  -5.3474496e-07
   5.3500000e+02   1.8711710e+01   3.9949800e+00  -6.3544031e-01   0.0000000e+00  -5.3627648e-07
   5.3600000e+02   1.8682310e+01   3.9938090e+00  -6.3536536e-01   0.0000000e+00  -5.3779433e-07
   5.3700000e+02   1.8653010e+01   3.9926390e+00  -6.3529015e-01   0.0000000e+00  -5.3929799e-07
   5.3800000e+02   1.8623820e+01   3.9914700e+00  -6.3521478e-01   0.0000000e+00  -5.4078786e-07
   5.3900000e+02   1.8594740e+01   3.9903040e+00  -6.3513896e-01   0.0000000e+00  -5.4226372e-07
   5.4000000e+02   1.8565760e+01   3.9891380e+00  -6.3506303e-01   0.0000000e+00  -5.4372638e-07
   5.4100000e+02   1.8536880e+01   3.9879740e+00  -6.3498669e-01   0.0000000e+00  -5.4517487e-07
   5.4200000e+02   1.8508100e+01   3.9868120e+00  -6.3491005e-01   0.0000000e+00  -5.4660984e-07
   5.4300000e+02   1.8479430e+01   3.9856520e+00  -6.3483317e-01   0.0000000e+00  -5.4803140e-07
   5.4400000e+02   1.8450860e+01   3.9844930e+00  -6.3475608e-01   0.0000000e+00  -5.4943961e-07
   5.4500000e+02   1.8422390e+01   3.9833350e+00  -6.3467876e-01   0.0000000e+00  -5.5083424e-07
   5.4600000e+02   1.8394010e+01   3.9821790e+00  -6.3460108e-01   0.0000000e+00  -5.5221607e-07
   5.4700000e+02   1.8365740e+01   3.9810250e+00  -6.3452318e-01   0.0000000e+00  -5.5358426e-07
   5.4800000e+02   1.8337570e+01   3.9798720e+00  -6.3444506e-01   0.0000000e+00  -5.5493962e-07
   5.4900000e+02   1.8309490e+01   3.9787210e+00  -6.3436663e-01   0.0000000e+00  -5.5628208e-07
   5.5000000e+02   1.8281520e+01   3.9775710e+00  -6.3428810e-01   0.0000000e+00  -5.5761130e-07
   5.5100000e+02   1.8253640e+01   3.9764230e+00  -6.3420923e-01   0.0000000e+00  -5.5892764e-07
   5.5200000e+02   1.8225850e+01   3.9752760e+00  -6.3413023e-01   0.0000000e+00  -5.6023120e-07
   5.5300000e+02   1.8198170e+01   3.9741320e+00  -6.3405087e-01   0.0000000e+00  -5.6152228e-07
   5.5400000e+02   1.8170570e+01   3.9729880e+00  -6.3397137e-01   0.0000000e+00  -5.6280066e-07
   5.5500000e+02   1.8143080e+01   3.9718470e+00  -6.3389160e-01   0.0000000e+00  -5.6406633e-07
   5.5600000e+02   1.8115670e+01   3.9707070e+00  -6.3381157e-01   0.0000000e+00  -5.6531958e-07
   5.5700000e+02   1.8088370e+01   3.9695680e+00  -6.3373154e-01   0.0000000e+00  -5.6656033e-07
   5.5800000e+02   1.8061150e+01   3.9684310e+00  -6.3365110e-01   0.0000000e+00  -5.6778851e-07
   5.5900000e+02   1.8034030e+01   3.9672960e+00  -6.3357052e-01   0.0000000e+00  -5.6900489e-07
   5.6000000e+02   1.8007000e+01   3.9661630e+00  -6.3348965e-01   0.0000000e+00  -5.7020870e-07
   5.6100000e+02   1.7980060e+01   3.9650310e+00  -6.3340868e-01   0.0000000e+00  -5.7140058e-07
   5.6200000e+02   1.7953210e+01   3.9639000e+00  -6.3332755e-01   0.0000000e+00  -5.7258062e-07
   5.6300000e+02   1.7926460e+01   3.9627720e+00  -6.3324611e-01   0.0000000e+00  -5.7374818e-07
   5.6400000e+02   1.7899790e+01   3.9616450e+00  -6.3316451e-01   0.0000000e+00  -5.7490413e-07
   5.6500000e+02   1.7873220e+01   3.9605190e+00  -6.3308292e-01   0.0000000e+00  -5.7604833e-07
   5.6600000e+02   1.7846730e+01   3.9593960e+00  -6.3300084e-01   0.0000000e+00  -5.7718109e-07
   5.6700000e+02   1.7820330e+01   3.9582730e+00  -6.3291879e-01   0.0000000e+00  -5.7830153e-07
   5.6800000e+02   1.7794020e+01   3.9571530e+00  -6.3283644e-01   0.0000000e+00  -5.7941061e-07
   5.6900000e+02   1.7767800e+01   3.9560340e+00  -6.3275404e-01   0.0000000e+00  -5.8050828e-07
   5.7000000e+02   1.7741670e+01   3.9549170e+00  -6.3267139e-01   0.0000000e+00  -5.8159451e-07
   5.7100000e+02   1.7715620e+01   3.9538020e+00  -6.3258851e-01   0.0000000e+00  -5.8266911e-07
   5.7200000e+02   1.7689660e+01   3.9526880e+00  -6.3250555e-01   0.0000000e+00  -5.8373235e-07
   5.7300000e+02   1.7663780e+01   3.9515760e+00  -6.3242233e-01   0.0000000e+00  -5.8478476e-07
   5.7400000e+02   1.7638000e+01   3.9504650e+00  -6.3233921e-01   0.0000000e+00  -5.8582561e-07
   5.7500000e+02   1.7612290e+01   3.9493560e+00  -6.3225572e-01   0.0000000e+00  -5.8685584e-07
   5.7600000e+02   1.7586670e+01   3.9482490e+00  -6.3217203e-01   0.0000000e+00  -5.8787460e-07
   5.7700000e+02   1.7561130e+01   3.9471440e+00  -6.3208819e-01   0.0000000e+00  -5.8888256e-07
   5.7800000e+02   1.7535680e+01   3.9460400e+00  -6.3200432e-01   0.0000000e+00  -5.8987955e-07
   5.7900000e+02   1.7510310e+01   3.9449380e+00  -6.3192020e-01   0.0000000e+00  -5.9086574e-07
   5.8000000e+02   1.7485030e+01   3.9438370e+00  -6.3183608e-01   0.0000000e+00  -5.9184132e-07
   5.8100000e+02   1.7459820e+01   3.9427380e+00  -6.3175165e-01   0.0000000e+00  -5.9280612e-07
   5.8200000e+02   1.7434700e+01   3.9416410e+00  -6.3166717e-01   0.0000000e+00  -5.9376040e-07
   5.8300000e+02   1.7409660e+01   3.9405460e+00  -6.3158248e-01   0.0000000e+00  -5.9470411e-07
   5.8400000e+02   1.7384700e+01   3.9394520e+00  -6.3149770e-01   0.0000000e+00  -5.9563725e-07
   5.8500000e+02   1.7359820e+01   3.9383600e+00  -6.3141274e-01   0.0000000e+00  -5.9656007e-07
   5.8600000e+02   1.7335020e+01   3.9372700e+00  -6.3132762e-01   0.0000000e+00  -5.9747261e-07
   5.8700000e+02   1.7310300e+01   3.9361810e+00  -6.3124245e-01   0.0000000e+00  -5.9837486e-07
   5.8800000e+02   1.7285660e+01   3.9350940e+00  -6.3115714e-01   0.0000000e+00  -5.9926690e-07
   5.8900000e+02   1.7261090e+01   3.9340090e+00  -6.3107154e-01   0.0000000e+00  -6.0014883e-07
   5.9000000e+02   1.7236610e+01   3.9329250e+00  -6.3098601e-01   0.0000000e+00  -6.0102075e-07
   5.9100000e+02   1.7212200e+01   3.9318430e+00  -6.3090027e-01   0.0000000e+00  -6.0188252e-07
   5.9200000e+02   1.7187880e+01   3.9307630e+00  -6.3081444e-01   0.0000000e+00  -6.0273443e-07
   5.9300000e+02   1.7163630e+01   3.9296850e+00  -6.3072846e-01   0.0000000e+00  -6.0357654e-07
   5.9400000e+02   1.7139450e+01   3.9286080e+00  -6.3064233e-01   0.0000000e+00  -6.0440879e-07
   5.9500000e+02   1.7115350e+01   3.9275330e+00  -6.3055605e-01   0.0000000e+00  -6.0523138e-07
   5.9600000e+02   1.7091330e+01   3.9264600e+00  -6.3046969e-01   0.0000000e+00  -6.0604419e-07
   5.9700000e+02   1.7067380e+01   3.9253880e+00  -6.3038320e-01   0.0000000e+00  -6.0684756e-07
   5.9800000e+02   1.7043510e+01   3.9243180e+00  -6.3029667e-01   0.0000000e+00  -6.0764128e-07
   5.9900000e+02   1.7019720e+01   3.9232500e+00  -6.3020998e-01   0.0000000e+00  -6.0842559e-07
   6.0000000e+02   1.6995990e+01   3.9221830e+00  -6.3012316e-01   0.0000000e+00  -6.0920060e-07
   6.0100000e+02   1.6972350e+01   3.9211190e+00  -6.3003624e-01   0.0000000e+00  -6.0996602e-07
   6.0200000e+02   1.6948770e+01   3.9200550e+00  -6.2994928e-01   0.0000000e+00  -6.1072257e-07
   6.0300000e+02   1.6925270e+01   3.9189940e+00  -6.2986207e-01   0.0000000e+00  -6.1146948e-07
   6.0400000e+02   1.6901840e+01   3.9179340e+00  -6.2977486e-01   0.0000000e+00  -6.1220742e-07
   6.0500000e+02   1.6878480e+01   3.9168770e+00  -6.2968735e-01   0.0000000e+00  -6.1293615e-07
   6.0600000e+02   1.6855200e+01   3.9158200e+00  -6.2960004e-01   0.0000000e+00  -6.1365609e-07
   6.0700000e+02   1.6831990e+01   3.9147660e+00  -6.2951245e-01   0.0000000e+00  -6.1436682e-07
   6.0800000e+02   1.6808850e+01   3.9137130e+00  -6.2942482e-01   0.0000000e+00  -6.1506883e-07
   6.0900000e+02   1.6785780e+01   3.9126620e+00  -6.2933705e-01   0.0000000e+00  -6.1576197e-07
   6.1000000e+02   1.6762780e+01   3.9116130e+00  -6.2924910e-01   0.0000000e+00  -6.1644619e-07
   6.1100000e+02   1.6739850e+01   3.9105650e+00  -6.2916115e-01   0.0000000e+00  -6.1712173e-07
   6.1200000e+02   1.6716990e+01   3.9095190e+00  -6.2907314e-01   0.0000000e+00  -6.1778873e-07
   6.1300000e+02   1.6694200e+01   3.9084750e+00  -6.2898490e-01   0.0000000e+00  -6.1844708e-07
   6.1400000e+02   1.6671480e+01   3.9074320e+00  -6.2889674e-01   0.0000000e+00  -6.1909692e-07
   6.1500000e+02   1.6648830e+01   3.9063920e+00  -6.2880827e-01   0.0000000e+00  -6.1973810e-07
   6.1600000e+02   1.6626240e+01   3.9053530e+00  -6.2871974e-01   0.0000000e+00  -6.2037098e-07
   6.1700000e+02   1.6603730e+01   3.9043150e+00  -6.2863137e-01   0.0000000e+00  -6.2099559e-07
   6.1800000e+02   1.6581280e+01   3.9032800e+00  -6.2854262e-01   0.0000000e+00  -6.2161185e-07
   6.1900000e+02   1.6558900e+01   3.9022460e+00  -6.2845392e-01   0.0000000e+00  -6.2221971e-07
   6.2000000e+02   1.6536590e+01   3.9012140e+00  -6.2836510e-01   0.0000000e+00  -6.2281945e-07
   6.2100000e+02   1.6514340e+01   3.9001830e+00  -6.2827622e-01   0.0000000e+00  -6.2341132e-07
   6.2200000e+02   1.6492160e+01   3.8991550e+00  -6.2818717e-01   0.0000000e+00  -6.2399480e-07
   6.2300000e+02   1.6470050e+01   3.8981280e+00  -6.2809816e-01   0.0000000e+00  -6.2457028e-07
   6.2400000e+02   1.6448000e+01   3.8971020e+00  -6.2800903e-01   0.0000000e+00  -6.2513815e-07
   6.2500000e+02   1.6426020e+01   3.8960790e+00  -6.2791973e-01   0.0000000e+00  -6.2569775e-07
   6.2600000e+02   1.6404110e+01   3.8950570e+00  -6.2783050e-01   0.0000000e+00  -6.2624962e-07
   6.2700000e+02   1.6382250e+01   3.8940370e+00  -6.2774102e-01   0.0000000e+00  -6.2679369e-07
   6.2800000e+02   1.6360470e+01   3.8930190e+00  -6.2765155e-01   0.0000000e+00  -6.2733005e-07
   6.2900000e+02   1.6338740e+01   3.8920020e+00  -6.2756189e-01   0.0000000e+00  -6.2785871e-07
   6.3000000e+02   1.6317090e+01   3.8909870e+00  -6.2747236e-01   0.0000000e+00  -6.2837972e-07
   6.3100000e+02   1.6295490e+01   3.8899740e+00  -6.2738255e-01   0.0000000e+00  -6.2889316e-07
   6.3200000e+02   1.6273960e+01   3.8889630e+00  -6.2729269e-01   0.0000000e+00  -6.2939897e-07
   6.3300000e+02   1.6252490e+01   3.8879530e+00  -6.2720283e-01   0.0000000e+00  -6.2989738e-07
   6.3400000e+02   1.6231080e+01   3.8869450e+00  -6.2711284e-01   0.0000000e+00  -6.3038852e-07
   6.3500000e+02   1.6209740e+01   3.8859390e+00  -6.2702281e-01   0.0000000e+00  -6.3087218e-07
   6.3600000e+02   1.6188460e+01   3.8849340e+00  -6.2693277e-01   0.0000000e+00  -6.3134859e-07
   6.3700000e+02   1.6167240e+01   3.8839310e+00  -6.2684258e-01   0.0000000e+00  -6.3181777e-07
   6.3800000e+02   1.6146080e+01   3.8829300e+00  -6.2675230e-01   0.0000000e+00  -6.3227976e-07
   6.3900000e+02   1.6124980e+01   3.8819310e+00  -6.2666186e-01   0.0000000e+00  -6.3273432e-07
   6.4000000e+02   1.6103940e+01   3.8809330e+00  -6.2657146e-01   0.0000000e+00  -6.3318207e-07
   6.4100000e+02   1.6082970e+01   3.8799370e+00  -6.2648103e-01   0.0000000e+00  -6.3362254e-07
   6.4200000e+02   1.6062050e+01   3.8789430e+00  -6.2639042e-01   0.0000000e+00  -6.3405619e-07
   6.4300000e+02   1.6041190e+01   3.8779500e+00  -6.2629983e-01   0.0000000e+00  -6.3448294e-07
   6.4400000e+02   1.6020400e+01   3.8769600e+00  -6.2620909e-01   0.0000000e+00  -6.3490256e-07
   6.4500000e+02   1.5999660e+01   3.8759700e+00  -6.2611839e-01   0.0000000e+00  -6.3531576e-07
   6.4600000e+02   1.5978980e+01   3.8749830e+00  -6.2602746e-01   0.0000000e+00  -6.3572149e-07
   6.4700000e+02   1.5958360e+01   3.8739970e+00  -6.2593660e-01   0.0000000e+00  -6.3612100e-07
   6.4800000e+02   1.5937800e+01   3.8730140e+00  -6.2584556e-01   0.0000000e+00  -6.3651361e-07
   6.4900000e+02   1.5917300e+01   3.8720310e+00  -6.2575461e-01   0.0000000e+00  -6.3689964e-07
   6.5000000e+02   1.5896860e+01   3.8710510e+00  -6.2566352e-01   0.0000000e+00  -6.3727893e-07
   6.5100000e+02   1.5876470e+01   3.8700720e+00  -6.2557233e-01   0.0000000e+00  -6.3765191e-07
   6.5200000e+02   1.5856140e+01   3.8690950e+00  -6.2548107e-01   0.0000000e+00  -6.3801807e-07
   6.5300000e+02   1.5835870e+01   3.8681200e+00  -6.2538974e-01   0.0000000e+00  -6.3837791e-07
   6.5400000e+02   1.5815660e+01   3.8671460e+00  -6.2529846e-01   0.0000000e+00  -6.3873152e-07
   6.5500000e+02   1.5795500e+01   3.8661740e+00  -6.2520706e-01   0.0000000e+00  -6.3907857e-07
   6.5600000e+02   1.5775400e+01   3.8652040e+00  -6.2511553e-01   0.0000000e+00  -6.3941925e-07
   6.5700000e+02   1.5755350e+01   3.8642350e+00  -6.2502402e-01   0.0000000e+00  -6.3975387e-07
   6.5800000e+02   1.5735360e+01   3.8632680e+00  -6.2493245e-01   0.0000000e+00  -6.4008227e-07
   6.5900000e+02   1.5715430e+01   3.8623030e+00  -6.2484080e-01   0.0000000e+00  -6.4040422e-07
   6.6000000e+02   1.5695550e+01   3.8613400e+00  -6.2474895e-01   0.0000000e+00  -6.4071991e-07
   6.6100000e+02   1.5675730e+01   3.8603780e+00  -6.2465729e-01   0.0000000e+00  -6.4102985e-07
   6.6200000e+02   1.5655960e+01   3.8594180e+00  -6.2456545e-01   0.0000000e+00  -6.4133352e-07
   6.6300000e+02   1.5636250e+01   3.8584600e+00  -6.2447355e-01   0.0000000e+00  -6.4163125e-07
   6.6400000e+02   1.5616590e+01   3.8575030e+00  -6.2438167e-01   0.0000000e+00  -6.4192326e-07
   6.6500000e+02   1.5596980e+01   3.8565480e+00  -6.2428957e-01   0.0000000e+00  -6.4220906e-07
   6.6600000e+02   1.5577430e+01   3.8555950e+00  -6.2419751e-01   0.0000000e+00  -6.4248907e-07
   6.6700000e+02   1.5557940e+01   3.8546430e+00  -6.2410557e-01   0.0000000e+00  -6.4276340e-07
   6.6800000e+02   1.5538490e+01   3.8536940e+00  -6.2401326e-01   0.0000000e+00  -6.4303169e-07
   6.6900000e+02   1.5519100e+01   3.8527460e+00  -6.2392102e-01   0.0000000e+00  -6.4329429e-07
   6.7000000e+02   1.5499760e+01   3.8517990e+00  -6.2382877e-01   0.0000000e+00  -6.4355130e-07
   6.7100000e+02   1.5480480e+01   3.8508540e+00  -6.2373652e-01   0.0000000e+00  -6.4380278e-07
   6.7200000e+02   1.5461250e+01   3.8499110e+00  -6.2364418e-01   0.0000000e+00  -6.4404832e-07
   6.7300000e+02   1.5442060e+01   3.8489700e+00  -6.2355159e-01   0.0000000e+00  -6.4428835e-07
   6.7400000e+02   1.5422940e+01   3.8480300e+00  -6.2345923e-01   0.0000000e+00  -6.4452289e-07
   6.7500000e+02   1.5403860e+01   3.8470920e+00  -6.2336671e-01   0.0000000e+00  -6.4475205e-07
   6.7600000e+02   1.5384830e+01   3.8461560e+00  -6.2327402e-01   0.0000000e+00  -6.4497554e-07
   6.7700000e+02   1.5365860e+01   3.8452210e+00  -6.2318151e-01   0.0000000e+00  -6.4519386e-07
   6.7800000e+02   1.5346940e+01   3.8442880e+00  -6.2308888e-01   0.0000000e+00  -6.4540679e-07
   6.7900000e+02   1.5328060e+01   3.8433570e+00  -6.2299602e-01   0.0000000e+00  -6.4561407e-07
   6.8000000e+02   1.5309240e+01   3.8424270e+00  -6.2290328e-01   0.0000000e+00  -6.4581631e-07
   6.8100000e+02   1.5290470e+01   3.8415000e+00  -6.2281043e-01   0.0000000e+00  -6.4601315e-07
   6.8200000e+02   1.5271750e+01   3.8405730e+00  -6.2271766e-01   0.0000000e+00  -6.4620507e-07
   6.8300000e+02   1.5253080e+01   3.8396490e+00  -6.2262465e-01   0.0000000e+00  -6.4639131e-07
   6.8400000e+02   1.5234460e+01   3.8387260e+00  -6.2253177e-01   0.0000000e+00  -6.4657291e-07
   6.8500000e+02   1.5215880e+01   3.8378050e+00  -6.2243865e-01   0.0000000e+00  -6.4674918e-07
   6.8600000e+02   1.5197360e+01   3.8368850e+00  -6.2234569e-01   0.0000000e+00  -6.4692046e-07
   6.8700000e+02   1.5178890e+01   3.8359670e+00  -6.2225264e-01   0.0000000e+00  -6.4708671e-07
   6.8800000e+02   1.5160460e+01   3.8350510e+00  -6.2215946e-01   0.0000000e+00  -6.4724800e-07
   6.8900000e+02   1.5142080e+01   3.8341360e+00  -6.2206630e-01   0.0000000e+00  -6.4740428e-07
   6.9000000e+02   1.5123760e+01   3.8332230e+00  -6.2197314e-01   0.0000000e+00  -6.4755549e-07
   6.9100000e+02   1.5105480e+01   3.8323120e+00  -6.2187986e-01   0.0000000e+00  -6.4770209e-07
   6.9200000e+02   1.5087240e+01   3.8314030e+00  -6.2178639e-01   0.0000000e+00  -6.4784368e-07
   6.9300000e+02   1.5069060e+01   3.8304950e+00  -6.2169313e-01   0.0000000e+00  -6.4798057e-07
   6.9400000e+02   1.5050920e+01   3.8295880e+00  -6.2159982e-01   0.0000000e+00  -6.4811284e-07
   6.9500000e+02   1.5032830e+01   3.8286840e+00  -6.2150628e-01   0.0000000e+00  -6.4823989e-07
   6.9600000e+02   1.5014790e+01   3.8277810e+00  -6.2141285e-01   0.0000000e+00  -6.4836264e-07
   6.9700000e+02   1.4996800e+01   3.8268790e+00  -6.2131949e-01   0.0000000e+00  -6.4848077e-07
   6.9800000e+02   1.4978850e+01   3.8259800e+00  -6.2122586e-01   0.0000000e+00  -6.4859381e-07
   6.9900000e+02   1.4960950e+01   3.8250820e+00  -6.2113229e-01   0.0000000e+00  -6.4870265e-07
   7.0000000e+02   1.4943090e+01   3.8241850e+00  -6.2103871e-01   0.0000000e+00  -6.4880701e-07
   7.0100000e+02   1.4925280e+01   3.8232910e+00  -6.2094500e-01   0.0000000e+00  -6.4890669e-07
   7.0200000e+02   1.4907520e+01   3.8223980e+00  -6.2085129e-01   0.0000000e+00  -6.4900176e-07
   7.0300000e+02   1.4889800e+01   3.8215060e+00  -6.2075762e-01   0.0000000e+00  -6.4909265e-07
   7.0400000e+02   1.4872130e+01   3.8206160e+00  -6.2066396e-01   0.0000000e+00  -6.4917903e-07
   7.0500000e+02   1.4854500e+01   3.8197280e+00  -6.2057005e-01   0.0000000e+00  -6.4926082e-07
   7.0600000e+02   1.4836920e+01   3.8188420e+00  -6.2047620e-01   0.0000000e+00  -6.4933842e-07
   7.0700000e+02   1.4819380e+01   3.8179570e+00  -6.2038229e-01   0.0000000e+00  -6.4941159e-07
   7.0800000e+02   1.4801890e+01   3.8170730e+00  -6.2028853e-01   0.0000000e+00  -6.4948071e-07
   7.0900000e+02   1.4784440e+01   3.8161920e+00  -6.2019456e-01   0.0000000e+00  -6.4954554e-07
   7.1000000e+02   1.4767040e+01   3.8153120e+00  -6.2010058e-01   0.0000000e+00  -6.4960589e-07
   7.1100000e+02   1.4749680e+01   3.8144330e+00  -6.2000662e-01   0.0000000e+00  -6.4966233e-07
   7.1200000e+02   1.4732360e+01   3.8135560e+00  -6.1991260e-01   0.0000000e+00  -6.4971446e-07
   7.1300000e+02   1.4715090e+01   3.8126810e+00  -6.1981854e-01   0.0000000e+00  -6.4976235e-07
   7.1400000e+02   1.4697870e+01   3.8118080e+00  -6.1972447e-01   0.0000000e+00  -6.4980614e-07
   7.1500000e+02   1.4680680e+01   3.8109360e+00  -6.1963029e-01   0.0000000e+00  -6.4984606e-07
   7.1600000e+02   1.4663540e+01   3.8100650e+00  -6.1953624e-01   0.0000000e+00  -6.4988209e-07
   7.1700000e+02   1.4646440e+01   3.8091960e+00  -6.1944209e-01   0.0000000e+00  -6.4991394e-07
   7.1800000e+02   1.4629390e+01   3.8083290e+00  -6.1934794e-01   0.0000000e+00  -6.4994170e-07
   7.1900000e+02   1.4612380e+01   3.8074640e+00  -6.1925366e-01   0.0000000e+00  -6.4996569e-07
   7.2000000e+02   1.4595410e+01   3.8066000e+00  -6.1915943e-01   0.0000000e+00  -6.4998554e-07
   7.2100000e+02   1.4578480e+01   3.8057380e+00  -6.1906507e-01   0.0000000e+00  -6.5000155e-07
   7.2200000e+02   1.4561600e+01   3.8048770e+00  -6.1897082e-01   0.0000000e+00  -6.5001386e-07
   7.2300000e+02   1.4544760e+01   3.8040180e+00  -6.1887651e-01   0.0000000e+00  -6.5002229e-07
   7.2400000e+02   1.4527950e+01   3.8031600e+00  -6.1878213e-01   0.0000000e+00  -6.5002700e-07
   7.2500000e+02   1.4511200e+01   3.8023040e+00  -6.1868787e-01   0.0000000e+00  -6.5002783e-07
   7.2600000e+02   1.4494480e+01   3.8014500e+00  -6.1859342e-01   0.0000000e+00  -6.5002503e-07
   7.2700000e+02   1.4477800e+01   3.8005970e+00  -6.1849895e-01   0.0000000e+00  -6.5001833e-07
   7.2800000e+02   1.4461170e+01   3.7997460e+00  -6.1840449e-01   0.0000000e+00  -6.5000797e-07
   7.2900000e+02   1.4444570e+01   3.7988960e+00  -6.1831010e-01   0.0000000e+00  -6.4999432e-07
   7.3000000e+02   1.4428020e+01   3.7980480e+00  -6.1821558e-01   0.0000000e+00  -6.4997658e-07
   7.3100000e+02   1.4411510e+01   3.7972020e+00  -6.1812102e-01   0.0000000e+00  -6.4995524e-07
   7.3200000e+02   1.4395040e+01   3.7963570e+00  -6.1802654e-01   0.0000000e+00  -6.4993059e-07
   7.3300000e+02   1.4378610e+01   3.7955140e+00  -6.1793196e-01   0.0000000e+00  -6.4990243e-07
   7.3400000e+02   1.4362220e+01   3.7946720e+00  -6.1783744e-01   0.0000000e+00  -6.4987061e-07
   7.3500000e+02   1.4345860e+01   3.7938320e+00  -6.1774269e-01   0.0000000e+00  -6.4983519e-07
   7.3600000e+02   1.4329550e+01   3.7929930e+00  -6.1764816e-01   0.0000000e+00  -6.4979666e-07
   7.3700000e+02   1.4313280e+01   3.7921560e+00  -6.1755350e-01   0.0000000e+00  -6.4975442e-07
   7.3800000e+02   1.4297050e+01   3.7913210e+00  -6.1745885e-01   0.0000000e+00  -6.4970865e-07
   7.3900000e+02   1.4280860e+01   3.7904870e+00  -6.1736420e-01   0.0000000e+00  -6.4965971e-07
   7.4000000e+02   1.4264700e+01   3.7896550e+00  -6.1726943e-01   0.0000000e+00  -6.4960756e-07
   7.4100000e+02   1.4248590e+01   3.7888240e+00  -6.1717479e-01   0.0000000e+00  -6.4955173e-07
   7.4200000e+02   1.4232520e+01   3.7879950e+00  -6.1708005e-01   0.0000000e+00  -6.4949274e-07
   7.4300000e+02   1.4216480e+01   3.7871670e+00  -6.1698537e-01   0.0000000e+00  -6.4943057e-07
   7.4400000e+02   1.4200480e+01   3.7863410e+00  -6.1689059e-01   0.0000000e+00  -6.4936517e-07
   7.4500000e+02   1.4184520e+01   3.7855160e+00  -6.1679585e-01   0.0000000e+00  -6.4929642e-07
   7.4600000e+02   1.4168600e+01   3.7846930e+00  -6.1670105e-01   0.0000000e+00  -6.4922440e-07
   7.4700000e+02   1.4152720e+01   3.7838720e+00  -6.1660623e-01   0.0000000e+00  -6.4914922e-07
   7.4800000e+02   1.4136870e+01   3.7830520e+00  -6.1651137e-01   0.0000000e+00  -6.4907094e-07
   7.4900000e+02   1.4121070e+01   3.7822330e+00  -6.1641669e-01   0.0000000e+00  -6.4898972e-07
   7.5000000e+02   1.4105300e+01   3.7814170e+00  -6.1632174e-01   0.0000000e+00  -6.4890499e-07
   7.5100000e+02   1.4089570e+01   3.7806010e+00  -6.1622702e-01   0.0000000e+00  -6.4881753e-07
   7.5200000e+02   1.4073870e+01   3.7797870e+00  -6.1613208e-01   0.0000000e+00  -6.4872690e-07
   7.5300000e+02   1.4058210e+01   3.7789750e+00  -6.1603717e-01   0.0000000e+00  -6.4863306e-07
   7.5400000e+02   1.4042600e+01   3.7781640e+00  -6.1594240e-01   0.0000000e+00  -6.4853637e-07
   7.5500000e+02   1.4027010e+01   3.7773550e+00  -6.1584743e-01   0.0000000e+00  -6.4843668e-07
   7.5600000e+02   1.4011470e+01   3.7765470e+00  -6.1575261e-01   0.0000000e+00  -6.4833414e-07
   7.5700000e+02   1.3995960e+01   3.7757410e+00  -6.1565766e-01   0.0000000e+00  -6.4822848e-07
   7.5800000e+02   1.3980480e+01   3.7749370e+00  -6.1556259e-01   0.0000000e+00  -6.4811979e-07
   7.5900000e+02   1.3965050e+01   3.7741330e+00  -6.1546782e-01   0.0000000e+00  -6.4800846e-07
   7.6000000e+02   1.3949650e+01   3.7733320e+00  -6.1537281e-01   0.0000000e+00  -6.4789403e-07
   7.6100000e+02   1.3934280e+01   3.7725320e+00  -6.1527776e-01   0.0000000e+00  -6.4777689e-07
   7.6200000e+02   1.3918960e+01   3.7717330e+00  -6.1518302e-01   0.0000000e+00  -6.4765704e-07
   7.6300000e+02   1.3903660e+01   3.7709360e+00  -6.1508791e-01   0.0000000e+00  -6.4753412e-07
   7.6400000e+02   1.3888410e+01   3.7701400e+00  -6.1499309e-01   0.0000000e+00  -6.4740874e-07
   7.6500000e+02   1.3873190e+01   3.7693460e+00  -6.1489808e-01   0.0000000e+00  -6.4728018e-07
   7.6600000e+02   1.3858000e+01   3.7685530e+00  -6.1480311e-01   0.0000000e+00  -6.4714919e-07
   7.6700000e+02   1.3842850e+01   3.7677620e+00  -6.1470811e-01   0.0000000e+00  -6.4701532e-07
   7.6800000e+02   1.3827740e+01   3.7669730e+00  -6.1461311e-01   0.0000000e+00  -6.4687869e-07
   7.6900000e+02   1.3812660e+01   3.7661840e+00  -6.1451825e-01   0.0000000e+00  -6.4673971e-07
   7.7000000e+02   1.3797610e+01   3.7653980e+00  -6.1442309e-01   0.0000000e+00  -6.4659779e-07
   7.7100000e+02   1.3782600e+01   3.7646130e+00  -6.1432808e-01   0.0000000e+00  -6.4645313e-07
   7.7200000e+02   1.3767630e+01   3.7638290e+00  -6.1423320e-01   0.0000000e+00  -6.4630618e-07
   7.7300000e+02   1.3752690e+01   3.7630470e+00  -6.1413817e-01   0.0000000e+00  -6.4615629e-07
   7.7400000e+02   1.3737780e+01   3.7622660e+00  -6.1404315e-01   0.0000000e+00  -6.4600409e-07
   7.7500000e+02   1.3722910e+01   3.7614860e+00  -6.1394830e-01   0.0000000e+00  -6.4584921e-07
   7.7600000e+02   1.3708070e+01   3.7607090e+00  -6.1385320e-01   0.0000000e+00  -6.4569178e-07
   7.7700000e+02   1.3693270e+01   3.7599320e+00  -6.1375830e-01   0.0000000e+00  -6.4553191e-07
   7.7800000e+02   1.3678500e+01   3.7591570e+00  -6.1366333e-01   0.0000000e+00  -6.4536956e-07
   7.7900000e+02   1.3663760e+01   3.7583840e+00  -6.1356822e-01   0.0000000e+00  -6.4520460e-07
   7.8000000e+02   1.3649060e+01   3.7576120e+00  -6.1347330e-01   0.0000000e+00  -6.4503724e-07
   7.8100000e+02   1.3634390e+01   3.7568410e+00  -6.1337838e-01   0.0000000e+00  -6.4486752e-07
   7.8200000e+02   1.3619750e+01   3.7560720e+00  -6.1328332e-01   0.0000000e+00  -6.4469520e-07
   7.8300000e+02   1.3605150e+01   3.7553050e+00  -6.1318828e-01   0.0000000e+00  -6.4452069e-07
   7.8400000e+02   1.3590580e+01   3.7545390e+00  -6.1309330e-01   0.0000000e+00  -6.4434359e-07
   7.8500000e+02   1.3576040e+01   3.7537740e+00  -6.1299829e-01   0.0000000e+00  -6.4416432e-07
   7.8600000e+02   1.3561540e+01   3.7530110e+00  -6.1290335e-01   0.0000000e+00  -6.4398248e-07
   7.8700000e+02   1.3547070e+01   3.7522490e+00  -6.1280843e-01   0.0000000e+00  -6.4379860e-07
   7.8800000e+02   1.3532630e+01   3.7514880e+00  -6.1271351e-01   0.0000000e+00  -6.4361227e-07
   7.8900000e+02   1.3518220e+01   3.7507300e+00  -6.1261841e-01   0.0000000e+00  -6.4342358e-07
   7.9000000e+02   1.3503850e+01   3.7499720e+00  -6.1252354e-01   0.0000000e+00  -6.4323267e-07
   7.9100000e+02   1.3489510e+01   3.7492160e+00  -6.1242864e-01   0.0000000e+00  -6.4303962e-07
   7.9200000e+02   1.3475200e+01   3.7484610e+00  -6.1233375e-01   0.0000000e+00  -6.4284418e-07
   7.9300000e+02   1.3460920e+01   3.7477080e+00  -6.1223873e-01   0.0000000e+00  -6.4264649e-07
   7.9400000e+02   1.3446680e+01   3.7469560e+00  -6.1214388e-01   0.0000000e+00  -6.4244677e-07
   7.9500000e+02   1.3432460e+01   3.7462060e+00  -6.1204886e-01   0.0000000e+00  -6.4224472e-07
   7.9600000e+02   1.3418280e+01   3.7454570e+00  -6.1195401e-01   0.0000000e+00  -6.4204058e-07
   7.9700000e+02   1.3404130e+01   3.7447090e+00  -6.1185915e-01   0.0000000e+00  -6.4183436e-07
   7.9800000e+02   1.3390010e+01   3.7439630e+00  -6.1176427e-01   0.0000000e+00  -6.4162580e-07
   7.9900000e+02   1.3375920e+01   3.7432190e+00  -6.1166928e-01   0.0000000e+00  -6.4141517e-07
   8.0000000e+02   1.3361870e+01   3.7424750e+00  -6.1157457e-01   0.0000000e+00  -6.4120266e-07
   8.0100000e+02   1.3347840e+01   3.7417330e+00  -6.1147967e-01   0.0000000e+00  -6.4098803e-07
   8.0200000e+02   1.3333850e+01   3.7409930e+00  -6.1138483e-01   0.0000000e+00  -6.4077099e-07
   8.0300000e+02   1.3319890e+01   3.7402540e+00  -6.1129002e-01   0.0000000e+00  -6.4055212e-07
   8.0400000e+02   1.3305950e+01   3.7395160e+00  -6.1119514e-01   0.0000000e+00  -6.4033128e-07
   8.0500000e+02   1.3292050e+01   3.7387800e+00  -6.1110035e-01   0.0000000e+00  -6.4010832e-07
   8.0600000e+02   1.3278180e+01   3.7380450e+00  -6.1100560e-01   0.0000000e+00  -6.3988348e-07
   8.0700000e+02   1.3264340e+01   3.7373110e+00  -6.1091090e-01   0.0000000e+00  -6.3965656e-07
   8.0800000e+02   1.3250530e+01   3.7365790e+00  -6.1081612e-01   0.0000000e+00  -6.3942778e-07
   8.0900000e+02   1.3236750e+01   3.7358480e+00  -6.1072144e-01   0.0000000e+00  -6.3919689e-07
   8.1000000e+02   1.3223000e+01   3.7351190e+00  -6.1062664e-01   0.0000000e+00  -6.3896410e-07
   8.1100000e+02   1.3209280e+01   3.7343910e+00  -6.1053193e-01   0.0000000e+00  -6.3872949e-07
   8.1200000e+02   1.3195590e+01   3.7336640e+00  -6.1043729e-01   0.0000000e+00  -6.3849296e-07
   8.1300000e+02   1.3181930e+01   3.7329390e+00  -6.1034260e-01   0.0000000e+00  -6.3825440e-07
   8.1400000e+02   1.3168300e+01   3.7322150e+00  -6.1024796e-01   0.0000000e+00  -6.3801414e-07
   8.1500000e+02   1.3154700e+01   3.7314930e+00  -6.1015327e-01   0.0000000e+00  -6.3777183e-07
   8.1600000e+02   1.3141130e+01   3.7307720e+00  -6.1005867e-01   0.0000000e+00  -6.3752772e-07
   8.1700000e+02   1.3127580e+01   3.7300520e+00  -6.0996403e-01   0.0000000e+00  -6.3728184e-07
   8.1800000e+02   1.3114070e+01   3.7293340e+00  -6.0986941e-01   0.0000000e+00  -6.3703406e-07
   8.1900000e+02   1.3100590e+01   3.7286170e+00  -6.0977489e-01   0.0000000e+00  -6.3678448e-07
   8.2000000e+02   1.3087130e+01   3.7279010e+00  -6.0968033e-01   0.0000000e+00  -6.3653336e-07
   8.2100000e+02   1.3073710e+01   3.7271870e+00  -6.0958581e-01   0.0000000e+00  -6.3628017e-07
   8.2200000e+02   1.3060310e+01   3.7264740e+00  -6.0949127e-01   0.0000000e+00  -6.3602542e-07
   8.2300000e+02   1.3046940e+01   3.7257620e+00  -6.0939681e-01   0.0000000e+00  -6.3576890e-07
   8.2400000e+02   1.3033600e+01   3.7250520e+00  -6.0930233e-01   0.0000000e+00  -6.3551054e-07
   8.2500000e+02   1.3020290e+01   3.7243430e+00  -6.0920788e-01   0.0000000e+00  -6.3525048e-07
   8.2600000e+02   1.3007010e+01   3.7236350e+00  -6.0911359e-01   0.0000000e+00  -6.3498881e-07
   8.2700000e+02   1.2993760e+01   3.7229290e+00  -6.0901917e-01   0.0000000e+00  -6.3472541e-07
   8.2800000e+02   1.2980530e+01   3.7222240e+00  -6.0892477e-01   0.0000000e+00  -6.3446028e-07
   8.2900000e+02   1.2967330e+01   3.7215200e+00  -6.0883044e-01   0.0000000e+00  -6.3419357e-07
   8.3000000e+02   1.2954160e+01   3.7208180e+00  -6.0873611e-01   0.0000000e+00  -6.3392514e-07
   8.3100000e+02   1.2941020e+01   3.7201170e+00  -6.0864186e-01   0.0000000e+00  -6.3365505e-07
   8.3200000e+02   1.2927910e+01   3.7194180e+00  -6.0854751e-01   0.0000000e+00  -6.3338339e-07
   8.3300000e+02   1.2914820e+01   3.7187190e+00  -6.0845334e-01   0.0000000e+00  -6.3311022e-07
   8.3400000e+02   1.2901770e+01   3.7180220e+00  -6.0835920e-01   0.0000000e+00  -6.3283532e-07
   8.3500000e+02   1.2888730e+01   3.7173270e+00  -6.0826483e-01   0.0000000e+00  -6.3255880e-07
   8.3600000e+02   1.2875730e+01   3.7166320e+00  -6.0817076e-01   0.0000000e+00  -6.3228084e-07
   8.3700000e+02   1.2862760e+01   3.7159390e+00  -6.0807670e-01   0.0000000e+00  -6.3200133e-07
   8.3800000e+02   1.2849810e+01   3.7152480e+00  -6.0798247e-01   0.0000000e+00  -6.3172000e-07
   8.3900000e+02   1.2836890e+01   3.7145570e+00  -6.0788848e-01   0.0000000e+00  -6.3143764e-07
   8.4000000e+02   1.2823990e+01   3.7138680e+00  -6.0779432e-01   0.0000000e+00  -6.3115341e-07
   8.4100000e+02   1.2811130e+01   3.7131800e+00  -6.0770042e-01   0.0000000e+00  -6.3086774e-07
   8.4200000e+02   1.2798290e+01   3.7124940e+00  -6.0760636e-01   0.0000000e+00  -6.3058059e-07
   8.4300000e+02   1.2785470e+01   3.7118090e+00  -6.0751230e-01   0.0000000e+00  -6.3029185e-07
   8.4400000e+02   1.2772690e+01   3.7111250e+00  -6.0741843e-01   0.0000000e+00  -6.3000172e-07
   8.4500000e+02   1.2759930e+01   3.7104420e+00  -6.0732459e-01   0.0000000e+00  -6.2971018e-07
   8.4600000e+02   1.2747190e+01   3.7097610e+00  -6.0723059e-01   0.0000000e+00  -6.2941725e-07
   8.4700000e+02   1.2734490e+01   3.7090810e+00  -6.0713682e-01   0.0000000e+00  -6.2912275e-07
   8.4800000e+02   1.2721810e+01   3.7084020e+00  -6.0704303e-01   0.0000000e+00  -6.2882684e-07
   8.4900000e+02   1.2709150e+01   3.7077250e+00  -6.0694915e-01   0.0000000e+00  -6.2852945e-07
   8.5000000e+02   1.2696530e+01   3.7070480e+00  -6.0685559e-01   0.0000000e+00  -6.2823097e-07
   8.5100000e+02   1.2683920e+01   3.7063740e+00  -6.0676166e-01   0.0000000e+00  -6.2793075e-07
   8.5200000e+02   1.2671350e+01   3.7057000e+00  -6.0666807e-01   0.0000000e+00  -6.2762934e-07
   8.5300000e+02   1.2658800e+01   3.7050280e+00  -6.0657437e-01   0.0000000e+00  -6.2732649e-07
   8.5400000e+02   1.2646280e+01   3.7043560e+00  -6.0648092e-01   0.0000000e+00  -6.2702242e-07
   8.5500000e+02   1.2633780e+01   3.7036870e+00  -6.0638720e-01   0.0000000e+00  -6.2671683e-07
   8.5600000e+02   1.2621310e+01   3.7030180e+00  -6.0629376e-01   0.0000000e+00  -6.2641003e-07
   8.5700000e+02   1.2608860e+01   3.7023510e+00  -6.0620018e-01   0.0000000e+00  -6.2610185e-07
   8.5800000e+02   1.2596440e+01   3.7016850e+00  -6.0610671e-01   0.0000000e+00  -6.2579253e-07
   8.5900000e+02   1.2584040e+01   3.7010200e+00  -6.0601323e-01   0.0000000e+00  -6.2548164e-07
   8.6000000e+02   1.2571670e+01   3.7003560e+00  -6.0591992e-01   0.0000000e+00  -6.2516974e-07
   8.6100000e+02   1.2559330e+01   3.6996940e+00  -6.0582656e-01   0.0000000e+00  -6.2485643e-07
   8.6200000e+02   1.2547010e+01   3.6990330e+00  -6.0573323e-01   0.0000000e+00  -6.2454181e-07
   8.6300000e+02   1.2534710e+01   3.6983730e+00  -6.0563993e-01   0.0000000e+00  -6.2422597e-07
   8.6400000e+02   1.2522440e+01   3.6977150e+00  -6.0554660e-01   0.0000000e+00  -6.2390892e-07
   8.6500000e+02   1.2510200e+01   3.6970570e+00  -6.0545352e-01   0.0000000e+00  -6.2359060e-07
   8.6600000e+02   1.2497980e+01   3.6964010e+00  -6.0536034e-01   0.0000000e+00  -6.2327118e-07
   8.6700000e+02   1.2485780e+01   3.6957460e+00  -6.0526716e-01   0.0000000e+00  -6.2295045e-07
   8.6800000e+02   1.2473610e+01   3.6950930e+00  -6.0517398e-01   0.0000000e+00  -6.2262836e-07
   8.6900000e+02   1.2461470e+01   3.6944400e+00  -6.0508107e-01   0.0000000e+00  -6.2230531e-07
   8.7000000e+02   1.2449350e+01   3.6937890e+00  -6.0498809e-01   0.0000000e+00  -6.2198104e-07
   8.7100000e+02   1.2437250e+01   3.6931390e+00  -6.0489507e-01   0.0000000e+00  -6.2165560e-07
   8.7200000e+02   1.2425180e+01   3.6924910e+00  -6.0480207e-01   0.0000000e+00  -6.2132873e-07
   8.7300000e+02   1.2413130e+01   3.6918430e+00  -6.0470925e-01   0.0000000e+00  -6.2100100e-07
   8.7400000e+02   1.2401110e+01   3.6911970e+00  -6.0461639e-01   0.0000000e+00  -6.2067209e-07
   8.7500000e+02   1.2389110e+01   3.6905520e+00  -6.0452358e-01   0.0000000e+00  -6.2034198e-07
   8.7600000e+02   1.2377130e+01   3.6899080e+00  -6.0443080e-01   0.0000000e+00  -6.2001080e-07
   8.7700000e+02   1.2365180e+01   3.6892650e+00  -6.0433816e-01   0.0000000e+00  -6.1967860e-07
   8.7800000e+02   1.2353250e+01   3.6886240e+00  -6.0424538e-01   0.0000000e+00  -6.1934515e-07
   8.7900000e+02   1.2341350e+01   3.6879840e+00  -6.0415279e-01   0.0000000e+00  -6.1901055e-07
   8.8000000e+02   1.2329470e+01   3.6873450e+00  -6.0406023e-01   0.0000000e+00  -6.1867497e-07
   8.8100000e+02   1.2317610e+01   3.6867070e+00  -6.0396764e-01   0.0000000e+00  -6.1833833e-07
   8.8200000e+02   1.2305780e+01   3.6860700e+00  -6.0387524e-01   0.0000000e+00  -6.1800057e-07
   8.8300000e+02   1.2293970e+01   3.6854350e+00  -6.0378270e-01   0.0000000e+00  -6.1766183e-07
   8.8400000e+02   1.2282180e+01   3.6848010e+00  -6.0369025e-01   0.0000000e+00  -6.1732204e-07
   8.8500000e+02   1.2270420e+01   3.6841680e+00  -6.0359791e-01   0.0000000e+00  -6.1698099e-07
   8.8600000e+02   1.2258680e+01   3.6835360e+00  -6.0350558e-01   0.0000000e+00  -6.1663914e-07
   8.8700000e+02   1.2246970e+01   3.6829050e+00  -6.0341345e-01   0.0000000e+00  -6.1629643e-07
   8.8800000e+02   1.2235270e+01   3.6822760e+00  -6.0332109e-01   0.0000000e+00  -6.1595240e-07
   8.8900000e+02   1.2223610e+01   3.6816470e+00  -6.0322913e-01   0.0000000e+00  -6.1560753e-07
   8.9000000e+02   1.2211960e+01   3.6810200e+00  -6.0313694e-01   0.0000000e+00  -6.1526155e-07
   8.9100000e+02   1.2200340e+01   3.6803940e+00  -6.0304490e-01   0.0000000e+00  -6.1491474e-07
   8.9200000e+02   1.2188730e+01   3.6797700e+00  -6.0295266e-01   0.0000000e+00  -6.1456659e-07
   8.9300000e+02   1.2177160e+01   3.6791460e+00  -6.0286085e-01   0.0000000e+00  -6.1421785e-07
   8.9400000e+02   1.2165600e+01   3.6785240e+00  -6.0276881e-01   0.0000000e+00  -6.1386792e-07
   8.9500000e+02   1.2154070e+01   3.6779020e+00  -6.0267702e-01   0.0000000e+00  -6.1351730e-07
   8.9600000e+02   1.2142560e+01   3.6772820e+00  -6.0258519e-01   0.0000000e+00  -6.1316551e-07
   8.9700000e+02   1.2131070e+01   3.6766630e+00  -6.0249338e-01   0.0000000e+00  -6.1281291e-07
   8.9800000e+02   1.2119610e+01   3.6760460e+00  -6.0240163e-01   0.0000000e+00  -6.1245921e-07
   8.9900000e+02   1.2108160e+01   3.6754290e+00  -6.0230991e-01   0.0000000e+00  -6.1210485e-07
   9.0000000e+02   1.2096740e+01   3.6748130e+00  -6.0221836e-01   0.0000000e+00  -6.1174964e-07
   9.0100000e+02   1.2085350e+01   3.6741990e+00  -6.0212684e-01   0.0000000e+00  -6.1139319e-07
   9.0200000e+02   1.2073970e+01   3.6735860e+00  -6.0203523e-01   0.0000000e+00  -6.1103609e-07
   9.0300000e+02   1.2062620e+01   3.6729740e+00  -6.0194384e-01   0.0000000e+00  -6.1067792e-07
   9.0400000e+02   1.2051280e+01   3.6723630e+00  -6.0185232e-01   0.0000000e+00  -6.1031896e-07
   9.0500000e+02   1.2039970e+01   3.6717530e+00  -6.0176098e-01   0.0000000e+00  -6.0995929e-07
   9.0600000e+02   1.2028690e+01   3.6711450e+00  -6.0166968e-01   0.0000000e+00  -6.0959844e-07
   9.0700000e+02   1.2017420e+01   3.6705370e+00  -6.0157847e-01   0.0000000e+00  -6.0923715e-07
   9.0800000e+02   1.2006170e+01   3.6699310e+00  -6.0148713e-01   0.0000000e+00  -6.0887464e-07
   9.0900000e+02   1.1994950e+01   3.6693260e+00  -6.0139598e-01   0.0000000e+00  -6.0851141e-07
   9.1000000e+02   1.1983750e+01   3.6687220e+00  -6.0130488e-01   0.0000000e+00  -6.0814744e-07
   9.1100000e+02   1.1972570e+01   3.6681190e+00  -6.0121388e-01   0.0000000e+00  -6.0778234e-07
   9.1200000e+02   1.1961410e+01   3.6675170e+00  -6.0112288e-01   0.0000000e+00  -6.0741687e-07
   9.1300000e+02   1.1950280e+01   3.6669160e+00  -6.0103207e-01   0.0000000e+00  -6.0705039e-07
   9.1400000e+02   1.1939160e+01   3.6663170e+00  -6.0094106e-01   0.0000000e+00  -6.0668298e-07
   9.1500000e+02   1.1928070e+01   3.6657180e+00  -6.0085036e-01   0.0000000e+00  -6.0631497e-07
   9.1600000e+02   1.1916990e+01   3.6651210e+00  -6.0075947e-01   0.0000000e+00  -6.0594608e-07
   9.1700000e+02   1.1905940e+01   3.6645240e+00  -6.0066887e-01   0.0000000e+00  -6.0557657e-07
   9.1800000e+02   1.1894910e+01   3.6639290e+00  -6.0057824e-01   0.0000000e+00  -6.0520611e-07
   9.1900000e+02   1.1883900e+01   3.6633350e+00  -6.0048761e-01   0.0000000e+00  -6.0483496e-07
   9.2000000e+02   1.1872910e+01   3.6627420e+00  -6.0039709e-01   0.0000000e+00  -6.0446293e-07
   9.2100000e+02   1.1861950e+01   3.6621510e+00  -6.0030658e-01   0.0000000e+00  -6.0409013e-07
   9.2200000e+02   1.1851000e+01   3.6615600e+00  -6.0021618e-01   0.0000000e+00  -6.0371684e-07
   9.2300000e+02   1.1840070e+01   3.6609700e+00  -6.0012584e-01   0.0000000e+00  -6.0334270e-07
   9.2400000e+02   1.1829170e+01   3.6603820e+00  -6.0003553e-01   0.0000000e+00  -6.0296769e-07
   9.2500000e+02   1.1818280e+01   3.6597940e+00  -5.9994528e-01   0.0000000e+00  -6.0259221e-07
   9.2600000e+02   1.1807420e+01   3.6592080e+00  -5.9985512e-01   0.0000000e+00  -6.0221581e-07
   9.2700000e+02   1.1796570e+01   3.6586230e+00  -5.9976489e-01   0.0000000e+00  -6.0183872e-07
   9.2800000e+02   1.1785750e+01   3.6580390e+00  -5.9967485e-01   0.0000000e+00  -6.0146092e-07
   9.2900000e+02   1.1774950e+01   3.6574550e+00  -5.9958498e-01   0.0000000e+00  -6.0108262e-07
   9.3000000e+02   1.1764170e+01   3.6568730e+00  -5.9949508e-01   0.0000000e+00  -6.0070357e-07
   9.3100000e+02   1.1753400e+01   3.6562930e+00  -5.9940501e-01   0.0000000e+00  -6.0032351e-07
   9.3200000e+02   1.1742660e+01   3.6557130e+00  -5.9931522e-01   0.0000000e+00  -5.9994309e-07
   9.3300000e+02   1.1731940e+01   3.6551340e+00  -5.9922552e-01   0.0000000e+00  -5.9956206e-07
   9.3400000e+02   1.1721240e+01   3.6545560e+00  -5.9913590e-01   0.0000000e+00  -5.9918009e-07
   9.3500000e+02   1.1710560e+01   3.6539800e+00  -5.9904619e-01   0.0000000e+00  -5.9879771e-07
   9.3600000e+02   1.1699900e+01   3.6534040e+00  -5.9895670e-01   0.0000000e+00  -5.9841469e-07
   9.3700000e+02   1.1689250e+01   3.6528300e+00  -5.9886705e-01   0.0000000e+00  -5.9803068e-07
   9.3800000e+02   1.1678630e+01   3.6522560e+00  -5.9877768e-01   0.0000000e+00  -5.9764636e-07
   9.3900000e+02   1.1668030e+01   3.6516840e+00  -5.9868829e-01   0.0000000e+00  -5.9726130e-07
   9.4000000e+02   1.1657450e+01   3.6511120e+00  -5.9859909e-01   0.0000000e+00  -5.9687579e-07
   9.4100000e+02   1.1646880e+01   3.6505420e+00  -5.9850972e-01   0.0000000e+00  -5.9648946e-07
   9.4200000e+02   1.1636340e+01   3.6499730e+00  -5.9842053e-01   0.0000000e+00  -5.9610259e-07
   9.4300000e+02   1.1625820e+01   3.6494050e+00  -5.9833142e-01   0.0000000e+00  -5.9571514e-07
   9.4400000e+02   1.1615310e+01   3.6488380e+00  -5.9824230e-01   0.0000000e+00  -5.9532682e-07
   9.4500000e+02   1.1604830e+01   3.6482720e+00  -5.9815335e-01   0.0000000e+00  -5.9493808e-07
   9.4600000e+02   1.1594360e+01   3.6477070e+00  -5.9806435e-01   0.0000000e+00  -5.9454890e-07
   9.4700000e+02   1.1583920e+01   3.6471430e+00  -5.9797555e-01   0.0000000e+00  -5.9415915e-07
   9.4800000e+02   1.1573490e+01   3.6465800e+00  -5.9788673e-01   0.0000000e+00  -5.9376868e-07
   9.4900000e+02   1.1563080e+01   3.6460180e+00  -5.9779798e-01   0.0000000e+00  -5.9337774e-07
   9.5000000e+02   1.1552700e+01   3.6454570e+00  -5.9770942e-01   0.0000000e+00  -5.9298609e-07
   9.5100000e+02   1.1542330e+01   3.6448970e+00  -5.9762084e-01   0.0000000e+00  -5.9259399e-07
   9.5200000e+02   1.1531980e+01   3.6443390e+00  -5.9753221e-01   0.0000000e+00  -5.9220116e-07
   9.5300000e+02   1.1521650e+01   3.6437810e+00  -5.9744377e-01   0.0000000e+00  -5.9180799e-07
   9.5400000e+02   1.1511330e+01   3.6432240e+00  -5.9735531e-01   0.0000000e+00  -5.9141432e-07
   9.5500000e+02   1.1501040e+01   3.6426680e+00  -5.9726705e-01   0.0000000e+00  -5.9101994e-07
   9.5600000e+02   1.1490770e+01   3.6421140e+00  -5.9717877e-01   0.0000000e+00  -5.9062504e-07
   9.5700000e+02   1.1480510e+01   3.6415600e+00  -5.9709055e-01   0.0000000e+00  -5.9022973e-07
   9.5800000e+02   1.1470270e+01   3.6410070e+00  -5.9700243e-01   0.0000000e+00  -5.8983390e-07
   9.5900000e+02   1.1460060e+01   3.6404560e+00  -5.9691439e-01   0.0000000e+00  -5.8943723e-07
   9.6000000e+02   1.1449860e+01   3.6399050e+00  -5.9682644e-01   0.0000000e+00  -5.8904057e-07
   9.6100000e+02   1.1439680e+01   3.6393550e+00  -5.9673856e-01   0.0000000e+00  -5.8864324e-07
   9.6200000e+02   1.1429510e+01   3.6388070e+00  -5.9665054e-01   0.0000000e+00  -5.8824516e-07
   9.6300000e+02   1.1419370e+01   3.6382590e+00  -5.9656287e-01   0.0000000e+00  -5.8784687e-07
   9.6400000e+02   1.1409240e+01   3.6377130e+00  -5.9647504e-01   0.0000000e+00  -5.8744768e-07
   9.6500000e+02   1.1399140e+01   3.6371670e+00  -5.9638753e-01   0.0000000e+00  -5.8704844e-07
   9.6600000e+02   1.1389050e+01   3.6366230e+00  -5.9629987e-01   0.0000000e+00  -5.8664867e-07
   9.6700000e+02   1.1378980e+01   3.6360790e+00  -5.9621243e-01   0.0000000e+00  -5.8624838e-07
   9.6800000e+02   1.1368920e+01   3.6355360e+00  -5.9612496e-01   0.0000000e+00  -5.8584764e-07
   9.6900000e+02   1.1358890e+01   3.6349950e+00  -5.9603754e-01   0.0000000e+00  -5.8544628e-07
   9.7000000e+02   1.1348870e+01   3.6344540e+00  -5.9595028e-01   0.0000000e+00  -5.8504455e-07
   9.7100000e+02   1.1338870e+01   3.6339150e+00  -5.9586297e-01   0.0000000e+00  -5.8464224e-07
   9.7200000e+02   1.1328890e+01   3.6333760e+00  -5.9577586e-01   0.0000000e+00  -5.8423978e-07
   9.7300000e+02   1.1318930e+01   3.6328380e+00  -5.9568886e-01   0.0000000e+00  -5.8383680e-07
   9.7400000e+02   1.1308990e+01   3.6323020e+00  -5.9560183e-01   0.0000000e+00  -5.8343305e-07
   9.7500000e+02   1.1299060e+01   3.6317660e+00  -5.9551491e-01   0.0000000e+00  -5.8302916e-07
   9.7600000e+02   1.1289150e+01   3.6312310e+00  -5.9542806e-01   0.0000000e+00  -5.8262496e-07
   9.7700000e+02   1.1279260e+01   3.6306970e+00  -5.9534132e-01   0.0000000e+00  -5.8222027e-07
   9.7800000e+02   1.1269390e+01   3.6301650e+00  -5.9525456e-01   0.0000000e+00  -5.8181486e-07
   9.7900000e+02   1.1259530e+01   3.6296330e+00  -5.9516789e-01   0.0000000e+00  -5.8140932e-07
   9.8000000e+02   1.1249690e+01   3.6291020e+00  -5.9508133e-01   0.0000000e+00  -5.8100331e-07
   9.8100000e+02   1.1239870e+01   3.6285720e+00  -5.9499485e-01   0.0000000e+00  -5.8059693e-07
   9.8200000e+02   1.1230070e+01   3.6280430e+00  -5.9490849e-01   0.0000000e+00  -5.8019015e-07
   9.8300000e+02   1.1220280e+01   3.6275150e+00  -5.9482211e-01   0.0000000e+00  -5.7978285e-07
   9.8400000e+02   1.1210520e+01   3.6269890e+00  -5.9473580e-01   0.0000000e+00  -5.7937514e-07
   9.8500000e+02   1.1200760e+01   3.6264630e+00  -5.9464951e-01   0.0000000e+00  -5.7896711e-07
   9.8600000e+02   1.1191030e+01   3.6259380e+00  -5.9456342e-01   0.0000000e+00  -5.7855892e-07
   9.8700000e+02   1.1181310e+01   3.6254130e+00  -5.9447744e-01   0.0000000e+00  -5.7815018e-07
   9.8800000e+02   1.1171610e+01   3.6248900e+00  -5.9439145e-01   0.0000000e+00  -5.7774111e-07
   9.8900000e+02   1.1161930e+01   3.6243680e+00  -5.9430556e-01   0.0000000e+00  -5.7733139e-07
   9.9000000e+02   1.1152270e+01   3.6238470e+00  -5.9421979e-01   0.0000000e+00  -5.7692171e-07
   9.9100000e+02   1.1142620e+01   3.6233270e+00  -5.9413396e-01   0.0000000e+00  -5.7651140e-07
   9.9200000e+02   1.1132990e+01   3.6228070e+00  -5.9404841e-01   0.0000000e+00  -5.7610085e-07
   9.9300000e+02   1.1123370e+01   3.6222890e+00  -5.9396268e-01   0.0000000e+00  -5.7568994e-07
   9.9400000e+02   1.1113780e+01   3.6217710e+00  -5.9387731e-01   0.0000000e+00  -5.7527884e-07
   9.9500000e+02   1.1104200e+01   3.6212550e+00  -5.9379179e-01   0.0000000e+00  -5.7486713e-07
   9.9600000e+02   1.1094630e+01   3.6207390e+00  -5.9370641e-01   0.0000000e+00  -5.7445524e-07
   9.9700000e+02   1.1085090e+01   3.6202250e+00  -5.9362111e-01   0.0000000e+00  -5.7404284e-07
   9.9800000e+02   1.1075560e+01   3.6197110e+00  -5.9353595e-01   0.0000000e+00  -5.7363020e-07
   9.9900000e+02   1.1066040e+01   3.6191980e+00  -5.9345075e-01   0.0000000e+00  -5.7321731e-07
   1.0000000e+03   1.1056550e+01   3.6186860e+00  -5.9336580e-01   0.0000000e+00  -5.7280415e-07
   1.0010000e+03   1.1047060e+01   3.6181750e+00  -5.9328072e-01   0.0000000e+00  -5.7239062e-07
   1.0020000e+03   1.1037600e+01   3.6176650e+00  -5.9319585e-01   0.0000000e+00  -5.7197678e-07
   1.0030000e+03   1.1028150e+01   3.6171560e+00  -5.9311098e-01   0.0000000e+00  -5.7156248e-07
   1.0040000e+03   1.1018720e+01   3.6166480e+00  -5.9302620e-01   0.0000000e+00  -5.7114805e-07
   1.0050000e+03   1.1009310e+01   3.6161410e+00  -5.9294156e-01   0.0000000e+00  -5.7073319e-07
   1.0060000e+03   1.0999910e+01   3.6156350e+00  -5.9285691e-01   0.0000000e+00  -5.7031822e-07
   1.0070000e+03   1.0990530e+01   3.6151290e+00  -5.9277251e-01   0.0000000e+00  -5.6990279e-07
   1.0080000e+03   1.0981160e+01   3.6146250e+00  -5.9268793e-01   0.0000000e+00  -5.6948716e-07
   1.0090000e+03   1.0971810e+01   3.6141210e+00  -5.9260363e-01   0.0000000e+00  -5.6907126e-07
   1.0100000e+03   1.0962480e+01   3.6136180e+00  -5.9251942e-01   0.0000000e+00  -5.6865495e-07
   1.0110000e+03   1.0953160e+01   3.6131170e+00  -5.9243510e-01   0.0000000e+00  -5.6823836e-07
   1.0120000e+03   1.0943860e+01   3.6126160e+00  -5.9235102e-01   0.0000000e+00  -5.6782164e-07
   1.0130000e+03   1.0934580e+01   3.6121160e+00  -5.9226702e-01   0.0000000e+00  -5.6740462e-07
   1.0140000e+03   1.0925310e+01   3.6116170e+00  -5.9218305e-01   0.0000000e+00  -5.6698719e-07
   1.0150000e+03   1.0916060e+01   3.6111180e+00  -5.9209932e-01   0.0000000e+00  -5.6656981e-07
   1.0160000e+03   1.0906820e+01   3.6106210e+00  -5.9201542e-01   0.0000000e+00  -5.6615196e-07
   1.0170000e+03   1.0897600e+01   3.6101250e+00  -5.9193168e-01   0.0000000e+00  -5.6573370e-07
   1.0180000e+03   1.0888390e+01   3.6096290e+00  -5.9184806e-01   0.0000000e+00  -5.6531547e-07
   1.0190000e+03   1.0879200e+01   3.6091350e+00  -5.9176441e-01   0.0000000e+00  -5.6489697e-07
   1.0200000e+03   1.0870030e+01   3.6086410e+00  -5.9168102e-01   0.0000000e+00  -5.6447808e-07
   1.0210000e+03   1.0860870e+01   3.6081480e+00  -5.9159762e-01   0.0000000e+00  -5.6405896e-07
   1.0220000e+03   1.0851730e+01   3.6076560e+00  -5.9151433e-01   0.0000000e+00  -5.6363983e-07
   1.0230000e+03   1.0842600e+01   3.6071650e+00  -5.9143106e-01   0.0000000e+00  -5.6322021e-07
   1.0240000e+03   1.0833490e+01   3.6066750e+00  -5.9134791e-01   0.0000000e+00  -5.6280041e-07
   1.0250000e+03   1.0824400e+01   3.6061860e+00  -5.9126485e-01   0.0000000e+00  -5.6238042e-07
   1.0260000e+03   1.0815320e+01   3.6056970e+00  -5.9118195e-01   0.0000000e+00  -5.6196029e-07
   1.0270000e+03   1.0806250e+01   3.6052100e+00  -5.9109892e-01   0.0000000e+00  -5.6153970e-07
   1.0280000e+03   1.0797200e+01   3.6047230e+00  -5.9101611e-01   0.0000000e+00  -5.6111915e-07
   1.0290000e+03   1.0788170e+01   3.6042370e+00  -5.9093345e-01   0.0000000e+00  -5.6069825e-07
   1.0300000e+03   1.0779150e+01   3.6037520e+00  -5.9085078e-01   0.0000000e+00  -5.6027721e-07
   1.0310000e+03   1.0770150e+01   3.6032680e+00  -5.9076822e-01   0.0000000e+00  -5.5985582e-07
   1.0320000e+03   1.0761160e+01   3.6027850e+00  -5.9068567e-01   0.0000000e+00  -5.5943441e-07
   1.0330000e+03   1.0752190e+01   3.6023030e+00  -5.9060325e-01   0.0000000e+00  -5.5901274e-07
   1.0340000e+03   1.0743230e+01   3.6018210e+00  -5.9052095e-01   0.0000000e+00  -5.5859105e-07
   1.0350000e+03   1.0734290e+01   3.6013400e+00  -5.9043879e-01   0.0000000e+00  -5.5816894e-07
   1.0360000e+03   1.0725360e+01   3.6008610e+00  -5.9035651e-01   0.0000000e+00  -5.5774656e-07
   1.0370000e+03   1.0716450e+01   3.6003820e+00  -5.9027445e-01   0.0000000e+00  -5.5732426e-07
   1.0380000e+03   1.0707550e+01   3.5999040e+00  -5.9019242e-01   0.0000000e+00  -5.5690164e-07
   1.0390000e+03   1.0698670e+01   3.5994260e+00  -5.9011063e-01   0.0000000e+00  -5.5647888e-07
   1.0400000e+03   1.0689800e+01   3.5989500e+00  -5.9002871e-01   0.0000000e+00  -5.5605591e-07
   1.0410000e+03   1.0680950e+01   3.5984750e+00  -5.8994696e-01   0.0000000e+00  -5.5563267e-07
   1.0420000e+03   1.0672110e+01   3.5980000e+00  -5.8986531e-01   0.0000000e+00  -5.5520944e-07
   1.0430000e+03   1.0663290e+01   3.5975260e+00  -5.8978378e-01   0.0000000e+00  -5.5478602e-07
   1.0440000e+03   1.0654480e+01   3.5970530e+00  -5.8970226e-01   0.0000000e+00  -5.5436232e-07
   1.0450000e+03   1.0645680e+01   3.5965810e+00  -5.8962076e-01   0.0000000e+00  -5.5393853e-07
   1.0460000e+03   1.0636910e+01   3.5961100e+00  -5.8953951e-01   0.0000000e+00  -5.5351459e-07
   1.0470000e+03   1.0628140e+01   3.5956390e+00  -5.8945828e-01   0.0000000e+00  -5.5309049e-07
   1.0480000e+03   1.0619390e+01   3.5951690e+00  -5.8937716e-01   0.0000000e+00  -5.5266615e-07
   1.0490000e+03   1.0610660e+01   3.5947010e+00  -5.8929606e-01   0.0000000e+00  -5.5224166e-07
   1.0500000e+03   1.0601940e+01   3.5942330e+00  -5.8921507e-01   0.0000000e+00  -5.5181723e-07
   1.0510000e+03   1.0593230e+01   3.5937660e+00  -5.8913411e-01   0.0000000e+00  -5.5139243e-07
   1.0520000e+03   1.0584540e+01   3.5932990e+00  -5.8905339e-01   0.0000000e+00  -5.5096778e-07
   1.0530000e+03   1.0575860e+01   3.5928340e+00  -5.8897257e-01   0.0000000e+00  -5.5054275e-07
   1.0540000e+03   1.0567200e+01   3.5923690e+00  -5.8889200e-01   0.0000000e+00  -5.5011765e-07
   1.0550000e+03   1.0558550e+01   3.5919050e+00  -5.8881144e-01   0.0000000e+00  -5.4969240e-07
   1.0560000e+03   1.0549920e+01   3.5914420e+00  -5.8873099e-01   0.0000000e+00  -5.4926721e-07
   1.0570000e+03   1.0541300e+01   3.5909800e+00  -5.8865058e-01   0.0000000e+00  -5.4884163e-07
   1.0580000e+03   1.0532690e+01   3.5905190e+00  -5.8857020e-01   0.0000000e+00  -5.4841593e-07
   1.0590000e+03   1.0524100e+01   3.5900580e+00  -5.8849003e-01   0.0000000e+00  -5.4799038e-07
   1.0600000e+03   1.0515520e+01   3.5895980e+00  -5.8840989e-01   0.0000000e+00  -5.4756441e-07
   1.0610000e+03   1.0506960e+01   3.5891390e+00  -5.8832990e-01   0.0000000e+00  -5.4713855e-07
   1.0620000e+03   1.0498410e+01   3.5886810e+00  -5.8824989e-01   0.0000000e+00  -5.4671256e-07
   1.0630000e+03   1.0489880e+01   3.5882240e+00  -5.8817005e-01   0.0000000e+00  -5.4628626e-07
   1.0640000e+03   1.0481360e+01   3.5877670e+00  -5.8809034e-01   0.0000000e+00  -5.4586010e-07
   1.0650000e+03   1.0472850e+01   3.5873120e+00  -5.8801051e-01   0.0000000e+00  -5.4543355e-07
   1.0660000e+03   1.0464360e+01   3.5868570e+00  -5.8793091e-01   0.0000000e+00  -5.4500725e-07
   1.0670000e+03   1.0455880e+01   3.5864020e+00  -5.8785152e-01   0.0000000e+00  -5.4458072e-07
   1.0680000e+03   1.0447410e+01   3.5859490e+00  -5.8777197e-01   0.0000000e+00  -5.4415393e-07
   1.0690000e+03   1.0438960e+01   3.5854970e+00  -5.8769257e-01   0.0000000e+00  -5.4372715e-07
   1.0700000e+03   1.0430530e+01   3.5850450e+00  -5.8761342e-01   0.0000000e+00  -5.4330022e-07
   1.0710000e+03   1.0422100e+01   3.5845940e+00  -5.8753418e-01   0.0000000e+00  -5.4287339e-07
   1.0720000e+03   1.0413690e+01   3.5841440e+00  -5.8745506e-01   0.0000000e+00  -5.4244657e-07
   1.0730000e+03   1.0405300e+01   3.5836940e+00  -5.8737621e-01   0.0000000e+00  -5.4201948e-07
   1.0740000e+03   1.0396910e+01   3.5832460e+00  -5.8729713e-01   0.0000000e+00  -5.4159216e-07
   1.0750000e+03   1.0388550e+01   3.5827980e+00  -5.8721845e-01   0.0000000e+00  -5.4116481e-07
   1.0760000e+03   1.0380190e+01   3.5823510e+00  -5.8713965e-01   0.0000000e+00  -5.4073764e-07
   1.0770000e+03   1.0371850e+01   3.5819050e+00  -5.8706100e-01   0.0000000e+00  -5.4031013e-07
   1.0780000e+03   1.0363520e+01   3.5814590e+00  -5.8698247e-01   0.0000000e+00  -5.3988274e-07
   1.0790000e+03   1.0355210e+01   3.5810150e+00  -5.8690398e-01   0.0000000e+00  -5.3945524e-07
   1.0800000e+03   1.0346900e+01   3.5805710e+00  -5.8682551e-01   0.0000000e+00  -5.3902761e-07
   1.0810000e+03   1.0338620e+01   3.5801280e+00  -5.8674727e-01   0.0000000e+00  -5.3859997e-07
   1.0820000e+03   1.0330340e+01   3.5796850e+00  -5.8666909e-01   0.0000000e+00  -5.3817219e-07
   1.0830000e+03   1.0322080e+01   3.5792440e+00  -5.8659091e-01   0.0000000e+00  -5.3774441e-07
   1.0840000e+03   1.0313830e+01   3.5788030e+00  -5.8651288e-01   0.0000000e+00  -5.3731663e-07
   1.0850000e+03   1.0305600e+01   3.5783630e+00  -5.8643498e-01   0.0000000e+00  -5.3688873e-07
   1.0860000e+03   1.0297380e+01   3.5779240e+00  -5.8635710e-01   0.0000000e+00  -5.3646077e-07
   1.0870000e+03   1.0289170e+01   3.5774850e+00  -5.8627937e-01   0.0000000e+00  -5.3603289e-07
   1.0880000e+03   1.0280980e+01   3.5770480e+00  -5.8620167e-01   0.0000000e+00  -5.3560475e-07
   1.0890000e+03   1.0272790e+01   3.5766110e+00  -5.8612397e-01   0.0000000e+00  -5.3517666e-07
   1.0900000e+03   1.0264630e+01   3.5761740e+00  -5.8604666e-01   0.0000000e+00  -5.3474886e-07
   1.0910000e+03   1.0256470e+01   3.5757390e+00  -5.8596914e-01   0.0000000e+00  -5.3432059e-07
   1.0920000e+03   1.0248330e+01   3.5753040e+00  -5.8589187e-01   0.0000000e+00  -5.3389256e-07
   1.0930000e+03   1.0240200e+01   3.5748700e+00  -5.8581464e-01   0.0000000e+00  -5.3346439e-07
   1.0940000e+03   1.0232080e+01   3.5744370e+00  -5.8573742e-01   0.0000000e+00  -5.3303603e-07
   1.0950000e+03   1.0223980e+01   3.5740050e+00  -5.8566034e-01   0.0000000e+00  -5.3260780e-07
   1.0960000e+03   1.0215890e+01   3.5735730e+00  -5.8558343e-01   0.0000000e+00  -5.3217953e-07
   1.0970000e+03   1.0207810e+01   3.5731420e+00  -5.8550651e-01   0.0000000e+00  -5.3175126e-07
   1.0980000e+03   1.0199750e+01   3.5727120e+00  -5.8542976e-01   0.0000000e+00  -5.3132291e-07
   1.0990000e+03   1.0191700e+01   3.5722830e+00  -5.8535304e-01   0.0000000e+00  -5.3089437e-07
   1.1000000e+03   1.0183660e+01   3.5718540e+00  -5.8527646e-01   0.0000000e+00  -5.3046596e-07
   1.1010000e+03   1.0175630e+01   3.5714260e+00  -5.8519987e-01   0.0000000e+00  -5.3003773e-07
   1.1020000e+03   1.0167620e+01   3.5709990e+00  -5.8512346e-01   0.0000000e+00  -5.2960934e-07
   1.1030000e+03   1.0159620e+01   3.5705720e+00  -5.8504722e-01   0.0000000e+00  -5.2918093e-07
   1.1040000e+03   1.0151630e+01   3.5701470e+00  -5.8497083e-01   0.0000000e+00  -5.2875244e-07
   1.1050000e+03   1.0143650e+01   3.5697220e+00  -5.8489462e-01   0.0000000e+00  -5.2832405e-07
   1.1060000e+03   1.0135690e+01   3.5692970e+00  -5.8481866e-01   0.0000000e+00  -5.2789578e-07
   1.1070000e+03   1.0127740e+01   3.5688740e+00  -5.8474263e-01   0.0000000e+00  -5.2746720e-07
   1.1080000e+03   1.0119800e+01   3.5684510e+00  -5.8466671e-01   0.0000000e+00  -5.2703882e-07
   1.1090000e+03   1.0111880e+01   3.5680290e+00  -5.8459097e-01   0.0000000e+00  -5.2661037e-07
   1.1100000e+03   1.0103960e+01   3.5676080e+00  -5.8451513e-01   0.0000000e+00  -5.2618176e-07
   1.1110000e+03   1.0096060e+01   3.5671870e+00  -5.8443956e-01   0.0000000e+00  -5.2575353e-07
   1.1120000e+03   1.0088180e+01   3.5667670e+00  -5.8436411e-01   0.0000000e+00  -5.2532517e-07
   1.1130000e+03   1.0080300e+01   3.5663480e+00  -5.8428860e-01   0.0000000e+00  -5.2489674e-07
   1.1140000e+03   1.0072440e+01   3.5659300e+00  -5.8421323e-01   0.0000000e+00  -5.2446819e-07
   1.1150000e+03   1.0064590e+01   3.5655120e+00  -5.8413801e-01   0.0000000e+00  -5.2403992e-07
   1.1160000e+03   1.0056750e+01   3.5650950e+00  -5.8406282e-01   0.0000000e+00  -5.2361152e-07
   1.1170000e+03   1.0048920e+01   3.5646790e+00  -5.8398766e-01   0.0000000e+00  -5.2318315e-07
   1.1180000e+03   1.0041110e+01   3.5642630e+00  -5.8391276e-01   0.0000000e+00  -5.2275484e-07
   1.1190000e+03   1.0033310e+01   3.5638480e+00  -5.8383789e-01   0.0000000e+00  -5.2232654e-07
   1.1200000e+03   1.0025520e+01   3.5634340e+00  -5.8376305e-01   0.0000000e+00  -5.2189826e-07
   1.1210000e+03   1.0017740e+01   3.5630210e+00  -5.8368824e-01   0.0000000e+00  -5.2146993e-07
   1.1220000e+03   1.0009980e+01   3.5626080e+00  -5.8361372e-01   0.0000000e+00  -5.2104184e-07
   1.1230000e+03   1.0002220e+01   3.5621960e+00  -5.8353908e-01   0.0000000e+00  -5.2061365e-07
