   3.2000000e+01   2.4569980e+02   5.0130180e+00   3.2780404e-02  -3.2171367e-05  -2.8390150e-03
   3.3000000e+01   2.3933150e+02   4.9927850e+00   3.3335083e-02  -3.2899507e-05  -2.8975707e-03
   3.4000000e+01   2.3328700e+02   4.9736800e+00   3.3873358e-02  -3.3658793e-05  -2.9551670e-03
   3.5000000e+01   2.2754200e+02   4.9556160e+00   3.4396122e-02  -3.4449228e-05  -3.0118745e-03
   3.6000000e+01   2.2207440e+02   4.9385120e+00   3.4904214e-02  -3.5270752e-05  -3.0677597e-03
   3.7000000e+01   2.1686440e+02   4.9222980e+00   3.5398378e-02  -3.6123377e-05  -3.1228800e-03
   3.8000000e+01   2.1189420e+02   4.9069060e+00   3.5879334e-02  -3.7007171e-05  -3.1772918e-03
   3.9000000e+01   2.0714720e+02   4.8922790e+00   3.6347696e-02  -3.7922098e-05  -3.2310437e-03
   4.0000000e+01   2.0260890e+02   4.8783620e+00   3.6804055e-02  -3.8868335e-05  -3.2841821e-03
   4.1000000e+01   1.9826550e+02   4.8651050e+00   3.7248955e-02  -3.9845847e-05  -3.3367502e-03
   4.2000000e+01   1.9410480e+02   4.8524630e+00   3.7682897e-02  -4.0854822e-05  -3.3887872e-03
   4.3000000e+01   1.9011550e+02   4.8403950e+00   3.8106327e-02  -4.1895381e-05  -3.4403282e-03
   4.4000000e+01   1.8628700e+02   4.8288630e+00   3.8519676e-02  -4.2967592e-05  -3.4914073e-03
   4.5000000e+01   1.8260990e+02   4.8178320e+00   3.8923338e-02  -4.4071663e-05  -3.5420556e-03
   4.6000000e+01   1.7907540e+02   4.8072710e+00   3.9317663e-02  -4.5207803e-05  -3.5923010e-03
   4.7000000e+01   1.7567520e+02   4.7971500e+00   3.9702992e-02  -4.6376080e-05  -3.6421709e-03
   4.8000000e+01   1.7240200e+02   4.7874420e+00   4.0079648e-02  -4.7576838e-05  -3.6916891e-03
   4.9000000e+01   1.6924860e+02   4.7781220e+00   4.0447916e-02  -4.8810153e-05  -3.7408804e-03
   5.0000000e+01   1.6620860e+02   4.7691660e+00   4.0808079e-02  -5.0076272e-05  -3.7897661e-03
   5.1000000e+01   1.6327610e+02   4.7605550e+00   4.1160371e-02  -5.1375504e-05  -3.8383642e-03
   5.2000000e+01   1.6044540e+02   4.7522680e+00   4.1505038e-02  -5.2708052e-05  -3.8866958e-03
   5.3000000e+01   1.5771130e+02   4.7442860e+00   4.1842311e-02  -5.4074142e-05  -3.9347797e-03
   5.4000000e+01   1.5506900e+02   4.7365930e+00   4.2172402e-02  -5.5474084e-05  -3.9826301e-03
   5.5000000e+01   1.5251390e+02   4.7291730e+00   4.2495490e-02  -5.6908147e-05  -4.0302650e-03
   5.6000000e+01   1.5004170e+02   4.7220110e+00   4.2811785e-02  -5.8376530e-05  -4.0776988e-03
   5.7000000e+01   1.4764860e+02   4.7150940e+00   4.3121439e-02  -5.9879693e-05  -4.1249460e-03
   5.8000000e+01   1.4533070e+02   4.7084090e+00   4.3424637e-02  -6.1417771e-05  -4.1720189e-03
   5.9000000e+01   1.4308470e+02   4.7019440e+00   4.3721527e-02  -6.2991261e-05  -4.2189318e-03
   6.0000000e+01   1.4090710e+02   4.6956880e+00   4.4012253e-02  -6.4600300e-05  -4.2656965e-03
   6.1000000e+01   1.3879500e+02   4.6896300e+00   4.4296986e-02  -6.6245330e-05  -4.3123246e-03
   6.2000000e+01   1.3674540e+02   4.6837620e+00   4.4575818e-02  -6.7926658e-05  -4.3588265e-03
   6.3000000e+01   1.3475560e+02   4.6780720e+00   4.4848912e-02  -6.9644622e-05  -4.4052156e-03
   6.4000000e+01   1.3282300e+02   4.6725550e+00   4.5116361e-02  -7.1399575e-05  -4.4514985e-03
   6.5000000e+01   1.3094530e+02   4.6672000e+00   4.5378310e-02  -7.3191984e-05  -4.4976880e-03
   6.6000000e+01   1.2912000e+02   4.6620010e+00   4.5634850e-02  -7.5022036e-05  -4.5437915e-03
   6.7000000e+01   1.2734510e+02   4.6569500e+00   4.5886100e-02  -7.6890263e-05  -4.5898214e-03
   6.8000000e+01   1.2561840e+02   4.6520420e+00   4.6132151e-02  -7.8796870e-05  -4.6357810e-03
   6.9000000e+01   1.2393810e+02   4.6472690e+00   4.6373100e-02  -8.0742462e-05  -4.6816841e-03
   7.0000000e+01   1.2230230e+02   4.6426250e+00   4.6609056e-02  -8.2727279e-05  -4.7275377e-03
   7.1000000e+01   1.2070930e+02   4.6381060e+00   4.6840087e-02  -8.4751872e-05  -4.7733470e-03
   7.2000000e+01   1.1915740e+02   4.6337060e+00   4.7066291e-02  -8.6816501e-05  -4.8191218e-03
   7.3000000e+01   1.1764500e+02   4.6294190e+00   4.7287753e-02  -8.8921601e-05  -4.8648711e-03
   7.4000000e+01   1.1617070e+02   4.6252420e+00   4.7504540e-02  -9.1067727e-05  -4.9105994e-03
   7.5000000e+01   1.1473310e+02   4.6211690e+00   4.7716743e-02  -9.3255293e-05  -4.9563154e-03
   7.6000000e+01   1.1333070e+02   4.6171960e+00   4.7924425e-02  -9.5484540e-05  -5.0020270e-03
   7.7000000e+01   1.1196240e+02   4.6133200e+00   4.8127661e-02  -9.7756166e-05  -5.0477381e-03
   7.8000000e+01   1.1062690e+02   4.6095360e+00   4.8326528e-02  -1.0007053e-04  -5.0934590e-03
   7.9000000e+01   1.0932290e+02   4.6058420e+00   4.8521062e-02  -1.0242784e-04  -5.1391913e-03
   8.0000000e+01   1.0804960e+02   4.6022330e+00   4.8711359e-02  -1.0482910e-04  -5.1849443e-03
   8.1000000e+01   1.0680560e+02   4.5987060e+00   4.8897464e-02  -1.0727416e-04  -5.2307247e-03
   8.2000000e+01   1.0559020e+02   4.5952580e+00   4.9079441e-02  -1.0976403e-04  -5.2765378e-03
   8.3000000e+01   1.0440220e+02   4.5918870e+00   4.9257343e-02  -1.1229878e-04  -5.3223871e-03
   8.4000000e+01   1.0324090e+02   4.5885890e+00   4.9431226e-02  -1.1487937e-04  -5.3682818e-03
   8.5000000e+01   1.0210520e+02   4.5853610e+00   4.9601146e-02  -1.1750579e-04  -5.4142277e-03
   8.6000000e+01   1.0099440e+02   4.5822020e+00   4.9767138e-02  -1.2017890e-04  -5.4602266e-03
   8.7000000e+01   9.9907580e+01   4.5791090e+00   4.9929284e-02  -1.2289892e-04  -5.5062868e-03
   8.8000000e+01   9.8844090e+01   4.5760790e+00   5.0087603e-02  -1.2566659e-04  -5.5524132e-03
   8.9000000e+01   9.7803140e+01   4.5731100e+00   5.0242153e-02  -1.2848238e-04  -5.5986124e-03
   9.0000000e+01   9.6784020e+01   4.5702000e+00   5.0392992e-02  -1.3134682e-04  -5.6448862e-03
   9.1000000e+01   9.5786060e+01   4.5673480e+00   5.0540125e-02  -1.3426045e-04  -5.6912422e-03
   9.2000000e+01   9.4808610e+01   4.5645500e+00   5.0683623e-02  -1.3722381e-04  -5.7376872e-03
   9.3000000e+01   9.3851040e+01   4.5618050e+00   5.0823538e-02  -1.4023735e-04  -5.7842220e-03
   9.4000000e+01   9.2912760e+01   4.5591120e+00   5.0959886e-02  -1.4330177e-04  -5.8308531e-03
   9.5000000e+01   9.1993190e+01   4.5564690e+00   5.1092720e-02  -1.4641756e-04  -5.8775843e-03
   9.6000000e+01   9.1091770e+01   4.5538740e+00   5.1222045e-02  -1.4958534e-04  -5.9244264e-03
   9.7000000e+01   9.0207980e+01   4.5513260e+00   5.1347926e-02  -1.5280567e-04  -5.9713753e-03
   9.8000000e+01   8.9341300e+01   4.5488220e+00   5.1470418e-02  -1.5607897e-04  -6.0184402e-03
   9.9000000e+01   8.8491260e+01   4.5463620e+00   5.1589526e-02  -1.5940603e-04  -6.0656247e-03
   1.0000000e+02   8.7657360e+01   4.5439450e+00   5.1705276e-02  -1.6278740e-04  -6.1129340e-03
   1.0100000e+02   8.6839160e+01   4.5415680e+00   5.1817714e-02  -1.6622363e-04  -6.1603726e-03
   1.0200000e+02   8.6036230e+01   4.5392310e+00   5.1926862e-02  -1.6971543e-04  -6.2079462e-03
   1.0300000e+02   8.5248130e+01   4.5369320e+00   5.2032742e-02  -1.7326331e-04  -6.2556600e-03
   1.0400000e+02   8.4474470e+01   4.5346700e+00   5.2135416e-02  -1.7686796e-04  -6.3035147e-03
   1.0500000e+02   8.3714850e+01   4.5324450e+00   5.2234899e-02  -1.8052992e-04  -6.3515114e-03
   1.0600000e+02   8.2968890e+01   4.5302540e+00   5.2331200e-02  -1.8424985e-04  -6.3996647e-03
   1.0700000e+02   8.2236240e+01   4.5280980e+00   5.2424335e-02  -1.8802860e-04  -6.4479714e-03
   1.0800000e+02   8.1516530e+01   4.5259740e+00   5.2514389e-02  -1.9186645e-04  -6.4964361e-03
   1.0900000e+02   8.0809440e+01   4.5238820e+00   5.2601325e-02  -1.9576436e-04  -6.5450671e-03
   1.1000000e+02   8.0114620e+01   4.5218210e+00   5.2685192e-02  -1.9972286e-04  -6.5938652e-03
   1.1100000e+02   7.9431780e+01   4.5197910e+00   5.2765997e-02  -2.0374271e-04  -6.6428361e-03
   1.1200000e+02   7.8760600e+01   4.5177890e+00   5.2843801e-02  -2.0782447e-04  -6.6919825e-03
   1.1300000e+02   7.8100780e+01   4.5158160e+00   5.2918599e-02  -2.1196885e-04  -6.7413063e-03
   1.1400000e+02   7.7452050e+01   4.5138700e+00   5.2990406e-02  -2.1617658e-04  -6.7908192e-03
   1.1500000e+02   7.6814130e+01   4.5119510e+00   5.3059263e-02  -2.2044841e-04  -6.8405162e-03
   1.1600000e+02   7.6186740e+01   4.5100580e+00   5.3125173e-02  -2.2478490e-04  -6.8904054e-03
   1.1700000e+02   7.5569640e+01   4.5081900e+00   5.3188153e-02  -2.2918689e-04  -6.9404937e-03
   1.1800000e+02   7.4962570e+01   4.5063470e+00   5.3248230e-02  -2.3365508e-04  -6.9907796e-03
   1.1900000e+02   7.4365300e+01   4.5045280e+00   5.3305424e-02  -2.3819023e-04  -7.0412681e-03
   1.2000000e+02   7.3777580e+01   4.5027310e+00   5.3359756e-02  -2.4279288e-04  -7.0919678e-03
   1.2100000e+02   7.3199190e+01   4.5009580e+00   5.3411220e-02  -2.4746400e-04  -7.1428762e-03
   1.2200000e+02   7.2629920e+01   4.4992060e+00   5.3459863e-02  -2.5220426e-04  -7.1940007e-03
   1.2300000e+02   7.2069540e+01   4.4974750e+00   5.3505684e-02  -2.5701431e-04  -7.2453456e-03
   1.2400000e+02   7.1517860e+01   4.4957650e+00   5.3548706e-02  -2.6189503e-04  -7.2969112e-03
   1.2500000e+02   7.0974670e+01   4.4940750e+00   5.3588936e-02  -2.6684718e-04  -7.3487053e-03
   1.2600000e+02   7.0439790e+01   4.4924050e+00   5.3626383e-02  -2.7187156e-04  -7.4007280e-03
   1.2700000e+02   6.9913020e+01   4.4907540e+00   5.3661075e-02  -2.7696886e-04  -7.4529845e-03
   1.2800000e+02   6.9394180e+01   4.4891210e+00   5.3693023e-02  -2.8213993e-04  -7.5054803e-03
   1.2900000e+02   6.8883090e+01   4.4875060e+00   5.3722237e-02  -2.8738547e-04  -7.5582169e-03
   1.3000000e+02   6.8379590e+01   4.4859090e+00   5.3748724e-02  -2.9270640e-04  -7.6111966e-03
   1.3100000e+02   6.7883500e+01   4.4843290e+00   5.3772500e-02  -2.9810354e-04  -7.6644259e-03
   1.3200000e+02   6.7394670e+01   4.4827650e+00   5.3793583e-02  -3.0357758e-04  -7.7179086e-03
   1.3300000e+02   6.6912940e+01   4.4812180e+00   5.3811971e-02  -3.0912954e-04  -7.7716446e-03
   1.3400000e+02   6.6438160e+01   4.4796860e+00   5.3827691e-02  -3.1476008e-04  -7.8256407e-03
   1.3500000e+02   6.5970170e+01   4.4781700e+00   5.3840733e-02  -3.2047011e-04  -7.8798989e-03
   1.3600000e+02   6.5508840e+01   4.4766680e+00   5.3851133e-02  -3.2626033e-04  -7.9344228e-03
   1.3700000e+02   6.5054020e+01   4.4751810e+00   5.3858880e-02  -3.3213176e-04  -7.9892164e-03
   1.3800000e+02   6.4605580e+01   4.4737080e+00   5.3863988e-02  -3.3808520e-04  -8.0442826e-03
   1.3900000e+02   6.4163390e+01   4.4722490e+00   5.3866469e-02  -3.4412154e-04  -8.0996237e-03
   1.4000000e+02   6.3727320e+01   4.4708030e+00   5.3866331e-02  -3.5024160e-04  -8.1552453e-03
   1.4100000e+02   6.3297240e+01   4.4693700e+00   5.3863575e-02  -3.5644638e-04  -8.2111508e-03
   1.4200000e+02   6.2873030e+01   4.4679490e+00   5.3858233e-02  -3.6273638e-04  -8.2673419e-03
   1.4300000e+02   6.2454570e+01   4.4665410e+00   5.3850284e-02  -3.6911285e-04  -8.3238218e-03
   1.4400000e+02   6.2041760e+01   4.4651450e+00   5.3839744e-02  -3.7557672e-04  -8.3805928e-03
   1.4500000e+02   6.1634460e+01   4.4637600e+00   5.3826630e-02  -3.8212846e-04  -8.4376616e-03
   1.4600000e+02   6.1232590e+01   4.4623870e+00   5.3810930e-02  -3.8876948e-04  -8.4950284e-03
   1.4700000e+02   6.0836020e+01   4.4610250e+00   5.3792664e-02  -3.9550037e-04  -8.5526961e-03
   1.4800000e+02   6.0444670e+01   4.4596730e+00   5.3771842e-02  -4.0232218e-04  -8.6106712e-03
   1.4900000e+02   6.0058420e+01   4.4583320e+00   5.3748459e-02  -4.0923575e-04  -8.6689527e-03
   1.5000000e+02   5.9677170e+01   4.4570010e+00   5.3722527e-02  -4.1624186e-04  -8.7275452e-03
   1.5100000e+02   5.9300840e+01   4.4556800e+00   5.3694042e-02  -4.2334186e-04  -8.7864526e-03
   1.5200000e+02   5.8929330e+01   4.4543680e+00   5.3663025e-02  -4.3053624e-04  -8.8456774e-03
   1.5300000e+02   5.8562550e+01   4.4530660e+00   5.3629467e-02  -4.3782621e-04  -8.9052204e-03
   1.5400000e+02   5.8200400e+01   4.4517730e+00   5.3593379e-02  -4.4521242e-04  -8.9650861e-03
   1.5500000e+02   5.7842810e+01   4.4504890e+00   5.3554758e-02  -4.5269616e-04  -9.0252782e-03
   1.5600000e+02   5.7489690e+01   4.4492130e+00   5.3513620e-02  -4.6027823e-04  -9.0857987e-03
   1.5700000e+02   5.7140950e+01   4.4479450e+00   5.3469966e-02  -4.6795942e-04  -9.1466520e-03
   1.5800000e+02   5.6796520e+01   4.4466860e+00   5.3423784e-02  -4.7574088e-04  -9.2078377e-03
   1.5900000e+02   5.6456320e+01   4.4454350e+00   5.3375094e-02  -4.8362354e-04  -9.2693575e-03
   1.6000000e+02   5.6120270e+01   4.4441910e+00   5.3323902e-02  -4.9160828e-04  -9.3312184e-03
   1.6100000e+02   5.5788300e+01   4.4429540e+00   5.3270215e-02  -4.9969599e-04  -9.3934211e-03
   1.6200000e+02   5.5460330e+01   4.4417250e+00   5.3214004e-02  -5.0788795e-04  -9.4559685e-03
   1.6300000e+02   5.5136290e+01   4.4405030e+00   5.3155300e-02  -5.1618473e-04  -9.5188609e-03
   1.6400000e+02   5.4816120e+01   4.4392870e+00   5.3094111e-02  -5.2458754e-04  -9.5821047e-03
   1.6500000e+02   5.4499750e+01   4.4380780e+00   5.3030424e-02  -5.3309735e-04  -9.6456978e-03
   1.6600000e+02   5.4187100e+01   4.4368760e+00   5.2964236e-02  -5.4171494e-04  -9.7096440e-03
   1.6700000e+02   5.3878130e+01   4.4356800e+00   5.2895559e-02  -5.5044172e-04  -9.7739464e-03
   1.6800000e+02   5.3572750e+01   4.4344890e+00   5.2824404e-02  -5.5927806e-04  -9.8386107e-03
   1.6900000e+02   5.3270910e+01   4.4333050e+00   5.2750764e-02  -5.6822516e-04  -9.9036300e-03
   1.7000000e+02   5.2972560e+01   4.4321260e+00   5.2674635e-02  -5.7728431e-04  -9.9690152e-03
   1.7100000e+02   5.2677630e+01   4.4309530e+00   5.2596028e-02  -5.8645624e-04  -1.0034763e-02
   1.7200000e+02   5.2386060e+01   4.4297850e+00   5.2514935e-02  -5.9574188e-04  -1.0100879e-02
   1.7300000e+02   5.2097800e+01   4.4286220e+00   5.2431378e-02  -6.0514212e-04  -1.0167362e-02
   1.7400000e+02   5.1812790e+01   4.4274640e+00   5.2345343e-02  -6.1465797e-04  -1.0234216e-02
   1.7500000e+02   5.1530980e+01   4.4263110e+00   5.2256834e-02  -6.2429046e-04  -1.0301440e-02
   1.7600000e+02   5.1252320e+01   4.4251630e+00   5.2165836e-02  -6.3404093e-04  -1.0369041e-02
   1.7700000e+02   5.0976750e+01   4.4240190e+00   5.2072390e-02  -6.4390958e-04  -1.0437014e-02
   1.7800000e+02   5.0704230e+01   4.4228790e+00   5.1976465e-02  -6.5389809e-04  -1.0505369e-02
   1.7900000e+02   5.0434700e+01   4.4217440e+00   5.1878070e-02  -6.6400689e-04  -1.0574098e-02
   1.8000000e+02   5.0168120e+01   4.4206130e+00   5.1777210e-02  -6.7423721e-04  -1.0643207e-02
   1.8100000e+02   4.9904440e+01   4.4194850e+00   5.1673896e-02  -6.8458975e-04  -1.0712700e-02
   1.8200000e+02   4.9643610e+01   4.4183620e+00   5.1568102e-02  -6.9506600e-04  -1.0782574e-02
   1.8300000e+02   4.9385590e+01   4.4172420e+00   5.1459859e-02  -7.0566637e-04  -1.0852833e-02
   1.8400000e+02   4.9130340e+01   4.4161250e+00   5.1349158e-02  -7.1639209e-04  -1.0923479e-02
   1.8500000e+02   4.8877810e+01   4.4150120e+00   5.1235994e-02  -7.2724404e-04  -1.0994509e-02
   1.8600000e+02   4.8627950e+01   4.4139020e+00   5.1120377e-02  -7.3822278e-04  -1.1065927e-02
   1.8700000e+02   4.8380730e+01   4.4127950e+00   5.1002301e-02  -7.4932967e-04  -1.1137735e-02
   1.8800000e+02   4.8136110e+01   4.4116910e+00   5.0881779e-02  -7.6056546e-04  -1.1209930e-02
   1.8900000e+02   4.7894050e+01   4.4105900e+00   5.0758802e-02  -7.7193138e-04  -1.1282516e-02
   1.9000000e+02   4.7654510e+01   4.4094920e+00   5.0633369e-02  -7.8342828e-04  -1.1355493e-02
   1.9100000e+02   4.7417440e+01   4.4083960e+00   5.0505500e-02  -7.9505634e-04  -1.1428863e-02
   1.9200000e+02   4.7182820e+01   4.4073030e+00   5.0375178e-02  -8.0681722e-04  -1.1502623e-02
   1.9300000e+02   4.6950600e+01   4.4062120e+00   5.0242411e-02  -8.1871152e-04  -1.1576779e-02
   1.9400000e+02   4.6720750e+01   4.4051230e+00   5.0107216e-02  -8.3073998e-04  -1.1651327e-02
   1.9500000e+02   4.6493230e+01   4.4040370e+00   4.9969572e-02  -8.4290346e-04  -1.1726266e-02
   1.9600000e+02   4.6268020e+01   4.4029530e+00   4.9829494e-02  -8.5520352e-04  -1.1801599e-02
   1.9700000e+02   4.6045070e+01   4.4018700e+00   4.9686989e-02  -8.6764002e-04  -1.1877329e-02
   1.9800000e+02   4.5824350e+01   4.4007900e+00   4.9542049e-02  -8.8021416e-04  -1.1953449e-02
   1.9900000e+02   4.5605840e+01   4.3997110e+00   4.9394677e-02  -8.9292733e-04  -1.2029967e-02
   2.0000000e+02   4.5389490e+01   4.3986340e+00   4.9244881e-02  -9.0577950e-04  -1.2106877e-02
   2.0100000e+02   4.5175280e+01   4.3975580e+00   4.9092670e-02  -9.1877179e-04  -1.2184183e-02
   2.0200000e+02   4.4963170e+01   4.3964840e+00   4.8938036e-02  -9.3190504e-04  -1.2261881e-02
   2.0300000e+02   4.4753140e+01   4.3954110e+00   4.8780998e-02  -9.4517970e-04  -1.2339971e-02
   2.0400000e+02   4.4545160e+01   4.3943400e+00   4.8621531e-02  -9.5859746e-04  -1.2418454e-02
   2.0500000e+02   4.4339190e+01   4.3932700e+00   4.8459664e-02  -9.7215787e-04  -1.2497329e-02
   2.0600000e+02   4.4135220e+01   4.3922000e+00   4.8295405e-02  -9.8586230e-04  -1.2576599e-02
   2.0700000e+02   4.3933200e+01   4.3911320e+00   4.8128742e-02  -9.9971127e-04  -1.2656256e-02
   2.0800000e+02   4.3733120e+01   4.3900650e+00   4.7959672e-02  -1.0137059e-03  -1.2736305e-02
   2.0900000e+02   4.3534950e+01   4.3889980e+00   4.7788228e-02  -1.0278466e-03  -1.2816746e-02
   2.1000000e+02   4.3338650e+01   4.3879330e+00   4.7614402e-02  -1.0421335e-03  -1.2897567e-02
   2.1100000e+02   4.3144210e+01   4.3868680e+00   4.7438191e-02  -1.0565681e-03  -1.2978780e-02
   2.1200000e+02   4.2951600e+01   4.3858030e+00   4.7259606e-02  -1.0711505e-03  -1.3060383e-02
   2.1300000e+02   4.2760800e+01   4.3847390e+00   4.7078665e-02  -1.0858818e-03  -1.3142366e-02
   2.1400000e+02   4.2571770e+01   4.3836760e+00   4.6895341e-02  -1.1007621e-03  -1.3224734e-02
   2.1500000e+02   4.2384500e+01   4.3826130e+00   4.6709678e-02  -1.1157922e-03  -1.3307481e-02
   2.1600000e+02   4.2198960e+01   4.3815500e+00   4.6521656e-02  -1.1309727e-03  -1.3390614e-02
   2.1700000e+02   4.2015130e+01   4.3804880e+00   4.6331297e-02  -1.1463041e-03  -1.3474120e-02
   2.1800000e+02   4.1832990e+01   4.3794250e+00   4.6138614e-02  -1.1617866e-03  -1.3558006e-02
   2.1900000e+02   4.1652510e+01   4.3783630e+00   4.5943583e-02  -1.1774216e-03  -1.3642268e-02
   2.2000000e+02   4.1473670e+01   4.3773010e+00   4.5746239e-02  -1.1932086e-03  -1.3726902e-02
   2.2100000e+02   4.1296450e+01   4.3762380e+00   4.5546600e-02  -1.2091482e-03  -1.3811908e-02
   2.2200000e+02   4.1120840e+01   4.3751760e+00   4.5344635e-02  -1.2252421e-03  -1.3897282e-02
   2.2300000e+02   4.0946790e+01   4.3741130e+00   4.5140392e-02  -1.2414882e-03  -1.3983024e-02
   2.2400000e+02   4.0774310e+01   4.3730510e+00   4.4933836e-02  -1.2578904e-03  -1.4069130e-02
   2.2500000e+02   4.0603360e+01   4.3719870e+00   4.4725037e-02  -1.2744453e-03  -1.4155600e-02
   2.2600000e+02   4.0433940e+01   4.3709240e+00   4.4513952e-02  -1.2911564e-03  -1.4242426e-02
   2.2700000e+02   4.0266000e+01   4.3698600e+00   4.4300594e-02  -1.3080215e-03  -1.4329616e-02
   2.2800000e+02   4.0099550e+01   4.3687960e+00   4.4085006e-02  -1.3250426e-03  -1.4417153e-02
   2.2900000e+02   3.9934560e+01   4.3677310e+00   4.3867180e-02  -1.3422195e-03  -1.4505044e-02
   2.3000000e+02   3.9771010e+01   4.3666660e+00   4.3647104e-02  -1.3595529e-03  -1.4593288e-02
   2.3100000e+02   3.9608880e+01   4.3656000e+00   4.3424833e-02  -1.3770418e-03  -1.4681874e-02
   2.3200000e+02   3.9448160e+01   4.3645330e+00   4.3200347e-02  -1.3946876e-03  -1.4770807e-02
   2.3300000e+02   3.9288830e+01   4.3634650e+00   4.2973678e-02  -1.4124899e-03  -1.4860080e-02
   2.3400000e+02   3.9130860e+01   4.3623970e+00   4.2744814e-02  -1.4304486e-03  -1.4949687e-02
   2.3500000e+02   3.8974250e+01   4.3613280e+00   4.2513784e-02  -1.4485646e-03  -1.5039628e-02
   2.3600000e+02   3.8818980e+01   4.3602580e+00   4.2280612e-02  -1.4668376e-03  -1.5129896e-02
   2.3700000e+02   3.8665030e+01   4.3591870e+00   4.2045281e-02  -1.4852677e-03  -1.5220496e-02
   2.3800000e+02   3.8512380e+01   4.3581160e+00   4.1807798e-02  -1.5038553e-03  -1.5311416e-02
   2.3900000e+02   3.8361020e+01   4.3570430e+00   4.1568230e-02  -1.5225995e-03  -1.5402656e-02
   2.4000000e+02   3.8210930e+01   4.3559690e+00   4.1326547e-02  -1.5415010e-03  -1.5494213e-02
   2.4100000e+02   3.8062100e+01   4.3548940e+00   4.1082764e-02  -1.5605599e-03  -1.5586086e-02
   2.4200000e+02   3.7914510e+01   4.3538180e+00   4.0836914e-02  -1.5797758e-03  -1.5678262e-02
   2.4300000e+02   3.7768150e+01   4.3527410e+00   4.0589005e-02  -1.5991488e-03  -1.5770742e-02
   2.4400000e+02   3.7623000e+01   4.3516630e+00   4.0339036e-02  -1.6186789e-03  -1.5863524e-02
   2.4500000e+02   3.7479040e+01   4.3505830e+00   4.0087066e-02  -1.6383642e-03  -1.5956602e-02
   2.4600000e+02   3.7336280e+01   4.3495020e+00   3.9833058e-02  -1.6582083e-03  -1.6049974e-02
   2.4700000e+02   3.7194680e+01   4.3484200e+00   3.9577061e-02  -1.6782076e-03  -1.6143631e-02
   2.4800000e+02   3.7054230e+01   4.3473360e+00   3.9319084e-02  -1.6983626e-03  -1.6237575e-02
   2.4900000e+02   3.6914930e+01   4.3462520e+00   3.9059145e-02  -1.7186741e-03  -1.6331790e-02
   2.5000000e+02   3.6776760e+01   4.3451650e+00   3.8797250e-02  -1.7391414e-03  -1.6426291e-02
   2.5100000e+02   3.6639700e+01   4.3440780e+00   3.8533433e-02  -1.7597636e-03  -1.6521051e-02
   2.5200000e+02   3.6503750e+01   4.3429880e+00   3.8267683e-02  -1.7805412e-03  -1.6616092e-02
   2.5300000e+02   3.6368880e+01   4.3418980e+00   3.8000051e-02  -1.8014731e-03  -1.6711382e-02
   2.5400000e+02   3.6235090e+01   4.3408050e+00   3.7730553e-02  -1.8225584e-03  -1.6806935e-02
   2.5500000e+02   3.6102370e+01   4.3397120e+00   3.7459175e-02  -1.8437991e-03  -1.6902735e-02
   2.5600000e+02   3.5970700e+01   4.3386160e+00   3.7185999e-02  -1.8651913e-03  -1.6998782e-02
   2.5700000e+02   3.5840070e+01   4.3375190e+00   3.6910977e-02  -1.8867375e-03  -1.7095074e-02
   2.5800000e+02   3.5710470e+01   4.3364210e+00   3.6634141e-02  -1.9084362e-03  -1.7191601e-02
   2.5900000e+02   3.5581880e+01   4.3353210e+00   3.6355545e-02  -1.9302855e-03  -1.7288360e-02
   2.6000000e+02   3.5454300e+01   4.3342190e+00   3.6075168e-02  -1.9522868e-03  -1.7385352e-02
   2.6100000e+02   3.5327720e+01   4.3331150e+00   3.5793064e-02  -1.9744391e-03  -1.7482565e-02
   2.6200000e+02   3.5202110e+01   4.3320100e+00   3.5509247e-02  -1.9967396e-03  -1.7579990e-02
   2.6300000e+02   3.5077480e+01   4.3309030e+00   3.5223732e-02  -2.0191906e-03  -1.7677628e-02
   2.6400000e+02   3.4953810e+01   4.3297940e+00   3.4936514e-02  -2.0417902e-03  -1.7775481e-02
   2.6500000e+02   3.4831090e+01   4.3286840e+00   3.4647647e-02  -2.0645377e-03  -1.7873530e-02
   2.6600000e+02   3.4709310e+01   4.3275710e+00   3.4357157e-02  -2.0874319e-03  -1.7971778e-02
   2.6700000e+02   3.4588460e+01   4.3264570e+00   3.4065049e-02  -2.1104729e-03  -1.8070215e-02
   2.6800000e+02   3.4468530e+01   4.3253410e+00   3.3771364e-02  -2.1336589e-03  -1.8168835e-02
   2.6900000e+02   3.4349510e+01   4.3242240e+00   3.3476076e-02  -2.1569908e-03  -1.8267638e-02
   2.7000000e+02   3.4231390e+01   4.3231040e+00   3.3179256e-02  -2.1804665e-03  -1.8366622e-02
   2.7100000e+02   3.4114160e+01   4.3219830e+00   3.2880887e-02  -2.2040858e-03  -1.8465775e-02
   2.7200000e+02   3.3997800e+01   4.3208590e+00   3.2581054e-02  -2.2278450e-03  -1.8565091e-02
   2.7300000e+02   3.3882320e+01   4.3197340e+00   3.2279734e-02  -2.2517463e-03  -1.8664562e-02
   2.7400000e+02   3.3767700e+01   4.3186070e+00   3.1976959e-02  -2.2757884e-03  -1.8764189e-02
   2.7500000e+02   3.3653930e+01   4.3174780e+00   3.1672731e-02  -2.2999699e-03  -1.8863968e-02
   2.7600000e+02   3.3541000e+01   4.3163470e+00   3.1367093e-02  -2.3242894e-03  -1.8963892e-02
   2.7700000e+02   3.3428900e+01   4.3152140e+00   3.1060095e-02  -2.3487452e-03  -1.9063947e-02
   2.7800000e+02   3.3317630e+01   4.3140800e+00   3.0751694e-02  -2.3733387e-03  -1.9164138e-02
   2.7900000e+02   3.3207170e+01   4.3129430e+00   3.0441988e-02  -2.3980658e-03  -1.9264455e-02
   2.8000000e+02   3.3097530e+01   4.3118050e+00   3.0130947e-02  -2.4229293e-03  -1.9364890e-02
   2.8100000e+02   3.2988680e+01   4.3106640e+00   2.9818623e-02  -2.4479240e-03  -1.9465448e-02
   2.8200000e+02   3.2880620e+01   4.3095220e+00   2.9505055e-02  -2.4730503e-03  -1.9566103e-02
   2.8300000e+02   3.2773340e+01   4.3083770e+00   2.9190217e-02  -2.4983073e-03  -1.9666877e-02
   2.8400000e+02   3.2666830e+01   4.3072310e+00   2.8874176e-02  -2.5236927e-03  -1.9767741e-02
   2.8500000e+02   3.2561100e+01   4.3060830e+00   2.8556915e-02  -2.5492091e-03  -1.9868703e-02
   2.8600000e+02   3.2456110e+01   4.3049320e+00   2.8238515e-02  -2.5748495e-03  -1.9969756e-02
   2.8700000e+02   3.2351880e+01   4.3037800e+00   2.7918934e-02  -2.6006173e-03  -2.0070892e-02
   2.8800000e+02   3.2248390e+01   4.3026260e+00   2.7598274e-02  -2.6265089e-03  -2.0172096e-02
   2.8900000e+02   3.2145640e+01   4.3014700e+00   2.7276492e-02  -2.6525246e-03  -2.0273379e-02
   2.9000000e+02   3.2043610e+01   4.3003120e+00   2.6953656e-02  -2.6786608e-03  -2.0374724e-02
   2.9100000e+02   3.1942300e+01   4.2991520e+00   2.6629760e-02  -2.7049182e-03  -2.0476136e-02
   2.9200000e+02   3.1841700e+01   4.2979900e+00   2.6304856e-02  -2.7312937e-03  -2.0577600e-02
   2.9300000e+02   3.1741810e+01   4.2968260e+00   2.5978957e-02  -2.7577879e-03  -2.0679114e-02
   2.9400000e+02   3.1642610e+01   4.2956600e+00   2.5652089e-02  -2.7843974e-03  -2.0780674e-02
   2.9500000e+02   3.1544100e+01   4.2944920e+00   2.5324273e-02  -2.8111217e-03  -2.0882274e-02
   2.9600000e+02   3.1446280e+01   4.2933220e+00   2.4995519e-02  -2.8379606e-03  -2.0983911e-02
   2.9700000e+02   3.1349140e+01   4.2921500e+00   2.4665889e-02  -2.8649120e-03  -2.1085574e-02
   2.9800000e+02   3.1252660e+01   4.2909770e+00   2.4335380e-02  -2.8919726e-03  -2.1187257e-02
   2.9900000e+02   3.1156850e+01   4.2898010e+00   2.4004017e-02  -2.9191436e-03  -2.1288967e-02
   3.0000000e+02   3.1061690e+01   4.2886230e+00   2.3671835e-02  -2.9464209e-03  -2.1390691e-02
   3.0100000e+02   3.0967180e+01   4.2874440e+00   2.3338889e-02  -2.9738034e-03  -2.1492409e-02
   3.0200000e+02   3.0873320e+01   4.2862630e+00   2.3005134e-02  -3.0012935e-03  -2.1594139e-02
   3.0300000e+02   3.0780090e+01   4.2850790e+00   2.2670646e-02  -3.0288839e-03  -2.1695871e-02
   3.0400000e+02   3.0687490e+01   4.2838940e+00   2.2335418e-02  -3.0565769e-03  -2.1797595e-02
   3.0500000e+02   3.0595520e+01   4.2827070e+00   2.1999502e-02  -3.0843705e-03  -2.1899305e-02
   3.0600000e+02   3.0504170e+01   4.2815180e+00   2.1662924e-02  -3.1122622e-03  -2.2000996e-02
   3.0700000e+02   3.0413430e+01   4.2803270e+00   2.1325696e-02  -3.1402507e-03  -2.2102666e-02
   3.0800000e+02   3.0323290e+01   4.2791350e+00   2.0987839e-02  -3.1683335e-03  -2.2204304e-02
   3.0900000e+02   3.0233760e+01   4.2779400e+00   2.0649385e-02  -3.1965113e-03  -2.2305918e-02
   3.1000000e+02   3.0144810e+01   4.2767440e+00   2.0310322e-02  -3.2247798e-03  -2.2407498e-02
   3.1100000e+02   3.0056460e+01   4.2755460e+00   1.9970735e-02  -3.2531395e-03  -2.2509031e-02
   3.1200000e+02   2.9968690e+01   4.2743460e+00   1.9630621e-02  -3.2815878e-03  -2.2610519e-02
   3.1300000e+02   2.9881500e+01   4.2731440e+00   1.9290020e-02  -3.3101228e-03  -2.2711953e-02
   3.1400000e+02   2.9794880e+01   4.2719410e+00   1.8948903e-02  -3.3387444e-03  -2.2813335e-02
   3.1500000e+02   2.9708820e+01   4.2707350e+00   1.8607338e-02  -3.3674479e-03  -2.2914664e-02
   3.1600000e+02   2.9623330e+01   4.2695280e+00   1.8265345e-02  -3.3962359e-03  -2.3015920e-02
   3.1700000e+02   2.9538390e+01   4.2683190e+00   1.7922931e-02  -3.4251029e-03  -2.3117114e-02
   3.1800000e+02   2.9454000e+01   4.2671090e+00   1.7580127e-02  -3.4540494e-03  -2.3218229e-02
   3.1900000e+02   2.9370160e+01   4.2658960e+00   1.7236989e-02  -3.4830722e-03  -2.3319267e-02
   3.2000000e+02   2.9286860e+01   4.2646820e+00   1.6893442e-02  -3.5121727e-03  -2.3420235e-02
   3.2100000e+02   2.9204090e+01   4.2634660e+00   1.6549634e-02  -3.5413452e-03  -2.3521105e-02
   3.2200000e+02   2.9121850e+01   4.2622490e+00   1.6205540e-02  -3.5705889e-03  -2.3621878e-02
   3.2300000e+02   2.9040130e+01   4.2610300e+00   1.5861109e-02  -3.5999048e-03  -2.3722573e-02
   3.2400000e+02   2.8958940e+01   4.2598090e+00   1.5516482e-02  -3.6292885e-03  -2.3823158e-02
   3.2500000e+02   2.8878260e+01   4.2585870e+00   1.5171596e-02  -3.6587402e-03  -2.3923644e-02
   3.2600000e+02   2.8798090e+01   4.2573630e+00   1.4826505e-02  -3.6882567e-03  -2.4024024e-02
   3.2700000e+02   2.8718420e+01   4.2561370e+00   1.4481222e-02  -3.7178348e-03  -2.4124298e-02
   3.2800000e+02   2.8639260e+01   4.2549100e+00   1.4135796e-02  -3.7474779e-03  -2.4224447e-02
   3.2900000e+02   2.8560590e+01   4.2536810e+00   1.3790193e-02  -3.7771801e-03  -2.4324489e-02
   3.3000000e+02   2.8482410e+01   4.2524510e+00   1.3444477e-02  -3.8069397e-03  -2.4424404e-02
   3.3100000e+02   2.8404720e+01   4.2512190e+00   1.3098680e-02  -3.8367566e-03  -2.4524190e-02
   3.3200000e+02   2.8327510e+01   4.2499860e+00   1.2752777e-02  -3.8666282e-03  -2.4623849e-02
   3.3300000e+02   2.8250780e+01   4.2487510e+00   1.2406789e-02  -3.8965549e-03  -2.4723383e-02
   3.3400000e+02   2.8174520e+01   4.2475150e+00   1.2060793e-02  -3.9265311e-03  -2.4822770e-02
   3.3500000e+02   2.8098730e+01   4.2462770e+00   1.1714788e-02  -3.9565580e-03  -2.4922019e-02
   3.3600000e+02   2.8023400e+01   4.2450370e+00   1.1368741e-02  -3.9866306e-03  -2.5021138e-02
   3.3700000e+02   2.7948540e+01   4.2437970e+00   1.1022740e-02  -4.0167541e-03  -2.5120091e-02
   3.3800000e+02   2.7874130e+01   4.2425550e+00   1.0676751e-02  -4.0469203e-03  -2.5218906e-02
   3.3900000e+02   2.7800180e+01   4.2413110e+00   1.0330826e-02  -4.0771307e-03  -2.5317569e-02
   3.4000000e+02   2.7726670e+01   4.2400660e+00   9.9849849e-03  -4.1073808e-03  -2.5416072e-02
   3.4100000e+02   2.7653610e+01   4.2388200e+00   9.6392017e-03  -4.1376731e-03  -2.5514419e-02
   3.4200000e+02   2.7580980e+01   4.2375730e+00   9.2935746e-03  -4.1679994e-03  -2.5612594e-02
   3.4300000e+02   2.7508800e+01   4.2363240e+00   8.9480564e-03  -4.1983668e-03  -2.5710608e-02
   3.4400000e+02   2.7437040e+01   4.2350740e+00   8.6026878e-03  -4.2287651e-03  -2.5808456e-02
   3.4500000e+02   2.7365720e+01   4.2338220e+00   8.2574595e-03  -4.2591998e-03  -2.5906140e-02
   3.4600000e+02   2.7294810e+01   4.2325690e+00   7.9124568e-03  -4.2896599e-03  -2.6003642e-02
   3.4700000e+02   2.7224330e+01   4.2313160e+00   7.5676032e-03  -4.3201556e-03  -2.6100967e-02
   3.4800000e+02   2.7154270e+01   4.2300600e+00   7.2230238e-03  -4.3506768e-03  -2.6198111e-02
   3.4900000e+02   2.7084620e+01   4.2288040e+00   6.8786211e-03  -4.3812262e-03  -2.6295079e-02
   3.5000000e+02   2.7015380e+01   4.2275470e+00   6.5345439e-03  -4.4117986e-03  -2.6391842e-02
   3.5100000e+02   2.6946540e+01   4.2262880e+00   6.1906454e-03  -4.4423933e-03  -2.6488446e-02
   3.5200000e+02   2.6878110e+01   4.2250280e+00   5.8470572e-03  -4.4730123e-03  -2.6584850e-02
   3.5300000e+02   2.6810080e+01   4.2237670e+00   5.5037758e-03  -4.5036495e-03  -2.6681060e-02
   3.5400000e+02   2.6742440e+01   4.2225050e+00   5.1608256e-03  -4.5343046e-03  -2.6777070e-02
   3.5500000e+02   2.6675190e+01   4.2212420e+00   4.8182007e-03  -4.5649738e-03  -2.6872883e-02
   3.5600000e+02   2.6608340e+01   4.2199780e+00   4.4758924e-03  -4.5956637e-03  -2.6968503e-02
   3.5700000e+02   2.6541870e+01   4.2187130e+00   4.1339615e-03  -4.6263644e-03  -2.7063915e-02
   3.5800000e+02   2.6475780e+01   4.2174470e+00   3.7923908e-03  -4.6570764e-03  -2.7159128e-02
   3.5900000e+02   2.6410060e+01   4.2161800e+00   3.4512258e-03  -4.6877954e-03  -2.7254132e-02
   3.6000000e+02   2.6344730e+01   4.2149120e+00   3.1104342e-03  -4.7185290e-03  -2.7348932e-02
   3.6100000e+02   2.6279770e+01   4.2136430e+00   2.7701091e-03  -4.7492675e-03  -2.7443512e-02
   3.6200000e+02   2.6215170e+01   4.2123730e+00   2.4301789e-03  -4.7800092e-03  -2.7537890e-02
   3.6300000e+02   2.6150940e+01   4.2111020e+00   2.0906663e-03  -4.8107569e-03  -2.7632060e-02
   3.6400000e+02   2.6087080e+01   4.2098300e+00   1.7516435e-03  -4.8415098e-03  -2.7726006e-02
   3.6500000e+02   2.6023570e+01   4.2085570e+00   1.4131224e-03  -4.8722572e-03  -2.7819730e-02
   3.6600000e+02   2.5960420e+01   4.2072840e+00   1.0750158e-03  -4.9030090e-03  -2.7913241e-02
   3.6700000e+02   2.5897620e+01   4.2060100e+00   7.3746882e-04  -4.9337554e-03  -2.8006521e-02
   3.6800000e+02   2.5835180e+01   4.2047340e+00   4.0038187e-04  -4.9645020e-03  -2.8099596e-02
   3.6900000e+02   2.5773080e+01   4.2034590e+00   6.3835656e-05  -4.9952417e-03  -2.8192429e-02
   3.7000000e+02   2.5711320e+01   4.2021820e+00  -2.7219753e-04  -5.0259727e-03  -2.8285050e-02
   3.7100000e+02   2.5649910e+01   4.2009050e+00  -6.0769216e-04  -5.0566997e-03  -2.8377437e-02
   3.7200000e+02   2.5588840e+01   4.1996270e+00  -9.4258980e-04  -5.0874154e-03  -2.8469589e-02
   3.7300000e+02   2.5528100e+01   4.1983480e+00  -1.2769667e-03  -5.1181201e-03  -2.8561524e-02
   3.7400000e+02   2.5467690e+01   4.1970680e+00  -1.6107412e-03  -5.1488087e-03  -2.8653224e-02
   3.7500000e+02   2.5407620e+01   4.1957880e+00  -1.9439205e-03  -5.1794887e-03  -2.8744682e-02
   3.7600000e+02   2.5347870e+01   4.1945080e+00  -2.2764936e-03  -5.2101508e-03  -2.8835901e-02
   3.7700000e+02   2.5288450e+01   4.1932260e+00  -2.6085038e-03  -5.2407992e-03  -2.8926903e-02
   3.7800000e+02   2.5229350e+01   4.1919440e+00  -2.9398613e-03  -5.2714269e-03  -2.9017658e-02
   3.7900000e+02   2.5170570e+01   4.1906620e+00  -3.2705858e-03  -5.3020360e-03  -2.9108169e-02
   3.8000000e+02   2.5112110e+01   4.1893790e+00  -3.6006877e-03  -5.3326257e-03  -2.9198447e-02
   3.8100000e+02   2.5053960e+01   4.1880950e+00  -3.9301476e-03  -5.3631923e-03  -2.9288490e-02
   3.8200000e+02   2.4996120e+01   4.1868110e+00  -4.2589398e-03  -5.3937348e-03  -2.9378287e-02
   3.8300000e+02   2.4938600e+01   4.1855270e+00  -4.5870689e-03  -5.4242571e-03  -2.9467835e-02
   3.8400000e+02   2.4881370e+01   4.1842420e+00  -4.9145175e-03  -5.4547467e-03  -2.9557146e-02
   3.8500000e+02   2.4824460e+01   4.1829560e+00  -5.2412629e-03  -5.4852130e-03  -2.9646211e-02
   3.8600000e+02   2.4767840e+01   4.1816700e+00  -5.5673480e-03  -5.5156480e-03  -2.9735037e-02
   3.8700000e+02   2.4711530e+01   4.1803840e+00  -5.8927233e-03  -5.5460577e-03  -2.9823608e-02
   3.8800000e+02   2.4655510e+01   4.1790970e+00  -6.2173492e-03  -5.5764316e-03  -2.9911930e-02
   3.8900000e+02   2.4599780e+01   4.1778100e+00  -6.5412611e-03  -5.6067711e-03  -3.0000005e-02
   3.9000000e+02   2.4544350e+01   4.1765230e+00  -6.8645005e-03  -5.6370836e-03  -3.0087837e-02
   3.9100000e+02   2.4489210e+01   4.1752350e+00  -7.1869901e-03  -5.6673578e-03  -3.0175423e-02
   3.9200000e+02   2.4434350e+01   4.1739480e+00  -7.5087068e-03  -5.6975953e-03  -3.0262741e-02
   3.9300000e+02   2.4379780e+01   4.1726590e+00  -7.8297326e-03  -5.7277971e-03  -3.0349835e-02
   3.9400000e+02   2.4325490e+01   4.1713710e+00  -8.1499541e-03  -5.7579577e-03  -3.0436657e-02
   3.9500000e+02   2.4271490e+01   4.1700820e+00  -8.4694003e-03  -5.7880831e-03  -3.0523229e-02
   3.9600000e+02   2.4217760e+01   4.1687930e+00  -8.7881470e-03  -5.8181662e-03  -3.0609563e-02
   3.9700000e+02   2.4164310e+01   4.1675040e+00  -9.1060390e-03  -5.8482057e-03  -3.0695624e-02
   3.9800000e+02   2.4111130e+01   4.1662150e+00  -9.4231940e-03  -5.8782028e-03  -3.0781441e-02
   3.9900000e+02   2.4058220e+01   4.1649250e+00  -9.7395471e-03  -5.9081526e-03  -3.0867008e-02
   4.0000000e+02   2.4005580e+01   4.1636360e+00  -1.0055137e-02  -5.9380607e-03  -3.0952319e-02
   4.0100000e+02   2.3953210e+01   4.1623460e+00  -1.0369907e-02  -5.9679204e-03  -3.1037377e-02
   4.0200000e+02   2.3901110e+01   4.1610560e+00  -1.0683869e-02  -5.9977355e-03  -3.1122177e-02
   4.0300000e+02   2.3849270e+01   4.1597660e+00  -1.0996968e-02  -6.0274977e-03  -3.1206711e-02
   4.0400000e+02   2.3797690e+01   4.1584760e+00  -1.1309332e-02  -6.0572134e-03  -3.1291007e-02
   4.0500000e+02   2.3746360e+01   4.1571860e+00  -1.1620848e-02  -6.0868725e-03  -3.1375043e-02
   4.0600000e+02   2.3695300e+01   4.1558960e+00  -1.1931504e-02  -6.1164842e-03  -3.1458812e-02
   4.0700000e+02   2.3644490e+01   4.1546060e+00  -1.2241388e-02  -6.1460426e-03  -3.1542339e-02
   4.0800000e+02   2.3593940e+01   4.1533160e+00  -1.2550378e-02  -6.1755498e-03  -3.1625595e-02
   4.0900000e+02   2.3543630e+01   4.1520260e+00  -1.2858552e-02  -6.2049960e-03  -3.1708602e-02
   4.1000000e+02   2.3493580e+01   4.1507360e+00  -1.3165861e-02  -6.2343916e-03  -3.1791346e-02
   4.1100000e+02   2.3443770e+01   4.1494460e+00  -1.3472331e-02  -6.2637264e-03  -3.1873837e-02
   4.1200000e+02   2.3394210e+01   4.1481570e+00  -1.3777956e-02  -6.2930073e-03  -3.1956065e-02
   4.1300000e+02   2.3344890e+01   4.1468670e+00  -1.4082712e-02  -6.3222258e-03  -3.2038043e-02
   4.1400000e+02   2.3295810e+01   4.1455770e+00  -1.4386639e-02  -6.3513837e-03  -3.2119772e-02
   4.1500000e+02   2.3246980e+01   4.1442880e+00  -1.4689679e-02  -6.3804875e-03  -3.2201230e-02
   4.1600000e+02   2.3198380e+01   4.1429990e+00  -1.4991862e-02  -6.4095258e-03  -3.2282435e-02
   4.1700000e+02   2.3150020e+01   4.1417100e+00  -1.5293122e-02  -6.4385005e-03  -3.2363374e-02
   4.1800000e+02   2.3101890e+01   4.1404210e+00  -1.5593565e-02  -6.4674115e-03  -3.2444070e-02
   4.1900000e+02   2.3053990e+01   4.1391320e+00  -1.5893094e-02  -6.4962559e-03  -3.2524505e-02
   4.2000000e+02   2.3006330e+01   4.1378440e+00  -1.6191731e-02  -6.5250403e-03  -3.2604671e-02
   4.2100000e+02   2.2958900e+01   4.1365560e+00  -1.6489499e-02  -6.5537592e-03  -3.2684585e-02
   4.2200000e+02   2.2911690e+01   4.1352680e+00  -1.6786386e-02  -6.5824070e-03  -3.2764249e-02
   4.2300000e+02   2.2864710e+01   4.1339810e+00  -1.7082388e-02  -6.6109916e-03  -3.2843648e-02
   4.2400000e+02   2.2817950e+01   4.1326930e+00  -1.7377482e-02  -6.6395011e-03  -3.2922802e-02
   4.2500000e+02   2.2771410e+01   4.1314060e+00  -1.7671650e-02  -6.6679404e-03  -3.3001686e-02
   4.2600000e+02   2.2725100e+01   4.1301200e+00  -1.7964954e-02  -6.6963177e-03  -3.3080313e-02
   4.2700000e+02   2.2679000e+01   4.1288340e+00  -1.8257379e-02  -6.7246182e-03  -3.3158695e-02
   4.2800000e+02   2.2633130e+01   4.1275480e+00  -1.8548843e-02  -6.7528520e-03  -3.3236808e-02
   4.2900000e+02   2.2587460e+01   4.1262620e+00  -1.8839448e-02  -6.7810050e-03  -3.3314683e-02
   4.3000000e+02   2.2542020e+01   4.1249770e+00  -1.9129140e-02  -6.8090950e-03  -3.3392292e-02
   4.3100000e+02   2.2496780e+01   4.1236930e+00  -1.9417894e-02  -6.8371033e-03  -3.3469636e-02
   4.3200000e+02   2.2451760e+01   4.1224080e+00  -1.9705772e-02  -6.8650411e-03  -3.3546745e-02
   4.3300000e+02   2.2406940e+01   4.1211250e+00  -1.9992679e-02  -6.8928990e-03  -3.3623575e-02
   4.3400000e+02   2.2362340e+01   4.1198410e+00  -2.0278751e-02  -6.9206869e-03  -3.3700177e-02
   4.3500000e+02   2.2317940e+01   4.1185590e+00  -2.0563847e-02  -6.9483940e-03  -3.3776502e-02
   4.3600000e+02   2.2273740e+01   4.1172760e+00  -2.0848057e-02  -6.9760203e-03  -3.3852593e-02
   4.3700000e+02   2.2229750e+01   4.1159950e+00  -2.1131329e-02  -7.0035741e-03  -3.3928412e-02
   4.3800000e+02   2.2185960e+01   4.1147130e+00  -2.1413708e-02  -7.0310465e-03  -3.4003997e-02
   4.3900000e+02   2.2142370e+01   4.1134330e+00  -2.1695127e-02  -7.0584377e-03  -3.4079310e-02
   4.4000000e+02   2.2098980e+01   4.1121530e+00  -2.1975688e-02  -7.0857547e-03  -3.4154388e-02
   4.4100000e+02   2.2055790e+01   4.1108730e+00  -2.2255275e-02  -7.1129865e-03  -3.4229208e-02
   4.4200000e+02   2.2012800e+01   4.1095940e+00  -2.2533976e-02  -7.1401428e-03  -3.4303780e-02
   4.4300000e+02   2.1970000e+01   4.1083160e+00  -2.2811739e-02  -7.1672140e-03  -3.4378096e-02
   4.4400000e+02   2.1927390e+01   4.1070380e+00  -2.3088540e-02  -7.1941964e-03  -3.4452161e-02
   4.4500000e+02   2.1884980e+01   4.1057610e+00  -2.3364451e-02  -7.2211032e-03  -3.4525978e-02
   4.4600000e+02   2.1842750e+01   4.1044850e+00  -2.3639432e-02  -7.2479211e-03  -3.4599543e-02
   4.4700000e+02   2.1800720e+01   4.1032090e+00  -2.3913497e-02  -7.2746592e-03  -3.4672865e-02
   4.4800000e+02   2.1758870e+01   4.1019340e+00  -2.4186631e-02  -7.3013090e-03  -3.4745937e-02
   4.4900000e+02   2.1717210e+01   4.1006600e+00  -2.4458814e-02  -7.3278751e-03  -3.4818752e-02
   4.5000000e+02   2.1675730e+01   4.0993860e+00  -2.4730108e-02  -7.3543508e-03  -3.4891335e-02
   4.5100000e+02   2.1634440e+01   4.0981130e+00  -2.5000434e-02  -7.3807445e-03  -3.4963658e-02
   4.5200000e+02   2.1593340e+01   4.0968410e+00  -2.5269945e-02  -7.4070601e-03  -3.5035757e-02
   4.5300000e+02   2.1552410e+01   4.0955700e+00  -2.5538382e-02  -7.4332747e-03  -3.5107576e-02
   4.5400000e+02   2.1511660e+01   4.0942990e+00  -2.5805964e-02  -7.4594036e-03  -3.5179174e-02
   4.5500000e+02   2.1471100e+01   4.0930300e+00  -2.6072623e-02  -7.4854535e-03  -3.5250513e-02
   4.5600000e+02   2.1430710e+01   4.0917610e+00  -2.6338390e-02  -7.5114101e-03  -3.5321626e-02
   4.5700000e+02   2.1390490e+01   4.0904920e+00  -2.6603135e-02  -7.5372665e-03  -3.5392482e-02
   4.5800000e+02   2.1350450e+01   4.0892250e+00  -2.6867048e-02  -7.5630445e-03  -3.5463103e-02
   4.5900000e+02   2.1310590e+01   4.0879580e+00  -2.7130012e-02  -7.5887301e-03  -3.5533483e-02
   4.6000000e+02   2.1270900e+01   4.0866930e+00  -2.7392046e-02  -7.6143281e-03  -3.5603611e-02
   4.6100000e+02   2.1231380e+01   4.0854280e+00  -2.7653162e-02  -7.6398319e-03  -3.5673506e-02
   4.6200000e+02   2.1192030e+01   4.0841640e+00  -2.7913335e-02  -7.6652442e-03  -3.5743156e-02
   4.6300000e+02   2.1152850e+01   4.0829010e+00  -2.8172575e-02  -7.6905628e-03  -3.5812563e-02
   4.6400000e+02   2.1113840e+01   4.0816390e+00  -2.8430943e-02  -7.7157942e-03  -3.5881739e-02
   4.6500000e+02   2.1074990e+01   4.0803770e+00  -2.8688351e-02  -7.7409239e-03  -3.5950679e-02
   4.6600000e+02   2.1036310e+01   4.0791170e+00  -2.8944851e-02  -7.7659672e-03  -3.6019371e-02
   4.6700000e+02   2.0997800e+01   4.0778580e+00  -2.9200457e-02  -7.7909228e-03  -3.6087830e-02
   4.6800000e+02   2.0959450e+01   4.0765990e+00  -2.9455159e-02  -7.8157786e-03  -3.6156066e-02
   4.6900000e+02   2.0921260e+01   4.0753420e+00  -2.9708919e-02  -7.8405407e-03  -3.6224051e-02
   4.7000000e+02   2.0883230e+01   4.0740850e+00  -2.9961760e-02  -7.8652065e-03  -3.6291809e-02
   4.7100000e+02   2.0845370e+01   4.0728300e+00  -3.0213672e-02  -7.8897845e-03  -3.6359317e-02
   4.7200000e+02   2.0807660e+01   4.0715750e+00  -3.0464700e-02  -7.9142613e-03  -3.6426610e-02
   4.7300000e+02   2.0770110e+01   4.0703220e+00  -3.0714842e-02  -7.9386480e-03  -3.6493666e-02
   4.7400000e+02   2.0732710e+01   4.0690690e+00  -3.0964021e-02  -7.9629286e-03  -3.6560488e-02
   4.7500000e+02   2.0695480e+01   4.0678180e+00  -3.1212312e-02  -7.9871277e-03  -3.6627070e-02
   4.7600000e+02   2.0658400e+01   4.0665670e+00  -3.1459703e-02  -8.0112226e-03  -3.6693435e-02
   4.7700000e+02   2.0621470e+01   4.0653180e+00  -3.1706157e-02  -8.0352216e-03  -3.6759554e-02
   4.7800000e+02   2.0584690e+01   4.0640700e+00  -3.1951704e-02  -8.0591200e-03  -3.6825445e-02
   4.7900000e+02   2.0548070e+01   4.0628230e+00  -3.2196396e-02  -8.0829307e-03  -3.6891116e-02
   4.8000000e+02   2.0511600e+01   4.0615760e+00  -3.2440208e-02  -8.1066402e-03  -3.6956574e-02
   4.8100000e+02   2.0475270e+01   4.0603310e+00  -3.2683072e-02  -8.1302469e-03  -3.7021788e-02
   4.8200000e+02   2.0439100e+01   4.0590870e+00  -3.2925066e-02  -8.1537644e-03  -3.7086780e-02
   4.8300000e+02   2.0403070e+01   4.0578450e+00  -3.3166143e-02  -8.1771793e-03  -3.7151535e-02
   4.8400000e+02   2.0367190e+01   4.0566030e+00  -3.3406326e-02  -8.2004955e-03  -3.7216075e-02
   4.8500000e+02   2.0331460e+01   4.0553620e+00  -3.3645630e-02  -8.2237178e-03  -3.7280394e-02
   4.8600000e+02   2.0295870e+01   4.0541230e+00  -3.3884038e-02  -8.2468382e-03  -3.7344482e-02
   4.8700000e+02   2.0260430e+01   4.0528850e+00  -3.4121574e-02  -8.2698661e-03  -3.7408349e-02
   4.8800000e+02   2.0225130e+01   4.0516480e+00  -3.4358207e-02  -8.2927901e-03  -3.7471994e-02
   4.8900000e+02   2.0189970e+01   4.0504120e+00  -3.4593956e-02  -8.3156161e-03  -3.7535420e-02
   4.9000000e+02   2.0154950e+01   4.0491770e+00  -3.4828821e-02  -8.3383393e-03  -3.7598628e-02
   4.9100000e+02   2.0120070e+01   4.0479440e+00  -3.5062793e-02  -8.3609662e-03  -3.7661606e-02
   4.9200000e+02   2.0085330e+01   4.0467110e+00  -3.5295905e-02  -8.3834907e-03  -3.7724379e-02
   4.9300000e+02   2.0050730e+01   4.0454800e+00  -3.5528154e-02  -8.4059189e-03  -3.7786931e-02
   4.9400000e+02   2.0016270e+01   4.0442500e+00  -3.5759508e-02  -8.4282481e-03  -3.7849261e-02
   4.9500000e+02   1.9981940e+01   4.0430220e+00  -3.5989986e-02  -8.4504743e-03  -3.7911370e-02
   4.9600000e+02   1.9947750e+01   4.0417940e+00  -3.6219620e-02  -8.4726008e-03  -3.7973278e-02
   4.9700000e+02   1.9913700e+01   4.0405680e+00  -3.6448367e-02  -8.4946351e-03  -3.8034957e-02
   4.9800000e+02   1.9879780e+01   4.0393430e+00  -3.6676242e-02  -8.5165622e-03  -3.8096428e-02
   4.9900000e+02   1.9845990e+01   4.0381200e+00  -3.6903266e-02  -8.5383898e-03  -3.8157679e-02
   5.0000000e+02   1.9812340e+01   4.0368970e+00  -3.7129427e-02  -8.5601204e-03  -3.8218728e-02
   5.0100000e+02   1.9778810e+01   4.0356760e+00  -3.7354722e-02  -8.5817421e-03  -3.8279561e-02
   5.0200000e+02   1.9745420e+01   4.0344570e+00  -3.7579159e-02  -8.6032709e-03  -3.8340173e-02
   5.0300000e+02   1.9712160e+01   4.0332380e+00  -3.7802765e-02  -8.6246988e-03  -3.8400592e-02
   5.0400000e+02   1.9679020e+01   4.0320210e+00  -3.8025477e-02  -8.6460186e-03  -3.8460788e-02
   5.0500000e+02   1.9646020e+01   4.0308050e+00  -3.8247378e-02  -8.6672478e-03  -3.8520784e-02
   5.0600000e+02   1.9613140e+01   4.0295910e+00  -3.8468407e-02  -8.6883703e-03  -3.8580562e-02
   5.0700000e+02   1.9580390e+01   4.0283780e+00  -3.8688600e-02  -8.7093936e-03  -3.8640137e-02
   5.0800000e+02   1.9547760e+01   4.0271660e+00  -3.8907950e-02  -8.7303106e-03  -3.8699513e-02
   5.0900000e+02   1.9515260e+01   4.0259550e+00  -3.9126461e-02  -8.7511314e-03  -3.8758682e-02
   5.1000000e+02   1.9482880e+01   4.0247460e+00  -3.9344117e-02  -8.7718466e-03  -3.8817640e-02
   5.1100000e+02   1.9450630e+01   4.0235390e+00  -3.9560956e-02  -8.7924691e-03  -3.8876389e-02
   5.1200000e+02   1.9418500e+01   4.0223320e+00  -3.9776961e-02  -8.8129854e-03  -3.8934949e-02
   5.1300000e+02   1.9386490e+01   4.0211270e+00  -3.9992128e-02  -8.8334001e-03  -3.8993298e-02
   5.1400000e+02   1.9354600e+01   4.0199240e+00  -4.0206467e-02  -8.8537136e-03  -3.9051441e-02
   5.1500000e+02   1.9322840e+01   4.0187210e+00  -4.0419988e-02  -8.8739322e-03  -3.9109396e-02
   5.1600000e+02   1.9291190e+01   4.0175210e+00  -4.0632679e-02  -8.8940430e-03  -3.9167137e-02
   5.1700000e+02   1.9259660e+01   4.0163210e+00  -4.0844547e-02  -8.9140505e-03  -3.9224691e-02
   5.1800000e+02   1.9228250e+01   4.0151230e+00  -4.1055606e-02  -8.9339605e-03  -3.9282043e-02
   5.1900000e+02   1.9196960e+01   4.0139270e+00  -4.1265844e-02  -8.9537721e-03  -3.9339189e-02
   5.2000000e+02   1.9165790e+01   4.0127320e+00  -4.1475270e-02  -8.9734874e-03  -3.9396141e-02
   5.2100000e+02   1.9134730e+01   4.0115380e+00  -4.1683895e-02  -8.9930914e-03  -3.9452906e-02
   5.2200000e+02   1.9103780e+01   4.0103460e+00  -4.1891695e-02  -9.0125938e-03  -3.9509467e-02
   5.2300000e+02   1.9072950e+01   4.0091550e+00  -4.2098685e-02  -9.0319956e-03  -3.9565837e-02
   5.2400000e+02   1.9042240e+01   4.0079650e+00  -4.2304885e-02  -9.0513034e-03  -3.9622016e-02
   5.2500000e+02   1.9011640e+01   4.0067780e+00  -4.2510291e-02  -9.0705120e-03  -3.9677991e-02
   5.2600000e+02   1.8981150e+01   4.0055910e+00  -4.2714886e-02  -9.0896117e-03  -3.9733786e-02
   5.2700000e+02   1.8950770e+01   4.0044060e+00  -4.2918694e-02  -9.1086100e-03  -3.9789386e-02
   5.2800000e+02   1.8920510e+01   4.0032230e+00  -4.3121706e-02  -9.1275185e-03  -3.9844786e-02
   5.2900000e+02   1.8890350e+01   4.0020410e+00  -4.3323925e-02  -9.1463124e-03  -3.9900006e-02
   5.3000000e+02   1.8860300e+01   4.0008600e+00  -4.3525365e-02  -9.1650092e-03  -3.9955039e-02
   5.3100000e+02   1.8830370e+01   3.9996810e+00  -4.3726019e-02  -9.1836127e-03  -4.0009879e-02
   5.3200000e+02   1.8800540e+01   3.9985040e+00  -4.3925880e-02  -9.2021097e-03  -4.0064525e-02
   5.3300000e+02   1.8770820e+01   3.9973280e+00  -4.4124970e-02  -9.2205092e-03  -4.0118990e-02
   5.3400000e+02   1.8741210e+01   3.9961530e+00  -4.4323284e-02  -9.2388063e-03  -4.0173273e-02
   5.3500000e+02   1.8711710e+01   3.9949800e+00  -4.4520838e-02  -9.2570094e-03  -4.0227368e-02
   5.3600000e+02   1.8682310e+01   3.9938090e+00  -4.4717613e-02  -9.2751052e-03  -4.0281276e-02
   5.3700000e+02   1.8653010e+01   3.9926390e+00  -4.4913601e-02  -9.2930977e-03  -4.0335001e-02
   5.3800000e+02   1.8623820e+01   3.9914700e+00  -4.5108839e-02  -9.3109930e-03  -4.0388550e-02
   5.3900000e+02   1.8594740e+01   3.9903040e+00  -4.5303325e-02  -9.3287979e-03  -4.0441902e-02
   5.4000000e+02   1.8565760e+01   3.9891380e+00  -4.5497046e-02  -9.3464965e-03  -4.0495089e-02
   5.4100000e+02   1.8536880e+01   3.9879740e+00  -4.5689998e-02  -9.3640908e-03  -4.0548090e-02
   5.4200000e+02   1.8508100e+01   3.9868120e+00  -4.5882191e-02  -9.3815873e-03  -4.0600905e-02
   5.4300000e+02   1.8479430e+01   3.9856520e+00  -4.6073644e-02  -9.3989935e-03  -4.0653537e-02
   5.4400000e+02   1.8450860e+01   3.9844930e+00  -4.6264350e-02  -9.4162965e-03  -4.0705996e-02
   5.4500000e+02   1.8422390e+01   3.9833350e+00  -4.6454295e-02  -9.4334978e-03  -4.0758280e-02
   5.4600000e+02   1.8394010e+01   3.9821790e+00  -4.6643502e-02  -9.4505945e-03  -4.0810388e-02
   5.4700000e+02   1.8365740e+01   3.9810250e+00  -4.6831968e-02  -9.4676030e-03  -4.0862311e-02
   5.4800000e+02   1.8337570e+01   3.9798720e+00  -4.7019707e-02  -9.4845093e-03  -4.0914068e-02
   5.4900000e+02   1.8309490e+01   3.9787210e+00  -4.7206704e-02  -9.5013115e-03  -4.0965647e-02
   5.5000000e+02   1.8281520e+01   3.9775710e+00  -4.7392971e-02  -9.5180261e-03  -4.1017054e-02
   5.5100000e+02   1.8253640e+01   3.9764230e+00  -4.7578511e-02  -9.5346358e-03  -4.1068287e-02
   5.5200000e+02   1.8225850e+01   3.9752760e+00  -4.7763293e-02  -9.5511432e-03  -4.1119346e-02
   5.5300000e+02   1.8198170e+01   3.9741320e+00  -4.7947394e-02  -9.5675663e-03  -4.1170228e-02
   5.5400000e+02   1.8170570e+01   3.9729880e+00  -4.8130739e-02  -9.5838709e-03  -4.1220951e-02
   5.5500000e+02   1.8143080e+01   3.9718470e+00  -4.8313397e-02  -9.6001011e-03  -4.1271491e-02
   5.5600000e+02   1.8115670e+01   3.9707070e+00  -4.8495308e-02  -9.6162145e-03  -4.1321867e-02
   5.5700000e+02   1.8088370e+01   3.9695680e+00  -4.8676526e-02  -9.6322458e-03  -4.1372078e-02
   5.5800000e+02   1.8061150e+01   3.9684310e+00  -4.8857010e-02  -9.6481673e-03  -4.1422118e-02
   5.5900000e+02   1.8034030e+01   3.9672960e+00  -4.9036807e-02  -9.6640010e-03  -4.1471989e-02
   5.6000000e+02   1.8007000e+01   3.9661630e+00  -4.9215890e-02  -9.6797352e-03  -4.1521687e-02
   5.6100000e+02   1.7980060e+01   3.9650310e+00  -4.9394263e-02  -9.6953692e-03  -4.1571225e-02
   5.6200000e+02   1.7953210e+01   3.9639000e+00  -4.9571946e-02  -9.7109056e-03  -4.1620606e-02
   5.6300000e+02   1.7926460e+01   3.9627720e+00  -4.9748937e-02  -9.7263563e-03  -4.1669808e-02
   5.6400000e+02   1.7899790e+01   3.9616450e+00  -4.9925217e-02  -9.7417015e-03  -4.1718852e-02
   5.6500000e+02   1.7873220e+01   3.9605190e+00  -5.0100817e-02  -9.7569601e-03  -4.1767736e-02
   5.6600000e+02   1.7846730e+01   3.9593960e+00  -5.0275728e-02  -9.7721136e-03  -4.1816452e-02
   5.6700000e+02   1.7820330e+01   3.9582730e+00  -5.0449948e-02  -9.7871707e-03  -4.1865017e-02
   5.6800000e+02   1.7794020e+01   3.9571530e+00  -5.0623486e-02  -9.8021379e-03  -4.1913409e-02
   5.6900000e+02   1.7767800e+01   3.9560340e+00  -5.0796350e-02  -9.8170120e-03  -4.1961646e-02
   5.7000000e+02   1.7741670e+01   3.9549170e+00  -5.0968527e-02  -9.8317916e-03  -4.2009720e-02
   5.7100000e+02   1.7715620e+01   3.9538020e+00  -5.1140028e-02  -9.8464730e-03  -4.2057632e-02
   5.7200000e+02   1.7689660e+01   3.9526880e+00  -5.1310847e-02  -9.8610610e-03  -4.2105389e-02
   5.7300000e+02   1.7663780e+01   3.9515760e+00  -5.1481019e-02  -9.8755495e-03  -4.2152993e-02
   5.7400000e+02   1.7638000e+01   3.9504650e+00  -5.1650509e-02  -9.8899597e-03  -4.2200436e-02
   5.7500000e+02   1.7612290e+01   3.9493560e+00  -5.1819339e-02  -9.9042603e-03  -4.2247728e-02
   5.7600000e+02   1.7586670e+01   3.9482490e+00  -5.1987496e-02  -9.9184698e-03  -4.2294858e-02
   5.7700000e+02   1.7561130e+01   3.9471440e+00  -5.2154992e-02  -9.9325873e-03  -4.2341829e-02
   5.7800000e+02   1.7535680e+01   3.9460400e+00  -5.2321842e-02  -9.9466150e-03  -4.2388652e-02
   5.7900000e+02   1.7510310e+01   3.9449380e+00  -5.2488037e-02  -9.9605472e-03  -4.2435320e-02
   5.8000000e+02   1.7485030e+01   3.9438370e+00  -5.2653587e-02  -9.9743934e-03  -4.2481841e-02
   5.8100000e+02   1.7459820e+01   3.9427380e+00  -5.2818476e-02  -9.9881343e-03  -4.2528208e-02
   5.8200000e+02   1.7434700e+01   3.9416410e+00  -5.2982723e-02  -1.0001794e-02  -4.2574418e-02
   5.8300000e+02   1.7409660e+01   3.9405460e+00  -5.3146321e-02  -1.0015360e-02  -4.2620473e-02
   5.8400000e+02   1.7384700e+01   3.9394520e+00  -5.3309289e-02  -1.0028831e-02  -4.2666387e-02
   5.8500000e+02   1.7359820e+01   3.9383600e+00  -5.3471602e-02  -1.0042211e-02  -4.2712146e-02
   5.8600000e+02   1.7335020e+01   3.9372700e+00  -5.3633291e-02  -1.0055500e-02  -4.2757755e-02
   5.8700000e+02   1.7310300e+01   3.9361810e+00  -5.3794353e-02  -1.0068698e-02  -4.2803223e-02
   5.8800000e+02   1.7285660e+01   3.9350940e+00  -5.3954772e-02  -1.0081808e-02  -4.2848538e-02
   5.8900000e+02   1.7261090e+01   3.9340090e+00  -5.4114554e-02  -1.0094816e-02  -4.2893705e-02
   5.9000000e+02   1.7236610e+01   3.9329250e+00  -5.4273736e-02  -1.0107743e-02  -4.2938732e-02
   5.9100000e+02   1.7212200e+01   3.9318430e+00  -5.4432268e-02  -1.0120575e-02  -4.2983608e-02
   5.9200000e+02   1.7187880e+01   3.9307630e+00  -5.4590207e-02  -1.0133330e-02  -4.3028337e-02
   5.9300000e+02   1.7163630e+01   3.9296850e+00  -5.4747511e-02  -1.0145993e-02  -4.3072917e-02
   5.9400000e+02   1.7139450e+01   3.9286080e+00  -5.4904186e-02  -1.0158553e-02  -4.3117360e-02
   5.9500000e+02   1.7115350e+01   3.9275330e+00  -5.5060274e-02  -1.0171029e-02  -4.3161662e-02
   5.9600000e+02   1.7091330e+01   3.9264600e+00  -5.5215748e-02  -1.0183422e-02  -4.3205814e-02
   5.9700000e+02   1.7067380e+01   3.9253880e+00  -5.5370604e-02  -1.0195716e-02  -4.3249833e-02
   5.9800000e+02   1.7043510e+01   3.9243180e+00  -5.5524854e-02  -1.0207931e-02  -4.3293704e-02
   5.9900000e+02   1.7019720e+01   3.9232500e+00  -5.5678530e-02  -1.0220065e-02  -4.3337436e-02
   6.0000000e+02   1.6995990e+01   3.9221830e+00  -5.5831574e-02  -1.0232089e-02  -4.3381034e-02
   6.0100000e+02   1.6972350e+01   3.9211190e+00  -5.5984044e-02  -1.0244053e-02  -4.3424477e-02
   6.0200000e+02   1.6948770e+01   3.9200550e+00  -5.6135900e-02  -1.0255906e-02  -4.3467799e-02
   6.0300000e+02   1.6925270e+01   3.9189940e+00  -5.6287182e-02  -1.0267683e-02  -4.3510973e-02
   6.0400000e+02   1.6901840e+01   3.9179340e+00  -5.6437847e-02  -1.0279367e-02  -4.3554010e-02
   6.0500000e+02   1.6878480e+01   3.9168770e+00  -5.6587935e-02  -1.0290969e-02  -4.3596901e-02
   6.0600000e+02   1.6855200e+01   3.9158200e+00  -5.6737453e-02  -1.0302486e-02  -4.3639672e-02
   6.0700000e+02   1.6831990e+01   3.9147660e+00  -5.6886375e-02  -1.0313920e-02  -4.3682292e-02
   6.0800000e+02   1.6808850e+01   3.9137130e+00  -5.7034723e-02  -1.0325266e-02  -4.3724786e-02
   6.0900000e+02   1.6785780e+01   3.9126620e+00  -5.7182496e-02  -1.0336524e-02  -4.3767142e-02
   6.1000000e+02   1.6762780e+01   3.9116130e+00  -5.7329691e-02  -1.0347695e-02  -4.3809363e-02
   6.1100000e+02   1.6739850e+01   3.9105650e+00  -5.7476297e-02  -1.0358781e-02  -4.3851453e-02
   6.1200000e+02   1.6716990e+01   3.9095190e+00  -5.7622344e-02  -1.0369784e-02  -4.3893408e-02
   6.1300000e+02   1.6694200e+01   3.9084750e+00  -5.7767823e-02  -1.0380702e-02  -4.3935230e-02
   6.1400000e+02   1.6671480e+01   3.9074320e+00  -5.7912743e-02  -1.0391536e-02  -4.3976926e-02
   6.1500000e+02   1.6648830e+01   3.9063920e+00  -5.8057099e-02  -1.0402290e-02  -4.4018478e-02
   6.1600000e+02   1.6626240e+01   3.9053530e+00  -5.8200878e-02  -1.0412947e-02  -4.4059907e-02
   6.1700000e+02   1.6603730e+01   3.9043150e+00  -5.8344115e-02  -1.0423536e-02  -4.4101210e-02
   6.1800000e+02   1.6581280e+01   3.9032800e+00  -5.8486801e-02  -1.0434034e-02  -4.4142376e-02
   6.1900000e+02   1.6558900e+01   3.9022460e+00  -5.8628918e-02  -1.0444450e-02  -4.4183415e-02
   6.2000000e+02   1.6536590e+01   3.9012140e+00  -5.8770490e-02  -1.0454789e-02  -4.4224324e-02
   6.2100000e+02   1.6514340e+01   3.9001830e+00  -5.8911522e-02  -1.0465035e-02  -4.4265116e-02
   6.2200000e+02   1.6492160e+01   3.8991550e+00  -5.9051987e-02  -1.0475207e-02  -4.4305761e-02
   6.2300000e+02   1.6470050e+01   3.8981280e+00  -5.9191916e-02  -1.0485301e-02  -4.4346287e-02
   6.2400000e+02   1.6448000e+01   3.8971020e+00  -5.9331328e-02  -1.0495304e-02  -4.4386702e-02
   6.2500000e+02   1.6426020e+01   3.8960790e+00  -5.9470172e-02  -1.0505233e-02  -4.4426971e-02
   6.2600000e+02   1.6404110e+01   3.8950570e+00  -5.9608506e-02  -1.0515086e-02  -4.4467124e-02
   6.2700000e+02   1.6382250e+01   3.8940370e+00  -5.9746268e-02  -1.0524842e-02  -4.4507148e-02
   6.2800000e+02   1.6360470e+01   3.8930190e+00  -5.9883526e-02  -1.0534538e-02  -4.4547046e-02
   6.2900000e+02   1.6338740e+01   3.8920020e+00  -6.0020239e-02  -1.0544129e-02  -4.4586831e-02
   6.3000000e+02   1.6317090e+01   3.8909870e+00  -6.0156443e-02  -1.0553669e-02  -4.4626485e-02
   6.3100000e+02   1.6295490e+01   3.8899740e+00  -6.0292108e-02  -1.0563108e-02  -4.4666017e-02
   6.3200000e+02   1.6273960e+01   3.8889630e+00  -6.0427240e-02  -1.0572477e-02  -4.4705420e-02
   6.3300000e+02   1.6252490e+01   3.8879530e+00  -6.0561865e-02  -1.0581762e-02  -4.4744711e-02
   6.3400000e+02   1.6231080e+01   3.8869450e+00  -6.0695951e-02  -1.0590968e-02  -4.4783877e-02
   6.3500000e+02   1.6209740e+01   3.8859390e+00  -6.0829545e-02  -1.0600105e-02  -4.4822920e-02
   6.3600000e+02   1.6188460e+01   3.8849340e+00  -6.0962620e-02  -1.0609157e-02  -4.4861851e-02
   6.3700000e+02   1.6167240e+01   3.8839310e+00  -6.1095175e-02  -1.0618131e-02  -4.4900659e-02
   6.3800000e+02   1.6146080e+01   3.8829300e+00  -6.1227228e-02  -1.0627030e-02  -4.4939347e-02
   6.3900000e+02   1.6124980e+01   3.8819310e+00  -6.1358754e-02  -1.0635845e-02  -4.4977910e-02
   6.4000000e+02   1.6103940e+01   3.8809330e+00  -6.1489789e-02  -1.0644584e-02  -4.5016366e-02
   6.4100000e+02   1.6082970e+01   3.8799370e+00  -6.1620328e-02  -1.0653256e-02  -4.5054699e-02
   6.4200000e+02   1.6062050e+01   3.8789430e+00  -6.1750349e-02  -1.0661841e-02  -4.5092912e-02
   6.4300000e+02   1.6041190e+01   3.8779500e+00  -6.1879874e-02  -1.0670347e-02  -4.5131017e-02
   6.4400000e+02   1.6020400e+01   3.8769600e+00  -6.2008918e-02  -1.0678795e-02  -4.5168992e-02
   6.4500000e+02   1.5999660e+01   3.8759700e+00  -6.2137455e-02  -1.0687151e-02  -4.5206871e-02
   6.4600000e+02   1.5978980e+01   3.8749830e+00  -6.2265480e-02  -1.0695432e-02  -4.5244618e-02
   6.4700000e+02   1.5958360e+01   3.8739970e+00  -6.2393037e-02  -1.0703642e-02  -4.5282260e-02
   6.4800000e+02   1.5937800e+01   3.8730140e+00  -6.2520105e-02  -1.0711783e-02  -4.5319774e-02
   6.4900000e+02   1.5917300e+01   3.8720310e+00  -6.2646689e-02  -1.0719845e-02  -4.5357193e-02
   6.5000000e+02   1.5896860e+01   3.8710510e+00  -6.2772780e-02  -1.0727839e-02  -4.5394481e-02
   6.5100000e+02   1.5876470e+01   3.8700720e+00  -6.2898400e-02  -1.0735748e-02  -4.5431671e-02
   6.5200000e+02   1.5856140e+01   3.8690950e+00  -6.3023516e-02  -1.0743585e-02  -4.5468740e-02
   6.5300000e+02   1.5835870e+01   3.8681200e+00  -6.3148179e-02  -1.0751356e-02  -4.5505697e-02
   6.5400000e+02   1.5815660e+01   3.8671460e+00  -6.3272378e-02  -1.0759054e-02  -4.5542552e-02
   6.5500000e+02   1.5795500e+01   3.8661740e+00  -6.3396057e-02  -1.0766674e-02  -4.5579286e-02
   6.5600000e+02   1.5775400e+01   3.8652040e+00  -6.3519300e-02  -1.0774224e-02  -4.5615913e-02
   6.5700000e+02   1.5755350e+01   3.8642350e+00  -6.3642067e-02  -1.0781693e-02  -4.5652438e-02
   6.5800000e+02   1.5735360e+01   3.8632680e+00  -6.3764364e-02  -1.0789097e-02  -4.5688849e-02
   6.5900000e+02   1.5715430e+01   3.8623030e+00  -6.3886187e-02  -1.0796435e-02  -4.5725144e-02
   6.6000000e+02   1.5695550e+01   3.8613400e+00  -6.4007556e-02  -1.0803692e-02  -4.5761333e-02
   6.6100000e+02   1.5675730e+01   3.8603780e+00  -6.4128460e-02  -1.0810887e-02  -4.5797416e-02
   6.6200000e+02   1.5655960e+01   3.8594180e+00  -6.4248896e-02  -1.0818003e-02  -4.5833389e-02
   6.6300000e+02   1.5636250e+01   3.8584600e+00  -6.4368889e-02  -1.0825059e-02  -4.5869253e-02
   6.6400000e+02   1.5616590e+01   3.8575030e+00  -6.4488420e-02  -1.0832036e-02  -4.5905018e-02
   6.6500000e+02   1.5596980e+01   3.8565480e+00  -6.4607490e-02  -1.0838935e-02  -4.5940675e-02
   6.6600000e+02   1.5577430e+01   3.8555950e+00  -6.4726108e-02  -1.0845778e-02  -4.5976219e-02
   6.6700000e+02   1.5557940e+01   3.8546430e+00  -6.4844315e-02  -1.0852560e-02  -4.6011669e-02
   6.6800000e+02   1.5538490e+01   3.8536940e+00  -6.4962017e-02  -1.0859254e-02  -4.6046996e-02
   6.6900000e+02   1.5519100e+01   3.8527460e+00  -6.5079295e-02  -1.0865886e-02  -4.6082227e-02
   6.7000000e+02   1.5499760e+01   3.8517990e+00  -6.5196127e-02  -1.0872445e-02  -4.6117362e-02
   6.7100000e+02   1.5480480e+01   3.8508540e+00  -6.5312552e-02  -1.0878946e-02  -4.6152394e-02
   6.7200000e+02   1.5461250e+01   3.8499110e+00  -6.5428508e-02  -1.0885378e-02  -4.6187314e-02
   6.7300000e+02   1.5442060e+01   3.8489700e+00  -6.5543993e-02  -1.0891725e-02  -4.6222128e-02
   6.7400000e+02   1.5422940e+01   3.8480300e+00  -6.5659103e-02  -1.0898027e-02  -4.6256850e-02
   6.7500000e+02   1.5403860e+01   3.8470920e+00  -6.5773739e-02  -1.0904249e-02  -4.6291463e-02
   6.7600000e+02   1.5384830e+01   3.8461560e+00  -6.5887948e-02  -1.0910400e-02  -4.6325974e-02
   6.7700000e+02   1.5365860e+01   3.8452210e+00  -6.6001733e-02  -1.0916496e-02  -4.6360388e-02
   6.7800000e+02   1.5346940e+01   3.8442880e+00  -6.6115095e-02  -1.0922527e-02  -4.6394699e-02
   6.7900000e+02   1.5328060e+01   3.8433570e+00  -6.6228001e-02  -1.0928474e-02  -4.6428906e-02
   6.8000000e+02   1.5309240e+01   3.8424270e+00  -6.6340511e-02  -1.0934367e-02  -4.6463023e-02
   6.8100000e+02   1.5290470e+01   3.8415000e+00  -6.6452569e-02  -1.0940200e-02  -4.6497018e-02
   6.8200000e+02   1.5271750e+01   3.8405730e+00  -6.6564247e-02  -1.0945961e-02  -4.6530942e-02
   6.8300000e+02   1.5253080e+01   3.8396490e+00  -6.6675479e-02  -1.0951660e-02  -4.6564747e-02
   6.8400000e+02   1.5234460e+01   3.8387260e+00  -6.6786289e-02  -1.0957297e-02  -4.6598460e-02
   6.8500000e+02   1.5215880e+01   3.8378050e+00  -6.6896686e-02  -1.0962853e-02  -4.6632076e-02
   6.8600000e+02   1.5197360e+01   3.8368850e+00  -6.7006679e-02  -1.0968360e-02  -4.6665599e-02
   6.8700000e+02   1.5178890e+01   3.8359670e+00  -6.7116263e-02  -1.0973805e-02  -4.6699022e-02
   6.8800000e+02   1.5160460e+01   3.8350510e+00  -6.7225398e-02  -1.0979177e-02  -4.6732341e-02
   6.8900000e+02   1.5142080e+01   3.8341360e+00  -6.7334157e-02  -1.0984481e-02  -4.6765575e-02
   6.9000000e+02   1.5123760e+01   3.8332230e+00  -6.7442511e-02  -1.0989739e-02  -4.6798707e-02
   6.9100000e+02   1.5105480e+01   3.8323120e+00  -6.7550459e-02  -1.0994929e-02  -4.6831742e-02
   6.9200000e+02   1.5087240e+01   3.8314030e+00  -6.7657974e-02  -1.1000043e-02  -4.6864676e-02
   6.9300000e+02   1.5069060e+01   3.8304950e+00  -6.7765112e-02  -1.1005112e-02  -4.6897521e-02
   6.9400000e+02   1.5050920e+01   3.8295880e+00  -6.7871852e-02  -1.1010105e-02  -4.6930282e-02
   6.9500000e+02   1.5032830e+01   3.8286840e+00  -6.7978180e-02  -1.1015042e-02  -4.6962932e-02
   6.9600000e+02   1.5014790e+01   3.8277810e+00  -6.8084122e-02  -1.1019923e-02  -4.6995495e-02
   6.9700000e+02   1.4996800e+01   3.8268790e+00  -6.8189678e-02  -1.1024744e-02  -4.7027972e-02
   6.9800000e+02   1.4978850e+01   3.8259800e+00  -6.8294810e-02  -1.1029497e-02  -4.7060339e-02
   6.9900000e+02   1.4960950e+01   3.8250820e+00  -6.8399572e-02  -1.1034193e-02  -4.7092623e-02
   7.0000000e+02   1.4943090e+01   3.8241850e+00  -6.8503937e-02  -1.1038819e-02  -4.7124822e-02
   7.0100000e+02   1.4925280e+01   3.8232910e+00  -6.8607913e-02  -1.1043396e-02  -4.7156913e-02
   7.0200000e+02   1.4907520e+01   3.8223980e+00  -6.8711515e-02  -1.1047912e-02  -4.7188921e-02
   7.0300000e+02   1.4889800e+01   3.8215060e+00  -6.8814721e-02  -1.1052361e-02  -4.7220844e-02
   7.0400000e+02   1.4872130e+01   3.8206160e+00  -6.8917540e-02  -1.1056760e-02  -4.7252669e-02
   7.0500000e+02   1.4854500e+01   3.8197280e+00  -6.9019974e-02  -1.1061088e-02  -4.7284404e-02
   7.0600000e+02   1.4836920e+01   3.8188420e+00  -6.9122026e-02  -1.1065371e-02  -4.7316040e-02
   7.0700000e+02   1.4819380e+01   3.8179570e+00  -6.9223701e-02  -1.1069581e-02  -4.7347597e-02
   7.0800000e+02   1.4801890e+01   3.8170730e+00  -6.9325015e-02  -1.1073743e-02  -4.7379070e-02
   7.0900000e+02   1.4784440e+01   3.8161920e+00  -6.9425938e-02  -1.1077846e-02  -4.7410438e-02
   7.1000000e+02   1.4767040e+01   3.8153120e+00  -6.9526492e-02  -1.1081892e-02  -4.7441725e-02
   7.1100000e+02   1.4749680e+01   3.8144330e+00  -6.9626684e-02  -1.1085873e-02  -4.7472933e-02
   7.1200000e+02   1.4732360e+01   3.8135560e+00  -6.9726491e-02  -1.1089794e-02  -4.7504047e-02
   7.1300000e+02   1.4715090e+01   3.8126810e+00  -6.9825922e-02  -1.1093667e-02  -4.7535065e-02
   7.1400000e+02   1.4697870e+01   3.8118080e+00  -6.9925010e-02  -1.1097495e-02  -4.7565994e-02
   7.1500000e+02   1.4680680e+01   3.8109360e+00  -7.0023693e-02  -1.1101245e-02  -4.7596841e-02
   7.1600000e+02   1.4663540e+01   3.8100650e+00  -7.0122061e-02  -1.1104947e-02  -4.7627614e-02
   7.1700000e+02   1.4646440e+01   3.8091960e+00  -7.0220035e-02  -1.1108589e-02  -4.7658292e-02
   7.1800000e+02   1.4629390e+01   3.8083290e+00  -7.0317653e-02  -1.1112183e-02  -4.7688877e-02
   7.1900000e+02   1.4612380e+01   3.8074640e+00  -7.0414915e-02  -1.1115725e-02  -4.7719376e-02
   7.2000000e+02   1.4595410e+01   3.8066000e+00  -7.0511808e-02  -1.1119203e-02  -4.7749793e-02
   7.2100000e+02   1.4578480e+01   3.8057380e+00  -7.0608343e-02  -1.1122623e-02  -4.7780122e-02
   7.2200000e+02   1.4561600e+01   3.8048770e+00  -7.0704547e-02  -1.1126000e-02  -4.7810375e-02
   7.2300000e+02   1.4544760e+01   3.8040180e+00  -7.0800391e-02  -1.1129319e-02  -4.7840537e-02
   7.2400000e+02   1.4527950e+01   3.8031600e+00  -7.0895854e-02  -1.1132565e-02  -4.7870622e-02
   7.2500000e+02   1.4511200e+01   3.8023040e+00  -7.0990995e-02  -1.1135785e-02  -4.7900616e-02
   7.2600000e+02   1.4494480e+01   3.8014500e+00  -7.1085768e-02  -1.1138938e-02  -4.7930523e-02
   7.2700000e+02   1.4477800e+01   3.8005970e+00  -7.1180197e-02  -1.1142029e-02  -4.7960356e-02
   7.2800000e+02   1.4461170e+01   3.7997460e+00  -7.1274300e-02  -1.1145083e-02  -4.7990101e-02
   7.2900000e+02   1.4444570e+01   3.7988960e+00  -7.1368026e-02  -1.1148070e-02  -4.8019767e-02
   7.3000000e+02   1.4428020e+01   3.7980480e+00  -7.1461430e-02  -1.1151014e-02  -4.8049348e-02
   7.3100000e+02   1.4411510e+01   3.7972020e+00  -7.1554487e-02  -1.1153905e-02  -4.8078842e-02
   7.3200000e+02   1.4395040e+01   3.7963570e+00  -7.1647209e-02  -1.1156745e-02  -4.8108261e-02
   7.3300000e+02   1.4378610e+01   3.7955140e+00  -7.1739597e-02  -1.1159533e-02  -4.8137596e-02
   7.3400000e+02   1.4362220e+01   3.7946720e+00  -7.1831628e-02  -1.1162267e-02  -4.8166851e-02
   7.3500000e+02   1.4345860e+01   3.7938320e+00  -7.1923304e-02  -1.1164933e-02  -4.8196024e-02
   7.3600000e+02   1.4329550e+01   3.7929930e+00  -7.2014690e-02  -1.1167565e-02  -4.8225125e-02
   7.3700000e+02   1.4313280e+01   3.7921560e+00  -7.2105736e-02  -1.1170144e-02  -4.8254141e-02
   7.3800000e+02   1.4297050e+01   3.7913210e+00  -7.2196413e-02  -1.1172677e-02  -4.8283063e-02
   7.3900000e+02   1.4280860e+01   3.7904870e+00  -7.2286789e-02  -1.1175158e-02  -4.8311919e-02
   7.4000000e+02   1.4264700e+01   3.7896550e+00  -7.2376822e-02  -1.1177578e-02  -4.8340692e-02
   7.4100000e+02   1.4248590e+01   3.7888240e+00  -7.2466537e-02  -1.1179960e-02  -4.8369388e-02
   7.4200000e+02   1.4232520e+01   3.7879950e+00  -7.2555942e-02  -1.1182294e-02  -4.8398006e-02
   7.4300000e+02   1.4216480e+01   3.7871670e+00  -7.2644991e-02  -1.1184566e-02  -4.8426546e-02
   7.4400000e+02   1.4200480e+01   3.7863410e+00  -7.2733727e-02  -1.1186793e-02  -4.8455006e-02
   7.4500000e+02   1.4184520e+01   3.7855160e+00  -7.2822139e-02  -1.1188969e-02  -4.8483394e-02
   7.4600000e+02   1.4168600e+01   3.7846930e+00  -7.2910228e-02  -1.1191101e-02  -4.8511699e-02
   7.4700000e+02   1.4152720e+01   3.7838720e+00  -7.2997996e-02  -1.1193187e-02  -4.8539920e-02
   7.4800000e+02   1.4136870e+01   3.7830520e+00  -7.3085443e-02  -1.1195216e-02  -4.8568072e-02
   7.4900000e+02   1.4121070e+01   3.7822330e+00  -7.3172613e-02  -1.1197209e-02  -4.8596156e-02
   7.5000000e+02   1.4105300e+01   3.7814170e+00  -7.3259420e-02  -1.1199147e-02  -4.8624142e-02
   7.5100000e+02   1.4089570e+01   3.7806010e+00  -7.3345918e-02  -1.1201039e-02  -4.8652069e-02
   7.5200000e+02   1.4073870e+01   3.7797870e+00  -7.3432121e-02  -1.1202870e-02  -4.8679923e-02
   7.5300000e+02   1.4058210e+01   3.7789750e+00  -7.3517974e-02  -1.1204662e-02  -4.8707685e-02
   7.5400000e+02   1.4042600e+01   3.7781640e+00  -7.3603576e-02  -1.1206423e-02  -4.8735385e-02
   7.5500000e+02   1.4027010e+01   3.7773550e+00  -7.3688810e-02  -1.1208114e-02  -4.8763001e-02
   7.5600000e+02   1.4011470e+01   3.7765470e+00  -7.3773782e-02  -1.1209778e-02  -4.8790551e-02
   7.5700000e+02   1.3995960e+01   3.7757410e+00  -7.3858431e-02  -1.1211386e-02  -4.8818021e-02
   7.5800000e+02   1.3980480e+01   3.7749370e+00  -7.3942730e-02  -1.1212938e-02  -4.8845406e-02
   7.5900000e+02   1.3965050e+01   3.7741330e+00  -7.4026791e-02  -1.1214461e-02  -4.8872740e-02
   7.6000000e+02   1.3949650e+01   3.7733320e+00  -7.4110531e-02  -1.1215934e-02  -4.8899983e-02
   7.6100000e+02   1.3934280e+01   3.7725320e+00  -7.4193932e-02  -1.1217349e-02  -4.8927155e-02
   7.6200000e+02   1.3918960e+01   3.7717330e+00  -7.4277076e-02  -1.1218742e-02  -4.8954259e-02
   7.6300000e+02   1.3903660e+01   3.7709360e+00  -7.4359881e-02  -1.1220065e-02  -4.8981287e-02
   7.6400000e+02   1.3888410e+01   3.7701400e+00  -7.4442445e-02  -1.1221365e-02  -4.9008250e-02
   7.6500000e+02   1.3873190e+01   3.7693460e+00  -7.4524666e-02  -1.1222610e-02  -4.9035132e-02
   7.6600000e+02   1.3858000e+01   3.7685530e+00  -7.4606612e-02  -1.1223804e-02  -4.9061951e-02
   7.6700000e+02   1.3842850e+01   3.7677620e+00  -7.4688232e-02  -1.1224961e-02  -4.9088686e-02
   7.6800000e+02   1.3827740e+01   3.7669730e+00  -7.4769598e-02  -1.1226084e-02  -4.9115348e-02
   7.6900000e+02   1.3812660e+01   3.7661840e+00  -7.4850662e-02  -1.1227152e-02  -4.9141955e-02
   7.7000000e+02   1.3797610e+01   3.7653980e+00  -7.4931416e-02  -1.1228172e-02  -4.9168475e-02
   7.7100000e+02   1.3782600e+01   3.7646130e+00  -7.5011878e-02  -1.1229155e-02  -4.9194925e-02
   7.7200000e+02   1.3767630e+01   3.7638290e+00  -7.5092096e-02  -1.1230104e-02  -4.9221316e-02
   7.7300000e+02   1.3752690e+01   3.7630470e+00  -7.5171994e-02  -1.1231004e-02  -4.9247626e-02
   7.7400000e+02   1.3737780e+01   3.7622660e+00  -7.5251594e-02  -1.1231851e-02  -4.9273873e-02
   7.7500000e+02   1.3722910e+01   3.7614860e+00  -7.5330931e-02  -1.1232665e-02  -4.9300054e-02
   7.7600000e+02   1.3708070e+01   3.7607090e+00  -7.5409964e-02  -1.1233435e-02  -4.9326149e-02
   7.7700000e+02   1.3693270e+01   3.7599320e+00  -7.5488742e-02  -1.1234167e-02  -4.9352193e-02
   7.7800000e+02   1.3678500e+01   3.7591570e+00  -7.5567230e-02  -1.1234856e-02  -4.9378161e-02
   7.7900000e+02   1.3663760e+01   3.7583840e+00  -7.5645411e-02  -1.1235496e-02  -4.9404053e-02
   7.8000000e+02   1.3649060e+01   3.7576120e+00  -7.5723335e-02  -1.1236104e-02  -4.9429880e-02
   7.8100000e+02   1.3634390e+01   3.7568410e+00  -7.5800979e-02  -1.1236664e-02  -4.9455646e-02
   7.8200000e+02   1.3619750e+01   3.7560720e+00  -7.5878327e-02  -1.1237179e-02  -4.9481336e-02
   7.8300000e+02   1.3605150e+01   3.7553050e+00  -7.5955430e-02  -1.1237668e-02  -4.9506956e-02
   7.8400000e+02   1.3590580e+01   3.7545390e+00  -7.6032232e-02  -1.1238107e-02  -4.9532508e-02
   7.8500000e+02   1.3576040e+01   3.7537740e+00  -7.6108777e-02  -1.1238501e-02  -4.9558003e-02
   7.8600000e+02   1.3561540e+01   3.7530110e+00  -7.6185031e-02  -1.1238867e-02  -4.9583417e-02
   7.8700000e+02   1.3547070e+01   3.7522490e+00  -7.6261054e-02  -1.1239192e-02  -4.9608778e-02
   7.8800000e+02   1.3532630e+01   3.7514880e+00  -7.6336772e-02  -1.1239467e-02  -4.9634072e-02
   7.8900000e+02   1.3518220e+01   3.7507300e+00  -7.6412212e-02  -1.1239705e-02  -4.9659282e-02
   7.9000000e+02   1.3503850e+01   3.7499720e+00  -7.6487399e-02  -1.1239911e-02  -4.9684441e-02
   7.9100000e+02   1.3489510e+01   3.7492160e+00  -7.6562336e-02  -1.1240078e-02  -4.9709531e-02
   7.9200000e+02   1.3475200e+01   3.7484610e+00  -7.6636982e-02  -1.1240199e-02  -4.9734556e-02
   7.9300000e+02   1.3460920e+01   3.7477080e+00  -7.6711357e-02  -1.1240280e-02  -4.9759510e-02
   7.9400000e+02   1.3446680e+01   3.7469560e+00  -7.6785503e-02  -1.1240336e-02  -4.9784407e-02
   7.9500000e+02   1.3432460e+01   3.7462060e+00  -7.6859340e-02  -1.1240334e-02  -4.9809227e-02
   7.9600000e+02   1.3418280e+01   3.7454570e+00  -7.6932942e-02  -1.1240307e-02  -4.9833989e-02
   7.9700000e+02   1.3404130e+01   3.7447090e+00  -7.7006292e-02  -1.1240239e-02  -4.9858694e-02
   7.9800000e+02   1.3390010e+01   3.7439630e+00  -7.7079352e-02  -1.1240133e-02  -4.9883320e-02
   7.9900000e+02   1.3375920e+01   3.7432190e+00  -7.7152167e-02  -1.1239989e-02  -4.9907881e-02
   8.0000000e+02   1.3361870e+01   3.7424750e+00  -7.7224743e-02  -1.1239816e-02  -4.9932393e-02
   8.0100000e+02   1.3347840e+01   3.7417330e+00  -7.7297050e-02  -1.1239593e-02  -4.9956837e-02
   8.0200000e+02   1.3333850e+01   3.7409930e+00  -7.7369092e-02  -1.1239347e-02  -4.9981203e-02
   8.0300000e+02   1.3319890e+01   3.7402540e+00  -7.7440890e-02  -1.1239063e-02  -5.0005515e-02
   8.0400000e+02   1.3305950e+01   3.7395160e+00  -7.7512420e-02  -1.1238721e-02  -5.0029770e-02
   8.0500000e+02   1.3292050e+01   3.7387800e+00  -7.7583702e-02  -1.1238364e-02  -5.0053950e-02
   8.0600000e+02   1.3278180e+01   3.7380450e+00  -7.7654753e-02  -1.1237968e-02  -5.0078077e-02
   8.0700000e+02   1.3264340e+01   3.7373110e+00  -7.7725528e-02  -1.1237531e-02  -5.0102141e-02
   8.0800000e+02   1.3250530e+01   3.7365790e+00  -7.7796079e-02  -1.1237062e-02  -5.0126141e-02
   8.0900000e+02   1.3236750e+01   3.7358480e+00  -7.7866353e-02  -1.1236555e-02  -5.0150077e-02
   8.1000000e+02   1.3223000e+01   3.7351190e+00  -7.7936390e-02  -1.1236015e-02  -5.0173947e-02
   8.1100000e+02   1.3209280e+01   3.7343910e+00  -7.8006189e-02  -1.1235439e-02  -5.0197762e-02
   8.1200000e+02   1.3195590e+01   3.7336640e+00  -7.8075742e-02  -1.1234827e-02  -5.0221518e-02
   8.1300000e+02   1.3181930e+01   3.7329390e+00  -7.8145036e-02  -1.1234179e-02  -5.0245203e-02
   8.1400000e+02   1.3168300e+01   3.7322150e+00  -7.8214097e-02  -1.1233501e-02  -5.0268833e-02
   8.1500000e+02   1.3154700e+01   3.7314930e+00  -7.8282912e-02  -1.1232789e-02  -5.0292395e-02
   8.1600000e+02   1.3141130e+01   3.7307720e+00  -7.8351473e-02  -1.1232041e-02  -5.0315897e-02
   8.1700000e+02   1.3127580e+01   3.7300520e+00  -7.8419794e-02  -1.1231244e-02  -5.0339346e-02
   8.1800000e+02   1.3114070e+01   3.7293340e+00  -7.8487880e-02  -1.1230431e-02  -5.0362726e-02
   8.1900000e+02   1.3100590e+01   3.7286170e+00  -7.8555742e-02  -1.1229587e-02  -5.0386050e-02
   8.2000000e+02   1.3087130e+01   3.7279010e+00  -7.8623358e-02  -1.1228693e-02  -5.0409322e-02
   8.2100000e+02   1.3073710e+01   3.7271870e+00  -7.8690731e-02  -1.1227784e-02  -5.0432521e-02
   8.2200000e+02   1.3060310e+01   3.7264740e+00  -7.8757873e-02  -1.1226829e-02  -5.0455669e-02
   8.2300000e+02   1.3046940e+01   3.7257620e+00  -7.8824780e-02  -1.1225841e-02  -5.0478762e-02
   8.2400000e+02   1.3033600e+01   3.7250520e+00  -7.8891443e-02  -1.1224824e-02  -5.0501784e-02
   8.2500000e+02   1.3020290e+01   3.7243430e+00  -7.8957878e-02  -1.1223775e-02  -5.0524753e-02
   8.2600000e+02   1.3007010e+01   3.7236350e+00  -7.9024084e-02  -1.1222695e-02  -5.0547665e-02
   8.2700000e+02   1.2993760e+01   3.7229290e+00  -7.9090062e-02  -1.1221590e-02  -5.0570513e-02
   8.2800000e+02   1.2980530e+01   3.7222240e+00  -7.9155797e-02  -1.1220436e-02  -5.0593307e-02
   8.2900000e+02   1.2967330e+01   3.7215200e+00  -7.9221296e-02  -1.1219250e-02  -5.0616045e-02
   8.3000000e+02   1.2954160e+01   3.7208180e+00  -7.9286584e-02  -1.1218041e-02  -5.0638718e-02
   8.3100000e+02   1.2941020e+01   3.7201170e+00  -7.9351632e-02  -1.1216802e-02  -5.0661335e-02
   8.3200000e+02   1.2927910e+01   3.7194180e+00  -7.9416468e-02  -1.1215537e-02  -5.0683890e-02
   8.3300000e+02   1.2914820e+01   3.7187190e+00  -7.9481060e-02  -1.1214223e-02  -5.0706400e-02
   8.3400000e+02   1.2901770e+01   3.7180220e+00  -7.9545458e-02  -1.1212902e-02  -5.0728847e-02
   8.3500000e+02   1.2888730e+01   3.7173270e+00  -7.9609577e-02  -1.1211522e-02  -5.0751226e-02
   8.3600000e+02   1.2875730e+01   3.7166320e+00  -7.9673500e-02  -1.1210126e-02  -5.0773564e-02
   8.3700000e+02   1.2862760e+01   3.7159390e+00  -7.9737231e-02  -1.1208709e-02  -5.0795841e-02
   8.3800000e+02   1.2849810e+01   3.7152480e+00  -7.9800692e-02  -1.1207250e-02  -5.0818048e-02
   8.3900000e+02   1.2836890e+01   3.7145570e+00  -7.9863976e-02  -1.1205763e-02  -5.0840220e-02
   8.4000000e+02   1.2823990e+01   3.7138680e+00  -7.9926982e-02  -1.1204233e-02  -5.0862322e-02
   8.4100000e+02   1.2811130e+01   3.7131800e+00  -7.9989824e-02  -1.1202697e-02  -5.0884374e-02
   8.4200000e+02   1.2798290e+01   3.7124940e+00  -8.0052426e-02  -1.1201122e-02  -5.0906362e-02
   8.4300000e+02   1.2785470e+01   3.7118090e+00  -8.0114784e-02  -1.1199504e-02  -5.0928296e-02
   8.4400000e+02   1.2772690e+01   3.7111250e+00  -8.0176958e-02  -1.1197879e-02  -5.0950178e-02
   8.4500000e+02   1.2759930e+01   3.7104420e+00  -8.0238909e-02  -1.1196209e-02  -5.0972009e-02
   8.4600000e+02   1.2747190e+01   3.7097610e+00  -8.0300633e-02  -1.1194505e-02  -5.0993778e-02
   8.4700000e+02   1.2734490e+01   3.7090810e+00  -8.0362171e-02  -1.1192792e-02  -5.1015495e-02
   8.4800000e+02   1.2721810e+01   3.7084020e+00  -8.0423468e-02  -1.1191040e-02  -5.1037158e-02
   8.4900000e+02   1.2709150e+01   3.7077250e+00  -8.0484541e-02  -1.1189249e-02  -5.1058758e-02
   8.5000000e+02   1.2696530e+01   3.7070480e+00  -8.0545453e-02  -1.1187452e-02  -5.1080321e-02
   8.5100000e+02   1.2683920e+01   3.7063740e+00  -8.0606089e-02  -1.1185600e-02  -5.1101807e-02
   8.5200000e+02   1.2671350e+01   3.7057000e+00  -8.0666558e-02  -1.1183742e-02  -5.1123255e-02
   8.5300000e+02   1.2658800e+01   3.7050280e+00  -8.0726793e-02  -1.1181849e-02  -5.1144639e-02
   8.5400000e+02   1.2646280e+01   3.7043560e+00  -8.0786853e-02  -1.1179933e-02  -5.1165987e-02
   8.5500000e+02   1.2633780e+01   3.7036870e+00  -8.0846677e-02  -1.1177981e-02  -5.1187259e-02
   8.5600000e+02   1.2621310e+01   3.7030180e+00  -8.0906310e-02  -1.1176007e-02  -5.1208493e-02
   8.5700000e+02   1.2608860e+01   3.7023510e+00  -8.0965707e-02  -1.1173998e-02  -5.1229663e-02
   8.5800000e+02   1.2596440e+01   3.7016850e+00  -8.1024935e-02  -1.1171969e-02  -5.1250788e-02
   8.5900000e+02   1.2584040e+01   3.7010200e+00  -8.1083915e-02  -1.1169902e-02  -5.1271857e-02
   8.6000000e+02   1.2571670e+01   3.7003560e+00  -8.1142729e-02  -1.1167816e-02  -5.1292880e-02
   8.6100000e+02   1.2559330e+01   3.6996940e+00  -8.1201344e-02  -1.1165714e-02  -5.1313841e-02
   8.6200000e+02   1.2547010e+01   3.6990330e+00  -8.1259736e-02  -1.1163575e-02  -5.1334751e-02
   8.6300000e+02   1.2534710e+01   3.6983730e+00  -8.1317920e-02  -1.1161401e-02  -5.1355612e-02
   8.6400000e+02   1.2522440e+01   3.6977150e+00  -8.1375904e-02  -1.1159211e-02  -5.1376412e-02
   8.6500000e+02   1.2510200e+01   3.6970570e+00  -8.1433711e-02  -1.1156999e-02  -5.1397175e-02
   8.6600000e+02   1.2497980e+01   3.6964010e+00  -8.1491317e-02  -1.1154757e-02  -5.1417880e-02
   8.6700000e+02   1.2485780e+01   3.6957460e+00  -8.1548703e-02  -1.1152480e-02  -5.1438534e-02
   8.6800000e+02   1.2473610e+01   3.6950930e+00  -8.1605881e-02  -1.1150186e-02  -5.1459123e-02
   8.6900000e+02   1.2461470e+01   3.6944400e+00  -8.1662900e-02  -1.1147874e-02  -5.1479680e-02
   8.7000000e+02   1.2449350e+01   3.6937890e+00  -8.1719710e-02  -1.1145534e-02  -5.1500175e-02
   8.7100000e+02   1.2437250e+01   3.6931390e+00  -8.1776307e-02  -1.1143156e-02  -5.1520623e-02
   8.7200000e+02   1.2425180e+01   3.6924910e+00  -8.1832710e-02  -1.1140765e-02  -5.1541007e-02
   8.7300000e+02   1.2413130e+01   3.6918430e+00  -8.1888926e-02  -1.1138341e-02  -5.1561357e-02
   8.7400000e+02   1.2401110e+01   3.6911970e+00  -8.1944957e-02  -1.1135902e-02  -5.1581649e-02
   8.7500000e+02   1.2389110e+01   3.6905520e+00  -8.2000780e-02  -1.1133433e-02  -5.1601890e-02
   8.7600000e+02   1.2377130e+01   3.6899080e+00  -8.2056411e-02  -1.1130930e-02  -5.1622085e-02
   8.7700000e+02   1.2365180e+01   3.6892650e+00  -8.2111874e-02  -1.1128413e-02  -5.1642234e-02
   8.7800000e+02   1.2353250e+01   3.6886240e+00  -8.2167123e-02  -1.1125867e-02  -5.1662323e-02
   8.7900000e+02   1.2341350e+01   3.6879840e+00  -8.2222177e-02  -1.1123305e-02  -5.1682359e-02
   8.8000000e+02   1.2329470e+01   3.6873450e+00  -8.2277057e-02  -1.1120715e-02  -5.1702352e-02
   8.8100000e+02   1.2317610e+01   3.6867070e+00  -8.2331747e-02  -1.1118094e-02  -5.1722301e-02
   8.8200000e+02   1.2305780e+01   3.6860700e+00  -8.2386241e-02  -1.1115459e-02  -5.1742197e-02
   8.8300000e+02   1.2293970e+01   3.6854350e+00  -8.2440554e-02  -1.1112799e-02  -5.1762039e-02
   8.8400000e+02   1.2282180e+01   3.6848010e+00  -8.2494664e-02  -1.1110105e-02  -5.1781831e-02
   8.8500000e+02   1.2270420e+01   3.6841680e+00  -8.2548604e-02  -1.1107400e-02  -5.1801576e-02
   8.8600000e+02   1.2258680e+01   3.6835360e+00  -8.2602352e-02  -1.1104667e-02  -5.1821276e-02
   8.8700000e+02   1.2246970e+01   3.6829050e+00  -8.2655961e-02  -1.1101924e-02  -5.1840934e-02
   8.8800000e+02   1.2235270e+01   3.6822760e+00  -8.2709309e-02  -1.1099132e-02  -5.1860526e-02
   8.8900000e+02   1.2223610e+01   3.6816470e+00  -8.2762549e-02  -1.1096349e-02  -5.1880088e-02
   8.9000000e+02   1.2211960e+01   3.6810200e+00  -8.2815545e-02  -1.1093518e-02  -5.1899589e-02
   8.9100000e+02   1.2200340e+01   3.6803940e+00  -8.2868413e-02  -1.1090682e-02  -5.1919050e-02
   8.9200000e+02   1.2188730e+01   3.6797700e+00  -8.2921010e-02  -1.1087798e-02  -5.1938443e-02
   8.9300000e+02   1.2177160e+01   3.6791460e+00  -8.2973521e-02  -1.1084923e-02  -5.1957810e-02
   8.9400000e+02   1.2165600e+01   3.6785240e+00  -8.3025802e-02  -1.1082004e-02  -5.1977117e-02
   8.9500000e+02   1.2154070e+01   3.6779020e+00  -8.3077931e-02  -1.1079071e-02  -5.1996393e-02
   8.9600000e+02   1.2142560e+01   3.6772820e+00  -8.3129860e-02  -1.1076118e-02  -5.2015607e-02
   8.9700000e+02   1.2131070e+01   3.6766630e+00  -8.3181622e-02  -1.1073136e-02  -5.2034780e-02
   8.9800000e+02   1.2119610e+01   3.6760460e+00  -8.3233207e-02  -1.1070149e-02  -5.2053892e-02
   8.9900000e+02   1.2108160e+01   3.6754290e+00  -8.3284604e-02  -1.1067115e-02  -5.2072975e-02
   9.0000000e+02   1.2096740e+01   3.6748130e+00  -8.3335852e-02  -1.1064073e-02  -5.2092014e-02
   9.0100000e+02   1.2085350e+01   3.6741990e+00  -8.3386911e-02  -1.1061028e-02  -5.2110989e-02
   9.0200000e+02   1.2073970e+01   3.6735860e+00  -8.3437788e-02  -1.1057938e-02  -5.2129926e-02
   9.0300000e+02   1.2062620e+01   3.6729740e+00  -8.3488493e-02  -1.1054842e-02  -5.2148812e-02
   9.0400000e+02   1.2051280e+01   3.6723630e+00  -8.3539006e-02  -1.1051699e-02  -5.2167658e-02
   9.0500000e+02   1.2039970e+01   3.6717530e+00  -8.3589389e-02  -1.1048555e-02  -5.2186463e-02
   9.0600000e+02   1.2028690e+01   3.6711450e+00  -8.3639569e-02  -1.1045406e-02  -5.2205202e-02
   9.0700000e+02   1.2017420e+01   3.6705370e+00  -8.3689604e-02  -1.1042210e-02  -5.2223919e-02
   9.0800000e+02   1.2006170e+01   3.6699310e+00  -8.3739426e-02  -1.1038995e-02  -5.2242574e-02
   9.0900000e+02   1.1994950e+01   3.6693260e+00  -8.3789106e-02  -1.1035775e-02  -5.2261185e-02
   9.1000000e+02   1.1983750e+01   3.6687220e+00  -8.3838617e-02  -1.1032529e-02  -5.2279754e-02
   9.1100000e+02   1.1972570e+01   3.6681190e+00  -8.3887938e-02  -1.1029262e-02  -5.2298274e-02
   9.1200000e+02   1.1961410e+01   3.6675170e+00  -8.3937125e-02  -1.1025973e-02  -5.2316759e-02
   9.1300000e+02   1.1950280e+01   3.6669160e+00  -8.3986138e-02  -1.1022679e-02  -5.2335195e-02
   9.1400000e+02   1.1939160e+01   3.6663170e+00  -8.4034957e-02  -1.1019348e-02  -5.2353576e-02
   9.1500000e+02   1.1928070e+01   3.6657180e+00  -8.4083637e-02  -1.1016009e-02  -5.2371926e-02
   9.1600000e+02   1.1916990e+01   3.6651210e+00  -8.4132116e-02  -1.1012632e-02  -5.2390220e-02
   9.1700000e+02   1.1905940e+01   3.6645240e+00  -8.4180476e-02  -1.1009250e-02  -5.2408487e-02
   9.1800000e+02   1.1894910e+01   3.6639290e+00  -8.4228637e-02  -1.1005851e-02  -5.2426692e-02
   9.1900000e+02   1.1883900e+01   3.6633350e+00  -8.4276651e-02  -1.1002426e-02  -5.2444860e-02
   9.2000000e+02   1.1872910e+01   3.6627420e+00  -8.4324482e-02  -1.0998985e-02  -5.2462980e-02
   9.2100000e+02   1.1861950e+01   3.6621510e+00  -8.4372175e-02  -1.0995541e-02  -5.2481047e-02
   9.2200000e+02   1.1851000e+01   3.6615600e+00  -8.4419695e-02  -1.0992060e-02  -5.2499085e-02
   9.2300000e+02   1.1840070e+01   3.6609700e+00  -8.4467038e-02  -1.0988557e-02  -5.2517078e-02
   9.2400000e+02   1.1829170e+01   3.6603820e+00  -8.4514243e-02  -1.0985054e-02  -5.2535017e-02
   9.2500000e+02   1.1818280e+01   3.6597940e+00  -8.4561282e-02  -1.0981509e-02  -5.2552931e-02
   9.2600000e+02   1.1807420e+01   3.6592080e+00  -8.4608159e-02  -1.0977969e-02  -5.2570784e-02
   9.2700000e+02   1.1796570e+01   3.6586230e+00  -8.4654856e-02  -1.0974391e-02  -5.2588596e-02
   9.2800000e+02   1.1785750e+01   3.6580390e+00  -8.4701419e-02  -1.0970811e-02  -5.2606366e-02
   9.2900000e+02   1.1774950e+01   3.6574550e+00  -8.4747837e-02  -1.0967208e-02  -5.2624110e-02
   9.3000000e+02   1.1764170e+01   3.6568730e+00  -8.4794083e-02  -1.0963591e-02  -5.2641796e-02
   9.3100000e+02   1.1753400e+01   3.6562930e+00  -8.4840127e-02  -1.0959942e-02  -5.2659425e-02
   9.3200000e+02   1.1742660e+01   3.6557130e+00  -8.4886067e-02  -1.0956289e-02  -5.2677030e-02
   9.3300000e+02   1.1731940e+01   3.6551340e+00  -8.4931845e-02  -1.0952618e-02  -5.2694592e-02
   9.3400000e+02   1.1721240e+01   3.6545560e+00  -8.4977456e-02  -1.0948930e-02  -5.2712109e-02
   9.3500000e+02   1.1710560e+01   3.6539800e+00  -8.5022926e-02  -1.0945226e-02  -5.2729578e-02
   9.3600000e+02   1.1699900e+01   3.6534040e+00  -8.5068244e-02  -1.0941503e-02  -5.2747017e-02
   9.3700000e+02   1.1689250e+01   3.6528300e+00  -8.5113348e-02  -1.0937747e-02  -5.2764394e-02
   9.3800000e+02   1.1678630e+01   3.6522560e+00  -8.5158363e-02  -1.0933988e-02  -5.2781752e-02
   9.3900000e+02   1.1668030e+01   3.6516840e+00  -8.5203214e-02  -1.0930220e-02  -5.2799053e-02
   9.4000000e+02   1.1657450e+01   3.6511120e+00  -8.5247926e-02  -1.0926432e-02  -5.2816327e-02
   9.4100000e+02   1.1646880e+01   3.6505420e+00  -8.5292439e-02  -1.0922608e-02  -5.2833545e-02
   9.4200000e+02   1.1636340e+01   3.6499730e+00  -8.5336847e-02  -1.0918792e-02  -5.2850726e-02
   9.4300000e+02   1.1625820e+01   3.6494050e+00  -8.5381094e-02  -1.0914957e-02  -5.2867864e-02
   9.4400000e+02   1.1615310e+01   3.6488380e+00  -8.5425157e-02  -1.0911090e-02  -5.2884958e-02
   9.4500000e+02   1.1604830e+01   3.6482720e+00  -8.5469105e-02  -1.0907225e-02  -5.2902014e-02
   9.4600000e+02   1.1594360e+01   3.6477070e+00  -8.5512888e-02  -1.0903327e-02  -5.2919031e-02
   9.4700000e+02   1.1583920e+01   3.6471430e+00  -8.5556556e-02  -1.0899434e-02  -5.2936009e-02
   9.4800000e+02   1.1573490e+01   3.6465800e+00  -8.5600029e-02  -1.0895504e-02  -5.2952942e-02
   9.4900000e+02   1.1563080e+01   3.6460180e+00  -8.5643383e-02  -1.0891565e-02  -5.2969840e-02
   9.5000000e+02   1.1552700e+01   3.6454570e+00  -8.5686591e-02  -1.0887625e-02  -5.2986692e-02
   9.5100000e+02   1.1542330e+01   3.6448970e+00  -8.5729650e-02  -1.0883658e-02  -5.3003509e-02
   9.5200000e+02   1.1531980e+01   3.6443390e+00  -8.5772545e-02  -1.0879678e-02  -5.3020269e-02
   9.5300000e+02   1.1521650e+01   3.6437810e+00  -8.5815324e-02  -1.0875682e-02  -5.3037007e-02
   9.5400000e+02   1.1511330e+01   3.6432240e+00  -8.5857929e-02  -1.0871653e-02  -5.3053704e-02
   9.5500000e+02   1.1501040e+01   3.6426680e+00  -8.5900401e-02  -1.0867629e-02  -5.3070358e-02
   9.5600000e+02   1.1490770e+01   3.6421140e+00  -8.5942731e-02  -1.0863598e-02  -5.3086960e-02
   9.5700000e+02   1.1480510e+01   3.6415600e+00  -8.5984913e-02  -1.0859531e-02  -5.3103538e-02
   9.5800000e+02   1.1470270e+01   3.6410070e+00  -8.6026962e-02  -1.0855453e-02  -5.3120077e-02
   9.5900000e+02   1.1460060e+01   3.6404560e+00  -8.6068859e-02  -1.0851383e-02  -5.3136558e-02
   9.6000000e+02   1.1449860e+01   3.6399050e+00  -8.6110633e-02  -1.0847279e-02  -5.3153020e-02
   9.6100000e+02   1.1439680e+01   3.6393550e+00  -8.6152264e-02  -1.0843163e-02  -5.3169442e-02
   9.6200000e+02   1.1429510e+01   3.6388070e+00  -8.6193715e-02  -1.0839021e-02  -5.3185808e-02
   9.6300000e+02   1.1419370e+01   3.6382590e+00  -8.6235065e-02  -1.0834883e-02  -5.3202150e-02
   9.6400000e+02   1.1409240e+01   3.6377130e+00  -8.6276227e-02  -1.0830717e-02  -5.3218435e-02
   9.6500000e+02   1.1399140e+01   3.6371670e+00  -8.6317312e-02  -1.0826558e-02  -5.3234700e-02
   9.6600000e+02   1.1389050e+01   3.6366230e+00  -8.6358232e-02  -1.0822373e-02  -5.3250914e-02
   9.6700000e+02   1.1378980e+01   3.6360790e+00  -8.6399017e-02  -1.0818171e-02  -5.3267100e-02
   9.6800000e+02   1.1368920e+01   3.6355360e+00  -8.6439652e-02  -1.0813944e-02  -5.3283249e-02
   9.6900000e+02   1.1358890e+01   3.6349950e+00  -8.6480166e-02  -1.0809724e-02  -5.3299346e-02
   9.7000000e+02   1.1348870e+01   3.6344540e+00  -8.6520521e-02  -1.0805476e-02  -5.3315414e-02
   9.7100000e+02   1.1338870e+01   3.6339150e+00  -8.6560728e-02  -1.0801219e-02  -5.3331430e-02
   9.7200000e+02   1.1328890e+01   3.6333760e+00  -8.6600841e-02  -1.0796950e-02  -5.3347427e-02
   9.7300000e+02   1.1318930e+01   3.6328380e+00  -8.6640825e-02  -1.0792675e-02  -5.3363386e-02
   9.7400000e+02   1.1308990e+01   3.6323020e+00  -8.6680629e-02  -1.0788389e-02  -5.3379284e-02
   9.7500000e+02   1.1299060e+01   3.6317660e+00  -8.6720315e-02  -1.0784074e-02  -5.3395164e-02
   9.7600000e+02   1.1289150e+01   3.6312310e+00  -8.6759886e-02  -1.0779751e-02  -5.3411008e-02
   9.7700000e+02   1.1279260e+01   3.6306970e+00  -8.6799317e-02  -1.0775418e-02  -5.3426812e-02
   9.7800000e+02   1.1269390e+01   3.6301650e+00  -8.6838594e-02  -1.0771081e-02  -5.3442561e-02
   9.7900000e+02   1.1259530e+01   3.6296330e+00  -8.6877739e-02  -1.0766710e-02  -5.3458289e-02
   9.8000000e+02   1.1249690e+01   3.6291020e+00  -8.6916769e-02  -1.0762336e-02  -5.3473980e-02
   9.8100000e+02   1.1239870e+01   3.6285720e+00  -8.6955676e-02  -1.0757953e-02  -5.3489635e-02
   9.8200000e+02   1.1230070e+01   3.6280430e+00  -8.6994438e-02  -1.0753561e-02  -5.3505248e-02
   9.8300000e+02   1.1220280e+01   3.6275150e+00  -8.7033052e-02  -1.0749143e-02  -5.3520823e-02
   9.8400000e+02   1.1210520e+01   3.6269890e+00  -8.7071572e-02  -1.0744740e-02  -5.3536352e-02
   9.8500000e+02   1.1200760e+01   3.6264630e+00  -8.7109909e-02  -1.0740288e-02  -5.3551852e-02
   9.8600000e+02   1.1191030e+01   3.6259380e+00  -8.7148172e-02  -1.0735852e-02  -5.3567320e-02
   9.8700000e+02   1.1181310e+01   3.6254130e+00  -8.7186291e-02  -1.0731384e-02  -5.3582762e-02
   9.8800000e+02   1.1171610e+01   3.6248900e+00  -8.7224265e-02  -1.0726911e-02  -5.3598152e-02
   9.8900000e+02   1.1161930e+01   3.6243680e+00  -8.7262108e-02  -1.0722434e-02  -5.3613502e-02
   9.9000000e+02   1.1152270e+01   3.6238470e+00  -8.7299847e-02  -1.0717953e-02  -5.3628819e-02
   9.9100000e+02   1.1142620e+01   3.6233270e+00  -8.7337443e-02  -1.0713443e-02  -5.3644100e-02
   9.9200000e+02   1.1132990e+01   3.6228070e+00  -8.7374924e-02  -1.0708928e-02  -5.3659355e-02
   9.9300000e+02   1.1123370e+01   3.6222890e+00  -8.7412250e-02  -1.0704388e-02  -5.3674561e-02
   9.9400000e+02   1.1113780e+01   3.6217710e+00  -8.7449504e-02  -1.0699860e-02  -5.3689746e-02
   9.9500000e+02   1.1104200e+01   3.6212550e+00  -8.7486599e-02  -1.0695311e-02  -5.3704880e-02
   9.9600000e+02   1.1094630e+01   3.6207390e+00  -8.7523547e-02  -1.0690733e-02  -5.3719987e-02
   9.9700000e+02   1.1085090e+01   3.6202250e+00  -8.7560411e-02  -1.0686176e-02  -5.3735048e-02
   9.9800000e+02   1.1075560e+01   3.6197110e+00  -8.7597121e-02  -1.0681589e-02  -5.3750081e-02
   9.9900000e+02   1.1066040e+01   3.6191980e+00  -8.7633709e-02  -1.0676978e-02  -5.3765083e-02
   1.0000000e+03   1.1056550e+01   3.6186860e+00  -8.7670204e-02  -1.0672385e-02  -5.3780047e-02
   1.0010000e+03   1.1047060e+01   3.6181750e+00  -8.7706523e-02  -1.0667747e-02  -5.3794973e-02
   1.0020000e+03   1.1037600e+01   3.6176650e+00  -8.7742769e-02  -1.0663125e-02  -5.3809867e-02
   1.0030000e+03   1.1028150e+01   3.6171560e+00  -8.7778862e-02  -1.0658480e-02  -5.3824721e-02
   1.0040000e+03   1.1018720e+01   3.6166480e+00  -8.7814855e-02  -1.0653831e-02  -5.3839542e-02
   1.0050000e+03   1.1009310e+01   3.6161410e+00  -8.7850720e-02  -1.0649179e-02  -5.3854324e-02
   1.0060000e+03   1.0999910e+01   3.6156350e+00  -8.7886457e-02  -1.0644506e-02  -5.3869072e-02
   1.0070000e+03   1.0990530e+01   3.6151290e+00  -8.7922077e-02  -1.0639825e-02  -5.3883794e-02
   1.0080000e+03   1.0981160e+01   3.6146250e+00  -8.7957572e-02  -1.0635125e-02  -5.3898472e-02
   1.0090000e+03   1.0971810e+01   3.6141210e+00  -8.7992954e-02  -1.0630420e-02  -5.3913125e-02
   1.0100000e+03   1.0962480e+01   3.6136180e+00  -8.8028223e-02  -1.0625711e-02  -5.3927742e-02
   1.0110000e+03   1.0953160e+01   3.6131170e+00  -8.8063342e-02  -1.0620985e-02  -5.3942309e-02
   1.0120000e+03   1.0943860e+01   3.6126160e+00  -8.8098366e-02  -1.0616253e-02  -5.3956854e-02
   1.0130000e+03   1.0934580e+01   3.6121160e+00  -8.8133300e-02  -1.0611520e-02  -5.3971368e-02
   1.0140000e+03   1.0925310e+01   3.6116170e+00  -8.8168071e-02  -1.0606764e-02  -5.3985841e-02
   1.0150000e+03   1.0916060e+01   3.6111180e+00  -8.8202767e-02  -1.0602004e-02  -5.4000297e-02
   1.0160000e+03   1.0906820e+01   3.6106210e+00  -8.8237328e-02  -1.0597228e-02  -5.4014705e-02
   1.0170000e+03   1.0897600e+01   3.6101250e+00  -8.8271747e-02  -1.0592450e-02  -5.4029071e-02
   1.0180000e+03   1.0888390e+01   3.6096290e+00  -8.8306064e-02  -1.0587647e-02  -5.4043419e-02
   1.0190000e+03   1.0879200e+01   3.6091350e+00  -8.8340270e-02  -1.0582847e-02  -5.4057721e-02
   1.0200000e+03   1.0870030e+01   3.6086410e+00  -8.8374368e-02  -1.0578041e-02  -5.4071998e-02
   1.0210000e+03   1.0860870e+01   3.6081480e+00  -8.8408343e-02  -1.0573217e-02  -5.4086241e-02
   1.0220000e+03   1.0851730e+01   3.6076560e+00  -8.8442221e-02  -1.0568393e-02  -5.4100452e-02
   1.0230000e+03   1.0842600e+01   3.6071650e+00  -8.8475947e-02  -1.0563546e-02  -5.4114622e-02
   1.0240000e+03   1.0833490e+01   3.6066750e+00  -8.8509573e-02  -1.0558702e-02  -5.4128759e-02
   1.0250000e+03   1.0824400e+01   3.6061860e+00  -8.8543122e-02  -1.0553859e-02  -5.4142866e-02
   1.0260000e+03   1.0815320e+01   3.6056970e+00  -8.8576534e-02  -1.0548991e-02  -5.4156948e-02
   1.0270000e+03   1.0806250e+01   3.6052100e+00  -8.8609798e-02  -1.0544107e-02  -5.4170980e-02
   1.0280000e+03   1.0797200e+01   3.6047230e+00  -8.8642996e-02  -1.0539222e-02  -5.4184997e-02
   1.0290000e+03   1.0788170e+01   3.6042370e+00  -8.8676065e-02  -1.0534336e-02  -5.4198973e-02
   1.0300000e+03   1.0779150e+01   3.6037520e+00  -8.8709024e-02  -1.0529431e-02  -5.4212918e-02
   1.0310000e+03   1.0770150e+01   3.6032680e+00  -8.8741873e-02  -1.0524526e-02  -5.4226827e-02
   1.0320000e+03   1.0761160e+01   3.6027850e+00  -8.8774614e-02  -1.0519605e-02  -5.4240705e-02
   1.0330000e+03   1.0752190e+01   3.6023030e+00  -8.8807242e-02  -1.0514685e-02  -5.4254546e-02
   1.0340000e+03   1.0743230e+01   3.6018210e+00  -8.8839775e-02  -1.0509745e-02  -5.4268371e-02
   1.0350000e+03   1.0734290e+01   3.6013400e+00  -8.8872193e-02  -1.0504805e-02  -5.4282157e-02
   1.0360000e+03   1.0725360e+01   3.6008610e+00  -8.8904454e-02  -1.0499848e-02  -5.4295892e-02
   1.0370000e+03   1.0716450e+01   3.6003820e+00  -8.8936667e-02  -1.0494893e-02  -5.4309615e-02
   1.0380000e+03   1.0707550e+01   3.5999040e+00  -8.8968736e-02  -1.0489918e-02  -5.4323299e-02
   1.0390000e+03   1.0698670e+01   3.5994260e+00  -8.9000731e-02  -1.0484945e-02  -5.4336965e-02
   1.0400000e+03   1.0689800e+01   3.5989500e+00  -8.9032586e-02  -1.0479954e-02  -5.4350583e-02
   1.0410000e+03   1.0680950e+01   3.5984750e+00  -8.9064327e-02  -1.0474969e-02  -5.4364162e-02
   1.0420000e+03   1.0672110e+01   3.5980000e+00  -8.9095985e-02  -1.0469962e-02  -5.4377727e-02
   1.0430000e+03   1.0663290e+01   3.5975260e+00  -8.9127546e-02  -1.0464959e-02  -5.4391259e-02
   1.0440000e+03   1.0654480e+01   3.5970530e+00  -8.9158982e-02  -1.0459940e-02  -5.4404755e-02
   1.0450000e+03   1.0645680e+01   3.5965810e+00  -8.9190295e-02  -1.0454904e-02  -5.4418217e-02
   1.0460000e+03   1.0636910e+01   3.5961100e+00  -8.9221535e-02  -1.0449890e-02  -5.4431645e-02
   1.0470000e+03   1.0628140e+01   3.5956390e+00  -8.9252637e-02  -1.0444836e-02  -5.4445052e-02
   1.0480000e+03   1.0619390e+01   3.5951690e+00  -8.9283660e-02  -1.0439788e-02  -5.4458429e-02
   1.0490000e+03   1.0610660e+01   3.5947010e+00  -8.9314567e-02  -1.0434746e-02  -5.4471756e-02
   1.0500000e+03   1.0601940e+01   3.5942330e+00  -8.9345383e-02  -1.0429683e-02  -5.4485067e-02
   1.0510000e+03   1.0593230e+01   3.5937660e+00  -8.9376070e-02  -1.0424606e-02  -5.4498342e-02
   1.0520000e+03   1.0584540e+01   3.5932990e+00  -8.9406689e-02  -1.0419529e-02  -5.4511601e-02
   1.0530000e+03   1.0575860e+01   3.5928340e+00  -8.9437163e-02  -1.0414442e-02  -5.4524808e-02
   1.0540000e+03   1.0567200e+01   3.5923690e+00  -8.9467568e-02  -1.0409354e-02  -5.4537999e-02
   1.0550000e+03   1.0558550e+01   3.5919050e+00  -8.9497866e-02  -1.0404255e-02  -5.4551157e-02
   1.0560000e+03   1.0549920e+01   3.5914420e+00  -8.9528074e-02  -1.0399155e-02  -5.4564285e-02
   1.0570000e+03   1.0541300e+01   3.5909800e+00  -8.9558147e-02  -1.0394042e-02  -5.4577374e-02
   1.0580000e+03   1.0532690e+01   3.5905190e+00  -8.9588110e-02  -1.0388917e-02  -5.4590430e-02
   1.0590000e+03   1.0524100e+01   3.5900580e+00  -8.9618024e-02  -1.0383792e-02  -5.4603475e-02
   1.0600000e+03   1.0515520e+01   3.5895980e+00  -8.9647798e-02  -1.0378653e-02  -5.4616480e-02
   1.0610000e+03   1.0506960e+01   3.5891390e+00  -8.9677482e-02  -1.0373518e-02  -5.4629453e-02
   1.0620000e+03   1.0498410e+01   3.5886810e+00  -8.9707076e-02  -1.0368369e-02  -5.4642398e-02
   1.0630000e+03   1.0489880e+01   3.5882240e+00  -8.9736551e-02  -1.0363227e-02  -5.4655303e-02
   1.0640000e+03   1.0481360e+01   3.5877670e+00  -8.9765954e-02  -1.0358070e-02  -5.4668195e-02
   1.0650000e+03   1.0472850e+01   3.5873120e+00  -8.9795214e-02  -1.0352898e-02  -5.4681038e-02
   1.0660000e+03   1.0464360e+01   3.5868570e+00  -8.9824424e-02  -1.0347731e-02  -5.4693867e-02
   1.0670000e+03   1.0455880e+01   3.5864020e+00  -8.9853507e-02  -1.0342547e-02  -5.4706671e-02
   1.0680000e+03   1.0447410e+01   3.5859490e+00  -8.9882471e-02  -1.0337351e-02  -5.4719430e-02
   1.0690000e+03   1.0438960e+01   3.5854970e+00  -8.9911367e-02  -1.0332166e-02  -5.4732159e-02
   1.0700000e+03   1.0430530e+01   3.5850450e+00  -8.9940177e-02  -1.0326980e-02  -5.4744868e-02
   1.0710000e+03   1.0422100e+01   3.5845940e+00  -8.9968863e-02  -1.0321763e-02  -5.4757547e-02
   1.0720000e+03   1.0413690e+01   3.5841440e+00  -8.9997480e-02  -1.0316556e-02  -5.4770196e-02
   1.0730000e+03   1.0405300e+01   3.5836940e+00  -9.0026006e-02  -1.0311348e-02  -5.4782824e-02
   1.0740000e+03   1.0396910e+01   3.5832460e+00  -9.0054388e-02  -1.0306114e-02  -5.4795405e-02
   1.0750000e+03   1.0388550e+01   3.5827980e+00  -9.0082708e-02  -1.0300902e-02  -5.4807964e-02
   1.0760000e+03   1.0380190e+01   3.5823510e+00  -9.0110927e-02  -1.0295659e-02  -5.4820499e-02
   1.0770000e+03   1.0371850e+01   3.5819050e+00  -9.0139038e-02  -1.0290423e-02  -5.4832996e-02
   1.0780000e+03   1.0363520e+01   3.5814590e+00  -9.0167087e-02  -1.0285174e-02  -5.4845482e-02
   1.0790000e+03   1.0355210e+01   3.5810150e+00  -9.0195012e-02  -1.0279933e-02  -5.4857916e-02
   1.0800000e+03   1.0346900e+01   3.5805710e+00  -9.0222818e-02  -1.0274657e-02  -5.4870332e-02
   1.0810000e+03   1.0338620e+01   3.5801280e+00  -9.0250594e-02  -1.0269411e-02  -5.4882721e-02
   1.0820000e+03   1.0330340e+01   3.5796850e+00  -9.0278223e-02  -1.0264128e-02  -5.4895087e-02
   1.0830000e+03   1.0322080e+01   3.5792440e+00  -9.0305780e-02  -1.0258860e-02  -5.4907411e-02
   1.0840000e+03   1.0313830e+01   3.5788030e+00  -9.0333241e-02  -1.0253575e-02  -5.4919717e-02
   1.0850000e+03   1.0305600e+01   3.5783630e+00  -9.0360615e-02  -1.0248299e-02  -5.4931990e-02
   1.0860000e+03   1.0297380e+01   3.5779240e+00  -9.0387900e-02  -1.0243013e-02  -5.4944234e-02
   1.0870000e+03   1.0289170e+01   3.5774850e+00  -9.0415089e-02  -1.0237711e-02  -5.4956460e-02
   1.0880000e+03   1.0280980e+01   3.5770480e+00  -9.0442172e-02  -1.0232423e-02  -5.4968636e-02
   1.0890000e+03   1.0272790e+01   3.5766110e+00  -9.0469156e-02  -1.0227100e-02  -5.4980799e-02
   1.0900000e+03   1.0264630e+01   3.5761740e+00  -9.0496117e-02  -1.0221804e-02  -5.4992949e-02
   1.0910000e+03   1.0256470e+01   3.5757390e+00  -9.0522918e-02  -1.0216481e-02  -5.5005048e-02
   1.0920000e+03   1.0248330e+01   3.5753040e+00  -9.0549669e-02  -1.0211164e-02  -5.5017134e-02
   1.0930000e+03   1.0240200e+01   3.5748700e+00  -9.0576300e-02  -1.0205835e-02  -5.5029185e-02
   1.0940000e+03   1.0232080e+01   3.5744370e+00  -9.0602836e-02  -1.0200498e-02  -5.5041205e-02
   1.0950000e+03   1.0223980e+01   3.5740050e+00  -9.0629303e-02  -1.0195170e-02  -5.5053196e-02
   1.0960000e+03   1.0215890e+01   3.5735730e+00  -9.0655666e-02  -1.0189829e-02  -5.5065166e-02
   1.0970000e+03   1.0207810e+01   3.5731420e+00  -9.0681956e-02  -1.0184478e-02  -5.5077111e-02
   1.0980000e+03   1.0199750e+01   3.5727120e+00  -9.0708150e-02  -1.0179137e-02  -5.5089020e-02
   1.0990000e+03   1.0191700e+01   3.5722830e+00  -9.0734245e-02  -1.0173789e-02  -5.5100898e-02
   1.1000000e+03   1.0183660e+01   3.5718540e+00  -9.0760256e-02  -1.0168425e-02  -5.5112760e-02
   1.1010000e+03   1.0175630e+01   3.5714260e+00  -9.0786194e-02  -1.0163053e-02  -5.5124598e-02
   1.1020000e+03   1.0167620e+01   3.5709990e+00  -9.0812030e-02  -1.0157691e-02  -5.5136398e-02
   1.1030000e+03   1.0159620e+01   3.5705720e+00  -9.0837784e-02  -1.0152320e-02  -5.5148181e-02
   1.1040000e+03   1.0151630e+01   3.5701470e+00  -9.0863441e-02  -1.0146940e-02  -5.5159923e-02
   1.1050000e+03   1.0143650e+01   3.5697220e+00  -9.0889012e-02  -1.0141550e-02  -5.5171648e-02
   1.1060000e+03   1.0135690e+01   3.5692970e+00  -9.0914523e-02  -1.0136165e-02  -5.5183357e-02
   1.1070000e+03   1.0127740e+01   3.5688740e+00  -9.0939911e-02  -1.0130777e-02  -5.5195017e-02
   1.1080000e+03   1.0119800e+01   3.5684510e+00  -9.0965234e-02  -1.0125375e-02  -5.5206666e-02
   1.1090000e+03   1.0111880e+01   3.5680290e+00  -9.0990478e-02  -1.0119987e-02  -5.5218282e-02
   1.1100000e+03   1.0103960e+01   3.5676080e+00  -9.1015589e-02  -1.0114570e-02  -5.5229864e-02
   1.1110000e+03   1.0096060e+01   3.5671870e+00  -9.1040661e-02  -1.0109161e-02  -5.5241436e-02
   1.1120000e+03   1.0088180e+01   3.5667670e+00  -9.1065676e-02  -1.0103766e-02  -5.5252978e-02
   1.1130000e+03   1.0080300e+01   3.5663480e+00  -9.1090553e-02  -1.0098341e-02  -5.5264487e-02
   1.1140000e+03   1.0072440e+01   3.5659300e+00  -9.1115350e-02  -1.0092927e-02  -5.5275963e-02
   1.1150000e+03   1.0064590e+01   3.5655120e+00  -9.1140083e-02  -1.0087505e-02  -5.5287427e-02
   1.1160000e+03   1.0056750e+01   3.5650950e+00  -9.1164723e-02  -1.0082076e-02  -5.5298860e-02
   1.1170000e+03   1.0048920e+01   3.5646790e+00  -9.1189262e-02  -1.0076637e-02  -5.5310262e-02
   1.1180000e+03   1.0041110e+01   3.5642630e+00  -9.1213752e-02  -1.0071207e-02  -5.5321650e-02
   1.1190000e+03   1.0033310e+01   3.5638480e+00  -9.1238150e-02  -1.0065771e-02  -5.5333007e-02
   1.1200000e+03   1.0025520e+01   3.5634340e+00  -9.1262456e-02  -1.0060328e-02  -5.5344334e-02
   1.1210000e+03   1.0017740e+01   3.5630210e+00  -9.1286662e-02  -1.0054876e-02  -5.5355630e-02
   1.1220000e+03   1.0009980e+01   3.5626080e+00  -9.1310829e-02  -1.0049437e-02  -5.5366913e-02
   1.1230000e+03   1.0002220e+01   3.5621960e+00  -9.1334871e-02  -1.0043968e-02  -5.5378165e-02
