   3.2000000e+01   2.4569980e+02   5.0130180e+00   2.3410400e-02  -1.1585256e-04  -1.2779213e-02
   3.3000000e+01   2.3933150e+02   4.9927850e+00   2.3771722e-02  -1.1847422e-04  -1.3042709e-02
   3.4000000e+01   2.3328700e+02   4.9736800e+00   2.4119702e-02  -1.2120806e-04  -1.3301881e-02
   3.5000000e+01   2.2754200e+02   4.9556160e+00   2.4455001e-02  -1.2405409e-04  -1.3557048e-02
   3.6000000e+01   2.2207440e+02   4.9385120e+00   2.4778242e-02  -1.2701210e-04  -1.3808508e-02
   3.7000000e+01   2.1686440e+02   4.9222980e+00   2.5089983e-02  -1.3008211e-04  -1.4056521e-02
   3.8000000e+01   2.1189420e+02   4.9069060e+00   2.5390756e-02  -1.3326439e-04  -1.4301339e-02
   3.9000000e+01   2.0714720e+02   4.8922790e+00   2.5681018e-02  -1.3655878e-04  -1.4543181e-02
   4.0000000e+01   2.0260890e+02   4.8783620e+00   2.5961208e-02  -1.3996594e-04  -1.4782257e-02
   4.1000000e+01   1.9826550e+02   4.8651050e+00   2.6231727e-02  -1.4348574e-04  -1.5018761e-02
   4.2000000e+01   1.9410480e+02   4.8524630e+00   2.6492950e-02  -1.4711885e-04  -1.5252868e-02
   4.3000000e+01   1.9011550e+02   4.8403950e+00   2.6745207e-02  -1.5086571e-04  -1.5484737e-02
   4.4000000e+01   1.8628700e+02   4.8288630e+00   2.6988816e-02  -1.5472655e-04  -1.5714522e-02
   4.5000000e+01   1.8260990e+02   4.8178320e+00   2.7224069e-02  -1.5870214e-04  -1.5942362e-02
   4.6000000e+01   1.7907540e+02   4.8072710e+00   2.7451226e-02  -1.6279322e-04  -1.6168384e-02
   4.7000000e+01   1.7567520e+02   4.7971500e+00   2.7670538e-02  -1.6700004e-04  -1.6392709e-02
   4.8000000e+01   1.7240200e+02   4.7874420e+00   2.7882247e-02  -1.7132384e-04  -1.6615445e-02
   4.9000000e+01   1.6924860e+02   4.7781220e+00   2.8086558e-02  -1.7576488e-04  -1.6836705e-02
   5.0000000e+01   1.6620860e+02   4.7691660e+00   2.8283685e-02  -1.8032406e-04  -1.7056582e-02
   5.1000000e+01   1.6327610e+02   4.7605550e+00   2.8473801e-02  -1.8500249e-04  -1.7275160e-02
   5.2000000e+01   1.6044540e+02   4.7522680e+00   2.8657084e-02  -1.8980091e-04  -1.7492532e-02
   5.3000000e+01   1.5771130e+02   4.7442860e+00   2.8833700e-02  -1.9472012e-04  -1.7708783e-02
   5.4000000e+01   1.5506900e+02   4.7365930e+00   2.9003817e-02  -1.9976124e-04  -1.7923976e-02
   5.5000000e+01   1.5251390e+02   4.7291730e+00   2.9167553e-02  -2.0492524e-04  -1.8138194e-02
   5.6000000e+01   1.5004170e+02   4.7220110e+00   2.9325070e-02  -2.1021284e-04  -1.8351500e-02
   5.7000000e+01   1.4764860e+02   4.7150940e+00   2.9476473e-02  -2.1562569e-04  -1.8563959e-02
   5.8000000e+01   1.4533070e+02   4.7084090e+00   2.9621904e-02  -2.2116428e-04  -1.8775629e-02
   5.9000000e+01   1.4308470e+02   4.7019440e+00   2.9761465e-02  -2.2683040e-04  -1.8986571e-02
   6.0000000e+01   1.4090710e+02   4.6956880e+00   2.9895262e-02  -2.3262455e-04  -1.9196839e-02
   6.1000000e+01   1.3879500e+02   4.6896300e+00   3.0023425e-02  -2.3854831e-04  -1.9406486e-02
   6.2000000e+01   1.3674540e+02   4.6837620e+00   3.0146011e-02  -2.4460278e-04  -1.9615558e-02
   6.3000000e+01   1.3475560e+02   4.6780720e+00   3.0263140e-02  -2.5078920e-04  -1.9824116e-02
   6.4000000e+01   1.3282300e+02   4.6725550e+00   3.0374882e-02  -2.5710883e-04  -2.0032189e-02
   6.5000000e+01   1.3094530e+02   4.6672000e+00   3.0481339e-02  -2.6356334e-04  -2.0239834e-02
   6.6000000e+01   1.2912000e+02   4.6620010e+00   3.0582576e-02  -2.7015342e-04  -2.0447085e-02
   6.7000000e+01   1.2734510e+02   4.6569500e+00   3.0678672e-02  -2.7688097e-04  -2.0653998e-02
   6.8000000e+01   1.2561840e+02   4.6520420e+00   3.0769706e-02  -2.8374675e-04  -2.0860587e-02
   6.9000000e+01   1.2393810e+02   4.6472690e+00   3.0855729e-02  -2.9075293e-04  -2.1066915e-02
   7.0000000e+01   1.2230230e+02   4.6426250e+00   3.0936826e-02  -2.9790036e-04  -2.1273012e-02
   7.1000000e+01   1.2070930e+02   4.6381060e+00   3.1013046e-02  -3.0519104e-04  -2.1478903e-02
   7.2000000e+01   1.1915740e+02   4.6337060e+00   3.1084454e-02  -3.1262591e-04  -2.1684630e-02
   7.3000000e+01   1.1764500e+02   4.6294190e+00   3.1151107e-02  -3.2020652e-04  -2.1890235e-02
   7.4000000e+01   1.1617070e+02   4.6252420e+00   3.1213054e-02  -3.2793488e-04  -2.2095738e-02
   7.5000000e+01   1.1473310e+02   4.6211690e+00   3.1270358e-02  -3.3581248e-04  -2.2301178e-02
   7.6000000e+01   1.1333070e+02   4.6171960e+00   3.1323054e-02  -3.4384018e-04  -2.2506590e-02
   7.7000000e+01   1.1196240e+02   4.6133200e+00   3.1371203e-02  -3.5202051e-04  -2.2711991e-02
   7.8000000e+01   1.1062690e+02   4.6095360e+00   3.1414847e-02  -3.6035475e-04  -2.2917429e-02
   7.9000000e+01   1.0932290e+02   4.6058420e+00   3.1454017e-02  -3.6884365e-04  -2.3122910e-02
   8.0000000e+01   1.0804960e+02   4.6022330e+00   3.1488777e-02  -3.7749082e-04  -2.3328475e-02
   8.1000000e+01   1.0680560e+02   4.5987060e+00   3.1519149e-02  -3.8629574e-04  -2.3534156e-02
   8.2000000e+01   1.0559020e+02   4.5952580e+00   3.1545178e-02  -3.9526205e-04  -2.3739975e-02
   8.3000000e+01   1.0440220e+02   4.5918870e+00   3.1566904e-02  -4.0438999e-04  -2.3945949e-02
   8.4000000e+01   1.0324090e+02   4.5885890e+00   3.1584352e-02  -4.1368297e-04  -2.4152118e-02
   8.5000000e+01   1.0210520e+02   4.5853610e+00   3.1597559e-02  -4.2314106e-04  -2.4358509e-02
   8.6000000e+01   1.0099440e+02   4.5822020e+00   3.1606553e-02  -4.3276726e-04  -2.4565129e-02
   8.7000000e+01   9.9907580e+01   4.5791090e+00   3.1611386e-02  -4.4256240e-04  -2.4772016e-02
   8.8000000e+01   9.8844090e+01   4.5760790e+00   3.1612060e-02  -4.5252917e-04  -2.4979192e-02
   8.9000000e+01   9.7803140e+01   4.5731100e+00   3.1608611e-02  -4.6266922e-04  -2.5186687e-02
   9.0000000e+01   9.6784020e+01   4.5702000e+00   3.1601089e-02  -4.7298445e-04  -2.5394508e-02
   9.1000000e+01   9.5786060e+01   4.5673480e+00   3.1589473e-02  -4.8347688e-04  -2.5602689e-02
   9.2000000e+01   9.4808610e+01   4.5645500e+00   3.1573812e-02  -4.9414837e-04  -2.5811262e-02
   9.3000000e+01   9.3851040e+01   4.5618050e+00   3.1554152e-02  -5.0500059e-04  -2.6020229e-02
   9.4000000e+01   9.2912760e+01   4.5591120e+00   3.1530488e-02  -5.1603608e-04  -2.6229619e-02
   9.5000000e+01   9.1993190e+01   4.5564690e+00   3.1502858e-02  -5.2725653e-04  -2.6439450e-02
   9.6000000e+01   9.1091770e+01   4.5538740e+00   3.1471231e-02  -5.3866425e-04  -2.6649771e-02
   9.7000000e+01   9.0207980e+01   4.5513260e+00   3.1435683e-02  -5.5026118e-04  -2.6860562e-02
   9.8000000e+01   8.9341300e+01   4.5488220e+00   3.1396239e-02  -5.6204891e-04  -2.7071864e-02
   9.9000000e+01   8.8491260e+01   4.5463620e+00   3.1352889e-02  -5.7403026e-04  -2.7283695e-02
   1.0000000e+02   8.7657360e+01   4.5439450e+00   3.1305643e-02  -5.8620716e-04  -2.7496077e-02
   1.0100000e+02   8.6839160e+01   4.5415680e+00   3.1254529e-02  -5.9858169e-04  -2.7709030e-02
   1.0200000e+02   8.6036230e+01   4.5392310e+00   3.1199550e-02  -6.1115631e-04  -2.7922580e-02
   1.0300000e+02   8.5248130e+01   4.5369320e+00   3.1140708e-02  -6.2393289e-04  -2.8136750e-02
   1.0400000e+02   8.4474470e+01   4.5346700e+00   3.1078062e-02  -6.3691396e-04  -2.8351544e-02
   1.0500000e+02   8.3714850e+01   4.5324450e+00   3.1011623e-02  -6.5010141e-04  -2.8566965e-02
   1.0600000e+02   8.2968890e+01   4.5302540e+00   3.0941349e-02  -6.6349764e-04  -2.8783080e-02
   1.0700000e+02   8.2236240e+01   4.5280980e+00   3.0867266e-02  -6.7710567e-04  -2.8999873e-02
   1.0800000e+02   8.1516530e+01   4.5259740e+00   3.0789441e-02  -6.9092658e-04  -2.9217367e-02
   1.0900000e+02   8.0809440e+01   4.5238820e+00   3.0707810e-02  -7.0496379e-04  -2.9435598e-02
   1.1000000e+02   8.0114620e+01   4.5218210e+00   3.0622418e-02  -7.1921923e-04  -2.9654568e-02
   1.1100000e+02   7.9431780e+01   4.5197910e+00   3.0533250e-02  -7.3369560e-04  -2.9874305e-02
   1.1200000e+02   7.8760600e+01   4.5177890e+00   3.0440356e-02  -7.4839493e-04  -3.0094819e-02
   1.1300000e+02   7.8100780e+01   4.5158160e+00   3.0343727e-02  -7.6331977e-04  -3.0316119e-02
   1.1400000e+02   7.7452050e+01   4.5138700e+00   3.0243335e-02  -7.7847280e-04  -3.0538258e-02
   1.1500000e+02   7.6814130e+01   4.5119510e+00   3.0139235e-02  -7.9385668e-04  -3.0761214e-02
   1.1600000e+02   7.6186740e+01   4.5100580e+00   3.0031404e-02  -8.0947343e-04  -3.0985021e-02
   1.1700000e+02   7.5569640e+01   4.5081900e+00   2.9919834e-02  -8.2532607e-04  -3.1209712e-02
   1.1800000e+02   7.4962570e+01   4.5063470e+00   2.9804555e-02  -8.4141709e-04  -3.1435279e-02
   1.1900000e+02   7.4365300e+01   4.5045280e+00   2.9685568e-02  -8.5774933e-04  -3.1661745e-02
   1.2000000e+02   7.3777580e+01   4.5027310e+00   2.9562866e-02  -8.7432461e-04  -3.1889148e-02
   1.2100000e+02   7.3199190e+01   4.5009580e+00   2.9436447e-02  -8.9114653e-04  -3.2117477e-02
   1.2200000e+02   7.2629920e+01   4.4992060e+00   2.9306334e-02  -9.0821746e-04  -3.2346765e-02
   1.2300000e+02   7.2069540e+01   4.4974750e+00   2.9172511e-02  -9.2553973e-04  -3.2577032e-02
   1.2400000e+02   7.1517860e+01   4.4957650e+00   2.9034995e-02  -9.4311650e-04  -3.2808277e-02
   1.2500000e+02   7.0974670e+01   4.4940750e+00   2.8893768e-02  -9.6095052e-04  -3.3040538e-02
   1.2600000e+02   7.0439790e+01   4.4924050e+00   2.8748836e-02  -9.7904470e-04  -3.3273812e-02
   1.2700000e+02   6.9913020e+01   4.4907540e+00   2.8600209e-02  -9.9740153e-04  -3.3508125e-02
   1.2800000e+02   6.9394180e+01   4.4891210e+00   2.8447877e-02  -1.0160240e-03  -3.3743500e-02
   1.2900000e+02   6.8883090e+01   4.4875060e+00   2.8291843e-02  -1.0349147e-03  -3.3979944e-02
   1.3000000e+02   6.8379590e+01   4.4859090e+00   2.8132106e-02  -1.0540769e-03  -3.4217467e-02
   1.3100000e+02   6.7883500e+01   4.4843290e+00   2.7968656e-02  -1.0735136e-03  -3.4456099e-02
   1.3200000e+02   6.7394670e+01   4.4827650e+00   2.7801501e-02  -1.0932272e-03  -3.4695856e-02
   1.3300000e+02   6.6912940e+01   4.4812180e+00   2.7630634e-02  -1.1132215e-03  -3.4936737e-02
   1.3400000e+02   6.6438160e+01   4.4796860e+00   2.7456058e-02  -1.1334988e-03  -3.5178774e-02
   1.3500000e+02   6.5970170e+01   4.4781700e+00   2.7277756e-02  -1.1540624e-03  -3.5421974e-02
   1.3600000e+02   6.5508840e+01   4.4766680e+00   2.7095750e-02  -1.1749148e-03  -3.5666354e-02
   1.3700000e+02   6.5054020e+01   4.4751810e+00   2.6910012e-02  -1.1960596e-03  -3.5911932e-02
   1.3800000e+02   6.4605580e+01   4.4737080e+00   2.6720546e-02  -1.2174999e-03  -3.6158720e-02
   1.3900000e+02   6.4163390e+01   4.4722490e+00   2.6527354e-02  -1.2392387e-03  -3.6406729e-02
   1.4000000e+02   6.3727320e+01   4.4708030e+00   2.6330424e-02  -1.2612790e-03  -3.6655984e-02
   1.4100000e+02   6.3297240e+01   4.4693700e+00   2.6129743e-02  -1.2836245e-03  -3.6906499e-02
   1.4200000e+02   6.2873030e+01   4.4679490e+00   2.5925337e-02  -1.3062769e-03  -3.7158283e-02
   1.4300000e+02   6.2454570e+01   4.4665410e+00   2.5717171e-02  -1.3292407e-03  -3.7411349e-02
   1.4400000e+02   6.2041760e+01   4.4651450e+00   2.5505251e-02  -1.3525193e-03  -3.7665709e-02
   1.4500000e+02   6.1634460e+01   4.4637600e+00   2.5289571e-02  -1.3761144e-03  -3.7921390e-02
   1.4600000e+02   6.1232590e+01   4.4623870e+00   2.5070116e-02  -1.4000310e-03  -3.8178395e-02
   1.4700000e+02   6.0836020e+01   4.4610250e+00   2.4846894e-02  -1.4242713e-03  -3.8436736e-02
   1.4800000e+02   6.0444670e+01   4.4596730e+00   2.4619892e-02  -1.4488391e-03  -3.8696443e-02
   1.4900000e+02   6.0058420e+01   4.4583320e+00   2.4389105e-02  -1.4737374e-03  -3.8957509e-02
   1.5000000e+02   5.9677170e+01   4.4570010e+00   2.4154529e-02  -1.4989689e-03  -3.9219957e-02
   1.5100000e+02   5.9300840e+01   4.4556800e+00   2.3916144e-02  -1.5245386e-03  -3.9483803e-02
   1.5200000e+02   5.8929330e+01   4.4543680e+00   2.3673962e-02  -1.5504482e-03  -3.9749059e-02
   1.5300000e+02   5.8562550e+01   4.4530660e+00   2.3427968e-02  -1.5767022e-03  -4.0015727e-02
   1.5400000e+02   5.8200400e+01   4.4517730e+00   2.3178156e-02  -1.6033027e-03  -4.0283828e-02
   1.5500000e+02   5.7842810e+01   4.4504890e+00   2.2924510e-02  -1.6302545e-03  -4.0553378e-02
   1.5600000e+02   5.7489690e+01   4.4492130e+00   2.2667036e-02  -1.6575605e-03  -4.0824386e-02
   1.5700000e+02   5.7140950e+01   4.4479450e+00   2.2405718e-02  -1.6852234e-03  -4.1096872e-02
   1.5800000e+02   5.6796520e+01   4.4466860e+00   2.2140544e-02  -1.7132476e-03  -4.1370834e-02
   1.5900000e+02   5.6456320e+01   4.4454350e+00   2.1871526e-02  -1.7416362e-03  -4.1646278e-02
   1.6000000e+02   5.6120270e+01   4.4441910e+00   2.1598645e-02  -1.7703924e-03  -4.1923236e-02
   1.6100000e+02   5.5788300e+01   4.4429540e+00   2.1321902e-02  -1.7995196e-03  -4.2201712e-02
   1.6200000e+02   5.5460330e+01   4.4417250e+00   2.1041258e-02  -1.8290222e-03  -4.2481718e-02
   1.6300000e+02   5.5136290e+01   4.4405030e+00   2.0756740e-02  -1.8589023e-03  -4.2763256e-02
   1.6400000e+02   5.4816120e+01   4.4392870e+00   2.0468332e-02  -1.8891643e-03  -4.3046353e-02
   1.6500000e+02   5.4499750e+01   4.4380780e+00   2.0176028e-02  -1.9198117e-03  -4.3331000e-02
   1.6600000e+02   5.4187100e+01   4.4368760e+00   1.9879807e-02  -1.9508473e-03  -4.3617214e-02
   1.6700000e+02   5.3878130e+01   4.4356800e+00   1.9579670e-02  -1.9822762e-03  -4.3905008e-02
   1.6800000e+02   5.3572750e+01   4.4344890e+00   1.9275609e-02  -2.0140997e-03  -4.4194408e-02
   1.6900000e+02   5.3270910e+01   4.4333050e+00   1.8967634e-02  -2.0463221e-03  -4.4485384e-02
   1.7000000e+02   5.2972560e+01   4.4321260e+00   1.8655705e-02  -2.0789481e-03  -4.4777983e-02
   1.7100000e+02   5.2677630e+01   4.4309530e+00   1.8339842e-02  -2.1119803e-03  -4.5072189e-02
   1.7200000e+02   5.2386060e+01   4.4297850e+00   1.8020011e-02  -2.1454221e-03  -4.5368033e-02
   1.7300000e+02   5.2097800e+01   4.4286220e+00   1.7696245e-02  -2.1792766e-03  -4.5665501e-02
   1.7400000e+02   5.1812790e+01   4.4274640e+00   1.7368509e-02  -2.2135475e-03  -4.5964613e-02
   1.7500000e+02   5.1530980e+01   4.4263110e+00   1.7036807e-02  -2.2482386e-03  -4.6265369e-02
   1.7600000e+02   5.1252320e+01   4.4251630e+00   1.6701102e-02  -2.2833546e-03  -4.6567795e-02
   1.7700000e+02   5.0976750e+01   4.4240190e+00   1.6361445e-02  -2.3188962e-03  -4.6871874e-02
   1.7800000e+02   5.0704230e+01   4.4228790e+00   1.6017775e-02  -2.3548696e-03  -4.7177642e-02
   1.7900000e+02   5.0434700e+01   4.4217440e+00   1.5670119e-02  -2.3912762e-03  -4.7485074e-02
   1.8000000e+02   5.0168120e+01   4.4206130e+00   1.5318469e-02  -2.4281205e-03  -4.7794184e-02
   1.8100000e+02   4.9904440e+01   4.4194850e+00   1.4962811e-02  -2.4654050e-03  -4.8105001e-02
   1.8200000e+02   4.9643610e+01   4.4183620e+00   1.4603132e-02  -2.5031351e-03  -4.8417504e-02
   1.8300000e+02   4.9385590e+01   4.4172420e+00   1.4239446e-02  -2.5413123e-03  -4.8731716e-02
   1.8400000e+02   4.9130340e+01   4.4161250e+00   1.3871734e-02  -2.5799410e-03  -4.9047644e-02
   1.8500000e+02   4.8877810e+01   4.4150120e+00   1.3500003e-02  -2.6190243e-03  -4.9365268e-02
   1.8600000e+02   4.8627950e+01   4.4139020e+00   1.3124245e-02  -2.6585643e-03  -4.9684614e-02
   1.8700000e+02   4.8380730e+01   4.4127950e+00   1.2744443e-02  -2.6985659e-03  -5.0005690e-02
   1.8800000e+02   4.8136110e+01   4.4116910e+00   1.2360622e-02  -2.7390318e-03  -5.0328479e-02
   1.8900000e+02   4.7894050e+01   4.4105900e+00   1.1972754e-02  -2.7799664e-03  -5.0653001e-02
   1.9000000e+02   4.7654510e+01   4.4094920e+00   1.1580840e-02  -2.8213727e-03  -5.0979249e-02
   1.9100000e+02   4.7417440e+01   4.4083960e+00   1.1184888e-02  -2.8632515e-03  -5.1307243e-02
   1.9200000e+02   4.7182820e+01   4.4073030e+00   1.0784888e-02  -2.9056087e-03  -5.1636963e-02
   1.9300000e+02   4.6950600e+01   4.4062120e+00   1.0380830e-02  -2.9484465e-03  -5.1968436e-02
   1.9400000e+02   4.6720750e+01   4.4051230e+00   9.9727396e-03  -2.9917675e-03  -5.2301643e-02
   1.9500000e+02   4.6493230e+01   4.4040370e+00   9.5605982e-03  -3.0355748e-03  -5.2636581e-02
   1.9600000e+02   4.6268020e+01   4.4029530e+00   9.1444081e-03  -3.0798741e-03  -5.2973260e-02
   1.9700000e+02   4.6045070e+01   4.4018700e+00   8.7241632e-03  -3.1246648e-03  -5.3311701e-02
   1.9800000e+02   4.5824350e+01   4.4007900e+00   8.2998813e-03  -3.1699513e-03  -5.3651862e-02
   1.9900000e+02   4.5605840e+01   4.3997110e+00   7.8715286e-03  -3.2157386e-03  -5.3993789e-02
   2.0000000e+02   4.5389490e+01   4.3986340e+00   7.4391378e-03  -3.2620266e-03  -5.4337450e-02
   2.0100000e+02   4.5175280e+01   4.3975580e+00   7.0027058e-03  -3.3088193e-03  -5.4682855e-02
   2.0200000e+02   4.4963170e+01   4.3964840e+00   6.5622291e-03  -3.3561197e-03  -5.5029998e-02
   2.0300000e+02   4.4753140e+01   4.3954110e+00   6.1177259e-03  -3.4039295e-03  -5.5378875e-02
   2.0400000e+02   4.4545160e+01   4.3943400e+00   5.6691651e-03  -3.4522547e-03  -5.5729491e-02
   2.0500000e+02   4.4339190e+01   4.3932700e+00   5.2165848e-03  -3.5010938e-03  -5.6081836e-02
   2.0600000e+02   4.4135220e+01   4.3922000e+00   4.7599732e-03  -3.5504516e-03  -5.6435928e-02
   2.0700000e+02   4.3933200e+01   4.3911320e+00   4.2993511e-03  -3.6003300e-03  -5.6791726e-02
   2.0800000e+02   4.3733120e+01   4.3900650e+00   3.8346882e-03  -3.6507333e-03  -5.7149259e-02
   2.0900000e+02   4.3534950e+01   4.3889980e+00   3.3660193e-03  -3.7016625e-03  -5.7508524e-02
   2.1000000e+02   4.3338650e+01   4.3879330e+00   2.8933755e-03  -3.7531184e-03  -5.7869467e-02
   2.1100000e+02   4.3144210e+01   4.3868680e+00   2.4167157e-03  -3.8051063e-03  -5.8232137e-02
   2.1200000e+02   4.2951600e+01   4.3858030e+00   1.9360507e-03  -3.8576265e-03  -5.8596532e-02
   2.1300000e+02   4.2760800e+01   4.3847390e+00   1.4514288e-03  -3.9106832e-03  -5.8962606e-02
   2.1400000e+02   4.2571770e+01   4.3836760e+00   9.6281328e-04  -3.9642766e-03  -5.9330373e-02
   2.1500000e+02   4.2384500e+01   4.3826130e+00   4.7025959e-04  -4.0184097e-03  -5.9699815e-02
   2.1600000e+02   4.2198960e+01   4.3815500e+00  -2.6273802e-05  -4.0730842e-03  -6.0070960e-02
   2.1700000e+02   4.2015130e+01   4.3804880e+00  -5.2672480e-04  -4.1283025e-03  -6.0443749e-02
   2.1800000e+02   4.1832990e+01   4.3794250e+00  -1.0311038e-03  -4.1840652e-03  -6.0818214e-02
   2.1900000e+02   4.1652510e+01   4.3783630e+00  -1.5394219e-03  -4.2403770e-03  -6.1194333e-02
   2.2000000e+02   4.1473670e+01   4.3773010e+00  -2.0516329e-03  -4.2972368e-03  -6.1572094e-02
   2.2100000e+02   4.1296450e+01   4.3762380e+00  -2.5677215e-03  -4.3546457e-03  -6.1951495e-02
   2.2200000e+02   4.1120840e+01   4.3751760e+00  -3.0877039e-03  -4.4126108e-03  -6.2332512e-02
   2.2300000e+02   4.0946790e+01   4.3741130e+00  -3.6115344e-03  -4.4711241e-03  -6.2715154e-02
   2.2400000e+02   4.0774310e+01   4.3730510e+00  -4.1392393e-03  -4.5301994e-03  -6.3099398e-02
   2.2500000e+02   4.0603360e+01   4.3719870e+00  -4.6707394e-03  -4.5898250e-03  -6.3485241e-02
   2.2600000e+02   4.0433940e+01   4.3709240e+00  -5.2060620e-03  -4.6500133e-03  -6.3872650e-02
   2.2700000e+02   4.0266000e+01   4.3698600e+00  -5.7452171e-03  -4.7107564e-03  -6.4261664e-02
   2.2800000e+02   4.0099550e+01   4.3687960e+00  -6.2881066e-03  -4.7720614e-03  -6.4652201e-02
   2.2900000e+02   3.9934560e+01   4.3677310e+00  -6.8347633e-03  -4.8339275e-03  -6.5044295e-02
   2.3000000e+02   3.9771010e+01   4.3666660e+00  -7.3851933e-03  -4.8963574e-03  -6.5437936e-02
   2.3100000e+02   3.9608880e+01   4.3656000e+00  -7.9393114e-03  -4.9593475e-03  -6.5833086e-02
   2.3200000e+02   3.9448160e+01   4.3645330e+00  -8.4971515e-03  -5.0229027e-03  -6.6229758e-02
   2.3300000e+02   3.9288830e+01   4.3634650e+00  -9.0586549e-03  -5.0870217e-03  -6.6627918e-02
   2.3400000e+02   3.9130860e+01   4.3623970e+00  -9.6238206e-03  -5.1517042e-03  -6.7027549e-02
   2.3500000e+02   3.8974250e+01   4.3613280e+00  -1.0192617e-02  -5.2169533e-03  -6.7428641e-02
   2.3600000e+02   3.8818980e+01   4.3602580e+00  -1.0765001e-02  -5.2827681e-03  -6.7831172e-02
   2.3700000e+02   3.8665030e+01   4.3591870e+00  -1.1340997e-02  -5.3491488e-03  -6.8235152e-02
   2.3800000e+02   3.8512380e+01   4.3581160e+00  -1.1920569e-02  -5.4160967e-03  -6.8640539e-02
   2.3900000e+02   3.8361020e+01   4.3570430e+00  -1.2503643e-02  -5.4836089e-03  -6.9047325e-02
   2.4000000e+02   3.8210930e+01   4.3559690e+00  -1.3090241e-02  -5.5516878e-03  -6.9455499e-02
   2.4100000e+02   3.8062100e+01   4.3548940e+00  -1.3680346e-02  -5.6203336e-03  -6.9865056e-02
   2.4200000e+02   3.7914510e+01   4.3538180e+00  -1.4273884e-02  -5.6895450e-03  -7.0275942e-02
   2.4300000e+02   3.7768150e+01   4.3527410e+00  -1.4870843e-02  -5.7593224e-03  -7.0688151e-02
   2.4400000e+02   3.7623000e+01   4.3516630e+00  -1.5471224e-02  -5.8296657e-03  -7.1101683e-02
   2.4500000e+02   3.7479040e+01   4.3505830e+00  -1.6074943e-02  -5.9005681e-03  -7.1516509e-02
   2.4600000e+02   3.7336280e+01   4.3495020e+00  -1.6682034e-02  -5.9720423e-03  -7.1932616e-02
   2.4700000e+02   3.7194680e+01   4.3484200e+00  -1.7292417e-02  -6.0440760e-03  -7.2349969e-02
   2.4800000e+02   3.7054230e+01   4.3473360e+00  -1.7906084e-02  -6.1166706e-03  -7.2768570e-02
   2.4900000e+02   3.6914930e+01   4.3462520e+00  -1.8522967e-02  -6.1898288e-03  -7.3188351e-02
   2.5000000e+02   3.6776760e+01   4.3451650e+00  -1.9143114e-02  -6.2635483e-03  -7.3609383e-02
   2.5100000e+02   3.6639700e+01   4.3440780e+00  -1.9766393e-02  -6.3378262e-03  -7.4031536e-02
   2.5200000e+02   3.6503750e+01   4.3429880e+00  -2.0392893e-02  -6.4126634e-03  -7.4454916e-02
   2.5300000e+02   3.6368880e+01   4.3418980e+00  -2.1022453e-02  -6.4880569e-03  -7.4879378e-02
   2.5400000e+02   3.6235090e+01   4.3408050e+00  -2.1655100e-02  -6.5640029e-03  -7.5304981e-02
   2.5500000e+02   3.6102370e+01   4.3397120e+00  -2.2290804e-02  -6.6405088e-03  -7.5731657e-02
   2.5600000e+02   3.5970700e+01   4.3386160e+00  -2.2929466e-02  -6.7175603e-03  -7.6159401e-02
   2.5700000e+02   3.5840070e+01   4.3375190e+00  -2.3571141e-02  -6.7951669e-03  -7.6588208e-02
   2.5800000e+02   3.5710470e+01   4.3364210e+00  -2.4215760e-02  -6.8733229e-03  -7.7018037e-02
   2.5900000e+02   3.5581880e+01   4.3353210e+00  -2.4863246e-02  -6.9520214e-03  -7.7448862e-02
   2.6000000e+02   3.5454300e+01   4.3342190e+00  -2.5513638e-02  -7.0312673e-03  -7.7880700e-02
   2.6100000e+02   3.5327720e+01   4.3331150e+00  -2.6166831e-02  -7.1110573e-03  -7.8313489e-02
   2.6200000e+02   3.5202110e+01   4.3320100e+00  -2.6822780e-02  -7.1913815e-03  -7.8747191e-02
   2.6300000e+02   3.5077480e+01   4.3309030e+00  -2.7481481e-02  -7.2722477e-03  -7.9181817e-02
   2.6400000e+02   3.4953810e+01   4.3297940e+00  -2.8142932e-02  -7.3536496e-03  -7.9617363e-02
   2.6500000e+02   3.4831090e+01   4.3286840e+00  -2.8807021e-02  -7.4355839e-03  -8.0053751e-02
   2.6600000e+02   3.4709310e+01   4.3275710e+00  -2.9473728e-02  -7.5180469e-03  -8.0490996e-02
   2.6700000e+02   3.4588460e+01   4.3264570e+00  -3.0143017e-02  -7.6010392e-03  -8.0929050e-02
   2.6800000e+02   3.4468530e+01   4.3253410e+00  -3.0814819e-02  -7.6845533e-03  -8.1367885e-02
   2.6900000e+02   3.4349510e+01   4.3242240e+00  -3.1489165e-02  -7.7685933e-03  -8.1807505e-02
   2.7000000e+02   3.4231390e+01   4.3231040e+00  -3.2165970e-02  -7.8531517e-03  -8.2247895e-02
   2.7100000e+02   3.4114160e+01   4.3219830e+00  -3.2845213e-02  -7.9382273e-03  -8.2689006e-02
   2.7200000e+02   3.3997800e+01   4.3208590e+00  -3.3526781e-02  -8.0238067e-03  -8.3130812e-02
   2.7300000e+02   3.3882320e+01   4.3197340e+00  -3.4210676e-02  -8.1098986e-03  -8.3573276e-02
   2.7400000e+02   3.3767700e+01   4.3186070e+00  -3.4896860e-02  -8.1964974e-03  -8.4016395e-02
   2.7500000e+02   3.3653930e+01   4.3174780e+00  -3.5585324e-02  -8.2835987e-03  -8.4460163e-02
   2.7600000e+02   3.3541000e+01   4.3163470e+00  -3.6275992e-02  -8.3711970e-03  -8.4904540e-02
   2.7700000e+02   3.3428900e+01   4.3152140e+00  -3.6968765e-02  -8.4592865e-03  -8.5349466e-02
   2.7800000e+02   3.3317630e+01   4.3140800e+00  -3.7663707e-02  -8.5478724e-03  -8.5794964e-02
   2.7900000e+02   3.3207170e+01   4.3129430e+00  -3.8360676e-02  -8.6369393e-03  -8.6240987e-02
   2.8000000e+02   3.3097530e+01   4.3118050e+00  -3.9059683e-02  -8.7264980e-03  -8.6687500e-02
   2.8100000e+02   3.2988680e+01   4.3106640e+00  -3.9760678e-02  -8.8165294e-03  -8.7134523e-02
   2.8200000e+02   3.2880620e+01   4.3095220e+00  -4.0463543e-02  -8.9070348e-03  -8.7581949e-02
   2.8300000e+02   3.2773340e+01   4.3083770e+00  -4.1168369e-02  -8.9980113e-03  -8.8029866e-02
   2.8400000e+02   3.2666830e+01   4.3072310e+00  -4.1874988e-02  -9.0894505e-03  -8.8478146e-02
   2.8500000e+02   3.2561100e+01   4.3060830e+00  -4.2583453e-02  -9.1813618e-03  -8.8926829e-02
   2.8600000e+02   3.2456110e+01   4.3049320e+00  -4.3293637e-02  -9.2737197e-03  -8.9375879e-02
   2.8700000e+02   3.2351880e+01   4.3037800e+00  -4.4005573e-02  -9.3665370e-03  -8.9825265e-02
   2.8800000e+02   3.2248390e+01   4.3026260e+00  -4.4719093e-02  -9.4598001e-03  -9.0274916e-02
   2.8900000e+02   3.2145640e+01   4.3014700e+00  -4.5434280e-02  -9.5535106e-03  -9.0724883e-02
   2.9000000e+02   3.2043610e+01   4.3003120e+00  -4.6151002e-02  -9.6476554e-03  -9.1175089e-02
   2.9100000e+02   3.1942300e+01   4.2991520e+00  -4.6869280e-02  -9.7422366e-03  -9.1625555e-02
   2.9200000e+02   3.1841700e+01   4.2979900e+00  -4.7589008e-02  -9.8372437e-03  -9.2076214e-02
   2.9300000e+02   3.1741810e+01   4.2968260e+00  -4.8310168e-02  -9.9326786e-03  -9.2527061e-02
   2.9400000e+02   3.1642610e+01   4.2956600e+00  -4.9032708e-02  -1.0028529e-02  -9.2978071e-02
   2.9500000e+02   3.1544100e+01   4.2944920e+00  -4.9756593e-02  -1.0124793e-02  -9.3429225e-02
   2.9600000e+02   3.1446280e+01   4.2933220e+00  -5.0481801e-02  -1.0221470e-02  -9.3880509e-02
   2.9700000e+02   3.1349140e+01   4.2921500e+00  -5.1208222e-02  -1.0318552e-02  -9.4331864e-02
   2.9800000e+02   3.1252660e+01   4.2909770e+00  -5.1935843e-02  -1.0416028e-02  -9.4783278e-02
   2.9900000e+02   3.1156850e+01   4.2898010e+00  -5.2664653e-02  -1.0513902e-02  -9.5234768e-02
   3.0000000e+02   3.1061690e+01   4.2886230e+00  -5.3394569e-02  -1.0612159e-02  -9.5686283e-02
   3.0100000e+02   3.0967180e+01   4.2874440e+00  -5.4125469e-02  -1.0710795e-02  -9.6137732e-02
   3.0200000e+02   3.0873320e+01   4.2862630e+00  -5.4857462e-02  -1.0809819e-02  -9.6589198e-02
   3.0300000e+02   3.0780090e+01   4.2850790e+00  -5.5590423e-02  -1.0909205e-02  -9.7040634e-02
   3.0400000e+02   3.0687490e+01   4.2838940e+00  -5.6324330e-02  -1.1008960e-02  -9.7491999e-02
   3.0500000e+02   3.0595520e+01   4.2827070e+00  -5.7059103e-02  -1.1109078e-02  -9.7943257e-02
   3.0600000e+02   3.0504170e+01   4.2815180e+00  -5.7794700e-02  -1.1209549e-02  -9.8394394e-02
   3.0700000e+02   3.0413430e+01   4.2803270e+00  -5.8531094e-02  -1.1310370e-02  -9.8845397e-02
   3.0800000e+02   3.0323290e+01   4.2791350e+00  -5.9268228e-02  -1.1411530e-02  -9.9296224e-02
   3.0900000e+02   3.0233760e+01   4.2779400e+00  -6.0006089e-02  -1.1513032e-02  -9.9746898e-02
   3.1000000e+02   3.0144810e+01   4.2767440e+00  -6.0744652e-02  -1.1614862e-02  -1.0019739e-01
   3.1100000e+02   3.0056460e+01   4.2755460e+00  -6.1483790e-02  -1.1717021e-02  -1.0064762e-01
   3.1200000e+02   2.9968690e+01   4.2743460e+00  -6.2223503e-02  -1.1819498e-02  -1.0109762e-01
   3.1300000e+02   2.9881500e+01   4.2731440e+00  -6.2963721e-02  -1.1922288e-02  -1.0154734e-01
   3.1400000e+02   2.9794880e+01   4.2719410e+00  -6.3704476e-02  -1.2025391e-02  -1.0199679e-01
   3.1500000e+02   2.9708820e+01   4.2707350e+00  -6.4445687e-02  -1.2128789e-02  -1.0244596e-01
   3.1600000e+02   2.9623330e+01   4.2695280e+00  -6.5187276e-02  -1.2232491e-02  -1.0289477e-01
   3.1700000e+02   2.9538390e+01   4.2683190e+00  -6.5929253e-02  -1.2336478e-02  -1.0334326e-01
   3.1800000e+02   2.9454000e+01   4.2671090e+00  -6.6671539e-02  -1.2440752e-02  -1.0379136e-01
   3.1900000e+02   2.9370160e+01   4.2658960e+00  -6.7414075e-02  -1.2545301e-02  -1.0423908e-01
   3.2000000e+02   2.9286860e+01   4.2646820e+00  -6.8156958e-02  -1.2650130e-02  -1.0468645e-01
   3.2100000e+02   2.9204090e+01   4.2634660e+00  -6.8899941e-02  -1.2755218e-02  -1.0513334e-01
   3.2200000e+02   2.9121850e+01   4.2622490e+00  -6.9643046e-02  -1.2860564e-02  -1.0557976e-01
   3.2300000e+02   2.9040130e+01   4.2610300e+00  -7.0386387e-02  -1.2966170e-02  -1.0602579e-01
   3.2400000e+02   2.8958940e+01   4.2598090e+00  -7.1129712e-02  -1.3072020e-02  -1.0647130e-01
   3.2500000e+02   2.8878260e+01   4.2585870e+00  -7.1873118e-02  -1.3178115e-02  -1.0691632e-01
   3.2600000e+02   2.8798090e+01   4.2573630e+00  -7.2616520e-02  -1.3284444e-02  -1.0736083e-01
   3.2700000e+02   2.8718420e+01   4.2561370e+00  -7.3359899e-02  -1.3390996e-02  -1.0780484e-01
   3.2800000e+02   2.8639260e+01   4.2549100e+00  -7.4103151e-02  -1.3497781e-02  -1.0824824e-01
   3.2900000e+02   2.8560590e+01   4.2536810e+00  -7.4846353e-02  -1.3604780e-02  -1.0869113e-01
   3.3000000e+02   2.8482410e+01   4.2524510e+00  -7.5589371e-02  -1.3711986e-02  -1.0913341e-01
   3.3100000e+02   2.8404720e+01   4.2512190e+00  -7.6332172e-02  -1.3819399e-02  -1.0957508e-01
   3.3200000e+02   2.8327510e+01   4.2499860e+00  -7.7074774e-02  -1.3927008e-02  -1.1001615e-01
   3.3300000e+02   2.8250780e+01   4.2487510e+00  -7.7817169e-02  -1.4034817e-02  -1.1045662e-01
   3.3400000e+02   2.8174520e+01   4.2475150e+00  -7.8559190e-02  -1.4142804e-02  -1.1089640e-01
   3.3500000e+02   2.8098730e+01   4.2462770e+00  -7.9300870e-02  -1.4250974e-02  -1.1133552e-01
   3.3600000e+02   2.8023400e+01   4.2450370e+00  -8.0042258e-02  -1.4359309e-02  -1.1177402e-01
   3.3700000e+02   2.7948540e+01   4.2437970e+00  -8.0783164e-02  -1.4467828e-02  -1.1221175e-01
   3.3800000e+02   2.7874130e+01   4.2425550e+00  -8.1523689e-02  -1.4576500e-02  -1.1264882e-01
   3.3900000e+02   2.7800180e+01   4.2413110e+00  -8.2263742e-02  -1.4685333e-02  -1.1308518e-01
   3.4000000e+02   2.7726670e+01   4.2400660e+00  -8.3003260e-02  -1.4794308e-02  -1.1352078e-01
   3.4100000e+02   2.7653610e+01   4.2388200e+00  -8.3742297e-02  -1.4903436e-02  -1.1395566e-01
   3.4200000e+02   2.7580980e+01   4.2375730e+00  -8.4480673e-02  -1.5012686e-02  -1.1438972e-01
   3.4300000e+02   2.7508800e+01   4.2363240e+00  -8.5218497e-02  -1.5122086e-02  -1.1482304e-01
   3.4400000e+02   2.7437040e+01   4.2350740e+00  -8.5955680e-02  -1.5231596e-02  -1.1525557e-01
   3.4500000e+02   2.7365720e+01   4.2338220e+00  -8.6692259e-02  -1.5341238e-02  -1.1568734e-01
   3.4600000e+02   2.7294810e+01   4.2325690e+00  -8.7428055e-02  -1.5450972e-02  -1.1611826e-01
   3.4700000e+02   2.7224330e+01   4.2313160e+00  -8.8163189e-02  -1.5560834e-02  -1.1654835e-01
   3.4800000e+02   2.7154270e+01   4.2300600e+00  -8.8897498e-02  -1.5670788e-02  -1.1697760e-01
   3.4900000e+02   2.7084620e+01   4.2288040e+00  -8.9631103e-02  -1.5780845e-02  -1.1740602e-01
   3.5000000e+02   2.7015380e+01   4.2275470e+00  -9.0363748e-02  -1.5890984e-02  -1.1783350e-01
   3.5100000e+02   2.6946540e+01   4.2262880e+00  -9.1095726e-02  -1.6001204e-02  -1.1826023e-01
   3.5200000e+02   2.6878110e+01   4.2250280e+00  -9.1826780e-02  -1.6111512e-02  -1.1868603e-01
   3.5300000e+02   2.6810080e+01   4.2237670e+00  -9.2556916e-02  -1.6221886e-02  -1.1911093e-01
   3.5400000e+02   2.6742440e+01   4.2225050e+00  -9.3286087e-02  -1.6332324e-02  -1.1953490e-01
   3.5500000e+02   2.6675190e+01   4.2212420e+00  -9.4014305e-02  -1.6442814e-02  -1.1995796e-01
   3.5600000e+02   2.6608340e+01   4.2199780e+00  -9.4741603e-02  -1.6553379e-02  -1.2038012e-01
   3.5700000e+02   2.6541870e+01   4.2187130e+00  -9.5467848e-02  -1.6663983e-02  -1.2080132e-01
   3.5800000e+02   2.6475780e+01   4.2174470e+00  -9.6193091e-02  -1.6774627e-02  -1.2122160e-01
   3.5900000e+02   2.6410060e+01   4.2161800e+00  -9.6917239e-02  -1.6885298e-02  -1.2164091e-01
   3.6000000e+02   2.6344730e+01   4.2149120e+00  -9.7640360e-02  -1.6996021e-02  -1.2205927e-01
   3.6100000e+02   2.6279770e+01   4.2136430e+00  -9.8362288e-02  -1.7106762e-02  -1.2247662e-01
   3.6200000e+02   2.6215170e+01   4.2123730e+00  -9.9083145e-02  -1.7217515e-02  -1.2289303e-01
   3.6300000e+02   2.6150940e+01   4.2111020e+00  -9.9802898e-02  -1.7328290e-02  -1.2330848e-01
   3.6400000e+02   2.6087080e+01   4.2098300e+00  -1.0052142e-01  -1.7439084e-02  -1.2372289e-01
   3.6500000e+02   2.6023570e+01   4.2085570e+00  -1.0123868e-01  -1.7549858e-02  -1.2413629e-01
   3.6600000e+02   2.5960420e+01   4.2072840e+00  -1.0195482e-01  -1.7660649e-02  -1.2454870e-01
   3.6700000e+02   2.5897620e+01   4.2060100e+00  -1.0266961e-01  -1.7771421e-02  -1.2496004e-01
   3.6800000e+02   2.5835180e+01   4.2047340e+00  -1.0338324e-01  -1.7882193e-02  -1.2537043e-01
   3.6900000e+02   2.5773080e+01   4.2034590e+00  -1.0409551e-01  -1.7992941e-02  -1.2577972e-01
   3.7000000e+02   2.5711320e+01   4.2021820e+00  -1.0480653e-01  -1.8103658e-02  -1.2618802e-01
   3.7100000e+02   2.5649910e+01   4.2009050e+00  -1.0551622e-01  -1.8214361e-02  -1.2659525e-01
   3.7200000e+02   2.5588840e+01   4.1996270e+00  -1.0622448e-01  -1.8325024e-02  -1.2700139e-01
   3.7300000e+02   2.5528100e+01   4.1983480e+00  -1.0693148e-01  -1.8435647e-02  -1.2740654e-01
   3.7400000e+02   2.5467690e+01   4.1970680e+00  -1.0763703e-01  -1.8546212e-02  -1.2781060e-01
   3.7500000e+02   2.5407620e+01   4.1957880e+00  -1.0834117e-01  -1.8656747e-02  -1.2821356e-01
   3.7600000e+02   2.5347870e+01   4.1945080e+00  -1.0904385e-01  -1.8767218e-02  -1.2861542e-01
   3.7700000e+02   2.5288450e+01   4.1932260e+00  -1.0974520e-01  -1.8877640e-02  -1.2901627e-01
   3.7800000e+02   2.5229350e+01   4.1919440e+00  -1.1044501e-01  -1.8987987e-02  -1.2941599e-01
   3.7900000e+02   2.5170570e+01   4.1906620e+00  -1.1114334e-01  -1.9098268e-02  -1.2981459e-01
   3.8000000e+02   2.5112110e+01   4.1893790e+00  -1.1184020e-01  -1.9208479e-02  -1.3021213e-01
   3.8100000e+02   2.5053960e+01   4.1880950e+00  -1.1253558e-01  -1.9318608e-02  -1.3060858e-01
   3.8200000e+02   2.4996120e+01   4.1868110e+00  -1.1322941e-01  -1.9428650e-02  -1.3100390e-01
   3.8300000e+02   2.4938600e+01   4.1855270e+00  -1.1392169e-01  -1.9538619e-02  -1.3139808e-01
   3.8400000e+02   2.4881370e+01   4.1842420e+00  -1.1461242e-01  -1.9648471e-02  -1.3179118e-01
   3.8500000e+02   2.4824460e+01   4.1829560e+00  -1.1530155e-01  -1.9758239e-02  -1.3218315e-01
   3.8600000e+02   2.4767840e+01   4.1816700e+00  -1.1598915e-01  -1.9867895e-02  -1.3257401e-01
   3.8700000e+02   2.4711530e+01   4.1803840e+00  -1.1667512e-01  -1.9977460e-02  -1.3296372e-01
   3.8800000e+02   2.4655510e+01   4.1790970e+00  -1.1735942e-01  -2.0086896e-02  -1.3335228e-01
   3.8900000e+02   2.4599780e+01   4.1778100e+00  -1.1804209e-01  -2.0196210e-02  -1.3373971e-01
   3.9000000e+02   2.4544350e+01   4.1765230e+00  -1.1872321e-01  -2.0305425e-02  -1.3412603e-01
   3.9100000e+02   2.4489210e+01   4.1752350e+00  -1.1940266e-01  -2.0414504e-02  -1.3451122e-01
   3.9200000e+02   2.4434350e+01   4.1739480e+00  -1.2008035e-01  -2.0523450e-02  -1.3489519e-01
   3.9300000e+02   2.4379780e+01   4.1726590e+00  -1.2075651e-01  -2.0632268e-02  -1.3527813e-01
   3.9400000e+02   2.4325490e+01   4.1713710e+00  -1.2143085e-01  -2.0740939e-02  -1.3565983e-01
   3.9500000e+02   2.4271490e+01   4.1700820e+00  -1.2210349e-01  -2.0849482e-02  -1.3604038e-01
   3.9600000e+02   2.4217760e+01   4.1687930e+00  -1.2277454e-01  -2.0957873e-02  -1.3641984e-01
   3.9700000e+02   2.4164310e+01   4.1675040e+00  -1.2344370e-01  -2.1066108e-02  -1.3679807e-01
   3.9800000e+02   2.4111130e+01   4.1662150e+00  -1.2411121e-01  -2.1174191e-02  -1.3717517e-01
   3.9900000e+02   2.4058220e+01   4.1649250e+00  -1.2477696e-01  -2.1282103e-02  -1.3755112e-01
   4.0000000e+02   2.4005580e+01   4.1636360e+00  -1.2544099e-01  -2.1389866e-02  -1.3792592e-01
   4.0100000e+02   2.3953210e+01   4.1623460e+00  -1.2610323e-01  -2.1497454e-02  -1.3829955e-01
   4.0200000e+02   2.3901110e+01   4.1610560e+00  -1.2676369e-01  -2.1604882e-02  -1.3867201e-01
   4.0300000e+02   2.3849270e+01   4.1597660e+00  -1.2742227e-01  -2.1712120e-02  -1.3904325e-01
   4.0400000e+02   2.3797690e+01   4.1584760e+00  -1.2807920e-01  -2.1819191e-02  -1.3941341e-01
   4.0500000e+02   2.3746360e+01   4.1571860e+00  -1.2873428e-01  -2.1926058e-02  -1.3978238e-01
   4.0600000e+02   2.3695300e+01   4.1558960e+00  -1.2938748e-01  -2.2032754e-02  -1.4015013e-01
   4.0700000e+02   2.3644490e+01   4.1546060e+00  -1.3003897e-01  -2.2139259e-02  -1.4051678e-01
   4.0800000e+02   2.3593940e+01   4.1533160e+00  -1.3068854e-01  -2.2245580e-02  -1.4088219e-01
   4.0900000e+02   2.3543630e+01   4.1520260e+00  -1.3133630e-01  -2.2351682e-02  -1.4124646e-01
   4.1000000e+02   2.3493580e+01   4.1507360e+00  -1.3198220e-01  -2.2457601e-02  -1.4160954e-01
   4.1100000e+02   2.3443770e+01   4.1494460e+00  -1.3262626e-01  -2.2563302e-02  -1.4197147e-01
   4.1200000e+02   2.3394210e+01   4.1481570e+00  -1.3326846e-01  -2.2668809e-02  -1.4233219e-01
   4.1300000e+02   2.3344890e+01   4.1468670e+00  -1.3390881e-01  -2.2774091e-02  -1.4269178e-01
   4.1400000e+02   2.3295810e+01   4.1455770e+00  -1.3454734e-01  -2.2879156e-02  -1.4305023e-01
   4.1500000e+02   2.3246980e+01   4.1442880e+00  -1.3518395e-01  -2.2984026e-02  -1.4340745e-01
   4.1600000e+02   2.3198380e+01   4.1429990e+00  -1.3581869e-01  -2.3088660e-02  -1.4376352e-01
   4.1700000e+02   2.3150020e+01   4.1417100e+00  -1.3645147e-01  -2.3193066e-02  -1.4411837e-01
   4.1800000e+02   2.3101890e+01   4.1404210e+00  -1.3708246e-01  -2.3297242e-02  -1.4447212e-01
   4.1900000e+02   2.3053990e+01   4.1391320e+00  -1.3771149e-01  -2.3401179e-02  -1.4482468e-01
   4.2000000e+02   2.3006330e+01   4.1378440e+00  -1.3833859e-01  -2.3504900e-02  -1.4517602e-01
   4.2100000e+02   2.2958900e+01   4.1365560e+00  -1.3896382e-01  -2.3608385e-02  -1.4552621e-01
   4.2200000e+02   2.2911690e+01   4.1352680e+00  -1.3958716e-01  -2.3711615e-02  -1.4587526e-01
   4.2300000e+02   2.2864710e+01   4.1339810e+00  -1.4020857e-01  -2.3814617e-02  -1.4622311e-01
   4.2400000e+02   2.2817950e+01   4.1326930e+00  -1.4082806e-01  -2.3917349e-02  -1.4656984e-01
   4.2500000e+02   2.2771410e+01   4.1314060e+00  -1.4144556e-01  -2.4019828e-02  -1.4691535e-01
   4.2600000e+02   2.2725100e+01   4.1301200e+00  -1.4206118e-01  -2.4122084e-02  -1.4725969e-01
   4.2700000e+02   2.2679000e+01   4.1288340e+00  -1.4267492e-01  -2.4224064e-02  -1.4760291e-01
   4.2800000e+02   2.2633130e+01   4.1275480e+00  -1.4328663e-01  -2.4325804e-02  -1.4794491e-01
   4.2900000e+02   2.2587460e+01   4.1262620e+00  -1.4389649e-01  -2.4427254e-02  -1.4828583e-01
   4.3000000e+02   2.2542020e+01   4.1249770e+00  -1.4450439e-01  -2.4528476e-02  -1.4862554e-01
   4.3100000e+02   2.2496780e+01   4.1236930e+00  -1.4511027e-01  -2.4629405e-02  -1.4896405e-01
   4.3200000e+02   2.2451760e+01   4.1224080e+00  -1.4571431e-01  -2.4730080e-02  -1.4930149e-01
   4.3300000e+02   2.2406940e+01   4.1211250e+00  -1.4631625e-01  -2.4830467e-02  -1.4963766e-01
   4.3400000e+02   2.2362340e+01   4.1198410e+00  -1.4691643e-01  -2.4930603e-02  -1.4997280e-01
   4.3500000e+02   2.2317940e+01   4.1185590e+00  -1.4751450e-01  -2.5030448e-02  -1.5030668e-01
   4.3600000e+02   2.2273740e+01   4.1172760e+00  -1.4811072e-01  -2.5130002e-02  -1.5063950e-01
   4.3700000e+02   2.2229750e+01   4.1159950e+00  -1.4870490e-01  -2.5229295e-02  -1.5097108e-01
   4.3800000e+02   2.2185960e+01   4.1147130e+00  -1.4929721e-01  -2.5328295e-02  -1.5130160e-01
   4.3900000e+02   2.2142370e+01   4.1134330e+00  -1.4988745e-01  -2.5427003e-02  -1.5163089e-01
   4.4000000e+02   2.2098980e+01   4.1121530e+00  -1.5047587e-01  -2.5525444e-02  -1.5195911e-01
   4.4100000e+02   2.2055790e+01   4.1108730e+00  -1.5106224e-01  -2.5623578e-02  -1.5228616e-01
   4.4200000e+02   2.2012800e+01   4.1095940e+00  -1.5164671e-01  -2.5721441e-02  -1.5261208e-01
   4.4300000e+02   2.1970000e+01   4.1083160e+00  -1.5222918e-01  -2.5818998e-02  -1.5293685e-01
   4.4400000e+02   2.1927390e+01   4.1070380e+00  -1.5280963e-01  -2.5916235e-02  -1.5326047e-01
   4.4500000e+02   2.1884980e+01   4.1057610e+00  -1.5338818e-01  -2.6013199e-02  -1.5358298e-01
   4.4600000e+02   2.1842750e+01   4.1044850e+00  -1.5396474e-01  -2.6109844e-02  -1.5390434e-01
   4.4700000e+02   2.1800720e+01   4.1032090e+00  -1.5453937e-01  -2.6206202e-02  -1.5422460e-01
   4.4800000e+02   2.1758870e+01   4.1019340e+00  -1.5511203e-01  -2.6302242e-02  -1.5454372e-01
   4.4900000e+02   2.1717210e+01   4.1006600e+00  -1.5568266e-01  -2.6397981e-02  -1.5486168e-01
   4.5000000e+02   2.1675730e+01   4.0993860e+00  -1.5625142e-01  -2.6493394e-02  -1.5517860e-01
   4.5100000e+02   2.1634440e+01   4.0981130e+00  -1.5681813e-01  -2.6588512e-02  -1.5549433e-01
   4.5200000e+02   2.1593340e+01   4.0968410e+00  -1.5738309e-01  -2.6683349e-02  -1.5580904e-01
   4.5300000e+02   2.1552410e+01   4.0955700e+00  -1.5794579e-01  -2.6777823e-02  -1.5612250e-01
   4.5400000e+02   2.1511660e+01   4.0942990e+00  -1.5850669e-01  -2.6871988e-02  -1.5643495e-01
   4.5500000e+02   2.1471100e+01   4.0930300e+00  -1.5906562e-01  -2.6965869e-02  -1.5674622e-01
   4.5600000e+02   2.1430710e+01   4.0917610e+00  -1.5962266e-01  -2.7059414e-02  -1.5705647e-01
   4.5700000e+02   2.1390490e+01   4.0904920e+00  -1.6017758e-01  -2.7152598e-02  -1.5736557e-01
   4.5800000e+02   2.1350450e+01   4.0892250e+00  -1.6073068e-01  -2.7245501e-02  -1.5767359e-01
   4.5900000e+02   2.1310590e+01   4.0879580e+00  -1.6128181e-01  -2.7338070e-02  -1.5798053e-01
   4.6000000e+02   2.1270900e+01   4.0866930e+00  -1.6183096e-01  -2.7430325e-02  -1.5828633e-01
   4.6100000e+02   2.1231380e+01   4.0854280e+00  -1.6237817e-01  -2.7522240e-02  -1.5859107e-01
   4.6200000e+02   2.1192030e+01   4.0841640e+00  -1.6292340e-01  -2.7613826e-02  -1.5889470e-01
   4.6300000e+02   2.1152850e+01   4.0829010e+00  -1.6346666e-01  -2.7705074e-02  -1.5919724e-01
   4.6400000e+02   2.1113840e+01   4.0816390e+00  -1.6400806e-01  -2.7796009e-02  -1.5949873e-01
   4.6500000e+02   2.1074990e+01   4.0803770e+00  -1.6454747e-01  -2.7886577e-02  -1.5979915e-01
   4.6600000e+02   2.1036310e+01   4.0791170e+00  -1.6508492e-01  -2.7976835e-02  -1.6009846e-01
   4.6700000e+02   2.0997800e+01   4.0778580e+00  -1.6562049e-01  -2.8066777e-02  -1.6039671e-01
   4.6800000e+02   2.0959450e+01   4.0765990e+00  -1.6615417e-01  -2.8156360e-02  -1.6069395e-01
   4.6900000e+02   2.0921260e+01   4.0753420e+00  -1.6668583e-01  -2.8245606e-02  -1.6099005e-01
   4.7000000e+02   2.0883230e+01   4.0740850e+00  -1.6721559e-01  -2.8334504e-02  -1.6128513e-01
   4.7100000e+02   2.0845370e+01   4.0728300e+00  -1.6774336e-01  -2.8423087e-02  -1.6157908e-01
   4.7200000e+02   2.0807660e+01   4.0715750e+00  -1.6826929e-01  -2.8511306e-02  -1.6187206e-01
   4.7300000e+02   2.0770110e+01   4.0703220e+00  -1.6879332e-01  -2.8599200e-02  -1.6216397e-01
   4.7400000e+02   2.0732710e+01   4.0690690e+00  -1.6931534e-01  -2.8686712e-02  -1.6245483e-01
   4.7500000e+02   2.0695480e+01   4.0678180e+00  -1.6983548e-01  -2.8773931e-02  -1.6274460e-01
   4.7600000e+02   2.0658400e+01   4.0665670e+00  -1.7035374e-01  -2.8860775e-02  -1.6303339e-01
   4.7700000e+02   2.0621470e+01   4.0653180e+00  -1.7087000e-01  -2.8947274e-02  -1.6332106e-01
   4.7800000e+02   2.0584690e+01   4.0640700e+00  -1.7138435e-01  -2.9033410e-02  -1.6360771e-01
   4.7900000e+02   2.0548070e+01   4.0628230e+00  -1.7189690e-01  -2.9119231e-02  -1.6389337e-01
   4.8000000e+02   2.0511600e+01   4.0615760e+00  -1.7240761e-01  -2.9204687e-02  -1.6417807e-01
   4.8100000e+02   2.0475270e+01   4.0603310e+00  -1.7291630e-01  -2.9289774e-02  -1.6446166e-01
   4.8200000e+02   2.0439100e+01   4.0590870e+00  -1.7342317e-01  -2.9374539e-02  -1.6474425e-01
   4.8300000e+02   2.0403070e+01   4.0578450e+00  -1.7392807e-01  -2.9458934e-02  -1.6502578e-01
   4.8400000e+02   2.0367190e+01   4.0566030e+00  -1.7443112e-01  -2.9542975e-02  -1.6530633e-01
   4.8500000e+02   2.0331460e+01   4.0553620e+00  -1.7493233e-01  -2.9626678e-02  -1.6558588e-01
   4.8600000e+02   2.0295870e+01   4.0541230e+00  -1.7543162e-01  -2.9710013e-02  -1.6586440e-01
   4.8700000e+02   2.0260430e+01   4.0528850e+00  -1.7592907e-01  -2.9793016e-02  -1.6614191e-01
   4.8800000e+02   2.0225130e+01   4.0516480e+00  -1.7642464e-01  -2.9875645e-02  -1.6641844e-01
   4.8900000e+02   2.0189970e+01   4.0504120e+00  -1.7691834e-01  -2.9957921e-02  -1.6669397e-01
   4.9000000e+02   2.0154950e+01   4.0491770e+00  -1.7741018e-01  -3.0039826e-02  -1.6696851e-01
   4.9100000e+02   2.0120070e+01   4.0479440e+00  -1.7790012e-01  -3.0121386e-02  -1.6724202e-01
   4.9200000e+02   2.0085330e+01   4.0467110e+00  -1.7838827e-01  -3.0202576e-02  -1.6751461e-01
   4.9300000e+02   2.0050730e+01   4.0454800e+00  -1.7887458e-01  -3.0283420e-02  -1.6778620e-01
   4.9400000e+02   2.0016270e+01   4.0442500e+00  -1.7935901e-01  -3.0363907e-02  -1.6805679e-01
   4.9500000e+02   1.9981940e+01   4.0430220e+00  -1.7984159e-01  -3.0444023e-02  -1.6832638e-01
   4.9600000e+02   1.9947750e+01   4.0417940e+00  -1.8032240e-01  -3.0523781e-02  -1.6859507e-01
   4.9700000e+02   1.9913700e+01   4.0405680e+00  -1.8080134e-01  -3.0603207e-02  -1.6886273e-01
   4.9800000e+02   1.9879780e+01   4.0393430e+00  -1.8127844e-01  -3.0682246e-02  -1.6912945e-01
   4.9900000e+02   1.9845990e+01   4.0381200e+00  -1.8175372e-01  -3.0760928e-02  -1.6939518e-01
   5.0000000e+02   1.9812340e+01   4.0368970e+00  -1.8222723e-01  -3.0839260e-02  -1.6966000e-01
   5.0100000e+02   1.9778810e+01   4.0356760e+00  -1.8269888e-01  -3.0917200e-02  -1.6992385e-01
   5.0200000e+02   1.9745420e+01   4.0344570e+00  -1.8316871e-01  -3.0994806e-02  -1.7018670e-01
   5.0300000e+02   1.9712160e+01   4.0332380e+00  -1.8363682e-01  -3.1072048e-02  -1.7044869e-01
   5.0400000e+02   1.9679020e+01   4.0320210e+00  -1.8410302e-01  -3.1148902e-02  -1.7070967e-01
   5.0500000e+02   1.9646020e+01   4.0308050e+00  -1.8456753e-01  -3.1225429e-02  -1.7096975e-01
   5.0600000e+02   1.9613140e+01   4.0295910e+00  -1.8503018e-01  -3.1301572e-02  -1.7122885e-01
   5.0700000e+02   1.9580390e+01   4.0283780e+00  -1.8549107e-01  -3.1377357e-02  -1.7148704e-01
   5.0800000e+02   1.9547760e+01   4.0271660e+00  -1.8595020e-01  -3.1452760e-02  -1.7174433e-01
   5.0900000e+02   1.9515260e+01   4.0259550e+00  -1.8640756e-01  -3.1527817e-02  -1.7200069e-01
   5.1000000e+02   1.9482880e+01   4.0247460e+00  -1.8686310e-01  -3.1602493e-02  -1.7225610e-01
   5.1100000e+02   1.9450630e+01   4.0235390e+00  -1.8731691e-01  -3.1676836e-02  -1.7251057e-01
   5.1200000e+02   1.9418500e+01   4.0223320e+00  -1.8776899e-01  -3.1750796e-02  -1.7276420e-01
   5.1300000e+02   1.9386490e+01   4.0211270e+00  -1.8821928e-01  -3.1824391e-02  -1.7301687e-01
   5.1400000e+02   1.9354600e+01   4.0199240e+00  -1.8866781e-01  -3.1897621e-02  -1.7326862e-01
   5.1500000e+02   1.9322840e+01   4.0187210e+00  -1.8911466e-01  -3.1970509e-02  -1.7351952e-01
   5.1600000e+02   1.9291190e+01   4.0175210e+00  -1.8955970e-01  -3.2043010e-02  -1.7376946e-01
   5.1700000e+02   1.9259660e+01   4.0163210e+00  -1.9000305e-01  -3.2115138e-02  -1.7401856e-01
   5.1800000e+02   1.9228250e+01   4.0151230e+00  -1.9044467e-01  -3.2186915e-02  -1.7426675e-01
   5.1900000e+02   1.9196960e+01   4.0139270e+00  -1.9088455e-01  -3.2258338e-02  -1.7451402e-01
   5.2000000e+02   1.9165790e+01   4.0127320e+00  -1.9132273e-01  -3.2329415e-02  -1.7476042e-01
   5.2100000e+02   1.9134730e+01   4.0115380e+00  -1.9175922e-01  -3.2400090e-02  -1.7500597e-01
   5.2200000e+02   1.9103780e+01   4.0103460e+00  -1.9219396e-01  -3.2470400e-02  -1.7525061e-01
   5.2300000e+02   1.9072950e+01   4.0091550e+00  -1.9262700e-01  -3.2540347e-02  -1.7549440e-01
   5.2400000e+02   1.9042240e+01   4.0079650e+00  -1.9305838e-01  -3.2609956e-02  -1.7573732e-01
   5.2500000e+02   1.9011640e+01   4.0067780e+00  -1.9348805e-01  -3.2679208e-02  -1.7597932e-01
   5.2600000e+02   1.8981150e+01   4.0055910e+00  -1.9391604e-01  -3.2748068e-02  -1.7622052e-01
   5.2700000e+02   1.8950770e+01   4.0044060e+00  -1.9434235e-01  -3.2816562e-02  -1.7646085e-01
   5.2800000e+02   1.8920510e+01   4.0032230e+00  -1.9476698e-01  -3.2884734e-02  -1.7670028e-01
   5.2900000e+02   1.8890350e+01   4.0020410e+00  -1.9518993e-01  -3.2952492e-02  -1.7693890e-01
   5.3000000e+02   1.8860300e+01   4.0008600e+00  -1.9561124e-01  -3.3019901e-02  -1.7717668e-01
   5.3100000e+02   1.8830370e+01   3.9996810e+00  -1.9603090e-01  -3.3086974e-02  -1.7741359e-01
   5.3200000e+02   1.8800540e+01   3.9985040e+00  -1.9644886e-01  -3.3153664e-02  -1.7764964e-01
   5.3300000e+02   1.8770820e+01   3.9973280e+00  -1.9686520e-01  -3.3220002e-02  -1.7788487e-01
   5.3400000e+02   1.8741210e+01   3.9961530e+00  -1.9727991e-01  -3.3285972e-02  -1.7811929e-01
   5.3500000e+02   1.8711710e+01   3.9949800e+00  -1.9769301e-01  -3.3351603e-02  -1.7835286e-01
   5.3600000e+02   1.8682310e+01   3.9938090e+00  -1.9810444e-01  -3.3416848e-02  -1.7858559e-01
   5.3700000e+02   1.8653010e+01   3.9926390e+00  -1.9851422e-01  -3.3481721e-02  -1.7881751e-01
   5.3800000e+02   1.8623820e+01   3.9914700e+00  -1.9892243e-01  -3.3546244e-02  -1.7904863e-01
   5.3900000e+02   1.8594740e+01   3.9903040e+00  -1.9932902e-01  -3.3610441e-02  -1.7927887e-01
   5.4000000e+02   1.8565760e+01   3.9891380e+00  -1.9973402e-01  -3.3674256e-02  -1.7950838e-01
   5.4100000e+02   1.8536880e+01   3.9879740e+00  -2.0013738e-01  -3.3737695e-02  -1.7973704e-01
   5.4200000e+02   1.8508100e+01   3.9868120e+00  -2.0053913e-01  -3.3800782e-02  -1.7996488e-01
   5.4300000e+02   1.8479430e+01   3.9856520e+00  -2.0093931e-01  -3.3863544e-02  -1.8019189e-01
   5.4400000e+02   1.8450860e+01   3.9844930e+00  -2.0133791e-01  -3.3925934e-02  -1.8041813e-01
   5.4500000e+02   1.8422390e+01   3.9833350e+00  -2.0173492e-01  -3.3987958e-02  -1.8064359e-01
   5.4600000e+02   1.8394010e+01   3.9821790e+00  -2.0213035e-01  -3.4049605e-02  -1.8086825e-01
   5.4700000e+02   1.8365740e+01   3.9810250e+00  -2.0252421e-01  -3.4110934e-02  -1.8109209e-01
   5.4800000e+02   1.8337570e+01   3.9798720e+00  -2.0291654e-01  -3.4171896e-02  -1.8131519e-01
   5.4900000e+02   1.8309490e+01   3.9787210e+00  -2.0330728e-01  -3.4232483e-02  -1.8153749e-01
   5.5000000e+02   1.8281520e+01   3.9775710e+00  -2.0369650e-01  -3.4292754e-02  -1.8175902e-01
   5.5100000e+02   1.8253640e+01   3.9764230e+00  -2.0408416e-01  -3.4352647e-02  -1.8197976e-01
   5.5200000e+02   1.8225850e+01   3.9752760e+00  -2.0447023e-01  -3.4412172e-02  -1.8219974e-01
   5.5300000e+02   1.8198170e+01   3.9741320e+00  -2.0485483e-01  -3.4471394e-02  -1.8241891e-01
   5.5400000e+02   1.8170570e+01   3.9729880e+00  -2.0523786e-01  -3.4530189e-02  -1.8263738e-01
   5.5500000e+02   1.8143080e+01   3.9718470e+00  -2.0561941e-01  -3.4588716e-02  -1.8285503e-01
   5.5600000e+02   1.8115670e+01   3.9707070e+00  -2.0599937e-01  -3.4646822e-02  -1.8307195e-01
   5.5700000e+02   1.8088370e+01   3.9695680e+00  -2.0637790e-01  -3.4704633e-02  -1.8328812e-01
   5.5800000e+02   1.8061150e+01   3.9684310e+00  -2.0675485e-01  -3.4762048e-02  -1.8350353e-01
   5.5900000e+02   1.8034030e+01   3.9672960e+00  -2.0713034e-01  -3.4819147e-02  -1.8371819e-01
   5.6000000e+02   1.8007000e+01   3.9661630e+00  -2.0750430e-01  -3.4875888e-02  -1.8393207e-01
   5.6100000e+02   1.7980060e+01   3.9650310e+00  -2.0787677e-01  -3.4932267e-02  -1.8414523e-01
   5.6200000e+02   1.7953210e+01   3.9639000e+00  -2.0824779e-01  -3.4988296e-02  -1.8435770e-01
   5.6300000e+02   1.7926460e+01   3.9627720e+00  -2.0861732e-01  -3.5044016e-02  -1.8456936e-01
   5.6400000e+02   1.7899790e+01   3.9616450e+00  -2.0898535e-01  -3.5099355e-02  -1.8478032e-01
   5.6500000e+02   1.7873220e+01   3.9605190e+00  -2.0935196e-01  -3.5154384e-02  -1.8499056e-01
   5.6600000e+02   1.7846730e+01   3.9593960e+00  -2.0971706e-01  -3.5209033e-02  -1.8520006e-01
   5.6700000e+02   1.7820330e+01   3.9582730e+00  -2.1008073e-01  -3.5263335e-02  -1.8540887e-01
   5.6800000e+02   1.7794020e+01   3.9571530e+00  -2.1044293e-01  -3.5317314e-02  -1.8561691e-01
   5.6900000e+02   1.7767800e+01   3.9560340e+00  -2.1080371e-01  -3.5370957e-02  -1.8582427e-01
   5.7000000e+02   1.7741670e+01   3.9549170e+00  -2.1116303e-01  -3.5424260e-02  -1.8603089e-01
   5.7100000e+02   1.7715620e+01   3.9538020e+00  -2.1152090e-01  -3.5477209e-02  -1.8623679e-01
   5.7200000e+02   1.7689660e+01   3.9526880e+00  -2.1187734e-01  -3.5529822e-02  -1.8644200e-01
   5.7300000e+02   1.7663780e+01   3.9515760e+00  -2.1223238e-01  -3.5582077e-02  -1.8664652e-01
   5.7400000e+02   1.7638000e+01   3.9504650e+00  -2.1258602e-01  -3.5634049e-02  -1.8685033e-01
   5.7500000e+02   1.7612290e+01   3.9493560e+00  -2.1293822e-01  -3.5685627e-02  -1.8705346e-01
   5.7600000e+02   1.7586670e+01   3.9482490e+00  -2.1328899e-01  -3.5736877e-02  -1.8725587e-01
   5.7700000e+02   1.7561130e+01   3.9471440e+00  -2.1363835e-01  -3.5787796e-02  -1.8745756e-01
   5.7800000e+02   1.7535680e+01   3.9460400e+00  -2.1398635e-01  -3.5838391e-02  -1.8765860e-01
   5.7900000e+02   1.7510310e+01   3.9449380e+00  -2.1433295e-01  -3.5888642e-02  -1.8785895e-01
   5.8000000e+02   1.7485030e+01   3.9438370e+00  -2.1467820e-01  -3.5938583e-02  -1.8805864e-01
   5.8100000e+02   1.7459820e+01   3.9427380e+00  -2.1502203e-01  -3.5988145e-02  -1.8825764e-01
   5.8200000e+02   1.7434700e+01   3.9416410e+00  -2.1536449e-01  -3.6037416e-02  -1.8845594e-01
   5.8300000e+02   1.7409660e+01   3.9405460e+00  -2.1570556e-01  -3.6086346e-02  -1.8865355e-01
   5.8400000e+02   1.7384700e+01   3.9394520e+00  -2.1604530e-01  -3.6134939e-02  -1.8885054e-01
   5.8500000e+02   1.7359820e+01   3.9383600e+00  -2.1638365e-01  -3.6183201e-02  -1.8904683e-01
   5.8600000e+02   1.7335020e+01   3.9372700e+00  -2.1672065e-01  -3.6231135e-02  -1.8924245e-01
   5.8700000e+02   1.7310300e+01   3.9361810e+00  -2.1705634e-01  -3.6278743e-02  -1.8943744e-01
   5.8800000e+02   1.7285660e+01   3.9350940e+00  -2.1739066e-01  -3.6326032e-02  -1.8963175e-01
   5.8900000e+02   1.7261090e+01   3.9340090e+00  -2.1772360e-01  -3.6372955e-02  -1.8982540e-01
   5.9000000e+02   1.7236610e+01   3.9329250e+00  -2.1805528e-01  -3.6419585e-02  -1.9001843e-01
   5.9100000e+02   1.7212200e+01   3.9318430e+00  -2.1838558e-01  -3.6465873e-02  -1.9021078e-01
   5.9200000e+02   1.7187880e+01   3.9307630e+00  -2.1871461e-01  -3.6511887e-02  -1.9040249e-01
   5.9300000e+02   1.7163630e+01   3.9296850e+00  -2.1904229e-01  -3.6557565e-02  -1.9059352e-01
   5.9400000e+02   1.7139450e+01   3.9286080e+00  -2.1936863e-01  -3.6602876e-02  -1.9078395e-01
   5.9500000e+02   1.7115350e+01   3.9275330e+00  -2.1969370e-01  -3.6647880e-02  -1.9097374e-01
   5.9600000e+02   1.7091330e+01   3.9264600e+00  -2.2001747e-01  -3.6692588e-02  -1.9116287e-01
   5.9700000e+02   1.7067380e+01   3.9253880e+00  -2.2033993e-01  -3.6736939e-02  -1.9135141e-01
   5.9800000e+02   1.7043510e+01   3.9243180e+00  -2.2066111e-01  -3.6781006e-02  -1.9153928e-01
   5.9900000e+02   1.7019720e+01   3.9232500e+00  -2.2098105e-01  -3.6824780e-02  -1.9172654e-01
   6.0000000e+02   1.6995990e+01   3.9221830e+00  -2.2129965e-01  -3.6868161e-02  -1.9191320e-01
   6.0100000e+02   1.6972350e+01   3.9211190e+00  -2.2161701e-01  -3.6911323e-02  -1.9209917e-01
   6.0200000e+02   1.6948770e+01   3.9200550e+00  -2.2193309e-01  -3.6954086e-02  -1.9228461e-01
   6.0300000e+02   1.6925270e+01   3.9189940e+00  -2.2224791e-01  -3.6996572e-02  -1.9246938e-01
   6.0400000e+02   1.6901840e+01   3.9179340e+00  -2.2256144e-01  -3.7038727e-02  -1.9265355e-01
   6.0500000e+02   1.6878480e+01   3.9168770e+00  -2.2287371e-01  -3.7080587e-02  -1.9283706e-01
   6.0600000e+02   1.6855200e+01   3.9158200e+00  -2.2318480e-01  -3.7122139e-02  -1.9302004e-01
   6.0700000e+02   1.6831990e+01   3.9147660e+00  -2.2349459e-01  -3.7163393e-02  -1.9320235e-01
   6.0800000e+02   1.6808850e+01   3.9137130e+00  -2.2380317e-01  -3.7204327e-02  -1.9338410e-01
   6.0900000e+02   1.6785780e+01   3.9126620e+00  -2.2411051e-01  -3.7244947e-02  -1.9356524e-01
   6.1000000e+02   1.6762780e+01   3.9116130e+00  -2.2441661e-01  -3.7285256e-02  -1.9374577e-01
   6.1100000e+02   1.6739850e+01   3.9105650e+00  -2.2472148e-01  -3.7325255e-02  -1.9392572e-01
   6.1200000e+02   1.6716990e+01   3.9095190e+00  -2.2502514e-01  -3.7364956e-02  -1.9410507e-01
   6.1300000e+02   1.6694200e+01   3.9084750e+00  -2.2532759e-01  -3.7404350e-02  -1.9428383e-01
   6.1400000e+02   1.6671480e+01   3.9074320e+00  -2.2562885e-01  -3.7443444e-02  -1.9446203e-01
   6.1500000e+02   1.6648830e+01   3.9063920e+00  -2.2592888e-01  -3.7482248e-02  -1.9463960e-01
   6.1600000e+02   1.6626240e+01   3.9053530e+00  -2.2622768e-01  -3.7520702e-02  -1.9481661e-01
   6.1700000e+02   1.6603730e+01   3.9043150e+00  -2.2652537e-01  -3.7558913e-02  -1.9499307e-01
   6.1800000e+02   1.6581280e+01   3.9032800e+00  -2.2682182e-01  -3.7596793e-02  -1.9516891e-01
   6.1900000e+02   1.6558900e+01   3.9022460e+00  -2.2711708e-01  -3.7634382e-02  -1.9534419e-01
   6.2000000e+02   1.6536590e+01   3.9012140e+00  -2.2741119e-01  -3.7671692e-02  -1.9551889e-01
   6.2100000e+02   1.6514340e+01   3.9001830e+00  -2.2770413e-01  -3.7708666e-02  -1.9569307e-01
   6.2200000e+02   1.6492160e+01   3.8991550e+00  -2.2799585e-01  -3.7745374e-02  -1.9586661e-01
   6.2300000e+02   1.6470050e+01   3.8981280e+00  -2.2828644e-01  -3.7781802e-02  -1.9603961e-01
   6.2400000e+02   1.6448000e+01   3.8971020e+00  -2.2857592e-01  -3.7817900e-02  -1.9621212e-01
   6.2500000e+02   1.6426020e+01   3.8960790e+00  -2.2886417e-01  -3.7853734e-02  -1.9638398e-01
   6.2600000e+02   1.6404110e+01   3.8950570e+00  -2.2915135e-01  -3.7889293e-02  -1.9655532e-01
   6.2700000e+02   1.6382250e+01   3.8940370e+00  -2.2943729e-01  -3.7924501e-02  -1.9672610e-01
   6.2800000e+02   1.6360470e+01   3.8930190e+00  -2.2972216e-01  -3.7959493e-02  -1.9689631e-01
   6.2900000e+02   1.6338740e+01   3.8920020e+00  -2.3000585e-01  -3.7994111e-02  -1.9706602e-01
   6.3000000e+02   1.6317090e+01   3.8909870e+00  -2.3028849e-01  -3.8028540e-02  -1.9723516e-01
   6.3100000e+02   1.6295490e+01   3.8899740e+00  -2.3056993e-01  -3.8062610e-02  -1.9740374e-01
   6.3200000e+02   1.6273960e+01   3.8889630e+00  -2.3085024e-01  -3.8096423e-02  -1.9757176e-01
   6.3300000e+02   1.6252490e+01   3.8879530e+00  -2.3112947e-01  -3.8129938e-02  -1.9773929e-01
   6.3400000e+02   1.6231080e+01   3.8869450e+00  -2.3140755e-01  -3.8163165e-02  -1.9790625e-01
   6.3500000e+02   1.6209740e+01   3.8859390e+00  -2.3168457e-01  -3.8196145e-02  -1.9807267e-01
   6.3600000e+02   1.6188460e+01   3.8849340e+00  -2.3196049e-01  -3.8228820e-02  -1.9823860e-01
   6.3700000e+02   1.6167240e+01   3.8839310e+00  -2.3223529e-01  -3.8261213e-02  -1.9840398e-01
   6.3800000e+02   1.6146080e+01   3.8829300e+00  -2.3250901e-01  -3.8293334e-02  -1.9856882e-01
   6.3900000e+02   1.6124980e+01   3.8819310e+00  -2.3278158e-01  -3.8325154e-02  -1.9873312e-01
   6.4000000e+02   1.6103940e+01   3.8809330e+00  -2.3305313e-01  -3.8356700e-02  -1.9889693e-01
   6.4100000e+02   1.6082970e+01   3.8799370e+00  -2.3332361e-01  -3.8388004e-02  -1.9906021e-01
   6.4200000e+02   1.6062050e+01   3.8789430e+00  -2.3359296e-01  -3.8418996e-02  -1.9922295e-01
   6.4300000e+02   1.6041190e+01   3.8779500e+00  -2.3386127e-01  -3.8449705e-02  -1.9938521e-01
   6.4400000e+02   1.6020400e+01   3.8769600e+00  -2.3412852e-01  -3.8480201e-02  -1.9954690e-01
   6.4500000e+02   1.5999660e+01   3.8759700e+00  -2.3439473e-01  -3.8510368e-02  -1.9970817e-01
   6.4600000e+02   1.5978980e+01   3.8749830e+00  -2.3465980e-01  -3.8540264e-02  -1.9986884e-01
   6.4700000e+02   1.5958360e+01   3.8739970e+00  -2.3492389e-01  -3.8569904e-02  -2.0002905e-01
   6.4800000e+02   1.5937800e+01   3.8730140e+00  -2.3518690e-01  -3.8599296e-02  -2.0018870e-01
   6.4900000e+02   1.5917300e+01   3.8720310e+00  -2.3544891e-01  -3.8628402e-02  -2.0034792e-01
   6.5000000e+02   1.5896860e+01   3.8710510e+00  -2.3570985e-01  -3.8657267e-02  -2.0050657e-01
   6.5100000e+02   1.5876470e+01   3.8700720e+00  -2.3596977e-01  -3.8685823e-02  -2.0066478e-01
   6.5200000e+02   1.5856140e+01   3.8690950e+00  -2.3622861e-01  -3.8714121e-02  -2.0082245e-01
   6.5300000e+02   1.5835870e+01   3.8681200e+00  -2.3648648e-01  -3.8742177e-02  -2.0097963e-01
   6.5400000e+02   1.5815660e+01   3.8671460e+00  -2.3674336e-01  -3.8769976e-02  -2.0113636e-01
   6.5500000e+02   1.5795500e+01   3.8661740e+00  -2.3699913e-01  -3.8797489e-02  -2.0129256e-01
   6.5600000e+02   1.5775400e+01   3.8652040e+00  -2.3725395e-01  -3.8824753e-02  -2.0144828e-01
   6.5700000e+02   1.5755350e+01   3.8642350e+00  -2.3750775e-01  -3.8851725e-02  -2.0160354e-01
   6.5800000e+02   1.5735360e+01   3.8632680e+00  -2.3776055e-01  -3.8878459e-02  -2.0175830e-01
   6.5900000e+02   1.5715430e+01   3.8623030e+00  -2.3801233e-01  -3.8904959e-02  -2.0191256e-01
   6.6000000e+02   1.5695550e+01   3.8613400e+00  -2.3826311e-01  -3.8931169e-02  -2.0206634e-01
   6.6100000e+02   1.5675730e+01   3.8603780e+00  -2.3851293e-01  -3.8957152e-02  -2.0221965e-01
   6.6200000e+02   1.5655960e+01   3.8594180e+00  -2.3876172e-01  -3.8982851e-02  -2.0237248e-01
   6.6300000e+02   1.5636250e+01   3.8584600e+00  -2.3900956e-01  -3.9008334e-02  -2.0252482e-01
   6.6400000e+02   1.5616590e+01   3.8575030e+00  -2.3925642e-01  -3.9033534e-02  -2.0267673e-01
   6.6500000e+02   1.5596980e+01   3.8565480e+00  -2.3950228e-01  -3.9058452e-02  -2.0282816e-01
   6.6600000e+02   1.5577430e+01   3.8555950e+00  -2.3974717e-01  -3.9083168e-02  -2.0297909e-01
   6.6700000e+02   1.5557940e+01   3.8546430e+00  -2.3999120e-01  -3.9107661e-02  -2.0312961e-01
   6.6800000e+02   1.5538490e+01   3.8536940e+00  -2.4023410e-01  -3.9131841e-02  -2.0327958e-01
   6.6900000e+02   1.5519100e+01   3.8527460e+00  -2.4047610e-01  -3.9155797e-02  -2.0342912e-01
   6.7000000e+02   1.5499760e+01   3.8517990e+00  -2.4071717e-01  -3.9179491e-02  -2.0357825e-01
   6.7100000e+02   1.5480480e+01   3.8508540e+00  -2.4095735e-01  -3.9202976e-02  -2.0372692e-01
   6.7200000e+02   1.5461250e+01   3.8499110e+00  -2.4119652e-01  -3.9226210e-02  -2.0387509e-01
   6.7300000e+02   1.5442060e+01   3.8489700e+00  -2.4143467e-01  -3.9249138e-02  -2.0402279e-01
   6.7400000e+02   1.5422940e+01   3.8480300e+00  -2.4167203e-01  -3.9271908e-02  -2.0417009e-01
   6.7500000e+02   1.5403860e+01   3.8470920e+00  -2.4190836e-01  -3.9294386e-02  -2.0431691e-01
   6.7600000e+02   1.5384830e+01   3.8461560e+00  -2.4214375e-01  -3.9316607e-02  -2.0446328e-01
   6.7700000e+02   1.5365860e+01   3.8452210e+00  -2.4237827e-01  -3.9338632e-02  -2.0460922e-01
   6.7800000e+02   1.5346940e+01   3.8442880e+00  -2.4261187e-01  -3.9360423e-02  -2.0475471e-01
   6.7900000e+02   1.5328060e+01   3.8433570e+00  -2.4284447e-01  -3.9381913e-02  -2.0489973e-01
   6.8000000e+02   1.5309240e+01   3.8424270e+00  -2.4307623e-01  -3.9403205e-02  -2.0504436e-01
   6.8100000e+02   1.5290470e+01   3.8415000e+00  -2.4330701e-01  -3.9424282e-02  -2.0518845e-01
   6.8200000e+02   1.5271750e+01   3.8405730e+00  -2.4353699e-01  -3.9445101e-02  -2.0533223e-01
   6.8300000e+02   1.5253080e+01   3.8396490e+00  -2.4376598e-01  -3.9465695e-02  -2.0547548e-01
   6.8400000e+02   1.5234460e+01   3.8387260e+00  -2.4399410e-01  -3.9486064e-02  -2.0561833e-01
   6.8500000e+02   1.5215880e+01   3.8378050e+00  -2.4422129e-01  -3.9506145e-02  -2.0576075e-01
   6.8600000e+02   1.5197360e+01   3.8368850e+00  -2.4444765e-01  -3.9526049e-02  -2.0590276e-01
   6.8700000e+02   1.5178890e+01   3.8359670e+00  -2.4467312e-01  -3.9545727e-02  -2.0604432e-01
   6.8800000e+02   1.5160460e+01   3.8350510e+00  -2.4489762e-01  -3.9565144e-02  -2.0618543e-01
   6.8900000e+02   1.5142080e+01   3.8341360e+00  -2.4512130e-01  -3.9584316e-02  -2.0632617e-01
   6.9000000e+02   1.5123760e+01   3.8332230e+00  -2.4534412e-01  -3.9603321e-02  -2.0646645e-01
   6.9100000e+02   1.5105480e+01   3.8323120e+00  -2.4556606e-01  -3.9622082e-02  -2.0660631e-01
   6.9200000e+02   1.5087240e+01   3.8314030e+00  -2.4578705e-01  -3.9640568e-02  -2.0674572e-01
   6.9300000e+02   1.5069060e+01   3.8304950e+00  -2.4600726e-01  -3.9658894e-02  -2.0688474e-01
   6.9400000e+02   1.5050920e+01   3.8295880e+00  -2.4622660e-01  -3.9676942e-02  -2.0702339e-01
   6.9500000e+02   1.5032830e+01   3.8286840e+00  -2.4644504e-01  -3.9694792e-02  -2.0716155e-01
   6.9600000e+02   1.5014790e+01   3.8277810e+00  -2.4666267e-01  -3.9712442e-02  -2.0729933e-01
   6.9700000e+02   1.4996800e+01   3.8268790e+00  -2.4687948e-01  -3.9729871e-02  -2.0743673e-01
   6.9800000e+02   1.4978850e+01   3.8259800e+00  -2.4709534e-01  -3.9747059e-02  -2.0757364e-01
   6.9900000e+02   1.4960950e+01   3.8250820e+00  -2.4731042e-01  -3.9764038e-02  -2.0771019e-01
   7.0000000e+02   1.4943090e+01   3.8241850e+00  -2.4752466e-01  -3.9780769e-02  -2.0784637e-01
   7.0100000e+02   1.4925280e+01   3.8232910e+00  -2.4773803e-01  -3.9797318e-02  -2.0798207e-01
   7.0200000e+02   1.4907520e+01   3.8223980e+00  -2.4795061e-01  -3.9813650e-02  -2.0811740e-01
   7.0300000e+02   1.4889800e+01   3.8215060e+00  -2.4816235e-01  -3.9829744e-02  -2.0825236e-01
   7.0400000e+02   1.4872130e+01   3.8206160e+00  -2.4837325e-01  -3.9845654e-02  -2.0838689e-01
   7.0500000e+02   1.4854500e+01   3.8197280e+00  -2.4858331e-01  -3.9861309e-02  -2.0852102e-01
   7.0600000e+02   1.4836920e+01   3.8188420e+00  -2.4879255e-01  -3.9876800e-02  -2.0865472e-01
   7.0700000e+02   1.4819380e+01   3.8179570e+00  -2.4900097e-01  -3.9892029e-02  -2.0878807e-01
   7.0800000e+02   1.4801890e+01   3.8170730e+00  -2.4920864e-01  -3.9907087e-02  -2.0892105e-01
   7.0900000e+02   1.4784440e+01   3.8161920e+00  -2.4941544e-01  -3.9921932e-02  -2.0905357e-01
   7.1000000e+02   1.4767040e+01   3.8153120e+00  -2.4962145e-01  -3.9936570e-02  -2.0918573e-01
   7.1100000e+02   1.4749680e+01   3.8144330e+00  -2.4982669e-01  -3.9950974e-02  -2.0931755e-01
   7.1200000e+02   1.4732360e+01   3.8135560e+00  -2.5003109e-01  -3.9965162e-02  -2.0944894e-01
   7.1300000e+02   1.4715090e+01   3.8126810e+00  -2.5023468e-01  -3.9979178e-02  -2.0957992e-01
   7.1400000e+02   1.4697870e+01   3.8118080e+00  -2.5043753e-01  -3.9993032e-02  -2.0971051e-01
   7.1500000e+02   1.4680680e+01   3.8109360e+00  -2.5063952e-01  -4.0006604e-02  -2.0984074e-01
   7.1600000e+02   1.4663540e+01   3.8100650e+00  -2.5084083e-01  -4.0020005e-02  -2.0997064e-01
   7.1700000e+02   1.4646440e+01   3.8091960e+00  -2.5104128e-01  -4.0033186e-02  -2.1010013e-01
   7.1800000e+02   1.4629390e+01   3.8083290e+00  -2.5124097e-01  -4.0046199e-02  -2.1022920e-01
   7.1900000e+02   1.4612380e+01   3.8074640e+00  -2.5143988e-01  -4.0059020e-02  -2.1035790e-01
   7.2000000e+02   1.4595410e+01   3.8066000e+00  -2.5163801e-01  -4.0071613e-02  -2.1048624e-01
   7.2100000e+02   1.4578480e+01   3.8057380e+00  -2.5183534e-01  -4.0083994e-02  -2.1061419e-01
   7.2200000e+02   1.4561600e+01   3.8048770e+00  -2.5203200e-01  -4.0096223e-02  -2.1074180e-01
   7.2300000e+02   1.4544760e+01   3.8040180e+00  -2.5222785e-01  -4.0108243e-02  -2.1086903e-01
   7.2400000e+02   1.4527950e+01   3.8031600e+00  -2.5242289e-01  -4.0119998e-02  -2.1099590e-01
   7.2500000e+02   1.4511200e+01   3.8023040e+00  -2.5261725e-01  -4.0131663e-02  -2.1112238e-01
   7.2600000e+02   1.4494480e+01   3.8014500e+00  -2.5281080e-01  -4.0143081e-02  -2.1124848e-01
   7.2700000e+02   1.4477800e+01   3.8005970e+00  -2.5300360e-01  -4.0154282e-02  -2.1137425e-01
   7.2800000e+02   1.4461170e+01   3.7997460e+00  -2.5319570e-01  -4.0165346e-02  -2.1149964e-01
   7.2900000e+02   1.4444570e+01   3.7988960e+00  -2.5338701e-01  -4.0176168e-02  -2.1162468e-01
   7.3000000e+02   1.4428020e+01   3.7980480e+00  -2.5357761e-01  -4.0186835e-02  -2.1174935e-01
   7.3100000e+02   1.4411510e+01   3.7972020e+00  -2.5376744e-01  -4.0197311e-02  -2.1187363e-01
   7.3200000e+02   1.4395040e+01   3.7963570e+00  -2.5395658e-01  -4.0207607e-02  -2.1199759e-01
   7.3300000e+02   1.4378610e+01   3.7955140e+00  -2.5414498e-01  -4.0217712e-02  -2.1212118e-01
   7.3400000e+02   1.4362220e+01   3.7946720e+00  -2.5433263e-01  -4.0227621e-02  -2.1224442e-01
   7.3500000e+02   1.4345860e+01   3.7938320e+00  -2.5451949e-01  -4.0237287e-02  -2.1236729e-01
   7.3600000e+02   1.4329550e+01   3.7929930e+00  -2.5470574e-01  -4.0246834e-02  -2.1248985e-01
   7.3700000e+02   1.4313280e+01   3.7921560e+00  -2.5489125e-01  -4.0256186e-02  -2.1261204e-01
   7.3800000e+02   1.4297050e+01   3.7913210e+00  -2.5507597e-01  -4.0265371e-02  -2.1273382e-01
   7.3900000e+02   1.4280860e+01   3.7904870e+00  -2.5526004e-01  -4.0274370e-02  -2.1285531e-01
   7.4000000e+02   1.4264700e+01   3.7896550e+00  -2.5544336e-01  -4.0283150e-02  -2.1297643e-01
   7.4100000e+02   1.4248590e+01   3.7888240e+00  -2.5562601e-01  -4.0291792e-02  -2.1309722e-01
   7.4200000e+02   1.4232520e+01   3.7879950e+00  -2.5580798e-01  -4.0300264e-02  -2.1321766e-01
   7.4300000e+02   1.4216480e+01   3.7871670e+00  -2.5598919e-01  -4.0308511e-02  -2.1333776e-01
   7.4400000e+02   1.4200480e+01   3.7863410e+00  -2.5616971e-01  -4.0316595e-02  -2.1345751e-01
   7.4500000e+02   1.4184520e+01   3.7855160e+00  -2.5634955e-01  -4.0324495e-02  -2.1357695e-01
   7.4600000e+02   1.4168600e+01   3.7846930e+00  -2.5652869e-01  -4.0332235e-02  -2.1369602e-01
   7.4700000e+02   1.4152720e+01   3.7838720e+00  -2.5670713e-01  -4.0339814e-02  -2.1381472e-01
   7.4800000e+02   1.4136870e+01   3.7830520e+00  -2.5688487e-01  -4.0347182e-02  -2.1393313e-01
   7.4900000e+02   1.4121070e+01   3.7822330e+00  -2.5706204e-01  -4.0354424e-02  -2.1405123e-01
   7.5000000e+02   1.4105300e+01   3.7814170e+00  -2.5723839e-01  -4.0361468e-02  -2.1416891e-01
   7.5100000e+02   1.4089570e+01   3.7806010e+00  -2.5741412e-01  -4.0368342e-02  -2.1428633e-01
   7.5200000e+02   1.4073870e+01   3.7797870e+00  -2.5758917e-01  -4.0375000e-02  -2.1440342e-01
   7.5300000e+02   1.4058210e+01   3.7789750e+00  -2.5776347e-01  -4.0381517e-02  -2.1452012e-01
   7.5400000e+02   1.4042600e+01   3.7781640e+00  -2.5793725e-01  -4.0387921e-02  -2.1463654e-01
   7.5500000e+02   1.4027010e+01   3.7773550e+00  -2.5811022e-01  -4.0394075e-02  -2.1475259e-01
   7.5600000e+02   1.4011470e+01   3.7765470e+00  -2.5828264e-01  -4.0400128e-02  -2.1486836e-01
   7.5700000e+02   1.3995960e+01   3.7757410e+00  -2.5845435e-01  -4.0405983e-02  -2.1498378e-01
   7.5800000e+02   1.3980480e+01   3.7749370e+00  -2.5862529e-01  -4.0411635e-02  -2.1509882e-01
   7.5900000e+02   1.3965050e+01   3.7741330e+00  -2.5879575e-01  -4.0417182e-02  -2.1521365e-01
   7.6000000e+02   1.3949650e+01   3.7733320e+00  -2.5896548e-01  -4.0422548e-02  -2.1532807e-01
   7.6100000e+02   1.3934280e+01   3.7725320e+00  -2.5913449e-01  -4.0427708e-02  -2.1544218e-01
   7.6200000e+02   1.3918960e+01   3.7717330e+00  -2.5930298e-01  -4.0432786e-02  -2.1555600e-01
   7.6300000e+02   1.3903660e+01   3.7709360e+00  -2.5947070e-01  -4.0437609e-02  -2.1566948e-01
   7.6400000e+02   1.3888410e+01   3.7701400e+00  -2.5963793e-01  -4.0442355e-02  -2.1578268e-01
   7.6500000e+02   1.3873190e+01   3.7693460e+00  -2.5980440e-01  -4.0446901e-02  -2.1589552e-01
   7.6600000e+02   1.3858000e+01   3.7685530e+00  -2.5997027e-01  -4.0451261e-02  -2.1600810e-01
   7.6700000e+02   1.3842850e+01   3.7677620e+00  -2.6013546e-01  -4.0455489e-02  -2.1612030e-01
   7.6800000e+02   1.3827740e+01   3.7669730e+00  -2.6030007e-01  -4.0459594e-02  -2.1623218e-01
   7.6900000e+02   1.3812660e+01   3.7661840e+00  -2.6046407e-01  -4.0463504e-02  -2.1634383e-01
   7.7000000e+02   1.3797610e+01   3.7653980e+00  -2.6062735e-01  -4.0467236e-02  -2.1645509e-01
   7.7100000e+02   1.3782600e+01   3.7646130e+00  -2.6079003e-01  -4.0470836e-02  -2.1656605e-01
   7.7200000e+02   1.3767630e+01   3.7638290e+00  -2.6095219e-01  -4.0474314e-02  -2.1667674e-01
   7.7300000e+02   1.3752690e+01   3.7630470e+00  -2.6111365e-01  -4.0477617e-02  -2.1678709e-01
   7.7400000e+02   1.3737780e+01   3.7622660e+00  -2.6127447e-01  -4.0480727e-02  -2.1689716e-01
   7.7500000e+02   1.3722910e+01   3.7614860e+00  -2.6143474e-01  -4.0483719e-02  -2.1700694e-01
   7.7600000e+02   1.3708070e+01   3.7607090e+00  -2.6159432e-01  -4.0486551e-02  -2.1711635e-01
   7.7700000e+02   1.3693270e+01   3.7599320e+00  -2.6175338e-01  -4.0489251e-02  -2.1722553e-01
   7.7800000e+02   1.3678500e+01   3.7591570e+00  -2.6191180e-01  -4.0491791e-02  -2.1733439e-01
   7.7900000e+02   1.3663760e+01   3.7583840e+00  -2.6206955e-01  -4.0494155e-02  -2.1744290e-01
   7.8000000e+02   1.3649060e+01   3.7576120e+00  -2.6222676e-01  -4.0496404e-02  -2.1755114e-01
   7.8100000e+02   1.3634390e+01   3.7568410e+00  -2.6238337e-01  -4.0498481e-02  -2.1765911e-01
   7.8200000e+02   1.3619750e+01   3.7560720e+00  -2.6253932e-01  -4.0500395e-02  -2.1776675e-01
   7.8300000e+02   1.3605150e+01   3.7553050e+00  -2.6269474e-01  -4.0502215e-02  -2.1787408e-01
   7.8400000e+02   1.3590580e+01   3.7545390e+00  -2.6284952e-01  -4.0503856e-02  -2.1798112e-01
   7.8500000e+02   1.3576040e+01   3.7537740e+00  -2.6300375e-01  -4.0505334e-02  -2.1808791e-01
   7.8600000e+02   1.3561540e+01   3.7530110e+00  -2.6315736e-01  -4.0506712e-02  -2.1819434e-01
   7.8700000e+02   1.3547070e+01   3.7522490e+00  -2.6331046e-01  -4.0507941e-02  -2.1830054e-01
   7.8800000e+02   1.3532630e+01   3.7514880e+00  -2.6346292e-01  -4.0508989e-02  -2.1840646e-01
   7.8900000e+02   1.3518220e+01   3.7507300e+00  -2.6361474e-01  -4.0509906e-02  -2.1851200e-01
   7.9000000e+02   1.3503850e+01   3.7499720e+00  -2.6376606e-01  -4.0510706e-02  -2.1861732e-01
   7.9100000e+02   1.3489510e+01   3.7492160e+00  -2.6391681e-01  -4.0511364e-02  -2.1872234e-01
   7.9200000e+02   1.3475200e+01   3.7484610e+00  -2.6406695e-01  -4.0511861e-02  -2.1882708e-01
   7.9300000e+02   1.3460920e+01   3.7477080e+00  -2.6421650e-01  -4.0512209e-02  -2.1893151e-01
   7.9400000e+02   1.3446680e+01   3.7469560e+00  -2.6436556e-01  -4.0512467e-02  -2.1903569e-01
   7.9500000e+02   1.3432460e+01   3.7462060e+00  -2.6451393e-01  -4.0512519e-02  -2.1913954e-01
   7.9600000e+02   1.3418280e+01   3.7454570e+00  -2.6466181e-01  -4.0512481e-02  -2.1924312e-01
   7.9700000e+02   1.3404130e+01   3.7447090e+00  -2.6480916e-01  -4.0512292e-02  -2.1934647e-01
   7.9800000e+02   1.3390010e+01   3.7439630e+00  -2.6495588e-01  -4.0511970e-02  -2.1944947e-01
   7.9900000e+02   1.3375920e+01   3.7432190e+00  -2.6510203e-01  -4.0511505e-02  -2.1955218e-01
   8.0000000e+02   1.3361870e+01   3.7424750e+00  -2.6524773e-01  -4.0510942e-02  -2.1965469e-01
   8.0100000e+02   1.3347840e+01   3.7417330e+00  -2.6539281e-01  -4.0510195e-02  -2.1975689e-01
   8.0200000e+02   1.3333850e+01   3.7409930e+00  -2.6553733e-01  -4.0509366e-02  -2.1985876e-01
   8.0300000e+02   1.3319890e+01   3.7402540e+00  -2.6568133e-01  -4.0508399e-02  -2.1996039e-01
   8.0400000e+02   1.3305950e+01   3.7395160e+00  -2.6582473e-01  -4.0507227e-02  -2.2006177e-01
   8.0500000e+02   1.3292050e+01   3.7387800e+00  -2.6596761e-01  -4.0505997e-02  -2.2016283e-01
   8.0600000e+02   1.3278180e+01   3.7380450e+00  -2.6610999e-01  -4.0504625e-02  -2.2026365e-01
   8.0700000e+02   1.3264340e+01   3.7373110e+00  -2.6625180e-01  -4.0503109e-02  -2.2036421e-01
   8.0800000e+02   1.3250530e+01   3.7365790e+00  -2.6639309e-01  -4.0501478e-02  -2.2046448e-01
   8.0900000e+02   1.3236750e+01   3.7358480e+00  -2.6653381e-01  -4.0499708e-02  -2.2056447e-01
   8.1000000e+02   1.3223000e+01   3.7351190e+00  -2.6667400e-01  -4.0497817e-02  -2.2066418e-01
   8.1100000e+02   1.3209280e+01   3.7343910e+00  -2.6681368e-01  -4.0495801e-02  -2.2076365e-01
   8.1200000e+02   1.3195590e+01   3.7336640e+00  -2.6695284e-01  -4.0493650e-02  -2.2086286e-01
   8.1300000e+02   1.3181930e+01   3.7329390e+00  -2.6709143e-01  -4.0491374e-02  -2.2096176e-01
   8.1400000e+02   1.3168300e+01   3.7322150e+00  -2.6722953e-01  -4.0488986e-02  -2.2106043e-01
   8.1500000e+02   1.3154700e+01   3.7314930e+00  -2.6736709e-01  -4.0486480e-02  -2.2115880e-01
   8.1600000e+02   1.3141130e+01   3.7307720e+00  -2.6750410e-01  -4.0483839e-02  -2.2125690e-01
   8.1700000e+02   1.3127580e+01   3.7300520e+00  -2.6764059e-01  -4.0481024e-02  -2.2135478e-01
   8.1800000e+02   1.3114070e+01   3.7293340e+00  -2.6777658e-01  -4.0478153e-02  -2.2145235e-01
   8.1900000e+02   1.3100590e+01   3.7286170e+00  -2.6791209e-01  -4.0475167e-02  -2.2154969e-01
   8.2000000e+02   1.3087130e+01   3.7279010e+00  -2.6804707e-01  -4.0472004e-02  -2.2164679e-01
   8.2100000e+02   1.3073710e+01   3.7271870e+00  -2.6818153e-01  -4.0468784e-02  -2.2174358e-01
   8.2200000e+02   1.3060310e+01   3.7264740e+00  -2.6831549e-01  -4.0465400e-02  -2.2184015e-01
   8.2300000e+02   1.3046940e+01   3.7257620e+00  -2.6844894e-01  -4.0461894e-02  -2.2193648e-01
   8.2400000e+02   1.3033600e+01   3.7250520e+00  -2.6858186e-01  -4.0458288e-02  -2.2203250e-01
   8.2500000e+02   1.3020290e+01   3.7243430e+00  -2.6871430e-01  -4.0454562e-02  -2.2212829e-01
   8.2600000e+02   1.3007010e+01   3.7236350e+00  -2.6884626e-01  -4.0450727e-02  -2.2222383e-01
   8.2700000e+02   1.2993760e+01   3.7229290e+00  -2.6897772e-01  -4.0446801e-02  -2.2231910e-01
   8.2800000e+02   1.2980530e+01   3.7222240e+00  -2.6910864e-01  -4.0442699e-02  -2.2241412e-01
   8.2900000e+02   1.2967330e+01   3.7215200e+00  -2.6923907e-01  -4.0438484e-02  -2.2250891e-01
   8.3000000e+02   1.2954160e+01   3.7208180e+00  -2.6936902e-01  -4.0434181e-02  -2.2260342e-01
   8.3100000e+02   1.2941020e+01   3.7201170e+00  -2.6949848e-01  -4.0429774e-02  -2.2269767e-01
   8.3200000e+02   1.2927910e+01   3.7194180e+00  -2.6962746e-01  -4.0425272e-02  -2.2279167e-01
   8.3300000e+02   1.2914820e+01   3.7187190e+00  -2.6975594e-01  -4.0420592e-02  -2.2288546e-01
   8.3400000e+02   1.2901770e+01   3.7180220e+00  -2.6988400e-01  -4.0415886e-02  -2.2297899e-01
   8.3500000e+02   1.2888730e+01   3.7173270e+00  -2.7001142e-01  -4.0410969e-02  -2.2307222e-01
   8.3600000e+02   1.2875730e+01   3.7166320e+00  -2.7013848e-01  -4.0405996e-02  -2.2316526e-01
   8.3700000e+02   1.2862760e+01   3.7159390e+00  -2.7026509e-01  -4.0400946e-02  -2.2325805e-01
   8.3800000e+02   1.2849810e+01   3.7152480e+00  -2.7039111e-01  -4.0395745e-02  -2.2335053e-01
   8.3900000e+02   1.2836890e+01   3.7145570e+00  -2.7051678e-01  -4.0390443e-02  -2.2344286e-01
   8.4000000e+02   1.2823990e+01   3.7138680e+00  -2.7064183e-01  -4.0384985e-02  -2.2353489e-01
   8.4100000e+02   1.2811130e+01   3.7131800e+00  -2.7076654e-01  -4.0379504e-02  -2.2362669e-01
   8.4200000e+02   1.2798290e+01   3.7124940e+00  -2.7089071e-01  -4.0373884e-02  -2.2371823e-01
   8.4300000e+02   1.2785470e+01   3.7118090e+00  -2.7101436e-01  -4.0368108e-02  -2.2380952e-01
   8.4400000e+02   1.2772690e+01   3.7111250e+00  -2.7113765e-01  -4.0362309e-02  -2.2390059e-01
   8.4500000e+02   1.2759930e+01   3.7104420e+00  -2.7126043e-01  -4.0356346e-02  -2.2399144e-01
   8.4600000e+02   1.2747190e+01   3.7097610e+00  -2.7138271e-01  -4.0350260e-02  -2.2408203e-01
   8.4700000e+02   1.2734490e+01   3.7090810e+00  -2.7150462e-01  -4.0344145e-02  -2.2417238e-01
   8.4800000e+02   1.2721810e+01   3.7084020e+00  -2.7162601e-01  -4.0337887e-02  -2.2426250e-01
   8.4900000e+02   1.2709150e+01   3.7077250e+00  -2.7174688e-01  -4.0331487e-02  -2.2435235e-01
   8.5000000e+02   1.2696530e+01   3.7070480e+00  -2.7186747e-01  -4.0325066e-02  -2.2444204e-01
   8.5100000e+02   1.2683920e+01   3.7063740e+00  -2.7198738e-01  -4.0318446e-02  -2.2453140e-01
   8.5200000e+02   1.2671350e+01   3.7057000e+00  -2.7210700e-01  -4.0311807e-02  -2.2462059e-01
   8.5300000e+02   1.2658800e+01   3.7050280e+00  -2.7222610e-01  -4.0305040e-02  -2.2470950e-01
   8.5400000e+02   1.2646280e+01   3.7043560e+00  -2.7234485e-01  -4.0298190e-02  -2.2479825e-01
   8.5500000e+02   1.2633780e+01   3.7036870e+00  -2.7246303e-01  -4.0291213e-02  -2.2488668e-01
   8.5600000e+02   1.2621310e+01   3.7030180e+00  -2.7258084e-01  -4.0284152e-02  -2.2497494e-01
   8.5700000e+02   1.2608860e+01   3.7023510e+00  -2.7269813e-01  -4.0276966e-02  -2.2506293e-01
   8.5800000e+02   1.2596440e+01   3.7016850e+00  -2.7281506e-01  -4.0269712e-02  -2.2515072e-01
   8.5900000e+02   1.2584040e+01   3.7010200e+00  -2.7293146e-01  -4.0262317e-02  -2.2523827e-01
   8.6000000e+02   1.2571670e+01   3.7003560e+00  -2.7304751e-01  -4.0254854e-02  -2.2532562e-01
   8.6100000e+02   1.2559330e+01   3.6996940e+00  -2.7316312e-01  -4.0247334e-02  -2.2541270e-01
   8.6200000e+02   1.2547010e+01   3.6990330e+00  -2.7327826e-01  -4.0239680e-02  -2.2549956e-01
   8.6300000e+02   1.2534710e+01   3.6983730e+00  -2.7339294e-01  -4.0231900e-02  -2.2558621e-01
   8.6400000e+02   1.2522440e+01   3.6977150e+00  -2.7350719e-01  -4.0224062e-02  -2.2567259e-01
   8.6500000e+02   1.2510200e+01   3.6970570e+00  -2.7362109e-01  -4.0216143e-02  -2.2575882e-01
   8.6600000e+02   1.2497980e+01   3.6964010e+00  -2.7373453e-01  -4.0208118e-02  -2.2584479e-01
   8.6700000e+02   1.2485780e+01   3.6957460e+00  -2.7384750e-01  -4.0199970e-02  -2.2593054e-01
   8.6800000e+02   1.2473610e+01   3.6950930e+00  -2.7396002e-01  -4.0191756e-02  -2.2601601e-01
   8.6900000e+02   1.2461470e+01   3.6944400e+00  -2.7407223e-01  -4.0183477e-02  -2.2610134e-01
   8.7000000e+02   1.2449350e+01   3.6937890e+00  -2.7418397e-01  -4.0175099e-02  -2.2618641e-01
   8.7100000e+02   1.2437250e+01   3.6931390e+00  -2.7429525e-01  -4.0166584e-02  -2.2627127e-01
   8.7200000e+02   1.2425180e+01   3.6924910e+00  -2.7440610e-01  -4.0158022e-02  -2.2635585e-01
   8.7300000e+02   1.2413130e+01   3.6918430e+00  -2.7451657e-01  -4.0149340e-02  -2.2644029e-01
   8.7400000e+02   1.2401110e+01   3.6911970e+00  -2.7462664e-01  -4.0140605e-02  -2.2652448e-01
   8.7500000e+02   1.2389110e+01   3.6905520e+00  -2.7473627e-01  -4.0131762e-02  -2.2660844e-01
   8.7600000e+02   1.2377130e+01   3.6899080e+00  -2.7484547e-01  -4.0122794e-02  -2.2669221e-01
   8.7700000e+02   1.2365180e+01   3.6892650e+00  -2.7495432e-01  -4.0113777e-02  -2.2677578e-01
   8.7800000e+02   1.2353250e+01   3.6886240e+00  -2.7506269e-01  -4.0104656e-02  -2.2685909e-01
   8.7900000e+02   1.2341350e+01   3.6879840e+00  -2.7517067e-01  -4.0095479e-02  -2.2694217e-01
   8.8000000e+02   1.2329470e+01   3.6873450e+00  -2.7527827e-01  -4.0086199e-02  -2.2702506e-01
   8.8100000e+02   1.2317610e+01   3.6867070e+00  -2.7538545e-01  -4.0076805e-02  -2.2710776e-01
   8.8200000e+02   1.2305780e+01   3.6860700e+00  -2.7549224e-01  -4.0067362e-02  -2.2719024e-01
   8.8300000e+02   1.2293970e+01   3.6854350e+00  -2.7559862e-01  -4.0057830e-02  -2.2727248e-01
   8.8400000e+02   1.2282180e+01   3.6848010e+00  -2.7570455e-01  -4.0048174e-02  -2.2735451e-01
   8.8500000e+02   1.2270420e+01   3.6841680e+00  -2.7581013e-01  -4.0038482e-02  -2.2743633e-01
   8.8600000e+02   1.2258680e+01   3.6835360e+00  -2.7591531e-01  -4.0028685e-02  -2.2751796e-01
   8.8700000e+02   1.2246970e+01   3.6829050e+00  -2.7602019e-01  -4.0018851e-02  -2.2759940e-01
   8.8800000e+02   1.2235270e+01   3.6822760e+00  -2.7612448e-01  -4.0008843e-02  -2.2768056e-01
   8.8900000e+02   1.2223610e+01   3.6816470e+00  -2.7622860e-01  -3.9998867e-02  -2.2776160e-01
   8.9000000e+02   1.2211960e+01   3.6810200e+00  -2.7633215e-01  -3.9988720e-02  -2.2784236e-01
   8.9100000e+02   1.2200340e+01   3.6803940e+00  -2.7643544e-01  -3.9978552e-02  -2.2792296e-01
   8.9200000e+02   1.2188730e+01   3.6797700e+00  -2.7653812e-01  -3.9968212e-02  -2.2800326e-01
   8.9300000e+02   1.2177160e+01   3.6791460e+00  -2.7664066e-01  -3.9957901e-02  -2.2808345e-01
   8.9400000e+02   1.2165600e+01   3.6785240e+00  -2.7674266e-01  -3.9947436e-02  -2.2816338e-01
   8.9500000e+02   1.2154070e+01   3.6779020e+00  -2.7684439e-01  -3.9936920e-02  -2.2824318e-01
   8.9600000e+02   1.2142560e+01   3.6772820e+00  -2.7694567e-01  -3.9926328e-02  -2.2832271e-01
   8.9700000e+02   1.2131070e+01   3.6766630e+00  -2.7704658e-01  -3.9915636e-02  -2.2840207e-01
   8.9800000e+02   1.2119610e+01   3.6760460e+00  -2.7714710e-01  -3.9904924e-02  -2.2848115e-01
   8.9900000e+02   1.2108160e+01   3.6754290e+00  -2.7724723e-01  -3.9894043e-02  -2.2856012e-01
   9.0000000e+02   1.2096740e+01   3.6748130e+00  -2.7734705e-01  -3.9883131e-02  -2.2863889e-01
   9.0100000e+02   1.2085350e+01   3.6741990e+00  -2.7744648e-01  -3.9872212e-02  -2.2871740e-01
   9.0200000e+02   1.2073970e+01   3.6735860e+00  -2.7754549e-01  -3.9861126e-02  -2.2879573e-01
   9.0300000e+02   1.2062620e+01   3.6729740e+00  -2.7764416e-01  -3.9850021e-02  -2.2887384e-01
   9.0400000e+02   1.2051280e+01   3.6723630e+00  -2.7774238e-01  -3.9838749e-02  -2.2895179e-01
   9.0500000e+02   1.2039970e+01   3.6717530e+00  -2.7784035e-01  -3.9827470e-02  -2.2902955e-01
   9.0600000e+02   1.2028690e+01   3.6711450e+00  -2.7793789e-01  -3.9816172e-02  -2.2910704e-01
   9.0700000e+02   1.2017420e+01   3.6705370e+00  -2.7803510e-01  -3.9804708e-02  -2.2918442e-01
   9.0800000e+02   1.2006170e+01   3.6699310e+00  -2.7813186e-01  -3.9793174e-02  -2.2926154e-01
   9.0900000e+02   1.1994950e+01   3.6693260e+00  -2.7822832e-01  -3.9781621e-02  -2.2933847e-01
   9.1000000e+02   1.1983750e+01   3.6687220e+00  -2.7832442e-01  -3.9769974e-02  -2.2941522e-01
   9.1100000e+02   1.1972570e+01   3.6681190e+00  -2.7842012e-01  -3.9758252e-02  -2.2949176e-01
   9.1200000e+02   1.1961410e+01   3.6675170e+00  -2.7851552e-01  -3.9746452e-02  -2.2956814e-01
   9.1300000e+02   1.1950280e+01   3.6669160e+00  -2.7861058e-01  -3.9734632e-02  -2.2964432e-01
   9.1400000e+02   1.1939160e+01   3.6663170e+00  -2.7870518e-01  -3.9722679e-02  -2.2972026e-01
   9.1500000e+02   1.1928070e+01   3.6657180e+00  -2.7879952e-01  -3.9710695e-02  -2.2979606e-01
   9.1600000e+02   1.1916990e+01   3.6651210e+00  -2.7889340e-01  -3.9698578e-02  -2.2987163e-01
   9.1700000e+02   1.1905940e+01   3.6645240e+00  -2.7898705e-01  -3.9686442e-02  -2.2994707e-01
   9.1800000e+02   1.1894910e+01   3.6639290e+00  -2.7908027e-01  -3.9674242e-02  -2.3002226e-01
   9.1900000e+02   1.1883900e+01   3.6633350e+00  -2.7917317e-01  -3.9661952e-02  -2.3009728e-01
   9.2000000e+02   1.1872910e+01   3.6627420e+00  -2.7926568e-01  -3.9649601e-02  -2.3017209e-01
   9.2100000e+02   1.1861950e+01   3.6621510e+00  -2.7935789e-01  -3.9637240e-02  -2.3024668e-01
   9.2200000e+02   1.1851000e+01   3.6615600e+00  -2.7944974e-01  -3.9624747e-02  -2.3032114e-01
   9.2300000e+02   1.1840070e+01   3.6609700e+00  -2.7954122e-01  -3.9612174e-02  -2.3039541e-01
   9.2400000e+02   1.1829170e+01   3.6603820e+00  -2.7963238e-01  -3.9599601e-02  -2.3046945e-01
   9.2500000e+02   1.1818280e+01   3.6597940e+00  -2.7972320e-01  -3.9586875e-02  -2.3054337e-01
   9.2600000e+02   1.1807420e+01   3.6592080e+00  -2.7981368e-01  -3.9574169e-02  -2.3061704e-01
   9.2700000e+02   1.1796570e+01   3.6586230e+00  -2.7990375e-01  -3.9561324e-02  -2.3069053e-01
   9.2800000e+02   1.1785750e+01   3.6580390e+00  -2.7999356e-01  -3.9548474e-02  -2.3076384e-01
   9.2900000e+02   1.1774950e+01   3.6574550e+00  -2.8008308e-01  -3.9535540e-02  -2.3083703e-01
   9.3000000e+02   1.1764170e+01   3.6568730e+00  -2.8017221e-01  -3.9522556e-02  -2.3090998e-01
   9.3100000e+02   1.1753400e+01   3.6562930e+00  -2.8026088e-01  -3.9509455e-02  -2.3098268e-01
   9.3200000e+02   1.1742660e+01   3.6557130e+00  -2.8034936e-01  -3.9496340e-02  -2.3105528e-01
   9.3300000e+02   1.1731940e+01   3.6551340e+00  -2.8043750e-01  -3.9483159e-02  -2.3112770e-01
   9.3400000e+02   1.1721240e+01   3.6545560e+00  -2.8052528e-01  -3.9469919e-02  -2.3119992e-01
   9.3500000e+02   1.1710560e+01   3.6539800e+00  -2.8061274e-01  -3.9456620e-02  -2.3127193e-01
   9.3600000e+02   1.1699900e+01   3.6534040e+00  -2.8069990e-01  -3.9443254e-02  -2.3134381e-01
   9.3700000e+02   1.1689250e+01   3.6528300e+00  -2.8078658e-01  -3.9429769e-02  -2.3141543e-01
   9.3800000e+02   1.1678630e+01   3.6522560e+00  -2.8087309e-01  -3.9416271e-02  -2.3148697e-01
   9.3900000e+02   1.1668030e+01   3.6516840e+00  -2.8095924e-01  -3.9402741e-02  -2.3155826e-01
   9.4000000e+02   1.1657450e+01   3.6511120e+00  -2.8104512e-01  -3.9389138e-02  -2.3162944e-01
   9.4100000e+02   1.1646880e+01   3.6505420e+00  -2.8113054e-01  -3.9375409e-02  -2.3170037e-01
   9.4200000e+02   1.1636340e+01   3.6499730e+00  -2.8121575e-01  -3.9361707e-02  -2.3177115e-01
   9.4300000e+02   1.1625820e+01   3.6494050e+00  -2.8130062e-01  -3.9347934e-02  -2.3184174e-01
   9.4400000e+02   1.1615310e+01   3.6488380e+00  -2.8138508e-01  -3.9334049e-02  -2.3191214e-01
   9.4500000e+02   1.1604830e+01   3.6482720e+00  -2.8146932e-01  -3.9320168e-02  -2.3198238e-01
   9.4600000e+02   1.1594360e+01   3.6477070e+00  -2.8155319e-01  -3.9306170e-02  -2.3205245e-01
   9.4700000e+02   1.1583920e+01   3.6471430e+00  -2.8163684e-01  -3.9292189e-02  -2.3212236e-01
   9.4800000e+02   1.1573490e+01   3.6465800e+00  -2.8172006e-01  -3.9278076e-02  -2.3219207e-01
   9.4900000e+02   1.1563080e+01   3.6460180e+00  -2.8180302e-01  -3.9263928e-02  -2.3226163e-01
   9.5000000e+02   1.1552700e+01   3.6454570e+00  -2.8188569e-01  -3.9249779e-02  -2.3233099e-01
   9.5100000e+02   1.1542330e+01   3.6448970e+00  -2.8196804e-01  -3.9235530e-02  -2.3240020e-01
   9.5200000e+02   1.1531980e+01   3.6443390e+00  -2.8205001e-01  -3.9221236e-02  -2.3246917e-01
   9.5300000e+02   1.1521650e+01   3.6437810e+00  -2.8213176e-01  -3.9206883e-02  -2.3253805e-01
   9.5400000e+02   1.1511330e+01   3.6432240e+00  -2.8221312e-01  -3.9192413e-02  -2.3260674e-01
   9.5500000e+02   1.1501040e+01   3.6426680e+00  -2.8229423e-01  -3.9177960e-02  -2.3267526e-01
   9.5600000e+02   1.1490770e+01   3.6421140e+00  -2.8237502e-01  -3.9163479e-02  -2.3274355e-01
   9.5700000e+02   1.1480510e+01   3.6415600e+00  -2.8245549e-01  -3.9148871e-02  -2.3281173e-01
   9.5800000e+02   1.1470270e+01   3.6410070e+00  -2.8253568e-01  -3.9134223e-02  -2.3287976e-01
   9.5900000e+02   1.1460060e+01   3.6404560e+00  -2.8261556e-01  -3.9119604e-02  -2.3294752e-01
   9.6000000e+02   1.1449860e+01   3.6399050e+00  -2.8269517e-01  -3.9104864e-02  -2.3301521e-01
   9.6100000e+02   1.1439680e+01   3.6393550e+00  -2.8277448e-01  -3.9090078e-02  -2.3308273e-01
   9.6200000e+02   1.1429510e+01   3.6388070e+00  -2.8285337e-01  -3.9075199e-02  -2.3315001e-01
   9.6300000e+02   1.1419370e+01   3.6382590e+00  -2.8293210e-01  -3.9060334e-02  -2.3321718e-01
   9.6400000e+02   1.1409240e+01   3.6377130e+00  -2.8301039e-01  -3.9045369e-02  -2.3328411e-01
   9.6500000e+02   1.1399140e+01   3.6371670e+00  -2.8308855e-01  -3.9030425e-02  -2.3335096e-01
   9.6600000e+02   1.1389050e+01   3.6366230e+00  -2.8316633e-01  -3.9015392e-02  -2.3341758e-01
   9.6700000e+02   1.1378980e+01   3.6360790e+00  -2.8324385e-01  -3.9000298e-02  -2.3348409e-01
   9.6800000e+02   1.1368920e+01   3.6355360e+00  -2.8332104e-01  -3.8985110e-02  -2.3355044e-01
   9.6900000e+02   1.1358890e+01   3.6349950e+00  -2.8339796e-01  -3.8969950e-02  -2.3361656e-01
   9.7000000e+02   1.1348870e+01   3.6344540e+00  -2.8347456e-01  -3.8954689e-02  -2.3368256e-01
   9.7100000e+02   1.1338870e+01   3.6339150e+00  -2.8355083e-01  -3.8939395e-02  -2.3374834e-01
   9.7200000e+02   1.1328890e+01   3.6333760e+00  -2.8362691e-01  -3.8924056e-02  -2.3381404e-01
   9.7300000e+02   1.1318930e+01   3.6328380e+00  -2.8370273e-01  -3.8908696e-02  -2.3387957e-01
   9.7400000e+02   1.1308990e+01   3.6323020e+00  -2.8377816e-01  -3.8893297e-02  -2.3394484e-01
   9.7500000e+02   1.1299060e+01   3.6317660e+00  -2.8385334e-01  -3.8877795e-02  -2.3401003e-01
   9.7600000e+02   1.1289150e+01   3.6312310e+00  -2.8392827e-01  -3.8862261e-02  -2.3407508e-01
   9.7700000e+02   1.1279260e+01   3.6306970e+00  -2.8400291e-01  -3.8846694e-02  -2.3413995e-01
   9.7800000e+02   1.1269390e+01   3.6301650e+00  -2.8407722e-01  -3.8831109e-02  -2.3420458e-01
   9.7900000e+02   1.1259530e+01   3.6296330e+00  -2.8415124e-01  -3.8815406e-02  -2.3426912e-01
   9.8000000e+02   1.1249690e+01   3.6291020e+00  -2.8422503e-01  -3.8799687e-02  -2.3433351e-01
   9.8100000e+02   1.1239870e+01   3.6285720e+00  -2.8429856e-01  -3.8783939e-02  -2.3439773e-01
   9.8200000e+02   1.1230070e+01   3.6280430e+00  -2.8437179e-01  -3.8768159e-02  -2.3446179e-01
   9.8300000e+02   1.1220280e+01   3.6275150e+00  -2.8444469e-01  -3.8752281e-02  -2.3452568e-01
   9.8400000e+02   1.1210520e+01   3.6269890e+00  -2.8451739e-01  -3.8736462e-02  -2.3458936e-01
   9.8500000e+02   1.1200760e+01   3.6264630e+00  -2.8458969e-01  -3.8720463e-02  -2.3465293e-01
   9.8600000e+02   1.1191030e+01   3.6259380e+00  -2.8466186e-01  -3.8704522e-02  -2.3471636e-01
   9.8700000e+02   1.1181310e+01   3.6254130e+00  -2.8473372e-01  -3.8688465e-02  -2.3477968e-01
   9.8800000e+02   1.1171610e+01   3.6248900e+00  -2.8480527e-01  -3.8672393e-02  -2.3484278e-01
   9.8900000e+02   1.1161930e+01   3.6243680e+00  -2.8487655e-01  -3.8656303e-02  -2.3490570e-01
   9.9000000e+02   1.1152270e+01   3.6238470e+00  -2.8494761e-01  -3.8640200e-02  -2.3496849e-01
   9.9100000e+02   1.1142620e+01   3.6233270e+00  -2.8501835e-01  -3.8623991e-02  -2.3503112e-01
   9.9200000e+02   1.1132990e+01   3.6228070e+00  -2.8508888e-01  -3.8607766e-02  -2.3509364e-01
   9.9300000e+02   1.1123370e+01   3.6222890e+00  -2.8515904e-01  -3.8591451e-02  -2.3515595e-01
   9.9400000e+02   1.1113780e+01   3.6217710e+00  -2.8522909e-01  -3.8575180e-02  -2.3521817e-01
   9.9500000e+02   1.1104200e+01   3.6212550e+00  -2.8529877e-01  -3.8558829e-02  -2.3528017e-01
   9.9600000e+02   1.1094630e+01   3.6207390e+00  -2.8536815e-01  -3.8542376e-02  -2.3534205e-01
   9.9700000e+02   1.1085090e+01   3.6202250e+00  -2.8543735e-01  -3.8526000e-02  -2.3540374e-01
   9.9800000e+02   1.1075560e+01   3.6197110e+00  -2.8550624e-01  -3.8509515e-02  -2.3546531e-01
   9.9900000e+02   1.1066040e+01   3.6191980e+00  -2.8557484e-01  -3.8492940e-02  -2.3552675e-01
   1.0000000e+03   1.1056550e+01   3.6186860e+00  -2.8564329e-01  -3.8476434e-02  -2.3558802e-01
   1.0010000e+03   1.1047060e+01   3.6181750e+00  -2.8571132e-01  -3.8459763e-02  -2.3564914e-01
   1.0020000e+03   1.1037600e+01   3.6176650e+00  -2.8577923e-01  -3.8443152e-02  -2.3571011e-01
   1.0030000e+03   1.1028150e+01   3.6171560e+00  -2.8584680e-01  -3.8426458e-02  -2.3577091e-01
   1.0040000e+03   1.1018720e+01   3.6166480e+00  -2.8591415e-01  -3.8409747e-02  -2.3583158e-01
   1.0050000e+03   1.1009310e+01   3.6161410e+00  -2.8598125e-01  -3.8393027e-02  -2.3589207e-01
   1.0060000e+03   1.0999910e+01   3.6156350e+00  -2.8604807e-01  -3.8376232e-02  -2.3595242e-01
   1.0070000e+03   1.0990530e+01   3.6151290e+00  -2.8611466e-01  -3.8359407e-02  -2.3601267e-01
   1.0080000e+03   1.0981160e+01   3.6146250e+00  -2.8618095e-01  -3.8342510e-02  -2.3607272e-01
   1.0090000e+03   1.0971810e+01   3.6141210e+00  -2.8624703e-01  -3.8325599e-02  -2.3613266e-01
   1.0100000e+03   1.0962480e+01   3.6136180e+00  -2.8631288e-01  -3.8308673e-02  -2.3619246e-01
   1.0110000e+03   1.0953160e+01   3.6131170e+00  -2.8637838e-01  -3.8291687e-02  -2.3625203e-01
   1.0120000e+03   1.0943860e+01   3.6126160e+00  -2.8644371e-01  -3.8274675e-02  -2.3631152e-01
   1.0130000e+03   1.0934580e+01   3.6121160e+00  -2.8650885e-01  -3.8257665e-02  -2.3637087e-01
   1.0140000e+03   1.0925310e+01   3.6116170e+00  -2.8657363e-01  -3.8240569e-02  -2.3643005e-01
   1.0150000e+03   1.0916060e+01   3.6111180e+00  -2.8663828e-01  -3.8223458e-02  -2.3648915e-01
   1.0160000e+03   1.0906820e+01   3.6106210e+00  -2.8670261e-01  -3.8206291e-02  -2.3654805e-01
   1.0170000e+03   1.0897600e+01   3.6101250e+00  -2.8676665e-01  -3.8189112e-02  -2.3660677e-01
   1.0180000e+03   1.0888390e+01   3.6096290e+00  -2.8683049e-01  -3.8171849e-02  -2.3666542e-01
   1.0190000e+03   1.0879200e+01   3.6091350e+00  -2.8689407e-01  -3.8154594e-02  -2.3672386e-01
   1.0200000e+03   1.0870030e+01   3.6086410e+00  -2.8695745e-01  -3.8137317e-02  -2.3678220e-01
   1.0210000e+03   1.0860870e+01   3.6081480e+00  -2.8702056e-01  -3.8119976e-02  -2.3684040e-01
   1.0220000e+03   1.0851730e+01   3.6076560e+00  -2.8708347e-01  -3.8102632e-02  -2.3689845e-01
   1.0230000e+03   1.0842600e+01   3.6071650e+00  -2.8714605e-01  -3.8085210e-02  -2.3695634e-01
   1.0240000e+03   1.0833490e+01   3.6066750e+00  -2.8720843e-01  -3.8067794e-02  -2.3701408e-01
   1.0250000e+03   1.0824400e+01   3.6061860e+00  -2.8727064e-01  -3.8050384e-02  -2.3707170e-01
   1.0260000e+03   1.0815320e+01   3.6056970e+00  -2.8733258e-01  -3.8032883e-02  -2.3712921e-01
   1.0270000e+03   1.0806250e+01   3.6052100e+00  -2.8739418e-01  -3.8015326e-02  -2.3718650e-01
   1.0280000e+03   1.0797200e+01   3.6047230e+00  -2.8745565e-01  -3.7997762e-02  -2.3724373e-01
   1.0290000e+03   1.0788170e+01   3.6042370e+00  -2.8751688e-01  -3.7980197e-02  -2.3730079e-01
   1.0300000e+03   1.0779150e+01   3.6037520e+00  -2.8757784e-01  -3.7962562e-02  -2.3735771e-01
   1.0310000e+03   1.0770150e+01   3.6032680e+00  -2.8763859e-01  -3.7944928e-02  -2.3741448e-01
   1.0320000e+03   1.0761160e+01   3.6027850e+00  -2.8769910e-01  -3.7927237e-02  -2.3747112e-01
   1.0330000e+03   1.0752190e+01   3.6023030e+00  -2.8775937e-01  -3.7909549e-02  -2.3752760e-01
   1.0340000e+03   1.0743230e+01   3.6018210e+00  -2.8781945e-01  -3.7891786e-02  -2.3758401e-01
   1.0350000e+03   1.0734290e+01   3.6013400e+00  -2.8787931e-01  -3.7874028e-02  -2.3764026e-01
   1.0360000e+03   1.0725360e+01   3.6008610e+00  -2.8793879e-01  -3.7856203e-02  -2.3769629e-01
   1.0370000e+03   1.0716450e+01   3.6003820e+00  -2.8799820e-01  -3.7838389e-02  -2.3775227e-01
   1.0380000e+03   1.0707550e+01   3.5999040e+00  -2.8805730e-01  -3.7820502e-02  -2.3780808e-01
   1.0390000e+03   1.0698670e+01   3.5994260e+00  -2.8811627e-01  -3.7802620e-02  -2.3786381e-01
   1.0400000e+03   1.0689800e+01   3.5989500e+00  -2.8817491e-01  -3.7784675e-02  -2.3791935e-01
   1.0410000e+03   1.0680950e+01   3.5984750e+00  -2.8823333e-01  -3.7766753e-02  -2.3797471e-01
   1.0420000e+03   1.0672110e+01   3.5980000e+00  -2.8829157e-01  -3.7748750e-02  -2.3803002e-01
   1.0430000e+03   1.0663290e+01   3.5975260e+00  -2.8834962e-01  -3.7730764e-02  -2.3808518e-01
   1.0440000e+03   1.0654480e+01   3.5970530e+00  -2.8840739e-01  -3.7712715e-02  -2.3814019e-01
   1.0450000e+03   1.0645680e+01   3.5965810e+00  -2.8846489e-01  -3.7694609e-02  -2.3819506e-01
   1.0460000e+03   1.0636910e+01   3.5961100e+00  -2.8852227e-01  -3.7676578e-02  -2.3824978e-01
   1.0470000e+03   1.0628140e+01   3.5956390e+00  -2.8857935e-01  -3.7658408e-02  -2.3830441e-01
   1.0480000e+03   1.0619390e+01   3.5951690e+00  -2.8863626e-01  -3.7640254e-02  -2.3835891e-01
   1.0490000e+03   1.0610660e+01   3.5947010e+00  -2.8869293e-01  -3.7622125e-02  -2.3841320e-01
   1.0500000e+03   1.0601940e+01   3.5942330e+00  -2.8874940e-01  -3.7603921e-02  -2.3846743e-01
   1.0510000e+03   1.0593230e+01   3.5937660e+00  -2.8880560e-01  -3.7585667e-02  -2.3852150e-01
   1.0520000e+03   1.0584540e+01   3.5932990e+00  -2.8886168e-01  -3.7567411e-02  -2.3857550e-01
   1.0530000e+03   1.0575860e+01   3.5928340e+00  -2.8891743e-01  -3.7549117e-02  -2.3862928e-01
   1.0540000e+03   1.0567200e+01   3.5923690e+00  -2.8897305e-01  -3.7530823e-02  -2.3868299e-01
   1.0550000e+03   1.0558550e+01   3.5919050e+00  -2.8902845e-01  -3.7512487e-02  -2.3873657e-01
   1.0560000e+03   1.0549920e+01   3.5914420e+00  -2.8908365e-01  -3.7494148e-02  -2.3879001e-01
   1.0570000e+03   1.0541300e+01   3.5909800e+00  -2.8913857e-01  -3.7475762e-02  -2.3884329e-01
   1.0580000e+03   1.0532690e+01   3.5905190e+00  -2.8919325e-01  -3.7457332e-02  -2.3889643e-01
   1.0590000e+03   1.0524100e+01   3.5900580e+00  -2.8924784e-01  -3.7438904e-02  -2.3894952e-01
   1.0600000e+03   1.0515520e+01   3.5895980e+00  -2.8930214e-01  -3.7420422e-02  -2.3900244e-01
   1.0610000e+03   1.0506960e+01   3.5891390e+00  -2.8935626e-01  -3.7401957e-02  -2.3905523e-01
   1.0620000e+03   1.0498410e+01   3.5886810e+00  -2.8941016e-01  -3.7383442e-02  -2.3910789e-01
   1.0630000e+03   1.0489880e+01   3.5882240e+00  -2.8946385e-01  -3.7364948e-02  -2.3916039e-01
   1.0640000e+03   1.0481360e+01   3.5877670e+00  -2.8951738e-01  -3.7346404e-02  -2.3921283e-01
   1.0650000e+03   1.0472850e+01   3.5873120e+00  -2.8957058e-01  -3.7327805e-02  -2.3926506e-01
   1.0660000e+03   1.0464360e+01   3.5868570e+00  -2.8962370e-01  -3.7309222e-02  -2.3931724e-01
   1.0670000e+03   1.0455880e+01   3.5864020e+00  -2.8967657e-01  -3.7290580e-02  -2.3936930e-01
   1.0680000e+03   1.0447410e+01   3.5859490e+00  -2.8972915e-01  -3.7271893e-02  -2.3942118e-01
   1.0690000e+03   1.0438960e+01   3.5854970e+00  -2.8978161e-01  -3.7253248e-02  -2.3947293e-01
   1.0700000e+03   1.0430530e+01   3.5850450e+00  -2.8983391e-01  -3.7234596e-02  -2.3952459e-01
   1.0710000e+03   1.0422100e+01   3.5845940e+00  -2.8988592e-01  -3.7215835e-02  -2.3957612e-01
   1.0720000e+03   1.0413690e+01   3.5841440e+00  -2.8993780e-01  -3.7197108e-02  -2.3962753e-01
   1.0730000e+03   1.0405300e+01   3.5836940e+00  -2.8998951e-01  -3.7178378e-02  -2.3967885e-01
   1.0740000e+03   1.0396910e+01   3.5832460e+00  -2.9004087e-01  -3.7159557e-02  -2.3972997e-01
   1.0750000e+03   1.0388550e+01   3.5827980e+00  -2.9009216e-01  -3.7140811e-02  -2.3978100e-01
   1.0760000e+03   1.0380190e+01   3.5823510e+00  -2.9014320e-01  -3.7121958e-02  -2.3983192e-01
   1.0770000e+03   1.0371850e+01   3.5819050e+00  -2.9019402e-01  -3.7103125e-02  -2.3988268e-01
   1.0780000e+03   1.0363520e+01   3.5814590e+00  -2.9024472e-01  -3.7084248e-02  -2.3993340e-01
   1.0790000e+03   1.0355210e+01   3.5810150e+00  -2.9029516e-01  -3.7065397e-02  -2.3998389e-01
   1.0800000e+03   1.0346900e+01   3.5805710e+00  -2.9034533e-01  -3.7046422e-02  -2.4003431e-01
   1.0810000e+03   1.0338620e+01   3.5801280e+00  -2.9039547e-01  -3.7027556e-02  -2.4008462e-01
   1.0820000e+03   1.0330340e+01   3.5796850e+00  -2.9044529e-01  -3.7008556e-02  -2.4013483e-01
   1.0830000e+03   1.0322080e+01   3.5792440e+00  -2.9049496e-01  -3.6989608e-02  -2.4018485e-01
   1.0840000e+03   1.0313830e+01   3.5788030e+00  -2.9054442e-01  -3.6970600e-02  -2.4023480e-01
   1.0850000e+03   1.0305600e+01   3.5783630e+00  -2.9059372e-01  -3.6951623e-02  -2.4028461e-01
   1.0860000e+03   1.0297380e+01   3.5779240e+00  -2.9064282e-01  -3.6932611e-02  -2.4033430e-01
   1.0870000e+03   1.0289170e+01   3.5774850e+00  -2.9069173e-01  -3.6913544e-02  -2.4038392e-01
   1.0880000e+03   1.0280980e+01   3.5770480e+00  -2.9074042e-01  -3.6894524e-02  -2.4043332e-01
   1.0890000e+03   1.0272790e+01   3.5766110e+00  -2.9078887e-01  -3.6875377e-02  -2.4048266e-01
   1.0900000e+03   1.0264630e+01   3.5761740e+00  -2.9083734e-01  -3.6856329e-02  -2.4053195e-01
   1.0910000e+03   1.0256470e+01   3.5757390e+00  -2.9088542e-01  -3.6837186e-02  -2.4058103e-01
   1.0920000e+03   1.0248330e+01   3.5753040e+00  -2.9093342e-01  -3.6818059e-02  -2.4063004e-01
   1.0930000e+03   1.0240200e+01   3.5748700e+00  -2.9098116e-01  -3.6798893e-02  -2.4067891e-01
   1.0940000e+03   1.0232080e+01   3.5744370e+00  -2.9102870e-01  -3.6779697e-02  -2.4072765e-01
   1.0950000e+03   1.0223980e+01   3.5740050e+00  -2.9107610e-01  -3.6760531e-02  -2.4077626e-01
   1.0960000e+03   1.0215890e+01   3.5735730e+00  -2.9112330e-01  -3.6741320e-02  -2.4082479e-01
   1.0970000e+03   1.0207810e+01   3.5731420e+00  -2.9117032e-01  -3.6722073e-02  -2.4087321e-01
   1.0980000e+03   1.0199750e+01   3.5727120e+00  -2.9121717e-01  -3.6702863e-02  -2.4092148e-01
   1.0990000e+03   1.0191700e+01   3.5722830e+00  -2.9126380e-01  -3.6683626e-02  -2.4096962e-01
   1.1000000e+03   1.0183660e+01   3.5718540e+00  -2.9131026e-01  -3.6664332e-02  -2.4101769e-01
   1.1010000e+03   1.0175630e+01   3.5714260e+00  -2.9135655e-01  -3.6645011e-02  -2.4106565e-01
   1.1020000e+03   1.0167620e+01   3.5709990e+00  -2.9140265e-01  -3.6625722e-02  -2.4111346e-01
   1.1030000e+03   1.0159620e+01   3.5705720e+00  -2.9144859e-01  -3.6606403e-02  -2.4116119e-01
   1.1040000e+03   1.0151630e+01   3.5701470e+00  -2.9149429e-01  -3.6587050e-02  -2.4120875e-01
   1.1050000e+03   1.0143650e+01   3.5697220e+00  -2.9153982e-01  -3.6567662e-02  -2.4125624e-01
   1.1060000e+03   1.0135690e+01   3.5692970e+00  -2.9158526e-01  -3.6548294e-02  -2.4130366e-01
   1.1070000e+03   1.0127740e+01   3.5688740e+00  -2.9163042e-01  -3.6528913e-02  -2.4135087e-01
   1.1080000e+03   1.0119800e+01   3.5684510e+00  -2.9167544e-01  -3.6509479e-02  -2.4139804e-01
   1.1090000e+03   1.0111880e+01   3.5680290e+00  -2.9172032e-01  -3.6490099e-02  -2.4144506e-01
   1.1100000e+03   1.0103960e+01   3.5676080e+00  -2.9176488e-01  -3.6470612e-02  -2.4149195e-01
   1.1110000e+03   1.0096060e+01   3.5671870e+00  -2.9180940e-01  -3.6451155e-02  -2.4153879e-01
   1.1120000e+03   1.0088180e+01   3.5667670e+00  -2.9185381e-01  -3.6431749e-02  -2.4158550e-01
   1.1130000e+03   1.0080300e+01   3.5663480e+00  -2.9189790e-01  -3.6412233e-02  -2.4163207e-01
   1.1140000e+03   1.0072440e+01   3.5659300e+00  -2.9194184e-01  -3.6392760e-02  -2.4167851e-01
   1.1150000e+03   1.0064590e+01   3.5655120e+00  -2.9198566e-01  -3.6373255e-02  -2.4172489e-01
   1.1160000e+03   1.0056750e+01   3.5650950e+00  -2.9202927e-01  -3.6353724e-02  -2.4177114e-01
   1.1170000e+03   1.0048920e+01   3.5646790e+00  -2.9207266e-01  -3.6334157e-02  -2.4181726e-01
   1.1180000e+03   1.0041110e+01   3.5642630e+00  -2.9211598e-01  -3.6314625e-02  -2.4186332e-01
   1.1190000e+03   1.0033310e+01   3.5638480e+00  -2.9215910e-01  -3.6295071e-02  -2.4190925e-01
   1.1200000e+03   1.0025520e+01   3.5634340e+00  -2.9220202e-01  -3.6275490e-02  -2.4195506e-01
   1.1210000e+03   1.0017740e+01   3.5630210e+00  -2.9224472e-01  -3.6255878e-02  -2.4200073e-01
   1.1220000e+03   1.0009980e+01   3.5626080e+00  -2.9228738e-01  -3.6236311e-02  -2.4204634e-01
   1.1230000e+03   1.0002220e+01   3.5621960e+00  -2.9232974e-01  -3.6216636e-02  -2.4209183e-01
