   3.2000000e+01   2.4569980e+02   5.0130180e+00   1.7098470e-03   0.0000000e+00   1.1364926e-08
   3.3000000e+01   2.3933150e+02   4.9927850e+00   1.6502284e-03   0.0000000e+00   1.1564090e-08
   3.4000000e+01   2.3328700e+02   4.9736800e+00   1.5859537e-03   0.0000000e+00   1.1756272e-08
   3.5000000e+01   2.2754200e+02   4.9556160e+00   1.5171572e-03   0.0000000e+00   1.1941753e-08
   3.6000000e+01   2.2207440e+02   4.9385120e+00   1.4439718e-03   0.0000000e+00   1.2120730e-08
   3.7000000e+01   2.1686440e+02   4.9222980e+00   1.3665076e-03   0.0000000e+00   1.2293379e-08
   3.8000000e+01   2.1189420e+02   4.9069060e+00   1.2848700e-03   0.0000000e+00   1.2459952e-08
   3.9000000e+01   2.0714720e+02   4.8922790e+00   1.1991664e-03   0.0000000e+00   1.2620611e-08
   4.0000000e+01   2.0260890e+02   4.8783620e+00   1.1094842e-03   0.0000000e+00   1.2775458e-08
   4.1000000e+01   1.9826550e+02   4.8651050e+00   1.0159154e-03   0.0000000e+00   1.2924697e-08
   4.2000000e+01   1.9410480e+02   4.8524630e+00   9.1853059e-04   0.0000000e+00   1.3068436e-08
   4.3000000e+01   1.9011550e+02   4.8403950e+00   8.1741993e-04   0.0000000e+00   1.3206709e-08
   4.4000000e+01   1.8628700e+02   4.8288630e+00   7.1263386e-04   0.0000000e+00   1.3339842e-08
   4.5000000e+01   1.8260990e+02   4.8178320e+00   6.0425105e-04   0.0000000e+00   1.3467652e-08
   4.6000000e+01   1.7907540e+02   4.8072710e+00   4.9233985e-04   0.0000000e+00   1.3590384e-08
   4.7000000e+01   1.7567520e+02   4.7971500e+00   3.7694054e-04   0.0000000e+00   1.3708150e-08
   4.8000000e+01   1.7240200e+02   4.7874420e+00   2.5812436e-04   0.0000000e+00   1.3820949e-08
   4.9000000e+01   1.6924860e+02   4.7781220e+00   1.3592969e-04   0.0000000e+00   1.3928842e-08
   5.0000000e+01   1.6620860e+02   4.7691660e+00   1.0423835e-05   0.0000000e+00   1.4031917e-08
   5.1000000e+01   1.6327610e+02   4.7605550e+00  -1.1836202e-04   0.0000000e+00   1.4130250e-08
   5.2000000e+01   1.6044540e+02   4.7522680e+00  -2.5037210e-04   0.0000000e+00   1.4223817e-08
   5.3000000e+01   1.5771130e+02   4.7442860e+00  -3.8557563e-04   0.0000000e+00   1.4312677e-08
   5.4000000e+01   1.5506900e+02   4.7365930e+00  -5.2391822e-04   0.0000000e+00   1.4397028e-08
   5.5000000e+01   1.5251390e+02   4.7291730e+00  -6.6537126e-04   0.0000000e+00   1.4476792e-08
   5.6000000e+01   1.5004170e+02   4.7220110e+00  -8.0989817e-04   0.0000000e+00   1.4551958e-08
   5.7000000e+01   1.4764860e+02   4.7150940e+00  -9.5746286e-04   0.0000000e+00   1.4622595e-08
   5.8000000e+01   1.4533070e+02   4.7084090e+00  -1.1080224e-03   0.0000000e+00   1.4688902e-08
   5.9000000e+01   1.4308470e+02   4.7019440e+00  -1.2615653e-03   0.0000000e+00   1.4750584e-08
   6.0000000e+01   1.4090710e+02   4.6956880e+00  -1.4180370e-03   0.0000000e+00   1.4807903e-08
   6.1000000e+01   1.3879500e+02   4.6896300e+00  -1.5774268e-03   0.0000000e+00   1.4860808e-08
   6.2000000e+01   1.3674540e+02   4.6837620e+00  -1.7397078e-03   0.0000000e+00   1.4909312e-08
   6.3000000e+01   1.3475560e+02   4.6780720e+00  -1.9048236e-03   0.0000000e+00   1.4953452e-08
   6.4000000e+01   1.3282300e+02   4.6725550e+00  -2.0727957e-03   0.0000000e+00   1.4993347e-08
   6.5000000e+01   1.3094530e+02   4.6672000e+00  -2.2435672e-03   0.0000000e+00   1.5028961e-08
   6.6000000e+01   1.2912000e+02   4.6620010e+00  -2.4171043e-03   0.0000000e+00   1.5060197e-08
   6.7000000e+01   1.2734510e+02   4.6569500e+00  -2.5934294e-03   0.0000000e+00   1.5087045e-08
   6.8000000e+01   1.2561840e+02   4.6520420e+00  -2.7724714e-03   0.0000000e+00   1.5109885e-08
   6.9000000e+01   1.2393810e+02   4.6472690e+00  -2.9542472e-03   0.0000000e+00   1.5128303e-08
   7.0000000e+01   1.2230230e+02   4.6426250e+00  -3.1387098e-03   0.0000000e+00   1.5142443e-08
   7.1000000e+01   1.2070930e+02   4.6381060e+00  -3.3258568e-03   0.0000000e+00   1.5152435e-08
   7.2000000e+01   1.1915740e+02   4.6337060e+00  -3.5156556e-03   0.0000000e+00   1.5158116e-08
   7.3000000e+01   1.1764500e+02   4.6294190e+00  -3.7081314e-03   0.0000000e+00   1.5159772e-08
   7.4000000e+01   1.1617070e+02   4.6252420e+00  -3.9032098e-03   0.0000000e+00   1.5157083e-08
   7.5000000e+01   1.1473310e+02   4.6211690e+00  -4.1009048e-03   0.0000000e+00   1.5150242e-08
   7.6000000e+01   1.1333070e+02   4.6171960e+00  -4.3011837e-03   0.0000000e+00   1.5139196e-08
   7.7000000e+01   1.1196240e+02   4.6133200e+00  -4.5040591e-03   0.0000000e+00   1.5123972e-08
   7.8000000e+01   1.1062690e+02   4.6095360e+00  -4.7095106e-03   0.0000000e+00   1.5104542e-08
   7.9000000e+01   1.0932290e+02   4.6058420e+00  -4.9174900e-03   0.0000000e+00   1.5080981e-08
   8.0000000e+01   1.0804960e+02   4.6022330e+00  -5.1280390e-03   0.0000000e+00   1.5053353e-08
   8.1000000e+01   1.0680560e+02   4.5987060e+00  -5.3411061e-03   0.0000000e+00   1.5021488e-08
   8.2000000e+01   1.0559020e+02   4.5952580e+00  -5.5566944e-03   0.0000000e+00   1.4985461e-08
   8.3000000e+01   1.0440220e+02   4.5918870e+00  -5.7747805e-03   0.0000000e+00   1.4945392e-08
   8.4000000e+01   1.0324090e+02   4.5885890e+00  -5.9953606e-03   0.0000000e+00   1.4901006e-08
   8.5000000e+01   1.0210520e+02   4.5853610e+00  -6.2184306e-03   0.0000000e+00   1.4852674e-08
   8.6000000e+01   1.0099440e+02   4.5822020e+00  -6.4439582e-03   0.0000000e+00   1.4800116e-08
   8.7000000e+01   9.9907580e+01   4.5791090e+00  -6.6719952e-03   0.0000000e+00   1.4743394e-08
   8.8000000e+01   9.8844090e+01   4.5760790e+00  -6.9024517e-03   0.0000000e+00   1.4682590e-08
   8.9000000e+01   9.7803140e+01   4.5731100e+00  -7.1353563e-03   0.0000000e+00   1.4617574e-08
   9.0000000e+01   9.6784020e+01   4.5702000e+00  -7.3707414e-03   0.0000000e+00   1.4548395e-08
   9.1000000e+01   9.5786060e+01   4.5673480e+00  -7.6085261e-03   0.0000000e+00   1.4474950e-08
   9.2000000e+01   9.4808610e+01   4.5645500e+00  -7.8487613e-03   0.0000000e+00   1.4397592e-08
   9.3000000e+01   9.3851040e+01   4.5618050e+00  -8.0914026e-03   0.0000000e+00   1.4316204e-08
   9.4000000e+01   9.2912760e+01   4.5591120e+00  -8.3364591e-03   0.0000000e+00   1.4230546e-08
   9.5000000e+01   9.1993190e+01   4.5564690e+00  -8.5839153e-03   0.0000000e+00   1.4140491e-08
   9.6000000e+01   9.1091770e+01   4.5538740e+00  -8.8337824e-03   0.0000000e+00   1.4046669e-08
   9.7000000e+01   9.0207980e+01   4.5513260e+00  -9.0860548e-03   0.0000000e+00   1.3948569e-08
   9.8000000e+01   8.9341300e+01   4.5488220e+00  -9.3407085e-03   0.0000000e+00   1.3845896e-08
   9.9000000e+01   8.8491260e+01   4.5463620e+00  -9.5977428e-03   0.0000000e+00   1.3739767e-08
   1.0000000e+02   8.7657360e+01   4.5439450e+00  -9.8571660e-03   0.0000000e+00   1.3628999e-08
   1.0100000e+02   8.6839160e+01   4.5415680e+00  -1.0118943e-02   0.0000000e+00   1.3514105e-08
   1.0200000e+02   8.6036230e+01   4.5392310e+00  -1.0383147e-02   0.0000000e+00   1.3395320e-08
   1.0300000e+02   8.5248130e+01   4.5369320e+00  -1.0649663e-02   0.0000000e+00   1.3272101e-08
   1.0400000e+02   8.4474470e+01   4.5346700e+00  -1.0918600e-02   0.0000000e+00   1.3144807e-08
   1.0500000e+02   8.3714850e+01   4.5324450e+00  -1.1189858e-02   0.0000000e+00   1.3013456e-08
   1.0600000e+02   8.2968890e+01   4.5302540e+00  -1.1463512e-02   0.0000000e+00   1.2877457e-08
   1.0700000e+02   8.2236240e+01   4.5280980e+00  -1.1739480e-02   0.0000000e+00   1.2737719e-08
   1.0800000e+02   8.1516530e+01   4.5259740e+00  -1.2017844e-02   0.0000000e+00   1.2593374e-08
   1.0900000e+02   8.0809440e+01   4.5238820e+00  -1.2298542e-02   0.0000000e+00   1.2445294e-08
   1.1000000e+02   8.0114620e+01   4.5218210e+00  -1.2581578e-02   0.0000000e+00   1.2292595e-08
   1.1100000e+02   7.9431780e+01   4.5197910e+00  -1.2866989e-02   0.0000000e+00   1.2136076e-08
   1.1200000e+02   7.8760600e+01   4.5177890e+00  -1.3154738e-02   0.0000000e+00   1.1975135e-08
   1.1300000e+02   7.8100780e+01   4.5158160e+00  -1.3444828e-02   0.0000000e+00   1.1809661e-08
   1.1400000e+02   7.7452050e+01   4.5138700e+00  -1.3737273e-02   0.0000000e+00   1.1640157e-08
   1.1500000e+02   7.6814130e+01   4.5119510e+00  -1.4032061e-02   0.0000000e+00   1.1466304e-08
   1.1600000e+02   7.6186740e+01   4.5100580e+00  -1.4329170e-02   0.0000000e+00   1.1288395e-08
   1.1700000e+02   7.5569640e+01   4.5081900e+00  -1.4628640e-02   0.0000000e+00   1.1106152e-08
   1.1800000e+02   7.4962570e+01   4.5063470e+00  -1.4930439e-02   0.0000000e+00   1.0919533e-08
   1.1900000e+02   7.4365300e+01   4.5045280e+00  -1.5234576e-02   0.0000000e+00   1.0728628e-08
   1.2000000e+02   7.3777580e+01   4.5027310e+00  -1.5541059e-02   0.0000000e+00   1.0533484e-08
   1.2100000e+02   7.3199190e+01   4.5009580e+00  -1.5849875e-02   0.0000000e+00   1.0333992e-08
   1.2200000e+02   7.2629920e+01   4.4992060e+00  -1.6161032e-02   0.0000000e+00   1.0130210e-08
   1.2300000e+02   7.2069540e+01   4.4974750e+00  -1.6474521e-02   0.0000000e+00   9.9220739e-09
   1.2400000e+02   7.1517860e+01   4.4957650e+00  -1.6790348e-02   0.0000000e+00   9.7095665e-09
   1.2500000e+02   7.0974670e+01   4.4940750e+00  -1.7108520e-02   0.0000000e+00   9.4927706e-09
   1.2600000e+02   7.0439790e+01   4.4924050e+00  -1.7429010e-02   0.0000000e+00   9.2715785e-09
   1.2700000e+02   6.9913020e+01   4.4907540e+00  -1.7751849e-02   0.0000000e+00   9.0459944e-09
   1.2800000e+02   6.9394180e+01   4.4891210e+00  -1.8077019e-02   0.0000000e+00   8.8160660e-09
   1.2900000e+02   6.8883090e+01   4.4875060e+00  -1.8404529e-02   0.0000000e+00   8.5817255e-09
   1.3000000e+02   6.8379590e+01   4.4859090e+00  -1.8734356e-02   0.0000000e+00   8.3429814e-09
   1.3100000e+02   6.7883500e+01   4.4843290e+00  -1.9066541e-02   0.0000000e+00   8.0998174e-09
   1.3200000e+02   6.7394670e+01   4.4827650e+00  -1.9401046e-02   0.0000000e+00   7.8522956e-09
   1.3300000e+02   6.6912940e+01   4.4812180e+00  -1.9737883e-02   0.0000000e+00   7.6002717e-09
   1.3400000e+02   6.6438160e+01   4.4796860e+00  -2.0077071e-02   0.0000000e+00   7.3438756e-09
   1.3500000e+02   6.5970170e+01   4.4781700e+00  -2.0418578e-02   0.0000000e+00   7.0828848e-09
   1.3600000e+02   6.5508840e+01   4.4766680e+00  -2.0762420e-02   0.0000000e+00   6.8174908e-09
   1.3700000e+02   6.5054020e+01   4.4751810e+00  -2.1108596e-02   0.0000000e+00   6.5476456e-09
   1.3800000e+02   6.4605580e+01   4.4737080e+00  -2.1457102e-02   0.0000000e+00   6.2733587e-09
   1.3900000e+02   6.4163390e+01   4.4722490e+00  -2.1807941e-02   0.0000000e+00   5.9944514e-09
   1.4000000e+02   6.3727320e+01   4.4708030e+00  -2.2161102e-02   0.0000000e+00   5.7110391e-09
   1.4100000e+02   6.3297240e+01   4.4693700e+00  -2.2516612e-02   0.0000000e+00   5.4232718e-09
   1.4200000e+02   6.2873030e+01   4.4679490e+00  -2.2874433e-02   0.0000000e+00   5.1308304e-09
   1.4300000e+02   6.2454570e+01   4.4665410e+00  -2.3234602e-02   0.0000000e+00   4.8337953e-09
   1.4400000e+02   6.2041760e+01   4.4651450e+00  -2.3597070e-02   0.0000000e+00   4.5323267e-09
   1.4500000e+02   6.1634460e+01   4.4637600e+00  -2.3961876e-02   0.0000000e+00   4.2261377e-09
   1.4600000e+02   6.1232590e+01   4.4623870e+00  -2.4329009e-02   0.0000000e+00   3.9155589e-09
   1.4700000e+02   6.0836020e+01   4.4610250e+00  -2.4698462e-02   0.0000000e+00   3.6003761e-09
   1.4800000e+02   6.0444670e+01   4.4596730e+00  -2.5070238e-02   0.0000000e+00   3.2804560e-09
   1.4900000e+02   6.0058420e+01   4.4583320e+00  -2.5444332e-02   0.0000000e+00   2.9560311e-09
   1.5000000e+02   5.9677170e+01   4.4570010e+00  -2.5820733e-02   0.0000000e+00   2.6268322e-09
   1.5100000e+02   5.9300840e+01   4.4556800e+00  -2.6199453e-02   0.0000000e+00   2.2931676e-09
   1.5200000e+02   5.8929330e+01   4.4543680e+00  -2.6580492e-02   0.0000000e+00   1.9548906e-09
   1.5300000e+02   5.8562550e+01   4.4530660e+00  -2.6963829e-02   0.0000000e+00   1.6118012e-09
   1.5400000e+02   5.8200400e+01   4.4517730e+00  -2.7349465e-02   0.0000000e+00   1.2642126e-09
   1.5500000e+02   5.7842810e+01   4.4504890e+00  -2.7737411e-02   0.0000000e+00   9.1175457e-10
   1.5600000e+02   5.7489690e+01   4.4492130e+00  -2.8127655e-02   0.0000000e+00   5.5488259e-10
   1.5700000e+02   5.7140950e+01   4.4479450e+00  -2.8520195e-02   0.0000000e+00   1.9316934e-10
   1.5800000e+02   5.6796520e+01   4.4466860e+00  -2.8915021e-02   0.0000000e+00  -1.7317967e-10
   1.5900000e+02   5.6456320e+01   4.4454350e+00  -2.9312124e-02   0.0000000e+00  -5.4441526e-10
   1.6000000e+02   5.6120270e+01   4.4441910e+00  -2.9711515e-02   0.0000000e+00  -9.2006714e-10
   1.6100000e+02   5.5788300e+01   4.4429540e+00  -3.0113179e-02   0.0000000e+00  -1.3006642e-09
   1.6200000e+02   5.5460330e+01   4.4417250e+00  -3.0517114e-02   0.0000000e+00  -1.6859861e-09
   1.6300000e+02   5.5136290e+01   4.4405030e+00  -3.0923301e-02   0.0000000e+00  -2.0758428e-09
   1.6400000e+02   5.4816120e+01   4.4392870e+00  -3.1331765e-02   0.0000000e+00  -2.4706411e-09
   1.6500000e+02   5.4499750e+01   4.4380780e+00  -3.1742485e-02   0.0000000e+00  -2.8700730e-09
   1.6600000e+02   5.4187100e+01   4.4368760e+00  -3.2155428e-02   0.0000000e+00  -3.2742457e-09
   1.6700000e+02   5.3878130e+01   4.4356800e+00  -3.2570612e-02   0.0000000e+00  -3.6832783e-09
   1.6800000e+02   5.3572750e+01   4.4344890e+00  -3.2988030e-02   0.0000000e+00  -4.0969391e-09
   1.6900000e+02   5.3270910e+01   4.4333050e+00  -3.3407670e-02   0.0000000e+00  -4.5153848e-09
   1.7000000e+02   5.2972560e+01   4.4321260e+00  -3.3829528e-02   0.0000000e+00  -4.9386905e-09
   1.7100000e+02   5.2677630e+01   4.4309530e+00  -3.4253588e-02   0.0000000e+00  -5.3667915e-09
   1.7200000e+02   5.2386060e+01   4.4297850e+00  -3.4679841e-02   0.0000000e+00  -5.7996387e-09
   1.7300000e+02   5.2097800e+01   4.4286220e+00  -3.5108276e-02   0.0000000e+00  -6.2372356e-09
   1.7400000e+02   5.1812790e+01   4.4274640e+00  -3.5538880e-02   0.0000000e+00  -6.6796423e-09
   1.7500000e+02   5.1530980e+01   4.4263110e+00  -3.5971657e-02   0.0000000e+00  -7.1268395e-09
   1.7600000e+02   5.1252320e+01   4.4251630e+00  -3.6406594e-02   0.0000000e+00  -7.5787888e-09
   1.7700000e+02   5.0976750e+01   4.4240190e+00  -3.6843668e-02   0.0000000e+00  -8.0353625e-09
   1.7800000e+02   5.0704230e+01   4.4228790e+00  -3.7282887e-02   0.0000000e+00  -8.4969776e-09
   1.7900000e+02   5.0434700e+01   4.4217440e+00  -3.7724218e-02   0.0000000e+00  -8.9632373e-09
   1.8000000e+02   5.0168120e+01   4.4206130e+00  -3.8167619e-02   0.0000000e+00  -9.4343774e-09
   1.8100000e+02   4.9904440e+01   4.4194850e+00  -3.8613144e-02   0.0000000e+00  -9.9100847e-09
   1.8200000e+02   4.9643610e+01   4.4183620e+00  -3.9060746e-02   0.0000000e+00  -1.0390744e-08
   1.8300000e+02   4.9385590e+01   4.4172420e+00  -3.9510424e-02   0.0000000e+00  -1.0876150e-08
   1.8400000e+02   4.9130340e+01   4.4161250e+00  -3.9962146e-02   0.0000000e+00  -1.1366383e-08
   1.8500000e+02   4.8877810e+01   4.4150120e+00  -4.0415888e-02   0.0000000e+00  -1.1861303e-08
   1.8600000e+02   4.8627950e+01   4.4139020e+00  -4.0871640e-02   0.0000000e+00  -1.2360836e-08
   1.8700000e+02   4.8380730e+01   4.4127950e+00  -4.1329428e-02   0.0000000e+00  -1.2865220e-08
   1.8800000e+02   4.8136110e+01   4.4116910e+00  -4.1789175e-02   0.0000000e+00  -1.3374453e-08
   1.8900000e+02   4.7894050e+01   4.4105900e+00  -4.2250904e-02   0.0000000e+00  -1.3888263e-08
   1.9000000e+02   4.7654510e+01   4.4094920e+00  -4.2714567e-02   0.0000000e+00  -1.4406805e-08
   1.9100000e+02   4.7417440e+01   4.4083960e+00  -4.3180181e-02   0.0000000e+00  -1.4930114e-08
   1.9200000e+02   4.7182820e+01   4.4073030e+00  -4.3647689e-02   0.0000000e+00  -1.5458239e-08
   1.9300000e+02   4.6950600e+01   4.4062120e+00  -4.4117105e-02   0.0000000e+00  -1.5990830e-08
   1.9400000e+02   4.6720750e+01   4.4051230e+00  -4.4588391e-02   0.0000000e+00  -1.6528276e-08
   1.9500000e+02   4.6493230e+01   4.4040370e+00  -4.5061517e-02   0.0000000e+00  -1.7070122e-08
   1.9600000e+02   4.6268020e+01   4.4029530e+00  -4.5536482e-02   0.0000000e+00  -1.7616867e-08
   1.9700000e+02   4.6045070e+01   4.4018700e+00  -4.6013252e-02   0.0000000e+00  -1.8168125e-08
   1.9800000e+02   4.5824350e+01   4.4007900e+00  -4.6491801e-02   0.0000000e+00  -1.8724037e-08
   1.9900000e+02   4.5605840e+01   4.3997110e+00  -4.6972128e-02   0.0000000e+00  -1.9284494e-08
   2.0000000e+02   4.5389490e+01   4.3986340e+00  -4.7454191e-02   0.0000000e+00  -1.9849590e-08
   2.0100000e+02   4.5175280e+01   4.3975580e+00  -4.7937966e-02   0.0000000e+00  -2.0419005e-08
   2.0200000e+02   4.4963170e+01   4.3964840e+00  -4.8423440e-02   0.0000000e+00  -2.0993242e-08
   2.0300000e+02   4.4753140e+01   4.3954110e+00  -4.8910579e-02   0.0000000e+00  -2.1571685e-08
   2.0400000e+02   4.4545160e+01   4.3943400e+00  -4.9399338e-02   0.0000000e+00  -2.2154885e-08
   2.0500000e+02   4.4339190e+01   4.3932700e+00  -4.9889722e-02   0.0000000e+00  -2.2742317e-08
   2.0600000e+02   4.4135220e+01   4.3922000e+00  -5.0381701e-02   0.0000000e+00  -2.3334242e-08
   2.0700000e+02   4.3933200e+01   4.3911320e+00  -5.0875230e-02   0.0000000e+00  -2.3930594e-08
   2.0800000e+02   4.3733120e+01   4.3900650e+00  -5.1370282e-02   0.0000000e+00  -2.4531401e-08
   2.0900000e+02   4.3534950e+01   4.3889980e+00  -5.1866863e-02   0.0000000e+00  -2.5136454e-08
   2.1000000e+02   4.3338650e+01   4.3879330e+00  -5.2364899e-02   0.0000000e+00  -2.5745790e-08
   2.1100000e+02   4.3144210e+01   4.3868680e+00  -5.2864355e-02   0.0000000e+00  -2.6359407e-08
   2.1200000e+02   4.2951600e+01   4.3858030e+00  -5.3365266e-02   0.0000000e+00  -2.6977241e-08
   2.1300000e+02   4.2760800e+01   4.3847390e+00  -5.3867548e-02   0.0000000e+00  -2.7599544e-08
   2.1400000e+02   4.2571770e+01   4.3836760e+00  -5.4371168e-02   0.0000000e+00  -2.8225624e-08
   2.1500000e+02   4.2384500e+01   4.3826130e+00  -5.4876106e-02   0.0000000e+00  -2.8855965e-08
   2.1600000e+02   4.2198960e+01   4.3815500e+00  -5.5382348e-02   0.0000000e+00  -2.9490665e-08
   2.1700000e+02   4.2015130e+01   4.3804880e+00  -5.5889825e-02   0.0000000e+00  -3.0129070e-08
   2.1800000e+02   4.1832990e+01   4.3794250e+00  -5.6398517e-02   0.0000000e+00  -3.0771831e-08
   2.1900000e+02   4.1652510e+01   4.3783630e+00  -5.6908427e-02   0.0000000e+00  -3.1418262e-08
   2.2000000e+02   4.1473670e+01   4.3773010e+00  -5.7419457e-02   0.0000000e+00  -3.2068888e-08
   2.2100000e+02   4.1296450e+01   4.3762380e+00  -5.7931630e-02   0.0000000e+00  -3.2723172e-08
   2.2200000e+02   4.1120840e+01   4.3751760e+00  -5.8444855e-02   0.0000000e+00  -3.3381403e-08
   2.2300000e+02   4.0946790e+01   4.3741130e+00  -5.8959149e-02   0.0000000e+00  -3.4043279e-08
   2.2400000e+02   4.0774310e+01   4.3730510e+00  -5.9474446e-02   0.0000000e+00  -3.4709120e-08
   2.2500000e+02   4.0603360e+01   4.3719870e+00  -5.9990725e-02   0.0000000e+00  -3.5378597e-08
   2.2600000e+02   4.0433940e+01   4.3709240e+00  -6.0507918e-02   0.0000000e+00  -3.6051805e-08
   2.2700000e+02   4.0266000e+01   4.3698600e+00  -6.1026021e-02   0.0000000e+00  -3.6728474e-08
   2.2800000e+02   4.0099550e+01   4.3687960e+00  -6.1544979e-02   0.0000000e+00  -3.7408610e-08
   2.2900000e+02   3.9934560e+01   4.3677310e+00  -6.2064747e-02   0.0000000e+00  -3.8092204e-08
   2.3000000e+02   3.9771010e+01   4.3666660e+00  -6.2585301e-02   0.0000000e+00  -3.8779452e-08
   2.3100000e+02   3.9608880e+01   4.3656000e+00  -6.3106609e-02   0.0000000e+00  -3.9470094e-08
   2.3200000e+02   3.9448160e+01   4.3645330e+00  -6.3628623e-02   0.0000000e+00  -4.0163926e-08
   2.3300000e+02   3.9288830e+01   4.3634650e+00  -6.4151290e-02   0.0000000e+00  -4.0860803e-08
   2.3400000e+02   3.9130860e+01   4.3623970e+00  -6.4674567e-02   0.0000000e+00  -4.1561068e-08
   2.3500000e+02   3.8974250e+01   4.3613280e+00  -6.5198422e-02   0.0000000e+00  -4.2264296e-08
   2.3600000e+02   3.8818980e+01   4.3602580e+00  -6.5722844e-02   0.0000000e+00  -4.2970837e-08
   2.3700000e+02   3.8665030e+01   4.3591870e+00  -6.6247757e-02   0.0000000e+00  -4.3680221e-08
   2.3800000e+02   3.8512380e+01   4.3581160e+00  -6.6773107e-02   0.0000000e+00  -4.4392392e-08
   2.3900000e+02   3.8361020e+01   4.3570430e+00  -6.7298882e-02   0.0000000e+00  -4.5107786e-08
   2.4000000e+02   3.8210930e+01   4.3559690e+00  -6.7825036e-02   0.0000000e+00  -4.5825541e-08
   2.4100000e+02   3.8062100e+01   4.3548940e+00  -6.8351528e-02   0.0000000e+00  -4.6546485e-08
   2.4200000e+02   3.7914510e+01   4.3538180e+00  -6.8878308e-02   0.0000000e+00  -4.7269850e-08
   2.4300000e+02   3.7768150e+01   4.3527410e+00  -6.9405319e-02   0.0000000e+00  -4.7995728e-08
   2.4400000e+02   3.7623000e+01   4.3516630e+00  -6.9932513e-02   0.0000000e+00  -4.8724204e-08
   2.4500000e+02   3.7479040e+01   4.3505830e+00  -7.0459909e-02   0.0000000e+00  -4.9455062e-08
   2.4600000e+02   3.7336280e+01   4.3495020e+00  -7.0987397e-02   0.0000000e+00  -5.0188237e-08
   2.4700000e+02   3.7194680e+01   4.3484200e+00  -7.1514961e-02   0.0000000e+00  -5.0923562e-08
   2.4800000e+02   3.7054230e+01   4.3473360e+00  -7.2042542e-02   0.0000000e+00  -5.1661440e-08
   2.4900000e+02   3.6914930e+01   4.3462520e+00  -7.2570112e-02   0.0000000e+00  -5.2401228e-08
   2.5000000e+02   3.6776760e+01   4.3451650e+00  -7.3097648e-02   0.0000000e+00  -5.3142925e-08
   2.5100000e+02   3.6639700e+01   4.3440780e+00  -7.3625026e-02   0.0000000e+00  -5.3886903e-08
   2.5200000e+02   3.6503750e+01   4.3429880e+00  -7.4152307e-02   0.0000000e+00  -5.4632453e-08
   2.5300000e+02   3.6368880e+01   4.3418980e+00  -7.4679383e-02   0.0000000e+00  -5.5380008e-08
   2.5400000e+02   3.6235090e+01   4.3408050e+00  -7.5206239e-02   0.0000000e+00  -5.6128890e-08
   2.5500000e+02   3.6102370e+01   4.3397120e+00  -7.5732786e-02   0.0000000e+00  -5.6879767e-08
   2.5600000e+02   3.5970700e+01   4.3386160e+00  -7.6259014e-02   0.0000000e+00  -5.7631979e-08
   2.5700000e+02   3.5840070e+01   4.3375190e+00  -7.6784885e-02   0.0000000e+00  -5.8386102e-08
   2.5800000e+02   3.5710470e+01   4.3364210e+00  -7.7310342e-02   0.0000000e+00  -5.9141054e-08
   2.5900000e+02   3.5581880e+01   4.3353210e+00  -7.7835337e-02   0.0000000e+00  -5.9897437e-08
   2.6000000e+02   3.5454300e+01   4.3342190e+00  -7.8359849e-02   0.0000000e+00  -6.0655012e-08
   2.6100000e+02   3.5327720e+01   4.3331150e+00  -7.8883823e-02   0.0000000e+00  -6.1413617e-08
   2.6200000e+02   3.5202110e+01   4.3320100e+00  -7.9407190e-02   0.0000000e+00  -6.2173158e-08
   2.6300000e+02   3.5077480e+01   4.3309030e+00  -7.9929944e-02   0.0000000e+00  -6.2933843e-08
   2.6400000e+02   3.4953810e+01   4.3297940e+00  -8.0452042e-02   0.0000000e+00  -6.3694985e-08
   2.6500000e+02   3.4831090e+01   4.3286840e+00  -8.0973390e-02   0.0000000e+00  -6.4457475e-08
   2.6600000e+02   3.4709310e+01   4.3275710e+00  -8.1493987e-02   0.0000000e+00  -6.5220090e-08
   2.6700000e+02   3.4588460e+01   4.3264570e+00  -8.2013817e-02   0.0000000e+00  -6.5983418e-08
   2.6800000e+02   3.4468530e+01   4.3253410e+00  -8.2532767e-02   0.0000000e+00  -6.6747002e-08
   2.6900000e+02   3.4349510e+01   4.3242240e+00  -8.3050823e-02   0.0000000e+00  -6.7510970e-08
   2.7000000e+02   3.4231390e+01   4.3231040e+00  -8.3568003e-02   0.0000000e+00  -6.8275549e-08
   2.7100000e+02   3.4114160e+01   4.3219830e+00  -8.4084198e-02   0.0000000e+00  -6.9039481e-08
   2.7200000e+02   3.3997800e+01   4.3208590e+00  -8.4599358e-02   0.0000000e+00  -6.9804166e-08
   2.7300000e+02   3.3882320e+01   4.3197340e+00  -8.5113501e-02   0.0000000e+00  -7.0568532e-08
   2.7400000e+02   3.3767700e+01   4.3186070e+00  -8.5626547e-02   0.0000000e+00  -7.1332860e-08
   2.7500000e+02   3.3653930e+01   4.3174780e+00  -8.6138457e-02   0.0000000e+00  -7.2096894e-08
   2.7600000e+02   3.3541000e+01   4.3163470e+00  -8.6649210e-02   0.0000000e+00  -7.2860710e-08
   2.7700000e+02   3.3428900e+01   4.3152140e+00  -8.7158718e-02   0.0000000e+00  -7.3624006e-08
   2.7800000e+02   3.3317630e+01   4.3140800e+00  -8.7667010e-02   0.0000000e+00  -7.4386533e-08
   2.7900000e+02   3.3207170e+01   4.3129430e+00  -8.8174024e-02   0.0000000e+00  -7.5148445e-08
   2.8000000e+02   3.3097530e+01   4.3118050e+00  -8.8679684e-02   0.0000000e+00  -7.5910092e-08
   2.8100000e+02   3.2988680e+01   4.3106640e+00  -8.9183997e-02   0.0000000e+00  -7.6670542e-08
   2.8200000e+02   3.2880620e+01   4.3095220e+00  -8.9686919e-02   0.0000000e+00  -7.7430258e-08
   2.8300000e+02   3.2773340e+01   4.3083770e+00  -9.0188417e-02   0.0000000e+00  -7.8188757e-08
   2.8400000e+02   3.2666830e+01   4.3072310e+00  -9.0688403e-02   0.0000000e+00  -7.8946162e-08
   2.8500000e+02   3.2561100e+01   4.3060830e+00  -9.1186901e-02   0.0000000e+00  -7.9702679e-08
   2.8600000e+02   3.2456110e+01   4.3049320e+00  -9.1683868e-02   0.0000000e+00  -8.0457381e-08
   2.8700000e+02   3.2351880e+01   4.3037800e+00  -9.2179252e-02   0.0000000e+00  -8.1210608e-08
   2.8800000e+02   3.2248390e+01   4.3026260e+00  -9.2673022e-02   0.0000000e+00  -8.1962699e-08
   2.8900000e+02   3.2145640e+01   4.3014700e+00  -9.3165121e-02   0.0000000e+00  -8.2713060e-08
   2.9000000e+02   3.2043610e+01   4.3003120e+00  -9.3655558e-02   0.0000000e+00  -8.3461344e-08
   2.9100000e+02   3.1942300e+01   4.2991520e+00  -9.4144320e-02   0.0000000e+00  -8.4208331e-08
   2.9200000e+02   3.1841700e+01   4.2979900e+00  -9.4631303e-02   0.0000000e+00  -8.4952965e-08
   2.9300000e+02   3.1741810e+01   4.2968260e+00  -9.5116500e-02   0.0000000e+00  -8.5695748e-08
   2.9400000e+02   3.1642610e+01   4.2956600e+00  -9.5599916e-02   0.0000000e+00  -8.6436816e-08
   2.9500000e+02   3.1544100e+01   4.2944920e+00  -9.6081476e-02   0.0000000e+00  -8.7175522e-08
   2.9600000e+02   3.1446280e+01   4.2933220e+00  -9.6561196e-02   0.0000000e+00  -8.7911079e-08
   2.9700000e+02   3.1349140e+01   4.2921500e+00  -9.7039004e-02   0.0000000e+00  -8.8645385e-08
   2.9800000e+02   3.1252660e+01   4.2909770e+00  -9.7514901e-02   0.0000000e+00  -8.9376442e-08
   2.9900000e+02   3.1156850e+01   4.2898010e+00  -9.7988848e-02   0.0000000e+00  -9.0105161e-08
   3.0000000e+02   3.1061690e+01   4.2886230e+00  -9.8460816e-02   0.0000000e+00  -9.0831268e-08
   3.0100000e+02   3.0967180e+01   4.2874440e+00  -9.8930743e-02   0.0000000e+00  -9.1554301e-08
   3.0200000e+02   3.0873320e+01   4.2862630e+00  -9.9398676e-02   0.0000000e+00  -9.2274854e-08
   3.0300000e+02   3.0780090e+01   4.2850790e+00  -9.9864540e-02   0.0000000e+00  -9.2992079e-08
   3.0400000e+02   3.0687490e+01   4.2838940e+00  -1.0032835e-01   0.0000000e+00  -9.3706619e-08
   3.0500000e+02   3.0595520e+01   4.2827070e+00  -1.0079004e-01   0.0000000e+00  -9.4417318e-08
   3.0600000e+02   3.0504170e+01   4.2815180e+00  -1.0124961e-01   0.0000000e+00  -9.5125343e-08
   3.0700000e+02   3.0413430e+01   4.2803270e+00  -1.0170700e-01   0.0000000e+00  -9.5830029e-08
   3.0800000e+02   3.0323290e+01   4.2791350e+00  -1.0216223e-01   0.0000000e+00  -9.6530976e-08
   3.0900000e+02   3.0233760e+01   4.2779400e+00  -1.0261528e-01   0.0000000e+00  -9.7229025e-08
   3.1000000e+02   3.0144810e+01   4.2767440e+00  -1.0306609e-01   0.0000000e+00  -9.7922464e-08
   3.1100000e+02   3.0056460e+01   4.2755460e+00  -1.0351467e-01   0.0000000e+00  -9.8612936e-08
   3.1200000e+02   2.9968690e+01   4.2743460e+00  -1.0396101e-01   0.0000000e+00  -9.9299760e-08
   3.1300000e+02   2.9881500e+01   4.2731440e+00  -1.0440508e-01   0.0000000e+00  -9.9982518e-08
   3.1400000e+02   2.9794880e+01   4.2719410e+00  -1.0484685e-01   0.0000000e+00  -1.0066130e-07
   3.1500000e+02   2.9708820e+01   4.2707350e+00  -1.0528632e-01   0.0000000e+00  -1.0133572e-07
   3.1600000e+02   2.9623330e+01   4.2695280e+00  -1.0572346e-01   0.0000000e+00  -1.0200625e-07
   3.1700000e+02   2.9538390e+01   4.2683190e+00  -1.0615825e-01   0.0000000e+00  -1.0267257e-07
   3.1800000e+02   2.9454000e+01   4.2671090e+00  -1.0659067e-01   0.0000000e+00  -1.0333520e-07
   3.1900000e+02   2.9370160e+01   4.2658960e+00  -1.0702075e-01   0.0000000e+00  -1.0399291e-07
   3.2000000e+02   2.9286860e+01   4.2646820e+00  -1.0744843e-01   0.0000000e+00  -1.0464587e-07
   3.2100000e+02   2.9204090e+01   4.2634660e+00  -1.0787370e-01   0.0000000e+00  -1.0529475e-07
   3.2200000e+02   2.9121850e+01   4.2622490e+00  -1.0829656e-01   0.0000000e+00  -1.0593919e-07
   3.2300000e+02   2.9040130e+01   4.2610300e+00  -1.0871698e-01   0.0000000e+00  -1.0657833e-07
   3.2400000e+02   2.8958940e+01   4.2598090e+00  -1.0913500e-01   0.0000000e+00  -1.0721353e-07
   3.2500000e+02   2.8878260e+01   4.2585870e+00  -1.0955053e-01   0.0000000e+00  -1.0784386e-07
   3.2600000e+02   2.8798090e+01   4.2573630e+00  -1.0996363e-01   0.0000000e+00  -1.0846842e-07
   3.2700000e+02   2.8718420e+01   4.2561370e+00  -1.1037424e-01   0.0000000e+00  -1.0908900e-07
   3.2800000e+02   2.8639260e+01   4.2549100e+00  -1.1078238e-01   0.0000000e+00  -1.0970385e-07
   3.2900000e+02   2.8560590e+01   4.2536810e+00  -1.1118803e-01   0.0000000e+00  -1.1031388e-07
   3.3000000e+02   2.8482410e+01   4.2524510e+00  -1.1159118e-01   0.0000000e+00  -1.1091873e-07
   3.3100000e+02   2.8404720e+01   4.2512190e+00  -1.1199183e-01   0.0000000e+00  -1.1151851e-07
   3.3200000e+02   2.8327510e+01   4.2499860e+00  -1.1238996e-01   0.0000000e+00  -1.1211283e-07
   3.3300000e+02   2.8250780e+01   4.2487510e+00  -1.1278557e-01   0.0000000e+00  -1.1270161e-07
   3.3400000e+02   2.8174520e+01   4.2475150e+00  -1.1317866e-01   0.0000000e+00  -1.1328511e-07
   3.3500000e+02   2.8098730e+01   4.2462770e+00  -1.1356923e-01   0.0000000e+00  -1.1386358e-07
   3.3600000e+02   2.8023400e+01   4.2450370e+00  -1.1395727e-01   0.0000000e+00  -1.1443567e-07
   3.3700000e+02   2.7948540e+01   4.2437970e+00  -1.1434276e-01   0.0000000e+00  -1.1500327e-07
   3.3800000e+02   2.7874130e+01   4.2425550e+00  -1.1472571e-01   0.0000000e+00  -1.1556432e-07
   3.3900000e+02   2.7800180e+01   4.2413110e+00  -1.1510613e-01   0.0000000e+00  -1.1611999e-07
   3.4000000e+02   2.7726670e+01   4.2400660e+00  -1.1548399e-01   0.0000000e+00  -1.1666983e-07
   3.4100000e+02   2.7653610e+01   4.2388200e+00  -1.1585930e-01   0.0000000e+00  -1.1721341e-07
   3.4200000e+02   2.7580980e+01   4.2375730e+00  -1.1623204e-01   0.0000000e+00  -1.1775151e-07
   3.4300000e+02   2.7508800e+01   4.2363240e+00  -1.1660225e-01   0.0000000e+00  -1.1828344e-07
   3.4400000e+02   2.7437040e+01   4.2350740e+00  -1.1696990e-01   0.0000000e+00  -1.1880992e-07
   3.4500000e+02   2.7365720e+01   4.2338220e+00  -1.1733501e-01   0.0000000e+00  -1.1932995e-07
   3.4600000e+02   2.7294810e+01   4.2325690e+00  -1.1769755e-01   0.0000000e+00  -1.1984417e-07
   3.4700000e+02   2.7224330e+01   4.2313160e+00  -1.1805753e-01   0.0000000e+00  -1.2035171e-07
   3.4800000e+02   2.7154270e+01   4.2300600e+00  -1.1841499e-01   0.0000000e+00  -1.2085345e-07
   3.4900000e+02   2.7084620e+01   4.2288040e+00  -1.1876988e-01   0.0000000e+00  -1.2134914e-07
   3.5000000e+02   2.7015380e+01   4.2275470e+00  -1.1912220e-01   0.0000000e+00  -1.2183857e-07
   3.5100000e+02   2.6946540e+01   4.2262880e+00  -1.1947201e-01   0.0000000e+00  -1.2232105e-07
   3.5200000e+02   2.6878110e+01   4.2250280e+00  -1.1981927e-01   0.0000000e+00  -1.2279741e-07
   3.5300000e+02   2.6810080e+01   4.2237670e+00  -1.2016399e-01   0.0000000e+00  -1.2326779e-07
   3.5400000e+02   2.6742440e+01   4.2225050e+00  -1.2050617e-01   0.0000000e+00  -1.2373173e-07
   3.5500000e+02   2.6675190e+01   4.2212420e+00  -1.2084581e-01   0.0000000e+00  -1.2418849e-07
   3.5600000e+02   2.6608340e+01   4.2199780e+00  -1.2118294e-01   0.0000000e+00  -1.2463995e-07
   3.5700000e+02   2.6541870e+01   4.2187130e+00  -1.2151755e-01   0.0000000e+00  -1.2508379e-07
   3.5800000e+02   2.6475780e+01   4.2174470e+00  -1.2184963e-01   0.0000000e+00  -1.2552165e-07
   3.5900000e+02   2.6410060e+01   4.2161800e+00  -1.2217919e-01   0.0000000e+00  -1.2595267e-07
   3.6000000e+02   2.6344730e+01   4.2149120e+00  -1.2250627e-01   0.0000000e+00  -1.2637672e-07
   3.6100000e+02   2.6279770e+01   4.2136430e+00  -1.2283084e-01   0.0000000e+00  -1.2679513e-07
   3.6200000e+02   2.6215170e+01   4.2123730e+00  -1.2315292e-01   0.0000000e+00  -1.2720614e-07
   3.6300000e+02   2.6150940e+01   4.2111020e+00  -1.2347251e-01   0.0000000e+00  -1.2760990e-07
   3.6400000e+02   2.6087080e+01   4.2098300e+00  -1.2378964e-01   0.0000000e+00  -1.2800760e-07
   3.6500000e+02   2.6023570e+01   4.2085570e+00  -1.2410428e-01   0.0000000e+00  -1.2839903e-07
   3.6600000e+02   2.5960420e+01   4.2072840e+00  -1.2441646e-01   0.0000000e+00  -1.2878254e-07
   3.6700000e+02   2.5897620e+01   4.2060100e+00  -1.2472619e-01   0.0000000e+00  -1.2916031e-07
   3.6800000e+02   2.5835180e+01   4.2047340e+00  -1.2503350e-01   0.0000000e+00  -1.2953063e-07
   3.6900000e+02   2.5773080e+01   4.2034590e+00  -1.2533832e-01   0.0000000e+00  -1.2989416e-07
   3.7000000e+02   2.5711320e+01   4.2021820e+00  -1.2564075e-01   0.0000000e+00  -1.3025066e-07
   3.7100000e+02   2.5649910e+01   4.2009050e+00  -1.2594075e-01   0.0000000e+00  -1.3060010e-07
   3.7200000e+02   2.5588840e+01   4.1996270e+00  -1.2623834e-01   0.0000000e+00  -1.3094361e-07
   3.7300000e+02   2.5528100e+01   4.1983480e+00  -1.2653353e-01   0.0000000e+00  -1.3127900e-07
   3.7400000e+02   2.5467690e+01   4.1970680e+00  -1.2682635e-01   0.0000000e+00  -1.3160806e-07
   3.7500000e+02   2.5407620e+01   4.1957880e+00  -1.2711677e-01   0.0000000e+00  -1.3193025e-07
   3.7600000e+02   2.5347870e+01   4.1945080e+00  -1.2740480e-01   0.0000000e+00  -1.3224576e-07
   3.7700000e+02   2.5288450e+01   4.1932260e+00  -1.2769053e-01   0.0000000e+00  -1.3255339e-07
   3.7800000e+02   2.5229350e+01   4.1919440e+00  -1.2797388e-01   0.0000000e+00  -1.3285453e-07
   3.7900000e+02   2.5170570e+01   4.1906620e+00  -1.2825488e-01   0.0000000e+00  -1.3314899e-07
   3.8000000e+02   2.5112110e+01   4.1893790e+00  -1.2853357e-01   0.0000000e+00  -1.3343599e-07
   3.8100000e+02   2.5053960e+01   4.1880950e+00  -1.2880997e-01   0.0000000e+00  -1.3371585e-07
   3.8200000e+02   2.4996120e+01   4.1868110e+00  -1.2908403e-01   0.0000000e+00  -1.3398882e-07
   3.8300000e+02   2.4938600e+01   4.1855270e+00  -1.2935581e-01   0.0000000e+00  -1.3425499e-07
   3.8400000e+02   2.4881370e+01   4.1842420e+00  -1.2962531e-01   0.0000000e+00  -1.3451371e-07
   3.8500000e+02   2.4824460e+01   4.1829560e+00  -1.2989257e-01   0.0000000e+00  -1.3476616e-07
   3.8600000e+02   2.4767840e+01   4.1816700e+00  -1.3015755e-01   0.0000000e+00  -1.3501079e-07
   3.8700000e+02   2.4711530e+01   4.1803840e+00  -1.3042031e-01   0.0000000e+00  -1.3524869e-07
   3.8800000e+02   2.4655510e+01   4.1790970e+00  -1.3068083e-01   0.0000000e+00  -1.3548010e-07
   3.8900000e+02   2.4599780e+01   4.1778100e+00  -1.3093911e-01   0.0000000e+00  -1.3570423e-07
   3.9000000e+02   2.4544350e+01   4.1765230e+00  -1.3119521e-01   0.0000000e+00  -1.3592074e-07
   3.9100000e+02   2.4489210e+01   4.1752350e+00  -1.3144913e-01   0.0000000e+00  -1.3613034e-07
   3.9200000e+02   2.4434350e+01   4.1739480e+00  -1.3170083e-01   0.0000000e+00  -1.3633352e-07
   3.9300000e+02   2.4379780e+01   4.1726590e+00  -1.3195041e-01   0.0000000e+00  -1.3652869e-07
   3.9400000e+02   2.4325490e+01   4.1713710e+00  -1.3219780e-01   0.0000000e+00  -1.3671758e-07
   3.9500000e+02   2.4271490e+01   4.1700820e+00  -1.3244309e-01   0.0000000e+00  -1.3689994e-07
   3.9600000e+02   2.4217760e+01   4.1687930e+00  -1.3268624e-01   0.0000000e+00  -1.3707393e-07
   3.9700000e+02   2.4164310e+01   4.1675040e+00  -1.3292727e-01   0.0000000e+00  -1.3724238e-07
   3.9800000e+02   2.4111130e+01   4.1662150e+00  -1.3316620e-01   0.0000000e+00  -1.3740296e-07
   3.9900000e+02   2.4058220e+01   4.1649250e+00  -1.3340307e-01   0.0000000e+00  -1.3755686e-07
   4.0000000e+02   2.4005580e+01   4.1636360e+00  -1.3363783e-01   0.0000000e+00  -1.3770314e-07
   4.0100000e+02   2.3953210e+01   4.1623460e+00  -1.3387057e-01   0.0000000e+00  -1.3784312e-07
   4.0200000e+02   2.3901110e+01   4.1610560e+00  -1.3410126e-01   0.0000000e+00  -1.3797608e-07
   4.0300000e+02   2.3849270e+01   4.1597660e+00  -1.3432990e-01   0.0000000e+00  -1.3810288e-07
   4.0400000e+02   2.3797690e+01   4.1584760e+00  -1.3455655e-01   0.0000000e+00  -1.3822139e-07
   4.0500000e+02   2.3746360e+01   4.1571860e+00  -1.3478117e-01   0.0000000e+00  -1.3833339e-07
   4.0600000e+02   2.3695300e+01   4.1558960e+00  -1.3500382e-01   0.0000000e+00  -1.3843917e-07
   4.0700000e+02   2.3644490e+01   4.1546060e+00  -1.3522449e-01   0.0000000e+00  -1.3853705e-07
   4.0800000e+02   2.3593940e+01   4.1533160e+00  -1.3544320e-01   0.0000000e+00  -1.3862915e-07
   4.0900000e+02   2.3543630e+01   4.1520260e+00  -1.3565997e-01   0.0000000e+00  -1.3871384e-07
   4.1000000e+02   2.3493580e+01   4.1507360e+00  -1.3587480e-01   0.0000000e+00  -1.3879223e-07
   4.1100000e+02   2.3443770e+01   4.1494460e+00  -1.3608771e-01   0.0000000e+00  -1.3886355e-07
   4.1200000e+02   2.3394210e+01   4.1481570e+00  -1.3629871e-01   0.0000000e+00  -1.3892790e-07
   4.1300000e+02   2.3344890e+01   4.1468670e+00  -1.3650784e-01   0.0000000e+00  -1.3898565e-07
   4.1400000e+02   2.3295810e+01   4.1455770e+00  -1.3671509e-01   0.0000000e+00  -1.3903617e-07
   4.1500000e+02   2.3246980e+01   4.1442880e+00  -1.3692048e-01   0.0000000e+00  -1.3908038e-07
   4.1600000e+02   2.3198380e+01   4.1429990e+00  -1.3712401e-01   0.0000000e+00  -1.3911755e-07
   4.1700000e+02   2.3150020e+01   4.1417100e+00  -1.3732570e-01   0.0000000e+00  -1.3914892e-07
   4.1800000e+02   2.3101890e+01   4.1404210e+00  -1.3752560e-01   0.0000000e+00  -1.3917287e-07
   4.1900000e+02   2.3053990e+01   4.1391320e+00  -1.3772367e-01   0.0000000e+00  -1.3919040e-07
   4.2000000e+02   2.3006330e+01   4.1378440e+00  -1.3791995e-01   0.0000000e+00  -1.3920178e-07
   4.2100000e+02   2.2958900e+01   4.1365560e+00  -1.3811447e-01   0.0000000e+00  -1.3920622e-07
   4.2200000e+02   2.2911690e+01   4.1352680e+00  -1.3830721e-01   0.0000000e+00  -1.3920394e-07
   4.2300000e+02   2.2864710e+01   4.1339810e+00  -1.3849821e-01   0.0000000e+00  -1.3919516e-07
   4.2400000e+02   2.2817950e+01   4.1326930e+00  -1.3868747e-01   0.0000000e+00  -1.3918003e-07
   4.2500000e+02   2.2771410e+01   4.1314060e+00  -1.3887500e-01   0.0000000e+00  -1.3915885e-07
   4.2600000e+02   2.2725100e+01   4.1301200e+00  -1.3906083e-01   0.0000000e+00  -1.3913073e-07
   4.2700000e+02   2.2679000e+01   4.1288340e+00  -1.3924495e-01   0.0000000e+00  -1.3909593e-07
   4.2800000e+02   2.2633130e+01   4.1275480e+00  -1.3942741e-01   0.0000000e+00  -1.3905567e-07
   4.2900000e+02   2.2587460e+01   4.1262620e+00  -1.3960821e-01   0.0000000e+00  -1.3900803e-07
   4.3000000e+02   2.2542020e+01   4.1249770e+00  -1.3978735e-01   0.0000000e+00  -1.3895441e-07
   4.3100000e+02   2.2496780e+01   4.1236930e+00  -1.3996482e-01   0.0000000e+00  -1.3889502e-07
   4.3200000e+02   2.2451760e+01   4.1224080e+00  -1.4014072e-01   0.0000000e+00  -1.3882872e-07
   4.3300000e+02   2.2406940e+01   4.1211250e+00  -1.4031494e-01   0.0000000e+00  -1.3875714e-07
   4.3400000e+02   2.2362340e+01   4.1198410e+00  -1.4048764e-01   0.0000000e+00  -1.3867800e-07
   4.3500000e+02   2.2317940e+01   4.1185590e+00  -1.4065869e-01   0.0000000e+00  -1.3859388e-07
   4.3600000e+02   2.2273740e+01   4.1172760e+00  -1.4082820e-01   0.0000000e+00  -1.3850285e-07
   4.3700000e+02   2.2229750e+01   4.1159950e+00  -1.4099613e-01   0.0000000e+00  -1.3840621e-07
   4.3800000e+02   2.2185960e+01   4.1147130e+00  -1.4116255e-01   0.0000000e+00  -1.3830308e-07
   4.3900000e+02   2.2142370e+01   4.1134330e+00  -1.4132739e-01   0.0000000e+00  -1.3819450e-07
   4.4000000e+02   2.2098980e+01   4.1121530e+00  -1.4149074e-01   0.0000000e+00  -1.3807889e-07
   4.4100000e+02   2.2055790e+01   4.1108730e+00  -1.4165260e-01   0.0000000e+00  -1.3795840e-07
   4.4200000e+02   2.2012800e+01   4.1095940e+00  -1.4181296e-01   0.0000000e+00  -1.3783109e-07
   4.4300000e+02   2.1970000e+01   4.1083160e+00  -1.4197183e-01   0.0000000e+00  -1.3769833e-07
   4.4400000e+02   2.1927390e+01   4.1070380e+00  -1.4212922e-01   0.0000000e+00  -1.3756009e-07
   4.4500000e+02   2.1884980e+01   4.1057610e+00  -1.4228518e-01   0.0000000e+00  -1.3741577e-07
   4.4600000e+02   2.1842750e+01   4.1044850e+00  -1.4243967e-01   0.0000000e+00  -1.3726532e-07
   4.4700000e+02   2.1800720e+01   4.1032090e+00  -1.4259277e-01   0.0000000e+00  -1.3710926e-07
   4.4800000e+02   2.1758870e+01   4.1019340e+00  -1.4274443e-01   0.0000000e+00  -1.3694752e-07
   4.4900000e+02   2.1717210e+01   4.1006600e+00  -1.4289468e-01   0.0000000e+00  -1.3678054e-07
   4.5000000e+02   2.1675730e+01   4.0993860e+00  -1.4304356e-01   0.0000000e+00  -1.3660712e-07
   4.5100000e+02   2.1634440e+01   4.0981130e+00  -1.4319105e-01   0.0000000e+00  -1.3642882e-07
   4.5200000e+02   2.1593340e+01   4.0968410e+00  -1.4333719e-01   0.0000000e+00  -1.3624345e-07
   4.5300000e+02   2.1552410e+01   4.0955700e+00  -1.4348195e-01   0.0000000e+00  -1.3605462e-07
   4.5400000e+02   2.1511660e+01   4.0942990e+00  -1.4362538e-01   0.0000000e+00  -1.3585922e-07
   4.5500000e+02   2.1471100e+01   4.0930300e+00  -1.4376748e-01   0.0000000e+00  -1.3565851e-07
   4.5600000e+02   2.1430710e+01   4.0917610e+00  -1.4390826e-01   0.0000000e+00  -1.3545156e-07
   4.5700000e+02   2.1390490e+01   4.0904920e+00  -1.4404774e-01   0.0000000e+00  -1.3524074e-07
   4.5800000e+02   2.1350450e+01   4.0892250e+00  -1.4418592e-01   0.0000000e+00  -1.3502328e-07
   4.5900000e+02   2.1310590e+01   4.0879580e+00  -1.4432285e-01   0.0000000e+00  -1.3480105e-07
   4.6000000e+02   2.1270900e+01   4.0866930e+00  -1.4445847e-01   0.0000000e+00  -1.3457346e-07
   4.6100000e+02   2.1231380e+01   4.0854280e+00  -1.4459285e-01   0.0000000e+00  -1.3434068e-07
   4.6200000e+02   2.1192030e+01   4.0841640e+00  -1.4472597e-01   0.0000000e+00  -1.3410295e-07
   4.6300000e+02   2.1152850e+01   4.0829010e+00  -1.4485787e-01   0.0000000e+00  -1.3386012e-07
   4.6400000e+02   2.1113840e+01   4.0816390e+00  -1.4498854e-01   0.0000000e+00  -1.3361168e-07
   4.6500000e+02   2.1074990e+01   4.0803770e+00  -1.4511800e-01   0.0000000e+00  -1.3335868e-07
   4.6600000e+02   2.1036310e+01   4.0791170e+00  -1.4524625e-01   0.0000000e+00  -1.3310049e-07
   4.6700000e+02   2.0997800e+01   4.0778580e+00  -1.4537332e-01   0.0000000e+00  -1.3283698e-07
   4.6800000e+02   2.0959450e+01   4.0765990e+00  -1.4549922e-01   0.0000000e+00  -1.3256837e-07
   4.6900000e+02   2.0921260e+01   4.0753420e+00  -1.4562393e-01   0.0000000e+00  -1.3229502e-07
   4.7000000e+02   2.0883230e+01   4.0740850e+00  -1.4574750e-01   0.0000000e+00  -1.3201696e-07
   4.7100000e+02   2.0845370e+01   4.0728300e+00  -1.4586991e-01   0.0000000e+00  -1.3173468e-07
   4.7200000e+02   2.0807660e+01   4.0715750e+00  -1.4599119e-01   0.0000000e+00  -1.3144679e-07
   4.7300000e+02   2.0770110e+01   4.0703220e+00  -1.4611134e-01   0.0000000e+00  -1.3115376e-07
   4.7400000e+02   2.0732710e+01   4.0690690e+00  -1.4623038e-01   0.0000000e+00  -1.3085678e-07
   4.7500000e+02   2.0695480e+01   4.0678180e+00  -1.4634831e-01   0.0000000e+00  -1.3055499e-07
   4.7600000e+02   2.0658400e+01   4.0665670e+00  -1.4646517e-01   0.0000000e+00  -1.3024850e-07
   4.7700000e+02   2.0621470e+01   4.0653180e+00  -1.4658091e-01   0.0000000e+00  -1.2993775e-07
   4.7800000e+02   2.0584690e+01   4.0640700e+00  -1.4669557e-01   0.0000000e+00  -1.2962261e-07
   4.7900000e+02   2.0548070e+01   4.0628230e+00  -1.4680919e-01   0.0000000e+00  -1.2930213e-07
   4.8000000e+02   2.0511600e+01   4.0615760e+00  -1.4692180e-01   0.0000000e+00  -1.2897704e-07
   4.8100000e+02   2.0475270e+01   4.0603310e+00  -1.4703330e-01   0.0000000e+00  -1.2864806e-07
   4.8200000e+02   2.0439100e+01   4.0590870e+00  -1.4714381e-01   0.0000000e+00  -1.2831443e-07
   4.8300000e+02   2.0403070e+01   4.0578450e+00  -1.4725325e-01   0.0000000e+00  -1.2797660e-07
   4.8400000e+02   2.0367190e+01   4.0566030e+00  -1.4736171e-01   0.0000000e+00  -1.2763454e-07
   4.8500000e+02   2.0331460e+01   4.0553620e+00  -1.4746917e-01   0.0000000e+00  -1.2728807e-07
   4.8600000e+02   2.0295870e+01   4.0541230e+00  -1.4757560e-01   0.0000000e+00  -1.2693743e-07
   4.8700000e+02   2.0260430e+01   4.0528850e+00  -1.4768108e-01   0.0000000e+00  -1.2658259e-07
   4.8800000e+02   2.0225130e+01   4.0516480e+00  -1.4778558e-01   0.0000000e+00  -1.2622349e-07
   4.8900000e+02   2.0189970e+01   4.0504120e+00  -1.4788911e-01   0.0000000e+00  -1.2586028e-07
   4.9000000e+02   2.0154950e+01   4.0491770e+00  -1.4799168e-01   0.0000000e+00  -1.2549321e-07
   4.9100000e+02   2.0120070e+01   4.0479440e+00  -1.4809328e-01   0.0000000e+00  -1.2512208e-07
   4.9200000e+02   2.0085330e+01   4.0467110e+00  -1.4819398e-01   0.0000000e+00  -1.2474682e-07
   4.9300000e+02   2.0050730e+01   4.0454800e+00  -1.4829372e-01   0.0000000e+00  -1.2436733e-07
   4.9400000e+02   2.0016270e+01   4.0442500e+00  -1.4839256e-01   0.0000000e+00  -1.2398456e-07
   4.9500000e+02   1.9981940e+01   4.0430220e+00  -1.4849045e-01   0.0000000e+00  -1.2359751e-07
   4.9600000e+02   1.9947750e+01   4.0417940e+00  -1.4858748e-01   0.0000000e+00  -1.2320658e-07
   4.9700000e+02   1.9913700e+01   4.0405680e+00  -1.4868361e-01   0.0000000e+00  -1.2281214e-07
   4.9800000e+02   1.9879780e+01   4.0393430e+00  -1.4877884e-01   0.0000000e+00  -1.2241383e-07
   4.9900000e+02   1.9845990e+01   4.0381200e+00  -1.4887317e-01   0.0000000e+00  -1.2201177e-07
   5.0000000e+02   1.9812340e+01   4.0368970e+00  -1.4896668e-01   0.0000000e+00  -1.2160602e-07
   5.0100000e+02   1.9778810e+01   4.0356760e+00  -1.4905929e-01   0.0000000e+00  -1.2119660e-07
   5.0200000e+02   1.9745420e+01   4.0344570e+00  -1.4915105e-01   0.0000000e+00  -1.2078361e-07
   5.0300000e+02   1.9712160e+01   4.0332380e+00  -1.4924199e-01   0.0000000e+00  -1.2036700e-07
   5.0400000e+02   1.9679020e+01   4.0320210e+00  -1.4933206e-01   0.0000000e+00  -1.1994718e-07
   5.0500000e+02   1.9646020e+01   4.0308050e+00  -1.4942134e-01   0.0000000e+00  -1.1952355e-07
   5.0600000e+02   1.9613140e+01   4.0295910e+00  -1.4950976e-01   0.0000000e+00  -1.1909660e-07
   5.0700000e+02   1.9580390e+01   4.0283780e+00  -1.4959738e-01   0.0000000e+00  -1.1866636e-07
   5.0800000e+02   1.9547760e+01   4.0271660e+00  -1.4968418e-01   0.0000000e+00  -1.1823240e-07
   5.0900000e+02   1.9515260e+01   4.0259550e+00  -1.4977022e-01   0.0000000e+00  -1.1779556e-07
   5.1000000e+02   1.9482880e+01   4.0247460e+00  -1.4985544e-01   0.0000000e+00  -1.1735523e-07
   5.1100000e+02   1.9450630e+01   4.0235390e+00  -1.4993988e-01   0.0000000e+00  -1.1691160e-07
   5.1200000e+02   1.9418500e+01   4.0223320e+00  -1.5002356e-01   0.0000000e+00  -1.1646480e-07
   5.1300000e+02   1.9386490e+01   4.0211270e+00  -1.5010646e-01   0.0000000e+00  -1.1601511e-07
   5.1400000e+02   1.9354600e+01   4.0199240e+00  -1.5018858e-01   0.0000000e+00  -1.1556195e-07
   5.1500000e+02   1.9322840e+01   4.0187210e+00  -1.5027000e-01   0.0000000e+00  -1.1510584e-07
   5.1600000e+02   1.9291190e+01   4.0175210e+00  -1.5035062e-01   0.0000000e+00  -1.1464660e-07
   5.1700000e+02   1.9259660e+01   4.0163210e+00  -1.5043054e-01   0.0000000e+00  -1.1418437e-07
   5.1800000e+02   1.9228250e+01   4.0151230e+00  -1.5050970e-01   0.0000000e+00  -1.1371918e-07
   5.1900000e+02   1.9196960e+01   4.0139270e+00  -1.5058814e-01   0.0000000e+00  -1.1325094e-07
   5.2000000e+02   1.9165790e+01   4.0127320e+00  -1.5066588e-01   0.0000000e+00  -1.1278014e-07
   5.2100000e+02   1.9134730e+01   4.0115380e+00  -1.5074291e-01   0.0000000e+00  -1.1230607e-07
   5.2200000e+02   1.9103780e+01   4.0103460e+00  -1.5081920e-01   0.0000000e+00  -1.1182925e-07
   5.2300000e+02   1.9072950e+01   4.0091550e+00  -1.5089481e-01   0.0000000e+00  -1.1134977e-07
   5.2400000e+02   1.9042240e+01   4.0079650e+00  -1.5096977e-01   0.0000000e+00  -1.1086771e-07
   5.2500000e+02   1.9011640e+01   4.0067780e+00  -1.5104399e-01   0.0000000e+00  -1.1038271e-07
   5.2600000e+02   1.8981150e+01   4.0055910e+00  -1.5111756e-01   0.0000000e+00  -1.0989505e-07
   5.2700000e+02   1.8950770e+01   4.0044060e+00  -1.5119045e-01   0.0000000e+00  -1.0940462e-07
   5.2800000e+02   1.8920510e+01   4.0032230e+00  -1.5126268e-01   0.0000000e+00  -1.0891183e-07
   5.2900000e+02   1.8890350e+01   4.0020410e+00  -1.5133422e-01   0.0000000e+00  -1.0841630e-07
   5.3000000e+02   1.8860300e+01   4.0008600e+00  -1.5140515e-01   0.0000000e+00  -1.0791821e-07
   5.3100000e+02   1.8830370e+01   3.9996810e+00  -1.5147543e-01   0.0000000e+00  -1.0741767e-07
   5.3200000e+02   1.8800540e+01   3.9985040e+00  -1.5154503e-01   0.0000000e+00  -1.0691477e-07
   5.3300000e+02   1.8770820e+01   3.9973280e+00  -1.5161403e-01   0.0000000e+00  -1.0640940e-07
   5.3400000e+02   1.8741210e+01   3.9961530e+00  -1.5168241e-01   0.0000000e+00  -1.0590159e-07
   5.3500000e+02   1.8711710e+01   3.9949800e+00  -1.5175016e-01   0.0000000e+00  -1.0539159e-07
   5.3600000e+02   1.8682310e+01   3.9938090e+00  -1.5181727e-01   0.0000000e+00  -1.0487881e-07
   5.3700000e+02   1.8653010e+01   3.9926390e+00  -1.5188377e-01   0.0000000e+00  -1.0436414e-07
   5.3800000e+02   1.8623820e+01   3.9914700e+00  -1.5194970e-01   0.0000000e+00  -1.0384712e-07
   5.3900000e+02   1.8594740e+01   3.9903040e+00  -1.5201499e-01   0.0000000e+00  -1.0332772e-07
   5.4000000e+02   1.8565760e+01   3.9891380e+00  -1.5207973e-01   0.0000000e+00  -1.0280623e-07
   5.4100000e+02   1.8536880e+01   3.9879740e+00  -1.5214385e-01   0.0000000e+00  -1.0228268e-07
   5.4200000e+02   1.8508100e+01   3.9868120e+00  -1.5220738e-01   0.0000000e+00  -1.0175694e-07
   5.4300000e+02   1.8479430e+01   3.9856520e+00  -1.5227034e-01   0.0000000e+00  -1.0122921e-07
   5.4400000e+02   1.8450860e+01   3.9844930e+00  -1.5233275e-01   0.0000000e+00  -1.0069921e-07
   5.4500000e+02   1.8422390e+01   3.9833350e+00  -1.5239458e-01   0.0000000e+00  -1.0016757e-07
   5.4600000e+02   1.8394010e+01   3.9821790e+00  -1.5245584e-01   0.0000000e+00  -9.9633540e-08
   5.4700000e+02   1.8365740e+01   3.9810250e+00  -1.5251654e-01   0.0000000e+00  -9.9097927e-08
   5.4800000e+02   1.8337570e+01   3.9798720e+00  -1.5257671e-01   0.0000000e+00  -9.8560144e-08
   5.4900000e+02   1.8309490e+01   3.9787210e+00  -1.5263631e-01   0.0000000e+00  -9.8020351e-08
   5.5000000e+02   1.8281520e+01   3.9775710e+00  -1.5269540e-01   0.0000000e+00  -9.7479039e-08
   5.5100000e+02   1.8253640e+01   3.9764230e+00  -1.5275393e-01   0.0000000e+00  -9.6935532e-08
   5.5200000e+02   1.8225850e+01   3.9752760e+00  -1.5281195e-01   0.0000000e+00  -9.6390746e-08
   5.5300000e+02   1.8198170e+01   3.9741320e+00  -1.5286942e-01   0.0000000e+00  -9.5843637e-08
   5.5400000e+02   1.8170570e+01   3.9729880e+00  -1.5292638e-01   0.0000000e+00  -9.5295110e-08
   5.5500000e+02   1.8143080e+01   3.9718470e+00  -1.5298283e-01   0.0000000e+00  -9.4744772e-08
   5.5600000e+02   1.8115670e+01   3.9707070e+00  -1.5303874e-01   0.0000000e+00  -9.4192846e-08
   5.5700000e+02   1.8088370e+01   3.9695680e+00  -1.5309420e-01   0.0000000e+00  -9.3639306e-08
   5.5800000e+02   1.8061150e+01   3.9684310e+00  -1.5314909e-01   0.0000000e+00  -9.3084242e-08
   5.5900000e+02   1.8034030e+01   3.9672960e+00  -1.5320352e-01   0.0000000e+00  -9.2527455e-08
   5.6000000e+02   1.8007000e+01   3.9661630e+00  -1.5325743e-01   0.0000000e+00  -9.1969047e-08
   5.6100000e+02   1.7980060e+01   3.9650310e+00  -1.5331088e-01   0.0000000e+00  -9.1409348e-08
   5.6200000e+02   1.7953210e+01   3.9639000e+00  -1.5336384e-01   0.0000000e+00  -9.0848075e-08
   5.6300000e+02   1.7926460e+01   3.9627720e+00  -1.5341631e-01   0.0000000e+00  -9.0285316e-08
   5.6400000e+02   1.7899790e+01   3.9616450e+00  -1.5346830e-01   0.0000000e+00  -8.9721215e-08
   5.6500000e+02   1.7873220e+01   3.9605190e+00  -1.5351987e-01   0.0000000e+00  -8.9155669e-08
   5.6600000e+02   1.7846730e+01   3.9593960e+00  -1.5357090e-01   0.0000000e+00  -8.8588509e-08
   5.6700000e+02   1.7820330e+01   3.9582730e+00  -1.5362151e-01   0.0000000e+00  -8.8020271e-08
   5.6800000e+02   1.7794020e+01   3.9571530e+00  -1.5367164e-01   0.0000000e+00  -8.7450784e-08
   5.6900000e+02   1.7767800e+01   3.9560340e+00  -1.5372135e-01   0.0000000e+00  -8.6879883e-08
   5.7000000e+02   1.7741670e+01   3.9549170e+00  -1.5377058e-01   0.0000000e+00  -8.6307780e-08
   5.7100000e+02   1.7715620e+01   3.9538020e+00  -1.5381936e-01   0.0000000e+00  -8.5734327e-08
   5.7200000e+02   1.7689660e+01   3.9526880e+00  -1.5386770e-01   0.0000000e+00  -8.5160070e-08
   5.7300000e+02   1.7663780e+01   3.9515760e+00  -1.5391560e-01   0.0000000e+00  -8.4584031e-08
   5.7400000e+02   1.7638000e+01   3.9504650e+00  -1.5396311e-01   0.0000000e+00  -8.4007453e-08
   5.7500000e+02   1.7612290e+01   3.9493560e+00  -1.5401015e-01   0.0000000e+00  -8.3429410e-08
   5.7600000e+02   1.7586670e+01   3.9482490e+00  -1.5405675e-01   0.0000000e+00  -8.2850382e-08
   5.7700000e+02   1.7561130e+01   3.9471440e+00  -1.5410293e-01   0.0000000e+00  -8.2270159e-08
   5.7800000e+02   1.7535680e+01   3.9460400e+00  -1.5414871e-01   0.0000000e+00  -8.1689206e-08
   5.7900000e+02   1.7510310e+01   3.9449380e+00  -1.5419407e-01   0.0000000e+00  -8.1107109e-08
   5.8000000e+02   1.7485030e+01   3.9438370e+00  -1.5423904e-01   0.0000000e+00  -8.0523984e-08
   5.8100000e+02   1.7459820e+01   3.9427380e+00  -1.5428356e-01   0.0000000e+00  -7.9939876e-08
   5.8200000e+02   1.7434700e+01   3.9416410e+00  -1.5432770e-01   0.0000000e+00  -7.9354824e-08
   5.8300000e+02   1.7409660e+01   3.9405460e+00  -1.5437143e-01   0.0000000e+00  -7.8768981e-08
   5.8400000e+02   1.7384700e+01   3.9394520e+00  -1.5441477e-01   0.0000000e+00  -7.8182221e-08
   5.8500000e+02   1.7359820e+01   3.9383600e+00  -1.5445770e-01   0.0000000e+00  -7.7594655e-08
   5.8600000e+02   1.7335020e+01   3.9372700e+00  -1.5450024e-01   0.0000000e+00  -7.7006153e-08
   5.8700000e+02   1.7310300e+01   3.9361810e+00  -1.5454241e-01   0.0000000e+00  -7.6416958e-08
   5.8800000e+02   1.7285660e+01   3.9350940e+00  -1.5458420e-01   0.0000000e+00  -7.5826893e-08
   5.8900000e+02   1.7261090e+01   3.9340090e+00  -1.5462556e-01   0.0000000e+00  -7.5236176e-08
   5.9000000e+02   1.7236610e+01   3.9329250e+00  -1.5466660e-01   0.0000000e+00  -7.4644629e-08
   5.9100000e+02   1.7212200e+01   3.9318430e+00  -1.5470724e-01   0.0000000e+00  -7.4052433e-08
   5.9200000e+02   1.7187880e+01   3.9307630e+00  -1.5474752e-01   0.0000000e+00  -7.3459611e-08
   5.9300000e+02   1.7163630e+01   3.9296850e+00  -1.5478743e-01   0.0000000e+00  -7.2866117e-08
   5.9400000e+02   1.7139450e+01   3.9286080e+00  -1.5482696e-01   0.0000000e+00  -7.2272050e-08
   5.9500000e+02   1.7115350e+01   3.9275330e+00  -1.5486613e-01   0.0000000e+00  -7.1677126e-08
   5.9600000e+02   1.7091330e+01   3.9264600e+00  -1.5490494e-01   0.0000000e+00  -7.1081821e-08
   5.9700000e+02   1.7067380e+01   3.9253880e+00  -1.5494340e-01   0.0000000e+00  -7.0485873e-08
   5.9800000e+02   1.7043510e+01   3.9243180e+00  -1.5498152e-01   0.0000000e+00  -6.9889516e-08
   5.9900000e+02   1.7019720e+01   3.9232500e+00  -1.5501929e-01   0.0000000e+00  -6.9292534e-08
   6.0000000e+02   1.6995990e+01   3.9221830e+00  -1.5505670e-01   0.0000000e+00  -6.8695055e-08
   6.0100000e+02   1.6972350e+01   3.9211190e+00  -1.5509378e-01   0.0000000e+00  -6.8097085e-08
   6.0200000e+02   1.6948770e+01   3.9200550e+00  -1.5513052e-01   0.0000000e+00  -6.7498783e-08
   6.0300000e+02   1.6925270e+01   3.9189940e+00  -1.5516690e-01   0.0000000e+00  -6.6899828e-08
   6.0400000e+02   1.6901840e+01   3.9179340e+00  -1.5520297e-01   0.0000000e+00  -6.6300812e-08
   6.0500000e+02   1.6878480e+01   3.9168770e+00  -1.5523866e-01   0.0000000e+00  -6.5701088e-08
   6.0600000e+02   1.6855200e+01   3.9158200e+00  -1.5527409e-01   0.0000000e+00  -6.5101164e-08
   6.0700000e+02   1.6831990e+01   3.9147660e+00  -1.5530916e-01   0.0000000e+00  -6.4500978e-08
   6.0800000e+02   1.6808850e+01   3.9137130e+00  -1.5534391e-01   0.0000000e+00  -6.3900337e-08
   6.0900000e+02   1.6785780e+01   3.9126620e+00  -1.5537834e-01   0.0000000e+00  -6.3299326e-08
   6.1000000e+02   1.6762780e+01   3.9116130e+00  -1.5541243e-01   0.0000000e+00  -6.2698083e-08
   6.1100000e+02   1.6739850e+01   3.9105650e+00  -1.5544622e-01   0.0000000e+00  -6.2096758e-08
   6.1200000e+02   1.6716990e+01   3.9095190e+00  -1.5547971e-01   0.0000000e+00  -6.1495086e-08
   6.1300000e+02   1.6694200e+01   3.9084750e+00  -1.5551285e-01   0.0000000e+00  -6.0893241e-08
   6.1400000e+02   1.6671480e+01   3.9074320e+00  -1.5554573e-01   0.0000000e+00  -6.0291127e-08
   6.1500000e+02   1.6648830e+01   3.9063920e+00  -1.5557826e-01   0.0000000e+00  -5.9688844e-08
   6.1600000e+02   1.6626240e+01   3.9053530e+00  -1.5561048e-01   0.0000000e+00  -5.9086353e-08
   6.1700000e+02   1.6603730e+01   3.9043150e+00  -1.5564247e-01   0.0000000e+00  -5.8483845e-08
   6.1800000e+02   1.6581280e+01   3.9032800e+00  -1.5567410e-01   0.0000000e+00  -5.7880972e-08
   6.1900000e+02   1.6558900e+01   3.9022460e+00  -1.5570545e-01   0.0000000e+00  -5.7278311e-08
   6.2000000e+02   1.6536590e+01   3.9012140e+00  -1.5573651e-01   0.0000000e+00  -5.6675395e-08
   6.2100000e+02   1.6514340e+01   3.9001830e+00  -1.5576729e-01   0.0000000e+00  -5.6072390e-08
   6.2200000e+02   1.6492160e+01   3.8991550e+00  -1.5579775e-01   0.0000000e+00  -5.5469509e-08
   6.2300000e+02   1.6470050e+01   3.8981280e+00  -1.5582795e-01   0.0000000e+00  -5.4866547e-08
   6.2400000e+02   1.6448000e+01   3.8971020e+00  -1.5585788e-01   0.0000000e+00  -5.4263296e-08
   6.2500000e+02   1.6426020e+01   3.8960790e+00  -1.5588749e-01   0.0000000e+00  -5.3660363e-08
   6.2600000e+02   1.6404110e+01   3.8950570e+00  -1.5591686e-01   0.0000000e+00  -5.3057370e-08
   6.2700000e+02   1.6382250e+01   3.8940370e+00  -1.5594591e-01   0.0000000e+00  -5.2454389e-08
   6.2800000e+02   1.6360470e+01   3.8930190e+00  -1.5597471e-01   0.0000000e+00  -5.1851546e-08
   6.2900000e+02   1.6338740e+01   3.8920020e+00  -1.5600321e-01   0.0000000e+00  -5.1248590e-08
   6.3000000e+02   1.6317090e+01   3.8909870e+00  -1.5603149e-01   0.0000000e+00  -5.0645882e-08
   6.3100000e+02   1.6295490e+01   3.8899740e+00  -1.5605946e-01   0.0000000e+00  -5.0043263e-08
   6.3200000e+02   1.6273960e+01   3.8889630e+00  -1.5608716e-01   0.0000000e+00  -4.9440900e-08
   6.3300000e+02   1.6252490e+01   3.8879530e+00  -1.5611462e-01   0.0000000e+00  -4.8838473e-08
   6.3400000e+02   1.6231080e+01   3.8869450e+00  -1.5614180e-01   0.0000000e+00  -4.8236427e-08
   6.3500000e+02   1.6209740e+01   3.8859390e+00  -1.5616873e-01   0.0000000e+00  -4.7634323e-08
   6.3600000e+02   1.6188460e+01   3.8849340e+00  -1.5619542e-01   0.0000000e+00  -4.7032544e-08
   6.3700000e+02   1.6167240e+01   3.8839310e+00  -1.5622184e-01   0.0000000e+00  -4.6431050e-08
   6.3800000e+02   1.6146080e+01   3.8829300e+00  -1.5624799e-01   0.0000000e+00  -4.5829547e-08
   6.3900000e+02   1.6124980e+01   3.8819310e+00  -1.5627387e-01   0.0000000e+00  -4.5228435e-08
   6.4000000e+02   1.6103940e+01   3.8809330e+00  -1.5629953e-01   0.0000000e+00  -4.4627619e-08
   6.4100000e+02   1.6082970e+01   3.8799370e+00  -1.5632495e-01   0.0000000e+00  -4.4027022e-08
   6.4200000e+02   1.6062050e+01   3.8789430e+00  -1.5635010e-01   0.0000000e+00  -4.3426721e-08
   6.4300000e+02   1.6041190e+01   3.8779500e+00  -1.5637502e-01   0.0000000e+00  -4.2826731e-08
   6.4400000e+02   1.6020400e+01   3.8769600e+00  -1.5639969e-01   0.0000000e+00  -4.2226985e-08
   6.4500000e+02   1.5999660e+01   3.8759700e+00  -1.5642413e-01   0.0000000e+00  -4.1627633e-08
   6.4600000e+02   1.5978980e+01   3.8749830e+00  -1.5644830e-01   0.0000000e+00  -4.1028767e-08
   6.4700000e+02   1.5958360e+01   3.8739970e+00  -1.5647226e-01   0.0000000e+00  -4.0430065e-08
   6.4800000e+02   1.5937800e+01   3.8730140e+00  -1.5649597e-01   0.0000000e+00  -3.9831696e-08
   6.4900000e+02   1.5917300e+01   3.8720310e+00  -1.5651947e-01   0.0000000e+00  -3.9233957e-08
   6.5000000e+02   1.5896860e+01   3.8710510e+00  -1.5654273e-01   0.0000000e+00  -3.8636503e-08
   6.5100000e+02   1.5876470e+01   3.8700720e+00  -1.5656574e-01   0.0000000e+00  -3.8039261e-08
   6.5200000e+02   1.5856140e+01   3.8690950e+00  -1.5658852e-01   0.0000000e+00  -3.7442791e-08
   6.5300000e+02   1.5835870e+01   3.8681200e+00  -1.5661109e-01   0.0000000e+00  -3.6846580e-08
   6.5400000e+02   1.5815660e+01   3.8671460e+00  -1.5663345e-01   0.0000000e+00  -3.6250645e-08
   6.5500000e+02   1.5795500e+01   3.8661740e+00  -1.5665556e-01   0.0000000e+00  -3.5655636e-08
   6.5600000e+02   1.5775400e+01   3.8652040e+00  -1.5667746e-01   0.0000000e+00  -3.5060790e-08
   6.5700000e+02   1.5755350e+01   3.8642350e+00  -1.5669914e-01   0.0000000e+00  -3.4466397e-08
   6.5800000e+02   1.5735360e+01   3.8632680e+00  -1.5672061e-01   0.0000000e+00  -3.3872556e-08
   6.5900000e+02   1.5715430e+01   3.8623030e+00  -1.5674185e-01   0.0000000e+00  -3.3279402e-08
   6.6000000e+02   1.5695550e+01   3.8613400e+00  -1.5676284e-01   0.0000000e+00  -3.2686589e-08
   6.6100000e+02   1.5675730e+01   3.8603780e+00  -1.5678368e-01   0.0000000e+00  -3.2094482e-08
   6.6200000e+02   1.5655960e+01   3.8594180e+00  -1.5680428e-01   0.0000000e+00  -3.1502989e-08
   6.6300000e+02   1.5636250e+01   3.8584600e+00  -1.5682467e-01   0.0000000e+00  -3.0911919e-08
   6.6400000e+02   1.5616590e+01   3.8575030e+00  -1.5684487e-01   0.0000000e+00  -3.0321489e-08
   6.6500000e+02   1.5596980e+01   3.8565480e+00  -1.5686482e-01   0.0000000e+00  -2.9731480e-08
   6.6600000e+02   1.5577430e+01   3.8555950e+00  -1.5688458e-01   0.0000000e+00  -2.9142272e-08
   6.6700000e+02   1.5557940e+01   3.8546430e+00  -1.5690420e-01   0.0000000e+00  -2.8553567e-08
   6.6800000e+02   1.5538490e+01   3.8536940e+00  -1.5692352e-01   0.0000000e+00  -2.7965624e-08
   6.6900000e+02   1.5519100e+01   3.8527460e+00  -1.5694267e-01   0.0000000e+00  -2.7378309e-08
   6.7000000e+02   1.5499760e+01   3.8517990e+00  -1.5696163e-01   0.0000000e+00  -2.6791597e-08
   6.7100000e+02   1.5480480e+01   3.8508540e+00  -1.5698042e-01   0.0000000e+00  -2.6205301e-08
   6.7200000e+02   1.5461250e+01   3.8499110e+00  -1.5699900e-01   0.0000000e+00  -2.5620020e-08
   6.7300000e+02   1.5442060e+01   3.8489700e+00  -1.5701732e-01   0.0000000e+00  -2.5035344e-08
   6.7400000e+02   1.5422940e+01   3.8480300e+00  -1.5703553e-01   0.0000000e+00  -2.4451268e-08
   6.7500000e+02   1.5403860e+01   3.8470920e+00  -1.5705351e-01   0.0000000e+00  -2.3867979e-08
   6.7600000e+02   1.5384830e+01   3.8461560e+00  -1.5707128e-01   0.0000000e+00  -2.3285286e-08
   6.7700000e+02   1.5365860e+01   3.8452210e+00  -1.5708890e-01   0.0000000e+00  -2.2703500e-08
   6.7800000e+02   1.5346940e+01   3.8442880e+00  -1.5710633e-01   0.0000000e+00  -2.2122296e-08
   6.7900000e+02   1.5328060e+01   3.8433570e+00  -1.5712352e-01   0.0000000e+00  -2.1541953e-08
   6.8000000e+02   1.5309240e+01   3.8424270e+00  -1.5714056e-01   0.0000000e+00  -2.0962240e-08
   6.8100000e+02   1.5290470e+01   3.8415000e+00  -1.5715740e-01   0.0000000e+00  -2.0383541e-08
   6.8200000e+02   1.5271750e+01   3.8405730e+00  -1.5717410e-01   0.0000000e+00  -1.9805256e-08
   6.8300000e+02   1.5253080e+01   3.8396490e+00  -1.5719057e-01   0.0000000e+00  -1.9227994e-08
   6.8400000e+02   1.5234460e+01   3.8387260e+00  -1.5720689e-01   0.0000000e+00  -1.8651538e-08
   6.8500000e+02   1.5215880e+01   3.8378050e+00  -1.5722299e-01   0.0000000e+00  -1.8075642e-08
   6.8600000e+02   1.5197360e+01   3.8368850e+00  -1.5723896e-01   0.0000000e+00  -1.7500779e-08
   6.8700000e+02   1.5178890e+01   3.8359670e+00  -1.5725474e-01   0.0000000e+00  -1.6926648e-08
   6.8800000e+02   1.5160460e+01   3.8350510e+00  -1.5727031e-01   0.0000000e+00  -1.6353484e-08
   6.8900000e+02   1.5142080e+01   3.8341360e+00  -1.5728574e-01   0.0000000e+00  -1.5781008e-08
   6.9000000e+02   1.5123760e+01   3.8332230e+00  -1.5730101e-01   0.0000000e+00  -1.5209538e-08
   6.9100000e+02   1.5105480e+01   3.8323120e+00  -1.5731608e-01   0.0000000e+00  -1.4638665e-08
   6.9200000e+02   1.5087240e+01   3.8314030e+00  -1.5733094e-01   0.0000000e+00  -1.4068737e-08
   6.9300000e+02   1.5069060e+01   3.8304950e+00  -1.5734569e-01   0.0000000e+00  -1.3499822e-08
   6.9400000e+02   1.5050920e+01   3.8295880e+00  -1.5736028e-01   0.0000000e+00  -1.2931636e-08
   6.9500000e+02   1.5032830e+01   3.8286840e+00  -1.5737465e-01   0.0000000e+00  -1.2364447e-08
   6.9600000e+02   1.5014790e+01   3.8277810e+00  -1.5738889e-01   0.0000000e+00  -1.1798092e-08
   6.9700000e+02   1.4996800e+01   3.8268790e+00  -1.5740299e-01   0.0000000e+00  -1.1232672e-08
   6.9800000e+02   1.4978850e+01   3.8259800e+00  -1.5741687e-01   0.0000000e+00  -1.0668329e-08
   6.9900000e+02   1.4960950e+01   3.8250820e+00  -1.5743061e-01   0.0000000e+00  -1.0104675e-08
   7.0000000e+02   1.4943090e+01   3.8241850e+00  -1.5744420e-01   0.0000000e+00  -9.5419890e-09
   7.0100000e+02   1.4925280e+01   3.8232910e+00  -1.5745760e-01   0.0000000e+00  -8.9801819e-09
   7.0200000e+02   1.4907520e+01   3.8223980e+00  -1.5747086e-01   0.0000000e+00  -8.4193093e-09
   7.0300000e+02   1.4889800e+01   3.8215060e+00  -1.5748397e-01   0.0000000e+00  -7.8594540e-09
   7.0400000e+02   1.4872130e+01   3.8206160e+00  -1.5749693e-01   0.0000000e+00  -7.3007247e-09
   7.0500000e+02   1.4854500e+01   3.8197280e+00  -1.5750969e-01   0.0000000e+00  -6.7427345e-09
   7.0600000e+02   1.4836920e+01   3.8188420e+00  -1.5752231e-01   0.0000000e+00  -6.1858148e-09
   7.0700000e+02   1.4819380e+01   3.8179570e+00  -1.5753477e-01   0.0000000e+00  -5.6298293e-09
   7.0800000e+02   1.4801890e+01   3.8170730e+00  -1.5754713e-01   0.0000000e+00  -5.0748616e-09
   7.0900000e+02   1.4784440e+01   3.8161920e+00  -1.5755929e-01   0.0000000e+00  -4.5207605e-09
   7.1000000e+02   1.4767040e+01   3.8153120e+00  -1.5757131e-01   0.0000000e+00  -3.9678162e-09
   7.1100000e+02   1.4749680e+01   3.8144330e+00  -1.5758318e-01   0.0000000e+00  -3.4156615e-09
   7.1200000e+02   1.4732360e+01   3.8135560e+00  -1.5759491e-01   0.0000000e+00  -2.8646803e-09
   7.1300000e+02   1.4715090e+01   3.8126810e+00  -1.5760647e-01   0.0000000e+00  -2.3148497e-09
   7.1400000e+02   1.4697870e+01   3.8118080e+00  -1.5761791e-01   0.0000000e+00  -1.7658690e-09
   7.1500000e+02   1.4680680e+01   3.8109360e+00  -1.5762916e-01   0.0000000e+00  -1.2180065e-09
   7.1600000e+02   1.4663540e+01   3.8100650e+00  -1.5764032e-01   0.0000000e+00  -6.7089541e-10
   7.1700000e+02   1.4646440e+01   3.8091960e+00  -1.5765132e-01   0.0000000e+00  -1.2509073e-10
   7.1800000e+02   1.4629390e+01   3.8083290e+00  -1.5766217e-01   0.0000000e+00   4.1960202e-10
   7.1900000e+02   1.4612380e+01   3.8074640e+00  -1.5767287e-01   0.0000000e+00   9.6351479e-10
   7.2000000e+02   1.4595410e+01   3.8066000e+00  -1.5768343e-01   0.0000000e+00   1.5060645e-09
   7.2100000e+02   1.4578480e+01   3.8057380e+00  -1.5769384e-01   0.0000000e+00   2.0477179e-09
   7.2200000e+02   1.4561600e+01   3.8048770e+00  -1.5770413e-01   0.0000000e+00   2.5883693e-09
   7.2300000e+02   1.4544760e+01   3.8040180e+00  -1.5771429e-01   0.0000000e+00   3.1279372e-09
   7.2400000e+02   1.4527950e+01   3.8031600e+00  -1.5772428e-01   0.0000000e+00   3.6663308e-09
   7.2500000e+02   1.4511200e+01   3.8023040e+00  -1.5773419e-01   0.0000000e+00   4.2035228e-09
   7.2600000e+02   1.4494480e+01   3.8014500e+00  -1.5774391e-01   0.0000000e+00   4.7398289e-09
   7.2700000e+02   1.4477800e+01   3.8005970e+00  -1.5775350e-01   0.0000000e+00   5.2749704e-09
   7.2800000e+02   1.4461170e+01   3.7997460e+00  -1.5776297e-01   0.0000000e+00   5.8091078e-09
   7.2900000e+02   1.4444570e+01   3.7988960e+00  -1.5777231e-01   0.0000000e+00   6.3419839e-09
   7.3000000e+02   1.4428020e+01   3.7980480e+00  -1.5778151e-01   0.0000000e+00   6.8738120e-09
   7.3100000e+02   1.4411510e+01   3.7972020e+00  -1.5779057e-01   0.0000000e+00   7.4045136e-09
   7.3200000e+02   1.4395040e+01   3.7963570e+00  -1.5779953e-01   0.0000000e+00   7.9341247e-09
   7.3300000e+02   1.4378610e+01   3.7955140e+00  -1.5780834e-01   0.0000000e+00   8.4628011e-09
   7.3400000e+02   1.4362220e+01   3.7946720e+00  -1.5781703e-01   0.0000000e+00   8.9899913e-09
   7.3500000e+02   1.4345860e+01   3.7938320e+00  -1.5782554e-01   0.0000000e+00   9.5161856e-09
   7.3600000e+02   1.4329550e+01   3.7929930e+00  -1.5783399e-01   0.0000000e+00   1.0041406e-08
   7.3700000e+02   1.4313280e+01   3.7921560e+00  -1.5784229e-01   0.0000000e+00   1.0565462e-08
   7.3800000e+02   1.4297050e+01   3.7913210e+00  -1.5785046e-01   0.0000000e+00   1.1087979e-08
   7.3900000e+02   1.4280860e+01   3.7904870e+00  -1.5785852e-01   0.0000000e+00   1.1609646e-08
   7.4000000e+02   1.4264700e+01   3.7896550e+00  -1.5786642e-01   0.0000000e+00   1.2130330e-08
   7.4100000e+02   1.4248590e+01   3.7888240e+00  -1.5787424e-01   0.0000000e+00   1.2649499e-08
   7.4200000e+02   1.4232520e+01   3.7879950e+00  -1.5788193e-01   0.0000000e+00   1.3167849e-08
   7.4300000e+02   1.4216480e+01   3.7871670e+00  -1.5788950e-01   0.0000000e+00   1.3684750e-08
   7.4400000e+02   1.4200480e+01   3.7863410e+00  -1.5789693e-01   0.0000000e+00   1.4200694e-08
   7.4500000e+02   1.4184520e+01   3.7855160e+00  -1.5790425e-01   0.0000000e+00   1.4715319e-08
   7.4600000e+02   1.4168600e+01   3.7846930e+00  -1.5791145e-01   0.0000000e+00   1.5228785e-08
   7.4700000e+02   1.4152720e+01   3.7838720e+00  -1.5791853e-01   0.0000000e+00   1.5741064e-08
   7.4800000e+02   1.4136870e+01   3.7830520e+00  -1.5792548e-01   0.0000000e+00   1.6252242e-08
   7.4900000e+02   1.4121070e+01   3.7822330e+00  -1.5793237e-01   0.0000000e+00   1.6762354e-08
   7.5000000e+02   1.4105300e+01   3.7814170e+00  -1.5793907e-01   0.0000000e+00   1.7271066e-08
   7.5100000e+02   1.4089570e+01   3.7806010e+00  -1.5794571e-01   0.0000000e+00   1.7778475e-08
   7.5200000e+02   1.4073870e+01   3.7797870e+00  -1.5795220e-01   0.0000000e+00   1.8285120e-08
   7.5300000e+02   1.4058210e+01   3.7789750e+00  -1.5795857e-01   0.0000000e+00   1.8790065e-08
   7.5400000e+02   1.4042600e+01   3.7781640e+00  -1.5796488e-01   0.0000000e+00   1.9294133e-08
   7.5500000e+02   1.4027010e+01   3.7773550e+00  -1.5797102e-01   0.0000000e+00   1.9796847e-08
   7.5600000e+02   1.4011470e+01   3.7765470e+00  -1.5797709e-01   0.0000000e+00   2.0298518e-08
   7.5700000e+02   1.3995960e+01   3.7757410e+00  -1.5798303e-01   0.0000000e+00   2.0798959e-08
   7.5800000e+02   1.3980480e+01   3.7749370e+00  -1.5798881e-01   0.0000000e+00   2.1297948e-08
   7.5900000e+02   1.3965050e+01   3.7741330e+00  -1.5799457e-01   0.0000000e+00   2.1795915e-08
   7.6000000e+02   1.3949650e+01   3.7733320e+00  -1.5800017e-01   0.0000000e+00   2.2292739e-08
   7.6100000e+02   1.3934280e+01   3.7725320e+00  -1.5800564e-01   0.0000000e+00   2.2788173e-08
   7.6200000e+02   1.3918960e+01   3.7717330e+00  -1.5801109e-01   0.0000000e+00   2.3282332e-08
   7.6300000e+02   1.3903660e+01   3.7709360e+00  -1.5801634e-01   0.0000000e+00   2.3775361e-08
   7.6400000e+02   1.3888410e+01   3.7701400e+00  -1.5802157e-01   0.0000000e+00   2.4267329e-08
   7.6500000e+02   1.3873190e+01   3.7693460e+00  -1.5802663e-01   0.0000000e+00   2.4757793e-08
   7.6600000e+02   1.3858000e+01   3.7685530e+00  -1.5803161e-01   0.0000000e+00   2.5247279e-08
   7.6700000e+02   1.3842850e+01   3.7677620e+00  -1.5803646e-01   0.0000000e+00   2.5735226e-08
   7.6800000e+02   1.3827740e+01   3.7669730e+00  -1.5804123e-01   0.0000000e+00   2.6222199e-08
   7.6900000e+02   1.3812660e+01   3.7661840e+00  -1.5804592e-01   0.0000000e+00   2.6707816e-08
   7.7000000e+02   1.3797610e+01   3.7653980e+00  -1.5805044e-01   0.0000000e+00   2.7192355e-08
   7.7100000e+02   1.3782600e+01   3.7646130e+00  -1.5805489e-01   0.0000000e+00   2.7675350e-08
   7.7200000e+02   1.3767630e+01   3.7638290e+00  -1.5805929e-01   0.0000000e+00   2.8157416e-08
   7.7300000e+02   1.3752690e+01   3.7630470e+00  -1.5806354e-01   0.0000000e+00   2.8638012e-08
   7.7400000e+02   1.3737780e+01   3.7622660e+00  -1.5806768e-01   0.0000000e+00   2.9117411e-08
   7.7500000e+02   1.3722910e+01   3.7614860e+00  -1.5807178e-01   0.0000000e+00   2.9595417e-08
   7.7600000e+02   1.3708070e+01   3.7607090e+00  -1.5807572e-01   0.0000000e+00   3.0072364e-08
   7.7700000e+02   1.3693270e+01   3.7599320e+00  -1.5807960e-01   0.0000000e+00   3.0548022e-08
   7.7800000e+02   1.3678500e+01   3.7591570e+00  -1.5808338e-01   0.0000000e+00   3.1022473e-08
   7.7900000e+02   1.3663760e+01   3.7583840e+00  -1.5808702e-01   0.0000000e+00   3.1495602e-08
   7.8000000e+02   1.3649060e+01   3.7576120e+00  -1.5809061e-01   0.0000000e+00   3.1967383e-08
   7.8100000e+02   1.3634390e+01   3.7568410e+00  -1.5809411e-01   0.0000000e+00   3.2437970e-08
   7.8200000e+02   1.3619750e+01   3.7560720e+00  -1.5809747e-01   0.0000000e+00   3.2907244e-08
   7.8300000e+02   1.3605150e+01   3.7553050e+00  -1.5810076e-01   0.0000000e+00   3.3375559e-08
   7.8400000e+02   1.3590580e+01   3.7545390e+00  -1.5810395e-01   0.0000000e+00   3.3842250e-08
   7.8500000e+02   1.3576040e+01   3.7537740e+00  -1.5810705e-01   0.0000000e+00   3.4307954e-08
   7.8600000e+02   1.3561540e+01   3.7530110e+00  -1.5811007e-01   0.0000000e+00   3.4772000e-08
   7.8700000e+02   1.3547070e+01   3.7522490e+00  -1.5811301e-01   0.0000000e+00   3.5235254e-08
   7.8800000e+02   1.3532630e+01   3.7514880e+00  -1.5811585e-01   0.0000000e+00   3.5696900e-08
   7.8900000e+02   1.3518220e+01   3.7507300e+00  -1.5811855e-01   0.0000000e+00   3.6157438e-08
   7.9000000e+02   1.3503850e+01   3.7499720e+00  -1.5812122e-01   0.0000000e+00   3.6616501e-08
   7.9100000e+02   1.3489510e+01   3.7492160e+00  -1.5812379e-01   0.0000000e+00   3.7074584e-08
   7.9200000e+02   1.3475200e+01   3.7484610e+00  -1.5812627e-01   0.0000000e+00   3.7531091e-08
   7.9300000e+02   1.3460920e+01   3.7477080e+00  -1.5812863e-01   0.0000000e+00   3.7986447e-08
   7.9400000e+02   1.3446680e+01   3.7469560e+00  -1.5813095e-01   0.0000000e+00   3.8440672e-08
   7.9500000e+02   1.3432460e+01   3.7462060e+00  -1.5813313e-01   0.0000000e+00   3.8893455e-08
   7.9600000e+02   1.3418280e+01   3.7454570e+00  -1.5813527e-01   0.0000000e+00   3.9344960e-08
   7.9700000e+02   1.3404130e+01   3.7447090e+00  -1.5813731e-01   0.0000000e+00   3.9795347e-08
   7.9800000e+02   1.3390010e+01   3.7439630e+00  -1.5813926e-01   0.0000000e+00   4.0244114e-08
   7.9900000e+02   1.3375920e+01   3.7432190e+00  -1.5814110e-01   0.0000000e+00   4.0691947e-08
   8.0000000e+02   1.3361870e+01   3.7424750e+00  -1.5814292e-01   0.0000000e+00   4.1138328e-08
   8.0100000e+02   1.3347840e+01   3.7417330e+00  -1.5814461e-01   0.0000000e+00   4.1583644e-08
   8.0200000e+02   1.3333850e+01   3.7409930e+00  -1.5814622e-01   0.0000000e+00   4.2027328e-08
   8.0300000e+02   1.3319890e+01   3.7402540e+00  -1.5814775e-01   0.0000000e+00   4.2469910e-08
   8.0400000e+02   1.3305950e+01   3.7395160e+00  -1.5814919e-01   0.0000000e+00   4.2911278e-08
   8.0500000e+02   1.3292050e+01   3.7387800e+00  -1.5815056e-01   0.0000000e+00   4.3351202e-08
   8.0600000e+02   1.3278180e+01   3.7380450e+00  -1.5815186e-01   0.0000000e+00   4.3790041e-08
   8.0700000e+02   1.3264340e+01   3.7373110e+00  -1.5815307e-01   0.0000000e+00   4.4227296e-08
   8.0800000e+02   1.3250530e+01   3.7365790e+00  -1.5815420e-01   0.0000000e+00   4.4663662e-08
   8.0900000e+02   1.3236750e+01   3.7358480e+00  -1.5815526e-01   0.0000000e+00   4.5098320e-08
   8.1000000e+02   1.3223000e+01   3.7351190e+00  -1.5815621e-01   0.0000000e+00   4.5531976e-08
   8.1100000e+02   1.3209280e+01   3.7343910e+00  -1.5815710e-01   0.0000000e+00   4.5964384e-08
   8.1200000e+02   1.3195590e+01   3.7336640e+00  -1.5815792e-01   0.0000000e+00   4.6395418e-08
   8.1300000e+02   1.3181930e+01   3.7329390e+00  -1.5815865e-01   0.0000000e+00   4.6825079e-08
   8.1400000e+02   1.3168300e+01   3.7322150e+00  -1.5815932e-01   0.0000000e+00   4.7253559e-08
   8.1500000e+02   1.3154700e+01   3.7314930e+00  -1.5815988e-01   0.0000000e+00   4.7680759e-08
   8.1600000e+02   1.3141130e+01   3.7307720e+00  -1.5816039e-01   0.0000000e+00   4.8106490e-08
   8.1700000e+02   1.3127580e+01   3.7300520e+00  -1.5816081e-01   0.0000000e+00   4.8531085e-08
   8.1800000e+02   1.3114070e+01   3.7293340e+00  -1.5816115e-01   0.0000000e+00   4.8954355e-08
   8.1900000e+02   1.3100590e+01   3.7286170e+00  -1.5816144e-01   0.0000000e+00   4.9376352e-08
   8.2000000e+02   1.3087130e+01   3.7279010e+00  -1.5816164e-01   0.0000000e+00   4.9797233e-08
   8.2100000e+02   1.3073710e+01   3.7271870e+00  -1.5816177e-01   0.0000000e+00   5.0216573e-08
   8.2200000e+02   1.3060310e+01   3.7264740e+00  -1.5816182e-01   0.0000000e+00   5.0634861e-08
   8.2300000e+02   1.3046940e+01   3.7257620e+00  -1.5816181e-01   0.0000000e+00   5.1051772e-08
   8.2400000e+02   1.3033600e+01   3.7250520e+00  -1.5816171e-01   0.0000000e+00   5.1467307e-08
   8.2500000e+02   1.3020290e+01   3.7243430e+00  -1.5816155e-01   0.0000000e+00   5.1881606e-08
   8.2600000e+02   1.3007010e+01   3.7236350e+00  -1.5816135e-01   0.0000000e+00   5.2294496e-08
   8.2700000e+02   1.2993760e+01   3.7229290e+00  -1.5816104e-01   0.0000000e+00   5.2706304e-08
   8.2800000e+02   1.2980530e+01   3.7222240e+00  -1.5816066e-01   0.0000000e+00   5.3116764e-08
   8.2900000e+02   1.2967330e+01   3.7215200e+00  -1.5816021e-01   0.0000000e+00   5.3525855e-08
   8.3000000e+02   1.2954160e+01   3.7208180e+00  -1.5815970e-01   0.0000000e+00   5.3933796e-08
   8.3100000e+02   1.2941020e+01   3.7201170e+00  -1.5815912e-01   0.0000000e+00   5.4340267e-08
   8.3200000e+02   1.2927910e+01   3.7194180e+00  -1.5815846e-01   0.0000000e+00   5.4745761e-08
   8.3300000e+02   1.2914820e+01   3.7187190e+00  -1.5815775e-01   0.0000000e+00   5.5149700e-08
   8.3400000e+02   1.2901770e+01   3.7180220e+00  -1.5815699e-01   0.0000000e+00   5.5552511e-08
   8.3500000e+02   1.2888730e+01   3.7173270e+00  -1.5815609e-01   0.0000000e+00   5.5953995e-08
   8.3600000e+02   1.2875730e+01   3.7166320e+00  -1.5815518e-01   0.0000000e+00   5.6354042e-08
   8.3700000e+02   1.2862760e+01   3.7159390e+00  -1.5815422e-01   0.0000000e+00   5.6753121e-08
   8.3800000e+02   1.2849810e+01   3.7152480e+00  -1.5815313e-01   0.0000000e+00   5.7150663e-08
   8.3900000e+02   1.2836890e+01   3.7145570e+00  -1.5815204e-01   0.0000000e+00   5.7547244e-08
   8.4000000e+02   1.2823990e+01   3.7138680e+00  -1.5815082e-01   0.0000000e+00   5.7942213e-08
   8.4100000e+02   1.2811130e+01   3.7131800e+00  -1.5814961e-01   0.0000000e+00   5.8336001e-08
   8.4200000e+02   1.2798290e+01   3.7124940e+00  -1.5814827e-01   0.0000000e+00   5.8728661e-08
   8.4300000e+02   1.2785470e+01   3.7118090e+00  -1.5814687e-01   0.0000000e+00   5.9119826e-08
   8.4400000e+02   1.2772690e+01   3.7111250e+00  -1.5814544e-01   0.0000000e+00   5.9509763e-08
   8.4500000e+02   1.2759930e+01   3.7104420e+00  -1.5814395e-01   0.0000000e+00   5.9898417e-08
   8.4600000e+02   1.2747190e+01   3.7097610e+00  -1.5814235e-01   0.0000000e+00   6.0286033e-08
   8.4700000e+02   1.2734490e+01   3.7090810e+00  -1.5814074e-01   0.0000000e+00   6.0672211e-08
   8.4800000e+02   1.2721810e+01   3.7084020e+00  -1.5813904e-01   0.0000000e+00   6.1056993e-08
   8.4900000e+02   1.2709150e+01   3.7077250e+00  -1.5813726e-01   0.0000000e+00   6.1440589e-08
   8.5000000e+02   1.2696530e+01   3.7070480e+00  -1.5813550e-01   0.0000000e+00   6.1823006e-08
   8.5100000e+02   1.2683920e+01   3.7063740e+00  -1.5813356e-01   0.0000000e+00   6.2204101e-08
   8.5200000e+02   1.2671350e+01   3.7057000e+00  -1.5813164e-01   0.0000000e+00   6.2583892e-08
   8.5300000e+02   1.2658800e+01   3.7050280e+00  -1.5812963e-01   0.0000000e+00   6.2962378e-08
   8.5400000e+02   1.2646280e+01   3.7043560e+00  -1.5812761e-01   0.0000000e+00   6.3339647e-08
   8.5500000e+02   1.2633780e+01   3.7036870e+00  -1.5812546e-01   0.0000000e+00   6.3715783e-08
   8.5600000e+02   1.2621310e+01   3.7030180e+00  -1.5812331e-01   0.0000000e+00   6.4090475e-08
   8.5700000e+02   1.2608860e+01   3.7023510e+00  -1.5812105e-01   0.0000000e+00   6.4463918e-08
   8.5800000e+02   1.2596440e+01   3.7016850e+00  -1.5811876e-01   0.0000000e+00   6.4836370e-08
   8.5900000e+02   1.2584040e+01   3.7010200e+00  -1.5811639e-01   0.0000000e+00   6.5207146e-08
   8.6000000e+02   1.2571670e+01   3.7003560e+00  -1.5811401e-01   0.0000000e+00   6.5576917e-08
   8.6100000e+02   1.2559330e+01   3.6996940e+00  -1.5811155e-01   0.0000000e+00   6.5945495e-08
   8.6200000e+02   1.2547010e+01   3.6990330e+00  -1.5810902e-01   0.0000000e+00   6.6312657e-08
   8.6300000e+02   1.2534710e+01   3.6983730e+00  -1.5810644e-01   0.0000000e+00   6.6678572e-08
   8.6400000e+02   1.2522440e+01   3.6977150e+00  -1.5810378e-01   0.0000000e+00   6.7043328e-08
   8.6500000e+02   1.2510200e+01   3.6970570e+00  -1.5810112e-01   0.0000000e+00   6.7406702e-08
   8.6600000e+02   1.2497980e+01   3.6964010e+00  -1.5809838e-01   0.0000000e+00   6.7769080e-08
   8.6700000e+02   1.2485780e+01   3.6957460e+00  -1.5809556e-01   0.0000000e+00   6.8130056e-08
   8.6800000e+02   1.2473610e+01   3.6950930e+00  -1.5809269e-01   0.0000000e+00   6.8489660e-08
   8.6900000e+02   1.2461470e+01   3.6944400e+00  -1.5808982e-01   0.0000000e+00   6.8848102e-08
   8.7000000e+02   1.2449350e+01   3.6937890e+00  -1.5808686e-01   0.0000000e+00   6.9205341e-08
   8.7100000e+02   1.2437250e+01   3.6931390e+00  -1.5808383e-01   0.0000000e+00   6.9561351e-08
   8.7200000e+02   1.2425180e+01   3.6924910e+00  -1.5808074e-01   0.0000000e+00   6.9915998e-08
   8.7300000e+02   1.2413130e+01   3.6918430e+00  -1.5807764e-01   0.0000000e+00   7.0269419e-08
   8.7400000e+02   1.2401110e+01   3.6911970e+00  -1.5807446e-01   0.0000000e+00   7.0621762e-08
   8.7500000e+02   1.2389110e+01   3.6905520e+00  -1.5807123e-01   0.0000000e+00   7.0972689e-08
   8.7600000e+02   1.2377130e+01   3.6899080e+00  -1.5806795e-01   0.0000000e+00   7.1322475e-08
   8.7700000e+02   1.2365180e+01   3.6892650e+00  -1.5806464e-01   0.0000000e+00   7.1671083e-08
   8.7800000e+02   1.2353250e+01   3.6886240e+00  -1.5806124e-01   0.0000000e+00   7.2018464e-08
   8.7900000e+02   1.2341350e+01   3.6879840e+00  -1.5805781e-01   0.0000000e+00   7.2364325e-08
   8.8000000e+02   1.2329470e+01   3.6873450e+00  -1.5805434e-01   0.0000000e+00   7.2709165e-08
   8.8100000e+02   1.2317610e+01   3.6867070e+00  -1.5805080e-01   0.0000000e+00   7.3052899e-08
   8.8200000e+02   1.2305780e+01   3.6860700e+00  -1.5804724e-01   0.0000000e+00   7.3395073e-08
   8.8300000e+02   1.2293970e+01   3.6854350e+00  -1.5804358e-01   0.0000000e+00   7.3736382e-08
   8.8400000e+02   1.2282180e+01   3.6848010e+00  -1.5803989e-01   0.0000000e+00   7.4076290e-08
   8.8500000e+02   1.2270420e+01   3.6841680e+00  -1.5803617e-01   0.0000000e+00   7.4414888e-08
   8.8600000e+02   1.2258680e+01   3.6835360e+00  -1.5803239e-01   0.0000000e+00   7.4752354e-08
   8.8700000e+02   1.2246970e+01   3.6829050e+00  -1.5802861e-01   0.0000000e+00   7.5088849e-08
   8.8800000e+02   1.2235270e+01   3.6822760e+00  -1.5802469e-01   0.0000000e+00   7.5423771e-08
   8.8900000e+02   1.2223610e+01   3.6816470e+00  -1.5802084e-01   0.0000000e+00   7.5757585e-08
   8.9000000e+02   1.2211960e+01   3.6810200e+00  -1.5801685e-01   0.0000000e+00   7.6090092e-08
   8.9100000e+02   1.2200340e+01   3.6803940e+00  -1.5801285e-01   0.0000000e+00   7.6421717e-08
   8.9200000e+02   1.2188730e+01   3.6797700e+00  -1.5800872e-01   0.0000000e+00   7.6751628e-08
   8.9300000e+02   1.2177160e+01   3.6791460e+00  -1.5800467e-01   0.0000000e+00   7.7080680e-08
   8.9400000e+02   1.2165600e+01   3.6785240e+00  -1.5800049e-01   0.0000000e+00   7.7408442e-08
   8.9500000e+02   1.2154070e+01   3.6779020e+00  -1.5799632e-01   0.0000000e+00   7.7735041e-08
   8.9600000e+02   1.2142560e+01   3.6772820e+00  -1.5799207e-01   0.0000000e+00   7.8060295e-08
   8.9700000e+02   1.2131070e+01   3.6766630e+00  -1.5798778e-01   0.0000000e+00   7.8384531e-08
   8.9800000e+02   1.2119610e+01   3.6760460e+00  -1.5798345e-01   0.0000000e+00   7.8707437e-08
   8.9900000e+02   1.2108160e+01   3.6754290e+00  -1.5797906e-01   0.0000000e+00   7.9029257e-08
   9.0000000e+02   1.2096740e+01   3.6748130e+00  -1.5797466e-01   0.0000000e+00   7.9349943e-08
   9.0100000e+02   1.2085350e+01   3.6741990e+00  -1.5797021e-01   0.0000000e+00   7.9669136e-08
   9.0200000e+02   1.2073970e+01   3.6735860e+00  -1.5796569e-01   0.0000000e+00   7.9987454e-08
   9.0300000e+02   1.2062620e+01   3.6729740e+00  -1.5796116e-01   0.0000000e+00   8.0304226e-08
   9.0400000e+02   1.2051280e+01   3.6723630e+00  -1.5795653e-01   0.0000000e+00   8.0620033e-08
   9.0500000e+02   1.2039970e+01   3.6717530e+00  -1.5795191e-01   0.0000000e+00   8.0934844e-08
   9.0600000e+02   1.2028690e+01   3.6711450e+00  -1.5794724e-01   0.0000000e+00   8.1248034e-08
   9.0700000e+02   1.2017420e+01   3.6705370e+00  -1.5794254e-01   0.0000000e+00   8.1560489e-08
   9.0800000e+02   1.2006170e+01   3.6699310e+00  -1.5793774e-01   0.0000000e+00   8.1871483e-08
   9.0900000e+02   1.1994950e+01   3.6693260e+00  -1.5793294e-01   0.0000000e+00   8.2181350e-08
   9.1000000e+02   1.1983750e+01   3.6687220e+00  -1.5792810e-01   0.0000000e+00   8.2490112e-08
   9.1100000e+02   1.1972570e+01   3.6681190e+00  -1.5792322e-01   0.0000000e+00   8.2797306e-08
   9.1200000e+02   1.1961410e+01   3.6675170e+00  -1.5791830e-01   0.0000000e+00   8.3103920e-08
   9.1300000e+02   1.1950280e+01   3.6669160e+00  -1.5791337e-01   0.0000000e+00   8.3408976e-08
   9.1400000e+02   1.1939160e+01   3.6663170e+00  -1.5790833e-01   0.0000000e+00   8.3712991e-08
   9.1500000e+02   1.1928070e+01   3.6657180e+00  -1.5790332e-01   0.0000000e+00   8.4015758e-08
   9.1600000e+02   1.1916990e+01   3.6651210e+00  -1.5789820e-01   0.0000000e+00   8.4317426e-08
   9.1700000e+02   1.1905940e+01   3.6645240e+00  -1.5789311e-01   0.0000000e+00   8.4618018e-08
   9.1800000e+02   1.1894910e+01   3.6639290e+00  -1.5788795e-01   0.0000000e+00   8.4917205e-08
   9.1900000e+02   1.1883900e+01   3.6633350e+00  -1.5788275e-01   0.0000000e+00   8.5215506e-08
   9.2000000e+02   1.1872910e+01   3.6627420e+00  -1.5787751e-01   0.0000000e+00   8.5512334e-08
   9.2100000e+02   1.1861950e+01   3.6621510e+00  -1.5787224e-01   0.0000000e+00   8.5808251e-08
   9.2200000e+02   1.1851000e+01   3.6615600e+00  -1.5786693e-01   0.0000000e+00   8.6102999e-08
   9.2300000e+02   1.1840070e+01   3.6609700e+00  -1.5786158e-01   0.0000000e+00   8.6396422e-08
   9.2400000e+02   1.1829170e+01   3.6603820e+00  -1.5785620e-01   0.0000000e+00   8.6688820e-08
   9.2500000e+02   1.1818280e+01   3.6597940e+00  -1.5785077e-01   0.0000000e+00   8.6980219e-08
   9.2600000e+02   1.1807420e+01   3.6592080e+00  -1.5784532e-01   0.0000000e+00   8.7270243e-08
   9.2700000e+02   1.1796570e+01   3.6586230e+00  -1.5783979e-01   0.0000000e+00   8.7559190e-08
   9.2800000e+02   1.1785750e+01   3.6580390e+00  -1.5783427e-01   0.0000000e+00   8.7846977e-08
   9.2900000e+02   1.1774950e+01   3.6574550e+00  -1.5782874e-01   0.0000000e+00   8.8133670e-08
   9.3000000e+02   1.1764170e+01   3.6568730e+00  -1.5782314e-01   0.0000000e+00   8.8419210e-08
   9.3100000e+02   1.1753400e+01   3.6562930e+00  -1.5781745e-01   0.0000000e+00   8.8703460e-08
   9.3200000e+02   1.1742660e+01   3.6557130e+00  -1.5781179e-01   0.0000000e+00   8.8986808e-08
   9.3300000e+02   1.1731940e+01   3.6551340e+00  -1.5780610e-01   0.0000000e+00   8.9268961e-08
   9.3400000e+02   1.1721240e+01   3.6545560e+00  -1.5780037e-01   0.0000000e+00   8.9549726e-08
   9.3500000e+02   1.1710560e+01   3.6539800e+00  -1.5779458e-01   0.0000000e+00   8.9829836e-08
   9.3600000e+02   1.1699900e+01   3.6534040e+00  -1.5778879e-01   0.0000000e+00   9.0108602e-08
   9.3700000e+02   1.1689250e+01   3.6528300e+00  -1.5778290e-01   0.0000000e+00   9.0385927e-08
   9.3800000e+02   1.1678630e+01   3.6522560e+00  -1.5777704e-01   0.0000000e+00   9.0662485e-08
   9.3900000e+02   1.1668030e+01   3.6516840e+00  -1.5777113e-01   0.0000000e+00   9.0937889e-08
   9.4000000e+02   1.1657450e+01   3.6511120e+00  -1.5776522e-01   0.0000000e+00   9.1212201e-08
   9.4100000e+02   1.1646880e+01   3.6505420e+00  -1.5775921e-01   0.0000000e+00   9.1485271e-08
   9.4200000e+02   1.1636340e+01   3.6499730e+00  -1.5775320e-01   0.0000000e+00   9.1757430e-08
   9.4300000e+02   1.1625820e+01   3.6494050e+00  -1.5774717e-01   0.0000000e+00   9.2028390e-08
   9.4400000e+02   1.1615310e+01   3.6488380e+00  -1.5774107e-01   0.0000000e+00   9.2297978e-08
   9.4500000e+02   1.1604830e+01   3.6482720e+00  -1.5773498e-01   0.0000000e+00   9.2566640e-08
   9.4600000e+02   1.1594360e+01   3.6477070e+00  -1.5772883e-01   0.0000000e+00   9.2834320e-08
   9.4700000e+02   1.1583920e+01   3.6471430e+00  -1.5772268e-01   0.0000000e+00   9.3100947e-08
   9.4800000e+02   1.1573490e+01   3.6465800e+00  -1.5771647e-01   0.0000000e+00   9.3366202e-08
   9.4900000e+02   1.1563080e+01   3.6460180e+00  -1.5771024e-01   0.0000000e+00   9.3630623e-08
   9.5000000e+02   1.1552700e+01   3.6454570e+00  -1.5770400e-01   0.0000000e+00   9.3893648e-08
   9.5100000e+02   1.1542330e+01   3.6448970e+00  -1.5769772e-01   0.0000000e+00   9.4155789e-08
   9.5200000e+02   1.1531980e+01   3.6443390e+00  -1.5769137e-01   0.0000000e+00   9.4416759e-08
   9.5300000e+02   1.1521650e+01   3.6437810e+00  -1.5768503e-01   0.0000000e+00   9.4676809e-08
   9.5400000e+02   1.1511330e+01   3.6432240e+00  -1.5767864e-01   0.0000000e+00   9.4935704e-08
   9.5500000e+02   1.1501040e+01   3.6426680e+00  -1.5767224e-01   0.0000000e+00   9.5193304e-08
   9.5600000e+02   1.1490770e+01   3.6421140e+00  -1.5766580e-01   0.0000000e+00   9.5449951e-08
   9.5700000e+02   1.1480510e+01   3.6415600e+00  -1.5765932e-01   0.0000000e+00   9.5705576e-08
   9.5800000e+02   1.1470270e+01   3.6410070e+00  -1.5765283e-01   0.0000000e+00   9.5960168e-08
   9.5900000e+02   1.1460060e+01   3.6404560e+00  -1.5764630e-01   0.0000000e+00   9.6213366e-08
   9.6000000e+02   1.1449860e+01   3.6399050e+00  -1.5763977e-01   0.0000000e+00   9.6465924e-08
   9.6100000e+02   1.1439680e+01   3.6393550e+00  -1.5763320e-01   0.0000000e+00   9.6717304e-08
   9.6200000e+02   1.1429510e+01   3.6388070e+00  -1.5762654e-01   0.0000000e+00   9.6967497e-08
   9.6300000e+02   1.1419370e+01   3.6382590e+00  -1.5761993e-01   0.0000000e+00   9.7216655e-08
   9.6400000e+02   1.1409240e+01   3.6377130e+00  -1.5761323e-01   0.0000000e+00   9.7464500e-08
   9.6500000e+02   1.1399140e+01   3.6371670e+00  -1.5760658e-01   0.0000000e+00   9.7711588e-08
   9.6600000e+02   1.1389050e+01   3.6366230e+00  -1.5759984e-01   0.0000000e+00   9.7957749e-08
   9.6700000e+02   1.1378980e+01   3.6360790e+00  -1.5759310e-01   0.0000000e+00   9.8202644e-08
   9.6800000e+02   1.1368920e+01   3.6355360e+00  -1.5758632e-01   0.0000000e+00   9.8446539e-08
   9.6900000e+02   1.1358890e+01   3.6349950e+00  -1.5757951e-01   0.0000000e+00   9.8689436e-08
   9.7000000e+02   1.1348870e+01   3.6344540e+00  -1.5757269e-01   0.0000000e+00   9.8931043e-08
   9.7100000e+02   1.1338870e+01   3.6339150e+00  -1.5756581e-01   0.0000000e+00   9.9171611e-08
   9.7200000e+02   1.1328890e+01   3.6333760e+00  -1.5755895e-01   0.0000000e+00   9.9411438e-08
   9.7300000e+02   1.1318930e+01   3.6328380e+00  -1.5755207e-01   0.0000000e+00   9.9650177e-08
   9.7400000e+02   1.1308990e+01   3.6323020e+00  -1.5754513e-01   0.0000000e+00   9.9887457e-08
   9.7500000e+02   1.1299060e+01   3.6317660e+00  -1.5753817e-01   0.0000000e+00   1.0012399e-07
   9.7600000e+02   1.1289150e+01   3.6312310e+00  -1.5753120e-01   0.0000000e+00   1.0035967e-07
   9.7700000e+02   1.1279260e+01   3.6306970e+00  -1.5752421e-01   0.0000000e+00   1.0059418e-07
   9.7800000e+02   1.1269390e+01   3.6301650e+00  -1.5751717e-01   0.0000000e+00   1.0082744e-07
   9.7900000e+02   1.1259530e+01   3.6296330e+00  -1.5751011e-01   0.0000000e+00   1.0105985e-07
   9.8000000e+02   1.1249690e+01   3.6291020e+00  -1.5750303e-01   0.0000000e+00   1.0129128e-07
   9.8100000e+02   1.1239870e+01   3.6285720e+00  -1.5749594e-01   0.0000000e+00   1.0152175e-07
   9.8200000e+02   1.1230070e+01   3.6280430e+00  -1.5748883e-01   0.0000000e+00   1.0175098e-07
   9.8300000e+02   1.1220280e+01   3.6275150e+00  -1.5748167e-01   0.0000000e+00   1.0197918e-07
   9.8400000e+02   1.1210520e+01   3.6269890e+00  -1.5747449e-01   0.0000000e+00   1.0220661e-07
   9.8500000e+02   1.1200760e+01   3.6264630e+00  -1.5746727e-01   0.0000000e+00   1.0243276e-07
   9.8600000e+02   1.1191030e+01   3.6259380e+00  -1.5746007e-01   0.0000000e+00   1.0265821e-07
   9.8700000e+02   1.1181310e+01   3.6254130e+00  -1.5745285e-01   0.0000000e+00   1.0288245e-07
   9.8800000e+02   1.1171610e+01   3.6248900e+00  -1.5744558e-01   0.0000000e+00   1.0310567e-07
   9.8900000e+02   1.1161930e+01   3.6243680e+00  -1.5743829e-01   0.0000000e+00   1.0332766e-07
   9.9000000e+02   1.1152270e+01   3.6238470e+00  -1.5743100e-01   0.0000000e+00   1.0354896e-07
   9.9100000e+02   1.1142620e+01   3.6233270e+00  -1.5742365e-01   0.0000000e+00   1.0376925e-07
   9.9200000e+02   1.1132990e+01   3.6228070e+00  -1.5741632e-01   0.0000000e+00   1.0398837e-07
   9.9300000e+02   1.1123370e+01   3.6222890e+00  -1.5740892e-01   0.0000000e+00   1.0420664e-07
   9.9400000e+02   1.1113780e+01   3.6217710e+00  -1.5740157e-01   0.0000000e+00   1.0442398e-07
   9.9500000e+02   1.1104200e+01   3.6212550e+00  -1.5739413e-01   0.0000000e+00   1.0464029e-07
   9.9600000e+02   1.1094630e+01   3.6207390e+00  -1.5738669e-01   0.0000000e+00   1.0485542e-07
   9.9700000e+02   1.1085090e+01   3.6202250e+00  -1.5737923e-01   0.0000000e+00   1.0506975e-07
   9.9800000e+02   1.1075560e+01   3.6197110e+00  -1.5737176e-01   0.0000000e+00   1.0528285e-07
   9.9900000e+02   1.1066040e+01   3.6191980e+00  -1.5736425e-01   0.0000000e+00   1.0549521e-07
   1.0000000e+03   1.1056550e+01   3.6186860e+00  -1.5735676e-01   0.0000000e+00   1.0570656e-07
   1.0010000e+03   1.1047060e+01   3.6181750e+00  -1.5734919e-01   0.0000000e+00   1.0591683e-07
   1.0020000e+03   1.1037600e+01   3.6176650e+00  -1.5734164e-01   0.0000000e+00   1.0612629e-07
   1.0030000e+03   1.1028150e+01   3.6171560e+00  -1.5733405e-01   0.0000000e+00   1.0633459e-07
   1.0040000e+03   1.1018720e+01   3.6166480e+00  -1.5732645e-01   0.0000000e+00   1.0654214e-07
   1.0050000e+03   1.1009310e+01   3.6161410e+00  -1.5731883e-01   0.0000000e+00   1.0674850e-07
   1.0060000e+03   1.0999910e+01   3.6156350e+00  -1.5731118e-01   0.0000000e+00   1.0695408e-07
   1.0070000e+03   1.0990530e+01   3.6151290e+00  -1.5730355e-01   0.0000000e+00   1.0715839e-07
   1.0080000e+03   1.0981160e+01   3.6146250e+00  -1.5729584e-01   0.0000000e+00   1.0736214e-07
   1.0090000e+03   1.0971810e+01   3.6141210e+00  -1.5728815e-01   0.0000000e+00   1.0756466e-07
   1.0100000e+03   1.0962480e+01   3.6136180e+00  -1.5728046e-01   0.0000000e+00   1.0776620e-07
   1.0110000e+03   1.0953160e+01   3.6131170e+00  -1.5727269e-01   0.0000000e+00   1.0796682e-07
   1.0120000e+03   1.0943860e+01   3.6126160e+00  -1.5726495e-01   0.0000000e+00   1.0816651e-07
   1.0130000e+03   1.0934580e+01   3.6121160e+00  -1.5725720e-01   0.0000000e+00   1.0836544e-07
   1.0140000e+03   1.0925310e+01   3.6116170e+00  -1.5724940e-01   0.0000000e+00   1.0856307e-07
   1.0150000e+03   1.0916060e+01   3.6111180e+00  -1.5724164e-01   0.0000000e+00   1.0876003e-07
   1.0160000e+03   1.0906820e+01   3.6106210e+00  -1.5723380e-01   0.0000000e+00   1.0895615e-07
   1.0170000e+03   1.0897600e+01   3.6101250e+00  -1.5722594e-01   0.0000000e+00   1.0915091e-07
   1.0180000e+03   1.0888390e+01   3.6096290e+00  -1.5721809e-01   0.0000000e+00   1.0934498e-07
   1.0190000e+03   1.0879200e+01   3.6091350e+00  -1.5721020e-01   0.0000000e+00   1.0953826e-07
   1.0200000e+03   1.0870030e+01   3.6086410e+00  -1.5720232e-01   0.0000000e+00   1.0973034e-07
   1.0210000e+03   1.0860870e+01   3.6081480e+00  -1.5719441e-01   0.0000000e+00   1.0992155e-07
   1.0220000e+03   1.0851730e+01   3.6076560e+00  -1.5718650e-01   0.0000000e+00   1.1011204e-07
   1.0230000e+03   1.0842600e+01   3.6071650e+00  -1.5717855e-01   0.0000000e+00   1.1030127e-07
   1.0240000e+03   1.0833490e+01   3.6066750e+00  -1.5717058e-01   0.0000000e+00   1.1048965e-07
   1.0250000e+03   1.0824400e+01   3.6061860e+00  -1.5716262e-01   0.0000000e+00   1.1067737e-07
   1.0260000e+03   1.0815320e+01   3.6056970e+00  -1.5715465e-01   0.0000000e+00   1.1086396e-07
   1.0270000e+03   1.0806250e+01   3.6052100e+00  -1.5714661e-01   0.0000000e+00   1.1104952e-07
   1.0280000e+03   1.0797200e+01   3.6047230e+00  -1.5713860e-01   0.0000000e+00   1.1123446e-07
   1.0290000e+03   1.0788170e+01   3.6042370e+00  -1.5713058e-01   0.0000000e+00   1.1141815e-07
   1.0300000e+03   1.0779150e+01   3.6037520e+00  -1.5712252e-01   0.0000000e+00   1.1160115e-07
   1.0310000e+03   1.0770150e+01   3.6032680e+00  -1.5711446e-01   0.0000000e+00   1.1178311e-07
   1.0320000e+03   1.0761160e+01   3.6027850e+00  -1.5710637e-01   0.0000000e+00   1.1196440e-07
   1.0330000e+03   1.0752190e+01   3.6023030e+00  -1.5709827e-01   0.0000000e+00   1.1214463e-07
   1.0340000e+03   1.0743230e+01   3.6018210e+00  -1.5709017e-01   0.0000000e+00   1.1232414e-07
   1.0350000e+03   1.0734290e+01   3.6013400e+00  -1.5708206e-01   0.0000000e+00   1.1250252e-07
   1.0360000e+03   1.0725360e+01   3.6008610e+00  -1.5707388e-01   0.0000000e+00   1.1267986e-07
   1.0370000e+03   1.0716450e+01   3.6003820e+00  -1.5706574e-01   0.0000000e+00   1.1285671e-07
   1.0380000e+03   1.0707550e+01   3.5999040e+00  -1.5705756e-01   0.0000000e+00   1.1303243e-07
   1.0390000e+03   1.0698670e+01   3.5994260e+00  -1.5704941e-01   0.0000000e+00   1.1320729e-07
   1.0400000e+03   1.0689800e+01   3.5989500e+00  -1.5704119e-01   0.0000000e+00   1.1338134e-07
   1.0410000e+03   1.0680950e+01   3.5984750e+00  -1.5703297e-01   0.0000000e+00   1.1355421e-07
   1.0420000e+03   1.0672110e+01   3.5980000e+00  -1.5702475e-01   0.0000000e+00   1.1372652e-07
   1.0430000e+03   1.0663290e+01   3.5975260e+00  -1.5701652e-01   0.0000000e+00   1.1389792e-07
   1.0440000e+03   1.0654480e+01   3.5970530e+00  -1.5700827e-01   0.0000000e+00   1.1406837e-07
   1.0450000e+03   1.0645680e+01   3.5965810e+00  -1.5699998e-01   0.0000000e+00   1.1423794e-07
   1.0460000e+03   1.0636910e+01   3.5961100e+00  -1.5699172e-01   0.0000000e+00   1.1440660e-07
   1.0470000e+03   1.0628140e+01   3.5956390e+00  -1.5698342e-01   0.0000000e+00   1.1457427e-07
   1.0480000e+03   1.0619390e+01   3.5951690e+00  -1.5697513e-01   0.0000000e+00   1.1474121e-07
   1.0490000e+03   1.0610660e+01   3.5947010e+00  -1.5696680e-01   0.0000000e+00   1.1490723e-07
   1.0500000e+03   1.0601940e+01   3.5942330e+00  -1.5695847e-01   0.0000000e+00   1.1507259e-07
   1.0510000e+03   1.0593230e+01   3.5937660e+00  -1.5695011e-01   0.0000000e+00   1.1523686e-07
   1.0520000e+03   1.0584540e+01   3.5932990e+00  -1.5694179e-01   0.0000000e+00   1.1540046e-07
   1.0530000e+03   1.0575860e+01   3.5928340e+00  -1.5693339e-01   0.0000000e+00   1.1556301e-07
   1.0540000e+03   1.0567200e+01   3.5923690e+00  -1.5692504e-01   0.0000000e+00   1.1572477e-07
   1.0550000e+03   1.0558550e+01   3.5919050e+00  -1.5691665e-01   0.0000000e+00   1.1588574e-07
   1.0560000e+03   1.0549920e+01   3.5914420e+00  -1.5690826e-01   0.0000000e+00   1.1604602e-07
   1.0570000e+03   1.0541300e+01   3.5909800e+00  -1.5689983e-01   0.0000000e+00   1.1620511e-07
   1.0580000e+03   1.0532690e+01   3.5905190e+00  -1.5689138e-01   0.0000000e+00   1.1636338e-07
   1.0590000e+03   1.0524100e+01   3.5900580e+00  -1.5688297e-01   0.0000000e+00   1.1652117e-07
   1.0600000e+03   1.0515520e+01   3.5895980e+00  -1.5687452e-01   0.0000000e+00   1.1667774e-07
   1.0610000e+03   1.0506960e+01   3.5891390e+00  -1.5686607e-01   0.0000000e+00   1.1683356e-07
   1.0620000e+03   1.0498410e+01   3.5886810e+00  -1.5685759e-01   0.0000000e+00   1.1698878e-07
   1.0630000e+03   1.0489880e+01   3.5882240e+00  -1.5684911e-01   0.0000000e+00   1.1714276e-07
   1.0640000e+03   1.0481360e+01   3.5877670e+00  -1.5684065e-01   0.0000000e+00   1.1729619e-07
   1.0650000e+03   1.0472850e+01   3.5873120e+00  -1.5683211e-01   0.0000000e+00   1.1744863e-07
   1.0660000e+03   1.0464360e+01   3.5868570e+00  -1.5682361e-01   0.0000000e+00   1.1760057e-07
   1.0670000e+03   1.0455880e+01   3.5864020e+00  -1.5681511e-01   0.0000000e+00   1.1775122e-07
   1.0680000e+03   1.0447410e+01   3.5859490e+00  -1.5680655e-01   0.0000000e+00   1.1790116e-07
   1.0690000e+03   1.0438960e+01   3.5854970e+00  -1.5679800e-01   0.0000000e+00   1.1805047e-07
   1.0700000e+03   1.0430530e+01   3.5850450e+00  -1.5678948e-01   0.0000000e+00   1.1819876e-07
   1.0710000e+03   1.0422100e+01   3.5845940e+00  -1.5678090e-01   0.0000000e+00   1.1834642e-07
   1.0720000e+03   1.0413690e+01   3.5841440e+00  -1.5677232e-01   0.0000000e+00   1.1849345e-07
   1.0730000e+03   1.0405300e+01   3.5836940e+00  -1.5676378e-01   0.0000000e+00   1.1863935e-07
   1.0740000e+03   1.0396910e+01   3.5832460e+00  -1.5675515e-01   0.0000000e+00   1.1878447e-07
   1.0750000e+03   1.0388550e+01   3.5827980e+00  -1.5674658e-01   0.0000000e+00   1.1892857e-07
   1.0760000e+03   1.0380190e+01   3.5823510e+00  -1.5673796e-01   0.0000000e+00   1.1907231e-07
   1.0770000e+03   1.0371850e+01   3.5819050e+00  -1.5672934e-01   0.0000000e+00   1.1921488e-07
   1.0780000e+03   1.0363520e+01   3.5814590e+00  -1.5672073e-01   0.0000000e+00   1.1935699e-07
   1.0790000e+03   1.0355210e+01   3.5810150e+00  -1.5671209e-01   0.0000000e+00   1.1949808e-07
   1.0800000e+03   1.0346900e+01   3.5805710e+00  -1.5670342e-01   0.0000000e+00   1.1963828e-07
   1.0810000e+03   1.0338620e+01   3.5801280e+00  -1.5669479e-01   0.0000000e+00   1.1977796e-07
   1.0820000e+03   1.0330340e+01   3.5796850e+00  -1.5668613e-01   0.0000000e+00   1.1991649e-07
   1.0830000e+03   1.0322080e+01   3.5792440e+00  -1.5667744e-01   0.0000000e+00   1.2005451e-07
   1.0840000e+03   1.0313830e+01   3.5788030e+00  -1.5666877e-01   0.0000000e+00   1.2019168e-07
   1.0850000e+03   1.0305600e+01   3.5783630e+00  -1.5666009e-01   0.0000000e+00   1.2032796e-07
   1.0860000e+03   1.0297380e+01   3.5779240e+00  -1.5665139e-01   0.0000000e+00   1.2046363e-07
   1.0870000e+03   1.0289170e+01   3.5774850e+00  -1.5664270e-01   0.0000000e+00   1.2059846e-07
   1.0880000e+03   1.0280980e+01   3.5770480e+00  -1.5663398e-01   0.0000000e+00   1.2073234e-07
   1.0890000e+03   1.0272790e+01   3.5766110e+00  -1.5662524e-01   0.0000000e+00   1.2086561e-07
   1.0900000e+03   1.0264630e+01   3.5761740e+00  -1.5661657e-01   0.0000000e+00   1.2099833e-07
   1.0910000e+03   1.0256470e+01   3.5757390e+00  -1.5660781e-01   0.0000000e+00   1.2112998e-07
   1.0920000e+03   1.0248330e+01   3.5753040e+00  -1.5659909e-01   0.0000000e+00   1.2126107e-07
   1.0930000e+03   1.0240200e+01   3.5748700e+00  -1.5659034e-01   0.0000000e+00   1.2139117e-07
   1.0940000e+03   1.0232080e+01   3.5744370e+00  -1.5658157e-01   0.0000000e+00   1.2152051e-07
   1.0950000e+03   1.0223980e+01   3.5740050e+00  -1.5657280e-01   0.0000000e+00   1.2164924e-07
   1.0960000e+03   1.0215890e+01   3.5735730e+00  -1.5656405e-01   0.0000000e+00   1.2177697e-07
   1.0970000e+03   1.0207810e+01   3.5731420e+00  -1.5655527e-01   0.0000000e+00   1.2190425e-07
   1.0980000e+03   1.0199750e+01   3.5727120e+00  -1.5654649e-01   0.0000000e+00   1.2203053e-07
   1.0990000e+03   1.0191700e+01   3.5722830e+00  -1.5653770e-01   0.0000000e+00   1.2215598e-07
   1.1000000e+03   1.0183660e+01   3.5718540e+00  -1.5652891e-01   0.0000000e+00   1.2228075e-07
   1.1010000e+03   1.0175630e+01   3.5714260e+00  -1.5652010e-01   0.0000000e+00   1.2240511e-07
   1.1020000e+03   1.0167620e+01   3.5709990e+00  -1.5651129e-01   0.0000000e+00   1.2252839e-07
   1.1030000e+03   1.0159620e+01   3.5705720e+00  -1.5650250e-01   0.0000000e+00   1.2265084e-07
   1.1040000e+03   1.0151630e+01   3.5701470e+00  -1.5649365e-01   0.0000000e+00   1.2277281e-07
   1.1050000e+03   1.0143650e+01   3.5697220e+00  -1.5648481e-01   0.0000000e+00   1.2289397e-07
   1.1060000e+03   1.0135690e+01   3.5692970e+00  -1.5647601e-01   0.0000000e+00   1.2301440e-07
   1.1070000e+03   1.0127740e+01   3.5688740e+00  -1.5646716e-01   0.0000000e+00   1.2313387e-07
   1.1080000e+03   1.0119800e+01   3.5684510e+00  -1.5645832e-01   0.0000000e+00   1.2325288e-07
   1.1090000e+03   1.0111880e+01   3.5680290e+00  -1.5644948e-01   0.0000000e+00   1.2337102e-07
   1.1100000e+03   1.0103960e+01   3.5676080e+00  -1.5644059e-01   0.0000000e+00   1.2348825e-07
   1.1110000e+03   1.0096060e+01   3.5671870e+00  -1.5643175e-01   0.0000000e+00   1.2360504e-07
   1.1120000e+03   1.0088180e+01   3.5667670e+00  -1.5642291e-01   0.0000000e+00   1.2372119e-07
   1.1130000e+03   1.0080300e+01   3.5663480e+00  -1.5641402e-01   0.0000000e+00   1.2383643e-07
   1.1140000e+03   1.0072440e+01   3.5659300e+00  -1.5640514e-01   0.0000000e+00   1.2395079e-07
   1.1150000e+03   1.0064590e+01   3.5655120e+00  -1.5639627e-01   0.0000000e+00   1.2406463e-07
   1.1160000e+03   1.0056750e+01   3.5650950e+00  -1.5638738e-01   0.0000000e+00   1.2417772e-07
   1.1170000e+03   1.0048920e+01   3.5646790e+00  -1.5637847e-01   0.0000000e+00   1.2429006e-07
   1.1180000e+03   1.0041110e+01   3.5642630e+00  -1.5636960e-01   0.0000000e+00   1.2440171e-07
   1.1190000e+03   1.0033310e+01   3.5638480e+00  -1.5636071e-01   0.0000000e+00   1.2451265e-07
   1.1200000e+03   1.0025520e+01   3.5634340e+00  -1.5635180e-01   0.0000000e+00   1.2462289e-07
   1.1210000e+03   1.0017740e+01   3.5630210e+00  -1.5634287e-01   0.0000000e+00   1.2473235e-07
   1.1220000e+03   1.0009980e+01   3.5626080e+00  -1.5633399e-01   0.0000000e+00   1.2484125e-07
   1.1230000e+03   1.0002220e+01   3.5621960e+00  -1.5632504e-01   0.0000000e+00   1.2494936e-07
