   3.2000000e+01   2.4569980e+02   5.0130180e+00  -7.1590232e-02  -1.5705411e-03  -9.2336818e-02
   3.3000000e+01   2.3933150e+02   4.9927850e+00  -7.3040851e-02  -1.5870513e-03  -9.4129513e-02
   3.4000000e+01   2.3328700e+02   4.9736800e+00  -7.4466718e-02  -1.6039419e-03  -9.5885252e-02
   3.5000000e+01   2.2754200e+02   4.9556160e+00  -7.5869482e-02  -1.6212323e-03  -9.7606302e-02
   3.6000000e+01   2.2207440e+02   4.9385120e+00  -7.7250734e-02  -1.6389326e-03  -9.9294836e-02
   3.7000000e+01   2.1686440e+02   4.9222980e+00  -7.8611829e-02  -1.6570545e-03  -1.0095273e-01
   3.8000000e+01   2.1189420e+02   4.9069060e+00  -7.9954122e-02  -1.6756078e-03  -1.0258183e-01
   3.9000000e+01   2.0714720e+02   4.8922790e+00  -8.1278703e-02  -1.6945936e-03  -1.0418367e-01
   4.0000000e+01   2.0260890e+02   4.8783620e+00  -8.2586691e-02  -1.7140219e-03  -1.0575979e-01
   4.1000000e+01   1.9826550e+02   4.8651050e+00  -8.3879052e-02  -1.7338914e-03  -1.0731153e-01
   4.2000000e+01   1.9410480e+02   4.8524630e+00  -8.5156714e-02  -1.7542058e-03  -1.0884018e-01
   4.3000000e+01   1.9011550e+02   4.8403950e+00  -8.6420450e-02  -1.7749679e-03  -1.1034684e-01
   4.4000000e+01   1.8628700e+02   4.8288630e+00  -8.7671066e-02  -1.7961742e-03  -1.1183261e-01
   4.5000000e+01   1.8260990e+02   4.8178320e+00  -8.8909262e-02  -1.8178279e-03  -1.1329847e-01
   4.6000000e+01   1.7907540e+02   4.8072710e+00  -9.0135635e-02  -1.8399312e-03  -1.1474529e-01
   4.7000000e+01   1.7567520e+02   4.7971500e+00  -9.1350792e-02  -1.8624777e-03  -1.1617392e-01
   4.8000000e+01   1.7240200e+02   4.7874420e+00  -9.2555321e-02  -1.8854734e-03  -1.1758517e-01
   4.9000000e+01   1.6924860e+02   4.7781220e+00  -9.3749691e-02  -1.9089115e-03  -1.1897972e-01
   5.0000000e+01   1.6620860e+02   4.7691660e+00  -9.4934398e-02  -1.9327928e-03  -1.2035829e-01
   5.1000000e+01   1.6327610e+02   4.7605550e+00  -9.6109845e-02  -1.9571200e-03  -1.2172143e-01
   5.2000000e+01   1.6044540e+02   4.7522680e+00  -9.7276484e-02  -1.9818903e-03  -1.2306979e-01
   5.3000000e+01   1.5771130e+02   4.7442860e+00  -9.8434651e-02  -2.0071009e-03  -1.2440387e-01
   5.4000000e+01   1.5506900e+02   4.7365930e+00  -9.9584735e-02  -2.0327544e-03  -1.2572422e-01
   5.5000000e+01   1.5251390e+02   4.7291730e+00  -1.0072703e-01  -2.0588489e-03  -1.2703126e-01
   5.6000000e+01   1.5004170e+02   4.7220110e+00  -1.0186187e-01  -2.0853811e-03  -1.2832550e-01
   5.7000000e+01   1.4764860e+02   4.7150940e+00  -1.0298957e-01  -2.1123569e-03  -1.2960733e-01
   5.8000000e+01   1.4533070e+02   4.7084090e+00  -1.0411036e-01  -2.1397700e-03  -1.3087715e-01
   5.9000000e+01   1.4308470e+02   4.7019440e+00  -1.0522452e-01  -2.1676275e-03  -1.3213534e-01
   6.0000000e+01   1.4090710e+02   4.6956880e+00  -1.0633230e-01  -2.1959220e-03  -1.3338225e-01
   6.1000000e+01   1.3879500e+02   4.6896300e+00  -1.0743393e-01  -2.2246578e-03  -1.3461827e-01
   6.2000000e+01   1.3674540e+02   4.6837620e+00  -1.0852959e-01  -2.2538357e-03  -1.3584360e-01
   6.3000000e+01   1.3475560e+02   4.6780720e+00  -1.0961954e-01  -2.2834545e-03  -1.3705867e-01
   6.4000000e+01   1.3282300e+02   4.6725550e+00  -1.1070395e-01  -2.3135154e-03  -1.3826368e-01
   6.5000000e+01   1.3094530e+02   4.6672000e+00  -1.1178305e-01  -2.3440236e-03  -1.3945899e-01
   6.6000000e+01   1.2912000e+02   4.6620010e+00  -1.1285689e-01  -2.3749726e-03  -1.4064473e-01
   6.7000000e+01   1.2734510e+02   4.6569500e+00  -1.1392582e-01  -2.4063698e-03  -1.4182131e-01
   6.8000000e+01   1.2561840e+02   4.6520420e+00  -1.1498989e-01  -2.4382114e-03  -1.4298886e-01
   6.9000000e+01   1.2393810e+02   4.6472690e+00  -1.1604925e-01  -2.4705044e-03  -1.4414762e-01
   7.0000000e+01   1.2230230e+02   4.6426250e+00  -1.1710412e-01  -2.5032457e-03  -1.4529787e-01
   7.1000000e+01   1.2070930e+02   4.6381060e+00  -1.1815455e-01  -2.5364419e-03  -1.4643972e-01
   7.2000000e+01   1.1915740e+02   4.6337060e+00  -1.1920073e-01  -2.5700903e-03  -1.4757343e-01
   7.3000000e+01   1.1764500e+02   4.6294190e+00  -1.2024283e-01  -2.6041934e-03  -1.4869924e-01
   7.4000000e+01   1.1617070e+02   4.6252420e+00  -1.2128087e-01  -2.6387561e-03  -1.4981723e-01
   7.5000000e+01   1.1473310e+02   4.6211690e+00  -1.2231508e-01  -2.6737822e-03  -1.5092767e-01
   7.6000000e+01   1.1333070e+02   4.6171960e+00  -1.2334551e-01  -2.7092666e-03  -1.5203069e-01
   7.7000000e+01   1.1196240e+02   4.6133200e+00  -1.2437227e-01  -2.7452183e-03  -1.5312643e-01
   7.8000000e+01   1.1062690e+02   4.6095360e+00  -1.2539558e-01  -2.7816399e-03  -1.5421517e-01
   7.9000000e+01   1.0932290e+02   4.6058420e+00  -1.2641535e-01  -2.8185247e-03  -1.5529687e-01
   8.0000000e+01   1.0804960e+02   4.6022330e+00  -1.2743184e-01  -2.8558915e-03  -1.5637183e-01
   8.1000000e+01   1.0680560e+02   4.5987060e+00  -1.2844509e-01  -2.8937250e-03  -1.5744016e-01
   8.2000000e+01   1.0559020e+02   4.5952580e+00  -1.2945518e-01  -2.9320445e-03  -1.5850196e-01
   8.3000000e+01   1.0440220e+02   4.5918870e+00  -1.3046218e-01  -2.9708403e-03  -1.5955736e-01
   8.4000000e+01   1.0324090e+02   4.5885890e+00  -1.3146628e-01  -3.0101285e-03  -1.6060657e-01
   8.5000000e+01   1.0210520e+02   4.5853610e+00  -1.3246754e-01  -3.0498990e-03  -1.6164970e-01
   8.6000000e+01   1.0099440e+02   4.5822020e+00  -1.3346585e-01  -3.0901640e-03  -1.6268668e-01
   8.7000000e+01   9.9907580e+01   4.5791090e+00  -1.3446161e-01  -3.1309193e-03  -1.6371795e-01
   8.8000000e+01   9.8844090e+01   4.5760790e+00  -1.3545463e-01  -3.1721759e-03  -1.6474335e-01
   8.9000000e+01   9.7803140e+01   4.5731100e+00  -1.3644515e-01  -3.2139338e-03  -1.6576316e-01
   9.0000000e+01   9.6784020e+01   4.5702000e+00  -1.3743324e-01  -3.2561960e-03  -1.6677747e-01
   9.1000000e+01   9.5786060e+01   4.5673480e+00  -1.3841883e-01  -3.2989689e-03  -1.6778625e-01
   9.2000000e+01   9.4808610e+01   4.5645500e+00  -1.3940209e-01  -3.3422540e-03  -1.6878971e-01
   9.3000000e+01   9.3851040e+01   4.5618050e+00  -1.4038313e-01  -3.3860556e-03  -1.6978799e-01
   9.4000000e+01   9.2912760e+01   4.5591120e+00  -1.4136194e-01  -3.4303751e-03  -1.7078110e-01
   9.5000000e+01   9.1993190e+01   4.5564690e+00  -1.4233866e-01  -3.4752211e-03  -1.7176920e-01
   9.6000000e+01   9.1091770e+01   4.5538740e+00  -1.4331326e-01  -3.5205949e-03  -1.7275230e-01
   9.7000000e+01   9.0207980e+01   4.5513260e+00  -1.4428580e-01  -3.5665012e-03  -1.7373048e-01
   9.8000000e+01   8.9341300e+01   4.5488220e+00  -1.4525644e-01  -3.6129413e-03  -1.7470395e-01
   9.9000000e+01   8.8491260e+01   4.5463620e+00  -1.4622522e-01  -3.6599237e-03  -1.7567274e-01
   1.0000000e+02   8.7657360e+01   4.5439450e+00  -1.4719213e-01  -3.7074495e-03  -1.7663688e-01
   1.0100000e+02   8.6839160e+01   4.5415680e+00  -1.4815721e-01  -3.7555252e-03  -1.7759644e-01
   1.0200000e+02   8.6036230e+01   4.5392310e+00  -1.4912064e-01  -3.8041524e-03  -1.7855160e-01
   1.0300000e+02   8.5248130e+01   4.5369320e+00  -1.5008231e-01  -3.8533383e-03  -1.7950229e-01
   1.0400000e+02   8.4474470e+01   4.5346700e+00  -1.5104243e-01  -3.9030857e-03  -1.8044874e-01
   1.0500000e+02   8.3714850e+01   4.5324450e+00  -1.5200103e-01  -3.9533993e-03  -1.8139099e-01
   1.0600000e+02   8.2968890e+01   4.5302540e+00  -1.5295804e-01  -4.0042827e-03  -1.8232901e-01
   1.0700000e+02   8.2236240e+01   4.5280980e+00  -1.5391354e-01  -4.0557446e-03  -1.8326287e-01
   1.0800000e+02   8.1516530e+01   4.5259740e+00  -1.5486771e-01  -4.1077832e-03  -1.8419280e-01
   1.0900000e+02   8.0809440e+01   4.5238820e+00  -1.5582047e-01  -4.1604074e-03  -1.8511871e-01
   1.1000000e+02   8.0114620e+01   4.5218210e+00  -1.5677186e-01  -4.2136221e-03  -1.8604068e-01
   1.1100000e+02   7.9431780e+01   4.5197910e+00  -1.5772200e-01  -4.2674308e-03  -1.8695881e-01
   1.1200000e+02   7.8760600e+01   4.5177890e+00  -1.5867092e-01  -4.3218373e-03  -1.8787319e-01
   1.1300000e+02   7.8100780e+01   4.5158160e+00  -1.5961862e-01  -4.3768475e-03  -1.8878382e-01
   1.1400000e+02   7.7452050e+01   4.5138700e+00  -1.6056517e-01  -4.4324634e-03  -1.8969077e-01
   1.1500000e+02   7.6814130e+01   4.5119510e+00  -1.6151061e-01  -4.4886953e-03  -1.9059412e-01
   1.1600000e+02   7.6186740e+01   4.5100580e+00  -1.6245495e-01  -4.5455460e-03  -1.9149388e-01
   1.1700000e+02   7.5569640e+01   4.5081900e+00  -1.6339827e-01  -4.6030205e-03  -1.9239013e-01
   1.1800000e+02   7.4962570e+01   4.5063470e+00  -1.6434056e-01  -4.6611221e-03  -1.9328291e-01
   1.1900000e+02   7.4365300e+01   4.5045280e+00  -1.6528190e-01  -4.7198567e-03  -1.9417227e-01
   1.2000000e+02   7.3777580e+01   4.5027310e+00  -1.6622235e-01  -4.7792291e-03  -1.9505831e-01
   1.2100000e+02   7.3199190e+01   4.5009580e+00  -1.6716184e-01  -4.8392457e-03  -1.9594097e-01
   1.2200000e+02   7.2629920e+01   4.4992060e+00  -1.6810051e-01  -4.8999101e-03  -1.9682040e-01
   1.2300000e+02   7.2069540e+01   4.4974750e+00  -1.6903837e-01  -4.9612271e-03  -1.9769661e-01
   1.2400000e+02   7.1517860e+01   4.4957650e+00  -1.6997542e-01  -5.0232037e-03  -1.9856963e-01
   1.2500000e+02   7.0974670e+01   4.4940750e+00  -1.7091174e-01  -5.0858421e-03  -1.9943952e-01
   1.2600000e+02   7.0439790e+01   4.4924050e+00  -1.7184728e-01  -5.1491526e-03  -2.0030627e-01
   1.2700000e+02   6.9913020e+01   4.4907540e+00  -1.7278215e-01  -5.2131373e-03  -2.0116999e-01
   1.2800000e+02   6.9394180e+01   4.4891210e+00  -1.7371635e-01  -5.2778004e-03  -2.0203069e-01
   1.2900000e+02   6.8883090e+01   4.4875060e+00  -1.7464992e-01  -5.3431475e-03  -2.0288842e-01
   1.3000000e+02   6.8379590e+01   4.4859090e+00  -1.7558284e-01  -5.4091839e-03  -2.0374316e-01
   1.3100000e+02   6.7883500e+01   4.4843290e+00  -1.7651519e-01  -5.4759155e-03  -2.0459501e-01
   1.3200000e+02   6.7394670e+01   4.4827650e+00  -1.7744700e-01  -5.5433481e-03  -2.0544401e-01
   1.3300000e+02   6.6912940e+01   4.4812180e+00  -1.7837824e-01  -5.6114872e-03  -2.0629011e-01
   1.3400000e+02   6.6438160e+01   4.4796860e+00  -1.7930899e-01  -5.6803377e-03  -2.0713344e-01
   1.3500000e+02   6.5970170e+01   4.4781700e+00  -1.8023922e-01  -5.7499022e-03  -2.0797395e-01
   1.3600000e+02   6.5508840e+01   4.4766680e+00  -1.8116902e-01  -5.8201901e-03  -2.0881175e-01
   1.3700000e+02   6.5054020e+01   4.4751810e+00  -1.8209835e-01  -5.8912021e-03  -2.0964679e-01
   1.3800000e+02   6.4605580e+01   4.4737080e+00  -1.8302726e-01  -5.9629490e-03  -2.1047914e-01
   1.3900000e+02   6.4163390e+01   4.4722490e+00  -1.8395576e-01  -6.0354342e-03  -2.1130882e-01
   1.4000000e+02   6.3727320e+01   4.4708030e+00  -1.8488387e-01  -6.1086594e-03  -2.1213585e-01
   1.4100000e+02   6.3297240e+01   4.4693700e+00  -1.8581162e-01  -6.1826347e-03  -2.1296026e-01
   1.4200000e+02   6.2873030e+01   4.4679490e+00  -1.8673904e-01  -6.2573600e-03  -2.1378211e-01
   1.4300000e+02   6.2454570e+01   4.4665410e+00  -1.8766610e-01  -6.3328456e-03  -2.1460135e-01
   1.4400000e+02   6.2041760e+01   4.4651450e+00  -1.8859282e-01  -6.4090952e-03  -2.1541801e-01
   1.4500000e+02   6.1634460e+01   4.4637600e+00  -1.8951927e-01  -6.4861123e-03  -2.1623218e-01
   1.4600000e+02   6.1232590e+01   4.4623870e+00  -1.9044539e-01  -6.5639043e-03  -2.1704379e-01
   1.4700000e+02   6.0836020e+01   4.4610250e+00  -1.9137123e-01  -6.6424749e-03  -2.1785290e-01
   1.4800000e+02   6.0444670e+01   4.4596730e+00  -1.9229685e-01  -6.7218347e-03  -2.1865958e-01
   1.4900000e+02   6.0058420e+01   4.4583320e+00  -1.9322216e-01  -6.8019781e-03  -2.1946373e-01
   1.5000000e+02   5.9677170e+01   4.4570010e+00  -1.9414724e-01  -6.8829128e-03  -2.2026547e-01
   1.5100000e+02   5.9300840e+01   4.4556800e+00  -1.9507208e-01  -6.9646550e-03  -2.2106474e-01
   1.5200000e+02   5.8929330e+01   4.4543680e+00  -1.9599670e-01  -7.0471968e-03  -2.2186162e-01
   1.5300000e+02   5.8562550e+01   4.4530660e+00  -1.9692106e-01  -7.1305508e-03  -2.2265605e-01
   1.5400000e+02   5.8200400e+01   4.4517730e+00  -1.9784522e-01  -7.2147191e-03  -2.2344807e-01
   1.5500000e+02   5.7842810e+01   4.4504890e+00  -1.9876915e-01  -7.2997019e-03  -2.2423770e-01
   1.5600000e+02   5.7489690e+01   4.4492130e+00  -1.9969289e-01  -7.3855163e-03  -2.2502495e-01
   1.5700000e+02   5.7140950e+01   4.4479450e+00  -2.0061642e-01  -7.4721557e-03  -2.2580984e-01
   1.5800000e+02   5.6796520e+01   4.4466860e+00  -2.0153971e-01  -7.5596277e-03  -2.2659230e-01
   1.5900000e+02   5.6456320e+01   4.4454350e+00  -2.0246277e-01  -7.6479398e-03  -2.2737238e-01
   1.6000000e+02   5.6120270e+01   4.4441910e+00  -2.0338567e-01  -7.7370946e-03  -2.2815014e-01
   1.6100000e+02   5.5788300e+01   4.4429540e+00  -2.0430840e-01  -7.8270943e-03  -2.2892557e-01
   1.6200000e+02   5.5460330e+01   4.4417250e+00  -2.0523084e-01  -7.9179516e-03  -2.2969856e-01
   1.6300000e+02   5.5136290e+01   4.4405030e+00  -2.0615310e-01  -8.0096606e-03  -2.3046921e-01
   1.6400000e+02   5.4816120e+01   4.4392870e+00  -2.0707517e-01  -8.1022302e-03  -2.3123755e-01
   1.6500000e+02   5.4499750e+01   4.4380780e+00  -2.0799701e-01  -8.1956668e-03  -2.3200351e-01
   1.6600000e+02   5.4187100e+01   4.4368760e+00  -2.0891857e-01  -8.2899705e-03  -2.3276706e-01
   1.6700000e+02   5.3878130e+01   4.4356800e+00  -2.0983990e-01  -8.3851551e-03  -2.3352824e-01
   1.6800000e+02   5.3572750e+01   4.4344890e+00  -2.1076105e-01  -8.4812091e-03  -2.3428712e-01
   1.6900000e+02   5.3270910e+01   4.4333050e+00  -2.1168189e-01  -8.5781430e-03  -2.3504358e-01
   1.7000000e+02   5.2972560e+01   4.4321260e+00  -2.1260248e-01  -8.6759712e-03  -2.3579766e-01
   1.7100000e+02   5.2677630e+01   4.4309530e+00  -2.1352278e-01  -8.7746812e-03  -2.3654934e-01
   1.7200000e+02   5.2386060e+01   4.4297850e+00  -2.1444279e-01  -8.8742872e-03  -2.3729862e-01
   1.7300000e+02   5.2097800e+01   4.4286220e+00  -2.1536253e-01  -8.9747883e-03  -2.3804553e-01
   1.7400000e+02   5.1812790e+01   4.4274640e+00  -2.1628192e-01  -9.0761860e-03  -2.3879000e-01
   1.7500000e+02   5.1530980e+01   4.4263110e+00  -2.1720097e-01  -9.1784890e-03  -2.3953203e-01
   1.7600000e+02   5.1252320e+01   4.4251630e+00  -2.1811968e-01  -9.2817030e-03  -2.4027161e-01
   1.7700000e+02   5.0976750e+01   4.4240190e+00  -2.1903805e-01  -9.3858185e-03  -2.4100879e-01
   1.7800000e+02   5.0704230e+01   4.4228790e+00  -2.1995601e-01  -9.4908523e-03  -2.4174348e-01
   1.7900000e+02   5.0434700e+01   4.4217440e+00  -2.2087355e-01  -9.5968007e-03  -2.4247566e-01
   1.8000000e+02   5.0168120e+01   4.4206130e+00  -2.2179062e-01  -9.7036649e-03  -2.4320532e-01
   1.8100000e+02   4.9904440e+01   4.4194850e+00  -2.2270731e-01  -9.8114495e-03  -2.4393254e-01
   1.8200000e+02   4.9643610e+01   4.4183620e+00  -2.2362349e-01  -9.9201590e-03  -2.4465718e-01
   1.8300000e+02   4.9385590e+01   4.4172420e+00  -2.2453922e-01  -1.0029796e-02  -2.4537932e-01
   1.8400000e+02   4.9130340e+01   4.4161250e+00  -2.2545443e-01  -1.0140360e-02  -2.4609890e-01
   1.8500000e+02   4.8877810e+01   4.4150120e+00  -2.2636904e-01  -1.0251855e-02  -2.4681583e-01
   1.8600000e+02   4.8627950e+01   4.4139020e+00  -2.2728308e-01  -1.0364276e-02  -2.4753018e-01
   1.8700000e+02   4.8380730e+01   4.4127950e+00  -2.2819654e-01  -1.0477638e-02  -2.4824190e-01
   1.8800000e+02   4.8136110e+01   4.4116910e+00  -2.2910934e-01  -1.0591927e-02  -2.4895097e-01
   1.8900000e+02   4.7894050e+01   4.4105900e+00  -2.3002152e-01  -1.0707159e-02  -2.4965739e-01
   1.9000000e+02   4.7654510e+01   4.4094920e+00  -2.3093295e-01  -1.0823335e-02  -2.5036104e-01
   1.9100000e+02   4.7417440e+01   4.4083960e+00  -2.3184373e-01  -1.0940442e-02  -2.5106206e-01
   1.9200000e+02   4.7182820e+01   4.4073030e+00  -2.3275368e-01  -1.1058492e-02  -2.5176026e-01
   1.9300000e+02   4.6950600e+01   4.4062120e+00  -2.3366288e-01  -1.1177489e-02  -2.5245571e-01
   1.9400000e+02   4.6720750e+01   4.4051230e+00  -2.3457125e-01  -1.1297417e-02  -2.5314839e-01
   1.9500000e+02   4.6493230e+01   4.4040370e+00  -2.3547872e-01  -1.1418294e-02  -2.5383818e-01
   1.9600000e+02   4.6268020e+01   4.4029530e+00  -2.3638532e-01  -1.1540117e-02  -2.5452513e-01
   1.9700000e+02   4.6045070e+01   4.4018700e+00  -2.3729098e-01  -1.1662876e-02  -2.5520923e-01
   1.9800000e+02   4.5824350e+01   4.4007900e+00  -2.3819565e-01  -1.1786581e-02  -2.5589037e-01
   1.9900000e+02   4.5605840e+01   4.3997110e+00  -2.3909931e-01  -1.1911233e-02  -2.5656857e-01
   2.0000000e+02   4.5389490e+01   4.3986340e+00  -2.4000193e-01  -1.2036825e-02  -2.5724381e-01
   2.0100000e+02   4.5175280e+01   4.3975580e+00  -2.4090343e-01  -1.2163357e-02  -2.5791603e-01
   2.0200000e+02   4.4963170e+01   4.3964840e+00  -2.4180381e-01  -1.2290832e-02  -2.5858522e-01
   2.0300000e+02   4.4753140e+01   4.3954110e+00  -2.4270300e-01  -1.2419245e-02  -2.5925134e-01
   2.0400000e+02   4.4545160e+01   4.3943400e+00  -2.4360095e-01  -1.2548602e-02  -2.5991432e-01
   2.0500000e+02   4.4339190e+01   4.3932700e+00  -2.4449762e-01  -1.2678890e-02  -2.6057416e-01
   2.0600000e+02   4.4135220e+01   4.3922000e+00  -2.4539304e-01  -1.2810121e-02  -2.6123090e-01
   2.0700000e+02   4.3933200e+01   4.3911320e+00  -2.4628700e-01  -1.2942278e-02  -2.6188433e-01
   2.0800000e+02   4.3733120e+01   4.3900650e+00  -2.4717956e-01  -1.3075380e-02  -2.6253451e-01
   2.0900000e+02   4.3534950e+01   4.3889980e+00  -2.4807079e-01  -1.3209409e-02  -2.6318154e-01
   2.1000000e+02   4.3338650e+01   4.3879330e+00  -2.4896037e-01  -1.3344358e-02  -2.6382513e-01
   2.1100000e+02   4.3144210e+01   4.3868680e+00  -2.4984845e-01  -1.3480237e-02  -2.6446540e-01
   2.1200000e+02   4.2951600e+01   4.3858030e+00  -2.5073497e-01  -1.3617043e-02  -2.6510233e-01
   2.1300000e+02   4.2760800e+01   4.3847390e+00  -2.5161981e-01  -1.3754761e-02  -2.6573582e-01
   2.1400000e+02   4.2571770e+01   4.3836760e+00  -2.5250292e-01  -1.3893401e-02  -2.6636580e-01
   2.1500000e+02   4.2384500e+01   4.3826130e+00  -2.5338428e-01  -1.4032953e-02  -2.6699230e-01
   2.1600000e+02   4.2198960e+01   4.3815500e+00  -2.5426386e-01  -1.4173411e-02  -2.6761529e-01
   2.1700000e+02   4.2015130e+01   4.3804880e+00  -2.5514156e-01  -1.4314777e-02  -2.6823467e-01
   2.1800000e+02   4.1832990e+01   4.3794250e+00  -2.5601736e-01  -1.4457043e-02  -2.6885047e-01
   2.1900000e+02   4.1652510e+01   4.3783630e+00  -2.5689119e-01  -1.4600211e-02  -2.6946260e-01
   2.2000000e+02   4.1473670e+01   4.3773010e+00  -2.5776304e-01  -1.4744266e-02  -2.7007107e-01
   2.2100000e+02   4.1296450e+01   4.3762380e+00  -2.5863282e-01  -1.4889205e-02  -2.7067585e-01
   2.2200000e+02   4.1120840e+01   4.3751760e+00  -2.5950041e-01  -1.5035034e-02  -2.7127677e-01
   2.2300000e+02   4.0946790e+01   4.3741130e+00  -2.6036589e-01  -1.5181731e-02  -2.7187397e-01
   2.2400000e+02   4.0774310e+01   4.3730510e+00  -2.6122909e-01  -1.5329314e-02  -2.7246727e-01
   2.2500000e+02   4.0603360e+01   4.3719870e+00  -2.6209004e-01  -1.5477747e-02  -2.7305676e-01
   2.2600000e+02   4.0433940e+01   4.3709240e+00  -2.6294863e-01  -1.5627055e-02  -2.7364230e-01
   2.2700000e+02   4.0266000e+01   4.3698600e+00  -2.6380479e-01  -1.5777204e-02  -2.7422386e-01
   2.2800000e+02   4.0099550e+01   4.3687960e+00  -2.6465850e-01  -1.5928207e-02  -2.7480144e-01
   2.2900000e+02   3.9934560e+01   4.3677310e+00  -2.6550973e-01  -1.6080054e-02  -2.7537501e-01
   2.3000000e+02   3.9771010e+01   4.3666660e+00  -2.6635836e-01  -1.6232733e-02  -2.7594448e-01
   2.3100000e+02   3.9608880e+01   4.3656000e+00  -2.6720437e-01  -1.6386233e-02  -2.7650988e-01
   2.3200000e+02   3.9448160e+01   4.3645330e+00  -2.6804774e-01  -1.6540565e-02  -2.7707114e-01
   2.3300000e+02   3.9288830e+01   4.3634650e+00  -2.6888840e-01  -1.6695702e-02  -2.7762827e-01
   2.3400000e+02   3.9130860e+01   4.3623970e+00  -2.6972619e-01  -1.6851643e-02  -2.7818111e-01
   2.3500000e+02   3.8974250e+01   4.3613280e+00  -2.7056113e-01  -1.7008383e-02  -2.7872970e-01
   2.3600000e+02   3.8818980e+01   4.3602580e+00  -2.7139320e-01  -1.7165909e-02  -2.7927404e-01
   2.3700000e+02   3.8665030e+01   4.3591870e+00  -2.7222229e-01  -1.7324214e-02  -2.7981405e-01
   2.3800000e+02   3.8512380e+01   4.3581160e+00  -2.7304831e-01  -1.7483305e-02  -2.8034961e-01
   2.3900000e+02   3.8361020e+01   4.3570430e+00  -2.7387133e-01  -1.7643140e-02  -2.8088089e-01
   2.4000000e+02   3.8210930e+01   4.3559690e+00  -2.7469121e-01  -1.7803739e-02  -2.8140773e-01
   2.4100000e+02   3.8062100e+01   4.3548940e+00  -2.7550791e-01  -1.7965079e-02  -2.8193011e-01
   2.4200000e+02   3.7914510e+01   4.3538180e+00  -2.7632136e-01  -1.8127165e-02  -2.8244797e-01
   2.4300000e+02   3.7768150e+01   4.3527410e+00  -2.7713152e-01  -1.8289977e-02  -2.8296132e-01
   2.4400000e+02   3.7623000e+01   4.3516630e+00  -2.7793827e-01  -1.8453495e-02  -2.8347005e-01
   2.4500000e+02   3.7479040e+01   4.3505830e+00  -2.7874170e-01  -1.8617712e-02  -2.8397429e-01
   2.4600000e+02   3.7336280e+01   4.3495020e+00  -2.7954164e-01  -1.8782645e-02  -2.8447387e-01
   2.4700000e+02   3.7194680e+01   4.3484200e+00  -2.8033808e-01  -1.8948250e-02  -2.8496880e-01
   2.4800000e+02   3.7054230e+01   4.3473360e+00  -2.8113093e-01  -1.9114530e-02  -2.8545904e-01
   2.4900000e+02   3.6914930e+01   4.3462520e+00  -2.8192016e-01  -1.9281482e-02  -2.8594456e-01
   2.5000000e+02   3.6776760e+01   4.3451650e+00  -2.8270576e-01  -1.9449080e-02  -2.8642539e-01
   2.5100000e+02   3.6639700e+01   4.3440780e+00  -2.8348758e-01  -1.9617333e-02  -2.8690138e-01
   2.5200000e+02   3.6503750e+01   4.3429880e+00  -2.8426572e-01  -1.9786212e-02  -2.8737267e-01
   2.5300000e+02   3.6368880e+01   4.3418980e+00  -2.8503992e-01  -1.9955703e-02  -2.8783904e-01
   2.5400000e+02   3.6235090e+01   4.3408050e+00  -2.8581038e-01  -2.0125808e-02  -2.8830068e-01
   2.5500000e+02   3.6102370e+01   4.3397120e+00  -2.8657682e-01  -2.0296517e-02  -2.8875736e-01
   2.5600000e+02   3.5970700e+01   4.3386160e+00  -2.8733936e-01  -2.0467793e-02  -2.8920924e-01
   2.5700000e+02   3.5840070e+01   4.3375190e+00  -2.8809788e-01  -2.0639659e-02  -2.8965617e-01
   2.5800000e+02   3.5710470e+01   4.3364210e+00  -2.8885229e-01  -2.0812087e-02  -2.9009812e-01
   2.5900000e+02   3.5581880e+01   4.3353210e+00  -2.8960258e-01  -2.0985042e-02  -2.9053514e-01
   2.6000000e+02   3.5454300e+01   4.3342190e+00  -2.9034877e-01  -2.1158549e-02  -2.9096720e-01
   2.6100000e+02   3.5327720e+01   4.3331150e+00  -2.9109080e-01  -2.1332588e-02  -2.9139430e-01
   2.6200000e+02   3.5202110e+01   4.3320100e+00  -2.9182850e-01  -2.1507116e-02  -2.9181633e-01
   2.6300000e+02   3.5077480e+01   4.3309030e+00  -2.9256199e-01  -2.1682151e-02  -2.9223339e-01
   2.6400000e+02   3.4953810e+01   4.3297940e+00  -2.9329113e-01  -2.1857677e-02  -2.9264538e-01
   2.6500000e+02   3.4831090e+01   4.3286840e+00  -2.9401587e-01  -2.2033671e-02  -2.9305227e-01
   2.6600000e+02   3.4709310e+01   4.3275710e+00  -2.9473624e-01  -2.2210118e-02  -2.9345414e-01
   2.6700000e+02   3.4588460e+01   4.3264570e+00  -2.9545219e-01  -2.2387024e-02  -2.9385093e-01
   2.6800000e+02   3.4468530e+01   4.3253410e+00  -2.9616361e-01  -2.2564347e-02  -2.9424260e-01
   2.6900000e+02   3.4349510e+01   4.3242240e+00  -2.9687048e-01  -2.2742098e-02  -2.9462910e-01
   2.7000000e+02   3.4231390e+01   4.3231040e+00  -2.9757287e-01  -2.2920256e-02  -2.9501057e-01
   2.7100000e+02   3.4114160e+01   4.3219830e+00  -2.9827065e-01  -2.3098816e-02  -2.9538686e-01
   2.7200000e+02   3.3997800e+01   4.3208590e+00  -2.9896379e-01  -2.3277723e-02  -2.9575807e-01
   2.7300000e+02   3.3882320e+01   4.3197340e+00  -2.9965232e-01  -2.3457018e-02  -2.9612414e-01
   2.7400000e+02   3.3767700e+01   4.3186070e+00  -3.0033612e-01  -2.3636652e-02  -2.9648504e-01
   2.7500000e+02   3.3653930e+01   4.3174780e+00  -3.0101521e-01  -2.3816631e-02  -2.9684077e-01
   2.7600000e+02   3.3541000e+01   4.3163470e+00  -3.0168954e-01  -2.3996927e-02  -2.9719135e-01
   2.7700000e+02   3.3428900e+01   4.3152140e+00  -3.0235912e-01  -2.4177522e-02  -2.9753681e-01
   2.7800000e+02   3.3317630e+01   4.3140800e+00  -3.0302383e-01  -2.4358431e-02  -2.9787702e-01
   2.7900000e+02   3.3207170e+01   4.3129430e+00  -3.0368377e-01  -2.4539603e-02  -2.9821215e-01
   2.8000000e+02   3.3097530e+01   4.3118050e+00  -3.0433883e-01  -2.4721072e-02  -2.9854206e-01
   2.8100000e+02   3.2988680e+01   4.3106640e+00  -3.0498905e-01  -2.4902771e-02  -2.9886689e-01
   2.8200000e+02   3.2880620e+01   4.3095220e+00  -3.0563434e-01  -2.5084711e-02  -2.9918653e-01
   2.8300000e+02   3.2773340e+01   4.3083770e+00  -3.0627472e-01  -2.5266872e-02  -2.9950104e-01
   2.8400000e+02   3.2666830e+01   4.3072310e+00  -3.0691013e-01  -2.5449238e-02  -2.9981038e-01
   2.8500000e+02   3.2561100e+01   4.3060830e+00  -3.0754060e-01  -2.5631834e-02  -3.0011455e-01
   2.8600000e+02   3.2456110e+01   4.3049320e+00  -3.0816610e-01  -2.5814565e-02  -3.0041368e-01
   2.8700000e+02   3.2351880e+01   4.3037800e+00  -3.0878656e-01  -2.5997495e-02  -3.0070760e-01
   2.8800000e+02   3.2248390e+01   4.3026260e+00  -3.0940204e-01  -2.6180573e-02  -3.0099645e-01
   2.8900000e+02   3.2145640e+01   4.3014700e+00  -3.1001248e-01  -2.6363789e-02  -3.0128017e-01
   2.9000000e+02   3.2043610e+01   4.3003120e+00  -3.1061788e-01  -2.6547133e-02  -3.0155881e-01
   2.9100000e+02   3.1942300e+01   4.2991520e+00  -3.1121823e-01  -2.6730589e-02  -3.0183237e-01
   2.9200000e+02   3.1841700e+01   4.2979900e+00  -3.1181351e-01  -2.6914136e-02  -3.0210087e-01
   2.9300000e+02   3.1741810e+01   4.2968260e+00  -3.1240373e-01  -2.7097767e-02  -3.0236432e-01
   2.9400000e+02   3.1642610e+01   4.2956600e+00  -3.1298887e-01  -2.7281473e-02  -3.0262274e-01
   2.9500000e+02   3.1544100e+01   4.2944920e+00  -3.1356891e-01  -2.7465229e-02  -3.0287615e-01
   2.9600000e+02   3.1446280e+01   4.2933220e+00  -3.1414387e-01  -2.7649039e-02  -3.0312454e-01
   2.9700000e+02   3.1349140e+01   4.2921500e+00  -3.1471376e-01  -2.7832888e-02  -3.0336797e-01
   2.9800000e+02   3.1252660e+01   4.2909770e+00  -3.1527844e-01  -2.8016722e-02  -3.0360636e-01
   2.9900000e+02   3.1156850e+01   4.2898010e+00  -3.1583810e-01  -2.8200586e-02  -3.0383988e-01
   3.0000000e+02   3.1061690e+01   4.2886230e+00  -3.1639264e-01  -2.8384416e-02  -3.0406847e-01
   3.0100000e+02   3.0967180e+01   4.2874440e+00  -3.1694204e-01  -2.8568219e-02  -3.0429214e-01
   3.0200000e+02   3.0873320e+01   4.2862630e+00  -3.1748632e-01  -2.8752002e-02  -3.0451090e-01
   3.0300000e+02   3.0780090e+01   4.2850790e+00  -3.1802556e-01  -2.8935720e-02  -3.0472488e-01
   3.0400000e+02   3.0687490e+01   4.2838940e+00  -3.1855963e-01  -2.9119376e-02  -3.0493396e-01
   3.0500000e+02   3.0595520e+01   4.2827070e+00  -3.1908863e-01  -2.9302958e-02  -3.0513827e-01
   3.0600000e+02   3.0504170e+01   4.2815180e+00  -3.1961253e-01  -2.9486448e-02  -3.0533780e-01
   3.0700000e+02   3.0413430e+01   4.2803270e+00  -3.2013135e-01  -2.9669832e-02  -3.0553259e-01
   3.0800000e+02   3.0323290e+01   4.2791350e+00  -3.2064504e-01  -2.9853092e-02  -3.0572261e-01
   3.0900000e+02   3.0233760e+01   4.2779400e+00  -3.2115373e-01  -3.0036239e-02  -3.0590800e-01
   3.1000000e+02   3.0144810e+01   4.2767440e+00  -3.2165725e-01  -3.0219222e-02  -3.0608863e-01
   3.1100000e+02   3.0056460e+01   4.2755460e+00  -3.2215576e-01  -3.0402056e-02  -3.0626468e-01
   3.1200000e+02   2.9968690e+01   4.2743460e+00  -3.2264925e-01  -3.0584733e-02  -3.0643613e-01
   3.1300000e+02   2.9881500e+01   4.2731440e+00  -3.2313772e-01  -3.0767222e-02  -3.0660304e-01
   3.1400000e+02   2.9794880e+01   4.2719410e+00  -3.2362111e-01  -3.0949533e-02  -3.0676533e-01
   3.1500000e+02   2.9708820e+01   4.2707350e+00  -3.2409955e-01  -3.1131615e-02  -3.0692319e-01
   3.1600000e+02   2.9623330e+01   4.2695280e+00  -3.2457298e-01  -3.1313512e-02  -3.0707653e-01
   3.1700000e+02   2.9538390e+01   4.2683190e+00  -3.2504142e-01  -3.1495152e-02  -3.0722544e-01
   3.1800000e+02   2.9454000e+01   4.2671090e+00  -3.2550486e-01  -3.1676574e-02  -3.0736989e-01
   3.1900000e+02   2.9370160e+01   4.2658960e+00  -3.2596346e-01  -3.1857733e-02  -3.0751009e-01
   3.2000000e+02   2.9286860e+01   4.2646820e+00  -3.2641707e-01  -3.2038656e-02  -3.0764585e-01
   3.2100000e+02   2.9204090e+01   4.2634660e+00  -3.2686580e-01  -3.2219280e-02  -3.0777737e-01
   3.2200000e+02   2.9121850e+01   4.2622490e+00  -3.2730960e-01  -3.2399618e-02  -3.0790460e-01
   3.2300000e+02   2.9040130e+01   4.2610300e+00  -3.2774854e-01  -3.2579676e-02  -3.0802756e-01
   3.2400000e+02   2.8958940e+01   4.2598090e+00  -3.2818270e-01  -3.2759436e-02  -3.0814642e-01
   3.2500000e+02   2.8878260e+01   4.2585870e+00  -3.2861197e-01  -3.2938867e-02  -3.0826105e-01
   3.2600000e+02   2.8798090e+01   4.2573630e+00  -3.2903647e-01  -3.3117977e-02  -3.0837161e-01
   3.2700000e+02   2.8718420e+01   4.2561370e+00  -3.2945620e-01  -3.3296734e-02  -3.0847811e-01
   3.2800000e+02   2.8639260e+01   4.2549100e+00  -3.2987117e-01  -3.3475158e-02  -3.0858056e-01
   3.2900000e+02   2.8560590e+01   4.2536810e+00  -3.3028140e-01  -3.3653222e-02  -3.0867901e-01
   3.3000000e+02   2.8482410e+01   4.2524510e+00  -3.3068692e-01  -3.3830913e-02  -3.0877350e-01
   3.3100000e+02   2.8404720e+01   4.2512190e+00  -3.3108781e-01  -3.4008235e-02  -3.0886412e-01
   3.3200000e+02   2.8327510e+01   4.2499860e+00  -3.3148398e-01  -3.4185162e-02  -3.0895080e-01
   3.3300000e+02   2.8250780e+01   4.2487510e+00  -3.3187558e-01  -3.4361710e-02  -3.0903367e-01
   3.3400000e+02   2.8174520e+01   4.2475150e+00  -3.3226256e-01  -3.4537841e-02  -3.0911275e-01
   3.3500000e+02   2.8098730e+01   4.2462770e+00  -3.3264500e-01  -3.4713551e-02  -3.0918813e-01
   3.3600000e+02   2.8023400e+01   4.2450370e+00  -3.3302291e-01  -3.4888825e-02  -3.0925980e-01
   3.3700000e+02   2.7948540e+01   4.2437970e+00  -3.3339628e-01  -3.5063707e-02  -3.0932774e-01
   3.3800000e+02   2.7874130e+01   4.2425550e+00  -3.3376516e-01  -3.5238121e-02  -3.0939207e-01
   3.3900000e+02   2.7800180e+01   4.2413110e+00  -3.3412966e-01  -3.5412101e-02  -3.0945288e-01
   3.4000000e+02   2.7726670e+01   4.2400660e+00  -3.3448969e-01  -3.5585600e-02  -3.0951011e-01
   3.4100000e+02   2.7653610e+01   4.2388200e+00  -3.3484534e-01  -3.5758664e-02  -3.0956381e-01
   3.4200000e+02   2.7580980e+01   4.2375730e+00  -3.3519658e-01  -3.5931211e-02  -3.0961407e-01
   3.4300000e+02   2.7508800e+01   4.2363240e+00  -3.3554359e-01  -3.6103331e-02  -3.0966094e-01
   3.4400000e+02   2.7437040e+01   4.2350740e+00  -3.3588624e-01  -3.6274917e-02  -3.0970443e-01
   3.4500000e+02   2.7365720e+01   4.2338220e+00  -3.3622472e-01  -3.6446043e-02  -3.0974463e-01
   3.4600000e+02   2.7294810e+01   4.2325690e+00  -3.3655890e-01  -3.6616600e-02  -3.0978155e-01
   3.4700000e+02   2.7224330e+01   4.2313160e+00  -3.3688885e-01  -3.6786704e-02  -3.0981511e-01
   3.4800000e+02   2.7154270e+01   4.2300600e+00  -3.3721477e-01  -3.6956270e-02  -3.0984565e-01
   3.4900000e+02   2.7084620e+01   4.2288040e+00  -3.3753646e-01  -3.7125321e-02  -3.0987291e-01
   3.5000000e+02   2.7015380e+01   4.2275470e+00  -3.3785407e-01  -3.7293819e-02  -3.0989709e-01
   3.5100000e+02   2.6946540e+01   4.2262880e+00  -3.3816765e-01  -3.7461785e-02  -3.0991821e-01
   3.5200000e+02   2.6878110e+01   4.2250280e+00  -3.3847720e-01  -3.7629212e-02  -3.0993630e-01
   3.5300000e+02   2.6810080e+01   4.2237670e+00  -3.3878277e-01  -3.7796079e-02  -3.0995142e-01
   3.5400000e+02   2.6742440e+01   4.2225050e+00  -3.3908438e-01  -3.7962389e-02  -3.0996361e-01
   3.5500000e+02   2.6675190e+01   4.2212420e+00  -3.3938204e-01  -3.8128110e-02  -3.0997288e-01
   3.5600000e+02   2.6608340e+01   4.2199780e+00  -3.3967586e-01  -3.8293309e-02  -3.0997929e-01
   3.5700000e+02   2.6541870e+01   4.2187130e+00  -3.3996582e-01  -3.8457922e-02  -3.0998289e-01
   3.5800000e+02   2.6475780e+01   4.2174470e+00  -3.4025194e-01  -3.8621928e-02  -3.0998370e-01
   3.5900000e+02   2.6410060e+01   4.2161800e+00  -3.4053426e-01  -3.8785328e-02  -3.0998180e-01
   3.6000000e+02   2.6344730e+01   4.2149120e+00  -3.4081288e-01  -3.8948184e-02  -3.0997720e-01
   3.6100000e+02   2.6279770e+01   4.2136430e+00  -3.4108781e-01  -3.9110423e-02  -3.0997000e-01
   3.6200000e+02   2.6215170e+01   4.2123730e+00  -3.4135904e-01  -3.9272039e-02  -3.0996017e-01
   3.6300000e+02   2.6150940e+01   4.2111020e+00  -3.4162664e-01  -3.9433061e-02  -3.0994777e-01
   3.6400000e+02   2.6087080e+01   4.2098300e+00  -3.4189067e-01  -3.9593481e-02  -3.0993287e-01
   3.6500000e+02   2.6023570e+01   4.2085570e+00  -3.4215111e-01  -3.9753245e-02  -3.0991553e-01
   3.6600000e+02   2.5960420e+01   4.2072840e+00  -3.4240800e-01  -3.9912436e-02  -3.0989565e-01
   3.6700000e+02   2.5897620e+01   4.2060100e+00  -3.4266141e-01  -4.0070964e-02  -3.0987344e-01
   3.6800000e+02   2.5835180e+01   4.2047340e+00  -3.4291143e-01  -4.0228877e-02  -3.0984891e-01
   3.6900000e+02   2.5773080e+01   4.2034590e+00  -3.4315789e-01  -4.0386141e-02  -3.0982195e-01
   3.7000000e+02   2.5711320e+01   4.2021820e+00  -3.4340104e-01  -4.0542760e-02  -3.0979278e-01
   3.7100000e+02   2.5649910e+01   4.2009050e+00  -3.4364083e-01  -4.0698770e-02  -3.0976133e-01
   3.7200000e+02   2.5588840e+01   4.1996270e+00  -3.4387733e-01  -4.0854116e-02  -3.0972773e-01
   3.7300000e+02   2.5528100e+01   4.1983480e+00  -3.4411051e-01  -4.1008787e-02  -3.0969196e-01
   3.7400000e+02   2.5467690e+01   4.1970680e+00  -3.4434048e-01  -4.1162800e-02  -3.0965410e-01
   3.7500000e+02   2.5407620e+01   4.1957880e+00  -3.4456723e-01  -4.1316180e-02  -3.0961413e-01
   3.7600000e+02   2.5347870e+01   4.1945080e+00  -3.4479074e-01  -4.1468879e-02  -3.0957207e-01
   3.7700000e+02   2.5288450e+01   4.1932260e+00  -3.4501122e-01  -4.1620948e-02  -3.0952807e-01
   3.7800000e+02   2.5229350e+01   4.1919440e+00  -3.4522856e-01  -4.1772324e-02  -3.0948210e-01
   3.7900000e+02   2.5170570e+01   4.1906620e+00  -3.4544276e-01  -4.1923024e-02  -3.0943414e-01
   3.8000000e+02   2.5112110e+01   4.1893790e+00  -3.4565397e-01  -4.2073061e-02  -3.0938431e-01
   3.8100000e+02   2.5053960e+01   4.1880950e+00  -3.4586223e-01  -4.2222430e-02  -3.0933266e-01
   3.8200000e+02   2.4996120e+01   4.1868110e+00  -3.4606744e-01  -4.2371094e-02  -3.0927915e-01
   3.8300000e+02   2.4938600e+01   4.1855270e+00  -3.4626974e-01  -4.2519123e-02  -3.0922382e-01
   3.8400000e+02   2.4881370e+01   4.1842420e+00  -3.4646911e-01  -4.2666408e-02  -3.0916678e-01
   3.8500000e+02   2.4824460e+01   4.1829560e+00  -3.4666570e-01  -4.2813040e-02  -3.0910808e-01
   3.8600000e+02   2.4767840e+01   4.1816700e+00  -3.4685938e-01  -4.2958959e-02  -3.0904764e-01
   3.8700000e+02   2.4711530e+01   4.1803840e+00  -3.4705032e-01  -4.3104243e-02  -3.0898556e-01
   3.8800000e+02   2.4655510e+01   4.1790970e+00  -3.4723847e-01  -4.3248782e-02  -3.0892191e-01
   3.8900000e+02   2.4599780e+01   4.1778100e+00  -3.4742384e-01  -4.3392600e-02  -3.0885667e-01
   3.9000000e+02   2.4544350e+01   4.1765230e+00  -3.4760654e-01  -4.3535787e-02  -3.0878982e-01
   3.9100000e+02   2.4489210e+01   4.1752350e+00  -3.4778659e-01  -4.3678253e-02  -3.0872153e-01
   3.9200000e+02   2.4434350e+01   4.1739480e+00  -3.4796391e-01  -4.3820004e-02  -3.0865168e-01
   3.9300000e+02   2.4379780e+01   4.1726590e+00  -3.4813874e-01  -4.3961070e-02  -3.0858047e-01
   3.9400000e+02   2.4325490e+01   4.1713710e+00  -3.4831090e-01  -4.4101412e-02  -3.0850779e-01
   3.9500000e+02   2.4271490e+01   4.1700820e+00  -3.4848061e-01  -4.4241075e-02  -3.0843380e-01
   3.9600000e+02   2.4217760e+01   4.1687930e+00  -3.4864775e-01  -4.4380024e-02  -3.0835839e-01
   3.9700000e+02   2.4164310e+01   4.1675040e+00  -3.4881244e-01  -4.4518268e-02  -3.0828171e-01
   3.9800000e+02   2.4111130e+01   4.1662150e+00  -3.4897463e-01  -4.4655796e-02  -3.0820369e-01
   3.9900000e+02   2.4058220e+01   4.1649250e+00  -3.4913447e-01  -4.4792612e-02  -3.0812448e-01
   4.0000000e+02   2.4005580e+01   4.1636360e+00  -3.4929181e-01  -4.4928712e-02  -3.0804394e-01
   4.0100000e+02   2.3953210e+01   4.1623460e+00  -3.4944689e-01  -4.5064119e-02  -3.0796229e-01
   4.0200000e+02   2.3901110e+01   4.1610560e+00  -3.4959964e-01  -4.5198823e-02  -3.0787945e-01
   4.0300000e+02   2.3849270e+01   4.1597660e+00  -3.4975006e-01  -4.5332777e-02  -3.0779552e-01
   4.0400000e+02   2.3797690e+01   4.1584760e+00  -3.4989821e-01  -4.5466049e-02  -3.0771040e-01
   4.0500000e+02   2.3746360e+01   4.1571860e+00  -3.5004407e-01  -4.5598560e-02  -3.0762421e-01
   4.0600000e+02   2.3695300e+01   4.1558960e+00  -3.5018778e-01  -4.5730401e-02  -3.0753700e-01
   4.0700000e+02   2.3644490e+01   4.1546060e+00  -3.5032925e-01  -4.5861511e-02  -3.0744870e-01
   4.0800000e+02   2.3593940e+01   4.1533160e+00  -3.5046862e-01  -4.5991919e-02  -3.0735946e-01
   4.0900000e+02   2.3543630e+01   4.1520260e+00  -3.5060581e-01  -4.6121593e-02  -3.0726921e-01
   4.1000000e+02   2.3493580e+01   4.1507360e+00  -3.5074093e-01  -4.6250560e-02  -3.0717803e-01
   4.1100000e+02   2.3443770e+01   4.1494460e+00  -3.5087396e-01  -4.6378809e-02  -3.0708593e-01
   4.1200000e+02   2.3394210e+01   4.1481570e+00  -3.5100489e-01  -4.6506348e-02  -3.0699287e-01
   4.1300000e+02   2.3344890e+01   4.1468670e+00  -3.5113387e-01  -4.6633159e-02  -3.0689902e-01
   4.1400000e+02   2.3295810e+01   4.1455770e+00  -3.5126082e-01  -4.6759246e-02  -3.0680428e-01
   4.1500000e+02   2.3246980e+01   4.1442880e+00  -3.5138582e-01  -4.6884656e-02  -3.0670870e-01
   4.1600000e+02   2.3198380e+01   4.1429990e+00  -3.5150884e-01  -4.7009333e-02  -3.0661232e-01
   4.1700000e+02   2.3150020e+01   4.1417100e+00  -3.5162995e-01  -4.7133270e-02  -3.0651520e-01
   4.1800000e+02   2.3101890e+01   4.1404210e+00  -3.5174919e-01  -4.7256521e-02  -3.0641730e-01
   4.1900000e+02   2.3053990e+01   4.1391320e+00  -3.5186652e-01  -4.7378997e-02  -3.0631871e-01
   4.2000000e+02   2.3006330e+01   4.1378440e+00  -3.5198203e-01  -4.7500819e-02  -3.0621938e-01
   4.2100000e+02   2.2958900e+01   4.1365560e+00  -3.5209574e-01  -4.7621934e-02  -3.0611936e-01
   4.2200000e+02   2.2911690e+01   4.1352680e+00  -3.5220760e-01  -4.7742287e-02  -3.0601868e-01
   4.2300000e+02   2.2864710e+01   4.1339810e+00  -3.5231771e-01  -4.7861983e-02  -3.0591732e-01
   4.2400000e+02   2.2817950e+01   4.1326930e+00  -3.5242608e-01  -4.7980895e-02  -3.0581544e-01
   4.2500000e+02   2.2771410e+01   4.1314060e+00  -3.5253269e-01  -4.8099102e-02  -3.0571292e-01
   4.2600000e+02   2.2725100e+01   4.1301200e+00  -3.5263763e-01  -4.8216662e-02  -3.0560977e-01
   4.2700000e+02   2.2679000e+01   4.1288340e+00  -3.5274082e-01  -4.8333458e-02  -3.0550605e-01
   4.2800000e+02   2.2633130e+01   4.1275480e+00  -3.5284244e-01  -4.8449566e-02  -3.0540187e-01
   4.2900000e+02   2.2587460e+01   4.1262620e+00  -3.5294238e-01  -4.8564926e-02  -3.0529716e-01
   4.3000000e+02   2.2542020e+01   4.1249770e+00  -3.5304073e-01  -4.8679627e-02  -3.0519192e-01
   4.3100000e+02   2.2496780e+01   4.1236930e+00  -3.5313741e-01  -4.8793592e-02  -3.0508616e-01
   4.3200000e+02   2.2451760e+01   4.1224080e+00  -3.5323262e-01  -4.8906856e-02  -3.0498003e-01
   4.3300000e+02   2.2406940e+01   4.1211250e+00  -3.5332615e-01  -4.9019385e-02  -3.0487337e-01
   4.3400000e+02   2.2362340e+01   4.1198410e+00  -3.5341830e-01  -4.9131261e-02  -3.0476636e-01
   4.3500000e+02   2.2317940e+01   4.1185590e+00  -3.5350881e-01  -4.9242405e-02  -3.0465886e-01
   4.3600000e+02   2.2273740e+01   4.1172760e+00  -3.5359787e-01  -4.9352806e-02  -3.0455105e-01
   4.3700000e+02   2.2229750e+01   4.1159950e+00  -3.5368543e-01  -4.9462559e-02  -3.0444277e-01
   4.3800000e+02   2.2185960e+01   4.1147130e+00  -3.5377161e-01  -4.9571588e-02  -3.0433423e-01
   4.3900000e+02   2.2142370e+01   4.1134330e+00  -3.5385626e-01  -4.9679903e-02  -3.0422527e-01
   4.4000000e+02   2.2098980e+01   4.1121530e+00  -3.5393955e-01  -4.9787559e-02  -3.0411599e-01
   4.4100000e+02   2.2055790e+01   4.1108730e+00  -3.5402147e-01  -4.9894490e-02  -3.0400647e-01
   4.4200000e+02   2.2012800e+01   4.1095940e+00  -3.5410201e-01  -5.0000755e-02  -3.0389661e-01
   4.4300000e+02   2.1970000e+01   4.1083160e+00  -3.5418117e-01  -5.0106317e-02  -3.0378645e-01
   4.4400000e+02   2.1927390e+01   4.1070380e+00  -3.5425896e-01  -5.0211122e-02  -3.0367609e-01
   4.4500000e+02   2.1884980e+01   4.1057610e+00  -3.5433547e-01  -5.0315297e-02  -3.0356544e-01
   4.4600000e+02   2.1842750e+01   4.1044850e+00  -3.5441061e-01  -5.0418747e-02  -3.0345452e-01
   4.4700000e+02   2.1800720e+01   4.1032090e+00  -3.5448453e-01  -5.0521536e-02  -3.0334344e-01
   4.4800000e+02   2.1758870e+01   4.1019340e+00  -3.5455714e-01  -5.0623609e-02  -3.0323212e-01
   4.4900000e+02   2.1717210e+01   4.1006600e+00  -3.5462848e-01  -5.0725008e-02  -3.0312060e-01
   4.5000000e+02   2.1675730e+01   4.0993860e+00  -3.5469860e-01  -5.0825689e-02  -3.0300893e-01
   4.5100000e+02   2.1634440e+01   4.0981130e+00  -3.5476751e-01  -5.0925709e-02  -3.0289711e-01
   4.5200000e+02   2.1593340e+01   4.0968410e+00  -3.5483521e-01  -5.1025101e-02  -3.0278503e-01
   4.5300000e+02   2.1552410e+01   4.0955700e+00  -3.5490170e-01  -5.1123744e-02  -3.0267291e-01
   4.5400000e+02   2.1511660e+01   4.0942990e+00  -3.5496700e-01  -5.1221689e-02  -3.0256064e-01
   4.5500000e+02   2.1471100e+01   4.0930300e+00  -3.5503117e-01  -5.1319042e-02  -3.0244819e-01
   4.5600000e+02   2.1430710e+01   4.0917610e+00  -3.5509417e-01  -5.1415669e-02  -3.0233565e-01
   4.5700000e+02   2.1390490e+01   4.0904920e+00  -3.5515608e-01  -5.1511561e-02  -3.0222316e-01
   4.5800000e+02   2.1350450e+01   4.0892250e+00  -3.5521681e-01  -5.1606848e-02  -3.0211042e-01
   4.5900000e+02   2.1310590e+01   4.0879580e+00  -3.5527653e-01  -5.1701464e-02  -3.0199770e-01
   4.6000000e+02   2.1270900e+01   4.0866930e+00  -3.5533509e-01  -5.1795415e-02  -3.0188484e-01
   4.6100000e+02   2.1231380e+01   4.0854280e+00  -3.5539261e-01  -5.1888678e-02  -3.0177199e-01
   4.6200000e+02   2.1192030e+01   4.0841640e+00  -3.5544905e-01  -5.1981261e-02  -3.0165910e-01
   4.6300000e+02   2.1152850e+01   4.0829010e+00  -3.5550446e-01  -5.2073185e-02  -3.0154619e-01
   4.6400000e+02   2.1113840e+01   4.0816390e+00  -3.5555883e-01  -5.2164473e-02  -3.0143321e-01
   4.6500000e+02   2.1074990e+01   4.0803770e+00  -3.5561219e-01  -5.2255030e-02  -3.0132032e-01
   4.6600000e+02   2.1036310e+01   4.0791170e+00  -3.5566452e-01  -5.2344982e-02  -3.0120734e-01
   4.6700000e+02   2.0997800e+01   4.0778580e+00  -3.5571588e-01  -5.2434305e-02  -3.0109436e-01
   4.6800000e+02   2.0959450e+01   4.0765990e+00  -3.5576628e-01  -5.2522932e-02  -3.0098145e-01
   4.6900000e+02   2.0921260e+01   4.0753420e+00  -3.5581565e-01  -5.2610909e-02  -3.0086850e-01
   4.7000000e+02   2.0883230e+01   4.0740850e+00  -3.5586411e-01  -5.2698215e-02  -3.0075568e-01
   4.7100000e+02   2.0845370e+01   4.0728300e+00  -3.5591162e-01  -5.2784920e-02  -3.0064283e-01
   4.7200000e+02   2.0807660e+01   4.0715750e+00  -3.5595820e-01  -5.2870921e-02  -3.0053009e-01
   4.7300000e+02   2.0770110e+01   4.0703220e+00  -3.5600380e-01  -5.2956308e-02  -3.0041732e-01
   4.7400000e+02   2.0732710e+01   4.0690690e+00  -3.5604854e-01  -5.3040998e-02  -3.0030473e-01
   4.7500000e+02   2.0695480e+01   4.0678180e+00  -3.5609241e-01  -5.3125127e-02  -3.0019215e-01
   4.7600000e+02   2.0658400e+01   4.0665670e+00  -3.5613539e-01  -5.3208565e-02  -3.0007971e-01
   4.7700000e+02   2.0621470e+01   4.0653180e+00  -3.5617745e-01  -5.3291368e-02  -2.9996732e-01
   4.7800000e+02   2.0584690e+01   4.0640700e+00  -3.5621860e-01  -5.3373499e-02  -2.9985502e-01
   4.7900000e+02   2.0548070e+01   4.0628230e+00  -3.5625897e-01  -5.3455057e-02  -2.9974282e-01
   4.8000000e+02   2.0511600e+01   4.0615760e+00  -3.5629854e-01  -5.3535959e-02  -2.9963080e-01
   4.8100000e+02   2.0475270e+01   4.0603310e+00  -3.5633717e-01  -5.3616185e-02  -2.9951885e-01
   4.8200000e+02   2.0439100e+01   4.0590870e+00  -3.5637506e-01  -5.3695845e-02  -2.9940703e-01
   4.8300000e+02   2.0403070e+01   4.0578450e+00  -3.5641203e-01  -5.3774844e-02  -2.9929529e-01
   4.8400000e+02   2.0367190e+01   4.0566030e+00  -3.5644828e-01  -5.3853217e-02  -2.9918377e-01
   4.8500000e+02   2.0331460e+01   4.0553620e+00  -3.5648375e-01  -5.3930972e-02  -2.9907240e-01
   4.8600000e+02   2.0295870e+01   4.0541230e+00  -3.5651835e-01  -5.4008097e-02  -2.9896111e-01
   4.8700000e+02   2.0260430e+01   4.0528850e+00  -3.5655225e-01  -5.4084651e-02  -2.9884998e-01
   4.8800000e+02   2.0225130e+01   4.0516480e+00  -3.5658537e-01  -5.4160548e-02  -2.9873906e-01
   4.8900000e+02   2.0189970e+01   4.0504120e+00  -3.5661772e-01  -5.4235825e-02  -2.9862830e-01
   4.9000000e+02   2.0154950e+01   4.0491770e+00  -3.5664932e-01  -5.4310467e-02  -2.9851773e-01
   4.9100000e+02   2.0120070e+01   4.0479440e+00  -3.5668014e-01  -5.4384517e-02  -2.9840729e-01
   4.9200000e+02   2.0085330e+01   4.0467110e+00  -3.5671031e-01  -5.4457943e-02  -2.9829711e-01
   4.9300000e+02   2.0050730e+01   4.0454800e+00  -3.5673969e-01  -5.4530772e-02  -2.9818705e-01
   4.9400000e+02   2.0016270e+01   4.0442500e+00  -3.5676840e-01  -5.4603018e-02  -2.9807721e-01
   4.9500000e+02   1.9981940e+01   4.0430220e+00  -3.5679631e-01  -5.4674615e-02  -2.9796752e-01
   4.9600000e+02   1.9947750e+01   4.0417940e+00  -3.5682364e-01  -5.4745638e-02  -2.9785811e-01
   4.9700000e+02   1.9913700e+01   4.0405680e+00  -3.5685027e-01  -5.4816103e-02  -2.9774886e-01
   4.9800000e+02   1.9879780e+01   4.0393430e+00  -3.5687617e-01  -5.4885911e-02  -2.9763984e-01
   4.9900000e+02   1.9845990e+01   4.0381200e+00  -3.5690136e-01  -5.4955147e-02  -2.9753097e-01
   5.0000000e+02   1.9812340e+01   4.0368970e+00  -3.5692599e-01  -5.5023793e-02  -2.9742244e-01
   5.0100000e+02   1.9778810e+01   4.0356760e+00  -3.5694986e-01  -5.5091809e-02  -2.9731406e-01
   5.0200000e+02   1.9745420e+01   4.0344570e+00  -3.5697308e-01  -5.5159283e-02  -2.9720587e-01
   5.0300000e+02   1.9712160e+01   4.0332380e+00  -3.5699573e-01  -5.5226160e-02  -2.9709798e-01
   5.0400000e+02   1.9679020e+01   4.0320210e+00  -3.5701767e-01  -5.5292416e-02  -2.9699030e-01
   5.0500000e+02   1.9646020e+01   4.0308050e+00  -3.5703904e-01  -5.5358141e-02  -2.9688287e-01
   5.0600000e+02   1.9613140e+01   4.0295910e+00  -3.5705971e-01  -5.5423254e-02  -2.9677563e-01
   5.0700000e+02   1.9580390e+01   4.0283780e+00  -3.5707979e-01  -5.5487800e-02  -2.9666865e-01
   5.0800000e+02   1.9547760e+01   4.0271660e+00  -3.5709923e-01  -5.5551717e-02  -2.9656195e-01
   5.0900000e+02   1.9515260e+01   4.0259550e+00  -3.5711814e-01  -5.5615106e-02  -2.9645553e-01
   5.1000000e+02   1.9482880e+01   4.0247460e+00  -3.5713639e-01  -5.5677896e-02  -2.9634933e-01
   5.1100000e+02   1.9450630e+01   4.0235390e+00  -3.5715406e-01  -5.5740177e-02  -2.9624332e-01
   5.1200000e+02   1.9418500e+01   4.0223320e+00  -3.5717117e-01  -5.5801828e-02  -2.9613767e-01
   5.1300000e+02   1.9386490e+01   4.0211270e+00  -3.5718768e-01  -5.5862938e-02  -2.9603223e-01
   5.1400000e+02   1.9354600e+01   4.0199240e+00  -3.5720356e-01  -5.5923473e-02  -2.9592702e-01
   5.1500000e+02   1.9322840e+01   4.0187210e+00  -3.5721901e-01  -5.5983469e-02  -2.9582219e-01
   5.1600000e+02   1.9291190e+01   4.0175210e+00  -3.5723376e-01  -5.6042885e-02  -2.9571749e-01
   5.1700000e+02   1.9259660e+01   4.0163210e+00  -3.5724803e-01  -5.6101730e-02  -2.9561318e-01
   5.1800000e+02   1.9228250e+01   4.0151230e+00  -3.5726170e-01  -5.6160020e-02  -2.9550908e-01
   5.1900000e+02   1.9196960e+01   4.0139270e+00  -3.5727484e-01  -5.6217787e-02  -2.9540524e-01
   5.2000000e+02   1.9165790e+01   4.0127320e+00  -3.5728748e-01  -5.6275026e-02  -2.9530169e-01
   5.2100000e+02   1.9134730e+01   4.0115380e+00  -3.5729956e-01  -5.6331666e-02  -2.9519845e-01
   5.2200000e+02   1.9103780e+01   4.0103460e+00  -3.5731106e-01  -5.6387738e-02  -2.9509546e-01
   5.2300000e+02   1.9072950e+01   4.0091550e+00  -3.5732206e-01  -5.6443262e-02  -2.9499279e-01
   5.2400000e+02   1.9042240e+01   4.0079650e+00  -3.5733264e-01  -5.6498305e-02  -2.9489044e-01
   5.2500000e+02   1.9011640e+01   4.0067780e+00  -3.5734258e-01  -5.6552803e-02  -2.9478824e-01
   5.2600000e+02   1.8981150e+01   4.0055910e+00  -3.5735208e-01  -5.6606711e-02  -2.9468646e-01
   5.2700000e+02   1.8950770e+01   4.0044060e+00  -3.5736102e-01  -5.6660080e-02  -2.9458491e-01
   5.2800000e+02   1.8920510e+01   4.0032230e+00  -3.5736953e-01  -5.6712995e-02  -2.9448364e-01
   5.2900000e+02   1.8890350e+01   4.0020410e+00  -3.5737744e-01  -5.6765267e-02  -2.9438267e-01
   5.3000000e+02   1.8860300e+01   4.0008600e+00  -3.5738496e-01  -5.6817059e-02  -2.9428204e-01
   5.3100000e+02   1.8830370e+01   3.9996810e+00  -3.5739198e-01  -5.6868341e-02  -2.9418168e-01
   5.3200000e+02   1.8800540e+01   3.9985040e+00  -3.5739845e-01  -5.6919070e-02  -2.9408157e-01
   5.3300000e+02   1.8770820e+01   3.9973280e+00  -3.5740450e-01  -5.6969295e-02  -2.9398179e-01
   5.3400000e+02   1.8741210e+01   3.9961530e+00  -3.5741009e-01  -5.7018973e-02  -2.9388235e-01
   5.3500000e+02   1.8711710e+01   3.9949800e+00  -3.5741523e-01  -5.7068185e-02  -2.9378317e-01
   5.3600000e+02   1.8682310e+01   3.9938090e+00  -3.5741981e-01  -5.7116821e-02  -2.9368425e-01
   5.3700000e+02   1.8653010e+01   3.9926390e+00  -3.5742395e-01  -5.7164915e-02  -2.9358568e-01
   5.3800000e+02   1.8623820e+01   3.9914700e+00  -3.5742770e-01  -5.7212531e-02  -2.9348745e-01
   5.3900000e+02   1.8594740e+01   3.9903040e+00  -3.5743095e-01  -5.7259683e-02  -2.9338941e-01
   5.4000000e+02   1.8565760e+01   3.9891380e+00  -3.5743383e-01  -5.7306282e-02  -2.9329179e-01
   5.4100000e+02   1.8536880e+01   3.9879740e+00  -3.5743616e-01  -5.7352333e-02  -2.9319443e-01
   5.4200000e+02   1.8508100e+01   3.9868120e+00  -3.5743806e-01  -5.7397898e-02  -2.9309736e-01
   5.4300000e+02   1.8479430e+01   3.9856520e+00  -3.5743956e-01  -5.7443021e-02  -2.9300056e-01
   5.4400000e+02   1.8450860e+01   3.9844930e+00  -3.5744065e-01  -5.7487627e-02  -2.9290411e-01
   5.4500000e+02   1.8422390e+01   3.9833350e+00  -3.5744131e-01  -5.7531699e-02  -2.9280800e-01
   5.4600000e+02   1.8394010e+01   3.9821790e+00  -3.5744149e-01  -5.7575239e-02  -2.9271216e-01
   5.4700000e+02   1.8365740e+01   3.9810250e+00  -3.5744127e-01  -5.7618349e-02  -2.9261661e-01
   5.4800000e+02   1.8337570e+01   3.9798720e+00  -3.5744065e-01  -5.7660940e-02  -2.9252139e-01
   5.4900000e+02   1.8309490e+01   3.9787210e+00  -3.5743957e-01  -5.7703023e-02  -2.9242646e-01
   5.5000000e+02   1.8281520e+01   3.9775710e+00  -3.5743817e-01  -5.7744658e-02  -2.9233188e-01
   5.5100000e+02   1.8253640e+01   3.9764230e+00  -3.5743630e-01  -5.7785780e-02  -2.9223756e-01
   5.5200000e+02   1.8225850e+01   3.9752760e+00  -3.5743406e-01  -5.7826395e-02  -2.9214363e-01
   5.5300000e+02   1.8198170e+01   3.9741320e+00  -3.5743138e-01  -5.7866603e-02  -2.9204988e-01
   5.5400000e+02   1.8170570e+01   3.9729880e+00  -3.5742831e-01  -5.7906213e-02  -2.9195656e-01
   5.5500000e+02   1.8143080e+01   3.9718470e+00  -3.5742486e-01  -5.7945467e-02  -2.9186344e-01
   5.5600000e+02   1.8115670e+01   3.9707070e+00  -3.5742095e-01  -5.7984136e-02  -2.9177068e-01
   5.5700000e+02   1.8088370e+01   3.9695680e+00  -3.5741681e-01  -5.8022421e-02  -2.9167828e-01
   5.5800000e+02   1.8061150e+01   3.9684310e+00  -3.5741212e-01  -5.8060135e-02  -2.9158615e-01
   5.5900000e+02   1.8034030e+01   3.9672960e+00  -3.5740713e-01  -5.8097454e-02  -2.9149430e-01
   5.6000000e+02   1.8007000e+01   3.9661630e+00  -3.5740170e-01  -5.8134287e-02  -2.9140273e-01
   5.6100000e+02   1.7980060e+01   3.9650310e+00  -3.5739595e-01  -5.8170644e-02  -2.9131153e-01
   5.6200000e+02   1.7953210e+01   3.9639000e+00  -3.5738982e-01  -5.8206505e-02  -2.9122067e-01
   5.6300000e+02   1.7926460e+01   3.9627720e+00  -3.5738330e-01  -5.8241979e-02  -2.9113002e-01
   5.6400000e+02   1.7899790e+01   3.9616450e+00  -3.5737639e-01  -5.8276920e-02  -2.9103972e-01
   5.6500000e+02   1.7873220e+01   3.9605190e+00  -3.5736925e-01  -5.8311473e-02  -2.9094980e-01
   5.6600000e+02   1.7846730e+01   3.9593960e+00  -3.5736156e-01  -5.8345500e-02  -2.9086006e-01
   5.6700000e+02   1.7820330e+01   3.9582730e+00  -3.5735362e-01  -5.8379071e-02  -2.9077074e-01
   5.6800000e+02   1.7794020e+01   3.9571530e+00  -3.5734527e-01  -5.8412224e-02  -2.9068164e-01
   5.6900000e+02   1.7767800e+01   3.9560340e+00  -3.5733665e-01  -5.8444944e-02  -2.9059290e-01
   5.7000000e+02   1.7741670e+01   3.9549170e+00  -3.5732762e-01  -5.8477196e-02  -2.9050444e-01
   5.7100000e+02   1.7715620e+01   3.9538020e+00  -3.5731821e-01  -5.8508997e-02  -2.9041625e-01
   5.7200000e+02   1.7689660e+01   3.9526880e+00  -3.5730849e-01  -5.8540344e-02  -2.9032842e-01
   5.7300000e+02   1.7663780e+01   3.9515760e+00  -3.5729838e-01  -5.8571231e-02  -2.9024086e-01
   5.7400000e+02   1.7638000e+01   3.9504650e+00  -3.5728809e-01  -5.8601764e-02  -2.9015368e-01
   5.7500000e+02   1.7612290e+01   3.9493560e+00  -3.5727731e-01  -5.8631759e-02  -2.9006675e-01
   5.7600000e+02   1.7586670e+01   3.9482490e+00  -3.5726618e-01  -5.8661327e-02  -2.8998010e-01
   5.7700000e+02   1.7561130e+01   3.9471440e+00  -3.5725473e-01  -5.8690477e-02  -2.8989375e-01
   5.7800000e+02   1.7535680e+01   3.9460400e+00  -3.5724302e-01  -5.8719223e-02  -2.8980773e-01
   5.7900000e+02   1.7510310e+01   3.9449380e+00  -3.5723092e-01  -5.8747512e-02  -2.8972199e-01
   5.8000000e+02   1.7485030e+01   3.9438370e+00  -3.5721857e-01  -5.8775396e-02  -2.8963660e-01
   5.8100000e+02   1.7459820e+01   3.9427380e+00  -3.5720580e-01  -5.8802784e-02  -2.8955148e-01
   5.8200000e+02   1.7434700e+01   3.9416410e+00  -3.5719277e-01  -5.8829817e-02  -2.8946666e-01
   5.8300000e+02   1.7409660e+01   3.9405460e+00  -3.5717938e-01  -5.8856414e-02  -2.8938211e-01
   5.8400000e+02   1.7384700e+01   3.9394520e+00  -3.5716570e-01  -5.8882581e-02  -2.8929788e-01
   5.8500000e+02   1.7359820e+01   3.9383600e+00  -3.5715167e-01  -5.8908308e-02  -2.8921395e-01
   5.8600000e+02   1.7335020e+01   3.9372700e+00  -3.5713733e-01  -5.8933637e-02  -2.8913029e-01
   5.8700000e+02   1.7310300e+01   3.9361810e+00  -3.5712271e-01  -5.8958549e-02  -2.8904696e-01
   5.8800000e+02   1.7285660e+01   3.9350940e+00  -3.5710778e-01  -5.8983054e-02  -2.8896392e-01
   5.8900000e+02   1.7261090e+01   3.9340090e+00  -3.5709244e-01  -5.9007079e-02  -2.8888114e-01
   5.9000000e+02   1.7236610e+01   3.9329250e+00  -3.5707692e-01  -5.9030766e-02  -2.8879871e-01
   5.9100000e+02   1.7212200e+01   3.9318430e+00  -3.5706104e-01  -5.9054001e-02  -2.8871655e-01
   5.9200000e+02   1.7187880e+01   3.9307630e+00  -3.5704491e-01  -5.9076903e-02  -2.8863466e-01
   5.9300000e+02   1.7163630e+01   3.9296850e+00  -3.5702845e-01  -5.9099388e-02  -2.8855305e-01
   5.9400000e+02   1.7139450e+01   3.9286080e+00  -3.5701165e-01  -5.9121387e-02  -2.8847178e-01
   5.9500000e+02   1.7115350e+01   3.9275330e+00  -3.5699455e-01  -5.9143015e-02  -2.8839075e-01
   5.9600000e+02   1.7091330e+01   3.9264600e+00  -3.5697720e-01  -5.9164290e-02  -2.8831001e-01
   5.9700000e+02   1.7067380e+01   3.9253880e+00  -3.5695952e-01  -5.9185092e-02  -2.8822959e-01
   5.9800000e+02   1.7043510e+01   3.9243180e+00  -3.5694160e-01  -5.9205558e-02  -2.8814947e-01
   5.9900000e+02   1.7019720e+01   3.9232500e+00  -3.5692340e-01  -5.9225668e-02  -2.8806958e-01
   6.0000000e+02   1.6995990e+01   3.9221830e+00  -3.5690485e-01  -5.9245271e-02  -2.8799004e-01
   6.0100000e+02   1.6972350e+01   3.9211190e+00  -3.5688609e-01  -5.9264633e-02  -2.8791069e-01
   6.0200000e+02   1.6948770e+01   3.9200550e+00  -3.5686702e-01  -5.9283477e-02  -2.8783175e-01
   6.0300000e+02   1.6925270e+01   3.9189940e+00  -3.5684762e-01  -5.9301988e-02  -2.8775298e-01
   6.0400000e+02   1.6901840e+01   3.9179340e+00  -3.5682799e-01  -5.9320088e-02  -2.8767457e-01
   6.0500000e+02   1.6878480e+01   3.9168770e+00  -3.5680798e-01  -5.9337818e-02  -2.8759633e-01
   6.0600000e+02   1.6855200e+01   3.9158200e+00  -3.5678787e-01  -5.9355196e-02  -2.8751851e-01
   6.0700000e+02   1.6831990e+01   3.9147660e+00  -3.5676739e-01  -5.9372202e-02  -2.8744087e-01
   6.0800000e+02   1.6808850e+01   3.9137130e+00  -3.5674667e-01  -5.9388806e-02  -2.8736355e-01
   6.0900000e+02   1.6785780e+01   3.9126620e+00  -3.5672566e-01  -5.9405041e-02  -2.8728649e-01
   6.1000000e+02   1.6762780e+01   3.9116130e+00  -3.5670433e-01  -5.9420883e-02  -2.8720968e-01
   6.1100000e+02   1.6739850e+01   3.9105650e+00  -3.5668277e-01  -5.9436335e-02  -2.8713321e-01
   6.1200000e+02   1.6716990e+01   3.9095190e+00  -3.5666099e-01  -5.9451460e-02  -2.8705699e-01
   6.1300000e+02   1.6694200e+01   3.9084750e+00  -3.5663885e-01  -5.9466177e-02  -2.8698101e-01
   6.1400000e+02   1.6671480e+01   3.9074320e+00  -3.5661656e-01  -5.9480562e-02  -2.8690537e-01
   6.1500000e+02   1.6648830e+01   3.9063920e+00  -3.5659390e-01  -5.9494582e-02  -2.8682989e-01
   6.1600000e+02   1.6626240e+01   3.9053530e+00  -3.5657096e-01  -5.9508171e-02  -2.8675474e-01
   6.1700000e+02   1.6603730e+01   3.9043150e+00  -3.5654794e-01  -5.9521491e-02  -2.8667993e-01
   6.1800000e+02   1.6581280e+01   3.9032800e+00  -3.5652449e-01  -5.9534406e-02  -2.8660526e-01
   6.1900000e+02   1.6558900e+01   3.9022460e+00  -3.5650087e-01  -5.9546974e-02  -2.8653093e-01
   6.2000000e+02   1.6536590e+01   3.9012140e+00  -3.5647697e-01  -5.9559193e-02  -2.8645684e-01
   6.2100000e+02   1.6514340e+01   3.9001830e+00  -3.5645283e-01  -5.9571019e-02  -2.8638306e-01
   6.2200000e+02   1.6492160e+01   3.8991550e+00  -3.5642840e-01  -5.9582536e-02  -2.8630947e-01
   6.2300000e+02   1.6470050e+01   3.8981280e+00  -3.5640381e-01  -5.9593719e-02  -2.8623620e-01
   6.2400000e+02   1.6448000e+01   3.8971020e+00  -3.5637893e-01  -5.9604494e-02  -2.8616321e-01
   6.2500000e+02   1.6426020e+01   3.8960790e+00  -3.5635377e-01  -5.9614963e-02  -2.8609042e-01
   6.2600000e+02   1.6404110e+01   3.8950570e+00  -3.5632846e-01  -5.9625129e-02  -2.8601792e-01
   6.2700000e+02   1.6382250e+01   3.8940370e+00  -3.5630277e-01  -5.9634846e-02  -2.8594568e-01
   6.2800000e+02   1.6360470e+01   3.8930190e+00  -3.5627695e-01  -5.9644328e-02  -2.8587367e-01
   6.2900000e+02   1.6338740e+01   3.8920020e+00  -3.5625076e-01  -5.9653331e-02  -2.8580194e-01
   6.3000000e+02   1.6317090e+01   3.8909870e+00  -3.5622452e-01  -5.9662155e-02  -2.8573048e-01
   6.3100000e+02   1.6295490e+01   3.8899740e+00  -3.5619788e-01  -5.9670541e-02  -2.8565924e-01
   6.3200000e+02   1.6273960e+01   3.8889630e+00  -3.5617105e-01  -5.9678629e-02  -2.8558824e-01
   6.3300000e+02   1.6252490e+01   3.8879530e+00  -3.5614401e-01  -5.9686368e-02  -2.8551754e-01
   6.3400000e+02   1.6231080e+01   3.8869450e+00  -3.5611671e-01  -5.9693754e-02  -2.8544708e-01
   6.3500000e+02   1.6209740e+01   3.8859390e+00  -3.5608921e-01  -5.9700875e-02  -2.8537684e-01
   6.3600000e+02   1.6188460e+01   3.8849340e+00  -3.5606151e-01  -5.9707636e-02  -2.8530691e-01
   6.3700000e+02   1.6167240e+01   3.8839310e+00  -3.5603354e-01  -5.9714050e-02  -2.8523720e-01
   6.3800000e+02   1.6146080e+01   3.8829300e+00  -3.5600533e-01  -5.9720153e-02  -2.8516772e-01
   6.3900000e+02   1.6124980e+01   3.8819310e+00  -3.5597684e-01  -5.9725905e-02  -2.8509846e-01
   6.4000000e+02   1.6103940e+01   3.8809330e+00  -3.5594818e-01  -5.9731339e-02  -2.8502950e-01
   6.4100000e+02   1.6082970e+01   3.8799370e+00  -3.5591935e-01  -5.9736512e-02  -2.8496077e-01
   6.4200000e+02   1.6062050e+01   3.8789430e+00  -3.5589021e-01  -5.9741308e-02  -2.8489226e-01
   6.4300000e+02   1.6041190e+01   3.8779500e+00  -3.5586089e-01  -5.9745776e-02  -2.8482405e-01
   6.4400000e+02   1.6020400e+01   3.8769600e+00  -3.5583135e-01  -5.9750019e-02  -2.8475597e-01
   6.4500000e+02   1.5999660e+01   3.8759700e+00  -3.5580160e-01  -5.9753836e-02  -2.8468827e-01
   6.4600000e+02   1.5978980e+01   3.8749830e+00  -3.5577156e-01  -5.9757364e-02  -2.8462071e-01
   6.4700000e+02   1.5958360e+01   3.8739970e+00  -3.5574138e-01  -5.9760599e-02  -2.8455344e-01
   6.4800000e+02   1.5937800e+01   3.8730140e+00  -3.5571096e-01  -5.9763577e-02  -2.8448632e-01
   6.4900000e+02   1.5917300e+01   3.8720310e+00  -3.5568037e-01  -5.9766192e-02  -2.8441955e-01
   6.5000000e+02   1.5896860e+01   3.8710510e+00  -3.5564956e-01  -5.9768562e-02  -2.8435294e-01
   6.5100000e+02   1.5876470e+01   3.8700720e+00  -3.5561849e-01  -5.9770551e-02  -2.8428659e-01
   6.5200000e+02   1.5856140e+01   3.8690950e+00  -3.5558720e-01  -5.9772241e-02  -2.8422047e-01
   6.5300000e+02   1.5835870e+01   3.8681200e+00  -3.5555572e-01  -5.9773681e-02  -2.8415455e-01
   6.5400000e+02   1.5815660e+01   3.8671460e+00  -3.5552410e-01  -5.9774822e-02  -2.8408891e-01
   6.5500000e+02   1.5795500e+01   3.8661740e+00  -3.5549222e-01  -5.9775617e-02  -2.8402351e-01
   6.5600000e+02   1.5775400e+01   3.8652040e+00  -3.5546011e-01  -5.9776148e-02  -2.8395828e-01
   6.5700000e+02   1.5755350e+01   3.8642350e+00  -3.5542783e-01  -5.9776347e-02  -2.8389334e-01
   6.5800000e+02   1.5735360e+01   3.8632680e+00  -3.5539535e-01  -5.9776276e-02  -2.8382861e-01
   6.5900000e+02   1.5715430e+01   3.8623030e+00  -3.5536267e-01  -5.9775934e-02  -2.8376409e-01
   6.6000000e+02   1.5695550e+01   3.8613400e+00  -3.5532970e-01  -5.9775258e-02  -2.8369974e-01
   6.6100000e+02   1.5675730e+01   3.8603780e+00  -3.5529668e-01  -5.9774353e-02  -2.8363570e-01
   6.6200000e+02   1.5655960e+01   3.8594180e+00  -3.5526338e-01  -5.9773124e-02  -2.8357186e-01
   6.6300000e+02   1.5636250e+01   3.8584600e+00  -3.5522991e-01  -5.9771646e-02  -2.8350821e-01
   6.6400000e+02   1.5616590e+01   3.8575030e+00  -3.5519626e-01  -5.9769851e-02  -2.8344484e-01
   6.6500000e+02   1.5596980e+01   3.8565480e+00  -3.5516231e-01  -5.9767709e-02  -2.8338165e-01
   6.6600000e+02   1.5577430e+01   3.8555950e+00  -3.5512824e-01  -5.9765363e-02  -2.8331867e-01
   6.6700000e+02   1.5557940e+01   3.8546430e+00  -3.5509410e-01  -5.9762806e-02  -2.8325595e-01
   6.6800000e+02   1.5538490e+01   3.8536940e+00  -3.5505956e-01  -5.9759860e-02  -2.8319337e-01
   6.6900000e+02   1.5519100e+01   3.8527460e+00  -3.5502491e-01  -5.9756673e-02  -2.8313104e-01
   6.7000000e+02   1.5499760e+01   3.8517990e+00  -3.5499008e-01  -5.9753166e-02  -2.8306898e-01
   6.7100000e+02   1.5480480e+01   3.8508540e+00  -3.5495512e-01  -5.9749470e-02  -2.8300710e-01
   6.7200000e+02   1.5461250e+01   3.8499110e+00  -3.5491995e-01  -5.9745491e-02  -2.8294542e-01
   6.7300000e+02   1.5442060e+01   3.8489700e+00  -3.5488444e-01  -5.9741126e-02  -2.8288393e-01
   6.7400000e+02   1.5422940e+01   3.8480300e+00  -3.5484895e-01  -5.9736643e-02  -2.8282269e-01
   6.7500000e+02   1.5403860e+01   3.8470920e+00  -3.5481320e-01  -5.9731817e-02  -2.8276166e-01
   6.7600000e+02   1.5384830e+01   3.8461560e+00  -3.5477719e-01  -5.9726703e-02  -2.8270079e-01
   6.7700000e+02   1.5365860e+01   3.8452210e+00  -3.5474114e-01  -5.9721384e-02  -2.8264021e-01
   6.7800000e+02   1.5346940e+01   3.8442880e+00  -3.5470489e-01  -5.9715805e-02  -2.8257979e-01
   6.7900000e+02   1.5328060e+01   3.8433570e+00  -3.5466831e-01  -5.9709870e-02  -2.8251955e-01
   6.8000000e+02   1.5309240e+01   3.8424270e+00  -3.5463167e-01  -5.9703728e-02  -2.8245957e-01
   6.8100000e+02   1.5290470e+01   3.8415000e+00  -3.5459484e-01  -5.9697381e-02  -2.8239972e-01
   6.8200000e+02   1.5271750e+01   3.8405730e+00  -3.5455788e-01  -5.9690732e-02  -2.8234017e-01
   6.8300000e+02   1.5253080e+01   3.8396490e+00  -3.5452066e-01  -5.9683835e-02  -2.8228072e-01
   6.8400000e+02   1.5234460e+01   3.8387260e+00  -3.5448334e-01  -5.9676692e-02  -2.8222155e-01
   6.8500000e+02   1.5215880e+01   3.8378050e+00  -3.5444573e-01  -5.9669226e-02  -2.8216252e-01
   6.8600000e+02   1.5197360e+01   3.8368850e+00  -3.5440809e-01  -5.9661581e-02  -2.8210376e-01
   6.8700000e+02   1.5178890e+01   3.8359670e+00  -3.5437025e-01  -5.9653687e-02  -2.8204517e-01
   6.8800000e+02   1.5160460e+01   3.8350510e+00  -3.5433216e-01  -5.9645485e-02  -2.8198678e-01
   6.8900000e+02   1.5142080e+01   3.8341360e+00  -3.5429396e-01  -5.9637052e-02  -2.8192860e-01
   6.9000000e+02   1.5123760e+01   3.8332230e+00  -3.5425563e-01  -5.9628430e-02  -2.8187060e-01
   6.9100000e+02   1.5105480e+01   3.8323120e+00  -3.5421709e-01  -5.9619544e-02  -2.8181277e-01
   6.9200000e+02   1.5087240e+01   3.8314030e+00  -3.5417827e-01  -5.9610332e-02  -2.8175510e-01
   6.9300000e+02   1.5069060e+01   3.8304950e+00  -3.5413945e-01  -5.9600985e-02  -2.8169770e-01
   6.9400000e+02   1.5050920e+01   3.8295880e+00  -3.5410045e-01  -5.9591333e-02  -2.8164052e-01
   6.9500000e+02   1.5032830e+01   3.8286840e+00  -3.5406120e-01  -5.9581459e-02  -2.8158343e-01
   6.9600000e+02   1.5014790e+01   3.8277810e+00  -3.5402186e-01  -5.9571368e-02  -2.8152658e-01
   6.9700000e+02   1.4996800e+01   3.8268790e+00  -3.5398243e-01  -5.9561052e-02  -2.8146998e-01
   6.9800000e+02   1.4978850e+01   3.8259800e+00  -3.5394270e-01  -5.9550474e-02  -2.8141346e-01
   6.9900000e+02   1.4960950e+01   3.8250820e+00  -3.5390287e-01  -5.9539669e-02  -2.8135718e-01
   7.0000000e+02   1.4943090e+01   3.8241850e+00  -3.5386289e-01  -5.9528587e-02  -2.8130113e-01
   7.0100000e+02   1.4925280e+01   3.8232910e+00  -3.5382272e-01  -5.9517339e-02  -2.8124517e-01
   7.0200000e+02   1.4907520e+01   3.8223980e+00  -3.5378241e-01  -5.9505842e-02  -2.8118943e-01
   7.0300000e+02   1.4889800e+01   3.8215060e+00  -3.5374198e-01  -5.9494088e-02  -2.8113393e-01
   7.0400000e+02   1.4872130e+01   3.8206160e+00  -3.5370143e-01  -5.9482158e-02  -2.8107861e-01
   7.0500000e+02   1.4854500e+01   3.8197280e+00  -3.5366059e-01  -5.9469923e-02  -2.8102341e-01
   7.0600000e+02   1.4836920e+01   3.8188420e+00  -3.5361967e-01  -5.9457539e-02  -2.8096839e-01
   7.0700000e+02   1.4819380e+01   3.8179570e+00  -3.5357857e-01  -5.9444864e-02  -2.8091358e-01
   7.0800000e+02   1.4801890e+01   3.8170730e+00  -3.5353743e-01  -5.9432027e-02  -2.8085901e-01
   7.0900000e+02   1.4784440e+01   3.8161920e+00  -3.5349606e-01  -5.9418970e-02  -2.8080453e-01
   7.1000000e+02   1.4767040e+01   3.8153120e+00  -3.5345454e-01  -5.9405674e-02  -2.8075025e-01
   7.1100000e+02   1.4749680e+01   3.8144330e+00  -3.5341289e-01  -5.9392127e-02  -2.8069619e-01
   7.1200000e+02   1.4732360e+01   3.8135560e+00  -3.5337108e-01  -5.9378374e-02  -2.8064229e-01
   7.1300000e+02   1.4715090e+01   3.8126810e+00  -3.5332914e-01  -5.9364433e-02  -2.8058855e-01
   7.1400000e+02   1.4697870e+01   3.8118080e+00  -3.5328708e-01  -5.9350343e-02  -2.8053494e-01
   7.1500000e+02   1.4680680e+01   3.8109360e+00  -3.5324479e-01  -5.9335903e-02  -2.8048157e-01
   7.1600000e+02   1.4663540e+01   3.8100650e+00  -3.5320247e-01  -5.9321322e-02  -2.8042840e-01
   7.1700000e+02   1.4646440e+01   3.8091960e+00  -3.5315996e-01  -5.9306506e-02  -2.8037538e-01
   7.1800000e+02   1.4629390e+01   3.8083290e+00  -3.5311734e-01  -5.9291534e-02  -2.8032251e-01
   7.1900000e+02   1.4612380e+01   3.8074640e+00  -3.5307453e-01  -5.9276337e-02  -2.8026978e-01
   7.2000000e+02   1.4595410e+01   3.8066000e+00  -3.5303161e-01  -5.9260916e-02  -2.8021727e-01
   7.2100000e+02   1.4578480e+01   3.8057380e+00  -3.5298850e-01  -5.9245269e-02  -2.8016489e-01
   7.2200000e+02   1.4561600e+01   3.8048770e+00  -3.5294533e-01  -5.9229457e-02  -2.8011272e-01
   7.2300000e+02   1.4544760e+01   3.8040180e+00  -3.5290202e-01  -5.9213450e-02  -2.8006069e-01
   7.2400000e+02   1.4527950e+01   3.8031600e+00  -3.5285850e-01  -5.9197136e-02  -2.8000888e-01
   7.2500000e+02   1.4511200e+01   3.8023040e+00  -3.5281499e-01  -5.9180773e-02  -2.7995722e-01
   7.2600000e+02   1.4494480e+01   3.8014500e+00  -3.5277123e-01  -5.9164131e-02  -2.7990568e-01
   7.2700000e+02   1.4477800e+01   3.8005970e+00  -3.5272732e-01  -5.9147251e-02  -2.7985434e-01
   7.2800000e+02   1.4461170e+01   3.7997460e+00  -3.5268333e-01  -5.9130251e-02  -2.7980313e-01
   7.2900000e+02   1.4444570e+01   3.7988960e+00  -3.5263924e-01  -5.9113001e-02  -2.7975217e-01
   7.3000000e+02   1.4428020e+01   3.7980480e+00  -3.5259497e-01  -5.9095583e-02  -2.7970130e-01
   7.3100000e+02   1.4411510e+01   3.7972020e+00  -3.5255057e-01  -5.9077989e-02  -2.7965056e-01
   7.3200000e+02   1.4395040e+01   3.7963570e+00  -3.5250610e-01  -5.9060206e-02  -2.7960005e-01
   7.3300000e+02   1.4378610e+01   3.7955140e+00  -3.5246146e-01  -5.9042228e-02  -2.7954965e-01
   7.3400000e+02   1.4362220e+01   3.7946720e+00  -3.5241673e-01  -5.9024040e-02  -2.7949947e-01
   7.3500000e+02   1.4345860e+01   3.7938320e+00  -3.5237173e-01  -5.9005572e-02  -2.7944940e-01
   7.3600000e+02   1.4329550e+01   3.7929930e+00  -3.5232678e-01  -5.8987032e-02  -2.7939954e-01
   7.3700000e+02   1.4313280e+01   3.7921560e+00  -3.5228164e-01  -5.8968287e-02  -2.7934979e-01
   7.3800000e+02   1.4297050e+01   3.7913210e+00  -3.5223639e-01  -5.8949371e-02  -2.7930020e-01
   7.3900000e+02   1.4280860e+01   3.7904870e+00  -3.5219103e-01  -5.8930259e-02  -2.7925079e-01
   7.4000000e+02   1.4264700e+01   3.7896550e+00  -3.5214548e-01  -5.8910929e-02  -2.7920150e-01
   7.4100000e+02   1.4248590e+01   3.7888240e+00  -3.5209991e-01  -5.8891470e-02  -2.7915242e-01
   7.4200000e+02   1.4232520e+01   3.7879950e+00  -3.5205419e-01  -5.8871839e-02  -2.7910343e-01
   7.4300000e+02   1.4216480e+01   3.7871670e+00  -3.5200836e-01  -5.8851978e-02  -2.7905467e-01
   7.4400000e+02   1.4200480e+01   3.7863410e+00  -3.5196239e-01  -5.8831952e-02  -2.7900602e-01
   7.4500000e+02   1.4184520e+01   3.7855160e+00  -3.5191631e-01  -5.8811728e-02  -2.7895756e-01
   7.4600000e+02   1.4168600e+01   3.7846930e+00  -3.5187010e-01  -5.8791346e-02  -2.7890921e-01
   7.4700000e+02   1.4152720e+01   3.7838720e+00  -3.5182379e-01  -5.8770827e-02  -2.7886099e-01
   7.4800000e+02   1.4136870e+01   3.7830520e+00  -3.5177733e-01  -5.8750066e-02  -2.7881295e-01
   7.4900000e+02   1.4121070e+01   3.7822330e+00  -3.5173090e-01  -5.8729224e-02  -2.7876510e-01
   7.5000000e+02   1.4105300e+01   3.7814170e+00  -3.5168419e-01  -5.8708161e-02  -2.7871730e-01
   7.5100000e+02   1.4089570e+01   3.7806010e+00  -3.5163750e-01  -5.8686923e-02  -2.7866977e-01
   7.5200000e+02   1.4073870e+01   3.7797870e+00  -3.5159058e-01  -5.8665463e-02  -2.7862232e-01
   7.5300000e+02   1.4058210e+01   3.7789750e+00  -3.5154357e-01  -5.8643867e-02  -2.7857502e-01
   7.5400000e+02   1.4042600e+01   3.7781640e+00  -3.5149659e-01  -5.8622201e-02  -2.7852788e-01
   7.5500000e+02   1.4027010e+01   3.7773550e+00  -3.5144933e-01  -5.8600242e-02  -2.7848087e-01
   7.5600000e+02   1.4011470e+01   3.7765470e+00  -3.5140209e-01  -5.8578201e-02  -2.7843403e-01
   7.5700000e+02   1.3995960e+01   3.7757410e+00  -3.5135467e-01  -5.8555966e-02  -2.7838729e-01
   7.5800000e+02   1.3980480e+01   3.7749370e+00  -3.5130706e-01  -5.8533504e-02  -2.7834069e-01
   7.5900000e+02   1.3965050e+01   3.7741330e+00  -3.5125955e-01  -5.8510980e-02  -2.7829432e-01
   7.6000000e+02   1.3949650e+01   3.7733320e+00  -3.5121181e-01  -5.8488284e-02  -2.7824797e-01
   7.6100000e+02   1.3934280e+01   3.7725320e+00  -3.5116391e-01  -5.8465330e-02  -2.7820183e-01
   7.6200000e+02   1.3918960e+01   3.7717330e+00  -3.5111614e-01  -5.8442376e-02  -2.7815588e-01
   7.6300000e+02   1.3903660e+01   3.7709360e+00  -3.5106801e-01  -5.8419089e-02  -2.7811001e-01
   7.6400000e+02   1.3888410e+01   3.7701400e+00  -3.5102000e-01  -5.8395804e-02  -2.7806431e-01
   7.6500000e+02   1.3873190e+01   3.7693460e+00  -3.5097174e-01  -5.8372272e-02  -2.7801872e-01
   7.6600000e+02   1.3858000e+01   3.7685530e+00  -3.5092342e-01  -5.8348581e-02  -2.7797330e-01
   7.6700000e+02   1.3842850e+01   3.7677620e+00  -3.5087499e-01  -5.8324739e-02  -2.7792801e-01
   7.6800000e+02   1.3827740e+01   3.7669730e+00  -3.5082650e-01  -5.8300834e-02  -2.7788279e-01
   7.6900000e+02   1.3812660e+01   3.7661840e+00  -3.5077796e-01  -5.8276705e-02  -2.7783783e-01
   7.7000000e+02   1.3797610e+01   3.7653980e+00  -3.5072915e-01  -5.8252385e-02  -2.7779289e-01
   7.7100000e+02   1.3782600e+01   3.7646130e+00  -3.5068034e-01  -5.8227958e-02  -2.7774813e-01
   7.7200000e+02   1.3767630e+01   3.7638290e+00  -3.5063154e-01  -5.8203444e-02  -2.7770353e-01
   7.7300000e+02   1.3752690e+01   3.7630470e+00  -3.5058255e-01  -5.8178735e-02  -2.7765903e-01
   7.7400000e+02   1.3737780e+01   3.7622660e+00  -3.5053343e-01  -5.8153812e-02  -2.7761470e-01
   7.7500000e+02   1.3722910e+01   3.7614860e+00  -3.5048436e-01  -5.8128827e-02  -2.7757055e-01
   7.7600000e+02   1.3708070e+01   3.7607090e+00  -3.5043505e-01  -5.8103673e-02  -2.7752642e-01
   7.7700000e+02   1.3693270e+01   3.7599320e+00  -3.5038576e-01  -5.8078386e-02  -2.7748251e-01
   7.7800000e+02   1.3678500e+01   3.7591570e+00  -3.5033634e-01  -5.8052951e-02  -2.7743871e-01
   7.7900000e+02   1.3663760e+01   3.7583840e+00  -3.5028674e-01  -5.8027326e-02  -2.7739499e-01
   7.8000000e+02   1.3649060e+01   3.7576120e+00  -3.5023719e-01  -5.8001642e-02  -2.7735146e-01
   7.8100000e+02   1.3634390e+01   3.7568410e+00  -3.5018753e-01  -5.7975769e-02  -2.7730808e-01
   7.8200000e+02   1.3619750e+01   3.7560720e+00  -3.5013769e-01  -5.7949721e-02  -2.7726478e-01
   7.8300000e+02   1.3605150e+01   3.7553050e+00  -3.5008781e-01  -5.7923617e-02  -2.7722157e-01
   7.8400000e+02   1.3590580e+01   3.7545390e+00  -3.5003786e-01  -5.7897341e-02  -2.7717854e-01
   7.8500000e+02   1.3576040e+01   3.7537740e+00  -3.4998780e-01  -5.7870887e-02  -2.7713564e-01
   7.8600000e+02   1.3561540e+01   3.7530110e+00  -3.4993771e-01  -5.7844372e-02  -2.7709287e-01
   7.8700000e+02   1.3547070e+01   3.7522490e+00  -3.4988755e-01  -5.7817720e-02  -2.7705022e-01
   7.8800000e+02   1.3532630e+01   3.7514880e+00  -3.4983727e-01  -5.7790867e-02  -2.7700775e-01
   7.8900000e+02   1.3518220e+01   3.7507300e+00  -3.4978683e-01  -5.7763907e-02  -2.7696529e-01
   7.9000000e+02   1.3503850e+01   3.7499720e+00  -3.4973643e-01  -5.7736833e-02  -2.7692307e-01
   7.9100000e+02   1.3489510e+01   3.7492160e+00  -3.4968595e-01  -5.7709663e-02  -2.7688091e-01
   7.9200000e+02   1.3475200e+01   3.7484610e+00  -3.4963537e-01  -5.7682314e-02  -2.7683893e-01
   7.9300000e+02   1.3460920e+01   3.7477080e+00  -3.4958463e-01  -5.7654810e-02  -2.7679702e-01
   7.9400000e+02   1.3446680e+01   3.7469560e+00  -3.4953393e-01  -5.7627254e-02  -2.7675526e-01
   7.9500000e+02   1.3432460e+01   3.7462060e+00  -3.4948302e-01  -5.7599483e-02  -2.7671359e-01
   7.9600000e+02   1.3418280e+01   3.7454570e+00  -3.4943215e-01  -5.7571663e-02  -2.7667208e-01
   7.9700000e+02   1.3404130e+01   3.7447090e+00  -3.4938118e-01  -5.7543679e-02  -2.7663070e-01
   7.9800000e+02   1.3390010e+01   3.7439630e+00  -3.4933012e-01  -5.7515579e-02  -2.7658943e-01
   7.9900000e+02   1.3375920e+01   3.7432190e+00  -3.4927893e-01  -5.7487359e-02  -2.7654821e-01
   8.0000000e+02   1.3361870e+01   3.7424750e+00  -3.4922782e-01  -5.7459049e-02  -2.7650723e-01
   8.0100000e+02   1.3347840e+01   3.7417330e+00  -3.4917651e-01  -5.7430552e-02  -2.7646631e-01
   8.0200000e+02   1.3333850e+01   3.7409930e+00  -3.4912518e-01  -5.7402016e-02  -2.7642549e-01
   8.0300000e+02   1.3319890e+01   3.7402540e+00  -3.4907378e-01  -5.7373334e-02  -2.7638480e-01
   8.0400000e+02   1.3305950e+01   3.7395160e+00  -3.4902223e-01  -5.7344439e-02  -2.7634426e-01
   8.0500000e+02   1.3292050e+01   3.7387800e+00  -3.4897069e-01  -5.7315532e-02  -2.7630381e-01
   8.0600000e+02   1.3278180e+01   3.7380450e+00  -3.4891910e-01  -5.7286503e-02  -2.7626349e-01
   8.0700000e+02   1.3264340e+01   3.7373110e+00  -3.4886743e-01  -5.7257319e-02  -2.7622333e-01
   8.0800000e+02   1.3250530e+01   3.7365790e+00  -3.4881567e-01  -5.7228045e-02  -2.7618322e-01
   8.0900000e+02   1.3236750e+01   3.7358480e+00  -3.4876388e-01  -5.7198650e-02  -2.7614328e-01
   8.1000000e+02   1.3223000e+01   3.7351190e+00  -3.4871195e-01  -5.7169133e-02  -2.7610340e-01
   8.1100000e+02   1.3209280e+01   3.7343910e+00  -3.4865999e-01  -5.7139511e-02  -2.7606365e-01
   8.1200000e+02   1.3195590e+01   3.7336640e+00  -3.4860800e-01  -5.7109773e-02  -2.7602406e-01
   8.1300000e+02   1.3181930e+01   3.7329390e+00  -3.4855591e-01  -5.7079935e-02  -2.7598454e-01
   8.1400000e+02   1.3168300e+01   3.7322150e+00  -3.4850378e-01  -5.7049981e-02  -2.7594515e-01
   8.1500000e+02   1.3154700e+01   3.7314930e+00  -3.4845155e-01  -5.7019935e-02  -2.7590583e-01
   8.1600000e+02   1.3141130e+01   3.7307720e+00  -3.4839930e-01  -5.6989773e-02  -2.7586667e-01
   8.1700000e+02   1.3127580e+01   3.7300520e+00  -3.4834693e-01  -5.6959438e-02  -2.7582763e-01
   8.1800000e+02   1.3114070e+01   3.7293340e+00  -3.4829453e-01  -5.6929068e-02  -2.7578866e-01
   8.1900000e+02   1.3100590e+01   3.7286170e+00  -3.4824211e-01  -5.6898612e-02  -2.7574983e-01
   8.2000000e+02   1.3087130e+01   3.7279010e+00  -3.4818958e-01  -5.6867976e-02  -2.7571113e-01
   8.2100000e+02   1.3073710e+01   3.7271870e+00  -3.4813703e-01  -5.6837306e-02  -2.7567250e-01
   8.2200000e+02   1.3060310e+01   3.7264740e+00  -3.4808437e-01  -5.6806475e-02  -2.7563400e-01
   8.2300000e+02   1.3046940e+01   3.7257620e+00  -3.4803169e-01  -5.6775546e-02  -2.7559564e-01
   8.2400000e+02   1.3033600e+01   3.7250520e+00  -3.4797895e-01  -5.6744545e-02  -2.7555735e-01
   8.2500000e+02   1.3020290e+01   3.7243430e+00  -3.4792614e-01  -5.6713424e-02  -2.7551918e-01
   8.2600000e+02   1.3007010e+01   3.7236350e+00  -3.4787337e-01  -5.6682244e-02  -2.7548117e-01
   8.2700000e+02   1.2993760e+01   3.7229290e+00  -3.4782046e-01  -5.6650953e-02  -2.7544320e-01
   8.2800000e+02   1.2980530e+01   3.7222240e+00  -3.4776748e-01  -5.6619514e-02  -2.7540536e-01
   8.2900000e+02   1.2967330e+01   3.7215200e+00  -3.4771445e-01  -5.6587963e-02  -2.7536767e-01
   8.3000000e+02   1.2954160e+01   3.7208180e+00  -3.4766139e-01  -5.6556380e-02  -2.7533002e-01
   8.3100000e+02   1.2941020e+01   3.7201170e+00  -3.4760831e-01  -5.6524696e-02  -2.7529251e-01
   8.3200000e+02   1.2927910e+01   3.7194180e+00  -3.4755511e-01  -5.6492923e-02  -2.7525504e-01
   8.3300000e+02   1.2914820e+01   3.7187190e+00  -3.4750192e-01  -5.6460998e-02  -2.7521780e-01
   8.3400000e+02   1.2901770e+01   3.7180220e+00  -3.4744872e-01  -5.6429079e-02  -2.7518060e-01
   8.3500000e+02   1.2888730e+01   3.7173270e+00  -3.4739528e-01  -5.6396931e-02  -2.7514346e-01
   8.3600000e+02   1.2875730e+01   3.7166320e+00  -3.4734196e-01  -5.6364751e-02  -2.7510653e-01
   8.3700000e+02   1.2862760e+01   3.7159390e+00  -3.4728861e-01  -5.6332558e-02  -2.7506964e-01
   8.3800000e+02   1.2849810e+01   3.7152480e+00  -3.4723508e-01  -5.6300194e-02  -2.7503280e-01
   8.3900000e+02   1.2836890e+01   3.7145570e+00  -3.4718163e-01  -5.6267758e-02  -2.7499617e-01
   8.4000000e+02   1.2823990e+01   3.7138680e+00  -3.4712798e-01  -5.6235148e-02  -2.7495959e-01
   8.4100000e+02   1.2811130e+01   3.7131800e+00  -3.4707448e-01  -5.6202600e-02  -2.7492314e-01
   8.4200000e+02   1.2798290e+01   3.7124940e+00  -3.4702080e-01  -5.6169898e-02  -2.7488673e-01
   8.4300000e+02   1.2785470e+01   3.7118090e+00  -3.4696704e-01  -5.6137047e-02  -2.7485046e-01
   8.4400000e+02   1.2772690e+01   3.7111250e+00  -3.4691335e-01  -5.6104203e-02  -2.7481430e-01
   8.4500000e+02   1.2759930e+01   3.7104420e+00  -3.4685961e-01  -5.6071232e-02  -2.7477828e-01
   8.4600000e+02   1.2747190e+01   3.7097610e+00  -3.4680570e-01  -5.6038124e-02  -2.7474228e-01
   8.4700000e+02   1.2734490e+01   3.7090810e+00  -3.4675190e-01  -5.6005045e-02  -2.7470642e-01
   8.4800000e+02   1.2721810e+01   3.7084020e+00  -3.4669800e-01  -5.5971807e-02  -2.7467069e-01
   8.4900000e+02   1.2709150e+01   3.7077250e+00  -3.4664398e-01  -5.5938467e-02  -2.7463499e-01
   8.5000000e+02   1.2696530e+01   3.7070480e+00  -3.4659012e-01  -5.5905135e-02  -2.7459949e-01
   8.5100000e+02   1.2683920e+01   3.7063740e+00  -3.4653595e-01  -5.5871600e-02  -2.7456397e-01
   8.5200000e+02   1.2671350e+01   3.7057000e+00  -3.4648194e-01  -5.5838074e-02  -2.7452863e-01
   8.5300000e+02   1.2658800e+01   3.7050280e+00  -3.4642780e-01  -5.5804435e-02  -2.7449335e-01
   8.5400000e+02   1.2646280e+01   3.7043560e+00  -3.4637375e-01  -5.5770748e-02  -2.7445826e-01
   8.5500000e+02   1.2633780e+01   3.7036870e+00  -3.4631950e-01  -5.5736954e-02  -2.7442312e-01
   8.5600000e+02   1.2621310e+01   3.7030180e+00  -3.4626535e-01  -5.5703110e-02  -2.7438819e-01
   8.5700000e+02   1.2608860e+01   3.7023510e+00  -3.4621104e-01  -5.5669130e-02  -2.7435330e-01
   8.5800000e+02   1.2596440e+01   3.7016850e+00  -3.4615675e-01  -5.5635122e-02  -2.7431852e-01
   8.5900000e+02   1.2584040e+01   3.7010200e+00  -3.4610237e-01  -5.5600958e-02  -2.7428386e-01
   8.6000000e+02   1.2571670e+01   3.7003560e+00  -3.4604806e-01  -5.5566794e-02  -2.7424932e-01
   8.6100000e+02   1.2559330e+01   3.6996940e+00  -3.4599369e-01  -5.5532590e-02  -2.7421480e-01
   8.6200000e+02   1.2547010e+01   3.6990330e+00  -3.4593926e-01  -5.5498265e-02  -2.7418041e-01
   8.6300000e+02   1.2534710e+01   3.6983730e+00  -3.4588477e-01  -5.5463831e-02  -2.7414613e-01
   8.6400000e+02   1.2522440e+01   3.6977150e+00  -3.4583023e-01  -5.5429357e-02  -2.7411190e-01
   8.6500000e+02   1.2510200e+01   3.6970570e+00  -3.4577578e-01  -5.5394838e-02  -2.7407784e-01
   8.6600000e+02   1.2497980e+01   3.6964010e+00  -3.4572123e-01  -5.5360234e-02  -2.7404382e-01
   8.6700000e+02   1.2485780e+01   3.6957460e+00  -3.4566659e-01  -5.5325498e-02  -2.7400991e-01
   8.6800000e+02   1.2473610e+01   3.6950930e+00  -3.4561192e-01  -5.5290740e-02  -2.7397605e-01
   8.6900000e+02   1.2461470e+01   3.6944400e+00  -3.4555737e-01  -5.5255956e-02  -2.7394237e-01
   8.7000000e+02   1.2449350e+01   3.6937890e+00  -3.4550272e-01  -5.5221097e-02  -2.7390872e-01
   8.7100000e+02   1.2437250e+01   3.6931390e+00  -3.4544797e-01  -5.5186092e-02  -2.7387518e-01
   8.7200000e+02   1.2425180e+01   3.6924910e+00  -3.4539320e-01  -5.5151086e-02  -2.7384167e-01
   8.7300000e+02   1.2413130e+01   3.6918430e+00  -3.4533847e-01  -5.5115976e-02  -2.7380836e-01
   8.7400000e+02   1.2401110e+01   3.6911970e+00  -3.4528367e-01  -5.5080835e-02  -2.7377507e-01
   8.7500000e+02   1.2389110e+01   3.6905520e+00  -3.4522886e-01  -5.5045606e-02  -2.7374189e-01
   8.7600000e+02   1.2377130e+01   3.6899080e+00  -3.4517398e-01  -5.5010273e-02  -2.7370881e-01
   8.7700000e+02   1.2365180e+01   3.6892650e+00  -3.4511917e-01  -5.4974936e-02  -2.7367584e-01
   8.7800000e+02   1.2353250e+01   3.6886240e+00  -3.4506421e-01  -5.4939493e-02  -2.7364290e-01
   8.7900000e+02   1.2341350e+01   3.6879840e+00  -3.4500932e-01  -5.4904040e-02  -2.7361008e-01
   8.8000000e+02   1.2329470e+01   3.6873450e+00  -3.4495439e-01  -5.4868506e-02  -2.7357736e-01
   8.8100000e+02   1.2317610e+01   3.6867070e+00  -3.4489939e-01  -5.4832855e-02  -2.7354472e-01
   8.8200000e+02   1.2305780e+01   3.6860700e+00  -3.4484446e-01  -5.4797199e-02  -2.7351222e-01
   8.8300000e+02   1.2293970e+01   3.6854350e+00  -3.4478939e-01  -5.4761456e-02  -2.7347972e-01
   8.8400000e+02   1.2282180e+01   3.6848010e+00  -3.4473432e-01  -5.4725640e-02  -2.7344734e-01
   8.8500000e+02   1.2270420e+01   3.6841680e+00  -3.4467929e-01  -5.4689809e-02  -2.7341506e-01
   8.8600000e+02   1.2258680e+01   3.6835360e+00  -3.4462419e-01  -5.4653869e-02  -2.7338288e-01
   8.8700000e+02   1.2246970e+01   3.6829050e+00  -3.4456919e-01  -5.4617971e-02  -2.7335079e-01
   8.8800000e+02   1.2235270e+01   3.6822760e+00  -3.4451397e-01  -5.4581873e-02  -2.7331874e-01
   8.8900000e+02   1.2223610e+01   3.6816470e+00  -3.4445899e-01  -5.4545879e-02  -2.7328686e-01
   8.9000000e+02   1.2211960e+01   3.6810200e+00  -3.4440378e-01  -5.4509691e-02  -2.7325502e-01
   8.9100000e+02   1.2200340e+01   3.6803940e+00  -3.4434864e-01  -5.4473534e-02  -2.7322325e-01
   8.9200000e+02   1.2188730e+01   3.6797700e+00  -3.4429329e-01  -5.4437183e-02  -2.7319154e-01
   8.9300000e+02   1.2177160e+01   3.6791460e+00  -3.4423820e-01  -5.4400960e-02  -2.7315998e-01
   8.9400000e+02   1.2165600e+01   3.6785240e+00  -3.4418291e-01  -5.4364563e-02  -2.7312844e-01
   8.9500000e+02   1.2154070e+01   3.6779020e+00  -3.4412770e-01  -5.4328135e-02  -2.7309708e-01
   8.9600000e+02   1.2142560e+01   3.6772820e+00  -3.4407244e-01  -5.4291663e-02  -2.7306575e-01
   8.9700000e+02   1.2131070e+01   3.6766630e+00  -3.4401714e-01  -5.4255120e-02  -2.7303450e-01
   8.9800000e+02   1.2119610e+01   3.6760460e+00  -3.4396187e-01  -5.4218612e-02  -2.7300329e-01
   8.9900000e+02   1.2108160e+01   3.6754290e+00  -3.4390651e-01  -5.4181912e-02  -2.7297224e-01
   9.0000000e+02   1.2096740e+01   3.6748130e+00  -3.4385123e-01  -5.4145233e-02  -2.7294128e-01
   9.0100000e+02   1.2085350e+01   3.6741990e+00  -3.4379595e-01  -5.4108576e-02  -2.7291036e-01
   9.0200000e+02   1.2073970e+01   3.6735860e+00  -3.4374055e-01  -5.4071761e-02  -2.7287951e-01
   9.0300000e+02   1.2062620e+01   3.6729740e+00  -3.4368524e-01  -5.4034980e-02  -2.7284878e-01
   9.0400000e+02   1.2051280e+01   3.6723630e+00  -3.4362978e-01  -5.3998011e-02  -2.7281813e-01
   9.0500000e+02   1.2039970e+01   3.6717530e+00  -3.4357441e-01  -5.3961092e-02  -2.7278756e-01
   9.0600000e+02   1.2028690e+01   3.6711450e+00  -3.4351905e-01  -5.3924183e-02  -2.7275703e-01
   9.0700000e+02   1.2017420e+01   3.6705370e+00  -3.4346366e-01  -5.3887143e-02  -2.7272665e-01
   9.0800000e+02   1.2006170e+01   3.6699310e+00  -3.4340814e-01  -5.3850013e-02  -2.7269630e-01
   9.0900000e+02   1.1994950e+01   3.6693260e+00  -3.4335272e-01  -5.3812921e-02  -2.7266603e-01
   9.1000000e+02   1.1983750e+01   3.6687220e+00  -3.4329729e-01  -5.3775769e-02  -2.7263586e-01
   9.1100000e+02   1.1972570e+01   3.6681190e+00  -3.4324186e-01  -5.3738571e-02  -2.7260579e-01
   9.1200000e+02   1.1961410e+01   3.6675170e+00  -3.4318640e-01  -5.3701306e-02  -2.7257578e-01
   9.1300000e+02   1.1950280e+01   3.6669160e+00  -3.4313101e-01  -5.3664064e-02  -2.7254589e-01
   9.1400000e+02   1.1939160e+01   3.6663170e+00  -3.4307546e-01  -5.3626695e-02  -2.7251600e-01
   9.1500000e+02   1.1928070e+01   3.6657180e+00  -3.4302005e-01  -5.3589339e-02  -2.7248628e-01
   9.1600000e+02   1.1916990e+01   3.6651210e+00  -3.4296447e-01  -5.3551854e-02  -2.7245657e-01
   9.1700000e+02   1.1905940e+01   3.6645240e+00  -3.4290903e-01  -5.3514392e-02  -2.7242701e-01
   9.1800000e+02   1.1894910e+01   3.6639290e+00  -3.4285354e-01  -5.3476895e-02  -2.7239749e-01
   9.1900000e+02   1.1883900e+01   3.6633350e+00  -3.4279801e-01  -5.3439331e-02  -2.7236803e-01
   9.2000000e+02   1.1872910e+01   3.6627420e+00  -3.4274251e-01  -5.3401733e-02  -2.7233868e-01
   9.2100000e+02   1.1861950e+01   3.6621510e+00  -3.4268700e-01  -5.3364176e-02  -2.7230933e-01
   9.2200000e+02   1.1851000e+01   3.6615600e+00  -3.4263148e-01  -5.3326483e-02  -2.7228014e-01
   9.2300000e+02   1.1840070e+01   3.6609700e+00  -3.4257595e-01  -5.3288735e-02  -2.7225104e-01
   9.2400000e+02   1.1829170e+01   3.6603820e+00  -3.4252043e-01  -5.3251042e-02  -2.7222195e-01
   9.2500000e+02   1.1818280e+01   3.6597940e+00  -3.4246487e-01  -5.3213193e-02  -2.7219300e-01
   9.2600000e+02   1.1807420e+01   3.6592080e+00  -3.4240937e-01  -5.3175418e-02  -2.7216408e-01
   9.2700000e+02   1.1796570e+01   3.6586230e+00  -3.4235375e-01  -5.3137501e-02  -2.7213524e-01
   9.2800000e+02   1.1785750e+01   3.6580390e+00  -3.4229823e-01  -5.3099636e-02  -2.7210648e-01
   9.2900000e+02   1.1774950e+01   3.6574550e+00  -3.4224276e-01  -5.3061705e-02  -2.7207788e-01
   9.3000000e+02   1.1764170e+01   3.6568730e+00  -3.4218725e-01  -5.3023758e-02  -2.7204929e-01
   9.3100000e+02   1.1753400e+01   3.6562930e+00  -3.4213158e-01  -5.2985699e-02  -2.7202071e-01
   9.3200000e+02   1.1742660e+01   3.6557130e+00  -3.4207606e-01  -5.2947672e-02  -2.7199228e-01
   9.3300000e+02   1.1731940e+01   3.6551340e+00  -3.4202055e-01  -5.2909609e-02  -2.7196394e-01
   9.3400000e+02   1.1721240e+01   3.6545560e+00  -3.4196504e-01  -5.2871512e-02  -2.7193568e-01
   9.3500000e+02   1.1710560e+01   3.6539800e+00  -3.4190947e-01  -5.2833389e-02  -2.7190741e-01
   9.3600000e+02   1.1699900e+01   3.6534040e+00  -3.4185397e-01  -5.2795224e-02  -2.7187930e-01
   9.3700000e+02   1.1689250e+01   3.6528300e+00  -3.4179833e-01  -5.2756945e-02  -2.7185122e-01
   9.3800000e+02   1.1678630e+01   3.6522560e+00  -3.4174283e-01  -5.2718705e-02  -2.7182326e-01
   9.3900000e+02   1.1668030e+01   3.6516840e+00  -3.4168730e-01  -5.2680467e-02  -2.7179532e-01
   9.4000000e+02   1.1657450e+01   3.6511120e+00  -3.4163183e-01  -5.2642175e-02  -2.7176753e-01
   9.4100000e+02   1.1646880e+01   3.6505420e+00  -3.4157621e-01  -5.2603772e-02  -2.7173975e-01
   9.4200000e+02   1.1636340e+01   3.6499730e+00  -3.4152070e-01  -5.2565444e-02  -2.7171203e-01
   9.4300000e+02   1.1625820e+01   3.6494050e+00  -3.4146519e-01  -5.2527076e-02  -2.7168440e-01
   9.4400000e+02   1.1615310e+01   3.6488380e+00  -3.4140962e-01  -5.2488605e-02  -2.7165686e-01
   9.4500000e+02   1.1604830e+01   3.6482720e+00  -3.4135414e-01  -5.2450191e-02  -2.7162938e-01
   9.4600000e+02   1.1594360e+01   3.6477070e+00  -3.4129858e-01  -5.2411662e-02  -2.7160198e-01
   9.4700000e+02   1.1583920e+01   3.6471430e+00  -3.4124314e-01  -5.2373206e-02  -2.7157465e-01
   9.4800000e+02   1.1573490e+01   3.6465800e+00  -3.4118761e-01  -5.2334626e-02  -2.7154741e-01
   9.4900000e+02   1.1563080e+01   3.6460180e+00  -3.4113209e-01  -5.2296040e-02  -2.7152023e-01
   9.5000000e+02   1.1552700e+01   3.6454570e+00  -3.4107669e-01  -5.2257506e-02  -2.7149314e-01
   9.5100000e+02   1.1542330e+01   3.6448970e+00  -3.4102122e-01  -5.2218882e-02  -2.7146611e-01
   9.5200000e+02   1.1531980e+01   3.6443390e+00  -3.4096569e-01  -5.2180249e-02  -2.7143908e-01
   9.5300000e+02   1.1521650e+01   3.6437810e+00  -3.4091025e-01  -5.2141583e-02  -2.7141220e-01
   9.5400000e+02   1.1511330e+01   3.6432240e+00  -3.4085473e-01  -5.2102810e-02  -2.7138539e-01
   9.5500000e+02   1.1501040e+01   3.6426680e+00  -3.4079932e-01  -5.2064102e-02  -2.7135867e-01
   9.5600000e+02   1.1490770e+01   3.6421140e+00  -3.4074389e-01  -5.2025410e-02  -2.7133194e-01
   9.5700000e+02   1.1480510e+01   3.6415600e+00  -3.4068843e-01  -5.1986592e-02  -2.7130535e-01
   9.5800000e+02   1.1470270e+01   3.6410070e+00  -3.4063300e-01  -5.1947773e-02  -2.7127883e-01
   9.5900000e+02   1.1460060e+01   3.6404560e+00  -3.4057762e-01  -5.1909031e-02  -2.7125232e-01
   9.6000000e+02   1.1449860e+01   3.6399050e+00  -3.4052224e-01  -5.1870182e-02  -2.7122594e-01
   9.6100000e+02   1.1439680e+01   3.6393550e+00  -3.4046687e-01  -5.1831315e-02  -2.7119963e-01
   9.6200000e+02   1.1429510e+01   3.6388070e+00  -3.4041137e-01  -5.1792373e-02  -2.7117332e-01
   9.6300000e+02   1.1419370e+01   3.6382590e+00  -3.4035607e-01  -5.1753494e-02  -2.7114716e-01
   9.6400000e+02   1.1409240e+01   3.6377130e+00  -3.4030063e-01  -5.1714533e-02  -2.7112100e-01
   9.6500000e+02   1.1399140e+01   3.6371670e+00  -3.4024538e-01  -5.1675644e-02  -2.7109498e-01
   9.6600000e+02   1.1389050e+01   3.6366230e+00  -3.4019000e-01  -5.1636679e-02  -2.7106894e-01
   9.6700000e+02   1.1378980e+01   3.6360790e+00  -3.4013470e-01  -5.1597685e-02  -2.7104306e-01
   9.6800000e+02   1.1368920e+01   3.6355360e+00  -3.4007934e-01  -5.1558609e-02  -2.7101724e-01
   9.6900000e+02   1.1358890e+01   3.6349950e+00  -3.4002403e-01  -5.1519617e-02  -2.7099140e-01
   9.7000000e+02   1.1348870e+01   3.6344540e+00  -3.3996874e-01  -5.1480536e-02  -2.7096572e-01
   9.7100000e+02   1.1338870e+01   3.6339150e+00  -3.3991341e-01  -5.1441458e-02  -2.7094004e-01
   9.7200000e+02   1.1328890e+01   3.6333760e+00  -3.3985818e-01  -5.1402369e-02  -2.7091448e-01
   9.7300000e+02   1.1318930e+01   3.6328380e+00  -3.3980298e-01  -5.1363293e-02  -2.7088899e-01
   9.7400000e+02   1.1308990e+01   3.6323020e+00  -3.3974775e-01  -5.1324213e-02  -2.7086351e-01
   9.7500000e+02   1.1299060e+01   3.6317660e+00  -3.3969252e-01  -5.1285044e-02  -2.7083816e-01
   9.7600000e+02   1.1289150e+01   3.6312310e+00  -3.3963733e-01  -5.1245876e-02  -2.7081287e-01
   9.7700000e+02   1.1279260e+01   3.6306970e+00  -3.3958217e-01  -5.1206708e-02  -2.7078764e-01
   9.7800000e+02   1.1269390e+01   3.6301650e+00  -3.3952699e-01  -5.1167563e-02  -2.7076242e-01
   9.7900000e+02   1.1259530e+01   3.6296330e+00  -3.3947180e-01  -5.1128309e-02  -2.7073733e-01
   9.8000000e+02   1.1249690e+01   3.6291020e+00  -3.3941666e-01  -5.1089079e-02  -2.7071229e-01
   9.8100000e+02   1.1239870e+01   3.6285720e+00  -3.3936155e-01  -5.1049852e-02  -2.7068732e-01
   9.8200000e+02   1.1230070e+01   3.6280430e+00  -3.3930648e-01  -5.1010627e-02  -2.7066242e-01
   9.8300000e+02   1.1220280e+01   3.6275150e+00  -3.3925136e-01  -5.0971323e-02  -2.7063759e-01
   9.8400000e+02   1.1210520e+01   3.6269890e+00  -3.3919630e-01  -5.0932138e-02  -2.7061272e-01
   9.8500000e+02   1.1200760e+01   3.6264630e+00  -3.3914117e-01  -5.0892764e-02  -2.7058802e-01
   9.8600000e+02   1.1191030e+01   3.6259380e+00  -3.3908617e-01  -5.0853502e-02  -2.7056336e-01
   9.8700000e+02   1.1181310e+01   3.6254130e+00  -3.3903118e-01  -5.0814141e-02  -2.7053883e-01
   9.8800000e+02   1.1171610e+01   3.6248900e+00  -3.3897616e-01  -5.0774802e-02  -2.7051431e-01
   9.8900000e+02   1.1161930e+01   3.6243680e+00  -3.3892120e-01  -5.0735483e-02  -2.7048985e-01
   9.9000000e+02   1.1152270e+01   3.6238470e+00  -3.3886629e-01  -5.0696187e-02  -2.7046544e-01
   9.9100000e+02   1.1142620e+01   3.6233270e+00  -3.3881130e-01  -5.0656803e-02  -2.7044108e-01
   9.9200000e+02   1.1132990e+01   3.6228070e+00  -3.3875645e-01  -5.0617436e-02  -2.7041687e-01
   9.9300000e+02   1.1123370e+01   3.6222890e+00  -3.3870146e-01  -5.0577997e-02  -2.7039264e-01
   9.9400000e+02   1.1113780e+01   3.6217710e+00  -3.3864669e-01  -5.0538658e-02  -2.7036854e-01
   9.9500000e+02   1.1104200e+01   3.6212550e+00  -3.3859179e-01  -5.0499259e-02  -2.7034442e-01
   9.9600000e+02   1.1094630e+01   3.6207390e+00  -3.3853692e-01  -5.0459772e-02  -2.7032045e-01
   9.9700000e+02   1.1085090e+01   3.6202250e+00  -3.3848213e-01  -5.0420427e-02  -2.7029644e-01
   9.9800000e+02   1.1075560e+01   3.6197110e+00  -3.3842736e-01  -5.0380982e-02  -2.7027259e-01
   9.9900000e+02   1.1066040e+01   3.6191980e+00  -3.3837253e-01  -5.0341468e-02  -2.7024878e-01
   1.0000000e+03   1.1056550e+01   3.6186860e+00  -3.3831786e-01  -5.0302081e-02  -2.7022504e-01
   1.0010000e+03   1.1047060e+01   3.6181750e+00  -3.3826304e-01  -5.0262524e-02  -2.7020135e-01
   1.0020000e+03   1.1037600e+01   3.6176650e+00  -3.3820837e-01  -5.0223088e-02  -2.7017771e-01
   1.0030000e+03   1.1028150e+01   3.6171560e+00  -3.3815365e-01  -5.0183583e-02  -2.7015413e-01
   1.0040000e+03   1.1018720e+01   3.6166480e+00  -3.3809898e-01  -5.0144105e-02  -2.7013060e-01
   1.0050000e+03   1.1009310e+01   3.6161410e+00  -3.3804437e-01  -5.0104657e-02  -2.7010714e-01
   1.0060000e+03   1.0999910e+01   3.6156350e+00  -3.3798973e-01  -5.0065150e-02  -2.7008373e-01
   1.0070000e+03   1.0990530e+01   3.6151290e+00  -3.3793520e-01  -5.0025647e-02  -2.7006045e-01
   1.0080000e+03   1.0981160e+01   3.6146250e+00  -3.3788054e-01  -4.9986096e-02  -2.7003714e-01
   1.0090000e+03   1.0971810e+01   3.6141210e+00  -3.3782603e-01  -4.9946568e-02  -2.7001397e-01
   1.0100000e+03   1.0962480e+01   3.6136180e+00  -3.3777156e-01  -4.9907064e-02  -2.6999085e-01
   1.0110000e+03   1.0953160e+01   3.6131170e+00  -3.3771699e-01  -4.9867519e-02  -2.6996772e-01
   1.0120000e+03   1.0943860e+01   3.6126160e+00  -3.3766255e-01  -4.9827988e-02  -2.6994471e-01
   1.0130000e+03   1.0934580e+01   3.6121160e+00  -3.3760815e-01  -4.9788497e-02  -2.6992174e-01
   1.0140000e+03   1.0925310e+01   3.6116170e+00  -3.3755372e-01  -4.9748941e-02  -2.6989884e-01
   1.0150000e+03   1.0916060e+01   3.6111180e+00  -3.3749942e-01  -4.9709410e-02  -2.6987606e-01
   1.0160000e+03   1.0906820e+01   3.6106210e+00  -3.3744500e-01  -4.9669841e-02  -2.6985324e-01
   1.0170000e+03   1.0897600e+01   3.6101250e+00  -3.3739066e-01  -4.9630299e-02  -2.6983051e-01
   1.0180000e+03   1.0888390e+01   3.6096290e+00  -3.3733634e-01  -4.9590692e-02  -2.6980789e-01
   1.0190000e+03   1.0879200e+01   3.6091350e+00  -3.3728201e-01  -4.9551135e-02  -2.6978524e-01
   1.0200000e+03   1.0870030e+01   3.6086410e+00  -3.3722780e-01  -4.9511597e-02  -2.6976272e-01
   1.0210000e+03   1.0860870e+01   3.6081480e+00  -3.3717357e-01  -4.9472014e-02  -2.6974025e-01
   1.0220000e+03   1.0851730e+01   3.6076560e+00  -3.3711939e-01  -4.9432465e-02  -2.6971782e-01
   1.0230000e+03   1.0842600e+01   3.6071650e+00  -3.3706519e-01  -4.9392863e-02  -2.6969546e-01
   1.0240000e+03   1.0833490e+01   3.6066750e+00  -3.3701105e-01  -4.9353303e-02  -2.6967315e-01
   1.0250000e+03   1.0824400e+01   3.6061860e+00  -3.3695697e-01  -4.9313796e-02  -2.6965086e-01
   1.0260000e+03   1.0815320e+01   3.6056970e+00  -3.3690292e-01  -4.9274214e-02  -2.6962872e-01
   1.0270000e+03   1.0806250e+01   3.6052100e+00  -3.3684878e-01  -4.9234597e-02  -2.6960656e-01
   1.0280000e+03   1.0797200e+01   3.6047230e+00  -3.3679475e-01  -4.9195012e-02  -2.6958450e-01
   1.0290000e+03   1.0788170e+01   3.6042370e+00  -3.3674081e-01  -4.9155467e-02  -2.6956251e-01
   1.0300000e+03   1.0779150e+01   3.6037520e+00  -3.3668683e-01  -4.9115876e-02  -2.6954056e-01
   1.0310000e+03   1.0770150e+01   3.6032680e+00  -3.3663290e-01  -4.9076324e-02  -2.6951865e-01
   1.0320000e+03   1.0761160e+01   3.6027850e+00  -3.3657896e-01  -4.9036741e-02  -2.6949679e-01
   1.0330000e+03   1.0752190e+01   3.6023030e+00  -3.3652509e-01  -4.8997202e-02  -2.6947498e-01
   1.0340000e+03   1.0743230e+01   3.6018210e+00  -3.3647125e-01  -4.8957606e-02  -2.6945328e-01
   1.0350000e+03   1.0734290e+01   3.6013400e+00  -3.3641748e-01  -4.8918055e-02  -2.6943164e-01
   1.0360000e+03   1.0725360e+01   3.6008610e+00  -3.3636362e-01  -4.8878463e-02  -2.6940999e-01
   1.0370000e+03   1.0716450e+01   3.6003820e+00  -3.3630989e-01  -4.8838922e-02  -2.6938843e-01
   1.0380000e+03   1.0707550e+01   3.5999040e+00  -3.3625613e-01  -4.8799330e-02  -2.6936693e-01
   1.0390000e+03   1.0698670e+01   3.5994260e+00  -3.3620251e-01  -4.8759782e-02  -2.6934554e-01
   1.0400000e+03   1.0689800e+01   3.5989500e+00  -3.3614879e-01  -4.8720195e-02  -2.6932412e-01
   1.0410000e+03   1.0680950e+01   3.5984750e+00  -3.3609517e-01  -4.8680672e-02  -2.6930277e-01
   1.0420000e+03   1.0672110e+01   3.5980000e+00  -3.3604156e-01  -4.8641094e-02  -2.6928152e-01
   1.0430000e+03   1.0663290e+01   3.5975260e+00  -3.3598803e-01  -4.8601568e-02  -2.6926031e-01
   1.0440000e+03   1.0654480e+01   3.5970530e+00  -3.3593448e-01  -4.8562006e-02  -2.6923914e-01
   1.0450000e+03   1.0645680e+01   3.5965810e+00  -3.3588091e-01  -4.8522409e-02  -2.6921803e-01
   1.0460000e+03   1.0636910e+01   3.5961100e+00  -3.3582751e-01  -4.8482952e-02  -2.6919696e-01
   1.0470000e+03   1.0628140e+01   3.5956390e+00  -3.3577405e-01  -4.8443353e-02  -2.6917602e-01
   1.0480000e+03   1.0619390e+01   3.5951690e+00  -3.3572066e-01  -4.8403814e-02  -2.6915510e-01
   1.0490000e+03   1.0610660e+01   3.5947010e+00  -3.3566730e-01  -4.8364348e-02  -2.6913416e-01
   1.0500000e+03   1.0601940e+01   3.5942330e+00  -3.3561396e-01  -4.8324826e-02  -2.6911333e-01
   1.0510000e+03   1.0593230e+01   3.5937660e+00  -3.3556062e-01  -4.8285278e-02  -2.6909254e-01
   1.0520000e+03   1.0584540e+01   3.5932990e+00  -3.3550740e-01  -4.8245768e-02  -2.6907187e-01
   1.0530000e+03   1.0575860e+01   3.5928340e+00  -3.3545411e-01  -4.8206244e-02  -2.6905118e-01
   1.0540000e+03   1.0567200e+01   3.5923690e+00  -3.3540096e-01  -4.8166764e-02  -2.6903059e-01
   1.0550000e+03   1.0558550e+01   3.5919050e+00  -3.3534780e-01  -4.8127266e-02  -2.6901004e-01
   1.0560000e+03   1.0549920e+01   3.5914420e+00  -3.3529469e-01  -4.8087806e-02  -2.6898953e-01
   1.0570000e+03   1.0541300e+01   3.5909800e+00  -3.3524158e-01  -4.8048323e-02  -2.6896907e-01
   1.0580000e+03   1.0532690e+01   3.5905190e+00  -3.3518846e-01  -4.8008824e-02  -2.6894866e-01
   1.0590000e+03   1.0524100e+01   3.5900580e+00  -3.3513547e-01  -4.7969367e-02  -2.6892833e-01
   1.0600000e+03   1.0515520e+01   3.5895980e+00  -3.3508247e-01  -4.7929875e-02  -2.6890806e-01
   1.0610000e+03   1.0506960e+01   3.5891390e+00  -3.3502955e-01  -4.7890447e-02  -2.6888784e-01
   1.0620000e+03   1.0498410e+01   3.5886810e+00  -3.3497660e-01  -4.7850998e-02  -2.6886764e-01
   1.0630000e+03   1.0489880e+01   3.5882240e+00  -3.3492375e-01  -4.7811609e-02  -2.6884750e-01
   1.0640000e+03   1.0481360e+01   3.5877670e+00  -3.3487095e-01  -4.7772193e-02  -2.6882746e-01
   1.0650000e+03   1.0472850e+01   3.5873120e+00  -3.3481807e-01  -4.7732752e-02  -2.6880738e-01
   1.0660000e+03   1.0464360e+01   3.5868570e+00  -3.3476531e-01  -4.7693364e-02  -2.6878741e-01
   1.0670000e+03   1.0455880e+01   3.5864020e+00  -3.3471264e-01  -4.7653942e-02  -2.6876757e-01
   1.0680000e+03   1.0447410e+01   3.5859490e+00  -3.3465986e-01  -4.7614500e-02  -2.6874769e-01
   1.0690000e+03   1.0438960e+01   3.5854970e+00  -3.3460719e-01  -4.7575148e-02  -2.6872783e-01
   1.0700000e+03   1.0430530e+01   3.5850450e+00  -3.3455465e-01  -4.7535829e-02  -2.6870810e-01
   1.0710000e+03   1.0422100e+01   3.5845940e+00  -3.3450200e-01  -4.7496408e-02  -2.6868840e-01
   1.0720000e+03   1.0413690e+01   3.5841440e+00  -3.3444945e-01  -4.7457064e-02  -2.6866872e-01
   1.0730000e+03   1.0405300e+01   3.5836940e+00  -3.3439703e-01  -4.7417762e-02  -2.6864917e-01
   1.0740000e+03   1.0396910e+01   3.5832460e+00  -3.3434445e-01  -4.7378375e-02  -2.6862957e-01
   1.0750000e+03   1.0388550e+01   3.5827980e+00  -3.3429212e-01  -4.7339124e-02  -2.6861010e-01
   1.0760000e+03   1.0380190e+01   3.5823510e+00  -3.3423968e-01  -4.7299774e-02  -2.6859065e-01
   1.0770000e+03   1.0371850e+01   3.5819050e+00  -3.3418733e-01  -4.7260489e-02  -2.6857125e-01
   1.0780000e+03   1.0363520e+01   3.5814590e+00  -3.3413502e-01  -4.7221181e-02  -2.6855193e-01
   1.0790000e+03   1.0355210e+01   3.5810150e+00  -3.3408275e-01  -4.7181949e-02  -2.6853259e-01
   1.0800000e+03   1.0346900e+01   3.5805710e+00  -3.3403043e-01  -4.7142596e-02  -2.6851337e-01
   1.0810000e+03   1.0338620e+01   3.5801280e+00  -3.3397829e-01  -4.7103415e-02  -2.6849416e-01
   1.0820000e+03   1.0330340e+01   3.5796850e+00  -3.3392612e-01  -4.7064104e-02  -2.6847508e-01
   1.0830000e+03   1.0322080e+01   3.5792440e+00  -3.3387397e-01  -4.7024897e-02  -2.6845595e-01
   1.0840000e+03   1.0313830e+01   3.5788030e+00  -3.3382188e-01  -4.6985653e-02  -2.6843693e-01
   1.0850000e+03   1.0305600e+01   3.5783630e+00  -3.3376988e-01  -4.6946481e-02  -2.6841794e-01
   1.0860000e+03   1.0297380e+01   3.5779240e+00  -3.3371787e-01  -4.6907304e-02  -2.6839898e-01
   1.0870000e+03   1.0289170e+01   3.5774850e+00  -3.3366591e-01  -4.6868093e-02  -2.6838013e-01
   1.0880000e+03   1.0280980e+01   3.5770480e+00  -3.3361400e-01  -4.6828977e-02  -2.6836125e-01
   1.0890000e+03   1.0272790e+01   3.5766110e+00  -3.3356203e-01  -4.6789741e-02  -2.6834246e-01
   1.0900000e+03   1.0264630e+01   3.5761740e+00  -3.3351032e-01  -4.6750667e-02  -2.6832377e-01
   1.0910000e+03   1.0256470e+01   3.5757390e+00  -3.3345844e-01  -4.6711507e-02  -2.6830505e-01
   1.0920000e+03   1.0248330e+01   3.5753040e+00  -3.3340672e-01  -4.6672406e-02  -2.6828643e-01
   1.0930000e+03   1.0240200e+01   3.5748700e+00  -3.3335499e-01  -4.6633292e-02  -2.6826785e-01
   1.0940000e+03   1.0232080e+01   3.5744370e+00  -3.3330327e-01  -4.6594175e-02  -2.6824930e-01
   1.0950000e+03   1.0223980e+01   3.5740050e+00  -3.3325163e-01  -4.6555136e-02  -2.6823077e-01
   1.0960000e+03   1.0215890e+01   3.5735730e+00  -3.3320006e-01  -4.6516071e-02  -2.6821237e-01
   1.0970000e+03   1.0207810e+01   3.5731420e+00  -3.3314847e-01  -4.6477003e-02  -2.6819397e-01
   1.0980000e+03   1.0199750e+01   3.5727120e+00  -3.3309700e-01  -4.6438015e-02  -2.6817562e-01
   1.0990000e+03   1.0191700e+01   3.5722830e+00  -3.3304552e-01  -4.6399029e-02  -2.6815730e-01
   1.1000000e+03   1.0183660e+01   3.5718540e+00  -3.3299410e-01  -4.6360010e-02  -2.6813908e-01
   1.1010000e+03   1.0175630e+01   3.5714260e+00  -3.3294266e-01  -4.6320990e-02  -2.6812087e-01
   1.1020000e+03   1.0167620e+01   3.5709990e+00  -3.3289134e-01  -4.6282047e-02  -2.6810272e-01
   1.1030000e+03   1.0159620e+01   3.5705720e+00  -3.3284009e-01  -4.6243101e-02  -2.6808467e-01
   1.1040000e+03   1.0151630e+01   3.5701470e+00  -3.3278875e-01  -4.6204151e-02  -2.6806655e-01
   1.1050000e+03   1.0143650e+01   3.5697220e+00  -3.3273749e-01  -4.6165192e-02  -2.6804854e-01
   1.1060000e+03   1.0135690e+01   3.5692970e+00  -3.3268638e-01  -4.6126293e-02  -2.6803064e-01
   1.1070000e+03   1.0127740e+01   3.5688740e+00  -3.3263522e-01  -4.6087415e-02  -2.6801271e-01
   1.1080000e+03   1.0119800e+01   3.5684510e+00  -3.3258410e-01  -4.6048509e-02  -2.6799485e-01
   1.1090000e+03   1.0111880e+01   3.5680290e+00  -3.3253310e-01  -4.6009703e-02  -2.6797704e-01
   1.1100000e+03   1.0103960e+01   3.5676080e+00  -3.3248201e-01  -4.5970796e-02  -2.6795926e-01
   1.1110000e+03   1.0096060e+01   3.5671870e+00  -3.3243107e-01  -4.5931965e-02  -2.6794157e-01
   1.1120000e+03   1.0088180e+01   3.5667670e+00  -3.3238023e-01  -4.5893231e-02  -2.6792389e-01
   1.1130000e+03   1.0080300e+01   3.5663480e+00  -3.3232929e-01  -4.5854400e-02  -2.6790626e-01
   1.1140000e+03   1.0072440e+01   3.5659300e+00  -3.3227846e-01  -4.5815655e-02  -2.6788866e-01
   1.1150000e+03   1.0064590e+01   3.5655120e+00  -3.3222770e-01  -4.5776904e-02  -2.6787115e-01
   1.1160000e+03   1.0056750e+01   3.5650950e+00  -3.3217694e-01  -4.5738156e-02  -2.6785366e-01
   1.1170000e+03   1.0048920e+01   3.5646790e+00  -3.3212618e-01  -4.5699400e-02  -2.6783621e-01
   1.1180000e+03   1.0041110e+01   3.5642630e+00  -3.3207558e-01  -4.5660722e-02  -2.6781885e-01
   1.1190000e+03   1.0033310e+01   3.5638480e+00  -3.3202499e-01  -4.5622048e-02  -2.6780152e-01
   1.1200000e+03   1.0025520e+01   3.5634340e+00  -3.3197441e-01  -4.5583382e-02  -2.6778421e-01
   1.1210000e+03   1.0017740e+01   3.5630210e+00  -3.3192383e-01  -4.5544709e-02  -2.6776693e-01
   1.1220000e+03   1.0009980e+01   3.5626080e+00  -3.3187342e-01  -4.5506127e-02  -2.6774975e-01
   1.1230000e+03   1.0002220e+01   3.5621960e+00  -3.3182291e-01  -4.5467445e-02  -2.6773259e-01
