   3.2000000e+01   2.4569980e+02   5.0130180e+00   1.1789761e-02   0.0000000e+00  -9.5162789e-08
   3.3000000e+01   2.3933150e+02   4.9927850e+00   1.1911434e-02   0.0000000e+00  -9.7095468e-08
   3.4000000e+01   2.3328700e+02   4.9736800e+00   1.2023666e-02   0.0000000e+00  -9.8995578e-08
   3.5000000e+01   2.2754200e+02   4.9556160e+00   1.2126827e-02   0.0000000e+00  -1.0086551e-07
   3.6000000e+01   2.2207440e+02   4.9385120e+00   1.2221271e-02   0.0000000e+00  -1.0270754e-07
   3.7000000e+01   2.1686440e+02   4.9222980e+00   1.2307320e-02   0.0000000e+00  -1.0452358e-07
   3.8000000e+01   2.1189420e+02   4.9069060e+00   1.2385277e-02   0.0000000e+00  -1.0631557e-07
   3.9000000e+01   2.0714720e+02   4.8922790e+00   1.2455400e-02   0.0000000e+00  -1.0808513e-07
   4.0000000e+01   2.0260890e+02   4.8783620e+00   1.2517937e-02   0.0000000e+00  -1.0983386e-07
   4.1000000e+01   1.9826550e+02   4.8651050e+00   1.2573115e-02   0.0000000e+00  -1.1156321e-07
   4.2000000e+01   1.9410480e+02   4.8524630e+00   1.2621146e-02   0.0000000e+00  -1.1327448e-07
   4.3000000e+01   1.9011550e+02   4.8403950e+00   1.2662219e-02   0.0000000e+00  -1.1496888e-07
   4.4000000e+01   1.8628700e+02   4.8288630e+00   1.2696513e-02   0.0000000e+00  -1.1664755e-07
   4.5000000e+01   1.8260990e+02   4.8178320e+00   1.2724191e-02   0.0000000e+00  -1.1831154e-07
   4.6000000e+01   1.7907540e+02   4.8072710e+00   1.2745400e-02   0.0000000e+00  -1.1996179e-07
   4.7000000e+01   1.7567520e+02   4.7971500e+00   1.2760278e-02   0.0000000e+00  -1.2159922e-07
   4.8000000e+01   1.7240200e+02   4.7874420e+00   1.2768971e-02   0.0000000e+00  -1.2322461e-07
   4.9000000e+01   1.6924860e+02   4.7781220e+00   1.2771583e-02   0.0000000e+00  -1.2483882e-07
   5.0000000e+01   1.6620860e+02   4.7691660e+00   1.2768238e-02   0.0000000e+00  -1.2644255e-07
   5.1000000e+01   1.6327610e+02   4.7605550e+00   1.2759039e-02   0.0000000e+00  -1.2803638e-07
   5.2000000e+01   1.6044540e+02   4.7522680e+00   1.2744075e-02   0.0000000e+00  -1.2962105e-07
   5.3000000e+01   1.5771130e+02   4.7442860e+00   1.2723438e-02   0.0000000e+00  -1.3119715e-07
   5.4000000e+01   1.5506900e+02   4.7365930e+00   1.2697234e-02   0.0000000e+00  -1.3276518e-07
   5.5000000e+01   1.5251390e+02   4.7291730e+00   1.2665510e-02   0.0000000e+00  -1.3432570e-07
   5.6000000e+01   1.5004170e+02   4.7220110e+00   1.2628369e-02   0.0000000e+00  -1.3587921e-07
   5.7000000e+01   1.4764860e+02   4.7150940e+00   1.2585856e-02   0.0000000e+00  -1.3742620e-07
   5.8000000e+01   1.4533070e+02   4.7084090e+00   1.2538062e-02   0.0000000e+00  -1.3896705e-07
   5.9000000e+01   1.4308470e+02   4.7019440e+00   1.2485031e-02   0.0000000e+00  -1.4050223e-07
   6.0000000e+01   1.4090710e+02   4.6956880e+00   1.2426821e-02   0.0000000e+00  -1.4203212e-07
   6.1000000e+01   1.3879500e+02   4.6896300e+00   1.2363514e-02   0.0000000e+00  -1.4355711e-07
   6.2000000e+01   1.3674540e+02   4.6837620e+00   1.2295126e-02   0.0000000e+00  -1.4507752e-07
   6.3000000e+01   1.3475560e+02   4.6780720e+00   1.2221718e-02   0.0000000e+00  -1.4659384e-07
   6.4000000e+01   1.3282300e+02   4.6725550e+00   1.2143337e-02   0.0000000e+00  -1.4810620e-07
   6.5000000e+01   1.3094530e+02   4.6672000e+00   1.2060031e-02   0.0000000e+00  -1.4961506e-07
   6.6000000e+01   1.2912000e+02   4.6620010e+00   1.1971834e-02   0.0000000e+00  -1.5112062e-07
   6.7000000e+01   1.2734510e+02   4.6569500e+00   1.1878775e-02   0.0000000e+00  -1.5262333e-07
   6.8000000e+01   1.2561840e+02   4.6520420e+00   1.1780919e-02   0.0000000e+00  -1.5412325e-07
   6.9000000e+01   1.2393810e+02   4.6472690e+00   1.1678260e-02   0.0000000e+00  -1.5562083e-07
   7.0000000e+01   1.2230230e+02   4.6426250e+00   1.1570855e-02   0.0000000e+00  -1.5711632e-07
   7.1000000e+01   1.2070930e+02   4.6381060e+00   1.1458731e-02   0.0000000e+00  -1.5860980e-07
   7.2000000e+01   1.1915740e+02   4.6337060e+00   1.1341914e-02   0.0000000e+00  -1.6010169e-07
   7.3000000e+01   1.1764500e+02   4.6294190e+00   1.1220422e-02   0.0000000e+00  -1.6159217e-07
   7.4000000e+01   1.1617070e+02   4.6252420e+00   1.1094286e-02   0.0000000e+00  -1.6308142e-07
   7.5000000e+01   1.1473310e+02   4.6211690e+00   1.0963533e-02   0.0000000e+00  -1.6456973e-07
   7.6000000e+01   1.1333070e+02   4.6171960e+00   1.0828167e-02   0.0000000e+00  -1.6605729e-07
   7.7000000e+01   1.1196240e+02   4.6133200e+00   1.0688232e-02   0.0000000e+00  -1.6754425e-07
   7.8000000e+01   1.1062690e+02   4.6095360e+00   1.0543727e-02   0.0000000e+00  -1.6903098e-07
   7.9000000e+01   1.0932290e+02   4.6058420e+00   1.0394677e-02   0.0000000e+00  -1.7051741e-07
   8.0000000e+01   1.0804960e+02   4.6022330e+00   1.0241107e-02   0.0000000e+00  -1.7200388e-07
   8.1000000e+01   1.0680560e+02   4.5987060e+00   1.0083012e-02   0.0000000e+00  -1.7349063e-07
   8.2000000e+01   1.0559020e+02   4.5952580e+00   9.9204150e-03   0.0000000e+00  -1.7497776e-07
   8.3000000e+01   1.0440220e+02   4.5918870e+00   9.7533416e-03   0.0000000e+00  -1.7646542e-07
   8.4000000e+01   1.0324090e+02   4.5885890e+00   9.5817793e-03   0.0000000e+00  -1.7795383e-07
   8.5000000e+01   1.0210520e+02   4.5853610e+00   9.4057400e-03   0.0000000e+00  -1.7944320e-07
   8.6000000e+01   1.0099440e+02   4.5822020e+00   9.2252444e-03   0.0000000e+00  -1.8093354e-07
   8.7000000e+01   9.9907580e+01   4.5791090e+00   9.0403108e-03   0.0000000e+00  -1.8242518e-07
   8.8000000e+01   9.8844090e+01   4.5760790e+00   8.8509209e-03   0.0000000e+00  -1.8391819e-07
   8.9000000e+01   9.7803140e+01   4.5731100e+00   8.6570828e-03   0.0000000e+00  -1.8541279e-07
   9.0000000e+01   9.6784020e+01   4.5702000e+00   8.4588403e-03   0.0000000e+00  -1.8690901e-07
   9.1000000e+01   9.5786060e+01   4.5673480e+00   8.2561395e-03   0.0000000e+00  -1.8840707e-07
   9.2000000e+01   9.4808610e+01   4.5645500e+00   8.0490016e-03   0.0000000e+00  -1.8990720e-07
   9.3000000e+01   9.3851040e+01   4.5618050e+00   7.8374693e-03   0.0000000e+00  -1.9140936e-07
   9.4000000e+01   9.2912760e+01   4.5591120e+00   7.6215106e-03   0.0000000e+00  -1.9291382e-07
   9.5000000e+01   9.1993190e+01   4.5564690e+00   7.4011485e-03   0.0000000e+00  -1.9442062e-07
   9.6000000e+01   9.1091770e+01   4.5538740e+00   7.1763060e-03   0.0000000e+00  -1.9593010e-07
   9.7000000e+01   9.0207980e+01   4.5513260e+00   6.9470769e-03   0.0000000e+00  -1.9744210e-07
   9.8000000e+01   8.9341300e+01   4.5488220e+00   6.7134478e-03   0.0000000e+00  -1.9895694e-07
   9.9000000e+01   8.8491260e+01   4.5463620e+00   6.4753941e-03   0.0000000e+00  -2.0047461e-07
   1.0000000e+02   8.7657360e+01   4.5439450e+00   6.2329024e-03   0.0000000e+00  -2.0199540e-07
   1.0100000e+02   8.6839160e+01   4.5415680e+00   5.9859849e-03   0.0000000e+00  -2.0351931e-07
   1.0200000e+02   8.6036230e+01   4.5392310e+00   5.7346194e-03   0.0000000e+00  -2.0504659e-07
   1.0300000e+02   8.5248130e+01   4.5369320e+00   5.4787859e-03   0.0000000e+00  -2.0657734e-07
   1.0400000e+02   8.4474470e+01   4.5346700e+00   5.2185406e-03   0.0000000e+00  -2.0811158e-07
   1.0500000e+02   8.3714850e+01   4.5324450e+00   4.9538899e-03   0.0000000e+00  -2.0964929e-07
   1.0600000e+02   8.2968890e+01   4.5302540e+00   4.6847324e-03   0.0000000e+00  -2.1119100e-07
   1.0700000e+02   8.2236240e+01   4.5280980e+00   4.4111052e-03   0.0000000e+00  -2.1273643e-07
   1.0800000e+02   8.1516530e+01   4.5259740e+00   4.1330576e-03   0.0000000e+00  -2.1428589e-07
   1.0900000e+02   8.0809440e+01   4.5238820e+00   3.8504904e-03   0.0000000e+00  -2.1583950e-07
   1.1000000e+02   8.0114620e+01   4.5218210e+00   3.5634454e-03   0.0000000e+00  -2.1739730e-07
   1.1100000e+02   7.9431780e+01   4.5197910e+00   3.2718835e-03   0.0000000e+00  -2.1895946e-07
   1.1200000e+02   7.8760600e+01   4.5177890e+00   2.9758449e-03   0.0000000e+00  -2.2052600e-07
   1.1300000e+02   7.8100780e+01   4.5158160e+00   2.6753102e-03   0.0000000e+00  -2.2209695e-07
   1.1400000e+02   7.7452050e+01   4.5138700e+00   2.3702045e-03   0.0000000e+00  -2.2367279e-07
   1.1500000e+02   7.6814130e+01   4.5119510e+00   2.0606027e-03   0.0000000e+00  -2.2525319e-07
   1.1600000e+02   7.6186740e+01   4.5100580e+00   1.7464484e-03   0.0000000e+00  -2.2683841e-07
   1.1700000e+02   7.5569640e+01   4.5081900e+00   1.4277043e-03   0.0000000e+00  -2.2842868e-07
   1.1800000e+02   7.4962570e+01   4.5063470e+00   1.1044079e-03   0.0000000e+00  -2.3002388e-07
   1.1900000e+02   7.4365300e+01   4.5045280e+00   7.7653722e-04   0.0000000e+00  -2.3162426e-07
   1.2000000e+02   7.3777580e+01   4.5027310e+00   4.4405124e-04   0.0000000e+00  -2.3322992e-07
   1.2100000e+02   7.3199190e+01   4.5009580e+00   1.0695721e-04   0.0000000e+00  -2.3484083e-07
   1.2200000e+02   7.2629920e+01   4.4992060e+00  -2.3475248e-04   0.0000000e+00  -2.3645721e-07
   1.2300000e+02   7.2069540e+01   4.4974750e+00  -5.8111238e-04   0.0000000e+00  -2.3807914e-07
   1.2400000e+02   7.1517860e+01   4.4957650e+00  -9.3210566e-04   0.0000000e+00  -2.3970660e-07
   1.2500000e+02   7.0974670e+01   4.4940750e+00  -1.2877848e-03   0.0000000e+00  -2.4133984e-07
   1.2600000e+02   7.0439790e+01   4.4924050e+00  -1.6481420e-03   0.0000000e+00  -2.4297882e-07
   1.2700000e+02   6.9913020e+01   4.4907540e+00  -2.0131909e-03   0.0000000e+00  -2.4462365e-07
   1.2800000e+02   6.9394180e+01   4.4891210e+00  -2.3829641e-03   0.0000000e+00  -2.4627454e-07
   1.2900000e+02   6.8883090e+01   4.4875060e+00  -2.7574642e-03   0.0000000e+00  -2.4793144e-07
   1.3000000e+02   6.8379590e+01   4.4859090e+00  -3.1367031e-03   0.0000000e+00  -2.4959444e-07
   1.3100000e+02   6.7883500e+01   4.4843290e+00  -3.5207163e-03   0.0000000e+00  -2.5126370e-07
   1.3200000e+02   6.7394670e+01   4.4827650e+00  -3.9095135e-03   0.0000000e+00  -2.5293932e-07
   1.3300000e+02   6.6912940e+01   4.4812180e+00  -4.3031013e-03   0.0000000e+00  -2.5462126e-07
   1.3400000e+02   6.6438160e+01   4.4796860e+00  -4.7015041e-03   0.0000000e+00  -2.5630969e-07
   1.3500000e+02   6.5970170e+01   4.4781700e+00  -5.1047488e-03   0.0000000e+00  -2.5800469e-07
   1.3600000e+02   6.5508840e+01   4.4766680e+00  -5.5128274e-03   0.0000000e+00  -2.5970628e-07
   1.3700000e+02   6.5054020e+01   4.4751810e+00  -5.9257849e-03   0.0000000e+00  -2.6141460e-07
   1.3800000e+02   6.4605580e+01   4.4737080e+00  -6.3436300e-03   0.0000000e+00  -2.6312970e-07
   1.3900000e+02   6.4163390e+01   4.4722490e+00  -6.7663703e-03   0.0000000e+00  -2.6485164e-07
   1.4000000e+02   6.3727320e+01   4.4708030e+00  -7.1940419e-03   0.0000000e+00  -2.6658053e-07
   1.4100000e+02   6.3297240e+01   4.4693700e+00  -7.6266704e-03   0.0000000e+00  -2.6831646e-07
   1.4200000e+02   6.2873030e+01   4.4679490e+00  -8.0642394e-03   0.0000000e+00  -2.7005946e-07
   1.4300000e+02   6.2454570e+01   4.4665410e+00  -8.5067954e-03   0.0000000e+00  -2.7180957e-07
   1.4400000e+02   6.2041760e+01   4.4651450e+00  -8.9543439e-03   0.0000000e+00  -2.7356688e-07
   1.4500000e+02   6.1634460e+01   4.4637600e+00  -9.4069181e-03   0.0000000e+00  -2.7533153e-07
   1.4600000e+02   6.1232590e+01   4.4623870e+00  -9.8645340e-03   0.0000000e+00  -2.7710350e-07
   1.4700000e+02   6.0836020e+01   4.4610250e+00  -1.0327197e-02   0.0000000e+00  -2.7888281e-07
   1.4800000e+02   6.0444670e+01   4.4596730e+00  -1.0794945e-02   0.0000000e+00  -2.8066971e-07
   1.4900000e+02   6.0058420e+01   4.4583320e+00  -1.1267781e-02   0.0000000e+00  -2.8246408e-07
   1.5000000e+02   5.9677170e+01   4.4570010e+00  -1.1745729e-02   0.0000000e+00  -2.8426605e-07
   1.5100000e+02   5.9300840e+01   4.4556800e+00  -1.2228823e-02   0.0000000e+00  -2.8607569e-07
   1.5200000e+02   5.8929330e+01   4.4543680e+00  -1.2717065e-02   0.0000000e+00  -2.8789306e-07
   1.5300000e+02   5.8562550e+01   4.4530660e+00  -1.3210470e-02   0.0000000e+00  -2.8971814e-07
   1.5400000e+02   5.8200400e+01   4.4517730e+00  -1.3709066e-02   0.0000000e+00  -2.9155102e-07
   1.5500000e+02   5.7842810e+01   4.4504890e+00  -1.4212884e-02   0.0000000e+00  -2.9339182e-07
   1.5600000e+02   5.7489690e+01   4.4492130e+00  -1.4721925e-02   0.0000000e+00  -2.9524052e-07
   1.5700000e+02   5.7140950e+01   4.4479450e+00  -1.5236224e-02   0.0000000e+00  -2.9709725e-07
   1.5800000e+02   5.6796520e+01   4.4466860e+00  -1.5755794e-02   0.0000000e+00  -2.9896195e-07
   1.5900000e+02   5.6456320e+01   4.4454350e+00  -1.6280628e-02   0.0000000e+00  -3.0083463e-07
   1.6000000e+02   5.6120270e+01   4.4441910e+00  -1.6810775e-02   0.0000000e+00  -3.0271549e-07
   1.6100000e+02   5.5788300e+01   4.4429540e+00  -1.7346237e-02   0.0000000e+00  -3.0460449e-07
   1.6200000e+02   5.5460330e+01   4.4417250e+00  -1.7887066e-02   0.0000000e+00  -3.0650169e-07
   1.6300000e+02   5.5136290e+01   4.4405030e+00  -1.8433237e-02   0.0000000e+00  -3.0840707e-07
   1.6400000e+02   5.4816120e+01   4.4392870e+00  -1.8984790e-02   0.0000000e+00  -3.1032081e-07
   1.6500000e+02   5.4499750e+01   4.4380780e+00  -1.9541728e-02   0.0000000e+00  -3.1224273e-07
   1.6600000e+02   5.4187100e+01   4.4368760e+00  -2.0104083e-02   0.0000000e+00  -3.1417299e-07
   1.6700000e+02   5.3878130e+01   4.4356800e+00  -2.0671870e-02   0.0000000e+00  -3.1611157e-07
   1.6800000e+02   5.3572750e+01   4.4344890e+00  -2.1245119e-02   0.0000000e+00  -3.1805868e-07
   1.6900000e+02   5.3270910e+01   4.4333050e+00  -2.1823793e-02   0.0000000e+00  -3.2001400e-07
   1.7000000e+02   5.2972560e+01   4.4321260e+00  -2.2407979e-02   0.0000000e+00  -3.2197790e-07
   1.7100000e+02   5.2677630e+01   4.4309530e+00  -2.2997641e-02   0.0000000e+00  -3.2395017e-07
   1.7200000e+02   5.2386060e+01   4.4297850e+00  -2.3592840e-02   0.0000000e+00  -3.2593098e-07
   1.7300000e+02   5.2097800e+01   4.4286220e+00  -2.4193535e-02   0.0000000e+00  -3.2792021e-07
   1.7400000e+02   5.1812790e+01   4.4274640e+00  -2.4799775e-02   0.0000000e+00  -3.2991797e-07
   1.7500000e+02   5.1530980e+01   4.4263110e+00  -2.5411562e-02   0.0000000e+00  -3.3192421e-07
   1.7600000e+02   5.1252320e+01   4.4251630e+00  -2.6028953e-02   0.0000000e+00  -3.3393903e-07
   1.7700000e+02   5.0976750e+01   4.4240190e+00  -2.6651885e-02   0.0000000e+00  -3.3596234e-07
   1.7800000e+02   5.0704230e+01   4.4228790e+00  -2.7280451e-02   0.0000000e+00  -3.3799426e-07
   1.7900000e+02   5.0434700e+01   4.4217440e+00  -2.7914602e-02   0.0000000e+00  -3.4003466e-07
   1.8000000e+02   5.0168120e+01   4.4206130e+00  -2.8554361e-02   0.0000000e+00  -3.4208354e-07
   1.8100000e+02   4.9904440e+01   4.4194850e+00  -2.9199766e-02   0.0000000e+00  -3.4414106e-07
   1.8200000e+02   4.9643610e+01   4.4183620e+00  -2.9850815e-02   0.0000000e+00  -3.4620706e-07
   1.8300000e+02   4.9385590e+01   4.4172420e+00  -3.0507513e-02   0.0000000e+00  -3.4828162e-07
   1.8400000e+02   4.9130340e+01   4.4161250e+00  -3.1169888e-02   0.0000000e+00  -3.5036481e-07
   1.8500000e+02   4.8877810e+01   4.4150120e+00  -3.1837914e-02   0.0000000e+00  -3.5245633e-07
   1.8600000e+02   4.8627950e+01   4.4139020e+00  -3.2511624e-02   0.0000000e+00  -3.5455644e-07
   1.8700000e+02   4.8380730e+01   4.4127950e+00  -3.3191043e-02   0.0000000e+00  -3.5666504e-07
   1.8800000e+02   4.8136110e+01   4.4116910e+00  -3.3876130e-02   0.0000000e+00  -3.5878204e-07
   1.8900000e+02   4.7894050e+01   4.4105900e+00  -3.4566935e-02   0.0000000e+00  -3.6090753e-07
   1.9000000e+02   4.7654510e+01   4.4094920e+00  -3.5263448e-02   0.0000000e+00  -3.6304136e-07
   1.9100000e+02   4.7417440e+01   4.4083960e+00  -3.5965681e-02   0.0000000e+00  -3.6518371e-07
   1.9200000e+02   4.7182820e+01   4.4073030e+00  -3.6673626e-02   0.0000000e+00  -3.6733424e-07
   1.9300000e+02   4.6950600e+01   4.4062120e+00  -3.7387319e-02   0.0000000e+00  -3.6949328e-07
   1.9400000e+02   4.6720750e+01   4.4051230e+00  -3.8106718e-02   0.0000000e+00  -3.7166056e-07
   1.9500000e+02   4.6493230e+01   4.4040370e+00  -3.8831838e-02   0.0000000e+00  -3.7383600e-07
   1.9600000e+02   4.6268020e+01   4.4029530e+00  -3.9562689e-02   0.0000000e+00  -3.7601961e-07
   1.9700000e+02   4.6045070e+01   4.4018700e+00  -4.0299294e-02   0.0000000e+00  -3.7821156e-07
   1.9800000e+02   4.5824350e+01   4.4007900e+00  -4.1041599e-02   0.0000000e+00  -3.8041143e-07
   1.9900000e+02   4.5605840e+01   4.3997110e+00  -4.1789680e-02   0.0000000e+00  -3.8261955e-07
   2.0000000e+02   4.5389490e+01   4.3986340e+00  -4.2543475e-02   0.0000000e+00  -3.8483562e-07
   2.0100000e+02   4.5175280e+01   4.3975580e+00  -4.3303000e-02   0.0000000e+00  -3.8705967e-07
   2.0200000e+02   4.4963170e+01   4.3964840e+00  -4.4068249e-02   0.0000000e+00  -3.8929163e-07
   2.0300000e+02   4.4753140e+01   4.3954110e+00  -4.4839204e-02   0.0000000e+00  -3.9153135e-07
   2.0400000e+02   4.4545160e+01   4.3943400e+00  -4.5615900e-02   0.0000000e+00  -3.9377889e-07
   2.0500000e+02   4.4339190e+01   4.3932700e+00  -4.6398290e-02   0.0000000e+00  -3.9603410e-07
   2.0600000e+02   4.4135220e+01   4.3922000e+00  -4.7186404e-02   0.0000000e+00  -3.9829711e-07
   2.0700000e+02   4.3933200e+01   4.3911320e+00  -4.7980183e-02   0.0000000e+00  -4.0056749e-07
   2.0800000e+02   4.3733120e+01   4.3900650e+00  -4.8779685e-02   0.0000000e+00  -4.0284545e-07
   2.0900000e+02   4.3534950e+01   4.3889980e+00  -4.9584873e-02   0.0000000e+00  -4.0513094e-07
   2.1000000e+02   4.3338650e+01   4.3879330e+00  -5.0395667e-02   0.0000000e+00  -4.0742349e-07
   2.1100000e+02   4.3144210e+01   4.3868680e+00  -5.1212154e-02   0.0000000e+00  -4.0972344e-07
   2.1200000e+02   4.2951600e+01   4.3858030e+00  -5.2034320e-02   0.0000000e+00  -4.1203069e-07
   2.1300000e+02   4.2760800e+01   4.3847390e+00  -5.2862077e-02   0.0000000e+00  -4.1434490e-07
   2.1400000e+02   4.2571770e+01   4.3836760e+00  -5.3695475e-02   0.0000000e+00  -4.1666607e-07
   2.1500000e+02   4.2384500e+01   4.3826130e+00  -5.4534441e-02   0.0000000e+00  -4.1899409e-07
   2.1600000e+02   4.2198960e+01   4.3815500e+00  -5.5379044e-02   0.0000000e+00  -4.2132905e-07
   2.1700000e+02   4.2015130e+01   4.3804880e+00  -5.6229167e-02   0.0000000e+00  -4.2367050e-07
   2.1800000e+02   4.1832990e+01   4.3794250e+00  -5.7084851e-02   0.0000000e+00  -4.2601868e-07
   2.1900000e+02   4.1652510e+01   4.3783630e+00  -5.7946089e-02   0.0000000e+00  -4.2837331e-07
   2.2000000e+02   4.1473670e+01   4.3773010e+00  -5.8812821e-02   0.0000000e+00  -4.3073427e-07
   2.2100000e+02   4.1296450e+01   4.3762380e+00  -5.9685033e-02   0.0000000e+00  -4.3310157e-07
   2.2200000e+02   4.1120840e+01   4.3751760e+00  -6.0562719e-02   0.0000000e+00  -4.3547489e-07
   2.2300000e+02   4.0946790e+01   4.3741130e+00  -6.1445840e-02   0.0000000e+00  -4.3785433e-07
   2.2400000e+02   4.0774310e+01   4.3730510e+00  -6.2334404e-02   0.0000000e+00  -4.4023964e-07
   2.2500000e+02   4.0603360e+01   4.3719870e+00  -6.3228328e-02   0.0000000e+00  -4.4263076e-07
   2.2600000e+02   4.0433940e+01   4.3709240e+00  -6.4127611e-02   0.0000000e+00  -4.4502744e-07
   2.2700000e+02   4.0266000e+01   4.3698600e+00  -6.5032296e-02   0.0000000e+00  -4.4742987e-07
   2.2800000e+02   4.0099550e+01   4.3687960e+00  -6.5942213e-02   0.0000000e+00  -4.4983744e-07
   2.2900000e+02   3.9934560e+01   4.3677310e+00  -6.6857426e-02   0.0000000e+00  -4.5225037e-07
   2.3000000e+02   3.9771010e+01   4.3666660e+00  -6.7777931e-02   0.0000000e+00  -4.5466853e-07
   2.3100000e+02   3.9608880e+01   4.3656000e+00  -6.8703609e-02   0.0000000e+00  -4.5709158e-07
   2.3200000e+02   3.9448160e+01   4.3645330e+00  -6.9634505e-02   0.0000000e+00  -4.5951960e-07
   2.3300000e+02   3.9288830e+01   4.3634650e+00  -7.0570531e-02   0.0000000e+00  -4.6195229e-07
   2.3400000e+02   3.9130860e+01   4.3623970e+00  -7.1511669e-02   0.0000000e+00  -4.6438952e-07
   2.3500000e+02   3.8974250e+01   4.3613280e+00  -7.2457880e-02   0.0000000e+00  -4.6683119e-07
   2.3600000e+02   3.8818980e+01   4.3602580e+00  -7.3409101e-02   0.0000000e+00  -4.6927701e-07
   2.3700000e+02   3.8665030e+01   4.3591870e+00  -7.4365364e-02   0.0000000e+00  -4.7172706e-07
   2.3800000e+02   3.8512380e+01   4.3581160e+00  -7.5326596e-02   0.0000000e+00  -4.7418107e-07
   2.3900000e+02   3.8361020e+01   4.3570430e+00  -7.6292716e-02   0.0000000e+00  -4.7663888e-07
   2.4000000e+02   3.8210930e+01   4.3559690e+00  -7.7263736e-02   0.0000000e+00  -4.7910034e-07
   2.4100000e+02   3.8062100e+01   4.3548940e+00  -7.8239633e-02   0.0000000e+00  -4.8156550e-07
   2.4200000e+02   3.7914510e+01   4.3538180e+00  -7.9220284e-02   0.0000000e+00  -4.8403378e-07
   2.4300000e+02   3.7768150e+01   4.3527410e+00  -8.0205674e-02   0.0000000e+00  -4.8650519e-07
   2.4400000e+02   3.7623000e+01   4.3516630e+00  -8.1195802e-02   0.0000000e+00  -4.8897972e-07
   2.4500000e+02   3.7479040e+01   4.3505830e+00  -8.2190556e-02   0.0000000e+00  -4.9145707e-07
   2.4600000e+02   3.7336280e+01   4.3495020e+00  -8.3189963e-02   0.0000000e+00  -4.9393710e-07
   2.4700000e+02   3.7194680e+01   4.3484200e+00  -8.4193906e-02   0.0000000e+00  -4.9641961e-07
   2.4800000e+02   3.7054230e+01   4.3473360e+00  -8.5202381e-02   0.0000000e+00  -4.9890453e-07
   2.4900000e+02   3.6914930e+01   4.3462520e+00  -8.6215258e-02   0.0000000e+00  -5.0139136e-07
   2.5000000e+02   3.6776760e+01   4.3451650e+00  -8.7232648e-02   0.0000000e+00  -5.0388054e-07
   2.5100000e+02   3.6639700e+01   4.3440780e+00  -8.8254301e-02   0.0000000e+00  -5.0637117e-07
   2.5200000e+02   3.6503750e+01   4.3429880e+00  -8.9280405e-02   0.0000000e+00  -5.0886389e-07
   2.5300000e+02   3.6368880e+01   4.3418980e+00  -9.0310664e-02   0.0000000e+00  -5.1135773e-07
   2.5400000e+02   3.6235090e+01   4.3408050e+00  -9.1345157e-02   0.0000000e+00  -5.1385298e-07
   2.5500000e+02   3.6102370e+01   4.3397120e+00  -9.2383796e-02   0.0000000e+00  -5.1634925e-07
   2.5600000e+02   3.5970700e+01   4.3386160e+00  -9.3426474e-02   0.0000000e+00  -5.1884642e-07
   2.5700000e+02   3.5840070e+01   4.3375190e+00  -9.4473242e-02   0.0000000e+00  -5.2134443e-07
   2.5800000e+02   3.5710470e+01   4.3364210e+00  -9.5523995e-02   0.0000000e+00  -5.2384293e-07
   2.5900000e+02   3.5581880e+01   4.3353210e+00  -9.6578629e-02   0.0000000e+00  -5.2634172e-07
   2.6000000e+02   3.5454300e+01   4.3342190e+00  -9.7637199e-02   0.0000000e+00  -5.2884093e-07
   2.6100000e+02   3.5327720e+01   4.3331150e+00  -9.8699546e-02   0.0000000e+00  -5.3134009e-07
   2.6200000e+02   3.5202110e+01   4.3320100e+00  -9.9765586e-02   0.0000000e+00  -5.3383890e-07
   2.6300000e+02   3.5077480e+01   4.3309030e+00  -1.0083533e-01   0.0000000e+00  -5.3633747e-07
   2.6400000e+02   3.4953810e+01   4.3297940e+00  -1.0190876e-01   0.0000000e+00  -5.3883564e-07
   2.6500000e+02   3.4831090e+01   4.3286840e+00  -1.0298571e-01   0.0000000e+00  -5.4133286e-07
   2.6600000e+02   3.4709310e+01   4.3275710e+00  -1.0406615e-01   0.0000000e+00  -5.4382926e-07
   2.6700000e+02   3.4588460e+01   4.3264570e+00  -1.0515003e-01   0.0000000e+00  -5.4632448e-07
   2.6800000e+02   3.4468530e+01   4.3253410e+00  -1.0623723e-01   0.0000000e+00  -5.4881834e-07
   2.6900000e+02   3.4349510e+01   4.3242240e+00  -1.0732779e-01   0.0000000e+00  -5.5131080e-07
   2.7000000e+02   3.4231390e+01   4.3231040e+00  -1.0842162e-01   0.0000000e+00  -5.5380169e-07
   2.7100000e+02   3.4114160e+01   4.3219830e+00  -1.0951865e-01   0.0000000e+00  -5.5629074e-07
   2.7200000e+02   3.3997800e+01   4.3208590e+00  -1.1061873e-01   0.0000000e+00  -5.5877766e-07
   2.7300000e+02   3.3882320e+01   4.3197340e+00  -1.1172184e-01   0.0000000e+00  -5.6126235e-07
   2.7400000e+02   3.3767700e+01   4.3186070e+00  -1.1282794e-01   0.0000000e+00  -5.6374454e-07
   2.7500000e+02   3.3653930e+01   4.3174780e+00  -1.1393701e-01   0.0000000e+00  -5.6622432e-07
   2.7600000e+02   3.3541000e+01   4.3163470e+00  -1.1504894e-01   0.0000000e+00  -5.6870139e-07
   2.7700000e+02   3.3428900e+01   4.3152140e+00  -1.1616357e-01   0.0000000e+00  -5.7117529e-07
   2.7800000e+02   3.3317630e+01   4.3140800e+00  -1.1728099e-01   0.0000000e+00  -5.7364612e-07
   2.7900000e+02   3.3207170e+01   4.3129430e+00  -1.1840101e-01   0.0000000e+00  -5.7611364e-07
   2.8000000e+02   3.3097530e+01   4.3118050e+00  -1.1952361e-01   0.0000000e+00  -5.7857757e-07
   2.8100000e+02   3.2988680e+01   4.3106640e+00  -1.2064876e-01   0.0000000e+00  -5.8103796e-07
   2.8200000e+02   3.2880620e+01   4.3095220e+00  -1.2177624e-01   0.0000000e+00  -5.8349415e-07
   2.8300000e+02   3.2773340e+01   4.3083770e+00  -1.2290623e-01   0.0000000e+00  -5.8594667e-07
   2.8400000e+02   3.2666830e+01   4.3072310e+00  -1.2403843e-01   0.0000000e+00  -5.8839472e-07
   2.8500000e+02   3.2561100e+01   4.3060830e+00  -1.2517293e-01   0.0000000e+00  -5.9083852e-07
   2.8600000e+02   3.2456110e+01   4.3049320e+00  -1.2630958e-01   0.0000000e+00  -5.9327778e-07
   2.8700000e+02   3.2351880e+01   4.3037800e+00  -1.2744838e-01   0.0000000e+00  -5.9571234e-07
   2.8800000e+02   3.2248390e+01   4.3026260e+00  -1.2858910e-01   0.0000000e+00  -5.9814162e-07
   2.8900000e+02   3.2145640e+01   4.3014700e+00  -1.2973186e-01   0.0000000e+00  -6.0056614e-07
   2.9000000e+02   3.2043610e+01   4.3003120e+00  -1.3087646e-01   0.0000000e+00  -6.0298517e-07
   2.9100000e+02   3.1942300e+01   4.2991520e+00  -1.3202294e-01   0.0000000e+00  -6.0539897e-07
   2.9200000e+02   3.1841700e+01   4.2979900e+00  -1.3317113e-01   0.0000000e+00  -6.0780695e-07
   2.9300000e+02   3.1741810e+01   4.2968260e+00  -1.3432100e-01   0.0000000e+00  -6.1020929e-07
   2.9400000e+02   3.1642610e+01   4.2956600e+00  -1.3547250e-01   0.0000000e+00  -6.1260559e-07
   2.9500000e+02   3.1544100e+01   4.2944920e+00  -1.3662555e-01   0.0000000e+00  -6.1499586e-07
   2.9600000e+02   3.1446280e+01   4.2933220e+00  -1.3778012e-01   0.0000000e+00  -6.1737998e-07
   2.9700000e+02   3.1349140e+01   4.2921500e+00  -1.3893606e-01   0.0000000e+00  -6.1975751e-07
   2.9800000e+02   3.1252660e+01   4.2909770e+00  -1.4009332e-01   0.0000000e+00  -6.2212844e-07
   2.9900000e+02   3.1156850e+01   4.2898010e+00  -1.4125193e-01   0.0000000e+00  -6.2449288e-07
   3.0000000e+02   3.1061690e+01   4.2886230e+00  -1.4241174e-01   0.0000000e+00  -6.2685033e-07
   3.0100000e+02   3.0967180e+01   4.2874440e+00  -1.4357255e-01   0.0000000e+00  -6.2920044e-07
   3.0200000e+02   3.0873320e+01   4.2862630e+00  -1.4473455e-01   0.0000000e+00  -6.3154348e-07
   3.0300000e+02   3.0780090e+01   4.2850790e+00  -1.4589756e-01   0.0000000e+00  -6.3387931e-07
   3.0400000e+02   3.0687490e+01   4.2838940e+00  -1.4706152e-01   0.0000000e+00  -6.3620774e-07
   3.0500000e+02   3.0595520e+01   4.2827070e+00  -1.4822633e-01   0.0000000e+00  -6.3852843e-07
   3.0600000e+02   3.0504170e+01   4.2815180e+00  -1.4939193e-01   0.0000000e+00  -6.4084120e-07
   3.0700000e+02   3.0413430e+01   4.2803270e+00  -1.5055826e-01   0.0000000e+00  -6.4314615e-07
   3.0800000e+02   3.0323290e+01   4.2791350e+00  -1.5172525e-01   0.0000000e+00  -6.4544299e-07
   3.0900000e+02   3.0233760e+01   4.2779400e+00  -1.5289290e-01   0.0000000e+00  -6.4773160e-07
   3.1000000e+02   3.0144810e+01   4.2767440e+00  -1.5406114e-01   0.0000000e+00  -6.5001218e-07
   3.1100000e+02   3.0056460e+01   4.2755460e+00  -1.5522979e-01   0.0000000e+00  -6.5228403e-07
   3.1200000e+02   2.9968690e+01   4.2743460e+00  -1.5639887e-01   0.0000000e+00  -6.5454733e-07
   3.1300000e+02   2.9881500e+01   4.2731440e+00  -1.5756826e-01   0.0000000e+00  -6.5680182e-07
   3.1400000e+02   2.9794880e+01   4.2719410e+00  -1.5873801e-01   0.0000000e+00  -6.5904749e-07
   3.1500000e+02   2.9708820e+01   4.2707350e+00  -1.5990802e-01   0.0000000e+00  -6.6128446e-07
   3.1600000e+02   2.9623330e+01   4.2695280e+00  -1.6107813e-01   0.0000000e+00  -6.6351207e-07
   3.1700000e+02   2.9538390e+01   4.2683190e+00  -1.6224841e-01   0.0000000e+00  -6.6573068e-07
   3.1800000e+02   2.9454000e+01   4.2671090e+00  -1.6341869e-01   0.0000000e+00  -6.6793974e-07
   3.1900000e+02   2.9370160e+01   4.2658960e+00  -1.6458894e-01   0.0000000e+00  -6.7013938e-07
   3.2000000e+02   2.9286860e+01   4.2646820e+00  -1.6575927e-01   0.0000000e+00  -6.7232987e-07
   3.2100000e+02   2.9204090e+01   4.2634660e+00  -1.6692932e-01   0.0000000e+00  -6.7451033e-07
   3.2200000e+02   2.9121850e+01   4.2622490e+00  -1.6809911e-01   0.0000000e+00  -6.7668086e-07
   3.2300000e+02   2.9040130e+01   4.2610300e+00  -1.6926883e-01   0.0000000e+00  -6.7884186e-07
   3.2400000e+02   2.8958940e+01   4.2598090e+00  -1.7043811e-01   0.0000000e+00  -6.8099265e-07
   3.2500000e+02   2.8878260e+01   4.2585870e+00  -1.7160709e-01   0.0000000e+00  -6.8313334e-07
   3.2600000e+02   2.8798090e+01   4.2573630e+00  -1.7277564e-01   0.0000000e+00  -6.8526406e-07
   3.2700000e+02   2.8718420e+01   4.2561370e+00  -1.7394375e-01   0.0000000e+00  -6.8738445e-07
   3.2800000e+02   2.8639260e+01   4.2549100e+00  -1.7511123e-01   0.0000000e+00  -6.8949425e-07
   3.2900000e+02   2.8560590e+01   4.2536810e+00  -1.7627824e-01   0.0000000e+00  -6.9159384e-07
   3.3000000e+02   2.8482410e+01   4.2524510e+00  -1.7744456e-01   0.0000000e+00  -6.9368282e-07
   3.3100000e+02   2.8404720e+01   4.2512190e+00  -1.7861014e-01   0.0000000e+00  -6.9576103e-07
   3.3200000e+02   2.8327510e+01   4.2499860e+00  -1.7977501e-01   0.0000000e+00  -6.9782859e-07
   3.3300000e+02   2.8250780e+01   4.2487510e+00  -1.8093918e-01   0.0000000e+00  -6.9988563e-07
   3.3400000e+02   2.8174520e+01   4.2475150e+00  -1.8210237e-01   0.0000000e+00  -7.0193140e-07
   3.3500000e+02   2.8098730e+01   4.2462770e+00  -1.8326467e-01   0.0000000e+00  -7.0396629e-07
   3.3600000e+02   2.8023400e+01   4.2450370e+00  -1.8442614e-01   0.0000000e+00  -7.0599047e-07
   3.3700000e+02   2.7948540e+01   4.2437970e+00  -1.8558646e-01   0.0000000e+00  -7.0800295e-07
   3.3800000e+02   2.7874130e+01   4.2425550e+00  -1.8674584e-01   0.0000000e+00  -7.1000470e-07
   3.3900000e+02   2.7800180e+01   4.2413110e+00  -1.8790413e-01   0.0000000e+00  -7.1199533e-07
   3.4000000e+02   2.7726670e+01   4.2400660e+00  -1.8906122e-01   0.0000000e+00  -7.1397426e-07
   3.4100000e+02   2.7653610e+01   4.2388200e+00  -1.9021720e-01   0.0000000e+00  -7.1594205e-07
   3.4200000e+02   2.7580980e+01   4.2375730e+00  -1.9137181e-01   0.0000000e+00  -7.1789812e-07
   3.4300000e+02   2.7508800e+01   4.2363240e+00  -1.9252522e-01   0.0000000e+00  -7.1984273e-07
   3.4400000e+02   2.7437040e+01   4.2350740e+00  -1.9367729e-01   0.0000000e+00  -7.2177593e-07
   3.4500000e+02   2.7365720e+01   4.2338220e+00  -1.9482809e-01   0.0000000e+00  -7.2369779e-07
   3.4600000e+02   2.7294810e+01   4.2325690e+00  -1.9597735e-01   0.0000000e+00  -7.2560774e-07
   3.4700000e+02   2.7224330e+01   4.2313160e+00  -1.9712522e-01   0.0000000e+00  -7.2750583e-07
   3.4800000e+02   2.7154270e+01   4.2300600e+00  -1.9827152e-01   0.0000000e+00  -7.2939213e-07
   3.4900000e+02   2.7084620e+01   4.2288040e+00  -1.9941639e-01   0.0000000e+00  -7.3126689e-07
   3.5000000e+02   2.7015380e+01   4.2275470e+00  -2.0055945e-01   0.0000000e+00  -7.3312907e-07
   3.5100000e+02   2.6946540e+01   4.2262880e+00  -2.0170118e-01   0.0000000e+00  -7.3498035e-07
   3.5200000e+02   2.6878110e+01   4.2250280e+00  -2.0284115e-01   0.0000000e+00  -7.3681924e-07
   3.5300000e+02   2.6810080e+01   4.2237670e+00  -2.0397941e-01   0.0000000e+00  -7.3864613e-07
   3.5400000e+02   2.6742440e+01   4.2225050e+00  -2.0511586e-01   0.0000000e+00  -7.4046084e-07
   3.5500000e+02   2.6675190e+01   4.2212420e+00  -2.0625055e-01   0.0000000e+00  -7.4226345e-07
   3.5600000e+02   2.6608340e+01   4.2199780e+00  -2.0738351e-01   0.0000000e+00  -7.4405433e-07
   3.5700000e+02   2.6541870e+01   4.2187130e+00  -2.0851455e-01   0.0000000e+00  -7.4583268e-07
   3.5800000e+02   2.6475780e+01   4.2174470e+00  -2.0964376e-01   0.0000000e+00  -7.4759910e-07
   3.5900000e+02   2.6410060e+01   4.2161800e+00  -2.1077099e-01   0.0000000e+00  -7.4935323e-07
   3.6000000e+02   2.6344730e+01   4.2149120e+00  -2.1189635e-01   0.0000000e+00  -7.5109522e-07
   3.6100000e+02   2.6279770e+01   4.2136430e+00  -2.1301960e-01   0.0000000e+00  -7.5282489e-07
   3.6200000e+02   2.6215170e+01   4.2123730e+00  -2.1414093e-01   0.0000000e+00  -7.5454243e-07
   3.6300000e+02   2.6150940e+01   4.2111020e+00  -2.1526028e-01   0.0000000e+00  -7.5624792e-07
   3.6400000e+02   2.6087080e+01   4.2098300e+00  -2.1637745e-01   0.0000000e+00  -7.5794068e-07
   3.6500000e+02   2.6023570e+01   4.2085570e+00  -2.1749244e-01   0.0000000e+00  -7.5962114e-07
   3.6600000e+02   2.5960420e+01   4.2072840e+00  -2.1860541e-01   0.0000000e+00  -7.6128941e-07
   3.6700000e+02   2.5897620e+01   4.2060100e+00  -2.1971606e-01   0.0000000e+00  -7.6294522e-07
   3.6800000e+02   2.5835180e+01   4.2047340e+00  -2.2082469e-01   0.0000000e+00  -7.6458896e-07
   3.6900000e+02   2.5773080e+01   4.2034590e+00  -2.2193094e-01   0.0000000e+00  -7.6622004e-07
   3.7000000e+02   2.5711320e+01   4.2021820e+00  -2.2303504e-01   0.0000000e+00  -7.6783892e-07
   3.7100000e+02   2.5649910e+01   4.2009050e+00  -2.2413682e-01   0.0000000e+00  -7.6944527e-07
   3.7200000e+02   2.5588840e+01   4.1996270e+00  -2.2523619e-01   0.0000000e+00  -7.7103903e-07
   3.7300000e+02   2.5528100e+01   4.1983480e+00  -2.2633337e-01   0.0000000e+00  -7.7262084e-07
   3.7400000e+02   2.5467690e+01   4.1970680e+00  -2.2742812e-01   0.0000000e+00  -7.7419009e-07
   3.7500000e+02   2.5407620e+01   4.1957880e+00  -2.2852043e-01   0.0000000e+00  -7.7574681e-07
   3.7600000e+02   2.5347870e+01   4.1945080e+00  -2.2961027e-01   0.0000000e+00  -7.7729101e-07
   3.7700000e+02   2.5288450e+01   4.1932260e+00  -2.3069786e-01   0.0000000e+00  -7.7882319e-07
   3.7800000e+02   2.5229350e+01   4.1919440e+00  -2.3178287e-01   0.0000000e+00  -7.8034290e-07
   3.7900000e+02   2.5170570e+01   4.1906620e+00  -2.3286536e-01   0.0000000e+00  -7.8184981e-07
   3.8000000e+02   2.5112110e+01   4.1893790e+00  -2.3394540e-01   0.0000000e+00  -7.8334460e-07
   3.8100000e+02   2.5053960e+01   4.1880950e+00  -2.3502295e-01   0.0000000e+00  -7.8482724e-07
   3.8200000e+02   2.4996120e+01   4.1868110e+00  -2.3609790e-01   0.0000000e+00  -7.8629715e-07
   3.8300000e+02   2.4938600e+01   4.1855270e+00  -2.3717026e-01   0.0000000e+00  -7.8775455e-07
   3.8400000e+02   2.4881370e+01   4.1842420e+00  -2.3824005e-01   0.0000000e+00  -7.8920000e-07
   3.8500000e+02   2.4824460e+01   4.1829560e+00  -2.3930720e-01   0.0000000e+00  -7.9063280e-07
   3.8600000e+02   2.4767840e+01   4.1816700e+00  -2.4037179e-01   0.0000000e+00  -7.9205350e-07
   3.8700000e+02   2.4711530e+01   4.1803840e+00  -2.4143368e-01   0.0000000e+00  -7.9346174e-07
   3.8800000e+02   2.4655510e+01   4.1790970e+00  -2.4249283e-01   0.0000000e+00  -7.9485740e-07
   3.8900000e+02   2.4599780e+01   4.1778100e+00  -2.4354930e-01   0.0000000e+00  -7.9624114e-07
   3.9000000e+02   2.4544350e+01   4.1765230e+00  -2.4460318e-01   0.0000000e+00  -7.9761255e-07
   3.9100000e+02   2.4489210e+01   4.1752350e+00  -2.4565433e-01   0.0000000e+00  -7.9897179e-07
   3.9200000e+02   2.4434350e+01   4.1739480e+00  -2.4670260e-01   0.0000000e+00  -8.0031830e-07
   3.9300000e+02   2.4379780e+01   4.1726590e+00  -2.4774836e-01   0.0000000e+00  -8.0165328e-07
   3.9400000e+02   2.4325490e+01   4.1713710e+00  -2.4879115e-01   0.0000000e+00  -8.0297548e-07
   3.9500000e+02   2.4271490e+01   4.1700820e+00  -2.4983116e-01   0.0000000e+00  -8.0428553e-07
   3.9600000e+02   2.4217760e+01   4.1687930e+00  -2.5086856e-01   0.0000000e+00  -8.0558389e-07
   3.9700000e+02   2.4164310e+01   4.1675040e+00  -2.5190292e-01   0.0000000e+00  -8.0686963e-07
   3.9800000e+02   2.4111130e+01   4.1662150e+00  -2.5293457e-01   0.0000000e+00  -8.0814342e-07
   3.9900000e+02   2.4058220e+01   4.1649250e+00  -2.5396339e-01   0.0000000e+00  -8.0940513e-07
   4.0000000e+02   2.4005580e+01   4.1636360e+00  -2.5498939e-01   0.0000000e+00  -8.1065500e-07
   4.0100000e+02   2.3953210e+01   4.1623460e+00  -2.5601252e-01   0.0000000e+00  -8.1189270e-07
   4.0200000e+02   2.3901110e+01   4.1610560e+00  -2.5703275e-01   0.0000000e+00  -8.1311827e-07
   4.0300000e+02   2.3849270e+01   4.1597660e+00  -2.5804997e-01   0.0000000e+00  -8.1433181e-07
   4.0400000e+02   2.3797690e+01   4.1584760e+00  -2.5906451e-01   0.0000000e+00  -8.1553377e-07
   4.0500000e+02   2.3746360e+01   4.1571860e+00  -2.6007608e-01   0.0000000e+00  -8.1672374e-07
   4.0600000e+02   2.3695300e+01   4.1558960e+00  -2.6108463e-01   0.0000000e+00  -8.1790152e-07
   4.0700000e+02   2.3644490e+01   4.1546060e+00  -2.6209042e-01   0.0000000e+00  -8.1906782e-07
   4.0800000e+02   2.3593940e+01   4.1533160e+00  -2.6309313e-01   0.0000000e+00  -8.2022196e-07
   4.0900000e+02   2.3543630e+01   4.1520260e+00  -2.6409296e-01   0.0000000e+00  -8.2136450e-07
   4.1000000e+02   2.3493580e+01   4.1507360e+00  -2.6508979e-01   0.0000000e+00  -8.2249501e-07
   4.1100000e+02   2.3443770e+01   4.1494460e+00  -2.6608369e-01   0.0000000e+00  -8.2361402e-07
   4.1200000e+02   2.3394210e+01   4.1481570e+00  -2.6707460e-01   0.0000000e+00  -8.2472131e-07
   4.1300000e+02   2.3344890e+01   4.1468670e+00  -2.6806257e-01   0.0000000e+00  -8.2581725e-07
   4.1400000e+02   2.3295810e+01   4.1455770e+00  -2.6904765e-01   0.0000000e+00  -8.2690142e-07
   4.1500000e+02   2.3246980e+01   4.1442880e+00  -2.7002965e-01   0.0000000e+00  -8.2797396e-07
   4.1600000e+02   2.3198380e+01   4.1429990e+00  -2.7100869e-01   0.0000000e+00  -8.2903509e-07
   4.1700000e+02   2.3150020e+01   4.1417100e+00  -2.7198460e-01   0.0000000e+00  -8.3008446e-07
   4.1800000e+02   2.3101890e+01   4.1404210e+00  -2.7295767e-01   0.0000000e+00  -8.3112264e-07
   4.1900000e+02   2.3053990e+01   4.1391320e+00  -2.7392767e-01   0.0000000e+00  -8.3214943e-07
   4.2000000e+02   2.3006330e+01   4.1378440e+00  -2.7489457e-01   0.0000000e+00  -8.3316458e-07
   4.2100000e+02   2.2958900e+01   4.1365560e+00  -2.7585850e-01   0.0000000e+00  -8.3416844e-07
   4.2200000e+02   2.2911690e+01   4.1352680e+00  -2.7681945e-01   0.0000000e+00  -8.3516120e-07
   4.2300000e+02   2.2864710e+01   4.1339810e+00  -2.7777734e-01   0.0000000e+00  -8.3614271e-07
   4.2400000e+02   2.2817950e+01   4.1326930e+00  -2.7873224e-01   0.0000000e+00  -8.3711317e-07
   4.2500000e+02   2.2771410e+01   4.1314060e+00  -2.7968397e-01   0.0000000e+00  -8.3807208e-07
   4.2600000e+02   2.2725100e+01   4.1301200e+00  -2.8063272e-01   0.0000000e+00  -8.3901998e-07
   4.2700000e+02   2.2679000e+01   4.1288340e+00  -2.8157851e-01   0.0000000e+00  -8.3995688e-07
   4.2800000e+02   2.2633130e+01   4.1275480e+00  -2.8252112e-01   0.0000000e+00  -8.4088264e-07
   4.2900000e+02   2.2587460e+01   4.1262620e+00  -2.8346082e-01   0.0000000e+00  -8.4179783e-07
   4.3000000e+02   2.2542020e+01   4.1249770e+00  -2.8439743e-01   0.0000000e+00  -8.4270178e-07
   4.3100000e+02   2.2496780e+01   4.1236930e+00  -2.8533085e-01   0.0000000e+00  -8.4359441e-07
   4.3200000e+02   2.2451760e+01   4.1224080e+00  -2.8626142e-01   0.0000000e+00  -8.4447690e-07
   4.3300000e+02   2.2406940e+01   4.1211250e+00  -2.8718867e-01   0.0000000e+00  -8.4534776e-07
   4.3400000e+02   2.2362340e+01   4.1198410e+00  -2.8811317e-01   0.0000000e+00  -8.4620892e-07
   4.3500000e+02   2.2317940e+01   4.1185590e+00  -2.8903435e-01   0.0000000e+00  -8.4705853e-07
   4.3600000e+02   2.2273740e+01   4.1172760e+00  -2.8995265e-01   0.0000000e+00  -8.4789795e-07
   4.3700000e+02   2.2229750e+01   4.1159950e+00  -2.9086775e-01   0.0000000e+00  -8.4872624e-07
   4.3800000e+02   2.2185960e+01   4.1147130e+00  -2.9177994e-01   0.0000000e+00  -8.4954447e-07
   4.3900000e+02   2.2142370e+01   4.1134330e+00  -2.9268888e-01   0.0000000e+00  -8.5035170e-07
   4.4000000e+02   2.2098980e+01   4.1121530e+00  -2.9359497e-01   0.0000000e+00  -8.5114892e-07
   4.4100000e+02   2.2055790e+01   4.1108730e+00  -2.9449789e-01   0.0000000e+00  -8.5193540e-07
   4.4200000e+02   2.2012800e+01   4.1095940e+00  -2.9539783e-01   0.0000000e+00  -8.5271169e-07
   4.4300000e+02   2.1970000e+01   4.1083160e+00  -2.9629464e-01   0.0000000e+00  -8.5347748e-07
   4.4400000e+02   2.1927390e+01   4.1070380e+00  -2.9718834e-01   0.0000000e+00  -8.5423296e-07
   4.4500000e+02   2.1884980e+01   4.1057610e+00  -2.9807906e-01   0.0000000e+00  -8.5497828e-07
   4.4600000e+02   2.1842750e+01   4.1044850e+00  -2.9896668e-01   0.0000000e+00  -8.5571344e-07
   4.4700000e+02   2.1800720e+01   4.1032090e+00  -2.9985131e-01   0.0000000e+00  -8.5643845e-07
   4.4800000e+02   2.1758870e+01   4.1019340e+00  -3.0073287e-01   0.0000000e+00  -8.5715344e-07
   4.4900000e+02   2.1717210e+01   4.1006600e+00  -3.0161129e-01   0.0000000e+00  -8.5785789e-07
   4.5000000e+02   2.1675730e+01   4.0993860e+00  -3.0248680e-01   0.0000000e+00  -8.5855297e-07
   4.5100000e+02   2.1634440e+01   4.0981130e+00  -3.0335914e-01   0.0000000e+00  -8.5923767e-07
   4.5200000e+02   2.1593340e+01   4.0968410e+00  -3.0422874e-01   0.0000000e+00  -8.5991307e-07
   4.5300000e+02   2.1552410e+01   4.0955700e+00  -3.0509487e-01   0.0000000e+00  -8.6057788e-07
   4.5400000e+02   2.1511660e+01   4.0942990e+00  -3.0595821e-01   0.0000000e+00  -8.6123331e-07
   4.5500000e+02   2.1471100e+01   4.0930300e+00  -3.0681845e-01   0.0000000e+00  -8.6187878e-07
   4.5600000e+02   2.1430710e+01   4.0917610e+00  -3.0767580e-01   0.0000000e+00  -8.6251488e-07
   4.5700000e+02   2.1390490e+01   4.0904920e+00  -3.0852991e-01   0.0000000e+00  -8.6314127e-07
   4.5800000e+02   2.1350450e+01   4.0892250e+00  -3.0938117e-01   0.0000000e+00  -8.6375778e-07
   4.5900000e+02   2.1310590e+01   4.0879580e+00  -3.1022940e-01   0.0000000e+00  -8.6436514e-07
   4.6000000e+02   2.1270900e+01   4.0866930e+00  -3.1107454e-01   0.0000000e+00  -8.6496276e-07
   4.6100000e+02   2.1231380e+01   4.0854280e+00  -3.1191672e-01   0.0000000e+00  -8.6555091e-07
   4.6200000e+02   2.1192030e+01   4.0841640e+00  -3.1275584e-01   0.0000000e+00  -8.6612959e-07
   4.6300000e+02   2.1152850e+01   4.0829010e+00  -3.1359192e-01   0.0000000e+00  -8.6669909e-07
   4.6400000e+02   2.1113840e+01   4.0816390e+00  -3.1442512e-01   0.0000000e+00  -8.6725929e-07
   4.6500000e+02   2.1074990e+01   4.0803770e+00  -3.1525528e-01   0.0000000e+00  -8.6781034e-07
   4.6600000e+02   2.1036310e+01   4.0791170e+00  -3.1608241e-01   0.0000000e+00  -8.6835180e-07
   4.6700000e+02   2.0997800e+01   4.0778580e+00  -3.1690664e-01   0.0000000e+00  -8.6888450e-07
   4.6800000e+02   2.0959450e+01   4.0765990e+00  -3.1772797e-01   0.0000000e+00  -8.6940828e-07
   4.6900000e+02   2.0921260e+01   4.0753420e+00  -3.1854619e-01   0.0000000e+00  -8.6992253e-07
   4.7000000e+02   2.0883230e+01   4.0740850e+00  -3.1936150e-01   0.0000000e+00  -8.7042822e-07
   4.7100000e+02   2.0845370e+01   4.0728300e+00  -3.2017373e-01   0.0000000e+00  -8.7092428e-07
   4.7200000e+02   2.0807660e+01   4.0715750e+00  -3.2098316e-01   0.0000000e+00  -8.7141215e-07
   4.7300000e+02   2.0770110e+01   4.0703220e+00  -3.2178965e-01   0.0000000e+00  -8.7189105e-07
   4.7400000e+02   2.0732710e+01   4.0690690e+00  -3.2259309e-01   0.0000000e+00  -8.7236113e-07
   4.7500000e+02   2.0695480e+01   4.0678180e+00  -3.2339361e-01   0.0000000e+00  -8.7282241e-07
   4.7600000e+02   2.0658400e+01   4.0665670e+00  -3.2419127e-01   0.0000000e+00  -8.7327513e-07
   4.7700000e+02   2.0621470e+01   4.0653180e+00  -3.2498585e-01   0.0000000e+00  -8.7371871e-07
   4.7800000e+02   2.0584690e+01   4.0640700e+00  -3.2577751e-01   0.0000000e+00  -8.7415377e-07
   4.7900000e+02   2.0548070e+01   4.0628230e+00  -3.2656640e-01   0.0000000e+00  -8.7458079e-07
   4.8000000e+02   2.0511600e+01   4.0615760e+00  -3.2735250e-01   0.0000000e+00  -8.7499965e-07
   4.8100000e+02   2.0475270e+01   4.0603310e+00  -3.2813551e-01   0.0000000e+00  -8.7540933e-07
   4.8200000e+02   2.0439100e+01   4.0590870e+00  -3.2891571e-01   0.0000000e+00  -8.7581118e-07
   4.8300000e+02   2.0403070e+01   4.0578450e+00  -3.2969291e-01   0.0000000e+00  -8.7620421e-07
   4.8400000e+02   2.0367190e+01   4.0566030e+00  -3.3046729e-01   0.0000000e+00  -8.7658904e-07
   4.8500000e+02   2.0331460e+01   4.0553620e+00  -3.3123885e-01   0.0000000e+00  -8.7696591e-07
   4.8600000e+02   2.0295870e+01   4.0541230e+00  -3.3200747e-01   0.0000000e+00  -8.7733416e-07
   4.8700000e+02   2.0260430e+01   4.0528850e+00  -3.3277328e-01   0.0000000e+00  -8.7769434e-07
   4.8800000e+02   2.0225130e+01   4.0516480e+00  -3.3353621e-01   0.0000000e+00  -8.7804690e-07
   4.8900000e+02   2.0189970e+01   4.0504120e+00  -3.3429631e-01   0.0000000e+00  -8.7839120e-07
   4.9000000e+02   2.0154950e+01   4.0491770e+00  -3.3505358e-01   0.0000000e+00  -8.7872760e-07
   4.9100000e+02   2.0120070e+01   4.0479440e+00  -3.3580793e-01   0.0000000e+00  -8.7905569e-07
   4.9200000e+02   2.0085330e+01   4.0467110e+00  -3.3655958e-01   0.0000000e+00  -8.7937637e-07
   4.9300000e+02   2.0050730e+01   4.0454800e+00  -3.3730841e-01   0.0000000e+00  -8.7968912e-07
   4.9400000e+02   2.0016270e+01   4.0442500e+00  -3.3805437e-01   0.0000000e+00  -8.7999356e-07
   4.9500000e+02   1.9981940e+01   4.0430220e+00  -3.3879750e-01   0.0000000e+00  -8.8029067e-07
   4.9600000e+02   1.9947750e+01   4.0417940e+00  -3.3953796e-01   0.0000000e+00  -8.8058034e-07
   4.9700000e+02   1.9913700e+01   4.0405680e+00  -3.4027555e-01   0.0000000e+00  -8.8086173e-07
   4.9800000e+02   1.9879780e+01   4.0393430e+00  -3.4101036e-01   0.0000000e+00  -8.8113601e-07
   4.9900000e+02   1.9845990e+01   4.0381200e+00  -3.4174239e-01   0.0000000e+00  -8.8140234e-07
   5.0000000e+02   1.9812340e+01   4.0368970e+00  -3.4247173e-01   0.0000000e+00  -8.8166170e-07
   5.0100000e+02   1.9778810e+01   4.0356760e+00  -3.4319826e-01   0.0000000e+00  -8.8191335e-07
   5.0200000e+02   1.9745420e+01   4.0344570e+00  -3.4392199e-01   0.0000000e+00  -8.8215752e-07
   5.0300000e+02   1.9712160e+01   4.0332380e+00  -3.4464313e-01   0.0000000e+00  -8.8239464e-07
   5.0400000e+02   1.9679020e+01   4.0320210e+00  -3.4536138e-01   0.0000000e+00  -8.8262402e-07
   5.0500000e+02   1.9646020e+01   4.0308050e+00  -3.4607704e-01   0.0000000e+00  -8.8284653e-07
   5.0600000e+02   1.9613140e+01   4.0295910e+00  -3.4678988e-01   0.0000000e+00  -8.8306146e-07
   5.0700000e+02   1.9580390e+01   4.0283780e+00  -3.4750005e-01   0.0000000e+00  -8.8326914e-07
   5.0800000e+02   1.9547760e+01   4.0271660e+00  -3.4820756e-01   0.0000000e+00  -8.8347031e-07
   5.0900000e+02   1.9515260e+01   4.0259550e+00  -3.4891239e-01   0.0000000e+00  -8.8366397e-07
   5.1000000e+02   1.9482880e+01   4.0247460e+00  -3.4961446e-01   0.0000000e+00  -8.8385090e-07
   5.1100000e+02   1.9450630e+01   4.0235390e+00  -3.5031387e-01   0.0000000e+00  -8.8403054e-07
   5.1200000e+02   1.9418500e+01   4.0223320e+00  -3.5101070e-01   0.0000000e+00  -8.8420344e-07
   5.1300000e+02   1.9386490e+01   4.0211270e+00  -3.5170480e-01   0.0000000e+00  -8.8436910e-07
   5.1400000e+02   1.9354600e+01   4.0199240e+00  -3.5239622e-01   0.0000000e+00  -8.8452803e-07
   5.1500000e+02   1.9322840e+01   4.0187210e+00  -3.5308513e-01   0.0000000e+00  -8.8468063e-07
   5.1600000e+02   1.9291190e+01   4.0175210e+00  -3.5377127e-01   0.0000000e+00  -8.8482604e-07
   5.1700000e+02   1.9259660e+01   4.0163210e+00  -3.5445487e-01   0.0000000e+00  -8.8496501e-07
   5.1800000e+02   1.9228250e+01   4.0151230e+00  -3.5513585e-01   0.0000000e+00  -8.8509697e-07
   5.1900000e+02   1.9196960e+01   4.0139270e+00  -3.5581419e-01   0.0000000e+00  -8.8522274e-07
   5.2000000e+02   1.9165790e+01   4.0127320e+00  -3.5648994e-01   0.0000000e+00  -8.8534140e-07
   5.2100000e+02   1.9134730e+01   4.0115380e+00  -3.5716316e-01   0.0000000e+00  -8.8545411e-07
   5.2200000e+02   1.9103780e+01   4.0103460e+00  -3.5783373e-01   0.0000000e+00  -8.8556011e-07
   5.2300000e+02   1.9072950e+01   4.0091550e+00  -3.5850174e-01   0.0000000e+00  -8.8565970e-07
   5.2400000e+02   1.9042240e+01   4.0079650e+00  -3.5916724e-01   0.0000000e+00  -8.8575290e-07
   5.2500000e+02   1.9011640e+01   4.0067780e+00  -3.5983012e-01   0.0000000e+00  -8.8583941e-07
   5.2600000e+02   1.8981150e+01   4.0055910e+00  -3.6049050e-01   0.0000000e+00  -8.8592017e-07
   5.2700000e+02   1.8950770e+01   4.0044060e+00  -3.6114834e-01   0.0000000e+00  -8.8599444e-07
   5.2800000e+02   1.8920510e+01   4.0032230e+00  -3.6180361e-01   0.0000000e+00  -8.8606235e-07
   5.2900000e+02   1.8890350e+01   4.0020410e+00  -3.6245638e-01   0.0000000e+00  -8.8612421e-07
   5.3000000e+02   1.8860300e+01   4.0008600e+00  -3.6310668e-01   0.0000000e+00  -8.8618003e-07
   5.3100000e+02   1.8830370e+01   3.9996810e+00  -3.6375446e-01   0.0000000e+00  -8.8622979e-07
   5.3200000e+02   1.8800540e+01   3.9985040e+00  -3.6439968e-01   0.0000000e+00  -8.8627324e-07
   5.3300000e+02   1.8770820e+01   3.9973280e+00  -3.6504247e-01   0.0000000e+00  -8.8631080e-07
   5.3400000e+02   1.8741210e+01   3.9961530e+00  -3.6568282e-01   0.0000000e+00  -8.8634256e-07
   5.3500000e+02   1.8711710e+01   3.9949800e+00  -3.6632070e-01   0.0000000e+00  -8.8636804e-07
   5.3600000e+02   1.8682310e+01   3.9938090e+00  -3.6695608e-01   0.0000000e+00  -8.8638803e-07
   5.3700000e+02   1.8653010e+01   3.9926390e+00  -3.6758899e-01   0.0000000e+00  -8.8640200e-07
   5.3800000e+02   1.8623820e+01   3.9914700e+00  -3.6821953e-01   0.0000000e+00  -8.8641033e-07
   5.3900000e+02   1.8594740e+01   3.9903040e+00  -3.6884759e-01   0.0000000e+00  -8.8641256e-07
   5.4000000e+02   1.8565760e+01   3.9891380e+00  -3.6947331e-01   0.0000000e+00  -8.8640971e-07
   5.4100000e+02   1.8536880e+01   3.9879740e+00  -3.7009654e-01   0.0000000e+00  -8.8640062e-07
   5.4200000e+02   1.8508100e+01   3.9868120e+00  -3.7071734e-01   0.0000000e+00  -8.8638597e-07
   5.4300000e+02   1.8479430e+01   3.9856520e+00  -3.7133574e-01   0.0000000e+00  -8.8636572e-07
   5.4400000e+02   1.8450860e+01   3.9844930e+00  -3.7195180e-01   0.0000000e+00  -8.8634012e-07
   5.4500000e+02   1.8422390e+01   3.9833350e+00  -3.7256547e-01   0.0000000e+00  -8.8630879e-07
   5.4600000e+02   1.8394010e+01   3.9821790e+00  -3.7317677e-01   0.0000000e+00  -8.8627233e-07
   5.4700000e+02   1.8365740e+01   3.9810250e+00  -3.7378568e-01   0.0000000e+00  -8.8622999e-07
   5.4800000e+02   1.8337570e+01   3.9798720e+00  -3.7439230e-01   0.0000000e+00  -8.8618253e-07
   5.4900000e+02   1.8309490e+01   3.9787210e+00  -3.7499654e-01   0.0000000e+00  -8.8612981e-07
   5.5000000e+02   1.8281520e+01   3.9775710e+00  -3.7559849e-01   0.0000000e+00  -8.8607159e-07
   5.5100000e+02   1.8253640e+01   3.9764230e+00  -3.7619809e-01   0.0000000e+00  -8.8600807e-07
   5.5200000e+02   1.8225850e+01   3.9752760e+00  -3.7679533e-01   0.0000000e+00  -8.8593945e-07
   5.5300000e+02   1.8198170e+01   3.9741320e+00  -3.7739030e-01   0.0000000e+00  -8.8586562e-07
   5.5400000e+02   1.8170570e+01   3.9729880e+00  -3.7798296e-01   0.0000000e+00  -8.8578676e-07
   5.5500000e+02   1.8143080e+01   3.9718470e+00  -3.7857335e-01   0.0000000e+00  -8.8570246e-07
   5.5600000e+02   1.8115670e+01   3.9707070e+00  -3.7916141e-01   0.0000000e+00  -8.8561325e-07
   5.5700000e+02   1.8088370e+01   3.9695680e+00  -3.7974728e-01   0.0000000e+00  -8.8551905e-07
   5.5800000e+02   1.8061150e+01   3.9684310e+00  -3.8033081e-01   0.0000000e+00  -8.8541951e-07
   5.5900000e+02   1.8034030e+01   3.9672960e+00  -3.8091212e-01   0.0000000e+00  -8.8531540e-07
   5.6000000e+02   1.8007000e+01   3.9661630e+00  -3.8149113e-01   0.0000000e+00  -8.8520601e-07
   5.6100000e+02   1.7980060e+01   3.9650310e+00  -3.8206792e-01   0.0000000e+00  -8.8509197e-07
   5.6200000e+02   1.7953210e+01   3.9639000e+00  -3.8264255e-01   0.0000000e+00  -8.8497323e-07
   5.6300000e+02   1.7926460e+01   3.9627720e+00  -3.8321489e-01   0.0000000e+00  -8.8484912e-07
   5.6400000e+02   1.7899790e+01   3.9616450e+00  -3.8378501e-01   0.0000000e+00  -8.8472053e-07
   5.6500000e+02   1.7873220e+01   3.9605190e+00  -3.8435301e-01   0.0000000e+00  -8.8458746e-07
   5.6600000e+02   1.7846730e+01   3.9593960e+00  -3.8491873e-01   0.0000000e+00  -8.8444961e-07
   5.6700000e+02   1.7820330e+01   3.9582730e+00  -3.8548234e-01   0.0000000e+00  -8.8430675e-07
   5.6800000e+02   1.7794020e+01   3.9571530e+00  -3.8604370e-01   0.0000000e+00  -8.8415925e-07
   5.6900000e+02   1.7767800e+01   3.9560340e+00  -3.8660295e-01   0.0000000e+00  -8.8400741e-07
   5.7000000e+02   1.7741670e+01   3.9549170e+00  -3.8716001e-01   0.0000000e+00  -8.8385095e-07
   5.7100000e+02   1.7715620e+01   3.9538020e+00  -3.8771487e-01   0.0000000e+00  -8.8368972e-07
   5.7200000e+02   1.7689660e+01   3.9526880e+00  -3.8826762e-01   0.0000000e+00  -8.8352396e-07
   5.7300000e+02   1.7663780e+01   3.9515760e+00  -3.8881827e-01   0.0000000e+00  -8.8335402e-07
   5.7400000e+02   1.7638000e+01   3.9504650e+00  -3.8936680e-01   0.0000000e+00  -8.8317953e-07
   5.7500000e+02   1.7612290e+01   3.9493560e+00  -3.8991321e-01   0.0000000e+00  -8.8300083e-07
   5.7600000e+02   1.7586670e+01   3.9482490e+00  -3.9045746e-01   0.0000000e+00  -8.8281739e-07
   5.7700000e+02   1.7561130e+01   3.9471440e+00  -3.9099958e-01   0.0000000e+00  -8.8262982e-07
   5.7800000e+02   1.7535680e+01   3.9460400e+00  -3.9153967e-01   0.0000000e+00  -8.8243783e-07
   5.7900000e+02   1.7510310e+01   3.9449380e+00  -3.9207766e-01   0.0000000e+00  -8.8224152e-07
   5.8000000e+02   1.7485030e+01   3.9438370e+00  -3.9261365e-01   0.0000000e+00  -8.8204123e-07
   5.8100000e+02   1.7459820e+01   3.9427380e+00  -3.9314751e-01   0.0000000e+00  -8.8183655e-07
   5.8200000e+02   1.7434700e+01   3.9416410e+00  -3.9367930e-01   0.0000000e+00  -8.8162785e-07
   5.8300000e+02   1.7409660e+01   3.9405460e+00  -3.9420901e-01   0.0000000e+00  -8.8141489e-07
   5.8400000e+02   1.7384700e+01   3.9394520e+00  -3.9473675e-01   0.0000000e+00  -8.8119774e-07
   5.8500000e+02   1.7359820e+01   3.9383600e+00  -3.9526239e-01   0.0000000e+00  -8.8097663e-07
   5.8600000e+02   1.7335020e+01   3.9372700e+00  -3.9578602e-01   0.0000000e+00  -8.8075142e-07
   5.8700000e+02   1.7310300e+01   3.9361810e+00  -3.9630769e-01   0.0000000e+00  -8.8052221e-07
   5.8800000e+02   1.7285660e+01   3.9350940e+00  -3.9682730e-01   0.0000000e+00  -8.8028912e-07
   5.8900000e+02   1.7261090e+01   3.9340090e+00  -3.9734486e-01   0.0000000e+00  -8.8005191e-07
   5.9000000e+02   1.7236610e+01   3.9329250e+00  -3.9786054e-01   0.0000000e+00  -8.7981093e-07
   5.9100000e+02   1.7212200e+01   3.9318430e+00  -3.9837414e-01   0.0000000e+00  -8.7956599e-07
   5.9200000e+02   1.7187880e+01   3.9307630e+00  -3.9888583e-01   0.0000000e+00  -8.7931711e-07
   5.9300000e+02   1.7163630e+01   3.9296850e+00  -3.9939549e-01   0.0000000e+00  -8.7906454e-07
   5.9400000e+02   1.7139450e+01   3.9286080e+00  -3.9990319e-01   0.0000000e+00  -8.7880813e-07
   5.9500000e+02   1.7115350e+01   3.9275330e+00  -4.0040898e-01   0.0000000e+00  -8.7854790e-07
   5.9600000e+02   1.7091330e+01   3.9264600e+00  -4.0091280e-01   0.0000000e+00  -8.7828383e-07
   5.9700000e+02   1.7067380e+01   3.9253880e+00  -4.0141470e-01   0.0000000e+00  -8.7801626e-07
   5.9800000e+02   1.7043510e+01   3.9243180e+00  -4.0191466e-01   0.0000000e+00  -8.7774497e-07
   5.9900000e+02   1.7019720e+01   3.9232500e+00  -4.0241275e-01   0.0000000e+00  -8.7746990e-07
   6.0000000e+02   1.6995990e+01   3.9221830e+00  -4.0290888e-01   0.0000000e+00  -8.7719143e-07
   6.0100000e+02   1.6972350e+01   3.9211190e+00  -4.0340311e-01   0.0000000e+00  -8.7690909e-07
   6.0200000e+02   1.6948770e+01   3.9200550e+00  -4.0389548e-01   0.0000000e+00  -8.7662367e-07
   6.0300000e+02   1.6925270e+01   3.9189940e+00  -4.0438593e-01   0.0000000e+00  -8.7633413e-07
   6.0400000e+02   1.6901840e+01   3.9179340e+00  -4.0487447e-01   0.0000000e+00  -8.7604144e-07
   6.0500000e+02   1.6878480e+01   3.9168770e+00  -4.0536109e-01   0.0000000e+00  -8.7574498e-07
   6.0600000e+02   1.6855200e+01   3.9158200e+00  -4.0584599e-01   0.0000000e+00  -8.7544547e-07
   6.0700000e+02   1.6831990e+01   3.9147660e+00  -4.0632892e-01   0.0000000e+00  -8.7514218e-07
   6.0800000e+02   1.6808850e+01   3.9137130e+00  -4.0681007e-01   0.0000000e+00  -8.7483575e-07
   6.0900000e+02   1.6785780e+01   3.9126620e+00  -4.0728935e-01   0.0000000e+00  -8.7452588e-07
   6.1000000e+02   1.6762780e+01   3.9116130e+00  -4.0776677e-01   0.0000000e+00  -8.7421245e-07
   6.1100000e+02   1.6739850e+01   3.9105650e+00  -4.0824238e-01   0.0000000e+00  -8.7389591e-07
   6.1200000e+02   1.6716990e+01   3.9095190e+00  -4.0871616e-01   0.0000000e+00  -8.7357619e-07
   6.1300000e+02   1.6694200e+01   3.9084750e+00  -4.0918814e-01   0.0000000e+00  -8.7325298e-07
   6.1400000e+02   1.6671480e+01   3.9074320e+00  -4.0965836e-01   0.0000000e+00  -8.7292677e-07
   6.1500000e+02   1.6648830e+01   3.9063920e+00  -4.1012670e-01   0.0000000e+00  -8.7259695e-07
   6.1600000e+02   1.6626240e+01   3.9053530e+00  -4.1059325e-01   0.0000000e+00  -8.7226419e-07
   6.1700000e+02   1.6603730e+01   3.9043150e+00  -4.1105812e-01   0.0000000e+00  -8.7192853e-07
   6.1800000e+02   1.6581280e+01   3.9032800e+00  -4.1152113e-01   0.0000000e+00  -8.7158940e-07
   6.1900000e+02   1.6558900e+01   3.9022460e+00  -4.1198239e-01   0.0000000e+00  -8.7124720e-07
   6.2000000e+02   1.6536590e+01   3.9012140e+00  -4.1244190e-01   0.0000000e+00  -8.7090197e-07
   6.2100000e+02   1.6514340e+01   3.9001830e+00  -4.1289971e-01   0.0000000e+00  -8.7055387e-07
   6.2200000e+02   1.6492160e+01   3.8991550e+00  -4.1335564e-01   0.0000000e+00  -8.7020246e-07
   6.2300000e+02   1.6470050e+01   3.8981280e+00  -4.1380991e-01   0.0000000e+00  -8.6984821e-07
   6.2400000e+02   1.6448000e+01   3.8971020e+00  -4.1426256e-01   0.0000000e+00  -8.6949114e-07
   6.2500000e+02   1.6426020e+01   3.8960790e+00  -4.1471333e-01   0.0000000e+00  -8.6913080e-07
   6.2600000e+02   1.6404110e+01   3.8950570e+00  -4.1516250e-01   0.0000000e+00  -8.6876767e-07
   6.2700000e+02   1.6382250e+01   3.8940370e+00  -4.1560984e-01   0.0000000e+00  -8.6840166e-07
   6.2800000e+02   1.6360470e+01   3.8930190e+00  -4.1605556e-01   0.0000000e+00  -8.6803273e-07
   6.2900000e+02   1.6338740e+01   3.8920020e+00  -4.1649957e-01   0.0000000e+00  -8.6766092e-07
   6.3000000e+02   1.6317090e+01   3.8909870e+00  -4.1694195e-01   0.0000000e+00  -8.6728638e-07
   6.3100000e+02   1.6295490e+01   3.8899740e+00  -4.1738257e-01   0.0000000e+00  -8.6690885e-07
   6.3200000e+02   1.6273960e+01   3.8889630e+00  -4.1782149e-01   0.0000000e+00  -8.6652852e-07
   6.3300000e+02   1.6252490e+01   3.8879530e+00  -4.1825882e-01   0.0000000e+00  -8.6614555e-07
   6.3400000e+02   1.6231080e+01   3.8869450e+00  -4.1869443e-01   0.0000000e+00  -8.6575995e-07
   6.3500000e+02   1.6209740e+01   3.8859390e+00  -4.1912844e-01   0.0000000e+00  -8.6537151e-07
   6.3600000e+02   1.6188460e+01   3.8849340e+00  -4.1956083e-01   0.0000000e+00  -8.6498047e-07
   6.3700000e+02   1.6167240e+01   3.8839310e+00  -4.1999155e-01   0.0000000e+00  -8.6458673e-07
   6.3800000e+02   1.6146080e+01   3.8829300e+00  -4.2042064e-01   0.0000000e+00  -8.6419037e-07
   6.3900000e+02   1.6124980e+01   3.8819310e+00  -4.2084804e-01   0.0000000e+00  -8.6379112e-07
   6.4000000e+02   1.6103940e+01   3.8809330e+00  -4.2127390e-01   0.0000000e+00  -8.6338951e-07
   6.4100000e+02   1.6082970e+01   3.8799370e+00  -4.2169816e-01   0.0000000e+00  -8.6298519e-07
   6.4200000e+02   1.6062050e+01   3.8789430e+00  -4.2212075e-01   0.0000000e+00  -8.6257841e-07
   6.4300000e+02   1.6041190e+01   3.8779500e+00  -4.2254179e-01   0.0000000e+00  -8.6216921e-07
   6.4400000e+02   1.6020400e+01   3.8769600e+00  -4.2296122e-01   0.0000000e+00  -8.6175715e-07
   6.4500000e+02   1.5999660e+01   3.8759700e+00  -4.2337914e-01   0.0000000e+00  -8.6134312e-07
   6.4600000e+02   1.5978980e+01   3.8749830e+00  -4.2379534e-01   0.0000000e+00  -8.6092595e-07
   6.4700000e+02   1.5958360e+01   3.8739970e+00  -4.2421009e-01   0.0000000e+00  -8.6050686e-07
   6.4800000e+02   1.5937800e+01   3.8730140e+00  -4.2462318e-01   0.0000000e+00  -8.6008507e-07
   6.4900000e+02   1.5917300e+01   3.8720310e+00  -4.2503484e-01   0.0000000e+00  -8.5966100e-07
   6.5000000e+02   1.5896860e+01   3.8710510e+00  -4.2544485e-01   0.0000000e+00  -8.5923447e-07
   6.5100000e+02   1.5876470e+01   3.8700720e+00  -4.2585338e-01   0.0000000e+00  -8.5880570e-07
   6.5200000e+02   1.5856140e+01   3.8690950e+00  -4.2626029e-01   0.0000000e+00  -8.5837436e-07
   6.5300000e+02   1.5835870e+01   3.8681200e+00  -4.2666572e-01   0.0000000e+00  -8.5794071e-07
   6.5400000e+02   1.5815660e+01   3.8671460e+00  -4.2706972e-01   0.0000000e+00  -8.5750504e-07
   6.5500000e+02   1.5795500e+01   3.8661740e+00  -4.2747205e-01   0.0000000e+00  -8.5706697e-07
   6.5600000e+02   1.5775400e+01   3.8652040e+00  -4.2787295e-01   0.0000000e+00  -8.5662641e-07
   6.5700000e+02   1.5755350e+01   3.8642350e+00  -4.2827236e-01   0.0000000e+00  -8.5618393e-07
   6.5800000e+02   1.5735360e+01   3.8632680e+00  -4.2867025e-01   0.0000000e+00  -8.5573922e-07
   6.5900000e+02   1.5715430e+01   3.8623030e+00  -4.2906663e-01   0.0000000e+00  -8.5529208e-07
   6.6000000e+02   1.5695550e+01   3.8613400e+00  -4.2946151e-01   0.0000000e+00  -8.5484247e-07
   6.6100000e+02   1.5675730e+01   3.8603780e+00  -4.2985495e-01   0.0000000e+00  -8.5439124e-07
   6.6200000e+02   1.5655960e+01   3.8594180e+00  -4.3024687e-01   0.0000000e+00  -8.5393756e-07
   6.6300000e+02   1.5636250e+01   3.8584600e+00  -4.3063736e-01   0.0000000e+00  -8.5348178e-07
   6.6400000e+02   1.5616590e+01   3.8575030e+00  -4.3102642e-01   0.0000000e+00  -8.5302418e-07
   6.6500000e+02   1.5596980e+01   3.8565480e+00  -4.3141397e-01   0.0000000e+00  -8.5256415e-07
   6.6600000e+02   1.5577430e+01   3.8555950e+00  -4.3180007e-01   0.0000000e+00  -8.5210217e-07
   6.6700000e+02   1.5557940e+01   3.8546430e+00  -4.3218487e-01   0.0000000e+00  -8.5163826e-07
   6.6800000e+02   1.5538490e+01   3.8536940e+00  -4.3256799e-01   0.0000000e+00  -8.5117203e-07
   6.6900000e+02   1.5519100e+01   3.8527460e+00  -4.3294979e-01   0.0000000e+00  -8.5070386e-07
   6.7000000e+02   1.5499760e+01   3.8517990e+00  -4.3333021e-01   0.0000000e+00  -8.5023385e-07
   6.7100000e+02   1.5480480e+01   3.8508540e+00  -4.3370928e-01   0.0000000e+00  -8.4976189e-07
   6.7200000e+02   1.5461250e+01   3.8499110e+00  -4.3408684e-01   0.0000000e+00  -8.4928772e-07
   6.7300000e+02   1.5442060e+01   3.8489700e+00  -4.3446289e-01   0.0000000e+00  -8.4881164e-07
   6.7400000e+02   1.5422940e+01   3.8480300e+00  -4.3483775e-01   0.0000000e+00  -8.4833366e-07
   6.7500000e+02   1.5403860e+01   3.8470920e+00  -4.3521109e-01   0.0000000e+00  -8.4785395e-07
   6.7600000e+02   1.5384830e+01   3.8461560e+00  -4.3558303e-01   0.0000000e+00  -8.4737202e-07
   6.7700000e+02   1.5365860e+01   3.8452210e+00  -4.3595366e-01   0.0000000e+00  -8.4688859e-07
   6.7800000e+02   1.5346940e+01   3.8442880e+00  -4.3632291e-01   0.0000000e+00  -8.4640323e-07
   6.7900000e+02   1.5328060e+01   3.8433570e+00  -4.3669068e-01   0.0000000e+00  -8.4591566e-07
   6.8000000e+02   1.5309240e+01   3.8424270e+00  -4.3705721e-01   0.0000000e+00  -8.4542654e-07
   6.8100000e+02   1.5290470e+01   3.8415000e+00  -4.3742223e-01   0.0000000e+00  -8.4493553e-07
   6.8200000e+02   1.5271750e+01   3.8405730e+00  -4.3778611e-01   0.0000000e+00  -8.4444294e-07
   6.8300000e+02   1.5253080e+01   3.8396490e+00  -4.3814848e-01   0.0000000e+00  -8.4394804e-07
   6.8400000e+02   1.5234460e+01   3.8387260e+00  -4.3850956e-01   0.0000000e+00  -8.4345202e-07
   6.8500000e+02   1.5215880e+01   3.8378050e+00  -4.3886926e-01   0.0000000e+00  -8.4295386e-07
   6.8600000e+02   1.5197360e+01   3.8368850e+00  -4.3922773e-01   0.0000000e+00  -8.4245417e-07
   6.8700000e+02   1.5178890e+01   3.8359670e+00  -4.3958486e-01   0.0000000e+00  -8.4195270e-07
   6.8800000e+02   1.5160460e+01   3.8350510e+00  -4.3994054e-01   0.0000000e+00  -8.4144965e-07
   6.8900000e+02   1.5142080e+01   3.8341360e+00  -4.4029502e-01   0.0000000e+00  -8.4094478e-07
   6.9000000e+02   1.5123760e+01   3.8332230e+00  -4.4064820e-01   0.0000000e+00  -8.4043809e-07
   6.9100000e+02   1.5105480e+01   3.8323120e+00  -4.4100005e-01   0.0000000e+00  -8.3992999e-07
   6.9200000e+02   1.5087240e+01   3.8314030e+00  -4.4135049e-01   0.0000000e+00  -8.3942006e-07
   6.9300000e+02   1.5069060e+01   3.8304950e+00  -4.4169977e-01   0.0000000e+00  -8.3890872e-07
   6.9400000e+02   1.5050920e+01   3.8295880e+00  -4.4204778e-01   0.0000000e+00  -8.3839589e-07
   6.9500000e+02   1.5032830e+01   3.8286840e+00  -4.4239440e-01   0.0000000e+00  -8.3788091e-07
   6.9600000e+02   1.5014790e+01   3.8277810e+00  -4.4273983e-01   0.0000000e+00  -8.3736481e-07
   6.9700000e+02   1.4996800e+01   3.8268790e+00  -4.4308406e-01   0.0000000e+00  -8.3684725e-07
   6.9800000e+02   1.4978850e+01   3.8259800e+00  -4.4342683e-01   0.0000000e+00  -8.3632760e-07
   6.9900000e+02   1.4960950e+01   3.8250820e+00  -4.4376845e-01   0.0000000e+00  -8.3580682e-07
   7.0000000e+02   1.4943090e+01   3.8241850e+00  -4.4410884e-01   0.0000000e+00  -8.3528464e-07
   7.0100000e+02   1.4925280e+01   3.8232910e+00  -4.4444789e-01   0.0000000e+00  -8.3476076e-07
   7.0200000e+02   1.4907520e+01   3.8223980e+00  -4.4478578e-01   0.0000000e+00  -8.3423522e-07
   7.0300000e+02   1.4889800e+01   3.8215060e+00  -4.4512243e-01   0.0000000e+00  -8.3370859e-07
   7.0400000e+02   1.4872130e+01   3.8206160e+00  -4.4545783e-01   0.0000000e+00  -8.3318045e-07
   7.0500000e+02   1.4854500e+01   3.8197280e+00  -4.4579195e-01   0.0000000e+00  -8.3265052e-07
   7.0600000e+02   1.4836920e+01   3.8188420e+00  -4.4612484e-01   0.0000000e+00  -8.3211941e-07
   7.0700000e+02   1.4819380e+01   3.8179570e+00  -4.4645653e-01   0.0000000e+00  -8.3158674e-07
   7.0800000e+02   1.4801890e+01   3.8170730e+00  -4.4678711e-01   0.0000000e+00  -8.3105298e-07
   7.0900000e+02   1.4784440e+01   3.8161920e+00  -4.4711635e-01   0.0000000e+00  -8.3051774e-07
   7.1000000e+02   1.4767040e+01   3.8153120e+00  -4.4744444e-01   0.0000000e+00  -8.2998086e-07
   7.1100000e+02   1.4749680e+01   3.8144330e+00  -4.4777140e-01   0.0000000e+00  -8.2944289e-07
   7.1200000e+02   1.4732360e+01   3.8135560e+00  -4.4809708e-01   0.0000000e+00  -8.2890346e-07
   7.1300000e+02   1.4715090e+01   3.8126810e+00  -4.4842155e-01   0.0000000e+00  -8.2836262e-07
   7.1400000e+02   1.4697870e+01   3.8118080e+00  -4.4874488e-01   0.0000000e+00  -8.2782036e-07
   7.1500000e+02   1.4680680e+01   3.8109360e+00  -4.4906697e-01   0.0000000e+00  -8.2727708e-07
   7.1600000e+02   1.4663540e+01   3.8100650e+00  -4.4938805e-01   0.0000000e+00  -8.2673260e-07
   7.1700000e+02   1.4646440e+01   3.8091960e+00  -4.4970785e-01   0.0000000e+00  -8.2618670e-07
   7.1800000e+02   1.4629390e+01   3.8083290e+00  -4.5002648e-01   0.0000000e+00  -8.2563942e-07
   7.1900000e+02   1.4612380e+01   3.8074640e+00  -4.5034394e-01   0.0000000e+00  -8.2509100e-07
   7.2000000e+02   1.4595410e+01   3.8066000e+00  -4.5066025e-01   0.0000000e+00  -8.2454117e-07
   7.2100000e+02   1.4578480e+01   3.8057380e+00  -4.5097537e-01   0.0000000e+00  -8.2399010e-07
   7.2200000e+02   1.4561600e+01   3.8048770e+00  -4.5128948e-01   0.0000000e+00  -8.2343797e-07
   7.2300000e+02   1.4544760e+01   3.8040180e+00  -4.5160238e-01   0.0000000e+00  -8.2288459e-07
   7.2400000e+02   1.4527950e+01   3.8031600e+00  -4.5191410e-01   0.0000000e+00  -8.2233015e-07
   7.2500000e+02   1.4511200e+01   3.8023040e+00  -4.5222477e-01   0.0000000e+00  -8.2177441e-07
   7.2600000e+02   1.4494480e+01   3.8014500e+00  -4.5253422e-01   0.0000000e+00  -8.2121758e-07
   7.2700000e+02   1.4477800e+01   3.8005970e+00  -4.5284259e-01   0.0000000e+00  -8.2065937e-07
   7.2800000e+02   1.4461170e+01   3.7997460e+00  -4.5314988e-01   0.0000000e+00  -8.2010000e-07
   7.2900000e+02   1.4444570e+01   3.7988960e+00  -4.5345601e-01   0.0000000e+00  -8.1954002e-07
   7.3000000e+02   1.4428020e+01   3.7980480e+00  -4.5376106e-01   0.0000000e+00  -8.1897832e-07
   7.3100000e+02   1.4411510e+01   3.7972020e+00  -4.5406496e-01   0.0000000e+00  -8.1841552e-07
   7.3200000e+02   1.4395040e+01   3.7963570e+00  -4.5436783e-01   0.0000000e+00  -8.1785192e-07
   7.3300000e+02   1.4378610e+01   3.7955140e+00  -4.5466958e-01   0.0000000e+00  -8.1728720e-07
   7.3400000e+02   1.4362220e+01   3.7946720e+00  -4.5497024e-01   0.0000000e+00  -8.1672137e-07
   7.3500000e+02   1.4345860e+01   3.7938320e+00  -4.5526971e-01   0.0000000e+00  -8.1615430e-07
   7.3600000e+02   1.4329550e+01   3.7929930e+00  -4.5556828e-01   0.0000000e+00  -8.1558652e-07
   7.3700000e+02   1.4313280e+01   3.7921560e+00  -4.5586571e-01   0.0000000e+00  -8.1501739e-07
   7.3800000e+02   1.4297050e+01   3.7913210e+00  -4.5616196e-01   0.0000000e+00  -8.1444725e-07
   7.3900000e+02   1.4280860e+01   3.7904870e+00  -4.5645725e-01   0.0000000e+00  -8.1387620e-07
   7.4000000e+02   1.4264700e+01   3.7896550e+00  -4.5675141e-01   0.0000000e+00  -8.1330430e-07
   7.4100000e+02   1.4248590e+01   3.7888240e+00  -4.5704458e-01   0.0000000e+00  -8.1273109e-07
   7.4200000e+02   1.4232520e+01   3.7879950e+00  -4.5733671e-01   0.0000000e+00  -8.1215693e-07
   7.4300000e+02   1.4216480e+01   3.7871670e+00  -4.5762773e-01   0.0000000e+00  -8.1158205e-07
   7.4400000e+02   1.4200480e+01   3.7863410e+00  -4.5791772e-01   0.0000000e+00  -8.1100615e-07
   7.4500000e+02   1.4184520e+01   3.7855160e+00  -4.5820669e-01   0.0000000e+00  -8.1042919e-07
   7.4600000e+02   1.4168600e+01   3.7846930e+00  -4.5849459e-01   0.0000000e+00  -8.0985121e-07
   7.4700000e+02   1.4152720e+01   3.7838720e+00  -4.5878143e-01   0.0000000e+00  -8.0927233e-07
   7.4800000e+02   1.4136870e+01   3.7830520e+00  -4.5906727e-01   0.0000000e+00  -8.0869256e-07
   7.4900000e+02   1.4121070e+01   3.7822330e+00  -4.5935222e-01   0.0000000e+00  -8.0811206e-07
   7.5000000e+02   1.4105300e+01   3.7814170e+00  -4.5963593e-01   0.0000000e+00  -8.0753024e-07
   7.5100000e+02   1.4089570e+01   3.7806010e+00  -4.5991875e-01   0.0000000e+00  -8.0694804e-07
   7.5200000e+02   1.4073870e+01   3.7797870e+00  -4.6020055e-01   0.0000000e+00  -8.0636462e-07
   7.5300000e+02   1.4058210e+01   3.7789750e+00  -4.6048122e-01   0.0000000e+00  -8.0578032e-07
   7.5400000e+02   1.4042600e+01   3.7781640e+00  -4.6076109e-01   0.0000000e+00  -8.0519523e-07
   7.5500000e+02   1.4027010e+01   3.7773550e+00  -4.6103976e-01   0.0000000e+00  -8.0460933e-07
   7.5600000e+02   1.4011470e+01   3.7765470e+00  -4.6131761e-01   0.0000000e+00  -8.0402266e-07
   7.5700000e+02   1.3995960e+01   3.7757410e+00  -4.6159438e-01   0.0000000e+00  -8.0343495e-07
   7.5800000e+02   1.3980480e+01   3.7749370e+00  -4.6187000e-01   0.0000000e+00  -8.0284639e-07
   7.5900000e+02   1.3965050e+01   3.7741330e+00  -4.6214493e-01   0.0000000e+00  -8.0225725e-07
   7.6000000e+02   1.3949650e+01   3.7733320e+00  -4.6241872e-01   0.0000000e+00  -8.0166698e-07
   7.6100000e+02   1.3934280e+01   3.7725320e+00  -4.6269148e-01   0.0000000e+00  -8.0107617e-07
   7.6200000e+02   1.3918960e+01   3.7717330e+00  -4.6296342e-01   0.0000000e+00  -8.0048476e-07
   7.6300000e+02   1.3903660e+01   3.7709360e+00  -4.6323424e-01   0.0000000e+00  -7.9989219e-07
   7.6400000e+02   1.3888410e+01   3.7701400e+00  -4.6350429e-01   0.0000000e+00  -7.9929919e-07
   7.6500000e+02   1.3873190e+01   3.7693460e+00  -4.6377322e-01   0.0000000e+00  -7.9870505e-07
   7.6600000e+02   1.3858000e+01   3.7685530e+00  -4.6404127e-01   0.0000000e+00  -7.9811043e-07
   7.6700000e+02   1.3842850e+01   3.7677620e+00  -4.6430827e-01   0.0000000e+00  -7.9751501e-07
   7.6800000e+02   1.3827740e+01   3.7669730e+00  -4.6457437e-01   0.0000000e+00  -7.9691867e-07
   7.6900000e+02   1.3812660e+01   3.7661840e+00  -4.6483962e-01   0.0000000e+00  -7.9632206e-07
   7.7000000e+02   1.3797610e+01   3.7653980e+00  -4.6510376e-01   0.0000000e+00  -7.9572432e-07
   7.7100000e+02   1.3782600e+01   3.7646130e+00  -4.6536699e-01   0.0000000e+00  -7.9512589e-07
   7.7200000e+02   1.3767630e+01   3.7638290e+00  -4.6562944e-01   0.0000000e+00  -7.9452702e-07
   7.7300000e+02   1.3752690e+01   3.7630470e+00  -4.6589084e-01   0.0000000e+00  -7.9392714e-07
   7.7400000e+02   1.3737780e+01   3.7622660e+00  -4.6615131e-01   0.0000000e+00  -7.9332688e-07
   7.7500000e+02   1.3722910e+01   3.7614860e+00  -4.6641094e-01   0.0000000e+00  -7.9272588e-07
   7.7600000e+02   1.3708070e+01   3.7607090e+00  -4.6666950e-01   0.0000000e+00  -7.9212411e-07
   7.7700000e+02   1.3693270e+01   3.7599320e+00  -4.6692733e-01   0.0000000e+00  -7.9152179e-07
   7.7800000e+02   1.3678500e+01   3.7591570e+00  -4.6718418e-01   0.0000000e+00  -7.9091883e-07
   7.7900000e+02   1.3663760e+01   3.7583840e+00  -4.6744001e-01   0.0000000e+00  -7.9031509e-07
   7.8000000e+02   1.3649060e+01   3.7576120e+00  -4.6769503e-01   0.0000000e+00  -7.8971084e-07
   7.8100000e+02   1.3634390e+01   3.7568410e+00  -4.6794917e-01   0.0000000e+00  -7.8910604e-07
   7.8200000e+02   1.3619750e+01   3.7560720e+00  -4.6820232e-01   0.0000000e+00  -7.8850043e-07
   7.8300000e+02   1.3605150e+01   3.7553050e+00  -4.6845464e-01   0.0000000e+00  -7.8789433e-07
   7.8400000e+02   1.3590580e+01   3.7545390e+00  -4.6870601e-01   0.0000000e+00  -7.8728755e-07
   7.8500000e+02   1.3576040e+01   3.7537740e+00  -4.6895658e-01   0.0000000e+00  -7.8668029e-07
   7.8600000e+02   1.3561540e+01   3.7530110e+00  -4.6920618e-01   0.0000000e+00  -7.8607234e-07
   7.8700000e+02   1.3547070e+01   3.7522490e+00  -4.6945503e-01   0.0000000e+00  -7.8546398e-07
   7.8800000e+02   1.3532630e+01   3.7514880e+00  -4.6970294e-01   0.0000000e+00  -7.8485501e-07
   7.8900000e+02   1.3518220e+01   3.7507300e+00  -4.6994985e-01   0.0000000e+00  -7.8424531e-07
   7.9000000e+02   1.3503850e+01   3.7499720e+00  -4.7019604e-01   0.0000000e+00  -7.8363523e-07
   7.9100000e+02   1.3489510e+01   3.7492160e+00  -4.7044136e-01   0.0000000e+00  -7.8302464e-07
   7.9200000e+02   1.3475200e+01   3.7484610e+00  -4.7068577e-01   0.0000000e+00  -7.8241343e-07
   7.9300000e+02   1.3460920e+01   3.7477080e+00  -4.7092928e-01   0.0000000e+00  -7.8180160e-07
   7.9400000e+02   1.3446680e+01   3.7469560e+00  -4.7117206e-01   0.0000000e+00  -7.8118941e-07
   7.9500000e+02   1.3432460e+01   3.7462060e+00  -4.7141381e-01   0.0000000e+00  -7.8057660e-07
   7.9600000e+02   1.3418280e+01   3.7454570e+00  -4.7165481e-01   0.0000000e+00  -7.7996337e-07
   7.9700000e+02   1.3404130e+01   3.7447090e+00  -4.7189503e-01   0.0000000e+00  -7.7934968e-07
   7.9800000e+02   1.3390010e+01   3.7439630e+00  -4.7213427e-01   0.0000000e+00  -7.7873536e-07
   7.9900000e+02   1.3375920e+01   3.7432190e+00  -4.7237267e-01   0.0000000e+00  -7.7812049e-07
   8.0000000e+02   1.3361870e+01   3.7424750e+00  -4.7261040e-01   0.0000000e+00  -7.7750546e-07
   8.0100000e+02   1.3347840e+01   3.7417330e+00  -4.7284720e-01   0.0000000e+00  -7.7688983e-07
   8.0200000e+02   1.3333850e+01   3.7409930e+00  -4.7308311e-01   0.0000000e+00  -7.7627348e-07
   8.0300000e+02   1.3319890e+01   3.7402540e+00  -4.7331827e-01   0.0000000e+00  -7.7565686e-07
   8.0400000e+02   1.3305950e+01   3.7395160e+00  -4.7355256e-01   0.0000000e+00  -7.7503983e-07
   8.0500000e+02   1.3292050e+01   3.7387800e+00  -4.7378602e-01   0.0000000e+00  -7.7442231e-07
   8.0600000e+02   1.3278180e+01   3.7380450e+00  -4.7401874e-01   0.0000000e+00  -7.7380441e-07
   8.0700000e+02   1.3264340e+01   3.7373110e+00  -4.7425061e-01   0.0000000e+00  -7.7318611e-07
   8.0800000e+02   1.3250530e+01   3.7365790e+00  -4.7448169e-01   0.0000000e+00  -7.7256733e-07
   8.0900000e+02   1.3236750e+01   3.7358480e+00  -4.7471191e-01   0.0000000e+00  -7.7194815e-07
   8.1000000e+02   1.3223000e+01   3.7351190e+00  -4.7494133e-01   0.0000000e+00  -7.7132845e-07
   8.1100000e+02   1.3209280e+01   3.7343910e+00  -4.7516999e-01   0.0000000e+00  -7.7070849e-07
   8.1200000e+02   1.3195590e+01   3.7336640e+00  -4.7539787e-01   0.0000000e+00  -7.7008814e-07
   8.1300000e+02   1.3181930e+01   3.7329390e+00  -4.7562486e-01   0.0000000e+00  -7.6946728e-07
   8.1400000e+02   1.3168300e+01   3.7322150e+00  -4.7585114e-01   0.0000000e+00  -7.6884619e-07
   8.1500000e+02   1.3154700e+01   3.7314930e+00  -4.7607657e-01   0.0000000e+00  -7.6822451e-07
   8.1600000e+02   1.3141130e+01   3.7307720e+00  -4.7630120e-01   0.0000000e+00  -7.6760259e-07
   8.1700000e+02   1.3127580e+01   3.7300520e+00  -4.7652506e-01   0.0000000e+00  -7.6698032e-07
   8.1800000e+02   1.3114070e+01   3.7293340e+00  -4.7674814e-01   0.0000000e+00  -7.6635761e-07
   8.1900000e+02   1.3100590e+01   3.7286170e+00  -4.7697050e-01   0.0000000e+00  -7.6573455e-07
   8.2000000e+02   1.3087130e+01   3.7279010e+00  -4.7719207e-01   0.0000000e+00  -7.6511137e-07
   8.2100000e+02   1.3073710e+01   3.7271870e+00  -4.7741284e-01   0.0000000e+00  -7.6448760e-07
   8.2200000e+02   1.3060310e+01   3.7264740e+00  -4.7763286e-01   0.0000000e+00  -7.6386364e-07
   8.2300000e+02   1.3046940e+01   3.7257620e+00  -4.7785214e-01   0.0000000e+00  -7.6323936e-07
   8.2400000e+02   1.3033600e+01   3.7250520e+00  -4.7807059e-01   0.0000000e+00  -7.6261467e-07
   8.2500000e+02   1.3020290e+01   3.7243430e+00  -4.7828832e-01   0.0000000e+00  -7.6198966e-07
   8.2600000e+02   1.3007010e+01   3.7236350e+00  -4.7850532e-01   0.0000000e+00  -7.6136451e-07
   8.2700000e+02   1.2993760e+01   3.7229290e+00  -4.7872155e-01   0.0000000e+00  -7.6073893e-07
   8.2800000e+02   1.2980530e+01   3.7222240e+00  -4.7893700e-01   0.0000000e+00  -7.6011301e-07
   8.2900000e+02   1.2967330e+01   3.7215200e+00  -4.7915171e-01   0.0000000e+00  -7.5948693e-07
   8.3000000e+02   1.2954160e+01   3.7208180e+00  -4.7936567e-01   0.0000000e+00  -7.5886042e-07
   8.3100000e+02   1.2941020e+01   3.7201170e+00  -4.7957889e-01   0.0000000e+00  -7.5823369e-07
   8.3200000e+02   1.2927910e+01   3.7194180e+00  -4.7979138e-01   0.0000000e+00  -7.5760661e-07
   8.3300000e+02   1.2914820e+01   3.7187190e+00  -4.8000315e-01   0.0000000e+00  -7.5697950e-07
   8.3400000e+02   1.2901770e+01   3.7180220e+00  -4.8021425e-01   0.0000000e+00  -7.5635191e-07
   8.3500000e+02   1.2888730e+01   3.7173270e+00  -4.8042439e-01   0.0000000e+00  -7.5572402e-07
   8.3600000e+02   1.2875730e+01   3.7166320e+00  -4.8063400e-01   0.0000000e+00  -7.5509610e-07
   8.3700000e+02   1.2862760e+01   3.7159390e+00  -4.8084291e-01   0.0000000e+00  -7.5446783e-07
   8.3800000e+02   1.2849810e+01   3.7152480e+00  -4.8105092e-01   0.0000000e+00  -7.5383909e-07
   8.3900000e+02   1.2836890e+01   3.7145570e+00  -4.8125842e-01   0.0000000e+00  -7.5321057e-07
   8.4000000e+02   1.2823990e+01   3.7138680e+00  -4.8146499e-01   0.0000000e+00  -7.5258156e-07
   8.4100000e+02   1.2811130e+01   3.7131800e+00  -4.8167103e-01   0.0000000e+00  -7.5195234e-07
   8.4200000e+02   1.2798290e+01   3.7124940e+00  -4.8187625e-01   0.0000000e+00  -7.5132288e-07
   8.4300000e+02   1.2785470e+01   3.7118090e+00  -4.8208069e-01   0.0000000e+00  -7.5069315e-07
   8.4400000e+02   1.2772690e+01   3.7111250e+00  -4.8228457e-01   0.0000000e+00  -7.5006329e-07
   8.4500000e+02   1.2759930e+01   3.7104420e+00  -4.8248771e-01   0.0000000e+00  -7.4943330e-07
   8.4600000e+02   1.2747190e+01   3.7097610e+00  -4.8269008e-01   0.0000000e+00  -7.4880307e-07
   8.4700000e+02   1.2734490e+01   3.7090810e+00  -4.8289185e-01   0.0000000e+00  -7.4817255e-07
   8.4800000e+02   1.2721810e+01   3.7084020e+00  -4.8309288e-01   0.0000000e+00  -7.4754191e-07
   8.4900000e+02   1.2709150e+01   3.7077250e+00  -4.8329311e-01   0.0000000e+00  -7.4691097e-07
   8.5000000e+02   1.2696530e+01   3.7070480e+00  -4.8349291e-01   0.0000000e+00  -7.4628019e-07
   8.5100000e+02   1.2683920e+01   3.7063740e+00  -4.8369169e-01   0.0000000e+00  -7.4564883e-07
   8.5200000e+02   1.2671350e+01   3.7057000e+00  -4.8389003e-01   0.0000000e+00  -7.4501753e-07
   8.5300000e+02   1.2658800e+01   3.7050280e+00  -4.8408755e-01   0.0000000e+00  -7.4438599e-07
   8.5400000e+02   1.2646280e+01   3.7043560e+00  -4.8428458e-01   0.0000000e+00  -7.4375445e-07
   8.5500000e+02   1.2633780e+01   3.7036870e+00  -4.8448072e-01   0.0000000e+00  -7.4312247e-07
   8.5600000e+02   1.2621310e+01   3.7030180e+00  -4.8467631e-01   0.0000000e+00  -7.4249056e-07
   8.5700000e+02   1.2608860e+01   3.7023510e+00  -4.8487111e-01   0.0000000e+00  -7.4185843e-07
   8.5800000e+02   1.2596440e+01   3.7016850e+00  -4.8506536e-01   0.0000000e+00  -7.4122626e-07
   8.5900000e+02   1.2584040e+01   3.7010200e+00  -4.8525883e-01   0.0000000e+00  -7.4059378e-07
   8.6000000e+02   1.2571670e+01   3.7003560e+00  -4.8545175e-01   0.0000000e+00  -7.3996142e-07
   8.6100000e+02   1.2559330e+01   3.6996940e+00  -4.8564399e-01   0.0000000e+00  -7.3932873e-07
   8.6200000e+02   1.2547010e+01   3.6990330e+00  -4.8583552e-01   0.0000000e+00  -7.3869593e-07
   8.6300000e+02   1.2534710e+01   3.6983730e+00  -4.8602638e-01   0.0000000e+00  -7.3806305e-07
   8.6400000e+02   1.2522440e+01   3.6977150e+00  -4.8621655e-01   0.0000000e+00  -7.3743006e-07
   8.6500000e+02   1.2510200e+01   3.6970570e+00  -4.8640621e-01   0.0000000e+00  -7.3679699e-07
   8.6600000e+02   1.2497980e+01   3.6964010e+00  -4.8659517e-01   0.0000000e+00  -7.3616383e-07
   8.6700000e+02   1.2485780e+01   3.6957460e+00  -4.8678343e-01   0.0000000e+00  -7.3553052e-07
   8.6800000e+02   1.2473610e+01   3.6950930e+00  -4.8697097e-01   0.0000000e+00  -7.3489699e-07
   8.6900000e+02   1.2461470e+01   3.6944400e+00  -4.8715806e-01   0.0000000e+00  -7.3426361e-07
   8.7000000e+02   1.2449350e+01   3.6937890e+00  -4.8734441e-01   0.0000000e+00  -7.3363007e-07
   8.7100000e+02   1.2437250e+01   3.6931390e+00  -4.8753009e-01   0.0000000e+00  -7.3299645e-07
   8.7200000e+02   1.2425180e+01   3.6924910e+00  -4.8771509e-01   0.0000000e+00  -7.3236248e-07
   8.7300000e+02   1.2413130e+01   3.6918430e+00  -4.8789956e-01   0.0000000e+00  -7.3172878e-07
   8.7400000e+02   1.2401110e+01   3.6911970e+00  -4.8808337e-01   0.0000000e+00  -7.3109491e-07
   8.7500000e+02   1.2389110e+01   3.6905520e+00  -4.8826652e-01   0.0000000e+00  -7.3046096e-07
   8.7600000e+02   1.2377130e+01   3.6899080e+00  -4.8844905e-01   0.0000000e+00  -7.2982697e-07
   8.7700000e+02   1.2365180e+01   3.6892650e+00  -4.8863103e-01   0.0000000e+00  -7.2919301e-07
   8.7800000e+02   1.2353250e+01   3.6886240e+00  -4.8881228e-01   0.0000000e+00  -7.2855881e-07
   8.7900000e+02   1.2341350e+01   3.6879840e+00  -4.8899292e-01   0.0000000e+00  -7.2792463e-07
   8.8000000e+02   1.2329470e+01   3.6873450e+00  -4.8917298e-01   0.0000000e+00  -7.2729044e-07
   8.8100000e+02   1.2317610e+01   3.6867070e+00  -4.8935244e-01   0.0000000e+00  -7.2665616e-07
   8.8200000e+02   1.2305780e+01   3.6860700e+00  -4.8953128e-01   0.0000000e+00  -7.2602194e-07
   8.8300000e+02   1.2293970e+01   3.6854350e+00  -4.8970948e-01   0.0000000e+00  -7.2538762e-07
   8.8400000e+02   1.2282180e+01   3.6848010e+00  -4.8988701e-01   0.0000000e+00  -7.2475333e-07
   8.8500000e+02   1.2270420e+01   3.6841680e+00  -4.9006401e-01   0.0000000e+00  -7.2411881e-07
   8.8600000e+02   1.2258680e+01   3.6835360e+00  -4.9024040e-01   0.0000000e+00  -7.2348448e-07
   8.8700000e+02   1.2246970e+01   3.6829050e+00  -4.9041633e-01   0.0000000e+00  -7.2285025e-07
   8.8800000e+02   1.2235270e+01   3.6822760e+00  -4.9059137e-01   0.0000000e+00  -7.2221576e-07
   8.8900000e+02   1.2223610e+01   3.6816470e+00  -4.9076612e-01   0.0000000e+00  -7.2158142e-07
   8.9000000e+02   1.2211960e+01   3.6810200e+00  -4.9094004e-01   0.0000000e+00  -7.2094697e-07
   8.9100000e+02   1.2200340e+01   3.6803940e+00  -4.9111353e-01   0.0000000e+00  -7.2031257e-07
   8.9200000e+02   1.2188730e+01   3.6797700e+00  -4.9128612e-01   0.0000000e+00  -7.1967794e-07
   8.9300000e+02   1.2177160e+01   3.6791460e+00  -4.9145847e-01   0.0000000e+00  -7.1904362e-07
   8.9400000e+02   1.2165600e+01   3.6785240e+00  -4.9163001e-01   0.0000000e+00  -7.1840908e-07
   8.9500000e+02   1.2154070e+01   3.6779020e+00  -4.9180115e-01   0.0000000e+00  -7.1777484e-07
   8.9600000e+02   1.2142560e+01   3.6772820e+00  -4.9197158e-01   0.0000000e+00  -7.1714040e-07
   8.9700000e+02   1.2131070e+01   3.6766630e+00  -4.9214146e-01   0.0000000e+00  -7.1650606e-07
   8.9800000e+02   1.2119610e+01   3.6760460e+00  -4.9231072e-01   0.0000000e+00  -7.1587158e-07
   8.9900000e+02   1.2108160e+01   3.6754290e+00  -4.9247943e-01   0.0000000e+00  -7.1523738e-07
   9.0000000e+02   1.2096740e+01   3.6748130e+00  -4.9264765e-01   0.0000000e+00  -7.1460327e-07
   9.0100000e+02   1.2085350e+01   3.6741990e+00  -4.9281524e-01   0.0000000e+00  -7.1396891e-07
   9.0200000e+02   1.2073970e+01   3.6735860e+00  -4.9298221e-01   0.0000000e+00  -7.1333474e-07
   9.0300000e+02   1.2062620e+01   3.6729740e+00  -4.9314865e-01   0.0000000e+00  -7.1270053e-07
   9.0400000e+02   1.2051280e+01   3.6723630e+00  -4.9331445e-01   0.0000000e+00  -7.1206640e-07
   9.0500000e+02   1.2039970e+01   3.6717530e+00  -4.9347983e-01   0.0000000e+00  -7.1143241e-07
   9.0600000e+02   1.2028690e+01   3.6711450e+00  -4.9364453e-01   0.0000000e+00  -7.1079827e-07
   9.0700000e+02   1.2017420e+01   3.6705370e+00  -4.9380877e-01   0.0000000e+00  -7.1016450e-07
   9.0800000e+02   1.2006170e+01   3.6699310e+00  -4.9397230e-01   0.0000000e+00  -7.0953046e-07
   9.0900000e+02   1.1994950e+01   3.6693260e+00  -4.9413537e-01   0.0000000e+00  -7.0889658e-07
   9.1000000e+02   1.1983750e+01   3.6687220e+00  -4.9429788e-01   0.0000000e+00  -7.0826286e-07
   9.1100000e+02   1.1972570e+01   3.6681190e+00  -4.9445979e-01   0.0000000e+00  -7.0762900e-07
   9.1200000e+02   1.1961410e+01   3.6675170e+00  -4.9462126e-01   0.0000000e+00  -7.0699548e-07
   9.1300000e+02   1.1950280e+01   3.6669160e+00  -4.9478218e-01   0.0000000e+00  -7.0636197e-07
   9.1400000e+02   1.1939160e+01   3.6663170e+00  -4.9494240e-01   0.0000000e+00  -7.0572833e-07
   9.1500000e+02   1.1928070e+01   3.6657180e+00  -4.9510224e-01   0.0000000e+00  -7.0509503e-07
   9.1600000e+02   1.1916990e+01   3.6651210e+00  -4.9526137e-01   0.0000000e+00  -7.0446167e-07
   9.1700000e+02   1.1905940e+01   3.6645240e+00  -4.9542016e-01   0.0000000e+00  -7.0382855e-07
   9.1800000e+02   1.1894910e+01   3.6639290e+00  -4.9557827e-01   0.0000000e+00  -7.0319540e-07
   9.1900000e+02   1.1883900e+01   3.6633350e+00  -4.9573589e-01   0.0000000e+00  -7.0256234e-07
   9.2000000e+02   1.1872910e+01   3.6627420e+00  -4.9589293e-01   0.0000000e+00  -7.0192933e-07
   9.2100000e+02   1.1861950e+01   3.6621510e+00  -4.9604945e-01   0.0000000e+00  -7.0129630e-07
   9.2200000e+02   1.1851000e+01   3.6615600e+00  -4.9620548e-01   0.0000000e+00  -7.0066370e-07
   9.2300000e+02   1.1840070e+01   3.6609700e+00  -4.9636094e-01   0.0000000e+00  -7.0003112e-07
   9.2400000e+02   1.1829170e+01   3.6603820e+00  -4.9651588e-01   0.0000000e+00  -6.9939842e-07
   9.2500000e+02   1.1818280e+01   3.6597940e+00  -4.9667034e-01   0.0000000e+00  -6.9876609e-07
   9.2600000e+02   1.1807420e+01   3.6592080e+00  -4.9682423e-01   0.0000000e+00  -6.9813372e-07
   9.2700000e+02   1.1796570e+01   3.6586230e+00  -4.9697753e-01   0.0000000e+00  -6.9750145e-07
   9.2800000e+02   1.1785750e+01   3.6580390e+00  -4.9713039e-01   0.0000000e+00  -6.9686931e-07
   9.2900000e+02   1.1774950e+01   3.6574550e+00  -4.9728285e-01   0.0000000e+00  -6.9623749e-07
   9.3000000e+02   1.1764170e+01   3.6568730e+00  -4.9743469e-01   0.0000000e+00  -6.9560574e-07
   9.3100000e+02   1.1753400e+01   3.6562930e+00  -4.9758582e-01   0.0000000e+00  -6.9497379e-07
   9.3200000e+02   1.1742660e+01   3.6557130e+00  -4.9773666e-01   0.0000000e+00  -6.9434225e-07
   9.3300000e+02   1.1731940e+01   3.6551340e+00  -4.9788698e-01   0.0000000e+00  -6.9371094e-07
   9.3400000e+02   1.1721240e+01   3.6545560e+00  -4.9803677e-01   0.0000000e+00  -6.9307954e-07
   9.3500000e+02   1.1710560e+01   3.6539800e+00  -4.9818602e-01   0.0000000e+00  -6.9244838e-07
   9.3600000e+02   1.1699900e+01   3.6534040e+00  -4.9833484e-01   0.0000000e+00  -6.9181746e-07
   9.3700000e+02   1.1689250e+01   3.6528300e+00  -4.9848292e-01   0.0000000e+00  -6.9118640e-07
   9.3800000e+02   1.1678630e+01   3.6522560e+00  -4.9863076e-01   0.0000000e+00  -6.9055573e-07
   9.3900000e+02   1.1668030e+01   3.6516840e+00  -4.9877800e-01   0.0000000e+00  -6.8992510e-07
   9.4000000e+02   1.1657450e+01   3.6511120e+00  -4.9892486e-01   0.0000000e+00  -6.8929482e-07
   9.4100000e+02   1.1646880e+01   3.6505420e+00  -4.9907101e-01   0.0000000e+00  -6.8866449e-07
   9.4200000e+02   1.1636340e+01   3.6499730e+00  -4.9921681e-01   0.0000000e+00  -6.8803433e-07
   9.4300000e+02   1.1625820e+01   3.6494050e+00  -4.9936209e-01   0.0000000e+00  -6.8740441e-07
   9.4400000e+02   1.1615310e+01   3.6488380e+00  -4.9950678e-01   0.0000000e+00  -6.8677443e-07
   9.4500000e+02   1.1604830e+01   3.6482720e+00  -4.9965109e-01   0.0000000e+00  -6.8614475e-07
   9.4600000e+02   1.1594360e+01   3.6477070e+00  -4.9979485e-01   0.0000000e+00  -6.8551537e-07
   9.4700000e+02   1.1583920e+01   3.6471430e+00  -4.9993825e-01   0.0000000e+00  -6.8488614e-07
   9.4800000e+02   1.1573490e+01   3.6465800e+00  -5.0008101e-01   0.0000000e+00  -6.8425704e-07
   9.4900000e+02   1.1563080e+01   3.6460180e+00  -5.0022338e-01   0.0000000e+00  -6.8362811e-07
   9.5000000e+02   1.1552700e+01   3.6454570e+00  -5.0036528e-01   0.0000000e+00  -6.8299932e-07
   9.5100000e+02   1.1542330e+01   3.6448970e+00  -5.0050669e-01   0.0000000e+00  -6.8237076e-07
   9.5200000e+02   1.1531980e+01   3.6443390e+00  -5.0064750e-01   0.0000000e+00  -6.8174218e-07
   9.5300000e+02   1.1521650e+01   3.6437810e+00  -5.0078799e-01   0.0000000e+00  -6.8111398e-07
   9.5400000e+02   1.1511330e+01   3.6432240e+00  -5.0092791e-01   0.0000000e+00  -6.8048605e-07
   9.5500000e+02   1.1501040e+01   3.6426680e+00  -5.0106741e-01   0.0000000e+00  -6.7985819e-07
   9.5600000e+02   1.1490770e+01   3.6421140e+00  -5.0120638e-01   0.0000000e+00  -6.7923048e-07
   9.5700000e+02   1.1480510e+01   3.6415600e+00  -5.0134492e-01   0.0000000e+00  -6.7860308e-07
   9.5800000e+02   1.1470270e+01   3.6410070e+00  -5.0148302e-01   0.0000000e+00  -6.7797585e-07
   9.5900000e+02   1.1460060e+01   3.6404560e+00  -5.0162058e-01   0.0000000e+00  -6.7734856e-07
   9.6000000e+02   1.1449860e+01   3.6399050e+00  -5.0175779e-01   0.0000000e+00  -6.7672193e-07
   9.6100000e+02   1.1439680e+01   3.6393550e+00  -5.0189452e-01   0.0000000e+00  -6.7609534e-07
   9.6200000e+02   1.1429510e+01   3.6388070e+00  -5.0203060e-01   0.0000000e+00  -6.7546869e-07
   9.6300000e+02   1.1419370e+01   3.6382590e+00  -5.0216643e-01   0.0000000e+00  -6.7484259e-07
   9.6400000e+02   1.1409240e+01   3.6377130e+00  -5.0230157e-01   0.0000000e+00  -6.7421631e-07
   9.6500000e+02   1.1399140e+01   3.6371670e+00  -5.0243653e-01   0.0000000e+00  -6.7359063e-07
   9.6600000e+02   1.1389050e+01   3.6366230e+00  -5.0257088e-01   0.0000000e+00  -6.7296505e-07
   9.6700000e+02   1.1378980e+01   3.6360790e+00  -5.0270484e-01   0.0000000e+00  -6.7233972e-07
   9.6800000e+02   1.1368920e+01   3.6355360e+00  -5.0283831e-01   0.0000000e+00  -6.7171460e-07
   9.6900000e+02   1.1358890e+01   3.6349950e+00  -5.0297132e-01   0.0000000e+00  -6.7108949e-07
   9.7000000e+02   1.1348870e+01   3.6344540e+00  -5.0310388e-01   0.0000000e+00  -6.7046481e-07
   9.7100000e+02   1.1338870e+01   3.6339150e+00  -5.0323589e-01   0.0000000e+00  -6.6984020e-07
   9.7200000e+02   1.1328890e+01   3.6333760e+00  -5.0336764e-01   0.0000000e+00  -6.6921604e-07
   9.7300000e+02   1.1318930e+01   3.6328380e+00  -5.0349897e-01   0.0000000e+00  -6.6859203e-07
   9.7400000e+02   1.1308990e+01   3.6323020e+00  -5.0362967e-01   0.0000000e+00  -6.6796803e-07
   9.7500000e+02   1.1299060e+01   3.6317660e+00  -5.0376003e-01   0.0000000e+00  -6.6734451e-07
   9.7600000e+02   1.1289150e+01   3.6312310e+00  -5.0388999e-01   0.0000000e+00  -6.6672128e-07
   9.7700000e+02   1.1279260e+01   3.6306970e+00  -5.0401951e-01   0.0000000e+00  -6.6609827e-07
   9.7800000e+02   1.1269390e+01   3.6301650e+00  -5.0414847e-01   0.0000000e+00  -6.6547520e-07
   9.7900000e+02   1.1259530e+01   3.6296330e+00  -5.0427704e-01   0.0000000e+00  -6.6485266e-07
   9.8000000e+02   1.1249690e+01   3.6291020e+00  -5.0440523e-01   0.0000000e+00  -6.6423027e-07
   9.8100000e+02   1.1239870e+01   3.6285720e+00  -5.0453301e-01   0.0000000e+00  -6.6360814e-07
   9.8200000e+02   1.1230070e+01   3.6280430e+00  -5.0466033e-01   0.0000000e+00  -6.6298634e-07
   9.8300000e+02   1.1220280e+01   3.6275150e+00  -5.0478715e-01   0.0000000e+00  -6.6236464e-07
   9.8400000e+02   1.1210520e+01   3.6269890e+00  -5.0491360e-01   0.0000000e+00  -6.6174307e-07
   9.8500000e+02   1.1200760e+01   3.6264630e+00  -5.0503951e-01   0.0000000e+00  -6.6112194e-07
   9.8600000e+02   1.1191030e+01   3.6259380e+00  -5.0516518e-01   0.0000000e+00  -6.6050121e-07
   9.8700000e+02   1.1181310e+01   3.6254130e+00  -5.0529042e-01   0.0000000e+00  -6.5988060e-07
   9.8800000e+02   1.1171610e+01   3.6248900e+00  -5.0541513e-01   0.0000000e+00  -6.5926030e-07
   9.8900000e+02   1.1161930e+01   3.6243680e+00  -5.0553941e-01   0.0000000e+00  -6.5864003e-07
   9.9000000e+02   1.1152270e+01   3.6238470e+00  -5.0566336e-01   0.0000000e+00  -6.5802036e-07
   9.9100000e+02   1.1142620e+01   3.6233270e+00  -5.0578681e-01   0.0000000e+00  -6.5740064e-07
   9.9200000e+02   1.1132990e+01   3.6228070e+00  -5.0590995e-01   0.0000000e+00  -6.5678140e-07
   9.9300000e+02   1.1123370e+01   3.6222890e+00  -5.0603251e-01   0.0000000e+00  -6.5616234e-07
   9.9400000e+02   1.1113780e+01   3.6217710e+00  -5.0615490e-01   0.0000000e+00  -6.5554371e-07
   9.9500000e+02   1.1104200e+01   3.6212550e+00  -5.0627669e-01   0.0000000e+00  -6.5492505e-07
   9.9600000e+02   1.1094630e+01   3.6207390e+00  -5.0639807e-01   0.0000000e+00  -6.5430694e-07
   9.9700000e+02   1.1085090e+01   3.6202250e+00  -5.0651910e-01   0.0000000e+00  -6.5368880e-07
   9.9800000e+02   1.1075560e+01   3.6197110e+00  -5.0663969e-01   0.0000000e+00  -6.5307116e-07
   9.9900000e+02   1.1066040e+01   3.6191980e+00  -5.0675986e-01   0.0000000e+00  -6.5245378e-07
   1.0000000e+03   1.1056550e+01   3.6186860e+00  -5.0687974e-01   0.0000000e+00  -6.5183676e-07
   1.0010000e+03   1.1047060e+01   3.6181750e+00  -5.0699902e-01   0.0000000e+00  -6.5121999e-07
   1.0020000e+03   1.1037600e+01   3.6176650e+00  -5.0711806e-01   0.0000000e+00  -6.5060344e-07
   1.0030000e+03   1.1028150e+01   3.6171560e+00  -5.0723660e-01   0.0000000e+00  -6.4998707e-07
   1.0040000e+03   1.1018720e+01   3.6166480e+00  -5.0735479e-01   0.0000000e+00  -6.4937110e-07
   1.0050000e+03   1.1009310e+01   3.6161410e+00  -5.0747258e-01   0.0000000e+00  -6.4875536e-07
   1.0060000e+03   1.0999910e+01   3.6156350e+00  -5.0758993e-01   0.0000000e+00  -6.4814005e-07
   1.0070000e+03   1.0990530e+01   3.6151290e+00  -5.0770696e-01   0.0000000e+00  -6.4752496e-07
   1.0080000e+03   1.0981160e+01   3.6146250e+00  -5.0782349e-01   0.0000000e+00  -6.4691010e-07
   1.0090000e+03   1.0971810e+01   3.6141210e+00  -5.0793972e-01   0.0000000e+00  -6.4629567e-07
   1.0100000e+03   1.0962480e+01   3.6136180e+00  -5.0805558e-01   0.0000000e+00  -6.4568139e-07
   1.0110000e+03   1.0953160e+01   3.6131170e+00  -5.0817088e-01   0.0000000e+00  -6.4506739e-07
   1.0120000e+03   1.0943860e+01   3.6126160e+00  -5.0828591e-01   0.0000000e+00  -6.4445385e-07
   1.0130000e+03   1.0934580e+01   3.6121160e+00  -5.0840065e-01   0.0000000e+00  -6.4384049e-07
   1.0140000e+03   1.0925310e+01   3.6116170e+00  -5.0851484e-01   0.0000000e+00  -6.4322742e-07
   1.0150000e+03   1.0916060e+01   3.6111180e+00  -5.0862884e-01   0.0000000e+00  -6.4261491e-07
   1.0160000e+03   1.0906820e+01   3.6106210e+00  -5.0874232e-01   0.0000000e+00  -6.4200240e-07
   1.0170000e+03   1.0897600e+01   3.6101250e+00  -5.0885535e-01   0.0000000e+00  -6.4139018e-07
   1.0180000e+03   1.0888390e+01   3.6096290e+00  -5.0896808e-01   0.0000000e+00  -6.4077853e-07
   1.0190000e+03   1.0879200e+01   3.6091350e+00  -5.0908039e-01   0.0000000e+00  -6.4016707e-07
   1.0200000e+03   1.0870030e+01   3.6086410e+00  -5.0919239e-01   0.0000000e+00  -6.3955587e-07
   1.0210000e+03   1.0860870e+01   3.6081480e+00  -5.0930398e-01   0.0000000e+00  -6.3894496e-07
   1.0220000e+03   1.0851730e+01   3.6076560e+00  -5.0941524e-01   0.0000000e+00  -6.3833457e-07
   1.0230000e+03   1.0842600e+01   3.6071650e+00  -5.0952600e-01   0.0000000e+00  -6.3772431e-07
   1.0240000e+03   1.0833490e+01   3.6066750e+00  -5.0963644e-01   0.0000000e+00  -6.3711439e-07
   1.0250000e+03   1.0824400e+01   3.6061860e+00  -5.0974659e-01   0.0000000e+00  -6.3650473e-07
   1.0260000e+03   1.0815320e+01   3.6056970e+00  -5.0985636e-01   0.0000000e+00  -6.3589558e-07
   1.0270000e+03   1.0806250e+01   3.6052100e+00  -5.0996557e-01   0.0000000e+00  -6.3528651e-07
   1.0280000e+03   1.0797200e+01   3.6047230e+00  -5.1007461e-01   0.0000000e+00  -6.3467794e-07
   1.0290000e+03   1.0788170e+01   3.6042370e+00  -5.1018324e-01   0.0000000e+00  -6.3406966e-07
   1.0300000e+03   1.0779150e+01   3.6037520e+00  -5.1029148e-01   0.0000000e+00  -6.3346171e-07
   1.0310000e+03   1.0770150e+01   3.6032680e+00  -5.1039936e-01   0.0000000e+00  -6.3285397e-07
   1.0320000e+03   1.0761160e+01   3.6027850e+00  -5.1050687e-01   0.0000000e+00  -6.3224667e-07
   1.0330000e+03   1.0752190e+01   3.6023030e+00  -5.1061401e-01   0.0000000e+00  -6.3163970e-07
   1.0340000e+03   1.0743230e+01   3.6018210e+00  -5.1072087e-01   0.0000000e+00  -6.3103318e-07
   1.0350000e+03   1.0734290e+01   3.6013400e+00  -5.1082736e-01   0.0000000e+00  -6.3042683e-07
   1.0360000e+03   1.0725360e+01   3.6008610e+00  -5.1093327e-01   0.0000000e+00  -6.2982076e-07
   1.0370000e+03   1.0716450e+01   3.6003820e+00  -5.1103906e-01   0.0000000e+00  -6.2921519e-07
   1.0380000e+03   1.0707550e+01   3.5999040e+00  -5.1114437e-01   0.0000000e+00  -6.2860988e-07
   1.0390000e+03   1.0698670e+01   3.5994260e+00  -5.1124949e-01   0.0000000e+00  -6.2800495e-07
   1.0400000e+03   1.0689800e+01   3.5989500e+00  -5.1135407e-01   0.0000000e+00  -6.2740029e-07
   1.0410000e+03   1.0680950e+01   3.5984750e+00  -5.1145829e-01   0.0000000e+00  -6.2679596e-07
   1.0420000e+03   1.0672110e+01   3.5980000e+00  -5.1156227e-01   0.0000000e+00  -6.2619206e-07
   1.0430000e+03   1.0663290e+01   3.5975260e+00  -5.1166593e-01   0.0000000e+00  -6.2558848e-07
   1.0440000e+03   1.0654480e+01   3.5970530e+00  -5.1176916e-01   0.0000000e+00  -6.2498515e-07
   1.0450000e+03   1.0645680e+01   3.5965810e+00  -5.1187198e-01   0.0000000e+00  -6.2438224e-07
   1.0460000e+03   1.0636910e+01   3.5961100e+00  -5.1197456e-01   0.0000000e+00  -6.2377969e-07
   1.0470000e+03   1.0628140e+01   3.5956390e+00  -5.1207673e-01   0.0000000e+00  -6.2317754e-07
   1.0480000e+03   1.0619390e+01   3.5951690e+00  -5.1217863e-01   0.0000000e+00  -6.2257558e-07
   1.0490000e+03   1.0610660e+01   3.5947010e+00  -5.1228008e-01   0.0000000e+00  -6.2197398e-07
   1.0500000e+03   1.0601940e+01   3.5942330e+00  -5.1238127e-01   0.0000000e+00  -6.2137289e-07
   1.0510000e+03   1.0593230e+01   3.5937660e+00  -5.1248204e-01   0.0000000e+00  -6.2077198e-07
   1.0520000e+03   1.0584540e+01   3.5932990e+00  -5.1258262e-01   0.0000000e+00  -6.2017169e-07
   1.0530000e+03   1.0575860e+01   3.5928340e+00  -5.1268267e-01   0.0000000e+00  -6.1957154e-07
   1.0540000e+03   1.0567200e+01   3.5923690e+00  -5.1278253e-01   0.0000000e+00  -6.1897180e-07
   1.0550000e+03   1.0558550e+01   3.5919050e+00  -5.1288203e-01   0.0000000e+00  -6.1837235e-07
   1.0560000e+03   1.0549920e+01   3.5914420e+00  -5.1298122e-01   0.0000000e+00  -6.1777344e-07
   1.0570000e+03   1.0541300e+01   3.5909800e+00  -5.1307997e-01   0.0000000e+00  -6.1717469e-07
   1.0580000e+03   1.0532690e+01   3.5905190e+00  -5.1317834e-01   0.0000000e+00  -6.1657630e-07
   1.0590000e+03   1.0524100e+01   3.5900580e+00  -5.1327658e-01   0.0000000e+00  -6.1597846e-07
   1.0600000e+03   1.0515520e+01   3.5895980e+00  -5.1337436e-01   0.0000000e+00  -6.1538075e-07
   1.0610000e+03   1.0506960e+01   3.5891390e+00  -5.1347185e-01   0.0000000e+00  -6.1478364e-07
   1.0620000e+03   1.0498410e+01   3.5886810e+00  -5.1356900e-01   0.0000000e+00  -6.1418678e-07
   1.0630000e+03   1.0489880e+01   3.5882240e+00  -5.1366578e-01   0.0000000e+00  -6.1359020e-07
   1.0640000e+03   1.0481360e+01   3.5877670e+00  -5.1376236e-01   0.0000000e+00  -6.1299417e-07
   1.0650000e+03   1.0472850e+01   3.5873120e+00  -5.1385839e-01   0.0000000e+00  -6.1239823e-07
   1.0660000e+03   1.0464360e+01   3.5868570e+00  -5.1395430e-01   0.0000000e+00  -6.1180294e-07
   1.0670000e+03   1.0455880e+01   3.5864020e+00  -5.1404986e-01   0.0000000e+00  -6.1120806e-07
   1.0680000e+03   1.0447410e+01   3.5859490e+00  -5.1414494e-01   0.0000000e+00  -6.1061330e-07
   1.0690000e+03   1.0438960e+01   3.5854970e+00  -5.1423979e-01   0.0000000e+00  -6.1001895e-07
   1.0700000e+03   1.0430530e+01   3.5850450e+00  -5.1433440e-01   0.0000000e+00  -6.0942498e-07
   1.0710000e+03   1.0422100e+01   3.5845940e+00  -5.1442859e-01   0.0000000e+00  -6.0883153e-07
   1.0720000e+03   1.0413690e+01   3.5841440e+00  -5.1452254e-01   0.0000000e+00  -6.0823850e-07
   1.0730000e+03   1.0405300e+01   3.5836940e+00  -5.1461624e-01   0.0000000e+00  -6.0764574e-07
   1.0740000e+03   1.0396910e+01   3.5832460e+00  -5.1470939e-01   0.0000000e+00  -6.0705317e-07
   1.0750000e+03   1.0388550e+01   3.5827980e+00  -5.1480240e-01   0.0000000e+00  -6.0646112e-07
   1.0760000e+03   1.0380190e+01   3.5823510e+00  -5.1489505e-01   0.0000000e+00  -6.0586958e-07
   1.0770000e+03   1.0371850e+01   3.5819050e+00  -5.1498734e-01   0.0000000e+00  -6.0527823e-07
   1.0780000e+03   1.0363520e+01   3.5814590e+00  -5.1507945e-01   0.0000000e+00  -6.0468735e-07
   1.0790000e+03   1.0355210e+01   3.5810150e+00  -5.1517111e-01   0.0000000e+00  -6.0409689e-07
   1.0800000e+03   1.0346900e+01   3.5805710e+00  -5.1526241e-01   0.0000000e+00  -6.0350678e-07
   1.0810000e+03   1.0338620e+01   3.5801280e+00  -5.1535359e-01   0.0000000e+00  -6.0291698e-07
   1.0820000e+03   1.0330340e+01   3.5796850e+00  -5.1544435e-01   0.0000000e+00  -6.0232764e-07
   1.0830000e+03   1.0322080e+01   3.5792440e+00  -5.1553479e-01   0.0000000e+00  -6.0173863e-07
   1.0840000e+03   1.0313830e+01   3.5788030e+00  -5.1562495e-01   0.0000000e+00  -6.0115009e-07
   1.0850000e+03   1.0305600e+01   3.5783630e+00  -5.1571483e-01   0.0000000e+00  -6.0056190e-07
   1.0860000e+03   1.0297380e+01   3.5779240e+00  -5.1580439e-01   0.0000000e+00  -5.9997400e-07
   1.0870000e+03   1.0289170e+01   3.5774850e+00  -5.1589368e-01   0.0000000e+00  -5.9938668e-07
   1.0880000e+03   1.0280980e+01   3.5770480e+00  -5.1598257e-01   0.0000000e+00  -5.9879956e-07
   1.0890000e+03   1.0272790e+01   3.5766110e+00  -5.1607114e-01   0.0000000e+00  -5.9821288e-07
   1.0900000e+03   1.0264630e+01   3.5761740e+00  -5.1615970e-01   0.0000000e+00  -5.9762688e-07
   1.0910000e+03   1.0256470e+01   3.5757390e+00  -5.1624766e-01   0.0000000e+00  -5.9704088e-07
   1.0920000e+03   1.0248330e+01   3.5753040e+00  -5.1633549e-01   0.0000000e+00  -5.9645551e-07
   1.0930000e+03   1.0240200e+01   3.5748700e+00  -5.1642293e-01   0.0000000e+00  -5.9587051e-07
   1.0940000e+03   1.0232080e+01   3.5744370e+00  -5.1651003e-01   0.0000000e+00  -5.9528570e-07
   1.0950000e+03   1.0223980e+01   3.5740050e+00  -5.1659689e-01   0.0000000e+00  -5.9470142e-07
   1.0960000e+03   1.0215890e+01   3.5735730e+00  -5.1668346e-01   0.0000000e+00  -5.9411761e-07
   1.0970000e+03   1.0207810e+01   3.5731420e+00  -5.1676976e-01   0.0000000e+00  -5.9353410e-07
   1.0980000e+03   1.0199750e+01   3.5727120e+00  -5.1685574e-01   0.0000000e+00  -5.9295103e-07
   1.0990000e+03   1.0191700e+01   3.5722830e+00  -5.1694138e-01   0.0000000e+00  -5.9236817e-07
   1.1000000e+03   1.0183660e+01   3.5718540e+00  -5.1702679e-01   0.0000000e+00  -5.9178587e-07
   1.1010000e+03   1.0175630e+01   3.5714260e+00  -5.1711192e-01   0.0000000e+00  -5.9120404e-07
   1.1020000e+03   1.0167620e+01   3.5709990e+00  -5.1719673e-01   0.0000000e+00  -5.9062260e-07
   1.1030000e+03   1.0159620e+01   3.5705720e+00  -5.1728131e-01   0.0000000e+00  -5.9004156e-07
   1.1040000e+03   1.0151630e+01   3.5701470e+00  -5.1736547e-01   0.0000000e+00  -5.8946075e-07
   1.1050000e+03   1.0143650e+01   3.5697220e+00  -5.1744941e-01   0.0000000e+00  -5.8888048e-07
   1.1060000e+03   1.0135690e+01   3.5692970e+00  -5.1753319e-01   0.0000000e+00  -5.8830077e-07
   1.1070000e+03   1.0127740e+01   3.5688740e+00  -5.1761650e-01   0.0000000e+00  -5.8772118e-07
   1.1080000e+03   1.0119800e+01   3.5684510e+00  -5.1769962e-01   0.0000000e+00  -5.8714213e-07
   1.1090000e+03   1.0111880e+01   3.5680290e+00  -5.1778248e-01   0.0000000e+00  -5.8656346e-07
   1.1100000e+03   1.0103960e+01   3.5676080e+00  -5.1786488e-01   0.0000000e+00  -5.8598506e-07
   1.1110000e+03   1.0096060e+01   3.5671870e+00  -5.1794720e-01   0.0000000e+00  -5.8540740e-07
   1.1120000e+03   1.0088180e+01   3.5667670e+00  -5.1802931e-01   0.0000000e+00  -5.8482996e-07
   1.1130000e+03   1.0080300e+01   3.5663480e+00  -5.1811095e-01   0.0000000e+00  -5.8425290e-07
   1.1140000e+03   1.0072440e+01   3.5659300e+00  -5.1819232e-01   0.0000000e+00  -5.8367615e-07
   1.1150000e+03   1.0064590e+01   3.5655120e+00  -5.1827352e-01   0.0000000e+00  -5.8310006e-07
   1.1160000e+03   1.0056750e+01   3.5650950e+00  -5.1835439e-01   0.0000000e+00  -5.8252421e-07
   1.1170000e+03   1.0048920e+01   3.5646790e+00  -5.1843490e-01   0.0000000e+00  -5.8194881e-07
   1.1180000e+03   1.0041110e+01   3.5642630e+00  -5.1851531e-01   0.0000000e+00  -5.8137385e-07
   1.1190000e+03   1.0033310e+01   3.5638480e+00  -5.1859539e-01   0.0000000e+00  -5.8079929e-07
   1.1200000e+03   1.0025520e+01   3.5634340e+00  -5.1867515e-01   0.0000000e+00  -5.8022514e-07
   1.1210000e+03   1.0017740e+01   3.5630210e+00  -5.1875457e-01   0.0000000e+00  -5.7965134e-07
   1.1220000e+03   1.0009980e+01   3.5626080e+00  -5.1883391e-01   0.0000000e+00  -5.7907815e-07
   1.1230000e+03   1.0002220e+01   3.5621960e+00  -5.1891280e-01   0.0000000e+00  -5.7850526e-07
