   3.2000000e+01   2.4569980e+02   5.0130180e+00  -1.1108202e-03  -4.3419503e-04  -1.8446931e-02
   3.3000000e+01   2.3933150e+02   4.9927850e+00  -1.2035718e-03  -4.3876045e-04  -1.8805484e-02
   3.4000000e+01   2.3328700e+02   4.9736800e+00  -1.2990769e-03  -4.4343107e-04  -1.9156676e-02
   3.5000000e+01   2.2754200e+02   4.9556160e+00  -1.3972704e-03  -4.4821221e-04  -1.9500959e-02
   3.6000000e+01   2.2207440e+02   4.9385120e+00  -1.4981019e-03  -4.5310674e-04  -1.9838768e-02
   3.7000000e+01   2.1686440e+02   4.9222980e+00  -1.6015114e-03  -4.5811783e-04  -2.0170476e-02
   3.8000000e+01   2.1189420e+02   4.9069060e+00  -1.7074548e-03  -4.6324821e-04  -2.0496454e-02
   3.9000000e+01   2.0714720e+02   4.8922790e+00  -1.8158713e-03  -4.6849819e-04  -2.0817008e-02
   4.0000000e+01   2.0260890e+02   4.8783620e+00  -1.9267255e-03  -4.7387056e-04  -2.1132443e-02
   4.1000000e+01   1.9826550e+02   4.8651050e+00  -2.0399645e-03  -4.7936489e-04  -2.1443031e-02
   4.2000000e+01   1.9410480e+02   4.8524630e+00  -2.1555524e-03  -4.8498231e-04  -2.1749028e-02
   4.3000000e+01   1.9011550e+02   4.8403950e+00  -2.2734367e-03  -4.9072350e-04  -2.2050652e-02
   4.4000000e+01   1.8628700e+02   4.8288630e+00  -2.3935905e-03  -4.9658754e-04  -2.2348125e-02
   4.5000000e+01   1.8260990e+02   4.8178320e+00  -2.5159751e-03  -5.0257531e-04  -2.2641645e-02
   4.6000000e+01   1.7907540e+02   4.8072710e+00  -2.6405450e-03  -5.0868739e-04  -2.2931381e-02
   4.7000000e+01   1.7567520e+02   4.7971500e+00  -2.7672671e-03  -5.1492205e-04  -2.3217505e-02
   4.8000000e+01   1.7240200e+02   4.7874420e+00  -2.8961169e-03  -5.2128096e-04  -2.3500179e-02
   4.9000000e+01   1.6924860e+02   4.7781220e+00  -3.0270498e-03  -5.2776219e-04  -2.3779541e-02
   5.0000000e+01   1.6620860e+02   4.7691660e+00  -3.1600371e-03  -5.3436599e-04  -2.4055731e-02
   5.1000000e+01   1.6327610e+02   4.7605550e+00  -3.2950504e-03  -5.4109313e-04  -2.4328863e-02
   5.2000000e+01   1.6044540e+02   4.7522680e+00  -3.4320684e-03  -5.4794281e-04  -2.4599063e-02
   5.3000000e+01   1.5771130e+02   4.7442860e+00  -3.5710434e-03  -5.5491424e-04  -2.4866436e-02
   5.4000000e+01   1.5506900e+02   4.7365930e+00  -3.7119594e-03  -5.6200819e-04  -2.5131087e-02
   5.5000000e+01   1.5251390e+02   4.7291730e+00  -3.8547866e-03  -5.6922408e-04  -2.5393104e-02
   5.6000000e+01   1.5004170e+02   4.7220110e+00  -3.9994932e-03  -5.7656106e-04  -2.5652585e-02
   5.7000000e+01   1.4764860e+02   4.7150940e+00  -4.1460752e-03  -5.8402070e-04  -2.5909614e-02
   5.8000000e+01   1.4533070e+02   4.7084090e+00  -4.2944815e-03  -5.9160129e-04  -2.6164264e-02
   5.9000000e+01   1.4308470e+02   4.7019440e+00  -4.4447021e-03  -5.9930478e-04  -2.6416616e-02
   6.0000000e+01   1.4090710e+02   4.6956880e+00  -4.5967183e-03  -6.0712917e-04  -2.6666740e-02
   6.1000000e+01   1.3879500e+02   4.6896300e+00  -4.7504942e-03  -6.1507560e-04  -2.6914710e-02
   6.2000000e+01   1.3674540e+02   4.6837620e+00  -4.9060144e-03  -6.2314429e-04  -2.7160572e-02
   6.3000000e+01   1.3475560e+02   4.6780720e+00  -5.0632569e-03  -6.3133494e-04  -2.7404406e-02
   6.4000000e+01   1.3282300e+02   4.6725550e+00  -5.2222124e-03  -6.3964789e-04  -2.7646257e-02
   6.5000000e+01   1.3094530e+02   4.6672000e+00  -5.3828551e-03  -6.4808454e-04  -2.7886194e-02
   6.6000000e+01   1.2912000e+02   4.6620010e+00  -5.5451394e-03  -6.5664312e-04  -2.8124245e-02
   6.7000000e+01   1.2734510e+02   4.6569500e+00  -5.7090936e-03  -6.6532566e-04  -2.8360493e-02
   6.8000000e+01   1.2561840e+02   4.6520420e+00  -5.8746741e-03  -6.7413111e-04  -2.8594961e-02
   6.9000000e+01   1.2393810e+02   4.6472690e+00  -6.0418596e-03  -6.8306145e-04  -2.8827698e-02
   7.0000000e+01   1.2230230e+02   4.6426250e+00  -6.2106442e-03  -6.9211577e-04  -2.9058761e-02
   7.1000000e+01   1.2070930e+02   4.6381060e+00  -6.3810012e-03  -7.0129591e-04  -2.9288173e-02
   7.2000000e+01   1.1915740e+02   4.6337060e+00  -6.5529239e-03  -7.1060114e-04  -2.9515987e-02
   7.3000000e+01   1.1764500e+02   4.6294190e+00  -6.7264025e-03  -7.2003212e-04  -2.9742247e-02
   7.4000000e+01   1.1617070e+02   4.6252420e+00  -6.9013998e-03  -7.2959027e-04  -2.9966971e-02
   7.5000000e+01   1.1473310e+02   4.6211690e+00  -7.0779300e-03  -7.3927657e-04  -3.0190216e-02
   7.6000000e+01   1.1333070e+02   4.6171960e+00  -7.2559559e-03  -7.4908966e-04  -3.0412004e-02
   7.7000000e+01   1.1196240e+02   4.6133200e+00  -7.4354646e-03  -7.5903198e-04  -3.0632365e-02
   7.8000000e+01   1.1062690e+02   4.6095360e+00  -7.6164795e-03  -7.6910431e-04  -3.0851358e-02
   7.9000000e+01   1.0932290e+02   4.6058420e+00  -7.7989362e-03  -7.7930476e-04  -3.1068970e-02
   8.0000000e+01   1.0804960e+02   4.6022330e+00  -7.9828544e-03  -7.8963854e-04  -3.1285264e-02
   8.1000000e+01   1.0680560e+02   4.5987060e+00  -8.1682162e-03  -8.0010142e-04  -3.1500261e-02
   8.2000000e+01   1.0559020e+02   4.5952580e+00  -8.3549968e-03  -8.1069871e-04  -3.1713983e-02
   8.3000000e+01   1.0440220e+02   4.5918870e+00  -8.5431875e-03  -8.2142779e-04  -3.1926454e-02
   8.4000000e+01   1.0324090e+02   4.5885890e+00  -8.7328102e-03  -8.3229305e-04  -3.2137719e-02
   8.5000000e+01   1.0210520e+02   4.5853610e+00  -8.9238361e-03  -8.4329175e-04  -3.2347797e-02
   8.6000000e+01   1.0099440e+02   4.5822020e+00  -9.1162038e-03  -8.5442724e-04  -3.2556677e-02
   8.7000000e+01   9.9907580e+01   4.5791090e+00  -9.3099979e-03  -8.6569832e-04  -3.2764445e-02
   8.8000000e+01   9.8844090e+01   4.5760790e+00  -9.5051242e-03  -8.7710811e-04  -3.2971071e-02
   8.9000000e+01   9.7803140e+01   4.5731100e+00  -9.7016322e-03  -8.8865657e-04  -3.3176610e-02
   9.0000000e+01   9.6784020e+01   4.5702000e+00  -9.8994991e-03  -9.0034452e-04  -3.3381082e-02
   9.1000000e+01   9.5786060e+01   4.5673480e+00  -1.0098691e-02  -9.1217377e-04  -3.3584478e-02
   9.2000000e+01   9.4808610e+01   4.5645500e+00  -1.0299211e-02  -9.2414468e-04  -3.3786843e-02
   9.3000000e+01   9.3851040e+01   4.5618050e+00  -1.0501068e-02  -9.3625849e-04  -3.3988202e-02
   9.4000000e+01   9.2912760e+01   4.5591120e+00  -1.0704239e-02  -9.4851555e-04  -3.4188562e-02
   9.5000000e+01   9.1993190e+01   4.5564690e+00  -1.0908734e-02  -9.6091828e-04  -3.4387953e-02
   9.6000000e+01   9.1091770e+01   4.5538740e+00  -1.1114526e-02  -9.7346701e-04  -3.4586376e-02
   9.7000000e+01   9.0207980e+01   4.5513260e+00  -1.1321596e-02  -9.8616306e-04  -3.4783848e-02
   9.8000000e+01   8.9341300e+01   4.5488220e+00  -1.1529962e-02  -9.9900677e-04  -3.4980412e-02
   9.9000000e+01   8.8491260e+01   4.5463620e+00  -1.1739622e-02  -1.0120005e-03  -3.5176073e-02
   1.0000000e+02   8.7657360e+01   4.5439450e+00  -1.1950556e-02  -1.0251445e-03  -3.5370838e-02
   1.0100000e+02   8.6839160e+01   4.5415680e+00  -1.2162737e-02  -1.0384407e-03  -3.5564721e-02
   1.0200000e+02   8.6036230e+01   4.5392310e+00  -1.2376210e-02  -1.0518895e-03  -3.5757759e-02
   1.0300000e+02   8.5248130e+01   4.5369320e+00  -1.2590918e-02  -1.0654928e-03  -3.5949940e-02
   1.0400000e+02   8.4474470e+01   4.5346700e+00  -1.2806889e-02  -1.0792514e-03  -3.6141306e-02
   1.0500000e+02   8.3714850e+01   4.5324450e+00  -1.3024126e-02  -1.0931667e-03  -3.6331866e-02
   1.0600000e+02   8.2968890e+01   4.5302540e+00  -1.3242581e-02  -1.1072396e-03  -3.6521616e-02
   1.0700000e+02   8.2236240e+01   4.5280980e+00  -1.3462271e-02  -1.1214726e-03  -3.6710569e-02
   1.0800000e+02   8.1516530e+01   4.5259740e+00  -1.3683207e-02  -1.1358651e-03  -3.6898774e-02
   1.0900000e+02   8.0809440e+01   4.5238820e+00  -1.3905365e-02  -1.1504196e-03  -3.7086209e-02
   1.1000000e+02   8.0114620e+01   4.5218210e+00  -1.4128734e-02  -1.1651374e-03  -3.7272894e-02
   1.1100000e+02   7.9431780e+01   4.5197910e+00  -1.4353339e-02  -1.1800196e-03  -3.7458849e-02
   1.1200000e+02   7.8760600e+01   4.5177890e+00  -1.4579150e-02  -1.1950672e-03  -3.7644089e-02
   1.1300000e+02   7.8100780e+01   4.5158160e+00  -1.4806169e-02  -1.2102818e-03  -3.7828616e-02
   1.1400000e+02   7.7452050e+01   4.5138700e+00  -1.5034392e-02  -1.2256640e-03  -3.8012447e-02
   1.1500000e+02   7.6814130e+01   4.5119510e+00  -1.5263819e-02  -1.2412165e-03  -3.8195594e-02
   1.1600000e+02   7.6186740e+01   4.5100580e+00  -1.5494438e-02  -1.2569403e-03  -3.8378061e-02
   1.1700000e+02   7.5569640e+01   4.5081900e+00  -1.5726256e-02  -1.2728367e-03  -3.8559867e-02
   1.1800000e+02   7.4962570e+01   4.5063470e+00  -1.5959258e-02  -1.2889065e-03  -3.8741015e-02
   1.1900000e+02   7.4365300e+01   4.5045280e+00  -1.6193446e-02  -1.3051515e-03  -3.8921520e-02
   1.2000000e+02   7.3777580e+01   4.5027310e+00  -1.6428822e-02  -1.3215730e-03  -3.9101400e-02
   1.2100000e+02   7.3199190e+01   4.5009580e+00  -1.6665369e-02  -1.3381726e-03  -3.9280643e-02
   1.2200000e+02   7.2629920e+01   4.4992060e+00  -1.6903093e-02  -1.3549515e-03  -3.9459280e-02
   1.2300000e+02   7.2069540e+01   4.4974750e+00  -1.7141990e-02  -1.3719109e-03  -3.9637314e-02
   1.2400000e+02   7.1517860e+01   4.4957650e+00  -1.7382052e-02  -1.3890529e-03  -3.9814749e-02
   1.2500000e+02   7.0974670e+01   4.4940750e+00  -1.7623286e-02  -1.4063779e-03  -3.9991601e-02
   1.2600000e+02   7.0439790e+01   4.4924050e+00  -1.7865673e-02  -1.4238888e-03  -4.0167865e-02
   1.2700000e+02   6.9913020e+01   4.4907540e+00  -1.8109223e-02  -1.4415863e-03  -4.0343563e-02
   1.2800000e+02   6.9394180e+01   4.4891210e+00  -1.8353926e-02  -1.4594715e-03  -4.0518702e-02
   1.2900000e+02   6.8883090e+01   4.4875060e+00  -1.8599782e-02  -1.4775459e-03  -4.0693287e-02
   1.3000000e+02   6.8379590e+01   4.4859090e+00  -1.8846780e-02  -1.4958111e-03  -4.0867318e-02
   1.3100000e+02   6.7883500e+01   4.4843290e+00  -1.9094930e-02  -1.5142686e-03  -4.1040812e-02
   1.3200000e+02   6.7394670e+01   4.4827650e+00  -1.9344224e-02  -1.5329200e-03  -4.1213780e-02
   1.3300000e+02   6.6912940e+01   4.4812180e+00  -1.9594648e-02  -1.5517669e-03  -4.1386211e-02
   1.3400000e+02   6.6438160e+01   4.4796860e+00  -1.9846214e-02  -1.5708106e-03  -4.1558133e-02
   1.3500000e+02   6.5970170e+01   4.4781700e+00  -2.0098907e-02  -1.5900519e-03  -4.1729533e-02
   1.3600000e+02   6.5508840e+01   4.4766680e+00  -2.0352733e-02  -1.6094933e-03  -4.1900436e-02
   1.3700000e+02   6.5054020e+01   4.4751810e+00  -2.0607678e-02  -1.6291351e-03  -4.2070833e-02
   1.3800000e+02   6.4605580e+01   4.4737080e+00  -2.0863749e-02  -1.6489802e-03  -4.2240736e-02
   1.3900000e+02   6.4163390e+01   4.4722490e+00  -2.1120936e-02  -1.6690296e-03  -4.2410149e-02
   1.4000000e+02   6.3727320e+01   4.4708030e+00  -2.1379236e-02  -1.6892837e-03  -4.2579079e-02
   1.4100000e+02   6.3297240e+01   4.4693700e+00  -2.1638652e-02  -1.7097454e-03  -4.2747532e-02
   1.4200000e+02   6.2873030e+01   4.4679490e+00  -2.1899175e-02  -1.7304145e-03  -4.2915518e-02
   1.4300000e+02   6.2454570e+01   4.4665410e+00  -2.2160800e-02  -1.7512941e-03  -4.3083030e-02
   1.4400000e+02   6.2041760e+01   4.4651450e+00  -2.2423520e-02  -1.7723850e-03  -4.3250073e-02
   1.4500000e+02   6.1634460e+01   4.4637600e+00  -2.2687338e-02  -1.7936883e-03  -4.3416663e-02
   1.4600000e+02   6.1232590e+01   4.4623870e+00  -2.2952246e-02  -1.8152060e-03  -4.3582792e-02
   1.4700000e+02   6.0836020e+01   4.4610250e+00  -2.3218239e-02  -1.8369392e-03  -4.3748466e-02
   1.4800000e+02   6.0444670e+01   4.4596730e+00  -2.3485326e-02  -1.8588907e-03  -4.3913704e-02
   1.4900000e+02   6.0058420e+01   4.4583320e+00  -2.3753476e-02  -1.8810590e-03  -4.4078486e-02
   1.5000000e+02   5.9677170e+01   4.4570010e+00  -2.4022711e-02  -1.9034462e-03  -4.4242832e-02
   1.5100000e+02   5.9300840e+01   4.4556800e+00  -2.4293013e-02  -1.9260569e-03  -4.4406737e-02
   1.5200000e+02   5.8929330e+01   4.4543680e+00  -2.4564378e-02  -1.9488889e-03  -4.4570210e-02
   1.5300000e+02   5.8562550e+01   4.4530660e+00  -2.4836799e-02  -1.9719456e-03  -4.4733244e-02
   1.5400000e+02   5.8200400e+01   4.4517730e+00  -2.5110276e-02  -1.9952276e-03  -4.4895848e-02
   1.5500000e+02   5.7842810e+01   4.4504890e+00  -2.5384803e-02  -2.0187350e-03  -4.5058024e-02
   1.5600000e+02   5.7489690e+01   4.4492130e+00  -2.5660375e-02  -2.0424724e-03  -4.5219775e-02
   1.5700000e+02   5.7140950e+01   4.4479450e+00  -2.5936982e-02  -2.0664382e-03  -4.5381104e-02
   1.5800000e+02   5.6796520e+01   4.4466860e+00  -2.6214620e-02  -2.0906344e-03  -4.5542002e-02
   1.5900000e+02   5.6456320e+01   4.4454350e+00  -2.6493276e-02  -2.1150630e-03  -4.5702473e-02
   1.6000000e+02   5.6120270e+01   4.4441910e+00  -2.6772960e-02  -2.1397248e-03  -4.5862533e-02
   1.6100000e+02   5.5788300e+01   4.4429540e+00  -2.7053664e-02  -2.1646204e-03  -4.6022181e-02
   1.6200000e+02   5.5460330e+01   4.4417250e+00  -2.7335360e-02  -2.1897533e-03  -4.6181393e-02
   1.6300000e+02   5.5136290e+01   4.4405030e+00  -2.7618063e-02  -2.2151219e-03  -4.6340191e-02
   1.6400000e+02   5.4816120e+01   4.4392870e+00  -2.7901763e-02  -2.2407286e-03  -4.6498581e-02
   1.6500000e+02   5.4499750e+01   4.4380780e+00  -2.8186449e-02  -2.2665752e-03  -4.6656548e-02
   1.6600000e+02   5.4187100e+01   4.4368760e+00  -2.8472103e-02  -2.2926618e-03  -4.6814088e-02
   1.6700000e+02   5.3878130e+01   4.4356800e+00  -2.8758730e-02  -2.3189922e-03  -4.6971208e-02
   1.6800000e+02   5.3572750e+01   4.4344890e+00  -2.9046330e-02  -2.3455631e-03  -4.7127924e-02
   1.6900000e+02   5.3270910e+01   4.4333050e+00  -2.9334875e-02  -2.3723775e-03  -4.7284210e-02
   1.7000000e+02   5.2972560e+01   4.4321260e+00  -2.9624369e-02  -2.3994394e-03  -4.7440077e-02
   1.7100000e+02   5.2677630e+01   4.4309530e+00  -2.9914795e-02  -2.4267453e-03  -4.7595519e-02
   1.7200000e+02   5.2386060e+01   4.4297850e+00  -3.0206155e-02  -2.4542992e-03  -4.7750538e-02
   1.7300000e+02   5.2097800e+01   4.4286220e+00  -3.0498436e-02  -2.4821008e-03  -4.7905139e-02
   1.7400000e+02   5.1812790e+01   4.4274640e+00  -3.0791621e-02  -2.5101505e-03  -4.8059309e-02
   1.7500000e+02   5.1530980e+01   4.4263110e+00  -3.1085705e-02  -2.5384507e-03  -4.8213049e-02
   1.7600000e+02   5.1252320e+01   4.4251630e+00  -3.1380688e-02  -2.5670030e-03  -4.8366357e-02
   1.7700000e+02   5.0976750e+01   4.4240190e+00  -3.1676552e-02  -2.5958048e-03  -4.8519240e-02
   1.7800000e+02   5.0704230e+01   4.4228790e+00  -3.1973281e-02  -2.6248608e-03  -4.8671686e-02
   1.7900000e+02   5.0434700e+01   4.4217440e+00  -3.2270869e-02  -2.6541699e-03  -4.8823688e-02
   1.8000000e+02   5.0168120e+01   4.4206130e+00  -3.2569292e-02  -2.6837324e-03  -4.8975244e-02
   1.8100000e+02   4.9904440e+01   4.4194850e+00  -3.2868566e-02  -2.7135496e-03  -4.9126370e-02
   1.8200000e+02   4.9643610e+01   4.4183620e+00  -3.3168666e-02  -2.7436228e-03  -4.9277039e-02
   1.8300000e+02   4.9385590e+01   4.4172420e+00  -3.3469585e-02  -2.7739525e-03  -4.9427268e-02
   1.8400000e+02   4.9130340e+01   4.4161250e+00  -3.3771305e-02  -2.8045390e-03  -4.9577045e-02
   1.8500000e+02   4.8877810e+01   4.4150120e+00  -3.4073804e-02  -2.8353832e-03  -4.9726354e-02
   1.8600000e+02   4.8627950e+01   4.4139020e+00  -3.4377078e-02  -2.8664834e-03  -4.9875205e-02
   1.8700000e+02   4.8380730e+01   4.4127950e+00  -3.4681121e-02  -2.8978443e-03  -5.0023591e-02
   1.8800000e+02   4.8136110e+01   4.4116910e+00  -3.4985908e-02  -2.9294616e-03  -5.0171507e-02
   1.8900000e+02   4.7894050e+01   4.4105900e+00  -3.5291445e-02  -2.9613400e-03  -5.0318954e-02
   1.9000000e+02   4.7654510e+01   4.4094920e+00  -3.5597689e-02  -2.9934797e-03  -5.0465910e-02
   1.9100000e+02   4.7417440e+01   4.4083960e+00  -3.5904658e-02  -3.0258770e-03  -5.0612399e-02
   1.9200000e+02   4.7182820e+01   4.4073030e+00  -3.6212309e-02  -3.0585353e-03  -5.0758387e-02
   1.9300000e+02   4.6950600e+01   4.4062120e+00  -3.6520646e-02  -3.0914557e-03  -5.0903888e-02
   1.9400000e+02   4.6720750e+01   4.4051230e+00  -3.6829645e-02  -3.1246337e-03  -5.1048894e-02
   1.9500000e+02   4.6493230e+01   4.4040370e+00  -3.7139288e-02  -3.1580746e-03  -5.1193386e-02
   1.9600000e+02   4.6268020e+01   4.4029530e+00  -3.7449573e-02  -3.1917770e-03  -5.1337374e-02
   1.9700000e+02   4.6045070e+01   4.4018700e+00  -3.7760470e-02  -3.2257389e-03  -5.1480851e-02
   1.9800000e+02   4.5824350e+01   4.4007900e+00  -3.8071967e-02  -3.2599624e-03  -5.1623801e-02
   1.9900000e+02   4.5605840e+01   4.3997110e+00  -3.8384053e-02  -3.2944479e-03  -5.1766227e-02
   2.0000000e+02   4.5389490e+01   4.3986340e+00  -3.8696712e-02  -3.3291938e-03  -5.1908122e-02
   2.0100000e+02   4.5175280e+01   4.3975580e+00  -3.9009910e-02  -3.3641998e-03  -5.2049477e-02
   2.0200000e+02   4.4963170e+01   4.3964840e+00  -3.9323654e-02  -3.3994668e-03  -5.2190291e-02
   2.0300000e+02   4.4753140e+01   4.3954110e+00  -3.9637909e-02  -3.4349935e-03  -5.2330553e-02
   2.0400000e+02   4.4545160e+01   4.3943400e+00  -3.9952662e-02  -3.4707815e-03  -5.2470250e-02
   2.0500000e+02   4.4339190e+01   4.3932700e+00  -4.0267891e-02  -3.5068274e-03  -5.2609384e-02
   2.0600000e+02   4.4135220e+01   4.3922000e+00  -4.0583596e-02  -3.5431342e-03  -5.2747960e-02
   2.0700000e+02   4.3933200e+01   4.3911320e+00  -4.0899718e-02  -3.5796971e-03  -5.2885941e-02
   2.0800000e+02   4.3733120e+01   4.3900650e+00  -4.1216270e-02  -3.6165218e-03  -5.3023335e-02
   2.0900000e+02   4.3534950e+01   4.3889980e+00  -4.1533260e-02  -3.6536032e-03  -5.3160163e-02
   2.1000000e+02   4.3338650e+01   4.3879330e+00  -4.1850595e-02  -3.6909391e-03  -5.3296366e-02
   2.1100000e+02   4.3144210e+01   4.3868680e+00  -4.2168309e-02  -3.7285325e-03  -5.3431971e-02
   2.1200000e+02   4.2951600e+01   4.3858030e+00  -4.2486381e-02  -3.7663825e-03  -5.3566972e-02
   2.1300000e+02   4.2760800e+01   4.3847390e+00  -4.2804768e-02  -3.8044851e-03  -5.3701349e-02
   2.1400000e+02   4.2571770e+01   4.3836760e+00  -4.3123459e-02  -3.8428431e-03  -5.3835088e-02
   2.1500000e+02   4.2384500e+01   4.3826130e+00  -4.3442431e-02  -3.8814532e-03  -5.3968196e-02
   2.1600000e+02   4.2198960e+01   4.3815500e+00  -4.3761676e-02  -3.9203145e-03  -5.4100667e-02
   2.1700000e+02   4.2015130e+01   4.3804880e+00  -4.4081154e-02  -3.9594270e-03  -5.4232480e-02
   2.1800000e+02   4.1832990e+01   4.3794250e+00  -4.4400852e-02  -3.9987887e-03  -5.4363642e-02
   2.1900000e+02   4.1652510e+01   4.3783630e+00  -4.4720755e-02  -4.0384001e-03  -5.4494133e-02
   2.2000000e+02   4.1473670e+01   4.3773010e+00  -4.5040847e-02  -4.0782569e-03  -5.4623958e-02
   2.2100000e+02   4.1296450e+01   4.3762380e+00  -4.5361083e-02  -4.1183587e-03  -5.4753107e-02
   2.2200000e+02   4.1120840e+01   4.3751760e+00  -4.5681443e-02  -4.1587070e-03  -5.4881550e-02
   2.2300000e+02   4.0946790e+01   4.3741130e+00  -4.6001930e-02  -4.1992954e-03  -5.5009315e-02
   2.2400000e+02   4.0774310e+01   4.3730510e+00  -4.6322506e-02  -4.2401295e-03  -5.5136362e-02
   2.2500000e+02   4.0603360e+01   4.3719870e+00  -4.6643138e-02  -4.2811988e-03  -5.5262712e-02
   2.2600000e+02   4.0433940e+01   4.3709240e+00  -4.6963826e-02  -4.3225102e-03  -5.5388334e-02
   2.2700000e+02   4.0266000e+01   4.3698600e+00  -4.7284523e-02  -4.3640546e-03  -5.5513227e-02
   2.2800000e+02   4.0099550e+01   4.3687960e+00  -4.7605217e-02  -4.4058355e-03  -5.5637385e-02
   2.2900000e+02   3.9934560e+01   4.3677310e+00  -4.7925892e-02  -4.4478501e-03  -5.5760805e-02
   2.3000000e+02   3.9771010e+01   4.3666660e+00  -4.8246522e-02  -4.4900949e-03  -5.5883471e-02
   2.3100000e+02   3.9608880e+01   4.3656000e+00  -4.8567071e-02  -4.5325674e-03  -5.6005382e-02
   2.3200000e+02   3.9448160e+01   4.3645330e+00  -4.8887537e-02  -4.5752702e-03  -5.6126532e-02
   2.3300000e+02   3.9288830e+01   4.3634650e+00  -4.9207889e-02  -4.6181959e-03  -5.6246917e-02
   2.3400000e+02   3.9130860e+01   4.3623970e+00  -4.9528083e-02  -4.6613444e-03  -5.6366507e-02
   2.3500000e+02   3.8974250e+01   4.3613280e+00  -4.9848110e-02  -4.7047139e-03  -5.6485311e-02
   2.3600000e+02   3.8818980e+01   4.3602580e+00  -5.0167951e-02  -4.7483015e-03  -5.6603326e-02
   2.3700000e+02   3.8665030e+01   4.3591870e+00  -5.0487579e-02  -4.7921045e-03  -5.6720537e-02
   2.3800000e+02   3.8512380e+01   4.3581160e+00  -5.0806962e-02  -4.8361255e-03  -5.6836921e-02
   2.3900000e+02   3.8361020e+01   4.3570430e+00  -5.1126092e-02  -4.8803524e-03  -5.6952510e-02
   2.4000000e+02   3.8210930e+01   4.3559690e+00  -5.1444940e-02  -4.9247909e-03  -5.7067271e-02
   2.4100000e+02   3.8062100e+01   4.3548940e+00  -5.1763482e-02  -4.9694348e-03  -5.7181202e-02
   2.4200000e+02   3.7914510e+01   4.3538180e+00  -5.2081685e-02  -5.0142853e-03  -5.7294291e-02
   2.4300000e+02   3.7768150e+01   4.3527410e+00  -5.2399537e-02  -5.0593368e-03  -5.7406536e-02
   2.4400000e+02   3.7623000e+01   4.3516630e+00  -5.2716991e-02  -5.1045841e-03  -5.7517919e-02
   2.4500000e+02   3.7479040e+01   4.3505830e+00  -5.3034058e-02  -5.1500247e-03  -5.7628465e-02
   2.4600000e+02   3.7336280e+01   4.3495020e+00  -5.3350697e-02  -5.1956639e-03  -5.7738136e-02
   2.4700000e+02   3.7194680e+01   4.3484200e+00  -5.3666883e-02  -5.2414895e-03  -5.7846938e-02
   2.4800000e+02   3.7054230e+01   4.3473360e+00  -5.3982582e-02  -5.2875019e-03  -5.7954860e-02
   2.4900000e+02   3.6914930e+01   4.3462520e+00  -5.4297790e-02  -5.3337004e-03  -5.8061895e-02
   2.5000000e+02   3.6776760e+01   4.3451650e+00  -5.4612481e-02  -5.3800781e-03  -5.8168052e-02
   2.5100000e+02   3.6639700e+01   4.3440780e+00  -5.4926615e-02  -5.4266373e-03  -5.8273298e-02
   2.5200000e+02   3.6503750e+01   4.3429880e+00  -5.5240208e-02  -5.4733699e-03  -5.8377662e-02
   2.5300000e+02   3.6368880e+01   4.3418980e+00  -5.5553173e-02  -5.5202722e-03  -5.8481098e-02
   2.5400000e+02   3.6235090e+01   4.3408050e+00  -5.5865553e-02  -5.5673444e-03  -5.8583646e-02
   2.5500000e+02   3.6102370e+01   4.3397120e+00  -5.6177283e-02  -5.6145842e-03  -5.8685255e-02
   2.5600000e+02   3.5970700e+01   4.3386160e+00  -5.6488351e-02  -5.6619812e-03  -5.8785961e-02
   2.5700000e+02   3.5840070e+01   4.3375190e+00  -5.6798748e-02  -5.7095418e-03  -5.8885733e-02
   2.5800000e+02   3.5710470e+01   4.3364210e+00  -5.7108432e-02  -5.7572581e-03  -5.8984563e-02
   2.5900000e+02   3.5581880e+01   4.3353210e+00  -5.7417378e-02  -5.8051204e-03  -5.9082460e-02
   2.6000000e+02   3.5454300e+01   4.3342190e+00  -5.7725596e-02  -5.8531357e-03  -5.9179421e-02
   2.6100000e+02   3.5327720e+01   4.3331150e+00  -5.8033047e-02  -5.9012987e-03  -5.9275441e-02
   2.6200000e+02   3.5202110e+01   4.3320100e+00  -5.8339684e-02  -5.9495972e-03  -5.9370501e-02
   2.6300000e+02   3.5077480e+01   4.3309030e+00  -5.8645527e-02  -5.9980366e-03  -5.9464618e-02
   2.6400000e+02   3.4953810e+01   4.3297940e+00  -5.8950536e-02  -6.0466119e-03  -5.9557773e-02
   2.6500000e+02   3.4831090e+01   4.3286840e+00  -5.9254681e-02  -6.0953168e-03  -5.9649960e-02
   2.6600000e+02   3.4709310e+01   4.3275710e+00  -5.9557949e-02  -6.1441476e-03  -5.9741193e-02
   2.6700000e+02   3.4588460e+01   4.3264570e+00  -5.9860336e-02  -6.1931056e-03  -5.9831459e-02
   2.6800000e+02   3.4468530e+01   4.3253410e+00  -6.0161786e-02  -6.2421795e-03  -5.9920750e-02
   2.6900000e+02   3.4349510e+01   4.3242240e+00  -6.0462307e-02  -6.2913720e-03  -6.0009058e-02
   2.7000000e+02   3.4231390e+01   4.3231040e+00  -6.0761885e-02  -6.3406776e-03  -6.0096407e-02
   2.7100000e+02   3.4114160e+01   4.3219830e+00  -6.1060496e-02  -6.3900945e-03  -6.0182769e-02
   2.7200000e+02   3.3997800e+01   4.3208590e+00  -6.1358093e-02  -6.4396080e-03  -6.0268160e-02
   2.7300000e+02   3.3882320e+01   4.3197340e+00  -6.1654699e-02  -6.4892288e-03  -6.0352569e-02
   2.7400000e+02   3.3767700e+01   4.3186070e+00  -6.1950261e-02  -6.5389441e-03  -6.0435991e-02
   2.7500000e+02   3.3653930e+01   4.3174780e+00  -6.2244781e-02  -6.5887552e-03  -6.0518424e-02
   2.7600000e+02   3.3541000e+01   4.3163470e+00  -6.2538236e-02  -6.6386541e-03  -6.0599874e-02
   2.7700000e+02   3.3428900e+01   4.3152140e+00  -6.2830608e-02  -6.6886364e-03  -6.0680341e-02
   2.7800000e+02   3.3317630e+01   4.3140800e+00  -6.3121878e-02  -6.7387056e-03  -6.0759802e-02
   2.7900000e+02   3.3207170e+01   4.3129430e+00  -6.3412035e-02  -6.7888482e-03  -6.0838292e-02
   2.8000000e+02   3.3097530e+01   4.3118050e+00  -6.3701061e-02  -6.8390733e-03  -6.0915777e-02
   2.8100000e+02   3.2988680e+01   4.3106640e+00  -6.3988948e-02  -6.8893620e-03  -6.0992289e-02
   2.8200000e+02   3.2880620e+01   4.3095220e+00  -6.4275657e-02  -6.9397182e-03  -6.1067802e-02
   2.8300000e+02   3.2773340e+01   4.3083770e+00  -6.4561198e-02  -6.9901356e-03  -6.1142332e-02
   2.8400000e+02   3.2666830e+01   4.3072310e+00  -6.4845536e-02  -7.0406102e-03  -6.1215865e-02
   2.8500000e+02   3.2561100e+01   4.3060830e+00  -6.5128681e-02  -7.0911489e-03  -6.1288405e-02
   2.8600000e+02   3.2456110e+01   4.3049320e+00  -6.5410593e-02  -7.1417251e-03  -6.1359973e-02
   2.8700000e+02   3.2351880e+01   4.3037800e+00  -6.5691277e-02  -7.1923568e-03  -6.1430538e-02
   2.8800000e+02   3.2248390e+01   4.3026260e+00  -6.5970707e-02  -7.2430298e-03  -6.1500124e-02
   2.8900000e+02   3.2145640e+01   4.3014700e+00  -6.6248879e-02  -7.2937417e-03  -6.1568722e-02
   2.9000000e+02   3.2043610e+01   4.3003120e+00  -6.6525776e-02  -7.3444890e-03  -6.1636338e-02
   2.9100000e+02   3.1942300e+01   4.2991520e+00  -6.6801386e-02  -7.3952677e-03  -6.1702973e-02
   2.9200000e+02   3.1841700e+01   4.2979900e+00  -6.7075700e-02  -7.4460720e-03  -6.1768630e-02
   2.9300000e+02   3.1741810e+01   4.2968260e+00  -6.7348703e-02  -7.4968999e-03  -6.1833311e-02
   2.9400000e+02   3.1642610e+01   4.2956600e+00  -6.7620387e-02  -7.5477488e-03  -6.1897018e-02
   2.9500000e+02   3.1544100e+01   4.2944920e+00  -6.7890741e-02  -7.5986121e-03  -6.1959754e-02
   2.9600000e+02   3.1446280e+01   4.2933220e+00  -6.8159764e-02  -7.6494906e-03  -6.2021518e-02
   2.9700000e+02   3.1349140e+01   4.2921500e+00  -6.8427437e-02  -7.7003801e-03  -6.2082321e-02
   2.9800000e+02   3.1252660e+01   4.2909770e+00  -6.8693725e-02  -7.7512662e-03  -6.2142146e-02
   2.9900000e+02   3.1156850e+01   4.2898010e+00  -6.8958672e-02  -7.8021607e-03  -6.2201024e-02
   3.0000000e+02   3.1061690e+01   4.2886230e+00  -6.9222233e-02  -7.8530465e-03  -6.2258947e-02
   3.0100000e+02   3.0967180e+01   4.2874440e+00  -6.9484397e-02  -7.9039249e-03  -6.2315912e-02
   3.0200000e+02   3.0873320e+01   4.2862630e+00  -6.9745174e-02  -7.9547981e-03  -6.2371922e-02
   3.0300000e+02   3.0780090e+01   4.2850790e+00  -7.0004564e-02  -8.0056539e-03  -6.2427004e-02
   3.0400000e+02   3.0687490e+01   4.2838940e+00  -7.0262531e-02  -8.0564926e-03  -6.2481130e-02
   3.0500000e+02   3.0595520e+01   4.2827070e+00  -7.0519093e-02  -8.1073116e-03  -6.2534326e-02
   3.0600000e+02   3.0504170e+01   4.2815180e+00  -7.0774228e-02  -8.1581053e-03  -6.2586591e-02
   3.0700000e+02   3.0413430e+01   4.2803270e+00  -7.1027941e-02  -8.2088701e-03  -6.2637932e-02
   3.0800000e+02   3.0323290e+01   4.2791350e+00  -7.1280210e-02  -8.2596011e-03  -6.2688340e-02
   3.0900000e+02   3.0233760e+01   4.2779400e+00  -7.1531061e-02  -8.3103009e-03  -6.2737846e-02
   3.1000000e+02   3.0144810e+01   4.2767440e+00  -7.1780454e-02  -8.3609560e-03  -6.2786422e-02
   3.1100000e+02   3.0056460e+01   4.2755460e+00  -7.2028402e-02  -8.4115702e-03  -6.2834099e-02
   3.1200000e+02   2.9968690e+01   4.2743460e+00  -7.2274906e-02  -8.4621410e-03  -6.2880879e-02
   3.1300000e+02   2.9881500e+01   4.2731440e+00  -7.2519955e-02  -8.5126604e-03  -6.2926769e-02
   3.1400000e+02   2.9794880e+01   4.2719410e+00  -7.2763545e-02  -8.5631311e-03  -6.2971753e-02
   3.1500000e+02   2.9708820e+01   4.2707350e+00  -7.3005681e-02  -8.6135386e-03  -6.3015871e-02
   3.1600000e+02   2.9623330e+01   4.2695280e+00  -7.3246353e-02  -8.6638952e-03  -6.3059101e-02
   3.1700000e+02   2.9538390e+01   4.2683190e+00  -7.3485554e-02  -8.7141812e-03  -6.3101461e-02
   3.1800000e+02   2.9454000e+01   4.2671090e+00  -7.3723284e-02  -8.7644075e-03  -6.3142946e-02
   3.1900000e+02   2.9370160e+01   4.2658960e+00  -7.3959558e-02  -8.8145612e-03  -6.3183594e-02
   3.2000000e+02   2.9286860e+01   4.2646820e+00  -7.4194370e-02  -8.8646497e-03  -6.3223370e-02
   3.2100000e+02   2.9204090e+01   4.2634660e+00  -7.4427696e-02  -8.9146562e-03  -6.3262311e-02
   3.2200000e+02   2.9121850e+01   4.2622490e+00  -7.4659541e-02  -8.9645838e-03  -6.3300406e-02
   3.2300000e+02   2.9040130e+01   4.2610300e+00  -7.4889932e-02  -9.0144343e-03  -6.3337663e-02
   3.2400000e+02   2.8958940e+01   4.2598090e+00  -7.5118853e-02  -9.0642026e-03  -6.3374108e-02
   3.2500000e+02   2.8878260e+01   4.2585870e+00  -7.5346290e-02  -9.1138805e-03  -6.3409721e-02
   3.2600000e+02   2.8798090e+01   4.2573630e+00  -7.5572268e-02  -9.1634696e-03  -6.3444529e-02
   3.2700000e+02   2.8718420e+01   4.2561370e+00  -7.5796773e-02  -9.2129617e-03  -6.3478535e-02
   3.2800000e+02   2.8639260e+01   4.2549100e+00  -7.6019804e-02  -9.2623617e-03  -6.3511741e-02
   3.2900000e+02   2.8560590e+01   4.2536810e+00  -7.6241376e-02  -9.3116627e-03  -6.3544156e-02
   3.3000000e+02   2.8482410e+01   4.2524510e+00  -7.6461475e-02  -9.3608609e-03  -6.3575784e-02
   3.3100000e+02   2.8404720e+01   4.2512190e+00  -7.6680118e-02  -9.4099574e-03  -6.3606646e-02
   3.3200000e+02   2.8327510e+01   4.2499860e+00  -7.6897291e-02  -9.4589447e-03  -6.3636730e-02
   3.3300000e+02   2.8250780e+01   4.2487510e+00  -7.7113022e-02  -9.5078276e-03  -6.3666056e-02
   3.3400000e+02   2.8174520e+01   4.2475150e+00  -7.7327285e-02  -9.5565955e-03  -6.3694629e-02
   3.3500000e+02   2.8098730e+01   4.2462770e+00  -7.7540096e-02  -9.6052472e-03  -6.3722467e-02
   3.3600000e+02   2.8023400e+01   4.2450370e+00  -7.7751469e-02  -9.6537785e-03  -6.3749568e-02
   3.3700000e+02   2.7948540e+01   4.2437970e+00  -7.7961385e-02  -9.7022020e-03  -6.3775925e-02
   3.3800000e+02   2.7874130e+01   4.2425550e+00  -7.8169863e-02  -9.7504961e-03  -6.3801564e-02
   3.3900000e+02   2.7800180e+01   4.2413110e+00  -7.8376918e-02  -9.7986705e-03  -6.3826501e-02
   3.4000000e+02   2.7726670e+01   4.2400660e+00  -7.8582521e-02  -9.8467121e-03  -6.3850726e-02
   3.4100000e+02   2.7653610e+01   4.2388200e+00  -7.8786711e-02  -9.8946339e-03  -6.3874246e-02
   3.4200000e+02   2.7580980e+01   4.2375730e+00  -7.8989448e-02  -9.9424129e-03  -6.3897075e-02
   3.4300000e+02   2.7508800e+01   4.2363240e+00  -7.9190798e-02  -9.9900739e-03  -6.3919230e-02
   3.4400000e+02   2.7437040e+01   4.2350740e+00  -7.9390712e-02  -1.0037588e-02  -6.3940706e-02
   3.4500000e+02   2.7365720e+01   4.2338220e+00  -7.9589251e-02  -1.0084974e-02  -6.3961526e-02
   3.4600000e+02   2.7294810e+01   4.2325690e+00  -7.9786347e-02  -1.0132204e-02  -6.3981687e-02
   3.4700000e+02   2.7224330e+01   4.2313160e+00  -7.9982059e-02  -1.0179309e-02  -6.4001175e-02
   3.4800000e+02   2.7154270e+01   4.2300600e+00  -8.0176390e-02  -1.0226265e-02  -6.4020055e-02
   3.4900000e+02   2.7084620e+01   4.2288040e+00  -8.0369328e-02  -1.0273078e-02  -6.4038276e-02
   3.5000000e+02   2.7015380e+01   4.2275470e+00  -8.0560862e-02  -1.0319740e-02  -6.4055878e-02
   3.5100000e+02   2.6946540e+01   4.2262880e+00  -8.0751060e-02  -1.0366254e-02  -6.4072865e-02
   3.5200000e+02   2.6878110e+01   4.2250280e+00  -8.0939879e-02  -1.0412620e-02  -6.4089242e-02
   3.5300000e+02   2.6810080e+01   4.2237670e+00  -8.1127334e-02  -1.0458830e-02  -6.4105018e-02
   3.5400000e+02   2.6742440e+01   4.2225050e+00  -8.1313431e-02  -1.0504887e-02  -6.4120201e-02
   3.5500000e+02   2.6675190e+01   4.2212420e+00  -8.1498172e-02  -1.0550782e-02  -6.4134797e-02
   3.5600000e+02   2.6608340e+01   4.2199780e+00  -8.1681592e-02  -1.0596532e-02  -6.4148813e-02
   3.5700000e+02   2.6541870e+01   4.2187130e+00  -8.1863675e-02  -1.0642120e-02  -6.4162260e-02
   3.5800000e+02   2.6475780e+01   4.2174470e+00  -8.2044422e-02  -1.0687541e-02  -6.4175144e-02
   3.5900000e+02   2.6410060e+01   4.2161800e+00  -8.2223841e-02  -1.0732794e-02  -6.4187475e-02
   3.6000000e+02   2.6344730e+01   4.2149120e+00  -8.2401972e-02  -1.0777897e-02  -6.4199259e-02
   3.6100000e+02   2.6279770e+01   4.2136430e+00  -8.2578784e-02  -1.0822830e-02  -6.4210513e-02
   3.6200000e+02   2.6215170e+01   4.2123730e+00  -8.2754301e-02  -1.0867590e-02  -6.4221234e-02
   3.6300000e+02   2.6150940e+01   4.2111020e+00  -8.2928540e-02  -1.0912187e-02  -6.4231430e-02
   3.6400000e+02   2.6087080e+01   4.2098300e+00  -8.3101495e-02  -1.0956617e-02  -6.4241118e-02
   3.6500000e+02   2.6023570e+01   4.2085570e+00  -8.3273160e-02  -1.1000866e-02  -6.4250305e-02
   3.6600000e+02   2.5960420e+01   4.2072840e+00  -8.3443579e-02  -1.1044956e-02  -6.4258973e-02
   3.6700000e+02   2.5897620e+01   4.2060100e+00  -8.3612718e-02  -1.1088864e-02  -6.4267163e-02
   3.6800000e+02   2.5835180e+01   4.2047340e+00  -8.3780639e-02  -1.1132601e-02  -6.4274880e-02
   3.6900000e+02   2.5773080e+01   4.2034590e+00  -8.3947281e-02  -1.1176159e-02  -6.4282098e-02
   3.7000000e+02   2.5711320e+01   4.2021820e+00  -8.4112712e-02  -1.1219539e-02  -6.4288863e-02
   3.7100000e+02   2.5649910e+01   4.2009050e+00  -8.4276918e-02  -1.1262751e-02  -6.4295156e-02
   3.7200000e+02   2.5588840e+01   4.1996270e+00  -8.4439899e-02  -1.1305779e-02  -6.4301008e-02
   3.7300000e+02   2.5528100e+01   4.1983480e+00  -8.4601674e-02  -1.1348621e-02  -6.4306411e-02
   3.7400000e+02   2.5467690e+01   4.1970680e+00  -8.4762248e-02  -1.1391281e-02  -6.4311383e-02
   3.7500000e+02   2.5407620e+01   4.1957880e+00  -8.4921627e-02  -1.1433766e-02  -6.4315918e-02
   3.7600000e+02   2.5347870e+01   4.1945080e+00  -8.5079802e-02  -1.1476063e-02  -6.4320020e-02
   3.7700000e+02   2.5288450e+01   4.1932260e+00  -8.5236848e-02  -1.1518185e-02  -6.4323722e-02
   3.7800000e+02   2.5229350e+01   4.1919440e+00  -8.5392703e-02  -1.1560117e-02  -6.4327011e-02
   3.7900000e+02   2.5170570e+01   4.1906620e+00  -8.5547381e-02  -1.1601861e-02  -6.4329887e-02
   3.8000000e+02   2.5112110e+01   4.1893790e+00  -8.5700926e-02  -1.1643422e-02  -6.4332374e-02
   3.8100000e+02   2.5053960e+01   4.1880950e+00  -8.5853344e-02  -1.1684799e-02  -6.4334482e-02
   3.8200000e+02   2.4996120e+01   4.1868110e+00  -8.6004605e-02  -1.1725980e-02  -6.4336199e-02
   3.8300000e+02   2.4938600e+01   4.1855270e+00  -8.6154749e-02  -1.1766986e-02  -6.4337536e-02
   3.8400000e+02   2.4881370e+01   4.1842420e+00  -8.6303766e-02  -1.1807787e-02  -6.4338514e-02
   3.8500000e+02   2.4824460e+01   4.1829560e+00  -8.6451691e-02  -1.1848407e-02  -6.4339143e-02
   3.8600000e+02   2.4767840e+01   4.1816700e+00  -8.6598506e-02  -1.1888830e-02  -6.4339406e-02
   3.8700000e+02   2.4711530e+01   4.1803840e+00  -8.6744246e-02  -1.1929077e-02  -6.4339321e-02
   3.8800000e+02   2.4655510e+01   4.1790970e+00  -8.6888882e-02  -1.1969119e-02  -6.4338906e-02
   3.8900000e+02   2.4599780e+01   4.1778100e+00  -8.7032431e-02  -1.2008961e-02  -6.4338152e-02
   3.9000000e+02   2.4544350e+01   4.1765230e+00  -8.7174942e-02  -1.2048628e-02  -6.4337060e-02
   3.9100000e+02   2.4489210e+01   4.1752350e+00  -8.7316397e-02  -1.2088097e-02  -6.4335658e-02
   3.9200000e+02   2.4434350e+01   4.1739480e+00  -8.7456766e-02  -1.2127368e-02  -6.4333925e-02
   3.9300000e+02   2.4379780e+01   4.1726590e+00  -8.7596142e-02  -1.2166449e-02  -6.4331903e-02
   3.9400000e+02   2.4325490e+01   4.1713710e+00  -8.7734446e-02  -1.2205330e-02  -6.4329565e-02
   3.9500000e+02   2.4271490e+01   4.1700820e+00  -8.7871745e-02  -1.2244024e-02  -6.4326945e-02
   3.9600000e+02   2.4217760e+01   4.1687930e+00  -8.8008035e-02  -1.2282520e-02  -6.4324022e-02
   3.9700000e+02   2.4164310e+01   4.1675040e+00  -8.8143300e-02  -1.2320821e-02  -6.4320822e-02
   3.9800000e+02   2.4111130e+01   4.1662150e+00  -8.8277568e-02  -1.2358924e-02  -6.4317335e-02
   3.9900000e+02   2.4058220e+01   4.1649250e+00  -8.8410856e-02  -1.2396830e-02  -6.4313589e-02
   4.0000000e+02   2.4005580e+01   4.1636360e+00  -8.8543144e-02  -1.2434539e-02  -6.4309556e-02
   4.0100000e+02   2.3953210e+01   4.1623460e+00  -8.8674476e-02  -1.2472056e-02  -6.4305278e-02
   4.0200000e+02   2.3901110e+01   4.1610560e+00  -8.8804840e-02  -1.2509378e-02  -6.4300743e-02
   4.0300000e+02   2.3849270e+01   4.1597660e+00  -8.8934221e-02  -1.2546493e-02  -6.4295964e-02
   4.0400000e+02   2.3797690e+01   4.1584760e+00  -8.9062678e-02  -1.2583419e-02  -6.4290929e-02
   4.0500000e+02   2.3746360e+01   4.1571860e+00  -8.9190169e-02  -1.2620135e-02  -6.4285656e-02
   4.0600000e+02   2.3695300e+01   4.1558960e+00  -8.9316735e-02  -1.2656666e-02  -6.4280156e-02
   4.0700000e+02   2.3644490e+01   4.1546060e+00  -8.9442377e-02  -1.2692995e-02  -6.4274418e-02
   4.0800000e+02   2.3593940e+01   4.1533160e+00  -8.9567094e-02  -1.2729129e-02  -6.4268465e-02
   4.0900000e+02   2.3543630e+01   4.1520260e+00  -8.9690901e-02  -1.2765061e-02  -6.4262291e-02
   4.1000000e+02   2.3493580e+01   4.1507360e+00  -8.9813799e-02  -1.2800797e-02  -6.4255907e-02
   4.1100000e+02   2.3443770e+01   4.1494460e+00  -8.9935808e-02  -1.2836334e-02  -6.4249315e-02
   4.1200000e+02   2.3394210e+01   4.1481570e+00  -9.0056915e-02  -1.2871675e-02  -6.4242506e-02
   4.1300000e+02   2.3344890e+01   4.1468670e+00  -9.0177156e-02  -1.2906815e-02  -6.4235517e-02
   4.1400000e+02   2.3295810e+01   4.1455770e+00  -9.0296526e-02  -1.2941754e-02  -6.4228330e-02
   4.1500000e+02   2.3246980e+01   4.1442880e+00  -9.0415027e-02  -1.2976507e-02  -6.4220947e-02
   4.1600000e+02   2.3198380e+01   4.1429990e+00  -9.0532670e-02  -1.3011056e-02  -6.4213380e-02
   4.1700000e+02   2.3150020e+01   4.1417100e+00  -9.0649443e-02  -1.3045401e-02  -6.4205642e-02
   4.1800000e+02   2.3101890e+01   4.1404210e+00  -9.0765401e-02  -1.3079556e-02  -6.4197725e-02
   4.1900000e+02   2.3053990e+01   4.1391320e+00  -9.0880494e-02  -1.3113497e-02  -6.4189645e-02
   4.2000000e+02   2.3006330e+01   4.1378440e+00  -9.0994768e-02  -1.3147257e-02  -6.4181389e-02
   4.2100000e+02   2.2958900e+01   4.1365560e+00  -9.1108230e-02  -1.3180821e-02  -6.4172974e-02
   4.2200000e+02   2.2911690e+01   4.1352680e+00  -9.1220863e-02  -1.3214175e-02  -6.4164403e-02
   4.2300000e+02   2.2864710e+01   4.1339810e+00  -9.1332700e-02  -1.3247347e-02  -6.4155669e-02
   4.2400000e+02   2.2817950e+01   4.1326930e+00  -9.1443728e-02  -1.3280302e-02  -6.4146807e-02
   4.2500000e+02   2.2771410e+01   4.1314060e+00  -9.1553948e-02  -1.3313061e-02  -6.4137792e-02
   4.2600000e+02   2.2725100e+01   4.1301200e+00  -9.1663401e-02  -1.3345642e-02  -6.4128624e-02
   4.2700000e+02   2.2679000e+01   4.1288340e+00  -9.1772063e-02  -1.3378012e-02  -6.4119319e-02
   4.2800000e+02   2.2633130e+01   4.1275480e+00  -9.1879952e-02  -1.3410191e-02  -6.4109896e-02
   4.2900000e+02   2.2587460e+01   4.1262620e+00  -9.1987079e-02  -1.3442164e-02  -6.4100343e-02
   4.3000000e+02   2.2542020e+01   4.1249770e+00  -9.2093450e-02  -1.3473954e-02  -6.4090657e-02
   4.3100000e+02   2.2496780e+01   4.1236930e+00  -9.2199041e-02  -1.3505540e-02  -6.4080842e-02
   4.3200000e+02   2.2451760e+01   4.1224080e+00  -9.2303919e-02  -1.3536933e-02  -6.4070928e-02
   4.3300000e+02   2.2406940e+01   4.1211250e+00  -9.2408006e-02  -1.3568122e-02  -6.4060881e-02
   4.3400000e+02   2.2362340e+01   4.1198410e+00  -9.2511421e-02  -1.3599131e-02  -6.4050740e-02
   4.3500000e+02   2.2317940e+01   4.1185590e+00  -9.2614059e-02  -1.3629937e-02  -6.4040473e-02
   4.3600000e+02   2.2273740e+01   4.1172760e+00  -9.2715988e-02  -1.3660537e-02  -6.4030119e-02
   4.3700000e+02   2.2229750e+01   4.1159950e+00  -9.2817194e-02  -1.3690958e-02  -6.4019646e-02
   4.3800000e+02   2.2185960e+01   4.1147130e+00  -9.2917713e-02  -1.3721179e-02  -6.4009095e-02
   4.3900000e+02   2.2142370e+01   4.1134330e+00  -9.3017490e-02  -1.3751203e-02  -6.3998432e-02
   4.4000000e+02   2.2098980e+01   4.1121530e+00  -9.3116606e-02  -1.3781044e-02  -6.3987680e-02
   4.4100000e+02   2.2055790e+01   4.1108730e+00  -9.3215019e-02  -1.3810684e-02  -6.3976854e-02
   4.4200000e+02   2.2012800e+01   4.1095940e+00  -9.3312756e-02  -1.3840140e-02  -6.3965934e-02
   4.4300000e+02   2.1970000e+01   4.1083160e+00  -9.3409803e-02  -1.3869402e-02  -6.3954927e-02
   4.4400000e+02   2.1927390e+01   4.1070380e+00  -9.3506153e-02  -1.3898454e-02  -6.3943853e-02
   4.4500000e+02   2.1884980e+01   4.1057610e+00  -9.3601860e-02  -1.3927332e-02  -6.3932696e-02
   4.4600000e+02   2.1842750e+01   4.1044850e+00  -9.3696885e-02  -1.3956009e-02  -6.3921459e-02
   4.4700000e+02   2.1800720e+01   4.1032090e+00  -9.3791275e-02  -1.3984503e-02  -6.3910163e-02
   4.4800000e+02   2.1758870e+01   4.1019340e+00  -9.3884997e-02  -1.4012800e-02  -6.3898793e-02
   4.4900000e+02   2.1717210e+01   4.1006600e+00  -9.3978064e-02  -1.4040909e-02  -6.3887356e-02
   4.5000000e+02   2.1675730e+01   4.0993860e+00  -9.4070501e-02  -1.4068820e-02  -6.3875863e-02
   4.5100000e+02   2.1634440e+01   4.0981130e+00  -9.4162296e-02  -1.4096548e-02  -6.3864311e-02
   4.5200000e+02   2.1593340e+01   4.0968410e+00  -9.4253496e-02  -1.4124103e-02  -6.3852686e-02
   4.5300000e+02   2.1552410e+01   4.0955700e+00  -9.4344018e-02  -1.4151450e-02  -6.3841020e-02
   4.5400000e+02   2.1511660e+01   4.0942990e+00  -9.4433935e-02  -1.4178604e-02  -6.3829302e-02
   4.5500000e+02   2.1471100e+01   4.0930300e+00  -9.4523250e-02  -1.4205594e-02  -6.3817519e-02
   4.5600000e+02   2.1430710e+01   4.0917610e+00  -9.4611955e-02  -1.4232383e-02  -6.3805694e-02
   4.5700000e+02   2.1390490e+01   4.0904920e+00  -9.4700034e-02  -1.4258968e-02  -6.3793849e-02
   4.5800000e+02   2.1350450e+01   4.0892250e+00  -9.4787529e-02  -1.4285387e-02  -6.3781930e-02
   4.5900000e+02   2.1310590e+01   4.0879580e+00  -9.4874443e-02  -1.4311619e-02  -6.3769988e-02
   4.6000000e+02   2.1270900e+01   4.0866930e+00  -9.4960747e-02  -1.4337668e-02  -6.3757991e-02
   4.6100000e+02   2.1231380e+01   4.0854280e+00  -9.5046472e-02  -1.4363526e-02  -6.3745968e-02
   4.6200000e+02   2.1192030e+01   4.0841640e+00  -9.5131604e-02  -1.4389196e-02  -6.3733912e-02
   4.6300000e+02   2.1152850e+01   4.0829010e+00  -9.5216164e-02  -1.4414683e-02  -6.3721824e-02
   4.6400000e+02   2.1113840e+01   4.0816390e+00  -9.5300166e-02  -1.4439995e-02  -6.3709698e-02
   4.6500000e+02   2.1074990e+01   4.0803770e+00  -9.5383585e-02  -1.4465104e-02  -6.3697561e-02
   4.6600000e+02   2.1036310e+01   4.0791170e+00  -9.5466444e-02  -1.4490046e-02  -6.3685380e-02
   4.6700000e+02   2.0997800e+01   4.0778580e+00  -9.5548760e-02  -1.4514813e-02  -6.3673173e-02
   4.6800000e+02   2.0959450e+01   4.0765990e+00  -9.5630528e-02  -1.4539388e-02  -6.3660954e-02
   4.6900000e+02   2.0921260e+01   4.0753420e+00  -9.5711725e-02  -1.4563783e-02  -6.3648701e-02
   4.7000000e+02   2.0883230e+01   4.0740850e+00  -9.5792387e-02  -1.4587992e-02  -6.3636445e-02
   4.7100000e+02   2.0845370e+01   4.0728300e+00  -9.5872503e-02  -1.4612035e-02  -6.3624157e-02
   4.7200000e+02   2.0807660e+01   4.0715750e+00  -9.5952089e-02  -1.4635884e-02  -6.3611866e-02
   4.7300000e+02   2.0770110e+01   4.0703220e+00  -9.6031141e-02  -1.4659562e-02  -6.3599542e-02
   4.7400000e+02   2.0732710e+01   4.0690690e+00  -9.6109657e-02  -1.4683047e-02  -6.3587227e-02
   4.7500000e+02   2.0695480e+01   4.0678180e+00  -9.6187665e-02  -1.4706377e-02  -6.3574887e-02
   4.7600000e+02   2.0658400e+01   4.0665670e+00  -9.6265154e-02  -1.4729515e-02  -6.3562550e-02
   4.7700000e+02   2.0621470e+01   4.0653180e+00  -9.6342106e-02  -1.4752478e-02  -6.3550193e-02
   4.7800000e+02   2.0584690e+01   4.0640700e+00  -9.6418534e-02  -1.4775255e-02  -6.3537831e-02
   4.7900000e+02   2.0548070e+01   4.0628230e+00  -9.6494490e-02  -1.4797873e-02  -6.3525462e-02
   4.8000000e+02   2.0511600e+01   4.0615760e+00  -9.6569958e-02  -1.4820310e-02  -6.3513104e-02
   4.8100000e+02   2.0475270e+01   4.0603310e+00  -9.6644880e-02  -1.4842559e-02  -6.3500731e-02
   4.8200000e+02   2.0439100e+01   4.0590870e+00  -9.6719342e-02  -1.4864652e-02  -6.3488361e-02
   4.8300000e+02   2.0403070e+01   4.0578450e+00  -9.6793278e-02  -1.4886561e-02  -6.3475978e-02
   4.8400000e+02   2.0367190e+01   4.0566030e+00  -9.6866745e-02  -1.4908298e-02  -6.3463613e-02
   4.8500000e+02   2.0331460e+01   4.0553620e+00  -9.6939732e-02  -1.4929863e-02  -6.3451254e-02
   4.8600000e+02   2.0295870e+01   4.0541230e+00  -9.7012218e-02  -1.4951254e-02  -6.3438883e-02
   4.8700000e+02   2.0260430e+01   4.0528850e+00  -9.7084251e-02  -1.4972487e-02  -6.3426520e-02
   4.8800000e+02   2.0225130e+01   4.0516480e+00  -9.7155800e-02  -1.4993538e-02  -6.3414170e-02
   4.8900000e+02   2.0189970e+01   4.0504120e+00  -9.7226877e-02  -1.5014417e-02  -6.3401829e-02
   4.9000000e+02   2.0154950e+01   4.0491770e+00  -9.7297482e-02  -1.5035121e-02  -6.3389499e-02
   4.9100000e+02   2.0120070e+01   4.0479440e+00  -9.7367613e-02  -1.5055660e-02  -6.3377168e-02
   4.9200000e+02   2.0085330e+01   4.0467110e+00  -9.7437305e-02  -1.5076027e-02  -6.3364865e-02
   4.9300000e+02   2.0050730e+01   4.0454800e+00  -9.7506532e-02  -1.5096228e-02  -6.3352559e-02
   4.9400000e+02   2.0016270e+01   4.0442500e+00  -9.7575312e-02  -1.5116268e-02  -6.3340271e-02
   4.9500000e+02   1.9981940e+01   4.0430220e+00  -9.7643612e-02  -1.5136129e-02  -6.3327987e-02
   4.9600000e+02   1.9947750e+01   4.0417940e+00  -9.7711505e-02  -1.5155830e-02  -6.3315735e-02
   4.9700000e+02   1.9913700e+01   4.0405680e+00  -9.7778947e-02  -1.5175377e-02  -6.3303488e-02
   4.9800000e+02   1.9879780e+01   4.0393430e+00  -9.7845932e-02  -1.5194742e-02  -6.3291263e-02
   4.9900000e+02   1.9845990e+01   4.0381200e+00  -9.7912477e-02  -1.5213949e-02  -6.3279041e-02
   5.0000000e+02   1.9812340e+01   4.0368970e+00  -9.7978612e-02  -1.5232992e-02  -6.3266861e-02
   5.0100000e+02   1.9778810e+01   4.0356760e+00  -9.8044289e-02  -1.5251861e-02  -6.3254686e-02
   5.0200000e+02   1.9745420e+01   4.0344570e+00  -9.8109542e-02  -1.5270579e-02  -6.3242523e-02
   5.0300000e+02   1.9712160e+01   4.0332380e+00  -9.8174390e-02  -1.5289133e-02  -6.3230398e-02
   5.0400000e+02   1.9679020e+01   4.0320210e+00  -9.8238786e-02  -1.5307514e-02  -6.3218287e-02
   5.0500000e+02   1.9646020e+01   4.0308050e+00  -9.8302792e-02  -1.5325748e-02  -6.3206201e-02
   5.0600000e+02   1.9613140e+01   4.0295910e+00  -9.8366355e-02  -1.5343813e-02  -6.3194128e-02
   5.0700000e+02   1.9580390e+01   4.0283780e+00  -9.8429513e-02  -1.5361721e-02  -6.3182083e-02
   5.0800000e+02   1.9547760e+01   4.0271660e+00  -9.8492251e-02  -1.5379455e-02  -6.3170069e-02
   5.0900000e+02   1.9515260e+01   4.0259550e+00  -9.8554601e-02  -1.5397043e-02  -6.3158084e-02
   5.1000000e+02   1.9482880e+01   4.0247460e+00  -9.8616526e-02  -1.5414464e-02  -6.3146119e-02
   5.1100000e+02   1.9450630e+01   4.0235390e+00  -9.8678063e-02  -1.5431745e-02  -6.3134168e-02
   5.1200000e+02   1.9418500e+01   4.0223320e+00  -9.8739197e-02  -1.5448851e-02  -6.3122264e-02
   5.1300000e+02   1.9386490e+01   4.0211270e+00  -9.8799932e-02  -1.5465807e-02  -6.3110377e-02
   5.1400000e+02   1.9354600e+01   4.0199240e+00  -9.8860259e-02  -1.5482604e-02  -6.3098510e-02
   5.1500000e+02   1.9322840e+01   4.0187210e+00  -9.8920227e-02  -1.5499252e-02  -6.3086696e-02
   5.1600000e+02   1.9291190e+01   4.0175210e+00  -9.8979772e-02  -1.5515739e-02  -6.3074883e-02
   5.1700000e+02   1.9259660e+01   4.0163210e+00  -9.9038950e-02  -1.5532068e-02  -6.3063124e-02
   5.1800000e+02   1.9228250e+01   4.0151230e+00  -9.9097730e-02  -1.5548244e-02  -6.3051382e-02
   5.1900000e+02   1.9196960e+01   4.0139270e+00  -9.9156135e-02  -1.5564274e-02  -6.3039667e-02
   5.2000000e+02   1.9165790e+01   4.0127320e+00  -9.9214170e-02  -1.5580159e-02  -6.3027987e-02
   5.2100000e+02   1.9134730e+01   4.0115380e+00  -9.9271827e-02  -1.5595877e-02  -6.3016345e-02
   5.2200000e+02   1.9103780e+01   4.0103460e+00  -9.9329087e-02  -1.5611438e-02  -6.3004727e-02
   5.2300000e+02   1.9072950e+01   4.0091550e+00  -9.9385980e-02  -1.5626847e-02  -6.2993150e-02
   5.2400000e+02   1.9042240e+01   4.0079650e+00  -9.9442537e-02  -1.5642123e-02  -6.2981613e-02
   5.2500000e+02   1.9011640e+01   4.0067780e+00  -9.9498696e-02  -1.5657248e-02  -6.2970082e-02
   5.2600000e+02   1.8981150e+01   4.0055910e+00  -9.9554500e-02  -1.5672210e-02  -6.2958611e-02
   5.2700000e+02   1.8950770e+01   4.0044060e+00  -9.9609931e-02  -1.5687022e-02  -6.2947163e-02
   5.2800000e+02   1.8920510e+01   4.0032230e+00  -9.9665022e-02  -1.5701709e-02  -6.2935745e-02
   5.2900000e+02   1.8890350e+01   4.0020410e+00  -9.9719722e-02  -1.5716218e-02  -6.2924366e-02
   5.3000000e+02   1.8860300e+01   4.0008600e+00  -9.9774098e-02  -1.5730593e-02  -6.2913030e-02
   5.3100000e+02   1.8830370e+01   3.9996810e+00  -9.9828115e-02  -1.5744828e-02  -6.2901724e-02
   5.3200000e+02   1.8800540e+01   3.9985040e+00  -9.9881761e-02  -1.5758908e-02  -6.2890444e-02
   5.3300000e+02   1.8770820e+01   3.9973280e+00  -9.9935076e-02  -1.5772850e-02  -6.2879209e-02
   5.3400000e+02   1.8741210e+01   3.9961530e+00  -9.9988044e-02  -1.5786640e-02  -6.2868018e-02
   5.3500000e+02   1.8711710e+01   3.9949800e+00  -1.0004068e-01  -1.5800301e-02  -6.2856854e-02
   5.3600000e+02   1.8682310e+01   3.9938090e+00  -1.0009294e-01  -1.5813802e-02  -6.2845720e-02
   5.3700000e+02   1.8653010e+01   3.9926390e+00  -1.0014486e-01  -1.5827154e-02  -6.2834632e-02
   5.3800000e+02   1.8623820e+01   3.9914700e+00  -1.0019647e-01  -1.5840372e-02  -6.2823590e-02
   5.3900000e+02   1.8594740e+01   3.9903040e+00  -1.0024773e-01  -1.5853463e-02  -6.2812561e-02
   5.4000000e+02   1.8565760e+01   3.9891380e+00  -1.0029868e-01  -1.5866400e-02  -6.2801596e-02
   5.4100000e+02   1.8536880e+01   3.9879740e+00  -1.0034926e-01  -1.5879185e-02  -6.2790660e-02
   5.4200000e+02   1.8508100e+01   3.9868120e+00  -1.0039951e-01  -1.5891836e-02  -6.2779755e-02
   5.4300000e+02   1.8479430e+01   3.9856520e+00  -1.0044945e-01  -1.5904364e-02  -6.2768884e-02
   5.4400000e+02   1.8450860e+01   3.9844930e+00  -1.0049907e-01  -1.5916749e-02  -6.2758059e-02
   5.4500000e+02   1.8422390e+01   3.9833350e+00  -1.0054835e-01  -1.5928986e-02  -6.2747282e-02
   5.4600000e+02   1.8394010e+01   3.9821790e+00  -1.0059730e-01  -1.5941076e-02  -6.2736536e-02
   5.4700000e+02   1.8365740e+01   3.9810250e+00  -1.0064594e-01  -1.5953046e-02  -6.2725822e-02
   5.4800000e+02   1.8337570e+01   3.9798720e+00  -1.0069427e-01  -1.5964873e-02  -6.2715156e-02
   5.4900000e+02   1.8309490e+01   3.9787210e+00  -1.0074227e-01  -1.5976559e-02  -6.2704523e-02
   5.5000000e+02   1.8281520e+01   3.9775710e+00  -1.0078997e-01  -1.5988121e-02  -6.2693939e-02
   5.5100000e+02   1.8253640e+01   3.9764230e+00  -1.0083735e-01  -1.5999541e-02  -6.2683385e-02
   5.5200000e+02   1.8225850e+01   3.9752760e+00  -1.0088441e-01  -1.6010820e-02  -6.2672886e-02
   5.5300000e+02   1.8198170e+01   3.9741320e+00  -1.0093118e-01  -1.6021987e-02  -6.2662400e-02
   5.5400000e+02   1.8170570e+01   3.9729880e+00  -1.0097762e-01  -1.6032988e-02  -6.2651981e-02
   5.5500000e+02   1.8143080e+01   3.9718470e+00  -1.0102377e-01  -1.6043890e-02  -6.2641578e-02
   5.5600000e+02   1.8115670e+01   3.9707070e+00  -1.0106959e-01  -1.6054630e-02  -6.2631225e-02
   5.5700000e+02   1.8088370e+01   3.9695680e+00  -1.0111516e-01  -1.6065264e-02  -6.2620923e-02
   5.5800000e+02   1.8061150e+01   3.9684310e+00  -1.0116037e-01  -1.6075740e-02  -6.2610652e-02
   5.5900000e+02   1.8034030e+01   3.9672960e+00  -1.0120531e-01  -1.6086106e-02  -6.2600418e-02
   5.6000000e+02   1.8007000e+01   3.9661630e+00  -1.0124994e-01  -1.6096338e-02  -6.2590216e-02
   5.6100000e+02   1.7980060e+01   3.9650310e+00  -1.0129429e-01  -1.6106437e-02  -6.2580067e-02
   5.6200000e+02   1.7953210e+01   3.9639000e+00  -1.0133834e-01  -1.6116400e-02  -6.2569966e-02
   5.6300000e+02   1.7926460e+01   3.9627720e+00  -1.0138210e-01  -1.6126254e-02  -6.2559883e-02
   5.6400000e+02   1.7899790e+01   3.9616450e+00  -1.0142555e-01  -1.6135962e-02  -6.2549851e-02
   5.6500000e+02   1.7873220e+01   3.9605190e+00  -1.0146875e-01  -1.6145562e-02  -6.2539873e-02
   5.6600000e+02   1.7846730e+01   3.9593960e+00  -1.0151162e-01  -1.6155016e-02  -6.2529909e-02
   5.6700000e+02   1.7820330e+01   3.9582730e+00  -1.0155423e-01  -1.6164343e-02  -6.2520011e-02
   5.6800000e+02   1.7794020e+01   3.9571530e+00  -1.0159654e-01  -1.6173555e-02  -6.2510133e-02
   5.6900000e+02   1.7767800e+01   3.9560340e+00  -1.0163860e-01  -1.6182647e-02  -6.2500307e-02
   5.7000000e+02   1.7741670e+01   3.9549170e+00  -1.0168035e-01  -1.6191610e-02  -6.2490516e-02
   5.7100000e+02   1.7715620e+01   3.9538020e+00  -1.0172182e-01  -1.6200447e-02  -6.2480758e-02
   5.7200000e+02   1.7689660e+01   3.9526880e+00  -1.0176302e-01  -1.6209158e-02  -6.2471052e-02
   5.7300000e+02   1.7663780e+01   3.9515760e+00  -1.0180393e-01  -1.6217742e-02  -6.2461378e-02
   5.7400000e+02   1.7638000e+01   3.9504650e+00  -1.0184461e-01  -1.6226228e-02  -6.2451760e-02
   5.7500000e+02   1.7612290e+01   3.9493560e+00  -1.0188498e-01  -1.6234565e-02  -6.2442173e-02
   5.7600000e+02   1.7586670e+01   3.9482490e+00  -1.0192506e-01  -1.6242784e-02  -6.2432620e-02
   5.7700000e+02   1.7561130e+01   3.9471440e+00  -1.0196489e-01  -1.6250887e-02  -6.2423105e-02
   5.7800000e+02   1.7535680e+01   3.9460400e+00  -1.0200446e-01  -1.6258877e-02  -6.2413640e-02
   5.7900000e+02   1.7510310e+01   3.9449380e+00  -1.0204375e-01  -1.6266741e-02  -6.2404207e-02
   5.8000000e+02   1.7485030e+01   3.9438370e+00  -1.0208280e-01  -1.6274494e-02  -6.2394827e-02
   5.8100000e+02   1.7459820e+01   3.9427380e+00  -1.0212155e-01  -1.6282108e-02  -6.2385480e-02
   5.8200000e+02   1.7434700e+01   3.9416410e+00  -1.0216006e-01  -1.6289624e-02  -6.2376171e-02
   5.8300000e+02   1.7409660e+01   3.9405460e+00  -1.0219829e-01  -1.6297019e-02  -6.2366896e-02
   5.8400000e+02   1.7384700e+01   3.9394520e+00  -1.0223628e-01  -1.6304296e-02  -6.2357668e-02
   5.8500000e+02   1.7359820e+01   3.9383600e+00  -1.0227399e-01  -1.6311450e-02  -6.2348478e-02
   5.8600000e+02   1.7335020e+01   3.9372700e+00  -1.0231145e-01  -1.6318494e-02  -6.2339322e-02
   5.8700000e+02   1.7310300e+01   3.9361810e+00  -1.0234866e-01  -1.6325422e-02  -6.2330214e-02
   5.8800000e+02   1.7285660e+01   3.9350940e+00  -1.0238562e-01  -1.6332238e-02  -6.2321144e-02
   5.8900000e+02   1.7261090e+01   3.9340090e+00  -1.0242229e-01  -1.6338920e-02  -6.2312106e-02
   5.9000000e+02   1.7236610e+01   3.9329250e+00  -1.0245875e-01  -1.6345509e-02  -6.2303118e-02
   5.9100000e+02   1.7212200e+01   3.9318430e+00  -1.0249494e-01  -1.6351973e-02  -6.2294166e-02
   5.9200000e+02   1.7187880e+01   3.9307630e+00  -1.0253090e-01  -1.6358344e-02  -6.2285247e-02
   5.9300000e+02   1.7163630e+01   3.9296850e+00  -1.0256660e-01  -1.6364600e-02  -6.2276365e-02
   5.9400000e+02   1.7139450e+01   3.9286080e+00  -1.0260203e-01  -1.6370721e-02  -6.2267532e-02
   5.9500000e+02   1.7115350e+01   3.9275330e+00  -1.0263723e-01  -1.6376739e-02  -6.2258729e-02
   5.9600000e+02   1.7091330e+01   3.9264600e+00  -1.0267219e-01  -1.6382660e-02  -6.2249962e-02
   5.9700000e+02   1.7067380e+01   3.9253880e+00  -1.0270690e-01  -1.6388449e-02  -6.2241245e-02
   5.9800000e+02   1.7043510e+01   3.9243180e+00  -1.0274138e-01  -1.6394145e-02  -6.2232564e-02
   5.9900000e+02   1.7019720e+01   3.9232500e+00  -1.0277562e-01  -1.6399743e-02  -6.2223912e-02
   6.0000000e+02   1.6995990e+01   3.9221830e+00  -1.0280960e-01  -1.6405200e-02  -6.2215312e-02
   6.0100000e+02   1.6972350e+01   3.9211190e+00  -1.0284338e-01  -1.6410590e-02  -6.2206730e-02
   6.0200000e+02   1.6948770e+01   3.9200550e+00  -1.0287690e-01  -1.6415837e-02  -6.2198214e-02
   6.0300000e+02   1.6925270e+01   3.9189940e+00  -1.0291018e-01  -1.6420991e-02  -6.2189710e-02
   6.0400000e+02   1.6901840e+01   3.9179340e+00  -1.0294323e-01  -1.6426032e-02  -6.2181262e-02
   6.0500000e+02   1.6878480e+01   3.9168770e+00  -1.0297602e-01  -1.6430970e-02  -6.2172827e-02
   6.0600000e+02   1.6855200e+01   3.9158200e+00  -1.0300863e-01  -1.6435810e-02  -6.2164459e-02
   6.0700000e+02   1.6831990e+01   3.9147660e+00  -1.0304098e-01  -1.6440548e-02  -6.2156107e-02
   6.0800000e+02   1.6808850e+01   3.9137130e+00  -1.0307311e-01  -1.6445174e-02  -6.2147804e-02
   6.0900000e+02   1.6785780e+01   3.9126620e+00  -1.0310502e-01  -1.6449697e-02  -6.2139533e-02
   6.1000000e+02   1.6762780e+01   3.9116130e+00  -1.0313667e-01  -1.6454112e-02  -6.2131293e-02
   6.1100000e+02   1.6739850e+01   3.9105650e+00  -1.0316811e-01  -1.6458419e-02  -6.2123104e-02
   6.1200000e+02   1.6716990e+01   3.9095190e+00  -1.0319934e-01  -1.6462635e-02  -6.2114948e-02
   6.1300000e+02   1.6694200e+01   3.9084750e+00  -1.0323032e-01  -1.6466738e-02  -6.2106821e-02
   6.1400000e+02   1.6671480e+01   3.9074320e+00  -1.0326110e-01  -1.6470748e-02  -6.2098743e-02
   6.1500000e+02   1.6648830e+01   3.9063920e+00  -1.0329164e-01  -1.6474658e-02  -6.2090679e-02
   6.1600000e+02   1.6626240e+01   3.9053530e+00  -1.0332195e-01  -1.6478449e-02  -6.2082664e-02
   6.1700000e+02   1.6603730e+01   3.9043150e+00  -1.0335209e-01  -1.6482164e-02  -6.2074700e-02
   6.1800000e+02   1.6581280e+01   3.9032800e+00  -1.0338197e-01  -1.6485768e-02  -6.2066746e-02
   6.1900000e+02   1.6558900e+01   3.9022460e+00  -1.0341164e-01  -1.6489275e-02  -6.2058842e-02
   6.2000000e+02   1.6536590e+01   3.9012140e+00  -1.0344110e-01  -1.6492686e-02  -6.2050970e-02
   6.2100000e+02   1.6514340e+01   3.9001830e+00  -1.0347035e-01  -1.6495987e-02  -6.2043142e-02
   6.2200000e+02   1.6492160e+01   3.8991550e+00  -1.0349937e-01  -1.6499203e-02  -6.2035333e-02
   6.2300000e+02   1.6470050e+01   3.8981280e+00  -1.0352820e-01  -1.6502327e-02  -6.2027571e-02
   6.2400000e+02   1.6448000e+01   3.8971020e+00  -1.0355681e-01  -1.6505337e-02  -6.2019850e-02
   6.2500000e+02   1.6426020e+01   3.8960790e+00  -1.0358520e-01  -1.6508262e-02  -6.2012148e-02
   6.2600000e+02   1.6404110e+01   3.8950570e+00  -1.0361341e-01  -1.6511104e-02  -6.2004490e-02
   6.2700000e+02   1.6382250e+01   3.8940370e+00  -1.0364137e-01  -1.6513821e-02  -6.1996864e-02
   6.2800000e+02   1.6360470e+01   3.8930190e+00  -1.0366915e-01  -1.6516473e-02  -6.1989268e-02
   6.2900000e+02   1.6338740e+01   3.8920020e+00  -1.0369670e-01  -1.6518992e-02  -6.1981714e-02
   6.3000000e+02   1.6317090e+01   3.8909870e+00  -1.0372409e-01  -1.6521462e-02  -6.1974195e-02
   6.3100000e+02   1.6295490e+01   3.8899740e+00  -1.0375123e-01  -1.6523810e-02  -6.1966701e-02
   6.3200000e+02   1.6273960e+01   3.8889630e+00  -1.0377818e-01  -1.6526075e-02  -6.1959240e-02
   6.3300000e+02   1.6252490e+01   3.8879530e+00  -1.0380493e-01  -1.6528244e-02  -6.1951822e-02
   6.3400000e+02   1.6231080e+01   3.8869450e+00  -1.0383147e-01  -1.6530315e-02  -6.1944436e-02
   6.3500000e+02   1.6209740e+01   3.8859390e+00  -1.0385783e-01  -1.6532312e-02  -6.1937077e-02
   6.3600000e+02   1.6188460e+01   3.8849340e+00  -1.0388400e-01  -1.6534210e-02  -6.1929764e-02
   6.3700000e+02   1.6167240e+01   3.8839310e+00  -1.0390995e-01  -1.6536012e-02  -6.1922479e-02
   6.3800000e+02   1.6146080e+01   3.8829300e+00  -1.0393570e-01  -1.6537727e-02  -6.1915221e-02
   6.3900000e+02   1.6124980e+01   3.8819310e+00  -1.0396124e-01  -1.6539345e-02  -6.1907993e-02
   6.4000000e+02   1.6103940e+01   3.8809330e+00  -1.0398661e-01  -1.6540875e-02  -6.1900808e-02
   6.4100000e+02   1.6082970e+01   3.8799370e+00  -1.0401179e-01  -1.6542332e-02  -6.1893651e-02
   6.4200000e+02   1.6062050e+01   3.8789430e+00  -1.0403676e-01  -1.6543685e-02  -6.1886523e-02
   6.4300000e+02   1.6041190e+01   3.8779500e+00  -1.0406154e-01  -1.6544947e-02  -6.1879439e-02
   6.4400000e+02   1.6020400e+01   3.8769600e+00  -1.0408614e-01  -1.6546147e-02  -6.1872365e-02
   6.4500000e+02   1.5999660e+01   3.8759700e+00  -1.0411055e-01  -1.6547228e-02  -6.1865352e-02
   6.4600000e+02   1.5978980e+01   3.8749830e+00  -1.0413474e-01  -1.6548230e-02  -6.1858349e-02
   6.4700000e+02   1.5958360e+01   3.8739970e+00  -1.0415877e-01  -1.6549150e-02  -6.1851390e-02
   6.4800000e+02   1.5937800e+01   3.8730140e+00  -1.0418261e-01  -1.6549999e-02  -6.1844442e-02
   6.4900000e+02   1.5917300e+01   3.8720310e+00  -1.0420627e-01  -1.6550747e-02  -6.1837552e-02
   6.5000000e+02   1.5896860e+01   3.8710510e+00  -1.0422974e-01  -1.6551428e-02  -6.1830675e-02
   6.5100000e+02   1.5876470e+01   3.8700720e+00  -1.0425302e-01  -1.6552003e-02  -6.1823836e-02
   6.5200000e+02   1.5856140e+01   3.8690950e+00  -1.0427610e-01  -1.6552495e-02  -6.1817027e-02
   6.5300000e+02   1.5835870e+01   3.8681200e+00  -1.0429902e-01  -1.6552917e-02  -6.1810241e-02
   6.5400000e+02   1.5815660e+01   3.8671460e+00  -1.0432177e-01  -1.6553257e-02  -6.1803498e-02
   6.5500000e+02   1.5795500e+01   3.8661740e+00  -1.0434431e-01  -1.6553501e-02  -6.1796785e-02
   6.5600000e+02   1.5775400e+01   3.8652040e+00  -1.0436668e-01  -1.6553672e-02  -6.1790092e-02
   6.5700000e+02   1.5755350e+01   3.8642350e+00  -1.0438887e-01  -1.6553750e-02  -6.1783442e-02
   6.5800000e+02   1.5735360e+01   3.8632680e+00  -1.0441089e-01  -1.6553754e-02  -6.1776818e-02
   6.5900000e+02   1.5715430e+01   3.8623030e+00  -1.0443273e-01  -1.6553683e-02  -6.1770220e-02
   6.6000000e+02   1.5695550e+01   3.8613400e+00  -1.0445437e-01  -1.6553519e-02  -6.1763642e-02
   6.6100000e+02   1.5675730e+01   3.8603780e+00  -1.0447587e-01  -1.6553291e-02  -6.1757111e-02
   6.6200000e+02   1.5655960e+01   3.8594180e+00  -1.0449718e-01  -1.6552974e-02  -6.1750603e-02
   6.6300000e+02   1.5636250e+01   3.8584600e+00  -1.0451832e-01  -1.6552588e-02  -6.1744119e-02
   6.6400000e+02   1.5616590e+01   3.8575030e+00  -1.0453930e-01  -1.6552113e-02  -6.1737676e-02
   6.6500000e+02   1.5596980e+01   3.8565480e+00  -1.0456006e-01  -1.6551543e-02  -6.1731254e-02
   6.6600000e+02   1.5577430e+01   3.8555950e+00  -1.0458068e-01  -1.6550916e-02  -6.1724860e-02
   6.6700000e+02   1.5557940e+01   3.8546430e+00  -1.0460117e-01  -1.6550231e-02  -6.1718503e-02
   6.6800000e+02   1.5538490e+01   3.8536940e+00  -1.0462142e-01  -1.6549437e-02  -6.1712156e-02
   6.6900000e+02   1.5519100e+01   3.8527460e+00  -1.0464153e-01  -1.6548577e-02  -6.1705847e-02
   6.7000000e+02   1.5499760e+01   3.8517990e+00  -1.0466147e-01  -1.6547629e-02  -6.1699577e-02
   6.7100000e+02   1.5480480e+01   3.8508540e+00  -1.0468127e-01  -1.6546627e-02  -6.1693329e-02
   6.7200000e+02   1.5461250e+01   3.8499110e+00  -1.0470089e-01  -1.6545548e-02  -6.1687106e-02
   6.7300000e+02   1.5442060e+01   3.8489700e+00  -1.0472029e-01  -1.6544361e-02  -6.1680906e-02
   6.7400000e+02   1.5422940e+01   3.8480300e+00  -1.0473961e-01  -1.6543141e-02  -6.1674741e-02
   6.7500000e+02   1.5403860e+01   3.8470920e+00  -1.0475872e-01  -1.6541827e-02  -6.1668604e-02
   6.7600000e+02   1.5384830e+01   3.8461560e+00  -1.0477766e-01  -1.6540432e-02  -6.1662484e-02
   6.7700000e+02   1.5365860e+01   3.8452210e+00  -1.0479647e-01  -1.6538981e-02  -6.1656407e-02
   6.7800000e+02   1.5346940e+01   3.8442880e+00  -1.0481511e-01  -1.6537458e-02  -6.1650351e-02
   6.7900000e+02   1.5328060e+01   3.8433570e+00  -1.0483355e-01  -1.6535836e-02  -6.1644314e-02
   6.8000000e+02   1.5309240e+01   3.8424270e+00  -1.0485187e-01  -1.6534157e-02  -6.1638315e-02
   6.8100000e+02   1.5290470e+01   3.8415000e+00  -1.0487001e-01  -1.6532420e-02  -6.1632327e-02
   6.8200000e+02   1.5271750e+01   3.8405730e+00  -1.0488803e-01  -1.6530600e-02  -6.1626385e-02
   6.8300000e+02   1.5253080e+01   3.8396490e+00  -1.0490585e-01  -1.6528712e-02  -6.1620450e-02
   6.8400000e+02   1.5234460e+01   3.8387260e+00  -1.0492354e-01  -1.6526755e-02  -6.1614557e-02
   6.8500000e+02   1.5215880e+01   3.8378050e+00  -1.0494104e-01  -1.6524708e-02  -6.1608678e-02
   6.8600000e+02   1.5197360e+01   3.8368850e+00  -1.0495843e-01  -1.6522612e-02  -6.1602840e-02
   6.8700000e+02   1.5178890e+01   3.8359670e+00  -1.0497565e-01  -1.6520447e-02  -6.1597020e-02
   6.8800000e+02   1.5160460e+01   3.8350510e+00  -1.0499269e-01  -1.6518196e-02  -6.1591226e-02
   6.8900000e+02   1.5142080e+01   3.8341360e+00  -1.0500960e-01  -1.6515882e-02  -6.1585462e-02
   6.9000000e+02   1.5123760e+01   3.8332230e+00  -1.0502637e-01  -1.6513515e-02  -6.1579719e-02
   6.9100000e+02   1.5105480e+01   3.8323120e+00  -1.0504298e-01  -1.6511075e-02  -6.1573997e-02
   6.9200000e+02   1.5087240e+01   3.8314030e+00  -1.0505940e-01  -1.6508544e-02  -6.1568293e-02
   6.9300000e+02   1.5069060e+01   3.8304950e+00  -1.0507572e-01  -1.6505976e-02  -6.1562628e-02
   6.9400000e+02   1.5050920e+01   3.8295880e+00  -1.0509189e-01  -1.6503323e-02  -6.1556996e-02
   6.9500000e+02   1.5032830e+01   3.8286840e+00  -1.0510788e-01  -1.6500609e-02  -6.1551366e-02
   6.9600000e+02   1.5014790e+01   3.8277810e+00  -1.0512374e-01  -1.6497835e-02  -6.1545773e-02
   6.9700000e+02   1.4996800e+01   3.8268790e+00  -1.0513948e-01  -1.6494998e-02  -6.1540216e-02
   6.9800000e+02   1.4978850e+01   3.8259800e+00  -1.0515504e-01  -1.6492089e-02  -6.1534660e-02
   6.9900000e+02   1.4960950e+01   3.8250820e+00  -1.0517046e-01  -1.6489117e-02  -6.1529139e-02
   7.0000000e+02   1.4943090e+01   3.8241850e+00  -1.0518574e-01  -1.6486068e-02  -6.1523652e-02
   7.0100000e+02   1.4925280e+01   3.8232910e+00  -1.0520087e-01  -1.6482972e-02  -6.1518168e-02
   7.0200000e+02   1.4907520e+01   3.8223980e+00  -1.0521587e-01  -1.6479808e-02  -6.1512715e-02
   7.0300000e+02   1.4889800e+01   3.8215060e+00  -1.0523072e-01  -1.6476573e-02  -6.1507300e-02
   7.0400000e+02   1.4872130e+01   3.8206160e+00  -1.0524544e-01  -1.6473288e-02  -6.1501904e-02
   7.0500000e+02   1.4854500e+01   3.8197280e+00  -1.0525999e-01  -1.6469920e-02  -6.1496520e-02
   7.0600000e+02   1.4836920e+01   3.8188420e+00  -1.0527441e-01  -1.6466509e-02  -6.1491159e-02
   7.0700000e+02   1.4819380e+01   3.8179570e+00  -1.0528869e-01  -1.6463019e-02  -6.1485827e-02
   7.0800000e+02   1.4801890e+01   3.8170730e+00  -1.0530286e-01  -1.6459483e-02  -6.1480531e-02
   7.0900000e+02   1.4784440e+01   3.8161920e+00  -1.0531687e-01  -1.6455886e-02  -6.1475237e-02
   7.1000000e+02   1.4767040e+01   3.8153120e+00  -1.0533074e-01  -1.6452223e-02  -6.1469973e-02
   7.1100000e+02   1.4749680e+01   3.8144330e+00  -1.0534448e-01  -1.6448490e-02  -6.1464740e-02
   7.1200000e+02   1.4732360e+01   3.8135560e+00  -1.0535808e-01  -1.6444701e-02  -6.1459526e-02
   7.1300000e+02   1.4715090e+01   3.8126810e+00  -1.0537154e-01  -1.6440859e-02  -6.1454330e-02
   7.1400000e+02   1.4697870e+01   3.8118080e+00  -1.0538489e-01  -1.6436976e-02  -6.1449148e-02
   7.1500000e+02   1.4680680e+01   3.8109360e+00  -1.0539806e-01  -1.6432995e-02  -6.1444001e-02
   7.1600000e+02   1.4663540e+01   3.8100650e+00  -1.0541115e-01  -1.6428976e-02  -6.1438882e-02
   7.1700000e+02   1.4646440e+01   3.8091960e+00  -1.0542408e-01  -1.6424892e-02  -6.1433781e-02
   7.1800000e+02   1.4629390e+01   3.8083290e+00  -1.0543689e-01  -1.6420764e-02  -6.1428696e-02
   7.1900000e+02   1.4612380e+01   3.8074640e+00  -1.0544955e-01  -1.6416574e-02  -6.1423626e-02
   7.2000000e+02   1.4595410e+01   3.8066000e+00  -1.0546209e-01  -1.6412321e-02  -6.1418588e-02
   7.2100000e+02   1.4578480e+01   3.8057380e+00  -1.0547449e-01  -1.6408006e-02  -6.1413564e-02
   7.2200000e+02   1.4561600e+01   3.8048770e+00  -1.0548678e-01  -1.6403645e-02  -6.1408570e-02
   7.2300000e+02   1.4544760e+01   3.8040180e+00  -1.0549894e-01  -1.6399231e-02  -6.1403592e-02
   7.2400000e+02   1.4527950e+01   3.8031600e+00  -1.0551095e-01  -1.6394731e-02  -6.1398645e-02
   7.2500000e+02   1.4511200e+01   3.8023040e+00  -1.0552287e-01  -1.6390217e-02  -6.1393715e-02
   7.2600000e+02   1.4494480e+01   3.8014500e+00  -1.0553464e-01  -1.6385626e-02  -6.1388798e-02
   7.2700000e+02   1.4477800e+01   3.8005970e+00  -1.0554627e-01  -1.6380969e-02  -6.1383908e-02
   7.2800000e+02   1.4461170e+01   3.7997460e+00  -1.0555779e-01  -1.6376279e-02  -6.1379033e-02
   7.2900000e+02   1.4444570e+01   3.7988960e+00  -1.0556919e-01  -1.6371520e-02  -6.1374193e-02
   7.3000000e+02   1.4428020e+01   3.7980480e+00  -1.0558046e-01  -1.6366713e-02  -6.1369361e-02
   7.3100000e+02   1.4411510e+01   3.7972020e+00  -1.0559161e-01  -1.6361858e-02  -6.1364544e-02
   7.3200000e+02   1.4395040e+01   3.7963570e+00  -1.0560264e-01  -1.6356951e-02  -6.1359759e-02
   7.3300000e+02   1.4378610e+01   3.7955140e+00  -1.0561355e-01  -1.6351990e-02  -6.1354985e-02
   7.3400000e+02   1.4362220e+01   3.7946720e+00  -1.0562433e-01  -1.6346970e-02  -6.1350243e-02
   7.3500000e+02   1.4345860e+01   3.7938320e+00  -1.0563496e-01  -1.6341873e-02  -6.1345511e-02
   7.3600000e+02   1.4329550e+01   3.7929930e+00  -1.0564552e-01  -1.6336756e-02  -6.1340809e-02
   7.3700000e+02   1.4313280e+01   3.7921560e+00  -1.0565594e-01  -1.6331581e-02  -6.1336118e-02
   7.3800000e+02   1.4297050e+01   3.7913210e+00  -1.0566624e-01  -1.6326360e-02  -6.1331445e-02
   7.3900000e+02   1.4280860e+01   3.7904870e+00  -1.0567642e-01  -1.6321084e-02  -6.1326797e-02
   7.4000000e+02   1.4264700e+01   3.7896550e+00  -1.0568648e-01  -1.6315748e-02  -6.1322163e-02
   7.4100000e+02   1.4248590e+01   3.7888240e+00  -1.0569644e-01  -1.6310375e-02  -6.1317556e-02
   7.4200000e+02   1.4232520e+01   3.7879950e+00  -1.0570628e-01  -1.6304955e-02  -6.1312959e-02
   7.4300000e+02   1.4216480e+01   3.7871670e+00  -1.0571599e-01  -1.6299472e-02  -6.1308395e-02
   7.4400000e+02   1.4200480e+01   3.7863410e+00  -1.0572559e-01  -1.6293943e-02  -6.1303840e-02
   7.4500000e+02   1.4184520e+01   3.7855160e+00  -1.0573508e-01  -1.6288358e-02  -6.1299313e-02
   7.4600000e+02   1.4168600e+01   3.7846930e+00  -1.0574444e-01  -1.6282730e-02  -6.1294797e-02
   7.4700000e+02   1.4152720e+01   3.7838720e+00  -1.0575370e-01  -1.6277064e-02  -6.1290294e-02
   7.4800000e+02   1.4136870e+01   3.7830520e+00  -1.0576283e-01  -1.6271331e-02  -6.1285817e-02
   7.4900000e+02   1.4121070e+01   3.7822330e+00  -1.0577191e-01  -1.6265575e-02  -6.1281367e-02
   7.5000000e+02   1.4105300e+01   3.7814170e+00  -1.0578081e-01  -1.6259758e-02  -6.1276912e-02
   7.5100000e+02   1.4089570e+01   3.7806010e+00  -1.0578963e-01  -1.6253892e-02  -6.1272504e-02
   7.5200000e+02   1.4073870e+01   3.7797870e+00  -1.0579832e-01  -1.6247965e-02  -6.1268099e-02
   7.5300000e+02   1.4058210e+01   3.7789750e+00  -1.0580689e-01  -1.6242000e-02  -6.1263712e-02
   7.5400000e+02   1.4042600e+01   3.7781640e+00  -1.0581541e-01  -1.6236016e-02  -6.1259347e-02
   7.5500000e+02   1.4027010e+01   3.7773550e+00  -1.0582376e-01  -1.6229951e-02  -6.1254995e-02
   7.5600000e+02   1.4011470e+01   3.7765470e+00  -1.0583204e-01  -1.6223862e-02  -6.1250668e-02
   7.5700000e+02   1.3995960e+01   3.7757410e+00  -1.0584019e-01  -1.6217720e-02  -6.1246349e-02
   7.5800000e+02   1.3980480e+01   3.7749370e+00  -1.0584820e-01  -1.6211515e-02  -6.1242044e-02
   7.5900000e+02   1.3965050e+01   3.7741330e+00  -1.0585617e-01  -1.6205293e-02  -6.1237779e-02
   7.6000000e+02   1.3949650e+01   3.7733320e+00  -1.0586401e-01  -1.6199023e-02  -6.1233505e-02
   7.6100000e+02   1.3934280e+01   3.7725320e+00  -1.0587171e-01  -1.6192682e-02  -6.1229261e-02
   7.6200000e+02   1.3918960e+01   3.7717330e+00  -1.0587938e-01  -1.6186340e-02  -6.1225044e-02
   7.6300000e+02   1.3903660e+01   3.7709360e+00  -1.0588686e-01  -1.6179906e-02  -6.1220832e-02
   7.6400000e+02   1.3888410e+01   3.7701400e+00  -1.0589431e-01  -1.6173473e-02  -6.1216645e-02
   7.6500000e+02   1.3873190e+01   3.7693460e+00  -1.0590161e-01  -1.6166971e-02  -6.1212468e-02
   7.6600000e+02   1.3858000e+01   3.7685530e+00  -1.0590883e-01  -1.6160425e-02  -6.1208315e-02
   7.6700000e+02   1.3842850e+01   3.7677620e+00  -1.0591592e-01  -1.6153837e-02  -6.1204175e-02
   7.6800000e+02   1.3827740e+01   3.7669730e+00  -1.0592294e-01  -1.6147232e-02  -6.1200039e-02
   7.6900000e+02   1.3812660e+01   3.7661840e+00  -1.0592986e-01  -1.6140564e-02  -6.1195947e-02
   7.7000000e+02   1.3797610e+01   3.7653980e+00  -1.0593664e-01  -1.6133844e-02  -6.1191844e-02
   7.7100000e+02   1.3782600e+01   3.7646130e+00  -1.0594333e-01  -1.6127094e-02  -6.1187768e-02
   7.7200000e+02   1.3767630e+01   3.7638290e+00  -1.0594997e-01  -1.6120320e-02  -6.1183714e-02
   7.7300000e+02   1.3752690e+01   3.7630470e+00  -1.0595647e-01  -1.6113491e-02  -6.1179669e-02
   7.7400000e+02   1.3737780e+01   3.7622660e+00  -1.0596286e-01  -1.6106604e-02  -6.1175649e-02
   7.7500000e+02   1.3722910e+01   3.7614860e+00  -1.0596920e-01  -1.6099699e-02  -6.1171653e-02
   7.7600000e+02   1.3708070e+01   3.7607090e+00  -1.0597540e-01  -1.6092747e-02  -6.1167648e-02
   7.7700000e+02   1.3693270e+01   3.7599320e+00  -1.0598153e-01  -1.6085758e-02  -6.1163682e-02
   7.7800000e+02   1.3678500e+01   3.7591570e+00  -1.0598756e-01  -1.6078729e-02  -6.1159723e-02
   7.7900000e+02   1.3663760e+01   3.7583840e+00  -1.0599345e-01  -1.6071646e-02  -6.1155772e-02
   7.8000000e+02   1.3649060e+01   3.7576120e+00  -1.0599930e-01  -1.6064548e-02  -6.1151846e-02
   7.8100000e+02   1.3634390e+01   3.7568410e+00  -1.0600504e-01  -1.6057396e-02  -6.1147942e-02
   7.8200000e+02   1.3619750e+01   3.7560720e+00  -1.0601066e-01  -1.6050196e-02  -6.1144044e-02
   7.8300000e+02   1.3605150e+01   3.7553050e+00  -1.0601620e-01  -1.6042981e-02  -6.1140151e-02
   7.8400000e+02   1.3590580e+01   3.7545390e+00  -1.0602165e-01  -1.6035718e-02  -6.1136284e-02
   7.8500000e+02   1.3576040e+01   3.7537740e+00  -1.0602700e-01  -1.6028406e-02  -6.1132437e-02
   7.8600000e+02   1.3561540e+01   3.7530110e+00  -1.0603227e-01  -1.6021076e-02  -6.1128601e-02
   7.8700000e+02   1.3547070e+01   3.7522490e+00  -1.0603747e-01  -1.6013709e-02  -6.1124782e-02
   7.8800000e+02   1.3532630e+01   3.7514880e+00  -1.0604255e-01  -1.6006286e-02  -6.1120988e-02
   7.8900000e+02   1.3518220e+01   3.7507300e+00  -1.0604752e-01  -1.5998833e-02  -6.1117183e-02
   7.9000000e+02   1.3503850e+01   3.7499720e+00  -1.0605243e-01  -1.5991349e-02  -6.1113418e-02
   7.9100000e+02   1.3489510e+01   3.7492160e+00  -1.0605726e-01  -1.5983838e-02  -6.1109657e-02
   7.9200000e+02   1.3475200e+01   3.7484610e+00  -1.0606198e-01  -1.5976277e-02  -6.1105920e-02
   7.9300000e+02   1.3460920e+01   3.7477080e+00  -1.0606659e-01  -1.5968673e-02  -6.1102186e-02
   7.9400000e+02   1.3446680e+01   3.7469560e+00  -1.0607116e-01  -1.5961055e-02  -6.1098474e-02
   7.9500000e+02   1.3432460e+01   3.7462060e+00  -1.0607559e-01  -1.5953378e-02  -6.1094769e-02
   7.9600000e+02   1.3418280e+01   3.7454570e+00  -1.0607997e-01  -1.5945686e-02  -6.1091085e-02
   7.9700000e+02   1.3404130e+01   3.7447090e+00  -1.0608426e-01  -1.5937949e-02  -6.1087420e-02
   7.9800000e+02   1.3390010e+01   3.7439630e+00  -1.0608844e-01  -1.5930181e-02  -6.1083764e-02
   7.9900000e+02   1.3375920e+01   3.7432190e+00  -1.0609254e-01  -1.5922378e-02  -6.1080109e-02
   8.0000000e+02   1.3361870e+01   3.7424750e+00  -1.0609659e-01  -1.5914551e-02  -6.1076494e-02
   8.0100000e+02   1.3347840e+01   3.7417330e+00  -1.0610052e-01  -1.5906672e-02  -6.1072881e-02
   8.0200000e+02   1.3333850e+01   3.7409930e+00  -1.0610438e-01  -1.5898782e-02  -6.1069275e-02
   8.0300000e+02   1.3319890e+01   3.7402540e+00  -1.0610815e-01  -1.5890851e-02  -6.1065688e-02
   8.0400000e+02   1.3305950e+01   3.7395160e+00  -1.0611182e-01  -1.5882862e-02  -6.1062121e-02
   8.0500000e+02   1.3292050e+01   3.7387800e+00  -1.0611542e-01  -1.5874869e-02  -6.1058561e-02
   8.0600000e+02   1.3278180e+01   3.7380450e+00  -1.0611896e-01  -1.5866842e-02  -6.1055019e-02
   8.0700000e+02   1.3264340e+01   3.7373110e+00  -1.0612240e-01  -1.5858772e-02  -6.1051499e-02
   8.0800000e+02   1.3250530e+01   3.7365790e+00  -1.0612575e-01  -1.5850677e-02  -6.1047980e-02
   8.0900000e+02   1.3236750e+01   3.7358480e+00  -1.0612903e-01  -1.5842549e-02  -6.1044485e-02
   8.1000000e+02   1.3223000e+01   3.7351190e+00  -1.0613222e-01  -1.5834387e-02  -6.1040990e-02
   8.1100000e+02   1.3209280e+01   3.7343910e+00  -1.0613533e-01  -1.5826195e-02  -6.1037515e-02
   8.1200000e+02   1.3195590e+01   3.7336640e+00  -1.0613837e-01  -1.5817972e-02  -6.1034060e-02
   8.1300000e+02   1.3181930e+01   3.7329390e+00  -1.0614132e-01  -1.5809721e-02  -6.1030610e-02
   8.1400000e+02   1.3168300e+01   3.7322150e+00  -1.0614420e-01  -1.5801437e-02  -6.1027179e-02
   8.1500000e+02   1.3154700e+01   3.7314930e+00  -1.0614699e-01  -1.5793128e-02  -6.1023749e-02
   8.1600000e+02   1.3141130e+01   3.7307720e+00  -1.0614971e-01  -1.5784787e-02  -6.1020342e-02
   8.1700000e+02   1.3127580e+01   3.7300520e+00  -1.0615234e-01  -1.5776398e-02  -6.1016952e-02
   8.1800000e+02   1.3114070e+01   3.7293340e+00  -1.0615489e-01  -1.5767999e-02  -6.1013565e-02
   8.1900000e+02   1.3100590e+01   3.7286170e+00  -1.0615739e-01  -1.5759577e-02  -6.1010196e-02
   8.2000000e+02   1.3087130e+01   3.7279010e+00  -1.0615979e-01  -1.5751104e-02  -6.1006846e-02
   8.2100000e+02   1.3073710e+01   3.7271870e+00  -1.0616213e-01  -1.5742622e-02  -6.1003499e-02
   8.2200000e+02   1.3060310e+01   3.7264740e+00  -1.0616437e-01  -1.5734095e-02  -6.1000170e-02
   8.2300000e+02   1.3046940e+01   3.7257620e+00  -1.0616655e-01  -1.5725541e-02  -6.0996859e-02
   8.2400000e+02   1.3033600e+01   3.7250520e+00  -1.0616866e-01  -1.5716967e-02  -6.0993552e-02
   8.2500000e+02   1.3020290e+01   3.7243430e+00  -1.0617068e-01  -1.5708360e-02  -6.0990262e-02
   8.2600000e+02   1.3007010e+01   3.7236350e+00  -1.0617266e-01  -1.5699736e-02  -6.0986993e-02
   8.2700000e+02   1.2993760e+01   3.7229290e+00  -1.0617454e-01  -1.5691082e-02  -6.0983723e-02
   8.2800000e+02   1.2980530e+01   3.7222240e+00  -1.0617635e-01  -1.5682386e-02  -6.0980471e-02
   8.2900000e+02   1.2967330e+01   3.7215200e+00  -1.0617807e-01  -1.5673660e-02  -6.0977239e-02
   8.3000000e+02   1.2954160e+01   3.7208180e+00  -1.0617974e-01  -1.5664924e-02  -6.0974006e-02
   8.3100000e+02   1.2941020e+01   3.7201170e+00  -1.0618134e-01  -1.5656161e-02  -6.0970794e-02
   8.3200000e+02   1.2927910e+01   3.7194180e+00  -1.0618286e-01  -1.5647372e-02  -6.0967579e-02
   8.3300000e+02   1.2914820e+01   3.7187190e+00  -1.0618431e-01  -1.5638542e-02  -6.0964402e-02
   8.3400000e+02   1.2901770e+01   3.7180220e+00  -1.0618571e-01  -1.5629713e-02  -6.0961222e-02
   8.3500000e+02   1.2888730e+01   3.7173270e+00  -1.0618698e-01  -1.5620821e-02  -6.0958046e-02
   8.3600000e+02   1.2875730e+01   3.7166320e+00  -1.0618823e-01  -1.5611920e-02  -6.0954904e-02
   8.3700000e+02   1.2862760e+01   3.7159390e+00  -1.0618943e-01  -1.5603015e-02  -6.0951760e-02
   8.3800000e+02   1.2849810e+01   3.7152480e+00  -1.0619050e-01  -1.5594063e-02  -6.0948618e-02
   8.3900000e+02   1.2836890e+01   3.7145570e+00  -1.0619155e-01  -1.5585091e-02  -6.0945509e-02
   8.4000000e+02   1.2823990e+01   3.7138680e+00  -1.0619248e-01  -1.5576070e-02  -6.0942402e-02
   8.4100000e+02   1.2811130e+01   3.7131800e+00  -1.0619341e-01  -1.5567067e-02  -6.0939311e-02
   8.4200000e+02   1.2798290e+01   3.7124940e+00  -1.0619423e-01  -1.5558021e-02  -6.0936219e-02
   8.4300000e+02   1.2785470e+01   3.7118090e+00  -1.0619496e-01  -1.5548934e-02  -6.0933145e-02
   8.4400000e+02   1.2772690e+01   3.7111250e+00  -1.0619567e-01  -1.5539848e-02  -6.0930088e-02
   8.4500000e+02   1.2759930e+01   3.7104420e+00  -1.0619630e-01  -1.5530727e-02  -6.0927047e-02
   8.4600000e+02   1.2747190e+01   3.7097610e+00  -1.0619684e-01  -1.5521569e-02  -6.0924005e-02
   8.4700000e+02   1.2734490e+01   3.7090810e+00  -1.0619735e-01  -1.5512418e-02  -6.0920979e-02
   8.4800000e+02   1.2721810e+01   3.7084020e+00  -1.0619777e-01  -1.5503223e-02  -6.0917971e-02
   8.4900000e+02   1.2709150e+01   3.7077250e+00  -1.0619812e-01  -1.5494000e-02  -6.0914961e-02
   8.5000000e+02   1.2696530e+01   3.7070480e+00  -1.0619846e-01  -1.5484779e-02  -6.0911984e-02
   8.5100000e+02   1.2683920e+01   3.7063740e+00  -1.0619865e-01  -1.5475502e-02  -6.0908990e-02
   8.5200000e+02   1.2671350e+01   3.7057000e+00  -1.0619883e-01  -1.5466227e-02  -6.0906028e-02
   8.5300000e+02   1.2658800e+01   3.7050280e+00  -1.0619892e-01  -1.5456921e-02  -6.0903067e-02
   8.5400000e+02   1.2646280e+01   3.7043560e+00  -1.0619900e-01  -1.5447602e-02  -6.0900136e-02
   8.5500000e+02   1.2633780e+01   3.7036870e+00  -1.0619896e-01  -1.5438253e-02  -6.0897186e-02
   8.5600000e+02   1.2621310e+01   3.7030180e+00  -1.0619890e-01  -1.5428890e-02  -6.0894271e-02
   8.5700000e+02   1.2608860e+01   3.7023510e+00  -1.0619873e-01  -1.5419489e-02  -6.0891355e-02
   8.5800000e+02   1.2596440e+01   3.7016850e+00  -1.0619853e-01  -1.5410080e-02  -6.0888451e-02
   8.5900000e+02   1.2584040e+01   3.7010200e+00  -1.0619824e-01  -1.5400629e-02  -6.0885565e-02
   8.6000000e+02   1.2571670e+01   3.7003560e+00  -1.0619793e-01  -1.5391177e-02  -6.0882694e-02
   8.6100000e+02   1.2559330e+01   3.6996940e+00  -1.0619755e-01  -1.5381714e-02  -6.0879819e-02
   8.6200000e+02   1.2547010e+01   3.6990330e+00  -1.0619710e-01  -1.5372217e-02  -6.0876961e-02
   8.6300000e+02   1.2534710e+01   3.6983730e+00  -1.0619658e-01  -1.5362691e-02  -6.0874117e-02
   8.6400000e+02   1.2522440e+01   3.6977150e+00  -1.0619600e-01  -1.5353152e-02  -6.0871272e-02
   8.6500000e+02   1.2510200e+01   3.6970570e+00  -1.0619539e-01  -1.5343602e-02  -6.0868458e-02
   8.6600000e+02   1.2497980e+01   3.6964010e+00  -1.0619471e-01  -1.5334028e-02  -6.0865640e-02
   8.6700000e+02   1.2485780e+01   3.6957460e+00  -1.0619395e-01  -1.5324417e-02  -6.0862838e-02
   8.6800000e+02   1.2473610e+01   3.6950930e+00  -1.0619313e-01  -1.5314801e-02  -6.0860034e-02
   8.6900000e+02   1.2461470e+01   3.6944400e+00  -1.0619230e-01  -1.5305177e-02  -6.0857261e-02
   8.7000000e+02   1.2449350e+01   3.6937890e+00  -1.0619139e-01  -1.5295532e-02  -6.0854486e-02
   8.7100000e+02   1.2437250e+01   3.6931390e+00  -1.0619040e-01  -1.5285847e-02  -6.0851724e-02
   8.7200000e+02   1.2425180e+01   3.6924910e+00  -1.0618935e-01  -1.5276161e-02  -6.0848960e-02
   8.7300000e+02   1.2413130e+01   3.6918430e+00  -1.0618827e-01  -1.5266447e-02  -6.0846228e-02
   8.7400000e+02   1.2401110e+01   3.6911970e+00  -1.0618713e-01  -1.5256724e-02  -6.0843491e-02
   8.7500000e+02   1.2389110e+01   3.6905520e+00  -1.0618592e-01  -1.5246976e-02  -6.0840769e-02
   8.7600000e+02   1.2377130e+01   3.6899080e+00  -1.0618466e-01  -1.5237200e-02  -6.0838060e-02
   8.7700000e+02   1.2365180e+01   3.6892650e+00  -1.0618336e-01  -1.5227422e-02  -6.0835364e-02
   8.7800000e+02   1.2353250e+01   3.6886240e+00  -1.0618198e-01  -1.5217615e-02  -6.0832665e-02
   8.7900000e+02   1.2341350e+01   3.6879840e+00  -1.0618056e-01  -1.5207805e-02  -6.0829983e-02
   8.8000000e+02   1.2329470e+01   3.6873450e+00  -1.0617909e-01  -1.5197973e-02  -6.0827312e-02
   8.8100000e+02   1.2317610e+01   3.6867070e+00  -1.0617755e-01  -1.5188108e-02  -6.0824651e-02
   8.8200000e+02   1.2305780e+01   3.6860700e+00  -1.0617598e-01  -1.5178242e-02  -6.0822009e-02
   8.8300000e+02   1.2293970e+01   3.6854350e+00  -1.0617433e-01  -1.5168352e-02  -6.0819359e-02
   8.8400000e+02   1.2282180e+01   3.6848010e+00  -1.0617263e-01  -1.5158442e-02  -6.0816725e-02
   8.8500000e+02   1.2270420e+01   3.6841680e+00  -1.0617090e-01  -1.5148527e-02  -6.0814103e-02
   8.8600000e+02   1.2258680e+01   3.6835360e+00  -1.0616909e-01  -1.5138582e-02  -6.0811494e-02
   8.8700000e+02   1.2246970e+01   3.6829050e+00  -1.0616729e-01  -1.5128649e-02  -6.0808896e-02
   8.8800000e+02   1.2235270e+01   3.6822760e+00  -1.0616535e-01  -1.5118660e-02  -6.0806297e-02
   8.8900000e+02   1.2223610e+01   3.6816470e+00  -1.0616345e-01  -1.5108700e-02  -6.0803725e-02
   8.9000000e+02   1.2211960e+01   3.6810200e+00  -1.0616143e-01  -1.5098686e-02  -6.0801151e-02
   8.9100000e+02   1.2200340e+01   3.6803940e+00  -1.0615940e-01  -1.5088681e-02  -6.0798586e-02
   8.9200000e+02   1.2188730e+01   3.6797700e+00  -1.0615724e-01  -1.5078622e-02  -6.0796021e-02
   8.9300000e+02   1.2177160e+01   3.6791460e+00  -1.0615513e-01  -1.5068598e-02  -6.0793483e-02
   8.9400000e+02   1.2165600e+01   3.6785240e+00  -1.0615291e-01  -1.5058526e-02  -6.0790940e-02
   8.9500000e+02   1.2154070e+01   3.6779020e+00  -1.0615067e-01  -1.5048446e-02  -6.0788426e-02
   8.9600000e+02   1.2142560e+01   3.6772820e+00  -1.0614836e-01  -1.5038353e-02  -6.0785909e-02
   8.9700000e+02   1.2131070e+01   3.6766630e+00  -1.0614601e-01  -1.5028241e-02  -6.0783402e-02
   8.9800000e+02   1.2119610e+01   3.6760460e+00  -1.0614362e-01  -1.5018138e-02  -6.0780892e-02
   8.9900000e+02   1.2108160e+01   3.6754290e+00  -1.0614116e-01  -1.5007982e-02  -6.0778409e-02
   9.0000000e+02   1.2096740e+01   3.6748130e+00  -1.0613868e-01  -1.4997832e-02  -6.0775938e-02
   9.0100000e+02   1.2085350e+01   3.6741990e+00  -1.0613616e-01  -1.4987688e-02  -6.0773464e-02
   9.0200000e+02   1.2073970e+01   3.6735860e+00  -1.0613355e-01  -1.4977500e-02  -6.0770999e-02
   9.0300000e+02   1.2062620e+01   3.6729740e+00  -1.0613093e-01  -1.4967321e-02  -6.0768549e-02
   9.0400000e+02   1.2051280e+01   3.6723630e+00  -1.0612822e-01  -1.4957090e-02  -6.0766107e-02
   9.0500000e+02   1.2039970e+01   3.6717530e+00  -1.0612550e-01  -1.4946873e-02  -6.0763676e-02
   9.0600000e+02   1.2028690e+01   3.6711450e+00  -1.0612273e-01  -1.4936659e-02  -6.0761244e-02
   9.0700000e+02   1.2017420e+01   3.6705370e+00  -1.0611993e-01  -1.4926409e-02  -6.0758835e-02
   9.0800000e+02   1.2006170e+01   3.6699310e+00  -1.0611703e-01  -1.4916133e-02  -6.0756423e-02
   9.0900000e+02   1.1994950e+01   3.6693260e+00  -1.0611412e-01  -1.4905868e-02  -6.0754022e-02
   9.1000000e+02   1.1983750e+01   3.6687220e+00  -1.0611116e-01  -1.4895586e-02  -6.0751631e-02
   9.1100000e+02   1.1972570e+01   3.6681190e+00  -1.0610817e-01  -1.4885292e-02  -6.0749254e-02
   9.1200000e+02   1.1961410e+01   3.6675170e+00  -1.0610512e-01  -1.4874979e-02  -6.0746884e-02
   9.1300000e+02   1.1950280e+01   3.6669160e+00  -1.0610206e-01  -1.4864672e-02  -6.0744528e-02
   9.1400000e+02   1.1939160e+01   3.6663170e+00  -1.0609890e-01  -1.4854331e-02  -6.0742164e-02
   9.1500000e+02   1.1928070e+01   3.6657180e+00  -1.0609574e-01  -1.4843992e-02  -6.0739829e-02
   9.1600000e+02   1.1916990e+01   3.6651210e+00  -1.0609249e-01  -1.4833618e-02  -6.0737487e-02
   9.1700000e+02   1.1905940e+01   3.6645240e+00  -1.0608925e-01  -1.4823250e-02  -6.0735170e-02
   9.1800000e+02   1.1894910e+01   3.6639290e+00  -1.0608594e-01  -1.4812873e-02  -6.0732851e-02
   9.1900000e+02   1.1883900e+01   3.6633350e+00  -1.0608259e-01  -1.4802477e-02  -6.0730539e-02
   9.2000000e+02   1.1872910e+01   3.6627420e+00  -1.0607919e-01  -1.4792071e-02  -6.0728240e-02
   9.2100000e+02   1.1861950e+01   3.6621510e+00  -1.0607577e-01  -1.4781677e-02  -6.0725933e-02
   9.2200000e+02   1.1851000e+01   3.6615600e+00  -1.0607229e-01  -1.4771245e-02  -6.0723653e-02
   9.2300000e+02   1.1840070e+01   3.6609700e+00  -1.0606877e-01  -1.4760798e-02  -6.0721385e-02
   9.2400000e+02   1.1829170e+01   3.6603820e+00  -1.0606522e-01  -1.4750366e-02  -6.0719108e-02
   9.2500000e+02   1.1818280e+01   3.6597940e+00  -1.0606161e-01  -1.4739890e-02  -6.0716856e-02
   9.2600000e+02   1.1807420e+01   3.6592080e+00  -1.0605798e-01  -1.4729435e-02  -6.0714600e-02
   9.2700000e+02   1.1796570e+01   3.6586230e+00  -1.0605427e-01  -1.4718941e-02  -6.0712353e-02
   9.2800000e+02   1.1785750e+01   3.6580390e+00  -1.0605056e-01  -1.4708462e-02  -6.0710116e-02
   9.2900000e+02   1.1774950e+01   3.6574550e+00  -1.0604682e-01  -1.4697963e-02  -6.0707905e-02
   9.3000000e+02   1.1764170e+01   3.6568730e+00  -1.0604303e-01  -1.4687461e-02  -6.0705688e-02
   9.3100000e+02   1.1753400e+01   3.6562930e+00  -1.0603915e-01  -1.4676927e-02  -6.0703464e-02
   9.3200000e+02   1.1742660e+01   3.6557130e+00  -1.0603528e-01  -1.4666402e-02  -6.0701265e-02
   9.3300000e+02   1.1731940e+01   3.6551340e+00  -1.0603138e-01  -1.4655867e-02  -6.0699076e-02
   9.3400000e+02   1.1721240e+01   3.6545560e+00  -1.0602743e-01  -1.4645323e-02  -6.0696898e-02
   9.3500000e+02   1.1710560e+01   3.6539800e+00  -1.0602343e-01  -1.4634771e-02  -6.0694708e-02
   9.3600000e+02   1.1699900e+01   3.6534040e+00  -1.0601941e-01  -1.4624208e-02  -6.0692547e-02
   9.3700000e+02   1.1689250e+01   3.6528300e+00  -1.0601530e-01  -1.4613613e-02  -6.0690381e-02
   9.3800000e+02   1.1678630e+01   3.6522560e+00  -1.0601121e-01  -1.4603029e-02  -6.0688236e-02
   9.3900000e+02   1.1668030e+01   3.6516840e+00  -1.0600707e-01  -1.4592446e-02  -6.0686085e-02
   9.4000000e+02   1.1657450e+01   3.6511120e+00  -1.0600291e-01  -1.4581847e-02  -6.0683960e-02
   9.4100000e+02   1.1646880e+01   3.6505420e+00  -1.0599866e-01  -1.4571218e-02  -6.0681828e-02
   9.4200000e+02   1.1636340e+01   3.6499730e+00  -1.0599441e-01  -1.4560609e-02  -6.0679702e-02
   9.4300000e+02   1.1625820e+01   3.6494050e+00  -1.0599013e-01  -1.4549990e-02  -6.0677586e-02
   9.4400000e+02   1.1615310e+01   3.6488380e+00  -1.0598578e-01  -1.4539341e-02  -6.0675481e-02
   9.4500000e+02   1.1604830e+01   3.6482720e+00  -1.0598143e-01  -1.4528709e-02  -6.0673383e-02
   9.4600000e+02   1.1594360e+01   3.6477070e+00  -1.0597701e-01  -1.4518044e-02  -6.0671293e-02
   9.4700000e+02   1.1583920e+01   3.6471430e+00  -1.0597260e-01  -1.4507400e-02  -6.0669211e-02
   9.4800000e+02   1.1573490e+01   3.6465800e+00  -1.0596811e-01  -1.4496721e-02  -6.0667140e-02
   9.4900000e+02   1.1563080e+01   3.6460180e+00  -1.0596361e-01  -1.4486041e-02  -6.0665074e-02
   9.5000000e+02   1.1552700e+01   3.6454570e+00  -1.0595909e-01  -1.4475375e-02  -6.0663020e-02
   9.5100000e+02   1.1542330e+01   3.6448970e+00  -1.0595452e-01  -1.4464684e-02  -6.0660971e-02
   9.5200000e+02   1.1531980e+01   3.6443390e+00  -1.0594989e-01  -1.4453991e-02  -6.0658915e-02
   9.5300000e+02   1.1521650e+01   3.6437810e+00  -1.0594526e-01  -1.4443288e-02  -6.0656882e-02
   9.5400000e+02   1.1511330e+01   3.6432240e+00  -1.0594056e-01  -1.4432556e-02  -6.0654858e-02
   9.5500000e+02   1.1501040e+01   3.6426680e+00  -1.0593586e-01  -1.4421842e-02  -6.0652844e-02
   9.5600000e+02   1.1490770e+01   3.6421140e+00  -1.0593112e-01  -1.4411132e-02  -6.0650820e-02
   9.5700000e+02   1.1480510e+01   3.6415600e+00  -1.0592634e-01  -1.4400387e-02  -6.0648820e-02
   9.5800000e+02   1.1470270e+01   3.6410070e+00  -1.0592153e-01  -1.4389642e-02  -6.0646827e-02
   9.5900000e+02   1.1460060e+01   3.6404560e+00  -1.0591669e-01  -1.4378918e-02  -6.0644828e-02
   9.6000000e+02   1.1449860e+01   3.6399050e+00  -1.0591183e-01  -1.4368164e-02  -6.0642850e-02
   9.6100000e+02   1.1439680e+01   3.6393550e+00  -1.0590693e-01  -1.4357406e-02  -6.0640880e-02
   9.6200000e+02   1.1429510e+01   3.6388070e+00  -1.0590196e-01  -1.4346626e-02  -6.0638902e-02
   9.6300000e+02   1.1419370e+01   3.6382590e+00  -1.0589701e-01  -1.4335864e-02  -6.0636949e-02
   9.6400000e+02   1.1409240e+01   3.6377130e+00  -1.0589198e-01  -1.4325080e-02  -6.0634987e-02
   9.6500000e+02   1.1399140e+01   3.6371670e+00  -1.0588697e-01  -1.4314315e-02  -6.0633048e-02
   9.6600000e+02   1.1389050e+01   3.6366230e+00  -1.0588190e-01  -1.4303529e-02  -6.0631098e-02
   9.6700000e+02   1.1378980e+01   3.6360790e+00  -1.0587681e-01  -1.4292735e-02  -6.0629173e-02
   9.6800000e+02   1.1368920e+01   3.6355360e+00  -1.0587167e-01  -1.4281918e-02  -6.0627255e-02
   9.6900000e+02   1.1358890e+01   3.6349950e+00  -1.0586652e-01  -1.4271125e-02  -6.0625326e-02
   9.7000000e+02   1.1348870e+01   3.6344540e+00  -1.0586133e-01  -1.4260307e-02  -6.0623425e-02
   9.7100000e+02   1.1338870e+01   3.6339150e+00  -1.0585609e-01  -1.4249489e-02  -6.0621513e-02
   9.7200000e+02   1.1328890e+01   3.6333760e+00  -1.0585085e-01  -1.4238669e-02  -6.0619622e-02
   9.7300000e+02   1.1318930e+01   3.6328380e+00  -1.0584559e-01  -1.4227852e-02  -6.0617738e-02
   9.7400000e+02   1.1308990e+01   3.6323020e+00  -1.0584028e-01  -1.4217034e-02  -6.0615848e-02
   9.7500000e+02   1.1299060e+01   3.6317660e+00  -1.0583495e-01  -1.4206191e-02  -6.0613980e-02
   9.7600000e+02   1.1289150e+01   3.6312310e+00  -1.0582959e-01  -1.4195349e-02  -6.0612116e-02
   9.7700000e+02   1.1279260e+01   3.6306970e+00  -1.0582420e-01  -1.4184507e-02  -6.0610260e-02
   9.7800000e+02   1.1269390e+01   3.6301650e+00  -1.0581878e-01  -1.4173670e-02  -6.0608396e-02
   9.7900000e+02   1.1259530e+01   3.6296330e+00  -1.0581331e-01  -1.4162804e-02  -6.0606554e-02
   9.8000000e+02   1.1249690e+01   3.6291020e+00  -1.0580784e-01  -1.4151944e-02  -6.0604716e-02
   9.8100000e+02   1.1239870e+01   3.6285720e+00  -1.0580234e-01  -1.4141085e-02  -6.0602885e-02
   9.8200000e+02   1.1230070e+01   3.6280430e+00  -1.0579681e-01  -1.4130227e-02  -6.0601064e-02
   9.8300000e+02   1.1220280e+01   3.6275150e+00  -1.0579124e-01  -1.4119347e-02  -6.0599247e-02
   9.8400000e+02   1.1210520e+01   3.6269890e+00  -1.0578566e-01  -1.4108499e-02  -6.0597417e-02
   9.8500000e+02   1.1200760e+01   3.6264630e+00  -1.0578001e-01  -1.4097599e-02  -6.0595614e-02
   9.8600000e+02   1.1191030e+01   3.6259380e+00  -1.0577439e-01  -1.4086731e-02  -6.0593815e-02
   9.8700000e+02   1.1181310e+01   3.6254130e+00  -1.0576872e-01  -1.4075834e-02  -6.0592038e-02
   9.8800000e+02   1.1171610e+01   3.6248900e+00  -1.0576302e-01  -1.4064944e-02  -6.0590253e-02
   9.8900000e+02   1.1161930e+01   3.6243680e+00  -1.0575730e-01  -1.4054060e-02  -6.0588474e-02
   9.9000000e+02   1.1152270e+01   3.6238470e+00  -1.0575157e-01  -1.4043181e-02  -6.0586700e-02
   9.9100000e+02   1.1142620e+01   3.6233270e+00  -1.0574578e-01  -1.4032278e-02  -6.0584930e-02
   9.9200000e+02   1.1132990e+01   3.6228070e+00  -1.0574000e-01  -1.4021380e-02  -6.0583184e-02
   9.9300000e+02   1.1123370e+01   3.6222890e+00  -1.0573414e-01  -1.4010462e-02  -6.0581427e-02
   9.9400000e+02   1.1113780e+01   3.6217710e+00  -1.0572833e-01  -1.3999572e-02  -6.0579691e-02
   9.9500000e+02   1.1104200e+01   3.6212550e+00  -1.0572244e-01  -1.3988665e-02  -6.0577944e-02
   9.9600000e+02   1.1094630e+01   3.6207390e+00  -1.0571652e-01  -1.3977733e-02  -6.0576222e-02
   9.9700000e+02   1.1085090e+01   3.6202250e+00  -1.0571061e-01  -1.3966841e-02  -6.0574485e-02
   9.9800000e+02   1.1075560e+01   3.6197110e+00  -1.0570466e-01  -1.3955921e-02  -6.0572774e-02
   9.9900000e+02   1.1066040e+01   3.6191980e+00  -1.0569867e-01  -1.3944982e-02  -6.0571066e-02
   1.0000000e+03   1.1056550e+01   3.6186860e+00  -1.0569269e-01  -1.3934078e-02  -6.0569364e-02
   1.0010000e+03   1.1047060e+01   3.6181750e+00  -1.0568664e-01  -1.3923128e-02  -6.0567669e-02
   1.0020000e+03   1.1037600e+01   3.6176650e+00  -1.0568060e-01  -1.3912210e-02  -6.0565976e-02
   1.0030000e+03   1.1028150e+01   3.6171560e+00  -1.0567452e-01  -1.3901273e-02  -6.0564290e-02
   1.0040000e+03   1.1018720e+01   3.6166480e+00  -1.0566842e-01  -1.3890344e-02  -6.0562607e-02
   1.0050000e+03   1.1009310e+01   3.6161410e+00  -1.0566231e-01  -1.3879423e-02  -6.0560932e-02
   1.0060000e+03   1.0999910e+01   3.6156350e+00  -1.0565616e-01  -1.3868486e-02  -6.0559261e-02
   1.0070000e+03   1.0990530e+01   3.6151290e+00  -1.0565001e-01  -1.3857550e-02  -6.0557613e-02
   1.0080000e+03   1.0981160e+01   3.6146250e+00  -1.0564379e-01  -1.3846600e-02  -6.0555949e-02
   1.0090000e+03   1.0971810e+01   3.6141210e+00  -1.0563759e-01  -1.3835657e-02  -6.0554311e-02
   1.0100000e+03   1.0962480e+01   3.6136180e+00  -1.0563137e-01  -1.3824721e-02  -6.0552676e-02
   1.0110000e+03   1.0953160e+01   3.6131170e+00  -1.0562509e-01  -1.3813773e-02  -6.0551030e-02
   1.0120000e+03   1.0943860e+01   3.6126160e+00  -1.0561881e-01  -1.3802829e-02  -6.0549406e-02
   1.0130000e+03   1.0934580e+01   3.6121160e+00  -1.0561253e-01  -1.3791896e-02  -6.0547782e-02
   1.0140000e+03   1.0925310e+01   3.6116170e+00  -1.0560620e-01  -1.3780945e-02  -6.0546168e-02
   1.0150000e+03   1.0916060e+01   3.6111180e+00  -1.0559988e-01  -1.3770000e-02  -6.0544573e-02
   1.0160000e+03   1.0906820e+01   3.6106210e+00  -1.0559351e-01  -1.3759046e-02  -6.0542963e-02
   1.0170000e+03   1.0897600e+01   3.6101250e+00  -1.0558711e-01  -1.3748098e-02  -6.0541362e-02
   1.0180000e+03   1.0888390e+01   3.6096290e+00  -1.0558070e-01  -1.3737133e-02  -6.0539781e-02
   1.0190000e+03   1.0879200e+01   3.6091350e+00  -1.0557426e-01  -1.3726182e-02  -6.0538186e-02
   1.0200000e+03   1.0870030e+01   3.6086410e+00  -1.0556783e-01  -1.3715235e-02  -6.0536614e-02
   1.0210000e+03   1.0860870e+01   3.6081480e+00  -1.0556135e-01  -1.3704276e-02  -6.0535044e-02
   1.0220000e+03   1.0851730e+01   3.6076560e+00  -1.0555487e-01  -1.3693327e-02  -6.0533479e-02
   1.0230000e+03   1.0842600e+01   3.6071650e+00  -1.0554835e-01  -1.3682363e-02  -6.0531920e-02
   1.0240000e+03   1.0833490e+01   3.6066750e+00  -1.0554181e-01  -1.3671411e-02  -6.0530365e-02
   1.0250000e+03   1.0824400e+01   3.6061860e+00  -1.0553528e-01  -1.3660473e-02  -6.0528810e-02
   1.0260000e+03   1.0815320e+01   3.6056970e+00  -1.0552872e-01  -1.3649514e-02  -6.0527280e-02
   1.0270000e+03   1.0806250e+01   3.6052100e+00  -1.0552210e-01  -1.3638546e-02  -6.0525736e-02
   1.0280000e+03   1.0797200e+01   3.6047230e+00  -1.0551549e-01  -1.3627586e-02  -6.0524211e-02
   1.0290000e+03   1.0788170e+01   3.6042370e+00  -1.0550888e-01  -1.3616638e-02  -6.0522693e-02
   1.0300000e+03   1.0779150e+01   3.6037520e+00  -1.0550222e-01  -1.3605676e-02  -6.0521177e-02
   1.0310000e+03   1.0770150e+01   3.6032680e+00  -1.0549556e-01  -1.3594726e-02  -6.0519664e-02
   1.0320000e+03   1.0761160e+01   3.6027850e+00  -1.0548887e-01  -1.3583767e-02  -6.0518154e-02
   1.0330000e+03   1.0752190e+01   3.6023030e+00  -1.0548217e-01  -1.3572820e-02  -6.0516650e-02
   1.0340000e+03   1.0743230e+01   3.6018210e+00  -1.0547545e-01  -1.3561858e-02  -6.0515163e-02
   1.0350000e+03   1.0734290e+01   3.6013400e+00  -1.0546872e-01  -1.3550907e-02  -6.0513682e-02
   1.0360000e+03   1.0725360e+01   3.6008610e+00  -1.0546193e-01  -1.3539945e-02  -6.0512190e-02
   1.0370000e+03   1.0716450e+01   3.6003820e+00  -1.0545516e-01  -1.3528998e-02  -6.0510714e-02
   1.0380000e+03   1.0707550e+01   3.5999040e+00  -1.0544836e-01  -1.3518036e-02  -6.0509244e-02
   1.0390000e+03   1.0698670e+01   3.5994260e+00  -1.0544157e-01  -1.3507087e-02  -6.0507792e-02
   1.0400000e+03   1.0689800e+01   3.5989500e+00  -1.0543472e-01  -1.3496126e-02  -6.0506327e-02
   1.0410000e+03   1.0680950e+01   3.5984750e+00  -1.0542786e-01  -1.3485184e-02  -6.0504869e-02
   1.0420000e+03   1.0672110e+01   3.5980000e+00  -1.0542100e-01  -1.3474226e-02  -6.0503427e-02
   1.0430000e+03   1.0663290e+01   3.5975260e+00  -1.0541413e-01  -1.3463282e-02  -6.0501988e-02
   1.0440000e+03   1.0654480e+01   3.5970530e+00  -1.0540722e-01  -1.3452329e-02  -6.0500553e-02
   1.0450000e+03   1.0645680e+01   3.5965810e+00  -1.0540028e-01  -1.3441365e-02  -6.0499121e-02
   1.0460000e+03   1.0636910e+01   3.5961100e+00  -1.0539336e-01  -1.3430441e-02  -6.0497693e-02
   1.0470000e+03   1.0628140e+01   3.5956390e+00  -1.0538640e-01  -1.3419477e-02  -6.0496286e-02
   1.0480000e+03   1.0619390e+01   3.5951690e+00  -1.0537944e-01  -1.3408529e-02  -6.0494879e-02
   1.0490000e+03   1.0610660e+01   3.5947010e+00  -1.0537245e-01  -1.3397602e-02  -6.0493460e-02
   1.0500000e+03   1.0601940e+01   3.5942330e+00  -1.0536545e-01  -1.3386660e-02  -6.0492059e-02
   1.0510000e+03   1.0593230e+01   3.5937660e+00  -1.0535842e-01  -1.3375710e-02  -6.0490661e-02
   1.0520000e+03   1.0584540e+01   3.5932990e+00  -1.0535141e-01  -1.3364770e-02  -6.0489283e-02
   1.0530000e+03   1.0575860e+01   3.5928340e+00  -1.0534434e-01  -1.3353827e-02  -6.0487892e-02
   1.0540000e+03   1.0567200e+01   3.5923690e+00  -1.0533729e-01  -1.3342896e-02  -6.0486519e-02
   1.0550000e+03   1.0558550e+01   3.5919050e+00  -1.0533021e-01  -1.3331960e-02  -6.0485148e-02
   1.0560000e+03   1.0549920e+01   3.5914420e+00  -1.0532313e-01  -1.3321034e-02  -6.0483779e-02
   1.0570000e+03   1.0541300e+01   3.5909800e+00  -1.0531601e-01  -1.3310102e-02  -6.0482415e-02
   1.0580000e+03   1.0532690e+01   3.5905190e+00  -1.0530886e-01  -1.3299166e-02  -6.0481053e-02
   1.0590000e+03   1.0524100e+01   3.5900580e+00  -1.0530174e-01  -1.3288241e-02  -6.0479707e-02
   1.0600000e+03   1.0515520e+01   3.5895980e+00  -1.0529457e-01  -1.3277306e-02  -6.0478366e-02
   1.0610000e+03   1.0506960e+01   3.5891390e+00  -1.0528741e-01  -1.3266389e-02  -6.0477029e-02
   1.0620000e+03   1.0498410e+01   3.5886810e+00  -1.0528022e-01  -1.3255467e-02  -6.0475690e-02
   1.0630000e+03   1.0489880e+01   3.5882240e+00  -1.0527303e-01  -1.3244560e-02  -6.0474357e-02
   1.0640000e+03   1.0481360e+01   3.5877670e+00  -1.0526583e-01  -1.3233647e-02  -6.0473041e-02
   1.0650000e+03   1.0472850e+01   3.5873120e+00  -1.0525858e-01  -1.3222726e-02  -6.0471711e-02
   1.0660000e+03   1.0464360e+01   3.5868570e+00  -1.0525135e-01  -1.3211820e-02  -6.0470398e-02
   1.0670000e+03   1.0455880e+01   3.5864020e+00  -1.0524411e-01  -1.3200905e-02  -6.0469108e-02
   1.0680000e+03   1.0447410e+01   3.5859490e+00  -1.0523681e-01  -1.3189984e-02  -6.0467802e-02
   1.0690000e+03   1.0438960e+01   3.5854970e+00  -1.0522952e-01  -1.3179088e-02  -6.0466495e-02
   1.0700000e+03   1.0430530e+01   3.5850450e+00  -1.0522225e-01  -1.3168201e-02  -6.0465209e-02
   1.0710000e+03   1.0422100e+01   3.5845940e+00  -1.0521493e-01  -1.3157286e-02  -6.0463924e-02
   1.0720000e+03   1.0413690e+01   3.5841440e+00  -1.0520761e-01  -1.3146392e-02  -6.0462640e-02
   1.0730000e+03   1.0405300e+01   3.5836940e+00  -1.0520030e-01  -1.3135510e-02  -6.0461375e-02
   1.0740000e+03   1.0396910e+01   3.5832460e+00  -1.0519292e-01  -1.3124604e-02  -6.0460095e-02
   1.0750000e+03   1.0388550e+01   3.5827980e+00  -1.0518558e-01  -1.3113736e-02  -6.0458837e-02
   1.0760000e+03   1.0380190e+01   3.5823510e+00  -1.0517820e-01  -1.3102840e-02  -6.0457576e-02
   1.0770000e+03   1.0371850e+01   3.5819050e+00  -1.0517081e-01  -1.3091962e-02  -6.0456320e-02
   1.0780000e+03   1.0363520e+01   3.5814590e+00  -1.0516342e-01  -1.3081078e-02  -6.0455077e-02
   1.0790000e+03   1.0355210e+01   3.5810150e+00  -1.0515601e-01  -1.3070215e-02  -6.0453825e-02
   1.0800000e+03   1.0346900e+01   3.5805710e+00  -1.0514855e-01  -1.3059319e-02  -6.0452590e-02
   1.0810000e+03   1.0338620e+01   3.5801280e+00  -1.0514114e-01  -1.3048470e-02  -6.0451353e-02
   1.0820000e+03   1.0330340e+01   3.5796850e+00  -1.0513368e-01  -1.3037585e-02  -6.0450138e-02
   1.0830000e+03   1.0322080e+01   3.5792440e+00  -1.0512622e-01  -1.3026728e-02  -6.0448905e-02
   1.0840000e+03   1.0313830e+01   3.5788030e+00  -1.0511875e-01  -1.3015862e-02  -6.0447691e-02
   1.0850000e+03   1.0305600e+01   3.5783630e+00  -1.0511127e-01  -1.3005016e-02  -6.0446479e-02
   1.0860000e+03   1.0297380e+01   3.5779240e+00  -1.0510378e-01  -1.2994167e-02  -6.0445266e-02
   1.0870000e+03   1.0289170e+01   3.5774850e+00  -1.0509627e-01  -1.2983310e-02  -6.0444073e-02
   1.0880000e+03   1.0280980e+01   3.5770480e+00  -1.0508876e-01  -1.2972479e-02  -6.0442865e-02
   1.0890000e+03   1.0272790e+01   3.5766110e+00  -1.0508120e-01  -1.2961615e-02  -6.0441673e-02
   1.0900000e+03   1.0264630e+01   3.5761740e+00  -1.0507371e-01  -1.2950795e-02  -6.0440498e-02
   1.0910000e+03   1.0256470e+01   3.5757390e+00  -1.0506613e-01  -1.2939952e-02  -6.0439308e-02
   1.0920000e+03   1.0248330e+01   3.5753040e+00  -1.0505859e-01  -1.2929125e-02  -6.0438136e-02
   1.0930000e+03   1.0240200e+01   3.5748700e+00  -1.0505101e-01  -1.2918294e-02  -6.0436966e-02
   1.0940000e+03   1.0232080e+01   3.5744370e+00  -1.0504341e-01  -1.2907462e-02  -6.0435796e-02
   1.0950000e+03   1.0223980e+01   3.5740050e+00  -1.0503582e-01  -1.2896652e-02  -6.0434626e-02
   1.0960000e+03   1.0215890e+01   3.5735730e+00  -1.0502822e-01  -1.2885835e-02  -6.0433477e-02
   1.0970000e+03   1.0207810e+01   3.5731420e+00  -1.0502060e-01  -1.2875017e-02  -6.0432324e-02
   1.0980000e+03   1.0199750e+01   3.5727120e+00  -1.0501299e-01  -1.2864221e-02  -6.0431176e-02
   1.0990000e+03   1.0191700e+01   3.5722830e+00  -1.0500535e-01  -1.2853426e-02  -6.0430027e-02
   1.1000000e+03   1.0183660e+01   3.5718540e+00  -1.0499771e-01  -1.2842621e-02  -6.0428896e-02
   1.1010000e+03   1.0175630e+01   3.5714260e+00  -1.0499005e-01  -1.2831817e-02  -6.0427762e-02
   1.1020000e+03   1.0167620e+01   3.5709990e+00  -1.0498239e-01  -1.2821033e-02  -6.0426633e-02
   1.1030000e+03   1.0159620e+01   3.5705720e+00  -1.0497473e-01  -1.2810249e-02  -6.0425521e-02
   1.1040000e+03   1.0151630e+01   3.5701470e+00  -1.0496702e-01  -1.2799463e-02  -6.0424390e-02
   1.1050000e+03   1.0143650e+01   3.5697220e+00  -1.0495932e-01  -1.2788675e-02  -6.0423277e-02
   1.1060000e+03   1.0135690e+01   3.5692970e+00  -1.0495164e-01  -1.2777904e-02  -6.0422182e-02
   1.1070000e+03   1.0127740e+01   3.5688740e+00  -1.0494392e-01  -1.2767138e-02  -6.0421072e-02
   1.1080000e+03   1.0119800e+01   3.5684510e+00  -1.0493619e-01  -1.2756365e-02  -6.0419976e-02
   1.1090000e+03   1.0111880e+01   3.5680290e+00  -1.0492848e-01  -1.2745619e-02  -6.0418882e-02
   1.1100000e+03   1.0103960e+01   3.5676080e+00  -1.0492071e-01  -1.2734846e-02  -6.0417789e-02
   1.1110000e+03   1.0096060e+01   3.5671870e+00  -1.0491297e-01  -1.2724093e-02  -6.0416712e-02
   1.1120000e+03   1.0088180e+01   3.5667670e+00  -1.0490525e-01  -1.2713367e-02  -6.0415633e-02
   1.1130000e+03   1.0080300e+01   3.5663480e+00  -1.0489747e-01  -1.2702614e-02  -6.0414557e-02
   1.1140000e+03   1.0072440e+01   3.5659300e+00  -1.0488969e-01  -1.2691885e-02  -6.0413481e-02
   1.1150000e+03   1.0064590e+01   3.5655120e+00  -1.0488192e-01  -1.2681155e-02  -6.0412422e-02
   1.1160000e+03   1.0056750e+01   3.5650950e+00  -1.0487413e-01  -1.2670425e-02  -6.0411361e-02
   1.1170000e+03   1.0048920e+01   3.5646790e+00  -1.0486631e-01  -1.2659693e-02  -6.0410302e-02
   1.1180000e+03   1.0041110e+01   3.5642630e+00  -1.0485852e-01  -1.2648983e-02  -6.0409259e-02
   1.1190000e+03   1.0033310e+01   3.5638480e+00  -1.0485072e-01  -1.2638273e-02  -6.0408216e-02
   1.1200000e+03   1.0025520e+01   3.5634340e+00  -1.0484289e-01  -1.2627566e-02  -6.0407172e-02
   1.1210000e+03   1.0017740e+01   3.5630210e+00  -1.0483505e-01  -1.2616857e-02  -6.0406129e-02
   1.1220000e+03   1.0009980e+01   3.5626080e+00  -1.0482723e-01  -1.2606173e-02  -6.0405102e-02
   1.1230000e+03   1.0002220e+01   3.5621960e+00  -1.0481937e-01  -1.2595461e-02  -6.0404075e-02
