   3.2000000e+01   2.4569980e+02   5.0130180e+00   3.0381579e-02   0.0000000e+00   5.1008731e-08
   3.3000000e+01   2.3933150e+02   4.9927850e+00   3.0886778e-02   0.0000000e+00   5.2068789e-08
   3.4000000e+01   2.3328700e+02   4.9736800e+00   3.1376383e-02   0.0000000e+00   5.3110655e-08
   3.5000000e+01   2.2754200e+02   4.9556160e+00   3.1851223e-02   0.0000000e+00   5.4135557e-08
   3.6000000e+01   2.2207440e+02   4.9385120e+00   3.2312086e-02   0.0000000e+00   5.5144656e-08
   3.7000000e+01   2.1686440e+02   4.9222980e+00   3.2759664e-02   0.0000000e+00   5.6138936e-08
   3.8000000e+01   2.1189420e+02   4.9069060e+00   3.3194631e-02   0.0000000e+00   5.7119394e-08
   3.9000000e+01   2.0714720e+02   4.8922790e+00   3.3617560e-02   0.0000000e+00   5.8086859e-08
   4.0000000e+01   2.0260890e+02   4.8783620e+00   3.4029002e-02   0.0000000e+00   5.9042145e-08
   4.1000000e+01   1.9826550e+02   4.8651050e+00   3.4429465e-02   0.0000000e+00   5.9986003e-08
   4.2000000e+01   1.9410480e+02   4.8524630e+00   3.4819417e-02   0.0000000e+00   6.0919101e-08
   4.3000000e+01   1.9011550e+02   4.8403950e+00   3.5199274e-02   0.0000000e+00   6.1842052e-08
   4.4000000e+01   1.8628700e+02   4.8288630e+00   3.5569439e-02   0.0000000e+00   6.2755454e-08
   4.5000000e+01   1.8260990e+02   4.8178320e+00   3.5930278e-02   0.0000000e+00   6.3659831e-08
   4.6000000e+01   1.7907540e+02   4.8072710e+00   3.6282119e-02   0.0000000e+00   6.4555666e-08
   4.7000000e+01   1.7567520e+02   4.7971500e+00   3.6625280e-02   0.0000000e+00   6.5443444e-08
   4.8000000e+01   1.7240200e+02   4.7874420e+00   3.6960063e-02   0.0000000e+00   6.6323558e-08
   4.9000000e+01   1.6924860e+02   4.7781220e+00   3.7286732e-02   0.0000000e+00   6.7196455e-08
   5.0000000e+01   1.6620860e+02   4.7691660e+00   3.7605552e-02   0.0000000e+00   6.8062487e-08
   5.1000000e+01   1.6327610e+02   4.7605550e+00   3.7916743e-02   0.0000000e+00   6.8921962e-08
   5.2000000e+01   1.6044540e+02   4.7522680e+00   3.8220533e-02   0.0000000e+00   6.9775246e-08
   5.3000000e+01   1.5771130e+02   4.7442860e+00   3.8517134e-02   0.0000000e+00   7.0622664e-08
   5.4000000e+01   1.5506900e+02   4.7365930e+00   3.8806751e-02   0.0000000e+00   7.1464465e-08
   5.5000000e+01   1.5251390e+02   4.7291730e+00   3.9089544e-02   0.0000000e+00   7.2300945e-08
   5.6000000e+01   1.5004170e+02   4.7220110e+00   3.9365712e-02   0.0000000e+00   7.3132360e-08
   5.7000000e+01   1.4764860e+02   4.7150940e+00   3.9635395e-02   0.0000000e+00   7.3958952e-08
   5.8000000e+01   1.4533070e+02   4.7084090e+00   3.9898767e-02   0.0000000e+00   7.4780947e-08
   5.9000000e+01   1.4308470e+02   4.7019440e+00   4.0155964e-02   0.0000000e+00   7.5598570e-08
   6.0000000e+01   1.4090710e+02   4.6956880e+00   4.0407122e-02   0.0000000e+00   7.6412020e-08
   6.1000000e+01   1.3879500e+02   4.6896300e+00   4.0652399e-02   0.0000000e+00   7.7221520e-08
   6.2000000e+01   1.3674540e+02   4.6837620e+00   4.0891880e-02   0.0000000e+00   7.8027232e-08
   6.3000000e+01   1.3475560e+02   4.6780720e+00   4.1125717e-02   0.0000000e+00   7.8829390e-08
   6.4000000e+01   1.3282300e+02   4.6725550e+00   4.1353997e-02   0.0000000e+00   7.9628105e-08
   6.5000000e+01   1.3094530e+02   4.6672000e+00   4.1576853e-02   0.0000000e+00   8.0423592e-08
   6.6000000e+01   1.2912000e+02   4.6620010e+00   4.1794370e-02   0.0000000e+00   8.1215977e-08
   6.7000000e+01   1.2734510e+02   4.6569500e+00   4.2006659e-02   0.0000000e+00   8.2005477e-08
   6.8000000e+01   1.2561840e+02   4.6520420e+00   4.2213805e-02   0.0000000e+00   8.2792147e-08
   6.9000000e+01   1.2393810e+02   4.6472690e+00   4.2415895e-02   0.0000000e+00   8.3576225e-08
   7.0000000e+01   1.2230230e+02   4.6426250e+00   4.2613033e-02   0.0000000e+00   8.4357832e-08
   7.1000000e+01   1.2070930e+02   4.6381060e+00   4.2805280e-02   0.0000000e+00   8.5137044e-08
   7.2000000e+01   1.1915740e+02   4.6337060e+00   4.2992727e-02   0.0000000e+00   8.5914047e-08
   7.3000000e+01   1.1764500e+02   4.6294190e+00   4.3175452e-02   0.0000000e+00   8.6688981e-08
   7.4000000e+01   1.1617070e+02   4.6252420e+00   4.3353517e-02   0.0000000e+00   8.7461918e-08
   7.5000000e+01   1.1473310e+02   4.6211690e+00   4.3527007e-02   0.0000000e+00   8.8233024e-08
   7.6000000e+01   1.1333070e+02   4.6171960e+00   4.3695978e-02   0.0000000e+00   8.9002406e-08
   7.7000000e+01   1.1196240e+02   4.6133200e+00   4.3860501e-02   0.0000000e+00   8.9770162e-08
   7.8000000e+01   1.1062690e+02   4.6095360e+00   4.4020644e-02   0.0000000e+00   9.0536459e-08
   7.9000000e+01   1.0932290e+02   4.6058420e+00   4.4176442e-02   0.0000000e+00   9.1301300e-08
   8.0000000e+01   1.0804960e+02   4.6022330e+00   4.4327984e-02   0.0000000e+00   9.2064867e-08
   8.1000000e+01   1.0680560e+02   4.5987060e+00   4.4475308e-02   0.0000000e+00   9.2827269e-08
   8.2000000e+01   1.0559020e+02   4.5952580e+00   4.4618474e-02   0.0000000e+00   9.3588595e-08
   8.3000000e+01   1.0440220e+02   4.5918870e+00   4.4757533e-02   0.0000000e+00   9.4348924e-08
   8.4000000e+01   1.0324090e+02   4.5885890e+00   4.4892532e-02   0.0000000e+00   9.5108349e-08
   8.5000000e+01   1.0210520e+02   4.5853610e+00   4.5023522e-02   0.0000000e+00   9.5867020e-08
   8.6000000e+01   1.0099440e+02   4.5822020e+00   4.5150537e-02   0.0000000e+00   9.6624962e-08
   8.7000000e+01   9.9907580e+01   4.5791090e+00   4.5273652e-02   0.0000000e+00   9.7382313e-08
   8.8000000e+01   9.8844090e+01   4.5760790e+00   4.5392882e-02   0.0000000e+00   9.8139152e-08
   8.9000000e+01   9.7803140e+01   4.5731100e+00   4.5508278e-02   0.0000000e+00   9.8895571e-08
   9.0000000e+01   9.6784020e+01   4.5702000e+00   4.5619899e-02   0.0000000e+00   9.9651622e-08
   9.1000000e+01   9.5786060e+01   4.5673480e+00   4.5727741e-02   0.0000000e+00   1.0040742e-07
   9.2000000e+01   9.4808610e+01   4.5645500e+00   4.5831871e-02   0.0000000e+00   1.0116310e-07
   9.3000000e+01   9.3851040e+01   4.5618050e+00   4.5932338e-02   0.0000000e+00   1.0191865e-07
   9.4000000e+01   9.2912760e+01   4.5591120e+00   4.6029156e-02   0.0000000e+00   1.0267419e-07
   9.5000000e+01   9.1993190e+01   4.5564690e+00   4.6122372e-02   0.0000000e+00   1.0342977e-07
   9.6000000e+01   9.1091770e+01   4.5538740e+00   4.6211983e-02   0.0000000e+00   1.0418558e-07
   9.7000000e+01   9.0207980e+01   4.5513260e+00   4.6298057e-02   0.0000000e+00   1.0494157e-07
   9.8000000e+01   8.9341300e+01   4.5488220e+00   4.6380642e-02   0.0000000e+00   1.0569785e-07
   9.9000000e+01   8.8491260e+01   4.5463620e+00   4.6459737e-02   0.0000000e+00   1.0645449e-07
   1.0000000e+02   8.7657360e+01   4.5439450e+00   4.6535368e-02   0.0000000e+00   1.0721160e-07
   1.0100000e+02   8.6839160e+01   4.5415680e+00   4.6607574e-02   0.0000000e+00   1.0796921e-07
   1.0200000e+02   8.6036230e+01   4.5392310e+00   4.6676375e-02   0.0000000e+00   1.0872748e-07
   1.0300000e+02   8.5248130e+01   4.5369320e+00   4.6741784e-02   0.0000000e+00   1.0948642e-07
   1.0400000e+02   8.4474470e+01   4.5346700e+00   4.6803867e-02   0.0000000e+00   1.1024610e-07
   1.0500000e+02   8.3714850e+01   4.5324450e+00   4.6862636e-02   0.0000000e+00   1.1100649e-07
   1.0600000e+02   8.2968890e+01   4.5302540e+00   4.6918088e-02   0.0000000e+00   1.1176787e-07
   1.0700000e+02   8.2236240e+01   4.5280980e+00   4.6970240e-02   0.0000000e+00   1.1253012e-07
   1.0800000e+02   8.1516530e+01   4.5259740e+00   4.7019176e-02   0.0000000e+00   1.1329340e-07
   1.0900000e+02   8.0809440e+01   4.5238820e+00   4.7064850e-02   0.0000000e+00   1.1405779e-07
   1.1000000e+02   8.0114620e+01   4.5218210e+00   4.7107311e-02   0.0000000e+00   1.1482330e-07
   1.1100000e+02   7.9431780e+01   4.5197910e+00   4.7146560e-02   0.0000000e+00   1.1559004e-07
   1.1200000e+02   7.8760600e+01   4.5177890e+00   4.7182657e-02   0.0000000e+00   1.1635804e-07
   1.1300000e+02   7.8100780e+01   4.5158160e+00   4.7215596e-02   0.0000000e+00   1.1712730e-07
   1.1400000e+02   7.7452050e+01   4.5138700e+00   4.7245381e-02   0.0000000e+00   1.1789808e-07
   1.1500000e+02   7.6814130e+01   4.5119510e+00   4.7272056e-02   0.0000000e+00   1.1867024e-07
   1.1600000e+02   7.6186740e+01   4.5100580e+00   4.7295619e-02   0.0000000e+00   1.1944391e-07
   1.1700000e+02   7.5569640e+01   4.5081900e+00   4.7316081e-02   0.0000000e+00   1.2021921e-07
   1.1800000e+02   7.4962570e+01   4.5063470e+00   4.7333469e-02   0.0000000e+00   1.2099609e-07
   1.1900000e+02   7.4365300e+01   4.5045280e+00   4.7347800e-02   0.0000000e+00   1.2177469e-07
   1.2000000e+02   7.3777580e+01   4.5027310e+00   4.7359088e-02   0.0000000e+00   1.2255507e-07
   1.2100000e+02   7.3199190e+01   4.5009580e+00   4.7367327e-02   0.0000000e+00   1.2333722e-07
   1.2200000e+02   7.2629920e+01   4.4992060e+00   4.7372559e-02   0.0000000e+00   1.2412126e-07
   1.2300000e+02   7.2069540e+01   4.4974750e+00   4.7374780e-02   0.0000000e+00   1.2490725e-07
   1.2400000e+02   7.1517860e+01   4.4957650e+00   4.7374012e-02   0.0000000e+00   1.2569517e-07
   1.2500000e+02   7.0974670e+01   4.4940750e+00   4.7370255e-02   0.0000000e+00   1.2648517e-07
   1.2600000e+02   7.0439790e+01   4.4924050e+00   4.7363519e-02   0.0000000e+00   1.2727723e-07
   1.2700000e+02   6.9913020e+01   4.4907540e+00   4.7353826e-02   0.0000000e+00   1.2807142e-07
   1.2800000e+02   6.9394180e+01   4.4891210e+00   4.7341184e-02   0.0000000e+00   1.2886786e-07
   1.2900000e+02   6.8883090e+01   4.4875060e+00   4.7325600e-02   0.0000000e+00   1.2966652e-07
   1.3000000e+02   6.8379590e+01   4.4859090e+00   4.7307080e-02   0.0000000e+00   1.3046746e-07
   1.3100000e+02   6.7883500e+01   4.4843290e+00   4.7285634e-02   0.0000000e+00   1.3127077e-07
   1.3200000e+02   6.7394670e+01   4.4827650e+00   4.7261279e-02   0.0000000e+00   1.3207650e-07
   1.3300000e+02   6.6912940e+01   4.4812180e+00   4.7234009e-02   0.0000000e+00   1.3288465e-07
   1.3400000e+02   6.6438160e+01   4.4796860e+00   4.7203849e-02   0.0000000e+00   1.3369532e-07
   1.3500000e+02   6.5970170e+01   4.4781700e+00   4.7170784e-02   0.0000000e+00   1.3450853e-07
   1.3600000e+02   6.5508840e+01   4.4766680e+00   4.7134850e-02   0.0000000e+00   1.3532433e-07
   1.3700000e+02   6.5054020e+01   4.4751810e+00   4.7096030e-02   0.0000000e+00   1.3614278e-07
   1.3800000e+02   6.4605580e+01   4.4737080e+00   4.7054337e-02   0.0000000e+00   1.3696392e-07
   1.3900000e+02   6.4163390e+01   4.4722490e+00   4.7009781e-02   0.0000000e+00   1.3778778e-07
   1.4000000e+02   6.3727320e+01   4.4708030e+00   4.6962365e-02   0.0000000e+00   1.3861443e-07
   1.4100000e+02   6.3297240e+01   4.4693700e+00   4.6912087e-02   0.0000000e+00   1.3944392e-07
   1.4200000e+02   6.2873030e+01   4.4679490e+00   4.6858976e-02   0.0000000e+00   1.4027628e-07
   1.4300000e+02   6.2454570e+01   4.4665410e+00   4.6803011e-02   0.0000000e+00   1.4111153e-07
   1.4400000e+02   6.2041760e+01   4.4651450e+00   4.6744205e-02   0.0000000e+00   1.4194972e-07
   1.4500000e+02   6.1634460e+01   4.4637600e+00   4.6682568e-02   0.0000000e+00   1.4279094e-07
   1.4600000e+02   6.1232590e+01   4.4623870e+00   4.6618090e-02   0.0000000e+00   1.4363518e-07
   1.4700000e+02   6.0836020e+01   4.4610250e+00   4.6550786e-02   0.0000000e+00   1.4448247e-07
   1.4800000e+02   6.0444670e+01   4.4596730e+00   4.6480663e-02   0.0000000e+00   1.4533292e-07
   1.4900000e+02   6.0058420e+01   4.4583320e+00   4.6407715e-02   0.0000000e+00   1.4618649e-07
   1.5000000e+02   5.9677170e+01   4.4570010e+00   4.6331951e-02   0.0000000e+00   1.4704324e-07
   1.5100000e+02   5.9300840e+01   4.4556800e+00   4.6253363e-02   0.0000000e+00   1.4790324e-07
   1.5200000e+02   5.8929330e+01   4.4543680e+00   4.6171971e-02   0.0000000e+00   1.4876651e-07
   1.5300000e+02   5.8562550e+01   4.4530660e+00   4.6087763e-02   0.0000000e+00   1.4963304e-07
   1.5400000e+02   5.8200400e+01   4.4517730e+00   4.6000748e-02   0.0000000e+00   1.5050290e-07
   1.5500000e+02   5.7842810e+01   4.4504890e+00   4.5910920e-02   0.0000000e+00   1.5137613e-07
   1.5600000e+02   5.7489690e+01   4.4492130e+00   4.5818292e-02   0.0000000e+00   1.5225276e-07
   1.5700000e+02   5.7140950e+01   4.4479450e+00   4.5722863e-02   0.0000000e+00   1.5313285e-07
   1.5800000e+02   5.6796520e+01   4.4466860e+00   4.5624619e-02   0.0000000e+00   1.5401637e-07
   1.5900000e+02   5.6456320e+01   4.4454350e+00   4.5523580e-02   0.0000000e+00   1.5490333e-07
   1.6000000e+02   5.6120270e+01   4.4441910e+00   4.5419746e-02   0.0000000e+00   1.5579385e-07
   1.6100000e+02   5.5788300e+01   4.4429540e+00   4.5313123e-02   0.0000000e+00   1.5668790e-07
   1.6200000e+02   5.5460330e+01   4.4417250e+00   4.5203680e-02   0.0000000e+00   1.5758554e-07
   1.6300000e+02   5.5136290e+01   4.4405030e+00   4.5091447e-02   0.0000000e+00   1.5848675e-07
   1.6400000e+02   5.4816120e+01   4.4392870e+00   4.4976427e-02   0.0000000e+00   1.5939162e-07
   1.6500000e+02   5.4499750e+01   4.4380780e+00   4.4858609e-02   0.0000000e+00   1.6030010e-07
   1.6600000e+02   5.4187100e+01   4.4368760e+00   4.4737985e-02   0.0000000e+00   1.6121224e-07
   1.6700000e+02   5.3878130e+01   4.4356800e+00   4.4614566e-02   0.0000000e+00   1.6212805e-07
   1.6800000e+02   5.3572750e+01   4.4344890e+00   4.4488359e-02   0.0000000e+00   1.6304765e-07
   1.6900000e+02   5.3270910e+01   4.4333050e+00   4.4359361e-02   0.0000000e+00   1.6397088e-07
   1.7000000e+02   5.2972560e+01   4.4321260e+00   4.4227559e-02   0.0000000e+00   1.6489793e-07
   1.7100000e+02   5.2677630e+01   4.4309530e+00   4.4092968e-02   0.0000000e+00   1.6582871e-07
   1.7200000e+02   5.2386060e+01   4.4297850e+00   4.3955572e-02   0.0000000e+00   1.6676329e-07
   1.7300000e+02   5.2097800e+01   4.4286220e+00   4.3815399e-02   0.0000000e+00   1.6770164e-07
   1.7400000e+02   5.1812790e+01   4.4274640e+00   4.3672427e-02   0.0000000e+00   1.6864381e-07
   1.7500000e+02   5.1530980e+01   4.4263110e+00   4.3526664e-02   0.0000000e+00   1.6958979e-07
   1.7600000e+02   5.1252320e+01   4.4251630e+00   4.3378087e-02   0.0000000e+00   1.7053962e-07
   1.7700000e+02   5.0976750e+01   4.4240190e+00   4.3226741e-02   0.0000000e+00   1.7149329e-07
   1.7800000e+02   5.0704230e+01   4.4228790e+00   4.3072589e-02   0.0000000e+00   1.7245085e-07
   1.7900000e+02   5.0434700e+01   4.4217440e+00   4.2915643e-02   0.0000000e+00   1.7341224e-07
   1.8000000e+02   5.0168120e+01   4.4206130e+00   4.2755907e-02   0.0000000e+00   1.7437745e-07
   1.8100000e+02   4.9904440e+01   4.4194850e+00   4.2593385e-02   0.0000000e+00   1.7534661e-07
   1.8200000e+02   4.9643610e+01   4.4183620e+00   4.2428056e-02   0.0000000e+00   1.7631961e-07
   1.8300000e+02   4.9385590e+01   4.4172420e+00   4.2259946e-02   0.0000000e+00   1.7729651e-07
   1.8400000e+02   4.9130340e+01   4.4161250e+00   4.2089044e-02   0.0000000e+00   1.7827734e-07
   1.8500000e+02   4.8877810e+01   4.4150120e+00   4.1915350e-02   0.0000000e+00   1.7926197e-07
   1.8600000e+02   4.8627950e+01   4.4139020e+00   4.1738868e-02   0.0000000e+00   1.8025054e-07
   1.8700000e+02   4.8380730e+01   4.4127950e+00   4.1559591e-02   0.0000000e+00   1.8124300e-07
   1.8800000e+02   4.8136110e+01   4.4116910e+00   4.1377535e-02   0.0000000e+00   1.8223931e-07
   1.8900000e+02   4.7894050e+01   4.4105900e+00   4.1192686e-02   0.0000000e+00   1.8323952e-07
   1.9000000e+02   4.7654510e+01   4.4094920e+00   4.1005046e-02   0.0000000e+00   1.8424356e-07
   1.9100000e+02   4.7417440e+01   4.4083960e+00   4.0814631e-02   0.0000000e+00   1.8525153e-07
   1.9200000e+02   4.7182820e+01   4.4073030e+00   4.0621426e-02   0.0000000e+00   1.8626327e-07
   1.9300000e+02   4.6950600e+01   4.4062120e+00   4.0425436e-02   0.0000000e+00   1.8727895e-07
   1.9400000e+02   4.6720750e+01   4.4051230e+00   4.0226679e-02   0.0000000e+00   1.8829844e-07
   1.9500000e+02   4.6493230e+01   4.4040370e+00   4.0025137e-02   0.0000000e+00   1.8932171e-07
   1.9600000e+02   4.6268020e+01   4.4029530e+00   3.9820821e-02   0.0000000e+00   1.9034877e-07
   1.9700000e+02   4.6045070e+01   4.4018700e+00   3.9613735e-02   0.0000000e+00   1.9137970e-07
   1.9800000e+02   4.5824350e+01   4.4007900e+00   3.9403879e-02   0.0000000e+00   1.9241431e-07
   1.9900000e+02   4.5605840e+01   4.3997110e+00   3.9191246e-02   0.0000000e+00   1.9345277e-07
   2.0000000e+02   4.5389490e+01   4.3986340e+00   3.8975852e-02   0.0000000e+00   1.9449493e-07
   2.0100000e+02   4.5175280e+01   4.3975580e+00   3.8757702e-02   0.0000000e+00   1.9554083e-07
   2.0200000e+02   4.4963170e+01   4.3964840e+00   3.8536791e-02   0.0000000e+00   1.9659041e-07
   2.0300000e+02   4.4753140e+01   4.3954110e+00   3.8313136e-02   0.0000000e+00   1.9764364e-07
   2.0400000e+02   4.4545160e+01   4.3943400e+00   3.8086713e-02   0.0000000e+00   1.9870051e-07
   2.0500000e+02   4.4339190e+01   4.3932700e+00   3.7857554e-02   0.0000000e+00   1.9976100e-07
   2.0600000e+02   4.4135220e+01   4.3922000e+00   3.7625660e-02   0.0000000e+00   2.0082515e-07
   2.0700000e+02   4.3933200e+01   4.3911320e+00   3.7391030e-02   0.0000000e+00   2.0189277e-07
   2.0800000e+02   4.3733120e+01   4.3900650e+00   3.7153653e-02   0.0000000e+00   2.0296395e-07
   2.0900000e+02   4.3534950e+01   4.3889980e+00   3.6913563e-02   0.0000000e+00   2.0403869e-07
   2.1000000e+02   4.3338650e+01   4.3879330e+00   3.6670763e-02   0.0000000e+00   2.0511676e-07
   2.1100000e+02   4.3144210e+01   4.3868680e+00   3.6425241e-02   0.0000000e+00   2.0619833e-07
   2.1200000e+02   4.2951600e+01   4.3858030e+00   3.6177006e-02   0.0000000e+00   2.0728336e-07
   2.1300000e+02   4.2760800e+01   4.3847390e+00   3.5926086e-02   0.0000000e+00   2.0837167e-07
   2.1400000e+02   4.2571770e+01   4.3836760e+00   3.5672453e-02   0.0000000e+00   2.0946330e-07
   2.1500000e+02   4.2384500e+01   4.3826130e+00   3.5416152e-02   0.0000000e+00   2.1055819e-07
   2.1600000e+02   4.2198960e+01   4.3815500e+00   3.5157158e-02   0.0000000e+00   2.1165637e-07
   2.1700000e+02   4.2015130e+01   4.3804880e+00   3.4895505e-02   0.0000000e+00   2.1275764e-07
   2.1800000e+02   4.1832990e+01   4.3794250e+00   3.4631199e-02   0.0000000e+00   2.1386213e-07
   2.1900000e+02   4.1652510e+01   4.3783630e+00   3.4364220e-02   0.0000000e+00   2.1496970e-07
   2.2000000e+02   4.1473670e+01   4.3773010e+00   3.4094606e-02   0.0000000e+00   2.1608028e-07
   2.2100000e+02   4.1296450e+01   4.3762380e+00   3.3822375e-02   0.0000000e+00   2.1719392e-07
   2.2200000e+02   4.1120840e+01   4.3751760e+00   3.3547500e-02   0.0000000e+00   2.1831044e-07
   2.2300000e+02   4.0946790e+01   4.3741130e+00   3.3270027e-02   0.0000000e+00   2.1942991e-07
   2.2400000e+02   4.0774310e+01   4.3730510e+00   3.2989926e-02   0.0000000e+00   2.2055219e-07
   2.2500000e+02   4.0603360e+01   4.3719870e+00   3.2707268e-02   0.0000000e+00   2.2167728e-07
   2.2600000e+02   4.0433940e+01   4.3709240e+00   3.2422015e-02   0.0000000e+00   2.2280504e-07
   2.2700000e+02   4.0266000e+01   4.3698600e+00   3.2134174e-02   0.0000000e+00   2.2393559e-07
   2.2800000e+02   4.0099550e+01   4.3687960e+00   3.1843801e-02   0.0000000e+00   2.2506863e-07
   2.2900000e+02   3.9934560e+01   4.3677310e+00   3.1550884e-02   0.0000000e+00   2.2620427e-07
   2.3000000e+02   3.9771010e+01   4.3666660e+00   3.1255412e-02   0.0000000e+00   2.2734243e-07
   2.3100000e+02   3.9608880e+01   4.3656000e+00   3.0957447e-02   0.0000000e+00   2.2848299e-07
   2.3200000e+02   3.9448160e+01   4.3645330e+00   3.0656965e-02   0.0000000e+00   2.2962597e-07
   2.3300000e+02   3.9288830e+01   4.3634650e+00   3.0354006e-02   0.0000000e+00   2.3077123e-07
   2.3400000e+02   3.9130860e+01   4.3623970e+00   3.0048562e-02   0.0000000e+00   2.3191871e-07
   2.3500000e+02   3.8974250e+01   4.3613280e+00   2.9740662e-02   0.0000000e+00   2.3306838e-07
   2.3600000e+02   3.8818980e+01   4.3602580e+00   2.9430335e-02   0.0000000e+00   2.3422009e-07
   2.3700000e+02   3.8665030e+01   4.3591870e+00   2.9117562e-02   0.0000000e+00   2.3537389e-07
   2.3800000e+02   3.8512380e+01   4.3581160e+00   2.8802358e-02   0.0000000e+00   2.3652965e-07
   2.3900000e+02   3.8361020e+01   4.3570430e+00   2.8484791e-02   0.0000000e+00   2.3768727e-07
   2.4000000e+02   3.8210930e+01   4.3559690e+00   2.8164833e-02   0.0000000e+00   2.3884674e-07
   2.4100000e+02   3.8062100e+01   4.3548940e+00   2.7842501e-02   0.0000000e+00   2.4000802e-07
   2.4200000e+02   3.7914510e+01   4.3538180e+00   2.7517837e-02   0.0000000e+00   2.4117089e-07
   2.4300000e+02   3.7768150e+01   4.3527410e+00   2.7190850e-02   0.0000000e+00   2.4233533e-07
   2.4400000e+02   3.7623000e+01   4.3516630e+00   2.6861540e-02   0.0000000e+00   2.4350133e-07
   2.4500000e+02   3.7479040e+01   4.3505830e+00   2.6529970e-02   0.0000000e+00   2.4466878e-07
   2.4600000e+02   3.7336280e+01   4.3495020e+00   2.6196107e-02   0.0000000e+00   2.4583759e-07
   2.4700000e+02   3.7194680e+01   4.3484200e+00   2.5860005e-02   0.0000000e+00   2.4700768e-07
   2.4800000e+02   3.7054230e+01   4.3473360e+00   2.5521674e-02   0.0000000e+00   2.4817900e-07
   2.4900000e+02   3.6914930e+01   4.3462520e+00   2.5181145e-02   0.0000000e+00   2.4935133e-07
   2.5000000e+02   3.6776760e+01   4.3451650e+00   2.4838409e-02   0.0000000e+00   2.5052490e-07
   2.5100000e+02   3.6639700e+01   4.3440780e+00   2.4493525e-02   0.0000000e+00   2.5169922e-07
   2.5200000e+02   3.6503750e+01   4.3429880e+00   2.4146461e-02   0.0000000e+00   2.5287465e-07
   2.5300000e+02   3.6368880e+01   4.3418980e+00   2.3797299e-02   0.0000000e+00   2.5405073e-07
   2.5400000e+02   3.6235090e+01   4.3408050e+00   2.3446041e-02   0.0000000e+00   2.5522759e-07
   2.5500000e+02   3.6102370e+01   4.3397120e+00   2.3092685e-02   0.0000000e+00   2.5640502e-07
   2.5600000e+02   3.5970700e+01   4.3386160e+00   2.2737317e-02   0.0000000e+00   2.5758299e-07
   2.5700000e+02   3.5840070e+01   4.3375190e+00   2.2379886e-02   0.0000000e+00   2.5876145e-07
   2.5800000e+02   3.5710470e+01   4.3364210e+00   2.2020435e-02   0.0000000e+00   2.5994027e-07
   2.5900000e+02   3.5581880e+01   4.3353210e+00   2.1659022e-02   0.0000000e+00   2.6111934e-07
   2.6000000e+02   3.5454300e+01   4.3342190e+00   2.1295622e-02   0.0000000e+00   2.6229872e-07
   2.6100000e+02   3.5327720e+01   4.3331150e+00   2.0930302e-02   0.0000000e+00   2.6347818e-07
   2.6200000e+02   3.5202110e+01   4.3320100e+00   2.0563082e-02   0.0000000e+00   2.6465759e-07
   2.6300000e+02   3.5077480e+01   4.3309030e+00   2.0193975e-02   0.0000000e+00   2.6583699e-07
   2.6400000e+02   3.4953810e+01   4.3297940e+00   1.9822977e-02   0.0000000e+00   2.6701633e-07
   2.6500000e+02   3.4831090e+01   4.3286840e+00   1.9450157e-02   0.0000000e+00   2.6819529e-07
   2.6600000e+02   3.4709310e+01   4.3275710e+00   1.9075539e-02   0.0000000e+00   2.6937401e-07
   2.6700000e+02   3.4588460e+01   4.3264570e+00   1.8699135e-02   0.0000000e+00   2.7055227e-07
   2.6800000e+02   3.4468530e+01   4.3253410e+00   1.8320992e-02   0.0000000e+00   2.7173000e-07
   2.6900000e+02   3.4349510e+01   4.3242240e+00   1.7941085e-02   0.0000000e+00   2.7290717e-07
   2.7000000e+02   3.4231390e+01   4.3231040e+00   1.7559485e-02   0.0000000e+00   2.7408370e-07
   2.7100000e+02   3.4114160e+01   4.3219830e+00   1.7176187e-02   0.0000000e+00   2.7525949e-07
   2.7200000e+02   3.3997800e+01   4.3208590e+00   1.6791279e-02   0.0000000e+00   2.7643436e-07
   2.7300000e+02   3.3882320e+01   4.3197340e+00   1.6404746e-02   0.0000000e+00   2.7760828e-07
   2.7400000e+02   3.3767700e+01   4.3186070e+00   1.6016620e-02   0.0000000e+00   2.7878114e-07
   2.7500000e+02   3.3653930e+01   4.3174780e+00   1.5626904e-02   0.0000000e+00   2.7995295e-07
   2.7600000e+02   3.3541000e+01   4.3163470e+00   1.5235650e-02   0.0000000e+00   2.8112359e-07
   2.7700000e+02   3.3428900e+01   4.3152140e+00   1.4842918e-02   0.0000000e+00   2.8229281e-07
   2.7800000e+02   3.3317630e+01   4.3140800e+00   1.4448660e-02   0.0000000e+00   2.8346072e-07
   2.7900000e+02   3.3207170e+01   4.3129430e+00   1.4052985e-02   0.0000000e+00   2.8462715e-07
   2.8000000e+02   3.3097530e+01   4.3118050e+00   1.3655869e-02   0.0000000e+00   2.8579196e-07
   2.8100000e+02   3.2988680e+01   4.3106640e+00   1.3257359e-02   0.0000000e+00   2.8695521e-07
   2.8200000e+02   3.2880620e+01   4.3095220e+00   1.2857515e-02   0.0000000e+00   2.8811657e-07
   2.8300000e+02   3.2773340e+01   4.3083770e+00   1.2456295e-02   0.0000000e+00   2.8927630e-07
   2.8400000e+02   3.2666830e+01   4.3072310e+00   1.2053789e-02   0.0000000e+00   2.9043399e-07
   2.8500000e+02   3.2561100e+01   4.3060830e+00   1.1649974e-02   0.0000000e+00   2.9158976e-07
   2.8600000e+02   3.2456110e+01   4.3049320e+00   1.1244937e-02   0.0000000e+00   2.9274350e-07
   2.8700000e+02   3.2351880e+01   4.3037800e+00   1.0838642e-02   0.0000000e+00   2.9389510e-07
   2.8800000e+02   3.2248390e+01   4.3026260e+00   1.0431205e-02   0.0000000e+00   2.9504428e-07
   2.8900000e+02   3.2145640e+01   4.3014700e+00   1.0022572e-02   0.0000000e+00   2.9619128e-07
   2.9000000e+02   3.2043610e+01   4.3003120e+00   9.6128263e-03   0.0000000e+00   2.9733580e-07
   2.9100000e+02   3.1942300e+01   4.2991520e+00   9.2019590e-03   0.0000000e+00   2.9847792e-07
   2.9200000e+02   3.1841700e+01   4.2979900e+00   8.7900328e-03   0.0000000e+00   2.9961736e-07
   2.9300000e+02   3.1741810e+01   4.2968260e+00   8.3770639e-03   0.0000000e+00   3.0075422e-07
   2.9400000e+02   3.1642610e+01   4.2956600e+00   7.9630816e-03   0.0000000e+00   3.0188828e-07
   2.9500000e+02   3.1544100e+01   4.2944920e+00   7.5481106e-03   0.0000000e+00   3.0301957e-07
   2.9600000e+02   3.1446280e+01   4.2933220e+00   7.1321644e-03   0.0000000e+00   3.0414806e-07
   2.9700000e+02   3.1349140e+01   4.2921500e+00   6.7153162e-03   0.0000000e+00   3.0527346e-07
   2.9800000e+02   3.1252660e+01   4.2909770e+00   6.2975639e-03   0.0000000e+00   3.0639585e-07
   2.9900000e+02   3.1156850e+01   4.2898010e+00   5.8789312e-03   0.0000000e+00   3.0751521e-07
   3.0000000e+02   3.1061690e+01   4.2886230e+00   5.4594625e-03   0.0000000e+00   3.0863134e-07
   3.0100000e+02   3.0967180e+01   4.2874440e+00   5.0392283e-03   0.0000000e+00   3.0974406e-07
   3.0200000e+02   3.0873320e+01   4.2862630e+00   4.6181707e-03   0.0000000e+00   3.1085349e-07
   3.0300000e+02   3.0780090e+01   4.2850790e+00   4.1963715e-03   0.0000000e+00   3.1195958e-07
   3.0400000e+02   3.0687490e+01   4.2838940e+00   3.7738350e-03   0.0000000e+00   3.1306223e-07
   3.0500000e+02   3.0595520e+01   4.2827070e+00   3.3506174e-03   0.0000000e+00   3.1416129e-07
   3.0600000e+02   3.0504170e+01   4.2815180e+00   2.9267478e-03   0.0000000e+00   3.1525665e-07
   3.0700000e+02   3.0413430e+01   4.2803270e+00   2.5022424e-03   0.0000000e+00   3.1634834e-07
   3.0800000e+02   3.0323290e+01   4.2791350e+00   2.0771288e-03   0.0000000e+00   3.1743627e-07
   3.0900000e+02   3.0233760e+01   4.2779400e+00   1.6514343e-03   0.0000000e+00   3.1852033e-07
   3.1000000e+02   3.0144810e+01   4.2767440e+00   1.2251550e-03   0.0000000e+00   3.1960067e-07
   3.1100000e+02   3.0056460e+01   4.2755460e+00   7.9838651e-04   0.0000000e+00   3.2067690e-07
   3.1200000e+02   2.9968690e+01   4.2743460e+00   3.7112517e-04   0.0000000e+00   3.2174913e-07
   3.1300000e+02   2.9881500e+01   4.2731440e+00  -5.6583162e-05   0.0000000e+00   3.2281724e-07
   3.1400000e+02   2.9794880e+01   4.2719410e+00  -4.8476712e-04   0.0000000e+00   3.2388121e-07
   3.1500000e+02   2.9708820e+01   4.2707350e+00  -9.1335836e-04   0.0000000e+00   3.2494112e-07
   3.1600000e+02   2.9623330e+01   4.2695280e+00  -1.3423217e-03   0.0000000e+00   3.2599663e-07
   3.1700000e+02   2.9538390e+01   4.2683190e+00  -1.7716558e-03   0.0000000e+00   3.2704791e-07
   3.1800000e+02   2.9454000e+01   4.2671090e+00  -2.2013186e-03   0.0000000e+00   3.2809468e-07
   3.1900000e+02   2.9370160e+01   4.2658960e+00  -2.6312539e-03   0.0000000e+00   3.2913705e-07
   3.2000000e+02   2.9286860e+01   4.2646820e+00  -3.0615426e-03   0.0000000e+00   3.3017512e-07
   3.2100000e+02   2.9204090e+01   4.2634660e+00  -3.4920143e-03   0.0000000e+00   3.3120846e-07
   3.2200000e+02   2.9121850e+01   4.2622490e+00  -3.9226929e-03   0.0000000e+00   3.3223712e-07
   3.2300000e+02   2.9040130e+01   4.2610300e+00  -4.3536464e-03   0.0000000e+00   3.3326131e-07
   3.2400000e+02   2.8958940e+01   4.2598090e+00  -4.7847064e-03   0.0000000e+00   3.3428067e-07
   3.2500000e+02   2.8878260e+01   4.2585870e+00  -5.2159458e-03   0.0000000e+00   3.3529526e-07
   3.2600000e+02   2.8798090e+01   4.2573630e+00  -5.6473034e-03   0.0000000e+00   3.3630518e-07
   3.2700000e+02   2.8718420e+01   4.2561370e+00  -6.0787669e-03   0.0000000e+00   3.3731019e-07
   3.2800000e+02   2.8639260e+01   4.2549100e+00  -6.5102716e-03   0.0000000e+00   3.3831024e-07
   3.2900000e+02   2.8560590e+01   4.2536810e+00  -6.9418650e-03   0.0000000e+00   3.3930545e-07
   3.3000000e+02   2.8482410e+01   4.2524510e+00  -7.3734669e-03   0.0000000e+00   3.4029565e-07
   3.3100000e+02   2.8404720e+01   4.2512190e+00  -7.8050454e-03   0.0000000e+00   3.4128076e-07
   3.3200000e+02   2.8327510e+01   4.2499860e+00  -8.2366242e-03   0.0000000e+00   3.4226083e-07
   3.3300000e+02   2.8250780e+01   4.2487510e+00  -8.6681861e-03   0.0000000e+00   3.4323593e-07
   3.3400000e+02   2.8174520e+01   4.2475150e+00  -9.0996339e-03   0.0000000e+00   3.4420570e-07
   3.3500000e+02   2.8098730e+01   4.2462770e+00  -9.5309763e-03   0.0000000e+00   3.4517032e-07
   3.3600000e+02   2.8023400e+01   4.2450370e+00  -9.9622526e-03   0.0000000e+00   3.4612988e-07
   3.3700000e+02   2.7948540e+01   4.2437970e+00  -1.0393347e-02   0.0000000e+00   3.4708387e-07
   3.3800000e+02   2.7874130e+01   4.2425550e+00  -1.0824314e-02   0.0000000e+00   3.4803281e-07
   3.3900000e+02   2.7800180e+01   4.2413110e+00  -1.1255092e-02   0.0000000e+00   3.4897646e-07
   3.4000000e+02   2.7726670e+01   4.2400660e+00  -1.1685652e-02   0.0000000e+00   3.4991458e-07
   3.4100000e+02   2.7653610e+01   4.2388200e+00  -1.2116025e-02   0.0000000e+00   3.5084742e-07
   3.4200000e+02   2.7580980e+01   4.2375730e+00  -1.2546098e-02   0.0000000e+00   3.5177471e-07
   3.4300000e+02   2.7508800e+01   4.2363240e+00  -1.2975929e-02   0.0000000e+00   3.5269656e-07
   3.4400000e+02   2.7437040e+01   4.2350740e+00  -1.3405471e-02   0.0000000e+00   3.5361298e-07
   3.4500000e+02   2.7365720e+01   4.2338220e+00  -1.3834737e-02   0.0000000e+00   3.5452403e-07
   3.4600000e+02   2.7294810e+01   4.2325690e+00  -1.4263624e-02   0.0000000e+00   3.5542942e-07
   3.4700000e+02   2.7224330e+01   4.2313160e+00  -1.4692215e-02   0.0000000e+00   3.5632920e-07
   3.4800000e+02   2.7154270e+01   4.2300600e+00  -1.5120379e-02   0.0000000e+00   3.5722338e-07
   3.4900000e+02   2.7084620e+01   4.2288040e+00  -1.5548220e-02   0.0000000e+00   3.5811205e-07
   3.5000000e+02   2.7015380e+01   4.2275470e+00  -1.5975564e-02   0.0000000e+00   3.5899477e-07
   3.5100000e+02   2.6946540e+01   4.2262880e+00  -1.6402595e-02   0.0000000e+00   3.5987232e-07
   3.5200000e+02   2.6878110e+01   4.2250280e+00  -1.6829149e-02   0.0000000e+00   3.6074398e-07
   3.5300000e+02   2.6810080e+01   4.2237670e+00  -1.7255233e-02   0.0000000e+00   3.6160992e-07
   3.5400000e+02   2.6742440e+01   4.2225050e+00  -1.7680818e-02   0.0000000e+00   3.6247007e-07
   3.5500000e+02   2.6675190e+01   4.2212420e+00  -1.8105913e-02   0.0000000e+00   3.6332450e-07
   3.5600000e+02   2.6608340e+01   4.2199780e+00  -1.8530528e-02   0.0000000e+00   3.6417331e-07
   3.5700000e+02   2.6541870e+01   4.2187130e+00  -1.8954590e-02   0.0000000e+00   3.6501620e-07
   3.5800000e+02   2.6475780e+01   4.2174470e+00  -1.9378126e-02   0.0000000e+00   3.6585338e-07
   3.5900000e+02   2.6410060e+01   4.2161800e+00  -1.9801080e-02   0.0000000e+00   3.6668474e-07
   3.6000000e+02   2.6344730e+01   4.2149120e+00  -2.0223488e-02   0.0000000e+00   3.6751033e-07
   3.6100000e+02   2.6279770e+01   4.2136430e+00  -2.0645245e-02   0.0000000e+00   3.6833003e-07
   3.6200000e+02   2.6215170e+01   4.2123730e+00  -2.1066436e-02   0.0000000e+00   3.6914398e-07
   3.6300000e+02   2.6150940e+01   4.2111020e+00  -2.1487034e-02   0.0000000e+00   3.6995221e-07
   3.6400000e+02   2.6087080e+01   4.2098300e+00  -2.1906953e-02   0.0000000e+00   3.7075436e-07
   3.6500000e+02   2.6023570e+01   4.2085570e+00  -2.2326184e-02   0.0000000e+00   3.7155064e-07
   3.6600000e+02   2.5960420e+01   4.2072840e+00  -2.2744820e-02   0.0000000e+00   3.7234115e-07
   3.6700000e+02   2.5897620e+01   4.2060100e+00  -2.3162700e-02   0.0000000e+00   3.7312570e-07
   3.6800000e+02   2.5835180e+01   4.2047340e+00  -2.3579948e-02   0.0000000e+00   3.7390453e-07
   3.6900000e+02   2.5773080e+01   4.2034590e+00  -2.3996451e-02   0.0000000e+00   3.7467732e-07
   3.7000000e+02   2.5711320e+01   4.2021820e+00  -2.4412261e-02   0.0000000e+00   3.7544430e-07
   3.7100000e+02   2.5649910e+01   4.2009050e+00  -2.4827335e-02   0.0000000e+00   3.7620533e-07
   3.7200000e+02   2.5588840e+01   4.1996270e+00  -2.5241612e-02   0.0000000e+00   3.7696033e-07
   3.7300000e+02   2.5528100e+01   4.1983480e+00  -2.5655185e-02   0.0000000e+00   3.7770968e-07
   3.7400000e+02   2.5467690e+01   4.1970680e+00  -2.6067956e-02   0.0000000e+00   3.7845302e-07
   3.7500000e+02   2.5407620e+01   4.1957880e+00  -2.6479928e-02   0.0000000e+00   3.7919040e-07
   3.7600000e+02   2.5347870e+01   4.1945080e+00  -2.6891090e-02   0.0000000e+00   3.7992180e-07
   3.7700000e+02   2.5288450e+01   4.1932260e+00  -2.7301506e-02   0.0000000e+00   3.8064751e-07
   3.7800000e+02   2.5229350e+01   4.1919440e+00  -2.7711059e-02   0.0000000e+00   3.8136727e-07
   3.7900000e+02   2.5170570e+01   4.1906620e+00  -2.8119772e-02   0.0000000e+00   3.8208091e-07
   3.8000000e+02   2.5112110e+01   4.1893790e+00  -2.8527666e-02   0.0000000e+00   3.8278880e-07
   3.8100000e+02   2.5053960e+01   4.1880950e+00  -2.8934717e-02   0.0000000e+00   3.8349090e-07
   3.8200000e+02   2.4996120e+01   4.1868110e+00  -2.9340891e-02   0.0000000e+00   3.8418694e-07
   3.8300000e+02   2.4938600e+01   4.1855270e+00  -2.9746191e-02   0.0000000e+00   3.8487701e-07
   3.8400000e+02   2.4881370e+01   4.1842420e+00  -3.0150610e-02   0.0000000e+00   3.8556140e-07
   3.8500000e+02   2.4824460e+01   4.1829560e+00  -3.0554115e-02   0.0000000e+00   3.8623974e-07
   3.8600000e+02   2.4767840e+01   4.1816700e+00  -3.0956757e-02   0.0000000e+00   3.8691234e-07
   3.8700000e+02   2.4711530e+01   4.1803840e+00  -3.1358473e-02   0.0000000e+00   3.8757900e-07
   3.8800000e+02   2.4655510e+01   4.1790970e+00  -3.1759227e-02   0.0000000e+00   3.8823965e-07
   3.8900000e+02   2.4599780e+01   4.1778100e+00  -3.2159057e-02   0.0000000e+00   3.8889463e-07
   3.9000000e+02   2.4544350e+01   4.1765230e+00  -3.2558008e-02   0.0000000e+00   3.8954375e-07
   3.9100000e+02   2.4489210e+01   4.1752350e+00  -3.2955998e-02   0.0000000e+00   3.9018708e-07
   3.9200000e+02   2.4434350e+01   4.1739480e+00  -3.3352989e-02   0.0000000e+00   3.9082432e-07
   3.9300000e+02   2.4379780e+01   4.1726590e+00  -3.3749097e-02   0.0000000e+00   3.9145610e-07
   3.9400000e+02   2.4325490e+01   4.1713710e+00  -3.4144170e-02   0.0000000e+00   3.9208178e-07
   3.9500000e+02   2.4271490e+01   4.1700820e+00  -3.4538253e-02   0.0000000e+00   3.9270165e-07
   3.9600000e+02   2.4217760e+01   4.1687930e+00  -3.4931435e-02   0.0000000e+00   3.9331600e-07
   3.9700000e+02   2.4164310e+01   4.1675040e+00  -3.5323529e-02   0.0000000e+00   3.9392429e-07
   3.9800000e+02   2.4111130e+01   4.1662150e+00  -3.5714678e-02   0.0000000e+00   3.9452692e-07
   3.9900000e+02   2.4058220e+01   4.1649250e+00  -3.6104810e-02   0.0000000e+00   3.9512380e-07
   4.0000000e+02   2.4005580e+01   4.1636360e+00  -3.6493962e-02   0.0000000e+00   3.9571505e-07
   4.0100000e+02   2.3953210e+01   4.1623460e+00  -3.6882078e-02   0.0000000e+00   3.9630049e-07
   4.0200000e+02   2.3901110e+01   4.1610560e+00  -3.7269165e-02   0.0000000e+00   3.9688016e-07
   4.0300000e+02   2.3849270e+01   4.1597660e+00  -3.7655163e-02   0.0000000e+00   3.9745408e-07
   4.0400000e+02   2.3797690e+01   4.1584760e+00  -3.8040221e-02   0.0000000e+00   3.9802253e-07
   4.0500000e+02   2.3746360e+01   4.1571860e+00  -3.8424210e-02   0.0000000e+00   3.9858527e-07
   4.0600000e+02   2.3695300e+01   4.1558960e+00  -3.8807110e-02   0.0000000e+00   3.9914218e-07
   4.0700000e+02   2.3644490e+01   4.1546060e+00  -3.9189032e-02   0.0000000e+00   3.9969366e-07
   4.0800000e+02   2.3593940e+01   4.1533160e+00  -3.9569828e-02   0.0000000e+00   4.0023932e-07
   4.0900000e+02   2.3543630e+01   4.1520260e+00  -3.9949595e-02   0.0000000e+00   4.0077948e-07
   4.1000000e+02   2.3493580e+01   4.1507360e+00  -4.0328271e-02   0.0000000e+00   4.0131390e-07
   4.1100000e+02   2.3443770e+01   4.1494460e+00  -4.0705893e-02   0.0000000e+00   4.0184286e-07
   4.1200000e+02   2.3394210e+01   4.1481570e+00  -4.1082444e-02   0.0000000e+00   4.0236625e-07
   4.1300000e+02   2.3344890e+01   4.1468670e+00  -4.1457911e-02   0.0000000e+00   4.0288424e-07
   4.1400000e+02   2.3295810e+01   4.1455770e+00  -4.1832338e-02   0.0000000e+00   4.0339665e-07
   4.1500000e+02   2.3246980e+01   4.1442880e+00  -4.2205644e-02   0.0000000e+00   4.0390351e-07
   4.1600000e+02   2.3198380e+01   4.1429990e+00  -4.2577878e-02   0.0000000e+00   4.0440496e-07
   4.1700000e+02   2.3150020e+01   4.1417100e+00  -4.2948960e-02   0.0000000e+00   4.0490079e-07
   4.1800000e+02   2.3101890e+01   4.1404210e+00  -4.3319017e-02   0.0000000e+00   4.0539133e-07
   4.1900000e+02   2.3053990e+01   4.1391320e+00  -4.3687936e-02   0.0000000e+00   4.0587645e-07
   4.2000000e+02   2.3006330e+01   4.1378440e+00  -4.4055733e-02   0.0000000e+00   4.0635602e-07
   4.2100000e+02   2.2958900e+01   4.1365560e+00  -4.4422444e-02   0.0000000e+00   4.0683024e-07
   4.2200000e+02   2.2911690e+01   4.1352680e+00  -4.4788060e-02   0.0000000e+00   4.0729919e-07
   4.2300000e+02   2.2864710e+01   4.1339810e+00  -4.5152565e-02   0.0000000e+00   4.0776279e-07
   4.2400000e+02   2.2817950e+01   4.1326930e+00  -4.5515949e-02   0.0000000e+00   4.0822114e-07
   4.2500000e+02   2.2771410e+01   4.1314060e+00  -4.5878177e-02   0.0000000e+00   4.0867400e-07
   4.2600000e+02   2.2725100e+01   4.1301200e+00  -4.6239320e-02   0.0000000e+00   4.0912164e-07
   4.2700000e+02   2.2679000e+01   4.1288340e+00  -4.6599373e-02   0.0000000e+00   4.0956406e-07
   4.2800000e+02   2.2633130e+01   4.1275480e+00  -4.6958236e-02   0.0000000e+00   4.1000116e-07
   4.2900000e+02   2.2587460e+01   4.1262620e+00  -4.7316033e-02   0.0000000e+00   4.1043329e-07
   4.3000000e+02   2.2542020e+01   4.1249770e+00  -4.7672690e-02   0.0000000e+00   4.1086006e-07
   4.3100000e+02   2.2496780e+01   4.1236930e+00  -4.8028181e-02   0.0000000e+00   4.1128145e-07
   4.3200000e+02   2.2451760e+01   4.1224080e+00  -4.8382595e-02   0.0000000e+00   4.1169804e-07
   4.3300000e+02   2.2406940e+01   4.1211250e+00  -4.8735797e-02   0.0000000e+00   4.1210908e-07
   4.3400000e+02   2.2362340e+01   4.1198410e+00  -4.9087969e-02   0.0000000e+00   4.1251558e-07
   4.3500000e+02   2.2317940e+01   4.1185590e+00  -4.9438924e-02   0.0000000e+00   4.1291654e-07
   4.3600000e+02   2.2273740e+01   4.1172760e+00  -4.9788795e-02   0.0000000e+00   4.1331271e-07
   4.3700000e+02   2.2229750e+01   4.1159950e+00  -5.0137493e-02   0.0000000e+00   4.1370358e-07
   4.3800000e+02   2.2185960e+01   4.1147130e+00  -5.0485096e-02   0.0000000e+00   4.1408969e-07
   4.3900000e+02   2.2142370e+01   4.1134330e+00  -5.0831505e-02   0.0000000e+00   4.1447056e-07
   4.4000000e+02   2.2098980e+01   4.1121530e+00  -5.1176855e-02   0.0000000e+00   4.1484672e-07
   4.4100000e+02   2.2055790e+01   4.1108730e+00  -5.1521007e-02   0.0000000e+00   4.1521777e-07
   4.4200000e+02   2.2012800e+01   4.1095940e+00  -5.1864062e-02   0.0000000e+00   4.1558401e-07
   4.4300000e+02   2.1970000e+01   4.1083160e+00  -5.2205956e-02   0.0000000e+00   4.1594525e-07
   4.4400000e+02   2.1927390e+01   4.1070380e+00  -5.2546674e-02   0.0000000e+00   4.1630161e-07
   4.4500000e+02   2.1884980e+01   4.1057610e+00  -5.2886287e-02   0.0000000e+00   4.1665316e-07
   4.4600000e+02   2.1842750e+01   4.1044850e+00  -5.3224753e-02   0.0000000e+00   4.1699990e-07
   4.4700000e+02   2.1800720e+01   4.1032090e+00  -5.3562094e-02   0.0000000e+00   4.1734184e-07
   4.4800000e+02   2.1758870e+01   4.1019340e+00  -5.3898288e-02   0.0000000e+00   4.1767903e-07
   4.4900000e+02   2.1717210e+01   4.1006600e+00  -5.4233310e-02   0.0000000e+00   4.1801121e-07
   4.5000000e+02   2.1675730e+01   4.0993860e+00  -5.4567243e-02   0.0000000e+00   4.1833898e-07
   4.5100000e+02   2.1634440e+01   4.0981130e+00  -5.4899983e-02   0.0000000e+00   4.1866183e-07
   4.5200000e+02   2.1593340e+01   4.0968410e+00  -5.5231715e-02   0.0000000e+00   4.1898031e-07
   4.5300000e+02   2.1552410e+01   4.0955700e+00  -5.5562132e-02   0.0000000e+00   4.1929372e-07
   4.5400000e+02   2.1511660e+01   4.0942990e+00  -5.5891503e-02   0.0000000e+00   4.1960272e-07
   4.5500000e+02   2.1471100e+01   4.0930300e+00  -5.6219729e-02   0.0000000e+00   4.1990701e-07
   4.5600000e+02   2.1430710e+01   4.0917610e+00  -5.6546866e-02   0.0000000e+00   4.2020689e-07
   4.5700000e+02   2.1390490e+01   4.0904920e+00  -5.6872759e-02   0.0000000e+00   4.2050214e-07
   4.5800000e+02   2.1350450e+01   4.0892250e+00  -5.7197617e-02   0.0000000e+00   4.2079275e-07
   4.5900000e+02   2.1310590e+01   4.0879580e+00  -5.7521320e-02   0.0000000e+00   4.2107902e-07
   4.6000000e+02   2.1270900e+01   4.0866930e+00  -5.7843874e-02   0.0000000e+00   4.2136069e-07
   4.6100000e+02   2.1231380e+01   4.0854280e+00  -5.8165309e-02   0.0000000e+00   4.2163788e-07
   4.6200000e+02   2.1192030e+01   4.0841640e+00  -5.8485589e-02   0.0000000e+00   4.2191059e-07
   4.6300000e+02   2.1152850e+01   4.0829010e+00  -5.8804726e-02   0.0000000e+00   4.2217896e-07
   4.6400000e+02   2.1113840e+01   4.0816390e+00  -5.9122792e-02   0.0000000e+00   4.2244295e-07
   4.6500000e+02   2.1074990e+01   4.0803770e+00  -5.9439693e-02   0.0000000e+00   4.2270261e-07
   4.6600000e+02   2.1036310e+01   4.0791170e+00  -5.9755473e-02   0.0000000e+00   4.2295774e-07
   4.6700000e+02   2.0997800e+01   4.0778580e+00  -6.0070157e-02   0.0000000e+00   4.2320874e-07
   4.6800000e+02   2.0959450e+01   4.0765990e+00  -6.0383744e-02   0.0000000e+00   4.2345555e-07
   4.6900000e+02   2.0921260e+01   4.0753420e+00  -6.0696172e-02   0.0000000e+00   4.2369784e-07
   4.7000000e+02   2.0883230e+01   4.0740850e+00  -6.1007484e-02   0.0000000e+00   4.2393609e-07
   4.7100000e+02   2.0845370e+01   4.0728300e+00  -6.1317652e-02   0.0000000e+00   4.2416977e-07
   4.7200000e+02   2.0807660e+01   4.0715750e+00  -6.1626749e-02   0.0000000e+00   4.2439962e-07
   4.7300000e+02   2.0770110e+01   4.0703220e+00  -6.1934756e-02   0.0000000e+00   4.2462525e-07
   4.7400000e+02   2.0732710e+01   4.0690690e+00  -6.2241596e-02   0.0000000e+00   4.2484669e-07
   4.7500000e+02   2.0695480e+01   4.0678180e+00  -6.2547342e-02   0.0000000e+00   4.2506399e-07
   4.7600000e+02   2.0658400e+01   4.0665670e+00  -6.2851999e-02   0.0000000e+00   4.2527725e-07
   4.7700000e+02   2.0621470e+01   4.0653180e+00  -6.3155506e-02   0.0000000e+00   4.2548618e-07
   4.7800000e+02   2.0584690e+01   4.0640700e+00  -6.3457909e-02   0.0000000e+00   4.2569110e-07
   4.7900000e+02   2.0548070e+01   4.0628230e+00  -6.3759265e-02   0.0000000e+00   4.2589226e-07
   4.8000000e+02   2.0511600e+01   4.0615760e+00  -6.4059558e-02   0.0000000e+00   4.2608958e-07
   4.8100000e+02   2.0475270e+01   4.0603310e+00  -6.4358692e-02   0.0000000e+00   4.2628254e-07
   4.8200000e+02   2.0439100e+01   4.0590870e+00  -6.4656763e-02   0.0000000e+00   4.2647184e-07
   4.8300000e+02   2.0403070e+01   4.0578450e+00  -6.4953711e-02   0.0000000e+00   4.2665696e-07
   4.8400000e+02   2.0367190e+01   4.0566030e+00  -6.5249579e-02   0.0000000e+00   4.2683823e-07
   4.8500000e+02   2.0331460e+01   4.0553620e+00  -6.5544377e-02   0.0000000e+00   4.2701575e-07
   4.8600000e+02   2.0295870e+01   4.0541230e+00  -6.5838079e-02   0.0000000e+00   4.2718920e-07
   4.8700000e+02   2.0260430e+01   4.0528850e+00  -6.6130716e-02   0.0000000e+00   4.2735886e-07
   4.8800000e+02   2.0225130e+01   4.0516480e+00  -6.6422259e-02   0.0000000e+00   4.2752493e-07
   4.8900000e+02   2.0189970e+01   4.0504120e+00  -6.6712728e-02   0.0000000e+00   4.2768712e-07
   4.9000000e+02   2.0154950e+01   4.0491770e+00  -6.7002122e-02   0.0000000e+00   4.2784558e-07
   4.9100000e+02   2.0120070e+01   4.0479440e+00  -6.7290425e-02   0.0000000e+00   4.2800014e-07
   4.9200000e+02   2.0085330e+01   4.0467110e+00  -6.7577690e-02   0.0000000e+00   4.2815121e-07
   4.9300000e+02   2.0050730e+01   4.0454800e+00  -6.7863899e-02   0.0000000e+00   4.2829855e-07
   4.9400000e+02   2.0016270e+01   4.0442500e+00  -6.8149021e-02   0.0000000e+00   4.2844197e-07
   4.9500000e+02   1.9981940e+01   4.0430220e+00  -6.8433077e-02   0.0000000e+00   4.2858195e-07
   4.9600000e+02   1.9947750e+01   4.0417940e+00  -6.8716113e-02   0.0000000e+00   4.2871844e-07
   4.9700000e+02   1.9913700e+01   4.0405680e+00  -6.8998063e-02   0.0000000e+00   4.2885102e-07
   4.9800000e+02   1.9879780e+01   4.0393430e+00  -6.9278960e-02   0.0000000e+00   4.2898026e-07
   4.9900000e+02   1.9845990e+01   4.0381200e+00  -6.9558816e-02   0.0000000e+00   4.2910577e-07
   5.0000000e+02   1.9812340e+01   4.0368970e+00  -6.9837633e-02   0.0000000e+00   4.2922800e-07
   5.0100000e+02   1.9778810e+01   4.0356760e+00  -7.0115396e-02   0.0000000e+00   4.2934661e-07
   5.0200000e+02   1.9745420e+01   4.0344570e+00  -7.0392110e-02   0.0000000e+00   4.2946170e-07
   5.0300000e+02   1.9712160e+01   4.0332380e+00  -7.0667824e-02   0.0000000e+00   4.2957348e-07
   5.0400000e+02   1.9679020e+01   4.0320210e+00  -7.0942451e-02   0.0000000e+00   4.2968162e-07
   5.0500000e+02   1.9646020e+01   4.0308050e+00  -7.1216093e-02   0.0000000e+00   4.2978654e-07
   5.0600000e+02   1.9613140e+01   4.0295910e+00  -7.1488674e-02   0.0000000e+00   4.2988789e-07
   5.0700000e+02   1.9580390e+01   4.0283780e+00  -7.1760243e-02   0.0000000e+00   4.2998583e-07
   5.0800000e+02   1.9547760e+01   4.0271660e+00  -7.2030794e-02   0.0000000e+00   4.3008073e-07
   5.0900000e+02   1.9515260e+01   4.0259550e+00  -7.2300328e-02   0.0000000e+00   4.3017209e-07
   5.1000000e+02   1.9482880e+01   4.0247460e+00  -7.2568823e-02   0.0000000e+00   4.3026030e-07
   5.1100000e+02   1.9450630e+01   4.0235390e+00  -7.2836318e-02   0.0000000e+00   4.3034508e-07
   5.1200000e+02   1.9418500e+01   4.0223320e+00  -7.3102816e-02   0.0000000e+00   4.3042670e-07
   5.1300000e+02   1.9386490e+01   4.0211270e+00  -7.3368292e-02   0.0000000e+00   4.3050490e-07
   5.1400000e+02   1.9354600e+01   4.0199240e+00  -7.3632760e-02   0.0000000e+00   4.3057996e-07
   5.1500000e+02   1.9322840e+01   4.0187210e+00  -7.3896248e-02   0.0000000e+00   4.3065206e-07
   5.1600000e+02   1.9291190e+01   4.0175210e+00  -7.4158719e-02   0.0000000e+00   4.3072077e-07
   5.1700000e+02   1.9259660e+01   4.0163210e+00  -7.4420202e-02   0.0000000e+00   4.3078647e-07
   5.1800000e+02   1.9228250e+01   4.0151230e+00  -7.4680704e-02   0.0000000e+00   4.3084887e-07
   5.1900000e+02   1.9196960e+01   4.0139270e+00  -7.4940204e-02   0.0000000e+00   4.3090838e-07
   5.2000000e+02   1.9165790e+01   4.0127320e+00  -7.5198723e-02   0.0000000e+00   4.3096453e-07
   5.2100000e+02   1.9134730e+01   4.0115380e+00  -7.5456278e-02   0.0000000e+00   4.3101791e-07
   5.2200000e+02   1.9103780e+01   4.0103460e+00  -7.5712831e-02   0.0000000e+00   4.3106814e-07
   5.2300000e+02   1.9072950e+01   4.0091550e+00  -7.5968407e-02   0.0000000e+00   4.3111536e-07
   5.2400000e+02   1.9042240e+01   4.0079650e+00  -7.6223027e-02   0.0000000e+00   4.3115958e-07
   5.2500000e+02   1.9011640e+01   4.0067780e+00  -7.6476675e-02   0.0000000e+00   4.3120067e-07
   5.2600000e+02   1.8981150e+01   4.0055910e+00  -7.6729355e-02   0.0000000e+00   4.3123906e-07
   5.2700000e+02   1.8950770e+01   4.0044060e+00  -7.6981078e-02   0.0000000e+00   4.3127441e-07
   5.2800000e+02   1.8920510e+01   4.0032230e+00  -7.7231832e-02   0.0000000e+00   4.3130678e-07
   5.2900000e+02   1.8890350e+01   4.0020410e+00  -7.7481635e-02   0.0000000e+00   4.3133630e-07
   5.3000000e+02   1.8860300e+01   4.0008600e+00  -7.7730496e-02   0.0000000e+00   4.3136301e-07
   5.3100000e+02   1.8830370e+01   3.9996810e+00  -7.7978403e-02   0.0000000e+00   4.3138687e-07
   5.3200000e+02   1.8800540e+01   3.9985040e+00  -7.8225349e-02   0.0000000e+00   4.3140777e-07
   5.3300000e+02   1.8770820e+01   3.9973280e+00  -7.8471364e-02   0.0000000e+00   4.3142591e-07
   5.3400000e+02   1.8741210e+01   3.9961530e+00  -7.8716445e-02   0.0000000e+00   4.3144133e-07
   5.3500000e+02   1.8711710e+01   3.9949800e+00  -7.8960602e-02   0.0000000e+00   4.3145380e-07
   5.3600000e+02   1.8682310e+01   3.9938090e+00  -7.9203818e-02   0.0000000e+00   4.3146372e-07
   5.3700000e+02   1.8653010e+01   3.9926390e+00  -7.9446086e-02   0.0000000e+00   4.3147081e-07
   5.3800000e+02   1.8623820e+01   3.9914700e+00  -7.9687452e-02   0.0000000e+00   4.3147526e-07
   5.3900000e+02   1.8594740e+01   3.9903040e+00  -7.9927894e-02   0.0000000e+00   4.3147684e-07
   5.4000000e+02   1.8565760e+01   3.9891380e+00  -8.0167426e-02   0.0000000e+00   4.3147606e-07
   5.4100000e+02   1.8536880e+01   3.9879740e+00  -8.0406026e-02   0.0000000e+00   4.3147234e-07
   5.4200000e+02   1.8508100e+01   3.9868120e+00  -8.0643706e-02   0.0000000e+00   4.3146602e-07
   5.4300000e+02   1.8479430e+01   3.9856520e+00  -8.0880486e-02   0.0000000e+00   4.3145707e-07
   5.4400000e+02   1.8450860e+01   3.9844930e+00  -8.1116369e-02   0.0000000e+00   4.3144563e-07
   5.4500000e+02   1.8422390e+01   3.9833350e+00  -8.1351337e-02   0.0000000e+00   4.3143149e-07
   5.4600000e+02   1.8394010e+01   3.9821790e+00  -8.1585414e-02   0.0000000e+00   4.3141497e-07
   5.4700000e+02   1.8365740e+01   3.9810250e+00  -8.1818588e-02   0.0000000e+00   4.3139566e-07
   5.4800000e+02   1.8337570e+01   3.9798720e+00  -8.2050890e-02   0.0000000e+00   4.3137398e-07
   5.4900000e+02   1.8309490e+01   3.9787210e+00  -8.2282295e-02   0.0000000e+00   4.3134984e-07
   5.5000000e+02   1.8281520e+01   3.9775710e+00  -8.2512819e-02   0.0000000e+00   4.3132311e-07
   5.5100000e+02   1.8253640e+01   3.9764230e+00  -8.2742465e-02   0.0000000e+00   4.3129390e-07
   5.5200000e+02   1.8225850e+01   3.9752760e+00  -8.2971201e-02   0.0000000e+00   4.3126230e-07
   5.5300000e+02   1.8198170e+01   3.9741320e+00  -8.3199101e-02   0.0000000e+00   4.3122828e-07
   5.5400000e+02   1.8170570e+01   3.9729880e+00  -8.3426105e-02   0.0000000e+00   4.3119189e-07
   5.5500000e+02   1.8143080e+01   3.9718470e+00  -8.3652264e-02   0.0000000e+00   4.3115295e-07
   5.5600000e+02   1.8115670e+01   3.9707070e+00  -8.3877532e-02   0.0000000e+00   4.3111171e-07
   5.5700000e+02   1.8088370e+01   3.9695680e+00  -8.4101962e-02   0.0000000e+00   4.3106815e-07
   5.5800000e+02   1.8061150e+01   3.9684310e+00  -8.4325509e-02   0.0000000e+00   4.3102207e-07
   5.5900000e+02   1.8034030e+01   3.9672960e+00  -8.4548222e-02   0.0000000e+00   4.3097386e-07
   5.6000000e+02   1.8007000e+01   3.9661630e+00  -8.4770070e-02   0.0000000e+00   4.3092317e-07
   5.6100000e+02   1.7980060e+01   3.9650310e+00  -8.4991067e-02   0.0000000e+00   4.3087031e-07
   5.6200000e+02   1.7953210e+01   3.9639000e+00  -8.5211237e-02   0.0000000e+00   4.3081525e-07
   5.6300000e+02   1.7926460e+01   3.9627720e+00  -8.5430559e-02   0.0000000e+00   4.3075767e-07
   5.6400000e+02   1.7899790e+01   3.9616450e+00  -8.5649031e-02   0.0000000e+00   4.3069799e-07
   5.6500000e+02   1.7873220e+01   3.9605190e+00  -8.5866684e-02   0.0000000e+00   4.3063623e-07
   5.6600000e+02   1.7846730e+01   3.9593960e+00  -8.6083501e-02   0.0000000e+00   4.3057222e-07
   5.6700000e+02   1.7820330e+01   3.9582730e+00  -8.6299494e-02   0.0000000e+00   4.3050587e-07
   5.6800000e+02   1.7794020e+01   3.9571530e+00  -8.6514655e-02   0.0000000e+00   4.3043733e-07
   5.6900000e+02   1.7767800e+01   3.9560340e+00  -8.6729006e-02   0.0000000e+00   4.3036678e-07
   5.7000000e+02   1.7741670e+01   3.9549170e+00  -8.6942528e-02   0.0000000e+00   4.3029406e-07
   5.7100000e+02   1.7715620e+01   3.9538020e+00  -8.7155231e-02   0.0000000e+00   4.3021910e-07
   5.7200000e+02   1.7689660e+01   3.9526880e+00  -8.7367117e-02   0.0000000e+00   4.3014201e-07
   5.7300000e+02   1.7663780e+01   3.9515760e+00  -8.7578221e-02   0.0000000e+00   4.3006299e-07
   5.7400000e+02   1.7638000e+01   3.9504650e+00  -8.7788504e-02   0.0000000e+00   4.2998182e-07
   5.7500000e+02   1.7612290e+01   3.9493560e+00  -8.7997994e-02   0.0000000e+00   4.2989869e-07
   5.7600000e+02   1.7586670e+01   3.9482490e+00  -8.8206669e-02   0.0000000e+00   4.2981333e-07
   5.7700000e+02   1.7561130e+01   3.9471440e+00  -8.8414544e-02   0.0000000e+00   4.2972604e-07
   5.7800000e+02   1.7535680e+01   3.9460400e+00  -8.8621643e-02   0.0000000e+00   4.2963668e-07
   5.7900000e+02   1.7510310e+01   3.9449380e+00  -8.8827952e-02   0.0000000e+00   4.2954529e-07
   5.8000000e+02   1.7485030e+01   3.9438370e+00  -8.9033488e-02   0.0000000e+00   4.2945204e-07
   5.8100000e+02   1.7459820e+01   3.9427380e+00  -8.9238227e-02   0.0000000e+00   4.2935674e-07
   5.8200000e+02   1.7434700e+01   3.9416410e+00  -8.9442187e-02   0.0000000e+00   4.2925956e-07
   5.8300000e+02   1.7409660e+01   3.9405460e+00  -8.9645363e-02   0.0000000e+00   4.2916037e-07
   5.8400000e+02   1.7384700e+01   3.9394520e+00  -8.9847785e-02   0.0000000e+00   4.2905923e-07
   5.8500000e+02   1.7359820e+01   3.9383600e+00  -9.0049416e-02   0.0000000e+00   4.2895622e-07
   5.8600000e+02   1.7335020e+01   3.9372700e+00  -9.0250291e-02   0.0000000e+00   4.2885131e-07
   5.8700000e+02   1.7310300e+01   3.9361810e+00  -9.0450417e-02   0.0000000e+00   4.2874451e-07
   5.8800000e+02   1.7285660e+01   3.9350940e+00  -9.0649765e-02   0.0000000e+00   4.2863590e-07
   5.8900000e+02   1.7261090e+01   3.9340090e+00  -9.0848346e-02   0.0000000e+00   4.2852534e-07
   5.9000000e+02   1.7236610e+01   3.9329250e+00  -9.1046205e-02   0.0000000e+00   4.2841304e-07
   5.9100000e+02   1.7212200e+01   3.9318430e+00  -9.1243282e-02   0.0000000e+00   4.2829887e-07
   5.9200000e+02   1.7187880e+01   3.9307630e+00  -9.1439637e-02   0.0000000e+00   4.2818286e-07
   5.9300000e+02   1.7163630e+01   3.9296850e+00  -9.1635226e-02   0.0000000e+00   4.2806511e-07
   5.9400000e+02   1.7139450e+01   3.9286080e+00  -9.1830067e-02   0.0000000e+00   4.2794557e-07
   5.9500000e+02   1.7115350e+01   3.9275330e+00  -9.2024196e-02   0.0000000e+00   4.2782423e-07
   5.9600000e+02   1.7091330e+01   3.9264600e+00  -9.2217581e-02   0.0000000e+00   4.2770110e-07
   5.9700000e+02   1.7067380e+01   3.9253880e+00  -9.2410231e-02   0.0000000e+00   4.2757632e-07
   5.9800000e+02   1.7043510e+01   3.9243180e+00  -9.2602144e-02   0.0000000e+00   4.2744981e-07
   5.9900000e+02   1.7019720e+01   3.9232500e+00  -9.2793363e-02   0.0000000e+00   4.2732151e-07
   6.0000000e+02   1.6995990e+01   3.9221830e+00  -9.2983831e-02   0.0000000e+00   4.2719163e-07
   6.0100000e+02   1.6972350e+01   3.9211190e+00  -9.3173592e-02   0.0000000e+00   4.2705992e-07
   6.0200000e+02   1.6948770e+01   3.9200550e+00  -9.3362630e-02   0.0000000e+00   4.2692678e-07
   6.0300000e+02   1.6925270e+01   3.9189940e+00  -9.3550965e-02   0.0000000e+00   4.2679169e-07
   6.0400000e+02   1.6901840e+01   3.9179340e+00  -9.3738563e-02   0.0000000e+00   4.2665514e-07
   6.0500000e+02   1.6878480e+01   3.9168770e+00  -9.3925456e-02   0.0000000e+00   4.2651681e-07
   6.0600000e+02   1.6855200e+01   3.9158200e+00  -9.4111674e-02   0.0000000e+00   4.2637705e-07
   6.0700000e+02   1.6831990e+01   3.9147660e+00  -9.4297165e-02   0.0000000e+00   4.2623551e-07
   6.0800000e+02   1.6808850e+01   3.9137130e+00  -9.4481969e-02   0.0000000e+00   4.2609251e-07
   6.0900000e+02   1.6785780e+01   3.9126620e+00  -9.4666079e-02   0.0000000e+00   4.2594789e-07
   6.1000000e+02   1.6762780e+01   3.9116130e+00  -9.4849491e-02   0.0000000e+00   4.2580160e-07
   6.1100000e+02   1.6739850e+01   3.9105650e+00  -9.5032200e-02   0.0000000e+00   4.2565384e-07
   6.1200000e+02   1.6716990e+01   3.9095190e+00  -9.5214231e-02   0.0000000e+00   4.2550460e-07
   6.1300000e+02   1.6694200e+01   3.9084750e+00  -9.5395578e-02   0.0000000e+00   4.2535371e-07
   6.1400000e+02   1.6671480e+01   3.9074320e+00  -9.5576255e-02   0.0000000e+00   4.2520142e-07
   6.1500000e+02   1.6648830e+01   3.9063920e+00  -9.5756243e-02   0.0000000e+00   4.2504742e-07
   6.1600000e+02   1.6626240e+01   3.9053530e+00  -9.5935545e-02   0.0000000e+00   4.2489205e-07
   6.1700000e+02   1.6603730e+01   3.9043150e+00  -9.6114195e-02   0.0000000e+00   4.2473532e-07
   6.1800000e+02   1.6581280e+01   3.9032800e+00  -9.6292173e-02   0.0000000e+00   4.2457696e-07
   6.1900000e+02   1.6558900e+01   3.9022460e+00  -9.6469471e-02   0.0000000e+00   4.2441714e-07
   6.2000000e+02   1.6536590e+01   3.9012140e+00  -9.6646110e-02   0.0000000e+00   4.2425591e-07
   6.2100000e+02   1.6514340e+01   3.9001830e+00  -9.6822106e-02   0.0000000e+00   4.2409333e-07
   6.2200000e+02   1.6492160e+01   3.8991550e+00  -9.6997408e-02   0.0000000e+00   4.2392919e-07
   6.2300000e+02   1.6470050e+01   3.8981280e+00  -9.7172067e-02   0.0000000e+00   4.2376371e-07
   6.2400000e+02   1.6448000e+01   3.8971020e+00  -9.7346113e-02   0.0000000e+00   4.2359692e-07
   6.2500000e+02   1.6426020e+01   3.8960790e+00  -9.7519462e-02   0.0000000e+00   4.2342858e-07
   6.2600000e+02   1.6404110e+01   3.8950570e+00  -9.7692200e-02   0.0000000e+00   4.2325892e-07
   6.2700000e+02   1.6382250e+01   3.8940370e+00  -9.7864253e-02   0.0000000e+00   4.2308792e-07
   6.2800000e+02   1.6360470e+01   3.8930190e+00  -9.8035691e-02   0.0000000e+00   4.2291553e-07
   6.2900000e+02   1.6338740e+01   3.8920020e+00  -9.8206484e-02   0.0000000e+00   4.2274180e-07
   6.3000000e+02   1.6317090e+01   3.8909870e+00  -9.8376655e-02   0.0000000e+00   4.2256678e-07
   6.3100000e+02   1.6295490e+01   3.8899740e+00  -9.8546178e-02   0.0000000e+00   4.2239034e-07
   6.3200000e+02   1.6273960e+01   3.8889630e+00  -9.8715057e-02   0.0000000e+00   4.2221259e-07
   6.3300000e+02   1.6252490e+01   3.8879530e+00  -9.8883329e-02   0.0000000e+00   4.2203360e-07
   6.3400000e+02   1.6231080e+01   3.8869450e+00  -9.9050952e-02   0.0000000e+00   4.2185336e-07
   6.3500000e+02   1.6209740e+01   3.8859390e+00  -9.9217977e-02   0.0000000e+00   4.2167179e-07
   6.3600000e+02   1.6188460e+01   3.8849340e+00  -9.9384384e-02   0.0000000e+00   4.2148900e-07
   6.3700000e+02   1.6167240e+01   3.8839310e+00  -9.9550162e-02   0.0000000e+00   4.2130492e-07
   6.3800000e+02   1.6146080e+01   3.8829300e+00  -9.9715332e-02   0.0000000e+00   4.2111962e-07
   6.3900000e+02   1.6124980e+01   3.8819310e+00  -9.9879868e-02   0.0000000e+00   4.2093295e-07
   6.4000000e+02   1.6103940e+01   3.8809330e+00  -1.0004382e-01   0.0000000e+00   4.2074517e-07
   6.4100000e+02   1.6082970e+01   3.8799370e+00  -1.0020716e-01   0.0000000e+00   4.2055611e-07
   6.4200000e+02   1.6062050e+01   3.8789430e+00  -1.0036989e-01   0.0000000e+00   4.2036588e-07
   6.4300000e+02   1.6041190e+01   3.8779500e+00  -1.0053202e-01   0.0000000e+00   4.2017452e-07
   6.4400000e+02   1.6020400e+01   3.8769600e+00  -1.0069355e-01   0.0000000e+00   4.1998180e-07
   6.4500000e+02   1.5999660e+01   3.8759700e+00  -1.0085450e-01   0.0000000e+00   4.1978816e-07
   6.4600000e+02   1.5978980e+01   3.8749830e+00  -1.0101481e-01   0.0000000e+00   4.1959303e-07
   6.4700000e+02   1.5958360e+01   3.8739970e+00  -1.0117457e-01   0.0000000e+00   4.1939699e-07
   6.4800000e+02   1.5937800e+01   3.8730140e+00  -1.0133373e-01   0.0000000e+00   4.1919969e-07
   6.4900000e+02   1.5917300e+01   3.8720310e+00  -1.0149232e-01   0.0000000e+00   4.1900130e-07
   6.5000000e+02   1.5896860e+01   3.8710510e+00  -1.0165030e-01   0.0000000e+00   4.1880174e-07
   6.5100000e+02   1.5876470e+01   3.8700720e+00  -1.0180772e-01   0.0000000e+00   4.1860114e-07
   6.5200000e+02   1.5856140e+01   3.8690950e+00  -1.0196453e-01   0.0000000e+00   4.1839930e-07
   6.5300000e+02   1.5835870e+01   3.8681200e+00  -1.0212079e-01   0.0000000e+00   4.1819638e-07
   6.5400000e+02   1.5815660e+01   3.8671460e+00  -1.0227650e-01   0.0000000e+00   4.1799252e-07
   6.5500000e+02   1.5795500e+01   3.8661740e+00  -1.0243159e-01   0.0000000e+00   4.1778750e-07
   6.5600000e+02   1.5775400e+01   3.8652040e+00  -1.0258614e-01   0.0000000e+00   4.1758131e-07
   6.5700000e+02   1.5755350e+01   3.8642350e+00  -1.0274012e-01   0.0000000e+00   4.1737421e-07
   6.5800000e+02   1.5735360e+01   3.8632680e+00  -1.0289354e-01   0.0000000e+00   4.1716606e-07
   6.5900000e+02   1.5715430e+01   3.8623030e+00  -1.0304638e-01   0.0000000e+00   4.1695675e-07
   6.6000000e+02   1.5695550e+01   3.8613400e+00  -1.0319867e-01   0.0000000e+00   4.1674627e-07
   6.6100000e+02   1.5675730e+01   3.8603780e+00  -1.0335041e-01   0.0000000e+00   4.1653503e-07
   6.6200000e+02   1.5655960e+01   3.8594180e+00  -1.0350158e-01   0.0000000e+00   4.1632262e-07
   6.6300000e+02   1.5636250e+01   3.8584600e+00  -1.0365221e-01   0.0000000e+00   4.1610921e-07
   6.6400000e+02   1.5616590e+01   3.8575030e+00  -1.0380229e-01   0.0000000e+00   4.1589495e-07
   6.6500000e+02   1.5596980e+01   3.8565480e+00  -1.0395182e-01   0.0000000e+00   4.1567953e-07
   6.6600000e+02   1.5577430e+01   3.8555950e+00  -1.0410080e-01   0.0000000e+00   4.1546318e-07
   6.6700000e+02   1.5557940e+01   3.8546430e+00  -1.0424928e-01   0.0000000e+00   4.1524592e-07
   6.6800000e+02   1.5538490e+01   3.8536940e+00  -1.0439715e-01   0.0000000e+00   4.1502756e-07
   6.6900000e+02   1.5519100e+01   3.8527460e+00  -1.0454451e-01   0.0000000e+00   4.1480827e-07
   6.7000000e+02   1.5499760e+01   3.8517990e+00  -1.0469134e-01   0.0000000e+00   4.1458811e-07
   6.7100000e+02   1.5480480e+01   3.8508540e+00  -1.0483768e-01   0.0000000e+00   4.1436703e-07
   6.7200000e+02   1.5461250e+01   3.8499110e+00  -1.0498344e-01   0.0000000e+00   4.1414489e-07
   6.7300000e+02   1.5442060e+01   3.8489700e+00  -1.0512864e-01   0.0000000e+00   4.1392184e-07
   6.7400000e+02   1.5422940e+01   3.8480300e+00  -1.0527339e-01   0.0000000e+00   4.1369789e-07
   6.7500000e+02   1.5403860e+01   3.8470920e+00  -1.0541757e-01   0.0000000e+00   4.1347312e-07
   6.7600000e+02   1.5384830e+01   3.8461560e+00  -1.0556123e-01   0.0000000e+00   4.1324728e-07
   6.7700000e+02   1.5365860e+01   3.8452210e+00  -1.0570438e-01   0.0000000e+00   4.1302074e-07
   6.7800000e+02   1.5346940e+01   3.8442880e+00  -1.0584702e-01   0.0000000e+00   4.1279327e-07
   6.7900000e+02   1.5328060e+01   3.8433570e+00  -1.0598911e-01   0.0000000e+00   4.1256475e-07
   6.8000000e+02   1.5309240e+01   3.8424270e+00  -1.0613072e-01   0.0000000e+00   4.1233550e-07
   6.8100000e+02   1.5290470e+01   3.8415000e+00  -1.0627178e-01   0.0000000e+00   4.1210533e-07
   6.8200000e+02   1.5271750e+01   3.8405730e+00  -1.0641239e-01   0.0000000e+00   4.1187442e-07
   6.8300000e+02   1.5253080e+01   3.8396490e+00  -1.0655246e-01   0.0000000e+00   4.1164240e-07
   6.8400000e+02   1.5234460e+01   3.8387260e+00  -1.0669202e-01   0.0000000e+00   4.1140986e-07
   6.8500000e+02   1.5215880e+01   3.8378050e+00  -1.0683108e-01   0.0000000e+00   4.1117629e-07
   6.8600000e+02   1.5197360e+01   3.8368850e+00  -1.0696966e-01   0.0000000e+00   4.1094198e-07
   6.8700000e+02   1.5178890e+01   3.8359670e+00  -1.0710774e-01   0.0000000e+00   4.1070683e-07
   6.8800000e+02   1.5160460e+01   3.8350510e+00  -1.0724527e-01   0.0000000e+00   4.1047092e-07
   6.8900000e+02   1.5142080e+01   3.8341360e+00  -1.0738236e-01   0.0000000e+00   4.1023414e-07
   6.9000000e+02   1.5123760e+01   3.8332230e+00  -1.0751896e-01   0.0000000e+00   4.0999649e-07
   6.9100000e+02   1.5105480e+01   3.8323120e+00  -1.0765506e-01   0.0000000e+00   4.0975817e-07
   6.9200000e+02   1.5087240e+01   3.8314030e+00  -1.0779064e-01   0.0000000e+00   4.0951897e-07
   6.9300000e+02   1.5069060e+01   3.8304950e+00  -1.0792577e-01   0.0000000e+00   4.0927909e-07
   6.9400000e+02   1.5050920e+01   3.8295880e+00  -1.0806042e-01   0.0000000e+00   4.0903851e-07
   6.9500000e+02   1.5032830e+01   3.8286840e+00  -1.0819457e-01   0.0000000e+00   4.0879688e-07
   6.9600000e+02   1.5014790e+01   3.8277810e+00  -1.0832825e-01   0.0000000e+00   4.0855473e-07
   6.9700000e+02   1.4996800e+01   3.8268790e+00  -1.0846148e-01   0.0000000e+00   4.0831187e-07
   6.9800000e+02   1.4978850e+01   3.8259800e+00  -1.0859418e-01   0.0000000e+00   4.0806800e-07
   6.9900000e+02   1.4960950e+01   3.8250820e+00  -1.0872643e-01   0.0000000e+00   4.0782360e-07
   7.0000000e+02   1.4943090e+01   3.8241850e+00  -1.0885822e-01   0.0000000e+00   4.0757853e-07
   7.0100000e+02   1.4925280e+01   3.8232910e+00  -1.0898952e-01   0.0000000e+00   4.0733264e-07
   7.0200000e+02   1.4907520e+01   3.8223980e+00  -1.0912038e-01   0.0000000e+00   4.0708595e-07
   7.0300000e+02   1.4889800e+01   3.8215060e+00  -1.0925076e-01   0.0000000e+00   4.0683874e-07
   7.0400000e+02   1.4872130e+01   3.8206160e+00  -1.0938067e-01   0.0000000e+00   4.0659079e-07
   7.0500000e+02   1.4854500e+01   3.8197280e+00  -1.0951012e-01   0.0000000e+00   4.0634199e-07
   7.0600000e+02   1.4836920e+01   3.8188420e+00  -1.0963910e-01   0.0000000e+00   4.0609262e-07
   7.0700000e+02   1.4819380e+01   3.8179570e+00  -1.0976763e-01   0.0000000e+00   4.0584250e-07
   7.0800000e+02   1.4801890e+01   3.8170730e+00  -1.0989573e-01   0.0000000e+00   4.0559185e-07
   7.0900000e+02   1.4784440e+01   3.8161920e+00  -1.1002335e-01   0.0000000e+00   4.0534049e-07
   7.1000000e+02   1.4767040e+01   3.8153120e+00  -1.1015052e-01   0.0000000e+00   4.0508834e-07
   7.1100000e+02   1.4749680e+01   3.8144330e+00  -1.1027727e-01   0.0000000e+00   4.0483567e-07
   7.1200000e+02   1.4732360e+01   3.8135560e+00  -1.1040354e-01   0.0000000e+00   4.0458228e-07
   7.1300000e+02   1.4715090e+01   3.8126810e+00  -1.1052936e-01   0.0000000e+00   4.0432821e-07
   7.1400000e+02   1.4697870e+01   3.8118080e+00  -1.1065475e-01   0.0000000e+00   4.0407346e-07
   7.1500000e+02   1.4680680e+01   3.8109360e+00  -1.1077967e-01   0.0000000e+00   4.0381822e-07
   7.1600000e+02   1.4663540e+01   3.8100650e+00  -1.1090421e-01   0.0000000e+00   4.0356240e-07
   7.1700000e+02   1.4646440e+01   3.8091960e+00  -1.1102827e-01   0.0000000e+00   4.0330589e-07
   7.1800000e+02   1.4629390e+01   3.8083290e+00  -1.1115189e-01   0.0000000e+00   4.0304871e-07
   7.1900000e+02   1.4612380e+01   3.8074640e+00  -1.1127508e-01   0.0000000e+00   4.0279098e-07
   7.2000000e+02   1.4595410e+01   3.8066000e+00  -1.1139783e-01   0.0000000e+00   4.0253256e-07
   7.2100000e+02   1.4578480e+01   3.8057380e+00  -1.1152015e-01   0.0000000e+00   4.0227355e-07
   7.2200000e+02   1.4561600e+01   3.8048770e+00  -1.1164207e-01   0.0000000e+00   4.0201402e-07
   7.2300000e+02   1.4544760e+01   3.8040180e+00  -1.1176355e-01   0.0000000e+00   4.0175389e-07
   7.2400000e+02   1.4527950e+01   3.8031600e+00  -1.1188457e-01   0.0000000e+00   4.0149323e-07
   7.2500000e+02   1.4511200e+01   3.8023040e+00  -1.1200520e-01   0.0000000e+00   4.0123195e-07
   7.2600000e+02   1.4494480e+01   3.8014500e+00  -1.1212539e-01   0.0000000e+00   4.0097014e-07
   7.2700000e+02   1.4477800e+01   3.8005970e+00  -1.1224516e-01   0.0000000e+00   4.0070765e-07
   7.2800000e+02   1.4461170e+01   3.7997460e+00  -1.1236453e-01   0.0000000e+00   4.0044461e-07
   7.2900000e+02   1.4444570e+01   3.7988960e+00  -1.1248345e-01   0.0000000e+00   4.0018126e-07
   7.3000000e+02   1.4428020e+01   3.7980480e+00  -1.1260198e-01   0.0000000e+00   3.9991707e-07
   7.3100000e+02   1.4411510e+01   3.7972020e+00  -1.1272009e-01   0.0000000e+00   3.9965235e-07
   7.3200000e+02   1.4395040e+01   3.7963570e+00  -1.1283779e-01   0.0000000e+00   3.9938724e-07
   7.3300000e+02   1.4378610e+01   3.7955140e+00  -1.1295509e-01   0.0000000e+00   3.9912159e-07
   7.3400000e+02   1.4362220e+01   3.7946720e+00  -1.1307196e-01   0.0000000e+00   3.9885539e-07
   7.3500000e+02   1.4345860e+01   3.7938320e+00  -1.1318840e-01   0.0000000e+00   3.9858858e-07
   7.3600000e+02   1.4329550e+01   3.7929930e+00  -1.1330449e-01   0.0000000e+00   3.9832143e-07
   7.3700000e+02   1.4313280e+01   3.7921560e+00  -1.1342016e-01   0.0000000e+00   3.9805362e-07
   7.3800000e+02   1.4297050e+01   3.7913210e+00  -1.1353539e-01   0.0000000e+00   3.9778530e-07
   7.3900000e+02   1.4280860e+01   3.7904870e+00  -1.1365025e-01   0.0000000e+00   3.9751655e-07
   7.4000000e+02   1.4264700e+01   3.7896550e+00  -1.1376470e-01   0.0000000e+00   3.9724739e-07
   7.4100000e+02   1.4248590e+01   3.7888240e+00  -1.1387876e-01   0.0000000e+00   3.9697757e-07
   7.4200000e+02   1.4232520e+01   3.7879950e+00  -1.1399245e-01   0.0000000e+00   3.9670730e-07
   7.4300000e+02   1.4216480e+01   3.7871670e+00  -1.1410571e-01   0.0000000e+00   3.9643666e-07
   7.4400000e+02   1.4200480e+01   3.7863410e+00  -1.1421859e-01   0.0000000e+00   3.9616553e-07
   7.4500000e+02   1.4184520e+01   3.7855160e+00  -1.1433108e-01   0.0000000e+00   3.9589387e-07
   7.4600000e+02   1.4168600e+01   3.7846930e+00  -1.1444317e-01   0.0000000e+00   3.9562172e-07
   7.4700000e+02   1.4152720e+01   3.7838720e+00  -1.1455487e-01   0.0000000e+00   3.9534911e-07
   7.4800000e+02   1.4136870e+01   3.7830520e+00  -1.1466619e-01   0.0000000e+00   3.9507608e-07
   7.4900000e+02   1.4121070e+01   3.7822330e+00  -1.1477717e-01   0.0000000e+00   3.9480268e-07
   7.5000000e+02   1.4105300e+01   3.7814170e+00  -1.1488770e-01   0.0000000e+00   3.9452863e-07
   7.5100000e+02   1.4089570e+01   3.7806010e+00  -1.1499787e-01   0.0000000e+00   3.9425439e-07
   7.5200000e+02   1.4073870e+01   3.7797870e+00  -1.1510769e-01   0.0000000e+00   3.9397955e-07
   7.5300000e+02   1.4058210e+01   3.7789750e+00  -1.1521707e-01   0.0000000e+00   3.9370427e-07
   7.5400000e+02   1.4042600e+01   3.7781640e+00  -1.1532615e-01   0.0000000e+00   3.9342861e-07
   7.5500000e+02   1.4027010e+01   3.7773550e+00  -1.1543478e-01   0.0000000e+00   3.9315254e-07
   7.5600000e+02   1.4011470e+01   3.7765470e+00  -1.1554310e-01   0.0000000e+00   3.9287609e-07
   7.5700000e+02   1.3995960e+01   3.7757410e+00  -1.1565102e-01   0.0000000e+00   3.9259913e-07
   7.5800000e+02   1.3980480e+01   3.7749370e+00  -1.1575852e-01   0.0000000e+00   3.9232174e-07
   7.5900000e+02   1.3965050e+01   3.7741330e+00  -1.1586573e-01   0.0000000e+00   3.9204406e-07
   7.6000000e+02   1.3949650e+01   3.7733320e+00  -1.1597255e-01   0.0000000e+00   3.9176583e-07
   7.6100000e+02   1.3934280e+01   3.7725320e+00  -1.1607896e-01   0.0000000e+00   3.9148732e-07
   7.6200000e+02   1.3918960e+01   3.7717330e+00  -1.1618506e-01   0.0000000e+00   3.9120851e-07
   7.6300000e+02   1.3903660e+01   3.7709360e+00  -1.1629075e-01   0.0000000e+00   3.9092913e-07
   7.6400000e+02   1.3888410e+01   3.7701400e+00  -1.1639615e-01   0.0000000e+00   3.9064954e-07
   7.6500000e+02   1.3873190e+01   3.7693460e+00  -1.1650112e-01   0.0000000e+00   3.9036937e-07
   7.6600000e+02   1.3858000e+01   3.7685530e+00  -1.1660577e-01   0.0000000e+00   3.9008896e-07
   7.6700000e+02   1.3842850e+01   3.7677620e+00  -1.1671002e-01   0.0000000e+00   3.8980815e-07
   7.6800000e+02   1.3827740e+01   3.7669730e+00  -1.1681396e-01   0.0000000e+00   3.8952689e-07
   7.6900000e+02   1.3812660e+01   3.7661840e+00  -1.1691754e-01   0.0000000e+00   3.8924548e-07
   7.7000000e+02   1.3797610e+01   3.7653980e+00  -1.1702073e-01   0.0000000e+00   3.8896352e-07
   7.7100000e+02   1.3782600e+01   3.7646130e+00  -1.1712358e-01   0.0000000e+00   3.8868120e-07
   7.7200000e+02   1.3767630e+01   3.7638290e+00  -1.1722612e-01   0.0000000e+00   3.8839866e-07
   7.7300000e+02   1.3752690e+01   3.7630470e+00  -1.1732828e-01   0.0000000e+00   3.8811562e-07
   7.7400000e+02   1.3737780e+01   3.7622660e+00  -1.1743008e-01   0.0000000e+00   3.8783238e-07
   7.7500000e+02   1.3722910e+01   3.7614860e+00  -1.1753156e-01   0.0000000e+00   3.8754877e-07
   7.7600000e+02   1.3708070e+01   3.7607090e+00  -1.1763266e-01   0.0000000e+00   3.8726477e-07
   7.7700000e+02   1.3693270e+01   3.7599320e+00  -1.1773347e-01   0.0000000e+00   3.8698050e-07
   7.7800000e+02   1.3678500e+01   3.7591570e+00  -1.1783391e-01   0.0000000e+00   3.8669590e-07
   7.7900000e+02   1.3663760e+01   3.7583840e+00  -1.1793399e-01   0.0000000e+00   3.8641091e-07
   7.8000000e+02   1.3649060e+01   3.7576120e+00  -1.1803375e-01   0.0000000e+00   3.8612566e-07
   7.8100000e+02   1.3634390e+01   3.7568410e+00  -1.1813317e-01   0.0000000e+00   3.8584012e-07
   7.8200000e+02   1.3619750e+01   3.7560720e+00  -1.1823223e-01   0.0000000e+00   3.8555418e-07
   7.8300000e+02   1.3605150e+01   3.7553050e+00  -1.1833099e-01   0.0000000e+00   3.8526799e-07
   7.8400000e+02   1.3590580e+01   3.7545390e+00  -1.1842939e-01   0.0000000e+00   3.8498146e-07
   7.8500000e+02   1.3576040e+01   3.7537740e+00  -1.1852748e-01   0.0000000e+00   3.8469468e-07
   7.8600000e+02   1.3561540e+01   3.7530110e+00  -1.1862521e-01   0.0000000e+00   3.8440754e-07
   7.8700000e+02   1.3547070e+01   3.7522490e+00  -1.1872266e-01   0.0000000e+00   3.8412020e-07
   7.8800000e+02   1.3532630e+01   3.7514880e+00  -1.1881974e-01   0.0000000e+00   3.8383254e-07
   7.8900000e+02   1.3518220e+01   3.7507300e+00  -1.1891648e-01   0.0000000e+00   3.8354452e-07
   7.9000000e+02   1.3503850e+01   3.7499720e+00  -1.1901291e-01   0.0000000e+00   3.8325629e-07
   7.9100000e+02   1.3489510e+01   3.7492160e+00  -1.1910904e-01   0.0000000e+00   3.8296781e-07
   7.9200000e+02   1.3475200e+01   3.7484610e+00  -1.1920482e-01   0.0000000e+00   3.8267900e-07
   7.9300000e+02   1.3460920e+01   3.7477080e+00  -1.1930027e-01   0.0000000e+00   3.8238988e-07
   7.9400000e+02   1.3446680e+01   3.7469560e+00  -1.1939544e-01   0.0000000e+00   3.8210058e-07
   7.9500000e+02   1.3432460e+01   3.7462060e+00  -1.1949023e-01   0.0000000e+00   3.8181095e-07
   7.9600000e+02   1.3418280e+01   3.7454570e+00  -1.1958473e-01   0.0000000e+00   3.8152111e-07
   7.9700000e+02   1.3404130e+01   3.7447090e+00  -1.1967894e-01   0.0000000e+00   3.8123102e-07
   7.9800000e+02   1.3390010e+01   3.7439630e+00  -1.1977278e-01   0.0000000e+00   3.8094061e-07
   7.9900000e+02   1.3375920e+01   3.7432190e+00  -1.1986632e-01   0.0000000e+00   3.8064992e-07
   8.0000000e+02   1.3361870e+01   3.7424750e+00  -1.1995958e-01   0.0000000e+00   3.8035914e-07
   8.0100000e+02   1.3347840e+01   3.7417330e+00  -1.2005252e-01   0.0000000e+00   3.8006805e-07
   8.0200000e+02   1.3333850e+01   3.7409930e+00  -1.2014512e-01   0.0000000e+00   3.7977659e-07
   8.0300000e+02   1.3319890e+01   3.7402540e+00  -1.2023742e-01   0.0000000e+00   3.7948499e-07
   8.0400000e+02   1.3305950e+01   3.7395160e+00  -1.2032941e-01   0.0000000e+00   3.7919317e-07
   8.0500000e+02   1.3292050e+01   3.7387800e+00  -1.2042109e-01   0.0000000e+00   3.7890109e-07
   8.0600000e+02   1.3278180e+01   3.7380450e+00  -1.2051249e-01   0.0000000e+00   3.7860882e-07
   8.0700000e+02   1.3264340e+01   3.7373110e+00  -1.2060356e-01   0.0000000e+00   3.7831632e-07
   8.0800000e+02   1.3250530e+01   3.7365790e+00  -1.2069435e-01   0.0000000e+00   3.7802359e-07
   8.0900000e+02   1.3236750e+01   3.7358480e+00  -1.2078480e-01   0.0000000e+00   3.7773063e-07
   8.1000000e+02   1.3223000e+01   3.7351190e+00  -1.2087497e-01   0.0000000e+00   3.7743742e-07
   8.1100000e+02   1.3209280e+01   3.7343910e+00  -1.2096484e-01   0.0000000e+00   3.7714406e-07
   8.1200000e+02   1.3195590e+01   3.7336640e+00  -1.2105442e-01   0.0000000e+00   3.7685049e-07
   8.1300000e+02   1.3181930e+01   3.7329390e+00  -1.2114367e-01   0.0000000e+00   3.7655665e-07
   8.1400000e+02   1.3168300e+01   3.7322150e+00  -1.2123265e-01   0.0000000e+00   3.7626269e-07
   8.1500000e+02   1.3154700e+01   3.7314930e+00  -1.2132132e-01   0.0000000e+00   3.7596842e-07
   8.1600000e+02   1.3141130e+01   3.7307720e+00  -1.2140968e-01   0.0000000e+00   3.7567401e-07
   8.1700000e+02   1.3127580e+01   3.7300520e+00  -1.2149776e-01   0.0000000e+00   3.7537942e-07
   8.1800000e+02   1.3114070e+01   3.7293340e+00  -1.2158554e-01   0.0000000e+00   3.7508459e-07
   8.1900000e+02   1.3100590e+01   3.7286170e+00  -1.2167305e-01   0.0000000e+00   3.7478958e-07
   8.2000000e+02   1.3087130e+01   3.7279010e+00  -1.2176027e-01   0.0000000e+00   3.7449449e-07
   8.2100000e+02   1.3073710e+01   3.7271870e+00  -1.2184718e-01   0.0000000e+00   3.7419909e-07
   8.2200000e+02   1.3060310e+01   3.7264740e+00  -1.2193382e-01   0.0000000e+00   3.7390359e-07
   8.2300000e+02   1.3046940e+01   3.7257620e+00  -1.2202017e-01   0.0000000e+00   3.7360792e-07
   8.2400000e+02   1.3033600e+01   3.7250520e+00  -1.2210622e-01   0.0000000e+00   3.7331201e-07
   8.2500000e+02   1.3020290e+01   3.7243430e+00  -1.2219199e-01   0.0000000e+00   3.7301595e-07
   8.2600000e+02   1.3007010e+01   3.7236350e+00  -1.2227748e-01   0.0000000e+00   3.7271978e-07
   8.2700000e+02   1.2993760e+01   3.7229290e+00  -1.2236269e-01   0.0000000e+00   3.7242340e-07
   8.2800000e+02   1.2980530e+01   3.7222240e+00  -1.2244761e-01   0.0000000e+00   3.7212683e-07
   8.2900000e+02   1.2967330e+01   3.7215200e+00  -1.2253225e-01   0.0000000e+00   3.7183016e-07
   8.3000000e+02   1.2954160e+01   3.7208180e+00  -1.2261662e-01   0.0000000e+00   3.7153326e-07
   8.3100000e+02   1.2941020e+01   3.7201170e+00  -1.2270069e-01   0.0000000e+00   3.7123624e-07
   8.3200000e+02   1.2927910e+01   3.7194180e+00  -1.2278451e-01   0.0000000e+00   3.7093903e-07
   8.3300000e+02   1.2914820e+01   3.7187190e+00  -1.2286804e-01   0.0000000e+00   3.7064178e-07
   8.3400000e+02   1.2901770e+01   3.7180220e+00  -1.2295132e-01   0.0000000e+00   3.7034428e-07
   8.3500000e+02   1.2888730e+01   3.7173270e+00  -1.2303426e-01   0.0000000e+00   3.7004662e-07
   8.3600000e+02   1.2875730e+01   3.7166320e+00  -1.2311697e-01   0.0000000e+00   3.6974892e-07
   8.3700000e+02   1.2862760e+01   3.7159390e+00  -1.2319943e-01   0.0000000e+00   3.6945103e-07
   8.3800000e+02   1.2849810e+01   3.7152480e+00  -1.2328157e-01   0.0000000e+00   3.6915289e-07
   8.3900000e+02   1.2836890e+01   3.7145570e+00  -1.2336349e-01   0.0000000e+00   3.6885485e-07
   8.4000000e+02   1.2823990e+01   3.7138680e+00  -1.2344508e-01   0.0000000e+00   3.6855654e-07
   8.4100000e+02   1.2811130e+01   3.7131800e+00  -1.2352646e-01   0.0000000e+00   3.6825811e-07
   8.4200000e+02   1.2798290e+01   3.7124940e+00  -1.2360755e-01   0.0000000e+00   3.6795954e-07
   8.4300000e+02   1.2785470e+01   3.7118090e+00  -1.2368834e-01   0.0000000e+00   3.6766082e-07
   8.4400000e+02   1.2772690e+01   3.7111250e+00  -1.2376890e-01   0.0000000e+00   3.6736202e-07
   8.4500000e+02   1.2759930e+01   3.7104420e+00  -1.2384920e-01   0.0000000e+00   3.6706313e-07
   8.4600000e+02   1.2747190e+01   3.7097610e+00  -1.2392921e-01   0.0000000e+00   3.6676411e-07
   8.4700000e+02   1.2734490e+01   3.7090810e+00  -1.2400900e-01   0.0000000e+00   3.6646493e-07
   8.4800000e+02   1.2721810e+01   3.7084020e+00  -1.2408849e-01   0.0000000e+00   3.6616566e-07
   8.4900000e+02   1.2709150e+01   3.7077250e+00  -1.2416771e-01   0.0000000e+00   3.6586623e-07
   8.5000000e+02   1.2696530e+01   3.7070480e+00  -1.2424674e-01   0.0000000e+00   3.6556686e-07
   8.5100000e+02   1.2683920e+01   3.7063740e+00  -1.2432542e-01   0.0000000e+00   3.6526719e-07
   8.5200000e+02   1.2671350e+01   3.7057000e+00  -1.2440390e-01   0.0000000e+00   3.6496752e-07
   8.5300000e+02   1.2658800e+01   3.7050280e+00  -1.2448209e-01   0.0000000e+00   3.6466772e-07
   8.5400000e+02   1.2646280e+01   3.7043560e+00  -1.2456007e-01   0.0000000e+00   3.6436789e-07
   8.5500000e+02   1.2633780e+01   3.7036870e+00  -1.2463776e-01   0.0000000e+00   3.6406783e-07
   8.5600000e+02   1.2621310e+01   3.7030180e+00  -1.2471521e-01   0.0000000e+00   3.6376778e-07
   8.5700000e+02   1.2608860e+01   3.7023510e+00  -1.2479238e-01   0.0000000e+00   3.6346761e-07
   8.5800000e+02   1.2596440e+01   3.7016850e+00  -1.2486934e-01   0.0000000e+00   3.6316740e-07
   8.5900000e+02   1.2584040e+01   3.7010200e+00  -1.2494600e-01   0.0000000e+00   3.6286701e-07
   8.6000000e+02   1.2571670e+01   3.7003560e+00  -1.2502246e-01   0.0000000e+00   3.6256666e-07
   8.6100000e+02   1.2559330e+01   3.6996940e+00  -1.2509866e-01   0.0000000e+00   3.6226613e-07
   8.6200000e+02   1.2547010e+01   3.6990330e+00  -1.2517459e-01   0.0000000e+00   3.6196552e-07
   8.6300000e+02   1.2534710e+01   3.6983730e+00  -1.2525028e-01   0.0000000e+00   3.6166485e-07
   8.6400000e+02   1.2522440e+01   3.6977150e+00  -1.2532571e-01   0.0000000e+00   3.6136411e-07
   8.6500000e+02   1.2510200e+01   3.6970570e+00  -1.2540093e-01   0.0000000e+00   3.6106331e-07
   8.6600000e+02   1.2497980e+01   3.6964010e+00  -1.2547590e-01   0.0000000e+00   3.6076245e-07
   8.6700000e+02   1.2485780e+01   3.6957460e+00  -1.2555061e-01   0.0000000e+00   3.6046149e-07
   8.6800000e+02   1.2473610e+01   3.6950930e+00  -1.2562505e-01   0.0000000e+00   3.6016039e-07
   8.6900000e+02   1.2461470e+01   3.6944400e+00  -1.2569931e-01   0.0000000e+00   3.5985935e-07
   8.7000000e+02   1.2449350e+01   3.6937890e+00  -1.2577330e-01   0.0000000e+00   3.5955822e-07
   8.7100000e+02   1.2437250e+01   3.6931390e+00  -1.2584704e-01   0.0000000e+00   3.5925702e-07
   8.7200000e+02   1.2425180e+01   3.6924910e+00  -1.2592053e-01   0.0000000e+00   3.5895563e-07
   8.7300000e+02   1.2413130e+01   3.6918430e+00  -1.2599380e-01   0.0000000e+00   3.5865435e-07
   8.7400000e+02   1.2401110e+01   3.6911970e+00  -1.2606684e-01   0.0000000e+00   3.5835296e-07
   8.7500000e+02   1.2389110e+01   3.6905520e+00  -1.2613962e-01   0.0000000e+00   3.5805151e-07
   8.7600000e+02   1.2377130e+01   3.6899080e+00  -1.2621218e-01   0.0000000e+00   3.5775002e-07
   8.7700000e+02   1.2365180e+01   3.6892650e+00  -1.2628452e-01   0.0000000e+00   3.5744853e-07
   8.7800000e+02   1.2353250e+01   3.6886240e+00  -1.2635660e-01   0.0000000e+00   3.5714690e-07
   8.7900000e+02   1.2341350e+01   3.6879840e+00  -1.2642844e-01   0.0000000e+00   3.5684525e-07
   8.8000000e+02   1.2329470e+01   3.6873450e+00  -1.2650006e-01   0.0000000e+00   3.5654357e-07
   8.8100000e+02   1.2317610e+01   3.6867070e+00  -1.2657146e-01   0.0000000e+00   3.5624184e-07
   8.8200000e+02   1.2305780e+01   3.6860700e+00  -1.2664262e-01   0.0000000e+00   3.5594011e-07
   8.8300000e+02   1.2293970e+01   3.6854350e+00  -1.2671354e-01   0.0000000e+00   3.5563831e-07
   8.8400000e+02   1.2282180e+01   3.6848010e+00  -1.2678423e-01   0.0000000e+00   3.5533650e-07
   8.8500000e+02   1.2270420e+01   3.6841680e+00  -1.2685470e-01   0.0000000e+00   3.5503455e-07
   8.8600000e+02   1.2258680e+01   3.6835360e+00  -1.2692494e-01   0.0000000e+00   3.5473268e-07
   8.8700000e+02   1.2246970e+01   3.6829050e+00  -1.2699500e-01   0.0000000e+00   3.5443084e-07
   8.8800000e+02   1.2235270e+01   3.6822760e+00  -1.2706475e-01   0.0000000e+00   3.5412884e-07
   8.8900000e+02   1.2223610e+01   3.6816470e+00  -1.2713436e-01   0.0000000e+00   3.5382690e-07
   8.9000000e+02   1.2211960e+01   3.6810200e+00  -1.2720367e-01   0.0000000e+00   3.5352487e-07
   8.9100000e+02   1.2200340e+01   3.6803940e+00  -1.2727282e-01   0.0000000e+00   3.5322286e-07
   8.9200000e+02   1.2188730e+01   3.6797700e+00  -1.2734165e-01   0.0000000e+00   3.5292070e-07
   8.9300000e+02   1.2177160e+01   3.6791460e+00  -1.2741036e-01   0.0000000e+00   3.5261868e-07
   8.9400000e+02   1.2165600e+01   3.6785240e+00  -1.2747879e-01   0.0000000e+00   3.5231653e-07
   8.9500000e+02   1.2154070e+01   3.6779020e+00  -1.2754704e-01   0.0000000e+00   3.5201450e-07
   8.9600000e+02   1.2142560e+01   3.6772820e+00  -1.2761504e-01   0.0000000e+00   3.5171235e-07
   8.9700000e+02   1.2131070e+01   3.6766630e+00  -1.2768284e-01   0.0000000e+00   3.5141023e-07
   8.9800000e+02   1.2119610e+01   3.6760460e+00  -1.2775041e-01   0.0000000e+00   3.5110801e-07
   8.9900000e+02   1.2108160e+01   3.6754290e+00  -1.2781776e-01   0.0000000e+00   3.5080592e-07
   9.0000000e+02   1.2096740e+01   3.6748130e+00  -1.2788492e-01   0.0000000e+00   3.5050385e-07
   9.0100000e+02   1.2085350e+01   3.6741990e+00  -1.2795185e-01   0.0000000e+00   3.5020162e-07
   9.0200000e+02   1.2073970e+01   3.6735860e+00  -1.2801855e-01   0.0000000e+00   3.4989947e-07
   9.0300000e+02   1.2062620e+01   3.6729740e+00  -1.2808504e-01   0.0000000e+00   3.4959727e-07
   9.0400000e+02   1.2051280e+01   3.6723630e+00  -1.2815131e-01   0.0000000e+00   3.4929510e-07
   9.0500000e+02   1.2039970e+01   3.6717530e+00  -1.2821740e-01   0.0000000e+00   3.4899297e-07
   9.0600000e+02   1.2028690e+01   3.6711450e+00  -1.2828324e-01   0.0000000e+00   3.4869074e-07
   9.0700000e+02   1.2017420e+01   3.6705370e+00  -1.2834892e-01   0.0000000e+00   3.4838867e-07
   9.0800000e+02   1.2006170e+01   3.6699310e+00  -1.2841432e-01   0.0000000e+00   3.4808645e-07
   9.0900000e+02   1.1994950e+01   3.6693260e+00  -1.2847955e-01   0.0000000e+00   3.4778428e-07
   9.1000000e+02   1.1983750e+01   3.6687220e+00  -1.2854457e-01   0.0000000e+00   3.4748217e-07
   9.1100000e+02   1.1972570e+01   3.6681190e+00  -1.2860936e-01   0.0000000e+00   3.4717996e-07
   9.1200000e+02   1.1961410e+01   3.6675170e+00  -1.2867398e-01   0.0000000e+00   3.4687791e-07
   9.1300000e+02   1.1950280e+01   3.6669160e+00  -1.2873839e-01   0.0000000e+00   3.4657583e-07
   9.1400000e+02   1.1939160e+01   3.6663170e+00  -1.2880256e-01   0.0000000e+00   3.4627367e-07
   9.1500000e+02   1.1928070e+01   3.6657180e+00  -1.2886656e-01   0.0000000e+00   3.4597164e-07
   9.1600000e+02   1.1916990e+01   3.6651210e+00  -1.2893031e-01   0.0000000e+00   3.4566957e-07
   9.1700000e+02   1.1905940e+01   3.6645240e+00  -1.2899392e-01   0.0000000e+00   3.4536760e-07
   9.1800000e+02   1.1894910e+01   3.6639290e+00  -1.2905728e-01   0.0000000e+00   3.4506558e-07
   9.1900000e+02   1.1883900e+01   3.6633350e+00  -1.2912045e-01   0.0000000e+00   3.4476359e-07
   9.2000000e+02   1.1872910e+01   3.6627420e+00  -1.2918340e-01   0.0000000e+00   3.4446159e-07
   9.2100000e+02   1.1861950e+01   3.6621510e+00  -1.2924617e-01   0.0000000e+00   3.4415957e-07
   9.2200000e+02   1.1851000e+01   3.6615600e+00  -1.2930874e-01   0.0000000e+00   3.4385773e-07
   9.2300000e+02   1.1840070e+01   3.6609700e+00  -1.2937110e-01   0.0000000e+00   3.4355588e-07
   9.2400000e+02   1.1829170e+01   3.6603820e+00  -1.2943327e-01   0.0000000e+00   3.4325396e-07
   9.2500000e+02   1.1818280e+01   3.6597940e+00  -1.2949525e-01   0.0000000e+00   3.4295218e-07
   9.2600000e+02   1.1807420e+01   3.6592080e+00  -1.2955702e-01   0.0000000e+00   3.4265037e-07
   9.2700000e+02   1.1796570e+01   3.6586230e+00  -1.2961857e-01   0.0000000e+00   3.4234858e-07
   9.2800000e+02   1.1785750e+01   3.6580390e+00  -1.2967995e-01   0.0000000e+00   3.4204683e-07
   9.2900000e+02   1.1774950e+01   3.6574550e+00  -1.2974116e-01   0.0000000e+00   3.4174522e-07
   9.3000000e+02   1.1764170e+01   3.6568730e+00  -1.2980216e-01   0.0000000e+00   3.4144361e-07
   9.3100000e+02   1.1753400e+01   3.6562930e+00  -1.2986290e-01   0.0000000e+00   3.4114189e-07
   9.3200000e+02   1.1742660e+01   3.6557130e+00  -1.2992351e-01   0.0000000e+00   3.4084034e-07
   9.3300000e+02   1.1731940e+01   3.6551340e+00  -1.2998393e-01   0.0000000e+00   3.4053889e-07
   9.3400000e+02   1.1721240e+01   3.6545560e+00  -1.3004414e-01   0.0000000e+00   3.4023736e-07
   9.3500000e+02   1.1710560e+01   3.6539800e+00  -1.3010417e-01   0.0000000e+00   3.3993593e-07
   9.3600000e+02   1.1699900e+01   3.6534040e+00  -1.3016402e-01   0.0000000e+00   3.3963460e-07
   9.3700000e+02   1.1689250e+01   3.6528300e+00  -1.3022360e-01   0.0000000e+00   3.3933317e-07
   9.3800000e+02   1.1678630e+01   3.6522560e+00  -1.3028308e-01   0.0000000e+00   3.3903191e-07
   9.3900000e+02   1.1668030e+01   3.6516840e+00  -1.3034234e-01   0.0000000e+00   3.3873065e-07
   9.4000000e+02   1.1657450e+01   3.6511120e+00  -1.3040144e-01   0.0000000e+00   3.3842954e-07
   9.4100000e+02   1.1646880e+01   3.6505420e+00  -1.3046030e-01   0.0000000e+00   3.3812838e-07
   9.4200000e+02   1.1636340e+01   3.6499730e+00  -1.3051901e-01   0.0000000e+00   3.3782729e-07
   9.4300000e+02   1.1625820e+01   3.6494050e+00  -1.3057753e-01   0.0000000e+00   3.3752628e-07
   9.4400000e+02   1.1615310e+01   3.6488380e+00  -1.3063583e-01   0.0000000e+00   3.3722522e-07
   9.4500000e+02   1.1604830e+01   3.6482720e+00  -1.3069398e-01   0.0000000e+00   3.3692429e-07
   9.4600000e+02   1.1594360e+01   3.6477070e+00  -1.3075193e-01   0.0000000e+00   3.3662348e-07
   9.4700000e+02   1.1583920e+01   3.6471430e+00  -1.3080973e-01   0.0000000e+00   3.3632273e-07
   9.4800000e+02   1.1573490e+01   3.6465800e+00  -1.3086730e-01   0.0000000e+00   3.3602201e-07
   9.4900000e+02   1.1563080e+01   3.6460180e+00  -1.3092472e-01   0.0000000e+00   3.3572136e-07
   9.5000000e+02   1.1552700e+01   3.6454570e+00  -1.3098195e-01   0.0000000e+00   3.3542074e-07
   9.5100000e+02   1.1542330e+01   3.6448970e+00  -1.3103900e-01   0.0000000e+00   3.3512022e-07
   9.5200000e+02   1.1531980e+01   3.6443390e+00  -1.3109584e-01   0.0000000e+00   3.3481967e-07
   9.5300000e+02   1.1521650e+01   3.6437810e+00  -1.3115255e-01   0.0000000e+00   3.3451928e-07
   9.5400000e+02   1.1511330e+01   3.6432240e+00  -1.3120904e-01   0.0000000e+00   3.3421900e-07
   9.5500000e+02   1.1501040e+01   3.6426680e+00  -1.3126537e-01   0.0000000e+00   3.3391873e-07
   9.5600000e+02   1.1490770e+01   3.6421140e+00  -1.3132151e-01   0.0000000e+00   3.3361851e-07
   9.5700000e+02   1.1480510e+01   3.6415600e+00  -1.3137748e-01   0.0000000e+00   3.3331842e-07
   9.5800000e+02   1.1470270e+01   3.6410070e+00  -1.3143328e-01   0.0000000e+00   3.3301839e-07
   9.5900000e+02   1.1460060e+01   3.6404560e+00  -1.3148888e-01   0.0000000e+00   3.3271831e-07
   9.6000000e+02   1.1449860e+01   3.6399050e+00  -1.3154435e-01   0.0000000e+00   3.3241853e-07
   9.6100000e+02   1.1439680e+01   3.6393550e+00  -1.3159963e-01   0.0000000e+00   3.3211875e-07
   9.6200000e+02   1.1429510e+01   3.6388070e+00  -1.3165469e-01   0.0000000e+00   3.3181892e-07
   9.6300000e+02   1.1419370e+01   3.6382590e+00  -1.3170962e-01   0.0000000e+00   3.3151933e-07
   9.6400000e+02   1.1409240e+01   3.6377130e+00  -1.3176432e-01   0.0000000e+00   3.3121962e-07
   9.6500000e+02   1.1399140e+01   3.6371670e+00  -1.3181892e-01   0.0000000e+00   3.3092019e-07
   9.6600000e+02   1.1389050e+01   3.6366230e+00  -1.3187332e-01   0.0000000e+00   3.3062080e-07
   9.6700000e+02   1.1378980e+01   3.6360790e+00  -1.3192755e-01   0.0000000e+00   3.3032150e-07
   9.6800000e+02   1.1368920e+01   3.6355360e+00  -1.3198160e-01   0.0000000e+00   3.3002228e-07
   9.6900000e+02   1.1358890e+01   3.6349950e+00  -1.3203549e-01   0.0000000e+00   3.2972304e-07
   9.7000000e+02   1.1348870e+01   3.6344540e+00  -1.3208919e-01   0.0000000e+00   3.2942398e-07
   9.7100000e+02   1.1338870e+01   3.6339150e+00  -1.3214270e-01   0.0000000e+00   3.2912494e-07
   9.7200000e+02   1.1328890e+01   3.6333760e+00  -1.3219610e-01   0.0000000e+00   3.2882610e-07
   9.7300000e+02   1.1318930e+01   3.6328380e+00  -1.3224934e-01   0.0000000e+00   3.2852732e-07
   9.7400000e+02   1.1308990e+01   3.6323020e+00  -1.3230235e-01   0.0000000e+00   3.2822850e-07
   9.7500000e+02   1.1299060e+01   3.6317660e+00  -1.3235522e-01   0.0000000e+00   3.2792990e-07
   9.7600000e+02   1.1289150e+01   3.6312310e+00  -1.3240794e-01   0.0000000e+00   3.2763143e-07
   9.7700000e+02   1.1279260e+01   3.6306970e+00  -1.3246050e-01   0.0000000e+00   3.2733304e-07
   9.7800000e+02   1.1269390e+01   3.6301650e+00  -1.3251285e-01   0.0000000e+00   3.2703460e-07
   9.7900000e+02   1.1259530e+01   3.6296330e+00  -1.3256505e-01   0.0000000e+00   3.2673639e-07
   9.8000000e+02   1.1249690e+01   3.6291020e+00  -1.3261710e-01   0.0000000e+00   3.2643824e-07
   9.8100000e+02   1.1239870e+01   3.6285720e+00  -1.3266900e-01   0.0000000e+00   3.2614019e-07
   9.8200000e+02   1.1230070e+01   3.6280430e+00  -1.3272072e-01   0.0000000e+00   3.2584228e-07
   9.8300000e+02   1.1220280e+01   3.6275150e+00  -1.3277225e-01   0.0000000e+00   3.2554439e-07
   9.8400000e+02   1.1210520e+01   3.6269890e+00  -1.3282366e-01   0.0000000e+00   3.2524655e-07
   9.8500000e+02   1.1200760e+01   3.6264630e+00  -1.3287485e-01   0.0000000e+00   3.2494890e-07
   9.8600000e+02   1.1191030e+01   3.6259380e+00  -1.3292595e-01   0.0000000e+00   3.2465143e-07
   9.8700000e+02   1.1181310e+01   3.6254130e+00  -1.3297687e-01   0.0000000e+00   3.2435399e-07
   9.8800000e+02   1.1171610e+01   3.6248900e+00  -1.3302761e-01   0.0000000e+00   3.2405668e-07
   9.8900000e+02   1.1161930e+01   3.6243680e+00  -1.3307819e-01   0.0000000e+00   3.2375936e-07
   9.9000000e+02   1.1152270e+01   3.6238470e+00  -1.3312863e-01   0.0000000e+00   3.2346232e-07
   9.9100000e+02   1.1142620e+01   3.6233270e+00  -1.3317889e-01   0.0000000e+00   3.2316523e-07
   9.9200000e+02   1.1132990e+01   3.6228070e+00  -1.3322902e-01   0.0000000e+00   3.2286835e-07
   9.9300000e+02   1.1123370e+01   3.6222890e+00  -1.3327895e-01   0.0000000e+00   3.2257154e-07
   9.9400000e+02   1.1113780e+01   3.6217710e+00  -1.3332879e-01   0.0000000e+00   3.2227492e-07
   9.9500000e+02   1.1104200e+01   3.6212550e+00  -1.3337843e-01   0.0000000e+00   3.2197826e-07
   9.9600000e+02   1.1094630e+01   3.6207390e+00  -1.3342790e-01   0.0000000e+00   3.2168185e-07
   9.9700000e+02   1.1085090e+01   3.6202250e+00  -1.3347725e-01   0.0000000e+00   3.2138540e-07
   9.9800000e+02   1.1075560e+01   3.6197110e+00  -1.3352641e-01   0.0000000e+00   3.2108917e-07
   9.9900000e+02   1.1066040e+01   3.6191980e+00  -1.3357543e-01   0.0000000e+00   3.2079305e-07
   1.0000000e+03   1.1056550e+01   3.6186860e+00  -1.3362432e-01   0.0000000e+00   3.2049708e-07
   1.0010000e+03   1.1047060e+01   3.6181750e+00  -1.3367301e-01   0.0000000e+00   3.2020122e-07
   1.0020000e+03   1.1037600e+01   3.6176650e+00  -1.3372159e-01   0.0000000e+00   3.1990544e-07
   1.0030000e+03   1.1028150e+01   3.6171560e+00  -1.3376998e-01   0.0000000e+00   3.1960972e-07
   1.0040000e+03   1.1018720e+01   3.6166480e+00  -1.3381825e-01   0.0000000e+00   3.1931419e-07
   1.0050000e+03   1.1009310e+01   3.6161410e+00  -1.3386636e-01   0.0000000e+00   3.1901874e-07
   1.0060000e+03   1.0999910e+01   3.6156350e+00  -1.3391431e-01   0.0000000e+00   3.1872348e-07
   1.0070000e+03   1.0990530e+01   3.6151290e+00  -1.3396212e-01   0.0000000e+00   3.1842830e-07
   1.0080000e+03   1.0981160e+01   3.6146250e+00  -1.3400976e-01   0.0000000e+00   3.1813323e-07
   1.0090000e+03   1.0971810e+01   3.6141210e+00  -1.3405727e-01   0.0000000e+00   3.1783833e-07
   1.0100000e+03   1.0962480e+01   3.6136180e+00  -1.3410464e-01   0.0000000e+00   3.1754349e-07
   1.0110000e+03   1.0953160e+01   3.6131170e+00  -1.3415182e-01   0.0000000e+00   3.1724876e-07
   1.0120000e+03   1.0943860e+01   3.6126160e+00  -1.3419888e-01   0.0000000e+00   3.1695424e-07
   1.0130000e+03   1.0934580e+01   3.6121160e+00  -1.3424582e-01   0.0000000e+00   3.1665979e-07
   1.0140000e+03   1.0925310e+01   3.6116170e+00  -1.3429257e-01   0.0000000e+00   3.1636545e-07
   1.0150000e+03   1.0916060e+01   3.6111180e+00  -1.3433923e-01   0.0000000e+00   3.1607137e-07
   1.0160000e+03   1.0906820e+01   3.6106210e+00  -1.3438571e-01   0.0000000e+00   3.1577727e-07
   1.0170000e+03   1.0897600e+01   3.6101250e+00  -1.3443201e-01   0.0000000e+00   3.1548328e-07
   1.0180000e+03   1.0888390e+01   3.6096290e+00  -1.3447819e-01   0.0000000e+00   3.1518956e-07
   1.0190000e+03   1.0879200e+01   3.6091350e+00  -1.3452423e-01   0.0000000e+00   3.1489591e-07
   1.0200000e+03   1.0870030e+01   3.6086410e+00  -1.3457013e-01   0.0000000e+00   3.1460236e-07
   1.0210000e+03   1.0860870e+01   3.6081480e+00  -1.3461589e-01   0.0000000e+00   3.1430893e-07
   1.0220000e+03   1.0851730e+01   3.6076560e+00  -1.3466152e-01   0.0000000e+00   3.1401574e-07
   1.0230000e+03   1.0842600e+01   3.6071650e+00  -1.3470696e-01   0.0000000e+00   3.1372259e-07
   1.0240000e+03   1.0833490e+01   3.6066750e+00  -1.3475227e-01   0.0000000e+00   3.1342958e-07
   1.0250000e+03   1.0824400e+01   3.6061860e+00  -1.3479748e-01   0.0000000e+00   3.1313669e-07
   1.0260000e+03   1.0815320e+01   3.6056970e+00  -1.3484253e-01   0.0000000e+00   3.1284402e-07
   1.0270000e+03   1.0806250e+01   3.6052100e+00  -1.3488739e-01   0.0000000e+00   3.1255136e-07
   1.0280000e+03   1.0797200e+01   3.6047230e+00  -1.3493217e-01   0.0000000e+00   3.1225894e-07
   1.0290000e+03   1.0788170e+01   3.6042370e+00  -1.3497679e-01   0.0000000e+00   3.1196663e-07
   1.0300000e+03   1.0779150e+01   3.6037520e+00  -1.3502127e-01   0.0000000e+00   3.1167446e-07
   1.0310000e+03   1.0770150e+01   3.6032680e+00  -1.3506561e-01   0.0000000e+00   3.1138238e-07
   1.0320000e+03   1.0761160e+01   3.6027850e+00  -1.3510982e-01   0.0000000e+00   3.1109049e-07
   1.0330000e+03   1.0752190e+01   3.6023030e+00  -1.3515388e-01   0.0000000e+00   3.1079874e-07
   1.0340000e+03   1.0743230e+01   3.6018210e+00  -1.3519783e-01   0.0000000e+00   3.1050719e-07
   1.0350000e+03   1.0734290e+01   3.6013400e+00  -1.3524164e-01   0.0000000e+00   3.1021571e-07
   1.0360000e+03   1.0725360e+01   3.6008610e+00  -1.3528524e-01   0.0000000e+00   3.0992433e-07
   1.0370000e+03   1.0716450e+01   3.6003820e+00  -1.3532878e-01   0.0000000e+00   3.0963319e-07
   1.0380000e+03   1.0707550e+01   3.5999040e+00  -1.3537215e-01   0.0000000e+00   3.0934215e-07
   1.0390000e+03   1.0698670e+01   3.5994260e+00  -1.3541543e-01   0.0000000e+00   3.0905127e-07
   1.0400000e+03   1.0689800e+01   3.5989500e+00  -1.3545852e-01   0.0000000e+00   3.0876051e-07
   1.0410000e+03   1.0680950e+01   3.5984750e+00  -1.3550147e-01   0.0000000e+00   3.0846989e-07
   1.0420000e+03   1.0672110e+01   3.5980000e+00  -1.3554433e-01   0.0000000e+00   3.0817946e-07
   1.0430000e+03   1.0663290e+01   3.5975260e+00  -1.3558706e-01   0.0000000e+00   3.0788917e-07
   1.0440000e+03   1.0654480e+01   3.5970530e+00  -1.3562963e-01   0.0000000e+00   3.0759897e-07
   1.0450000e+03   1.0645680e+01   3.5965810e+00  -1.3567205e-01   0.0000000e+00   3.0730897e-07
   1.0460000e+03   1.0636910e+01   3.5961100e+00  -1.3571437e-01   0.0000000e+00   3.0701911e-07
   1.0470000e+03   1.0628140e+01   3.5956390e+00  -1.3575653e-01   0.0000000e+00   3.0672943e-07
   1.0480000e+03   1.0619390e+01   3.5951690e+00  -1.3579859e-01   0.0000000e+00   3.0643983e-07
   1.0490000e+03   1.0610660e+01   3.5947010e+00  -1.3584049e-01   0.0000000e+00   3.0615038e-07
   1.0500000e+03   1.0601940e+01   3.5942330e+00  -1.3588228e-01   0.0000000e+00   3.0586117e-07
   1.0510000e+03   1.0593230e+01   3.5937660e+00  -1.3592392e-01   0.0000000e+00   3.0557201e-07
   1.0520000e+03   1.0584540e+01   3.5932990e+00  -1.3596547e-01   0.0000000e+00   3.0528315e-07
   1.0530000e+03   1.0575860e+01   3.5928340e+00  -1.3600684e-01   0.0000000e+00   3.0499433e-07
   1.0540000e+03   1.0567200e+01   3.5923690e+00  -1.3604812e-01   0.0000000e+00   3.0470569e-07
   1.0550000e+03   1.0558550e+01   3.5919050e+00  -1.3608926e-01   0.0000000e+00   3.0441718e-07
   1.0560000e+03   1.0549920e+01   3.5914420e+00  -1.3613029e-01   0.0000000e+00   3.0412891e-07
   1.0570000e+03   1.0541300e+01   3.5909800e+00  -1.3617115e-01   0.0000000e+00   3.0384070e-07
   1.0580000e+03   1.0532690e+01   3.5905190e+00  -1.3621188e-01   0.0000000e+00   3.0355264e-07
   1.0590000e+03   1.0524100e+01   3.5900580e+00  -1.3625254e-01   0.0000000e+00   3.0326484e-07
   1.0600000e+03   1.0515520e+01   3.5895980e+00  -1.3629303e-01   0.0000000e+00   3.0297707e-07
   1.0610000e+03   1.0506960e+01   3.5891390e+00  -1.3633341e-01   0.0000000e+00   3.0268958e-07
   1.0620000e+03   1.0498410e+01   3.5886810e+00  -1.3637366e-01   0.0000000e+00   3.0240220e-07
   1.0630000e+03   1.0489880e+01   3.5882240e+00  -1.3641377e-01   0.0000000e+00   3.0211493e-07
   1.0640000e+03   1.0481360e+01   3.5877670e+00  -1.3645379e-01   0.0000000e+00   3.0182791e-07
   1.0650000e+03   1.0472850e+01   3.5873120e+00  -1.3649363e-01   0.0000000e+00   3.0154092e-07
   1.0660000e+03   1.0464360e+01   3.5868570e+00  -1.3653341e-01   0.0000000e+00   3.0125423e-07
   1.0670000e+03   1.0455880e+01   3.5864020e+00  -1.3657304e-01   0.0000000e+00   3.0096770e-07
   1.0680000e+03   1.0447410e+01   3.5859490e+00  -1.3661251e-01   0.0000000e+00   3.0068122e-07
   1.0690000e+03   1.0438960e+01   3.5854970e+00  -1.3665188e-01   0.0000000e+00   3.0039493e-07
   1.0700000e+03   1.0430530e+01   3.5850450e+00  -1.3669116e-01   0.0000000e+00   3.0010881e-07
   1.0710000e+03   1.0422100e+01   3.5845940e+00  -1.3673028e-01   0.0000000e+00   2.9982291e-07
   1.0720000e+03   1.0413690e+01   3.5841440e+00  -1.3676931e-01   0.0000000e+00   2.9953721e-07
   1.0730000e+03   1.0405300e+01   3.5836940e+00  -1.3680823e-01   0.0000000e+00   2.9925162e-07
   1.0740000e+03   1.0396910e+01   3.5832460e+00  -1.3684697e-01   0.0000000e+00   2.9896610e-07
   1.0750000e+03   1.0388550e+01   3.5827980e+00  -1.3688562e-01   0.0000000e+00   2.9868081e-07
   1.0760000e+03   1.0380190e+01   3.5823510e+00  -1.3692415e-01   0.0000000e+00   2.9839576e-07
   1.0770000e+03   1.0371850e+01   3.5819050e+00  -1.3696255e-01   0.0000000e+00   2.9811078e-07
   1.0780000e+03   1.0363520e+01   3.5814590e+00  -1.3700087e-01   0.0000000e+00   2.9782602e-07
   1.0790000e+03   1.0355210e+01   3.5810150e+00  -1.3703902e-01   0.0000000e+00   2.9754144e-07
   1.0800000e+03   1.0346900e+01   3.5805710e+00  -1.3707704e-01   0.0000000e+00   2.9725700e-07
   1.0810000e+03   1.0338620e+01   3.5801280e+00  -1.3711501e-01   0.0000000e+00   2.9697271e-07
   1.0820000e+03   1.0330340e+01   3.5796850e+00  -1.3715281e-01   0.0000000e+00   2.9668861e-07
   1.0830000e+03   1.0322080e+01   3.5792440e+00  -1.3719050e-01   0.0000000e+00   2.9640466e-07
   1.0840000e+03   1.0313830e+01   3.5788030e+00  -1.3722808e-01   0.0000000e+00   2.9612093e-07
   1.0850000e+03   1.0305600e+01   3.5783630e+00  -1.3726554e-01   0.0000000e+00   2.9583734e-07
   1.0860000e+03   1.0297380e+01   3.5779240e+00  -1.3730290e-01   0.0000000e+00   2.9555388e-07
   1.0870000e+03   1.0289170e+01   3.5774850e+00  -1.3734013e-01   0.0000000e+00   2.9527069e-07
   1.0880000e+03   1.0280980e+01   3.5770480e+00  -1.3737723e-01   0.0000000e+00   2.9498757e-07
   1.0890000e+03   1.0272790e+01   3.5766110e+00  -1.3741421e-01   0.0000000e+00   2.9470465e-07
   1.0900000e+03   1.0264630e+01   3.5761740e+00  -1.3745115e-01   0.0000000e+00   2.9442205e-07
   1.0910000e+03   1.0256470e+01   3.5757390e+00  -1.3748790e-01   0.0000000e+00   2.9413943e-07
   1.0920000e+03   1.0248330e+01   3.5753040e+00  -1.3752458e-01   0.0000000e+00   2.9385710e-07
   1.0930000e+03   1.0240200e+01   3.5748700e+00  -1.3756111e-01   0.0000000e+00   2.9357492e-07
   1.0940000e+03   1.0232080e+01   3.5744370e+00  -1.3759752e-01   0.0000000e+00   2.9329283e-07
   1.0950000e+03   1.0223980e+01   3.5740050e+00  -1.3763384e-01   0.0000000e+00   2.9301097e-07
   1.0960000e+03   1.0215890e+01   3.5735730e+00  -1.3767004e-01   0.0000000e+00   2.9272932e-07
   1.0970000e+03   1.0207810e+01   3.5731420e+00  -1.3770614e-01   0.0000000e+00   2.9244781e-07
   1.0980000e+03   1.0199750e+01   3.5727120e+00  -1.3774211e-01   0.0000000e+00   2.9216649e-07
   1.0990000e+03   1.0191700e+01   3.5722830e+00  -1.3777796e-01   0.0000000e+00   2.9188526e-07
   1.1000000e+03   1.0183660e+01   3.5718540e+00  -1.3781371e-01   0.0000000e+00   2.9160428e-07
   1.1010000e+03   1.0175630e+01   3.5714260e+00  -1.3784937e-01   0.0000000e+00   2.9132352e-07
   1.1020000e+03   1.0167620e+01   3.5709990e+00  -1.3788489e-01   0.0000000e+00   2.9104292e-07
   1.1030000e+03   1.0159620e+01   3.5705720e+00  -1.3792032e-01   0.0000000e+00   2.9076250e-07
   1.1040000e+03   1.0151630e+01   3.5701470e+00  -1.3795561e-01   0.0000000e+00   2.9048219e-07
   1.1050000e+03   1.0143650e+01   3.5697220e+00  -1.3799081e-01   0.0000000e+00   2.9020212e-07
   1.1060000e+03   1.0135690e+01   3.5692970e+00  -1.3802593e-01   0.0000000e+00   2.8992230e-07
   1.1070000e+03   1.0127740e+01   3.5688740e+00  -1.3806088e-01   0.0000000e+00   2.8964252e-07
   1.1080000e+03   1.0119800e+01   3.5684510e+00  -1.3809577e-01   0.0000000e+00   2.8936299e-07
   1.1090000e+03   1.0111880e+01   3.5680290e+00  -1.3813054e-01   0.0000000e+00   2.8908362e-07
   1.1100000e+03   1.0103960e+01   3.5676080e+00  -1.3816515e-01   0.0000000e+00   2.8880438e-07
   1.1110000e+03   1.0096060e+01   3.5671870e+00  -1.3819972e-01   0.0000000e+00   2.8852547e-07
   1.1120000e+03   1.0088180e+01   3.5667670e+00  -1.3823420e-01   0.0000000e+00   2.8824666e-07
   1.1130000e+03   1.0080300e+01   3.5663480e+00  -1.3826852e-01   0.0000000e+00   2.8796802e-07
   1.1140000e+03   1.0072440e+01   3.5659300e+00  -1.3830273e-01   0.0000000e+00   2.8768950e-07
   1.1150000e+03   1.0064590e+01   3.5655120e+00  -1.3833686e-01   0.0000000e+00   2.8741130e-07
   1.1160000e+03   1.0056750e+01   3.5650950e+00  -1.3837087e-01   0.0000000e+00   2.8713319e-07
   1.1170000e+03   1.0048920e+01   3.5646790e+00  -1.3840476e-01   0.0000000e+00   2.8685529e-07
   1.1180000e+03   1.0041110e+01   3.5642630e+00  -1.3843859e-01   0.0000000e+00   2.8657759e-07
   1.1190000e+03   1.0033310e+01   3.5638480e+00  -1.3847229e-01   0.0000000e+00   2.8630006e-07
   1.1200000e+03   1.0025520e+01   3.5634340e+00  -1.3850588e-01   0.0000000e+00   2.8602272e-07
   1.1210000e+03   1.0017740e+01   3.5630210e+00  -1.3853935e-01   0.0000000e+00   2.8574552e-07
   1.1220000e+03   1.0009980e+01   3.5626080e+00  -1.3857276e-01   0.0000000e+00   2.8546862e-07
   1.1230000e+03   1.0002220e+01   3.5621960e+00  -1.3860602e-01   0.0000000e+00   2.8519184e-07
