   3.2000000e+01   2.4569980e+02   5.0130180e+00  -3.4838135e-02  -7.2657971e-04  -6.1770254e-02
   3.3000000e+01   2.3933150e+02   4.9927850e+00  -3.5622526e-02  -7.3682737e-04  -6.3001111e-02
   3.4000000e+01   2.3328700e+02   4.9736800e+00  -3.6398228e-02  -7.4744337e-04  -6.4208700e-02
   3.5000000e+01   2.2754200e+02   4.9556160e+00  -3.7165992e-02  -7.5843044e-04  -6.5394534e-02
   3.6000000e+01   2.2207440e+02   4.9385120e+00  -3.7926515e-02  -7.6978858e-04  -6.6560035e-02
   3.7000000e+01   2.1686440e+02   4.9222980e+00  -3.8680424e-02  -7.8151917e-04  -6.7706466e-02
   3.8000000e+01   2.1189420e+02   4.9069060e+00  -3.9428330e-02  -7.9362325e-04  -6.8835055e-02
   3.9000000e+01   2.0714720e+02   4.8922790e+00  -4.0170720e-02  -8.0609806e-04  -6.9946821e-02
   4.0000000e+01   2.0260890e+02   4.8783620e+00  -4.0908096e-02  -8.1894642e-04  -7.1042774e-02
   4.1000000e+01   1.9826550e+02   4.8651050e+00  -4.1640894e-02  -8.3216561e-04  -7.2123821e-02
   4.2000000e+01   1.9410480e+02   4.8524630e+00  -4.2369544e-02  -8.4575638e-04  -7.3190823e-02
   4.3000000e+01   1.9011550e+02   4.8403950e+00  -4.3094378e-02  -8.5971856e-04  -7.4244501e-02
   4.4000000e+01   1.8628700e+02   4.8288630e+00  -4.3815786e-02  -8.7404997e-04  -7.5285612e-02
   4.5000000e+01   1.8260990e+02   4.8178320e+00  -4.4534060e-02  -8.8875156e-04  -7.6314793e-02
   4.6000000e+01   1.7907540e+02   4.8072710e+00  -4.5249465e-02  -9.0382440e-04  -7.7332615e-02
   4.7000000e+01   1.7567520e+02   4.7971500e+00  -4.5962311e-02  -9.1926503e-04  -7.8339680e-02
   4.8000000e+01   1.7240200e+02   4.7874420e+00  -4.6672820e-02  -9.3507710e-04  -7.9336490e-02
   4.9000000e+01   1.6924860e+02   4.7781220e+00  -4.7381247e-02  -9.5125683e-04  -8.0323550e-02
   5.0000000e+01   1.6620860e+02   4.7691660e+00  -4.8087777e-02  -9.6780610e-04  -8.1301292e-02
   5.1000000e+01   1.6327610e+02   4.7605550e+00  -4.8792617e-02  -9.8472621e-04  -8.2270123e-02
   5.2000000e+01   1.6044540e+02   4.7522680e+00  -4.9495938e-02  -1.0020168e-03  -8.3230434e-02
   5.3000000e+01   1.5771130e+02   4.7442860e+00  -5.0197942e-02  -1.0196771e-03  -8.4182624e-02
   5.4000000e+01   1.5506900e+02   4.7365930e+00  -5.0898762e-02  -1.0377096e-03  -8.5127011e-02
   5.5000000e+01   1.5251390e+02   4.7291730e+00  -5.1598550e-02  -1.0561141e-03  -8.6063907e-02
   5.6000000e+01   1.5004170e+02   4.7220110e+00  -5.2297470e-02  -1.0748904e-03  -8.6993655e-02
   5.7000000e+01   1.4764860e+02   4.7150940e+00  -5.2995628e-02  -1.0940427e-03  -8.7916495e-02
   5.8000000e+01   1.4533070e+02   4.7084090e+00  -5.3693145e-02  -1.1135684e-03  -8.8832713e-02
   5.9000000e+01   1.4308470e+02   4.7019440e+00  -5.4390175e-02  -1.1334727e-03  -8.9742584e-02
   6.0000000e+01   1.4090710e+02   4.6956880e+00  -5.5086773e-02  -1.1537534e-03  -9.0646301e-02
   6.1000000e+01   1.3879500e+02   4.6896300e+00  -5.5783110e-02  -1.1744135e-03  -9.1544172e-02
   6.2000000e+01   1.3674540e+02   4.6837620e+00  -5.6479245e-02  -1.1954553e-03  -9.2436340e-02
   6.3000000e+01   1.3475560e+02   4.6780720e+00  -5.7175251e-02  -1.2168793e-03  -9.3323032e-02
   6.4000000e+01   1.3282300e+02   4.6725550e+00  -5.7871280e-02  -1.2386877e-03  -9.4204463e-02
   6.5000000e+01   1.3094530e+02   4.6672000e+00  -5.8567384e-02  -1.2608846e-03  -9.5080820e-02
   6.6000000e+01   1.2912000e+02   4.6620010e+00  -5.9263601e-02  -1.2834683e-03  -9.5952226e-02
   6.7000000e+01   1.2734510e+02   4.6569500e+00  -5.9960120e-02  -1.3064436e-03  -9.6818964e-02
   6.8000000e+01   1.2561840e+02   4.6520420e+00  -6.0656895e-02  -1.3298111e-03  -9.7681074e-02
   6.9000000e+01   1.2393810e+02   4.6472690e+00  -6.1354083e-02  -1.3535749e-03  -9.8538793e-02
   7.0000000e+01   1.2230230e+02   4.6426250e+00  -6.2051713e-02  -1.3777355e-03  -9.9392253e-02
   7.1000000e+01   1.2070930e+02   4.6381060e+00  -6.2749858e-02  -1.4022981e-03  -1.0024158e-01
   7.2000000e+01   1.1915740e+02   4.6337060e+00  -6.3448570e-02  -1.4272628e-03  -1.0108691e-01
   7.3000000e+01   1.1764500e+02   4.6294190e+00  -6.4148002e-02  -1.4526326e-03  -1.0192846e-01
   7.4000000e+01   1.1617070e+02   4.6252420e+00  -6.4848081e-02  -1.4784111e-03  -1.0276624e-01
   7.5000000e+01   1.1473310e+02   4.6211690e+00  -6.5548944e-02  -1.5046030e-03  -1.0360045e-01
   7.6000000e+01   1.1333070e+02   4.6171960e+00  -6.6250602e-02  -1.5312064e-03  -1.0443117e-01
   7.7000000e+01   1.1196240e+02   4.6133200e+00  -6.6953166e-02  -1.5582285e-03  -1.0525855e-01
   7.8000000e+01   1.1062690e+02   4.6095360e+00  -6.7656691e-02  -1.5856728e-03  -1.0608272e-01
   7.9000000e+01   1.0932290e+02   4.6058420e+00  -6.8361117e-02  -1.6135358e-03  -1.0690368e-01
   8.0000000e+01   1.0804960e+02   4.6022330e+00  -6.9066649e-02  -1.6418308e-03  -1.0772168e-01
   8.1000000e+01   1.0680560e+02   4.5987060e+00  -6.9773236e-02  -1.6705508e-03  -1.0853672e-01
   8.2000000e+01   1.0559020e+02   4.5952580e+00  -7.0480963e-02  -1.6997077e-03  -1.0934895e-01
   8.3000000e+01   1.0440220e+02   4.5918870e+00  -7.1189841e-02  -1.7292982e-03  -1.1015842e-01
   8.4000000e+01   1.0324090e+02   4.5885890e+00  -7.1899940e-02  -1.7593333e-03  -1.1096525e-01
   8.5000000e+01   1.0210520e+02   4.5853610e+00  -7.2611315e-02  -1.7898090e-03  -1.1176954e-01
   8.6000000e+01   1.0099440e+02   4.5822020e+00  -7.3323946e-02  -1.8207339e-03  -1.1257131e-01
   8.7000000e+01   9.9907580e+01   4.5791090e+00  -7.4038032e-02  -1.8521077e-03  -1.1337080e-01
   8.8000000e+01   9.8844090e+01   4.5760790e+00  -7.4753423e-02  -1.8839371e-03  -1.1416792e-01
   8.9000000e+01   9.7803140e+01   4.5731100e+00  -7.5470248e-02  -1.9162257e-03  -1.1496282e-01
   9.0000000e+01   9.6784020e+01   4.5702000e+00  -7.6188636e-02  -1.9489758e-03  -1.1575567e-01
   9.1000000e+01   9.5786060e+01   4.5673480e+00  -7.6908443e-02  -1.9821930e-03  -1.1654635e-01
   9.2000000e+01   9.4808610e+01   4.5645500e+00  -7.7629858e-02  -2.0158808e-03  -1.1733511e-01
   9.3000000e+01   9.3851040e+01   4.5618050e+00  -7.8352845e-02  -2.0500425e-03  -1.1812194e-01
   9.4000000e+01   9.2912760e+01   4.5591120e+00  -7.9077454e-02  -2.0846815e-03  -1.1890692e-01
   9.5000000e+01   9.1993190e+01   4.5564690e+00  -7.9803714e-02  -2.1198040e-03  -1.1969012e-01
   9.6000000e+01   9.1091770e+01   4.5538740e+00  -8.0531673e-02  -2.1554134e-03  -1.2047160e-01
   9.7000000e+01   9.0207980e+01   4.5513260e+00  -8.1261382e-02  -2.1915143e-03  -1.2125144e-01
   9.8000000e+01   8.9341300e+01   4.5488220e+00  -8.1992863e-02  -2.2281087e-03  -1.2202973e-01
   9.9000000e+01   8.8491260e+01   4.5463620e+00  -8.2726129e-02  -2.2652027e-03  -1.2280648e-01
   1.0000000e+02   8.7657360e+01   4.5439450e+00  -8.3461235e-02  -2.3028004e-03  -1.2358177e-01
   1.0100000e+02   8.6839160e+01   4.5415680e+00  -8.4198165e-02  -2.3409074e-03  -1.2435563e-01
   1.0200000e+02   8.6036230e+01   4.5392310e+00  -8.4937103e-02  -2.3795256e-03  -1.2512824e-01
   1.0300000e+02   8.5248130e+01   4.5369320e+00  -8.5677845e-02  -2.4186621e-03  -1.2589945e-01
   1.0400000e+02   8.4474470e+01   4.5346700e+00  -8.6420681e-02  -2.4583209e-03  -1.2666955e-01
   1.0500000e+02   8.3714850e+01   4.5324450e+00  -8.7165429e-02  -2.4985053e-03  -1.2743841e-01
   1.0600000e+02   8.2968890e+01   4.5302540e+00  -8.7912275e-02  -2.5392200e-03  -1.2820621e-01
   1.0700000e+02   8.2236240e+01   4.5280980e+00  -8.8661064e-02  -2.5804730e-03  -1.2897282e-01
   1.0800000e+02   8.1516530e+01   4.5259740e+00  -8.9412061e-02  -2.6222649e-03  -1.2973856e-01
   1.0900000e+02   8.0809440e+01   4.5238820e+00  -9.0165119e-02  -2.6646023e-03  -1.3050326e-01
   1.1000000e+02   8.0114620e+01   4.5218210e+00  -9.0920299e-02  -2.7074904e-03  -1.3126702e-01
   1.1100000e+02   7.9431780e+01   4.5197910e+00  -9.1677692e-02  -2.7509346e-03  -1.3202993e-01
   1.1200000e+02   7.8760600e+01   4.5177890e+00  -9.2437295e-02  -2.7949372e-03  -1.3279204e-01
   1.1300000e+02   7.8100780e+01   4.5158160e+00  -9.3199114e-02  -2.8395054e-03  -1.3355336e-01
   1.1400000e+02   7.7452050e+01   4.5138700e+00  -9.3963214e-02  -2.8846413e-03  -1.3431396e-01
   1.1500000e+02   7.6814130e+01   4.5119510e+00  -9.4729606e-02  -2.9303547e-03  -1.3507388e-01
   1.1600000e+02   7.6186740e+01   4.5100580e+00  -9.5498265e-02  -2.9766482e-03  -1.3583311e-01
   1.1700000e+02   7.5569640e+01   4.5081900e+00  -9.6269304e-02  -3.0235282e-03  -1.3659177e-01
   1.1800000e+02   7.4962570e+01   4.5063470e+00  -9.7042684e-02  -3.0709975e-03  -1.3734984e-01
   1.1900000e+02   7.4365300e+01   4.5045280e+00  -9.7818453e-02  -3.1190628e-03  -1.3810738e-01
   1.2000000e+02   7.3777580e+01   4.5027310e+00  -9.8596668e-02  -3.1677286e-03  -1.3886447e-01
   1.2100000e+02   7.3199190e+01   4.5009580e+00  -9.9377294e-02  -3.2170001e-03  -1.3962108e-01
   1.2200000e+02   7.2629920e+01   4.4992060e+00  -1.0016041e-01  -3.2668844e-03  -1.4037730e-01
   1.2300000e+02   7.2069540e+01   4.4974750e+00  -1.0094601e-01  -3.3173856e-03  -1.4113314e-01
   1.2400000e+02   7.1517860e+01   4.4957650e+00  -1.0173412e-01  -3.3685083e-03  -1.4188866e-01
   1.2500000e+02   7.0974670e+01   4.4940750e+00  -1.0252479e-01  -3.4202579e-03  -1.4264388e-01
   1.2600000e+02   7.0439790e+01   4.4924050e+00  -1.0331797e-01  -3.4726422e-03  -1.4339878e-01
   1.2700000e+02   6.9913020e+01   4.4907540e+00  -1.0411377e-01  -3.5256663e-03  -1.4415349e-01
   1.2800000e+02   6.9394180e+01   4.4891210e+00  -1.0491217e-01  -3.5793333e-03  -1.4490799e-01
   1.2900000e+02   6.8883090e+01   4.4875060e+00  -1.0571320e-01  -3.6336501e-03  -1.4566233e-01
   1.3000000e+02   6.8379590e+01   4.4859090e+00  -1.0651684e-01  -3.6886218e-03  -1.4641647e-01
   1.3100000e+02   6.7883500e+01   4.4843290e+00  -1.0732319e-01  -3.7442545e-03  -1.4717055e-01
   1.3200000e+02   6.7394670e+01   4.4827650e+00  -1.0813220e-01  -3.8005530e-03  -1.4792454e-01
   1.3300000e+02   6.6912940e+01   4.4812180e+00  -1.0894391e-01  -3.8575257e-03  -1.4867844e-01
   1.3400000e+02   6.6438160e+01   4.4796860e+00  -1.0975838e-01  -3.9151761e-03  -1.4943237e-01
   1.3500000e+02   6.5970170e+01   4.4781700e+00  -1.1057556e-01  -3.9735085e-03  -1.5018624e-01
   1.3600000e+02   6.5508840e+01   4.4766680e+00  -1.1139551e-01  -4.0325307e-03  -1.5094017e-01
   1.3700000e+02   6.5054020e+01   4.4751810e+00  -1.1221824e-01  -4.0922475e-03  -1.5169413e-01
   1.3800000e+02   6.4605580e+01   4.4737080e+00  -1.1304376e-01  -4.1526664e-03  -1.5244816e-01
   1.3900000e+02   6.4163390e+01   4.4722490e+00  -1.1387208e-01  -4.2137916e-03  -1.5320228e-01
   1.4000000e+02   6.3727320e+01   4.4708030e+00  -1.1470323e-01  -4.2756275e-03  -1.5395651e-01
   1.4100000e+02   6.3297240e+01   4.4693700e+00  -1.1553724e-01  -4.3381830e-03  -1.5471089e-01
   1.4200000e+02   6.2873030e+01   4.4679490e+00  -1.1637409e-01  -4.4014602e-03  -1.5546544e-01
   1.4300000e+02   6.2454570e+01   4.4665410e+00  -1.1721384e-01  -4.4654679e-03  -1.5622017e-01
   1.4400000e+02   6.2041760e+01   4.4651450e+00  -1.1805642e-01  -4.5302114e-03  -1.5697505e-01
   1.4500000e+02   6.1634460e+01   4.4637600e+00  -1.1890192e-01  -4.5956956e-03  -1.5773017e-01
   1.4600000e+02   6.1232590e+01   4.4623870e+00  -1.1975032e-01  -4.6619265e-03  -1.5848552e-01
   1.4700000e+02   6.0836020e+01   4.4610250e+00  -1.2060164e-01  -4.7289108e-03  -1.5924111e-01
   1.4800000e+02   6.0444670e+01   4.4596730e+00  -1.2145590e-01  -4.7966553e-03  -1.5999698e-01
   1.4900000e+02   6.0058420e+01   4.4583320e+00  -1.2231309e-01  -4.8651616e-03  -1.6075311e-01
   1.5000000e+02   5.9677170e+01   4.4570010e+00  -1.2317321e-01  -4.9344353e-03  -1.6150952e-01
   1.5100000e+02   5.9300840e+01   4.4556800e+00  -1.2403629e-01  -5.0044897e-03  -1.6226623e-01
   1.5200000e+02   5.8929330e+01   4.4543680e+00  -1.2490236e-01  -5.0753241e-03  -1.6302328e-01
   1.5300000e+02   5.8562550e+01   4.4530660e+00  -1.2577137e-01  -5.1469467e-03  -1.6378063e-01
   1.5400000e+02   5.8200400e+01   4.4517730e+00  -1.2664335e-01  -5.2193615e-03  -1.6453830e-01
   1.5500000e+02   5.7842810e+01   4.4504890e+00  -1.2751831e-01  -5.2925731e-03  -1.6529632e-01
   1.5600000e+02   5.7489690e+01   4.4492130e+00  -1.2839627e-01  -5.3665939e-03  -1.6605469e-01
   1.5700000e+02   5.7140950e+01   4.4479450e+00  -1.2927723e-01  -5.4414223e-03  -1.6681344e-01
   1.5800000e+02   5.6796520e+01   4.4466860e+00  -1.3016115e-01  -5.5170659e-03  -1.6757252e-01
   1.5900000e+02   5.6456320e+01   4.4454350e+00  -1.3104805e-01  -5.5935314e-03  -1.6833195e-01
   1.6000000e+02   5.6120270e+01   4.4441910e+00  -1.3193796e-01  -5.6708241e-03  -1.6909178e-01
   1.6100000e+02   5.5788300e+01   4.4429540e+00  -1.3283088e-01  -5.7489473e-03  -1.6985200e-01
   1.6200000e+02   5.5460330e+01   4.4417250e+00  -1.3372676e-01  -5.8279148e-03  -1.7061256e-01
   1.6300000e+02   5.5136290e+01   4.4405030e+00  -1.3462562e-01  -5.9077202e-03  -1.7137349e-01
   1.6400000e+02   5.4816120e+01   4.4392870e+00  -1.3552751e-01  -5.9883762e-03  -1.7213485e-01
   1.6500000e+02   5.4499750e+01   4.4380780e+00  -1.3643239e-01  -6.0698865e-03  -1.7289658e-01
   1.6600000e+02   5.4187100e+01   4.4368760e+00  -1.3734020e-01  -6.1522550e-03  -1.7365864e-01
   1.6700000e+02   5.3878130e+01   4.4356800e+00  -1.3825098e-01  -6.2354960e-03  -1.7442107e-01
   1.6800000e+02   5.3572750e+01   4.4344890e+00  -1.3916475e-01  -6.3195998e-03  -1.7518391e-01
   1.6900000e+02   5.3270910e+01   4.4333050e+00  -1.4008148e-01  -6.4045782e-03  -1.7594709e-01
   1.7000000e+02   5.2972560e+01   4.4321260e+00  -1.4100116e-01  -6.4904445e-03  -1.7671064e-01
   1.7100000e+02   5.2677630e+01   4.4309530e+00  -1.4192377e-01  -6.5771902e-03  -1.7747454e-01
   1.7200000e+02   5.2386060e+01   4.4297850e+00  -1.4284931e-01  -6.6648317e-03  -1.7823876e-01
   1.7300000e+02   5.2097800e+01   4.4286220e+00  -1.4377776e-01  -6.7533659e-03  -1.7900334e-01
   1.7400000e+02   5.1812790e+01   4.4274640e+00  -1.4470910e-01  -6.8427983e-03  -1.7976823e-01
   1.7500000e+02   5.1530980e+01   4.4263110e+00  -1.4564335e-01  -6.9331376e-03  -1.8053344e-01
   1.7600000e+02   5.1252320e+01   4.4251630e+00  -1.4658047e-01  -7.0243912e-03  -1.8129894e-01
   1.7700000e+02   5.0976750e+01   4.4240190e+00  -1.4752045e-01  -7.1165530e-03  -1.8206475e-01
   1.7800000e+02   5.0704230e+01   4.4228790e+00  -1.4846330e-01  -7.2096390e-03  -1.8283086e-01
   1.7900000e+02   5.0434700e+01   4.4217440e+00  -1.4940895e-01  -7.3036488e-03  -1.8359720e-01
   1.8000000e+02   5.0168120e+01   4.4206130e+00  -1.5035733e-01  -7.3985828e-03  -1.8436373e-01
   1.8100000e+02   4.9904440e+01   4.4194850e+00  -1.5130857e-01  -7.4944492e-03  -1.8513057e-01
   1.8200000e+02   4.9643610e+01   4.4183620e+00  -1.5226255e-01  -7.5912548e-03  -1.8589757e-01
   1.8300000e+02   4.9385590e+01   4.4172420e+00  -1.5321930e-01  -7.6889999e-03  -1.8666482e-01
   1.8400000e+02   4.9130340e+01   4.4161250e+00  -1.5417876e-01  -7.7876898e-03  -1.8743224e-01
   1.8500000e+02   4.8877810e+01   4.4150120e+00  -1.5514087e-01  -7.8873296e-03  -1.8819977e-01
   1.8600000e+02   4.8627950e+01   4.4139020e+00  -1.5610563e-01  -7.9879167e-03  -1.8896743e-01
   1.8700000e+02   4.8380730e+01   4.4127950e+00  -1.5707309e-01  -8.0894630e-03  -1.8973525e-01
   1.8800000e+02   4.8136110e+01   4.4116910e+00  -1.5804310e-01  -8.1919640e-03  -1.9050311e-01
   1.8900000e+02   4.7894050e+01   4.4105900e+00  -1.5901572e-01  -8.2954314e-03  -1.9127105e-01
   1.9000000e+02   4.7654510e+01   4.4094920e+00  -1.5999084e-01  -8.3998687e-03  -1.9203899e-01
   1.9100000e+02   4.7417440e+01   4.4083960e+00  -1.6096853e-01  -8.5052709e-03  -1.9280699e-01
   1.9200000e+02   4.7182820e+01   4.4073030e+00  -1.6194864e-01  -8.6116436e-03  -1.9357492e-01
   1.9300000e+02   4.6950600e+01   4.4062120e+00  -1.6293124e-01  -8.7189965e-03  -1.9434284e-01
   1.9400000e+02   4.6720750e+01   4.4051230e+00  -1.6391624e-01  -8.8273176e-03  -1.9511069e-01
   1.9500000e+02   4.6493230e+01   4.4040370e+00  -1.6490358e-01  -8.9366240e-03  -1.9587839e-01
   1.9600000e+02   4.6268020e+01   4.4029530e+00  -1.6589327e-01  -9.0469154e-03  -1.9664596e-01
   1.9700000e+02   4.6045070e+01   4.4018700e+00  -1.6688526e-01  -9.1581851e-03  -1.9741338e-01
   1.9800000e+02   4.5824350e+01   4.4007900e+00  -1.6787947e-01  -9.2704460e-03  -1.9818055e-01
   1.9900000e+02   4.5605840e+01   4.3997110e+00  -1.6887592e-01  -9.3836976e-03  -1.9894752e-01
   2.0000000e+02   4.5389490e+01   4.3986340e+00  -1.6987453e-01  -9.4979361e-03  -1.9971420e-01
   2.0100000e+02   4.5175280e+01   4.3975580e+00  -1.7087526e-01  -9.6131663e-03  -2.0048058e-01
   2.0200000e+02   4.4963170e+01   4.3964840e+00  -1.7187808e-01  -9.7293937e-03  -2.0124661e-01
   2.0300000e+02   4.4753140e+01   4.3954110e+00  -1.7288293e-01  -9.8466099e-03  -2.0201227e-01
   2.0400000e+02   4.4545160e+01   4.3943400e+00  -1.7388971e-01  -9.9648307e-03  -2.0277744e-01
   2.0500000e+02   4.4339190e+01   4.3932700e+00  -1.7489844e-01  -1.0084040e-02  -2.0354217e-01
   2.0600000e+02   4.4135220e+01   4.3922000e+00  -1.7590909e-01  -1.0204254e-02  -2.0430644e-01
   2.0700000e+02   4.3933200e+01   4.3911320e+00  -1.7692154e-01  -1.0325458e-02  -2.0507013e-01
   2.0800000e+02   4.3733120e+01   4.3900650e+00  -1.7793574e-01  -1.0447670e-02  -2.0583320e-01
   2.0900000e+02   4.3534950e+01   4.3889980e+00  -1.7895174e-01  -1.0570882e-02  -2.0659571e-01
   2.1000000e+02   4.3338650e+01   4.3879330e+00  -1.7996935e-01  -1.0695083e-02  -2.0735750e-01
   2.1100000e+02   4.3144210e+01   4.3868680e+00  -1.8098853e-01  -1.0820288e-02  -2.0811854e-01
   2.1200000e+02   4.2951600e+01   4.3858030e+00  -1.8200936e-01  -1.0946495e-02  -2.0887888e-01
   2.1300000e+02   4.2760800e+01   4.3847390e+00  -1.8303167e-01  -1.1073693e-02  -2.0963841e-01
   2.1400000e+02   4.2571770e+01   4.3836760e+00  -1.8405536e-01  -1.1201894e-02  -2.1039702e-01
   2.1500000e+02   4.2384500e+01   4.3826130e+00  -1.8508045e-01  -1.1331089e-02  -2.1115475e-01
   2.1600000e+02   4.2198960e+01   4.3815500e+00  -1.8610688e-01  -1.1461276e-02  -2.1191156e-01
   2.1700000e+02   4.2015130e+01   4.3804880e+00  -1.8713452e-01  -1.1592460e-02  -2.1266732e-01
   2.1800000e+02   4.1832990e+01   4.3794250e+00  -1.8816336e-01  -1.1724633e-02  -2.1342205e-01
   2.1900000e+02   4.1652510e+01   4.3783630e+00  -1.8919338e-01  -1.1857802e-02  -2.1417570e-01
   2.2000000e+02   4.1473670e+01   4.3773010e+00  -1.9022439e-01  -1.1991953e-02  -2.1492817e-01
   2.2100000e+02   4.1296450e+01   4.3762380e+00  -1.9125646e-01  -1.2127089e-02  -2.1567950e-01
   2.2200000e+02   4.1120840e+01   4.3751760e+00  -1.9228938e-01  -1.2263214e-02  -2.1642949e-01
   2.2300000e+02   4.0946790e+01   4.3741130e+00  -1.9332322e-01  -1.2400311e-02  -2.1717825e-01
   2.2400000e+02   4.0774310e+01   4.3730510e+00  -1.9435782e-01  -1.2538398e-02  -2.1792560e-01
   2.2500000e+02   4.0603360e+01   4.3719870e+00  -1.9539318e-01  -1.2677448e-02  -2.1867162e-01
   2.2600000e+02   4.0433940e+01   4.3709240e+00  -1.9642913e-01  -1.2817477e-02  -2.1941609e-01
   2.2700000e+02   4.0266000e+01   4.3698600e+00  -1.9746568e-01  -1.2958465e-02  -2.2015907e-01
   2.2800000e+02   4.0099550e+01   4.3687960e+00  -1.9850273e-01  -1.3100423e-02  -2.2090048e-01
   2.2900000e+02   3.9934560e+01   4.3677310e+00  -1.9954020e-01  -1.3243341e-02  -2.2164026e-01
   2.3000000e+02   3.9771010e+01   4.3666660e+00  -2.0057801e-01  -1.3387214e-02  -2.2237833e-01
   2.3100000e+02   3.9608880e+01   4.3656000e+00  -2.0161614e-01  -1.3532032e-02  -2.2311472e-01
   2.3200000e+02   3.9448160e+01   4.3645330e+00  -2.0265449e-01  -1.3677805e-02  -2.2384931e-01
   2.3300000e+02   3.9288830e+01   4.3634650e+00  -2.0369296e-01  -1.3824515e-02  -2.2458206e-01
   2.3400000e+02   3.9130860e+01   4.3623970e+00  -2.0473144e-01  -1.3972159e-02  -2.2531287e-01
   2.3500000e+02   3.8974250e+01   4.3613280e+00  -2.0576989e-01  -1.4120736e-02  -2.2604171e-01
   2.3600000e+02   3.8818980e+01   4.3602580e+00  -2.0680831e-01  -1.4270236e-02  -2.2676860e-01
   2.3700000e+02   3.8665030e+01   4.3591870e+00  -2.0784653e-01  -1.4420653e-02  -2.2749340e-01
   2.3800000e+02   3.8512380e+01   4.3581160e+00  -2.0888442e-01  -1.4571994e-02  -2.2821599e-01
   2.3900000e+02   3.8361020e+01   4.3570430e+00  -2.0992203e-01  -1.4724227e-02  -2.2893647e-01
   2.4000000e+02   3.8210930e+01   4.3559690e+00  -2.1095923e-01  -1.4877369e-02  -2.2965470e-01
   2.4100000e+02   3.8062100e+01   4.3548940e+00  -2.1199594e-01  -1.5031398e-02  -2.3037064e-01
   2.4200000e+02   3.7914510e+01   4.3538180e+00  -2.1303207e-01  -1.5186322e-02  -2.3108423e-01
   2.4300000e+02   3.7768150e+01   4.3527410e+00  -2.1406752e-01  -1.5342125e-02  -2.3179537e-01
   2.4400000e+02   3.7623000e+01   4.3516630e+00  -2.1510218e-01  -1.5498793e-02  -2.3250401e-01
   2.4500000e+02   3.7479040e+01   4.3505830e+00  -2.1613613e-01  -1.5656318e-02  -2.3321024e-01
   2.4600000e+02   3.7336280e+01   4.3495020e+00  -2.1716911e-01  -1.5814714e-02  -2.3391381e-01
   2.4700000e+02   3.7194680e+01   4.3484200e+00  -2.1820112e-01  -1.5973944e-02  -2.3461476e-01
   2.4800000e+02   3.7054230e+01   4.3473360e+00  -2.1923205e-01  -1.6134019e-02  -2.3531300e-01
   2.4900000e+02   3.6914930e+01   4.3462520e+00  -2.2026183e-01  -1.6294927e-02  -2.3600849e-01
   2.5000000e+02   3.6776760e+01   4.3451650e+00  -2.2129044e-01  -1.6456651e-02  -2.3670124e-01
   2.5100000e+02   3.6639700e+01   4.3440780e+00  -2.2231763e-01  -1.6619201e-02  -2.3739101e-01
   2.5200000e+02   3.6503750e+01   4.3429880e+00  -2.2334352e-01  -1.6782548e-02  -2.3807796e-01
   2.5300000e+02   3.6368880e+01   4.3418980e+00  -2.2436790e-01  -1.6946682e-02  -2.3876191e-01
   2.5400000e+02   3.6235090e+01   4.3408050e+00  -2.2539078e-01  -1.7111606e-02  -2.3944290e-01
   2.5500000e+02   3.6102370e+01   4.3397120e+00  -2.2641193e-01  -1.7277313e-02  -2.4012070e-01
   2.5600000e+02   3.5970700e+01   4.3386160e+00  -2.2743141e-01  -1.7443768e-02  -2.4079545e-01
   2.5700000e+02   3.5840070e+01   4.3375190e+00  -2.2844908e-01  -1.7610994e-02  -2.4146700e-01
   2.5800000e+02   3.5710470e+01   4.3364210e+00  -2.2946486e-01  -1.7778963e-02  -2.4213527e-01
   2.5900000e+02   3.5581880e+01   4.3353210e+00  -2.3047866e-01  -1.7947650e-02  -2.4280029e-01
   2.6000000e+02   3.5454300e+01   4.3342190e+00  -2.3149045e-01  -1.8117072e-02  -2.4346197e-01
   2.6100000e+02   3.5327720e+01   4.3331150e+00  -2.3250013e-01  -1.8287214e-02  -2.4412028e-01
   2.6200000e+02   3.5202110e+01   4.3320100e+00  -2.3350756e-01  -1.8458042e-02  -2.4477511e-01
   2.6300000e+02   3.5077480e+01   4.3309030e+00  -2.3451274e-01  -1.8629566e-02  -2.4542648e-01
   2.6400000e+02   3.4953810e+01   4.3297940e+00  -2.3551558e-01  -1.8801775e-02  -2.4607433e-01
   2.6500000e+02   3.4831090e+01   4.3286840e+00  -2.3651590e-01  -1.8974640e-02  -2.4671852e-01
   2.6600000e+02   3.4709310e+01   4.3275710e+00  -2.3751373e-01  -1.9148163e-02  -2.4735911e-01
   2.6700000e+02   3.4588460e+01   4.3264570e+00  -2.3850903e-01  -1.9322336e-02  -2.4799606e-01
   2.6800000e+02   3.4468530e+01   4.3253410e+00  -2.3950158e-01  -1.9497130e-02  -2.4862924e-01
   2.6900000e+02   3.4349510e+01   4.3242240e+00  -2.4049134e-01  -1.9672552e-02  -2.4925858e-01
   2.7000000e+02   3.4231390e+01   4.3231040e+00  -2.4147839e-01  -1.9848580e-02  -2.4988422e-01
   2.7100000e+02   3.4114160e+01   4.3219830e+00  -2.4246248e-01  -2.0025212e-02  -2.5050593e-01
   2.7200000e+02   3.3997800e+01   4.3208590e+00  -2.4344357e-01  -2.0202396e-02  -2.5112375e-01
   2.7300000e+02   3.3882320e+01   4.3197340e+00  -2.4442168e-01  -2.0380173e-02  -2.5173765e-01
   2.7400000e+02   3.3767700e+01   4.3186070e+00  -2.4539664e-01  -2.0558493e-02  -2.5234756e-01
   2.7500000e+02   3.3653930e+01   4.3174780e+00  -2.4636839e-01  -2.0737363e-02  -2.5295340e-01
   2.7600000e+02   3.3541000e+01   4.3163470e+00  -2.4733690e-01  -2.0916758e-02  -2.5355520e-01
   2.7700000e+02   3.3428900e+01   4.3152140e+00  -2.4830201e-01  -2.1096660e-02  -2.5415286e-01
   2.7800000e+02   3.3317630e+01   4.3140800e+00  -2.4926375e-01  -2.1277084e-02  -2.5474636e-01
   2.7900000e+02   3.3207170e+01   4.3129430e+00  -2.5022207e-01  -2.1457982e-02  -2.5533576e-01
   2.8000000e+02   3.3097530e+01   4.3118050e+00  -2.5117677e-01  -2.1639380e-02  -2.5592083e-01
   2.8100000e+02   3.2988680e+01   4.3106640e+00  -2.5212790e-01  -2.1821223e-02  -2.5650172e-01
   2.8200000e+02   3.2880620e+01   4.3095220e+00  -2.5307539e-01  -2.2003517e-02  -2.5707833e-01
   2.8300000e+02   3.2773340e+01   4.3083770e+00  -2.5401915e-01  -2.2186241e-02  -2.5765064e-01
   2.8400000e+02   3.2666830e+01   4.3072310e+00  -2.5495902e-01  -2.2369384e-02  -2.5821853e-01
   2.8500000e+02   3.2561100e+01   4.3060830e+00  -2.5589507e-01  -2.2552962e-02  -2.5878202e-01
   2.8600000e+02   3.2456110e+01   4.3049320e+00  -2.5682724e-01  -2.2736892e-02  -2.5934120e-01
   2.8700000e+02   3.2351880e+01   4.3037800e+00  -2.5775538e-01  -2.2921228e-02  -2.5989586e-01
   2.8800000e+02   3.2248390e+01   4.3026260e+00  -2.5867950e-01  -2.3105925e-02  -2.6044608e-01
   2.8900000e+02   3.2145640e+01   4.3014700e+00  -2.5959945e-01  -2.3290971e-02  -2.6099175e-01
   2.9000000e+02   3.2043610e+01   4.3003120e+00  -2.6051528e-01  -2.3476356e-02  -2.6153293e-01
   2.9100000e+02   3.1942300e+01   4.2991520e+00  -2.6142696e-01  -2.3662063e-02  -2.6206962e-01
   2.9200000e+02   3.1841700e+01   4.2979900e+00  -2.6233430e-01  -2.3848073e-02  -2.6260168e-01
   2.9300000e+02   3.1741810e+01   4.2968260e+00  -2.6323731e-01  -2.4034376e-02  -2.6312914e-01
   2.9400000e+02   3.1642610e+01   4.2956600e+00  -2.6413598e-01  -2.4220964e-02  -2.6365203e-01
   2.9500000e+02   3.1544100e+01   4.2944920e+00  -2.6503019e-01  -2.4407812e-02  -2.6417025e-01
   2.9600000e+02   3.1446280e+01   4.2933220e+00  -2.6591996e-01  -2.4594921e-02  -2.6468383e-01
   2.9700000e+02   3.1349140e+01   4.2921500e+00  -2.6680519e-01  -2.4782277e-02  -2.6519273e-01
   2.9800000e+02   3.1252660e+01   4.2909770e+00  -2.6768585e-01  -2.4969828e-02  -2.6569695e-01
   2.9900000e+02   3.1156850e+01   4.2898010e+00  -2.6856190e-01  -2.5157613e-02  -2.6619647e-01
   3.0000000e+02   3.1061690e+01   4.2886230e+00  -2.6943329e-01  -2.5345573e-02  -2.6669128e-01
   3.0100000e+02   3.0967180e+01   4.2874440e+00  -2.7029990e-01  -2.5533709e-02  -2.6718130e-01
   3.0200000e+02   3.0873320e+01   4.2862630e+00  -2.7116182e-01  -2.5722028e-02  -2.6766660e-01
   3.0300000e+02   3.0780090e+01   4.2850790e+00  -2.7201894e-01  -2.5910488e-02  -2.6814715e-01
   3.0400000e+02   3.0687490e+01   4.2838940e+00  -2.7287126e-01  -2.6099086e-02  -2.6862295e-01
   3.0500000e+02   3.0595520e+01   4.2827070e+00  -2.7371869e-01  -2.6287812e-02  -2.6909395e-01
   3.0600000e+02   3.0504170e+01   4.2815180e+00  -2.7456124e-01  -2.6476645e-02  -2.6956019e-01
   3.0700000e+02   3.0413430e+01   4.2803270e+00  -2.7539880e-01  -2.6665571e-02  -2.7002160e-01
   3.0800000e+02   3.0323290e+01   4.2791350e+00  -2.7623138e-01  -2.6854573e-02  -2.7047819e-01
   3.0900000e+02   3.0233760e+01   4.2779400e+00  -2.7705901e-01  -2.7043654e-02  -2.7093003e-01
   3.1000000e+02   3.0144810e+01   4.2767440e+00  -2.7788151e-01  -2.7232769e-02  -2.7137697e-01
   3.1100000e+02   3.0056460e+01   4.2755460e+00  -2.7869897e-01  -2.7421926e-02  -2.7181915e-01
   3.1200000e+02   2.9968690e+01   4.2743460e+00  -2.7951136e-01  -2.7611118e-02  -2.7225653e-01
   3.1300000e+02   2.9881500e+01   4.2731440e+00  -2.8031864e-01  -2.7800313e-02  -2.7268911e-01
   3.1400000e+02   2.9794880e+01   4.2719410e+00  -2.8112072e-01  -2.7989518e-02  -2.7311681e-01
   3.1500000e+02   2.9708820e+01   4.2707350e+00  -2.8191764e-01  -2.8178683e-02  -2.7353976e-01
   3.1600000e+02   2.9623330e+01   4.2695280e+00  -2.8270936e-01  -2.8367846e-02  -2.7395785e-01
   3.1700000e+02   2.9538390e+01   4.2683190e+00  -2.8349582e-01  -2.8556937e-02  -2.7437113e-01
   3.1800000e+02   2.9454000e+01   4.2671090e+00  -2.8427700e-01  -2.8745991e-02  -2.7477956e-01
   3.1900000e+02   2.9370160e+01   4.2658960e+00  -2.8505301e-01  -2.8934962e-02  -2.7518330e-01
   3.2000000e+02   2.9286860e+01   4.2646820e+00  -2.8582366e-01  -2.9123873e-02  -2.7558213e-01
   3.2100000e+02   2.9204090e+01   4.2634660e+00  -2.8658903e-01  -2.9312663e-02  -2.7597623e-01
   3.2200000e+02   2.9121850e+01   4.2622490e+00  -2.8734905e-01  -2.9501341e-02  -2.7636553e-01
   3.2300000e+02   2.9040130e+01   4.2610300e+00  -2.8810370e-01  -2.9689912e-02  -2.7674999e-01
   3.2400000e+02   2.8958940e+01   4.2598090e+00  -2.8885309e-01  -2.9878354e-02  -2.7712978e-01
   3.2500000e+02   2.8878260e+01   4.2585870e+00  -2.8959703e-01  -3.0066635e-02  -2.7750474e-01
   3.2600000e+02   2.8798090e+01   4.2573630e+00  -2.9033563e-01  -3.0254760e-02  -2.7787499e-01
   3.2700000e+02   2.8718420e+01   4.2561370e+00  -2.9106881e-01  -3.0442698e-02  -2.7824049e-01
   3.2800000e+02   2.8639260e+01   4.2549100e+00  -2.9179661e-01  -3.0630461e-02  -2.7860128e-01
   3.2900000e+02   2.8560590e+01   4.2536810e+00  -2.9251898e-01  -3.0818025e-02  -2.7895733e-01
   3.3000000e+02   2.8482410e+01   4.2524510e+00  -2.9323593e-01  -3.1005374e-02  -2.7930869e-01
   3.3100000e+02   2.8404720e+01   4.2512190e+00  -2.9394750e-01  -3.1192509e-02  -2.7965541e-01
   3.3200000e+02   2.8327510e+01   4.2499860e+00  -2.9465359e-01  -3.1379400e-02  -2.7999741e-01
   3.3300000e+02   2.8250780e+01   4.2487510e+00  -2.9535425e-01  -3.1566061e-02  -2.8033475e-01
   3.3400000e+02   2.8174520e+01   4.2475150e+00  -2.9604948e-01  -3.1752454e-02  -2.8066748e-01
   3.3500000e+02   2.8098730e+01   4.2462770e+00  -2.9673931e-01  -3.1938571e-02  -2.8099563e-01
   3.3600000e+02   2.8023400e+01   4.2450370e+00  -2.9742367e-01  -3.2124396e-02  -2.8131917e-01
   3.3700000e+02   2.7948540e+01   4.2437970e+00  -2.9810260e-01  -3.2309968e-02  -2.8163810e-01
   3.3800000e+02   2.7874130e+01   4.2425550e+00  -2.9877606e-01  -3.2495209e-02  -2.8195247e-01
   3.3900000e+02   2.7800180e+01   4.2413110e+00  -2.9944416e-01  -3.2680151e-02  -2.8226235e-01
   3.4000000e+02   2.7726670e+01   4.2400660e+00  -3.0010676e-01  -3.2864747e-02  -2.8256769e-01
   3.4100000e+02   2.7653610e+01   4.2388200e+00  -3.0076394e-01  -3.3049036e-02  -2.8286849e-01
   3.4200000e+02   2.7580980e+01   4.2375730e+00  -3.0141566e-01  -3.3232939e-02  -2.8316483e-01
   3.4300000e+02   2.7508800e+01   4.2363240e+00  -3.0206204e-01  -3.3416536e-02  -2.8345675e-01
   3.4400000e+02   2.7437040e+01   4.2350740e+00  -3.0270295e-01  -3.3599724e-02  -2.8374422e-01
   3.4500000e+02   2.7365720e+01   4.2338220e+00  -3.0333852e-01  -3.3782571e-02  -2.8402731e-01
   3.4600000e+02   2.7294810e+01   4.2325690e+00  -3.0396864e-01  -3.3964968e-02  -2.8430605e-01
   3.4700000e+02   2.7224330e+01   4.2313160e+00  -3.0459334e-01  -3.4147025e-02  -2.8458032e-01
   3.4800000e+02   2.7154270e+01   4.2300600e+00  -3.0521276e-01  -3.4328655e-02  -2.8485040e-01
   3.4900000e+02   2.7084620e+01   4.2288040e+00  -3.0582674e-01  -3.4509881e-02  -2.8511607e-01
   3.5000000e+02   2.7015380e+01   4.2275470e+00  -3.0643538e-01  -3.4690661e-02  -2.8537752e-01
   3.5100000e+02   2.6946540e+01   4.2262880e+00  -3.0703869e-01  -3.4871013e-02  -2.8563470e-01
   3.5200000e+02   2.6878110e+01   4.2250280e+00  -3.0763668e-01  -3.5050928e-02  -2.8588766e-01
   3.5300000e+02   2.6810080e+01   4.2237670e+00  -3.0822935e-01  -3.5230380e-02  -2.8613643e-01
   3.5400000e+02   2.6742440e+01   4.2225050e+00  -3.0881673e-01  -3.5409373e-02  -2.8638104e-01
   3.5500000e+02   2.6675190e+01   4.2212420e+00  -3.0939879e-01  -3.5587872e-02  -2.8662151e-01
   3.5600000e+02   2.6608340e+01   4.2199780e+00  -3.0997562e-01  -3.5765935e-02  -2.8685784e-01
   3.5700000e+02   2.6541870e+01   4.2187130e+00  -3.1054721e-01  -3.5943503e-02  -2.8709011e-01
   3.5800000e+02   2.6475780e+01   4.2174470e+00  -3.1111352e-01  -3.6120550e-02  -2.8731831e-01
   3.5900000e+02   2.6410060e+01   4.2161800e+00  -3.1167461e-01  -3.6297075e-02  -2.8754250e-01
   3.6000000e+02   2.6344730e+01   4.2149120e+00  -3.1223053e-01  -3.6473133e-02  -2.8776267e-01
   3.6100000e+02   2.6279770e+01   4.2136430e+00  -3.1278130e-01  -3.6648653e-02  -2.8797894e-01
   3.6200000e+02   2.6215170e+01   4.2123730e+00  -3.1332688e-01  -3.6823627e-02  -2.8819124e-01
   3.6300000e+02   2.6150940e+01   4.2111020e+00  -3.1386732e-01  -3.6998076e-02  -2.8839963e-01
   3.6400000e+02   2.6087080e+01   4.2098300e+00  -3.1440268e-01  -3.7171993e-02  -2.8860418e-01
   3.6500000e+02   2.6023570e+01   4.2085570e+00  -3.1493293e-01  -3.7345325e-02  -2.8880492e-01
   3.6600000e+02   2.5960420e+01   4.2072840e+00  -3.1545808e-01  -3.7518145e-02  -2.8900175e-01
   3.6700000e+02   2.5897620e+01   4.2060100e+00  -3.1597821e-01  -3.7690365e-02  -2.8919489e-01
   3.6800000e+02   2.5835180e+01   4.2047340e+00  -3.1649336e-01  -3.7862029e-02  -2.8938431e-01
   3.6900000e+02   2.5773080e+01   4.2034590e+00  -3.1700339e-01  -3.8033101e-02  -2.8956992e-01
   3.7000000e+02   2.5711320e+01   4.2021820e+00  -3.1750851e-01  -3.8203583e-02  -2.8975191e-01
   3.7100000e+02   2.5649910e+01   4.2009050e+00  -3.1800866e-01  -3.8373506e-02  -2.8993021e-01
   3.7200000e+02   2.5588840e+01   4.1996270e+00  -3.1850391e-01  -3.8542814e-02  -2.9010495e-01
   3.7300000e+02   2.5528100e+01   4.1983480e+00  -3.1899422e-01  -3.8711496e-02  -2.9027608e-01
   3.7400000e+02   2.5467690e+01   4.1970680e+00  -3.1947969e-01  -3.8879564e-02  -2.9044371e-01
   3.7500000e+02   2.5407620e+01   4.1957880e+00  -3.1996029e-01  -3.9047039e-02  -2.9060779e-01
   3.7600000e+02   2.5347870e+01   4.1945080e+00  -3.2043601e-01  -3.9213873e-02  -2.9076835e-01
   3.7700000e+02   2.5288450e+01   4.1932260e+00  -3.2090704e-01  -3.9380112e-02  -2.9092552e-01
   3.7800000e+02   2.5229350e+01   4.1919440e+00  -3.2137325e-01  -3.9545695e-02  -2.9107926e-01
   3.7900000e+02   2.5170570e+01   4.1906620e+00  -3.2183467e-01  -3.9710633e-02  -2.9122959e-01
   3.8000000e+02   2.5112110e+01   4.1893790e+00  -3.2229141e-01  -3.9874937e-02  -2.9137657e-01
   3.8100000e+02   2.5053960e+01   4.1880950e+00  -3.2274350e-01  -4.0038601e-02  -2.9152028e-01
   3.8200000e+02   2.4996120e+01   4.1868110e+00  -3.2319086e-01  -4.0201585e-02  -2.9166066e-01
   3.8300000e+02   2.4938600e+01   4.1855270e+00  -3.2363361e-01  -4.0363955e-02  -2.9179775e-01
   3.8400000e+02   2.4881370e+01   4.1842420e+00  -3.2407173e-01  -4.0525603e-02  -2.9193168e-01
   3.8500000e+02   2.4824460e+01   4.1829560e+00  -3.2450536e-01  -4.0686616e-02  -2.9206247e-01
   3.8600000e+02   2.4767840e+01   4.1816700e+00  -3.2493437e-01  -4.0846932e-02  -2.9219005e-01
   3.8700000e+02   2.4711530e+01   4.1803840e+00  -3.2535892e-01  -4.1006625e-02  -2.9231451e-01
   3.8800000e+02   2.4655510e+01   4.1790970e+00  -3.2577896e-01  -4.1165586e-02  -2.9243594e-01
   3.8900000e+02   2.4599780e+01   4.1778100e+00  -3.2619450e-01  -4.1323836e-02  -2.9255430e-01
   3.9000000e+02   2.4544350e+01   4.1765230e+00  -3.2660564e-01  -4.1481460e-02  -2.9266959e-01
   3.9100000e+02   2.4489210e+01   4.1752350e+00  -3.2701241e-01  -4.1638369e-02  -2.9278194e-01
   3.9200000e+02   2.4434350e+01   4.1739480e+00  -3.2741473e-01  -4.1794566e-02  -2.9289127e-01
   3.9300000e+02   2.4379780e+01   4.1726590e+00  -3.2781281e-01  -4.1950077e-02  -2.9299776e-01
   3.9400000e+02   2.4325490e+01   4.1713710e+00  -3.2820650e-01  -4.2104865e-02  -2.9310131e-01
   3.9500000e+02   2.4271490e+01   4.1700820e+00  -3.2859601e-01  -4.2258970e-02  -2.9320209e-01
   3.9600000e+02   2.4217760e+01   4.1687930e+00  -3.2898120e-01  -4.2412356e-02  -2.9329995e-01
   3.9700000e+02   2.4164310e+01   4.1675040e+00  -3.2936223e-01  -4.2565028e-02  -2.9339510e-01
   3.9800000e+02   2.4111130e+01   4.1662150e+00  -3.2973901e-01  -4.2716978e-02  -2.9348743e-01
   3.9900000e+02   2.4058220e+01   4.1649250e+00  -3.3011172e-01  -4.2868204e-02  -2.9357711e-01
   4.0000000e+02   2.4005580e+01   4.1636360e+00  -3.3048020e-01  -4.3018701e-02  -2.9366400e-01
   4.0100000e+02   2.3953210e+01   4.1623460e+00  -3.3084468e-01  -4.3168490e-02  -2.9374830e-01
   4.0200000e+02   2.3901110e+01   4.1610560e+00  -3.3120510e-01  -4.3317559e-02  -2.9382997e-01
   4.0300000e+02   2.3849270e+01   4.1597660e+00  -3.3156148e-01  -4.3465862e-02  -2.9390909e-01
   4.0400000e+02   2.3797690e+01   4.1584760e+00  -3.3191385e-01  -4.3613460e-02  -2.9398557e-01
   4.0500000e+02   2.3746360e+01   4.1571860e+00  -3.3226220e-01  -4.3760278e-02  -2.9405953e-01
   4.0600000e+02   2.3695300e+01   4.1558960e+00  -3.3260670e-01  -4.3906401e-02  -2.9413102e-01
   4.0700000e+02   2.3644490e+01   4.1546060e+00  -3.3294724e-01  -4.4051767e-02  -2.9419999e-01
   4.0800000e+02   2.3593940e+01   4.1533160e+00  -3.3328395e-01  -4.4196406e-02  -2.9426658e-01
   4.0900000e+02   2.3543630e+01   4.1520260e+00  -3.3361679e-01  -4.4340282e-02  -2.9433074e-01
   4.1000000e+02   2.3493580e+01   4.1507360e+00  -3.3394584e-01  -4.4483421e-02  -2.9439253e-01
   4.1100000e+02   2.3443770e+01   4.1494460e+00  -3.3427111e-01  -4.4625811e-02  -2.9445198e-01
   4.1200000e+02   2.3394210e+01   4.1481570e+00  -3.3459258e-01  -4.4767457e-02  -2.9450905e-01
   4.1300000e+02   2.3344890e+01   4.1468670e+00  -3.3491040e-01  -4.4908341e-02  -2.9456393e-01
   4.1400000e+02   2.3295810e+01   4.1455770e+00  -3.3522450e-01  -4.5048466e-02  -2.9461650e-01
   4.1500000e+02   2.3246980e+01   4.1442880e+00  -3.3553496e-01  -4.5187874e-02  -2.9466684e-01
   4.1600000e+02   2.3198380e+01   4.1429990e+00  -3.3584178e-01  -4.5326512e-02  -2.9471497e-01
   4.1700000e+02   2.3150020e+01   4.1417100e+00  -3.3614501e-01  -4.5464369e-02  -2.9476099e-01
   4.1800000e+02   2.3101890e+01   4.1404210e+00  -3.3644470e-01  -4.5601499e-02  -2.9480483e-01
   4.1900000e+02   2.3053990e+01   4.1391320e+00  -3.3674082e-01  -4.5737812e-02  -2.9484661e-01
   4.2000000e+02   2.3006330e+01   4.1378440e+00  -3.3703346e-01  -4.5873425e-02  -2.9488627e-01
   4.2100000e+02   2.2958900e+01   4.1365560e+00  -3.3732265e-01  -4.6008286e-02  -2.9492388e-01
   4.2200000e+02   2.2911690e+01   4.1352680e+00  -3.3760835e-01  -4.6142340e-02  -2.9495948e-01
   4.2300000e+02   2.2864710e+01   4.1339810e+00  -3.3789068e-01  -4.6275687e-02  -2.9499304e-01
   4.2400000e+02   2.2817950e+01   4.1326930e+00  -3.3816962e-01  -4.6408203e-02  -2.9502472e-01
   4.2500000e+02   2.2771410e+01   4.1314060e+00  -3.3844519e-01  -4.6539964e-02  -2.9505444e-01
   4.2600000e+02   2.2725100e+01   4.1301200e+00  -3.3871746e-01  -4.6671025e-02  -2.9508219e-01
   4.2700000e+02   2.2679000e+01   4.1288340e+00  -3.3898638e-01  -4.6801271e-02  -2.9510805e-01
   4.2800000e+02   2.2633130e+01   4.1275480e+00  -3.3925213e-01  -4.6930774e-02  -2.9513213e-01
   4.2900000e+02   2.2587460e+01   4.1262620e+00  -3.3951461e-01  -4.7059476e-02  -2.9515438e-01
   4.3000000e+02   2.2542020e+01   4.1249770e+00  -3.3977390e-01  -4.7187461e-02  -2.9517478e-01
   4.3100000e+02   2.2496780e+01   4.1236930e+00  -3.4002996e-01  -4.7314657e-02  -2.9519338e-01
   4.3200000e+02   2.2451760e+01   4.1224080e+00  -3.4028297e-01  -4.7441092e-02  -2.9521032e-01
   4.3300000e+02   2.2406940e+01   4.1211250e+00  -3.4053274e-01  -4.7566737e-02  -2.9522545e-01
   4.3400000e+02   2.2362340e+01   4.1198410e+00  -3.4077957e-01  -4.7691666e-02  -2.9523895e-01
   4.3500000e+02   2.2317940e+01   4.1185590e+00  -3.4102323e-01  -4.7815805e-02  -2.9525071e-01
   4.3600000e+02   2.2273740e+01   4.1172760e+00  -3.4126391e-01  -4.7939140e-02  -2.9526089e-01
   4.3700000e+02   2.2229750e+01   4.1159950e+00  -3.4150154e-01  -4.8061765e-02  -2.9526937e-01
   4.3800000e+02   2.2185960e+01   4.1147130e+00  -3.4173628e-01  -4.8183604e-02  -2.9527634e-01
   4.3900000e+02   2.2142370e+01   4.1134330e+00  -3.4196798e-01  -4.8304664e-02  -2.9528166e-01
   4.4000000e+02   2.2098980e+01   4.1121530e+00  -3.4219681e-01  -4.8425002e-02  -2.9528542e-01
   4.4100000e+02   2.2055790e+01   4.1108730e+00  -3.4242280e-01  -4.8544550e-02  -2.9528775e-01
   4.4200000e+02   2.2012800e+01   4.1095940e+00  -3.4264591e-01  -4.8663366e-02  -2.9528852e-01
   4.4300000e+02   2.1970000e+01   4.1083160e+00  -3.4286616e-01  -4.8781413e-02  -2.9528779e-01
   4.4400000e+02   2.1927390e+01   4.1070380e+00  -3.4308359e-01  -4.8898638e-02  -2.9528568e-01
   4.4500000e+02   2.1884980e+01   4.1057610e+00  -3.4329828e-01  -4.9015164e-02  -2.9528209e-01
   4.4600000e+02   2.1842750e+01   4.1044850e+00  -3.4351015e-01  -4.9130899e-02  -2.9527707e-01
   4.4700000e+02   2.1800720e+01   4.1032090e+00  -3.4371938e-01  -4.9245901e-02  -2.9527071e-01
   4.4800000e+02   2.1758870e+01   4.1019340e+00  -3.4392585e-01  -4.9360121e-02  -2.9526296e-01
   4.4900000e+02   2.1717210e+01   4.1006600e+00  -3.4412965e-01  -4.9473595e-02  -2.9525387e-01
   4.5000000e+02   2.1675730e+01   4.0993860e+00  -3.4433081e-01  -4.9586282e-02  -2.9524349e-01
   4.5100000e+02   2.1634440e+01   4.0981130e+00  -3.4452937e-01  -4.9698239e-02  -2.9523182e-01
   4.5200000e+02   2.1593340e+01   4.0968410e+00  -3.4472533e-01  -4.9809494e-02  -2.9521878e-01
   4.5300000e+02   2.1552410e+01   4.0955700e+00  -3.4491869e-01  -4.9919929e-02  -2.9520458e-01
   4.5400000e+02   2.1511660e+01   4.0942990e+00  -3.4510951e-01  -5.0029596e-02  -2.9518913e-01
   4.5500000e+02   2.1471100e+01   4.0930300e+00  -3.4529784e-01  -5.0138596e-02  -2.9517241e-01
   4.5600000e+02   2.1430710e+01   4.0917610e+00  -3.4548364e-01  -5.0246798e-02  -2.9515451e-01
   4.5700000e+02   2.1390490e+01   4.0904920e+00  -3.4566702e-01  -5.0354194e-02  -2.9513558e-01
   4.5800000e+02   2.1350450e+01   4.0892250e+00  -3.4584789e-01  -5.0460910e-02  -2.9511533e-01
   4.5900000e+02   2.1310590e+01   4.0879580e+00  -3.4602643e-01  -5.0566881e-02  -2.9509405e-01
   4.6000000e+02   2.1270900e+01   4.0866930e+00  -3.4620250e-01  -5.0672112e-02  -2.9507158e-01
   4.6100000e+02   2.1231380e+01   4.0854280e+00  -3.4637623e-01  -5.0776583e-02  -2.9504807e-01
   4.6200000e+02   2.1192030e+01   4.0841640e+00  -3.4654759e-01  -5.0880298e-02  -2.9502348e-01
   4.6300000e+02   2.1152850e+01   4.0829010e+00  -3.4671666e-01  -5.0983281e-02  -2.9499787e-01
   4.6400000e+02   2.1113840e+01   4.0816390e+00  -3.4688341e-01  -5.1085550e-02  -2.9497116e-01
   4.6500000e+02   2.1074990e+01   4.0803770e+00  -3.4704789e-01  -5.1187016e-02  -2.9494354e-01
   4.6600000e+02   2.1036310e+01   4.0791170e+00  -3.4721010e-01  -5.1287800e-02  -2.9491483e-01
   4.6700000e+02   2.0997800e+01   4.0778580e+00  -3.4737010e-01  -5.1387878e-02  -2.9488512e-01
   4.6800000e+02   2.0959450e+01   4.0765990e+00  -3.4752791e-01  -5.1487186e-02  -2.9485451e-01
   4.6900000e+02   2.0921260e+01   4.0753420e+00  -3.4768346e-01  -5.1585767e-02  -2.9482290e-01
   4.7000000e+02   2.0883230e+01   4.0740850e+00  -3.4783692e-01  -5.1683603e-02  -2.9479044e-01
   4.7100000e+02   2.0845370e+01   4.0728300e+00  -3.4798822e-01  -5.1780759e-02  -2.9475701e-01
   4.7200000e+02   2.0807660e+01   4.0715750e+00  -3.4813740e-01  -5.1877138e-02  -2.9472274e-01
   4.7300000e+02   2.0770110e+01   4.0703220e+00  -3.4828444e-01  -5.1972825e-02  -2.9468750e-01
   4.7400000e+02   2.0732710e+01   4.0690690e+00  -3.4842944e-01  -5.2067739e-02  -2.9465152e-01
   4.7500000e+02   2.0695480e+01   4.0678180e+00  -3.4857241e-01  -5.2162015e-02  -2.9461462e-01
   4.7600000e+02   2.0658400e+01   4.0665670e+00  -3.4871336e-01  -5.2255525e-02  -2.9457696e-01
   4.7700000e+02   2.0621470e+01   4.0653180e+00  -3.4885224e-01  -5.2348322e-02  -2.9453844e-01
   4.7800000e+02   2.0584690e+01   4.0640700e+00  -3.4898910e-01  -5.2440372e-02  -2.9449913e-01
   4.7900000e+02   2.0548070e+01   4.0628230e+00  -3.4912405e-01  -5.2531772e-02  -2.9445902e-01
   4.8000000e+02   2.0511600e+01   4.0615760e+00  -3.4925710e-01  -5.2622440e-02  -2.9441822e-01
   4.8100000e+02   2.0475270e+01   4.0603310e+00  -3.4938811e-01  -5.2712356e-02  -2.9437662e-01
   4.8200000e+02   2.0439100e+01   4.0590870e+00  -3.4951729e-01  -5.2801629e-02  -2.9433431e-01
   4.8300000e+02   2.0403070e+01   4.0578450e+00  -3.4964449e-01  -5.2890165e-02  -2.9429121e-01
   4.8400000e+02   2.0367190e+01   4.0566030e+00  -3.4976990e-01  -5.2978000e-02  -2.9424749e-01
   4.8500000e+02   2.0331460e+01   4.0553620e+00  -3.4989347e-01  -5.3065139e-02  -2.9420309e-01
   4.8600000e+02   2.0295870e+01   4.0541230e+00  -3.5001513e-01  -5.3151574e-02  -2.9415794e-01
   4.8700000e+02   2.0260430e+01   4.0528850e+00  -3.5013504e-01  -5.3237360e-02  -2.9411215e-01
   4.8800000e+02   2.0225130e+01   4.0516480e+00  -3.5025315e-01  -5.3322415e-02  -2.9406574e-01
   4.8900000e+02   2.0189970e+01   4.0504120e+00  -3.5036949e-01  -5.3406775e-02  -2.9401871e-01
   4.9000000e+02   2.0154950e+01   4.0491770e+00  -3.5048406e-01  -5.3490425e-02  -2.9397107e-01
   4.9100000e+02   2.0120070e+01   4.0479440e+00  -3.5059686e-01  -5.3573406e-02  -2.9392276e-01
   4.9200000e+02   2.0085330e+01   4.0467110e+00  -3.5070801e-01  -5.3655690e-02  -2.9387395e-01
   4.9300000e+02   2.0050730e+01   4.0454800e+00  -3.5081741e-01  -5.3737302e-02  -2.9382449e-01
   4.9400000e+02   2.0016270e+01   4.0442500e+00  -3.5092516e-01  -5.3818255e-02  -2.9377448e-01
   4.9500000e+02   1.9981940e+01   4.0430220e+00  -3.5103115e-01  -5.3898485e-02  -2.9372388e-01
   4.9600000e+02   1.9947750e+01   4.0417940e+00  -3.5113561e-01  -5.3978068e-02  -2.9367280e-01
   4.9700000e+02   1.9913700e+01   4.0405680e+00  -3.5123843e-01  -5.4057017e-02  -2.9362116e-01
   4.9800000e+02   1.9879780e+01   4.0393430e+00  -3.5133961e-01  -5.4135236e-02  -2.9356902e-01
   4.9900000e+02   1.9845990e+01   4.0381200e+00  -3.5143914e-01  -5.4212810e-02  -2.9351631e-01
   5.0000000e+02   1.9812340e+01   4.0368970e+00  -3.5153720e-01  -5.4289721e-02  -2.9346321e-01
   5.0100000e+02   1.9778810e+01   4.0356760e+00  -3.5163360e-01  -5.4365928e-02  -2.9340956e-01
   5.0200000e+02   1.9745420e+01   4.0344570e+00  -3.5172847e-01  -5.4441522e-02  -2.9335542e-01
   5.0300000e+02   1.9712160e+01   4.0332380e+00  -3.5182187e-01  -5.4516444e-02  -2.9330088e-01
   5.0400000e+02   1.9679020e+01   4.0320210e+00  -3.5191368e-01  -5.4590675e-02  -2.9324586e-01
   5.0500000e+02   1.9646020e+01   4.0308050e+00  -3.5200407e-01  -5.4664302e-02  -2.9319041e-01
   5.0600000e+02   1.9613140e+01   4.0295910e+00  -3.5209290e-01  -5.4737247e-02  -2.9313450e-01
   5.0700000e+02   1.9580390e+01   4.0283780e+00  -3.5218029e-01  -5.4809551e-02  -2.9307819e-01
   5.0800000e+02   1.9547760e+01   4.0271660e+00  -3.5226621e-01  -5.4881158e-02  -2.9302149e-01
   5.0900000e+02   1.9515260e+01   4.0259550e+00  -3.5235075e-01  -5.4952165e-02  -2.9296443e-01
   5.1000000e+02   1.9482880e+01   4.0247460e+00  -3.5243382e-01  -5.5022502e-02  -2.9290695e-01
   5.1100000e+02   1.9450630e+01   4.0235390e+00  -3.5251550e-01  -5.5092260e-02  -2.9284904e-01
   5.1200000e+02   1.9418500e+01   4.0223320e+00  -3.5259582e-01  -5.5161319e-02  -2.9279085e-01
   5.1300000e+02   1.9386490e+01   4.0211270e+00  -3.5267473e-01  -5.5229767e-02  -2.9273226e-01
   5.1400000e+02   1.9354600e+01   4.0199240e+00  -3.5275224e-01  -5.5297572e-02  -2.9267329e-01
   5.1500000e+02   1.9322840e+01   4.0187210e+00  -3.5282853e-01  -5.5364768e-02  -2.9261408e-01
   5.1600000e+02   1.9291190e+01   4.0175210e+00  -3.5290335e-01  -5.5431317e-02  -2.9255443e-01
   5.1700000e+02   1.9259660e+01   4.0163210e+00  -3.5297694e-01  -5.5497226e-02  -2.9249456e-01
   5.1800000e+02   1.9228250e+01   4.0151230e+00  -3.5304916e-01  -5.5562512e-02  -2.9243432e-01
   5.1900000e+02   1.9196960e+01   4.0139270e+00  -3.5312011e-01  -5.5627209e-02  -2.9237377e-01
   5.2000000e+02   1.9165790e+01   4.0127320e+00  -3.5318983e-01  -5.5691310e-02  -2.9231294e-01
   5.2100000e+02   1.9134730e+01   4.0115380e+00  -3.5325826e-01  -5.5754746e-02  -2.9225186e-01
   5.2200000e+02   1.9103780e+01   4.0103460e+00  -3.5332539e-01  -5.5817548e-02  -2.9219046e-01
   5.2300000e+02   1.9072950e+01   4.0091550e+00  -3.5339130e-01  -5.5879737e-02  -2.9212883e-01
   5.2400000e+02   1.9042240e+01   4.0079650e+00  -3.5345610e-01  -5.5941379e-02  -2.9206698e-01
   5.2500000e+02   1.9011640e+01   4.0067780e+00  -3.5351955e-01  -5.6002410e-02  -2.9200475e-01
   5.2600000e+02   1.8981150e+01   4.0055910e+00  -3.5358188e-01  -5.6062788e-02  -2.9194240e-01
   5.2700000e+02   1.8950770e+01   4.0044060e+00  -3.5364296e-01  -5.6122562e-02  -2.9187977e-01
   5.2800000e+02   1.8920510e+01   4.0032230e+00  -3.5370294e-01  -5.6181818e-02  -2.9181688e-01
   5.2900000e+02   1.8890350e+01   4.0020410e+00  -3.5376165e-01  -5.6240368e-02  -2.9175379e-01
   5.3000000e+02   1.8860300e+01   4.0008600e+00  -3.5381932e-01  -5.6298375e-02  -2.9169053e-01
   5.3100000e+02   1.8830370e+01   3.9996810e+00  -3.5387583e-01  -5.6355810e-02  -2.9162704e-01
   5.3200000e+02   1.8800540e+01   3.9985040e+00  -3.5393115e-01  -5.6412628e-02  -2.9156331e-01
   5.3300000e+02   1.8770820e+01   3.9973280e+00  -3.5398542e-01  -5.6468882e-02  -2.9149942e-01
   5.3400000e+02   1.8741210e+01   3.9961530e+00  -3.5403860e-01  -5.6524526e-02  -2.9143539e-01
   5.3500000e+02   1.8711710e+01   3.9949800e+00  -3.5409071e-01  -5.6579644e-02  -2.9137113e-01
   5.3600000e+02   1.8682310e+01   3.9938090e+00  -3.5414164e-01  -5.6634126e-02  -2.9130667e-01
   5.3700000e+02   1.8653010e+01   3.9926390e+00  -3.5419152e-01  -5.6688006e-02  -2.9124209e-01
   5.3800000e+02   1.8623820e+01   3.9914700e+00  -3.5424042e-01  -5.6741347e-02  -2.9117739e-01
   5.3900000e+02   1.8594740e+01   3.9903040e+00  -3.5428822e-01  -5.6794166e-02  -2.9111243e-01
   5.4000000e+02   1.8565760e+01   3.9891380e+00  -3.5433506e-01  -5.6846372e-02  -2.9104744e-01
   5.4100000e+02   1.8536880e+01   3.9879740e+00  -3.5438079e-01  -5.6897973e-02  -2.9098227e-01
   5.4200000e+02   1.8508100e+01   3.9868120e+00  -3.5442550e-01  -5.6949029e-02  -2.9091694e-01
   5.4300000e+02   1.8479430e+01   3.9856520e+00  -3.5446925e-01  -5.6999585e-02  -2.9085146e-01
   5.4400000e+02   1.8450860e+01   3.9844930e+00  -3.5451203e-01  -5.7049568e-02  -2.9078589e-01
   5.4500000e+02   1.8422390e+01   3.9833350e+00  -3.5455383e-01  -5.7098959e-02  -2.9072026e-01
   5.4600000e+02   1.8394010e+01   3.9821790e+00  -3.5459460e-01  -5.7147764e-02  -2.9065447e-01
   5.4700000e+02   1.8365740e+01   3.9810250e+00  -3.5463443e-01  -5.7196081e-02  -2.9058856e-01
   5.4800000e+02   1.8337570e+01   3.9798720e+00  -3.5467333e-01  -5.7243824e-02  -2.9052258e-01
   5.4900000e+02   1.8309490e+01   3.9787210e+00  -3.5471125e-01  -5.7291004e-02  -2.9045647e-01
   5.5000000e+02   1.8281520e+01   3.9775710e+00  -3.5474832e-01  -5.7337682e-02  -2.9039033e-01
   5.5100000e+02   1.8253640e+01   3.9764230e+00  -3.5478441e-01  -5.7383792e-02  -2.9032406e-01
   5.5200000e+02   1.8225850e+01   3.9752760e+00  -3.5481962e-01  -5.7429342e-02  -2.9025779e-01
   5.5300000e+02   1.8198170e+01   3.9741320e+00  -3.5485390e-01  -5.7474431e-02  -2.9019132e-01
   5.5400000e+02   1.8170570e+01   3.9729880e+00  -3.5488728e-01  -5.7518869e-02  -2.9012491e-01
   5.5500000e+02   1.8143080e+01   3.9718470e+00  -3.5491980e-01  -5.7562899e-02  -2.9005832e-01
   5.5600000e+02   1.8115670e+01   3.9707070e+00  -3.5495138e-01  -5.7606292e-02  -2.8999172e-01
   5.5700000e+02   1.8088370e+01   3.9695680e+00  -3.5498224e-01  -5.7649249e-02  -2.8992512e-01
   5.5800000e+02   1.8061150e+01   3.9684310e+00  -3.5501209e-01  -5.7691585e-02  -2.8985843e-01
   5.5900000e+02   1.8034030e+01   3.9672960e+00  -3.5504117e-01  -5.7733474e-02  -2.8979168e-01
   5.6000000e+02   1.8007000e+01   3.9661630e+00  -3.5506935e-01  -5.7774827e-02  -2.8972486e-01
   5.6100000e+02   1.7980060e+01   3.9650310e+00  -3.5509675e-01  -5.7815655e-02  -2.8965806e-01
   5.6200000e+02   1.7953210e+01   3.9639000e+00  -3.5512333e-01  -5.7855936e-02  -2.8959126e-01
   5.6300000e+02   1.7926460e+01   3.9627720e+00  -3.5514907e-01  -5.7895781e-02  -2.8952432e-01
   5.6400000e+02   1.7899790e+01   3.9616450e+00  -3.5517399e-01  -5.7935046e-02  -2.8945742e-01
   5.6500000e+02   1.7873220e+01   3.9605190e+00  -3.5519824e-01  -5.7973873e-02  -2.8939057e-01
   5.6600000e+02   1.7846730e+01   3.9593960e+00  -3.5522152e-01  -5.8012127e-02  -2.8932357e-01
   5.6700000e+02   1.7820330e+01   3.9582730e+00  -3.5524413e-01  -5.8049878e-02  -2.8925668e-01
   5.6800000e+02   1.7794020e+01   3.9571530e+00  -3.5526590e-01  -5.8087163e-02  -2.8918969e-01
   5.6900000e+02   1.7767800e+01   3.9560340e+00  -3.5528700e-01  -5.8123970e-02  -2.8912275e-01
   5.7000000e+02   1.7741670e+01   3.9549170e+00  -3.5530728e-01  -5.8160262e-02  -2.8905579e-01
   5.7100000e+02   1.7715620e+01   3.9538020e+00  -3.5532678e-01  -5.8196057e-02  -2.8898880e-01
   5.7200000e+02   1.7689660e+01   3.9526880e+00  -3.5534558e-01  -5.8231353e-02  -2.8892186e-01
   5.7300000e+02   1.7663780e+01   3.9515760e+00  -3.5536359e-01  -5.8266144e-02  -2.8885490e-01
   5.7400000e+02   1.7638000e+01   3.9504650e+00  -3.5538104e-01  -5.8300537e-02  -2.8878803e-01
   5.7500000e+02   1.7612290e+01   3.9493560e+00  -3.5539763e-01  -5.8334348e-02  -2.8872113e-01
   5.7600000e+02   1.7586670e+01   3.9482490e+00  -3.5541348e-01  -5.8367688e-02  -2.8865422e-01
   5.7700000e+02   1.7561130e+01   3.9471440e+00  -3.5542864e-01  -5.8400566e-02  -2.8858733e-01
   5.7800000e+02   1.7535680e+01   3.9460400e+00  -3.5544317e-01  -5.8432998e-02  -2.8852051e-01
   5.7900000e+02   1.7510310e+01   3.9449380e+00  -3.5545696e-01  -5.8464930e-02  -2.8845368e-01
   5.8000000e+02   1.7485030e+01   3.9438370e+00  -3.5547014e-01  -5.8496416e-02  -2.8838694e-01
   5.8100000e+02   1.7459820e+01   3.9427380e+00  -3.5548254e-01  -5.8527363e-02  -2.8832021e-01
   5.8200000e+02   1.7434700e+01   3.9416410e+00  -3.5549434e-01  -5.8557914e-02  -2.8825350e-01
   5.8300000e+02   1.7409660e+01   3.9405460e+00  -3.5550543e-01  -5.8587989e-02  -2.8818682e-01
   5.8400000e+02   1.7384700e+01   3.9394520e+00  -3.5551590e-01  -5.8617593e-02  -2.8812021e-01
   5.8500000e+02   1.7359820e+01   3.9383600e+00  -3.5552568e-01  -5.8646718e-02  -2.8805364e-01
   5.8600000e+02   1.7335020e+01   3.9372700e+00  -3.5553481e-01  -5.8675403e-02  -2.8798708e-01
   5.8700000e+02   1.7310300e+01   3.9361810e+00  -3.5554334e-01  -5.8703633e-02  -2.8792063e-01
   5.8800000e+02   1.7285660e+01   3.9350940e+00  -3.5555125e-01  -5.8731417e-02  -2.8785422e-01
   5.8900000e+02   1.7261090e+01   3.9340090e+00  -3.5555842e-01  -5.8758683e-02  -2.8778783e-01
   5.9000000e+02   1.7236610e+01   3.9329250e+00  -3.5556510e-01  -5.8785572e-02  -2.8772156e-01
   5.9100000e+02   1.7212200e+01   3.9318430e+00  -3.5557111e-01  -5.8811971e-02  -2.8765533e-01
   5.9200000e+02   1.7187880e+01   3.9307630e+00  -3.5557656e-01  -5.8838001e-02  -2.8758913e-01
   5.9300000e+02   1.7163630e+01   3.9296850e+00  -3.5558139e-01  -5.8863575e-02  -2.8752300e-01
   5.9400000e+02   1.7139450e+01   3.9286080e+00  -3.5558557e-01  -5.8888628e-02  -2.8745698e-01
   5.9500000e+02   1.7115350e+01   3.9275330e+00  -3.5558917e-01  -5.8913273e-02  -2.8739099e-01
   5.9600000e+02   1.7091330e+01   3.9264600e+00  -3.5559222e-01  -5.8937528e-02  -2.8732506e-01
   5.9700000e+02   1.7067380e+01   3.9253880e+00  -3.5559465e-01  -5.8961276e-02  -2.8725925e-01
   5.9800000e+02   1.7043510e+01   3.9243180e+00  -3.5559657e-01  -5.8984651e-02  -2.8719352e-01
   5.9900000e+02   1.7019720e+01   3.9232500e+00  -3.5559793e-01  -5.9007637e-02  -2.8712782e-01
   6.0000000e+02   1.6995990e+01   3.9221830e+00  -3.5559866e-01  -5.9030081e-02  -2.8706226e-01
   6.0100000e+02   1.6972350e+01   3.9211190e+00  -3.5559890e-01  -5.9052250e-02  -2.8699669e-01
   6.0200000e+02   1.6948770e+01   3.9200550e+00  -3.5559858e-01  -5.9073867e-02  -2.8693134e-01
   6.0300000e+02   1.6925270e+01   3.9189940e+00  -3.5559766e-01  -5.9095117e-02  -2.8686595e-01
   6.0400000e+02   1.6901840e+01   3.9179340e+00  -3.5559625e-01  -5.9115923e-02  -2.8680074e-01
   6.0500000e+02   1.6878480e+01   3.9168770e+00  -3.5559420e-01  -5.9136326e-02  -2.8673550e-01
   6.0600000e+02   1.6855200e+01   3.9158200e+00  -3.5559180e-01  -5.9156345e-02  -2.8667049e-01
   6.0700000e+02   1.6831990e+01   3.9147660e+00  -3.5558878e-01  -5.9175960e-02  -2.8660548e-01
   6.0800000e+02   1.6808850e+01   3.9137130e+00  -3.5558527e-01  -5.9195141e-02  -2.8654061e-01
   6.0900000e+02   1.6785780e+01   3.9126620e+00  -3.5558123e-01  -5.9213923e-02  -2.8647582e-01
   6.1000000e+02   1.6762780e+01   3.9116130e+00  -3.5557662e-01  -5.9232279e-02  -2.8641109e-01
   6.1100000e+02   1.6739850e+01   3.9105650e+00  -3.5557156e-01  -5.9250215e-02  -2.8634653e-01
   6.1200000e+02   1.6716990e+01   3.9095190e+00  -3.5556603e-01  -5.9267794e-02  -2.8628206e-01
   6.1300000e+02   1.6694200e+01   3.9084750e+00  -3.5555992e-01  -5.9284935e-02  -2.8621765e-01
   6.1400000e+02   1.6671480e+01   3.9074320e+00  -3.5555343e-01  -5.9301713e-02  -2.8615341e-01
   6.1500000e+02   1.6648830e+01   3.9063920e+00  -3.5554634e-01  -5.9318098e-02  -2.8608916e-01
   6.1600000e+02   1.6626240e+01   3.9053530e+00  -3.5553876e-01  -5.9334022e-02  -2.8602508e-01
   6.1700000e+02   1.6603730e+01   3.9043150e+00  -3.5553087e-01  -5.9349648e-02  -2.8596118e-01
   6.1800000e+02   1.6581280e+01   3.9032800e+00  -3.5552234e-01  -5.9364841e-02  -2.8589726e-01
   6.1900000e+02   1.6558900e+01   3.9022460e+00  -3.5551342e-01  -5.9379658e-02  -2.8583353e-01
   6.2000000e+02   1.6536590e+01   3.9012140e+00  -3.5550402e-01  -5.9394099e-02  -2.8576988e-01
   6.2100000e+02   1.6514340e+01   3.9001830e+00  -3.5549417e-01  -5.9408119e-02  -2.8570639e-01
   6.2200000e+02   1.6492160e+01   3.8991550e+00  -3.5548383e-01  -5.9421803e-02  -2.8564293e-01
   6.2300000e+02   1.6470050e+01   3.8981280e+00  -3.5547312e-01  -5.9435126e-02  -2.8557965e-01
   6.2400000e+02   1.6448000e+01   3.8971020e+00  -3.5546192e-01  -5.9448015e-02  -2.8551650e-01
   6.2500000e+02   1.6426020e+01   3.8960790e+00  -3.5545025e-01  -5.9460570e-02  -2.8545341e-01
   6.2600000e+02   1.6404110e+01   3.8950570e+00  -3.5543824e-01  -5.9472796e-02  -2.8539047e-01
   6.2700000e+02   1.6382250e+01   3.8940370e+00  -3.5542567e-01  -5.9484549e-02  -2.8532764e-01
   6.2800000e+02   1.6360470e+01   3.8930190e+00  -3.5541276e-01  -5.9496040e-02  -2.8526490e-01
   6.2900000e+02   1.6338740e+01   3.8920020e+00  -3.5539931e-01  -5.9507027e-02  -2.8520232e-01
   6.3000000e+02   1.6317090e+01   3.8909870e+00  -3.5538561e-01  -5.9517811e-02  -2.8513987e-01
   6.3100000e+02   1.6295490e+01   3.8899740e+00  -3.5537135e-01  -5.9528131e-02  -2.8507750e-01
   6.3200000e+02   1.6273960e+01   3.8889630e+00  -3.5535671e-01  -5.9538129e-02  -2.8501525e-01
   6.3300000e+02   1.6252490e+01   3.8879530e+00  -3.5534169e-01  -5.9547754e-02  -2.8495316e-01
   6.3400000e+02   1.6231080e+01   3.8869450e+00  -3.5532623e-01  -5.9557003e-02  -2.8489119e-01
   6.3500000e+02   1.6209740e+01   3.8859390e+00  -3.5531041e-01  -5.9565962e-02  -2.8482932e-01
   6.3600000e+02   1.6188460e+01   3.8849340e+00  -3.5529421e-01  -5.9574538e-02  -2.8476763e-01
   6.3700000e+02   1.6167240e+01   3.8839310e+00  -3.5527758e-01  -5.9582745e-02  -2.8470604e-01
   6.3800000e+02   1.6146080e+01   3.8829300e+00  -3.5526054e-01  -5.9590618e-02  -2.8464456e-01
   6.3900000e+02   1.6124980e+01   3.8819310e+00  -3.5524307e-01  -5.9598117e-02  -2.8458318e-01
   6.4000000e+02   1.6103940e+01   3.8809330e+00  -3.5522527e-01  -5.9605275e-02  -2.8452199e-01
   6.4100000e+02   1.6082970e+01   3.8799370e+00  -3.5520713e-01  -5.9612151e-02  -2.8446091e-01
   6.4200000e+02   1.6062050e+01   3.8789430e+00  -3.5518854e-01  -5.9618629e-02  -2.8439994e-01
   6.4300000e+02   1.6041190e+01   3.8779500e+00  -3.5516962e-01  -5.9624755e-02  -2.8433915e-01
   6.4400000e+02   1.6020400e+01   3.8769600e+00  -3.5515032e-01  -5.9630637e-02  -2.8427839e-01
   6.4500000e+02   1.5999660e+01   3.8759700e+00  -3.5513066e-01  -5.9636072e-02  -2.8421790e-01
   6.4600000e+02   1.5978980e+01   3.8749830e+00  -3.5511057e-01  -5.9641196e-02  -2.8415744e-01
   6.4700000e+02   1.5958360e+01   3.8739970e+00  -3.5509019e-01  -5.9646007e-02  -2.8409717e-01
   6.4800000e+02   1.5937800e+01   3.8730140e+00  -3.5506943e-01  -5.9650541e-02  -2.8403694e-01
   6.4900000e+02   1.5917300e+01   3.8720310e+00  -3.5504836e-01  -5.9654691e-02  -2.8397696e-01
   6.5000000e+02   1.5896860e+01   3.8710510e+00  -3.5502693e-01  -5.9658577e-02  -2.8391704e-01
   6.5100000e+02   1.5876470e+01   3.8700720e+00  -3.5500511e-01  -5.9662063e-02  -2.8385728e-01
   6.5200000e+02   1.5856140e+01   3.8690950e+00  -3.5498293e-01  -5.9665231e-02  -2.8379765e-01
   6.5300000e+02   1.5835870e+01   3.8681200e+00  -3.5496043e-01  -5.9668128e-02  -2.8373813e-01
   6.5400000e+02   1.5815660e+01   3.8671460e+00  -3.5493766e-01  -5.9670708e-02  -2.8367879e-01
   6.5500000e+02   1.5795500e+01   3.8661740e+00  -3.5491449e-01  -5.9672924e-02  -2.8361959e-01
   6.5600000e+02   1.5775400e+01   3.8652040e+00  -3.5489098e-01  -5.9674857e-02  -2.8356048e-01
   6.5700000e+02   1.5755350e+01   3.8642350e+00  -3.5486717e-01  -5.9676440e-02  -2.8350156e-01
   6.5800000e+02   1.5735360e+01   3.8632680e+00  -3.5484304e-01  -5.9677735e-02  -2.8344277e-01
   6.5900000e+02   1.5715430e+01   3.8623030e+00  -3.5481858e-01  -5.9678740e-02  -2.8338409e-01
   6.6000000e+02   1.5695550e+01   3.8613400e+00  -3.5479371e-01  -5.9679395e-02  -2.8332550e-01
   6.6100000e+02   1.5675730e+01   3.8603780e+00  -3.5476867e-01  -5.9679803e-02  -2.8326714e-01
   6.6200000e+02   1.5655960e+01   3.8594180e+00  -3.5474324e-01  -5.9679869e-02  -2.8320888e-01
   6.6300000e+02   1.5636250e+01   3.8584600e+00  -3.5471752e-01  -5.9679671e-02  -2.8315074e-01
   6.6400000e+02   1.5616590e+01   3.8575030e+00  -3.5469151e-01  -5.9679138e-02  -2.8309279e-01
   6.6500000e+02   1.5596980e+01   3.8565480e+00  -3.5466509e-01  -5.9678242e-02  -2.8303494e-01
   6.6600000e+02   1.5577430e+01   3.8555950e+00  -3.5463844e-01  -5.9677125e-02  -2.8297723e-01
   6.6700000e+02   1.5557940e+01   3.8546430e+00  -3.5461161e-01  -5.9675782e-02  -2.8291970e-01
   6.6800000e+02   1.5538490e+01   3.8536940e+00  -3.5458427e-01  -5.9674033e-02  -2.8286222e-01
   6.6900000e+02   1.5519100e+01   3.8527460e+00  -3.5455672e-01  -5.9672028e-02  -2.8280492e-01
   6.7000000e+02   1.5499760e+01   3.8517990e+00  -3.5452887e-01  -5.9669687e-02  -2.8274781e-01
   6.7100000e+02   1.5480480e+01   3.8508540e+00  -3.5450081e-01  -5.9667142e-02  -2.8269081e-01
   6.7200000e+02   1.5461250e+01   3.8499110e+00  -3.5447242e-01  -5.9664298e-02  -2.8263394e-01
   6.7300000e+02   1.5442060e+01   3.8489700e+00  -3.5444360e-01  -5.9661053e-02  -2.8257719e-01
   6.7400000e+02   1.5422940e+01   3.8480300e+00  -3.5441471e-01  -5.9657676e-02  -2.8252061e-01
   6.7500000e+02   1.5403860e+01   3.8470920e+00  -3.5438545e-01  -5.9653941e-02  -2.8246418e-01
   6.7600000e+02   1.5384830e+01   3.8461560e+00  -3.5435584e-01  -5.9649904e-02  -2.8240783e-01
   6.7700000e+02   1.5365860e+01   3.8452210e+00  -3.5432610e-01  -5.9645647e-02  -2.8235170e-01
   6.7800000e+02   1.5346940e+01   3.8442880e+00  -3.5429605e-01  -5.9641116e-02  -2.8229568e-01
   6.7900000e+02   1.5328060e+01   3.8433570e+00  -3.5426560e-01  -5.9636215e-02  -2.8223977e-01
   6.8000000e+02   1.5309240e+01   3.8424270e+00  -3.5423499e-01  -5.9631095e-02  -2.8218404e-01
   6.8100000e+02   1.5290470e+01   3.8415000e+00  -3.5420410e-01  -5.9625754e-02  -2.8212839e-01
   6.8200000e+02   1.5271750e+01   3.8405730e+00  -3.5417299e-01  -5.9620099e-02  -2.8207297e-01
   6.8300000e+02   1.5253080e+01   3.8396490e+00  -3.5414154e-01  -5.9614182e-02  -2.8201759e-01
   6.8400000e+02   1.5234460e+01   3.8387260e+00  -3.5410991e-01  -5.9608006e-02  -2.8196243e-01
   6.8500000e+02   1.5215880e+01   3.8378050e+00  -3.5407789e-01  -5.9601495e-02  -2.8190736e-01
   6.8600000e+02   1.5197360e+01   3.8368850e+00  -3.5404577e-01  -5.9594792e-02  -2.8185249e-01
   6.8700000e+02   1.5178890e+01   3.8359670e+00  -3.5401336e-01  -5.9587827e-02  -2.8179773e-01
   6.8800000e+02   1.5160460e+01   3.8350510e+00  -3.5398063e-01  -5.9580541e-02  -2.8174311e-01
   6.8900000e+02   1.5142080e+01   3.8341360e+00  -3.5394770e-01  -5.9573013e-02  -2.8168864e-01
   6.9000000e+02   1.5123760e+01   3.8332230e+00  -3.5391457e-01  -5.9565283e-02  -2.8163430e-01
   6.9100000e+02   1.5105480e+01   3.8323120e+00  -3.5388115e-01  -5.9557277e-02  -2.8158008e-01
   6.9200000e+02   1.5087240e+01   3.8314030e+00  -3.5384737e-01  -5.9548934e-02  -2.8152597e-01
   6.9300000e+02   1.5069060e+01   3.8304950e+00  -3.5381353e-01  -5.9540444e-02  -2.8147206e-01
   6.9400000e+02   1.5050920e+01   3.8295880e+00  -3.5377943e-01  -5.9531637e-02  -2.8141833e-01
   6.9500000e+02   1.5032830e+01   3.8286840e+00  -3.5374499e-01  -5.9522597e-02  -2.8136462e-01
   6.9600000e+02   1.5014790e+01   3.8277810e+00  -3.5371041e-01  -5.9513328e-02  -2.8131113e-01
   6.9700000e+02   1.4996800e+01   3.8268790e+00  -3.5367566e-01  -5.9503824e-02  -2.8125781e-01
   6.9800000e+02   1.4978850e+01   3.8259800e+00  -3.5364055e-01  -5.9494047e-02  -2.8120454e-01
   6.9900000e+02   1.4960950e+01   3.8250820e+00  -3.5360526e-01  -5.9484032e-02  -2.8115145e-01
   7.0000000e+02   1.4943090e+01   3.8241850e+00  -3.5356976e-01  -5.9473729e-02  -2.8109854e-01
   7.0100000e+02   1.4925280e+01   3.8232910e+00  -3.5353400e-01  -5.9463249e-02  -2.8104568e-01
   7.0200000e+02   1.4907520e+01   3.8223980e+00  -3.5349803e-01  -5.9452511e-02  -2.8099299e-01
   7.0300000e+02   1.4889800e+01   3.8215060e+00  -3.5346188e-01  -5.9441504e-02  -2.8094050e-01
   7.0400000e+02   1.4872130e+01   3.8206160e+00  -3.5342555e-01  -5.9430313e-02  -2.8088813e-01
   7.0500000e+02   1.4854500e+01   3.8197280e+00  -3.5338886e-01  -5.9418805e-02  -2.8083585e-01
   7.0600000e+02   1.4836920e+01   3.8188420e+00  -3.5335204e-01  -5.9407139e-02  -2.8078370e-01
   7.0700000e+02   1.4819380e+01   3.8179570e+00  -3.5331496e-01  -5.9395172e-02  -2.8073172e-01
   7.0800000e+02   1.4801890e+01   3.8170730e+00  -3.5327781e-01  -5.9383034e-02  -2.8067993e-01
   7.0900000e+02   1.4784440e+01   3.8161920e+00  -3.5324034e-01  -5.9370666e-02  -2.8062818e-01
   7.1000000e+02   1.4767040e+01   3.8153120e+00  -3.5320268e-01  -5.9358050e-02  -2.8057661e-01
   7.1100000e+02   1.4749680e+01   3.8144330e+00  -3.5316482e-01  -5.9345173e-02  -2.8052521e-01
   7.1200000e+02   1.4732360e+01   3.8135560e+00  -3.5312676e-01  -5.9332081e-02  -2.8047392e-01
   7.1300000e+02   1.4715090e+01   3.8126810e+00  -3.5308850e-01  -5.9318793e-02  -2.8042276e-01
   7.1400000e+02   1.4697870e+01   3.8118080e+00  -3.5305007e-01  -5.9305346e-02  -2.8037169e-01
   7.1500000e+02   1.4680680e+01   3.8109360e+00  -3.5301136e-01  -5.9291541e-02  -2.8032082e-01
   7.1600000e+02   1.4663540e+01   3.8100650e+00  -3.5297256e-01  -5.9277586e-02  -2.8027011e-01
   7.1700000e+02   1.4646440e+01   3.8091960e+00  -3.5293352e-01  -5.9263388e-02  -2.8021952e-01
   7.1800000e+02   1.4629390e+01   3.8083290e+00  -3.5289432e-01  -5.9249024e-02  -2.8016904e-01
   7.1900000e+02   1.4612380e+01   3.8074640e+00  -3.5285488e-01  -5.9234428e-02  -2.8011866e-01
   7.2000000e+02   1.4595410e+01   3.8066000e+00  -3.5281528e-01  -5.9219599e-02  -2.8006847e-01
   7.2100000e+02   1.4578480e+01   3.8057380e+00  -3.5277543e-01  -5.9204537e-02  -2.8001837e-01
   7.2200000e+02   1.4561600e+01   3.8048770e+00  -3.5273549e-01  -5.9189300e-02  -2.7996845e-01
   7.2300000e+02   1.4544760e+01   3.8040180e+00  -3.5269534e-01  -5.9173862e-02  -2.7991863e-01
   7.2400000e+02   1.4527950e+01   3.8031600e+00  -3.5265495e-01  -5.9158108e-02  -2.7986900e-01
   7.2500000e+02   1.4511200e+01   3.8023040e+00  -3.5261452e-01  -5.9142298e-02  -2.7981948e-01
   7.2600000e+02   1.4494480e+01   3.8014500e+00  -3.5257379e-01  -5.9126201e-02  -2.7977006e-01
   7.2700000e+02   1.4477800e+01   3.8005970e+00  -3.5253286e-01  -5.9109858e-02  -2.7972080e-01
   7.2800000e+02   1.4461170e+01   3.7997460e+00  -3.5249181e-01  -5.9093389e-02  -2.7967164e-01
   7.2900000e+02   1.4444570e+01   3.7988960e+00  -3.5245061e-01  -5.9076663e-02  -2.7962270e-01
   7.3000000e+02   1.4428020e+01   3.7980480e+00  -3.5240920e-01  -5.9059760e-02  -2.7957381e-01
   7.3100000e+02   1.4411510e+01   3.7972020e+00  -3.5236761e-01  -5.9042674e-02  -2.7952504e-01
   7.3200000e+02   1.4395040e+01   3.7963570e+00  -3.5232591e-01  -5.9025394e-02  -2.7947645e-01
   7.3300000e+02   1.4378610e+01   3.7955140e+00  -3.5228400e-01  -5.9007910e-02  -2.7942795e-01
   7.3400000e+02   1.4362220e+01   3.7946720e+00  -3.5224195e-01  -5.8990210e-02  -2.7937964e-01
   7.3500000e+02   1.4345860e+01   3.7938320e+00  -3.5219960e-01  -5.8972223e-02  -2.7933142e-01
   7.3600000e+02   1.4329550e+01   3.7929930e+00  -3.5215725e-01  -5.8954157e-02  -2.7928336e-01
   7.3700000e+02   1.4313280e+01   3.7921560e+00  -3.5211468e-01  -5.8935880e-02  -2.7923540e-01
   7.3800000e+02   1.4297050e+01   3.7913210e+00  -3.5207196e-01  -5.8917426e-02  -2.7918757e-01
   7.3900000e+02   1.4280860e+01   3.7904870e+00  -3.5202909e-01  -5.8898769e-02  -2.7913989e-01
   7.4000000e+02   1.4264700e+01   3.7896550e+00  -3.5198600e-01  -5.8879888e-02  -2.7909231e-01
   7.4100000e+02   1.4248590e+01   3.7888240e+00  -3.5194285e-01  -5.8860871e-02  -2.7904490e-01
   7.4200000e+02   1.4232520e+01   3.7879950e+00  -3.5189951e-01  -5.8841676e-02  -2.7899757e-01
   7.4300000e+02   1.4216480e+01   3.7871670e+00  -3.5185602e-01  -5.8822246e-02  -2.7895043e-01
   7.4400000e+02   1.4200480e+01   3.7863410e+00  -3.5181236e-01  -5.8802644e-02  -2.7890338e-01
   7.4500000e+02   1.4184520e+01   3.7855160e+00  -3.5176855e-01  -5.8782838e-02  -2.7885650e-01
   7.4600000e+02   1.4168600e+01   3.7846930e+00  -3.5172459e-01  -5.8762869e-02  -2.7880971e-01
   7.4700000e+02   1.4152720e+01   3.7838720e+00  -3.5168049e-01  -5.8742756e-02  -2.7876302e-01
   7.4800000e+02   1.4136870e+01   3.7830520e+00  -3.5163620e-01  -5.8722396e-02  -2.7871649e-01
   7.4900000e+02   1.4121070e+01   3.7822330e+00  -3.5159191e-01  -5.8701950e-02  -2.7867012e-01
   7.5000000e+02   1.4105300e+01   3.7814170e+00  -3.5154731e-01  -5.8681276e-02  -2.7862378e-01
   7.5100000e+02   1.4089570e+01   3.7806010e+00  -3.5150270e-01  -5.8660424e-02  -2.7857770e-01
   7.5200000e+02   1.4073870e+01   3.7797870e+00  -3.5145782e-01  -5.8639343e-02  -2.7853166e-01
   7.5300000e+02   1.4058210e+01   3.7789750e+00  -3.5141283e-01  -5.8618120e-02  -2.7848575e-01
   7.5400000e+02   1.4042600e+01   3.7781640e+00  -3.5136783e-01  -5.8596823e-02  -2.7843999e-01
   7.5500000e+02   1.4027010e+01   3.7773550e+00  -3.5132253e-01  -5.8575228e-02  -2.7839433e-01
   7.5600000e+02   1.4011470e+01   3.7765470e+00  -3.5127721e-01  -5.8553546e-02  -2.7834882e-01
   7.5700000e+02   1.3995960e+01   3.7757410e+00  -3.5123169e-01  -5.8531663e-02  -2.7830340e-01
   7.5800000e+02   1.3980480e+01   3.7749370e+00  -3.5118594e-01  -5.8509550e-02  -2.7825809e-01
   7.5900000e+02   1.3965050e+01   3.7741330e+00  -3.5114027e-01  -5.8487369e-02  -2.7821299e-01
   7.6000000e+02   1.3949650e+01   3.7733320e+00  -3.5109435e-01  -5.8465012e-02  -2.7816790e-01
   7.6100000e+02   1.3934280e+01   3.7725320e+00  -3.5104823e-01  -5.8442393e-02  -2.7812299e-01
   7.6200000e+02   1.3918960e+01   3.7717330e+00  -3.5100222e-01  -5.8419768e-02  -2.7807825e-01
   7.6300000e+02   1.3903660e+01   3.7709360e+00  -3.5095582e-01  -5.8396806e-02  -2.7803357e-01
   7.6400000e+02   1.3888410e+01   3.7701400e+00  -3.5090951e-01  -5.8373841e-02  -2.7798906e-01
   7.6500000e+02   1.3873190e+01   3.7693460e+00  -3.5086294e-01  -5.8350624e-02  -2.7794463e-01
   7.6600000e+02   1.3858000e+01   3.7685530e+00  -3.5081628e-01  -5.8327244e-02  -2.7790035e-01
   7.6700000e+02   1.3842850e+01   3.7677620e+00  -3.5076947e-01  -5.8303710e-02  -2.7785618e-01
   7.6800000e+02   1.3827740e+01   3.7669730e+00  -3.5072258e-01  -5.8280107e-02  -2.7781207e-01
   7.6900000e+02   1.3812660e+01   3.7661840e+00  -3.5067562e-01  -5.8256276e-02  -2.7776820e-01
   7.7000000e+02   1.3797610e+01   3.7653980e+00  -3.5062837e-01  -5.8232250e-02  -2.7772433e-01
   7.7100000e+02   1.3782600e+01   3.7646130e+00  -3.5058110e-01  -5.8208114e-02  -2.7768063e-01
   7.7200000e+02   1.3767630e+01   3.7638290e+00  -3.5053380e-01  -5.8183885e-02  -2.7763707e-01
   7.7300000e+02   1.3752690e+01   3.7630470e+00  -3.5048630e-01  -5.8159458e-02  -2.7759359e-01
   7.7400000e+02   1.3737780e+01   3.7622660e+00  -3.5043865e-01  -5.8134813e-02  -2.7755028e-01
   7.7500000e+02   1.3722910e+01   3.7614860e+00  -3.5039102e-01  -5.8110102e-02  -2.7750712e-01
   7.7600000e+02   1.3708070e+01   3.7607090e+00  -3.5034313e-01  -5.8085218e-02  -2.7746396e-01
   7.7700000e+02   1.3693270e+01   3.7599320e+00  -3.5029524e-01  -5.8060197e-02  -2.7742102e-01
   7.7800000e+02   1.3678500e+01   3.7591570e+00  -3.5024720e-01  -5.8035024e-02  -2.7737816e-01
   7.7900000e+02   1.3663760e+01   3.7583840e+00  -3.5019896e-01  -5.8009658e-02  -2.7733539e-01
   7.8000000e+02   1.3649060e+01   3.7576120e+00  -3.5015074e-01  -5.7984230e-02  -2.7729277e-01
   7.8100000e+02   1.3634390e+01   3.7568410e+00  -3.5010240e-01  -5.7958607e-02  -2.7725029e-01
   7.8200000e+02   1.3619750e+01   3.7560720e+00  -3.5005386e-01  -5.7932807e-02  -2.7720789e-01
   7.8300000e+02   1.3605150e+01   3.7553050e+00  -3.5000526e-01  -5.7906948e-02  -2.7716556e-01
   7.8400000e+02   1.3590580e+01   3.7545390e+00  -3.4995656e-01  -5.7880912e-02  -2.7712339e-01
   7.8500000e+02   1.3576040e+01   3.7537740e+00  -3.4990773e-01  -5.7854697e-02  -2.7708135e-01
   7.8600000e+02   1.3561540e+01   3.7530110e+00  -3.4985886e-01  -5.7828415e-02  -2.7703941e-01
   7.8700000e+02   1.3547070e+01   3.7522490e+00  -3.4980991e-01  -5.7801994e-02  -2.7699759e-01
   7.8800000e+02   1.3532630e+01   3.7514880e+00  -3.4976082e-01  -5.7775369e-02  -2.7695593e-01
   7.8900000e+02   1.3518220e+01   3.7507300e+00  -3.4971153e-01  -5.7748633e-02  -2.7691427e-01
   7.9000000e+02   1.3503850e+01   3.7499720e+00  -3.4966229e-01  -5.7721780e-02  -2.7687283e-01
   7.9100000e+02   1.3489510e+01   3.7492160e+00  -3.4961293e-01  -5.7694829e-02  -2.7683145e-01
   7.9200000e+02   1.3475200e+01   3.7484610e+00  -3.4956347e-01  -5.7667694e-02  -2.7679023e-01
   7.9300000e+02   1.3460920e+01   3.7477080e+00  -3.4951382e-01  -5.7640402e-02  -2.7674907e-01
   7.9400000e+02   1.3446680e+01   3.7469560e+00  -3.4946420e-01  -5.7613055e-02  -2.7670805e-01
   7.9500000e+02   1.3432460e+01   3.7462060e+00  -3.4941436e-01  -5.7585490e-02  -2.7666712e-01
   7.9600000e+02   1.3418280e+01   3.7454570e+00  -3.4936453e-01  -5.7557872e-02  -2.7662632e-01
   7.9700000e+02   1.3404130e+01   3.7447090e+00  -3.4931460e-01  -5.7530088e-02  -2.7658565e-01
   7.9800000e+02   1.3390010e+01   3.7439630e+00  -3.4926455e-01  -5.7502186e-02  -2.7654507e-01
   7.9900000e+02   1.3375920e+01   3.7432190e+00  -3.4921436e-01  -5.7474160e-02  -2.7650454e-01
   8.0000000e+02   1.3361870e+01   3.7424750e+00  -3.4916424e-01  -5.7446042e-02  -2.7646424e-01
   8.0100000e+02   1.3347840e+01   3.7417330e+00  -3.4911390e-01  -5.7417733e-02  -2.7642398e-01
   8.0200000e+02   1.3333850e+01   3.7409930e+00  -3.4906352e-01  -5.7389384e-02  -2.7638381e-01
   8.0300000e+02   1.3319890e+01   3.7402540e+00  -3.4901306e-01  -5.7360885e-02  -2.7634377e-01
   8.0400000e+02   1.3305950e+01   3.7395160e+00  -3.4896244e-01  -5.7332171e-02  -2.7630386e-01
   8.0500000e+02   1.3292050e+01   3.7387800e+00  -3.4891181e-01  -5.7303442e-02  -2.7626403e-01
   8.0600000e+02   1.3278180e+01   3.7380450e+00  -3.4886112e-01  -5.7274589e-02  -2.7622433e-01
   8.0700000e+02   1.3264340e+01   3.7373110e+00  -3.4881034e-01  -5.7245578e-02  -2.7618478e-01
   8.0800000e+02   1.3250530e+01   3.7365790e+00  -3.4875945e-01  -5.7216475e-02  -2.7614526e-01
   8.0900000e+02   1.3236750e+01   3.7358480e+00  -3.4870852e-01  -5.7187249e-02  -2.7610591e-01
   8.1000000e+02   1.3223000e+01   3.7351190e+00  -3.4865743e-01  -5.7157898e-02  -2.7606660e-01
   8.1100000e+02   1.3209280e+01   3.7343910e+00  -3.4860631e-01  -5.7128439e-02  -2.7602743e-01
   8.1200000e+02   1.3195590e+01   3.7336640e+00  -3.4855514e-01  -5.7098862e-02  -2.7598839e-01
   8.1300000e+02   1.3181930e+01   3.7329390e+00  -3.4850386e-01  -5.7069183e-02  -2.7594942e-01
   8.1400000e+02   1.3168300e+01   3.7322150e+00  -3.4845252e-01  -5.7039385e-02  -2.7591058e-01
   8.1500000e+02   1.3154700e+01   3.7314930e+00  -3.4840107e-01  -5.7009494e-02  -2.7587179e-01
   8.1600000e+02   1.3141130e+01   3.7307720e+00  -3.4834959e-01  -5.6979484e-02  -2.7583316e-01
   8.1700000e+02   1.3127580e+01   3.7300520e+00  -3.4829798e-01  -5.6949299e-02  -2.7579464e-01
   8.1800000e+02   1.3114070e+01   3.7293340e+00  -3.4824632e-01  -5.6919077e-02  -2.7575618e-01
   8.1900000e+02   1.3100590e+01   3.7286170e+00  -3.4819465e-01  -5.6888767e-02  -2.7571785e-01
   8.2000000e+02   1.3087130e+01   3.7279010e+00  -3.4814285e-01  -5.6858274e-02  -2.7567964e-01
   8.2100000e+02   1.3073710e+01   3.7271870e+00  -3.4809100e-01  -5.6827746e-02  -2.7564150e-01
   8.2200000e+02   1.3060310e+01   3.7264740e+00  -3.4803905e-01  -5.6797054e-02  -2.7560348e-01
   8.2300000e+02   1.3046940e+01   3.7257620e+00  -3.4798706e-01  -5.6766262e-02  -2.7556559e-01
   8.2400000e+02   1.3033600e+01   3.7250520e+00  -3.4793500e-01  -5.6735397e-02  -2.7552777e-01
   8.2500000e+02   1.3020290e+01   3.7243430e+00  -3.4788287e-01  -5.6704410e-02  -2.7549006e-01
   8.2600000e+02   1.3007010e+01   3.7236350e+00  -3.4783076e-01  -5.6673361e-02  -2.7545250e-01
   8.2700000e+02   1.2993760e+01   3.7229290e+00  -3.4777850e-01  -5.6642200e-02  -2.7541497e-01
   8.2800000e+02   1.2980530e+01   3.7222240e+00  -3.4772616e-01  -5.6610889e-02  -2.7537757e-01
   8.2900000e+02   1.2967330e+01   3.7215200e+00  -3.4767376e-01  -5.6579464e-02  -2.7534030e-01
   8.3000000e+02   1.2954160e+01   3.7208180e+00  -3.4762133e-01  -5.6548005e-02  -2.7530308e-01
   8.3100000e+02   1.2941020e+01   3.7201170e+00  -3.4756885e-01  -5.6516443e-02  -2.7526599e-01
   8.3200000e+02   1.2927910e+01   3.7194180e+00  -3.4751626e-01  -5.6484791e-02  -2.7522893e-01
   8.3300000e+02   1.2914820e+01   3.7187190e+00  -3.4746366e-01  -5.6452985e-02  -2.7519209e-01
   8.3400000e+02   1.2901770e+01   3.7180220e+00  -3.4741105e-01  -5.6421183e-02  -2.7515529e-01
   8.3500000e+02   1.2888730e+01   3.7173270e+00  -3.4735818e-01  -5.6389151e-02  -2.7511854e-01
   8.3600000e+02   1.2875730e+01   3.7166320e+00  -3.4730543e-01  -5.6357085e-02  -2.7508200e-01
   8.3700000e+02   1.2862760e+01   3.7159390e+00  -3.4725264e-01  -5.6325004e-02  -2.7504548e-01
   8.3800000e+02   1.2849810e+01   3.7152480e+00  -3.4719966e-01  -5.6292751e-02  -2.7500902e-01
   8.3900000e+02   1.2836890e+01   3.7145570e+00  -3.4714675e-01  -5.6260424e-02  -2.7497275e-01
   8.4000000e+02   1.2823990e+01   3.7138680e+00  -3.4709364e-01  -5.6227921e-02  -2.7493654e-01
   8.4100000e+02   1.2811130e+01   3.7131800e+00  -3.4704066e-01  -5.6195479e-02  -2.7490045e-01
   8.4200000e+02   1.2798290e+01   3.7124940e+00  -3.4698750e-01  -5.6162881e-02  -2.7486439e-01
   8.4300000e+02   1.2785470e+01   3.7118090e+00  -3.4693425e-01  -5.6130133e-02  -2.7482846e-01
   8.4400000e+02   1.2772690e+01   3.7111250e+00  -3.4688106e-01  -5.6097390e-02  -2.7479265e-01
   8.4500000e+02   1.2759930e+01   3.7104420e+00  -3.4682781e-01  -5.6064519e-02  -2.7475695e-01
   8.4600000e+02   1.2747190e+01   3.7097610e+00  -3.4677439e-01  -5.6031510e-02  -2.7472129e-01
   8.4700000e+02   1.2734490e+01   3.7090810e+00  -3.4672107e-01  -5.5998528e-02  -2.7468575e-01
   8.4800000e+02   1.2721810e+01   3.7084020e+00  -3.4666764e-01  -5.5965385e-02  -2.7465034e-01
   8.4900000e+02   1.2709150e+01   3.7077250e+00  -3.4661409e-01  -5.5932139e-02  -2.7461496e-01
   8.5000000e+02   1.2696530e+01   3.7070480e+00  -3.4656068e-01  -5.5898901e-02  -2.7457977e-01
   8.5100000e+02   1.2683920e+01   3.7063740e+00  -3.4650697e-01  -5.5865456e-02  -2.7454455e-01
   8.5200000e+02   1.2671350e+01   3.7057000e+00  -3.4645340e-01  -5.5832021e-02  -2.7450952e-01
   8.5300000e+02   1.2658800e+01   3.7050280e+00  -3.4639970e-01  -5.5798470e-02  -2.7447453e-01
   8.5400000e+02   1.2646280e+01   3.7043560e+00  -3.4634608e-01  -5.5764871e-02  -2.7443973e-01
   8.5500000e+02   1.2633780e+01   3.7036870e+00  -3.4629225e-01  -5.5731164e-02  -2.7440488e-01
   8.5600000e+02   1.2621310e+01   3.7030180e+00  -3.4623851e-01  -5.5697404e-02  -2.7437023e-01
   8.5700000e+02   1.2608860e+01   3.7023510e+00  -3.4618461e-01  -5.5663509e-02  -2.7433562e-01
   8.5800000e+02   1.2596440e+01   3.7016850e+00  -3.4613073e-01  -5.5629583e-02  -2.7430111e-01
   8.5900000e+02   1.2584040e+01   3.7010200e+00  -3.4607675e-01  -5.5595501e-02  -2.7426672e-01
   8.6000000e+02   1.2571670e+01   3.7003560e+00  -3.4602284e-01  -5.5561417e-02  -2.7423244e-01
   8.6100000e+02   1.2559330e+01   3.6996940e+00  -3.4596885e-01  -5.5527292e-02  -2.7419819e-01
   8.6200000e+02   1.2547010e+01   3.6990330e+00  -3.4591480e-01  -5.5493045e-02  -2.7416406e-01
   8.6300000e+02   1.2534710e+01   3.6983730e+00  -3.4586069e-01  -5.5458688e-02  -2.7413003e-01
   8.6400000e+02   1.2522440e+01   3.6977150e+00  -3.4580652e-01  -5.5424289e-02  -2.7409605e-01
   8.6500000e+02   1.2510200e+01   3.6970570e+00  -3.4575243e-01  -5.5389844e-02  -2.7406224e-01
   8.6600000e+02   1.2497980e+01   3.6964010e+00  -3.4569823e-01  -5.5355314e-02  -2.7402845e-01
   8.6700000e+02   1.2485780e+01   3.6957460e+00  -3.4564395e-01  -5.5320650e-02  -2.7399478e-01
   8.6800000e+02   1.2473610e+01   3.6950930e+00  -3.4558963e-01  -5.5285964e-02  -2.7396116e-01
   8.6900000e+02   1.2461470e+01   3.6944400e+00  -3.4553541e-01  -5.5251250e-02  -2.7392770e-01
   8.7000000e+02   1.2449350e+01   3.6937890e+00  -3.4548110e-01  -5.5216460e-02  -2.7389428e-01
   8.7100000e+02   1.2437250e+01   3.6931390e+00  -3.4542668e-01  -5.5181523e-02  -2.7386097e-01
   8.7200000e+02   1.2425180e+01   3.6924910e+00  -3.4537224e-01  -5.5146585e-02  -2.7382768e-01
   8.7300000e+02   1.2413130e+01   3.6918430e+00  -3.4531783e-01  -5.5111542e-02  -2.7379458e-01
   8.7400000e+02   1.2401110e+01   3.6911970e+00  -3.4526335e-01  -5.5076466e-02  -2.7376150e-01
   8.7500000e+02   1.2389110e+01   3.6905520e+00  -3.4520884e-01  -5.5041301e-02  -2.7372854e-01
   8.7600000e+02   1.2377130e+01   3.6899080e+00  -3.4515428e-01  -5.5006032e-02  -2.7369567e-01
   8.7700000e+02   1.2365180e+01   3.6892650e+00  -3.4509976e-01  -5.4970757e-02  -2.7366290e-01
   8.7800000e+02   1.2353250e+01   3.6886240e+00  -3.4504510e-01  -5.4935376e-02  -2.7363016e-01
   8.7900000e+02   1.2341350e+01   3.6879840e+00  -3.4499051e-01  -5.4899983e-02  -2.7359754e-01
   8.8000000e+02   1.2329470e+01   3.6873450e+00  -3.4493587e-01  -5.4864509e-02  -2.7356501e-01
   8.8100000e+02   1.2317610e+01   3.6867070e+00  -3.4488115e-01  -5.4828917e-02  -2.7353256e-01
   8.8200000e+02   1.2305780e+01   3.6860700e+00  -3.4482649e-01  -5.4793319e-02  -2.7350025e-01
   8.8300000e+02   1.2293970e+01   3.6854350e+00  -3.4477171e-01  -5.4757634e-02  -2.7346794e-01
   8.8400000e+02   1.2282180e+01   3.6848010e+00  -3.4471691e-01  -5.4721874e-02  -2.7343574e-01
   8.8500000e+02   1.2270420e+01   3.6841680e+00  -3.4466214e-01  -5.4686098e-02  -2.7340364e-01
   8.8600000e+02   1.2258680e+01   3.6835360e+00  -3.4460731e-01  -5.4650213e-02  -2.7337163e-01
   8.8700000e+02   1.2246970e+01   3.6829050e+00  -3.4455257e-01  -5.4614369e-02  -2.7333972e-01
   8.8800000e+02   1.2235270e+01   3.6822760e+00  -3.4449760e-01  -5.4578325e-02  -2.7330784e-01
   8.8900000e+02   1.2223610e+01   3.6816470e+00  -3.4444287e-01  -5.4542383e-02  -2.7327613e-01
   8.9000000e+02   1.2211960e+01   3.6810200e+00  -3.4438790e-01  -5.4506246e-02  -2.7324446e-01
   8.9100000e+02   1.2200340e+01   3.6803940e+00  -3.4433301e-01  -5.4470140e-02  -2.7321285e-01
   8.9200000e+02   1.2188730e+01   3.6797700e+00  -3.4427790e-01  -5.4433840e-02  -2.7318130e-01
   8.9300000e+02   1.2177160e+01   3.6791460e+00  -3.4422305e-01  -5.4397666e-02  -2.7314990e-01
   8.9400000e+02   1.2165600e+01   3.6785240e+00  -3.4416798e-01  -5.4361318e-02  -2.7311852e-01
   8.9500000e+02   1.2154070e+01   3.6779020e+00  -3.4411301e-01  -5.4324938e-02  -2.7308731e-01
   8.9600000e+02   1.2142560e+01   3.6772820e+00  -3.4405797e-01  -5.4288513e-02  -2.7305613e-01
   8.9700000e+02   1.2131070e+01   3.6766630e+00  -3.4400290e-01  -5.4252016e-02  -2.7302503e-01
   8.9800000e+02   1.2119610e+01   3.6760460e+00  -3.4394784e-01  -5.4215554e-02  -2.7299396e-01
   8.9900000e+02   1.2108160e+01   3.6754290e+00  -3.4389270e-01  -5.4178899e-02  -2.7296306e-01
   9.0000000e+02   1.2096740e+01   3.6748130e+00  -3.4383763e-01  -5.4142265e-02  -2.7293224e-01
   9.0100000e+02   1.2085350e+01   3.6741990e+00  -3.4378256e-01  -5.4105652e-02  -2.7290146e-01
   9.0200000e+02   1.2073970e+01   3.6735860e+00  -3.4372736e-01  -5.4068880e-02  -2.7287075e-01
   9.0300000e+02   1.2062620e+01   3.6729740e+00  -3.4367226e-01  -5.4032141e-02  -2.7284016e-01
   9.0400000e+02   1.2051280e+01   3.6723630e+00  -3.4361699e-01  -5.3995215e-02  -2.7280964e-01
   9.0500000e+02   1.2039970e+01   3.6717530e+00  -3.4356182e-01  -5.3958337e-02  -2.7277920e-01
   9.0600000e+02   1.2028690e+01   3.6711450e+00  -3.4350665e-01  -5.3921469e-02  -2.7274881e-01
   9.0700000e+02   1.2017420e+01   3.6705370e+00  -3.4345145e-01  -5.3884469e-02  -2.7271855e-01
   9.0800000e+02   1.2006170e+01   3.6699310e+00  -3.4339613e-01  -5.3847379e-02  -2.7268832e-01
   9.0900000e+02   1.1994950e+01   3.6693260e+00  -3.4334089e-01  -5.3810326e-02  -2.7265818e-01
   9.1000000e+02   1.1983750e+01   3.6687220e+00  -3.4328563e-01  -5.3773212e-02  -2.7262813e-01
   9.1100000e+02   1.1972570e+01   3.6681190e+00  -3.4323039e-01  -5.3736052e-02  -2.7259818e-01
   9.1200000e+02   1.1961410e+01   3.6675170e+00  -3.4317510e-01  -5.3698825e-02  -2.7256829e-01
   9.1300000e+02   1.1950280e+01   3.6669160e+00  -3.4311989e-01  -5.3661619e-02  -2.7253851e-01
   9.1400000e+02   1.1939160e+01   3.6663170e+00  -3.4306450e-01  -5.3624287e-02  -2.7250874e-01
   9.1500000e+02   1.1928070e+01   3.6657180e+00  -3.4300926e-01  -5.3586966e-02  -2.7247913e-01
   9.1600000e+02   1.1916990e+01   3.6651210e+00  -3.4295385e-01  -5.3549516e-02  -2.7244953e-01
   9.1700000e+02   1.1905940e+01   3.6645240e+00  -3.4289858e-01  -5.3512089e-02  -2.7242008e-01
   9.1800000e+02   1.1894910e+01   3.6639290e+00  -3.4284325e-01  -5.3474626e-02  -2.7239067e-01
   9.1900000e+02   1.1883900e+01   3.6633350e+00  -3.4278788e-01  -5.3437095e-02  -2.7236132e-01
   9.2000000e+02   1.1872910e+01   3.6627420e+00  -3.4273252e-01  -5.3399530e-02  -2.7233207e-01
   9.2100000e+02   1.1861950e+01   3.6621510e+00  -3.4267717e-01  -5.3362006e-02  -2.7230281e-01
   9.2200000e+02   1.1851000e+01   3.6615600e+00  -3.4262180e-01  -5.3324346e-02  -2.7227373e-01
   9.2300000e+02   1.1840070e+01   3.6609700e+00  -3.4256642e-01  -5.3286629e-02  -2.7224473e-01
   9.2400000e+02   1.1829170e+01   3.6603820e+00  -3.4251105e-01  -5.3248967e-02  -2.7221573e-01
   9.2500000e+02   1.1818280e+01   3.6597940e+00  -3.4245563e-01  -5.3211149e-02  -2.7218688e-01
   9.2600000e+02   1.1807420e+01   3.6592080e+00  -3.4240027e-01  -5.3173404e-02  -2.7215806e-01
   9.2700000e+02   1.1796570e+01   3.6586230e+00  -3.4234479e-01  -5.3135517e-02  -2.7212931e-01
   9.2800000e+02   1.1785750e+01   3.6580390e+00  -3.4228941e-01  -5.3097682e-02  -2.7210065e-01
   9.2900000e+02   1.1774950e+01   3.6574550e+00  -3.4223407e-01  -5.3059780e-02  -2.7207213e-01
   9.3000000e+02   1.1764170e+01   3.6568730e+00  -3.4217869e-01  -5.3021861e-02  -2.7204363e-01
   9.3100000e+02   1.1753400e+01   3.6562930e+00  -3.4212316e-01  -5.2983831e-02  -2.7201514e-01
   9.3200000e+02   1.1742660e+01   3.6557130e+00  -3.4206776e-01  -5.2945832e-02  -2.7198680e-01
   9.3300000e+02   1.1731940e+01   3.6551340e+00  -3.4201238e-01  -5.2907796e-02  -2.7195854e-01
   9.3400000e+02   1.1721240e+01   3.6545560e+00  -3.4195700e-01  -5.2869725e-02  -2.7193036e-01
   9.3500000e+02   1.1710560e+01   3.6539800e+00  -3.4190155e-01  -5.2831629e-02  -2.7190217e-01
   9.3600000e+02   1.1699900e+01   3.6534040e+00  -3.4184618e-01  -5.2793490e-02  -2.7187415e-01
   9.3700000e+02   1.1689250e+01   3.6528300e+00  -3.4179065e-01  -5.2755237e-02  -2.7184615e-01
   9.3800000e+02   1.1678630e+01   3.6522560e+00  -3.4173527e-01  -5.2717023e-02  -2.7181827e-01
   9.3900000e+02   1.1668030e+01   3.6516840e+00  -3.4167986e-01  -5.2678810e-02  -2.7179040e-01
   9.4000000e+02   1.1657450e+01   3.6511120e+00  -3.4162450e-01  -5.2640542e-02  -2.7176269e-01
   9.4100000e+02   1.1646880e+01   3.6505420e+00  -3.4156899e-01  -5.2602163e-02  -2.7173499e-01
   9.4200000e+02   1.1636340e+01   3.6499730e+00  -3.4151359e-01  -5.2563859e-02  -2.7170734e-01
   9.4300000e+02   1.1625820e+01   3.6494050e+00  -3.4145820e-01  -5.2525515e-02  -2.7167978e-01
   9.4400000e+02   1.1615310e+01   3.6488380e+00  -3.4140273e-01  -5.2487067e-02  -2.7165231e-01
   9.4500000e+02   1.1604830e+01   3.6482720e+00  -3.4134736e-01  -5.2448676e-02  -2.7162490e-01
   9.4600000e+02   1.1594360e+01   3.6477070e+00  -3.4129190e-01  -5.2410169e-02  -2.7159757e-01
   9.4700000e+02   1.1583920e+01   3.6471430e+00  -3.4123656e-01  -5.2371735e-02  -2.7157031e-01
   9.4800000e+02   1.1573490e+01   3.6465800e+00  -3.4118113e-01  -5.2333178e-02  -2.7154314e-01
   9.4900000e+02   1.1563080e+01   3.6460180e+00  -3.4112572e-01  -5.2294613e-02  -2.7151602e-01
   9.5000000e+02   1.1552700e+01   3.6454570e+00  -3.4107041e-01  -5.2256101e-02  -2.7148900e-01
   9.5100000e+02   1.1542330e+01   3.6448970e+00  -3.4101503e-01  -5.2217498e-02  -2.7146203e-01
   9.5200000e+02   1.1531980e+01   3.6443390e+00  -3.4095961e-01  -5.2178884e-02  -2.7143507e-01
   9.5300000e+02   1.1521650e+01   3.6437810e+00  -3.4090425e-01  -5.2140239e-02  -2.7140824e-01
   9.5400000e+02   1.1511330e+01   3.6432240e+00  -3.4084883e-01  -5.2101486e-02  -2.7138150e-01
   9.5500000e+02   1.1501040e+01   3.6426680e+00  -3.4079351e-01  -5.2062798e-02  -2.7135484e-01
   9.5600000e+02   1.1490770e+01   3.6421140e+00  -3.4073817e-01  -5.2024125e-02  -2.7132817e-01
   9.5700000e+02   1.1480510e+01   3.6415600e+00  -3.4068280e-01  -5.1985327e-02  -2.7130164e-01
   9.5800000e+02   1.1470270e+01   3.6410070e+00  -3.4062745e-01  -5.1946526e-02  -2.7127517e-01
   9.5900000e+02   1.1460060e+01   3.6404560e+00  -3.4057216e-01  -5.1907802e-02  -2.7124872e-01
   9.6000000e+02   1.1449860e+01   3.6399050e+00  -3.4051686e-01  -5.1868972e-02  -2.7122240e-01
   9.6100000e+02   1.1439680e+01   3.6393550e+00  -3.4046157e-01  -5.1830123e-02  -2.7119614e-01
   9.6200000e+02   1.1429510e+01   3.6388070e+00  -3.4040616e-01  -5.1791199e-02  -2.7116989e-01
   9.6300000e+02   1.1419370e+01   3.6382590e+00  -3.4035093e-01  -5.1752337e-02  -2.7114378e-01
   9.6400000e+02   1.1409240e+01   3.6377130e+00  -3.4029557e-01  -5.1713393e-02  -2.7111768e-01
   9.6500000e+02   1.1399140e+01   3.6371670e+00  -3.4024040e-01  -5.1674521e-02  -2.7109170e-01
   9.6600000e+02   1.1389050e+01   3.6366230e+00  -3.4018509e-01  -5.1635574e-02  -2.7106572e-01
   9.6700000e+02   1.1378980e+01   3.6360790e+00  -3.4012987e-01  -5.1596596e-02  -2.7103988e-01
   9.6800000e+02   1.1368920e+01   3.6355360e+00  -3.4007459e-01  -5.1557535e-02  -2.7101411e-01
   9.6900000e+02   1.1358890e+01   3.6349950e+00  -3.4001935e-01  -5.1518560e-02  -2.7098832e-01
   9.7000000e+02   1.1348870e+01   3.6344540e+00  -3.3996414e-01  -5.1479494e-02  -2.7096269e-01
   9.7100000e+02   1.1338870e+01   3.6339150e+00  -3.3990888e-01  -5.1440432e-02  -2.7093706e-01
   9.7200000e+02   1.1328890e+01   3.6333760e+00  -3.3985371e-01  -5.1401359e-02  -2.7091155e-01
   9.7300000e+02   1.1318930e+01   3.6328380e+00  -3.3979858e-01  -5.1362297e-02  -2.7088610e-01
   9.7400000e+02   1.1308990e+01   3.6323020e+00  -3.3974342e-01  -5.1323232e-02  -2.7086067e-01
   9.7500000e+02   1.1299060e+01   3.6317660e+00  -3.3968826e-01  -5.1284077e-02  -2.7083536e-01
   9.7600000e+02   1.1289150e+01   3.6312310e+00  -3.3963313e-01  -5.1244925e-02  -2.7081011e-01
   9.7700000e+02   1.1279260e+01   3.6306970e+00  -3.3957803e-01  -5.1205771e-02  -2.7078493e-01
   9.7800000e+02   1.1269390e+01   3.6301650e+00  -3.3952291e-01  -5.1166640e-02  -2.7075974e-01
   9.7900000e+02   1.1259530e+01   3.6296330e+00  -3.3946779e-01  -5.1127399e-02  -2.7073470e-01
   9.8000000e+02   1.1249690e+01   3.6291020e+00  -3.3941271e-01  -5.1088182e-02  -2.7070970e-01
   9.8100000e+02   1.1239870e+01   3.6285720e+00  -3.3935766e-01  -5.1048970e-02  -2.7068476e-01
   9.8200000e+02   1.1230070e+01   3.6280430e+00  -3.3930266e-01  -5.1009757e-02  -2.7065991e-01
   9.8300000e+02   1.1220280e+01   3.6275150e+00  -3.3924759e-01  -5.0970466e-02  -2.7063511e-01
   9.8400000e+02   1.1210520e+01   3.6269890e+00  -3.3919259e-01  -5.0931294e-02  -2.7061029e-01
   9.8500000e+02   1.1200760e+01   3.6264630e+00  -3.3913752e-01  -5.0891932e-02  -2.7058562e-01
   9.8600000e+02   1.1191030e+01   3.6259380e+00  -3.3908258e-01  -5.0852683e-02  -2.7056100e-01
   9.8700000e+02   1.1181310e+01   3.6254130e+00  -3.3902764e-01  -5.0813335e-02  -2.7053651e-01
   9.8800000e+02   1.1171610e+01   3.6248900e+00  -3.3897268e-01  -5.0774007e-02  -2.7051202e-01
   9.8900000e+02   1.1161930e+01   3.6243680e+00  -3.3891777e-01  -5.0734701e-02  -2.7048759e-01
   9.9000000e+02   1.1152270e+01   3.6238470e+00  -3.3886291e-01  -5.0695416e-02  -2.7046323e-01
   9.9100000e+02   1.1142620e+01   3.6233270e+00  -3.3880797e-01  -5.0656043e-02  -2.7043890e-01
   9.9200000e+02   1.1132990e+01   3.6228070e+00  -3.3875317e-01  -5.0616688e-02  -2.7041472e-01
   9.9300000e+02   1.1123370e+01   3.6222890e+00  -3.3869823e-01  -5.0577260e-02  -2.7039053e-01
   9.9400000e+02   1.1113780e+01   3.6217710e+00  -3.3864351e-01  -5.0537932e-02  -2.7036646e-01
   9.9500000e+02   1.1104200e+01   3.6212550e+00  -3.3858866e-01  -5.0498544e-02  -2.7034237e-01
   9.9600000e+02   1.1094630e+01   3.6207390e+00  -3.3853384e-01  -5.0459067e-02  -2.7031843e-01
   9.9700000e+02   1.1085090e+01   3.6202250e+00  -3.3847910e-01  -5.0419733e-02  -2.7029446e-01
   9.9800000e+02   1.1075560e+01   3.6197110e+00  -3.3842437e-01  -5.0380298e-02  -2.7027064e-01
   9.9900000e+02   1.1066040e+01   3.6191980e+00  -3.3836958e-01  -5.0340795e-02  -2.7024685e-01
   1.0000000e+03   1.1056550e+01   3.6186860e+00  -3.3831496e-01  -5.0301417e-02  -2.7022314e-01
   1.0010000e+03   1.1047060e+01   3.6181750e+00  -3.3826019e-01  -5.0261870e-02  -2.7019948e-01
   1.0020000e+03   1.1037600e+01   3.6176650e+00  -3.3820556e-01  -5.0222445e-02  -2.7017587e-01
   1.0030000e+03   1.1028150e+01   3.6171560e+00  -3.3815088e-01  -5.0182949e-02  -2.7015232e-01
   1.0040000e+03   1.1018720e+01   3.6166480e+00  -3.3809626e-01  -5.0143481e-02  -2.7012882e-01
   1.0050000e+03   1.1009310e+01   3.6161410e+00  -3.3804169e-01  -5.0104042e-02  -2.7010538e-01
   1.0060000e+03   1.0999910e+01   3.6156350e+00  -3.3798709e-01  -5.0064544e-02  -2.7008200e-01
   1.0070000e+03   1.0990530e+01   3.6151290e+00  -3.3793260e-01  -5.0025050e-02  -2.7005875e-01
   1.0080000e+03   1.0981160e+01   3.6146250e+00  -3.3787798e-01  -4.9985508e-02  -2.7003546e-01
   1.0090000e+03   1.0971810e+01   3.6141210e+00  -3.3782351e-01  -4.9945989e-02  -2.7001232e-01
   1.0100000e+03   1.0962480e+01   3.6136180e+00  -3.3776908e-01  -4.9906493e-02  -2.6998923e-01
   1.0110000e+03   1.0953160e+01   3.6131170e+00  -3.3771455e-01  -4.9866956e-02  -2.6996612e-01
   1.0120000e+03   1.0943860e+01   3.6126160e+00  -3.3766014e-01  -4.9827435e-02  -2.6994314e-01
   1.0130000e+03   1.0934580e+01   3.6121160e+00  -3.3760578e-01  -4.9787952e-02  -2.6992019e-01
   1.0140000e+03   1.0925310e+01   3.6116170e+00  -3.3755139e-01  -4.9748404e-02  -2.6989732e-01
   1.0150000e+03   1.0916060e+01   3.6111180e+00  -3.3749712e-01  -4.9708881e-02  -2.6987456e-01
   1.0160000e+03   1.0906820e+01   3.6106210e+00  -3.3744274e-01  -4.9669320e-02  -2.6985177e-01
   1.0170000e+03   1.0897600e+01   3.6101250e+00  -3.3738843e-01  -4.9629786e-02  -2.6982905e-01
   1.0180000e+03   1.0888390e+01   3.6096290e+00  -3.3733414e-01  -4.9590186e-02  -2.6980646e-01
   1.0190000e+03   1.0879200e+01   3.6091350e+00  -3.3727985e-01  -4.9550637e-02  -2.6978383e-01
   1.0200000e+03   1.0870030e+01   3.6086410e+00  -3.3722568e-01  -4.9511106e-02  -2.6976133e-01
   1.0210000e+03   1.0860870e+01   3.6081480e+00  -3.3717148e-01  -4.9471530e-02  -2.6973888e-01
   1.0220000e+03   1.0851730e+01   3.6076560e+00  -3.3711733e-01  -4.9431989e-02  -2.6971647e-01
   1.0230000e+03   1.0842600e+01   3.6071650e+00  -3.3706316e-01  -4.9392394e-02  -2.6969414e-01
   1.0240000e+03   1.0833490e+01   3.6066750e+00  -3.3700905e-01  -4.9352841e-02  -2.6967185e-01
   1.0250000e+03   1.0824400e+01   3.6061860e+00  -3.3695500e-01  -4.9313341e-02  -2.6964958e-01
   1.0260000e+03   1.0815320e+01   3.6056970e+00  -3.3690098e-01  -4.9273765e-02  -2.6962746e-01
   1.0270000e+03   1.0806250e+01   3.6052100e+00  -3.3684687e-01  -4.9234156e-02  -2.6960531e-01
   1.0280000e+03   1.0797200e+01   3.6047230e+00  -3.3679288e-01  -4.9194577e-02  -2.6958327e-01
   1.0290000e+03   1.0788170e+01   3.6042370e+00  -3.3673896e-01  -4.9155039e-02  -2.6956130e-01
   1.0300000e+03   1.0779150e+01   3.6037520e+00  -3.3668500e-01  -4.9115454e-02  -2.6953937e-01
   1.0310000e+03   1.0770150e+01   3.6032680e+00  -3.3663111e-01  -4.9075908e-02  -2.6951748e-01
   1.0320000e+03   1.0761160e+01   3.6027850e+00  -3.3657720e-01  -4.9036332e-02  -2.6949564e-01
   1.0330000e+03   1.0752190e+01   3.6023030e+00  -3.3652336e-01  -4.8996799e-02  -2.6947385e-01
   1.0340000e+03   1.0743230e+01   3.6018210e+00  -3.3646954e-01  -4.8957209e-02  -2.6945217e-01
   1.0350000e+03   1.0734290e+01   3.6013400e+00  -3.3641580e-01  -4.8917664e-02  -2.6943054e-01
   1.0360000e+03   1.0725360e+01   3.6008610e+00  -3.3636196e-01  -4.8878077e-02  -2.6940891e-01
   1.0370000e+03   1.0716450e+01   3.6003820e+00  -3.3630826e-01  -4.8838542e-02  -2.6938736e-01
   1.0380000e+03   1.0707550e+01   3.5999040e+00  -3.3625452e-01  -4.8798955e-02  -2.6936588e-01
   1.0390000e+03   1.0698670e+01   3.5994260e+00  -3.3620093e-01  -4.8759414e-02  -2.6934451e-01
   1.0400000e+03   1.0689800e+01   3.5989500e+00  -3.3614723e-01  -4.8719831e-02  -2.6932311e-01
   1.0410000e+03   1.0680950e+01   3.5984750e+00  -3.3609363e-01  -4.8680315e-02  -2.6930177e-01
   1.0420000e+03   1.0672110e+01   3.5980000e+00  -3.3604005e-01  -4.8640742e-02  -2.6928053e-01
   1.0430000e+03   1.0663290e+01   3.5975260e+00  -3.3598654e-01  -4.8601221e-02  -2.6925934e-01
   1.0440000e+03   1.0654480e+01   3.5970530e+00  -3.3593301e-01  -4.8561665e-02  -2.6923819e-01
   1.0450000e+03   1.0645680e+01   3.5965810e+00  -3.3587947e-01  -4.8522072e-02  -2.6921709e-01
   1.0460000e+03   1.0636910e+01   3.5961100e+00  -3.3582609e-01  -4.8482621e-02  -2.6919603e-01
   1.0470000e+03   1.0628140e+01   3.5956390e+00  -3.3577266e-01  -4.8443026e-02  -2.6917510e-01
   1.0480000e+03   1.0619390e+01   3.5951690e+00  -3.3571929e-01  -4.8403492e-02  -2.6915420e-01
   1.0490000e+03   1.0610660e+01   3.5947010e+00  -3.3566594e-01  -4.8364031e-02  -2.6913327e-01
   1.0500000e+03   1.0601940e+01   3.5942330e+00  -3.3561263e-01  -4.8324514e-02  -2.6911246e-01
   1.0510000e+03   1.0593230e+01   3.5937660e+00  -3.3555930e-01  -4.8284971e-02  -2.6909168e-01
   1.0520000e+03   1.0584540e+01   3.5932990e+00  -3.3550611e-01  -4.8245465e-02  -2.6907103e-01
   1.0530000e+03   1.0575860e+01   3.5928340e+00  -3.3545284e-01  -4.8205946e-02  -2.6905035e-01
   1.0540000e+03   1.0567200e+01   3.5923690e+00  -3.3539970e-01  -4.8166470e-02  -2.6902977e-01
   1.0550000e+03   1.0558550e+01   3.5919050e+00  -3.3534656e-01  -4.8126976e-02  -2.6900923e-01
   1.0560000e+03   1.0549920e+01   3.5914420e+00  -3.3529347e-01  -4.8087521e-02  -2.6898873e-01
   1.0570000e+03   1.0541300e+01   3.5909800e+00  -3.3524038e-01  -4.8048042e-02  -2.6896829e-01
   1.0580000e+03   1.0532690e+01   3.5905190e+00  -3.3518728e-01  -4.8008547e-02  -2.6894789e-01
   1.0590000e+03   1.0524100e+01   3.5900580e+00  -3.3513431e-01  -4.7969094e-02  -2.6892757e-01
   1.0600000e+03   1.0515520e+01   3.5895980e+00  -3.3508132e-01  -4.7929607e-02  -2.6890732e-01
   1.0610000e+03   1.0506960e+01   3.5891390e+00  -3.3502842e-01  -4.7890183e-02  -2.6888711e-01
   1.0620000e+03   1.0498410e+01   3.5886810e+00  -3.3497549e-01  -4.7850738e-02  -2.6886691e-01
   1.0630000e+03   1.0489880e+01   3.5882240e+00  -3.3492266e-01  -4.7811352e-02  -2.6884679e-01
   1.0640000e+03   1.0481360e+01   3.5877670e+00  -3.3486988e-01  -4.7771940e-02  -2.6882676e-01
   1.0650000e+03   1.0472850e+01   3.5873120e+00  -3.3481701e-01  -4.7732503e-02  -2.6880669e-01
   1.0660000e+03   1.0464360e+01   3.5868570e+00  -3.3476427e-01  -4.7693119e-02  -2.6878673e-01
   1.0670000e+03   1.0455880e+01   3.5864020e+00  -3.3471161e-01  -4.7653701e-02  -2.6876691e-01
   1.0680000e+03   1.0447410e+01   3.5859490e+00  -3.3465885e-01  -4.7614262e-02  -2.6874703e-01
   1.0690000e+03   1.0438960e+01   3.5854970e+00  -3.3460619e-01  -4.7574913e-02  -2.6872719e-01
   1.0700000e+03   1.0430530e+01   3.5850450e+00  -3.3455366e-01  -4.7535599e-02  -2.6870746e-01
   1.0710000e+03   1.0422100e+01   3.5845940e+00  -3.3450104e-01  -4.7496181e-02  -2.6868777e-01
   1.0720000e+03   1.0413690e+01   3.5841440e+00  -3.3444850e-01  -4.7456840e-02  -2.6866810e-01
   1.0730000e+03   1.0405300e+01   3.5836940e+00  -3.3439610e-01  -4.7417541e-02  -2.6864856e-01
   1.0740000e+03   1.0396910e+01   3.5832460e+00  -3.3434353e-01  -4.7378158e-02  -2.6862897e-01
   1.0750000e+03   1.0388550e+01   3.5827980e+00  -3.3429121e-01  -4.7338910e-02  -2.6860951e-01
   1.0760000e+03   1.0380190e+01   3.5823510e+00  -3.3423879e-01  -4.7299563e-02  -2.6859007e-01
   1.0770000e+03   1.0371850e+01   3.5819050e+00  -3.3418645e-01  -4.7260281e-02  -2.6857067e-01
   1.0780000e+03   1.0363520e+01   3.5814590e+00  -3.3413415e-01  -4.7220976e-02  -2.6855136e-01
   1.0790000e+03   1.0355210e+01   3.5810150e+00  -3.3408189e-01  -4.7181748e-02  -2.6853204e-01
   1.0800000e+03   1.0346900e+01   3.5805710e+00  -3.3402959e-01  -4.7142398e-02  -2.6851283e-01
   1.0810000e+03   1.0338620e+01   3.5801280e+00  -3.3397746e-01  -4.7103220e-02  -2.6849362e-01
   1.0820000e+03   1.0330340e+01   3.5796850e+00  -3.3392530e-01  -4.7063912e-02  -2.6847455e-01
   1.0830000e+03   1.0322080e+01   3.5792440e+00  -3.3387317e-01  -4.7024707e-02  -2.6845543e-01
   1.0840000e+03   1.0313830e+01   3.5788030e+00  -3.3382109e-01  -4.6985466e-02  -2.6843641e-01
   1.0850000e+03   1.0305600e+01   3.5783630e+00  -3.3376910e-01  -4.6946297e-02  -2.6841744e-01
   1.0860000e+03   1.0297380e+01   3.5779240e+00  -3.3371710e-01  -4.6907122e-02  -2.6839848e-01
   1.0870000e+03   1.0289170e+01   3.5774850e+00  -3.3366516e-01  -4.6867915e-02  -2.6837964e-01
   1.0880000e+03   1.0280980e+01   3.5770480e+00  -3.3361325e-01  -4.6828801e-02  -2.6836077e-01
   1.0890000e+03   1.0272790e+01   3.5766110e+00  -3.3356130e-01  -4.6789568e-02  -2.6834199e-01
   1.0900000e+03   1.0264630e+01   3.5761740e+00  -3.3350960e-01  -4.6750497e-02  -2.6832331e-01
   1.0910000e+03   1.0256470e+01   3.5757390e+00  -3.3345773e-01  -4.6711339e-02  -2.6830459e-01
   1.0920000e+03   1.0248330e+01   3.5753040e+00  -3.3340602e-01  -4.6672240e-02  -2.6828598e-01
   1.0930000e+03   1.0240200e+01   3.5748700e+00  -3.3335431e-01  -4.6633129e-02  -2.6826741e-01
   1.0940000e+03   1.0232080e+01   3.5744370e+00  -3.3330259e-01  -4.6594015e-02  -2.6824886e-01
   1.0950000e+03   1.0223980e+01   3.5740050e+00  -3.3325096e-01  -4.6554977e-02  -2.6823034e-01
   1.0960000e+03   1.0215890e+01   3.5735730e+00  -3.3319940e-01  -4.6515915e-02  -2.6821195e-01
   1.0970000e+03   1.0207810e+01   3.5731420e+00  -3.3314783e-01  -4.6476849e-02  -2.6819355e-01
   1.0980000e+03   1.0199750e+01   3.5727120e+00  -3.3309636e-01  -4.6437864e-02  -2.6817521e-01
   1.0990000e+03   1.0191700e+01   3.5722830e+00  -3.3304489e-01  -4.6398880e-02  -2.6815689e-01
   1.1000000e+03   1.0183660e+01   3.5718540e+00  -3.3299348e-01  -4.6359863e-02  -2.6813868e-01
   1.1010000e+03   1.0175630e+01   3.5714260e+00  -3.3294206e-01  -4.6320846e-02  -2.6812048e-01
   1.1020000e+03   1.0167620e+01   3.5709990e+00  -3.3289074e-01  -4.6281905e-02  -2.6810233e-01
   1.1030000e+03   1.0159620e+01   3.5705720e+00  -3.3283950e-01  -4.6242961e-02  -2.6808429e-01
   1.1040000e+03   1.0151630e+01   3.5701470e+00  -3.3278817e-01  -4.6204013e-02  -2.6806617e-01
   1.1050000e+03   1.0143650e+01   3.5697220e+00  -3.3273692e-01  -4.6165056e-02  -2.6804817e-01
   1.1060000e+03   1.0135690e+01   3.5692970e+00  -3.3268581e-01  -4.6126159e-02  -2.6803028e-01
   1.1070000e+03   1.0127740e+01   3.5688740e+00  -3.3263467e-01  -4.6087283e-02  -2.6801235e-01
   1.1080000e+03   1.0119800e+01   3.5684510e+00  -3.3258356e-01  -4.6048379e-02  -2.6799450e-01
   1.1090000e+03   1.0111880e+01   3.5680290e+00  -3.3253257e-01  -4.6009575e-02  -2.6797669e-01
   1.1100000e+03   1.0103960e+01   3.5676080e+00  -3.3248148e-01  -4.5970670e-02  -2.6795891e-01
   1.1110000e+03   1.0096060e+01   3.5671870e+00  -3.3243055e-01  -4.5931841e-02  -2.6794123e-01
   1.1120000e+03   1.0088180e+01   3.5667670e+00  -3.3237971e-01  -4.5893109e-02  -2.6792356e-01
   1.1130000e+03   1.0080300e+01   3.5663480e+00  -3.3232879e-01  -4.5854280e-02  -2.6790593e-01
   1.1140000e+03   1.0072440e+01   3.5659300e+00  -3.3227796e-01  -4.5815536e-02  -2.6788833e-01
   1.1150000e+03   1.0064590e+01   3.5655120e+00  -3.3222721e-01  -4.5776787e-02  -2.6787083e-01
   1.1160000e+03   1.0056750e+01   3.5650950e+00  -3.3217646e-01  -4.5738041e-02  -2.6785335e-01
   1.1170000e+03   1.0048920e+01   3.5646790e+00  -3.3212571e-01  -4.5699287e-02  -2.6783590e-01
   1.1180000e+03   1.0041110e+01   3.5642630e+00  -3.3207512e-01  -4.5660611e-02  -2.6781855e-01
   1.1190000e+03   1.0033310e+01   3.5638480e+00  -3.3202453e-01  -4.5621938e-02  -2.6780122e-01
   1.1200000e+03   1.0025520e+01   3.5634340e+00  -3.3197396e-01  -4.5583273e-02  -2.6778392e-01
   1.1210000e+03   1.0017740e+01   3.5630210e+00  -3.3192338e-01  -4.5544603e-02  -2.6776665e-01
   1.1220000e+03   1.0009980e+01   3.5626080e+00  -3.3187298e-01  -4.5506022e-02  -2.6774947e-01
   1.1230000e+03   1.0002220e+01   3.5621960e+00  -3.3182247e-01  -4.5467342e-02  -2.6773231e-01
