   3.2000000e+01   2.4569980e+02   5.0130180e+00   3.1480336e-02  -3.7389801e-05  -5.6134217e-03
   3.3000000e+01   2.3933150e+02   4.9927850e+00   3.2007135e-02  -3.8153832e-05  -5.7302043e-03
   3.4000000e+01   2.3328700e+02   4.9736800e+00   3.2517890e-02  -3.8957597e-05  -5.8451517e-03
   3.5000000e+01   2.2754200e+02   4.9556160e+00   3.3013460e-02  -3.9800816e-05  -5.9584049e-03
   3.6000000e+01   2.2207440e+02   4.9385120e+00   3.3494657e-02  -4.0683155e-05  -6.0700941e-03
   3.7000000e+01   2.1686440e+02   4.9222980e+00   3.3962196e-02  -4.1604392e-05  -6.1803354e-03
   3.8000000e+01   2.1189420e+02   4.9069060e+00   3.4416770e-02  -4.2564409e-05  -6.2892394e-03
   3.9000000e+01   2.0714720e+02   4.8922790e+00   3.4858971e-02  -4.3562981e-05  -6.3969039e-03
   4.0000000e+01   2.0260890e+02   4.8783620e+00   3.5289370e-02  -4.4600156e-05  -6.5034203e-03
   4.1000000e+01   1.9826550e+02   4.8651050e+00   3.5708489e-02  -4.5675751e-05  -6.6088752e-03
   4.2000000e+01   1.9410480e+02   4.8524630e+00   3.6116809e-02  -4.6789870e-05  -6.7133470e-03
   4.3000000e+01   1.9011550e+02   4.8403950e+00   3.6514762e-02  -4.7942535e-05  -6.8169057e-03
   4.4000000e+01   1.8628700e+02   4.8288630e+00   3.6902762e-02  -4.9133746e-05  -6.9196191e-03
   4.5000000e+01   1.8260990e+02   4.8178320e+00   3.7281187e-02  -5.0363628e-05  -7.0215494e-03
   4.6000000e+01   1.7907540e+02   4.8072710e+00   3.7650373e-02  -5.1632375e-05  -7.1227538e-03
   4.7000000e+01   1.7567520e+02   4.7971500e+00   3.8010650e-02  -5.2940019e-05  -7.2232852e-03
   4.8000000e+01   1.7240200e+02   4.7874420e+00   3.8362326e-02  -5.4286873e-05  -7.3231938e-03
   4.9000000e+01   1.6924860e+02   4.7781220e+00   3.8705678e-02  -5.5673010e-05  -7.4225273e-03
   5.0000000e+01   1.6620860e+02   4.7691660e+00   3.9040974e-02  -5.7098662e-05  -7.5213295e-03
   5.1000000e+01   1.6327610e+02   4.7605550e+00   3.9368441e-02  -5.8564152e-05  -7.6196381e-03
   5.2000000e+01   1.6044540e+02   4.7522680e+00   3.9688316e-02  -6.0069688e-05  -7.7174941e-03
   5.3000000e+01   1.5771130e+02   4.7442860e+00   4.0000816e-02  -6.1615525e-05  -7.8149359e-03
   5.4000000e+01   1.5506900e+02   4.7365930e+00   4.0306149e-02  -6.3202005e-05  -7.9119924e-03
   5.5000000e+01   1.5251390e+02   4.7291730e+00   4.0604483e-02  -6.4829410e-05  -8.0087013e-03
   5.6000000e+01   1.5004170e+02   4.7220110e+00   4.0896021e-02  -6.6498001e-05  -8.1050908e-03
   5.7000000e+01   1.4764860e+02   4.7150940e+00   4.1180908e-02  -6.8208249e-05  -8.2011899e-03
   5.8000000e+01   1.4533070e+02   4.7084090e+00   4.1459321e-02  -6.9960358e-05  -8.2970251e-03
   5.9000000e+01   1.4308470e+02   4.7019440e+00   4.1731401e-02  -7.1754902e-05  -8.3926250e-03
   6.0000000e+01   1.4090710e+02   4.6956880e+00   4.1997285e-02  -7.3592043e-05  -8.4880156e-03
   6.1000000e+01   1.3879500e+02   4.6896300e+00   4.2257138e-02  -7.5472298e-05  -8.5832185e-03
   6.2000000e+01   1.3674540e+02   4.6837620e+00   4.2511046e-02  -7.7396037e-05  -8.6782563e-03
   6.3000000e+01   1.3475560e+02   4.6780720e+00   4.2759165e-02  -7.9363664e-05  -8.7731557e-03
   6.4000000e+01   1.3282300e+02   4.6725550e+00   4.3001584e-02  -8.1375624e-05  -8.8679319e-03
   6.5000000e+01   1.3094530e+02   4.6672000e+00   4.3238438e-02  -8.3432460e-05  -8.9626109e-03
   6.6000000e+01   1.2912000e+02   4.6620010e+00   4.3469815e-02  -8.5534402e-05  -9.0572096e-03
   6.7000000e+01   1.2734510e+02   4.6569500e+00   4.3695830e-02  -8.7682107e-05  -9.1517514e-03
   6.8000000e+01   1.2561840e+02   4.6520420e+00   4.3916568e-02  -8.9875853e-05  -9.2462443e-03
   6.9000000e+01   1.2393810e+02   4.6472690e+00   4.4132119e-02  -9.2116336e-05  -9.3407177e-03
   7.0000000e+01   1.2230230e+02   4.6426250e+00   4.4342590e-02  -9.4403857e-05  -9.4351848e-03
   7.1000000e+01   1.2070930e+02   4.6381060e+00   4.4548039e-02  -9.6739125e-05  -9.5296603e-03
   7.2000000e+01   1.1915740e+02   4.6337060e+00   4.4748565e-02  -9.9122473e-05  -9.6241599e-03
   7.3000000e+01   1.1764500e+02   4.6294190e+00   4.4944243e-02  -1.0155442e-04  -9.7187071e-03
   7.4000000e+01   1.1617070e+02   4.6252420e+00   4.5135139e-02  -1.0403563e-04  -9.8133107e-03
   7.5000000e+01   1.1473310e+02   4.6211690e+00   4.5321338e-02  -1.0656664e-04  -9.9079866e-03
   7.6000000e+01   1.1333070e+02   4.6171960e+00   4.5502897e-02  -1.0914779e-04  -1.0002756e-02
   7.7000000e+01   1.1196240e+02   4.6133200e+00   4.5679888e-02  -1.1177991e-04  -1.0097624e-02
   7.8000000e+01   1.1062690e+02   4.6095360e+00   4.5852386e-02  -1.1446345e-04  -1.0192611e-02
   7.9000000e+01   1.0932290e+02   4.6058420e+00   4.6020417e-02  -1.1719869e-04  -1.0287728e-02
   8.0000000e+01   1.0804960e+02   4.6022330e+00   4.6184076e-02  -1.1998686e-04  -1.0382989e-02
   8.1000000e+01   1.0680560e+02   4.5987060e+00   4.6343404e-02  -1.2282783e-04  -1.0478409e-02
   8.2000000e+01   1.0559020e+02   4.5952580e+00   4.6498459e-02  -1.2572278e-04  -1.0574002e-02
   8.3000000e+01   1.0440220e+02   4.5918870e+00   4.6649294e-02  -1.2867192e-04  -1.0669772e-02
   8.4000000e+01   1.0324090e+02   4.5885890e+00   4.6795953e-02  -1.3167632e-04  -1.0765745e-02
   8.5000000e+01   1.0210520e+02   4.5853610e+00   4.6938493e-02  -1.3473613e-04  -1.0861930e-02
   8.6000000e+01   1.0099440e+02   4.5822020e+00   4.7076945e-02  -1.3785231e-04  -1.0958332e-02
   8.7000000e+01   9.9907580e+01   4.5791090e+00   4.7211387e-02  -1.4102518e-04  -1.1054967e-02
   8.8000000e+01   9.8844090e+01   4.5760790e+00   4.7341832e-02  -1.4425573e-04  -1.1151848e-02
   8.9000000e+01   9.7803140e+01   4.5731100e+00   4.7468334e-02  -1.4754448e-04  -1.1248991e-02
   9.0000000e+01   9.6784020e+01   4.5702000e+00   4.7590948e-02  -1.5089209e-04  -1.1346398e-02
   9.1000000e+01   9.5786060e+01   4.5673480e+00   4.7709674e-02  -1.5429934e-04  -1.1444088e-02
   9.2000000e+01   9.4808610e+01   4.5645500e+00   4.7824581e-02  -1.5776687e-04  -1.1542074e-02
   9.3000000e+01   9.3851040e+01   4.5618050e+00   4.7935712e-02  -1.6129525e-04  -1.1640361e-02
   9.4000000e+01   9.2912760e+01   4.5591120e+00   4.8043087e-02  -1.6488532e-04  -1.1738959e-02
   9.5000000e+01   9.1993190e+01   4.5564690e+00   4.8146750e-02  -1.6853783e-04  -1.1837881e-02
   9.6000000e+01   9.1091770e+01   4.5538740e+00   4.8246700e-02  -1.7225350e-04  -1.1937149e-02
   9.7000000e+01   9.0207980e+01   4.5513260e+00   4.8343002e-02  -1.7603305e-04  -1.2036757e-02
   9.8000000e+01   8.9341300e+01   4.5488220e+00   4.8435706e-02  -1.7987702e-04  -1.2136722e-02
   9.9000000e+01   8.8491260e+01   4.5463620e+00   4.8524808e-02  -1.8378644e-04  -1.2237059e-02
   1.0000000e+02   8.7657360e+01   4.5439450e+00   4.8610339e-02  -1.8776195e-04  -1.2337771e-02
   1.0100000e+02   8.6839160e+01   4.5415680e+00   4.8692334e-02  -1.9180432e-04  -1.2438876e-02
   1.0200000e+02   8.6036230e+01   4.5392310e+00   4.8770815e-02  -1.9591445e-04  -1.2540382e-02
   1.0300000e+02   8.5248130e+01   4.5369320e+00   4.8845795e-02  -2.0009308e-04  -1.2642304e-02
   1.0400000e+02   8.4474470e+01   4.5346700e+00   4.8917338e-02  -2.0434092e-04  -1.2744642e-02
   1.0500000e+02   8.3714850e+01   4.5324450e+00   4.8985453e-02  -2.0865880e-04  -1.2847403e-02
   1.0600000e+02   8.2968890e+01   4.5302540e+00   4.9050146e-02  -2.1304757e-04  -1.2950613e-02
   1.0700000e+02   8.2236240e+01   4.5280980e+00   4.9111420e-02  -2.1750821e-04  -1.3054277e-02
   1.0800000e+02   8.1516530e+01   4.5259740e+00   4.9169371e-02  -2.2204124e-04  -1.3158393e-02
   1.0900000e+02   8.0809440e+01   4.5238820e+00   4.9223946e-02  -2.2664785e-04  -1.3262988e-02
   1.1000000e+02   8.0114620e+01   4.5218210e+00   4.9275196e-02  -2.3132865e-04  -1.3368062e-02
   1.1100000e+02   7.9431780e+01   4.5197910e+00   4.9323121e-02  -2.3608473e-04  -1.3473629e-02
   1.1200000e+02   7.8760600e+01   4.5177890e+00   4.9367778e-02  -2.4091675e-04  -1.3579696e-02
   1.1300000e+02   7.8100780e+01   4.5158160e+00   4.9409158e-02  -2.4582568e-04  -1.3686272e-02
   1.1400000e+02   7.7452050e+01   4.5138700e+00   4.9447277e-02  -2.5081245e-04  -1.3793372e-02
   1.1500000e+02   7.6814130e+01   4.5119510e+00   4.9482167e-02  -2.5587794e-04  -1.3900998e-02
   1.1600000e+02   7.6186740e+01   4.5100580e+00   4.9513824e-02  -2.6102313e-04  -1.4009165e-02
   1.1700000e+02   7.5569640e+01   4.5081900e+00   4.9542263e-02  -2.6624883e-04  -1.4117889e-02
   1.1800000e+02   7.4962570e+01   4.5063470e+00   4.9567509e-02  -2.7155616e-04  -1.4227168e-02
   1.1900000e+02   7.4365300e+01   4.5045280e+00   4.9589582e-02  -2.7694597e-04  -1.4337009e-02
   1.2000000e+02   7.3777580e+01   4.5027310e+00   4.9608488e-02  -2.8241909e-04  -1.4447441e-02
   1.2100000e+02   7.3199190e+01   4.5009580e+00   4.9624223e-02  -2.8797676e-04  -1.4558455e-02
   1.2200000e+02   7.2629920e+01   4.4992060e+00   4.9636831e-02  -2.9361980e-04  -1.4670067e-02
   1.2300000e+02   7.2069540e+01   4.4974750e+00   4.9646305e-02  -2.9934906e-04  -1.4782289e-02
   1.2400000e+02   7.1517860e+01   4.4957650e+00   4.9652662e-02  -3.0516584e-04  -1.4895125e-02
   1.2500000e+02   7.0974670e+01   4.4940750e+00   4.9655907e-02  -3.1107096e-04  -1.5008591e-02
   1.2600000e+02   7.0439790e+01   4.4924050e+00   4.9656046e-02  -3.1706551e-04  -1.5122688e-02
   1.2700000e+02   6.9913020e+01   4.4907540e+00   4.9653099e-02  -3.2315052e-04  -1.5237432e-02
   1.2800000e+02   6.9394180e+01   4.4891210e+00   4.9647076e-02  -3.2932696e-04  -1.5352831e-02
   1.2900000e+02   6.8883090e+01   4.4875060e+00   4.9637979e-02  -3.3559592e-04  -1.5468896e-02
   1.3000000e+02   6.8379590e+01   4.4859090e+00   4.9625814e-02  -3.4195854e-04  -1.5585630e-02
   1.3100000e+02   6.7883500e+01   4.4843290e+00   4.9610591e-02  -3.4841579e-04  -1.5703048e-02
   1.3200000e+02   6.7394670e+01   4.4827650e+00   4.9592323e-02  -3.5496874e-04  -1.5821161e-02
   1.3300000e+02   6.6912940e+01   4.4812180e+00   4.9571007e-02  -3.6161865e-04  -1.5939970e-02
   1.3400000e+02   6.6438160e+01   4.4796860e+00   4.9546661e-02  -3.6836654e-04  -1.6059493e-02
   1.3500000e+02   6.5970170e+01   4.4781700e+00   4.9519274e-02  -3.7521335e-04  -1.6179733e-02
   1.3600000e+02   6.5508840e+01   4.4766680e+00   4.9488875e-02  -3.8216033e-04  -1.6300702e-02
   1.3700000e+02   6.5054020e+01   4.4751810e+00   4.9455450e-02  -3.8920860e-04  -1.6422410e-02
   1.3800000e+02   6.4605580e+01   4.4737080e+00   4.9419007e-02  -3.9635946e-04  -1.6544864e-02
   1.3900000e+02   6.4163390e+01   4.4722490e+00   4.9379558e-02  -4.0361390e-04  -1.6668070e-02
   1.4000000e+02   6.3727320e+01   4.4708030e+00   4.9337101e-02  -4.1097310e-04  -1.6792044e-02
   1.4100000e+02   6.3297240e+01   4.4693700e+00   4.9291634e-02  -4.1843830e-04  -1.6916794e-02
   1.4200000e+02   6.2873030e+01   4.4679490e+00   4.9243185e-02  -4.2601034e-04  -1.7042326e-02
   1.4300000e+02   6.2454570e+01   4.4665410e+00   4.9191729e-02  -4.3369082e-04  -1.7168649e-02
   1.4400000e+02   6.2041760e+01   4.4651450e+00   4.9137278e-02  -4.4148094e-04  -1.7295769e-02
   1.4500000e+02   6.1634460e+01   4.4637600e+00   4.9079841e-02  -4.4938145e-04  -1.7423703e-02
   1.4600000e+02   6.1232590e+01   4.4623870e+00   4.9019406e-02  -4.5739415e-04  -1.7552453e-02
   1.4700000e+02   6.0836020e+01   4.4610250e+00   4.8955983e-02  -4.6551990e-04  -1.7682030e-02
   1.4800000e+02   6.0444670e+01   4.4596730e+00   4.8889582e-02  -4.7376007e-04  -1.7812445e-02
   1.4900000e+02   6.0058420e+01   4.4583320e+00   4.8820192e-02  -4.8211597e-04  -1.7943700e-02
   1.5000000e+02   5.9677170e+01   4.4570010e+00   4.8747820e-02  -4.9058839e-04  -1.8075810e-02
   1.5100000e+02   5.9300840e+01   4.4556800e+00   4.8672456e-02  -4.9917933e-04  -1.8208782e-02
   1.5200000e+02   5.8929330e+01   4.4543680e+00   4.8594119e-02  -5.0788949e-04  -1.8342624e-02
   1.5300000e+02   5.8562550e+01   4.4530660e+00   4.8512795e-02  -5.1672037e-04  -1.8477340e-02
   1.5400000e+02   5.8200400e+01   4.4517730e+00   4.8428486e-02  -5.2567302e-04  -1.8612945e-02
   1.5500000e+02   5.7842810e+01   4.4504890e+00   4.8341190e-02  -5.3474907e-04  -1.8749445e-02
   1.5600000e+02   5.7489690e+01   4.4492130e+00   4.8250915e-02  -5.4394978e-04  -1.8886848e-02
   1.5700000e+02   5.7140950e+01   4.4479450e+00   4.8157657e-02  -5.5327609e-04  -1.9025167e-02
   1.5800000e+02   5.6796520e+01   4.4466860e+00   4.8061400e-02  -5.6272971e-04  -1.9164402e-02
   1.5900000e+02   5.6456320e+01   4.4454350e+00   4.7962163e-02  -5.7231182e-04  -1.9304560e-02
   1.6000000e+02   5.6120270e+01   4.4441910e+00   4.7859942e-02  -5.8202370e-04  -1.9445657e-02
   1.6100000e+02   5.5788300e+01   4.4429540e+00   4.7754740e-02  -5.9186650e-04  -1.9587699e-02
   1.6200000e+02   5.5460330e+01   4.4417250e+00   4.7646525e-02  -6.0184204e-04  -1.9730693e-02
   1.6300000e+02   5.5136290e+01   4.4405030e+00   4.7535322e-02  -6.1195130e-04  -1.9874642e-02
   1.6400000e+02   5.4816120e+01   4.4392870e+00   4.7421137e-02  -6.2219576e-04  -2.0019562e-02
   1.6500000e+02   5.4499750e+01   4.4380780e+00   4.7303948e-02  -6.3257666e-04  -2.0165454e-02
   1.6600000e+02   5.4187100e+01   4.4368760e+00   4.7183751e-02  -6.4309536e-04  -2.0312325e-02
   1.6700000e+02   5.3878130e+01   4.4356800e+00   4.7060550e-02  -6.5375367e-04  -2.0460187e-02
   1.6800000e+02   5.3572750e+01   4.4344890e+00   4.6934352e-02  -6.6455229e-04  -2.0609053e-02
   1.6900000e+02   5.3270910e+01   4.4333050e+00   4.6805148e-02  -6.7549254e-04  -2.0758912e-02
   1.7000000e+02   5.2972560e+01   4.4321260e+00   4.6672929e-02  -6.8657671e-04  -2.0909788e-02
   1.7100000e+02   5.2677630e+01   4.4309530e+00   4.6537698e-02  -6.9780552e-04  -2.1061678e-02
   1.7200000e+02   5.2386060e+01   4.4297850e+00   4.6399441e-02  -7.0918028e-04  -2.1214600e-02
   1.7300000e+02   5.2097800e+01   4.4286220e+00   4.6258182e-02  -7.2070253e-04  -2.1368548e-02
   1.7400000e+02   5.1812790e+01   4.4274640e+00   4.6113897e-02  -7.3237363e-04  -2.1523535e-02
   1.7500000e+02   5.1530980e+01   4.4263110e+00   4.5966589e-02  -7.4419491e-04  -2.1679565e-02
   1.7600000e+02   5.1252320e+01   4.4251630e+00   4.5816232e-02  -7.5616821e-04  -2.1836654e-02
   1.7700000e+02   5.0976750e+01   4.4240190e+00   4.5662872e-02  -7.6829414e-04  -2.1994792e-02
   1.7800000e+02   5.0704230e+01   4.4228790e+00   4.5506461e-02  -7.8057476e-04  -2.2154006e-02
   1.7900000e+02   5.0434700e+01   4.4217440e+00   4.5347016e-02  -7.9301114e-04  -2.2314281e-02
   1.8000000e+02   5.0168120e+01   4.4206130e+00   4.5184531e-02  -8.0560455e-04  -2.2475631e-02
   1.8100000e+02   4.9904440e+01   4.4194850e+00   4.5019011e-02  -8.1835642e-04  -2.2638070e-02
   1.8200000e+02   4.9643610e+01   4.4183620e+00   4.4850429e-02  -8.3126881e-04  -2.2801592e-02
   1.8300000e+02   4.9385590e+01   4.4172420e+00   4.4678809e-02  -8.4434226e-04  -2.2966211e-02
   1.8400000e+02   4.9130340e+01   4.4161250e+00   4.4504141e-02  -8.5757835e-04  -2.3131932e-02
   1.8500000e+02   4.8877810e+01   4.4150120e+00   4.4326409e-02  -8.7097894e-04  -2.3298753e-02
   1.8600000e+02   4.8627950e+01   4.4139020e+00   4.4145627e-02  -8.8454459e-04  -2.3466682e-02
   1.8700000e+02   4.8380730e+01   4.4127950e+00   4.3961775e-02  -8.9827731e-04  -2.3635735e-02
   1.8800000e+02   4.8136110e+01   4.4116910e+00   4.3774871e-02  -9.1217810e-04  -2.3805899e-02
   1.8900000e+02   4.7894050e+01   4.4105900e+00   4.3584897e-02  -9.2624878e-04  -2.3977190e-02
   1.9000000e+02   4.7654510e+01   4.4094920e+00   4.3391847e-02  -9.4049079e-04  -2.4149609e-02
   1.9100000e+02   4.7417440e+01   4.4083960e+00   4.3195739e-02  -9.5490464e-04  -2.4323165e-02
   1.9200000e+02   4.7182820e+01   4.4073030e+00   4.2996544e-02  -9.6949261e-04  -2.4497860e-02
   1.9300000e+02   4.6950600e+01   4.4062120e+00   4.2794279e-02  -9.8425539e-04  -2.4673698e-02
   1.9400000e+02   4.6720750e+01   4.4051230e+00   4.2588949e-02  -9.9919425e-04  -2.4850680e-02
   1.9500000e+02   4.6493230e+01   4.4040370e+00   4.2380532e-02  -1.0143109e-03  -2.5028806e-02
   1.9600000e+02   4.6268020e+01   4.4029530e+00   4.2169033e-02  -1.0296071e-03  -2.5208089e-02
   1.9700000e+02   4.6045070e+01   4.4018700e+00   4.1954460e-02  -1.0450832e-03  -2.5388534e-02
   1.9800000e+02   4.5824350e+01   4.4007900e+00   4.1736801e-02  -1.0607409e-03  -2.5570131e-02
   1.9900000e+02   4.5605840e+01   4.3997110e+00   4.1516051e-02  -1.0765819e-03  -2.5752900e-02
   2.0000000e+02   4.5389490e+01   4.3986340e+00   4.1292220e-02  -1.0926071e-03  -2.5936831e-02
   2.0100000e+02   4.5175280e+01   4.3975580e+00   4.1065308e-02  -1.1088177e-03  -2.6121934e-02
   2.0200000e+02   4.4963170e+01   4.3964840e+00   4.0835308e-02  -1.1252150e-03  -2.6308206e-02
   2.0300000e+02   4.4753140e+01   4.3954110e+00   4.0602229e-02  -1.1418002e-03  -2.6495652e-02
   2.0400000e+02   4.4545160e+01   4.3943400e+00   4.0366045e-02  -1.1585754e-03  -2.6684275e-02
   2.0500000e+02   4.4339190e+01   4.3932700e+00   4.0126786e-02  -1.1755403e-03  -2.6874073e-02
   2.0600000e+02   4.4135220e+01   4.3922000e+00   3.9884450e-02  -1.1926971e-03  -2.7065058e-02
   2.0700000e+02   4.3933200e+01   4.3911320e+00   3.9639027e-02  -1.2100464e-03  -2.7257216e-02
   2.0800000e+02   4.3733120e+01   4.3900650e+00   3.9390504e-02  -1.2275908e-03  -2.7450564e-02
   2.0900000e+02   4.3534950e+01   4.3889980e+00   3.9138913e-02  -1.2453300e-03  -2.7645099e-02
   2.1000000e+02   4.3338650e+01   4.3879330e+00   3.8884249e-02  -1.2632650e-03  -2.7840804e-02
   2.1100000e+02   4.3144210e+01   4.3868680e+00   3.8626501e-02  -1.2813979e-03  -2.8037702e-02
   2.1200000e+02   4.2951600e+01   4.3858030e+00   3.8365670e-02  -1.2997295e-03  -2.8235796e-02
   2.1300000e+02   4.2760800e+01   4.3847390e+00   3.8101782e-02  -1.3182610e-03  -2.8435067e-02
   2.1400000e+02   4.2571770e+01   4.3836760e+00   3.7834800e-02  -1.3369933e-03  -2.8635529e-02
   2.1500000e+02   4.2384500e+01   4.3826130e+00   3.7564772e-02  -1.3559270e-03  -2.8837169e-02
   2.1600000e+02   4.2198960e+01   4.3815500e+00   3.7291664e-02  -1.3750641e-03  -2.9040011e-02
   2.1700000e+02   4.2015130e+01   4.3804880e+00   3.7015504e-02  -1.3944049e-03  -2.9244026e-02
   2.1800000e+02   4.1832990e+01   4.3794250e+00   3.6736301e-02  -1.4139504e-03  -2.9449230e-02
   2.1900000e+02   4.1652510e+01   4.3783630e+00   3.6454026e-02  -1.4337023e-03  -2.9655622e-02
   2.2000000e+02   4.1473670e+01   4.3773010e+00   3.6168711e-02  -1.4536610e-03  -2.9863196e-02
   2.2100000e+02   4.1296450e+01   4.3762380e+00   3.5880375e-02  -1.4738270e-03  -3.0071951e-02
   2.2200000e+02   4.1120840e+01   4.3751760e+00   3.5588982e-02  -1.4942028e-03  -3.0281884e-02
   2.2300000e+02   4.0946790e+01   4.3741130e+00   3.5294578e-02  -1.5147864e-03  -3.0492999e-02
   2.2400000e+02   4.0774310e+01   4.3730510e+00   3.4997126e-02  -1.5355827e-03  -3.0705290e-02
   2.2500000e+02   4.0603360e+01   4.3719870e+00   3.4696692e-02  -1.5565884e-03  -3.0918757e-02
   2.2600000e+02   4.0433940e+01   4.3709240e+00   3.4393237e-02  -1.5778074e-03  -3.1133387e-02
   2.2700000e+02   4.0266000e+01   4.3698600e+00   3.4086762e-02  -1.5992384e-03  -3.1349203e-02
   2.2800000e+02   4.0099550e+01   4.3687960e+00   3.3777319e-02  -1.6208832e-03  -3.1566168e-02
   2.2900000e+02   3.9934560e+01   4.3677310e+00   3.3464893e-02  -1.6427425e-03  -3.1784300e-02
   2.3000000e+02   3.9771010e+01   4.3666660e+00   3.3149467e-02  -1.6648178e-03  -3.2003599e-02
   2.3100000e+02   3.9608880e+01   4.3656000e+00   3.2831099e-02  -1.6871077e-03  -3.2224050e-02
   2.3200000e+02   3.9448160e+01   4.3645330e+00   3.2509763e-02  -1.7096145e-03  -3.2445660e-02
   2.3300000e+02   3.9288830e+01   4.3634650e+00   3.2185492e-02  -1.7323382e-03  -3.2668418e-02
   2.3400000e+02   3.9130860e+01   4.3623970e+00   3.1858278e-02  -1.7552789e-03  -3.2892314e-02
   2.3500000e+02   3.8974250e+01   4.3613280e+00   3.1528145e-02  -1.7784383e-03  -3.3117348e-02
   2.3600000e+02   3.8818980e+01   4.3602580e+00   3.1195112e-02  -1.8018168e-03  -3.3343517e-02
   2.3700000e+02   3.8665030e+01   4.3591870e+00   3.0859160e-02  -1.8254142e-03  -3.3570825e-02
   2.3800000e+02   3.8512380e+01   4.3581160e+00   3.0520306e-02  -1.8492316e-03  -3.3799249e-02
   2.3900000e+02   3.8361020e+01   4.3570430e+00   3.0178606e-02  -1.8732685e-03  -3.4028795e-02
   2.4000000e+02   3.8210930e+01   4.3559690e+00   2.9834029e-02  -1.8975262e-03  -3.4259460e-02
   2.4100000e+02   3.8062100e+01   4.3548940e+00   2.9486597e-02  -1.9220051e-03  -3.4491237e-02
   2.4200000e+02   3.7914510e+01   4.3538180e+00   2.9136335e-02  -1.9467048e-03  -3.4724112e-02
   2.4300000e+02   3.7768150e+01   4.3527410e+00   2.8783253e-02  -1.9716267e-03  -3.4958081e-02
   2.4400000e+02   3.7623000e+01   4.3516630e+00   2.8427353e-02  -1.9967700e-03  -3.5193143e-02
   2.4500000e+02   3.7479040e+01   4.3505830e+00   2.8068689e-02  -2.0221342e-03  -3.5429289e-02
   2.4600000e+02   3.7336280e+01   4.3495020e+00   2.7707221e-02  -2.0477228e-03  -3.5666518e-02
   2.4700000e+02   3.7194680e+01   4.3484200e+00   2.7343008e-02  -2.0735327e-03  -3.5904809e-02
   2.4800000e+02   3.7054230e+01   4.3473360e+00   2.6976051e-02  -2.0995647e-03  -3.6144170e-02
   2.4900000e+02   3.6914930e+01   4.3462520e+00   2.6606379e-02  -2.1258200e-03  -3.6384567e-02
   2.5000000e+02   3.6776760e+01   4.3451650e+00   2.6233981e-02  -2.1522983e-03  -3.6626039e-02
   2.5100000e+02   3.6639700e+01   4.3440780e+00   2.5858909e-02  -2.1789992e-03  -3.6868524e-02
   2.5200000e+02   3.6503750e+01   4.3429880e+00   2.5481127e-02  -2.2059234e-03  -3.7112081e-02
   2.5300000e+02   3.6368880e+01   4.3418980e+00   2.5100719e-02  -2.2330695e-03  -3.7356631e-02
   2.5400000e+02   3.6235090e+01   4.3408050e+00   2.4717676e-02  -2.2604379e-03  -3.7602216e-02
   2.5500000e+02   3.6102370e+01   4.3397120e+00   2.4332000e-02  -2.2880309e-03  -3.7848796e-02
   2.5600000e+02   3.5970700e+01   4.3386160e+00   2.3943772e-02  -2.3158441e-03  -3.8096373e-02
   2.5700000e+02   3.5840070e+01   4.3375190e+00   2.3552938e-02  -2.3438809e-03  -3.8344947e-02
   2.5800000e+02   3.5710470e+01   4.3364210e+00   2.3159533e-02  -2.3721403e-03  -3.8594502e-02
   2.5900000e+02   3.5581880e+01   4.3353210e+00   2.2763616e-02  -2.4006198e-03  -3.8845027e-02
   2.6000000e+02   3.5454300e+01   4.3342190e+00   2.2365159e-02  -2.4293223e-03  -3.9096529e-02
   2.6100000e+02   3.5327720e+01   4.3331150e+00   2.1964226e-02  -2.4582463e-03  -3.9348981e-02
   2.6200000e+02   3.5202110e+01   4.3320100e+00   2.1560835e-02  -2.4873887e-03  -3.9602365e-02
   2.6300000e+02   3.5077480e+01   4.3309030e+00   2.1154998e-02  -2.5167537e-03  -3.9856685e-02
   2.6400000e+02   3.4953810e+01   4.3297940e+00   2.0746704e-02  -2.5463387e-03  -4.0111948e-02
   2.6500000e+02   3.4831090e+01   4.3286840e+00   2.0336014e-02  -2.5761429e-03  -4.0368117e-02
   2.6600000e+02   3.4709310e+01   4.3275710e+00   1.9922959e-02  -2.6061660e-03  -4.0625197e-02
   2.6700000e+02   3.4588460e+01   4.3264570e+00   1.9507545e-02  -2.6364087e-03  -4.0883165e-02
   2.6800000e+02   3.4468530e+01   4.3253410e+00   1.9089822e-02  -2.6668676e-03  -4.1142008e-02
   2.6900000e+02   3.4349510e+01   4.3242240e+00   1.8669755e-02  -2.6975460e-03  -4.1401730e-02
   2.7000000e+02   3.4231390e+01   4.3231040e+00   1.8247412e-02  -2.7284409e-03  -4.1662332e-02
   2.7100000e+02   3.4114160e+01   4.3219830e+00   1.7822793e-02  -2.7595525e-03  -4.1923780e-02
   2.7200000e+02   3.3997800e+01   4.3208590e+00   1.7395974e-02  -2.7908768e-03  -4.2186074e-02
   2.7300000e+02   3.3882320e+01   4.3197340e+00   1.6966953e-02  -2.8224172e-03  -4.2449182e-02
   2.7400000e+02   3.3767700e+01   4.3186070e+00   1.6535742e-02  -2.8541719e-03  -4.2713118e-02
   2.7500000e+02   3.3653930e+01   4.3174780e+00   1.6102353e-02  -2.8861399e-03  -4.2977873e-02
   2.7600000e+02   3.3541000e+01   4.3163470e+00   1.5666835e-02  -2.9183196e-03  -4.3243429e-02
   2.7700000e+02   3.3428900e+01   4.3152140e+00   1.5229243e-02  -2.9507100e-03  -4.3509757e-02
   2.7800000e+02   3.3317630e+01   4.3140800e+00   1.4789528e-02  -2.9833122e-03  -4.3776872e-02
   2.7900000e+02   3.3207170e+01   4.3129430e+00   1.4347799e-02  -3.0161226e-03  -4.4044748e-02
   2.8000000e+02   3.3097530e+01   4.3118050e+00   1.3904030e-02  -3.0491442e-03  -4.4313369e-02
   2.8100000e+02   3.2988680e+01   4.3106640e+00   1.3458263e-02  -3.0823712e-03  -4.4582749e-02
   2.8200000e+02   3.2880620e+01   4.3095220e+00   1.3010561e-02  -3.1158050e-03  -4.4852831e-02
   2.8300000e+02   3.2773340e+01   4.3083770e+00   1.2560876e-02  -3.1494441e-03  -4.5123665e-02
   2.8400000e+02   3.2666830e+01   4.3072310e+00   1.2109304e-02  -3.1832861e-03  -4.5395179e-02
   2.8500000e+02   3.2561100e+01   4.3060830e+00   1.1655814e-02  -3.2173357e-03  -4.5667401e-02
   2.8600000e+02   3.2456110e+01   4.3049320e+00   1.1200496e-02  -3.2515833e-03  -4.5940309e-02
   2.8700000e+02   3.2351880e+01   4.3037800e+00   1.0743310e-02  -3.2860341e-03  -4.6213891e-02
   2.8800000e+02   3.2248390e+01   4.3026260e+00   1.0284366e-02  -3.3206836e-03  -4.6488115e-02
   2.8900000e+02   3.2145640e+01   4.3014700e+00   9.8236255e-03  -3.3555335e-03  -4.6762994e-02
   2.9000000e+02   3.2043610e+01   4.3003120e+00   9.3611544e-03  -3.3905780e-03  -4.7038504e-02
   2.9100000e+02   3.1942300e+01   4.2991520e+00   8.8969508e-03  -3.4258201e-03  -4.7314648e-02
   2.9200000e+02   3.1841700e+01   4.2979900e+00   8.4310674e-03  -3.4612554e-03  -4.7591401e-02
   2.9300000e+02   3.1741810e+01   4.2968260e+00   7.9635363e-03  -3.4968853e-03  -4.7868745e-02
   2.9400000e+02   3.1642610e+01   4.2956600e+00   7.4943684e-03  -3.5327054e-03  -4.8146686e-02
   2.9500000e+02   3.1544100e+01   4.2944920e+00   7.0235990e-03  -3.5687164e-03  -4.8425201e-02
   2.9600000e+02   3.1446280e+01   4.2933220e+00   6.5512413e-03  -3.6049169e-03  -4.8704286e-02
   2.9700000e+02   3.1349140e+01   4.2921500e+00   6.0773598e-03  -3.6413061e-03  -4.8983917e-02
   2.9800000e+02   3.1252660e+01   4.2909770e+00   5.6019636e-03  -3.6778795e-03  -4.9264077e-02
   2.9900000e+02   3.1156850e+01   4.2898010e+00   5.1250713e-03  -3.7146393e-03  -4.9544780e-02
   3.0000000e+02   3.1061690e+01   4.2886230e+00   4.6467158e-03  -3.7515801e-03  -4.9826010e-02
   3.0100000e+02   3.0967180e+01   4.2874440e+00   4.1669892e-03  -3.7887015e-03  -5.0107699e-02
   3.0200000e+02   3.0873320e+01   4.2862630e+00   3.6858086e-03  -3.8260069e-03  -5.0389914e-02
   3.0300000e+02   3.0780090e+01   4.2850790e+00   3.2032713e-03  -3.8634870e-03  -5.0672616e-02
   3.0400000e+02   3.0687490e+01   4.2838940e+00   2.7193876e-03  -3.9011446e-03  -5.0955779e-02
   3.0500000e+02   3.0595520e+01   4.2827070e+00   2.2342056e-03  -3.9389787e-03  -5.1239390e-02
   3.0600000e+02   3.0504170e+01   4.2815180e+00   1.7477472e-03  -3.9769859e-03  -5.1523450e-02
   3.0700000e+02   3.0413430e+01   4.2803270e+00   1.2600422e-03  -4.0151645e-03  -5.1807938e-02
   3.0800000e+02   3.0323290e+01   4.2791350e+00   7.7111823e-04  -4.0535122e-03  -5.2092834e-02
   3.0900000e+02   3.0233760e+01   4.2779400e+00   2.8098073e-04  -4.0920296e-03  -5.2378169e-02
   3.1000000e+02   3.0144810e+01   4.2767440e+00  -2.1033892e-04  -4.1307124e-03  -5.2663893e-02
   3.1100000e+02   3.0056460e+01   4.2755460e+00  -7.0277053e-04  -4.1695609e-03  -5.2949998e-02
   3.1200000e+02   2.9968690e+01   4.2743460e+00  -1.1963066e-03  -4.2085719e-03  -5.3236477e-02
   3.1300000e+02   2.9881500e+01   4.2731440e+00  -1.6909033e-03  -4.2477444e-03  -5.3523312e-02
   3.1400000e+02   2.9794880e+01   4.2719410e+00  -2.1865918e-03  -4.2870777e-03  -5.3810509e-02
   3.1500000e+02   2.9708820e+01   4.2707350e+00  -2.6832924e-03  -4.3265659e-03  -5.4098058e-02
   3.1600000e+02   2.9623330e+01   4.2695280e+00  -3.1809780e-03  -4.3662129e-03  -5.4385919e-02
   3.1700000e+02   2.9538390e+01   4.2683190e+00  -3.6796412e-03  -4.4060124e-03  -5.4674108e-02
   3.1800000e+02   2.9454000e+01   4.2671090e+00  -4.1792486e-03  -4.4459653e-03  -5.4962599e-02
   3.1900000e+02   2.9370160e+01   4.2658960e+00  -4.6797338e-03  -4.4860669e-03  -5.5251387e-02
   3.2000000e+02   2.9286860e+01   4.2646820e+00  -5.1811727e-03  -4.5263203e-03  -5.5540479e-02
   3.2100000e+02   2.9204090e+01   4.2634660e+00  -5.6834015e-03  -4.5667177e-03  -5.5829821e-02
   3.2200000e+02   2.9121850e+01   4.2622490e+00  -6.1864372e-03  -4.6072584e-03  -5.6119407e-02
   3.2300000e+02   2.9040130e+01   4.2610300e+00  -6.6903592e-03  -4.6479447e-03  -5.6409291e-02
   3.2400000e+02   2.8958940e+01   4.2598090e+00  -7.1949815e-03  -4.6887707e-03  -5.6699384e-02
   3.2500000e+02   2.8878260e+01   4.2585870e+00  -7.7003918e-03  -4.7297368e-03  -5.6989725e-02
   3.2600000e+02   2.8798090e+01   4.2573630e+00  -8.2065020e-03  -4.7708392e-03  -5.7280273e-02
   3.2700000e+02   2.8718420e+01   4.2561370e+00  -8.7133313e-03  -4.8120744e-03  -5.7571059e-02
   3.2800000e+02   2.8639260e+01   4.2549100e+00  -9.2207855e-03  -4.8534461e-03  -5.7862009e-02
   3.2900000e+02   2.8560590e+01   4.2536810e+00  -9.7289294e-03  -4.8949487e-03  -5.8153181e-02
   3.3000000e+02   2.8482410e+01   4.2524510e+00  -1.0237664e-02  -4.9365788e-03  -5.8444513e-02
   3.3100000e+02   2.8404720e+01   4.2512190e+00  -1.0746967e-02  -4.9783354e-03  -5.8736010e-02
   3.3200000e+02   2.8327510e+01   4.2499860e+00  -1.1256858e-02  -5.0202180e-03  -5.9027672e-02
   3.3300000e+02   2.8250780e+01   4.2487510e+00  -1.1767315e-02  -5.0622265e-03  -5.9319498e-02
   3.3400000e+02   2.8174520e+01   4.2475150e+00  -1.2278244e-02  -5.1043528e-03  -5.9611443e-02
   3.3500000e+02   2.8098730e+01   4.2462770e+00  -1.2789646e-02  -5.1465995e-03  -5.9903517e-02
   3.3600000e+02   2.8023400e+01   4.2450370e+00  -1.3301567e-02  -5.1889601e-03  -6.0195748e-02
   3.3700000e+02   2.7948540e+01   4.2437970e+00  -1.3813887e-02  -5.2314418e-03  -6.0488050e-02
   3.3800000e+02   2.7874130e+01   4.2425550e+00  -1.4326645e-02  -5.2740342e-03  -6.0780470e-02
   3.3900000e+02   2.7800180e+01   4.2413110e+00  -1.4839781e-02  -5.3167389e-03  -6.1072982e-02
   3.4000000e+02   2.7726670e+01   4.2400660e+00  -1.5353288e-02  -5.3595508e-03  -6.1365583e-02
   3.4100000e+02   2.7653610e+01   4.2388200e+00  -1.5867169e-02  -5.4024736e-03  -6.1658259e-02
   3.4200000e+02   2.7580980e+01   4.2375730e+00  -1.6381310e-02  -5.4454960e-03  -6.1950973e-02
   3.4300000e+02   2.7508800e+01   4.2363240e+00  -1.6895785e-02  -5.4886276e-03  -6.2243766e-02
   3.4400000e+02   2.7437040e+01   4.2350740e+00  -1.7410523e-02  -5.5318559e-03  -6.2536601e-02
   3.4500000e+02   2.7365720e+01   4.2338220e+00  -1.7925542e-02  -5.5751868e-03  -6.2829493e-02
   3.4600000e+02   2.7294810e+01   4.2325690e+00  -1.8440737e-02  -5.6186081e-03  -6.3122395e-02
   3.4700000e+02   2.7224330e+01   4.2313160e+00  -1.8956199e-02  -5.6621323e-03  -6.3415324e-02
   3.4800000e+02   2.7154270e+01   4.2300600e+00  -1.9471786e-02  -5.7057466e-03  -6.3708264e-02
   3.4900000e+02   2.7084620e+01   4.2288040e+00  -1.9987590e-02  -5.7494528e-03  -6.4001218e-02
   3.5000000e+02   2.7015380e+01   4.2275470e+00  -2.0503452e-02  -5.7932478e-03  -6.4294129e-02
   3.5100000e+02   2.6946540e+01   4.2262880e+00  -2.1019530e-02  -5.8371274e-03  -6.4587082e-02
   3.5200000e+02   2.6878110e+01   4.2250280e+00  -2.1535686e-02  -5.8810967e-03  -6.4880005e-02
   3.5300000e+02   2.6810080e+01   4.2237670e+00  -2.2051908e-02  -5.9251476e-03  -6.5172895e-02
   3.5400000e+02   2.6742440e+01   4.2225050e+00  -2.2568163e-02  -5.9692786e-03  -6.5465735e-02
   3.5500000e+02   2.6675190e+01   4.2212420e+00  -2.3084464e-02  -6.0134853e-03  -6.5758540e-02
   3.5600000e+02   2.6608340e+01   4.2199780e+00  -2.3600803e-02  -6.0577771e-03  -6.6051294e-02
   3.5700000e+02   2.6541870e+01   4.2187130e+00  -2.4117130e-02  -6.1021392e-03  -6.6343990e-02
   3.5800000e+02   2.6475780e+01   4.2174470e+00  -2.4633452e-02  -6.1465755e-03  -6.6636632e-02
   3.5900000e+02   2.6410060e+01   4.2161800e+00  -2.5149710e-02  -6.1910780e-03  -6.6929191e-02
   3.6000000e+02   2.6344730e+01   4.2149120e+00  -2.5665945e-02  -6.2356574e-03  -6.7221683e-02
   3.6100000e+02   2.6279770e+01   4.2136430e+00  -2.6182028e-02  -6.2803012e-03  -6.7514054e-02
   3.6200000e+02   2.6215170e+01   4.2123730e+00  -2.6698070e-02  -6.3250077e-03  -6.7806364e-02
   3.6300000e+02   2.6150940e+01   4.2111020e+00  -2.7214023e-02  -6.3697800e-03  -6.8098583e-02
   3.6400000e+02   2.6087080e+01   4.2098300e+00  -2.7729817e-02  -6.4146168e-03  -6.8390688e-02
   3.6500000e+02   2.6023570e+01   4.2085570e+00  -2.8245417e-02  -6.4595052e-03  -6.8682663e-02
   3.6600000e+02   2.5960420e+01   4.2072840e+00  -2.8760925e-02  -6.5044572e-03  -6.8974536e-02
   3.6700000e+02   2.5897620e+01   4.2060100e+00  -2.9276159e-02  -6.5494610e-03  -6.9266244e-02
   3.6800000e+02   2.5835180e+01   4.2047340e+00  -2.9791273e-02  -6.5945227e-03  -6.9557877e-02
   3.6900000e+02   2.5773080e+01   4.2034590e+00  -3.0306116e-02  -6.6396342e-03  -6.9849318e-02
   3.7000000e+02   2.5711320e+01   4.2021820e+00  -3.0820770e-02  -6.6847923e-03  -7.0140659e-02
   3.7100000e+02   2.5649910e+01   4.2009050e+00  -3.1335170e-02  -6.7300043e-03  -7.0431831e-02
   3.7200000e+02   2.5588840e+01   4.1996270e+00  -3.1849254e-02  -6.7752591e-03  -7.0722830e-02
   3.7300000e+02   2.5528100e+01   4.1983480e+00  -3.2363108e-02  -6.8205589e-03  -7.1013695e-02
   3.7400000e+02   2.5467690e+01   4.1970680e+00  -3.2876639e-02  -6.8658946e-03  -7.1304389e-02
   3.7500000e+02   2.5407620e+01   4.1957880e+00  -3.3389835e-02  -6.9112788e-03  -7.1594881e-02
   3.7600000e+02   2.5347870e+01   4.1945080e+00  -3.3902687e-02  -6.9566975e-03  -7.1885180e-02
   3.7700000e+02   2.5288450e+01   4.1932260e+00  -3.4415269e-02  -7.0021561e-03  -7.2175346e-02
   3.7800000e+02   2.5229350e+01   4.1919440e+00  -3.4927432e-02  -7.0476464e-03  -7.2465281e-02
   3.7900000e+02   2.5170570e+01   4.1906620e+00  -3.5439234e-02  -7.0931713e-03  -7.2755024e-02
   3.8000000e+02   2.5112110e+01   4.1893790e+00  -3.5950664e-02  -7.1387288e-03  -7.3044576e-02
   3.8100000e+02   2.5053960e+01   4.1880950e+00  -3.6461696e-02  -7.1843141e-03  -7.3333924e-02
   3.8200000e+02   2.4996120e+01   4.1868110e+00  -3.6972315e-02  -7.2299262e-03  -7.3623063e-02
   3.8300000e+02   2.4938600e+01   4.1855270e+00  -3.7482505e-02  -7.2755706e-03  -7.3911970e-02
   3.8400000e+02   2.4881370e+01   4.1842420e+00  -3.7992236e-02  -7.3212284e-03  -7.4200657e-02
   3.8500000e+02   2.4824460e+01   4.1829560e+00  -3.8501513e-02  -7.3669154e-03  -7.4489127e-02
   3.8600000e+02   2.4767840e+01   4.1816700e+00  -3.9010356e-02  -7.4126195e-03  -7.4777376e-02
   3.8700000e+02   2.4711530e+01   4.1803840e+00  -3.9518697e-02  -7.4583477e-03  -7.5065363e-02
   3.8800000e+02   2.4655510e+01   4.1790970e+00  -4.0026521e-02  -7.5040877e-03  -7.5353118e-02
   3.8900000e+02   2.4599780e+01   4.1778100e+00  -4.0533817e-02  -7.5498401e-03  -7.5640605e-02
   3.9000000e+02   2.4544350e+01   4.1765230e+00  -4.1040673e-02  -7.5956138e-03  -7.5927871e-02
   3.9100000e+02   2.4489210e+01   4.1752350e+00  -4.1546987e-02  -7.6413962e-03  -7.6214888e-02
   3.9200000e+02   2.4434350e+01   4.1739480e+00  -4.2052717e-02  -7.6871888e-03  -7.6501609e-02
   3.9300000e+02   2.4379780e+01   4.1726590e+00  -4.2557978e-02  -7.7329905e-03  -7.6788129e-02
   3.9400000e+02   2.4325490e+01   4.1713710e+00  -4.3062611e-02  -7.7787960e-03  -7.7074337e-02
   3.9500000e+02   2.4271490e+01   4.1700820e+00  -4.3566663e-02  -7.8246136e-03  -7.7360277e-02
   3.9600000e+02   2.4217760e+01   4.1687930e+00  -4.4070212e-02  -7.8704322e-03  -7.7645976e-02
   3.9700000e+02   2.4164310e+01   4.1675040e+00  -4.4573063e-02  -7.9162505e-03  -7.7931344e-02
   3.9800000e+02   2.4111130e+01   4.1662150e+00  -4.5075372e-02  -7.9620702e-03  -7.8216459e-02
   3.9900000e+02   2.4058220e+01   4.1649250e+00  -4.5577064e-02  -8.0078852e-03  -7.8501302e-02
   4.0000000e+02   2.4005580e+01   4.1636360e+00  -4.6078144e-02  -8.0537013e-03  -7.8785837e-02
   4.0100000e+02   2.3953210e+01   4.1623460e+00  -4.6578587e-02  -8.0995110e-03  -7.9070095e-02
   4.0200000e+02   2.3901110e+01   4.1610560e+00  -4.7078385e-02  -8.1453182e-03  -7.9354052e-02
   4.0300000e+02   2.3849270e+01   4.1597660e+00  -4.7577455e-02  -8.1911137e-03  -7.9637671e-02
   4.0400000e+02   2.3797690e+01   4.1584760e+00  -4.8075969e-02  -8.2369038e-03  -7.9921033e-02
   4.0500000e+02   2.3746360e+01   4.1571860e+00  -4.8573781e-02  -8.2826751e-03  -8.0204080e-02
   4.0600000e+02   2.3695300e+01   4.1558960e+00  -4.9070874e-02  -8.3284404e-03  -8.0486791e-02
   4.0700000e+02   2.3644490e+01   4.1546060e+00  -4.9567357e-02  -8.3741917e-03  -8.0769229e-02
   4.0800000e+02   2.3593940e+01   4.1533160e+00  -5.0063069e-02  -8.4199305e-03  -8.1051312e-02
   4.0900000e+02   2.3543630e+01   4.1520260e+00  -5.0558112e-02  -8.4656451e-03  -8.1333096e-02
   4.1000000e+02   2.3493580e+01   4.1507360e+00  -5.1052429e-02  -8.5113491e-03  -8.1614553e-02
   4.1100000e+02   2.3443770e+01   4.1494460e+00  -5.1546035e-02  -8.5570281e-03  -8.1895688e-02
   4.1200000e+02   2.3394210e+01   4.1481570e+00  -5.2038908e-02  -8.6026910e-03  -8.2176475e-02
   4.1300000e+02   2.3344890e+01   4.1468670e+00  -5.2531035e-02  -8.6483266e-03  -8.2456942e-02
   4.1400000e+02   2.3295810e+01   4.1455770e+00  -5.3022494e-02  -8.6939388e-03  -8.2737124e-02
   4.1500000e+02   2.3246980e+01   4.1442880e+00  -5.3513144e-02  -8.7395314e-03  -8.3016914e-02
   4.1600000e+02   2.3198380e+01   4.1429990e+00  -5.4003059e-02  -8.7850940e-03  -8.3296382e-02
   4.1700000e+02   2.3150020e+01   4.1417100e+00  -5.4492151e-02  -8.8306263e-03  -8.3575486e-02
   4.1800000e+02   2.3101890e+01   4.1404210e+00  -5.4980559e-02  -8.8761306e-03  -8.3854290e-02
   4.1900000e+02   2.3053990e+01   4.1391320e+00  -5.5468141e-02  -8.9215995e-03  -8.4132731e-02
   4.2000000e+02   2.3006330e+01   4.1378440e+00  -5.5954920e-02  -8.9670435e-03  -8.4410794e-02
   4.2100000e+02   2.2958900e+01   4.1365560e+00  -5.6440938e-02  -9.0124545e-03  -8.4688524e-02
   4.2200000e+02   2.2911690e+01   4.1352680e+00  -5.6926174e-02  -9.0578255e-03  -8.4965917e-02
   4.2300000e+02   2.2864710e+01   4.1339810e+00  -5.7410595e-02  -9.1031652e-03  -8.5242925e-02
   4.2400000e+02   2.2817950e+01   4.1326930e+00  -5.7894213e-02  -9.1484592e-03  -8.5519610e-02
   4.2500000e+02   2.2771410e+01   4.1314060e+00  -5.8376983e-02  -9.1937153e-03  -8.5795908e-02
   4.2600000e+02   2.2725100e+01   4.1301200e+00  -5.8858957e-02  -9.2389406e-03  -8.6071831e-02
   4.2700000e+02   2.2679000e+01   4.1288340e+00  -5.9340158e-02  -9.2841165e-03  -8.6347435e-02
   4.2800000e+02   2.2633130e+01   4.1275480e+00  -5.9820444e-02  -9.3292566e-03  -8.6622627e-02
   4.2900000e+02   2.2587460e+01   4.1262620e+00  -6.0299958e-02  -9.3743417e-03  -8.6897493e-02
   4.3000000e+02   2.2542020e+01   4.1249770e+00  -6.0778626e-02  -9.4193972e-03  -8.7171969e-02
   4.3100000e+02   2.2496780e+01   4.1236930e+00  -6.1256420e-02  -9.4643951e-03  -8.7446060e-02
   4.3200000e+02   2.2451760e+01   4.1224080e+00  -6.1733407e-02  -9.5093510e-03  -8.7719814e-02
   4.3300000e+02   2.2406940e+01   4.1211250e+00  -6.2209468e-02  -9.5542516e-03  -8.7993142e-02
   4.3400000e+02   2.2362340e+01   4.1198410e+00  -6.2684755e-02  -9.5991120e-03  -8.8266139e-02
   4.3500000e+02   2.2317940e+01   4.1185590e+00  -6.3159107e-02  -9.6439173e-03  -8.8538708e-02
   4.3600000e+02   2.2273740e+01   4.1172760e+00  -6.3632649e-02  -9.6886625e-03  -8.8810956e-02
   4.3700000e+02   2.2229750e+01   4.1159950e+00  -6.4105282e-02  -9.7333643e-03  -8.9082771e-02
   4.3800000e+02   2.2185960e+01   4.1147130e+00  -6.4577087e-02  -9.7780101e-03  -8.9354252e-02
   4.3900000e+02   2.2142370e+01   4.1134330e+00  -6.5047947e-02  -9.8225955e-03  -8.9625295e-02
   4.4000000e+02   2.2098980e+01   4.1121530e+00  -6.5518006e-02  -9.8671337e-03  -8.9895992e-02
   4.4100000e+02   2.2055790e+01   4.1108730e+00  -6.5987130e-02  -9.9116073e-03  -9.0166296e-02
   4.4200000e+02   2.2012800e+01   4.1095940e+00  -6.6455401e-02  -9.9560314e-03  -9.0436213e-02
   4.4300000e+02   2.1970000e+01   4.1083160e+00  -6.6922756e-02  -1.0000391e-02  -9.0705725e-02
   4.4400000e+02   2.1927390e+01   4.1070380e+00  -6.7389179e-02  -1.0044682e-02  -9.0974847e-02
   4.4500000e+02   2.1884980e+01   4.1057610e+00  -6.7854737e-02  -1.0088921e-02  -9.1243577e-02
   4.4600000e+02   2.1842750e+01   4.1044850e+00  -6.8319375e-02  -1.0133090e-02  -9.1511900e-02
   4.4700000e+02   2.1800720e+01   4.1032090e+00  -6.8783140e-02  -1.0177204e-02  -9.1779854e-02
   4.4800000e+02   2.1758870e+01   4.1019340e+00  -6.9245975e-02  -1.0221243e-02  -9.2047400e-02
   4.4900000e+02   2.1717210e+01   4.1006600e+00  -6.9707884e-02  -1.0265222e-02  -9.2314539e-02
   4.5000000e+02   2.1675730e+01   4.0993860e+00  -7.0168919e-02  -1.0309127e-02  -9.2581309e-02
   4.5100000e+02   2.1634440e+01   4.0981130e+00  -7.0628987e-02  -1.0352971e-02  -9.2847649e-02
   4.5200000e+02   2.1593340e+01   4.0968410e+00  -7.1088270e-02  -1.0396758e-02  -9.3113640e-02
   4.5300000e+02   2.1552410e+01   4.0955700e+00  -7.1546435e-02  -1.0440457e-02  -9.3379137e-02
   4.5400000e+02   2.1511660e+01   4.0942990e+00  -7.2003789e-02  -1.0484088e-02  -9.3644307e-02
   4.5500000e+02   2.1471100e+01   4.0930300e+00  -7.2460194e-02  -1.0527660e-02  -9.3909026e-02
   4.5600000e+02   2.1430710e+01   4.0917610e+00  -7.2915732e-02  -1.0571156e-02  -9.4173391e-02
   4.5700000e+02   2.1390490e+01   4.0904920e+00  -7.3370203e-02  -1.0614560e-02  -9.4437303e-02
   4.5800000e+02   2.1350450e+01   4.0892250e+00  -7.3823883e-02  -1.0657908e-02  -9.4700858e-02
   4.5900000e+02   2.1310590e+01   4.0879580e+00  -7.4276581e-02  -1.0701179e-02  -9.4963989e-02
   4.6000000e+02   2.1270900e+01   4.0866930e+00  -7.4728319e-02  -1.0744377e-02  -9.5226679e-02
   4.6100000e+02   2.1231380e+01   4.0854280e+00  -7.5179152e-02  -1.0787493e-02  -9.5489001e-02
   4.6200000e+02   2.1192030e+01   4.0841640e+00  -7.5629015e-02  -1.0830532e-02  -9.5750896e-02
   4.6300000e+02   2.1152850e+01   4.0829010e+00  -7.6077903e-02  -1.0873491e-02  -9.6012356e-02
   4.6400000e+02   2.1113840e+01   4.0816390e+00  -7.6525923e-02  -1.0916376e-02  -9.6273443e-02
   4.6500000e+02   2.1074990e+01   4.0803770e+00  -7.6972958e-02  -1.0959170e-02  -9.6534122e-02
   4.6600000e+02   2.1036310e+01   4.0791170e+00  -7.7419062e-02  -1.1001893e-02  -9.6794374e-02
   4.6700000e+02   2.0997800e+01   4.0778580e+00  -7.7864225e-02  -1.1044540e-02  -9.7054205e-02
   4.6800000e+02   2.0959450e+01   4.0765990e+00  -7.8308480e-02  -1.1087098e-02  -9.7313668e-02
   4.6900000e+02   2.0921260e+01   4.0753420e+00  -7.8751751e-02  -1.1129573e-02  -9.7572685e-02
   4.7000000e+02   2.0883230e+01   4.0740850e+00  -7.9194058e-02  -1.1171961e-02  -9.7831296e-02
   4.7100000e+02   2.0845370e+01   4.0728300e+00  -7.9635409e-02  -1.1214275e-02  -9.8089473e-02
   4.7200000e+02   2.0807660e+01   4.0715750e+00  -8.0075837e-02  -1.1256494e-02  -9.8347268e-02
   4.7300000e+02   2.0770110e+01   4.0703220e+00  -8.0515339e-02  -1.1298637e-02  -9.8604639e-02
   4.7400000e+02   2.0732710e+01   4.0690690e+00  -8.0953827e-02  -1.1340676e-02  -9.8861592e-02
   4.7500000e+02   2.0695480e+01   4.0678180e+00  -8.1391367e-02  -1.1382649e-02  -9.9118099e-02
   4.7600000e+02   2.0658400e+01   4.0665670e+00  -8.1827989e-02  -1.1424523e-02  -9.9374238e-02
   4.7700000e+02   2.0621470e+01   4.0653180e+00  -8.2263614e-02  -1.1466310e-02  -9.9629926e-02
   4.7800000e+02   2.0584690e+01   4.0640700e+00  -8.2698278e-02  -1.1507999e-02  -9.9885203e-02
   4.7900000e+02   2.0548070e+01   4.0628230e+00  -8.3132024e-02  -1.1549613e-02  -1.0014006e-01
   4.8000000e+02   2.0511600e+01   4.0615760e+00  -8.3564860e-02  -1.1591133e-02  -1.0039455e-01
   4.8100000e+02   2.0475270e+01   4.0603310e+00  -8.3996691e-02  -1.1632551e-02  -1.0064860e-01
   4.8200000e+02   2.0439100e+01   4.0590870e+00  -8.4427567e-02  -1.1673891e-02  -1.0090222e-01
   4.8300000e+02   2.0403070e+01   4.0578450e+00  -8.4857465e-02  -1.1715131e-02  -1.0115540e-01
   4.8400000e+02   2.0367190e+01   4.0566030e+00  -8.5286429e-02  -1.1756277e-02  -1.0140820e-01
   4.8500000e+02   2.0331460e+01   4.0553620e+00  -8.5714442e-02  -1.1797336e-02  -1.0166057e-01
   4.8600000e+02   2.0295870e+01   4.0541230e+00  -8.6141501e-02  -1.1838296e-02  -1.0191253e-01
   4.8700000e+02   2.0260430e+01   4.0528850e+00  -8.6567623e-02  -1.1879172e-02  -1.0216407e-01
   4.8800000e+02   2.0225130e+01   4.0516480e+00  -8.6992735e-02  -1.1919943e-02  -1.0241517e-01
   4.8900000e+02   2.0189970e+01   4.0504120e+00  -8.7416913e-02  -1.1960621e-02  -1.0266587e-01
   4.9000000e+02   2.0154950e+01   4.0491770e+00  -8.7840134e-02  -1.2001197e-02  -1.0291616e-01
   4.9100000e+02   2.0120070e+01   4.0479440e+00  -8.8262382e-02  -1.2041682e-02  -1.0316600e-01
   4.9200000e+02   2.0085330e+01   4.0467110e+00  -8.8683703e-02  -1.2082064e-02  -1.0341547e-01
   4.9300000e+02   2.0050730e+01   4.0454800e+00  -8.9104076e-02  -1.2122352e-02  -1.0366450e-01
   4.9400000e+02   2.0016270e+01   4.0442500e+00  -8.9523501e-02  -1.2162546e-02  -1.0391313e-01
   4.9500000e+02   1.9981940e+01   4.0430220e+00  -8.9941924e-02  -1.2202634e-02  -1.0416130e-01
   4.9600000e+02   1.9947750e+01   4.0417940e+00  -9.0359445e-02  -1.2242624e-02  -1.0440910e-01
   4.9700000e+02   1.9913700e+01   4.0405680e+00  -9.0776000e-02  -1.2282526e-02  -1.0465646e-01
   4.9800000e+02   1.9879780e+01   4.0393430e+00  -9.1191575e-02  -1.2322318e-02  -1.0490340e-01
   4.9900000e+02   1.9845990e+01   4.0381200e+00  -9.1606223e-02  -1.2362010e-02  -1.0514992e-01
   5.0000000e+02   1.9812340e+01   4.0368970e+00  -9.2019912e-02  -1.2401606e-02  -1.0539604e-01
   5.0100000e+02   1.9778810e+01   4.0356760e+00  -9.2432644e-02  -1.2441088e-02  -1.0564173e-01
   5.0200000e+02   1.9745420e+01   4.0344570e+00  -9.2844407e-02  -1.2480482e-02  -1.0588698e-01
   5.0300000e+02   1.9712160e+01   4.0332380e+00  -9.3255271e-02  -1.2519770e-02  -1.0613186e-01
   5.0400000e+02   1.9679020e+01   4.0320210e+00  -9.3665135e-02  -1.2558947e-02  -1.0637629e-01
   5.0500000e+02   1.9646020e+01   4.0308050e+00  -9.4074088e-02  -1.2598034e-02  -1.0662032e-01
   5.0600000e+02   1.9613140e+01   4.0295910e+00  -9.4482071e-02  -1.2637012e-02  -1.0686392e-01
   5.0700000e+02   1.9580390e+01   4.0283780e+00  -9.4889133e-02  -1.2675885e-02  -1.0710712e-01
   5.0800000e+02   1.9547760e+01   4.0271660e+00  -9.5295222e-02  -1.2714647e-02  -1.0734990e-01
   5.0900000e+02   1.9515260e+01   4.0259550e+00  -9.5700403e-02  -1.2753312e-02  -1.0759229e-01
   5.1000000e+02   1.9482880e+01   4.0247460e+00  -9.6104579e-02  -1.2791866e-02  -1.0783421e-01
   5.1100000e+02   1.9450630e+01   4.0235390e+00  -9.6507843e-02  -1.2830327e-02  -1.0807572e-01
   5.1200000e+02   1.9418500e+01   4.0223320e+00  -9.6910190e-02  -1.2868673e-02  -1.0831686e-01
   5.1300000e+02   1.9386490e+01   4.0211270e+00  -9.7311595e-02  -1.2906914e-02  -1.0855758e-01
   5.1400000e+02   1.9354600e+01   4.0199240e+00  -9.7712037e-02  -1.2945049e-02  -1.0879786e-01
   5.1500000e+02   1.9322840e+01   4.0187210e+00  -9.8111554e-02  -1.2983084e-02  -1.0903775e-01
   5.1600000e+02   1.9291190e+01   4.0175210e+00  -9.8510117e-02  -1.3021005e-02  -1.0927719e-01
   5.1700000e+02   1.9259660e+01   4.0163210e+00  -9.8907756e-02  -1.3058814e-02  -1.0951626e-01
   5.1800000e+02   1.9228250e+01   4.0151230e+00  -9.9304493e-02  -1.3096523e-02  -1.0975492e-01
   5.1900000e+02   1.9196960e+01   4.0139270e+00  -9.9700234e-02  -1.3134126e-02  -1.0999311e-01
   5.2000000e+02   1.9165790e+01   4.0127320e+00  -1.0009509e-01  -1.3171627e-02  -1.1023093e-01
   5.2100000e+02   1.9134730e+01   4.0115380e+00  -1.0048901e-01  -1.3209009e-02  -1.1046834e-01
   5.2200000e+02   1.9103780e+01   4.0103460e+00  -1.0088198e-01  -1.3246277e-02  -1.1070533e-01
   5.2300000e+02   1.9072950e+01   4.0091550e+00  -1.0127403e-01  -1.3283441e-02  -1.1094191e-01
   5.2400000e+02   1.9042240e+01   4.0079650e+00  -1.0166517e-01  -1.3320503e-02  -1.1117810e-01
   5.2500000e+02   1.9011640e+01   4.0067780e+00  -1.0205538e-01  -1.3357458e-02  -1.1141385e-01
   5.2600000e+02   1.8981150e+01   4.0055910e+00  -1.0244465e-01  -1.3394292e-02  -1.1164921e-01
   5.2700000e+02   1.8950770e+01   4.0044060e+00  -1.0283301e-01  -1.3431017e-02  -1.1188416e-01
   5.2800000e+02   1.8920510e+01   4.0032230e+00  -1.0322044e-01  -1.3467647e-02  -1.1211867e-01
   5.2900000e+02   1.8890350e+01   4.0020410e+00  -1.0360695e-01  -1.3504146e-02  -1.1235281e-01
   5.3000000e+02   1.8860300e+01   4.0008600e+00  -1.0399257e-01  -1.3540540e-02  -1.1258655e-01
   5.3100000e+02   1.8830370e+01   3.9996810e+00  -1.0437724e-01  -1.3576833e-02  -1.1281985e-01
   5.3200000e+02   1.8800540e+01   3.9985040e+00  -1.0476099e-01  -1.3613009e-02  -1.1305274e-01
   5.3300000e+02   1.8770820e+01   3.9973280e+00  -1.0514385e-01  -1.3649076e-02  -1.1328524e-01
   5.3400000e+02   1.8741210e+01   3.9961530e+00  -1.0552580e-01  -1.3685030e-02  -1.1351735e-01
   5.3500000e+02   1.8711710e+01   3.9949800e+00  -1.0590687e-01  -1.3720880e-02  -1.1374906e-01
   5.3600000e+02   1.8682310e+01   3.9938090e+00  -1.0628698e-01  -1.3756610e-02  -1.1398033e-01
   5.3700000e+02   1.8653010e+01   3.9926390e+00  -1.0666619e-01  -1.3792220e-02  -1.1421121e-01
   5.3800000e+02   1.8623820e+01   3.9914700e+00  -1.0704451e-01  -1.3827726e-02  -1.1444170e-01
   5.3900000e+02   1.8594740e+01   3.9903040e+00  -1.0742193e-01  -1.3863132e-02  -1.1467176e-01
   5.4000000e+02   1.8565760e+01   3.9891380e+00  -1.0779845e-01  -1.3898416e-02  -1.1490144e-01
   5.4100000e+02   1.8536880e+01   3.9879740e+00  -1.0817407e-01  -1.3933582e-02  -1.1513074e-01
   5.4200000e+02   1.8508100e+01   3.9868120e+00  -1.0854878e-01  -1.3968636e-02  -1.1535960e-01
   5.4300000e+02   1.8479430e+01   3.9856520e+00  -1.0892258e-01  -1.4003592e-02  -1.1558804e-01
   5.4400000e+02   1.8450860e+01   3.9844930e+00  -1.0929550e-01  -1.4038430e-02  -1.1581610e-01
   5.4500000e+02   1.8422390e+01   3.9833350e+00  -1.0966754e-01  -1.4073152e-02  -1.1604379e-01
   5.4600000e+02   1.8394010e+01   3.9821790e+00  -1.1003867e-01  -1.4107752e-02  -1.1627105e-01
   5.4700000e+02   1.8365740e+01   3.9810250e+00  -1.1040891e-01  -1.4142253e-02  -1.1649791e-01
   5.4800000e+02   1.8337570e+01   3.9798720e+00  -1.1077829e-01  -1.4176639e-02  -1.1672440e-01
   5.4900000e+02   1.8309490e+01   3.9787210e+00  -1.1114676e-01  -1.4210901e-02  -1.1695046e-01
   5.5000000e+02   1.8281520e+01   3.9775710e+00  -1.1151437e-01  -1.4245065e-02  -1.1717616e-01
   5.5100000e+02   1.8253640e+01   3.9764230e+00  -1.1188111e-01  -1.4279109e-02  -1.1740145e-01
   5.5200000e+02   1.8225850e+01   3.9752760e+00  -1.1224691e-01  -1.4313029e-02  -1.1762634e-01
   5.5300000e+02   1.8198170e+01   3.9741320e+00  -1.1261187e-01  -1.4346860e-02  -1.1785080e-01
   5.5400000e+02   1.8170570e+01   3.9729880e+00  -1.1297594e-01  -1.4380545e-02  -1.1807492e-01
   5.5500000e+02   1.8143080e+01   3.9718470e+00  -1.1333916e-01  -1.4414150e-02  -1.1829861e-01
   5.5600000e+02   1.8115670e+01   3.9707070e+00  -1.1370148e-01  -1.4447614e-02  -1.1852192e-01
   5.5700000e+02   1.8088370e+01   3.9695680e+00  -1.1406296e-01  -1.4480986e-02  -1.1874485e-01
   5.5800000e+02   1.8061150e+01   3.9684310e+00  -1.1442356e-01  -1.4514226e-02  -1.1896740e-01
   5.5900000e+02   1.8034030e+01   3.9672960e+00  -1.1478328e-01  -1.4547364e-02  -1.1918952e-01
   5.6000000e+02   1.8007000e+01   3.9661630e+00  -1.1514214e-01  -1.4580386e-02  -1.1941125e-01
   5.6100000e+02   1.7980060e+01   3.9650310e+00  -1.1550012e-01  -1.4613287e-02  -1.1963260e-01
   5.6200000e+02   1.7953210e+01   3.9639000e+00  -1.1585727e-01  -1.4646074e-02  -1.1985358e-01
   5.6300000e+02   1.7926460e+01   3.9627720e+00  -1.1621356e-01  -1.4678762e-02  -1.2007415e-01
   5.6400000e+02   1.7899790e+01   3.9616450e+00  -1.1656897e-01  -1.4711322e-02  -1.2029434e-01
   5.6500000e+02   1.7873220e+01   3.9605190e+00  -1.1692354e-01  -1.4743782e-02  -1.2051413e-01
   5.6600000e+02   1.7846730e+01   3.9593960e+00  -1.1727723e-01  -1.4776114e-02  -1.2073352e-01
   5.6700000e+02   1.7820330e+01   3.9582730e+00  -1.1763013e-01  -1.4808331e-02  -1.2095259e-01
   5.6800000e+02   1.7794020e+01   3.9571530e+00  -1.1798215e-01  -1.4840442e-02  -1.2117123e-01
   5.6900000e+02   1.7767800e+01   3.9560340e+00  -1.1833332e-01  -1.4872443e-02  -1.2138948e-01
   5.7000000e+02   1.7741670e+01   3.9549170e+00  -1.1868363e-01  -1.4904329e-02  -1.2160734e-01
   5.7100000e+02   1.7715620e+01   3.9538020e+00  -1.1903311e-01  -1.4936094e-02  -1.2182482e-01
   5.7200000e+02   1.7689660e+01   3.9526880e+00  -1.1938175e-01  -1.4967749e-02  -1.2204193e-01
   5.7300000e+02   1.7663780e+01   3.9515760e+00  -1.1972956e-01  -1.4999282e-02  -1.2225866e-01
   5.7400000e+02   1.7638000e+01   3.9504650e+00  -1.2007653e-01  -1.5030725e-02  -1.2247500e-01
   5.7500000e+02   1.7612290e+01   3.9493560e+00  -1.2042266e-01  -1.5062029e-02  -1.2269097e-01
   5.7600000e+02   1.7586670e+01   3.9482490e+00  -1.2076796e-01  -1.5093226e-02  -1.2290655e-01
   5.7700000e+02   1.7561130e+01   3.9471440e+00  -1.2111239e-01  -1.5124307e-02  -1.2312172e-01
   5.7800000e+02   1.7535680e+01   3.9460400e+00  -1.2145604e-01  -1.5155281e-02  -1.2333655e-01
   5.7900000e+02   1.7510310e+01   3.9449380e+00  -1.2179886e-01  -1.5186140e-02  -1.2355100e-01
   5.8000000e+02   1.7485030e+01   3.9438370e+00  -1.2214086e-01  -1.5216892e-02  -1.2376508e-01
   5.8100000e+02   1.7459820e+01   3.9427380e+00  -1.2248204e-01  -1.5247512e-02  -1.2397879e-01
   5.8200000e+02   1.7434700e+01   3.9416410e+00  -1.2282237e-01  -1.5278038e-02  -1.2419209e-01
   5.8300000e+02   1.7409660e+01   3.9405460e+00  -1.2316188e-01  -1.5308444e-02  -1.2440500e-01
   5.8400000e+02   1.7384700e+01   3.9394520e+00  -1.2350061e-01  -1.5338734e-02  -1.2461759e-01
   5.8500000e+02   1.7359820e+01   3.9383600e+00  -1.2383849e-01  -1.5368913e-02  -1.2482977e-01
   5.8600000e+02   1.7335020e+01   3.9372700e+00  -1.2417557e-01  -1.5398977e-02  -1.2504158e-01
   5.8700000e+02   1.7310300e+01   3.9361810e+00  -1.2451187e-01  -1.5428929e-02  -1.2525304e-01
   5.8800000e+02   1.7285660e+01   3.9350940e+00  -1.2484733e-01  -1.5458770e-02  -1.2546410e-01
   5.8900000e+02   1.7261090e+01   3.9340090e+00  -1.2518197e-01  -1.5488485e-02  -1.2567480e-01
   5.9000000e+02   1.7236610e+01   3.9329250e+00  -1.2551586e-01  -1.5518097e-02  -1.2588515e-01
   5.9100000e+02   1.7212200e+01   3.9318430e+00  -1.2584889e-01  -1.5547590e-02  -1.2609511e-01
   5.9200000e+02   1.7187880e+01   3.9307630e+00  -1.2618117e-01  -1.5576990e-02  -1.2630470e-01
   5.9300000e+02   1.7163630e+01   3.9296850e+00  -1.2651260e-01  -1.5606275e-02  -1.2651388e-01
   5.9400000e+02   1.7139450e+01   3.9286080e+00  -1.2684324e-01  -1.5635427e-02  -1.2672274e-01
   5.9500000e+02   1.7115350e+01   3.9275330e+00  -1.2717313e-01  -1.5664473e-02  -1.2693124e-01
   5.9600000e+02   1.7091330e+01   3.9264600e+00  -1.2750221e-01  -1.5693415e-02  -1.2713935e-01
   5.9700000e+02   1.7067380e+01   3.9253880e+00  -1.2783050e-01  -1.5722231e-02  -1.2734713e-01
   5.9800000e+02   1.7043510e+01   3.9243180e+00  -1.2815798e-01  -1.5750945e-02  -1.2755450e-01
   5.9900000e+02   1.7019720e+01   3.9232500e+00  -1.2848473e-01  -1.5779562e-02  -1.2776154e-01
   6.0000000e+02   1.6995990e+01   3.9221830e+00  -1.2881065e-01  -1.5808033e-02  -1.2796821e-01
   6.0100000e+02   1.6972350e+01   3.9211190e+00  -1.2913581e-01  -1.5836435e-02  -1.2817448e-01
   6.0200000e+02   1.6948770e+01   3.9200550e+00  -1.2946018e-01  -1.5864689e-02  -1.2838044e-01
   6.0300000e+02   1.6925270e+01   3.9189940e+00  -1.2978380e-01  -1.5892845e-02  -1.2858603e-01
   6.0400000e+02   1.6901840e+01   3.9179340e+00  -1.3010660e-01  -1.5920884e-02  -1.2879124e-01
   6.0500000e+02   1.6878480e+01   3.9168770e+00  -1.3042863e-01  -1.5948819e-02  -1.2899607e-01
   6.0600000e+02   1.6855200e+01   3.9158200e+00  -1.3074993e-01  -1.5976642e-02  -1.2920058e-01
   6.0700000e+02   1.6831990e+01   3.9147660e+00  -1.3107043e-01  -1.6004360e-02  -1.2940470e-01
   6.0800000e+02   1.6808850e+01   3.9137130e+00  -1.3139018e-01  -1.6031963e-02  -1.2960848e-01
   6.0900000e+02   1.6785780e+01   3.9126620e+00  -1.3170916e-01  -1.6059453e-02  -1.2981190e-01
   6.1000000e+02   1.6762780e+01   3.9116130e+00  -1.3202739e-01  -1.6086832e-02  -1.3001496e-01
   6.1100000e+02   1.6739850e+01   3.9105650e+00  -1.3234483e-01  -1.6114097e-02  -1.3021768e-01
   6.1200000e+02   1.6716990e+01   3.9095190e+00  -1.3266152e-01  -1.6141254e-02  -1.3042002e-01
   6.1300000e+02   1.6694200e+01   3.9084750e+00  -1.3297746e-01  -1.6168301e-02  -1.3062202e-01
   6.1400000e+02   1.6671480e+01   3.9074320e+00  -1.3329266e-01  -1.6195240e-02  -1.3082368e-01
   6.1500000e+02   1.6648830e+01   3.9063920e+00  -1.3360710e-01  -1.6222076e-02  -1.3102496e-01
   6.1600000e+02   1.6626240e+01   3.9053530e+00  -1.3392077e-01  -1.6248777e-02  -1.3122590e-01
   6.1700000e+02   1.6603730e+01   3.9043150e+00  -1.3423372e-01  -1.6275397e-02  -1.3142650e-01
   6.1800000e+02   1.6581280e+01   3.9032800e+00  -1.3454592e-01  -1.6301893e-02  -1.3162673e-01
   6.1900000e+02   1.6558900e+01   3.9022460e+00  -1.3485736e-01  -1.6328282e-02  -1.3182662e-01
   6.2000000e+02   1.6536590e+01   3.9012140e+00  -1.3516807e-01  -1.6354572e-02  -1.3202615e-01
   6.2100000e+02   1.6514340e+01   3.9001830e+00  -1.3547806e-01  -1.6380733e-02  -1.3222537e-01
   6.2200000e+02   1.6492160e+01   3.8991550e+00  -1.3578726e-01  -1.6406801e-02  -1.3242418e-01
   6.2300000e+02   1.6470050e+01   3.8981280e+00  -1.3609574e-01  -1.6432764e-02  -1.3262266e-01
   6.2400000e+02   1.6448000e+01   3.8971020e+00  -1.3640355e-01  -1.6458605e-02  -1.3282085e-01
   6.2500000e+02   1.6426020e+01   3.8960790e+00  -1.3671055e-01  -1.6484350e-02  -1.3301862e-01
   6.2600000e+02   1.6404110e+01   3.8950570e+00  -1.3701689e-01  -1.6509994e-02  -1.3321609e-01
   6.2700000e+02   1.6382250e+01   3.8940370e+00  -1.3732243e-01  -1.6535504e-02  -1.3341319e-01
   6.2800000e+02   1.6360470e+01   3.8930190e+00  -1.3762728e-01  -1.6560938e-02  -1.3360994e-01
   6.2900000e+02   1.6338740e+01   3.8920020e+00  -1.3793142e-01  -1.6586228e-02  -1.3380640e-01
   6.3000000e+02   1.6317090e+01   3.8909870e+00  -1.3823484e-01  -1.6611454e-02  -1.3400247e-01
   6.3100000e+02   1.6295490e+01   3.8899740e+00  -1.3853753e-01  -1.6636539e-02  -1.3419822e-01
   6.3200000e+02   1.6273960e+01   3.8889630e+00  -1.3883948e-01  -1.6661532e-02  -1.3439359e-01
   6.3300000e+02   1.6252490e+01   3.8879530e+00  -1.3914074e-01  -1.6686412e-02  -1.3458866e-01
   6.3400000e+02   1.6231080e+01   3.8869450e+00  -1.3944125e-01  -1.6711182e-02  -1.3478337e-01
   6.3500000e+02   1.6209740e+01   3.8859390e+00  -1.3974109e-01  -1.6735864e-02  -1.3497774e-01
   6.3600000e+02   1.6188460e+01   3.8849340e+00  -1.4004022e-01  -1.6760428e-02  -1.3517179e-01
   6.3700000e+02   1.6167240e+01   3.8839310e+00  -1.4033863e-01  -1.6784886e-02  -1.3536550e-01
   6.3800000e+02   1.6146080e+01   3.8829300e+00  -1.4063634e-01  -1.6809241e-02  -1.3555886e-01
   6.3900000e+02   1.6124980e+01   3.8819310e+00  -1.4093333e-01  -1.6833479e-02  -1.3575188e-01
   6.4000000e+02   1.6103940e+01   3.8809330e+00  -1.4122964e-01  -1.6857617e-02  -1.3594459e-01
   6.4100000e+02   1.6082970e+01   3.8799370e+00  -1.4152526e-01  -1.6881664e-02  -1.3613695e-01
   6.4200000e+02   1.6062050e+01   3.8789430e+00  -1.4182014e-01  -1.6905589e-02  -1.3632896e-01
   6.4300000e+02   1.6041190e+01   3.8779500e+00  -1.4211435e-01  -1.6929403e-02  -1.3652066e-01
   6.4400000e+02   1.6020400e+01   3.8769600e+00  -1.4240787e-01  -1.6953143e-02  -1.3671200e-01
   6.4500000e+02   1.5999660e+01   3.8759700e+00  -1.4270070e-01  -1.6976751e-02  -1.3690305e-01
   6.4600000e+02   1.5978980e+01   3.8749830e+00  -1.4299283e-01  -1.7000258e-02  -1.3709374e-01
   6.4700000e+02   1.5958360e+01   3.8739970e+00  -1.4328428e-01  -1.7023666e-02  -1.3728411e-01
   6.4800000e+02   1.5937800e+01   3.8730140e+00  -1.4357502e-01  -1.7046981e-02  -1.3747411e-01
   6.4900000e+02   1.5917300e+01   3.8720310e+00  -1.4386512e-01  -1.7070183e-02  -1.3766385e-01
   6.5000000e+02   1.5896860e+01   3.8710510e+00  -1.4415450e-01  -1.7093293e-02  -1.3785319e-01
   6.5100000e+02   1.5876470e+01   3.8700720e+00  -1.4444323e-01  -1.7116283e-02  -1.3804225e-01
   6.5200000e+02   1.5856140e+01   3.8690950e+00  -1.4473125e-01  -1.7139173e-02  -1.3823097e-01
   6.5300000e+02   1.5835870e+01   3.8681200e+00  -1.4501862e-01  -1.7161969e-02  -1.3841935e-01
   6.5400000e+02   1.5815660e+01   3.8671460e+00  -1.4530534e-01  -1.7184666e-02  -1.3860743e-01
   6.5500000e+02   1.5795500e+01   3.8661740e+00  -1.4559131e-01  -1.7207251e-02  -1.3879515e-01
   6.5600000e+02   1.5775400e+01   3.8652040e+00  -1.4587668e-01  -1.7229738e-02  -1.3898258e-01
   6.5700000e+02   1.5755350e+01   3.8642350e+00  -1.4616137e-01  -1.7252111e-02  -1.3916969e-01
   6.5800000e+02   1.5735360e+01   3.8632680e+00  -1.4644538e-01  -1.7274394e-02  -1.3935646e-01
   6.5900000e+02   1.5715430e+01   3.8623030e+00  -1.4672872e-01  -1.7296585e-02  -1.3954289e-01
   6.6000000e+02   1.5695550e+01   3.8613400e+00  -1.4701142e-01  -1.7318657e-02  -1.3972903e-01
   6.6100000e+02   1.5675730e+01   3.8603780e+00  -1.4729344e-01  -1.7340645e-02  -1.3991482e-01
   6.6200000e+02   1.5655960e+01   3.8594180e+00  -1.4757479e-01  -1.7362518e-02  -1.4010030e-01
   6.6300000e+02   1.5636250e+01   3.8584600e+00  -1.4785551e-01  -1.7384309e-02  -1.4028545e-01
   6.6400000e+02   1.5616590e+01   3.8575030e+00  -1.4813555e-01  -1.7405983e-02  -1.4047030e-01
   6.6500000e+02   1.5596980e+01   3.8565480e+00  -1.4841496e-01  -1.7427546e-02  -1.4065484e-01
   6.6600000e+02   1.5577430e+01   3.8555950e+00  -1.4869369e-01  -1.7449032e-02  -1.4083903e-01
   6.6700000e+02   1.5557940e+01   3.8546430e+00  -1.4897184e-01  -1.7470430e-02  -1.4102293e-01
   6.6800000e+02   1.5538490e+01   3.8536940e+00  -1.4924924e-01  -1.7491701e-02  -1.4120646e-01
   6.6900000e+02   1.5519100e+01   3.8527460e+00  -1.4952604e-01  -1.7512884e-02  -1.4138971e-01
   6.7000000e+02   1.5499760e+01   3.8517990e+00  -1.4980221e-01  -1.7533961e-02  -1.4157267e-01
   6.7100000e+02   1.5480480e+01   3.8508540e+00  -1.5007777e-01  -1.7554955e-02  -1.4175532e-01
   6.7200000e+02   1.5461250e+01   3.8499110e+00  -1.5035266e-01  -1.7575849e-02  -1.4193762e-01
   6.7300000e+02   1.5442060e+01   3.8489700e+00  -1.5062685e-01  -1.7596616e-02  -1.4211960e-01
   6.7400000e+02   1.5422940e+01   3.8480300e+00  -1.5090051e-01  -1.7617326e-02  -1.4230131e-01
   6.7500000e+02   1.5403860e+01   3.8470920e+00  -1.5117346e-01  -1.7637916e-02  -1.4248267e-01
   6.7600000e+02   1.5384830e+01   3.8461560e+00  -1.5144579e-01  -1.7658400e-02  -1.4266373e-01
   6.7700000e+02   1.5365860e+01   3.8452210e+00  -1.5171750e-01  -1.7678809e-02  -1.4284447e-01
   6.7800000e+02   1.5346940e+01   3.8442880e+00  -1.5198858e-01  -1.7699118e-02  -1.4302491e-01
   6.7900000e+02   1.5328060e+01   3.8433570e+00  -1.5225901e-01  -1.7719308e-02  -1.4320504e-01
   6.8000000e+02   1.5309240e+01   3.8424270e+00  -1.5252886e-01  -1.7739417e-02  -1.4338488e-01
   6.8100000e+02   1.5290470e+01   3.8415000e+00  -1.5279801e-01  -1.7759440e-02  -1.4356433e-01
   6.8200000e+02   1.5271750e+01   3.8405730e+00  -1.5306663e-01  -1.7779355e-02  -1.4374357e-01
   6.8300000e+02   1.5253080e+01   3.8396490e+00  -1.5333459e-01  -1.7799179e-02  -1.4392246e-01
   6.8400000e+02   1.5234460e+01   3.8387260e+00  -1.5360190e-01  -1.7818914e-02  -1.4410103e-01
   6.8500000e+02   1.5215880e+01   3.8378050e+00  -1.5386862e-01  -1.7838526e-02  -1.4427932e-01
   6.8600000e+02   1.5197360e+01   3.8368850e+00  -1.5413474e-01  -1.7858068e-02  -1.4445731e-01
   6.8700000e+02   1.5178890e+01   3.8359670e+00  -1.5440025e-01  -1.7877518e-02  -1.4463499e-01
   6.8800000e+02   1.5160460e+01   3.8350510e+00  -1.5466507e-01  -1.7896857e-02  -1.4481232e-01
   6.8900000e+02   1.5142080e+01   3.8341360e+00  -1.5492936e-01  -1.7916096e-02  -1.4498942e-01
   6.9000000e+02   1.5123760e+01   3.8332230e+00  -1.5519305e-01  -1.7935270e-02  -1.4516619e-01
   6.9100000e+02   1.5105480e+01   3.8323120e+00  -1.5545610e-01  -1.7954338e-02  -1.4534264e-01
   6.9200000e+02   1.5087240e+01   3.8314030e+00  -1.5571852e-01  -1.7973294e-02  -1.4551878e-01
   6.9300000e+02   1.5069060e+01   3.8304950e+00  -1.5598036e-01  -1.7992183e-02  -1.4569462e-01
   6.9400000e+02   1.5050920e+01   3.8295880e+00  -1.5624163e-01  -1.8010958e-02  -1.4587021e-01
   6.9500000e+02   1.5032830e+01   3.8286840e+00  -1.5650227e-01  -1.8029647e-02  -1.4604546e-01
   6.9600000e+02   1.5014790e+01   3.8277810e+00  -1.5676232e-01  -1.8048258e-02  -1.4622041e-01
   6.9700000e+02   1.4996800e+01   3.8268790e+00  -1.5702180e-01  -1.8066773e-02  -1.4639509e-01
   6.9800000e+02   1.4978850e+01   3.8259800e+00  -1.5728063e-01  -1.8085186e-02  -1.4656943e-01
   6.9900000e+02   1.4960950e+01   3.8250820e+00  -1.5753890e-01  -1.8103514e-02  -1.4674349e-01
   7.0000000e+02   1.4943090e+01   3.8241850e+00  -1.5779657e-01  -1.8121734e-02  -1.4691728e-01
   7.0100000e+02   1.4925280e+01   3.8232910e+00  -1.5805363e-01  -1.8139880e-02  -1.4709072e-01
   7.0200000e+02   1.4907520e+01   3.8223980e+00  -1.5831016e-01  -1.8157936e-02  -1.4726391e-01
   7.0300000e+02   1.4889800e+01   3.8215060e+00  -1.5856607e-01  -1.8175888e-02  -1.4743681e-01
   7.0400000e+02   1.4872130e+01   3.8206160e+00  -1.5882139e-01  -1.8193764e-02  -1.4760938e-01
   7.0500000e+02   1.4854500e+01   3.8197280e+00  -1.5907614e-01  -1.8211531e-02  -1.4778169e-01
   7.0600000e+02   1.4836920e+01   3.8188420e+00  -1.5933027e-01  -1.8229232e-02  -1.4795365e-01
   7.0700000e+02   1.4819380e+01   3.8179570e+00  -1.5958385e-01  -1.8246818e-02  -1.4812537e-01
   7.0800000e+02   1.4801890e+01   3.8170730e+00  -1.5983688e-01  -1.8264331e-02  -1.4829680e-01
   7.0900000e+02   1.4784440e+01   3.8161920e+00  -1.6008926e-01  -1.8281750e-02  -1.4846789e-01
   7.1000000e+02   1.4767040e+01   3.8153120e+00  -1.6034113e-01  -1.8299085e-02  -1.4863873e-01
   7.1100000e+02   1.4749680e+01   3.8144330e+00  -1.6059244e-01  -1.8316319e-02  -1.4880930e-01
   7.1200000e+02   1.4732360e+01   3.8135560e+00  -1.6084314e-01  -1.8333460e-02  -1.4897957e-01
   7.1300000e+02   1.4715090e+01   3.8126810e+00  -1.6109326e-01  -1.8350524e-02  -1.4914952e-01
   7.1400000e+02   1.4697870e+01   3.8118080e+00  -1.6134285e-01  -1.8367525e-02  -1.4931917e-01
   7.1500000e+02   1.4680680e+01   3.8109360e+00  -1.6159181e-01  -1.8384400e-02  -1.4948855e-01
   7.1600000e+02   1.4663540e+01   3.8100650e+00  -1.6184029e-01  -1.8401201e-02  -1.4965769e-01
   7.1700000e+02   1.4646440e+01   3.8091960e+00  -1.6208816e-01  -1.8417907e-02  -1.4982651e-01
   7.1800000e+02   1.4629390e+01   3.8083290e+00  -1.6233547e-01  -1.8434542e-02  -1.4999502e-01
   7.1900000e+02   1.4612380e+01   3.8074640e+00  -1.6258220e-01  -1.8451091e-02  -1.5016324e-01
   7.2000000e+02   1.4595410e+01   3.8066000e+00  -1.6282839e-01  -1.8467542e-02  -1.5033120e-01
   7.2100000e+02   1.4578480e+01   3.8057380e+00  -1.6307401e-01  -1.8483901e-02  -1.5049886e-01
   7.2200000e+02   1.4561600e+01   3.8048770e+00  -1.6331912e-01  -1.8500193e-02  -1.5066627e-01
   7.2300000e+02   1.4544760e+01   3.8040180e+00  -1.6356366e-01  -1.8516395e-02  -1.5083337e-01
   7.2400000e+02   1.4527950e+01   3.8031600e+00  -1.6380761e-01  -1.8532480e-02  -1.5100021e-01
   7.2500000e+02   1.4511200e+01   3.8023040e+00  -1.6405104e-01  -1.8548524e-02  -1.5116674e-01
   7.2600000e+02   1.4494480e+01   3.8014500e+00  -1.6429389e-01  -1.8564461e-02  -1.5133297e-01
   7.2700000e+02   1.4477800e+01   3.8005970e+00  -1.6453622e-01  -1.8580302e-02  -1.5149897e-01
   7.2800000e+02   1.4461170e+01   3.7997460e+00  -1.6477803e-01  -1.8596083e-02  -1.5166468e-01
   7.2900000e+02   1.4444570e+01   3.7988960e+00  -1.6501922e-01  -1.8611755e-02  -1.5183008e-01
   7.3000000e+02   1.4428020e+01   3.7980480e+00  -1.6525994e-01  -1.8627360e-02  -1.5199524e-01
   7.3100000e+02   1.4411510e+01   3.7972020e+00  -1.6550009e-01  -1.8642882e-02  -1.5216009e-01
   7.3200000e+02   1.4395040e+01   3.7963570e+00  -1.6573970e-01  -1.8658320e-02  -1.5232467e-01
   7.3300000e+02   1.4378610e+01   3.7955140e+00  -1.6597878e-01  -1.8673678e-02  -1.5248897e-01
   7.3400000e+02   1.4362220e+01   3.7946720e+00  -1.6621731e-01  -1.8688944e-02  -1.5265300e-01
   7.3500000e+02   1.4345860e+01   3.7938320e+00  -1.6645527e-01  -1.8704101e-02  -1.5281675e-01
   7.3600000e+02   1.4329550e+01   3.7929930e+00  -1.6669276e-01  -1.8719206e-02  -1.5298024e-01
   7.3700000e+02   1.4313280e+01   3.7921560e+00  -1.6692972e-01  -1.8734226e-02  -1.5314346e-01
   7.3800000e+02   1.4297050e+01   3.7913210e+00  -1.6716607e-01  -1.8749172e-02  -1.5330634e-01
   7.3900000e+02   1.4280860e+01   3.7904870e+00  -1.6740195e-01  -1.8764031e-02  -1.5346900e-01
   7.4000000e+02   1.4264700e+01   3.7896550e+00  -1.6763726e-01  -1.8778791e-02  -1.5363135e-01
   7.4100000e+02   1.4248590e+01   3.7888240e+00  -1.6787209e-01  -1.8793489e-02  -1.5379347e-01
   7.4200000e+02   1.4232520e+01   3.7879950e+00  -1.6810641e-01  -1.8808111e-02  -1.5395531e-01
   7.4300000e+02   1.4216480e+01   3.7871670e+00  -1.6834015e-01  -1.8822633e-02  -1.5411686e-01
   7.4400000e+02   1.4200480e+01   3.7863410e+00  -1.6857338e-01  -1.8837080e-02  -1.5427814e-01
   7.4500000e+02   1.4184520e+01   3.7855160e+00  -1.6880611e-01  -1.8851440e-02  -1.5443917e-01
   7.4600000e+02   1.4168600e+01   3.7846930e+00  -1.6903831e-01  -1.8865730e-02  -1.5459992e-01
   7.4700000e+02   1.4152720e+01   3.7838720e+00  -1.6926997e-01  -1.8879947e-02  -1.5476037e-01
   7.4800000e+02   1.4136870e+01   3.7830520e+00  -1.6950113e-01  -1.8894065e-02  -1.5492058e-01
   7.4900000e+02   1.4121070e+01   3.7822330e+00  -1.6973184e-01  -1.8908127e-02  -1.5508054e-01
   7.5000000e+02   1.4105300e+01   3.7814170e+00  -1.6996194e-01  -1.8922101e-02  -1.5524018e-01
   7.5100000e+02   1.4089570e+01   3.7806010e+00  -1.7019155e-01  -1.8935993e-02  -1.5539958e-01
   7.5200000e+02   1.4073870e+01   3.7797870e+00  -1.7042070e-01  -1.8949786e-02  -1.5555875e-01
   7.5300000e+02   1.4058210e+01   3.7789750e+00  -1.7064925e-01  -1.8963513e-02  -1.5571758e-01
   7.5400000e+02   1.4042600e+01   3.7781640e+00  -1.7087740e-01  -1.8977191e-02  -1.5587621e-01
   7.5500000e+02   1.4027010e+01   3.7773550e+00  -1.7110493e-01  -1.8990750e-02  -1.5603452e-01
   7.5600000e+02   1.4011470e+01   3.7765470e+00  -1.7133205e-01  -1.9004266e-02  -1.5619260e-01
   7.5700000e+02   1.3995960e+01   3.7757410e+00  -1.7155863e-01  -1.9017686e-02  -1.5635040e-01
   7.5800000e+02   1.3980480e+01   3.7749370e+00  -1.7178463e-01  -1.9031013e-02  -1.5650790e-01
   7.5900000e+02   1.3965050e+01   3.7741330e+00  -1.7201026e-01  -1.9044293e-02  -1.5666521e-01
   7.6000000e+02   1.3949650e+01   3.7733320e+00  -1.7223534e-01  -1.9057484e-02  -1.5682221e-01
   7.6100000e+02   1.3934280e+01   3.7725320e+00  -1.7245986e-01  -1.9070582e-02  -1.5697894e-01
   7.6200000e+02   1.3918960e+01   3.7717330e+00  -1.7268395e-01  -1.9083641e-02  -1.5713542e-01
   7.6300000e+02   1.3903660e+01   3.7709360e+00  -1.7290750e-01  -1.9096583e-02  -1.5729165e-01
   7.6400000e+02   1.3888410e+01   3.7701400e+00  -1.7313063e-01  -1.9109485e-02  -1.5744763e-01
   7.6500000e+02   1.3873190e+01   3.7693460e+00  -1.7335322e-01  -1.9122295e-02  -1.5760333e-01
   7.6600000e+02   1.3858000e+01   3.7685530e+00  -1.7357533e-01  -1.9135015e-02  -1.5775880e-01
   7.6700000e+02   1.3842850e+01   3.7677620e+00  -1.7379690e-01  -1.9147675e-02  -1.5791396e-01
   7.6800000e+02   1.3827740e+01   3.7669730e+00  -1.7401804e-01  -1.9160276e-02  -1.5806886e-01
   7.6900000e+02   1.3812660e+01   3.7661840e+00  -1.7423868e-01  -1.9172781e-02  -1.5822355e-01
   7.7000000e+02   1.3797610e+01   3.7653980e+00  -1.7445880e-01  -1.9185204e-02  -1.5837794e-01
   7.7100000e+02   1.3782600e+01   3.7646130e+00  -1.7467843e-01  -1.9197563e-02  -1.5853207e-01
   7.7200000e+02   1.3767630e+01   3.7638290e+00  -1.7489765e-01  -1.9209867e-02  -1.5868598e-01
   7.7300000e+02   1.3752690e+01   3.7630470e+00  -1.7511634e-01  -1.9222084e-02  -1.5883961e-01
   7.7400000e+02   1.3737780e+01   3.7622660e+00  -1.7533453e-01  -1.9234212e-02  -1.5899299e-01
   7.7500000e+02   1.3722910e+01   3.7614860e+00  -1.7555229e-01  -1.9246280e-02  -1.5914614e-01
   7.7600000e+02   1.3708070e+01   3.7607090e+00  -1.7576950e-01  -1.9258274e-02  -1.5929897e-01
   7.7700000e+02   1.3693270e+01   3.7599320e+00  -1.7598632e-01  -1.9270203e-02  -1.5945162e-01
   7.7800000e+02   1.3678500e+01   3.7591570e+00  -1.7620263e-01  -1.9282053e-02  -1.5960398e-01
   7.7900000e+02   1.3663760e+01   3.7583840e+00  -1.7641842e-01  -1.9293818e-02  -1.5975607e-01
   7.8000000e+02   1.3649060e+01   3.7576120e+00  -1.7663377e-01  -1.9305530e-02  -1.5990791e-01
   7.8100000e+02   1.3634390e+01   3.7568410e+00  -1.7684865e-01  -1.9317156e-02  -1.6005953e-01
   7.8200000e+02   1.3619750e+01   3.7560720e+00  -1.7706304e-01  -1.9328706e-02  -1.6021088e-01
   7.8300000e+02   1.3605150e+01   3.7553050e+00  -1.7727698e-01  -1.9340208e-02  -1.6036195e-01
   7.8400000e+02   1.3590580e+01   3.7545390e+00  -1.7749042e-01  -1.9351622e-02  -1.6051278e-01
   7.8500000e+02   1.3576040e+01   3.7537740e+00  -1.7770344e-01  -1.9362957e-02  -1.6066340e-01
   7.8600000e+02   1.3561540e+01   3.7530110e+00  -1.7791594e-01  -1.9374245e-02  -1.6081371e-01
   7.8700000e+02   1.3547070e+01   3.7522490e+00  -1.7812805e-01  -1.9385458e-02  -1.6096382e-01
   7.8800000e+02   1.3532630e+01   3.7514880e+00  -1.7833966e-01  -1.9396580e-02  -1.6111369e-01
   7.8900000e+02   1.3518220e+01   3.7507300e+00  -1.7855076e-01  -1.9407641e-02  -1.6126324e-01
   7.9000000e+02   1.3503850e+01   3.7499720e+00  -1.7876145e-01  -1.9418640e-02  -1.6141260e-01
   7.9100000e+02   1.3489510e+01   3.7492160e+00  -1.7897168e-01  -1.9429572e-02  -1.6156170e-01
   7.9200000e+02   1.3475200e+01   3.7484610e+00  -1.7918145e-01  -1.9440425e-02  -1.6171056e-01
   7.9300000e+02   1.3460920e+01   3.7477080e+00  -1.7939073e-01  -1.9451204e-02  -1.6185916e-01
   7.9400000e+02   1.3446680e+01   3.7469560e+00  -1.7959961e-01  -1.9461934e-02  -1.6200753e-01
   7.9500000e+02   1.3432460e+01   3.7462060e+00  -1.7980796e-01  -1.9472566e-02  -1.6215562e-01
   7.9600000e+02   1.3418280e+01   3.7454570e+00  -1.8001590e-01  -1.9483152e-02  -1.6230348e-01
   7.9700000e+02   1.3404130e+01   3.7447090e+00  -1.8022341e-01  -1.9493663e-02  -1.6245113e-01
   7.9800000e+02   1.3390010e+01   3.7439630e+00  -1.8043041e-01  -1.9504104e-02  -1.6259848e-01
   7.9900000e+02   1.3375920e+01   3.7432190e+00  -1.8063697e-01  -1.9514477e-02  -1.6274559e-01
   8.0000000e+02   1.3361870e+01   3.7424750e+00  -1.8084314e-01  -1.9524798e-02  -1.6289250e-01
   8.0100000e+02   1.3347840e+01   3.7417330e+00  -1.8104883e-01  -1.9535029e-02  -1.6303915e-01
   8.0200000e+02   1.3333850e+01   3.7409930e+00  -1.8125405e-01  -1.9545214e-02  -1.6318553e-01
   8.0300000e+02   1.3319890e+01   3.7402540e+00  -1.8145885e-01  -1.9555332e-02  -1.6333168e-01
   8.0400000e+02   1.3305950e+01   3.7395160e+00  -1.8166319e-01  -1.9565348e-02  -1.6347762e-01
   8.0500000e+02   1.3292050e+01   3.7387800e+00  -1.8186708e-01  -1.9575332e-02  -1.6362327e-01
   8.0600000e+02   1.3278180e+01   3.7380450e+00  -1.8207056e-01  -1.9585245e-02  -1.6376871e-01
   8.0700000e+02   1.3264340e+01   3.7373110e+00  -1.8227358e-01  -1.9595085e-02  -1.6391391e-01
   8.0800000e+02   1.3250530e+01   3.7365790e+00  -1.8247618e-01  -1.9604863e-02  -1.6405887e-01
   8.0900000e+02   1.3236750e+01   3.7358480e+00  -1.8267831e-01  -1.9614572e-02  -1.6420358e-01
   8.1000000e+02   1.3223000e+01   3.7351190e+00  -1.8288001e-01  -1.9624220e-02  -1.6434804e-01
   8.1100000e+02   1.3209280e+01   3.7343910e+00  -1.8308129e-01  -1.9633803e-02  -1.6449228e-01
   8.1200000e+02   1.3195590e+01   3.7336640e+00  -1.8328214e-01  -1.9643317e-02  -1.6463630e-01
   8.1300000e+02   1.3181930e+01   3.7329390e+00  -1.8348253e-01  -1.9652766e-02  -1.6478004e-01
   8.1400000e+02   1.3168300e+01   3.7322150e+00  -1.8368250e-01  -1.9662155e-02  -1.6492357e-01
   8.1500000e+02   1.3154700e+01   3.7314930e+00  -1.8388203e-01  -1.9671485e-02  -1.6506683e-01
   8.1600000e+02   1.3141130e+01   3.7307720e+00  -1.8408111e-01  -1.9680745e-02  -1.6520986e-01
   8.1700000e+02   1.3127580e+01   3.7300520e+00  -1.8427977e-01  -1.9689916e-02  -1.6535269e-01
   8.1800000e+02   1.3114070e+01   3.7293340e+00  -1.8447800e-01  -1.9699055e-02  -1.6549524e-01
   8.1900000e+02   1.3100590e+01   3.7286170e+00  -1.8467584e-01  -1.9708134e-02  -1.6563758e-01
   8.2000000e+02   1.3087130e+01   3.7279010e+00  -1.8487324e-01  -1.9717123e-02  -1.6577970e-01
   8.2100000e+02   1.3073710e+01   3.7271870e+00  -1.8507020e-01  -1.9726079e-02  -1.6592156e-01
   8.2200000e+02   1.3060310e+01   3.7264740e+00  -1.8526674e-01  -1.9734952e-02  -1.6606320e-01
   8.2300000e+02   1.3046940e+01   3.7257620e+00  -1.8546287e-01  -1.9743758e-02  -1.6620462e-01
   8.2400000e+02   1.3033600e+01   3.7250520e+00  -1.8565855e-01  -1.9752514e-02  -1.6634578e-01
   8.2500000e+02   1.3020290e+01   3.7243430e+00  -1.8585384e-01  -1.9761205e-02  -1.6648672e-01
   8.2600000e+02   1.3007010e+01   3.7236350e+00  -1.8604870e-01  -1.9769838e-02  -1.6662743e-01
   8.2700000e+02   1.2993760e+01   3.7229290e+00  -1.8624314e-01  -1.9778422e-02  -1.6676789e-01
   8.2800000e+02   1.2980530e+01   3.7222240e+00  -1.8643716e-01  -1.9786913e-02  -1.6690814e-01
   8.2900000e+02   1.2967330e+01   3.7215200e+00  -1.8663075e-01  -1.9795347e-02  -1.6704816e-01
   8.3000000e+02   1.2954160e+01   3.7208180e+00  -1.8682395e-01  -1.9803732e-02  -1.6718794e-01
   8.3100000e+02   1.2941020e+01   3.7201170e+00  -1.8701671e-01  -1.9812057e-02  -1.6732748e-01
   8.3200000e+02   1.2927910e+01   3.7194180e+00  -1.8720908e-01  -1.9820334e-02  -1.6746679e-01
   8.3300000e+02   1.2914820e+01   3.7187190e+00  -1.8740102e-01  -1.9828518e-02  -1.6760590e-01
   8.3400000e+02   1.2901770e+01   3.7180220e+00  -1.8759261e-01  -1.9836685e-02  -1.6774477e-01
   8.3500000e+02   1.2888730e+01   3.7173270e+00  -1.8778367e-01  -1.9844741e-02  -1.6788337e-01
   8.3600000e+02   1.2875730e+01   3.7166320e+00  -1.8797440e-01  -1.9852766e-02  -1.6802180e-01
   8.3700000e+02   1.2862760e+01   3.7159390e+00  -1.8816476e-01  -1.9860749e-02  -1.6815999e-01
   8.3800000e+02   1.2849810e+01   3.7152480e+00  -1.8835462e-01  -1.9868648e-02  -1.6829791e-01
   8.3900000e+02   1.2836890e+01   3.7145570e+00  -1.8854416e-01  -1.9876493e-02  -1.6843566e-01
   8.4000000e+02   1.2823990e+01   3.7138680e+00  -1.8873320e-01  -1.9884253e-02  -1.6857315e-01
   8.4100000e+02   1.2811130e+01   3.7131800e+00  -1.8892193e-01  -1.9892002e-02  -1.6871043e-01
   8.4200000e+02   1.2798290e+01   3.7124940e+00  -1.8911021e-01  -1.9899672e-02  -1.6884746e-01
   8.4300000e+02   1.2785470e+01   3.7118090e+00  -1.8929805e-01  -1.9907262e-02  -1.6898427e-01
   8.4400000e+02   1.2772690e+01   3.7111250e+00  -1.8948555e-01  -1.9914833e-02  -1.6912087e-01
   8.4500000e+02   1.2759930e+01   3.7104420e+00  -1.8967264e-01  -1.9922318e-02  -1.6925725e-01
   8.4600000e+02   1.2747190e+01   3.7097610e+00  -1.8985930e-01  -1.9929736e-02  -1.6939339e-01
   8.4700000e+02   1.2734490e+01   3.7090810e+00  -1.9004562e-01  -1.9937132e-02  -1.6952932e-01
   8.4800000e+02   1.2721810e+01   3.7084020e+00  -1.9023151e-01  -1.9944452e-02  -1.6966503e-01
   8.4900000e+02   1.2709150e+01   3.7077250e+00  -1.9041696e-01  -1.9951696e-02  -1.6980049e-01
   8.5000000e+02   1.2696530e+01   3.7070480e+00  -1.9060212e-01  -1.9958924e-02  -1.6993578e-01
   8.5100000e+02   1.2683920e+01   3.7063740e+00  -1.9078676e-01  -1.9966043e-02  -1.7007078e-01
   8.5200000e+02   1.2671350e+01   3.7057000e+00  -1.9097110e-01  -1.9973153e-02  -1.7020560e-01
   8.5300000e+02   1.2658800e+01   3.7050280e+00  -1.9115499e-01  -1.9980190e-02  -1.7034017e-01
   8.5400000e+02   1.2646280e+01   3.7043560e+00  -1.9133857e-01  -1.9987178e-02  -1.7047459e-01
   8.5500000e+02   1.2633780e+01   3.7036870e+00  -1.9152169e-01  -1.9994095e-02  -1.7060871e-01
   8.5600000e+02   1.2621310e+01   3.7030180e+00  -1.9170446e-01  -2.0000966e-02  -1.7074266e-01
   8.5700000e+02   1.2608860e+01   3.7023510e+00  -1.9188678e-01  -2.0007767e-02  -1.7087635e-01
   8.5800000e+02   1.2596440e+01   3.7016850e+00  -1.9206878e-01  -2.0014529e-02  -1.7100985e-01
   8.5900000e+02   1.2584040e+01   3.7010200e+00  -1.9225034e-01  -2.0021214e-02  -1.7114313e-01
   8.6000000e+02   1.2571670e+01   3.7003560e+00  -1.9243156e-01  -2.0027859e-02  -1.7127620e-01
   8.6100000e+02   1.2559330e+01   3.6996940e+00  -1.9261240e-01  -2.0034467e-02  -1.7140903e-01
   8.6200000e+02   1.2547010e+01   3.6990330e+00  -1.9279284e-01  -2.0041002e-02  -1.7154165e-01
   8.6300000e+02   1.2534710e+01   3.6983730e+00  -1.9297288e-01  -2.0047468e-02  -1.7167407e-01
   8.6400000e+02   1.2522440e+01   3.6977150e+00  -1.9315252e-01  -2.0053895e-02  -1.7180622e-01
   8.6500000e+02   1.2510200e+01   3.6970570e+00  -1.9333186e-01  -2.0060277e-02  -1.7193823e-01
   8.6600000e+02   1.2497980e+01   3.6964010e+00  -1.9351079e-01  -2.0066600e-02  -1.7206999e-01
   8.6700000e+02   1.2485780e+01   3.6957460e+00  -1.9368932e-01  -2.0072849e-02  -1.7220154e-01
   8.6800000e+02   1.2473610e+01   3.6950930e+00  -1.9386744e-01  -2.0079063e-02  -1.7233283e-01
   8.6900000e+02   1.2461470e+01   3.6944400e+00  -1.9404527e-01  -2.0085236e-02  -1.7246397e-01
   8.7000000e+02   1.2449350e+01   3.6937890e+00  -1.9422268e-01  -2.0091348e-02  -1.7259486e-01
   8.7100000e+02   1.2437250e+01   3.6931390e+00  -1.9439970e-01  -2.0097390e-02  -1.7272554e-01
   8.7200000e+02   1.2425180e+01   3.6924910e+00  -1.9457634e-01  -2.0103398e-02  -1.7285598e-01
   8.7300000e+02   1.2413130e+01   3.6918430e+00  -1.9475263e-01  -2.0109336e-02  -1.7298626e-01
   8.7400000e+02   1.2401110e+01   3.6911970e+00  -1.9492856e-01  -2.0115246e-02  -1.7311629e-01
   8.7500000e+02   1.2389110e+01   3.6905520e+00  -1.9510409e-01  -2.0121089e-02  -1.7324612e-01
   8.7600000e+02   1.2377130e+01   3.6899080e+00  -1.9527926e-01  -2.0126863e-02  -1.7337574e-01
   8.7700000e+02   1.2365180e+01   3.6892650e+00  -1.9545410e-01  -2.0132605e-02  -1.7350517e-01
   8.7800000e+02   1.2353250e+01   3.6886240e+00  -1.9562851e-01  -2.0138283e-02  -1.7363435e-01
   8.7900000e+02   1.2341350e+01   3.6879840e+00  -1.9580256e-01  -2.0143929e-02  -1.7376331e-01
   8.8000000e+02   1.2329470e+01   3.6873450e+00  -1.9597627e-01  -2.0149517e-02  -1.7389209e-01
   8.8100000e+02   1.2317610e+01   3.6867070e+00  -1.9614962e-01  -2.0155037e-02  -1.7402068e-01
   8.8200000e+02   1.2305780e+01   3.6860700e+00  -1.9632260e-01  -2.0160528e-02  -1.7414903e-01
   8.8300000e+02   1.2293970e+01   3.6854350e+00  -1.9649520e-01  -2.0165961e-02  -1.7427717e-01
   8.8400000e+02   1.2282180e+01   3.6848010e+00  -1.9666741e-01  -2.0171324e-02  -1.7440508e-01
   8.8500000e+02   1.2270420e+01   3.6841680e+00  -1.9683931e-01  -2.0176664e-02  -1.7453281e-01
   8.8600000e+02   1.2258680e+01   3.6835360e+00  -1.9701083e-01  -2.0181940e-02  -1.7466034e-01
   8.8700000e+02   1.2246970e+01   3.6829050e+00  -1.9718205e-01  -2.0187191e-02  -1.7478767e-01
   8.8800000e+02   1.2235270e+01   3.6822760e+00  -1.9735279e-01  -2.0192344e-02  -1.7491474e-01
   8.8900000e+02   1.2223610e+01   3.6816470e+00  -1.9752331e-01  -2.0197505e-02  -1.7504168e-01
   8.9000000e+02   1.2211960e+01   3.6810200e+00  -1.9769336e-01  -2.0202574e-02  -1.7516835e-01
   8.9100000e+02   1.2200340e+01   3.6803940e+00  -1.9786314e-01  -2.0207619e-02  -1.7529485e-01
   8.9200000e+02   1.2188730e+01   3.6797700e+00  -1.9803242e-01  -2.0212574e-02  -1.7542108e-01
   8.9300000e+02   1.2177160e+01   3.6791460e+00  -1.9820150e-01  -2.0217530e-02  -1.7554717e-01
   8.9400000e+02   1.2165600e+01   3.6785240e+00  -1.9837014e-01  -2.0222400e-02  -1.7567302e-01
   8.9500000e+02   1.2154070e+01   3.6779020e+00  -1.9853849e-01  -2.0227238e-02  -1.7579872e-01
   8.9600000e+02   1.2142560e+01   3.6772820e+00  -1.9870644e-01  -2.0232029e-02  -1.7592417e-01
   8.9700000e+02   1.2131070e+01   3.6766630e+00  -1.9887405e-01  -2.0236760e-02  -1.7604943e-01
   8.9800000e+02   1.2119610e+01   3.6760460e+00  -1.9904130e-01  -2.0241471e-02  -1.7617444e-01
   8.9900000e+02   1.2108160e+01   3.6754290e+00  -1.9920820e-01  -2.0246089e-02  -1.7629930e-01
   9.0000000e+02   1.2096740e+01   3.6748130e+00  -1.9937480e-01  -2.0250683e-02  -1.7642397e-01
   9.0100000e+02   1.2085350e+01   3.6741990e+00  -1.9954102e-01  -2.0255265e-02  -1.7654839e-01
   9.0200000e+02   1.2073970e+01   3.6735860e+00  -1.9970687e-01  -2.0259749e-02  -1.7667262e-01
   9.0300000e+02   1.2062620e+01   3.6729740e+00  -1.9987239e-01  -2.0264217e-02  -1.7679664e-01
   9.0400000e+02   1.2051280e+01   3.6723630e+00  -2.0003754e-01  -2.0268589e-02  -1.7692049e-01
   9.0500000e+02   1.2039970e+01   3.6717530e+00  -2.0020241e-01  -2.0272951e-02  -1.7704414e-01
   9.0600000e+02   1.2028690e+01   3.6711450e+00  -2.0036687e-01  -2.0277292e-02  -1.7716753e-01
   9.0700000e+02   1.2017420e+01   3.6705370e+00  -2.0053105e-01  -2.0281543e-02  -1.7729079e-01
   9.0800000e+02   1.2006170e+01   3.6699310e+00  -2.0069482e-01  -2.0285747e-02  -1.7741381e-01
   9.0900000e+02   1.1994950e+01   3.6693260e+00  -2.0085828e-01  -2.0289931e-02  -1.7753663e-01
   9.1000000e+02   1.1983750e+01   3.6687220e+00  -2.0102140e-01  -2.0294058e-02  -1.7765926e-01
   9.1100000e+02   1.1972570e+01   3.6681190e+00  -2.0118416e-01  -2.0298135e-02  -1.7778168e-01
   9.1200000e+02   1.1961410e+01   3.6675170e+00  -2.0134663e-01  -2.0302167e-02  -1.7790393e-01
   9.1300000e+02   1.1950280e+01   3.6669160e+00  -2.0150876e-01  -2.0306179e-02  -1.7802597e-01
   9.1400000e+02   1.1939160e+01   3.6663170e+00  -2.0167049e-01  -2.0310109e-02  -1.7814779e-01
   9.1500000e+02   1.1928070e+01   3.6657180e+00  -2.0183195e-01  -2.0314018e-02  -1.7826945e-01
   9.1600000e+02   1.1916990e+01   3.6651210e+00  -2.0199301e-01  -2.0317853e-02  -1.7839087e-01
   9.1700000e+02   1.1905940e+01   3.6645240e+00  -2.0215382e-01  -2.0321661e-02  -1.7851216e-01
   9.1800000e+02   1.1894910e+01   3.6639290e+00  -2.0231422e-01  -2.0325429e-02  -1.7863318e-01
   9.1900000e+02   1.1883900e+01   3.6633350e+00  -2.0247433e-01  -2.0329145e-02  -1.7875404e-01
   9.2000000e+02   1.1872910e+01   3.6627420e+00  -2.0263408e-01  -2.0332816e-02  -1.7887470e-01
   9.2100000e+02   1.1861950e+01   3.6621510e+00  -2.0279351e-01  -2.0336473e-02  -1.7899512e-01
   9.2200000e+02   1.1851000e+01   3.6615600e+00  -2.0295261e-01  -2.0340054e-02  -1.7911539e-01
   9.2300000e+02   1.1840070e+01   3.6609700e+00  -2.0311136e-01  -2.0343582e-02  -1.7923547e-01
   9.2400000e+02   1.1829170e+01   3.6603820e+00  -2.0326981e-01  -2.0347101e-02  -1.7935532e-01
   9.2500000e+02   1.1818280e+01   3.6597940e+00  -2.0342794e-01  -2.0350532e-02  -1.7947504e-01
   9.2600000e+02   1.1807420e+01   3.6592080e+00  -2.0358572e-01  -2.0353966e-02  -1.7959451e-01
   9.2700000e+02   1.1796570e+01   3.6586230e+00  -2.0374314e-01  -2.0357311e-02  -1.7971379e-01
   9.2800000e+02   1.1785750e+01   3.6580390e+00  -2.0390029e-01  -2.0360651e-02  -1.7983288e-01
   9.2900000e+02   1.1774950e+01   3.6574550e+00  -2.0405714e-01  -2.0363933e-02  -1.7995183e-01
   9.3000000e+02   1.1764170e+01   3.6568730e+00  -2.0421363e-01  -2.0367184e-02  -1.8007054e-01
   9.3100000e+02   1.1753400e+01   3.6562930e+00  -2.0436971e-01  -2.0370359e-02  -1.8018901e-01
   9.3200000e+02   1.1742660e+01   3.6557130e+00  -2.0452557e-01  -2.0373522e-02  -1.8030735e-01
   9.3300000e+02   1.1731940e+01   3.6551340e+00  -2.0468109e-01  -2.0376637e-02  -1.8042549e-01
   9.3400000e+02   1.1721240e+01   3.6545560e+00  -2.0483628e-01  -2.0379707e-02  -1.8054345e-01
   9.3500000e+02   1.1710560e+01   3.6539800e+00  -2.0499115e-01  -2.0382747e-02  -1.8066118e-01
   9.3600000e+02   1.1699900e+01   3.6534040e+00  -2.0514573e-01  -2.0385734e-02  -1.8077877e-01
   9.3700000e+02   1.1689250e+01   3.6528300e+00  -2.0529988e-01  -2.0388652e-02  -1.8089610e-01
   9.3800000e+02   1.1678630e+01   3.6522560e+00  -2.0545383e-01  -2.0391555e-02  -1.8101332e-01
   9.3900000e+02   1.1668030e+01   3.6516840e+00  -2.0560743e-01  -2.0394430e-02  -1.8113030e-01
   9.4000000e+02   1.1657450e+01   3.6511120e+00  -2.0576075e-01  -2.0397254e-02  -1.8124714e-01
   9.4100000e+02   1.1646880e+01   3.6505420e+00  -2.0591366e-01  -2.0400007e-02  -1.8136373e-01
   9.4200000e+02   1.1636340e+01   3.6499730e+00  -2.0606633e-01  -2.0402757e-02  -1.8148016e-01
   9.4300000e+02   1.1625820e+01   3.6494050e+00  -2.0621866e-01  -2.0405465e-02  -1.8159639e-01
   9.4400000e+02   1.1615310e+01   3.6488380e+00  -2.0637064e-01  -2.0408102e-02  -1.8171243e-01
   9.4500000e+02   1.1604830e+01   3.6482720e+00  -2.0652236e-01  -2.0410732e-02  -1.8182830e-01
   9.4600000e+02   1.1594360e+01   3.6477070e+00  -2.0667374e-01  -2.0413293e-02  -1.8194397e-01
   9.4700000e+02   1.1583920e+01   3.6471430e+00  -2.0682486e-01  -2.0415851e-02  -1.8205946e-01
   9.4800000e+02   1.1573490e+01   3.6465800e+00  -2.0697559e-01  -2.0418326e-02  -1.8217476e-01
   9.4900000e+02   1.1563080e+01   3.6460180e+00  -2.0712606e-01  -2.0420773e-02  -1.8228989e-01
   9.5000000e+02   1.1552700e+01   3.6454570e+00  -2.0727623e-01  -2.0423210e-02  -1.8240482e-01
   9.5100000e+02   1.1542330e+01   3.6448970e+00  -2.0742608e-01  -2.0425586e-02  -1.8251957e-01
   9.5200000e+02   1.1531980e+01   3.6443390e+00  -2.0757558e-01  -2.0427927e-02  -1.8263409e-01
   9.5300000e+02   1.1521650e+01   3.6437810e+00  -2.0772484e-01  -2.0430222e-02  -1.8274849e-01
   9.5400000e+02   1.1511330e+01   3.6432240e+00  -2.0787373e-01  -2.0432450e-02  -1.8286269e-01
   9.5500000e+02   1.1501040e+01   3.6426680e+00  -2.0802235e-01  -2.0434674e-02  -1.8297670e-01
   9.5600000e+02   1.1490770e+01   3.6421140e+00  -2.0817064e-01  -2.0436870e-02  -1.8309048e-01
   9.5700000e+02   1.1480510e+01   3.6415600e+00  -2.0831865e-01  -2.0438999e-02  -1.8320414e-01
   9.5800000e+02   1.1470270e+01   3.6410070e+00  -2.0846637e-01  -2.0441091e-02  -1.8331762e-01
   9.5900000e+02   1.1460060e+01   3.6404560e+00  -2.0861375e-01  -2.0443180e-02  -1.8343085e-01
   9.6000000e+02   1.1449860e+01   3.6399050e+00  -2.0876086e-01  -2.0445202e-02  -1.8354395e-01
   9.6100000e+02   1.1439680e+01   3.6393550e+00  -2.0890768e-01  -2.0447189e-02  -1.8365688e-01
   9.6200000e+02   1.1429510e+01   3.6388070e+00  -2.0905413e-01  -2.0449114e-02  -1.8376958e-01
   9.6300000e+02   1.1419370e+01   3.6382590e+00  -2.0920034e-01  -2.0451037e-02  -1.8388214e-01
   9.6400000e+02   1.1409240e+01   3.6377130e+00  -2.0934617e-01  -2.0452894e-02  -1.8399446e-01
   9.6500000e+02   1.1399140e+01   3.6371670e+00  -2.0949181e-01  -2.0454752e-02  -1.8410666e-01
   9.6600000e+02   1.1389050e+01   3.6366230e+00  -2.0963709e-01  -2.0456553e-02  -1.8421863e-01
   9.6700000e+02   1.1378980e+01   3.6360790e+00  -2.0978210e-01  -2.0458310e-02  -1.8433046e-01
   9.6800000e+02   1.1368920e+01   3.6355360e+00  -2.0992680e-01  -2.0460006e-02  -1.8444212e-01
   9.6900000e+02   1.1358890e+01   3.6349950e+00  -2.1007121e-01  -2.0461707e-02  -1.8455356e-01
   9.7000000e+02   1.1348870e+01   3.6344540e+00  -2.1021530e-01  -2.0463342e-02  -1.8466485e-01
   9.7100000e+02   1.1338870e+01   3.6339150e+00  -2.1035906e-01  -2.0464951e-02  -1.8477591e-01
   9.7200000e+02   1.1328890e+01   3.6333760e+00  -2.1050262e-01  -2.0466524e-02  -1.8488685e-01
   9.7300000e+02   1.1318930e+01   3.6328380e+00  -2.1064589e-01  -2.0468075e-02  -1.8499762e-01
   9.7400000e+02   1.1308990e+01   3.6323020e+00  -2.1078878e-01  -2.0469595e-02  -1.8510813e-01
   9.7500000e+02   1.1299060e+01   3.6317660e+00  -2.1093142e-01  -2.0471046e-02  -1.8521853e-01
   9.7600000e+02   1.1289150e+01   3.6312310e+00  -2.1107379e-01  -2.0472467e-02  -1.8532876e-01
   9.7700000e+02   1.1279260e+01   3.6306970e+00  -2.1121587e-01  -2.0473864e-02  -1.8543880e-01
   9.7800000e+02   1.1269390e+01   3.6301650e+00  -2.1135761e-01  -2.0475240e-02  -1.8554860e-01
   9.7900000e+02   1.1259530e+01   3.6296330e+00  -2.1149908e-01  -2.0476544e-02  -1.8565828e-01
   9.8000000e+02   1.1249690e+01   3.6291020e+00  -2.1164028e-01  -2.0477820e-02  -1.8576780e-01
   9.8100000e+02   1.1239870e+01   3.6285720e+00  -2.1178121e-01  -2.0479075e-02  -1.8587714e-01
   9.8200000e+02   1.1230070e+01   3.6280430e+00  -2.1192183e-01  -2.0480302e-02  -1.8598628e-01
   9.8300000e+02   1.1220280e+01   3.6275150e+00  -2.1206213e-01  -2.0481465e-02  -1.8609525e-01
   9.8400000e+02   1.1210520e+01   3.6269890e+00  -2.1220219e-01  -2.0482646e-02  -1.8620401e-01
   9.8500000e+02   1.1200760e+01   3.6264630e+00  -2.1234190e-01  -2.0483720e-02  -1.8631262e-01
   9.8600000e+02   1.1191030e+01   3.6259380e+00  -2.1248140e-01  -2.0484816e-02  -1.8642106e-01
   9.8700000e+02   1.1181310e+01   3.6254130e+00  -2.1262062e-01  -2.0485837e-02  -1.8652939e-01
   9.8800000e+02   1.1171610e+01   3.6248900e+00  -2.1275951e-01  -2.0486839e-02  -1.8663747e-01
   9.8900000e+02   1.1161930e+01   3.6243680e+00  -2.1289812e-01  -2.0487817e-02  -1.8674537e-01
   9.9000000e+02   1.1152270e+01   3.6238470e+00  -2.1303646e-01  -2.0488780e-02  -1.8685310e-01
   9.9100000e+02   1.1142620e+01   3.6233270e+00  -2.1317452e-01  -2.0489675e-02  -1.8696067e-01
   9.9200000e+02   1.1132990e+01   3.6228070e+00  -2.1331233e-01  -2.0490550e-02  -1.8706810e-01
   9.9300000e+02   1.1123370e+01   3.6222890e+00  -2.1344978e-01  -2.0491363e-02  -1.8717531e-01
   9.9400000e+02   1.1113780e+01   3.6217710e+00  -2.1358706e-01  -2.0492187e-02  -1.8728240e-01
   9.9500000e+02   1.1104200e+01   3.6212550e+00  -2.1372400e-01  -2.0492961e-02  -1.8738927e-01
   9.9600000e+02   1.1094630e+01   3.6207390e+00  -2.1386063e-01  -2.0493664e-02  -1.8749599e-01
   9.9700000e+02   1.1085090e+01   3.6202250e+00  -2.1399704e-01  -2.0494398e-02  -1.8760251e-01
   9.9800000e+02   1.1075560e+01   3.6197110e+00  -2.1413313e-01  -2.0495061e-02  -1.8770889e-01
   9.9900000e+02   1.1066040e+01   3.6191980e+00  -2.1426896e-01  -2.0495669e-02  -1.8781511e-01
   1.0000000e+03   1.1056550e+01   3.6186860e+00  -2.1440455e-01  -2.0496296e-02  -1.8792114e-01
   1.0010000e+03   1.1047060e+01   3.6181750e+00  -2.1453977e-01  -2.0496827e-02  -1.8802699e-01
   1.0020000e+03   1.1037600e+01   3.6176650e+00  -2.1467481e-01  -2.0497375e-02  -1.8813269e-01
   1.0030000e+03   1.1028150e+01   3.6171560e+00  -2.1480953e-01  -2.0497873e-02  -1.8823821e-01
   1.0040000e+03   1.1018720e+01   3.6166480e+00  -2.1494399e-01  -2.0498341e-02  -1.8834356e-01
   1.0050000e+03   1.1009310e+01   3.6161410e+00  -2.1507818e-01  -2.0498797e-02  -1.8844872e-01
   1.0060000e+03   1.0999910e+01   3.6156350e+00  -2.1521207e-01  -2.0499201e-02  -1.8855371e-01
   1.0070000e+03   1.0990530e+01   3.6151290e+00  -2.1534573e-01  -2.0499577e-02  -1.8865858e-01
   1.0080000e+03   1.0981160e+01   3.6146250e+00  -2.1547908e-01  -2.0499904e-02  -1.8876324e-01
   1.0090000e+03   1.0971810e+01   3.6141210e+00  -2.1561219e-01  -2.0500207e-02  -1.8886776e-01
   1.0100000e+03   1.0962480e+01   3.6136180e+00  -2.1574505e-01  -2.0500493e-02  -1.8897212e-01
   1.0110000e+03   1.0953160e+01   3.6131170e+00  -2.1587756e-01  -2.0500733e-02  -1.8907625e-01
   1.0120000e+03   1.0943860e+01   3.6126160e+00  -2.1600985e-01  -2.0500949e-02  -1.8918025e-01
   1.0130000e+03   1.0934580e+01   3.6121160e+00  -2.1614193e-01  -2.0501152e-02  -1.8928411e-01
   1.0140000e+03   1.0925310e+01   3.6116170e+00  -2.1627366e-01  -2.0501295e-02  -1.8938776e-01
   1.0150000e+03   1.0916060e+01   3.6111180e+00  -2.1640520e-01  -2.0501420e-02  -1.8949131e-01
   1.0160000e+03   1.0906820e+01   3.6106210e+00  -2.1653644e-01  -2.0501505e-02  -1.8959466e-01
   1.0170000e+03   1.0897600e+01   3.6101250e+00  -2.1666737e-01  -2.0501570e-02  -1.8969780e-01
   1.0180000e+03   1.0888390e+01   3.6096290e+00  -2.1679807e-01  -2.0501577e-02  -1.8980083e-01
   1.0190000e+03   1.0879200e+01   3.6091350e+00  -2.1692848e-01  -2.0501573e-02  -1.8990365e-01
   1.0200000e+03   1.0870030e+01   3.6086410e+00  -2.1705867e-01  -2.0501549e-02  -1.9000634e-01
   1.0210000e+03   1.0860870e+01   3.6081480e+00  -2.1718859e-01  -2.0501478e-02  -1.9010887e-01
   1.0220000e+03   1.0851730e+01   3.6076560e+00  -2.1731826e-01  -2.0501391e-02  -1.9021123e-01
   1.0230000e+03   1.0842600e+01   3.6071650e+00  -2.1744760e-01  -2.0501252e-02  -1.9031340e-01
   1.0240000e+03   1.0833490e+01   3.6066750e+00  -2.1757671e-01  -2.0501103e-02  -1.9041540e-01
   1.0250000e+03   1.0824400e+01   3.6061860e+00  -2.1770562e-01  -2.0500945e-02  -1.9051727e-01
   1.0260000e+03   1.0815320e+01   3.6056970e+00  -2.1783423e-01  -2.0500723e-02  -1.9061899e-01
   1.0270000e+03   1.0806250e+01   3.6052100e+00  -2.1796252e-01  -2.0500463e-02  -1.9072049e-01
   1.0280000e+03   1.0797200e+01   3.6047230e+00  -2.1809064e-01  -2.0500184e-02  -1.9082189e-01
   1.0290000e+03   1.0788170e+01   3.6042370e+00  -2.1821846e-01  -2.0499891e-02  -1.9092309e-01
   1.0300000e+03   1.0779150e+01   3.6037520e+00  -2.1834603e-01  -2.0499551e-02  -1.9102414e-01
   1.0310000e+03   1.0770150e+01   3.6032680e+00  -2.1847335e-01  -2.0499195e-02  -1.9112503e-01
   1.0320000e+03   1.0761160e+01   3.6027850e+00  -2.1860040e-01  -2.0498799e-02  -1.9122575e-01
   1.0330000e+03   1.0752190e+01   3.6023030e+00  -2.1872719e-01  -2.0498392e-02  -1.9132629e-01
   1.0340000e+03   1.0743230e+01   3.6018210e+00  -2.1885377e-01  -2.0497931e-02  -1.9142672e-01
   1.0350000e+03   1.0734290e+01   3.6013400e+00  -2.1898009e-01  -2.0497458e-02  -1.9152699e-01
   1.0360000e+03   1.0725360e+01   3.6008610e+00  -2.1910605e-01  -2.0496942e-02  -1.9162701e-01
   1.0370000e+03   1.0716450e+01   3.6003820e+00  -2.1923186e-01  -2.0496414e-02  -1.9172695e-01
   1.0380000e+03   1.0707550e+01   3.5999040e+00  -2.1935737e-01  -2.0495840e-02  -1.9182670e-01
   1.0390000e+03   1.0698670e+01   3.5994260e+00  -2.1948271e-01  -2.0495251e-02  -1.9192635e-01
   1.0400000e+03   1.0689800e+01   3.5989500e+00  -2.1960771e-01  -2.0494617e-02  -1.9202578e-01
   1.0410000e+03   1.0680950e+01   3.5984750e+00  -2.1973244e-01  -2.0493981e-02  -1.9212502e-01
   1.0420000e+03   1.0672110e+01   3.5980000e+00  -2.1985698e-01  -2.0493290e-02  -1.9222417e-01
   1.0430000e+03   1.0663290e+01   3.5975260e+00  -2.1998129e-01  -2.0492597e-02  -1.9232315e-01
   1.0440000e+03   1.0654480e+01   3.5970530e+00  -2.2010531e-01  -2.0491858e-02  -1.9242196e-01
   1.0450000e+03   1.0645680e+01   3.5965810e+00  -2.2022905e-01  -2.0491069e-02  -1.9252060e-01
   1.0460000e+03   1.0636910e+01   3.5961100e+00  -2.2035259e-01  -2.0490313e-02  -1.9261907e-01
   1.0470000e+03   1.0628140e+01   3.5956390e+00  -2.2047584e-01  -2.0489470e-02  -1.9271743e-01
   1.0480000e+03   1.0619390e+01   3.5951690e+00  -2.2059890e-01  -2.0488617e-02  -1.9281564e-01
   1.0490000e+03   1.0610660e+01   3.5947010e+00  -2.2072166e-01  -2.0487771e-02  -1.9291361e-01
   1.0500000e+03   1.0601940e+01   3.5942330e+00  -2.2084421e-01  -2.0486870e-02  -1.9301148e-01
   1.0510000e+03   1.0593230e+01   3.5937660e+00  -2.2096647e-01  -2.0485928e-02  -1.9310918e-01
   1.0520000e+03   1.0584540e+01   3.5932990e+00  -2.2108856e-01  -2.0484972e-02  -1.9320677e-01
   1.0530000e+03   1.0575860e+01   3.5928340e+00  -2.2121031e-01  -2.0483987e-02  -1.9330414e-01
   1.0540000e+03   1.0567200e+01   3.5923690e+00  -2.2133189e-01  -2.0482982e-02  -1.9340140e-01
   1.0550000e+03   1.0558550e+01   3.5919050e+00  -2.2145323e-01  -2.0481943e-02  -1.9349850e-01
   1.0560000e+03   1.0549920e+01   3.5914420e+00  -2.2157432e-01  -2.0480893e-02  -1.9359544e-01
   1.0570000e+03   1.0541300e+01   3.5909800e+00  -2.2169512e-01  -2.0479803e-02  -1.9369220e-01
   1.0580000e+03   1.0532690e+01   3.5905190e+00  -2.2181566e-01  -2.0478676e-02  -1.9378879e-01
   1.0590000e+03   1.0524100e+01   3.5900580e+00  -2.2193607e-01  -2.0477540e-02  -1.9388530e-01
   1.0600000e+03   1.0515520e+01   3.5895980e+00  -2.2205617e-01  -2.0476358e-02  -1.9398163e-01
   1.0610000e+03   1.0506960e+01   3.5891390e+00  -2.2217603e-01  -2.0475174e-02  -1.9407779e-01
   1.0620000e+03   1.0498410e+01   3.5886810e+00  -2.2229566e-01  -2.0473949e-02  -1.9417380e-01
   1.0630000e+03   1.0489880e+01   3.5882240e+00  -2.2241503e-01  -2.0472722e-02  -1.9426962e-01
   1.0640000e+03   1.0481360e+01   3.5877670e+00  -2.2253421e-01  -2.0471458e-02  -1.9436536e-01
   1.0650000e+03   1.0472850e+01   3.5873120e+00  -2.2265307e-01  -2.0470148e-02  -1.9446087e-01
   1.0660000e+03   1.0464360e+01   3.5868570e+00  -2.2277177e-01  -2.0468836e-02  -1.9455628e-01
   1.0670000e+03   1.0455880e+01   3.5864020e+00  -2.2289021e-01  -2.0467472e-02  -1.9465156e-01
   1.0680000e+03   1.0447410e+01   3.5859490e+00  -2.2300837e-01  -2.0466082e-02  -1.9474663e-01
   1.0690000e+03   1.0438960e+01   3.5854970e+00  -2.2312632e-01  -2.0464695e-02  -1.9484155e-01
   1.0700000e+03   1.0430530e+01   3.5850450e+00  -2.2324408e-01  -2.0463292e-02  -1.9493636e-01
   1.0710000e+03   1.0422100e+01   3.5845940e+00  -2.2336155e-01  -2.0461817e-02  -1.9503101e-01
   1.0720000e+03   1.0413690e+01   3.5841440e+00  -2.2347882e-01  -2.0460349e-02  -1.9512549e-01
   1.0730000e+03   1.0405300e+01   3.5836940e+00  -2.2359590e-01  -2.0458865e-02  -1.9521987e-01
   1.0740000e+03   1.0396910e+01   3.5832460e+00  -2.2371263e-01  -2.0457315e-02  -1.9531404e-01
   1.0750000e+03   1.0388550e+01   3.5827980e+00  -2.2382921e-01  -2.0455797e-02  -1.9540807e-01
   1.0760000e+03   1.0380190e+01   3.5823510e+00  -2.2394553e-01  -2.0454206e-02  -1.9550197e-01
   1.0770000e+03   1.0371850e+01   3.5819050e+00  -2.2406160e-01  -2.0452614e-02  -1.9559569e-01
   1.0780000e+03   1.0363520e+01   3.5814590e+00  -2.2417751e-01  -2.0450982e-02  -1.9568934e-01
   1.0790000e+03   1.0355210e+01   3.5810150e+00  -2.2429311e-01  -2.0449355e-02  -1.9578273e-01
   1.0800000e+03   1.0346900e+01   3.5805710e+00  -2.2440846e-01  -2.0447645e-02  -1.9587602e-01
   1.0810000e+03   1.0338620e+01   3.5801280e+00  -2.2452368e-01  -2.0445985e-02  -1.9596918e-01
   1.0820000e+03   1.0330340e+01   3.5796850e+00  -2.2463861e-01  -2.0444234e-02  -1.9606220e-01
   1.0830000e+03   1.0322080e+01   3.5792440e+00  -2.2475330e-01  -2.0442502e-02  -1.9615502e-01
   1.0840000e+03   1.0313830e+01   3.5788030e+00  -2.2486778e-01  -2.0440721e-02  -1.9624774e-01
   1.0850000e+03   1.0305600e+01   3.5783630e+00  -2.2498204e-01  -2.0438947e-02  -1.9634028e-01
   1.0860000e+03   1.0297380e+01   3.5779240e+00  -2.2509608e-01  -2.0437138e-02  -1.9643269e-01
   1.0870000e+03   1.0289170e+01   3.5774850e+00  -2.2520989e-01  -2.0435284e-02  -1.9652498e-01
   1.0880000e+03   1.0280980e+01   3.5770480e+00  -2.2532343e-01  -2.0433447e-02  -1.9661704e-01
   1.0890000e+03   1.0272790e+01   3.5766110e+00  -2.2543675e-01  -2.0431524e-02  -1.9670902e-01
   1.0900000e+03   1.0264630e+01   3.5761740e+00  -2.2554997e-01  -2.0429647e-02  -1.9680089e-01
   1.0910000e+03   1.0256470e+01   3.5757390e+00  -2.2566283e-01  -2.0427700e-02  -1.9689255e-01
   1.0920000e+03   1.0248330e+01   3.5753040e+00  -2.2577554e-01  -2.0425752e-02  -1.9698410e-01
   1.0930000e+03   1.0240200e+01   3.5748700e+00  -2.2588797e-01  -2.0423763e-02  -1.9707548e-01
   1.0940000e+03   1.0232080e+01   3.5744370e+00  -2.2600018e-01  -2.0421749e-02  -1.9716672e-01
   1.0950000e+03   1.0223980e+01   3.5740050e+00  -2.2611218e-01  -2.0419740e-02  -1.9725779e-01
   1.0960000e+03   1.0215890e+01   3.5735730e+00  -2.2622395e-01  -2.0417691e-02  -1.9734875e-01
   1.0970000e+03   1.0207810e+01   3.5731420e+00  -2.2633553e-01  -2.0415611e-02  -1.9743958e-01
   1.0980000e+03   1.0199750e+01   3.5727120e+00  -2.2644686e-01  -2.0413533e-02  -1.9753022e-01
   1.0990000e+03   1.0191700e+01   3.5722830e+00  -2.2655797e-01  -2.0411435e-02  -1.9762071e-01
   1.1000000e+03   1.0183660e+01   3.5718540e+00  -2.2666886e-01  -2.0409286e-02  -1.9771110e-01
   1.1010000e+03   1.0175630e+01   3.5714260e+00  -2.2677955e-01  -2.0407110e-02  -1.9780136e-01
   1.1020000e+03   1.0167620e+01   3.5709990e+00  -2.2689000e-01  -2.0404941e-02  -1.9789142e-01
   1.1030000e+03   1.0159620e+01   3.5705720e+00  -2.2700025e-01  -2.0402739e-02  -1.9798139e-01
   1.1040000e+03   1.0151630e+01   3.5701470e+00  -2.2711024e-01  -2.0400506e-02  -1.9807116e-01
   1.1050000e+03   1.0143650e+01   3.5697220e+00  -2.2722003e-01  -2.0398241e-02  -1.9816083e-01
   1.1060000e+03   1.0135690e+01   3.5692970e+00  -2.2732965e-01  -2.0395974e-02  -1.9825039e-01
   1.1070000e+03   1.0127740e+01   3.5688740e+00  -2.2743898e-01  -2.0393685e-02  -1.9833973e-01
   1.1080000e+03   1.0119800e+01   3.5684510e+00  -2.2754814e-01  -2.0391358e-02  -1.9842898e-01
   1.1090000e+03   1.0111880e+01   3.5680290e+00  -2.2765709e-01  -2.0389043e-02  -1.9851807e-01
   1.1100000e+03   1.0103960e+01   3.5676080e+00  -2.2776574e-01  -2.0386656e-02  -1.9860700e-01
   1.1110000e+03   1.0096060e+01   3.5671870e+00  -2.2787426e-01  -2.0384274e-02  -1.9869583e-01
   1.1120000e+03   1.0088180e+01   3.5667670e+00  -2.2798262e-01  -2.0381906e-02  -1.9878452e-01
   1.1130000e+03   1.0080300e+01   3.5663480e+00  -2.2809066e-01  -2.0379468e-02  -1.9887304e-01
   1.1140000e+03   1.0072440e+01   3.5659300e+00  -2.2819849e-01  -2.0377035e-02  -1.9896140e-01
   1.1150000e+03   1.0064590e+01   3.5655120e+00  -2.2830615e-01  -2.0374571e-02  -1.9904967e-01
   1.1160000e+03   1.0056750e+01   3.5650950e+00  -2.2841359e-01  -2.0372080e-02  -1.9913778e-01
   1.1170000e+03   1.0048920e+01   3.5646790e+00  -2.2852077e-01  -2.0369560e-02  -1.9922573e-01
   1.1180000e+03   1.0041110e+01   3.5642630e+00  -2.2862782e-01  -2.0367044e-02  -1.9931359e-01
   1.1190000e+03   1.0033310e+01   3.5638480e+00  -2.2873463e-01  -2.0364504e-02  -1.9940130e-01
   1.1200000e+03   1.0025520e+01   3.5634340e+00  -2.2884120e-01  -2.0361929e-02  -1.9948884e-01
   1.1210000e+03   1.0017740e+01   3.5630210e+00  -2.2894754e-01  -2.0359333e-02  -1.9957623e-01
   1.1220000e+03   1.0009980e+01   3.5626080e+00  -2.2905374e-01  -2.0356740e-02  -1.9966352e-01
   1.1230000e+03   1.0002220e+01   3.5621960e+00  -2.2915966e-01  -2.0354078e-02  -1.9975066e-01
