   3.2000000e+01   2.4569980e+02   5.0130180e+00   3.4457356e-02   0.0000000e+00   2.2848913e-09
   3.3000000e+01   2.3933150e+02   4.9927850e+00   3.5046080e-02   0.0000000e+00   2.3473697e-09
   3.4000000e+01   2.3328700e+02   4.9736800e+00   3.5617824e-02   0.0000000e+00   2.4085771e-09
   3.5000000e+01   2.2754200e+02   4.9556160e+00   3.6173519e-02   0.0000000e+00   2.4685353e-09
   3.6000000e+01   2.2207440e+02   4.9385120e+00   3.6714046e-02   0.0000000e+00   2.5272583e-09
   3.7000000e+01   2.1686440e+02   4.9222980e+00   3.7240182e-02   0.0000000e+00   2.5847651e-09
   3.8000000e+01   2.1189420e+02   4.9069060e+00   3.7752677e-02   0.0000000e+00   2.6410729e-09
   3.9000000e+01   2.0714720e+02   4.8922790e+00   3.8252175e-02   0.0000000e+00   2.6961960e-09
   4.0000000e+01   2.0260890e+02   4.8783620e+00   3.8739294e-02   0.0000000e+00   2.7501434e-09
   4.1000000e+01   1.9826550e+02   4.8651050e+00   3.9214602e-02   0.0000000e+00   2.8029333e-09
   4.2000000e+01   1.9410480e+02   4.8524630e+00   3.9678622e-02   0.0000000e+00   2.8545738e-09
   4.3000000e+01   1.9011550e+02   4.8403950e+00   4.0131823e-02   0.0000000e+00   2.9050754e-09
   4.4000000e+01   1.8628700e+02   4.8288630e+00   4.0574652e-02   0.0000000e+00   2.9544527e-09
   4.5000000e+01   1.8260990e+02   4.8178320e+00   4.1007522e-02   0.0000000e+00   3.0027057e-09
   4.6000000e+01   1.7907540e+02   4.8072710e+00   4.1430799e-02   0.0000000e+00   3.0498479e-09
   4.7000000e+01   1.7567520e+02   4.7971500e+00   4.1844841e-02   0.0000000e+00   3.0958906e-09
   4.8000000e+01   1.7240200e+02   4.7874420e+00   4.2249982e-02   0.0000000e+00   3.1408357e-09
   4.9000000e+01   1.6924860e+02   4.7781220e+00   4.2646524e-02   0.0000000e+00   3.1846951e-09
   5.0000000e+01   1.6620860e+02   4.7691660e+00   4.3034759e-02   0.0000000e+00   3.2274744e-09
   5.1000000e+01   1.6327610e+02   4.7605550e+00   4.3414933e-02   0.0000000e+00   3.2691805e-09
   5.2000000e+01   1.6044540e+02   4.7522680e+00   4.3787305e-02   0.0000000e+00   3.3098143e-09
   5.3000000e+01   1.5771130e+02   4.7442860e+00   4.4152113e-02   0.0000000e+00   3.3493914e-09
   5.4000000e+01   1.5506900e+02   4.7365930e+00   4.4509581e-02   0.0000000e+00   3.3879177e-09
   5.5000000e+01   1.5251390e+02   4.7291730e+00   4.4859895e-02   0.0000000e+00   3.4253964e-09
   5.6000000e+01   1.5004170e+02   4.7220110e+00   4.5203274e-02   0.0000000e+00   3.4618368e-09
   5.7000000e+01   1.4764860e+02   4.7150940e+00   4.5539879e-02   0.0000000e+00   3.4972351e-09
   5.8000000e+01   1.4533070e+02   4.7084090e+00   4.5869901e-02   0.0000000e+00   3.5316153e-09
   5.9000000e+01   1.4308470e+02   4.7019440e+00   4.6193496e-02   0.0000000e+00   3.5649699e-09
   6.0000000e+01   1.4090710e+02   4.6956880e+00   4.6510815e-02   0.0000000e+00   3.5973061e-09
   6.1000000e+01   1.3879500e+02   4.6896300e+00   4.6822034e-02   0.0000000e+00   3.6286435e-09
   6.2000000e+01   1.3674540e+02   4.6837620e+00   4.7127252e-02   0.0000000e+00   3.6589795e-09
   6.3000000e+01   1.3475560e+02   4.6780720e+00   4.7426640e-02   0.0000000e+00   3.6883145e-09
   6.4000000e+01   1.3282300e+02   4.6725550e+00   4.7720293e-02   0.0000000e+00   3.7166692e-09
   6.5000000e+01   1.3094530e+02   4.6672000e+00   4.8008363e-02   0.0000000e+00   3.7440421e-09
   6.6000000e+01   1.2912000e+02   4.6620010e+00   4.8290945e-02   0.0000000e+00   3.7704454e-09
   6.7000000e+01   1.2734510e+02   4.6569500e+00   4.8568167e-02   0.0000000e+00   3.7958760e-09
   6.8000000e+01   1.2561840e+02   4.6520420e+00   4.8840119e-02   0.0000000e+00   3.8203487e-09
   6.9000000e+01   1.2393810e+02   4.6472690e+00   4.9106906e-02   0.0000000e+00   3.8438745e-09
   7.0000000e+01   1.2230230e+02   4.6426250e+00   4.9368643e-02   0.0000000e+00   3.8664491e-09
   7.1000000e+01   1.2070930e+02   4.6381060e+00   4.9625396e-02   0.0000000e+00   3.8880949e-09
   7.2000000e+01   1.1915740e+02   4.6337060e+00   4.9877273e-02   0.0000000e+00   3.9088020e-09
   7.3000000e+01   1.1764500e+02   4.6294190e+00   5.0124362e-02   0.0000000e+00   3.9285981e-09
   7.4000000e+01   1.1617070e+02   4.6252420e+00   5.0366731e-02   0.0000000e+00   3.9474736e-09
   7.5000000e+01   1.1473310e+02   4.6211690e+00   5.0604478e-02   0.0000000e+00   3.9654411e-09
   7.6000000e+01   1.1333070e+02   4.6171960e+00   5.0837668e-02   0.0000000e+00   3.9825081e-09
   7.7000000e+01   1.1196240e+02   4.6133200e+00   5.1066379e-02   0.0000000e+00   3.9986930e-09
   7.8000000e+01   1.1062690e+02   4.6095360e+00   5.1290695e-02   0.0000000e+00   4.0139797e-09
   7.9000000e+01   1.0932290e+02   4.6058420e+00   5.1510648e-02   0.0000000e+00   4.0283960e-09
   8.0000000e+01   1.0804960e+02   4.6022330e+00   5.1726343e-02   0.0000000e+00   4.0419512e-09
   8.1000000e+01   1.0680560e+02   4.5987060e+00   5.1937827e-02   0.0000000e+00   4.0546376e-09
   8.2000000e+01   1.0559020e+02   4.5952580e+00   5.2145168e-02   0.0000000e+00   4.0664775e-09
   8.3000000e+01   1.0440220e+02   4.5918870e+00   5.2348419e-02   0.0000000e+00   4.0774772e-09
   8.4000000e+01   1.0324090e+02   4.5885890e+00   5.2547641e-02   0.0000000e+00   4.0876242e-09
   8.5000000e+01   1.0210520e+02   4.5853610e+00   5.2742892e-02   0.0000000e+00   4.0969478e-09
   8.6000000e+01   1.0099440e+02   4.5822020e+00   5.2934211e-02   0.0000000e+00   4.1054608e-09
   8.7000000e+01   9.9907580e+01   4.5791090e+00   5.3121681e-02   0.0000000e+00   4.1131501e-09
   8.8000000e+01   9.8844090e+01   4.5760790e+00   5.3305325e-02   0.0000000e+00   4.1200385e-09
   8.9000000e+01   9.7803140e+01   4.5731100e+00   5.3485204e-02   0.0000000e+00   4.1261177e-09
   9.0000000e+01   9.6784020e+01   4.5702000e+00   5.3661376e-02   0.0000000e+00   4.1314125e-09
   9.1000000e+01   9.5786060e+01   4.5673480e+00   5.3833850e-02   0.0000000e+00   4.1359207e-09
   9.2000000e+01   9.4808610e+01   4.5645500e+00   5.4002702e-02   0.0000000e+00   4.1396672e-09
   9.3000000e+01   9.3851040e+01   4.5618050e+00   5.4167980e-02   0.0000000e+00   4.1426455e-09
   9.4000000e+01   9.2912760e+01   4.5591120e+00   5.4329710e-02   0.0000000e+00   4.1448575e-09
   9.5000000e+01   9.1993190e+01   4.5564690e+00   5.4487941e-02   0.0000000e+00   4.1463064e-09
   9.6000000e+01   9.1091770e+01   4.5538740e+00   5.4642685e-02   0.0000000e+00   4.1470201e-09
   9.7000000e+01   9.0207980e+01   4.5513260e+00   5.4794005e-02   0.0000000e+00   4.1470094e-09
   9.8000000e+01   8.9341300e+01   4.5488220e+00   5.4941960e-02   0.0000000e+00   4.1462537e-09
   9.9000000e+01   8.8491260e+01   4.5463620e+00   5.5086555e-02   0.0000000e+00   4.1447883e-09
   1.0000000e+02   8.7657360e+01   4.5439450e+00   5.5227823e-02   0.0000000e+00   4.1425969e-09
   1.0100000e+02   8.6839160e+01   4.5415680e+00   5.5365807e-02   0.0000000e+00   4.1397044e-09
   1.0200000e+02   8.6036230e+01   4.5392310e+00   5.5500537e-02   0.0000000e+00   4.1361227e-09
   1.0300000e+02   8.5248130e+01   4.5369320e+00   5.5632031e-02   0.0000000e+00   4.1318346e-09
   1.0400000e+02   8.4474470e+01   4.5346700e+00   5.5760357e-02   0.0000000e+00   4.1268763e-09
   1.0500000e+02   8.3714850e+01   4.5324450e+00   5.5885527e-02   0.0000000e+00   4.1212277e-09
   1.0600000e+02   8.2968890e+01   4.5302540e+00   5.6007559e-02   0.0000000e+00   4.1149133e-09
   1.0700000e+02   8.2236240e+01   4.5280980e+00   5.6126463e-02   0.0000000e+00   4.1079362e-09
   1.0800000e+02   8.1516530e+01   4.5259740e+00   5.6242331e-02   0.0000000e+00   4.1003010e-09
   1.0900000e+02   8.0809440e+01   4.5238820e+00   5.6355128e-02   0.0000000e+00   4.0920242e-09
   1.1000000e+02   8.0114620e+01   4.5218210e+00   5.6464903e-02   0.0000000e+00   4.0830975e-09
   1.1100000e+02   7.9431780e+01   4.5197910e+00   5.6571666e-02   0.0000000e+00   4.0735426e-09
   1.1200000e+02   7.8760600e+01   4.5177890e+00   5.6675476e-02   0.0000000e+00   4.0633594e-09
   1.1300000e+02   7.8100780e+01   4.5158160e+00   5.6776331e-02   0.0000000e+00   4.0525473e-09
   1.1400000e+02   7.7452050e+01   4.5138700e+00   5.6874256e-02   0.0000000e+00   4.0411260e-09
   1.1500000e+02   7.6814130e+01   4.5119510e+00   5.6969283e-02   0.0000000e+00   4.0290970e-09
   1.1600000e+02   7.6186740e+01   4.5100580e+00   5.7061418e-02   0.0000000e+00   4.0164696e-09
   1.1700000e+02   7.5569640e+01   4.5081900e+00   5.7150685e-02   0.0000000e+00   4.0032470e-09
   1.1800000e+02   7.4962570e+01   4.5063470e+00   5.7237107e-02   0.0000000e+00   3.9894344e-09
   1.1900000e+02   7.4365300e+01   4.5045280e+00   5.7320711e-02   0.0000000e+00   3.9750395e-09
   1.2000000e+02   7.3777580e+01   4.5027310e+00   5.7401515e-02   0.0000000e+00   3.9600716e-09
   1.2100000e+02   7.3199190e+01   4.5009580e+00   5.7479515e-02   0.0000000e+00   3.9445350e-09
   1.2200000e+02   7.2629920e+01   4.4992060e+00   5.7554762e-02   0.0000000e+00   3.9284394e-09
   1.2300000e+02   7.2069540e+01   4.4974750e+00   5.7627256e-02   0.0000000e+00   3.9117832e-09
   1.2400000e+02   7.1517860e+01   4.4957650e+00   5.7697018e-02   0.0000000e+00   3.8945814e-09
   1.2500000e+02   7.0974670e+01   4.4940750e+00   5.7764061e-02   0.0000000e+00   3.8768348e-09
   1.2600000e+02   7.0439790e+01   4.4924050e+00   5.7828392e-02   0.0000000e+00   3.8585491e-09
   1.2700000e+02   6.9913020e+01   4.4907540e+00   5.7890041e-02   0.0000000e+00   3.8397342e-09
   1.2800000e+02   6.9394180e+01   4.4891210e+00   5.7949023e-02   0.0000000e+00   3.8203930e-09
   1.2900000e+02   6.8883090e+01   4.4875060e+00   5.8005346e-02   0.0000000e+00   3.8005343e-09
   1.3000000e+02   6.8379590e+01   4.4859090e+00   5.8059018e-02   0.0000000e+00   3.7801588e-09
   1.3100000e+02   6.7883500e+01   4.4843290e+00   5.8110059e-02   0.0000000e+00   3.7592785e-09
   1.3200000e+02   6.7394670e+01   4.4827650e+00   5.8158488e-02   0.0000000e+00   3.7378945e-09
   1.3300000e+02   6.6912940e+01   4.4812180e+00   5.8204302e-02   0.0000000e+00   3.7160148e-09
   1.3400000e+02   6.6438160e+01   4.4796860e+00   5.8247530e-02   0.0000000e+00   3.6936498e-09
   1.3500000e+02   6.5970170e+01   4.4781700e+00   5.8288164e-02   0.0000000e+00   3.6707917e-09
   1.3600000e+02   6.5508840e+01   4.4766680e+00   5.8326241e-02   0.0000000e+00   3.6474580e-09
   1.3700000e+02   6.5054020e+01   4.4751810e+00   5.8361749e-02   0.0000000e+00   3.6236520e-09
   1.3800000e+02   6.4605580e+01   4.4737080e+00   5.8394706e-02   0.0000000e+00   3.5993779e-09
   1.3900000e+02   6.4163390e+01   4.4722490e+00   5.8425124e-02   0.0000000e+00   3.5746375e-09
   1.4000000e+02   6.3727320e+01   4.4708030e+00   5.8453011e-02   0.0000000e+00   3.5494396e-09
   1.4100000e+02   6.3297240e+01   4.4693700e+00   5.8478371e-02   0.0000000e+00   3.5237958e-09
   1.4200000e+02   6.2873030e+01   4.4679490e+00   5.8501235e-02   0.0000000e+00   3.4976986e-09
   1.4300000e+02   6.2454570e+01   4.4665410e+00   5.8521584e-02   0.0000000e+00   3.4711639e-09
   1.4400000e+02   6.2041760e+01   4.4651450e+00   5.8539434e-02   0.0000000e+00   3.4441898e-09
   1.4500000e+02   6.1634460e+01   4.4637600e+00   5.8554804e-02   0.0000000e+00   3.4167847e-09
   1.4600000e+02   6.1232590e+01   4.4623870e+00   5.8567684e-02   0.0000000e+00   3.3889566e-09
   1.4700000e+02   6.0836020e+01   4.4610250e+00   5.8578089e-02   0.0000000e+00   3.3607106e-09
   1.4800000e+02   6.0444670e+01   4.4596730e+00   5.8586038e-02   0.0000000e+00   3.3320397e-09
   1.4900000e+02   6.0058420e+01   4.4583320e+00   5.8591521e-02   0.0000000e+00   3.3029683e-09
   1.5000000e+02   5.9677170e+01   4.4570010e+00   5.8594552e-02   0.0000000e+00   3.2734789e-09
   1.5100000e+02   5.9300840e+01   4.4556800e+00   5.8595129e-02   0.0000000e+00   3.2435958e-09
   1.5200000e+02   5.8929330e+01   4.4543680e+00   5.8593274e-02   0.0000000e+00   3.2133195e-09
   1.5300000e+02   5.8562550e+01   4.4530660e+00   5.8588976e-02   0.0000000e+00   3.1826465e-09
   1.5400000e+02   5.8200400e+01   4.4517730e+00   5.8582247e-02   0.0000000e+00   3.1515898e-09
   1.5500000e+02   5.7842810e+01   4.4504890e+00   5.8573087e-02   0.0000000e+00   3.1201458e-09
   1.5600000e+02   5.7489690e+01   4.4492130e+00   5.8561511e-02   0.0000000e+00   3.0883345e-09
   1.5700000e+02   5.7140950e+01   4.4479450e+00   5.8547521e-02   0.0000000e+00   3.0561476e-09
   1.5800000e+02   5.6796520e+01   4.4466860e+00   5.8531105e-02   0.0000000e+00   3.0235932e-09
   1.5900000e+02   5.6456320e+01   4.4454350e+00   5.8512282e-02   0.0000000e+00   2.9906738e-09
   1.6000000e+02   5.6120270e+01   4.4441910e+00   5.8491062e-02   0.0000000e+00   2.9574036e-09
   1.6100000e+02   5.5788300e+01   4.4429540e+00   5.8467448e-02   0.0000000e+00   2.9237715e-09
   1.6200000e+02   5.5460330e+01   4.4417250e+00   5.8441416e-02   0.0000000e+00   2.8897958e-09
   1.6300000e+02   5.5136290e+01   4.4405030e+00   5.8412992e-02   0.0000000e+00   2.8554751e-09
   1.6400000e+02   5.4816120e+01   4.4392870e+00   5.8382191e-02   0.0000000e+00   2.8208136e-09
   1.6500000e+02   5.4499750e+01   4.4380780e+00   5.8348993e-02   0.0000000e+00   2.7858224e-09
   1.6600000e+02   5.4187100e+01   4.4368760e+00   5.8313400e-02   0.0000000e+00   2.7504969e-09
   1.6700000e+02   5.3878130e+01   4.4356800e+00   5.8275420e-02   0.0000000e+00   2.7148463e-09
   1.6800000e+02   5.3572750e+01   4.4344890e+00   5.8235071e-02   0.0000000e+00   2.6788733e-09
   1.6900000e+02   5.3270910e+01   4.4333050e+00   5.8192337e-02   0.0000000e+00   2.6425877e-09
   1.7000000e+02   5.2972560e+01   4.4321260e+00   5.8147223e-02   0.0000000e+00   2.6059872e-09
   1.7100000e+02   5.2677630e+01   4.4309530e+00   5.8099734e-02   0.0000000e+00   2.5690800e-09
   1.7200000e+02   5.2386060e+01   4.4297850e+00   5.8049862e-02   0.0000000e+00   2.5318672e-09
   1.7300000e+02   5.2097800e+01   4.4286220e+00   5.7997632e-02   0.0000000e+00   2.4943550e-09
   1.7400000e+02   5.1812790e+01   4.4274640e+00   5.7943027e-02   0.0000000e+00   2.4565498e-09
   1.7500000e+02   5.1530980e+01   4.4263110e+00   5.7886053e-02   0.0000000e+00   2.4184566e-09
   1.7600000e+02   5.1252320e+01   4.4251630e+00   5.7826693e-02   0.0000000e+00   2.3800745e-09
   1.7700000e+02   5.0976750e+01   4.4240190e+00   5.7764989e-02   0.0000000e+00   2.3414156e-09
   1.7800000e+02   5.0704230e+01   4.4228790e+00   5.7700909e-02   0.0000000e+00   2.3024786e-09
   1.7900000e+02   5.0434700e+01   4.4217440e+00   5.7634460e-02   0.0000000e+00   2.2632719e-09
   1.8000000e+02   5.0168120e+01   4.4206130e+00   5.7565649e-02   0.0000000e+00   2.2237908e-09
   1.8100000e+02   4.9904440e+01   4.4194850e+00   5.7494486e-02   0.0000000e+00   2.1840545e-09
   1.8200000e+02   4.9643610e+01   4.4183620e+00   5.7420944e-02   0.0000000e+00   2.1440520e-09
   1.8300000e+02   4.9385590e+01   4.4172420e+00   5.7345053e-02   0.0000000e+00   2.1037969e-09
   1.8400000e+02   4.9130340e+01   4.4161250e+00   5.7266807e-02   0.0000000e+00   2.0632884e-09
   1.8500000e+02   4.8877810e+01   4.4150120e+00   5.7186192e-02   0.0000000e+00   2.0225381e-09
   1.8600000e+02   4.8627950e+01   4.4139020e+00   5.7103226e-02   0.0000000e+00   1.9815466e-09
   1.8700000e+02   4.8380730e+01   4.4127950e+00   5.7017898e-02   0.0000000e+00   1.9403226e-09
   1.8800000e+02   4.8136110e+01   4.4116910e+00   5.6930220e-02   0.0000000e+00   1.8988586e-09
   1.8900000e+02   4.7894050e+01   4.4105900e+00   5.6840184e-02   0.0000000e+00   1.8571688e-09
   1.9000000e+02   4.7654510e+01   4.4094920e+00   5.6747785e-02   0.0000000e+00   1.8152559e-09
   1.9100000e+02   4.7417440e+01   4.4083960e+00   5.6653048e-02   0.0000000e+00   1.7731194e-09
   1.9200000e+02   4.7182820e+01   4.4073030e+00   5.6555944e-02   0.0000000e+00   1.7307676e-09
   1.9300000e+02   4.6950600e+01   4.4062120e+00   5.6456494e-02   0.0000000e+00   1.6882086e-09
   1.9400000e+02   4.6720750e+01   4.4051230e+00   5.6354704e-02   0.0000000e+00   1.6454418e-09
   1.9500000e+02   4.6493230e+01   4.4040370e+00   5.6250553e-02   0.0000000e+00   1.6024765e-09
   1.9600000e+02   4.6268020e+01   4.4029530e+00   5.6144055e-02   0.0000000e+00   1.5593072e-09
   1.9700000e+02   4.6045070e+01   4.4018700e+00   5.6035221e-02   0.0000000e+00   1.5159467e-09
   1.9800000e+02   4.5824350e+01   4.4007900e+00   5.5924034e-02   0.0000000e+00   1.4723952e-09
   1.9900000e+02   4.5605840e+01   4.3997110e+00   5.5810501e-02   0.0000000e+00   1.4286623e-09
   2.0000000e+02   4.5389490e+01   4.3986340e+00   5.5694627e-02   0.0000000e+00   1.3847449e-09
   2.0100000e+02   4.5175280e+01   4.3975580e+00   5.5576418e-02   0.0000000e+00   1.3406621e-09
   2.0200000e+02   4.4963170e+01   4.3964840e+00   5.5455868e-02   0.0000000e+00   1.2963965e-09
   2.0300000e+02   4.4753140e+01   4.3954110e+00   5.5332987e-02   0.0000000e+00   1.2519760e-09
   2.0400000e+02   4.4545160e+01   4.3943400e+00   5.5207755e-02   0.0000000e+00   1.2073763e-09
   2.0500000e+02   4.4339190e+01   4.3932700e+00   5.5080198e-02   0.0000000e+00   1.1626311e-09
   2.0600000e+02   4.4135220e+01   4.3922000e+00   5.4950324e-02   0.0000000e+00   1.1177272e-09
   2.0700000e+02   4.3933200e+01   4.3911320e+00   5.4818114e-02   0.0000000e+00   1.0726817e-09
   2.0800000e+02   4.3733120e+01   4.3900650e+00   5.4683566e-02   0.0000000e+00   1.0274850e-09
   2.0900000e+02   4.3534950e+01   4.3889980e+00   5.4546713e-02   0.0000000e+00   9.8214273e-10
   2.1000000e+02   4.3338650e+01   4.3879330e+00   5.4407538e-02   0.0000000e+00   9.3667718e-10
   2.1100000e+02   4.3144210e+01   4.3868680e+00   5.4266046e-02   0.0000000e+00   8.9107043e-10
   2.1200000e+02   4.2951600e+01   4.3858030e+00   5.4122240e-02   0.0000000e+00   8.4533889e-10
   2.1300000e+02   4.2760800e+01   4.3847390e+00   5.3976136e-02   0.0000000e+00   7.9948194e-10
   2.1400000e+02   4.2571770e+01   4.3836760e+00   5.3827704e-02   0.0000000e+00   7.5351189e-10
   2.1500000e+02   4.2384500e+01   4.3826130e+00   5.3676988e-02   0.0000000e+00   7.0742916e-10
   2.1600000e+02   4.2198960e+01   4.3815500e+00   5.3523967e-02   0.0000000e+00   6.6122720e-10
   2.1700000e+02   4.2015130e+01   4.3804880e+00   5.3368654e-02   0.0000000e+00   6.1493017e-10
   2.1800000e+02   4.1832990e+01   4.3794250e+00   5.3211068e-02   0.0000000e+00   5.6852415e-10
   2.1900000e+02   4.1652510e+01   4.3783630e+00   5.3051177e-02   0.0000000e+00   5.2203238e-10
   2.2000000e+02   4.1473670e+01   4.3773010e+00   5.2889015e-02   0.0000000e+00   4.7543151e-10
   2.2100000e+02   4.1296450e+01   4.3762380e+00   5.2724598e-02   0.0000000e+00   4.2875981e-10
   2.2200000e+02   4.1120840e+01   4.3751760e+00   5.2557891e-02   0.0000000e+00   3.8199845e-10
   2.2300000e+02   4.0946790e+01   4.3741130e+00   5.2388940e-02   0.0000000e+00   3.3516385e-10
   2.2400000e+02   4.0774310e+01   4.3730510e+00   5.2217708e-02   0.0000000e+00   2.8824432e-10
   2.2500000e+02   4.0603360e+01   4.3719870e+00   5.2044262e-02   0.0000000e+00   2.4126664e-10
   2.2600000e+02   4.0433940e+01   4.3709240e+00   5.1868554e-02   0.0000000e+00   1.9421080e-10
   2.2700000e+02   4.0266000e+01   4.3698600e+00   5.1690600e-02   0.0000000e+00   1.4709949e-10
   2.2800000e+02   4.0099550e+01   4.3687960e+00   5.1510432e-02   0.0000000e+00   9.9938543e-11
   2.2900000e+02   3.9934560e+01   4.3677310e+00   5.1328045e-02   0.0000000e+00   5.2720026e-11
   2.3000000e+02   3.9771010e+01   4.3666660e+00   5.1143423e-02   0.0000000e+00   5.4431738e-12
   2.3100000e+02   3.9608880e+01   4.3656000e+00   5.0956616e-02   0.0000000e+00  -4.1869787e-11
   2.3200000e+02   3.9448160e+01   4.3645330e+00   5.0767603e-02   0.0000000e+00  -8.9222720e-11
   2.3300000e+02   3.9288830e+01   4.3634650e+00   5.0576411e-02   0.0000000e+00  -1.3661041e-10
   2.3400000e+02   3.9130860e+01   4.3623970e+00   5.0383027e-02   0.0000000e+00  -1.8403201e-10
   2.3500000e+02   3.8974250e+01   4.3613280e+00   5.0187476e-02   0.0000000e+00  -2.3147668e-10
   2.3600000e+02   3.8818980e+01   4.3602580e+00   4.9989775e-02   0.0000000e+00  -2.7894311e-10
   2.3700000e+02   3.8665030e+01   4.3591870e+00   4.9789909e-02   0.0000000e+00  -3.2642704e-10
   2.3800000e+02   3.8512380e+01   4.3581160e+00   4.9587881e-02   0.0000000e+00  -3.7392632e-10
   2.3900000e+02   3.8361020e+01   4.3570430e+00   4.9383752e-02   0.0000000e+00  -4.2144485e-10
   2.4000000e+02   3.8210930e+01   4.3559690e+00   4.9177490e-02   0.0000000e+00  -4.6895614e-10
   2.4100000e+02   3.8062100e+01   4.3548940e+00   4.8969111e-02   0.0000000e+00  -5.1648529e-10
   2.4200000e+02   3.7914510e+01   4.3538180e+00   4.8758636e-02   0.0000000e+00  -5.6399976e-10
   2.4300000e+02   3.7768150e+01   4.3527410e+00   4.8546073e-02   0.0000000e+00  -6.1151197e-10
   2.4400000e+02   3.7623000e+01   4.3516630e+00   4.8331421e-02   0.0000000e+00  -6.5901625e-10
   2.4500000e+02   3.7479040e+01   4.3505830e+00   4.8114731e-02   0.0000000e+00  -7.0650176e-10
   2.4600000e+02   3.7336280e+01   4.3495020e+00   4.7895965e-02   0.0000000e+00  -7.5397251e-10
   2.4700000e+02   3.7194680e+01   4.3484200e+00   4.7675167e-02   0.0000000e+00  -8.0141545e-10
   2.4800000e+02   3.7054230e+01   4.3473360e+00   4.7452343e-02   0.0000000e+00  -8.4884131e-10
   2.4900000e+02   3.6914930e+01   4.3462520e+00   4.7227507e-02   0.0000000e+00  -8.9623205e-10
   2.5000000e+02   3.6776760e+01   4.3451650e+00   4.7000665e-02   0.0000000e+00  -9.4358381e-10
   2.5100000e+02   3.6639700e+01   4.3440780e+00   4.6771840e-02   0.0000000e+00  -9.9091240e-10
   2.5200000e+02   3.6503750e+01   4.3429880e+00   4.6541025e-02   0.0000000e+00  -1.0381943e-09
   2.5300000e+02   3.6368880e+01   4.3418980e+00   4.6308262e-02   0.0000000e+00  -1.0854240e-09
   2.5400000e+02   3.6235090e+01   4.3408050e+00   4.6073564e-02   0.0000000e+00  -1.1326018e-09
   2.5500000e+02   3.6102370e+01   4.3397120e+00   4.5836915e-02   0.0000000e+00  -1.1797405e-09
   2.5600000e+02   3.5970700e+01   4.3386160e+00   4.5598391e-02   0.0000000e+00  -1.2268139e-09
   2.5700000e+02   3.5840070e+01   4.3375190e+00   4.5357944e-02   0.0000000e+00  -1.2738429e-09
   2.5800000e+02   3.5710470e+01   4.3364210e+00   4.5115599e-02   0.0000000e+00  -1.3207934e-09
   2.5900000e+02   3.5581880e+01   4.3353210e+00   4.4871405e-02   0.0000000e+00  -1.3676780e-09
   2.6000000e+02   3.5454300e+01   4.3342190e+00   4.4625343e-02   0.0000000e+00  -1.4144988e-09
   2.6100000e+02   3.5327720e+01   4.3331150e+00   4.4377459e-02   0.0000000e+00  -1.4612424e-09
   2.6200000e+02   3.5202110e+01   4.3320100e+00   4.4127761e-02   0.0000000e+00  -1.5079052e-09
   2.6300000e+02   3.5077480e+01   4.3309030e+00   4.3876265e-02   0.0000000e+00  -1.5544966e-09
   2.6400000e+02   3.4953810e+01   4.3297940e+00   4.3622963e-02   0.0000000e+00  -1.6009939e-09
   2.6500000e+02   3.4831090e+01   4.3286840e+00   4.3367896e-02   0.0000000e+00  -1.6474236e-09
   2.6600000e+02   3.4709310e+01   4.3275710e+00   4.3111096e-02   0.0000000e+00  -1.6937487e-09
   2.6700000e+02   3.4588460e+01   4.3264570e+00   4.2852559e-02   0.0000000e+00  -1.7399815e-09
   2.6800000e+02   3.4468530e+01   4.3253410e+00   4.2592323e-02   0.0000000e+00  -1.7861141e-09
   2.6900000e+02   3.4349510e+01   4.3242240e+00   4.2330363e-02   0.0000000e+00  -1.8321567e-09
   2.7000000e+02   3.4231390e+01   4.3231040e+00   4.2066739e-02   0.0000000e+00  -1.8780967e-09
   2.7100000e+02   3.4114160e+01   4.3219830e+00   4.1801437e-02   0.0000000e+00  -1.9239200e-09
   2.7200000e+02   3.3997800e+01   4.3208590e+00   4.1534530e-02   0.0000000e+00  -1.9696498e-09
   2.7300000e+02   3.3882320e+01   4.3197340e+00   4.1265999e-02   0.0000000e+00  -2.0152603e-09
   2.7400000e+02   3.3767700e+01   4.3186070e+00   4.0995866e-02   0.0000000e+00  -2.0607560e-09
   2.7500000e+02   3.3653930e+01   4.3174780e+00   4.0724135e-02   0.0000000e+00  -2.1061397e-09
   2.7600000e+02   3.3541000e+01   4.3163470e+00   4.0450844e-02   0.0000000e+00  -2.1514055e-09
   2.7700000e+02   3.3428900e+01   4.3152140e+00   4.0176035e-02   0.0000000e+00  -2.1965527e-09
   2.7800000e+02   3.3317630e+01   4.3140800e+00   3.9899664e-02   0.0000000e+00  -2.2415634e-09
   2.7900000e+02   3.3207170e+01   4.3129430e+00   3.9621826e-02   0.0000000e+00  -2.2864448e-09
   2.8000000e+02   3.3097530e+01   4.3118050e+00   3.9342488e-02   0.0000000e+00  -2.3312155e-09
   2.8100000e+02   3.2988680e+01   4.3106640e+00   3.9061696e-02   0.0000000e+00  -2.3758467e-09
   2.8200000e+02   3.2880620e+01   4.3095220e+00   3.8779483e-02   0.0000000e+00  -2.4203361e-09
   2.8300000e+02   3.2773340e+01   4.3083770e+00   3.8495827e-02   0.0000000e+00  -2.4646907e-09
   2.8400000e+02   3.2666830e+01   4.3072310e+00   3.8210784e-02   0.0000000e+00  -2.5089115e-09
   2.8500000e+02   3.2561100e+01   4.3060830e+00   3.7924341e-02   0.0000000e+00  -2.5530007e-09
   2.8600000e+02   3.2456110e+01   4.3049320e+00   3.7636570e-02   0.0000000e+00  -2.5969284e-09
   2.8700000e+02   3.2351880e+01   4.3037800e+00   3.7347428e-02   0.0000000e+00  -2.6407148e-09
   2.8800000e+02   3.2248390e+01   4.3026260e+00   3.7057006e-02   0.0000000e+00  -2.6843558e-09
   2.8900000e+02   3.2145640e+01   4.3014700e+00   3.6765272e-02   0.0000000e+00  -2.7278582e-09
   2.9000000e+02   3.2043610e+01   4.3003120e+00   3.6472277e-02   0.0000000e+00  -2.7711918e-09
   2.9100000e+02   3.1942300e+01   4.2991520e+00   3.6178020e-02   0.0000000e+00  -2.8143789e-09
   2.9200000e+02   3.1841700e+01   4.2979900e+00   3.5882541e-02   0.0000000e+00  -2.8574065e-09
   2.9300000e+02   3.1741810e+01   4.2968260e+00   3.5585861e-02   0.0000000e+00  -2.9002849e-09
   2.9400000e+02   3.1642610e+01   4.2956600e+00   3.5287992e-02   0.0000000e+00  -2.9430074e-09
   2.9500000e+02   3.1544100e+01   4.2944920e+00   3.4988958e-02   0.0000000e+00  -2.9855719e-09
   2.9600000e+02   3.1446280e+01   4.2933220e+00   3.4688768e-02   0.0000000e+00  -3.0279513e-09
   2.9700000e+02   3.1349140e+01   4.2921500e+00   3.4387474e-02   0.0000000e+00  -3.0701974e-09
   2.9800000e+02   3.1252660e+01   4.2909770e+00   3.4085073e-02   0.0000000e+00  -3.1122491e-09
   2.9900000e+02   3.1156850e+01   4.2898010e+00   3.3781592e-02   0.0000000e+00  -3.1541513e-09
   3.0000000e+02   3.1061690e+01   4.2886230e+00   3.3477053e-02   0.0000000e+00  -3.1958841e-09
   3.0100000e+02   3.0967180e+01   4.2874440e+00   3.3171511e-02   0.0000000e+00  -3.2374406e-09
   3.0200000e+02   3.0873320e+01   4.2862630e+00   3.2864921e-02   0.0000000e+00  -3.2788305e-09
   3.0300000e+02   3.0780090e+01   4.2850790e+00   3.2557353e-02   0.0000000e+00  -3.3200487e-09
   3.0400000e+02   3.0687490e+01   4.2838940e+00   3.2248806e-02   0.0000000e+00  -3.3610923e-09
   3.0500000e+02   3.0595520e+01   4.2827070e+00   3.1939320e-02   0.0000000e+00  -3.4019489e-09
   3.0600000e+02   3.0504170e+01   4.2815180e+00   3.1628915e-02   0.0000000e+00  -3.4426372e-09
   3.0700000e+02   3.0413430e+01   4.2803270e+00   3.1317610e-02   0.0000000e+00  -3.4831564e-09
   3.0800000e+02   3.0323290e+01   4.2791350e+00   3.1005419e-02   0.0000000e+00  -3.5234854e-09
   3.0900000e+02   3.0233760e+01   4.2779400e+00   3.0692365e-02   0.0000000e+00  -3.5636487e-09
   3.1000000e+02   3.0144810e+01   4.2767440e+00   3.0378449e-02   0.0000000e+00  -3.6036140e-09
   3.1100000e+02   3.0056460e+01   4.2755460e+00   3.0063738e-02   0.0000000e+00  -3.6434088e-09
   3.1200000e+02   2.9968690e+01   4.2743460e+00   2.9748233e-02   0.0000000e+00  -3.6830238e-09
   3.1300000e+02   2.9881500e+01   4.2731440e+00   2.9431969e-02   0.0000000e+00  -3.7224464e-09
   3.1400000e+02   2.9794880e+01   4.2719410e+00   2.9114917e-02   0.0000000e+00  -3.7616881e-09
   3.1500000e+02   2.9708820e+01   4.2707350e+00   2.8797146e-02   0.0000000e+00  -3.8007386e-09
   3.1600000e+02   2.9623330e+01   4.2695280e+00   2.8478665e-02   0.0000000e+00  -3.8396046e-09
   3.1700000e+02   2.9538390e+01   4.2683190e+00   2.8159488e-02   0.0000000e+00  -3.8782875e-09
   3.1800000e+02   2.9454000e+01   4.2671090e+00   2.7839632e-02   0.0000000e+00  -3.9167951e-09
   3.1900000e+02   2.9370160e+01   4.2658960e+00   2.7519159e-02   0.0000000e+00  -3.9550949e-09
   3.2000000e+02   2.9286860e+01   4.2646820e+00   2.7197999e-02   0.0000000e+00  -3.9932113e-09
   3.2100000e+02   2.9204090e+01   4.2634660e+00   2.6876283e-02   0.0000000e+00  -4.0311376e-09
   3.2200000e+02   2.9121850e+01   4.2622490e+00   2.6553988e-02   0.0000000e+00  -4.0688725e-09
   3.2300000e+02   2.9040130e+01   4.2610300e+00   2.6231066e-02   0.0000000e+00  -4.1064153e-09
   3.2400000e+02   2.8958940e+01   4.2598090e+00   2.5907652e-02   0.0000000e+00  -4.1437726e-09
   3.2500000e+02   2.8878260e+01   4.2585870e+00   2.5583678e-02   0.0000000e+00  -4.1809422e-09
   3.2600000e+02   2.8798090e+01   4.2573630e+00   2.5259210e-02   0.0000000e+00  -4.2178977e-09
   3.2700000e+02   2.8718420e+01   4.2561370e+00   2.4934241e-02   0.0000000e+00  -4.2546862e-09
   3.2800000e+02   2.8639260e+01   4.2549100e+00   2.4608829e-02   0.0000000e+00  -4.2912565e-09
   3.2900000e+02   2.8560590e+01   4.2536810e+00   2.4282937e-02   0.0000000e+00  -4.3276479e-09
   3.3000000e+02   2.8482410e+01   4.2524510e+00   2.3956627e-02   0.0000000e+00  -4.3638412e-09
   3.3100000e+02   2.8404720e+01   4.2512190e+00   2.3629925e-02   0.0000000e+00  -4.3998403e-09
   3.3200000e+02   2.8327510e+01   4.2499860e+00   2.3302810e-02   0.0000000e+00  -4.4356430e-09
   3.3300000e+02   2.8250780e+01   4.2487510e+00   2.2975304e-02   0.0000000e+00  -4.4712546e-09
   3.3400000e+02   2.8174520e+01   4.2475150e+00   2.2647471e-02   0.0000000e+00  -4.5066631e-09
   3.3500000e+02   2.8098730e+01   4.2462770e+00   2.2319318e-02   0.0000000e+00  -4.5418865e-09
   3.3600000e+02   2.8023400e+01   4.2450370e+00   2.1990809e-02   0.0000000e+00  -4.5769018e-09
   3.3700000e+02   2.7948540e+01   4.2437970e+00   2.1662022e-02   0.0000000e+00  -4.6117373e-09
   3.3800000e+02   2.7874130e+01   4.2425550e+00   2.1332939e-02   0.0000000e+00  -4.6463626e-09
   3.3900000e+02   2.7800180e+01   4.2413110e+00   2.1003604e-02   0.0000000e+00  -4.6807996e-09
   3.4000000e+02   2.7726670e+01   4.2400660e+00   2.0674020e-02   0.0000000e+00  -4.7150336e-09
   3.4100000e+02   2.7653610e+01   4.2388200e+00   2.0344181e-02   0.0000000e+00  -4.7490660e-09
   3.4200000e+02   2.7580980e+01   4.2375730e+00   2.0014170e-02   0.0000000e+00  -4.7829034e-09
   3.4300000e+02   2.7508800e+01   4.2363240e+00   1.9683945e-02   0.0000000e+00  -4.8165391e-09
   3.4400000e+02   2.7437040e+01   4.2350740e+00   1.9353546e-02   0.0000000e+00  -4.8499925e-09
   3.4500000e+02   2.7365720e+01   4.2338220e+00   1.9022969e-02   0.0000000e+00  -4.8832443e-09
   3.4600000e+02   2.7294810e+01   4.2325690e+00   1.8692284e-02   0.0000000e+00  -4.9162966e-09
   3.4700000e+02   2.7224330e+01   4.2313160e+00   1.8361420e-02   0.0000000e+00  -4.9491421e-09
   3.4800000e+02   2.7154270e+01   4.2300600e+00   1.8030499e-02   0.0000000e+00  -4.9817928e-09
   3.4900000e+02   2.7084620e+01   4.2288040e+00   1.7699433e-02   0.0000000e+00  -5.0142589e-09
   3.5000000e+02   2.7015380e+01   4.2275470e+00   1.7368348e-02   0.0000000e+00  -5.0465098e-09
   3.5100000e+02   2.6946540e+01   4.2262880e+00   1.7037130e-02   0.0000000e+00  -5.0785693e-09
   3.5200000e+02   2.6878110e+01   4.2250280e+00   1.6705881e-02   0.0000000e+00  -5.1104267e-09
   3.5300000e+02   2.6810080e+01   4.2237670e+00   1.6374606e-02   0.0000000e+00  -5.1420963e-09
   3.5400000e+02   2.6742440e+01   4.2225050e+00   1.6043328e-02   0.0000000e+00  -5.1735642e-09
   3.5500000e+02   2.6675190e+01   4.2212420e+00   1.5712039e-02   0.0000000e+00  -5.2048149e-09
   3.5600000e+02   2.6608340e+01   4.2199780e+00   1.5380745e-02   0.0000000e+00  -5.2359054e-09
   3.5700000e+02   2.6541870e+01   4.2187130e+00   1.5049482e-02   0.0000000e+00  -5.2667627e-09
   3.5800000e+02   2.6475780e+01   4.2174470e+00   1.4718248e-02   0.0000000e+00  -5.2974435e-09
   3.5900000e+02   2.6410060e+01   4.2161800e+00   1.4387081e-02   0.0000000e+00  -5.3279160e-09
   3.6000000e+02   2.6344730e+01   4.2149120e+00   1.4055955e-02   0.0000000e+00  -5.3581868e-09
   3.6100000e+02   2.6279770e+01   4.2136430e+00   1.3724963e-02   0.0000000e+00  -5.3882770e-09
   3.6200000e+02   2.6215170e+01   4.2123730e+00   1.3394025e-02   0.0000000e+00  -5.4181591e-09
   3.6300000e+02   2.6150940e+01   4.2111020e+00   1.3063173e-02   0.0000000e+00  -5.4478354e-09
   3.6400000e+02   2.6087080e+01   4.2098300e+00   1.2732466e-02   0.0000000e+00  -5.4773217e-09
   3.6500000e+02   2.6023570e+01   4.2085570e+00   1.2401922e-02   0.0000000e+00  -5.5066204e-09
   3.6600000e+02   2.5960420e+01   4.2072840e+00   1.2071460e-02   0.0000000e+00  -5.5357030e-09
   3.6700000e+02   2.5897620e+01   4.2060100e+00   1.1741221e-02   0.0000000e+00  -5.5646062e-09
   3.6800000e+02   2.5835180e+01   4.2047340e+00   1.1411105e-02   0.0000000e+00  -5.5933039e-09
   3.6900000e+02   2.5773080e+01   4.2034590e+00   1.1081193e-02   0.0000000e+00  -5.6218032e-09
   3.7000000e+02   2.5711320e+01   4.2021820e+00   1.0751451e-02   0.0000000e+00  -5.6501055e-09
   3.7100000e+02   2.5649910e+01   4.2009050e+00   1.0421912e-02   0.0000000e+00  -5.6782041e-09
   3.7200000e+02   2.5588840e+01   4.1996270e+00   1.0092628e-02   0.0000000e+00  -5.7061247e-09
   3.7300000e+02   2.5528100e+01   4.1983480e+00   9.7635353e-03   0.0000000e+00  -5.7338295e-09
   3.7400000e+02   2.5467690e+01   4.1970680e+00   9.4347008e-03   0.0000000e+00  -5.7613475e-09
   3.7500000e+02   2.5407620e+01   4.1957880e+00   9.1061290e-03   0.0000000e+00  -5.7886689e-09
   3.7600000e+02   2.5347870e+01   4.1945080e+00   8.7778239e-03   0.0000000e+00  -5.8158005e-09
   3.7700000e+02   2.5288450e+01   4.1932260e+00   8.4497477e-03   0.0000000e+00  -5.8427216e-09
   3.7800000e+02   2.5229350e+01   4.1919440e+00   8.1219911e-03   0.0000000e+00  -5.8694557e-09
   3.7900000e+02   2.5170570e+01   4.1906620e+00   7.7945191e-03   0.0000000e+00  -5.8959955e-09
   3.8000000e+02   2.5112110e+01   4.1893790e+00   7.4673404e-03   0.0000000e+00  -5.9223344e-09
   3.8100000e+02   2.5053960e+01   4.1880950e+00   7.1404733e-03   0.0000000e+00  -5.9484770e-09
   3.8200000e+02   2.4996120e+01   4.1868110e+00   6.8139276e-03   0.0000000e+00  -5.9744243e-09
   3.8300000e+02   2.4938600e+01   4.1855270e+00   6.4877117e-03   0.0000000e+00  -6.0001798e-09
   3.8400000e+02   2.4881370e+01   4.1842420e+00   6.1618491e-03   0.0000000e+00  -6.0257346e-09
   3.8500000e+02   2.4824460e+01   4.1829560e+00   5.8363468e-03   0.0000000e+00  -6.0511066e-09
   3.8600000e+02   2.4767840e+01   4.1816700e+00   5.5111744e-03   0.0000000e+00  -6.0762715e-09
   3.8700000e+02   2.4711530e+01   4.1803840e+00   5.1863829e-03   0.0000000e+00  -6.1012461e-09
   3.8800000e+02   2.4655510e+01   4.1790970e+00   4.8619951e-03   0.0000000e+00  -6.1260333e-09
   3.8900000e+02   2.4599780e+01   4.1778100e+00   4.5380027e-03   0.0000000e+00  -6.1506259e-09
   3.9000000e+02   2.4544350e+01   4.1765230e+00   4.2143493e-03   0.0000000e+00  -6.1750138e-09
   3.9100000e+02   2.4489210e+01   4.1752350e+00   3.8911134e-03   0.0000000e+00  -6.1992099e-09
   3.9200000e+02   2.4434350e+01   4.1739480e+00   3.5683127e-03   0.0000000e+00  -6.2232197e-09
   3.9300000e+02   2.4379780e+01   4.1726590e+00   3.2458819e-03   0.0000000e+00  -6.2470233e-09
   3.9400000e+02   2.4325490e+01   4.1713710e+00   2.9239173e-03   0.0000000e+00  -6.2706421e-09
   3.9500000e+02   2.4271490e+01   4.1700820e+00   2.6024016e-03   0.0000000e+00  -6.2940759e-09
   3.9600000e+02   2.4217760e+01   4.1687930e+00   2.2812639e-03   0.0000000e+00  -6.3172976e-09
   3.9700000e+02   2.4164310e+01   4.1675040e+00   1.9606488e-03   0.0000000e+00  -6.3403468e-09
   3.9800000e+02   2.4111130e+01   4.1662150e+00   1.6404439e-03   0.0000000e+00  -6.3631902e-09
   3.9900000e+02   2.4058220e+01   4.1649250e+00   1.3207104e-03   0.0000000e+00  -6.3858443e-09
   4.0000000e+02   2.4005580e+01   4.1636360e+00   1.0014279e-03   0.0000000e+00  -6.4082986e-09
   4.0100000e+02   2.3953210e+01   4.1623460e+00   6.8263124e-04   0.0000000e+00  -6.4305713e-09
   4.0200000e+02   2.3901110e+01   4.1610560e+00   3.6432009e-04   0.0000000e+00  -6.4526488e-09
   4.0300000e+02   2.3849270e+01   4.1597660e+00   4.6551137e-05   0.0000000e+00  -6.4745473e-09
   4.0400000e+02   2.3797690e+01   4.1584760e+00  -2.7080070e-04   0.0000000e+00  -6.4962328e-09
   4.0500000e+02   2.3746360e+01   4.1571860e+00  -5.8763001e-04   0.0000000e+00  -6.5177349e-09
   4.0600000e+02   2.3695300e+01   4.1558960e+00  -9.0392012e-04   0.0000000e+00  -6.5390534e-09
   4.0700000e+02   2.3644490e+01   4.1546060e+00  -1.2197543e-03   0.0000000e+00  -6.5601674e-09
   4.0800000e+02   2.3593940e+01   4.1533160e+00  -1.5350133e-03   0.0000000e+00  -6.5811062e-09
   4.0900000e+02   2.3543630e+01   4.1520260e+00  -1.8497763e-03   0.0000000e+00  -6.6018454e-09
   4.1000000e+02   2.3493580e+01   4.1507360e+00  -2.1639933e-03   0.0000000e+00  -6.6224024e-09
   4.1100000e+02   2.3443770e+01   4.1494460e+00  -2.4776854e-03   0.0000000e+00  -6.6427663e-09
   4.1200000e+02   2.3394210e+01   4.1481570e+00  -2.7908398e-03   0.0000000e+00  -6.6629362e-09
   4.1300000e+02   2.3344890e+01   4.1468670e+00  -3.1034351e-03   0.0000000e+00  -6.6829220e-09
   4.1400000e+02   2.3295810e+01   4.1455770e+00  -3.4155292e-03   0.0000000e+00  -6.7027084e-09
   4.1500000e+02   2.3246980e+01   4.1442880e+00  -3.7270330e-03   0.0000000e+00  -6.7223124e-09
   4.1600000e+02   2.3198380e+01   4.1429990e+00  -4.0379932e-03   0.0000000e+00  -6.7417218e-09
   4.1700000e+02   2.3150020e+01   4.1417100e+00  -4.3483430e-03   0.0000000e+00  -6.7609574e-09
   4.1800000e+02   2.3101890e+01   4.1404210e+00  -4.6581863e-03   0.0000000e+00  -6.7799928e-09
   4.1900000e+02   2.3053990e+01   4.1391320e+00  -4.9674186e-03   0.0000000e+00  -6.7988431e-09
   4.2000000e+02   2.3006330e+01   4.1378440e+00  -5.2760649e-03   0.0000000e+00  -6.8175121e-09
   4.2100000e+02   2.2958900e+01   4.1365560e+00  -5.5841478e-03   0.0000000e+00  -6.8359870e-09
   4.2200000e+02   2.2911690e+01   4.1352680e+00  -5.8916542e-03   0.0000000e+00  -6.8542740e-09
   4.2300000e+02   2.2864710e+01   4.1339810e+00  -6.1985697e-03   0.0000000e+00  -6.8723742e-09
   4.2400000e+02   2.2817950e+01   4.1326930e+00  -6.5048848e-03   0.0000000e+00  -6.8902922e-09
   4.2500000e+02   2.2771410e+01   4.1314060e+00  -6.8105817e-03   0.0000000e+00  -6.9080270e-09
   4.2600000e+02   2.2725100e+01   4.1301200e+00  -7.1157012e-03   0.0000000e+00  -6.9255682e-09
   4.2700000e+02   2.2679000e+01   4.1288340e+00  -7.4202499e-03   0.0000000e+00  -6.9429209e-09
   4.2800000e+02   2.2633130e+01   4.1275480e+00  -7.7241264e-03   0.0000000e+00  -6.9601025e-09
   4.2900000e+02   2.2587460e+01   4.1262620e+00  -8.0274395e-03   0.0000000e+00  -6.9770829e-09
   4.3000000e+02   2.2542020e+01   4.1249770e+00  -8.3301335e-03   0.0000000e+00  -6.9938833e-09
   4.3100000e+02   2.2496780e+01   4.1236930e+00  -8.6321957e-03   0.0000000e+00  -7.0105060e-09
   4.3200000e+02   2.2451760e+01   4.1224080e+00  -8.9336584e-03   0.0000000e+00  -7.0269373e-09
   4.3300000e+02   2.2406940e+01   4.1211250e+00  -9.2344571e-03   0.0000000e+00  -7.0431966e-09
   4.3400000e+02   2.2362340e+01   4.1198410e+00  -9.5346844e-03   0.0000000e+00  -7.0592556e-09
   4.3500000e+02   2.2317940e+01   4.1185590e+00  -9.8342411e-03   0.0000000e+00  -7.0751470e-09
   4.3600000e+02   2.2273740e+01   4.1172760e+00  -1.0133198e-02   0.0000000e+00  -7.0908437e-09
   4.3700000e+02   2.2229750e+01   4.1159950e+00  -1.0431504e-02   0.0000000e+00  -7.1063644e-09
   4.3800000e+02   2.2185960e+01   4.1147130e+00  -1.0729198e-02   0.0000000e+00  -7.1216984e-09
   4.3900000e+02   2.2142370e+01   4.1134330e+00  -1.1026218e-02   0.0000000e+00  -7.1368580e-09
   4.4000000e+02   2.2098980e+01   4.1121530e+00  -1.1322654e-02   0.0000000e+00  -7.1518225e-09
   4.4100000e+02   2.2055790e+01   4.1108730e+00  -1.1618406e-02   0.0000000e+00  -7.1666212e-09
   4.4200000e+02   2.2012800e+01   4.1095940e+00  -1.1913543e-02   0.0000000e+00  -7.1812253e-09
   4.4300000e+02   2.1970000e+01   4.1083160e+00  -1.2208022e-02   0.0000000e+00  -7.1956565e-09
   4.4400000e+02   2.1927390e+01   4.1070380e+00  -1.2501823e-02   0.0000000e+00  -7.2099141e-09
   4.4500000e+02   2.1884980e+01   4.1057610e+00  -1.2795001e-02   0.0000000e+00  -7.2239887e-09
   4.4600000e+02   2.1842750e+01   4.1044850e+00  -1.3087523e-02   0.0000000e+00  -7.2378785e-09
   4.4700000e+02   2.1800720e+01   4.1032090e+00  -1.3379404e-02   0.0000000e+00  -7.2515909e-09
   4.4800000e+02   2.1758870e+01   4.1019340e+00  -1.3670623e-02   0.0000000e+00  -7.2651289e-09
   4.4900000e+02   2.1717210e+01   4.1006600e+00  -1.3961173e-02   0.0000000e+00  -7.2784906e-09
   4.5000000e+02   2.1675730e+01   4.0993860e+00  -1.4251093e-02   0.0000000e+00  -7.2916662e-09
   4.5100000e+02   2.1634440e+01   4.0981130e+00  -1.4540316e-02   0.0000000e+00  -7.3046732e-09
   4.5200000e+02   2.1593340e+01   4.0968410e+00  -1.4828977e-02   0.0000000e+00  -7.3174850e-09
   4.5300000e+02   2.1552410e+01   4.0955700e+00  -1.5116841e-02   0.0000000e+00  -7.3301495e-09
   4.5400000e+02   2.1511660e+01   4.0942990e+00  -1.5404115e-02   0.0000000e+00  -7.3426227e-09
   4.5500000e+02   2.1471100e+01   4.0930300e+00  -1.5690718e-02   0.0000000e+00  -7.3549218e-09
   4.5600000e+02   2.1430710e+01   4.0917610e+00  -1.5976693e-02   0.0000000e+00  -7.3670336e-09
   4.5700000e+02   2.1390490e+01   4.0904920e+00  -1.6261905e-02   0.0000000e+00  -7.3789977e-09
   4.5800000e+02   2.1350450e+01   4.0892250e+00  -1.6546552e-02   0.0000000e+00  -7.3907625e-09
   4.5900000e+02   2.1310590e+01   4.0879580e+00  -1.6830495e-02   0.0000000e+00  -7.4023675e-09
   4.6000000e+02   2.1270900e+01   4.0866930e+00  -1.7113761e-02   0.0000000e+00  -7.4137956e-09
   4.6100000e+02   2.1231380e+01   4.0854280e+00  -1.7396373e-02   0.0000000e+00  -7.4250505e-09
   4.6200000e+02   2.1192030e+01   4.0841640e+00  -1.7678293e-02   0.0000000e+00  -7.4361385e-09
   4.6300000e+02   2.1152850e+01   4.0829010e+00  -1.7959523e-02   0.0000000e+00  -7.4470549e-09
   4.6400000e+02   2.1113840e+01   4.0816390e+00  -1.8240134e-02   0.0000000e+00  -7.4577942e-09
   4.6500000e+02   2.1074990e+01   4.0803770e+00  -1.8520038e-02   0.0000000e+00  -7.4683714e-09
   4.6600000e+02   2.1036310e+01   4.0791170e+00  -1.8799285e-02   0.0000000e+00  -7.4787726e-09
   4.6700000e+02   2.0997800e+01   4.0778580e+00  -1.9077866e-02   0.0000000e+00  -7.4890030e-09
   4.6800000e+02   2.0959450e+01   4.0765990e+00  -1.9355795e-02   0.0000000e+00  -7.4990623e-09
   4.6900000e+02   2.0921260e+01   4.0753420e+00  -1.9633033e-02   0.0000000e+00  -7.5089516e-09
   4.7000000e+02   2.0883230e+01   4.0740850e+00  -1.9909583e-02   0.0000000e+00  -7.5186796e-09
   4.7100000e+02   2.0845370e+01   4.0728300e+00  -2.0185455e-02   0.0000000e+00  -7.5282464e-09
   4.7200000e+02   2.0807660e+01   4.0715750e+00  -2.0460673e-02   0.0000000e+00  -7.5376372e-09
   4.7300000e+02   2.0770110e+01   4.0703220e+00  -2.0735240e-02   0.0000000e+00  -7.5468541e-09
   4.7400000e+02   2.0732710e+01   4.0690690e+00  -2.1009087e-02   0.0000000e+00  -7.5559176e-09
   4.7500000e+02   2.0695480e+01   4.0678180e+00  -2.1282267e-02   0.0000000e+00  -7.5648142e-09
   4.7600000e+02   2.0658400e+01   4.0665670e+00  -2.1554791e-02   0.0000000e+00  -7.5735445e-09
   4.7700000e+02   2.0621470e+01   4.0653180e+00  -2.1826617e-02   0.0000000e+00  -7.5821134e-09
   4.7800000e+02   2.0584690e+01   4.0640700e+00  -2.2097767e-02   0.0000000e+00  -7.5905227e-09
   4.7900000e+02   2.0548070e+01   4.0628230e+00  -2.2368271e-02   0.0000000e+00  -7.5987588e-09
   4.8000000e+02   2.0511600e+01   4.0615760e+00  -2.2638125e-02   0.0000000e+00  -7.6068325e-09
   4.8100000e+02   2.0475270e+01   4.0603310e+00  -2.2907278e-02   0.0000000e+00  -7.6147472e-09
   4.8200000e+02   2.0439100e+01   4.0590870e+00  -2.3175760e-02   0.0000000e+00  -7.6225023e-09
   4.8300000e+02   2.0403070e+01   4.0578450e+00  -2.3443562e-02   0.0000000e+00  -7.6300953e-09
   4.8400000e+02   2.0367190e+01   4.0566030e+00  -2.3710697e-02   0.0000000e+00  -7.6375287e-09
   4.8500000e+02   2.0331460e+01   4.0553620e+00  -2.3977162e-02   0.0000000e+00  -7.6448042e-09
   4.8600000e+02   2.0295870e+01   4.0541230e+00  -2.4242965e-02   0.0000000e+00  -7.6519188e-09
   4.8700000e+02   2.0260430e+01   4.0528850e+00  -2.4508108e-02   0.0000000e+00  -7.6588753e-09
   4.8800000e+02   2.0225130e+01   4.0516480e+00  -2.4772549e-02   0.0000000e+00  -7.6656765e-09
   4.8900000e+02   2.0189970e+01   4.0504120e+00  -2.5036331e-02   0.0000000e+00  -7.6723179e-09
   4.9000000e+02   2.0154950e+01   4.0491770e+00  -2.5299443e-02   0.0000000e+00  -7.6788091e-09
   4.9100000e+02   2.0120070e+01   4.0479440e+00  -2.5561878e-02   0.0000000e+00  -7.6851402e-09
   4.9200000e+02   2.0085330e+01   4.0467110e+00  -2.5823661e-02   0.0000000e+00  -7.6913182e-09
   4.9300000e+02   2.0050730e+01   4.0454800e+00  -2.6084786e-02   0.0000000e+00  -7.6973365e-09
   4.9400000e+02   2.0016270e+01   4.0442500e+00  -2.6345243e-02   0.0000000e+00  -7.7032081e-09
   4.9500000e+02   1.9981940e+01   4.0430220e+00  -2.6605013e-02   0.0000000e+00  -7.7089231e-09
   4.9600000e+02   1.9947750e+01   4.0417940e+00  -2.6864146e-02   0.0000000e+00  -7.7144877e-09
   4.9700000e+02   1.9913700e+01   4.0405680e+00  -2.7122606e-02   0.0000000e+00  -7.7198985e-09
   4.9800000e+02   1.9879780e+01   4.0393430e+00  -2.7380385e-02   0.0000000e+00  -7.7251610e-09
   4.9900000e+02   1.9845990e+01   4.0381200e+00  -2.7637525e-02   0.0000000e+00  -7.7302702e-09
   5.0000000e+02   1.9812340e+01   4.0368970e+00  -2.7893988e-02   0.0000000e+00  -7.7352325e-09
   5.0100000e+02   1.9778810e+01   4.0356760e+00  -2.8149795e-02   0.0000000e+00  -7.7400444e-09
   5.0200000e+02   1.9745420e+01   4.0344570e+00  -2.8404933e-02   0.0000000e+00  -7.7447066e-09
   5.0300000e+02   1.9712160e+01   4.0332380e+00  -2.8659438e-02   0.0000000e+00  -7.7492240e-09
   5.0400000e+02   1.9679020e+01   4.0320210e+00  -2.8913254e-02   0.0000000e+00  -7.7535954e-09
   5.0500000e+02   1.9646020e+01   4.0308050e+00  -2.9166437e-02   0.0000000e+00  -7.7578188e-09
   5.0600000e+02   1.9613140e+01   4.0295910e+00  -2.9418952e-02   0.0000000e+00  -7.7618943e-09
   5.0700000e+02   1.9580390e+01   4.0283780e+00  -2.9670827e-02   0.0000000e+00  -7.7658273e-09
   5.0800000e+02   1.9547760e+01   4.0271660e+00  -2.9922031e-02   0.0000000e+00  -7.7696154e-09
   5.0900000e+02   1.9515260e+01   4.0259550e+00  -3.0172601e-02   0.0000000e+00  -7.7732639e-09
   5.1000000e+02   1.9482880e+01   4.0247460e+00  -3.0422487e-02   0.0000000e+00  -7.7767686e-09
   5.1100000e+02   1.9450630e+01   4.0235390e+00  -3.0671744e-02   0.0000000e+00  -7.7801273e-09
   5.1200000e+02   1.9418500e+01   4.0223320e+00  -3.0920358e-02   0.0000000e+00  -7.7833472e-09
   5.1300000e+02   1.9386490e+01   4.0211270e+00  -3.1168327e-02   0.0000000e+00  -7.7864297e-09
   5.1400000e+02   1.9354600e+01   4.0199240e+00  -3.1415639e-02   0.0000000e+00  -7.7893655e-09
   5.1500000e+02   1.9322840e+01   4.0187210e+00  -3.1662303e-02   0.0000000e+00  -7.7921701e-09
   5.1600000e+02   1.9291190e+01   4.0175210e+00  -3.1908325e-02   0.0000000e+00  -7.7948310e-09
   5.1700000e+02   1.9259660e+01   4.0163210e+00  -3.2153702e-02   0.0000000e+00  -7.7973564e-09
   5.1800000e+02   1.9228250e+01   4.0151230e+00  -3.2398458e-02   0.0000000e+00  -7.7997431e-09
   5.1900000e+02   1.9196960e+01   4.0139270e+00  -3.2642541e-02   0.0000000e+00  -7.8019958e-09
   5.2000000e+02   1.9165790e+01   4.0127320e+00  -3.2886006e-02   0.0000000e+00  -7.8041136e-09
   5.2100000e+02   1.9134730e+01   4.0115380e+00  -3.3128835e-02   0.0000000e+00  -7.8060953e-09
   5.2200000e+02   1.9103780e+01   4.0103460e+00  -3.3371012e-02   0.0000000e+00  -7.8079417e-09
   5.2300000e+02   1.9072950e+01   4.0091550e+00  -3.3612552e-02   0.0000000e+00  -7.8096584e-09
   5.2400000e+02   1.9042240e+01   4.0079650e+00  -3.3853468e-02   0.0000000e+00  -7.8112448e-09
   5.2500000e+02   1.9011640e+01   4.0067780e+00  -3.4093760e-02   0.0000000e+00  -7.8126939e-09
   5.2600000e+02   1.8981150e+01   4.0055910e+00  -3.4333400e-02   0.0000000e+00  -7.8140168e-09
   5.2700000e+02   1.8950770e+01   4.0044060e+00  -3.4572427e-02   0.0000000e+00  -7.8152056e-09
   5.2800000e+02   1.8920510e+01   4.0032230e+00  -3.4810812e-02   0.0000000e+00  -7.8162680e-09
   5.2900000e+02   1.8890350e+01   4.0020410e+00  -3.5048578e-02   0.0000000e+00  -7.8172007e-09
   5.3000000e+02   1.8860300e+01   4.0008600e+00  -3.5285723e-02   0.0000000e+00  -7.8180044e-09
   5.3100000e+02   1.8830370e+01   3.9996810e+00  -3.5522231e-02   0.0000000e+00  -7.8186831e-09
   5.3200000e+02   1.8800540e+01   3.9985040e+00  -3.5758116e-02   0.0000000e+00  -7.8192360e-09
   5.3300000e+02   1.8770820e+01   3.9973280e+00  -3.5993385e-02   0.0000000e+00  -7.8196626e-09
   5.3400000e+02   1.8741210e+01   3.9961530e+00  -3.6228033e-02   0.0000000e+00  -7.8199646e-09
   5.3500000e+02   1.8711710e+01   3.9949800e+00  -3.6462084e-02   0.0000000e+00  -7.8201441e-09
   5.3600000e+02   1.8682310e+01   3.9938090e+00  -3.6695497e-02   0.0000000e+00  -7.8201949e-09
   5.3700000e+02   1.8653010e+01   3.9926390e+00  -3.6928286e-02   0.0000000e+00  -7.8201288e-09
   5.3800000e+02   1.8623820e+01   3.9914700e+00  -3.7160475e-02   0.0000000e+00  -7.8199404e-09
   5.3900000e+02   1.8594740e+01   3.9903040e+00  -3.7392058e-02   0.0000000e+00  -7.8196254e-09
   5.4000000e+02   1.8565760e+01   3.9891380e+00  -3.7623018e-02   0.0000000e+00  -7.8191980e-09
   5.4100000e+02   1.8536880e+01   3.9879740e+00  -3.7853377e-02   0.0000000e+00  -7.8186474e-09
   5.4200000e+02   1.8508100e+01   3.9868120e+00  -3.8083117e-02   0.0000000e+00  -7.8179774e-09
   5.4300000e+02   1.8479430e+01   3.9856520e+00  -3.8312252e-02   0.0000000e+00  -7.8171925e-09
   5.4400000e+02   1.8450860e+01   3.9844930e+00  -3.8540785e-02   0.0000000e+00  -7.8162868e-09
   5.4500000e+02   1.8422390e+01   3.9833350e+00  -3.8768714e-02   0.0000000e+00  -7.8152700e-09
   5.4600000e+02   1.8394010e+01   3.9821790e+00  -3.8996036e-02   0.0000000e+00  -7.8141341e-09
   5.4700000e+02   1.8365740e+01   3.9810250e+00  -3.9222763e-02   0.0000000e+00  -7.8128866e-09
   5.4800000e+02   1.8337570e+01   3.9798720e+00  -3.9448902e-02   0.0000000e+00  -7.8115228e-09
   5.4900000e+02   1.8309490e+01   3.9787210e+00  -3.9674435e-02   0.0000000e+00  -7.8100446e-09
   5.5000000e+02   1.8281520e+01   3.9775710e+00  -3.9899377e-02   0.0000000e+00  -7.8084579e-09
   5.5100000e+02   1.8253640e+01   3.9764230e+00  -4.0123734e-02   0.0000000e+00  -7.8067523e-09
   5.5200000e+02   1.8225850e+01   3.9752760e+00  -4.0347464e-02   0.0000000e+00  -7.8049463e-09
   5.5300000e+02   1.8198170e+01   3.9741320e+00  -4.0570635e-02   0.0000000e+00  -7.8030214e-09
   5.5400000e+02   1.8170570e+01   3.9729880e+00  -4.0793200e-02   0.0000000e+00  -7.8009929e-09
   5.5500000e+02   1.8143080e+01   3.9718470e+00  -4.1015199e-02   0.0000000e+00  -7.7988523e-09
   5.5600000e+02   1.8115670e+01   3.9707070e+00  -4.1236590e-02   0.0000000e+00  -7.7966063e-09
   5.5700000e+02   1.8088370e+01   3.9695680e+00  -4.1457410e-02   0.0000000e+00  -7.7942530e-09
   5.5800000e+02   1.8061150e+01   3.9684310e+00  -4.1677644e-02   0.0000000e+00  -7.7917929e-09
   5.5900000e+02   1.8034030e+01   3.9672960e+00  -4.1897294e-02   0.0000000e+00  -7.7892291e-09
   5.6000000e+02   1.8007000e+01   3.9661630e+00  -4.2116369e-02   0.0000000e+00  -7.7865554e-09
   5.6100000e+02   1.7980060e+01   3.9650310e+00  -4.2334855e-02   0.0000000e+00  -7.7837842e-09
   5.6200000e+02   1.7953210e+01   3.9639000e+00  -4.2552776e-02   0.0000000e+00  -7.7809103e-09
   5.6300000e+02   1.7926460e+01   3.9627720e+00  -4.2770134e-02   0.0000000e+00  -7.7779282e-09
   5.6400000e+02   1.7899790e+01   3.9616450e+00  -4.2986899e-02   0.0000000e+00  -7.7748491e-09
   5.6500000e+02   1.7873220e+01   3.9605190e+00  -4.3203092e-02   0.0000000e+00  -7.7716692e-09
   5.6600000e+02   1.7846730e+01   3.9593960e+00  -4.3418719e-02   0.0000000e+00  -7.7683872e-09
   5.6700000e+02   1.7820330e+01   3.9582730e+00  -4.3633798e-02   0.0000000e+00  -7.7650048e-09
   5.6800000e+02   1.7794020e+01   3.9571530e+00  -4.3848299e-02   0.0000000e+00  -7.7615275e-09
   5.6900000e+02   1.7767800e+01   3.9560340e+00  -4.4062235e-02   0.0000000e+00  -7.7579511e-09
   5.7000000e+02   1.7741670e+01   3.9549170e+00  -4.4275599e-02   0.0000000e+00  -7.7542789e-09
   5.7100000e+02   1.7715620e+01   3.9538020e+00  -4.4488409e-02   0.0000000e+00  -7.7505055e-09
   5.7200000e+02   1.7689660e+01   3.9526880e+00  -4.4700655e-02   0.0000000e+00  -7.7466441e-09
   5.7300000e+02   1.7663780e+01   3.9515760e+00  -4.4912361e-02   0.0000000e+00  -7.7426798e-09
   5.7400000e+02   1.7638000e+01   3.9504650e+00  -4.5123490e-02   0.0000000e+00  -7.7386299e-09
   5.7500000e+02   1.7612290e+01   3.9493560e+00  -4.5334073e-02   0.0000000e+00  -7.7344844e-09
   5.7600000e+02   1.7586670e+01   3.9482490e+00  -4.5544104e-02   0.0000000e+00  -7.7302441e-09
   5.7700000e+02   1.7561130e+01   3.9471440e+00  -4.5753567e-02   0.0000000e+00  -7.7259111e-09
   5.7800000e+02   1.7535680e+01   3.9460400e+00  -4.5962500e-02   0.0000000e+00  -7.7214923e-09
   5.7900000e+02   1.7510310e+01   3.9449380e+00  -4.6170889e-02   0.0000000e+00  -7.7169809e-09
   5.8000000e+02   1.7485030e+01   3.9438370e+00  -4.6378728e-02   0.0000000e+00  -7.7123803e-09
   5.8100000e+02   1.7459820e+01   3.9427380e+00  -4.6586024e-02   0.0000000e+00  -7.7076895e-09
   5.8200000e+02   1.7434700e+01   3.9416410e+00  -4.6792764e-02   0.0000000e+00  -7.7029114e-09
   5.8300000e+02   1.7409660e+01   3.9405460e+00  -4.6998961e-02   0.0000000e+00  -7.6980479e-09
   5.8400000e+02   1.7384700e+01   3.9394520e+00  -4.7204642e-02   0.0000000e+00  -7.6930962e-09
   5.8500000e+02   1.7359820e+01   3.9383600e+00  -4.7409760e-02   0.0000000e+00  -7.6880604e-09
   5.8600000e+02   1.7335020e+01   3.9372700e+00  -4.7614354e-02   0.0000000e+00  -7.6829380e-09
   5.8700000e+02   1.7310300e+01   3.9361810e+00  -4.7818426e-02   0.0000000e+00  -7.6777333e-09
   5.8800000e+02   1.7285660e+01   3.9350940e+00  -4.8021941e-02   0.0000000e+00  -7.6724430e-09
   5.8900000e+02   1.7261090e+01   3.9340090e+00  -4.8224931e-02   0.0000000e+00  -7.6670722e-09
   5.9000000e+02   1.7236610e+01   3.9329250e+00  -4.8427410e-02   0.0000000e+00  -7.6616178e-09
   5.9100000e+02   1.7212200e+01   3.9318430e+00  -4.8629335e-02   0.0000000e+00  -7.6560816e-09
   5.9200000e+02   1.7187880e+01   3.9307630e+00  -4.8830755e-02   0.0000000e+00  -7.6504665e-09
   5.9300000e+02   1.7163630e+01   3.9296850e+00  -4.9031625e-02   0.0000000e+00  -7.6447718e-09
   5.9400000e+02   1.7139450e+01   3.9286080e+00  -4.9231974e-02   0.0000000e+00  -7.6389986e-09
   5.9500000e+02   1.7115350e+01   3.9275330e+00  -4.9431829e-02   0.0000000e+00  -7.6331426e-09
   5.9600000e+02   1.7091330e+01   3.9264600e+00  -4.9631155e-02   0.0000000e+00  -7.6272117e-09
   5.9700000e+02   1.7067380e+01   3.9253880e+00  -4.9829958e-02   0.0000000e+00  -7.6212039e-09
   5.9800000e+02   1.7043510e+01   3.9243180e+00  -5.0028231e-02   0.0000000e+00  -7.6151212e-09
   5.9900000e+02   1.7019720e+01   3.9232500e+00  -5.0226023e-02   0.0000000e+00  -7.6089613e-09
   6.0000000e+02   1.6995990e+01   3.9221830e+00  -5.0423278e-02   0.0000000e+00  -7.6027277e-09
   6.0100000e+02   1.6972350e+01   3.9211190e+00  -5.0620029e-02   0.0000000e+00  -7.5964169e-09
   6.0200000e+02   1.6948770e+01   3.9200550e+00  -5.0816259e-02   0.0000000e+00  -7.5900391e-09
   6.0300000e+02   1.6925270e+01   3.9189940e+00  -5.1012008e-02   0.0000000e+00  -7.5835797e-09
   6.0400000e+02   1.6901840e+01   3.9179340e+00  -5.1207213e-02   0.0000000e+00  -7.5770570e-09
   6.0500000e+02   1.6878480e+01   3.9168770e+00  -5.1401925e-02   0.0000000e+00  -7.5704551e-09
   6.0600000e+02   1.6855200e+01   3.9158200e+00  -5.1596146e-02   0.0000000e+00  -7.5637883e-09
   6.0700000e+02   1.6831990e+01   3.9147660e+00  -5.1789853e-02   0.0000000e+00  -7.5570505e-09
   6.0800000e+02   1.6808850e+01   3.9137130e+00  -5.1983062e-02   0.0000000e+00  -7.5502427e-09
   6.0900000e+02   1.6785780e+01   3.9126620e+00  -5.2175779e-02   0.0000000e+00  -7.5433645e-09
   6.1000000e+02   1.6762780e+01   3.9116130e+00  -5.2368004e-02   0.0000000e+00  -7.5364178e-09
   6.1100000e+02   1.6739850e+01   3.9105650e+00  -5.2559713e-02   0.0000000e+00  -7.5294078e-09
   6.1200000e+02   1.6716990e+01   3.9095190e+00  -5.2750929e-02   0.0000000e+00  -7.5223302e-09
   6.1300000e+02   1.6694200e+01   3.9084750e+00  -5.2941664e-02   0.0000000e+00  -7.5151870e-09
   6.1400000e+02   1.6671480e+01   3.9074320e+00  -5.3131911e-02   0.0000000e+00  -7.5079776e-09
   6.1500000e+02   1.6648830e+01   3.9063920e+00  -5.3321672e-02   0.0000000e+00  -7.5007018e-09
   6.1600000e+02   1.6626240e+01   3.9053530e+00  -5.3510932e-02   0.0000000e+00  -7.4933623e-09
   6.1700000e+02   1.6603730e+01   3.9043150e+00  -5.3699708e-02   0.0000000e+00  -7.4859631e-09
   6.1800000e+02   1.6581280e+01   3.9032800e+00  -5.3888015e-02   0.0000000e+00  -7.4784958e-09
   6.1900000e+02   1.6558900e+01   3.9022460e+00  -5.4075824e-02   0.0000000e+00  -7.4709713e-09
   6.2000000e+02   1.6536590e+01   3.9012140e+00  -5.4263153e-02   0.0000000e+00  -7.4633826e-09
   6.2100000e+02   1.6514340e+01   3.9001830e+00  -5.4450017e-02   0.0000000e+00  -7.4557355e-09
   6.2200000e+02   1.6492160e+01   3.8991550e+00  -5.4636375e-02   0.0000000e+00  -7.4480285e-09
   6.2300000e+02   1.6470050e+01   3.8981280e+00  -5.4822260e-02   0.0000000e+00  -7.4402611e-09
   6.2400000e+02   1.6448000e+01   3.8971020e+00  -5.5007709e-02   0.0000000e+00  -7.4324330e-09
   6.2500000e+02   1.6426020e+01   3.8960790e+00  -5.5192646e-02   0.0000000e+00  -7.4245492e-09
   6.2600000e+02   1.6404110e+01   3.8950570e+00  -5.5377140e-02   0.0000000e+00  -7.4166075e-09
   6.2700000e+02   1.6382250e+01   3.8940370e+00  -5.5561130e-02   0.0000000e+00  -7.4086080e-09
   6.2800000e+02   1.6360470e+01   3.8930190e+00  -5.5744667e-02   0.0000000e+00  -7.4005543e-09
   6.2900000e+02   1.6338740e+01   3.8920020e+00  -5.5927747e-02   0.0000000e+00  -7.3924408e-09
   6.3000000e+02   1.6317090e+01   3.8909870e+00  -5.6110354e-02   0.0000000e+00  -7.3842752e-09
   6.3100000e+02   1.6295490e+01   3.8899740e+00  -5.6292502e-02   0.0000000e+00  -7.3760547e-09
   6.3200000e+02   1.6273960e+01   3.8889630e+00  -5.6474170e-02   0.0000000e+00  -7.3677820e-09
   6.3300000e+02   1.6252490e+01   3.8879530e+00  -5.6655394e-02   0.0000000e+00  -7.3594525e-09
   6.3400000e+02   1.6231080e+01   3.8869450e+00  -5.6836132e-02   0.0000000e+00  -7.3510762e-09
   6.3500000e+02   1.6209740e+01   3.8859390e+00  -5.7016435e-02   0.0000000e+00  -7.3426420e-09
   6.3600000e+02   1.6188460e+01   3.8849340e+00  -5.7196282e-02   0.0000000e+00  -7.3341598e-09
   6.3700000e+02   1.6167240e+01   3.8839310e+00  -5.7375665e-02   0.0000000e+00  -7.3256284e-09
   6.3800000e+02   1.6146080e+01   3.8829300e+00  -5.7554598e-02   0.0000000e+00  -7.3170423e-09
   6.3900000e+02   1.6124980e+01   3.8819310e+00  -5.7733072e-02   0.0000000e+00  -7.3084067e-09
   6.4000000e+02   1.6103940e+01   3.8809330e+00  -5.7911106e-02   0.0000000e+00  -7.2997259e-09
   6.4100000e+02   1.6082970e+01   3.8799370e+00  -5.8088693e-02   0.0000000e+00  -7.2909933e-09
   6.4200000e+02   1.6062050e+01   3.8789430e+00  -5.8265818e-02   0.0000000e+00  -7.2822148e-09
   6.4300000e+02   1.6041190e+01   3.8779500e+00  -5.8442500e-02   0.0000000e+00  -7.2733896e-09
   6.4400000e+02   1.6020400e+01   3.8769600e+00  -5.8618748e-02   0.0000000e+00  -7.2645139e-09
   6.4500000e+02   1.5999660e+01   3.8759700e+00  -5.8794543e-02   0.0000000e+00  -7.2555976e-09
   6.4600000e+02   1.5978980e+01   3.8749830e+00  -5.8969891e-02   0.0000000e+00  -7.2466318e-09
   6.4700000e+02   1.5958360e+01   3.8739970e+00  -5.9144805e-02   0.0000000e+00  -7.2376224e-09
   6.4800000e+02   1.5937800e+01   3.8730140e+00  -5.9319275e-02   0.0000000e+00  -7.2285658e-09
   6.4900000e+02   1.5917300e+01   3.8720310e+00  -5.9493322e-02   0.0000000e+00  -7.2194706e-09
   6.5000000e+02   1.5896860e+01   3.8710510e+00  -5.9666911e-02   0.0000000e+00  -7.2103286e-09
   6.5100000e+02   1.5876470e+01   3.8700720e+00  -5.9840087e-02   0.0000000e+00  -7.2011420e-09
   6.5200000e+02   1.5856140e+01   3.8690950e+00  -6.0012807e-02   0.0000000e+00  -7.1919170e-09
   6.5300000e+02   1.5835870e+01   3.8681200e+00  -6.0185117e-02   0.0000000e+00  -7.1826479e-09
   6.5400000e+02   1.5815660e+01   3.8671460e+00  -6.0357002e-02   0.0000000e+00  -7.1733359e-09
   6.5500000e+02   1.5795500e+01   3.8661740e+00  -6.0528412e-02   0.0000000e+00  -7.1639904e-09
   6.5600000e+02   1.5775400e+01   3.8652040e+00  -6.0699440e-02   0.0000000e+00  -7.1545979e-09
   6.5700000e+02   1.5755350e+01   3.8642350e+00  -6.0870034e-02   0.0000000e+00  -7.1451672e-09
   6.5800000e+02   1.5735360e+01   3.8632680e+00  -6.1040194e-02   0.0000000e+00  -7.1356984e-09
   6.5900000e+02   1.5715430e+01   3.8623030e+00  -6.1209923e-02   0.0000000e+00  -7.1261917e-09
   6.6000000e+02   1.5695550e+01   3.8613400e+00  -6.1379255e-02   0.0000000e+00  -7.1166419e-09
   6.6100000e+02   1.5675730e+01   3.8603780e+00  -6.1548141e-02   0.0000000e+00  -7.1070612e-09
   6.6200000e+02   1.5655960e+01   3.8594180e+00  -6.1716612e-02   0.0000000e+00  -7.0974425e-09
   6.6300000e+02   1.5636250e+01   3.8584600e+00  -6.1884672e-02   0.0000000e+00  -7.0877850e-09
   6.6400000e+02   1.5616590e+01   3.8575030e+00  -6.2052308e-02   0.0000000e+00  -7.0780951e-09
   6.6500000e+02   1.5596980e+01   3.8565480e+00  -6.2219538e-02   0.0000000e+00  -7.0683633e-09
   6.6600000e+02   1.5577430e+01   3.8555950e+00  -6.2386337e-02   0.0000000e+00  -7.0586013e-09
   6.6700000e+02   1.5557940e+01   3.8546430e+00  -6.2552761e-02   0.0000000e+00  -7.0488041e-09
   6.6800000e+02   1.5538490e+01   3.8536940e+00  -6.2718723e-02   0.0000000e+00  -7.0389730e-09
   6.6900000e+02   1.5519100e+01   3.8527460e+00  -6.2884297e-02   0.0000000e+00  -7.0291087e-09
   6.7000000e+02   1.5499760e+01   3.8517990e+00  -6.3049465e-02   0.0000000e+00  -7.0192116e-09
   6.7100000e+02   1.5480480e+01   3.8508540e+00  -6.3214253e-02   0.0000000e+00  -7.0092784e-09
   6.7200000e+02   1.5461250e+01   3.8499110e+00  -6.3378610e-02   0.0000000e+00  -6.9993167e-09
   6.7300000e+02   1.5442060e+01   3.8489700e+00  -6.3542534e-02   0.0000000e+00  -6.9893226e-09
   6.7400000e+02   1.5422940e+01   3.8480300e+00  -6.3706113e-02   0.0000000e+00  -6.9792959e-09
   6.7500000e+02   1.5403860e+01   3.8470920e+00  -6.3869243e-02   0.0000000e+00  -6.9692415e-09
   6.7600000e+02   1.5384830e+01   3.8461560e+00  -6.4031996e-02   0.0000000e+00  -6.9591523e-09
   6.7700000e+02   1.5365860e+01   3.8452210e+00  -6.4194336e-02   0.0000000e+00  -6.9490395e-09
   6.7800000e+02   1.5346940e+01   3.8442880e+00  -6.4356284e-02   0.0000000e+00  -6.9388943e-09
   6.7900000e+02   1.5328060e+01   3.8433570e+00  -6.4517829e-02   0.0000000e+00  -6.9287195e-09
   6.8000000e+02   1.5309240e+01   3.8424270e+00  -6.4678997e-02   0.0000000e+00  -6.9185164e-09
   6.8100000e+02   1.5290470e+01   3.8415000e+00  -6.4839725e-02   0.0000000e+00  -6.9082889e-09
   6.8200000e+02   1.5271750e+01   3.8405730e+00  -6.5000119e-02   0.0000000e+00  -6.8980297e-09
   6.8300000e+02   1.5253080e+01   3.8396490e+00  -6.5160100e-02   0.0000000e+00  -6.8877434e-09
   6.8400000e+02   1.5234460e+01   3.8387260e+00  -6.5319662e-02   0.0000000e+00  -6.8774357e-09
   6.8500000e+02   1.5215880e+01   3.8378050e+00  -6.5478865e-02   0.0000000e+00  -6.8670948e-09
   6.8600000e+02   1.5197360e+01   3.8368850e+00  -6.5637680e-02   0.0000000e+00  -6.8567334e-09
   6.8700000e+02   1.5178890e+01   3.8359670e+00  -6.5796110e-02   0.0000000e+00  -6.8463448e-09
   6.8800000e+02   1.5160460e+01   3.8350510e+00  -6.5954109e-02   0.0000000e+00  -6.8359346e-09
   6.8900000e+02   1.5142080e+01   3.8341360e+00  -6.6111777e-02   0.0000000e+00  -6.8254964e-09
   6.9000000e+02   1.5123760e+01   3.8332230e+00  -6.6269057e-02   0.0000000e+00  -6.8150358e-09
   6.9100000e+02   1.5105480e+01   3.8323120e+00  -6.6425945e-02   0.0000000e+00  -6.8045490e-09
   6.9200000e+02   1.5087240e+01   3.8314030e+00  -6.6582435e-02   0.0000000e+00  -6.7940392e-09
   6.9300000e+02   1.5069060e+01   3.8304950e+00  -6.6738557e-02   0.0000000e+00  -6.7835105e-09
   6.9400000e+02   1.5050920e+01   3.8295880e+00  -6.6894317e-02   0.0000000e+00  -6.7729578e-09
   6.9500000e+02   1.5032830e+01   3.8286840e+00  -6.7049691e-02   0.0000000e+00  -6.7623806e-09
   6.9600000e+02   1.5014790e+01   3.8277810e+00  -6.7204685e-02   0.0000000e+00  -6.7517846e-09
   6.9700000e+02   1.4996800e+01   3.8268790e+00  -6.7359317e-02   0.0000000e+00  -6.7411686e-09
   6.9800000e+02   1.4978850e+01   3.8259800e+00  -6.7513554e-02   0.0000000e+00  -6.7305304e-09
   6.9900000e+02   1.4960950e+01   3.8250820e+00  -6.7667434e-02   0.0000000e+00  -6.7198713e-09
   7.0000000e+02   1.4943090e+01   3.8241850e+00  -6.7820940e-02   0.0000000e+00  -6.7091939e-09
   7.0100000e+02   1.4925280e+01   3.8232910e+00  -6.7974067e-02   0.0000000e+00  -6.6984943e-09
   7.0200000e+02   1.4907520e+01   3.8223980e+00  -6.8126854e-02   0.0000000e+00  -6.6877741e-09
   7.0300000e+02   1.4889800e+01   3.8215060e+00  -6.8279255e-02   0.0000000e+00  -6.6770392e-09
   7.0400000e+02   1.4872130e+01   3.8206160e+00  -6.8431277e-02   0.0000000e+00  -6.6662885e-09
   7.0500000e+02   1.4854500e+01   3.8197280e+00  -6.8582955e-02   0.0000000e+00  -6.6555132e-09
   7.0600000e+02   1.4836920e+01   3.8188420e+00  -6.8734241e-02   0.0000000e+00  -6.6447240e-09
   7.0700000e+02   1.4819380e+01   3.8179570e+00  -6.8885189e-02   0.0000000e+00  -6.6339156e-09
   7.0800000e+02   1.4801890e+01   3.8170730e+00  -6.9035778e-02   0.0000000e+00  -6.6230933e-09
   7.0900000e+02   1.4784440e+01   3.8161920e+00  -6.9185981e-02   0.0000000e+00  -6.6122517e-09
   7.1000000e+02   1.4767040e+01   3.8153120e+00  -6.9335848e-02   0.0000000e+00  -6.6013945e-09
   7.1100000e+02   1.4749680e+01   3.8144330e+00  -6.9485369e-02   0.0000000e+00  -6.5905201e-09
   7.1200000e+02   1.4732360e+01   3.8135560e+00  -6.9634519e-02   0.0000000e+00  -6.5796320e-09
   7.1300000e+02   1.4715090e+01   3.8126810e+00  -6.9783297e-02   0.0000000e+00  -6.5687304e-09
   7.1400000e+02   1.4697870e+01   3.8118080e+00  -6.9931743e-02   0.0000000e+00  -6.5578105e-09
   7.1500000e+02   1.4680680e+01   3.8109360e+00  -7.0079800e-02   0.0000000e+00  -6.5468801e-09
   7.1600000e+02   1.4663540e+01   3.8100650e+00  -7.0227555e-02   0.0000000e+00  -6.5359314e-09
   7.1700000e+02   1.4646440e+01   3.8091960e+00  -7.0374930e-02   0.0000000e+00  -6.5249725e-09
   7.1800000e+02   1.4629390e+01   3.8083290e+00  -7.0521955e-02   0.0000000e+00  -6.5140003e-09
   7.1900000e+02   1.4612380e+01   3.8074640e+00  -7.0668626e-02   0.0000000e+00  -6.5030115e-09
   7.2000000e+02   1.4595410e+01   3.8066000e+00  -7.0814954e-02   0.0000000e+00  -6.4920137e-09
   7.2100000e+02   1.4578480e+01   3.8057380e+00  -7.0960936e-02   0.0000000e+00  -6.4810008e-09
   7.2200000e+02   1.4561600e+01   3.8048770e+00  -7.1106588e-02   0.0000000e+00  -6.4699760e-09
   7.2300000e+02   1.4544760e+01   3.8040180e+00  -7.1251888e-02   0.0000000e+00  -6.4589392e-09
   7.2400000e+02   1.4527950e+01   3.8031600e+00  -7.1396827e-02   0.0000000e+00  -6.4478936e-09
   7.2500000e+02   1.4511200e+01   3.8023040e+00  -7.1541435e-02   0.0000000e+00  -6.4368381e-09
   7.2600000e+02   1.4494480e+01   3.8014500e+00  -7.1685685e-02   0.0000000e+00  -6.4257689e-09
   7.2700000e+02   1.4477800e+01   3.8005970e+00  -7.1829619e-02   0.0000000e+00  -6.4146886e-09
   7.2800000e+02   1.4461170e+01   3.7997460e+00  -7.1973222e-02   0.0000000e+00  -6.4035967e-09
   7.2900000e+02   1.4444570e+01   3.7988960e+00  -7.2116443e-02   0.0000000e+00  -6.3925016e-09
   7.3000000e+02   1.4428020e+01   3.7980480e+00  -7.2259367e-02   0.0000000e+00  -6.3813911e-09
   7.3100000e+02   1.4411510e+01   3.7972020e+00  -7.2401946e-02   0.0000000e+00  -6.3702717e-09
   7.3200000e+02   1.4395040e+01   3.7963570e+00  -7.2544185e-02   0.0000000e+00  -6.3591454e-09
   7.3300000e+02   1.4378610e+01   3.7955140e+00  -7.2686097e-02   0.0000000e+00  -6.3480071e-09
   7.3400000e+02   1.4362220e+01   3.7946720e+00  -7.2827660e-02   0.0000000e+00  -6.3368661e-09
   7.3500000e+02   1.4345860e+01   3.7938320e+00  -7.2968885e-02   0.0000000e+00  -6.3257133e-09
   7.3600000e+02   1.4329550e+01   3.7929930e+00  -7.3109808e-02   0.0000000e+00  -6.3145530e-09
   7.3700000e+02   1.4313280e+01   3.7921560e+00  -7.3250406e-02   0.0000000e+00  -6.3033831e-09
   7.3800000e+02   1.4297050e+01   3.7913210e+00  -7.3390625e-02   0.0000000e+00  -6.2922126e-09
   7.3900000e+02   1.4280860e+01   3.7904870e+00  -7.3530550e-02   0.0000000e+00  -6.2810314e-09
   7.4000000e+02   1.4264700e+01   3.7896550e+00  -7.3670131e-02   0.0000000e+00  -6.2698418e-09
   7.4100000e+02   1.4248590e+01   3.7888240e+00  -7.3809404e-02   0.0000000e+00  -6.2586494e-09
   7.4200000e+02   1.4232520e+01   3.7879950e+00  -7.3948367e-02   0.0000000e+00  -6.2474457e-09
   7.4300000e+02   1.4216480e+01   3.7871670e+00  -7.4086973e-02   0.0000000e+00  -6.2362427e-09
   7.4400000e+02   1.4200480e+01   3.7863410e+00  -7.4225264e-02   0.0000000e+00  -6.2250305e-09
   7.4500000e+02   1.4184520e+01   3.7855160e+00  -7.4363241e-02   0.0000000e+00  -6.2138147e-09
   7.4600000e+02   1.4168600e+01   3.7846930e+00  -7.4500893e-02   0.0000000e+00  -6.2025929e-09
   7.4700000e+02   1.4152720e+01   3.7838720e+00  -7.4638215e-02   0.0000000e+00  -6.1913669e-09
   7.4800000e+02   1.4136870e+01   3.7830520e+00  -7.4775225e-02   0.0000000e+00  -6.1801354e-09
   7.4900000e+02   1.4121070e+01   3.7822330e+00  -7.4911952e-02   0.0000000e+00  -6.1688991e-09
   7.5000000e+02   1.4105300e+01   3.7814170e+00  -7.5048316e-02   0.0000000e+00  -6.1576591e-09
   7.5100000e+02   1.4089570e+01   3.7806010e+00  -7.5184362e-02   0.0000000e+00  -6.1464212e-09
   7.5200000e+02   1.4073870e+01   3.7797870e+00  -7.5320135e-02   0.0000000e+00  -6.1351702e-09
   7.5300000e+02   1.4058210e+01   3.7789750e+00  -7.5455537e-02   0.0000000e+00  -6.1239243e-09
   7.5400000e+02   1.4042600e+01   3.7781640e+00  -7.5590687e-02   0.0000000e+00  -6.1126706e-09
   7.5500000e+02   1.4027010e+01   3.7773550e+00  -7.5725467e-02   0.0000000e+00  -6.1014171e-09
   7.5600000e+02   1.4011470e+01   3.7765470e+00  -7.5859977e-02   0.0000000e+00  -6.0901590e-09
   7.5700000e+02   1.3995960e+01   3.7757410e+00  -7.5994169e-02   0.0000000e+00  -6.0788974e-09
   7.5800000e+02   1.3980480e+01   3.7749370e+00  -7.6128005e-02   0.0000000e+00  -6.0676375e-09
   7.5900000e+02   1.3965050e+01   3.7741330e+00  -7.6261600e-02   0.0000000e+00  -6.0563747e-09
   7.6000000e+02   1.3949650e+01   3.7733320e+00  -7.6394868e-02   0.0000000e+00  -6.0451064e-09
   7.6100000e+02   1.3934280e+01   3.7725320e+00  -7.6527793e-02   0.0000000e+00  -6.0338419e-09
   7.6200000e+02   1.3918960e+01   3.7717330e+00  -7.6660440e-02   0.0000000e+00  -6.0225785e-09
   7.6300000e+02   1.3903660e+01   3.7709360e+00  -7.6792770e-02   0.0000000e+00  -6.0113098e-09
   7.6400000e+02   1.3888410e+01   3.7701400e+00  -7.6924832e-02   0.0000000e+00  -6.0000404e-09
   7.6500000e+02   1.3873190e+01   3.7693460e+00  -7.7056559e-02   0.0000000e+00  -5.9887720e-09
   7.6600000e+02   1.3858000e+01   3.7685530e+00  -7.7188006e-02   0.0000000e+00  -5.9775015e-09
   7.6700000e+02   1.3842850e+01   3.7677620e+00  -7.7319109e-02   0.0000000e+00  -5.9662355e-09
   7.6800000e+02   1.3827740e+01   3.7669730e+00  -7.7449951e-02   0.0000000e+00  -5.9549641e-09
   7.6900000e+02   1.3812660e+01   3.7661840e+00  -7.7580486e-02   0.0000000e+00  -5.9436987e-09
   7.7000000e+02   1.3797610e+01   3.7653980e+00  -7.7710708e-02   0.0000000e+00  -5.9324281e-09
   7.7100000e+02   1.3782600e+01   3.7646130e+00  -7.7840629e-02   0.0000000e+00  -5.9211634e-09
   7.7200000e+02   1.3767630e+01   3.7638290e+00  -7.7970291e-02   0.0000000e+00  -5.9098967e-09
   7.7300000e+02   1.3752690e+01   3.7630470e+00  -7.8099633e-02   0.0000000e+00  -5.8986324e-09
   7.7400000e+02   1.3737780e+01   3.7622660e+00  -7.8228666e-02   0.0000000e+00  -5.8873713e-09
   7.7500000e+02   1.3722910e+01   3.7614860e+00  -7.8357430e-02   0.0000000e+00  -5.8761136e-09
   7.7600000e+02   1.3708070e+01   3.7607090e+00  -7.8485871e-02   0.0000000e+00  -5.8648539e-09
   7.7700000e+02   1.3693270e+01   3.7599320e+00  -7.8614057e-02   0.0000000e+00  -5.8535977e-09
   7.7800000e+02   1.3678500e+01   3.7591570e+00  -7.8741937e-02   0.0000000e+00  -5.8423431e-09
   7.7900000e+02   1.3663760e+01   3.7583840e+00  -7.8869504e-02   0.0000000e+00  -5.8310910e-09
   7.8000000e+02   1.3649060e+01   3.7576120e+00  -7.8996797e-02   0.0000000e+00  -5.8198440e-09
   7.8100000e+02   1.3634390e+01   3.7568410e+00  -7.9123806e-02   0.0000000e+00  -5.8085994e-09
   7.8200000e+02   1.3619750e+01   3.7560720e+00  -7.9250513e-02   0.0000000e+00  -5.7973571e-09
   7.8300000e+02   1.3605150e+01   3.7553050e+00  -7.9376948e-02   0.0000000e+00  -5.7861142e-09
   7.8400000e+02   1.3590580e+01   3.7545390e+00  -7.9503079e-02   0.0000000e+00  -5.7748799e-09
   7.8500000e+02   1.3576040e+01   3.7537740e+00  -7.9628948e-02   0.0000000e+00  -5.7636455e-09
   7.8600000e+02   1.3561540e+01   3.7530110e+00  -7.9754501e-02   0.0000000e+00  -5.7524206e-09
   7.8700000e+02   1.3547070e+01   3.7522490e+00  -7.9879815e-02   0.0000000e+00  -5.7411931e-09
   7.8800000e+02   1.3532630e+01   3.7514880e+00  -8.0004820e-02   0.0000000e+00  -5.7299750e-09
   7.8900000e+02   1.3518220e+01   3.7507300e+00  -8.0129523e-02   0.0000000e+00  -5.7187574e-09
   7.9000000e+02   1.3503850e+01   3.7499720e+00  -8.0253963e-02   0.0000000e+00  -5.7075490e-09
   7.9100000e+02   1.3489510e+01   3.7492160e+00  -8.0378137e-02   0.0000000e+00  -5.6963406e-09
   7.9200000e+02   1.3475200e+01   3.7484610e+00  -8.0502014e-02   0.0000000e+00  -5.6851416e-09
   7.9300000e+02   1.3460920e+01   3.7477080e+00  -8.0625606e-02   0.0000000e+00  -5.6739447e-09
   7.9400000e+02   1.3446680e+01   3.7469560e+00  -8.0748946e-02   0.0000000e+00  -5.6627520e-09
   7.9500000e+02   1.3432460e+01   3.7462060e+00  -8.0871970e-02   0.0000000e+00  -5.6515665e-09
   7.9600000e+02   1.3418280e+01   3.7454570e+00  -8.0994738e-02   0.0000000e+00  -5.6403874e-09
   7.9700000e+02   1.3404130e+01   3.7447090e+00  -8.1117248e-02   0.0000000e+00  -5.6292115e-09
   7.9800000e+02   1.3390010e+01   3.7439630e+00  -8.1239445e-02   0.0000000e+00  -5.6180462e-09
   7.9900000e+02   1.3375920e+01   3.7432190e+00  -8.1361384e-02   0.0000000e+00  -5.6068805e-09
   8.0000000e+02   1.3361870e+01   3.7424750e+00  -8.1483064e-02   0.0000000e+00  -5.5957265e-09
   8.0100000e+02   1.3347840e+01   3.7417330e+00  -8.1604468e-02   0.0000000e+00  -5.5845742e-09
   8.0200000e+02   1.3333850e+01   3.7409930e+00  -8.1725582e-02   0.0000000e+00  -5.5734321e-09
   8.0300000e+02   1.3319890e+01   3.7402540e+00  -8.1846436e-02   0.0000000e+00  -5.5622951e-09
   8.0400000e+02   1.3305950e+01   3.7395160e+00  -8.1967020e-02   0.0000000e+00  -5.5511643e-09
   8.0500000e+02   1.3292050e+01   3.7387800e+00  -8.2087322e-02   0.0000000e+00  -5.5400425e-09
   8.0600000e+02   1.3278180e+01   3.7380450e+00  -8.2207382e-02   0.0000000e+00  -5.5289251e-09
   8.0700000e+02   1.3264340e+01   3.7373110e+00  -8.2327150e-02   0.0000000e+00  -5.5178200e-09
   8.0800000e+02   1.3250530e+01   3.7365790e+00  -8.2446675e-02   0.0000000e+00  -5.5067155e-09
   8.0900000e+02   1.3236750e+01   3.7358480e+00  -8.2565906e-02   0.0000000e+00  -5.4956254e-09
   8.1000000e+02   1.3223000e+01   3.7351190e+00  -8.2684882e-02   0.0000000e+00  -5.4845376e-09
   8.1100000e+02   1.3209280e+01   3.7343910e+00  -8.2803600e-02   0.0000000e+00  -5.4734580e-09
   8.1200000e+02   1.3195590e+01   3.7336640e+00  -8.2922058e-02   0.0000000e+00  -5.4623880e-09
   8.1300000e+02   1.3181930e+01   3.7329390e+00  -8.3040235e-02   0.0000000e+00  -5.4513264e-09
   8.1400000e+02   1.3168300e+01   3.7322150e+00  -8.3158156e-02   0.0000000e+00  -5.4402727e-09
   8.1500000e+02   1.3154700e+01   3.7314930e+00  -8.3275815e-02   0.0000000e+00  -5.4292254e-09
   8.1600000e+02   1.3141130e+01   3.7307720e+00  -8.3393199e-02   0.0000000e+00  -5.4181906e-09
   8.1700000e+02   1.3127580e+01   3.7300520e+00  -8.3510335e-02   0.0000000e+00  -5.4071621e-09
   8.1800000e+02   1.3114070e+01   3.7293340e+00  -8.3627203e-02   0.0000000e+00  -5.3961423e-09
   8.1900000e+02   1.3100590e+01   3.7286170e+00  -8.3743830e-02   0.0000000e+00  -5.3851312e-09
   8.2000000e+02   1.3087130e+01   3.7279010e+00  -8.3860196e-02   0.0000000e+00  -5.3741281e-09
   8.2100000e+02   1.3073710e+01   3.7271870e+00  -8.3976290e-02   0.0000000e+00  -5.3631363e-09
   8.2200000e+02   1.3060310e+01   3.7264740e+00  -8.4092139e-02   0.0000000e+00  -5.3521510e-09
   8.2300000e+02   1.3046940e+01   3.7257620e+00  -8.4207736e-02   0.0000000e+00  -5.3411767e-09
   8.2400000e+02   1.3033600e+01   3.7250520e+00  -8.4323060e-02   0.0000000e+00  -5.3302126e-09
   8.2500000e+02   1.3020290e+01   3.7243430e+00  -8.4438140e-02   0.0000000e+00  -5.3192573e-09
   8.2600000e+02   1.3007010e+01   3.7236350e+00  -8.4552965e-02   0.0000000e+00  -5.3083151e-09
   8.2700000e+02   1.2993760e+01   3.7229290e+00  -8.4667535e-02   0.0000000e+00  -5.2973784e-09
   8.2800000e+02   1.2980530e+01   3.7222240e+00  -8.4781855e-02   0.0000000e+00  -5.2864523e-09
   8.2900000e+02   1.2967330e+01   3.7215200e+00  -8.4895913e-02   0.0000000e+00  -5.2755388e-09
   8.3000000e+02   1.2954160e+01   3.7208180e+00  -8.5009735e-02   0.0000000e+00  -5.2646320e-09
   8.3100000e+02   1.2941020e+01   3.7201170e+00  -8.5123292e-02   0.0000000e+00  -5.2537391e-09
   8.3200000e+02   1.2927910e+01   3.7194180e+00  -8.5236611e-02   0.0000000e+00  -5.2428510e-09
   8.3300000e+02   1.2914820e+01   3.7187190e+00  -8.5349674e-02   0.0000000e+00  -5.2319797e-09
   8.3400000e+02   1.2901770e+01   3.7180220e+00  -8.5462513e-02   0.0000000e+00  -5.2211148e-09
   8.3500000e+02   1.2888730e+01   3.7173270e+00  -8.5575054e-02   0.0000000e+00  -5.2102610e-09
   8.3600000e+02   1.2875730e+01   3.7166320e+00  -8.5687374e-02   0.0000000e+00  -5.1994225e-09
   8.3700000e+02   1.2862760e+01   3.7159390e+00  -8.5799475e-02   0.0000000e+00  -5.1885888e-09
   8.3800000e+02   1.2849810e+01   3.7152480e+00  -8.5911286e-02   0.0000000e+00  -5.1777685e-09
   8.3900000e+02   1.2836890e+01   3.7145570e+00  -8.6022894e-02   0.0000000e+00  -5.1669579e-09
   8.4000000e+02   1.2823990e+01   3.7138680e+00  -8.6134205e-02   0.0000000e+00  -5.1561618e-09
   8.4100000e+02   1.2811130e+01   3.7131800e+00  -8.6245321e-02   0.0000000e+00  -5.1453757e-09
   8.4200000e+02   1.2798290e+01   3.7124940e+00  -8.6356172e-02   0.0000000e+00  -5.1345982e-09
   8.4300000e+02   1.2785470e+01   3.7118090e+00  -8.6466765e-02   0.0000000e+00  -5.1238355e-09
   8.4400000e+02   1.2772690e+01   3.7111250e+00  -8.6577137e-02   0.0000000e+00  -5.1130842e-09
   8.4500000e+02   1.2759930e+01   3.7104420e+00  -8.6687270e-02   0.0000000e+00  -5.1023454e-09
   8.4600000e+02   1.2747190e+01   3.7097610e+00  -8.6797150e-02   0.0000000e+00  -5.0916142e-09
   8.4700000e+02   1.2734490e+01   3.7090810e+00  -8.6906813e-02   0.0000000e+00  -5.0808968e-09
   8.4800000e+02   1.2721810e+01   3.7084020e+00  -8.7016215e-02   0.0000000e+00  -5.0701939e-09
   8.4900000e+02   1.2709150e+01   3.7077250e+00  -8.7125370e-02   0.0000000e+00  -5.0595007e-09
   8.5000000e+02   1.2696530e+01   3.7070480e+00  -8.7234328e-02   0.0000000e+00  -5.0488210e-09
   8.5100000e+02   1.2683920e+01   3.7063740e+00  -8.7342993e-02   0.0000000e+00  -5.0381510e-09
   8.5200000e+02   1.2671350e+01   3.7057000e+00  -8.7451462e-02   0.0000000e+00  -5.0274958e-09
   8.5300000e+02   1.2658800e+01   3.7050280e+00  -8.7559665e-02   0.0000000e+00  -5.0168531e-09
   8.5400000e+02   1.2646280e+01   3.7043560e+00  -8.7667676e-02   0.0000000e+00  -5.0062232e-09
   8.5500000e+02   1.2633780e+01   3.7036870e+00  -8.7775419e-02   0.0000000e+00  -4.9956015e-09
   8.5600000e+02   1.2621310e+01   3.7030180e+00  -8.7882946e-02   0.0000000e+00  -4.9849971e-09
   8.5700000e+02   1.2608860e+01   3.7023510e+00  -8.7990209e-02   0.0000000e+00  -4.9744046e-09
   8.5800000e+02   1.2596440e+01   3.7016850e+00  -8.8097275e-02   0.0000000e+00  -4.9638213e-09
   8.5900000e+02   1.2584040e+01   3.7010200e+00  -8.8204076e-02   0.0000000e+00  -4.9532562e-09
   8.6000000e+02   1.2571670e+01   3.7003560e+00  -8.8310676e-02   0.0000000e+00  -4.9427019e-09
   8.6100000e+02   1.2559330e+01   3.6996940e+00  -8.8417043e-02   0.0000000e+00  -4.9321580e-09
   8.6200000e+02   1.2547010e+01   3.6990330e+00  -8.8523167e-02   0.0000000e+00  -4.9216299e-09
   8.6300000e+02   1.2534710e+01   3.6983730e+00  -8.8629061e-02   0.0000000e+00  -4.9111150e-09
   8.6400000e+02   1.2522440e+01   3.6977150e+00  -8.8734713e-02   0.0000000e+00  -4.9006119e-09
   8.6500000e+02   1.2510200e+01   3.6970570e+00  -8.8840170e-02   0.0000000e+00  -4.8901243e-09
   8.6600000e+02   1.2497980e+01   3.6964010e+00  -8.8945395e-02   0.0000000e+00  -4.8796462e-09
   8.6700000e+02   1.2485780e+01   3.6957460e+00  -8.9050376e-02   0.0000000e+00  -4.8691835e-09
   8.6800000e+02   1.2473610e+01   3.6950930e+00  -8.9155113e-02   0.0000000e+00  -4.8587353e-09
   8.6900000e+02   1.2461470e+01   3.6944400e+00  -8.9259665e-02   0.0000000e+00  -4.8483013e-09
   8.7000000e+02   1.2449350e+01   3.6937890e+00  -8.9363972e-02   0.0000000e+00  -4.8378796e-09
   8.7100000e+02   1.2437250e+01   3.6931390e+00  -8.9468049e-02   0.0000000e+00  -4.8274713e-09
   8.7200000e+02   1.2425180e+01   3.6924910e+00  -8.9571897e-02   0.0000000e+00  -4.8170766e-09
   8.7300000e+02   1.2413130e+01   3.6918430e+00  -8.9675532e-02   0.0000000e+00  -4.8066982e-09
   8.7400000e+02   1.2401110e+01   3.6911970e+00  -8.9778947e-02   0.0000000e+00  -4.7963302e-09
   8.7500000e+02   1.2389110e+01   3.6905520e+00  -8.9882127e-02   0.0000000e+00  -4.7859789e-09
   8.7600000e+02   1.2377130e+01   3.6899080e+00  -8.9985092e-02   0.0000000e+00  -4.7756403e-09
   8.7700000e+02   1.2365180e+01   3.6892650e+00  -9.0087855e-02   0.0000000e+00  -4.7653154e-09
   8.7800000e+02   1.2353250e+01   3.6886240e+00  -9.0190374e-02   0.0000000e+00  -4.7550031e-09
   8.7900000e+02   1.2341350e+01   3.6879840e+00  -9.0292660e-02   0.0000000e+00  -4.7447102e-09
   8.8000000e+02   1.2329470e+01   3.6873450e+00  -9.0394748e-02   0.0000000e+00  -4.7344284e-09
   8.8100000e+02   1.2317610e+01   3.6867070e+00  -9.0496627e-02   0.0000000e+00  -4.7241585e-09
   8.8200000e+02   1.2305780e+01   3.6860700e+00  -9.0598267e-02   0.0000000e+00  -4.7139091e-09
   8.8300000e+02   1.2293970e+01   3.6854350e+00  -9.0699695e-02   0.0000000e+00  -4.7036676e-09
   8.8400000e+02   1.2282180e+01   3.6848010e+00  -9.0800891e-02   0.0000000e+00  -4.6934440e-09
   8.8500000e+02   1.2270420e+01   3.6841680e+00  -9.0901892e-02   0.0000000e+00  -4.6832346e-09
   8.8600000e+02   1.2258680e+01   3.6835360e+00  -9.1002665e-02   0.0000000e+00  -4.6730401e-09
   8.8700000e+02   1.2246970e+01   3.6829050e+00  -9.1103263e-02   0.0000000e+00  -4.6628569e-09
   8.8800000e+02   1.2235270e+01   3.6822760e+00  -9.1203578e-02   0.0000000e+00  -4.6526923e-09
   8.8900000e+02   1.2223610e+01   3.6816470e+00  -9.1303746e-02   0.0000000e+00  -4.6425419e-09
   8.9000000e+02   1.2211960e+01   3.6810200e+00  -9.1403646e-02   0.0000000e+00  -4.6324069e-09
   8.9100000e+02   1.2200340e+01   3.6803940e+00  -9.1503381e-02   0.0000000e+00  -4.6222817e-09
   8.9200000e+02   1.2188730e+01   3.6797700e+00  -9.1602820e-02   0.0000000e+00  -4.6121777e-09
   8.9300000e+02   1.2177160e+01   3.6791460e+00  -9.1702132e-02   0.0000000e+00  -4.6020853e-09
   8.9400000e+02   1.2165600e+01   3.6785240e+00  -9.1801191e-02   0.0000000e+00  -4.5920073e-09
   8.9500000e+02   1.2154070e+01   3.6779020e+00  -9.1900064e-02   0.0000000e+00  -4.5819460e-09
   8.9600000e+02   1.2142560e+01   3.6772820e+00  -9.1998704e-02   0.0000000e+00  -4.5719002e-09
   8.9700000e+02   1.2131070e+01   3.6766630e+00  -9.2097147e-02   0.0000000e+00  -4.5618670e-09
   8.9800000e+02   1.2119610e+01   3.6760460e+00  -9.2195368e-02   0.0000000e+00  -4.5518498e-09
   8.9900000e+02   1.2108160e+01   3.6754290e+00  -9.2293386e-02   0.0000000e+00  -4.5418480e-09
   9.0000000e+02   1.2096740e+01   3.6748130e+00  -9.2391217e-02   0.0000000e+00  -4.5318608e-09
   9.0100000e+02   1.2085350e+01   3.6741990e+00  -9.2488815e-02   0.0000000e+00  -4.5218913e-09
   9.0200000e+02   1.2073970e+01   3.6735860e+00  -9.2586210e-02   0.0000000e+00  -4.5119332e-09
   9.0300000e+02   1.2062620e+01   3.6729740e+00  -9.2683393e-02   0.0000000e+00  -4.5019956e-09
   9.0400000e+02   1.2051280e+01   3.6723630e+00  -9.2780365e-02   0.0000000e+00  -4.4920698e-09
   9.0500000e+02   1.2039970e+01   3.6717530e+00  -9.2877167e-02   0.0000000e+00  -4.4821571e-09
   9.0600000e+02   1.2028690e+01   3.6711450e+00  -9.2973718e-02   0.0000000e+00  -4.4722652e-09
   9.0700000e+02   1.2017420e+01   3.6705370e+00  -9.3070111e-02   0.0000000e+00  -4.4623840e-09
   9.0800000e+02   1.2006170e+01   3.6699310e+00  -9.3166255e-02   0.0000000e+00  -4.4525201e-09
   9.0900000e+02   1.1994950e+01   3.6693260e+00  -9.3262214e-02   0.0000000e+00  -4.4426719e-09
   9.1000000e+02   1.1983750e+01   3.6687220e+00  -9.3357972e-02   0.0000000e+00  -4.4328386e-09
   9.1100000e+02   1.1972570e+01   3.6681190e+00  -9.3453513e-02   0.0000000e+00  -4.4230257e-09
   9.1200000e+02   1.1961410e+01   3.6675170e+00  -9.3548885e-02   0.0000000e+00  -4.4132209e-09
   9.1300000e+02   1.1950280e+01   3.6669160e+00  -9.3644042e-02   0.0000000e+00  -4.4034375e-09
   9.1400000e+02   1.1939160e+01   3.6663170e+00  -9.3738978e-02   0.0000000e+00  -4.3936659e-09
   9.1500000e+02   1.1928070e+01   3.6657180e+00  -9.3833737e-02   0.0000000e+00  -4.3839134e-09
   9.1600000e+02   1.1916990e+01   3.6651210e+00  -9.3928268e-02   0.0000000e+00  -4.3741746e-09
   9.1700000e+02   1.1905940e+01   3.6645240e+00  -9.4022645e-02   0.0000000e+00  -4.3644511e-09
   9.1800000e+02   1.1894910e+01   3.6639290e+00  -9.4116779e-02   0.0000000e+00  -4.3547466e-09
   9.1900000e+02   1.1883900e+01   3.6633350e+00  -9.4210742e-02   0.0000000e+00  -4.3450532e-09
   9.2000000e+02   1.1872910e+01   3.6627420e+00  -9.4304484e-02   0.0000000e+00  -4.3353806e-09
   9.2100000e+02   1.1861950e+01   3.6621510e+00  -9.4398043e-02   0.0000000e+00  -4.3257188e-09
   9.2200000e+02   1.1851000e+01   3.6615600e+00  -9.4491402e-02   0.0000000e+00  -4.3160758e-09
   9.2300000e+02   1.1840070e+01   3.6609700e+00  -9.4584555e-02   0.0000000e+00  -4.3064510e-09
   9.2400000e+02   1.1829170e+01   3.6603820e+00  -9.4677525e-02   0.0000000e+00  -4.2968381e-09
   9.2500000e+02   1.1818280e+01   3.6597940e+00  -9.4770312e-02   0.0000000e+00  -4.2872409e-09
   9.2600000e+02   1.1807420e+01   3.6592080e+00  -9.4862883e-02   0.0000000e+00  -4.2776621e-09
   9.2700000e+02   1.1796570e+01   3.6586230e+00  -9.4955248e-02   0.0000000e+00  -4.2680982e-09
   9.2800000e+02   1.1785750e+01   3.6580390e+00  -9.5047440e-02   0.0000000e+00  -4.2585506e-09
   9.2900000e+02   1.1774950e+01   3.6574550e+00  -9.5139458e-02   0.0000000e+00  -4.2490201e-09
   9.3000000e+02   1.1764170e+01   3.6568730e+00  -9.5231259e-02   0.0000000e+00  -4.2395054e-09
   9.3100000e+02   1.1753400e+01   3.6562930e+00  -9.5322830e-02   0.0000000e+00  -4.2300066e-09
   9.3200000e+02   1.1742660e+01   3.6557130e+00  -9.5414259e-02   0.0000000e+00  -4.2205224e-09
   9.3300000e+02   1.1731940e+01   3.6551340e+00  -9.5505487e-02   0.0000000e+00  -4.2110563e-09
   9.3400000e+02   1.1721240e+01   3.6545560e+00  -9.5596516e-02   0.0000000e+00  -4.2016087e-09
   9.3500000e+02   1.1710560e+01   3.6539800e+00  -9.5687364e-02   0.0000000e+00  -4.1921703e-09
   9.3600000e+02   1.1699900e+01   3.6534040e+00  -9.5778028e-02   0.0000000e+00  -4.1827525e-09
   9.3700000e+02   1.1689250e+01   3.6528300e+00  -9.5868446e-02   0.0000000e+00  -4.1733539e-09
   9.3800000e+02   1.1678630e+01   3.6522560e+00  -9.5958741e-02   0.0000000e+00  -4.1639677e-09
   9.3900000e+02   1.1668030e+01   3.6516840e+00  -9.6048826e-02   0.0000000e+00  -4.1545973e-09
   9.4000000e+02   1.1657450e+01   3.6511120e+00  -9.6138741e-02   0.0000000e+00  -4.1452445e-09
   9.4100000e+02   1.1646880e+01   3.6505420e+00  -9.6228425e-02   0.0000000e+00  -4.1359085e-09
   9.4200000e+02   1.1636340e+01   3.6499730e+00  -9.6317960e-02   0.0000000e+00  -4.1265854e-09
   9.4300000e+02   1.1625820e+01   3.6494050e+00  -9.6407294e-02   0.0000000e+00  -4.1172808e-09
   9.4400000e+02   1.1615310e+01   3.6488380e+00  -9.6496422e-02   0.0000000e+00  -4.1079951e-09
   9.4500000e+02   1.1604830e+01   3.6482720e+00  -9.6585388e-02   0.0000000e+00  -4.0987238e-09
   9.4600000e+02   1.1594360e+01   3.6477070e+00  -9.6674157e-02   0.0000000e+00  -4.0894680e-09
   9.4700000e+02   1.1583920e+01   3.6471430e+00  -9.6762767e-02   0.0000000e+00  -4.0802276e-09
   9.4800000e+02   1.1573490e+01   3.6465800e+00  -9.6851153e-02   0.0000000e+00  -4.0710077e-09
   9.4900000e+02   1.1563080e+01   3.6460180e+00  -9.6939384e-02   0.0000000e+00  -4.0617999e-09
   9.5000000e+02   1.1552700e+01   3.6454570e+00  -9.7027423e-02   0.0000000e+00  -4.0526130e-09
   9.5100000e+02   1.1542330e+01   3.6448970e+00  -9.7115286e-02   0.0000000e+00  -4.0434396e-09
   9.5200000e+02   1.1531980e+01   3.6443390e+00  -9.7202940e-02   0.0000000e+00  -4.0342823e-09
   9.5300000e+02   1.1521650e+01   3.6437810e+00  -9.7290447e-02   0.0000000e+00  -4.0251403e-09
   9.5400000e+02   1.1511330e+01   3.6432240e+00  -9.7377748e-02   0.0000000e+00  -4.0160164e-09
   9.5500000e+02   1.1501040e+01   3.6426680e+00  -9.7464873e-02   0.0000000e+00  -4.0069115e-09
   9.5600000e+02   1.1490770e+01   3.6421140e+00  -9.7551805e-02   0.0000000e+00  -3.9978207e-09
   9.5700000e+02   1.1480510e+01   3.6415600e+00  -9.7638572e-02   0.0000000e+00  -3.9887463e-09
   9.5800000e+02   1.1470270e+01   3.6410070e+00  -9.7725169e-02   0.0000000e+00  -3.9796874e-09
   9.5900000e+02   1.1460060e+01   3.6404560e+00  -9.7811558e-02   0.0000000e+00  -3.9706482e-09
   9.6000000e+02   1.1449860e+01   3.6399050e+00  -9.7897796e-02   0.0000000e+00  -3.9616221e-09
   9.6100000e+02   1.1439680e+01   3.6393550e+00  -9.7983858e-02   0.0000000e+00  -3.9526129e-09
   9.6200000e+02   1.1429510e+01   3.6388070e+00  -9.8069706e-02   0.0000000e+00  -3.9436200e-09
   9.6300000e+02   1.1419370e+01   3.6382590e+00  -9.8155404e-02   0.0000000e+00  -3.9346460e-09
   9.6400000e+02   1.1409240e+01   3.6377130e+00  -9.8240885e-02   0.0000000e+00  -3.9256893e-09
   9.6500000e+02   1.1399140e+01   3.6371670e+00  -9.8326240e-02   0.0000000e+00  -3.9167473e-09
   9.6600000e+02   1.1389050e+01   3.6366230e+00  -9.8411393e-02   0.0000000e+00  -3.9078188e-09
   9.6700000e+02   1.1378980e+01   3.6360790e+00  -9.8496382e-02   0.0000000e+00  -3.8989105e-09
   9.6800000e+02   1.1368920e+01   3.6355360e+00  -9.8581190e-02   0.0000000e+00  -3.8900178e-09
   9.6900000e+02   1.1358890e+01   3.6349950e+00  -9.8665827e-02   0.0000000e+00  -3.8811389e-09
   9.7000000e+02   1.1348870e+01   3.6344540e+00  -9.8750273e-02   0.0000000e+00  -3.8722823e-09
   9.7100000e+02   1.1338870e+01   3.6339150e+00  -9.8834526e-02   0.0000000e+00  -3.8634408e-09
   9.7200000e+02   1.1328890e+01   3.6333760e+00  -9.8918653e-02   0.0000000e+00  -3.8546126e-09
   9.7300000e+02   1.1318930e+01   3.6328380e+00  -9.9002612e-02   0.0000000e+00  -3.8458012e-09
   9.7400000e+02   1.1308990e+01   3.6323020e+00  -9.9086343e-02   0.0000000e+00  -3.8370113e-09
   9.7500000e+02   1.1299060e+01   3.6317660e+00  -9.9169930e-02   0.0000000e+00  -3.8282352e-09
   9.7600000e+02   1.1289150e+01   3.6312310e+00  -9.9253361e-02   0.0000000e+00  -3.8194729e-09
   9.7700000e+02   1.1279260e+01   3.6306970e+00  -9.9336612e-02   0.0000000e+00  -3.8107294e-09
   9.7800000e+02   1.1269390e+01   3.6301650e+00  -9.9419663e-02   0.0000000e+00  -3.8020037e-09
   9.7900000e+02   1.1259530e+01   3.6296330e+00  -9.9502556e-02   0.0000000e+00  -3.7932939e-09
   9.8000000e+02   1.1249690e+01   3.6291020e+00  -9.9585294e-02   0.0000000e+00  -3.7845990e-09
   9.8100000e+02   1.1239870e+01   3.6285720e+00  -9.9667870e-02   0.0000000e+00  -3.7759198e-09
   9.8200000e+02   1.1230070e+01   3.6280430e+00  -9.9750253e-02   0.0000000e+00  -3.7672614e-09
   9.8300000e+02   1.1220280e+01   3.6275150e+00  -9.9832462e-02   0.0000000e+00  -3.7586186e-09
   9.8400000e+02   1.1210520e+01   3.6269890e+00  -9.9914521e-02   0.0000000e+00  -3.7499871e-09
   9.8500000e+02   1.1200760e+01   3.6264630e+00  -9.9996376e-02   0.0000000e+00  -3.7413781e-09
   9.8600000e+02   1.1191030e+01   3.6259380e+00  -1.0007810e-01   0.0000000e+00  -3.7327816e-09
   9.8700000e+02   1.1181310e+01   3.6254130e+00  -1.0015967e-01   0.0000000e+00  -3.7242039e-09
   9.8800000e+02   1.1171610e+01   3.6248900e+00  -1.0024103e-01   0.0000000e+00  -3.7156433e-09
   9.8900000e+02   1.1161930e+01   3.6243680e+00  -1.0032223e-01   0.0000000e+00  -3.7071009e-09
   9.9000000e+02   1.1152270e+01   3.6238470e+00  -1.0040327e-01   0.0000000e+00  -3.6985729e-09
   9.9100000e+02   1.1142620e+01   3.6233270e+00  -1.0048415e-01   0.0000000e+00  -3.6900589e-09
   9.9200000e+02   1.1132990e+01   3.6228070e+00  -1.0056488e-01   0.0000000e+00  -3.6815659e-09
   9.9300000e+02   1.1123370e+01   3.6222890e+00  -1.0064540e-01   0.0000000e+00  -3.6730864e-09
   9.9400000e+02   1.1113780e+01   3.6217710e+00  -1.0072581e-01   0.0000000e+00  -3.6646236e-09
   9.9500000e+02   1.1104200e+01   3.6212550e+00  -1.0080603e-01   0.0000000e+00  -3.6561753e-09
   9.9600000e+02   1.1094630e+01   3.6207390e+00  -1.0088606e-01   0.0000000e+00  -3.6477492e-09
   9.9700000e+02   1.1085090e+01   3.6202250e+00  -1.0096597e-01   0.0000000e+00  -3.6393337e-09
   9.9800000e+02   1.1075560e+01   3.6197110e+00  -1.0104568e-01   0.0000000e+00  -3.6309408e-09
   9.9900000e+02   1.1066040e+01   3.6191980e+00  -1.0112524e-01   0.0000000e+00  -3.6225600e-09
   1.0000000e+03   1.1056550e+01   3.6186860e+00  -1.0120465e-01   0.0000000e+00  -3.6141970e-09
   1.0010000e+03   1.1047060e+01   3.6181750e+00  -1.0128386e-01   0.0000000e+00  -3.6058519e-09
   1.0020000e+03   1.1037600e+01   3.6176650e+00  -1.0136295e-01   0.0000000e+00  -3.5975199e-09
   1.0030000e+03   1.1028150e+01   3.6171560e+00  -1.0144186e-01   0.0000000e+00  -3.5892066e-09
   1.0040000e+03   1.1018720e+01   3.6166480e+00  -1.0152062e-01   0.0000000e+00  -3.5809071e-09
   1.0050000e+03   1.1009310e+01   3.6161410e+00  -1.0159920e-01   0.0000000e+00  -3.5726271e-09
   1.0060000e+03   1.0999910e+01   3.6156350e+00  -1.0167762e-01   0.0000000e+00  -3.5643618e-09
   1.0070000e+03   1.0990530e+01   3.6151290e+00  -1.0175589e-01   0.0000000e+00  -3.5561171e-09
   1.0080000e+03   1.0981160e+01   3.6146250e+00  -1.0183400e-01   0.0000000e+00  -3.5478819e-09
   1.0090000e+03   1.0971810e+01   3.6141210e+00  -1.0191195e-01   0.0000000e+00  -3.5396685e-09
   1.0100000e+03   1.0962480e+01   3.6136180e+00  -1.0198975e-01   0.0000000e+00  -3.5314707e-09
   1.0110000e+03   1.0953160e+01   3.6131170e+00  -1.0206735e-01   0.0000000e+00  -3.5232886e-09
   1.0120000e+03   1.0943860e+01   3.6126160e+00  -1.0214483e-01   0.0000000e+00  -3.5151240e-09
   1.0130000e+03   1.0934580e+01   3.6121160e+00  -1.0222217e-01   0.0000000e+00  -3.5069714e-09
   1.0140000e+03   1.0925310e+01   3.6116170e+00  -1.0229931e-01   0.0000000e+00  -3.4988410e-09
   1.0150000e+03   1.0916060e+01   3.6111180e+00  -1.0237634e-01   0.0000000e+00  -3.4907244e-09
   1.0160000e+03   1.0906820e+01   3.6106210e+00  -1.0245319e-01   0.0000000e+00  -3.4826200e-09
   1.0170000e+03   1.0897600e+01   3.6101250e+00  -1.0252986e-01   0.0000000e+00  -3.4745386e-09
   1.0180000e+03   1.0888390e+01   3.6096290e+00  -1.0260639e-01   0.0000000e+00  -3.4664717e-09
   1.0190000e+03   1.0879200e+01   3.6091350e+00  -1.0268276e-01   0.0000000e+00  -3.4584177e-09
   1.0200000e+03   1.0870030e+01   3.6086410e+00  -1.0275899e-01   0.0000000e+00  -3.4503840e-09
   1.0210000e+03   1.0860870e+01   3.6081480e+00  -1.0283506e-01   0.0000000e+00  -3.4423652e-09
   1.0220000e+03   1.0851730e+01   3.6076560e+00  -1.0291098e-01   0.0000000e+00  -3.4343609e-09
   1.0230000e+03   1.0842600e+01   3.6071650e+00  -1.0298672e-01   0.0000000e+00  -3.4263770e-09
   1.0240000e+03   1.0833490e+01   3.6066750e+00  -1.0306231e-01   0.0000000e+00  -3.4184084e-09
   1.0250000e+03   1.0824400e+01   3.6061860e+00  -1.0313779e-01   0.0000000e+00  -3.4104509e-09
   1.0260000e+03   1.0815320e+01   3.6056970e+00  -1.0321309e-01   0.0000000e+00  -3.4025149e-09
   1.0270000e+03   1.0806250e+01   3.6052100e+00  -1.0328821e-01   0.0000000e+00  -3.3945949e-09
   1.0280000e+03   1.0797200e+01   3.6047230e+00  -1.0336322e-01   0.0000000e+00  -3.3866875e-09
   1.0290000e+03   1.0788170e+01   3.6042370e+00  -1.0343805e-01   0.0000000e+00  -3.3788018e-09
   1.0300000e+03   1.0779150e+01   3.6037520e+00  -1.0351274e-01   0.0000000e+00  -3.3709288e-09
   1.0310000e+03   1.0770150e+01   3.6032680e+00  -1.0358728e-01   0.0000000e+00  -3.3630729e-09
   1.0320000e+03   1.0761160e+01   3.6027850e+00  -1.0366167e-01   0.0000000e+00  -3.3552303e-09
   1.0330000e+03   1.0752190e+01   3.6023030e+00  -1.0373590e-01   0.0000000e+00  -3.3474062e-09
   1.0340000e+03   1.0743230e+01   3.6018210e+00  -1.0381000e-01   0.0000000e+00  -3.3395963e-09
   1.0350000e+03   1.0734290e+01   3.6013400e+00  -1.0388395e-01   0.0000000e+00  -3.3318051e-09
   1.0360000e+03   1.0725360e+01   3.6008610e+00  -1.0395769e-01   0.0000000e+00  -3.3240320e-09
   1.0370000e+03   1.0716450e+01   3.6003820e+00  -1.0403135e-01   0.0000000e+00  -3.3162694e-09
   1.0380000e+03   1.0707550e+01   3.5999040e+00  -1.0410483e-01   0.0000000e+00  -3.3085264e-09
   1.0390000e+03   1.0698670e+01   3.5994260e+00  -1.0417820e-01   0.0000000e+00  -3.3007991e-09
   1.0400000e+03   1.0689800e+01   3.5989500e+00  -1.0425138e-01   0.0000000e+00  -3.2930861e-09
   1.0410000e+03   1.0680950e+01   3.5984750e+00  -1.0432439e-01   0.0000000e+00  -3.2853938e-09
   1.0420000e+03   1.0672110e+01   3.5980000e+00  -1.0439730e-01   0.0000000e+00  -3.2777130e-09
   1.0430000e+03   1.0663290e+01   3.5975260e+00  -1.0447006e-01   0.0000000e+00  -3.2700484e-09
   1.0440000e+03   1.0654480e+01   3.5970530e+00  -1.0454267e-01   0.0000000e+00  -3.2624003e-09
   1.0450000e+03   1.0645680e+01   3.5965810e+00  -1.0461511e-01   0.0000000e+00  -3.2547687e-09
   1.0460000e+03   1.0636910e+01   3.5961100e+00  -1.0468741e-01   0.0000000e+00  -3.2471537e-09
   1.0470000e+03   1.0628140e+01   3.5956390e+00  -1.0475957e-01   0.0000000e+00  -3.2395572e-09
   1.0480000e+03   1.0619390e+01   3.5951690e+00  -1.0483160e-01   0.0000000e+00  -3.2319731e-09
   1.0490000e+03   1.0610660e+01   3.5947010e+00  -1.0490345e-01   0.0000000e+00  -3.2244056e-09
   1.0500000e+03   1.0601940e+01   3.5942330e+00  -1.0497519e-01   0.0000000e+00  -3.2168520e-09
   1.0510000e+03   1.0593230e+01   3.5937660e+00  -1.0504676e-01   0.0000000e+00  -3.2093165e-09
   1.0520000e+03   1.0584540e+01   3.5932990e+00  -1.0511822e-01   0.0000000e+00  -3.2017960e-09
   1.0530000e+03   1.0575860e+01   3.5928340e+00  -1.0518949e-01   0.0000000e+00  -3.1942928e-09
   1.0540000e+03   1.0567200e+01   3.5923690e+00  -1.0526065e-01   0.0000000e+00  -3.1868047e-09
   1.0550000e+03   1.0558550e+01   3.5919050e+00  -1.0533167e-01   0.0000000e+00  -3.1793309e-09
   1.0560000e+03   1.0549920e+01   3.5914420e+00  -1.0540255e-01   0.0000000e+00  -3.1718716e-09
   1.0570000e+03   1.0541300e+01   3.5909800e+00  -1.0547325e-01   0.0000000e+00  -3.1644321e-09
   1.0580000e+03   1.0532690e+01   3.5905190e+00  -1.0554381e-01   0.0000000e+00  -3.1570078e-09
   1.0590000e+03   1.0524100e+01   3.5900580e+00  -1.0561428e-01   0.0000000e+00  -3.1495947e-09
   1.0600000e+03   1.0515520e+01   3.5895980e+00  -1.0568458e-01   0.0000000e+00  -3.1422018e-09
   1.0610000e+03   1.0506960e+01   3.5891390e+00  -1.0575473e-01   0.0000000e+00  -3.1348251e-09
   1.0620000e+03   1.0498410e+01   3.5886810e+00  -1.0582475e-01   0.0000000e+00  -3.1274592e-09
   1.0630000e+03   1.0489880e+01   3.5882240e+00  -1.0589461e-01   0.0000000e+00  -3.1201149e-09
   1.0640000e+03   1.0481360e+01   3.5877670e+00  -1.0596436e-01   0.0000000e+00  -3.1127828e-09
   1.0650000e+03   1.0472850e+01   3.5873120e+00  -1.0603393e-01   0.0000000e+00  -3.1054670e-09
   1.0660000e+03   1.0464360e+01   3.5868570e+00  -1.0610341e-01   0.0000000e+00  -3.0981636e-09
   1.0670000e+03   1.0455880e+01   3.5864020e+00  -1.0617272e-01   0.0000000e+00  -3.0908837e-09
   1.0680000e+03   1.0447410e+01   3.5859490e+00  -1.0624188e-01   0.0000000e+00  -3.0836155e-09
   1.0690000e+03   1.0438960e+01   3.5854970e+00  -1.0631092e-01   0.0000000e+00  -3.0763600e-09
   1.0700000e+03   1.0430530e+01   3.5850450e+00  -1.0637983e-01   0.0000000e+00  -3.0691233e-09
   1.0710000e+03   1.0422100e+01   3.5845940e+00  -1.0644858e-01   0.0000000e+00  -3.0619003e-09
   1.0720000e+03   1.0413690e+01   3.5841440e+00  -1.0651722e-01   0.0000000e+00  -3.0546901e-09
   1.0730000e+03   1.0405300e+01   3.5836940e+00  -1.0658573e-01   0.0000000e+00  -3.0474997e-09
   1.0740000e+03   1.0396910e+01   3.5832460e+00  -1.0665406e-01   0.0000000e+00  -3.0403226e-09
   1.0750000e+03   1.0388550e+01   3.5827980e+00  -1.0672227e-01   0.0000000e+00  -3.0331657e-09
   1.0760000e+03   1.0380190e+01   3.5823510e+00  -1.0679035e-01   0.0000000e+00  -3.0260180e-09
   1.0770000e+03   1.0371850e+01   3.5819050e+00  -1.0685828e-01   0.0000000e+00  -3.0188901e-09
   1.0780000e+03   1.0363520e+01   3.5814590e+00  -1.0692612e-01   0.0000000e+00  -3.0117727e-09
   1.0790000e+03   1.0355210e+01   3.5810150e+00  -1.0699376e-01   0.0000000e+00  -3.0046745e-09
   1.0800000e+03   1.0346900e+01   3.5805710e+00  -1.0706127e-01   0.0000000e+00  -2.9975930e-09
   1.0810000e+03   1.0338620e+01   3.5801280e+00  -1.0712870e-01   0.0000000e+00  -2.9905216e-09
   1.0820000e+03   1.0330340e+01   3.5796850e+00  -1.0719596e-01   0.0000000e+00  -2.9834721e-09
   1.0830000e+03   1.0322080e+01   3.5792440e+00  -1.0726308e-01   0.0000000e+00  -2.9764327e-09
   1.0840000e+03   1.0313830e+01   3.5788030e+00  -1.0733008e-01   0.0000000e+00  -2.9694103e-09
   1.0850000e+03   1.0305600e+01   3.5783630e+00  -1.0739694e-01   0.0000000e+00  -2.9624044e-09
   1.0860000e+03   1.0297380e+01   3.5779240e+00  -1.0746367e-01   0.0000000e+00  -2.9554101e-09
   1.0870000e+03   1.0289170e+01   3.5774850e+00  -1.0753028e-01   0.0000000e+00  -2.9484336e-09
   1.0880000e+03   1.0280980e+01   3.5770480e+00  -1.0759672e-01   0.0000000e+00  -2.9414734e-09
   1.0890000e+03   1.0272790e+01   3.5766110e+00  -1.0766304e-01   0.0000000e+00  -2.9345261e-09
   1.0900000e+03   1.0264630e+01   3.5761740e+00  -1.0772928e-01   0.0000000e+00  -2.9275925e-09
   1.0910000e+03   1.0256470e+01   3.5757390e+00  -1.0779533e-01   0.0000000e+00  -2.9206758e-09
   1.0920000e+03   1.0248330e+01   3.5753040e+00  -1.0786129e-01   0.0000000e+00  -2.9137726e-09
   1.0930000e+03   1.0240200e+01   3.5748700e+00  -1.0792708e-01   0.0000000e+00  -2.9068878e-09
   1.0940000e+03   1.0232080e+01   3.5744370e+00  -1.0799275e-01   0.0000000e+00  -2.9000163e-09
   1.0950000e+03   1.0223980e+01   3.5740050e+00  -1.0805829e-01   0.0000000e+00  -2.8931585e-09
   1.0960000e+03   1.0215890e+01   3.5735730e+00  -1.0812370e-01   0.0000000e+00  -2.8863201e-09
   1.0970000e+03   1.0207810e+01   3.5731420e+00  -1.0818899e-01   0.0000000e+00  -2.8794907e-09
   1.0980000e+03   1.0199750e+01   3.5727120e+00  -1.0825414e-01   0.0000000e+00  -2.8726808e-09
   1.0990000e+03   1.0191700e+01   3.5722830e+00  -1.0831915e-01   0.0000000e+00  -2.8658854e-09
   1.1000000e+03   1.0183660e+01   3.5718540e+00  -1.0838405e-01   0.0000000e+00  -2.8591051e-09
   1.1010000e+03   1.0175630e+01   3.5714260e+00  -1.0844883e-01   0.0000000e+00  -2.8523345e-09
   1.1020000e+03   1.0167620e+01   3.5709990e+00  -1.0851345e-01   0.0000000e+00  -2.8455842e-09
   1.1030000e+03   1.0159620e+01   3.5705720e+00  -1.0857796e-01   0.0000000e+00  -2.8388501e-09
   1.1040000e+03   1.0151630e+01   3.5701470e+00  -1.0864233e-01   0.0000000e+00  -2.8321250e-09
   1.1050000e+03   1.0143650e+01   3.5697220e+00  -1.0870658e-01   0.0000000e+00  -2.8254170e-09
   1.1060000e+03   1.0135690e+01   3.5692970e+00  -1.0877073e-01   0.0000000e+00  -2.8187248e-09
   1.1070000e+03   1.0127740e+01   3.5688740e+00  -1.0883470e-01   0.0000000e+00  -2.8120486e-09
   1.1080000e+03   1.0119800e+01   3.5684510e+00  -1.0889858e-01   0.0000000e+00  -2.8053839e-09
   1.1090000e+03   1.0111880e+01   3.5680290e+00  -1.0896233e-01   0.0000000e+00  -2.7987359e-09
   1.1100000e+03   1.0103960e+01   3.5676080e+00  -1.0902591e-01   0.0000000e+00  -2.7921043e-09
   1.1110000e+03   1.0096060e+01   3.5671870e+00  -1.0908941e-01   0.0000000e+00  -2.7854853e-09
   1.1120000e+03   1.0088180e+01   3.5667670e+00  -1.0915281e-01   0.0000000e+00  -2.7788780e-09
   1.1130000e+03   1.0080300e+01   3.5663480e+00  -1.0921604e-01   0.0000000e+00  -2.7722882e-09
   1.1140000e+03   1.0072440e+01   3.5659300e+00  -1.0927914e-01   0.0000000e+00  -2.7657147e-09
   1.1150000e+03   1.0064590e+01   3.5655120e+00  -1.0934213e-01   0.0000000e+00  -2.7591545e-09
   1.1160000e+03   1.0056750e+01   3.5650950e+00  -1.0940500e-01   0.0000000e+00  -2.7526079e-09
   1.1170000e+03   1.0048920e+01   3.5646790e+00  -1.0946772e-01   0.0000000e+00  -2.7460767e-09
   1.1180000e+03   1.0041110e+01   3.5642630e+00  -1.0953036e-01   0.0000000e+00  -2.7395600e-09
   1.1190000e+03   1.0033310e+01   3.5638480e+00  -1.0959286e-01   0.0000000e+00  -2.7330573e-09
   1.1200000e+03   1.0025520e+01   3.5634340e+00  -1.0965523e-01   0.0000000e+00  -2.7265691e-09
   1.1210000e+03   1.0017740e+01   3.5630210e+00  -1.0971745e-01   0.0000000e+00  -2.7200958e-09
   1.1220000e+03   1.0009980e+01   3.5626080e+00  -1.0977959e-01   0.0000000e+00  -2.7136363e-09
   1.1230000e+03   1.0002220e+01   3.5621960e+00  -1.0984158e-01   0.0000000e+00  -2.7071914e-09
