   3.3000000e+01   2.4478970e+02   4.8814570e+00  -3.0161316e-02   0.0000000e+00  -1.1572844e-08
   3.4000000e+01   2.3952760e+02   4.8440960e+00  -3.1133921e-02   0.0000000e+00  -1.1260014e-08
   3.5000000e+01   2.3448900e+02   4.8088000e+00  -3.2101810e-02   0.0000000e+00  -1.0926963e-08
   3.6000000e+01   2.2965780e+02   4.7754400e+00  -3.3064938e-02   0.0000000e+00  -1.0574395e-08
   3.7000000e+01   2.2501990e+02   4.7438970e+00  -3.4023256e-02   0.0000000e+00  -1.0202994e-08
   3.8000000e+01   2.2056270e+02   4.7140540e+00  -3.4976848e-02   0.0000000e+00  -9.8134481e-09
   3.9000000e+01   2.1627500e+02   4.6858040e+00  -3.5925769e-02   0.0000000e+00  -9.4064304e-09
   4.0000000e+01   2.1214640e+02   4.6590440e+00  -3.6870184e-02   0.0000000e+00  -8.9826887e-09
   4.1000000e+01   2.0816780e+02   4.6336790e+00  -3.7810205e-02   0.0000000e+00  -8.5429156e-09
   4.2000000e+01   2.0433070e+02   4.6096180e+00  -3.8746017e-02   0.0000000e+00  -8.0877863e-09
   4.3000000e+01   2.0062750e+02   4.5867790e+00  -3.9677764e-02   0.0000000e+00  -7.6180382e-09
   4.4000000e+01   1.9705100e+02   4.5650840e+00  -4.0605621e-02   0.0000000e+00  -7.1343381e-09
   4.5000000e+01   1.9359490e+02   4.5444600e+00  -4.1529710e-02   0.0000000e+00  -6.6373092e-09
   4.6000000e+01   1.9025300e+02   4.5248390e+00  -4.2450243e-02   0.0000000e+00  -6.1276441e-09
   4.7000000e+01   1.8701970e+02   4.5061590e+00  -4.3367362e-02   0.0000000e+00  -5.6059756e-09
   4.8000000e+01   1.8388990e+02   4.4883610e+00  -4.4281167e-02   0.0000000e+00  -5.0728957e-09
   4.9000000e+01   1.8085880e+02   4.4713910e+00  -4.5191831e-02   0.0000000e+00  -4.5290793e-09
   5.0000000e+01   1.7792170e+02   4.4551990e+00  -4.6099466e-02   0.0000000e+00  -3.9750353e-09
   5.1000000e+01   1.7507450e+02   4.4397380e+00  -4.7004219e-02   0.0000000e+00  -3.4114121e-09
   5.2000000e+01   1.7231310e+02   4.4249640e+00  -4.7906163e-02   0.0000000e+00  -2.8386765e-09
   5.3000000e+01   1.6963390e+02   4.4108380e+00  -4.8805436e-02   0.0000000e+00  -2.2574771e-09
   5.4000000e+01   1.6703320e+02   4.3973210e+00  -4.9702108e-02   0.0000000e+00  -1.6682954e-09
   5.5000000e+01   1.6450780e+02   4.3843780e+00  -5.0596295e-02   0.0000000e+00  -1.0715865e-09
   5.6000000e+01   1.6205450e+02   4.3719780e+00  -5.1488074e-02   0.0000000e+00  -4.6794443e-10
   5.7000000e+01   1.5967030e+02   4.3600890e+00  -5.2377535e-02   0.0000000e+00   1.4220100e-10
   5.8000000e+01   1.5735250e+02   4.3486840e+00  -5.3264683e-02   0.0000000e+00   7.5838686e-10
   5.9000000e+01   1.5509840e+02   4.3377360e+00  -5.4149695e-02   0.0000000e+00   1.3801121e-09
   6.0000000e+01   1.5290550e+02   4.3272210e+00  -5.5032555e-02   0.0000000e+00   2.0069786e-09
   6.1000000e+01   1.5077130e+02   4.3171160e+00  -5.5913355e-02   0.0000000e+00   2.6385430e-09
   6.2000000e+01   1.4869360e+02   4.3074000e+00  -5.6792183e-02   0.0000000e+00   3.2743652e-09
   6.3000000e+01   1.4667030e+02   4.2980520e+00  -5.7669051e-02   0.0000000e+00   3.9140791e-09
   6.4000000e+01   1.4469920e+02   4.2890540e+00  -5.8544014e-02   0.0000000e+00   4.5572606e-09
   6.5000000e+01   1.4277850e+02   4.2803890e+00  -5.9417150e-02   0.0000000e+00   5.2035435e-09
   6.6000000e+01   1.4090640e+02   4.2720390e+00  -6.0288453e-02   0.0000000e+00   5.8525189e-09
   6.7000000e+01   1.3908090e+02   4.2639910e+00  -6.1158015e-02   0.0000000e+00   6.5038452e-09
   6.8000000e+01   1.3730050e+02   4.2562280e+00  -6.2025904e-02   0.0000000e+00   7.1571844e-09
   6.9000000e+01   1.3556350e+02   4.2487380e+00  -6.2892124e-02   0.0000000e+00   7.8121745e-09
   7.0000000e+01   1.3386840e+02   4.2415090e+00  -6.3756727e-02   0.0000000e+00   8.4684611e-09
   7.1000000e+01   1.3221370e+02   4.2345280e+00  -6.4619713e-02   0.0000000e+00   9.1257918e-09
   7.2000000e+01   1.3059810e+02   4.2277830e+00  -6.5481164e-02   0.0000000e+00   9.7837694e-09
   7.3000000e+01   1.2902010e+02   4.2212650e+00  -6.6341168e-02   0.0000000e+00   1.0442115e-08
   7.4000000e+01   1.2747860e+02   4.2149630e+00  -6.7199653e-02   0.0000000e+00   1.1100537e-08
   7.5000000e+01   1.2597230e+02   4.2088680e+00  -6.8056721e-02   0.0000000e+00   1.1758790e-08
   7.6000000e+01   1.2450010e+02   4.2029720e+00  -6.8912382e-02   0.0000000e+00   1.2416494e-08
   7.7000000e+01   1.2306070e+02   4.1972640e+00  -6.9766741e-02   0.0000000e+00   1.3073441e-08
   7.8000000e+01   1.2165320e+02   4.1917390e+00  -7.0619752e-02   0.0000000e+00   1.3729338e-08
   7.9000000e+01   1.2027650e+02   4.1863880e+00  -7.1471489e-02   0.0000000e+00   1.4383958e-08
   8.0000000e+01   1.1892970e+02   4.1812040e+00  -7.2321939e-02   0.0000000e+00   1.5037021e-08
   8.1000000e+01   1.1761170e+02   4.1761810e+00  -7.3171214e-02   0.0000000e+00   1.5688296e-08
   8.2000000e+01   1.1632180e+02   4.1713110e+00  -7.4019280e-02   0.0000000e+00   1.6337551e-08
   8.3000000e+01   1.1505890e+02   4.1665900e+00  -7.4866226e-02   0.0000000e+00   1.6984523e-08
   8.4000000e+01   1.1382240e+02   4.1620110e+00  -7.5712032e-02   0.0000000e+00   1.7629037e-08
   8.5000000e+01   1.1261130e+02   4.1575680e+00  -7.6556768e-02   0.0000000e+00   1.8270861e-08
   8.6000000e+01   1.1142500e+02   4.1532570e+00  -7.7400483e-02   0.0000000e+00   1.8909761e-08
   8.7000000e+01   1.1026260e+02   4.1490730e+00  -7.8243143e-02   0.0000000e+00   1.9545562e-08
   8.8000000e+01   1.0912360e+02   4.1450110e+00  -7.9084809e-02   0.0000000e+00   2.0178059e-08
   8.9000000e+01   1.0800710e+02   4.1410670e+00  -7.9925538e-02   0.0000000e+00   2.0807046e-08
   9.0000000e+01   1.0691250e+02   4.1372350e+00  -8.0765375e-02   0.0000000e+00   2.1432373e-08
   9.1000000e+01   1.0583930e+02   4.1335130e+00  -8.1604286e-02   0.0000000e+00   2.2053821e-08
   9.2000000e+01   1.0478680e+02   4.1298960e+00  -8.2442332e-02   0.0000000e+00   2.2671259e-08
   9.3000000e+01   1.0375440e+02   4.1263810e+00  -8.3279553e-02   0.0000000e+00   2.3284479e-08
   9.4000000e+01   1.0274160e+02   4.1229630e+00  -8.4115995e-02   0.0000000e+00   2.3893351e-08
   9.5000000e+01   1.0174770e+02   4.1196410e+00  -8.4951687e-02   0.0000000e+00   2.4497688e-08
   9.6000000e+01   1.0077240e+02   4.1164100e+00  -8.5786565e-02   0.0000000e+00   2.5097386e-08
   9.7000000e+01   9.9811760e+01   4.1134020e+00  -8.6618133e-02   0.0000000e+00   2.5690847e-08
   9.8000000e+01   9.8872010e+01   4.1103410e+00  -8.7451650e-02   0.0000000e+00   2.6280927e-08
   9.9000000e+01   9.7949300e+01   4.1073630e+00  -8.8284453e-02   0.0000000e+00   2.6865924e-08
   1.0000000e+02   9.7043160e+01   4.1044640e+00  -8.9116667e-02   0.0000000e+00   2.7445698e-08
   1.0100000e+02   9.6153170e+01   4.1016430e+00  -8.9948293e-02   0.0000000e+00   2.8020131e-08
   1.0200000e+02   9.5278890e+01   4.0988960e+00  -9.0779306e-02   0.0000000e+00   2.8589107e-08
   1.0300000e+02   9.4419920e+01   4.0962220e+00  -9.1609801e-02   0.0000000e+00   2.9152486e-08
   1.0400000e+02   9.3575880e+01   4.0936180e+00  -9.2439752e-02   0.0000000e+00   2.9710192e-08
   1.0500000e+02   9.2746370e+01   4.0910810e+00  -9.3269202e-02   0.0000000e+00   3.0262103e-08
   1.0600000e+02   9.1931040e+01   4.0886100e+00  -9.4098202e-02   0.0000000e+00   3.0808108e-08
   1.0700000e+02   9.1129530e+01   4.0862020e+00  -9.4926746e-02   0.0000000e+00   3.1348122e-08
   1.0800000e+02   9.0341500e+01   4.0838560e+00  -9.5754836e-02   0.0000000e+00   3.1882052e-08
   1.0900000e+02   8.9566600e+01   4.0815700e+00  -9.6582531e-02   0.0000000e+00   3.2409803e-08
   1.1000000e+02   8.8804540e+01   4.0793410e+00  -9.7409834e-02   0.0000000e+00   3.2931299e-08
   1.1100000e+02   8.8054980e+01   4.0771690e+00  -9.8236788e-02   0.0000000e+00   3.3446429e-08
   1.1200000e+02   8.7317640e+01   4.0750500e+00  -9.9063358e-02   0.0000000e+00   3.3955173e-08
   1.1300000e+02   8.6592220e+01   4.0729840e+00  -9.9889670e-02   0.0000000e+00   3.4457406e-08
   1.1400000e+02   8.5878440e+01   4.0709700e+00  -1.0071555e-01   0.0000000e+00   3.4953078e-08
   1.1500000e+02   8.5176020e+01   4.0690040e+00  -1.0154120e-01   0.0000000e+00   3.5442124e-08
   1.1600000e+02   8.4484710e+01   4.0670870e+00  -1.0236657e-01   0.0000000e+00   3.5924477e-08
   1.1700000e+02   8.3804240e+01   4.0652160e+00  -1.0319171e-01   0.0000000e+00   3.6400064e-08
   1.1800000e+02   8.3134360e+01   4.0633900e+00  -1.0401659e-01   0.0000000e+00   3.6868834e-08
   1.1900000e+02   8.2474840e+01   4.0616090e+00  -1.0484116e-01   0.0000000e+00   3.7330756e-08
   1.2000000e+02   8.1825440e+01   4.0598690e+00  -1.0566561e-01   0.0000000e+00   3.7785771e-08
   1.2100000e+02   8.1185940e+01   4.0581710e+00  -1.0648981e-01   0.0000000e+00   3.8233799e-08
   1.2200000e+02   8.0556110e+01   4.0565130e+00  -1.0731380e-01   0.0000000e+00   3.8674841e-08
   1.2300000e+02   7.9935740e+01   4.0548940e+00  -1.0813756e-01   0.0000000e+00   3.9108850e-08
   1.2400000e+02   7.9324620e+01   4.0533130e+00  -1.0896116e-01   0.0000000e+00   3.9535748e-08
   1.2500000e+02   7.8722560e+01   4.0517680e+00  -1.0978462e-01   0.0000000e+00   3.9955529e-08
   1.2600000e+02   7.8129350e+01   4.0502590e+00  -1.1060790e-01   0.0000000e+00   4.0368167e-08
   1.2700000e+02   7.7544800e+01   4.0487840e+00  -1.1143095e-01   0.0000000e+00   4.0773617e-08
   1.2800000e+02   7.6968740e+01   4.0473430e+00  -1.1225394e-01   0.0000000e+00   4.1171842e-08
   1.2900000e+02   7.6400980e+01   4.0459340e+00  -1.1307673e-01   0.0000000e+00   4.1562841e-08
   1.3000000e+02   7.5841340e+01   4.0445570e+00  -1.1389938e-01   0.0000000e+00   4.1946589e-08
   1.3100000e+02   7.5289660e+01   4.0432110e+00  -1.1472191e-01   0.0000000e+00   4.2322998e-08
   1.3200000e+02   7.4745770e+01   4.0418940e+00  -1.1554424e-01   0.0000000e+00   4.2692165e-08
   1.3300000e+02   7.4209520e+01   4.0406070e+00  -1.1636650e-01   0.0000000e+00   4.3053971e-08
   1.3400000e+02   7.3680740e+01   4.0393480e+00  -1.1718848e-01   0.0000000e+00   4.3408467e-08
   1.3500000e+02   7.3159280e+01   4.0381160e+00  -1.1801043e-01   0.0000000e+00   4.3755597e-08
   1.3600000e+02   7.2645000e+01   4.0369100e+00  -1.1883223e-01   0.0000000e+00   4.4095379e-08
   1.3700000e+02   7.2137750e+01   4.0357310e+00  -1.1965379e-01   0.0000000e+00   4.4427801e-08
   1.3800000e+02   7.1637400e+01   4.0345760e+00  -1.2047528e-01   0.0000000e+00   4.4752837e-08
   1.3900000e+02   7.1143800e+01   4.0334460e+00  -1.2129656e-01   0.0000000e+00   4.5070489e-08
   1.4000000e+02   7.0656820e+01   4.0323390e+00  -1.2211771e-01   0.0000000e+00   4.5380751e-08
   1.4100000e+02   7.0176340e+01   4.0312560e+00  -1.2293865e-01   0.0000000e+00   4.5683648e-08
   1.4200000e+02   6.9702220e+01   4.0301940e+00  -1.2375940e-01   0.0000000e+00   4.5979161e-08
   1.4300000e+02   6.9234350e+01   4.0291550e+00  -1.2457996e-01   0.0000000e+00   4.6267274e-08
   1.4400000e+02   6.8772610e+01   4.0281360e+00  -1.2540031e-01   0.0000000e+00   4.6548036e-08
   1.4500000e+02   6.8316870e+01   4.0271380e+00  -1.2622043e-01   0.0000000e+00   4.6821407e-08
   1.4600000e+02   6.7867030e+01   4.0261600e+00  -1.2704041e-01   0.0000000e+00   4.7087406e-08
   1.4700000e+02   6.7422970e+01   4.0252010e+00  -1.2786007e-01   0.0000000e+00   4.7346054e-08
   1.4800000e+02   6.6984580e+01   4.0242610e+00  -1.2867949e-01   0.0000000e+00   4.7597335e-08
   1.4900000e+02   6.6551770e+01   4.0233390e+00  -1.2949868e-01   0.0000000e+00   4.7841296e-08
   1.5000000e+02   6.6124420e+01   4.0224350e+00  -1.3031760e-01   0.0000000e+00   4.8077908e-08
   1.5100000e+02   6.5702450e+01   4.0215480e+00  -1.3113621e-01   0.0000000e+00   4.8307208e-08
   1.5200000e+02   6.5285740e+01   4.0206780e+00  -1.3195450e-01   0.0000000e+00   4.8529213e-08
   1.5300000e+02   6.4874200e+01   4.0198240e+00  -1.3277246e-01   0.0000000e+00   4.8743929e-08
   1.5400000e+02   6.4467740e+01   4.0189860e+00  -1.3359009e-01   0.0000000e+00   4.8951382e-08
   1.5500000e+02   6.4066280e+01   4.0181630e+00  -1.3440735e-01   0.0000000e+00   4.9151588e-08
   1.5600000e+02   6.3669710e+01   4.0173560e+00  -1.3522410e-01   0.0000000e+00   4.9344542e-08
   1.5700000e+02   6.3277950e+01   4.0165620e+00  -1.3604061e-01   0.0000000e+00   4.9530300e-08
   1.5800000e+02   6.2890930e+01   4.0157830e+00  -1.3685663e-01   0.0000000e+00   4.9708877e-08
   1.5900000e+02   6.2508550e+01   4.0150170e+00  -1.3767226e-01   0.0000000e+00   4.9880253e-08
   1.6000000e+02   6.2130730e+01   4.0142640e+00  -1.3848744e-01   0.0000000e+00   5.0044525e-08
   1.6100000e+02   6.1757400e+01   4.0135250e+00  -1.3930204e-01   0.0000000e+00   5.0201655e-08
   1.6200000e+02   6.1388470e+01   4.0127980e+00  -1.4011620e-01   0.0000000e+00   5.0351698e-08
   1.6300000e+02   6.1023880e+01   4.0120830e+00  -1.4092982e-01   0.0000000e+00   5.0494668e-08
   1.6400000e+02   6.0663550e+01   4.0113800e+00  -1.4174287e-01   0.0000000e+00   5.0630589e-08
   1.6500000e+02   6.0307400e+01   4.0106880e+00  -1.4255537e-01   0.0000000e+00   5.0759498e-08
   1.6600000e+02   5.9955370e+01   4.0100070e+00  -1.4336726e-01   0.0000000e+00   5.0881443e-08
   1.6700000e+02   5.9607380e+01   4.0093370e+00  -1.4417854e-01   0.0000000e+00   5.0996437e-08
   1.6800000e+02   5.9263380e+01   4.0086780e+00  -1.4498911e-01   0.0000000e+00   5.1104476e-08
   1.6900000e+02   5.8923280e+01   4.0080290e+00  -1.4579900e-01   0.0000000e+00   5.1205629e-08
   1.7000000e+02   5.8587040e+01   4.0073900e+00  -1.4660821e-01   0.0000000e+00   5.1299924e-08
   1.7100000e+02   5.8254580e+01   4.0067600e+00  -1.4741666e-01   0.0000000e+00   5.1387397e-08
   1.7200000e+02   5.7925840e+01   4.0061390e+00  -1.4822443e-01   0.0000000e+00   5.1468070e-08
   1.7300000e+02   5.7600760e+01   4.0055280e+00  -1.4903133e-01   0.0000000e+00   5.1541978e-08
   1.7400000e+02   5.7279290e+01   4.0049250e+00  -1.4983745e-01   0.0000000e+00   5.1609190e-08
   1.7500000e+02   5.6961370e+01   4.0043310e+00  -1.5064268e-01   0.0000000e+00   5.1669683e-08
   1.7600000e+02   5.6646930e+01   4.0037450e+00  -1.5144711e-01   0.0000000e+00   5.1723519e-08
   1.7700000e+02   5.6335920e+01   4.0031670e+00  -1.5225058e-01   0.0000000e+00   5.1770750e-08
   1.7800000e+02   5.6028300e+01   4.0025970e+00  -1.5305311e-01   0.0000000e+00   5.1811402e-08
   1.7900000e+02   5.5724000e+01   4.0020340e+00  -1.5385472e-01   0.0000000e+00   5.1845506e-08
   1.8000000e+02   5.5422970e+01   4.0014790e+00  -1.5465528e-01   0.0000000e+00   5.1873101e-08
   1.8100000e+02   5.5125160e+01   4.0009300e+00  -1.5545489e-01   0.0000000e+00   5.1894262e-08
   1.8200000e+02   5.4830530e+01   4.0003890e+00  -1.5625335e-01   0.0000000e+00   5.1908998e-08
   1.8300000e+02   5.4539020e+01   3.9998540e+00  -1.5705082e-01   0.0000000e+00   5.1917319e-08
   1.8400000e+02   5.4250580e+01   3.9993250e+00  -1.5784716e-01   0.0000000e+00   5.1919324e-08
   1.8500000e+02   5.3965170e+01   3.9988030e+00  -1.5864229e-01   0.0000000e+00   5.1915003e-08
   1.8600000e+02   5.3682740e+01   3.9982870e+00  -1.5943629e-01   0.0000000e+00   5.1904440e-08
   1.8700000e+02   5.3403250e+01   3.9977760e+00  -1.6022913e-01   0.0000000e+00   5.1887685e-08
   1.8800000e+02   5.3126660e+01   3.9972710e+00  -1.6102065e-01   0.0000000e+00   5.1864731e-08
   1.8900000e+02   5.2852910e+01   3.9967720e+00  -1.6181091e-01   0.0000000e+00   5.1835639e-08
   1.9000000e+02   5.2581960e+01   3.9962780e+00  -1.6259986e-01   0.0000000e+00   5.1800483e-08
   1.9100000e+02   5.2313780e+01   3.9957890e+00  -1.6338751e-01   0.0000000e+00   5.1759295e-08
   1.9200000e+02   5.2048320e+01   3.9953050e+00  -1.6417378e-01   0.0000000e+00   5.1712074e-08
   1.9300000e+02   5.1785550e+01   3.9948260e+00  -1.6495863e-01   0.0000000e+00   5.1658903e-08
   1.9400000e+02   5.1525420e+01   3.9943520e+00  -1.6574199e-01   0.0000000e+00   5.1599845e-08
   1.9500000e+02   5.1267890e+01   3.9938820e+00  -1.6652398e-01   0.0000000e+00   5.1534927e-08
   1.9600000e+02   5.1012940e+01   3.9934160e+00  -1.6730443e-01   0.0000000e+00   5.1464174e-08
   1.9700000e+02   5.0760510e+01   3.9929550e+00  -1.6808333e-01   0.0000000e+00   5.1387666e-08
   1.9800000e+02   5.0510570e+01   3.9924980e+00  -1.6886070e-01   0.0000000e+00   5.1305422e-08
   1.9900000e+02   5.0263100e+01   3.9920440e+00  -1.6963646e-01   0.0000000e+00   5.1217520e-08
   2.0000000e+02   5.0018040e+01   3.9915940e+00  -1.7041061e-01   0.0000000e+00   5.1124014e-08
   2.0100000e+02   4.9775380e+01   3.9911480e+00  -1.7118309e-01   0.0000000e+00   5.1024888e-08
   2.0200000e+02   4.9535070e+01   3.9907060e+00  -1.7195387e-01   0.0000000e+00   5.0920213e-08
   2.0300000e+02   4.9297080e+01   3.9902660e+00  -1.7272297e-01   0.0000000e+00   5.0810116e-08
   2.0400000e+02   4.9061370e+01   3.9898310e+00  -1.7349020e-01   0.0000000e+00   5.0694515e-08
   2.0500000e+02   4.8827930e+01   3.9893980e+00  -1.7425574e-01   0.0000000e+00   5.0573588e-08
   2.0600000e+02   4.8596710e+01   3.9889680e+00  -1.7501946e-01   0.0000000e+00   5.0447293e-08
   2.0700000e+02   4.8367680e+01   3.9885410e+00  -1.7578131e-01   0.0000000e+00   5.0315715e-08
   2.0800000e+02   4.8140820e+01   3.9881170e+00  -1.7654126e-01   0.0000000e+00   5.0178902e-08
   2.0900000e+02   4.7916100e+01   3.9876960e+00  -1.7729927e-01   0.0000000e+00   5.0036910e-08
   2.1000000e+02   4.7693470e+01   3.9872770e+00  -1.7805535e-01   0.0000000e+00   4.9889785e-08
   2.1100000e+02   4.7472930e+01   3.9868610e+00  -1.7880944e-01   0.0000000e+00   4.9737530e-08
   2.1200000e+02   4.7254430e+01   3.9864470e+00  -1.7956156e-01   0.0000000e+00   4.9580273e-08
   2.1300000e+02   4.7037960e+01   3.9860350e+00  -1.8031162e-01   0.0000000e+00   4.9418037e-08
   2.1400000e+02   4.6823480e+01   3.9856260e+00  -1.8105955e-01   0.0000000e+00   4.9250832e-08
   2.1500000e+02   4.6610960e+01   3.9852190e+00  -1.8180538e-01   0.0000000e+00   4.9078756e-08
   2.1600000e+02   4.6400390e+01   3.9848130e+00  -1.8254919e-01   0.0000000e+00   4.8901820e-08
   2.1700000e+02   4.6191730e+01   3.9844100e+00  -1.8329070e-01   0.0000000e+00   4.8720170e-08
   2.1800000e+02   4.5984960e+01   3.9840080e+00  -1.8403011e-01   0.0000000e+00   4.8533709e-08
   2.1900000e+02   4.5780050e+01   3.9836080e+00  -1.8476731e-01   0.0000000e+00   4.8342603e-08
   2.2000000e+02   4.5576990e+01   3.9832100e+00  -1.8550213e-01   0.0000000e+00   4.8146859e-08
   2.2100000e+02   4.5375740e+01   3.9828140e+00  -1.8623469e-01   0.0000000e+00   4.7946554e-08
   2.2200000e+02   4.5176290e+01   3.9824190e+00  -1.8696495e-01   0.0000000e+00   4.7741705e-08
   2.2300000e+02   4.4978600e+01   3.9820250e+00  -1.8769287e-01   0.0000000e+00   4.7532414e-08
   2.2400000e+02   4.4782660e+01   3.9816330e+00  -1.8841842e-01   0.0000000e+00   4.7318649e-08
   2.2500000e+02   4.4588450e+01   3.9812420e+00  -1.8914157e-01   0.0000000e+00   4.7100539e-08
   2.2600000e+02   4.4395940e+01   3.9808520e+00  -1.8986230e-01   0.0000000e+00   4.6878138e-08
   2.2700000e+02   4.4205100e+01   3.9804640e+00  -1.9058047e-01   0.0000000e+00   4.6651415e-08
   2.2800000e+02   4.4015930e+01   3.9800760e+00  -1.9129627e-01   0.0000000e+00   4.6420503e-08
   2.2900000e+02   4.3828400e+01   3.9796900e+00  -1.9200947e-01   0.0000000e+00   4.6185433e-08
   2.3000000e+02   4.3642480e+01   3.9793040e+00  -1.9272018e-01   0.0000000e+00   4.5946275e-08
   2.3100000e+02   4.3458160e+01   3.9789190e+00  -1.9342831e-01   0.0000000e+00   4.5703020e-08
   2.3200000e+02   4.3275420e+01   3.9785350e+00  -1.9413380e-01   0.0000000e+00   4.5455813e-08
   2.3300000e+02   4.3094240e+01   3.9781520e+00  -1.9483665e-01   0.0000000e+00   4.5204626e-08
   2.3400000e+02   4.2914590e+01   3.9777700e+00  -1.9553688e-01   0.0000000e+00   4.4949502e-08
   2.3500000e+02   4.2736470e+01   3.9773880e+00  -1.9623438e-01   0.0000000e+00   4.4690556e-08
   2.3600000e+02   4.2559840e+01   3.9770070e+00  -1.9692920e-01   0.0000000e+00   4.4427802e-08
   2.3700000e+02   4.2384700e+01   3.9766260e+00  -1.9762133e-01   0.0000000e+00   4.4161346e-08
   2.3800000e+02   4.2211020e+01   3.9762460e+00  -1.9831065e-01   0.0000000e+00   4.3891161e-08
   2.3900000e+02   4.2038790e+01   3.9758660e+00  -1.9899718e-01   0.0000000e+00   4.3617342e-08
   2.4000000e+02   4.1867990e+01   3.9754870e+00  -1.9968087e-01   0.0000000e+00   4.3339953e-08
   2.4100000e+02   4.1698590e+01   3.9751080e+00  -2.0036181e-01   0.0000000e+00   4.3058993e-08
   2.4200000e+02   4.1530600e+01   3.9747290e+00  -2.0103986e-01   0.0000000e+00   4.2774592e-08
   2.4300000e+02   4.1363980e+01   3.9743510e+00  -2.0171496e-01   0.0000000e+00   4.2486723e-08
   2.4400000e+02   4.1198730e+01   3.9739720e+00  -2.0238727e-01   0.0000000e+00   4.2195506e-08
   2.4500000e+02   4.1034820e+01   3.9735940e+00  -2.0305657e-01   0.0000000e+00   4.1900944e-08
   2.4600000e+02   4.0872240e+01   3.9732160e+00  -2.0372292e-01   0.0000000e+00   4.1603125e-08
   2.4700000e+02   4.0710970e+01   3.9728380e+00  -2.0438630e-01   0.0000000e+00   4.1302048e-08
   2.4800000e+02   4.0551000e+01   3.9724600e+00  -2.0504671e-01   0.0000000e+00   4.0997812e-08
   2.4900000e+02   4.0392320e+01   3.9720820e+00  -2.0570406e-01   0.0000000e+00   4.0690453e-08
   2.5000000e+02   4.0234900e+01   3.9717030e+00  -2.0635843e-01   0.0000000e+00   4.0380042e-08
   2.5100000e+02   4.0078740e+01   3.9713250e+00  -2.0700969e-01   0.0000000e+00   4.0066616e-08
   2.5200000e+02   3.9923820e+01   3.9709470e+00  -2.0765784e-01   0.0000000e+00   3.9750201e-08
   2.5300000e+02   3.9770120e+01   3.9705680e+00  -2.0830291e-01   0.0000000e+00   3.9430887e-08
   2.5400000e+02   3.9617630e+01   3.9701890e+00  -2.0894488e-01   0.0000000e+00   3.9108703e-08
   2.5500000e+02   3.9466340e+01   3.9698100e+00  -2.0958369e-01   0.0000000e+00   3.8783704e-08
   2.5600000e+02   3.9316230e+01   3.9694310e+00  -2.1021930e-01   0.0000000e+00   3.8455949e-08
   2.5700000e+02   3.9167300e+01   3.9690510e+00  -2.1085175e-01   0.0000000e+00   3.8125461e-08
   2.5800000e+02   3.9019520e+01   3.9686710e+00  -2.1148097e-01   0.0000000e+00   3.7792337e-08
   2.5900000e+02   3.8872880e+01   3.9682900e+00  -2.1210705e-01   0.0000000e+00   3.7456599e-08
   2.6000000e+02   3.8727370e+01   3.9679090e+00  -2.1272985e-01   0.0000000e+00   3.7118294e-08
   2.6100000e+02   3.8582990e+01   3.9675270e+00  -2.1334940e-01   0.0000000e+00   3.6777492e-08
   2.6200000e+02   3.8439700e+01   3.9671460e+00  -2.1396559e-01   0.0000000e+00   3.6434207e-08
   2.6300000e+02   3.8297520e+01   3.9667630e+00  -2.1457859e-01   0.0000000e+00   3.6088517e-08
   2.6400000e+02   3.8156410e+01   3.9663800e+00  -2.1518823e-01   0.0000000e+00   3.5740460e-08
   2.6500000e+02   3.8016370e+01   3.9659960e+00  -2.1579460e-01   0.0000000e+00   3.5390119e-08
   2.6600000e+02   3.7877390e+01   3.9656120e+00  -2.1639757e-01   0.0000000e+00   3.5037476e-08
   2.6700000e+02   3.7739460e+01   3.9652270e+00  -2.1699719e-01   0.0000000e+00   3.4682666e-08
   2.6800000e+02   3.7602560e+01   3.9648410e+00  -2.1759347e-01   0.0000000e+00   3.4325627e-08
   2.6900000e+02   3.7466680e+01   3.9644550e+00  -2.1818633e-01   0.0000000e+00   3.3966541e-08
   2.7000000e+02   3.7331820e+01   3.9640680e+00  -2.1877576e-01   0.0000000e+00   3.3605350e-08
   2.7100000e+02   3.7197950e+01   3.9636800e+00  -2.1936184e-01   0.0000000e+00   3.3242129e-08
   2.7200000e+02   3.7065080e+01   3.9632910e+00  -2.1994449e-01   0.0000000e+00   3.2876961e-08
   2.7300000e+02   3.6933190e+01   3.9629020e+00  -2.2052361e-01   0.0000000e+00   3.2509862e-08
   2.7400000e+02   3.6802270e+01   3.9625120e+00  -2.2109931e-01   0.0000000e+00   3.2140883e-08
   2.7500000e+02   3.6672300e+01   3.9621200e+00  -2.2167165e-01   0.0000000e+00   3.1770100e-08
   2.7600000e+02   3.6543290e+01   3.9617280e+00  -2.2224040e-01   0.0000000e+00   3.1397477e-08
   2.7700000e+02   3.6415210e+01   3.9613360e+00  -2.2280559e-01   0.0000000e+00   3.1023178e-08
   2.7800000e+02   3.6288070e+01   3.9609420e+00  -2.2336734e-01   0.0000000e+00   3.0647175e-08
   2.7900000e+02   3.6161840e+01   3.9605470e+00  -2.2392560e-01   0.0000000e+00   3.0269531e-08
   2.8000000e+02   3.6036520e+01   3.9601510e+00  -2.2448036e-01   0.0000000e+00   2.9890281e-08
   2.8100000e+02   3.5912100e+01   3.9597540e+00  -2.2503155e-01   0.0000000e+00   2.9509516e-08
   2.8200000e+02   3.5788580e+01   3.9593560e+00  -2.2557915e-01   0.0000000e+00   2.9127224e-08
   2.8300000e+02   3.5665930e+01   3.9589580e+00  -2.2612317e-01   0.0000000e+00   2.8743468e-08
   2.8400000e+02   3.5544160e+01   3.9585580e+00  -2.2666366e-01   0.0000000e+00   2.8358329e-08
   2.8500000e+02   3.5423250e+01   3.9581570e+00  -2.2720059e-01   0.0000000e+00   2.7971800e-08
   2.8600000e+02   3.5303190e+01   3.9577550e+00  -2.2773390e-01   0.0000000e+00   2.7583983e-08
   2.8700000e+02   3.5183980e+01   3.9573510e+00  -2.2826370e-01   0.0000000e+00   2.7194859e-08
   2.8800000e+02   3.5065610e+01   3.9569470e+00  -2.2878977e-01   0.0000000e+00   2.6804537e-08
   2.8900000e+02   3.4948070e+01   3.9565410e+00  -2.2931233e-01   0.0000000e+00   2.6413026e-08
   2.9000000e+02   3.4831350e+01   3.9561350e+00  -2.2983112e-01   0.0000000e+00   2.6020339e-08
   2.9100000e+02   3.4715440e+01   3.9557270e+00  -2.3034640e-01   0.0000000e+00   2.5626578e-08
   2.9200000e+02   3.4600330e+01   3.9553180e+00  -2.3085802e-01   0.0000000e+00   2.5231757e-08
   2.9300000e+02   3.4486020e+01   3.9549070e+00  -2.3136604e-01   0.0000000e+00   2.4835946e-08
   2.9400000e+02   3.4372500e+01   3.9544960e+00  -2.3187030e-01   0.0000000e+00   2.4439154e-08
   2.9500000e+02   3.4259750e+01   3.9540830e+00  -2.3237103e-01   0.0000000e+00   2.4041439e-08
   2.9600000e+02   3.4147780e+01   3.9536690e+00  -2.3286802e-01   0.0000000e+00   2.3642840e-08
   2.9700000e+02   3.4036580e+01   3.9532530e+00  -2.3336143e-01   0.0000000e+00   2.3243412e-08
   2.9800000e+02   3.3926130e+01   3.9528370e+00  -2.3385106e-01   0.0000000e+00   2.2843175e-08
   2.9900000e+02   3.3816430e+01   3.9524190e+00  -2.3433707e-01   0.0000000e+00   2.2442184e-08
   3.0000000e+02   3.3707470e+01   3.9519990e+00  -2.3481945e-01   0.0000000e+00   2.2040473e-08
   3.0100000e+02   3.3599250e+01   3.9515780e+00  -2.3529810e-01   0.0000000e+00   2.1638124e-08
   3.0200000e+02   3.3491750e+01   3.9511560e+00  -2.3577309e-01   0.0000000e+00   2.1235117e-08
   3.0300000e+02   3.3384980e+01   3.9507330e+00  -2.3624430e-01   0.0000000e+00   2.0831514e-08
   3.0400000e+02   3.3278920e+01   3.9503080e+00  -2.3671189e-01   0.0000000e+00   2.0427370e-08
   3.0500000e+02   3.3173570e+01   3.9498810e+00  -2.3717582e-01   0.0000000e+00   2.0022722e-08
   3.0600000e+02   3.3068920e+01   3.9494540e+00  -2.3763594e-01   0.0000000e+00   1.9617604e-08
   3.0700000e+02   3.2964960e+01   3.9490240e+00  -2.3809248e-01   0.0000000e+00   1.9212060e-08
   3.0800000e+02   3.2861690e+01   3.9485940e+00  -2.3854522e-01   0.0000000e+00   1.8806124e-08
   3.0900000e+02   3.2759100e+01   3.9481610e+00  -2.3899439e-01   0.0000000e+00   1.8399846e-08
   3.1000000e+02   3.2657180e+01   3.9477280e+00  -2.3943971e-01   0.0000000e+00   1.7993243e-08
   3.1100000e+02   3.2555930e+01   3.9472930e+00  -2.3988138e-01   0.0000000e+00   1.7586372e-08
   3.1200000e+02   3.2455340e+01   3.9468560e+00  -2.4031940e-01   0.0000000e+00   1.7179271e-08
   3.1300000e+02   3.2355410e+01   3.9464180e+00  -2.4075364e-01   0.0000000e+00   1.6771969e-08
   3.1400000e+02   3.2256120e+01   3.9459780e+00  -2.4118422e-01   0.0000000e+00   1.6364511e-08
   3.1500000e+02   3.2157480e+01   3.9455370e+00  -2.4161106e-01   0.0000000e+00   1.5956938e-08
   3.1600000e+02   3.2059480e+01   3.9450940e+00  -2.4203420e-01   0.0000000e+00   1.5549276e-08
   3.1700000e+02   3.1962100e+01   3.9446490e+00  -2.4245375e-01   0.0000000e+00   1.5141576e-08
   3.1800000e+02   3.1865360e+01   3.9442030e+00  -2.4286949e-01   0.0000000e+00   1.4733867e-08
   3.1900000e+02   3.1769230e+01   3.9437550e+00  -2.4328157e-01   0.0000000e+00   1.4326176e-08
   3.2000000e+02   3.1673710e+01   3.9433060e+00  -2.4368990e-01   0.0000000e+00   1.3918566e-08
   3.2100000e+02   3.1578800e+01   3.9428550e+00  -2.4409460e-01   0.0000000e+00   1.3511034e-08
   3.2200000e+02   3.1484500e+01   3.9424030e+00  -2.4449550e-01   0.0000000e+00   1.3103655e-08
   3.2300000e+02   3.1390790e+01   3.9419490e+00  -2.4489277e-01   0.0000000e+00   1.2696433e-08
   3.2400000e+02   3.1297670e+01   3.9414930e+00  -2.4528643e-01   0.0000000e+00   1.2289424e-08
   3.2500000e+02   3.1205140e+01   3.9410350e+00  -2.4567638e-01   0.0000000e+00   1.1882662e-08
   3.2600000e+02   3.1113190e+01   3.9405760e+00  -2.4606259e-01   0.0000000e+00   1.1476179e-08
   3.2700000e+02   3.1021820e+01   3.9401150e+00  -2.4644515e-01   0.0000000e+00   1.1070000e-08
   3.2800000e+02   3.0931010e+01   3.9396530e+00  -2.4682401e-01   0.0000000e+00   1.0664166e-08
   3.2900000e+02   3.0840770e+01   3.9391890e+00  -2.4719923e-01   0.0000000e+00   1.0258705e-08
   3.3000000e+02   3.0751100e+01   3.9387230e+00  -2.4757078e-01   0.0000000e+00   9.8536517e-09
   3.3100000e+02   3.0661970e+01   3.9382550e+00  -2.4793872e-01   0.0000000e+00   9.4490654e-09
   3.3200000e+02   3.0573400e+01   3.9377850e+00  -2.4830301e-01   0.0000000e+00   9.0449554e-09
   3.3300000e+02   3.0485380e+01   3.9373140e+00  -2.4866356e-01   0.0000000e+00   8.6413386e-09
   3.3400000e+02   3.0397890e+01   3.9368410e+00  -2.4902055e-01   0.0000000e+00   8.2382640e-09
   3.3500000e+02   3.0310940e+01   3.9363670e+00  -2.4937382e-01   0.0000000e+00   7.8357869e-09
   3.3600000e+02   3.0224520e+01   3.9358900e+00  -2.4972358e-01   0.0000000e+00   7.4338927e-09
   3.3700000e+02   3.0138630e+01   3.9354120e+00  -2.5006963e-01   0.0000000e+00   7.0326557e-09
   3.3800000e+02   3.0053260e+01   3.9349320e+00  -2.5041206e-01   0.0000000e+00   6.6320832e-09
   3.3900000e+02   2.9968410e+01   3.9344500e+00  -2.5075093e-01   0.0000000e+00   6.2322225e-09
   3.4000000e+02   2.9884070e+01   3.9339660e+00  -2.5108620e-01   0.0000000e+00   5.8330743e-09
   3.4100000e+02   2.9800240e+01   3.9334810e+00  -2.5141781e-01   0.0000000e+00   5.4347098e-09
   3.4200000e+02   2.9716910e+01   3.9329930e+00  -2.5174598e-01   0.0000000e+00   5.0371003e-09
   3.4300000e+02   2.9634090e+01   3.9325040e+00  -2.5207039e-01   0.0000000e+00   4.6403664e-09
   3.4400000e+02   2.9551760e+01   3.9320130e+00  -2.5239132e-01   0.0000000e+00   4.2444364e-09
   3.4500000e+02   2.9469920e+01   3.9315200e+00  -2.5270868e-01   0.0000000e+00   3.8494336e-09
   3.4600000e+02   2.9388570e+01   3.9310250e+00  -2.5302249e-01   0.0000000e+00   3.4553052e-09
   3.4700000e+02   2.9307700e+01   3.9305290e+00  -2.5333272e-01   0.0000000e+00   3.0621449e-09
   3.4800000e+02   2.9227310e+01   3.9300300e+00  -2.5363950e-01   0.0000000e+00   2.6699282e-09
   3.4900000e+02   2.9147390e+01   3.9295300e+00  -2.5394267e-01   0.0000000e+00   2.2787180e-09
   3.5000000e+02   2.9067950e+01   3.9290280e+00  -2.5424232e-01   0.0000000e+00   1.8885348e-09
   3.5100000e+02   2.8988970e+01   3.9285230e+00  -2.5453857e-01   0.0000000e+00   1.4994160e-09
   3.5200000e+02   2.8910460e+01   3.9280170e+00  -2.5483124e-01   0.0000000e+00   1.1113517e-09
   3.5300000e+02   2.8832400e+01   3.9275090e+00  -2.5512043e-01   0.0000000e+00   7.2441275e-10
   3.5400000e+02   2.8754800e+01   3.9269990e+00  -2.5540616e-01   0.0000000e+00   3.3861540e-10
   3.5500000e+02   2.8677660e+01   3.9264870e+00  -2.5568843e-01   0.0000000e+00  -4.6045156e-11
   3.5600000e+02   2.8600960e+01   3.9259740e+00  -2.5596715e-01   0.0000000e+00  -4.2949947e-10
   3.5700000e+02   2.8524700e+01   3.9254580e+00  -2.5624252e-01   0.0000000e+00  -8.1174563e-10
   3.5800000e+02   2.8448890e+01   3.9249400e+00  -2.5651446e-01   0.0000000e+00  -1.1927459e-09
   3.5900000e+02   2.8373510e+01   3.9244200e+00  -2.5678300e-01   0.0000000e+00  -1.5724944e-09
   3.6000000e+02   2.8298570e+01   3.9238990e+00  -2.5704800e-01   0.0000000e+00  -1.9509286e-09
   3.6100000e+02   2.8224050e+01   3.9233750e+00  -2.5730974e-01   0.0000000e+00  -2.3280620e-09
   3.6200000e+02   2.8149960e+01   3.9228490e+00  -2.5756807e-01   0.0000000e+00  -2.7038483e-09
   3.6300000e+02   2.8076300e+01   3.9223220e+00  -2.5782294e-01   0.0000000e+00  -3.0782690e-09
   3.6400000e+02   2.8003050e+01   3.9217920e+00  -2.5807456e-01   0.0000000e+00  -3.4513008e-09
   3.6500000e+02   2.7930220e+01   3.9212600e+00  -2.5832279e-01   0.0000000e+00  -3.8229203e-09
   3.6600000e+02   2.7857810e+01   3.9207270e+00  -2.5856761e-01   0.0000000e+00  -4.1931292e-09
   3.6700000e+02   2.7785800e+01   3.9201910e+00  -2.5880919e-01   0.0000000e+00  -4.5618483e-09
   3.6800000e+02   2.7714200e+01   3.9196530e+00  -2.5904748e-01   0.0000000e+00  -4.9290808e-09
   3.6900000e+02   2.7643000e+01   3.9191140e+00  -2.5928234e-01   0.0000000e+00  -5.2948047e-09
   3.7000000e+02   2.7572200e+01   3.9185720e+00  -2.5951406e-01   0.0000000e+00  -5.6590034e-09
   3.7100000e+02   2.7501800e+01   3.9180280e+00  -2.5974247e-01   0.0000000e+00  -6.0216501e-09
   3.7200000e+02   2.7431790e+01   3.9174820e+00  -2.5996762e-01   0.0000000e+00  -6.3827365e-09
   3.7300000e+02   2.7362170e+01   3.9169340e+00  -2.6018952e-01   0.0000000e+00  -6.7422017e-09
   3.7400000e+02   2.7292940e+01   3.9163840e+00  -2.6040820e-01   0.0000000e+00  -7.1000665e-09
   3.7500000e+02   2.7224090e+01   3.9158320e+00  -2.6062365e-01   0.0000000e+00  -7.4562757e-09
   3.7600000e+02   2.7155630e+01   3.9152780e+00  -2.6083586e-01   0.0000000e+00  -7.8108506e-09
   3.7700000e+02   2.7087540e+01   3.9147220e+00  -2.6104492e-01   0.0000000e+00  -8.1637126e-09
   3.7800000e+02   2.7019830e+01   3.9141640e+00  -2.6125078e-01   0.0000000e+00  -8.5148792e-09
   3.7900000e+02   2.6952490e+01   3.9136030e+00  -2.6145358e-01   0.0000000e+00  -8.8643308e-09
   3.8000000e+02   2.6885520e+01   3.9130410e+00  -2.6165310e-01   0.0000000e+00  -9.2120280e-09
   3.8100000e+02   2.6818920e+01   3.9124760e+00  -2.6184960e-01   0.0000000e+00  -9.5579840e-09
   3.8200000e+02   2.6752680e+01   3.9119100e+00  -2.6204290e-01   0.0000000e+00  -9.9021284e-09
   3.8300000e+02   2.6686800e+01   3.9113410e+00  -2.6223318e-01   0.0000000e+00  -1.0244484e-08
   3.8400000e+02   2.6621280e+01   3.9107700e+00  -2.6242037e-01   0.0000000e+00  -1.0585002e-08
   3.8500000e+02   2.6556110e+01   3.9101970e+00  -2.6260448e-01   0.0000000e+00  -1.0923704e-08
   3.8600000e+02   2.6491300e+01   3.9096220e+00  -2.6278550e-01   0.0000000e+00  -1.1260527e-08
   3.8700000e+02   2.6426840e+01   3.9090440e+00  -2.6296358e-01   0.0000000e+00  -1.1595485e-08
   3.8800000e+02   2.6362720e+01   3.9084650e+00  -2.6313859e-01   0.0000000e+00  -1.1928541e-08
   3.8900000e+02   2.6298950e+01   3.9078830e+00  -2.6331062e-01   0.0000000e+00  -1.2259682e-08
   3.9000000e+02   2.6235520e+01   3.9073000e+00  -2.6347957e-01   0.0000000e+00  -1.2588886e-08
   3.9100000e+02   2.6172430e+01   3.9067140e+00  -2.6364564e-01   0.0000000e+00  -1.2916131e-08
   3.9200000e+02   2.6109680e+01   3.9061260e+00  -2.6380873e-01   0.0000000e+00  -1.3241419e-08
   3.9300000e+02   2.6047270e+01   3.9055360e+00  -2.6396886e-01   0.0000000e+00  -1.3564733e-08
   3.9400000e+02   2.5985180e+01   3.9049430e+00  -2.6412617e-01   0.0000000e+00  -1.3886063e-08
   3.9500000e+02   2.5923430e+01   3.9043490e+00  -2.6428045e-01   0.0000000e+00  -1.4205343e-08
   3.9600000e+02   2.5862000e+01   3.9037520e+00  -2.6443194e-01   0.0000000e+00  -1.4522595e-08
   3.9700000e+02   2.5800890e+01   3.9031530e+00  -2.6458056e-01   0.0000000e+00  -1.4837803e-08
   3.9800000e+02   2.5740110e+01   3.9025520e+00  -2.6472631e-01   0.0000000e+00  -1.5150934e-08
   3.9900000e+02   2.5679650e+01   3.9019490e+00  -2.6486916e-01   0.0000000e+00  -1.5461993e-08
   4.0000000e+02   2.5619510e+01   3.9013430e+00  -2.6500929e-01   0.0000000e+00  -1.5770974e-08
   4.0100000e+02   2.5559680e+01   3.9007350e+00  -2.6514657e-01   0.0000000e+00  -1.6077814e-08
   4.0200000e+02   2.5500170e+01   3.9001260e+00  -2.6528097e-01   0.0000000e+00  -1.6382543e-08
   4.0300000e+02   2.5440960e+01   3.8995130e+00  -2.6541280e-01   0.0000000e+00  -1.6685110e-08
   4.0400000e+02   2.5382060e+01   3.8988990e+00  -2.6554182e-01   0.0000000e+00  -1.6985563e-08
   4.0500000e+02   2.5323470e+01   3.8982830e+00  -2.6566800e-01   0.0000000e+00  -1.7283781e-08
   4.0600000e+02   2.5265190e+01   3.8976640e+00  -2.6579158e-01   0.0000000e+00  -1.7579878e-08
   4.0700000e+02   2.5207200e+01   3.8970430e+00  -2.6591243e-01   0.0000000e+00  -1.7873741e-08
   4.0800000e+02   2.5149520e+01   3.8964200e+00  -2.6603056e-01   0.0000000e+00  -1.8165418e-08
   4.0900000e+02   2.5092130e+01   3.8957940e+00  -2.6614616e-01   0.0000000e+00  -1.8454877e-08
   4.1000000e+02   2.5035040e+01   3.8951670e+00  -2.6625899e-01   0.0000000e+00  -1.8742085e-08
   4.1100000e+02   2.4978240e+01   3.8945370e+00  -2.6636925e-01   0.0000000e+00  -1.9027026e-08
   4.1200000e+02   2.4921730e+01   3.8939040e+00  -2.6647703e-01   0.0000000e+00  -1.9309727e-08
   4.1300000e+02   2.4865510e+01   3.8932700e+00  -2.6658205e-01   0.0000000e+00  -1.9590145e-08
   4.1400000e+02   2.4809580e+01   3.8926330e+00  -2.6668460e-01   0.0000000e+00  -1.9868306e-08
   4.1500000e+02   2.4753930e+01   3.8919940e+00  -2.6678460e-01   0.0000000e+00  -2.0144117e-08
   4.1600000e+02   2.4698570e+01   3.8913530e+00  -2.6688200e-01   0.0000000e+00  -2.0417663e-08
   4.1700000e+02   2.4643490e+01   3.8907100e+00  -2.6697683e-01   0.0000000e+00  -2.0688839e-08
   4.1800000e+02   2.4588680e+01   3.8900640e+00  -2.6706933e-01   0.0000000e+00  -2.0957700e-08
   4.1900000e+02   2.4534150e+01   3.8894160e+00  -2.6715935e-01   0.0000000e+00  -2.1224252e-08
   4.2000000e+02   2.4479900e+01   3.8887660e+00  -2.6724678e-01   0.0000000e+00  -2.1488405e-08
   4.2100000e+02   2.4425920e+01   3.8881130e+00  -2.6733194e-01   0.0000000e+00  -2.1750203e-08
   4.2200000e+02   2.4372210e+01   3.8874590e+00  -2.6741454e-01   0.0000000e+00  -2.2009653e-08
   4.2300000e+02   2.4318780e+01   3.8868020e+00  -2.6749475e-01   0.0000000e+00  -2.2266675e-08
   4.2400000e+02   2.4265600e+01   3.8861420e+00  -2.6757273e-01   0.0000000e+00  -2.2521348e-08
   4.2500000e+02   2.4212700e+01   3.8854800e+00  -2.6764825e-01   0.0000000e+00  -2.2773569e-08
   4.2600000e+02   2.4160060e+01   3.8848170e+00  -2.6772135e-01   0.0000000e+00  -2.3023398e-08
   4.2700000e+02   2.4107670e+01   3.8841500e+00  -2.6779233e-01   0.0000000e+00  -2.3270812e-08
   4.2800000e+02   2.4055550e+01   3.8834820e+00  -2.6786087e-01   0.0000000e+00  -2.3515792e-08
   4.2900000e+02   2.4003690e+01   3.8828110e+00  -2.6792717e-01   0.0000000e+00  -2.3758307e-08
   4.3000000e+02   2.3952090e+01   3.8821380e+00  -2.6799116e-01   0.0000000e+00  -2.3998391e-08
   4.3100000e+02   2.3900740e+01   3.8814620e+00  -2.6805299e-01   0.0000000e+00  -2.4236022e-08
   4.3200000e+02   2.3849640e+01   3.8807850e+00  -2.6811246e-01   0.0000000e+00  -2.4471160e-08
   4.3300000e+02   2.3798790e+01   3.8801050e+00  -2.6816984e-01   0.0000000e+00  -2.4703847e-08
   4.3400000e+02   2.3748200e+01   3.8794220e+00  -2.6822505e-01   0.0000000e+00  -2.4934019e-08
   4.3500000e+02   2.3697850e+01   3.8787380e+00  -2.6827800e-01   0.0000000e+00  -2.5161720e-08
   4.3600000e+02   2.3647750e+01   3.8780510e+00  -2.6832884e-01   0.0000000e+00  -2.5386920e-08
   4.3700000e+02   2.3597890e+01   3.8773610e+00  -2.6837769e-01   0.0000000e+00  -2.5609624e-08
   4.3800000e+02   2.3548270e+01   3.8766700e+00  -2.6842426e-01   0.0000000e+00  -2.5829811e-08
   4.3900000e+02   2.3498900e+01   3.8759760e+00  -2.6846877e-01   0.0000000e+00  -2.6047475e-08
   4.4000000e+02   2.3449770e+01   3.8752790e+00  -2.6851126e-01   0.0000000e+00  -2.6262641e-08
   4.4100000e+02   2.3400870e+01   3.8745810e+00  -2.6855164e-01   0.0000000e+00  -2.6475234e-08
   4.4200000e+02   2.3352210e+01   3.8738800e+00  -2.6859007e-01   0.0000000e+00  -2.6685337e-08
   4.4300000e+02   2.3303790e+01   3.8731770e+00  -2.6862636e-01   0.0000000e+00  -2.6892846e-08
   4.4400000e+02   2.3255600e+01   3.8724710e+00  -2.6866083e-01   0.0000000e+00  -2.7097828e-08
   4.4500000e+02   2.3207640e+01   3.8717630e+00  -2.6869322e-01   0.0000000e+00  -2.7300269e-08
   4.4600000e+02   2.3159910e+01   3.8710530e+00  -2.6872366e-01   0.0000000e+00  -2.7500110e-08
   4.4700000e+02   2.3112410e+01   3.8703400e+00  -2.6875224e-01   0.0000000e+00  -2.7697427e-08
   4.4800000e+02   2.3065140e+01   3.8696250e+00  -2.6877885e-01   0.0000000e+00  -2.7892153e-08
   4.4900000e+02   2.3018090e+01   3.8689080e+00  -2.6880358e-01   0.0000000e+00  -2.8084325e-08
   4.5000000e+02   2.2971270e+01   3.8681890e+00  -2.6882635e-01   0.0000000e+00  -2.8273884e-08
   4.5100000e+02   2.2924670e+01   3.8674670e+00  -2.6884736e-01   0.0000000e+00  -2.8460903e-08
   4.5200000e+02   2.2878300e+01   3.8667420e+00  -2.6886657e-01   0.0000000e+00  -2.8645288e-08
   4.5300000e+02   2.2832140e+01   3.8660160e+00  -2.6888381e-01   0.0000000e+00  -2.8827102e-08
   4.5400000e+02   2.2786200e+01   3.8652870e+00  -2.6889940e-01   0.0000000e+00  -2.9006342e-08
   4.5500000e+02   2.2740480e+01   3.8645550e+00  -2.6891320e-01   0.0000000e+00  -2.9182954e-08
   4.5600000e+02   2.2694970e+01   3.8638220e+00  -2.6892517e-01   0.0000000e+00  -2.9356957e-08
   4.5700000e+02   2.2649680e+01   3.8630860e+00  -2.6893542e-01   0.0000000e+00  -2.9528361e-08
   4.5800000e+02   2.2604600e+01   3.8623470e+00  -2.6894407e-01   0.0000000e+00  -2.9697175e-08
   4.5900000e+02   2.2559730e+01   3.8616070e+00  -2.6895082e-01   0.0000000e+00  -2.9863362e-08
   4.6000000e+02   2.2515070e+01   3.8608630e+00  -2.6895610e-01   0.0000000e+00  -3.0026958e-08
   4.6100000e+02   2.2470630e+01   3.8601180e+00  -2.6895956e-01   0.0000000e+00  -3.0187893e-08
   4.6200000e+02   2.2426390e+01   3.8593700e+00  -2.6896142e-01   0.0000000e+00  -3.0346255e-08
   4.6300000e+02   2.2382350e+01   3.8586200e+00  -2.6896167e-01   0.0000000e+00  -3.0501946e-08
   4.6400000e+02   2.2338520e+01   3.8578680e+00  -2.6896025e-01   0.0000000e+00  -3.0655043e-08
   4.6500000e+02   2.2294900e+01   3.8571130e+00  -2.6895733e-01   0.0000000e+00  -3.0805543e-08
   4.6600000e+02   2.2251470e+01   3.8563560e+00  -2.6895283e-01   0.0000000e+00  -3.0953392e-08
   4.6700000e+02   2.2208250e+01   3.8555960e+00  -2.6894681e-01   0.0000000e+00  -3.1098581e-08
   4.6800000e+02   2.2165230e+01   3.8548340e+00  -2.6893922e-01   0.0000000e+00  -3.1241192e-08
   4.6900000e+02   2.2122400e+01   3.8540700e+00  -2.6893010e-01   0.0000000e+00  -3.1381125e-08
   4.7000000e+02   2.2079780e+01   3.8533030e+00  -2.6891956e-01   0.0000000e+00  -3.1518470e-08
   4.7100000e+02   2.2037350e+01   3.8525340e+00  -2.6890748e-01   0.0000000e+00  -3.1653171e-08
   4.7200000e+02   2.1995110e+01   3.8517630e+00  -2.6889397e-01   0.0000000e+00  -3.1785254e-08
   4.7300000e+02   2.1953070e+01   3.8509890e+00  -2.6887904e-01   0.0000000e+00  -3.1914697e-08
   4.7400000e+02   2.1911220e+01   3.8502130e+00  -2.6886267e-01   0.0000000e+00  -3.2041511e-08
   4.7500000e+02   2.1869560e+01   3.8494350e+00  -2.6884491e-01   0.0000000e+00  -3.2165659e-08
   4.7600000e+02   2.1828090e+01   3.8486540e+00  -2.6882577e-01   0.0000000e+00  -3.2287230e-08
   4.7700000e+02   2.1786810e+01   3.8478710e+00  -2.6880531e-01   0.0000000e+00  -3.2406164e-08
   4.7800000e+02   2.1745720e+01   3.8470850e+00  -2.6878347e-01   0.0000000e+00  -3.2522469e-08
   4.7900000e+02   2.1704810e+01   3.8462980e+00  -2.6876031e-01   0.0000000e+00  -3.2636114e-08
   4.8000000e+02   2.1664090e+01   3.8455070e+00  -2.6873593e-01   0.0000000e+00  -3.2747136e-08
   4.8100000e+02   2.1623550e+01   3.8447150e+00  -2.6871017e-01   0.0000000e+00  -3.2855533e-08
   4.8200000e+02   2.1583200e+01   3.8439200e+00  -2.6868312e-01   0.0000000e+00  -3.2961339e-08
   4.8300000e+02   2.1543030e+01   3.8431230e+00  -2.6865487e-01   0.0000000e+00  -3.3064473e-08
   4.8400000e+02   2.1503040e+01   3.8423230e+00  -2.6862538e-01   0.0000000e+00  -3.3165008e-08
   4.8500000e+02   2.1463230e+01   3.8415210e+00  -2.6859467e-01   0.0000000e+00  -3.3262920e-08
   4.8600000e+02   2.1423590e+01   3.8407170e+00  -2.6856279e-01   0.0000000e+00  -3.3358209e-08
   4.8700000e+02   2.1384140e+01   3.8399100e+00  -2.6852976e-01   0.0000000e+00  -3.3450885e-08
   4.8800000e+02   2.1344860e+01   3.8391010e+00  -2.6849553e-01   0.0000000e+00  -3.3540984e-08
   4.8900000e+02   2.1305760e+01   3.8382900e+00  -2.6846009e-01   0.0000000e+00  -3.3628453e-08
   4.9000000e+02   2.1266830e+01   3.8374760e+00  -2.6842361e-01   0.0000000e+00  -3.3713299e-08
   4.9100000e+02   2.1228080e+01   3.8366600e+00  -2.6838598e-01   0.0000000e+00  -3.3795525e-08
   4.9200000e+02   2.1189490e+01   3.8358420e+00  -2.6834730e-01   0.0000000e+00  -3.3875151e-08
   4.9300000e+02   2.1151080e+01   3.8350210e+00  -2.6830754e-01   0.0000000e+00  -3.3952213e-08
   4.9400000e+02   2.1112840e+01   3.8341980e+00  -2.6826670e-01   0.0000000e+00  -3.4026639e-08
   4.9500000e+02   2.1074770e+01   3.8333730e+00  -2.6822474e-01   0.0000000e+00  -3.4098530e-08
   4.9600000e+02   2.1036860e+01   3.8325450e+00  -2.6818191e-01   0.0000000e+00  -3.4167795e-08
   4.9700000e+02   2.0999120e+01   3.8317150e+00  -2.6813803e-01   0.0000000e+00  -3.4234473e-08
   4.9800000e+02   2.0961550e+01   3.8308830e+00  -2.6809311e-01   0.0000000e+00  -3.4298564e-08
   4.9900000e+02   2.0924150e+01   3.8300480e+00  -2.6804728e-01   0.0000000e+00  -3.4360088e-08
   5.0000000e+02   2.0886910e+01   3.8292110e+00  -2.6800046e-01   0.0000000e+00  -3.4419022e-08
   5.0100000e+02   2.0849830e+01   3.8283710e+00  -2.6795276e-01   0.0000000e+00  -3.4475441e-08
   5.0200000e+02   2.0812910e+01   3.8275300e+00  -2.6790407e-01   0.0000000e+00  -3.4529266e-08
   5.0300000e+02   2.0776160e+01   3.8266860e+00  -2.6785447e-01   0.0000000e+00  -3.4580517e-08
   5.0400000e+02   2.0739560e+01   3.8258390e+00  -2.6780410e-01   0.0000000e+00  -3.4629207e-08
   5.0500000e+02   2.0703130e+01   3.8249910e+00  -2.6775269e-01   0.0000000e+00  -3.4675358e-08
   5.0600000e+02   2.0666850e+01   3.8241400e+00  -2.6770052e-01   0.0000000e+00  -3.4718998e-08
   5.0700000e+02   2.0630730e+01   3.8232870e+00  -2.6764753e-01   0.0000000e+00  -3.4760061e-08
   5.0800000e+02   2.0594770e+01   3.8224310e+00  -2.6759367e-01   0.0000000e+00  -3.4798574e-08
   5.0900000e+02   2.0558960e+01   3.8215730e+00  -2.6753905e-01   0.0000000e+00  -3.4834621e-08
   5.1000000e+02   2.0523310e+01   3.8207130e+00  -2.6748356e-01   0.0000000e+00  -3.4868104e-08
   5.1100000e+02   2.0487810e+01   3.8198500e+00  -2.6742740e-01   0.0000000e+00  -3.4899094e-08
   5.1200000e+02   2.0452460e+01   3.8189860e+00  -2.6737036e-01   0.0000000e+00  -3.4927562e-08
   5.1300000e+02   2.0417270e+01   3.8181180e+00  -2.6731270e-01   0.0000000e+00  -3.4953505e-08
   5.1400000e+02   2.0382230e+01   3.8172490e+00  -2.6725420e-01   0.0000000e+00  -3.4976992e-08
   5.1500000e+02   2.0347330e+01   3.8163770e+00  -2.6719511e-01   0.0000000e+00  -3.4997946e-08
   5.1600000e+02   2.0312590e+01   3.8155030e+00  -2.6713522e-01   0.0000000e+00  -3.5016460e-08
   5.1700000e+02   2.0278000e+01   3.8146270e+00  -2.6707462e-01   0.0000000e+00  -3.5032438e-08
   5.1800000e+02   2.0243550e+01   3.8137490e+00  -2.6701333e-01   0.0000000e+00  -3.5045996e-08
   5.1900000e+02   2.0209250e+01   3.8128680e+00  -2.6695150e-01   0.0000000e+00  -3.5057088e-08
   5.2000000e+02   2.0175090e+01   3.8119850e+00  -2.6688901e-01   0.0000000e+00  -3.5065706e-08
   5.2100000e+02   2.0141090e+01   3.8110990e+00  -2.6682589e-01   0.0000000e+00  -3.5071883e-08
   5.2200000e+02   2.0107220e+01   3.8102120e+00  -2.6676203e-01   0.0000000e+00  -3.5075586e-08
   5.2300000e+02   2.0073500e+01   3.8093220e+00  -2.6669773e-01   0.0000000e+00  -3.5076900e-08
   5.2400000e+02   2.0039920e+01   3.8084300e+00  -2.6663278e-01   0.0000000e+00  -3.5075771e-08
   5.2500000e+02   2.0006490e+01   3.8075350e+00  -2.6656727e-01   0.0000000e+00  -3.5072215e-08
   5.2600000e+02   1.9973190e+01   3.8066390e+00  -2.6650116e-01   0.0000000e+00  -3.5066270e-08
   5.2700000e+02   1.9940040e+01   3.8057400e+00  -2.6643454e-01   0.0000000e+00  -3.5057902e-08
   5.2800000e+02   1.9907020e+01   3.8048390e+00  -2.6636738e-01   0.0000000e+00  -3.5047121e-08
   5.2900000e+02   1.9874140e+01   3.8039350e+00  -2.6629980e-01   0.0000000e+00  -3.5033986e-08
   5.3000000e+02   1.9841400e+01   3.8030300e+00  -2.6623159e-01   0.0000000e+00  -3.5018441e-08
   5.3100000e+02   1.9808800e+01   3.8021220e+00  -2.6616293e-01   0.0000000e+00  -3.5000558e-08
   5.3200000e+02   1.9776330e+01   3.8012120e+00  -2.6609380e-01   0.0000000e+00  -3.4980289e-08
   5.3300000e+02   1.9744000e+01   3.8002990e+00  -2.6602430e-01   0.0000000e+00  -3.4957692e-08
   5.3400000e+02   1.9711810e+01   3.7993850e+00  -2.6595421e-01   0.0000000e+00  -3.4932713e-08
   5.3500000e+02   1.9679750e+01   3.7984680e+00  -2.6588376e-01   0.0000000e+00  -3.4905431e-08
   5.3600000e+02   1.9647820e+01   3.7975490e+00  -2.6581290e-01   0.0000000e+00  -3.4875849e-08
   5.3700000e+02   1.9616020e+01   3.7966280e+00  -2.6574154e-01   0.0000000e+00  -3.4843913e-08
   5.3800000e+02   1.9584360e+01   3.7957050e+00  -2.6566979e-01   0.0000000e+00  -3.4809689e-08
   5.3900000e+02   1.9552830e+01   3.7947790e+00  -2.6559774e-01   0.0000000e+00  -3.4773140e-08
   5.4000000e+02   1.9521420e+01   3.7938510e+00  -2.6552534e-01   0.0000000e+00  -3.4734323e-08
   5.4100000e+02   1.9490150e+01   3.7929210e+00  -2.6545247e-01   0.0000000e+00  -3.4693185e-08
   5.4200000e+02   1.9459010e+01   3.7919890e+00  -2.6537925e-01   0.0000000e+00  -3.4649801e-08
   5.4300000e+02   1.9427990e+01   3.7910550e+00  -2.6530572e-01   0.0000000e+00  -3.4604170e-08
   5.4400000e+02   1.9397100e+01   3.7901190e+00  -2.6523184e-01   0.0000000e+00  -3.4556305e-08
   5.4500000e+02   1.9366340e+01   3.7891800e+00  -2.6515766e-01   0.0000000e+00  -3.4506177e-08
   5.4600000e+02   1.9335700e+01   3.7882390e+00  -2.6508326e-01   0.0000000e+00  -3.4453831e-08
   5.4700000e+02   1.9305190e+01   3.7872960e+00  -2.6500851e-01   0.0000000e+00  -3.4399281e-08
   5.4800000e+02   1.9274800e+01   3.7863510e+00  -2.6493346e-01   0.0000000e+00  -3.4342483e-08
   5.4900000e+02   1.9244540e+01   3.7854040e+00  -2.6485806e-01   0.0000000e+00  -3.4283508e-08
   5.5000000e+02   1.9214400e+01   3.7844540e+00  -2.6478255e-01   0.0000000e+00  -3.4222363e-08
   5.5100000e+02   1.9184390e+01   3.7835030e+00  -2.6470663e-01   0.0000000e+00  -3.4158992e-08
   5.5200000e+02   1.9154490e+01   3.7825490e+00  -2.6463067e-01   0.0000000e+00  -3.4093535e-08
   5.5300000e+02   1.9124720e+01   3.7815940e+00  -2.6455421e-01   0.0000000e+00  -3.4025876e-08
   5.5400000e+02   1.9095060e+01   3.7806360e+00  -2.6447774e-01   0.0000000e+00  -3.3956036e-08
   5.5500000e+02   1.9065530e+01   3.7796760e+00  -2.6440098e-01   0.0000000e+00  -3.3884078e-08
   5.5600000e+02   1.9036120e+01   3.7787140e+00  -2.6432399e-01   0.0000000e+00  -3.3810021e-08
   5.5700000e+02   1.9006820e+01   3.7777490e+00  -2.6424698e-01   0.0000000e+00  -3.3733866e-08
   5.5800000e+02   1.8977640e+01   3.7767830e+00  -2.6416965e-01   0.0000000e+00  -3.3655571e-08
   5.5900000e+02   1.8948580e+01   3.7758150e+00  -2.6409218e-01   0.0000000e+00  -3.3575253e-08
   5.6000000e+02   1.8919640e+01   3.7748440e+00  -2.6401454e-01   0.0000000e+00  -3.3492774e-08
   5.6100000e+02   1.8890810e+01   3.7738720e+00  -2.6393671e-01   0.0000000e+00  -3.3408293e-08
   5.6200000e+02   1.8862100e+01   3.7728970e+00  -2.6385879e-01   0.0000000e+00  -3.3321729e-08
   5.6300000e+02   1.8833500e+01   3.7719210e+00  -2.6378071e-01   0.0000000e+00  -3.3233132e-08
   5.6400000e+02   1.8805020e+01   3.7709420e+00  -2.6370249e-01   0.0000000e+00  -3.3142477e-08
   5.6500000e+02   1.8776650e+01   3.7699610e+00  -2.6362417e-01   0.0000000e+00  -3.3049821e-08
   5.6600000e+02   1.8748390e+01   3.7689780e+00  -2.6354577e-01   0.0000000e+00  -3.2955179e-08
   5.6700000e+02   1.8720240e+01   3.7679930e+00  -2.6346731e-01   0.0000000e+00  -3.2858506e-08
   5.6800000e+02   1.8692210e+01   3.7670070e+00  -2.6338859e-01   0.0000000e+00  -3.2759861e-08
   5.6900000e+02   1.8664290e+01   3.7660180e+00  -2.6330994e-01   0.0000000e+00  -3.2659275e-08
   5.7000000e+02   1.8636470e+01   3.7650270e+00  -2.6323117e-01   0.0000000e+00  -3.2556699e-08
   5.7100000e+02   1.8608770e+01   3.7640340e+00  -2.6315232e-01   0.0000000e+00  -3.2452200e-08
   5.7200000e+02   1.8581180e+01   3.7630390e+00  -2.6307341e-01   0.0000000e+00  -3.2345736e-08
   5.7300000e+02   1.8553690e+01   3.7620420e+00  -2.6299453e-01   0.0000000e+00  -3.2237375e-08
   5.7400000e+02   1.8526320e+01   3.7610430e+00  -2.6291545e-01   0.0000000e+00  -3.2127078e-08
   5.7500000e+02   1.8499050e+01   3.7600420e+00  -2.6283643e-01   0.0000000e+00  -3.2014909e-08
   5.7600000e+02   1.8471890e+01   3.7590400e+00  -2.6275728e-01   0.0000000e+00  -3.1900818e-08
   5.7700000e+02   1.8444830e+01   3.7580350e+00  -2.6267825e-01   0.0000000e+00  -3.1784894e-08
   5.7800000e+02   1.8417880e+01   3.7570280e+00  -2.6259918e-01   0.0000000e+00  -3.1667147e-08
   5.7900000e+02   1.8391040e+01   3.7560190e+00  -2.6252004e-01   0.0000000e+00  -3.1547471e-08
   5.8000000e+02   1.8364300e+01   3.7550090e+00  -2.6244085e-01   0.0000000e+00  -3.1425984e-08
   5.8100000e+02   1.8337660e+01   3.7539960e+00  -2.6236181e-01   0.0000000e+00  -3.1302720e-08
   5.8200000e+02   1.8311130e+01   3.7529820e+00  -2.6228263e-01   0.0000000e+00  -3.1177621e-08
   5.8300000e+02   1.8284700e+01   3.7519650e+00  -2.6220356e-01   0.0000000e+00  -3.1050717e-08
   5.8400000e+02   1.8258370e+01   3.7509470e+00  -2.6212449e-01   0.0000000e+00  -3.0922062e-08
   5.8500000e+02   1.8232150e+01   3.7499270e+00  -2.6204541e-01   0.0000000e+00  -3.0791564e-08
   5.8600000e+02   1.8206020e+01   3.7489050e+00  -2.6196642e-01   0.0000000e+00  -3.0659350e-08
   5.8700000e+02   1.8180000e+01   3.7478810e+00  -2.6188742e-01   0.0000000e+00  -3.0525443e-08
   5.8800000e+02   1.8154080e+01   3.7468550e+00  -2.6180848e-01   0.0000000e+00  -3.0389733e-08
   5.8900000e+02   1.8128250e+01   3.7458270e+00  -2.6172969e-01   0.0000000e+00  -3.0252355e-08
   5.9000000e+02   1.8102530e+01   3.7447970e+00  -2.6165085e-01   0.0000000e+00  -3.0113266e-08
   5.9100000e+02   1.8076900e+01   3.7437660e+00  -2.6157204e-01   0.0000000e+00  -2.9972473e-08
   5.9200000e+02   1.8051380e+01   3.7427330e+00  -2.6149332e-01   0.0000000e+00  -2.9829995e-08
   5.9300000e+02   1.8025950e+01   3.7416970e+00  -2.6141472e-01   0.0000000e+00  -2.9685921e-08
   5.9400000e+02   1.8000610e+01   3.7406600e+00  -2.6133622e-01   0.0000000e+00  -2.9540127e-08
   5.9500000e+02   1.7975380e+01   3.7396220e+00  -2.6125769e-01   0.0000000e+00  -2.9392687e-08
   5.9600000e+02   1.7950240e+01   3.7385810e+00  -2.6117928e-01   0.0000000e+00  -2.9243698e-08
   5.9700000e+02   1.7925190e+01   3.7375390e+00  -2.6110100e-01   0.0000000e+00  -2.9093031e-08
   5.9800000e+02   1.7900250e+01   3.7364940e+00  -2.6102279e-01   0.0000000e+00  -2.8940786e-08
   5.9900000e+02   1.7875390e+01   3.7354480e+00  -2.6094475e-01   0.0000000e+00  -2.8786956e-08
   6.0000000e+02   1.7850630e+01   3.7344010e+00  -2.6086662e-01   0.0000000e+00  -2.8631561e-08
   6.0100000e+02   1.7825960e+01   3.7333510e+00  -2.6078877e-01   0.0000000e+00  -2.8474635e-08
   6.0200000e+02   1.7801390e+01   3.7323000e+00  -2.6071098e-01   0.0000000e+00  -2.8316169e-08
   6.0300000e+02   1.7776910e+01   3.7312470e+00  -2.6063325e-01   0.0000000e+00  -2.8156134e-08
   6.0400000e+02   1.7752520e+01   3.7301920e+00  -2.6055571e-01   0.0000000e+00  -2.7994632e-08
   6.0500000e+02   1.7728220e+01   3.7291350e+00  -2.6047825e-01   0.0000000e+00  -2.7831620e-08
   6.0600000e+02   1.7704020e+01   3.7280770e+00  -2.6040091e-01   0.0000000e+00  -2.7667108e-08
   6.0700000e+02   1.7679900e+01   3.7270170e+00  -2.6032375e-01   0.0000000e+00  -2.7501126e-08
   6.0800000e+02   1.7655870e+01   3.7259550e+00  -2.6024675e-01   0.0000000e+00  -2.7333689e-08
   6.0900000e+02   1.7631940e+01   3.7248920e+00  -2.6016972e-01   0.0000000e+00  -2.7164802e-08
   6.1000000e+02   1.7608090e+01   3.7238270e+00  -2.6009296e-01   0.0000000e+00  -2.6994487e-08
   6.1100000e+02   1.7584340e+01   3.7227600e+00  -2.6001624e-01   0.0000000e+00  -2.6822758e-08
   6.1200000e+02   1.7560670e+01   3.7216920e+00  -2.5993964e-01   0.0000000e+00  -2.6649621e-08
   6.1300000e+02   1.7537080e+01   3.7206220e+00  -2.5986331e-01   0.0000000e+00  -2.6475096e-08
   6.1400000e+02   1.7513590e+01   3.7195500e+00  -2.5978707e-01   0.0000000e+00  -2.6299205e-08
   6.1500000e+02   1.7490180e+01   3.7184760e+00  -2.5971105e-01   0.0000000e+00  -2.6121945e-08
   6.1600000e+02   1.7466860e+01   3.7174010e+00  -2.5963515e-01   0.0000000e+00  -2.5943339e-08
   6.1700000e+02   1.7443630e+01   3.7163250e+00  -2.5955922e-01   0.0000000e+00  -2.5763397e-08
   6.1800000e+02   1.7420480e+01   3.7152470e+00  -2.5948353e-01   0.0000000e+00  -2.5582135e-08
   6.1900000e+02   1.7397420e+01   3.7141670e+00  -2.5940807e-01   0.0000000e+00  -2.5399575e-08
   6.2000000e+02   1.7374440e+01   3.7130850e+00  -2.5933280e-01   0.0000000e+00  -2.5215718e-08
   6.2100000e+02   1.7351540e+01   3.7120020e+00  -2.5925760e-01   0.0000000e+00  -2.5030588e-08
   6.2200000e+02   1.7328730e+01   3.7109170e+00  -2.5918267e-01   0.0000000e+00  -2.4844195e-08
   6.2300000e+02   1.7306010e+01   3.7098310e+00  -2.5910778e-01   0.0000000e+00  -2.4656543e-08
   6.2400000e+02   1.7283360e+01   3.7087440e+00  -2.5903304e-01   0.0000000e+00  -2.4467653e-08
   6.2500000e+02   1.7260800e+01   3.7076540e+00  -2.5895852e-01   0.0000000e+00  -2.4277560e-08
   6.2600000e+02   1.7238320e+01   3.7065630e+00  -2.5888420e-01   0.0000000e+00  -2.4086245e-08
   6.2700000e+02   1.7215920e+01   3.7054710e+00  -2.5881000e-01   0.0000000e+00  -2.3893740e-08
   6.2800000e+02   1.7193610e+01   3.7043770e+00  -2.5873589e-01   0.0000000e+00  -2.3700052e-08
   6.2900000e+02   1.7171370e+01   3.7032820e+00  -2.5866203e-01   0.0000000e+00  -2.3505195e-08
   6.3000000e+02   1.7149220e+01   3.7021850e+00  -2.5858834e-01   0.0000000e+00  -2.3309190e-08
   6.3100000e+02   1.7127140e+01   3.7010860e+00  -2.5851486e-01   0.0000000e+00  -2.3112050e-08
   6.3200000e+02   1.7105150e+01   3.6999870e+00  -2.5844141e-01   0.0000000e+00  -2.2913774e-08
   6.3300000e+02   1.7083230e+01   3.6988850e+00  -2.5836830e-01   0.0000000e+00  -2.2714405e-08
   6.3400000e+02   1.7061390e+01   3.6977830e+00  -2.5829520e-01   0.0000000e+00  -2.2513930e-08
   6.3500000e+02   1.7039630e+01   3.6966780e+00  -2.5822239e-01   0.0000000e+00  -2.2312377e-08
   6.3600000e+02   1.7017950e+01   3.6955730e+00  -2.5814966e-01   0.0000000e+00  -2.2109747e-08
   6.3700000e+02   1.6996350e+01   3.6944660e+00  -2.5807710e-01   0.0000000e+00  -2.1906061e-08
   6.3800000e+02   1.6974820e+01   3.6933570e+00  -2.5800485e-01   0.0000000e+00  -2.1701345e-08
   6.3900000e+02   1.6953370e+01   3.6922470e+00  -2.5793265e-01   0.0000000e+00  -2.1495602e-08
   6.4000000e+02   1.6932000e+01   3.6911360e+00  -2.5786060e-01   0.0000000e+00  -2.1288828e-08
   6.4100000e+02   1.6910710e+01   3.6900230e+00  -2.5778875e-01   0.0000000e+00  -2.1081076e-08
   6.4200000e+02   1.6889480e+01   3.6889090e+00  -2.5771712e-01   0.0000000e+00  -2.0872322e-08
   6.4300000e+02   1.6868340e+01   3.6877940e+00  -2.5764558e-01   0.0000000e+00  -2.0662599e-08
   6.4400000e+02   1.6847270e+01   3.6866770e+00  -2.5757426e-01   0.0000000e+00  -2.0451921e-08
   6.4500000e+02   1.6826270e+01   3.6855590e+00  -2.5750304e-01   0.0000000e+00  -2.0240293e-08
   6.4600000e+02   1.6805350e+01   3.6844390e+00  -2.5743209e-01   0.0000000e+00  -2.0027739e-08
   6.4700000e+02   1.6784500e+01   3.6833180e+00  -2.5736126e-01   0.0000000e+00  -1.9814266e-08
   6.4800000e+02   1.6763730e+01   3.6821960e+00  -2.5729055e-01   0.0000000e+00  -1.9599894e-08
   6.4900000e+02   1.6743020e+01   3.6810730e+00  -2.5722006e-01   0.0000000e+00  -1.9384615e-08
   6.5000000e+02   1.6722400e+01   3.6799480e+00  -2.5714967e-01   0.0000000e+00  -1.9168476e-08
   6.5100000e+02   1.6701840e+01   3.6788220e+00  -2.5707951e-01   0.0000000e+00  -1.8951463e-08
   6.5200000e+02   1.6681350e+01   3.6776950e+00  -2.5700945e-01   0.0000000e+00  -1.8733606e-08
   6.5300000e+02   1.6660940e+01   3.6765660e+00  -2.5693962e-01   0.0000000e+00  -1.8514912e-08
   6.5400000e+02   1.6640600e+01   3.6754360e+00  -2.5686991e-01   0.0000000e+00  -1.8295392e-08
   6.5500000e+02   1.6620330e+01   3.6743050e+00  -2.5680033e-01   0.0000000e+00  -1.8075065e-08
   6.5600000e+02   1.6600120e+01   3.6731730e+00  -2.5673094e-01   0.0000000e+00  -1.7853936e-08
   6.5700000e+02   1.6579990e+01   3.6720400e+00  -2.5666164e-01   0.0000000e+00  -1.7632030e-08
   6.5800000e+02   1.6559930e+01   3.6709050e+00  -2.5659255e-01   0.0000000e+00  -1.7409357e-08
   6.5900000e+02   1.6539940e+01   3.6697690e+00  -2.5652359e-01   0.0000000e+00  -1.7185918e-08
   6.6000000e+02   1.6520020e+01   3.6686320e+00  -2.5645475e-01   0.0000000e+00  -1.6961741e-08
   6.6100000e+02   1.6500160e+01   3.6674940e+00  -2.5638611e-01   0.0000000e+00  -1.6736835e-08
   6.6200000e+02   1.6480380e+01   3.6663540e+00  -2.5631759e-01   0.0000000e+00  -1.6511208e-08
   6.6300000e+02   1.6460660e+01   3.6652140e+00  -2.5624918e-01   0.0000000e+00  -1.6284883e-08
   6.6400000e+02   1.6441010e+01   3.6640720e+00  -2.5618096e-01   0.0000000e+00  -1.6057865e-08
   6.6500000e+02   1.6421430e+01   3.6629290e+00  -2.5611287e-01   0.0000000e+00  -1.5830172e-08
   6.6600000e+02   1.6401910e+01   3.6617850e+00  -2.5604492e-01   0.0000000e+00  -1.5601805e-08
   6.6700000e+02   1.6382460e+01   3.6606400e+00  -2.5597708e-01   0.0000000e+00  -1.5372790e-08
   6.6800000e+02   1.6363080e+01   3.6594940e+00  -2.5590933e-01   0.0000000e+00  -1.5143146e-08
   6.6900000e+02   1.6343760e+01   3.6583470e+00  -2.5584177e-01   0.0000000e+00  -1.4912865e-08
   6.7000000e+02   1.6324510e+01   3.6571980e+00  -2.5577438e-01   0.0000000e+00  -1.4681977e-08
   6.7100000e+02   1.6305330e+01   3.6560490e+00  -2.5570697e-01   0.0000000e+00  -1.4450482e-08
   6.7200000e+02   1.6286200e+01   3.6548980e+00  -2.5563986e-01   0.0000000e+00  -1.4218410e-08
   6.7300000e+02   1.6267150e+01   3.6537470e+00  -2.5557268e-01   0.0000000e+00  -1.3985749e-08
   6.7400000e+02   1.6248160e+01   3.6525940e+00  -2.5550577e-01   0.0000000e+00  -1.3752536e-08
   6.7500000e+02   1.6229230e+01   3.6514410e+00  -2.5543887e-01   0.0000000e+00  -1.3518764e-08
   6.7600000e+02   1.6210360e+01   3.6502860e+00  -2.5537218e-01   0.0000000e+00  -1.3284463e-08
   6.7700000e+02   1.6191560e+01   3.6491300e+00  -2.5530560e-01   0.0000000e+00  -1.3049636e-08
   6.7800000e+02   1.6172830e+01   3.6479740e+00  -2.5523895e-01   0.0000000e+00  -1.2814300e-08
   6.7900000e+02   1.6154150e+01   3.6468160e+00  -2.5517259e-01   0.0000000e+00  -1.2578456e-08
   6.8000000e+02   1.6135540e+01   3.6456570e+00  -2.5510631e-01   0.0000000e+00  -1.2342131e-08
   6.8100000e+02   1.6116990e+01   3.6444980e+00  -2.5504003e-01   0.0000000e+00  -1.2105326e-08
   6.8200000e+02   1.6098500e+01   3.6433370e+00  -2.5497394e-01   0.0000000e+00  -1.1868064e-08
   6.8300000e+02   1.6080070e+01   3.6421760e+00  -2.5490788e-01   0.0000000e+00  -1.1630342e-08
   6.8400000e+02   1.6061710e+01   3.6410140e+00  -2.5484189e-01   0.0000000e+00  -1.1392190e-08
   6.8500000e+02   1.6043400e+01   3.6398500e+00  -2.5477611e-01   0.0000000e+00  -1.1153605e-08
   6.8600000e+02   1.6025160e+01   3.6386860e+00  -2.5471028e-01   0.0000000e+00  -1.0914610e-08
   6.8700000e+02   1.6006980e+01   3.6375210e+00  -2.5464458e-01   0.0000000e+00  -1.0675208e-08
   6.8800000e+02   1.5988850e+01   3.6363550e+00  -2.5457894e-01   0.0000000e+00  -1.0435420e-08
   6.8900000e+02   1.5970790e+01   3.6351880e+00  -2.5451339e-01   0.0000000e+00  -1.0195252e-08
   6.9000000e+02   1.5952780e+01   3.6340200e+00  -2.5444799e-01   0.0000000e+00  -9.9547129e-09
   6.9100000e+02   1.5934840e+01   3.6328520e+00  -2.5438248e-01   0.0000000e+00  -9.7138254e-09
   6.9200000e+02   1.5916950e+01   3.6316820e+00  -2.5431719e-01   0.0000000e+00  -9.4725854e-09
   6.9300000e+02   1.5899120e+01   3.6305120e+00  -2.5425191e-01   0.0000000e+00  -9.2310183e-09
   6.9400000e+02   1.5881350e+01   3.6293410e+00  -2.5418668e-01   0.0000000e+00  -8.9891349e-09
   6.9500000e+02   1.5863640e+01   3.6281690e+00  -2.5412151e-01   0.0000000e+00  -8.7469357e-09
   6.9600000e+02   1.5845980e+01   3.6269960e+00  -2.5405644e-01   0.0000000e+00  -8.5044428e-09
   6.9700000e+02   1.5828390e+01   3.6258230e+00  -2.5399130e-01   0.0000000e+00  -8.2616645e-09
   6.9800000e+02   1.5810850e+01   3.6246490e+00  -2.5392623e-01   0.0000000e+00  -8.0186051e-09
   6.9900000e+02   1.5793360e+01   3.6234740e+00  -2.5386130e-01   0.0000000e+00  -7.7752926e-09
   7.0000000e+02   1.5775940e+01   3.6222980e+00  -2.5379633e-01   0.0000000e+00  -7.5317202e-09
   7.0100000e+02   1.5758570e+01   3.6211210e+00  -2.5373146e-01   0.0000000e+00  -7.2879108e-09
   7.0200000e+02   1.5741250e+01   3.6199440e+00  -2.5366655e-01   0.0000000e+00  -7.0438692e-09
   7.0300000e+02   1.5723990e+01   3.6187660e+00  -2.5360172e-01   0.0000000e+00  -6.7996103e-09
   7.0400000e+02   1.5706790e+01   3.6175870e+00  -2.5353690e-01   0.0000000e+00  -6.5551436e-09
   7.0500000e+02   1.5689640e+01   3.6164080e+00  -2.5347203e-01   0.0000000e+00  -6.3104799e-09
   7.0600000e+02   1.5672550e+01   3.6152280e+00  -2.5340722e-01   0.0000000e+00  -6.0656301e-09
   7.0700000e+02   1.5655510e+01   3.6140470e+00  -2.5334246e-01   0.0000000e+00  -5.8206007e-09
   7.0800000e+02   1.5638530e+01   3.6128650e+00  -2.5327771e-01   0.0000000e+00  -5.5754140e-09
   7.0900000e+02   1.5621600e+01   3.6116830e+00  -2.5321293e-01   0.0000000e+00  -5.3300676e-09
   7.1000000e+02   1.5604720e+01   3.6105000e+00  -2.5314822e-01   0.0000000e+00  -5.0845846e-09
   7.1100000e+02   1.5587900e+01   3.6093170e+00  -2.5308339e-01   0.0000000e+00  -4.8389626e-09
   7.1200000e+02   1.5571130e+01   3.6081330e+00  -2.5301863e-01   0.0000000e+00  -4.5932221e-09
   7.1300000e+02   1.5554410e+01   3.6069480e+00  -2.5295388e-01   0.0000000e+00  -4.3473709e-09
   7.1400000e+02   1.5537750e+01   3.6057630e+00  -2.5288907e-01   0.0000000e+00  -4.1014167e-09
   7.1500000e+02   1.5521140e+01   3.6045770e+00  -2.5282428e-01   0.0000000e+00  -3.8553690e-09
   7.1600000e+02   1.5504580e+01   3.6033900e+00  -2.5275952e-01   0.0000000e+00  -3.6092387e-09
   7.1700000e+02   1.5488070e+01   3.6022030e+00  -2.5269468e-01   0.0000000e+00  -3.3630418e-09
   7.1800000e+02   1.5471620e+01   3.6010150e+00  -2.5262982e-01   0.0000000e+00  -3.1167895e-09
   7.1900000e+02   1.5455210e+01   3.5998270e+00  -2.5256495e-01   0.0000000e+00  -2.8704770e-09
   7.2000000e+02   1.5438860e+01   3.5986380e+00  -2.5250002e-01   0.0000000e+00  -2.6241301e-09
   7.2100000e+02   1.5422560e+01   3.5974490e+00  -2.5243501e-01   0.0000000e+00  -2.3777520e-09
   7.2200000e+02   1.5406310e+01   3.5962590e+00  -2.5237004e-01   0.0000000e+00  -2.1313502e-09
   7.2300000e+02   1.5390110e+01   3.5950690e+00  -2.5230496e-01   0.0000000e+00  -1.8849380e-09
   7.2400000e+02   1.5373960e+01   3.5938780e+00  -2.5223987e-01   0.0000000e+00  -1.6385256e-09
   7.2500000e+02   1.5357860e+01   3.5926870e+00  -2.5217472e-01   0.0000000e+00  -1.3921228e-09
   7.2600000e+02   1.5341810e+01   3.5914950e+00  -2.5210952e-01   0.0000000e+00  -1.1457360e-09
   7.2700000e+02   1.5325810e+01   3.5903020e+00  -2.5204434e-01   0.0000000e+00  -8.9937288e-10
   7.2800000e+02   1.5309860e+01   3.5891100e+00  -2.5197895e-01   0.0000000e+00  -6.5305494e-10
   7.2900000e+02   1.5293960e+01   3.5879160e+00  -2.5191360e-01   0.0000000e+00  -4.0677820e-10
   7.3000000e+02   1.5278100e+01   3.5867230e+00  -2.5184815e-01   0.0000000e+00  -1.6056350e-10
   7.3100000e+02   1.5262300e+01   3.5855290e+00  -2.5178258e-01   0.0000000e+00   8.5591567e-11
   7.3200000e+02   1.5246540e+01   3.5843340e+00  -2.5171704e-01   0.0000000e+00   3.3167649e-10
   7.3300000e+02   1.5230830e+01   3.5831390e+00  -2.5165139e-01   0.0000000e+00   5.7767124e-10
   7.3400000e+02   1.5215170e+01   3.5819440e+00  -2.5158557e-01   0.0000000e+00   8.2358004e-10
   7.3500000e+02   1.5199560e+01   3.5807480e+00  -2.5151972e-01   0.0000000e+00   1.0693826e-09
   7.3600000e+02   1.5184000e+01   3.5795520e+00  -2.5145376e-01   0.0000000e+00   1.3150799e-09
   7.3700000e+02   1.5168480e+01   3.5783550e+00  -2.5138778e-01   0.0000000e+00   1.5606515e-09
   7.3800000e+02   1.5153010e+01   3.5771580e+00  -2.5132164e-01   0.0000000e+00   1.8060968e-09
   7.3900000e+02   1.5137580e+01   3.5759610e+00  -2.5125542e-01   0.0000000e+00   2.0514079e-09
   7.4000000e+02   1.5122210e+01   3.5747630e+00  -2.5118908e-01   0.0000000e+00   2.2965739e-09
   7.4100000e+02   1.5106870e+01   3.5735650e+00  -2.5112270e-01   0.0000000e+00   2.5415877e-09
   7.4200000e+02   1.5091590e+01   3.5723670e+00  -2.5105609e-01   0.0000000e+00   2.7864340e-09
   7.4300000e+02   1.5076350e+01   3.5711680e+00  -2.5098947e-01   0.0000000e+00   3.0311124e-09
   7.4400000e+02   1.5061160e+01   3.5699690e+00  -2.5092266e-01   0.0000000e+00   3.2756178e-09
   7.4500000e+02   1.5046010e+01   3.5687700e+00  -2.5085575e-01   0.0000000e+00   3.5199249e-09
   7.4600000e+02   1.5030900e+01   3.5675700e+00  -2.5078878e-01   0.0000000e+00   3.7640415e-09
   7.4700000e+02   1.5015850e+01   3.5663710e+00  -2.5072155e-01   0.0000000e+00   4.0079550e-09
   7.4800000e+02   1.5000830e+01   3.5651700e+00  -2.5065437e-01   0.0000000e+00   4.2516563e-09
   7.4900000e+02   1.4985860e+01   3.5639700e+00  -2.5058689e-01   0.0000000e+00   4.4951357e-09
   7.5000000e+02   1.4970940e+01   3.5627700e+00  -2.5051928e-01   0.0000000e+00   4.7383882e-09
   7.5100000e+02   1.4956060e+01   3.5615690e+00  -2.5045158e-01   0.0000000e+00   4.9814028e-09
   7.5200000e+02   1.4941220e+01   3.5603680e+00  -2.5038374e-01   0.0000000e+00   5.2241764e-09
   7.5300000e+02   1.4926430e+01   3.5591660e+00  -2.5031580e-01   0.0000000e+00   5.4666912e-09
   7.5400000e+02   1.4911680e+01   3.5579650e+00  -2.5024758e-01   0.0000000e+00   5.7089560e-09
   7.5500000e+02   1.4896970e+01   3.5567630e+00  -2.5017933e-01   0.0000000e+00   5.9509486e-09
   7.5600000e+02   1.4882310e+01   3.5555610e+00  -2.5011087e-01   0.0000000e+00   6.1926668e-09
   7.5700000e+02   1.4867690e+01   3.5543590e+00  -2.5004223e-01   0.0000000e+00   6.4341026e-09
   7.5800000e+02   1.4853110e+01   3.5531570e+00  -2.4997345e-01   0.0000000e+00   6.6752522e-09
   7.5900000e+02   1.4838580e+01   3.5519540e+00  -2.4990448e-01   0.0000000e+00   6.9160995e-09
   7.6000000e+02   1.4824090e+01   3.5507520e+00  -2.4983531e-01   0.0000000e+00   7.1566442e-09
   7.6100000e+02   1.4809640e+01   3.5495490e+00  -2.4976604e-01   0.0000000e+00   7.3968852e-09
   7.6200000e+02   1.4795230e+01   3.5483460e+00  -2.4969655e-01   0.0000000e+00   7.6367917e-09
   7.6300000e+02   1.4780860e+01   3.5471430e+00  -2.4962690e-01   0.0000000e+00   7.8763919e-09
   7.6400000e+02   1.4766540e+01   3.5459400e+00  -2.4955706e-01   0.0000000e+00   8.1156370e-09
   7.6500000e+02   1.4752250e+01   3.5447360e+00  -2.4948711e-01   0.0000000e+00   8.3545534e-09
   7.6600000e+02   1.4738010e+01   3.5435330e+00  -2.4941682e-01   0.0000000e+00   8.5931181e-09
   7.6700000e+02   1.4723810e+01   3.5423290e+00  -2.4934646e-01   0.0000000e+00   8.8313323e-09
   7.6800000e+02   1.4709650e+01   3.5411260e+00  -2.4927579e-01   0.0000000e+00   9.0691883e-09
   7.6900000e+02   1.4695530e+01   3.5399220e+00  -2.4920500e-01   0.0000000e+00   9.3066724e-09
   7.7000000e+02   1.4681450e+01   3.5387180e+00  -2.4913404e-01   0.0000000e+00   9.5437904e-09
   7.7100000e+02   1.4667410e+01   3.5375140e+00  -2.4906285e-01   0.0000000e+00   9.7805206e-09
   7.7200000e+02   1.4653410e+01   3.5363110e+00  -2.4899135e-01   0.0000000e+00   1.0016855e-08
   7.7300000e+02   1.4639450e+01   3.5351070e+00  -2.4891971e-01   0.0000000e+00   1.0252814e-08
   7.7400000e+02   1.4625520e+01   3.5339030e+00  -2.4884791e-01   0.0000000e+00   1.0488353e-08
   7.7500000e+02   1.4611640e+01   3.5326990e+00  -2.4877585e-01   0.0000000e+00   1.0723494e-08
   7.7600000e+02   1.4597800e+01   3.5314950e+00  -2.4870356e-01   0.0000000e+00   1.0958222e-08
   7.7700000e+02   1.4584000e+01   3.5302910e+00  -2.4863104e-01   0.0000000e+00   1.1192534e-08
   7.7800000e+02   1.4570230e+01   3.5290870e+00  -2.4855836e-01   0.0000000e+00   1.1426425e-08
   7.7900000e+02   1.4556510e+01   3.5278830e+00  -2.4848539e-01   0.0000000e+00   1.1659862e-08
   7.8000000e+02   1.4542820e+01   3.5266790e+00  -2.4841223e-01   0.0000000e+00   1.1892888e-08
   7.8100000e+02   1.4529170e+01   3.5254750e+00  -2.4833882e-01   0.0000000e+00   1.2125456e-08
   7.8200000e+02   1.4515560e+01   3.5242710e+00  -2.4826519e-01   0.0000000e+00   1.2357573e-08
   7.8300000e+02   1.4501990e+01   3.5230670e+00  -2.4819129e-01   0.0000000e+00   1.2589244e-08
   7.8400000e+02   1.4488450e+01   3.5218630e+00  -2.4811720e-01   0.0000000e+00   1.2820447e-08
   7.8500000e+02   1.4474960e+01   3.5206590e+00  -2.4804280e-01   0.0000000e+00   1.3051182e-08
   7.8600000e+02   1.4461500e+01   3.5194550e+00  -2.4796822e-01   0.0000000e+00   1.3281447e-08
   7.8700000e+02   1.4448080e+01   3.5182520e+00  -2.4789330e-01   0.0000000e+00   1.3511219e-08
   7.8800000e+02   1.4434690e+01   3.5170480e+00  -2.4781823e-01   0.0000000e+00   1.3740520e-08
   7.8900000e+02   1.4421340e+01   3.5158450e+00  -2.4774283e-01   0.0000000e+00   1.3969335e-08
   7.9000000e+02   1.4408030e+01   3.5146410e+00  -2.4766726e-01   0.0000000e+00   1.4197649e-08
   7.9100000e+02   1.4394760e+01   3.5134380e+00  -2.4759133e-01   0.0000000e+00   1.4425466e-08
   7.9200000e+02   1.4381520e+01   3.5122350e+00  -2.4751518e-01   0.0000000e+00   1.4652769e-08
   7.9300000e+02   1.4368310e+01   3.5110310e+00  -2.4743889e-01   0.0000000e+00   1.4879574e-08
   7.9400000e+02   1.4355150e+01   3.5098280e+00  -2.4736224e-01   0.0000000e+00   1.5105848e-08
   7.9500000e+02   1.4342020e+01   3.5086260e+00  -2.4728522e-01   0.0000000e+00   1.5331610e-08
   7.9600000e+02   1.4328920e+01   3.5074230e+00  -2.4720807e-01   0.0000000e+00   1.5556850e-08
   7.9700000e+02   1.4315860e+01   3.5062200e+00  -2.4713065e-01   0.0000000e+00   1.5781550e-08
   7.9800000e+02   1.4302840e+01   3.5050180e+00  -2.4705285e-01   0.0000000e+00   1.6005715e-08
   7.9900000e+02   1.4289850e+01   3.5038160e+00  -2.4697479e-01   0.0000000e+00   1.6229333e-08
   8.0000000e+02   1.4276900e+01   3.5026140e+00  -2.4689651e-01   0.0000000e+00   1.6452404e-08
   8.0100000e+02   1.4263980e+01   3.5014120e+00  -2.4681792e-01   0.0000000e+00   1.6674936e-08
   8.0200000e+02   1.4251100e+01   3.5002100e+00  -2.4673907e-01   0.0000000e+00   1.6896907e-08
   8.0300000e+02   1.4238250e+01   3.4990080e+00  -2.4665999e-01   0.0000000e+00   1.7118312e-08
   8.0400000e+02   1.4225440e+01   3.4978070e+00  -2.4658050e-01   0.0000000e+00   1.7339153e-08
   8.0500000e+02   1.4212660e+01   3.4966060e+00  -2.4650080e-01   0.0000000e+00   1.7559421e-08
   8.0600000e+02   1.4199910e+01   3.4954050e+00  -2.4642081e-01   0.0000000e+00   1.7779116e-08
   8.0700000e+02   1.4187200e+01   3.4942040e+00  -2.4634053e-01   0.0000000e+00   1.7998234e-08
   8.0800000e+02   1.4174520e+01   3.4930040e+00  -2.4625991e-01   0.0000000e+00   1.8216770e-08
   8.0900000e+02   1.4161880e+01   3.4918040e+00  -2.4617899e-01   0.0000000e+00   1.8434719e-08
   8.1000000e+02   1.4149270e+01   3.4906040e+00  -2.4609777e-01   0.0000000e+00   1.8652069e-08
   8.1100000e+02   1.4136690e+01   3.4894040e+00  -2.4601633e-01   0.0000000e+00   1.8868829e-08
   8.1200000e+02   1.4124150e+01   3.4882040e+00  -2.4593455e-01   0.0000000e+00   1.9084993e-08
   8.1300000e+02   1.4111630e+01   3.4870050e+00  -2.4585253e-01   0.0000000e+00   1.9300539e-08
   8.1400000e+02   1.4099160e+01   3.4858060e+00  -2.4577007e-01   0.0000000e+00   1.9515482e-08
   8.1500000e+02   1.4086710e+01   3.4846080e+00  -2.4568737e-01   0.0000000e+00   1.9729816e-08
   8.1600000e+02   1.4074300e+01   3.4834090e+00  -2.4560439e-01   0.0000000e+00   1.9943527e-08
   8.1700000e+02   1.4061920e+01   3.4822110e+00  -2.4552104e-01   0.0000000e+00   2.0156612e-08
   8.1800000e+02   1.4049570e+01   3.4810130e+00  -2.4543743e-01   0.0000000e+00   2.0369081e-08
   8.1900000e+02   1.4037260e+01   3.4798160e+00  -2.4535342e-01   0.0000000e+00   2.0580916e-08
   8.2000000e+02   1.4024970e+01   3.4786190e+00  -2.4526919e-01   0.0000000e+00   2.0792115e-08
   8.2100000e+02   1.4012720e+01   3.4774220e+00  -2.4518460e-01   0.0000000e+00   2.1002693e-08
   8.2200000e+02   1.4000500e+01   3.4762250e+00  -2.4509978e-01   0.0000000e+00   2.1212625e-08
   8.2300000e+02   1.3988320e+01   3.4750290e+00  -2.4501451e-01   0.0000000e+00   2.1421901e-08
   8.2400000e+02   1.3976160e+01   3.4738330e+00  -2.4492899e-01   0.0000000e+00   2.1630543e-08
   8.2500000e+02   1.3964040e+01   3.4726370e+00  -2.4484318e-01   0.0000000e+00   2.1838539e-08
   8.2600000e+02   1.3951940e+01   3.4714420e+00  -2.4475702e-01   0.0000000e+00   2.2045859e-08
   8.2700000e+02   1.3939880e+01   3.4702470e+00  -2.4467054e-01   0.0000000e+00   2.2252537e-08
   8.2800000e+02   1.3927850e+01   3.4690530e+00  -2.4458361e-01   0.0000000e+00   2.2458540e-08
   8.2900000e+02   1.3915850e+01   3.4678590e+00  -2.4449646e-01   0.0000000e+00   2.2663882e-08
   8.3000000e+02   1.3903880e+01   3.4666650e+00  -2.4440902e-01   0.0000000e+00   2.2868581e-08
   8.3100000e+02   1.3891940e+01   3.4654720e+00  -2.4432115e-01   0.0000000e+00   2.3072576e-08
   8.3200000e+02   1.3880030e+01   3.4642790e+00  -2.4423306e-01   0.0000000e+00   2.3275918e-08
   8.3300000e+02   1.3868150e+01   3.4630860e+00  -2.4414459e-01   0.0000000e+00   2.3478571e-08
   8.3400000e+02   1.3856300e+01   3.4618940e+00  -2.4405578e-01   0.0000000e+00   2.3680553e-08
   8.3500000e+02   1.3844490e+01   3.4607020e+00  -2.4396664e-01   0.0000000e+00   2.3881848e-08
   8.3600000e+02   1.3832700e+01   3.4595100e+00  -2.4387723e-01   0.0000000e+00   2.4082453e-08
   8.3700000e+02   1.3820940e+01   3.4583190e+00  -2.4378738e-01   0.0000000e+00   2.4282372e-08
   8.3800000e+02   1.3809210e+01   3.4571290e+00  -2.4369721e-01   0.0000000e+00   2.4481601e-08
   8.3900000e+02   1.3797510e+01   3.4559390e+00  -2.4360672e-01   0.0000000e+00   2.4680118e-08
   8.4000000e+02   1.3785840e+01   3.4547490e+00  -2.4351588e-01   0.0000000e+00   2.4877963e-08
   8.4100000e+02   1.3774200e+01   3.4535600e+00  -2.4342471e-01   0.0000000e+00   2.5075089e-08
   8.4200000e+02   1.3762590e+01   3.4523710e+00  -2.4333324e-01   0.0000000e+00   2.5271519e-08
   8.4300000e+02   1.3751010e+01   3.4511830e+00  -2.4324129e-01   0.0000000e+00   2.5467224e-08
   8.4400000e+02   1.3739450e+01   3.4499950e+00  -2.4314916e-01   0.0000000e+00   2.5662239e-08
   8.4500000e+02   1.3727930e+01   3.4488070e+00  -2.4305664e-01   0.0000000e+00   2.5856551e-08
   8.4600000e+02   1.3716430e+01   3.4476200e+00  -2.4296378e-01   0.0000000e+00   2.6050123e-08
   8.4700000e+02   1.3704960e+01   3.4464340e+00  -2.4287050e-01   0.0000000e+00   2.6243008e-08
   8.4800000e+02   1.3693520e+01   3.4452470e+00  -2.4277700e-01   0.0000000e+00   2.6435157e-08
   8.4900000e+02   1.3682110e+01   3.4440620e+00  -2.4268307e-01   0.0000000e+00   2.6626579e-08
   8.5000000e+02   1.3670730e+01   3.4428770e+00  -2.4258876e-01   0.0000000e+00   2.6817282e-08
   8.5100000e+02   1.3659370e+01   3.4416920e+00  -2.4249420e-01   0.0000000e+00   2.7007269e-08
   8.5200000e+02   1.3648050e+01   3.4405080e+00  -2.4239917e-01   0.0000000e+00   2.7196515e-08
   8.5300000e+02   1.3636750e+01   3.4393240e+00  -2.4230387e-01   0.0000000e+00   2.7385024e-08
   8.5400000e+02   1.3625480e+01   3.4381410e+00  -2.4220820e-01   0.0000000e+00   2.7572820e-08
   8.5500000e+02   1.3614230e+01   3.4369590e+00  -2.4211218e-01   0.0000000e+00   2.7759862e-08
   8.5600000e+02   1.3603020e+01   3.4357770e+00  -2.4201577e-01   0.0000000e+00   2.7946181e-08
   8.5700000e+02   1.3591830e+01   3.4345950e+00  -2.4191911e-01   0.0000000e+00   2.8131754e-08
   8.5800000e+02   1.3580660e+01   3.4334140e+00  -2.4182209e-01   0.0000000e+00   2.8316585e-08
   8.5900000e+02   1.3569530e+01   3.4322330e+00  -2.4172466e-01   0.0000000e+00   2.8500682e-08
   8.6000000e+02   1.3558420e+01   3.4310530e+00  -2.4162693e-01   0.0000000e+00   2.8684017e-08
   8.6100000e+02   1.3547340e+01   3.4298740e+00  -2.4152872e-01   0.0000000e+00   2.8866616e-08
   8.6200000e+02   1.3536290e+01   3.4286950e+00  -2.4143025e-01   0.0000000e+00   2.9048464e-08
   8.6300000e+02   1.3525260e+01   3.4275170e+00  -2.4133135e-01   0.0000000e+00   2.9229543e-08
   8.6400000e+02   1.3514260e+01   3.4263390e+00  -2.4123219e-01   0.0000000e+00   2.9409888e-08
   8.6500000e+02   1.3503280e+01   3.4251620e+00  -2.4113265e-01   0.0000000e+00   2.9589478e-08
   8.6600000e+02   1.3492330e+01   3.4239850e+00  -2.4103276e-01   0.0000000e+00   2.9768316e-08
   8.6700000e+02   1.3481410e+01   3.4228090e+00  -2.4093253e-01   0.0000000e+00   2.9946381e-08
   8.6800000e+02   1.3470510e+01   3.4216330e+00  -2.4083196e-01   0.0000000e+00   3.0123693e-08
   8.6900000e+02   1.3459640e+01   3.4204580e+00  -2.4073096e-01   0.0000000e+00   3.0300251e-08
   8.7000000e+02   1.3448800e+01   3.4192840e+00  -2.4062962e-01   0.0000000e+00   3.0476044e-08
   8.7100000e+02   1.3437980e+01   3.4181100e+00  -2.4052792e-01   0.0000000e+00   3.0651066e-08
   8.7200000e+02   1.3427190e+01   3.4169370e+00  -2.4042589e-01   0.0000000e+00   3.0825323e-08
   8.7300000e+02   1.3416420e+01   3.4157640e+00  -2.4032351e-01   0.0000000e+00   3.0998810e-08
   8.7400000e+02   1.3405680e+01   3.4145920e+00  -2.4022076e-01   0.0000000e+00   3.1171532e-08
   8.7500000e+02   1.3394960e+01   3.4134210e+00  -2.4011762e-01   0.0000000e+00   3.1343487e-08
   8.7600000e+02   1.3384270e+01   3.4122500e+00  -2.4001418e-01   0.0000000e+00   3.1514666e-08
   8.7700000e+02   1.3373600e+01   3.4110800e+00  -2.3991035e-01   0.0000000e+00   3.1685072e-08
   8.7800000e+02   1.3362960e+01   3.4099100e+00  -2.3980619e-01   0.0000000e+00   3.1854704e-08
   8.7900000e+02   1.3352350e+01   3.4087410e+00  -2.3970160e-01   0.0000000e+00   3.2023564e-08
   8.8000000e+02   1.3341750e+01   3.4075730e+00  -2.3959675e-01   0.0000000e+00   3.2191644e-08
   8.8100000e+02   1.3331190e+01   3.4064050e+00  -2.3949148e-01   0.0000000e+00   3.2358939e-08
   8.8200000e+02   1.3320640e+01   3.4052380e+00  -2.3938588e-01   0.0000000e+00   3.2525466e-08
   8.8300000e+02   1.3310130e+01   3.4040720e+00  -2.3927981e-01   0.0000000e+00   3.2691200e-08
   8.8400000e+02   1.3299630e+01   3.4029060e+00  -2.3917357e-01   0.0000000e+00   3.2856167e-08
   8.8500000e+02   1.3289160e+01   3.4017410e+00  -2.3906687e-01   0.0000000e+00   3.3020338e-08
   8.8600000e+02   1.3278720e+01   3.4005760e+00  -2.3895987e-01   0.0000000e+00   3.3183747e-08
   8.8700000e+02   1.3268300e+01   3.3994120e+00  -2.3885250e-01   0.0000000e+00   3.3346358e-08
   8.8800000e+02   1.3257900e+01   3.3982490e+00  -2.3874471e-01   0.0000000e+00   3.3508177e-08
   8.8900000e+02   1.3247530e+01   3.3970870e+00  -2.3863654e-01   0.0000000e+00   3.3669214e-08
   8.9000000e+02   1.3237180e+01   3.3959250e+00  -2.3852808e-01   0.0000000e+00   3.3829472e-08
   8.9100000e+02   1.3226860e+01   3.3947640e+00  -2.3841921e-01   0.0000000e+00   3.3988930e-08
   8.9200000e+02   1.3216550e+01   3.3936030e+00  -2.3831014e-01   0.0000000e+00   3.4147610e-08
   8.9300000e+02   1.3206280e+01   3.3924430e+00  -2.3820055e-01   0.0000000e+00   3.4305490e-08
   8.9400000e+02   1.3196020e+01   3.3912840e+00  -2.3809066e-01   0.0000000e+00   3.4462590e-08
   8.9500000e+02   1.3185790e+01   3.3901250e+00  -2.3798051e-01   0.0000000e+00   3.4618896e-08
   8.9600000e+02   1.3175580e+01   3.3889670e+00  -2.3786991e-01   0.0000000e+00   3.4774415e-08
   8.9700000e+02   1.3165400e+01   3.3878100e+00  -2.3775893e-01   0.0000000e+00   3.4929130e-08
   8.9800000e+02   1.3155230e+01   3.3866540e+00  -2.3764763e-01   0.0000000e+00   3.5083046e-08
   8.9900000e+02   1.3145100e+01   3.3854980e+00  -2.3753593e-01   0.0000000e+00   3.5236186e-08
   9.0000000e+02   1.3134980e+01   3.3843430e+00  -2.3742394e-01   0.0000000e+00   3.5388516e-08
   9.0100000e+02   1.3124890e+01   3.3831880e+00  -2.3731159e-01   0.0000000e+00   3.5540074e-08
   9.0200000e+02   1.3114820e+01   3.3820350e+00  -2.3719889e-01   0.0000000e+00   3.5690813e-08
   9.0300000e+02   1.3104770e+01   3.3808820e+00  -2.3708581e-01   0.0000000e+00   3.5840766e-08
   9.0400000e+02   1.3094740e+01   3.3797290e+00  -2.3697244e-01   0.0000000e+00   3.5989927e-08
   9.0500000e+02   1.3084740e+01   3.3785780e+00  -2.3685864e-01   0.0000000e+00   3.6138283e-08
   9.0600000e+02   1.3074760e+01   3.3774270e+00  -2.3674453e-01   0.0000000e+00   3.6285841e-08
   9.0700000e+02   1.3064800e+01   3.3762770e+00  -2.3663006e-01   0.0000000e+00   3.6432611e-08
   9.0800000e+02   1.3054870e+01   3.3751270e+00  -2.3651524e-01   0.0000000e+00   3.6578578e-08
   9.0900000e+02   1.3044950e+01   3.3739790e+00  -2.3640010e-01   0.0000000e+00   3.6723739e-08
   9.1000000e+02   1.3035060e+01   3.3728310e+00  -2.3628456e-01   0.0000000e+00   3.6868112e-08
   9.1100000e+02   1.3025190e+01   3.3716830e+00  -2.3616876e-01   0.0000000e+00   3.7011692e-08
   9.1200000e+02   1.3015340e+01   3.3705370e+00  -2.3605252e-01   0.0000000e+00   3.7154458e-08
   9.1300000e+02   1.3005510e+01   3.3693910e+00  -2.3593596e-01   0.0000000e+00   3.7296431e-08
   9.1400000e+02   1.2995710e+01   3.3682460e+00  -2.3581909e-01   0.0000000e+00   3.7437605e-08
   9.1500000e+02   1.2985930e+01   3.3671020e+00  -2.3570179e-01   0.0000000e+00   3.7577981e-08
   9.1600000e+02   1.2976160e+01   3.3659580e+00  -2.3558428e-01   0.0000000e+00   3.7717561e-08
   9.1700000e+02   1.2966420e+01   3.3648150e+00  -2.3546635e-01   0.0000000e+00   3.7856332e-08
   9.1800000e+02   1.2956700e+01   3.3636730e+00  -2.3534807e-01   0.0000000e+00   3.7994298e-08
   9.1900000e+02   1.2947010e+01   3.3625320e+00  -2.3522943e-01   0.0000000e+00   3.8131481e-08
   9.2000000e+02   1.2937330e+01   3.3613910e+00  -2.3511051e-01   0.0000000e+00   3.8267857e-08
   9.2100000e+02   1.2927670e+01   3.3602510e+00  -2.3499121e-01   0.0000000e+00   3.8403430e-08
   9.2200000e+02   1.2918040e+01   3.3591120e+00  -2.3487159e-01   0.0000000e+00   3.8538200e-08
   9.2300000e+02   1.2908430e+01   3.3579740e+00  -2.3475158e-01   0.0000000e+00   3.8672176e-08
   9.2400000e+02   1.2898830e+01   3.3568360e+00  -2.3463131e-01   0.0000000e+00   3.8805352e-08
   9.2500000e+02   1.2889260e+01   3.3556990e+00  -2.3451074e-01   0.0000000e+00   3.8937735e-08
   9.2600000e+02   1.2879710e+01   3.3545630e+00  -2.3438972e-01   0.0000000e+00   3.9069308e-08
   9.2700000e+02   1.2870180e+01   3.3534280e+00  -2.3426835e-01   0.0000000e+00   3.9200080e-08
   9.2800000e+02   1.2860670e+01   3.3522940e+00  -2.3414665e-01   0.0000000e+00   3.9330048e-08
   9.2900000e+02   1.2851180e+01   3.3511600e+00  -2.3402466e-01   0.0000000e+00   3.9459223e-08
   9.3000000e+02   1.2841710e+01   3.3500270e+00  -2.3390234e-01   0.0000000e+00   3.9587603e-08
   9.3100000e+02   1.2832260e+01   3.3488950e+00  -2.3377971e-01   0.0000000e+00   3.9715180e-08
   9.3200000e+02   1.2822830e+01   3.3477630e+00  -2.3365675e-01   0.0000000e+00   3.9841974e-08
   9.3300000e+02   1.2813420e+01   3.3466330e+00  -2.3353338e-01   0.0000000e+00   3.9967947e-08
   9.3400000e+02   1.2804030e+01   3.3455030e+00  -2.3340976e-01   0.0000000e+00   4.0093127e-08
   9.3500000e+02   1.2794660e+01   3.3443740e+00  -2.3328576e-01   0.0000000e+00   4.0217519e-08
   9.3600000e+02   1.2785310e+01   3.3432460e+00  -2.3316145e-01   0.0000000e+00   4.0341104e-08
   9.3700000e+02   1.2775990e+01   3.3421180e+00  -2.3303679e-01   0.0000000e+00   4.0463902e-08
   9.3800000e+02   1.2766680e+01   3.3409910e+00  -2.3291186e-01   0.0000000e+00   4.0585911e-08
   9.3900000e+02   1.2757390e+01   3.3398660e+00  -2.3278651e-01   0.0000000e+00   4.0707095e-08
   9.4000000e+02   1.2748120e+01   3.3387400e+00  -2.3266095e-01   0.0000000e+00   4.0827500e-08
   9.4100000e+02   1.2738870e+01   3.3376160e+00  -2.3253498e-01   0.0000000e+00   4.0947114e-08
   9.4200000e+02   1.2729630e+01   3.3364930e+00  -2.3240873e-01   0.0000000e+00   4.1065927e-08
   9.4300000e+02   1.2720420e+01   3.3353700e+00  -2.3228219e-01   0.0000000e+00   4.1183948e-08
   9.4400000e+02   1.2711230e+01   3.3342480e+00  -2.3215526e-01   0.0000000e+00   4.1301169e-08
   9.4500000e+02   1.2702060e+01   3.3331270e+00  -2.3202804e-01   0.0000000e+00   4.1417603e-08
   9.4600000e+02   1.2692900e+01   3.3320070e+00  -2.3190048e-01   0.0000000e+00   4.1533237e-08
   9.4700000e+02   1.2683770e+01   3.3308870e+00  -2.3177267e-01   0.0000000e+00   4.1648092e-08
   9.4800000e+02   1.2674650e+01   3.3297690e+00  -2.3164442e-01   0.0000000e+00   4.1762142e-08
   9.4900000e+02   1.2665560e+01   3.3286510e+00  -2.3151591e-01   0.0000000e+00   4.1875407e-08
   9.5000000e+02   1.2656480e+01   3.3275340e+00  -2.3138714e-01   0.0000000e+00   4.1987879e-08
   9.5100000e+02   1.2647420e+01   3.3264180e+00  -2.3125798e-01   0.0000000e+00   4.2099554e-08
   9.5200000e+02   1.2638380e+01   3.3253020e+00  -2.3112861e-01   0.0000000e+00   4.2210462e-08
   9.5300000e+02   1.2629360e+01   3.3241880e+00  -2.3099876e-01   0.0000000e+00   4.2320571e-08
   9.5400000e+02   1.2620350e+01   3.3230740e+00  -2.3086877e-01   0.0000000e+00   4.2429894e-08
   9.5500000e+02   1.2611370e+01   3.3219610e+00  -2.3073841e-01   0.0000000e+00   4.2538421e-08
   9.5600000e+02   1.2602400e+01   3.3208490e+00  -2.3060774e-01   0.0000000e+00   4.2646163e-08
   9.5700000e+02   1.2593460e+01   3.3197380e+00  -2.3047672e-01   0.0000000e+00   4.2753120e-08
   9.5800000e+02   1.2584530e+01   3.3186270e+00  -2.3034544e-01   0.0000000e+00   4.2859308e-08
   9.5900000e+02   1.2575620e+01   3.3175170e+00  -2.3021390e-01   0.0000000e+00   4.2964702e-08
   9.6000000e+02   1.2566720e+01   3.3164090e+00  -2.3008197e-01   0.0000000e+00   4.3069300e-08
   9.6100000e+02   1.2557850e+01   3.3153010e+00  -2.2994973e-01   0.0000000e+00   4.3173123e-08
   9.6200000e+02   1.2548990e+01   3.3141930e+00  -2.2981730e-01   0.0000000e+00   4.3276184e-08
   9.6300000e+02   1.2540150e+01   3.3130870e+00  -2.2968448e-01   0.0000000e+00   4.3378441e-08
   9.6400000e+02   1.2531330e+01   3.3119820e+00  -2.2955137e-01   0.0000000e+00   4.3479924e-08
   9.6500000e+02   1.2522530e+01   3.3108770e+00  -2.2941794e-01   0.0000000e+00   4.3580635e-08
   9.6600000e+02   1.2513750e+01   3.3097730e+00  -2.2928428e-01   0.0000000e+00   4.3680560e-08
   9.6700000e+02   1.2504980e+01   3.3086700e+00  -2.2915030e-01   0.0000000e+00   4.3779720e-08
   9.6800000e+02   1.2496230e+01   3.3075680e+00  -2.2901598e-01   0.0000000e+00   4.3878087e-08
   9.6900000e+02   1.2487500e+01   3.3064670e+00  -2.2888133e-01   0.0000000e+00   4.3975684e-08
   9.7000000e+02   1.2478790e+01   3.3053660e+00  -2.2874647e-01   0.0000000e+00   4.4072522e-08
   9.7100000e+02   1.2470090e+01   3.3042670e+00  -2.2861130e-01   0.0000000e+00   4.4168560e-08
   9.7200000e+02   1.2461410e+01   3.3031680e+00  -2.2847586e-01   0.0000000e+00   4.4263847e-08
   9.7300000e+02   1.2452750e+01   3.3020700e+00  -2.2834010e-01   0.0000000e+00   4.4358364e-08
   9.7400000e+02   1.2444110e+01   3.3009730e+00  -2.2820402e-01   0.0000000e+00   4.4452100e-08
   9.7500000e+02   1.2435480e+01   3.2998770e+00  -2.2806775e-01   0.0000000e+00   4.4545063e-08
   9.7600000e+02   1.2426870e+01   3.2987810e+00  -2.2793118e-01   0.0000000e+00   4.4637277e-08
   9.7700000e+02   1.2418280e+01   3.2976870e+00  -2.2779421e-01   0.0000000e+00   4.4728698e-08
   9.7800000e+02   1.2409700e+01   3.2965930e+00  -2.2765705e-01   0.0000000e+00   4.4819380e-08
   9.7900000e+02   1.2401140e+01   3.2955000e+00  -2.2751963e-01   0.0000000e+00   4.4909287e-08
   9.8000000e+02   1.2392600e+01   3.2944080e+00  -2.2738189e-01   0.0000000e+00   4.4998434e-08
   9.8100000e+02   1.2384080e+01   3.2933170e+00  -2.2724379e-01   0.0000000e+00   4.5086807e-08
   9.8200000e+02   1.2375570e+01   3.2922270e+00  -2.2710548e-01   0.0000000e+00   4.5174416e-08
   9.8300000e+02   1.2367080e+01   3.2911370e+00  -2.2696698e-01   0.0000000e+00   4.5261289e-08
   9.8400000e+02   1.2358600e+01   3.2900490e+00  -2.2682810e-01   0.0000000e+00   4.5347381e-08
   9.8500000e+02   1.2350150e+01   3.2889610e+00  -2.2668896e-01   0.0000000e+00   4.5432728e-08
   9.8600000e+02   1.2341710e+01   3.2878740e+00  -2.2654954e-01   0.0000000e+00   4.5517307e-08
   9.8700000e+02   1.2333280e+01   3.2867880e+00  -2.2640993e-01   0.0000000e+00   4.5601132e-08
   9.8800000e+02   1.2324880e+01   3.2857030e+00  -2.2626993e-01   0.0000000e+00   4.5684202e-08
   9.8900000e+02   1.2316480e+01   3.2846180e+00  -2.2612980e-01   0.0000000e+00   4.5766546e-08
   9.9000000e+02   1.2308110e+01   3.2835350e+00  -2.2598927e-01   0.0000000e+00   4.5848113e-08
   9.9100000e+02   1.2299750e+01   3.2824520e+00  -2.2584855e-01   0.0000000e+00   4.5928936e-08
   9.9200000e+02   1.2291410e+01   3.2813710e+00  -2.2570743e-01   0.0000000e+00   4.6008990e-08
   9.9300000e+02   1.2283080e+01   3.2802900e+00  -2.2556620e-01   0.0000000e+00   4.6088319e-08
   9.9400000e+02   1.2274770e+01   3.2792100e+00  -2.2542464e-01   0.0000000e+00   4.6166899e-08
   9.9500000e+02   1.2266480e+01   3.2781300e+00  -2.2528289e-01   0.0000000e+00   4.6244738e-08
   9.9600000e+02   1.2258200e+01   3.2770520e+00  -2.2514081e-01   0.0000000e+00   4.6321827e-08
   9.9700000e+02   1.2249940e+01   3.2759750e+00  -2.2499847e-01   0.0000000e+00   4.6398163e-08
   9.9800000e+02   1.2241700e+01   3.2748980e+00  -2.2485588e-01   0.0000000e+00   4.6473772e-08
   9.9900000e+02   1.2233470e+01   3.2738220e+00  -2.2471308e-01   0.0000000e+00   4.6548646e-08
   1.0000000e+03   1.2225250e+01   3.2727470e+00  -2.2457002e-01   0.0000000e+00   4.6622771e-08
   1.0010000e+03   1.2217060e+01   3.2716730e+00  -2.2442659e-01   0.0000000e+00   4.6696165e-08
   1.0020000e+03   1.2208870e+01   3.2706000e+00  -2.2428305e-01   0.0000000e+00   4.6768820e-08
   1.0030000e+03   1.2200710e+01   3.2695280e+00  -2.2413909e-01   0.0000000e+00   4.6840731e-08
   1.0040000e+03   1.2192560e+01   3.2684570e+00  -2.2399498e-01   0.0000000e+00   4.6911917e-08
   1.0050000e+03   1.2184420e+01   3.2673860e+00  -2.2385066e-01   0.0000000e+00   4.6982377e-08
   1.0060000e+03   1.2176300e+01   3.2663160e+00  -2.2370609e-01   0.0000000e+00   4.7052113e-08
   1.0070000e+03   1.2168200e+01   3.2652470e+00  -2.2356121e-01   0.0000000e+00   4.7121112e-08
   1.0080000e+03   1.2160110e+01   3.2641790e+00  -2.2341612e-01   0.0000000e+00   4.7189376e-08
   1.0090000e+03   1.2152040e+01   3.2631120e+00  -2.2327071e-01   0.0000000e+00   4.7256922e-08
   1.0100000e+03   1.2143980e+01   3.2620460e+00  -2.2312513e-01   0.0000000e+00   4.7323740e-08
   1.0110000e+03   1.2135940e+01   3.2609810e+00  -2.2297926e-01   0.0000000e+00   4.7389826e-08
   1.0120000e+03   1.2127910e+01   3.2599160e+00  -2.2283327e-01   0.0000000e+00   4.7455220e-08
   1.0130000e+03   1.2119900e+01   3.2588530e+00  -2.2268691e-01   0.0000000e+00   4.7519874e-08
   1.0140000e+03   1.2111900e+01   3.2577900e+00  -2.2254035e-01   0.0000000e+00   4.7583806e-08
   1.0150000e+03   1.2103920e+01   3.2567280e+00  -2.2239356e-01   0.0000000e+00   4.7647045e-08
   1.0160000e+03   1.2095950e+01   3.2556670e+00  -2.2224653e-01   0.0000000e+00   4.7709546e-08
   1.0170000e+03   1.2088000e+01   3.2546070e+00  -2.2209928e-01   0.0000000e+00   4.7771342e-08
   1.0180000e+03   1.2080070e+01   3.2535470e+00  -2.2195183e-01   0.0000000e+00   4.7832432e-08
   1.0190000e+03   1.2072140e+01   3.2524890e+00  -2.2180405e-01   0.0000000e+00   4.7892799e-08
   1.0200000e+03   1.2064240e+01   3.2514310e+00  -2.2165617e-01   0.0000000e+00   4.7952475e-08
   1.0210000e+03   1.2056350e+01   3.2503750e+00  -2.2150790e-01   0.0000000e+00   4.8011430e-08
   1.0220000e+03   1.2048470e+01   3.2493190e+00  -2.2135952e-01   0.0000000e+00   4.8069679e-08
   1.0230000e+03   1.2040610e+01   3.2482640e+00  -2.2121086e-01   0.0000000e+00   4.8127224e-08
   1.0240000e+03   1.2032760e+01   3.2472100e+00  -2.2106203e-01   0.0000000e+00   4.8184069e-08
   1.0250000e+03   1.2024920e+01   3.2461570e+00  -2.2091294e-01   0.0000000e+00   4.8240220e-08
   1.0260000e+03   1.2017110e+01   3.2451040e+00  -2.2076364e-01   0.0000000e+00   4.8295675e-08
   1.0270000e+03   1.2009300e+01   3.2440530e+00  -2.2061407e-01   0.0000000e+00   4.8350410e-08
   1.0280000e+03   1.2001510e+01   3.2430020e+00  -2.2046434e-01   0.0000000e+00   4.8404474e-08
   1.0290000e+03   1.1993740e+01   3.2419520e+00  -2.2031432e-01   0.0000000e+00   4.8457828e-08
   1.0300000e+03   1.1985980e+01   3.2409030e+00  -2.2016413e-01   0.0000000e+00   4.8510494e-08
   1.0310000e+03   1.1978230e+01   3.2398550e+00  -2.2001374e-01   0.0000000e+00   4.8562485e-08
   1.0320000e+03   1.1970500e+01   3.2388080e+00  -2.1986309e-01   0.0000000e+00   4.8613761e-08
   1.0330000e+03   1.1962780e+01   3.2377620e+00  -2.1971227e-01   0.0000000e+00   4.8664353e-08
   1.0340000e+03   1.1955080e+01   3.2367160e+00  -2.1956124e-01   0.0000000e+00   4.8714277e-08
   1.0350000e+03   1.1947390e+01   3.2356720e+00  -2.1940995e-01   0.0000000e+00   4.8763510e-08
   1.0360000e+03   1.1939710e+01   3.2346280e+00  -2.1925849e-01   0.0000000e+00   4.8812056e-08
   1.0370000e+03   1.1932050e+01   3.2335850e+00  -2.1910685e-01   0.0000000e+00   4.8859924e-08
   1.0380000e+03   1.1924400e+01   3.2325430e+00  -2.1895497e-01   0.0000000e+00   4.8907115e-08
   1.0390000e+03   1.1916770e+01   3.2315020e+00  -2.1880285e-01   0.0000000e+00   4.8953626e-08
   1.0400000e+03   1.1909150e+01   3.2304620e+00  -2.1865055e-01   0.0000000e+00   4.8999461e-08
   1.0410000e+03   1.1901550e+01   3.2294220e+00  -2.1849804e-01   0.0000000e+00   4.9044632e-08
   1.0420000e+03   1.1893950e+01   3.2283840e+00  -2.1834530e-01   0.0000000e+00   4.9089116e-08
   1.0430000e+03   1.1886380e+01   3.2273460e+00  -2.1819240e-01   0.0000000e+00   4.9132932e-08
   1.0440000e+03   1.1878810e+01   3.2263090e+00  -2.1803936e-01   0.0000000e+00   4.9176098e-08
   1.0450000e+03   1.1871260e+01   3.2252730e+00  -2.1788601e-01   0.0000000e+00   4.9218581e-08
   1.0460000e+03   1.1863730e+01   3.2242380e+00  -2.1773250e-01   0.0000000e+00   4.9260406e-08
   1.0470000e+03   1.1856200e+01   3.2232040e+00  -2.1757878e-01   0.0000000e+00   4.9301554e-08
   1.0480000e+03   1.1848690e+01   3.2221710e+00  -2.1742483e-01   0.0000000e+00   4.9342048e-08
   1.0490000e+03   1.1841200e+01   3.2211380e+00  -2.1727079e-01   0.0000000e+00   4.9381902e-08
   1.0500000e+03   1.1833720e+01   3.2201060e+00  -2.1711653e-01   0.0000000e+00   4.9421071e-08
   1.0510000e+03   1.1826250e+01   3.2190760e+00  -2.1696198e-01   0.0000000e+00   4.9459588e-08
   1.0520000e+03   1.1818790e+01   3.2180460e+00  -2.1680736e-01   0.0000000e+00   4.9497453e-08
   1.0530000e+03   1.1811350e+01   3.2170170e+00  -2.1665250e-01   0.0000000e+00   4.9534690e-08
   1.0540000e+03   1.1803920e+01   3.2159880e+00  -2.1649751e-01   0.0000000e+00   4.9571257e-08
   1.0550000e+03   1.1796510e+01   3.2149610e+00  -2.1634227e-01   0.0000000e+00   4.9607174e-08
   1.0560000e+03   1.1789110e+01   3.2139350e+00  -2.1618678e-01   0.0000000e+00   4.9642451e-08
   1.0570000e+03   1.1781720e+01   3.2129090e+00  -2.1603122e-01   0.0000000e+00   4.9677069e-08
   1.0580000e+03   1.1774340e+01   3.2118840e+00  -2.1587547e-01   0.0000000e+00   4.9711059e-08
   1.0590000e+03   1.1766980e+01   3.2108600e+00  -2.1571950e-01   0.0000000e+00   4.9744408e-08
   1.0600000e+03   1.1759630e+01   3.2098370e+00  -2.1556334e-01   0.0000000e+00   4.9777108e-08
   1.0610000e+03   1.1752300e+01   3.2088150e+00  -2.1540695e-01   0.0000000e+00   4.9809171e-08
   1.0620000e+03   1.1744980e+01   3.2077940e+00  -2.1525045e-01   0.0000000e+00   4.9840600e-08
   1.0630000e+03   1.1737670e+01   3.2067730e+00  -2.1509383e-01   0.0000000e+00   4.9871404e-08
   1.0640000e+03   1.1730370e+01   3.2057530e+00  -2.1493695e-01   0.0000000e+00   4.9901570e-08
   1.0650000e+03   1.1723090e+01   3.2047350e+00  -2.1477986e-01   0.0000000e+00   4.9931101e-08
   1.0660000e+03   1.1715820e+01   3.2037170e+00  -2.1462268e-01   0.0000000e+00   4.9960004e-08
   1.0670000e+03   1.1708560e+01   3.2027000e+00  -2.1446530e-01   0.0000000e+00   4.9988286e-08
   1.0680000e+03   1.1701310e+01   3.2016830e+00  -2.1430781e-01   0.0000000e+00   5.0015949e-08
   1.0690000e+03   1.1694080e+01   3.2006680e+00  -2.1415008e-01   0.0000000e+00   5.0042983e-08
   1.0700000e+03   1.1686860e+01   3.1996530e+00  -2.1399219e-01   0.0000000e+00   5.0069398e-08
   1.0710000e+03   1.1679650e+01   3.1986400e+00  -2.1383409e-01   0.0000000e+00   5.0095180e-08
   1.0720000e+03   1.1672460e+01   3.1976270e+00  -2.1367587e-01   0.0000000e+00   5.0120364e-08
   1.0730000e+03   1.1665280e+01   3.1966150e+00  -2.1351746e-01   0.0000000e+00   5.0144923e-08
   1.0740000e+03   1.1658110e+01   3.1956040e+00  -2.1335894e-01   0.0000000e+00   5.0168885e-08
   1.0750000e+03   1.1650950e+01   3.1945930e+00  -2.1320024e-01   0.0000000e+00   5.0192224e-08
   1.0760000e+03   1.1643810e+01   3.1935840e+00  -2.1304131e-01   0.0000000e+00   5.0214952e-08
   1.0770000e+03   1.1636680e+01   3.1925750e+00  -2.1288234e-01   0.0000000e+00   5.0237082e-08
   1.0780000e+03   1.1629560e+01   3.1915670e+00  -2.1272315e-01   0.0000000e+00   5.0258606e-08
   1.0790000e+03   1.1622450e+01   3.1905600e+00  -2.1256378e-01   0.0000000e+00   5.0279516e-08
   1.0800000e+03   1.1615360e+01   3.1895540e+00  -2.1240429e-01   0.0000000e+00   5.0299835e-08
   1.0810000e+03   1.1608280e+01   3.1885490e+00  -2.1224463e-01   0.0000000e+00   5.0319544e-08
   1.0820000e+03   1.1601210e+01   3.1875450e+00  -2.1208473e-01   0.0000000e+00   5.0338651e-08
   1.0830000e+03   1.1594150e+01   3.1865410e+00  -2.1192481e-01   0.0000000e+00   5.0357172e-08
   1.0840000e+03   1.1587110e+01   3.1855380e+00  -2.1176464e-01   0.0000000e+00   5.0375112e-08
   1.0850000e+03   1.1580080e+01   3.1845360e+00  -2.1160440e-01   0.0000000e+00   5.0392455e-08
   1.0860000e+03   1.1573060e+01   3.1835350e+00  -2.1144393e-01   0.0000000e+00   5.0409196e-08
   1.0870000e+03   1.1566050e+01   3.1825350e+00  -2.1128337e-01   0.0000000e+00   5.0425352e-08
   1.0880000e+03   1.1559050e+01   3.1815360e+00  -2.1112264e-01   0.0000000e+00   5.0440920e-08
   1.0890000e+03   1.1552070e+01   3.1805370e+00  -2.1096179e-01   0.0000000e+00   5.0455916e-08
   1.0900000e+03   1.1545100e+01   3.1795400e+00  -2.1080069e-01   0.0000000e+00   5.0470308e-08
   1.0910000e+03   1.1538140e+01   3.1785430e+00  -2.1063949e-01   0.0000000e+00   5.0484138e-08
   1.0920000e+03   1.1531190e+01   3.1775470e+00  -2.1047822e-01   0.0000000e+00   5.0497388e-08
   1.0930000e+03   1.1524250e+01   3.1765510e+00  -2.1031682e-01   0.0000000e+00   5.0510076e-08
   1.0940000e+03   1.1517330e+01   3.1755570e+00  -2.1015518e-01   0.0000000e+00   5.0522174e-08
   1.0950000e+03   1.1510420e+01   3.1745630e+00  -2.0999347e-01   0.0000000e+00   5.0533707e-08
   1.0960000e+03   1.1503520e+01   3.1735710e+00  -2.0983153e-01   0.0000000e+00   5.0544652e-08
   1.0970000e+03   1.1496630e+01   3.1725790e+00  -2.0966955e-01   0.0000000e+00   5.0555051e-08
   1.0980000e+03   1.1489750e+01   3.1715880e+00  -2.0950737e-01   0.0000000e+00   5.0564869e-08
   1.0990000e+03   1.1482890e+01   3.1705970e+00  -2.0934517e-01   0.0000000e+00   5.0574145e-08
   1.1000000e+03   1.1476040e+01   3.1696080e+00  -2.0918269e-01   0.0000000e+00   5.0582838e-08
   1.1010000e+03   1.1469190e+01   3.1686190e+00  -2.0902019e-01   0.0000000e+00   5.0590988e-08
   1.1020000e+03   1.1462360e+01   3.1676320e+00  -2.0885742e-01   0.0000000e+00   5.0598549e-08
   1.1030000e+03   1.1455550e+01   3.1666450e+00  -2.0869459e-01   0.0000000e+00   5.0605575e-08
   1.1040000e+03   1.1448740e+01   3.1656580e+00  -2.0853169e-01   0.0000000e+00   5.0612056e-08
   1.1050000e+03   1.1441950e+01   3.1646730e+00  -2.0836860e-01   0.0000000e+00   5.0617971e-08
   1.1060000e+03   1.1435160e+01   3.1636890e+00  -2.0820539e-01   0.0000000e+00   5.0623334e-08
   1.1070000e+03   1.1428390e+01   3.1627050e+00  -2.0804204e-01   0.0000000e+00   5.0628167e-08
   1.1080000e+03   1.1421630e+01   3.1617220e+00  -2.0787860e-01   0.0000000e+00   5.0632437e-08
   1.1090000e+03   1.1414880e+01   3.1607400e+00  -2.0771497e-01   0.0000000e+00   5.0636171e-08
   1.1100000e+03   1.1408140e+01   3.1597590e+00  -2.0755123e-01   0.0000000e+00   5.0639349e-08
   1.1110000e+03   1.1401420e+01   3.1587780e+00  -2.0738744e-01   0.0000000e+00   5.0642014e-08
   1.1120000e+03   1.1394700e+01   3.1577990e+00  -2.0722342e-01   0.0000000e+00   5.0644109e-08
   1.1130000e+03   1.1388000e+01   3.1568200e+00  -2.0705934e-01   0.0000000e+00   5.0645687e-08
   1.1140000e+03   1.1381310e+01   3.1558420e+00  -2.0689513e-01   0.0000000e+00   5.0646735e-08
   1.1150000e+03   1.1374630e+01   3.1548650e+00  -2.0673079e-01   0.0000000e+00   5.0647242e-08
   1.1160000e+03   1.1367960e+01   3.1538880e+00  -2.0656636e-01   0.0000000e+00   5.0647223e-08
   1.1170000e+03   1.1361300e+01   3.1529130e+00  -2.0640180e-01   0.0000000e+00   5.0646678e-08
   1.1180000e+03   1.1354650e+01   3.1519380e+00  -2.0623713e-01   0.0000000e+00   5.0645599e-08
   1.1190000e+03   1.1348020e+01   3.1509640e+00  -2.0607232e-01   0.0000000e+00   5.0644005e-08
   1.1200000e+03   1.1341390e+01   3.1499910e+00  -2.0590743e-01   0.0000000e+00   5.0641887e-08
   1.1210000e+03   1.1334780e+01   3.1490190e+00  -2.0574236e-01   0.0000000e+00   5.0639245e-08
   1.1220000e+03   1.1328170e+01   3.1480470e+00  -2.0557728e-01   0.0000000e+00   5.0636093e-08
   1.1230000e+03   1.1321580e+01   3.1470760e+00  -2.0541201e-01   0.0000000e+00   5.0632417e-08
   1.1240000e+03   1.1315000e+01   3.1461060e+00  -2.0524671e-01   0.0000000e+00   5.0628240e-08
   1.1250000e+03   1.1308430e+01   3.1451370e+00  -2.0508117e-01   0.0000000e+00   5.0623538e-08
   1.1260000e+03   1.1301870e+01   3.1441690e+00  -2.0491560e-01   0.0000000e+00   5.0618328e-08
   1.1270000e+03   1.1295320e+01   3.1432010e+00  -2.0474995e-01   0.0000000e+00   5.0612622e-08
   1.1280000e+03   1.1288790e+01   3.1422350e+00  -2.0458404e-01   0.0000000e+00   5.0606388e-08
   1.1290000e+03   1.1282260e+01   3.1412690e+00  -2.0441816e-01   0.0000000e+00   5.0599665e-08
   1.1300000e+03   1.1275750e+01   3.1403030e+00  -2.0425219e-01   0.0000000e+00   5.0592451e-08
   1.1310000e+03   1.1269240e+01   3.1393390e+00  -2.0408609e-01   0.0000000e+00   5.0584723e-08
   1.1320000e+03   1.1262750e+01   3.1383760e+00  -2.0391978e-01   0.0000000e+00   5.0576484e-08
   1.1330000e+03   1.1256260e+01   3.1374130e+00  -2.0375352e-01   0.0000000e+00   5.0567776e-08
   1.1340000e+03   1.1249790e+01   3.1364510e+00  -2.0358710e-01   0.0000000e+00   5.0558570e-08
   1.1350000e+03   1.1243330e+01   3.1354900e+00  -2.0342057e-01   0.0000000e+00   5.0548861e-08
   1.1360000e+03   1.1236880e+01   3.1345290e+00  -2.0325397e-01   0.0000000e+00   5.0538676e-08
   1.1370000e+03   1.1230440e+01   3.1335690e+00  -2.0308731e-01   0.0000000e+00   5.0528010e-08
   1.1380000e+03   1.1224010e+01   3.1326110e+00  -2.0292041e-01   0.0000000e+00   5.0516829e-08
   1.1390000e+03   1.1217590e+01   3.1316520e+00  -2.0275360e-01   0.0000000e+00   5.0505201e-08
   1.1400000e+03   1.1211180e+01   3.1306950e+00  -2.0258652e-01   0.0000000e+00   5.0493059e-08
   1.1410000e+03   1.1204780e+01   3.1297390e+00  -2.0241939e-01   0.0000000e+00   5.0480439e-08
   1.1420000e+03   1.1198400e+01   3.1287830e+00  -2.0225218e-01   0.0000000e+00   5.0467360e-08
   1.1430000e+03   1.1192020e+01   3.1278280e+00  -2.0208490e-01   0.0000000e+00   5.0453799e-08
   1.1440000e+03   1.1185650e+01   3.1268740e+00  -2.0191755e-01   0.0000000e+00   5.0439783e-08
   1.1450000e+03   1.1179300e+01   3.1259200e+00  -2.0175008e-01   0.0000000e+00   5.0425277e-08
   1.1460000e+03   1.1172950e+01   3.1249680e+00  -2.0158249e-01   0.0000000e+00   5.0410304e-08
   1.1470000e+03   1.1166620e+01   3.1240160e+00  -2.0141479e-01   0.0000000e+00   5.0394857e-08
   1.1480000e+03   1.1160290e+01   3.1230650e+00  -2.0124706e-01   0.0000000e+00   5.0378950e-08
   1.1490000e+03   1.1153980e+01   3.1221140e+00  -2.0107925e-01   0.0000000e+00   5.0362592e-08
   1.1500000e+03   1.1147670e+01   3.1211650e+00  -2.0091130e-01   0.0000000e+00   5.0345754e-08
   1.1510000e+03   1.1141380e+01   3.1202160e+00  -2.0074333e-01   0.0000000e+00   5.0328475e-08
   1.1520000e+03   1.1135090e+01   3.1192680e+00  -2.0057524e-01   0.0000000e+00   5.0310722e-08
   1.1530000e+03   1.1128820e+01   3.1183210e+00  -2.0040704e-01   0.0000000e+00   5.0292529e-08
   1.1540000e+03   1.1122560e+01   3.1173740e+00  -2.0023876e-01   0.0000000e+00   5.0273878e-08
   1.1550000e+03   1.1116300e+01   3.1164280e+00  -2.0007047e-01   0.0000000e+00   5.0254775e-08
   1.1560000e+03   1.1110060e+01   3.1154840e+00  -1.9990196e-01   0.0000000e+00   5.0235209e-08
   1.1570000e+03   1.1103830e+01   3.1145390e+00  -1.9973349e-01   0.0000000e+00   5.0215223e-08
   1.1580000e+03   1.1097600e+01   3.1135960e+00  -1.9956486e-01   0.0000000e+00   5.0194767e-08
   1.1590000e+03   1.1091390e+01   3.1126530e+00  -1.9939624e-01   0.0000000e+00   5.0173895e-08
   1.1600000e+03   1.1085190e+01   3.1117110e+00  -1.9922744e-01   0.0000000e+00   5.0152563e-08
   1.1610000e+03   1.1078990e+01   3.1107700e+00  -1.9905865e-01   0.0000000e+00   5.0130799e-08
   1.1620000e+03   1.1072810e+01   3.1098300e+00  -1.9888970e-01   0.0000000e+00   5.0108599e-08
   1.1630000e+03   1.1066640e+01   3.1088900e+00  -1.9872073e-01   0.0000000e+00   5.0085963e-08
   1.1640000e+03   1.1060480e+01   3.1079510e+00  -1.9855166e-01   0.0000000e+00   5.0062895e-08
   1.1650000e+03   1.1054320e+01   3.1070130e+00  -1.9838252e-01   0.0000000e+00   5.0039390e-08
   1.1660000e+03   1.1048180e+01   3.1060750e+00  -1.9821337e-01   0.0000000e+00   5.0015477e-08
   1.1670000e+03   1.1042050e+01   3.1051390e+00  -1.9804399e-01   0.0000000e+00   4.9991112e-08
   1.1680000e+03   1.1035920e+01   3.1042030e+00  -1.9787468e-01   0.0000000e+00   4.9966329e-08
   1.1690000e+03   1.1029810e+01   3.1032670e+00  -1.9770531e-01   0.0000000e+00   4.9941141e-08
   1.1700000e+03   1.1023710e+01   3.1023330e+00  -1.9753576e-01   0.0000000e+00   4.9915514e-08
   1.1710000e+03   1.1017610e+01   3.1013990e+00  -1.9736624e-01   0.0000000e+00   4.9889480e-08
   1.1720000e+03   1.1011530e+01   3.1004660e+00  -1.9719656e-01   0.0000000e+00   4.9863021e-08
   1.1730000e+03   1.1005450e+01   3.0995340e+00  -1.9702682e-01   0.0000000e+00   4.9836141e-08
   1.1740000e+03   1.0999390e+01   3.0986030e+00  -1.9685702e-01   0.0000000e+00   4.9808852e-08
   1.1750000e+03   1.0993330e+01   3.0976720e+00  -1.9668723e-01   0.0000000e+00   4.9781164e-08
   1.1760000e+03   1.0987290e+01   3.0967420e+00  -1.9651723e-01   0.0000000e+00   4.9753050e-08
   1.1770000e+03   1.0981250e+01   3.0958130e+00  -1.9634727e-01   0.0000000e+00   4.9724538e-08
   1.1780000e+03   1.0975230e+01   3.0948840e+00  -1.9617720e-01   0.0000000e+00   4.9695627e-08
   1.1790000e+03   1.0969210e+01   3.0939560e+00  -1.9600717e-01   0.0000000e+00   4.9666324e-08
   1.1800000e+03   1.0963200e+01   3.0930290e+00  -1.9583698e-01   0.0000000e+00   4.9636597e-08
   1.1810000e+03   1.0957210e+01   3.0921030e+00  -1.9566672e-01   0.0000000e+00   4.9606477e-08
   1.1820000e+03   1.0951220e+01   3.0911770e+00  -1.9549640e-01   0.0000000e+00   4.9575964e-08
   1.1830000e+03   1.0945240e+01   3.0902520e+00  -1.9532605e-01   0.0000000e+00   4.9545063e-08
   1.1840000e+03   1.0939270e+01   3.0893280e+00  -1.9515563e-01   0.0000000e+00   4.9513762e-08
   1.1850000e+03   1.0933310e+01   3.0884040e+00  -1.9498517e-01   0.0000000e+00   4.9482074e-08
   1.1860000e+03   1.0927360e+01   3.0874820e+00  -1.9481461e-01   0.0000000e+00   4.9449993e-08
   1.1870000e+03   1.0921420e+01   3.0865600e+00  -1.9464399e-01   0.0000000e+00   4.9417521e-08
   1.1880000e+03   1.0915490e+01   3.0856380e+00  -1.9447338e-01   0.0000000e+00   4.9384692e-08
   1.1890000e+03   1.0909570e+01   3.0847180e+00  -1.9430263e-01   0.0000000e+00   4.9351450e-08
   1.1900000e+03   1.0903660e+01   3.0837980e+00  -1.9413186e-01   0.0000000e+00   4.9317838e-08
   1.1910000e+03   1.0897750e+01   3.0828790e+00  -1.9396103e-01   0.0000000e+00   4.9283847e-08
   1.1920000e+03   1.0891860e+01   3.0819600e+00  -1.9379016e-01   0.0000000e+00   4.9249484e-08
   1.1930000e+03   1.0885980e+01   3.0810420e+00  -1.9361920e-01   0.0000000e+00   4.9214733e-08
   1.1940000e+03   1.0880100e+01   3.0801250e+00  -1.9344825e-01   0.0000000e+00   4.9179621e-08
   1.1950000e+03   1.0874230e+01   3.0792090e+00  -1.9327714e-01   0.0000000e+00   4.9144125e-08
   1.1960000e+03   1.0868380e+01   3.0782930e+00  -1.9310606e-01   0.0000000e+00   4.9108279e-08
   1.1970000e+03   1.0862530e+01   3.0773790e+00  -1.9293485e-01   0.0000000e+00   4.9072042e-08
   1.1980000e+03   1.0856690e+01   3.0764640e+00  -1.9276370e-01   0.0000000e+00   4.9035465e-08
   1.1990000e+03   1.0850860e+01   3.0755510e+00  -1.9259244e-01   0.0000000e+00   4.8998515e-08
   1.2000000e+03   1.0845040e+01   3.0746380e+00  -1.9242113e-01   0.0000000e+00   4.8961204e-08
   1.2010000e+03   1.0839230e+01   3.0737260e+00  -1.9224979e-01   0.0000000e+00   4.8923533e-08
   1.2020000e+03   1.0833430e+01   3.0728150e+00  -1.9207829e-01   0.0000000e+00   4.8885487e-08
   1.2030000e+03   1.0827640e+01   3.0719040e+00  -1.9190686e-01   0.0000000e+00   4.8847112e-08
   1.2040000e+03   1.0821860e+01   3.0709940e+00  -1.9173533e-01   0.0000000e+00   4.8808371e-08
   1.2050000e+03   1.0816080e+01   3.0700840e+00  -1.9156390e-01   0.0000000e+00   4.8769305e-08
   1.2060000e+03   1.0810320e+01   3.0691760e+00  -1.9139221e-01   0.0000000e+00   4.8729852e-08
   1.2070000e+03   1.0804560e+01   3.0682680e+00  -1.9122061e-01   0.0000000e+00   4.8690074e-08
   1.2080000e+03   1.0798810e+01   3.0673610e+00  -1.9104886e-01   0.0000000e+00   4.8649935e-08
   1.2090000e+03   1.0793070e+01   3.0664540e+00  -1.9087718e-01   0.0000000e+00   4.8609468e-08
   1.2100000e+03   1.0787340e+01   3.0655480e+00  -1.9070541e-01   0.0000000e+00   4.8568657e-08
   1.2110000e+03   1.0781620e+01   3.0646430e+00  -1.9053363e-01   0.0000000e+00   4.8527501e-08
   1.2120000e+03   1.0775910e+01   3.0637390e+00  -1.9036170e-01   0.0000000e+00   4.8486002e-08
   1.2130000e+03   1.0770210e+01   3.0628350e+00  -1.9018983e-01   0.0000000e+00   4.8444182e-08
   1.2140000e+03   1.0764510e+01   3.0619320e+00  -1.9001784e-01   0.0000000e+00   4.8402013e-08
   1.2150000e+03   1.0758830e+01   3.0610290e+00  -1.8984588e-01   0.0000000e+00   4.8359529e-08
   1.2160000e+03   1.0753150e+01   3.0601270e+00  -1.8967388e-01   0.0000000e+00   4.8316700e-08
   1.2170000e+03   1.0747490e+01   3.0592260e+00  -1.8950175e-01   0.0000000e+00   4.8273538e-08
   1.2180000e+03   1.0741830e+01   3.0583260e+00  -1.8932967e-01   0.0000000e+00   4.8230064e-08
   1.2190000e+03   1.0736180e+01   3.0574260e+00  -1.8915750e-01   0.0000000e+00   4.8186260e-08
   1.2200000e+03   1.0730540e+01   3.0565270e+00  -1.8898532e-01   0.0000000e+00   4.8142134e-08
   1.2210000e+03   1.0724900e+01   3.0556290e+00  -1.8881311e-01   0.0000000e+00   4.8097683e-08
   1.2220000e+03   1.0719280e+01   3.0547310e+00  -1.8864086e-01   0.0000000e+00   4.8052924e-08
   1.2230000e+03   1.0713670e+01   3.0538340e+00  -1.8846857e-01   0.0000000e+00   4.8007853e-08
   1.2240000e+03   1.0708060e+01   3.0529380e+00  -1.8829621e-01   0.0000000e+00   4.7962442e-08
   1.2250000e+03   1.0702460e+01   3.0520420e+00  -1.8812389e-01   0.0000000e+00   4.7916742e-08
   1.2260000e+03   1.0696870e+01   3.0511470e+00  -1.8795144e-01   0.0000000e+00   4.7870708e-08
   1.2270000e+03   1.0691290e+01   3.0502520e+00  -1.8777905e-01   0.0000000e+00   4.7824387e-08
   1.2280000e+03   1.0685720e+01   3.0493590e+00  -1.8760656e-01   0.0000000e+00   4.7777749e-08
   1.2290000e+03   1.0680160e+01   3.0484660e+00  -1.8743402e-01   0.0000000e+00   4.7730802e-08
   1.2300000e+03   1.0674600e+01   3.0475730e+00  -1.8726152e-01   0.0000000e+00   4.7683561e-08
   1.2310000e+03   1.0669060e+01   3.0466820e+00  -1.8708890e-01   0.0000000e+00   4.7635999e-08
   1.2320000e+03   1.0663520e+01   3.0457900e+00  -1.8691639e-01   0.0000000e+00   4.7588169e-08
   1.2330000e+03   1.0657990e+01   3.0449000e+00  -1.8674371e-01   0.0000000e+00   4.7540017e-08
   1.2340000e+03   1.0652470e+01   3.0440100e+00  -1.8657105e-01   0.0000000e+00   4.7491576e-08
   1.2350000e+03   1.0646960e+01   3.0431210e+00  -1.8639838e-01   0.0000000e+00   4.7442843e-08
   1.2360000e+03   1.0641450e+01   3.0422330e+00  -1.8622561e-01   0.0000000e+00   4.7393801e-08
   1.2370000e+03   1.0635960e+01   3.0413450e+00  -1.8605287e-01   0.0000000e+00   4.7344481e-08
   1.2380000e+03   1.0630470e+01   3.0404580e+00  -1.8588008e-01   0.0000000e+00   4.7294875e-08
   1.2390000e+03   1.0624990e+01   3.0395710e+00  -1.8570736e-01   0.0000000e+00   4.7244999e-08
   1.2400000e+03   1.0619520e+01   3.0386850e+00  -1.8553453e-01   0.0000000e+00   4.7194816e-08
   1.2410000e+03   1.0614060e+01   3.0378000e+00  -1.8536165e-01   0.0000000e+00   4.7144354e-08
   1.2420000e+03   1.0608610e+01   3.0369150e+00  -1.8518874e-01   0.0000000e+00   4.7093602e-08
   1.2430000e+03   1.0603160e+01   3.0360310e+00  -1.8501585e-01   0.0000000e+00   4.7042582e-08
   1.2440000e+03   1.0597730e+01   3.0351480e+00  -1.8484291e-01   0.0000000e+00   4.6991283e-08
   1.2450000e+03   1.0592300e+01   3.0342650e+00  -1.8466997e-01   0.0000000e+00   4.6939707e-08
   1.2460000e+03   1.0586880e+01   3.0333830e+00  -1.8449702e-01   0.0000000e+00   4.6887865e-08
   1.2470000e+03   1.0581470e+01   3.0325020e+00  -1.8432391e-01   0.0000000e+00   4.6835724e-08
   1.2480000e+03   1.0576060e+01   3.0316210e+00  -1.8415092e-01   0.0000000e+00   4.6783323e-08
   1.2490000e+03   1.0570670e+01   3.0307410e+00  -1.8397788e-01   0.0000000e+00   4.6730679e-08
   1.2500000e+03   1.0565280e+01   3.0298620e+00  -1.8380476e-01   0.0000000e+00   4.6677736e-08
   1.2510000e+03   1.0559900e+01   3.0289830e+00  -1.8363170e-01   0.0000000e+00   4.6624550e-08
   1.2520000e+03   1.0554530e+01   3.0281040e+00  -1.8345858e-01   0.0000000e+00   4.6571090e-08
   1.2530000e+03   1.0549170e+01   3.0272270e+00  -1.8328538e-01   0.0000000e+00   4.6517366e-08
   1.2540000e+03   1.0543810e+01   3.0263500e+00  -1.8311228e-01   0.0000000e+00   4.6463404e-08
   1.2550000e+03   1.0538470e+01   3.0254730e+00  -1.8293910e-01   0.0000000e+00   4.6409162e-08
   1.2560000e+03   1.0533130e+01   3.0245980e+00  -1.8276587e-01   0.0000000e+00   4.6354670e-08
   1.2570000e+03   1.0527800e+01   3.0237230e+00  -1.8259265e-01   0.0000000e+00   4.6299924e-08
   1.2580000e+03   1.0522480e+01   3.0228480e+00  -1.8241944e-01   0.0000000e+00   4.6244924e-08
   1.2590000e+03   1.0517160e+01   3.0219740e+00  -1.8224620e-01   0.0000000e+00   4.6189677e-08
   1.2600000e+03   1.0511860e+01   3.0211010e+00  -1.8207291e-01   0.0000000e+00   4.6134184e-08
   1.2610000e+03   1.0506560e+01   3.0202280e+00  -1.8189961e-01   0.0000000e+00   4.6078433e-08
   1.2620000e+03   1.0501270e+01   3.0193560e+00  -1.8172629e-01   0.0000000e+00   4.6022441e-08
   1.2630000e+03   1.0495990e+01   3.0184850e+00  -1.8155293e-01   0.0000000e+00   4.5966202e-08
   1.2640000e+03   1.0490710e+01   3.0176140e+00  -1.8137965e-01   0.0000000e+00   4.5909737e-08
   1.2650000e+03   1.0485450e+01   3.0167440e+00  -1.8120622e-01   0.0000000e+00   4.5853007e-08
   1.2660000e+03   1.0480190e+01   3.0158740e+00  -1.8103291e-01   0.0000000e+00   4.5796067e-08
   1.2670000e+03   1.0474940e+01   3.0150050e+00  -1.8085952e-01   0.0000000e+00   4.5738876e-08
   1.2680000e+03   1.0469700e+01   3.0141370e+00  -1.8068612e-01   0.0000000e+00   4.5681458e-08
   1.2690000e+03   1.0464460e+01   3.0132690e+00  -1.8051270e-01   0.0000000e+00   4.5623792e-08
   1.2700000e+03   1.0459230e+01   3.0124020e+00  -1.8033929e-01   0.0000000e+00   4.5565903e-08
   1.2710000e+03   1.0454020e+01   3.0115350e+00  -1.8016586e-01   0.0000000e+00   4.5507789e-08
   1.2720000e+03   1.0448810e+01   3.0106690e+00  -1.7999240e-01   0.0000000e+00   4.5449444e-08
   1.2730000e+03   1.0443600e+01   3.0098040e+00  -1.7981897e-01   0.0000000e+00   4.5390873e-08
   1.2740000e+03   1.0438410e+01   3.0089390e+00  -1.7964551e-01   0.0000000e+00   4.5332081e-08
   1.2750000e+03   1.0433220e+01   3.0080750e+00  -1.7947203e-01   0.0000000e+00   4.5273065e-08
   1.2760000e+03   1.0428040e+01   3.0072110e+00  -1.7929855e-01   0.0000000e+00   4.5213828e-08
   1.2770000e+03   1.0422870e+01   3.0063480e+00  -1.7912502e-01   0.0000000e+00   4.5154367e-08
   1.2780000e+03   1.0417700e+01   3.0054860e+00  -1.7895150e-01   0.0000000e+00   4.5094686e-08
   1.2790000e+03   1.0412550e+01   3.0046240e+00  -1.7877798e-01   0.0000000e+00   4.5034802e-08
   1.2800000e+03   1.0407400e+01   3.0037630e+00  -1.7860443e-01   0.0000000e+00   4.4974683e-08
   1.2810000e+03   1.0402260e+01   3.0029020e+00  -1.7843088e-01   0.0000000e+00   4.4914365e-08
   1.2820000e+03   1.0397130e+01   3.0020420e+00  -1.7825735e-01   0.0000000e+00   4.4853840e-08
   1.2830000e+03   1.0392000e+01   3.0011830e+00  -1.7808378e-01   0.0000000e+00   4.4793100e-08
   1.2840000e+03   1.0386880e+01   3.0003240e+00  -1.7791022e-01   0.0000000e+00   4.4732150e-08
   1.2850000e+03   1.0381770e+01   2.9994660e+00  -1.7773666e-01   0.0000000e+00   4.4671004e-08
   1.2860000e+03   1.0376670e+01   2.9986080e+00  -1.7756305e-01   0.0000000e+00   4.4609639e-08
   1.2870000e+03   1.0371580e+01   2.9977510e+00  -1.7738945e-01   0.0000000e+00   4.4548084e-08
   1.2880000e+03   1.0366490e+01   2.9968940e+00  -1.7721590e-01   0.0000000e+00   4.4486331e-08
   1.2890000e+03   1.0361410e+01   2.9960380e+00  -1.7704233e-01   0.0000000e+00   4.4424384e-08
   1.2900000e+03   1.0356340e+01   2.9951830e+00  -1.7686872e-01   0.0000000e+00   4.4362230e-08
   1.2910000e+03   1.0351270e+01   2.9943280e+00  -1.7669515e-01   0.0000000e+00   4.4299879e-08
   1.2920000e+03   1.0346210e+01   2.9934740e+00  -1.7652153e-01   0.0000000e+00   4.4237329e-08
   1.2930000e+03   1.0341170e+01   2.9926200e+00  -1.7634788e-01   0.0000000e+00   4.4174590e-08
   1.2940000e+03   1.0336120e+01   2.9917670e+00  -1.7617429e-01   0.0000000e+00   4.4111665e-08
   1.2950000e+03   1.0331090e+01   2.9909140e+00  -1.7600069e-01   0.0000000e+00   4.4048553e-08
   1.2960000e+03   1.0326060e+01   2.9900620e+00  -1.7582713e-01   0.0000000e+00   4.3985268e-08
   1.2970000e+03   1.0321040e+01   2.9892110e+00  -1.7565344e-01   0.0000000e+00   4.3921760e-08
   1.2980000e+03   1.0316030e+01   2.9883600e+00  -1.7547983e-01   0.0000000e+00   4.3858092e-08
   1.2990000e+03   1.0311030e+01   2.9875100e+00  -1.7530616e-01   0.0000000e+00   4.3794233e-08
   1.3000000e+03   1.0306030e+01   2.9866600e+00  -1.7513260e-01   0.0000000e+00   4.3730207e-08
   1.3010000e+03   1.0301040e+01   2.9858110e+00  -1.7495893e-01   0.0000000e+00   4.3665980e-08
   1.3020000e+03   1.0296060e+01   2.9849620e+00  -1.7478539e-01   0.0000000e+00   4.3601607e-08
   1.3030000e+03   1.0291080e+01   2.9841140e+00  -1.7461177e-01   0.0000000e+00   4.3537040e-08
   1.3040000e+03   1.0286110e+01   2.9832670e+00  -1.7443808e-01   0.0000000e+00   4.3472271e-08
   1.3050000e+03   1.0281150e+01   2.9824200e+00  -1.7426446e-01   0.0000000e+00   4.3407366e-08
   1.3060000e+03   1.0276200e+01   2.9815730e+00  -1.7409086e-01   0.0000000e+00   4.3342280e-08
   1.3070000e+03   1.0271250e+01   2.9807280e+00  -1.7391723e-01   0.0000000e+00   4.3277030e-08
   1.3080000e+03   1.0266320e+01   2.9798820e+00  -1.7374366e-01   0.0000000e+00   4.3211619e-08
   1.3090000e+03   1.0261390e+01   2.9790380e+00  -1.7356998e-01   0.0000000e+00   4.3146017e-08
   1.3100000e+03   1.0256460e+01   2.9781930e+00  -1.7339643e-01   0.0000000e+00   4.3080269e-08
   1.3110000e+03   1.0251540e+01   2.9773500e+00  -1.7322281e-01   0.0000000e+00   4.3014341e-08
   1.3120000e+03   1.0246640e+01   2.9765070e+00  -1.7304917e-01   0.0000000e+00   4.2948270e-08
   1.3130000e+03   1.0241730e+01   2.9756640e+00  -1.7287562e-01   0.0000000e+00   4.2882029e-08
   1.3140000e+03   1.0236840e+01   2.9748220e+00  -1.7270197e-01   0.0000000e+00   4.2815624e-08
   1.3150000e+03   1.0231950e+01   2.9739810e+00  -1.7252837e-01   0.0000000e+00   4.2749058e-08
   1.3160000e+03   1.0227070e+01   2.9731400e+00  -1.7235478e-01   0.0000000e+00   4.2682347e-08
   1.3170000e+03   1.0222200e+01   2.9722990e+00  -1.7218128e-01   0.0000000e+00   4.2615503e-08
   1.3180000e+03   1.0217330e+01   2.9714600e+00  -1.7200767e-01   0.0000000e+00   4.2548479e-08
   1.3190000e+03   1.0212470e+01   2.9706200e+00  -1.7183414e-01   0.0000000e+00   4.2481320e-08
   1.3200000e+03   1.0207620e+01   2.9697820e+00  -1.7166049e-01   0.0000000e+00   4.2413983e-08
   1.3210000e+03   1.0202780e+01   2.9689430e+00  -1.7148699e-01   0.0000000e+00   4.2346537e-08
   1.3220000e+03   1.0197940e+01   2.9681060e+00  -1.7131341e-01   0.0000000e+00   4.2278920e-08
   1.3230000e+03   1.0193110e+01   2.9672680e+00  -1.7113990e-01   0.0000000e+00   4.2211164e-08
   1.3240000e+03   1.0188290e+01   2.9664320e+00  -1.7096632e-01   0.0000000e+00   4.2143257e-08
   1.3250000e+03   1.0183470e+01   2.9655960e+00  -1.7079282e-01   0.0000000e+00   4.2075224e-08
   1.3260000e+03   1.0178660e+01   2.9647600e+00  -1.7061930e-01   0.0000000e+00   4.2007041e-08
   1.3270000e+03   1.0173860e+01   2.9639250e+00  -1.7044581e-01   0.0000000e+00   4.1938724e-08
   1.3280000e+03   1.0169060e+01   2.9630910e+00  -1.7027229e-01   0.0000000e+00   4.1870265e-08
   1.3290000e+03   1.0164280e+01   2.9622570e+00  -1.7009876e-01   0.0000000e+00   4.1801665e-08
   1.3300000e+03   1.0159500e+01   2.9614230e+00  -1.6992533e-01   0.0000000e+00   4.1732958e-08
   1.3310000e+03   1.0154720e+01   2.9605900e+00  -1.6975188e-01   0.0000000e+00   4.1664096e-08
   1.3320000e+03   1.0149950e+01   2.9597580e+00  -1.6957838e-01   0.0000000e+00   4.1595100e-08
   1.3330000e+03   1.0145190e+01   2.9589260e+00  -1.6940497e-01   0.0000000e+00   4.1525987e-08
   1.3340000e+03   1.0140440e+01   2.9580940e+00  -1.6923156e-01   0.0000000e+00   4.1456751e-08
   1.3350000e+03   1.0135700e+01   2.9572640e+00  -1.6905802e-01   0.0000000e+00   4.1387358e-08
   1.3360000e+03   1.0130960e+01   2.9564330e+00  -1.6888469e-01   0.0000000e+00   4.1317870e-08
   1.3370000e+03   1.0126220e+01   2.9556030e+00  -1.6871131e-01   0.0000000e+00   4.1248256e-08
   1.3380000e+03   1.0121500e+01   2.9547740e+00  -1.6853792e-01   0.0000000e+00   4.1178510e-08
   1.3390000e+03   1.0116780e+01   2.9539450e+00  -1.6836451e-01   0.0000000e+00   4.1108638e-08
   1.3400000e+03   1.0112070e+01   2.9531170e+00  -1.6819118e-01   0.0000000e+00   4.1038663e-08
   1.3410000e+03   1.0107360e+01   2.9522890e+00  -1.6801782e-01   0.0000000e+00   4.0968557e-08
   1.3420000e+03   1.0102670e+01   2.9514620e+00  -1.6784447e-01   0.0000000e+00   4.0898337e-08
   1.3430000e+03   1.0097980e+01   2.9506350e+00  -1.6767113e-01   0.0000000e+00   4.0828003e-08
   1.3440000e+03   1.0093290e+01   2.9498090e+00  -1.6749785e-01   0.0000000e+00   4.0757565e-08
   1.3450000e+03   1.0088610e+01   2.9489830e+00  -1.6732453e-01   0.0000000e+00   4.0686990e-08
   1.3460000e+03   1.0083940e+01   2.9481580e+00  -1.6715128e-01   0.0000000e+00   4.0616328e-08
   1.3470000e+03   1.0079280e+01   2.9473330e+00  -1.6697798e-01   0.0000000e+00   4.0545542e-08
   1.3480000e+03   1.0074620e+01   2.9465090e+00  -1.6680473e-01   0.0000000e+00   4.0474649e-08
   1.3490000e+03   1.0069970e+01   2.9456850e+00  -1.6663155e-01   0.0000000e+00   4.0403673e-08
   1.3500000e+03   1.0065330e+01   2.9448610e+00  -1.6645840e-01   0.0000000e+00   4.0332583e-08
   1.3510000e+03   1.0060690e+01   2.9440390e+00  -1.6628515e-01   0.0000000e+00   4.0261372e-08
   1.3520000e+03   1.0056060e+01   2.9432160e+00  -1.6611199e-01   0.0000000e+00   4.0190069e-08
   1.3530000e+03   1.0051440e+01   2.9423950e+00  -1.6593877e-01   0.0000000e+00   4.0118653e-08
   1.3540000e+03   1.0046820e+01   2.9415730e+00  -1.6576567e-01   0.0000000e+00   4.0047155e-08
   1.3550000e+03   1.0042210e+01   2.9407520e+00  -1.6559258e-01   0.0000000e+00   3.9975559e-08
   1.3560000e+03   1.0037610e+01   2.9399320e+00  -1.6541944e-01   0.0000000e+00   3.9903860e-08
   1.3570000e+03   1.0033010e+01   2.9391120e+00  -1.6524642e-01   0.0000000e+00   3.9832073e-08
   1.3580000e+03   1.0028420e+01   2.9382930e+00  -1.6507327e-01   0.0000000e+00   3.9760170e-08
   1.3590000e+03   1.0023840e+01   2.9374740e+00  -1.6490027e-01   0.0000000e+00   3.9688203e-08
   1.3600000e+03   1.0019270e+01   2.9366560e+00  -1.6472714e-01   0.0000000e+00   3.9616116e-08
   1.3610000e+03   1.0014700e+01   2.9358380e+00  -1.6455415e-01   0.0000000e+00   3.9543960e-08
   1.3620000e+03   1.0010130e+01   2.9350210e+00  -1.6438119e-01   0.0000000e+00   3.9471715e-08
   1.3630000e+03   1.0005580e+01   2.9342040e+00  -1.6420822e-01   0.0000000e+00   3.9399381e-08
   1.3640000e+03   1.0001030e+01   2.9333870e+00  -1.6403530e-01   0.0000000e+00   3.9326959e-08
