   3.3000000e+01   2.4478970e+02   4.8814570e+00  -5.4286311e-03   1.0222328e-03   3.3556822e-03
   3.4000000e+01   2.3952760e+02   4.8440960e+00  -5.9119245e-03   1.0535228e-03   3.4558323e-03
   3.5000000e+01   2.3448900e+02   4.8088000e+00  -6.3984341e-03   1.0848223e-03   3.5556142e-03
   3.6000000e+01   2.2965780e+02   4.7754400e+00  -6.8878443e-03   1.1161309e-03   3.6550086e-03
   3.7000000e+01   2.2501990e+02   4.7438970e+00  -7.3798680e-03   1.1474481e-03   3.7539988e-03
   3.8000000e+01   2.2056270e+02   4.7140540e+00  -7.8742478e-03   1.1787777e-03   3.8525816e-03
   3.9000000e+01   2.1627500e+02   4.6858040e+00  -8.3707337e-03   1.2101228e-03   3.9507526e-03
   4.0000000e+01   2.1214640e+02   4.6590440e+00  -8.8690774e-03   1.2414891e-03   4.0485144e-03
   4.1000000e+01   2.0816780e+02   4.6336790e+00  -9.3690495e-03   1.2728824e-03   4.1458723e-03
   4.2000000e+01   2.0433070e+02   4.6096180e+00  -9.8704222e-03   1.3043093e-03   4.2428328e-03
   4.3000000e+01   2.0062750e+02   4.5867790e+00  -1.0372970e-02   1.3357758e-03   4.3394025e-03
   4.4000000e+01   1.9705100e+02   4.5650840e+00  -1.0876458e-02   1.3672893e-03   4.4355905e-03
   4.5000000e+01   1.9359490e+02   4.5444600e+00  -1.1380683e-02   1.3988558e-03   4.5314048e-03
   4.6000000e+01   1.9025300e+02   4.5248390e+00  -1.1885421e-02   1.4304837e-03   4.6268559e-03
   4.7000000e+01   1.8701970e+02   4.5061590e+00  -1.2390454e-02   1.4621795e-03   4.7219519e-03
   4.8000000e+01   1.8388990e+02   4.4883610e+00  -1.2895576e-02   1.4939494e-03   4.8167002e-03
   4.9000000e+01   1.8085880e+02   4.4713910e+00  -1.3400582e-02   1.5257993e-03   4.9111073e-03
   5.0000000e+01   1.7792170e+02   4.4551990e+00  -1.3905264e-02   1.5577368e-03   5.0051827e-03
   5.1000000e+01   1.7507450e+02   4.4397380e+00  -1.4409428e-02   1.5897677e-03   5.0989320e-03
   5.2000000e+01   1.7231310e+02   4.4249640e+00  -1.4912887e-02   1.6218978e-03   5.1923588e-03
   5.3000000e+01   1.6963390e+02   4.4108380e+00  -1.5415444e-02   1.6541306e-03   5.2854657e-03
   5.4000000e+01   1.6703320e+02   4.3973210e+00  -1.5916916e-02   1.6864745e-03   5.3782614e-03
   5.5000000e+01   1.6450780e+02   4.3843780e+00  -1.6417146e-02   1.7189337e-03   5.4707468e-03
   5.6000000e+01   1.6205450e+02   4.3719780e+00  -1.6915944e-02   1.7515118e-03   5.5629220e-03
   5.7000000e+01   1.5967030e+02   4.3600890e+00  -1.7413156e-02   1.7842159e-03   5.6547926e-03
   5.8000000e+01   1.5735250e+02   4.3486840e+00  -1.7908632e-02   1.8170475e-03   5.7463542e-03
   5.9000000e+01   1.5509840e+02   4.3377360e+00  -1.8402219e-02   1.8500124e-03   5.8376107e-03
   6.0000000e+01   1.5290550e+02   4.3272210e+00  -1.8893770e-02   1.8831141e-03   5.9285613e-03
   6.1000000e+01   1.5077130e+02   4.3171160e+00  -1.9383157e-02   1.9163569e-03   6.0192027e-03
   6.2000000e+01   1.4869360e+02   4.3074000e+00  -1.9870243e-02   1.9497446e-03   6.1095347e-03
   6.3000000e+01   1.4667030e+02   4.2980520e+00  -2.0354917e-02   1.9832807e-03   6.1995582e-03
   6.4000000e+01   1.4469920e+02   4.2890540e+00  -2.0837049e-02   2.0169693e-03   6.2892655e-03
   6.5000000e+01   1.4277850e+02   4.2803890e+00  -2.1316550e-02   2.0508117e-03   6.3786570e-03
   6.6000000e+01   1.4090640e+02   4.2720390e+00  -2.1793304e-02   2.0848109e-03   6.4677304e-03
   6.7000000e+01   1.3908090e+02   4.2639910e+00  -2.2267210e-02   2.1189723e-03   6.5564802e-03
   6.8000000e+01   1.3730050e+02   4.2562280e+00  -2.2738202e-02   2.1532976e-03   6.6449042e-03
   6.9000000e+01   1.3556350e+02   4.2487380e+00  -2.3206174e-02   2.1877906e-03   6.7330006e-03
   7.0000000e+01   1.3386840e+02   4.2415090e+00  -2.3671063e-02   2.2224516e-03   6.8207586e-03
   7.1000000e+01   1.3221370e+02   4.2345280e+00  -2.4132790e-02   2.2572862e-03   6.9081824e-03
   7.2000000e+01   1.3059810e+02   4.2277830e+00  -2.4591295e-02   2.2922945e-03   6.9952625e-03
   7.3000000e+01   1.2902010e+02   4.2212650e+00  -2.5046508e-02   2.3274812e-03   7.0819948e-03
   7.4000000e+01   1.2747860e+02   4.2149630e+00  -2.5498385e-02   2.3628473e-03   7.1683773e-03
   7.5000000e+01   1.2597230e+02   4.2088680e+00  -2.5946888e-02   2.3983962e-03   7.2544065e-03
   7.6000000e+01   1.2450010e+02   4.2029720e+00  -2.6391948e-02   2.4341255e-03   7.3400685e-03
   7.7000000e+01   1.2306070e+02   4.1972640e+00  -2.6833540e-02   2.4700474e-03   7.4253736e-03
   7.8000000e+01   1.2165320e+02   4.1917390e+00  -2.7271624e-02   2.5061538e-03   7.5103021e-03
   7.9000000e+01   1.2027650e+02   4.1863880e+00  -2.7706178e-02   2.5424539e-03   7.5948599e-03
   8.0000000e+01   1.1892970e+02   4.1812040e+00  -2.8137167e-02   2.5789466e-03   7.6790421e-03
   8.1000000e+01   1.1761170e+02   4.1761810e+00  -2.8564569e-02   2.6156368e-03   7.7628387e-03
   8.2000000e+01   1.1632180e+02   4.1713110e+00  -2.8988383e-02   2.6525223e-03   7.8462484e-03
   8.3000000e+01   1.1505890e+02   4.1665900e+00  -2.9408570e-02   2.6896114e-03   7.9292652e-03
   8.4000000e+01   1.1382240e+02   4.1620110e+00  -2.9825146e-02   2.7269005e-03   8.0118913e-03
   8.5000000e+01   1.1261130e+02   4.1575680e+00  -3.0238082e-02   2.7643975e-03   8.0941185e-03
   8.6000000e+01   1.1142500e+02   4.1532570e+00  -3.0647395e-02   2.8020989e-03   8.1759396e-03
   8.7000000e+01   1.1026260e+02   4.1490730e+00  -3.1053065e-02   2.8400128e-03   8.2573562e-03
   8.8000000e+01   1.0912360e+02   4.1450110e+00  -3.1455119e-02   2.8781337e-03   8.3383663e-03
   8.9000000e+01   1.0800710e+02   4.1410670e+00  -3.1853531e-02   2.9164691e-03   8.4189558e-03
   9.0000000e+01   1.0691250e+02   4.1372350e+00  -3.2248335e-02   2.9550263e-03   8.4991324e-03
   9.1000000e+01   1.0583930e+02   4.1335130e+00  -3.2639539e-02   2.9937952e-03   8.5788869e-03
   9.2000000e+01   1.0478680e+02   4.1298960e+00  -3.3027154e-02   3.0327870e-03   8.6582221e-03
   9.3000000e+01   1.0375440e+02   4.1263810e+00  -3.3411189e-02   3.0719997e-03   8.7371306e-03
   9.4000000e+01   1.0274160e+02   4.1229630e+00  -3.3791682e-02   3.1114368e-03   8.8156093e-03
   9.5000000e+01   1.0174770e+02   4.1196410e+00  -3.4168615e-02   3.1511062e-03   8.8936582e-03
   9.6000000e+01   1.0077240e+02   4.1164100e+00  -3.4542058e-02   3.1910001e-03   8.9712753e-03
   9.7000000e+01   9.9811760e+01   4.1134020e+00  -3.4906930e-02   3.2311248e-03   9.0496768e-03
   9.8000000e+01   9.8872010e+01   4.1103410e+00  -3.5273522e-02   3.2714813e-03   9.1264098e-03
   9.9000000e+01   9.7949300e+01   4.1073630e+00  -3.5636673e-02   3.3120745e-03   9.2027050e-03
   1.0000000e+02   9.7043160e+01   4.1044640e+00  -3.5996414e-02   3.3529065e-03   9.2785584e-03
   1.0100000e+02   9.6153170e+01   4.1016430e+00  -3.6352776e-02   3.3939801e-03   9.3539721e-03
   1.0200000e+02   9.5278890e+01   4.0988960e+00  -3.6705789e-02   3.4353000e-03   9.4289452e-03
   1.0300000e+02   9.4419920e+01   4.0962220e+00  -3.7055479e-02   3.4768657e-03   9.5034711e-03
   1.0400000e+02   9.3575880e+01   4.0936180e+00  -3.7401885e-02   3.5186787e-03   9.5775548e-03
   1.0500000e+02   9.2746370e+01   4.0910810e+00  -3.7745040e-02   3.5607491e-03   9.6511961e-03
   1.0600000e+02   9.1931040e+01   4.0886100e+00  -3.8084982e-02   3.6030689e-03   9.7243878e-03
   1.0700000e+02   9.1129530e+01   4.0862020e+00  -3.8421744e-02   3.6456520e-03   9.7971362e-03
   1.0800000e+02   9.0341500e+01   4.0838560e+00  -3.8755361e-02   3.6884898e-03   9.8694388e-03
   1.0900000e+02   8.9566600e+01   4.0815700e+00  -3.9085867e-02   3.7315910e-03   9.9412909e-03
   1.1000000e+02   8.8804540e+01   4.0793410e+00  -3.9413309e-02   3.7749596e-03   1.0012703e-02
   1.1100000e+02   8.8054980e+01   4.0771690e+00  -3.9737710e-02   3.8185918e-03   1.0083660e-02
   1.1200000e+02   8.7317640e+01   4.0750500e+00  -4.0059128e-02   3.8624993e-03   1.0154179e-02
   1.1300000e+02   8.6592220e+01   4.0729840e+00  -4.0377587e-02   3.9066815e-03   1.0224250e-02
   1.1400000e+02   8.5878440e+01   4.0709700e+00  -4.0693118e-02   3.9511329e-03   1.0293870e-02
   1.1500000e+02   8.5176020e+01   4.0690040e+00  -4.1005780e-02   3.9958717e-03   1.0363055e-02
   1.1600000e+02   8.4484710e+01   4.0670870e+00  -4.1315607e-02   4.0408858e-03   1.0431788e-02
   1.1700000e+02   8.3804240e+01   4.0652160e+00  -4.1622631e-02   4.0861875e-03   1.0500079e-02
   1.1800000e+02   8.3134360e+01   4.0633900e+00  -4.1926891e-02   4.1317760e-03   1.0567924e-02
   1.1900000e+02   8.2474840e+01   4.0616090e+00  -4.2228420e-02   4.1776540e-03   1.0635330e-02
   1.2000000e+02   8.1825440e+01   4.0598690e+00  -4.2527282e-02   4.2238289e-03   1.0702299e-02
   1.2100000e+02   8.1185940e+01   4.0581710e+00  -4.2823490e-02   4.2702941e-03   1.0768819e-02
   1.2200000e+02   8.0556110e+01   4.0565130e+00  -4.3117092e-02   4.3170609e-03   1.0834906e-02
   1.2300000e+02   7.9935740e+01   4.0548940e+00  -4.3408127e-02   4.3641298e-03   1.0900558e-02
   1.2400000e+02   7.9324620e+01   4.0533130e+00  -4.3696623e-02   4.4115008e-03   1.0965767e-02
   1.2500000e+02   7.8722560e+01   4.0517680e+00  -4.3982636e-02   4.4591797e-03   1.1030541e-02
   1.2600000e+02   7.8129350e+01   4.0502590e+00  -4.4266193e-02   4.5071716e-03   1.1094886e-02
   1.2700000e+02   7.7544800e+01   4.0487840e+00  -4.4547335e-02   4.5554765e-03   1.1158795e-02
   1.2800000e+02   7.6968740e+01   4.0473430e+00  -4.4826095e-02   4.6040956e-03   1.1222271e-02
   1.2900000e+02   7.6400980e+01   4.0459340e+00  -4.5102511e-02   4.6530355e-03   1.1285321e-02
   1.3000000e+02   7.5841340e+01   4.0445570e+00  -4.5376620e-02   4.7022986e-03   1.1347945e-02
   1.3100000e+02   7.5289660e+01   4.0432110e+00  -4.5648451e-02   4.7518824e-03   1.1410131e-02
   1.3200000e+02   7.4745770e+01   4.0418940e+00  -4.5918054e-02   4.8017985e-03   1.1471904e-02
   1.3300000e+02   7.4209520e+01   4.0406070e+00  -4.6185454e-02   4.8520399e-03   1.1533242e-02
   1.3400000e+02   7.3680740e+01   4.0393480e+00  -4.6450674e-02   4.9026172e-03   1.1594166e-02
   1.3500000e+02   7.3159280e+01   4.0381160e+00  -4.6713778e-02   4.9535327e-03   1.1654663e-02
   1.3600000e+02   7.2645000e+01   4.0369100e+00  -4.6974773e-02   5.0047878e-03   1.1714746e-02
   1.3700000e+02   7.2137750e+01   4.0357310e+00  -4.7233702e-02   5.0563814e-03   1.1774409e-02
   1.3800000e+02   7.1637400e+01   4.0345760e+00  -4.7490612e-02   5.1083236e-03   1.1833656e-02
   1.3900000e+02   7.1143800e+01   4.0334460e+00  -4.7745498e-02   5.1606111e-03   1.1892486e-02
   1.4000000e+02   7.0656820e+01   4.0323390e+00  -4.7998423e-02   5.2132520e-03   1.1950904e-02
   1.4100000e+02   7.0176340e+01   4.0312560e+00  -4.8249411e-02   5.2662437e-03   1.2008912e-02
   1.4200000e+02   6.9702220e+01   4.0301940e+00  -4.8498502e-02   5.3195997e-03   1.2066512e-02
   1.4300000e+02   6.9234350e+01   4.0291550e+00  -4.8745693e-02   5.3733046e-03   1.2123698e-02
   1.4400000e+02   6.8772610e+01   4.0281360e+00  -4.8991053e-02   5.4273795e-03   1.2180484e-02
   1.4500000e+02   6.8316870e+01   4.0271380e+00  -4.9234593e-02   5.4818170e-03   1.2236861e-02
   1.4600000e+02   6.7867030e+01   4.0261600e+00  -4.9476341e-02   5.5366189e-03   1.2292832e-02
   1.4700000e+02   6.7422970e+01   4.0252010e+00  -4.9716329e-02   5.5917936e-03   1.2348406e-02
   1.4800000e+02   6.6984580e+01   4.0242610e+00  -4.9954582e-02   5.6473461e-03   1.2403576e-02
   1.4900000e+02   6.6551770e+01   4.0233390e+00  -5.0191129e-02   5.7032693e-03   1.2458348e-02
   1.5000000e+02   6.6124420e+01   4.0224350e+00  -5.0426003e-02   5.7595762e-03   1.2512718e-02
   1.5100000e+02   6.5702450e+01   4.0215480e+00  -5.0659217e-02   5.8162607e-03   1.2566695e-02
   1.5200000e+02   6.5285740e+01   4.0206780e+00  -5.0890805e-02   5.8733290e-03   1.2620278e-02
   1.5300000e+02   6.4874200e+01   4.0198240e+00  -5.1120795e-02   5.9307892e-03   1.2673464e-02
   1.5400000e+02   6.4467740e+01   4.0189860e+00  -5.1349205e-02   5.9886327e-03   1.2726259e-02
   1.5500000e+02   6.4066280e+01   4.0181630e+00  -5.1576065e-02   6.0468725e-03   1.2778667e-02
   1.5600000e+02   6.3669710e+01   4.0173560e+00  -5.1801377e-02   6.1055058e-03   1.2830679e-02
   1.5700000e+02   6.3277950e+01   4.0165620e+00  -5.2025210e-02   6.1645419e-03   1.2882306e-02
   1.5800000e+02   6.2890930e+01   4.0157830e+00  -5.2247551e-02   6.2239709e-03   1.2933548e-02
   1.5900000e+02   6.2508550e+01   4.0150170e+00  -5.2468438e-02   6.2838080e-03   1.2984398e-02
   1.6000000e+02   6.2130730e+01   4.0142640e+00  -5.2687899e-02   6.3440518e-03   1.3034871e-02
   1.6100000e+02   6.1757400e+01   4.0135250e+00  -5.2905922e-02   6.4046967e-03   1.3084955e-02
   1.6200000e+02   6.1388470e+01   4.0127980e+00  -5.3122571e-02   6.4657573e-03   1.3134658e-02
   1.6300000e+02   6.1023880e+01   4.0120830e+00  -5.3337839e-02   6.5272296e-03   1.3183980e-02
   1.6400000e+02   6.0663550e+01   4.0113800e+00  -5.3551753e-02   6.5891181e-03   1.3232920e-02
   1.6500000e+02   6.0307400e+01   4.0106880e+00  -5.3764347e-02   6.6514298e-03   1.3281484e-02
   1.6600000e+02   5.9955370e+01   4.0100070e+00  -5.3975631e-02   6.7141549e-03   1.3329671e-02
   1.6700000e+02   5.9607380e+01   4.0093370e+00  -5.4185624e-02   6.7773111e-03   1.3377481e-02
   1.6800000e+02   5.9263380e+01   4.0086780e+00  -5.4394328e-02   6.8408805e-03   1.3424913e-02
   1.6900000e+02   5.8923280e+01   4.0080290e+00  -5.4601788e-02   6.9048863e-03   1.3471967e-02
   1.7000000e+02   5.8587040e+01   4.0073900e+00  -5.4808013e-02   6.9693166e-03   1.3518651e-02
   1.7100000e+02   5.8254580e+01   4.0067600e+00  -5.5013019e-02   7.0341839e-03   1.3564961e-02
   1.7200000e+02   5.7925840e+01   4.0061390e+00  -5.5216840e-02   7.0994897e-03   1.3610900e-02
   1.7300000e+02   5.7600760e+01   4.0055280e+00  -5.5419458e-02   7.1652264e-03   1.3656466e-02
   1.7400000e+02   5.7279290e+01   4.0049250e+00  -5.5620926e-02   7.2314061e-03   1.3701664e-02
   1.7500000e+02   5.6961370e+01   4.0043310e+00  -5.5821236e-02   7.2980225e-03   1.3746491e-02
   1.7600000e+02   5.6646930e+01   4.0037450e+00  -5.6020427e-02   7.3650877e-03   1.3790949e-02
   1.7700000e+02   5.6335920e+01   4.0031670e+00  -5.6218492e-02   7.4325989e-03   1.3835039e-02
   1.7800000e+02   5.6028300e+01   4.0025970e+00  -5.6415454e-02   7.5005534e-03   1.3878763e-02
   1.7900000e+02   5.5724000e+01   4.0020340e+00  -5.6611344e-02   7.5689635e-03   1.3922121e-02
   1.8000000e+02   5.5422970e+01   4.0014790e+00  -5.6806153e-02   7.6378229e-03   1.3965109e-02
   1.8100000e+02   5.5125160e+01   4.0009300e+00  -5.6999925e-02   7.7071442e-03   1.4007738e-02
   1.8200000e+02   5.4830530e+01   4.0003890e+00  -5.7192643e-02   7.7769129e-03   1.4049999e-02
   1.8300000e+02   5.4539020e+01   3.9998540e+00  -5.7384337e-02   7.8471437e-03   1.4091897e-02
   1.8400000e+02   5.4250580e+01   3.9993250e+00  -5.7575039e-02   7.9178421e-03   1.4133433e-02
   1.8500000e+02   5.3965170e+01   3.9988030e+00  -5.7764716e-02   7.9889959e-03   1.4174604e-02
   1.8600000e+02   5.3682740e+01   3.9982870e+00  -5.7953425e-02   8.0606162e-03   1.4215414e-02
   1.8700000e+02   5.3403250e+01   3.9977760e+00  -5.8141179e-02   8.1327076e-03   1.4255867e-02
   1.8800000e+02   5.3126660e+01   3.9972710e+00  -5.8327966e-02   8.2052636e-03   1.4295956e-02
   1.8900000e+02   5.2852910e+01   3.9967720e+00  -5.8513800e-02   8.2782893e-03   1.4335685e-02
   1.9000000e+02   5.2581960e+01   3.9962780e+00  -5.8698709e-02   8.3517918e-03   1.4375056e-02
   1.9100000e+02   5.2313780e+01   3.9957890e+00  -5.8882708e-02   8.4257680e-03   1.4414068e-02
   1.9200000e+02   5.2048320e+01   3.9953050e+00  -5.9065796e-02   8.5002211e-03   1.4452721e-02
   1.9300000e+02   5.1785550e+01   3.9948260e+00  -5.9247986e-02   8.5751493e-03   1.4491013e-02
   1.9400000e+02   5.1525420e+01   3.9943520e+00  -5.9429293e-02   8.6505559e-03   1.4528949e-02
   1.9500000e+02   5.1267890e+01   3.9938820e+00  -5.9609738e-02   8.7264509e-03   1.4566532e-02
   1.9600000e+02   5.1012940e+01   3.9934160e+00  -5.9789327e-02   8.8028262e-03   1.4603757e-02
   1.9700000e+02   5.0760510e+01   3.9929550e+00  -5.9968063e-02   8.8796848e-03   1.4640621e-02
   1.9800000e+02   5.0510570e+01   3.9924980e+00  -6.0145954e-02   8.9570323e-03   1.4677133e-02
   1.9900000e+02   5.0263100e+01   3.9920440e+00  -6.0323041e-02   9.0348707e-03   1.4713292e-02
   2.0000000e+02   5.0018040e+01   3.9915940e+00  -6.0499313e-02   9.1132026e-03   1.4749098e-02
   2.0100000e+02   4.9775380e+01   3.9911480e+00  -6.0674776e-02   9.1920183e-03   1.4784545e-02
   2.0200000e+02   4.9535070e+01   3.9907060e+00  -6.0849433e-02   9.2713295e-03   1.4819639e-02
   2.0300000e+02   4.9297080e+01   3.9902660e+00  -6.1023341e-02   9.3511434e-03   1.4854383e-02
   2.0400000e+02   4.9061370e+01   3.9898310e+00  -6.1196434e-02   9.4314448e-03   1.4888768e-02
   2.0500000e+02   4.8827930e+01   3.9893980e+00  -6.1368794e-02   9.5122502e-03   1.4922807e-02
   2.0600000e+02   4.8596710e+01   3.9889680e+00  -6.1540398e-02   9.5935548e-03   1.4956492e-02
   2.0700000e+02   4.8367680e+01   3.9885410e+00  -6.1711263e-02   9.6753638e-03   1.4989822e-02
   2.0800000e+02   4.8140820e+01   3.9881170e+00  -6.1881387e-02   9.7576718e-03   1.5022803e-02
   2.0900000e+02   4.7916100e+01   3.9876960e+00  -6.2050789e-02   9.8404798e-03   1.5055434e-02
   2.1000000e+02   4.7693470e+01   3.9872770e+00  -6.2219483e-02   9.9238048e-03   1.5087714e-02
   2.1100000e+02   4.7472930e+01   3.9868610e+00  -6.2387459e-02   1.0007625e-02   1.5119641e-02
   2.1200000e+02   4.7254430e+01   3.9864470e+00  -6.2554760e-02   1.0091963e-02   1.5151221e-02
   2.1300000e+02   4.7037960e+01   3.9860350e+00  -6.2721374e-02   1.0176810e-02   1.5182452e-02
   2.1400000e+02   4.6823480e+01   3.9856260e+00  -6.2887291e-02   1.0262162e-02   1.5213332e-02
   2.1500000e+02   4.6610960e+01   3.9852190e+00  -6.3052542e-02   1.0348030e-02   1.5243863e-02
   2.1600000e+02   4.6400390e+01   3.9848130e+00  -6.3217148e-02   1.0434414e-02   1.5274048e-02
   2.1700000e+02   4.6191730e+01   3.9844100e+00  -6.3381094e-02   1.0521311e-02   1.5303884e-02
   2.1800000e+02   4.5984960e+01   3.9840080e+00  -6.3544404e-02   1.0608730e-02   1.5333372e-02
   2.1900000e+02   4.5780050e+01   3.9836080e+00  -6.3707081e-02   1.0696667e-02   1.5362514e-02
   2.2000000e+02   4.5576990e+01   3.9832100e+00  -6.3869115e-02   1.0785115e-02   1.5391308e-02
   2.2100000e+02   4.5375740e+01   3.9828140e+00  -6.4030528e-02   1.0874082e-02   1.5419755e-02
   2.2200000e+02   4.5176290e+01   3.9824190e+00  -6.4191340e-02   1.0963570e-02   1.5447856e-02
   2.2300000e+02   4.4978600e+01   3.9820250e+00  -6.4351559e-02   1.1053592e-02   1.5475615e-02
   2.2400000e+02   4.4782660e+01   3.9816330e+00  -6.4511172e-02   1.1144128e-02   1.5503023e-02
   2.2500000e+02   4.4588450e+01   3.9812420e+00  -6.4670201e-02   1.1235189e-02   1.5530089e-02
   2.2600000e+02   4.4395940e+01   3.9808520e+00  -6.4828654e-02   1.1326777e-02   1.5556811e-02
   2.2700000e+02   4.4205100e+01   3.9804640e+00  -6.4986517e-02   1.1418891e-02   1.5583187e-02
   2.2800000e+02   4.4015930e+01   3.9800760e+00  -6.5143836e-02   1.1511536e-02   1.5609220e-02
   2.2900000e+02   4.3828400e+01   3.9796900e+00  -6.5300580e-02   1.1604699e-02   1.5634910e-02
   2.3000000e+02   4.3642480e+01   3.9793040e+00  -6.5456797e-02   1.1698407e-02   1.5660260e-02
   2.3100000e+02   4.3458160e+01   3.9789190e+00  -6.5612465e-02   1.1792640e-02   1.5685263e-02
   2.3200000e+02   4.3275420e+01   3.9785350e+00  -6.5767598e-02   1.1887404e-02   1.5709927e-02
   2.3300000e+02   4.3094240e+01   3.9781520e+00  -6.5922196e-02   1.1982697e-02   1.5734249e-02
   2.3400000e+02   4.2914590e+01   3.9777700e+00  -6.6076265e-02   1.2078522e-02   1.5758227e-02
   2.3500000e+02   4.2736470e+01   3.9773880e+00  -6.6229831e-02   1.2174883e-02   1.5781866e-02
   2.3600000e+02   4.2559840e+01   3.9770070e+00  -6.6382881e-02   1.2271780e-02   1.5805163e-02
   2.3700000e+02   4.2384700e+01   3.9766260e+00  -6.6535447e-02   1.2369217e-02   1.5828124e-02
   2.3800000e+02   4.2211020e+01   3.9762460e+00  -6.6687509e-02   1.2467186e-02   1.5850742e-02
   2.3900000e+02   4.2038790e+01   3.9758660e+00  -6.6839083e-02   1.2565695e-02   1.5873021e-02
   2.4000000e+02   4.1867990e+01   3.9754870e+00  -6.6990171e-02   1.2664735e-02   1.5894965e-02
   2.4100000e+02   4.1698590e+01   3.9751080e+00  -6.7140790e-02   1.2764322e-02   1.5916566e-02
   2.4200000e+02   4.1530600e+01   3.9747290e+00  -6.7290949e-02   1.2864446e-02   1.5937834e-02
   2.4300000e+02   4.1363980e+01   3.9743510e+00  -6.7440625e-02   1.2965105e-02   1.5958761e-02
   2.4400000e+02   4.1198730e+01   3.9739720e+00  -6.7589878e-02   1.3066312e-02   1.5979355e-02
   2.4500000e+02   4.1034820e+01   3.9735940e+00  -6.7738657e-02   1.3168057e-02   1.5999608e-02
   2.4600000e+02   4.0872240e+01   3.9732160e+00  -6.7887002e-02   1.3270344e-02   1.6019531e-02
   2.4700000e+02   4.0710970e+01   3.9728380e+00  -6.8034908e-02   1.3373176e-02   1.6039116e-02
   2.4800000e+02   4.0551000e+01   3.9724600e+00  -6.8182387e-02   1.3476551e-02   1.6058367e-02
   2.4900000e+02   4.0392320e+01   3.9720820e+00  -6.8329438e-02   1.3580465e-02   1.6077282e-02
   2.5000000e+02   4.0234900e+01   3.9717030e+00  -6.8476087e-02   1.3684938e-02   1.6095869e-02
   2.5100000e+02   4.0078740e+01   3.9713250e+00  -6.8622309e-02   1.3789942e-02   1.6114120e-02
   2.5200000e+02   3.9923820e+01   3.9709470e+00  -6.8768119e-02   1.3895489e-02   1.6132034e-02
   2.5300000e+02   3.9770120e+01   3.9705680e+00  -6.8913539e-02   1.4001593e-02   1.6149621e-02
   2.5400000e+02   3.9617630e+01   3.9701890e+00  -6.9058564e-02   1.4108241e-02   1.6166878e-02
   2.5500000e+02   3.9466340e+01   3.9698100e+00  -6.9203199e-02   1.4215431e-02   1.6183804e-02
   2.5600000e+02   3.9316230e+01   3.9694310e+00  -6.9347444e-02   1.4323168e-02   1.6200397e-02
   2.5700000e+02   3.9167300e+01   3.9690510e+00  -6.9491318e-02   1.4431452e-02   1.6216662e-02
   2.5800000e+02   3.9019520e+01   3.9686710e+00  -6.9634815e-02   1.4540285e-02   1.6232599e-02
   2.5900000e+02   3.8872880e+01   3.9682900e+00  -6.9777965e-02   1.4649675e-02   1.6248211e-02
   2.6000000e+02   3.8727370e+01   3.9679090e+00  -6.9920740e-02   1.4759608e-02   1.6263491e-02
   2.6100000e+02   3.8582990e+01   3.9675270e+00  -7.0063172e-02   1.4870091e-02   1.6278449e-02
   2.6200000e+02   3.8439700e+01   3.9671460e+00  -7.0205222e-02   1.4981116e-02   1.6293074e-02
   2.6300000e+02   3.8297520e+01   3.9667630e+00  -7.0346955e-02   1.5092693e-02   1.6307376e-02
   2.6400000e+02   3.8156410e+01   3.9663800e+00  -7.0488341e-02   1.5204826e-02   1.6321350e-02
   2.6500000e+02   3.8016370e+01   3.9659960e+00  -7.0629409e-02   1.5317510e-02   1.6335008e-02
   2.6600000e+02   3.7877390e+01   3.9656120e+00  -7.0770126e-02   1.5430735e-02   1.6348338e-02
   2.6700000e+02   3.7739460e+01   3.9652270e+00  -7.0910527e-02   1.5544512e-02   1.6361346e-02
   2.6800000e+02   3.7602560e+01   3.9648410e+00  -7.1050618e-02   1.5658846e-02   1.6374033e-02
   2.6900000e+02   3.7466680e+01   3.9644550e+00  -7.1190385e-02   1.5773726e-02   1.6386398e-02
   2.7000000e+02   3.7331820e+01   3.9640680e+00  -7.1329841e-02   1.5889154e-02   1.6398441e-02
   2.7100000e+02   3.7197950e+01   3.9636800e+00  -7.1469009e-02   1.6005143e-02   1.6410163e-02
   2.7200000e+02   3.7065080e+01   3.9632910e+00  -7.1607881e-02   1.6121678e-02   1.6421570e-02
   2.7300000e+02   3.6933190e+01   3.9629020e+00  -7.1746439e-02   1.6238755e-02   1.6432657e-02
   2.7400000e+02   3.6802270e+01   3.9625120e+00  -7.1884717e-02   1.6356385e-02   1.6443424e-02
   2.7500000e+02   3.6672300e+01   3.9621200e+00  -7.2022739e-02   1.6474586e-02   1.6453885e-02
   2.7600000e+02   3.6543290e+01   3.9617280e+00  -7.2160455e-02   1.6593318e-02   1.6464017e-02
   2.7700000e+02   3.6415210e+01   3.9613360e+00  -7.2297884e-02   1.6712599e-02   1.6473835e-02
   2.7800000e+02   3.6288070e+01   3.9609420e+00  -7.2435064e-02   1.6832435e-02   1.6483345e-02
   2.7900000e+02   3.6161840e+01   3.9605470e+00  -7.2571985e-02   1.6952829e-02   1.6492539e-02
   2.8000000e+02   3.6036520e+01   3.9601510e+00  -7.2708651e-02   1.7073773e-02   1.6501420e-02
   2.8100000e+02   3.5912100e+01   3.9597540e+00  -7.2845063e-02   1.7195270e-02   1.6509995e-02
   2.8200000e+02   3.5788580e+01   3.9593560e+00  -7.2981218e-02   1.7317309e-02   1.6518250e-02
   2.8300000e+02   3.5665930e+01   3.9589580e+00  -7.3117108e-02   1.7439896e-02   1.6526195e-02
   2.8400000e+02   3.5544160e+01   3.9585580e+00  -7.3252778e-02   1.7563037e-02   1.6533834e-02
   2.8500000e+02   3.5423250e+01   3.9581570e+00  -7.3388208e-02   1.7686727e-02   1.6541164e-02
   2.8600000e+02   3.5303190e+01   3.9577550e+00  -7.3523411e-02   1.7810974e-02   1.6548189e-02
   2.8700000e+02   3.5183980e+01   3.9573510e+00  -7.3658403e-02   1.7935776e-02   1.6554910e-02
   2.8800000e+02   3.5065610e+01   3.9569470e+00  -7.3793146e-02   1.8061112e-02   1.6561322e-02
   2.8900000e+02   3.4948070e+01   3.9565410e+00  -7.3927689e-02   1.8187005e-02   1.6567429e-02
   2.9000000e+02   3.4831350e+01   3.9561350e+00  -7.4061984e-02   1.8313431e-02   1.6573229e-02
   2.9100000e+02   3.4715440e+01   3.9557270e+00  -7.4196098e-02   1.8440417e-02   1.6578730e-02
   2.9200000e+02   3.4600330e+01   3.9553180e+00  -7.4330008e-02   1.8567958e-02   1.6583934e-02
   2.9300000e+02   3.4486020e+01   3.9549070e+00  -7.4463727e-02   1.8696049e-02   1.6588833e-02
   2.9400000e+02   3.4372500e+01   3.9544960e+00  -7.4597216e-02   1.8824670e-02   1.6593430e-02
   2.9500000e+02   3.4259750e+01   3.9540830e+00  -7.4730541e-02   1.8953854e-02   1.6597730e-02
   2.9600000e+02   3.4147780e+01   3.9536690e+00  -7.4863665e-02   1.9083579e-02   1.6601733e-02
   2.9700000e+02   3.4036580e+01   3.9532530e+00  -7.4996617e-02   1.9213848e-02   1.6605438e-02
   2.9800000e+02   3.3926130e+01   3.9528370e+00  -7.5129360e-02   1.9344653e-02   1.6608844e-02
   2.9900000e+02   3.3816430e+01   3.9524190e+00  -7.5261949e-02   1.9476014e-02   1.6611960e-02
   3.0000000e+02   3.3707470e+01   3.9519990e+00  -7.5394374e-02   1.9607930e-02   1.6614780e-02
   3.0100000e+02   3.3599250e+01   3.9515780e+00  -7.5526623e-02   1.9740381e-02   1.6617308e-02
   3.0200000e+02   3.3491750e+01   3.9511560e+00  -7.5658710e-02   1.9873381e-02   1.6619546e-02
   3.0300000e+02   3.3384980e+01   3.9507330e+00  -7.5790619e-02   2.0006910e-02   1.6621487e-02
   3.0400000e+02   3.3278920e+01   3.9503080e+00  -7.5922385e-02   2.0140987e-02   1.6623145e-02
   3.0500000e+02   3.3173570e+01   3.9498810e+00  -7.6054013e-02   2.0275617e-02   1.6624513e-02
   3.0600000e+02   3.3068920e+01   3.9494540e+00  -7.6185456e-02   2.0410767e-02   1.6625590e-02
   3.0700000e+02   3.2964960e+01   3.9490240e+00  -7.6316796e-02   2.0546481e-02   1.6626388e-02
   3.0800000e+02   3.2861690e+01   3.9485940e+00  -7.6447953e-02   2.0682709e-02   1.6626891e-02
   3.0900000e+02   3.2759100e+01   3.9481610e+00  -7.6579022e-02   2.0819502e-02   1.6627121e-02
   3.1000000e+02   3.2657180e+01   3.9477280e+00  -7.6709907e-02   2.0956813e-02   1.6627058e-02
   3.1100000e+02   3.2555930e+01   3.9472930e+00  -7.6840688e-02   2.1094672e-02   1.6626724e-02
   3.1200000e+02   3.2455340e+01   3.9468560e+00  -7.6971344e-02   2.1233071e-02   1.6626098e-02
   3.1300000e+02   3.2355410e+01   3.9464180e+00  -7.7101868e-02   2.1371996e-02   1.6625199e-02
   3.1400000e+02   3.2256120e+01   3.9459780e+00  -7.7232282e-02   2.1511471e-02   1.6624020e-02
   3.1500000e+02   3.2157480e+01   3.9455370e+00  -7.7362574e-02   2.1651468e-02   1.6622566e-02
   3.1600000e+02   3.2059480e+01   3.9450940e+00  -7.7492753e-02   2.1791999e-02   1.6620836e-02
   3.1700000e+02   3.1962100e+01   3.9446490e+00  -7.7622849e-02   2.1933082e-02   1.6618830e-02
   3.1800000e+02   3.1865360e+01   3.9442030e+00  -7.7752814e-02   2.2074671e-02   1.6616552e-02
   3.1900000e+02   3.1769230e+01   3.9437550e+00  -7.7882683e-02   2.2216806e-02   1.6613997e-02
   3.2000000e+02   3.1673710e+01   3.9433060e+00  -7.8012450e-02   2.2359468e-02   1.6611174e-02
   3.2100000e+02   3.1578800e+01   3.9428550e+00  -7.8142129e-02   2.2502665e-02   1.6608082e-02
   3.2200000e+02   3.1484500e+01   3.9424030e+00  -7.8271696e-02   2.2646368e-02   1.6604721e-02
   3.2300000e+02   3.1390790e+01   3.9419490e+00  -7.8401187e-02   2.2790615e-02   1.6601089e-02
   3.2400000e+02   3.1297670e+01   3.9414930e+00  -7.8530606e-02   2.2935394e-02   1.6597192e-02
   3.2500000e+02   3.1205140e+01   3.9410350e+00  -7.8659948e-02   2.3080699e-02   1.6593037e-02
   3.2600000e+02   3.1113190e+01   3.9405760e+00  -7.8789191e-02   2.3226519e-02   1.6588610e-02
   3.2700000e+02   3.1021820e+01   3.9401150e+00  -7.8918366e-02   2.3372863e-02   1.6583927e-02
   3.2800000e+02   3.0931010e+01   3.9396530e+00  -7.9047460e-02   2.3519736e-02   1.6578973e-02
   3.2900000e+02   3.0840770e+01   3.9391890e+00  -7.9176487e-02   2.3667118e-02   1.6573763e-02
   3.3000000e+02   3.0751100e+01   3.9387230e+00  -7.9305448e-02   2.3815018e-02   1.6568297e-02
   3.3100000e+02   3.0661970e+01   3.9382550e+00  -7.9434364e-02   2.3963459e-02   1.6562577e-02
   3.3200000e+02   3.0573400e+01   3.9377850e+00  -7.9563225e-02   2.4112413e-02   1.6556599e-02
   3.3300000e+02   3.0485380e+01   3.9373140e+00  -7.9691999e-02   2.4261861e-02   1.6550366e-02
   3.3400000e+02   3.0397890e+01   3.9368410e+00  -7.9820736e-02   2.4411843e-02   1.6543880e-02
   3.3500000e+02   3.0310940e+01   3.9363670e+00  -7.9949395e-02   2.4562322e-02   1.6537136e-02
   3.3600000e+02   3.0224520e+01   3.9358900e+00  -8.0078045e-02   2.4713333e-02   1.6530150e-02
   3.3700000e+02   3.0138630e+01   3.9354120e+00  -8.0206621e-02   2.4864838e-02   1.6522909e-02
   3.3800000e+02   3.0053260e+01   3.9349320e+00  -8.0335165e-02   2.5016863e-02   1.6515424e-02
   3.3900000e+02   2.9968410e+01   3.9344500e+00  -8.0463674e-02   2.5169396e-02   1.6507691e-02
   3.4000000e+02   2.9884070e+01   3.9339660e+00  -8.0592154e-02   2.5322444e-02   1.6499718e-02
   3.4100000e+02   2.9800240e+01   3.9334810e+00  -8.0720571e-02   2.5475978e-02   1.6491494e-02
   3.4200000e+02   2.9716910e+01   3.9329930e+00  -8.0848997e-02   2.5630044e-02   1.6483033e-02
   3.4300000e+02   2.9634090e+01   3.9325040e+00  -8.0977357e-02   2.5784589e-02   1.6474325e-02
   3.4400000e+02   2.9551760e+01   3.9320130e+00  -8.1105707e-02   2.5939646e-02   1.6465386e-02
   3.4500000e+02   2.9469920e+01   3.9315200e+00  -8.1234031e-02   2.6095201e-02   1.6456201e-02
   3.4600000e+02   2.9388570e+01   3.9310250e+00  -8.1362338e-02   2.6251257e-02   1.6446785e-02
   3.4700000e+02   2.9307700e+01   3.9305290e+00  -8.1490613e-02   2.6407800e-02   1.6437130e-02
   3.4800000e+02   2.9227310e+01   3.9300300e+00  -8.1618897e-02   2.6564858e-02   1.6427244e-02
   3.4900000e+02   2.9147390e+01   3.9295300e+00  -8.1747150e-02   2.6722402e-02   1.6417125e-02
   3.5000000e+02   2.9067950e+01   3.9290280e+00  -8.1875377e-02   2.6880424e-02   1.6406771e-02
   3.5100000e+02   2.8988970e+01   3.9285230e+00  -8.2003645e-02   2.7038970e-02   1.6396197e-02
   3.5200000e+02   2.8910460e+01   3.9280170e+00  -8.2131869e-02   2.7197977e-02   1.6385388e-02
   3.5300000e+02   2.8832400e+01   3.9275090e+00  -8.2260102e-02   2.7357489e-02   1.6374356e-02
   3.5400000e+02   2.8754800e+01   3.9269990e+00  -8.2388331e-02   2.7517480e-02   1.6363097e-02
   3.5500000e+02   2.8677660e+01   3.9264870e+00  -8.2516556e-02   2.7677945e-02   1.6351615e-02
   3.5600000e+02   2.8600960e+01   3.9259740e+00  -8.2644769e-02   2.7838891e-02   1.6339906e-02
   3.5700000e+02   2.8524700e+01   3.9254580e+00  -8.2773015e-02   2.8000340e-02   1.6327983e-02
   3.5800000e+02   2.8448890e+01   3.9249400e+00  -8.2901271e-02   2.8162257e-02   1.6315842e-02
   3.5900000e+02   2.8373510e+01   3.9244200e+00  -8.3029533e-02   2.8324657e-02   1.6303482e-02
   3.6000000e+02   2.8298570e+01   3.9238990e+00  -8.3157778e-02   2.8487511e-02   1.6290907e-02
   3.6100000e+02   2.8224050e+01   3.9233750e+00  -8.3286074e-02   2.8650869e-02   1.6278113e-02
   3.6200000e+02   2.8149960e+01   3.9228490e+00  -8.3414384e-02   2.8814695e-02   1.6265111e-02
   3.6300000e+02   2.8076300e+01   3.9223220e+00  -8.3542690e-02   2.8978969e-02   1.6251898e-02
   3.6400000e+02   2.8003050e+01   3.9217920e+00  -8.3671042e-02   2.9143736e-02   1.6238475e-02
   3.6500000e+02   2.7930220e+01   3.9212600e+00  -8.3799414e-02   2.9308966e-02   1.6224847e-02
   3.6600000e+02   2.7857810e+01   3.9207270e+00  -8.3927772e-02   2.9474630e-02   1.6211002e-02
   3.6700000e+02   2.7785800e+01   3.9201910e+00  -8.4056200e-02   2.9640790e-02   1.6196963e-02
   3.6800000e+02   2.7714200e+01   3.9196530e+00  -8.4184650e-02   2.9807402e-02   1.6182718e-02
   3.6900000e+02   2.7643000e+01   3.9191140e+00  -8.4313101e-02   2.9974463e-02   1.6168261e-02
   3.7000000e+02   2.7572200e+01   3.9185720e+00  -8.4441623e-02   3.0141995e-02   1.6153617e-02
   3.7100000e+02   2.7501800e+01   3.9180280e+00  -8.4570168e-02   3.0309980e-02   1.6138773e-02
   3.7200000e+02   2.7431790e+01   3.9174820e+00  -8.4698751e-02   3.0478418e-02   1.6123731e-02
   3.7300000e+02   2.7362170e+01   3.9169340e+00  -8.4827365e-02   3.0647305e-02   1.6108489e-02
   3.7400000e+02   2.7292940e+01   3.9163840e+00  -8.4956024e-02   3.0816635e-02   1.6093059e-02
   3.7500000e+02   2.7224090e+01   3.9158320e+00  -8.5084723e-02   3.0986421e-02   1.6077433e-02
   3.7600000e+02   2.7155630e+01   3.9152780e+00  -8.5213455e-02   3.1156635e-02   1.6061618e-02
   3.7700000e+02   2.7087540e+01   3.9147220e+00  -8.5342236e-02   3.1327300e-02   1.6045614e-02
   3.7800000e+02   2.7019830e+01   3.9141640e+00  -8.5471054e-02   3.1498396e-02   1.6029420e-02
   3.7900000e+02   2.6952490e+01   3.9136030e+00  -8.5599953e-02   3.1669950e-02   1.6013044e-02
   3.8000000e+02   2.6885520e+01   3.9130410e+00  -8.5728870e-02   3.1841925e-02   1.5996483e-02
   3.8100000e+02   2.6818920e+01   3.9124760e+00  -8.5857863e-02   3.2014340e-02   1.5979745e-02
   3.8200000e+02   2.6752680e+01   3.9119100e+00  -8.5986875e-02   3.2187168e-02   1.5962816e-02
   3.8300000e+02   2.6686800e+01   3.9113410e+00  -8.6115979e-02   3.2360449e-02   1.5945721e-02
   3.8400000e+02   2.6621280e+01   3.9107700e+00  -8.6245126e-02   3.2534147e-02   1.5928443e-02
   3.8500000e+02   2.6556110e+01   3.9101970e+00  -8.6374329e-02   3.2708276e-02   1.5910986e-02
   3.8600000e+02   2.6491300e+01   3.9096220e+00  -8.6503579e-02   3.2882815e-02   1.5893358e-02
   3.8700000e+02   2.6426840e+01   3.9090440e+00  -8.6632920e-02   3.3057792e-02   1.5875559e-02
   3.8800000e+02   2.6362720e+01   3.9084650e+00  -8.6762297e-02   3.3233170e-02   1.5857590e-02
   3.8900000e+02   2.6298950e+01   3.9078830e+00  -8.6891755e-02   3.3408972e-02   1.5839451e-02
   3.9000000e+02   2.6235520e+01   3.9073000e+00  -8.7021250e-02   3.3585176e-02   1.5821141e-02
   3.9100000e+02   2.6172430e+01   3.9067140e+00  -8.7150832e-02   3.3761799e-02   1.5802669e-02
   3.9200000e+02   2.6109680e+01   3.9061260e+00  -8.7280471e-02   3.3938819e-02   1.5784034e-02
   3.9300000e+02   2.6047270e+01   3.9055360e+00  -8.7410169e-02   3.4116234e-02   1.5765239e-02
   3.9400000e+02   2.5985180e+01   3.9049430e+00  -8.7539974e-02   3.4294093e-02   1.5746285e-02
   3.9500000e+02   2.5923430e+01   3.9043490e+00  -8.7669800e-02   3.4472302e-02   1.5727170e-02
   3.9600000e+02   2.5862000e+01   3.9037520e+00  -8.7799731e-02   3.4650937e-02   1.5707899e-02
   3.9700000e+02   2.5800890e+01   3.9031530e+00  -8.7929728e-02   3.4829968e-02   1.5688470e-02
   3.9800000e+02   2.5740110e+01   3.9025520e+00  -8.8059802e-02   3.5009385e-02   1.5668891e-02
   3.9900000e+02   2.5679650e+01   3.9019490e+00  -8.8189933e-02   3.5189181e-02   1.5649162e-02
   4.0000000e+02   2.5619510e+01   3.9013430e+00  -8.8320160e-02   3.5369378e-02   1.5629284e-02
   4.0100000e+02   2.5559680e+01   3.9007350e+00  -8.8450467e-02   3.5549966e-02   1.5609261e-02
   4.0200000e+02   2.5500170e+01   3.9001260e+00  -8.8580799e-02   3.5730891e-02   1.5589081e-02
   4.0300000e+02   2.5440960e+01   3.8995130e+00  -8.8711285e-02   3.5912255e-02   1.5568768e-02
   4.0400000e+02   2.5382060e+01   3.8988990e+00  -8.8841812e-02   3.6093962e-02   1.5548306e-02
   4.0500000e+02   2.5323470e+01   3.8982830e+00  -8.8972407e-02   3.6276039e-02   1.5527704e-02
   4.0600000e+02   2.5265190e+01   3.8976640e+00  -8.9103103e-02   3.6458489e-02   1.5506968e-02
   4.0700000e+02   2.5207200e+01   3.8970430e+00  -8.9233880e-02   3.6641319e-02   1.5486091e-02
   4.0800000e+02   2.5149520e+01   3.8964200e+00  -8.9364715e-02   3.6824491e-02   1.5465076e-02
   4.0900000e+02   2.5092130e+01   3.8957940e+00  -8.9495679e-02   3.7008057e-02   1.5443934e-02
   4.1000000e+02   2.5035040e+01   3.8951670e+00  -8.9626679e-02   3.7191947e-02   1.5422657e-02
   4.1100000e+02   2.4978240e+01   3.8945370e+00  -8.9757788e-02   3.7376211e-02   1.5401249e-02
   4.1200000e+02   2.4921730e+01   3.8939040e+00  -8.9889015e-02   3.7560849e-02   1.5379720e-02
   4.1300000e+02   2.4865510e+01   3.8932700e+00  -9.0020277e-02   3.7745809e-02   1.5358056e-02
   4.1400000e+02   2.4809580e+01   3.8926330e+00  -9.0151649e-02   3.7931124e-02   1.5336270e-02
   4.1500000e+02   2.4753930e+01   3.8919940e+00  -9.0283120e-02   3.8116795e-02   1.5314367e-02
   4.1600000e+02   2.4698570e+01   3.8913530e+00  -9.0414640e-02   3.8302780e-02   1.5292333e-02
   4.1700000e+02   2.4643490e+01   3.8907100e+00  -9.0546252e-02   3.8489106e-02   1.5270189e-02
   4.1800000e+02   2.4588680e+01   3.8900640e+00  -9.0677985e-02   3.8675793e-02   1.5247921e-02
   4.1900000e+02   2.4534150e+01   3.8894160e+00  -9.0809800e-02   3.8862802e-02   1.5225542e-02
   4.2000000e+02   2.4479900e+01   3.8887660e+00  -9.0941683e-02   3.9050132e-02   1.5203048e-02
   4.2100000e+02   2.4425920e+01   3.8881130e+00  -9.1073695e-02   3.9237808e-02   1.5180446e-02
   4.2200000e+02   2.4372210e+01   3.8874590e+00  -9.1205746e-02   3.9425773e-02   1.5157732e-02
   4.2300000e+02   2.4318780e+01   3.8868020e+00  -9.1337895e-02   3.9614056e-02   1.5134905e-02
   4.2400000e+02   2.4265600e+01   3.8861420e+00  -9.1470187e-02   3.9802710e-02   1.5111979e-02
   4.2500000e+02   2.4212700e+01   3.8854800e+00  -9.1602543e-02   3.9991643e-02   1.5088949e-02
   4.2600000e+02   2.4160060e+01   3.8848170e+00  -9.1734955e-02   4.0180867e-02   1.5065811e-02
   4.2700000e+02   2.4107670e+01   3.8841500e+00  -9.1867531e-02   4.0370457e-02   1.5042581e-02
   4.2800000e+02   2.4055550e+01   3.8834820e+00  -9.2000139e-02   4.0560302e-02   1.5019244e-02
   4.2900000e+02   2.4003690e+01   3.8828110e+00  -9.2132864e-02   4.0750461e-02   1.4995815e-02
   4.3000000e+02   2.3952090e+01   3.8821380e+00  -9.2265660e-02   4.0940900e-02   1.4972290e-02
   4.3100000e+02   2.3900740e+01   3.8814620e+00  -9.2398592e-02   4.1131673e-02   1.4948670e-02
   4.3200000e+02   2.3849640e+01   3.8807850e+00  -9.2531566e-02   4.1322704e-02   1.4924959e-02
   4.3300000e+02   2.3798790e+01   3.8801050e+00  -9.2664657e-02   4.1514034e-02   1.4901160e-02
   4.3400000e+02   2.3748200e+01   3.8794220e+00  -9.2797853e-02   4.1705652e-02   1.4877275e-02
   4.3500000e+02   2.3697850e+01   3.8787380e+00  -9.2931110e-02   4.1897536e-02   1.4853304e-02
   4.3600000e+02   2.3647750e+01   3.8780510e+00  -9.3064478e-02   4.2089706e-02   1.4829245e-02
   4.3700000e+02   2.3597890e+01   3.8773610e+00  -9.3197972e-02   4.2282173e-02   1.4805110e-02
   4.3800000e+02   2.3548270e+01   3.8766700e+00  -9.3331514e-02   4.2474890e-02   1.4780894e-02
   4.3900000e+02   2.3498900e+01   3.8759760e+00  -9.3465155e-02   4.2667871e-02   1.4756597e-02
   4.4000000e+02   2.3449770e+01   3.8752790e+00  -9.3598909e-02   4.2861132e-02   1.4732230e-02
   4.4100000e+02   2.3400870e+01   3.8745810e+00  -9.3732731e-02   4.3054644e-02   1.4707779e-02
   4.4200000e+02   2.3352210e+01   3.8738800e+00  -9.3866660e-02   4.3248414e-02   1.4683262e-02
   4.4300000e+02   2.3303790e+01   3.8731770e+00  -9.4000659e-02   4.3442428e-02   1.4658674e-02
   4.4400000e+02   2.3255600e+01   3.8724710e+00  -9.4134788e-02   4.3636708e-02   1.4634018e-02
   4.4500000e+02   2.3207640e+01   3.8717630e+00  -9.4268989e-02   4.3831238e-02   1.4609293e-02
   4.4600000e+02   2.3159910e+01   3.8710530e+00  -9.4403276e-02   4.4025999e-02   1.4584501e-02
   4.4700000e+02   2.3112410e+01   3.8703400e+00  -9.4537669e-02   4.4221011e-02   1.4559650e-02
   4.4800000e+02   2.3065140e+01   3.8696250e+00  -9.4672145e-02   4.4416251e-02   1.4534740e-02
   4.4900000e+02   2.3018090e+01   3.8689080e+00  -9.4806709e-02   4.4611731e-02   1.4509767e-02
   4.5000000e+02   2.2971270e+01   3.8681890e+00  -9.4941332e-02   4.4807410e-02   1.4484733e-02
   4.5100000e+02   2.2924670e+01   3.8674670e+00  -9.5076078e-02   4.5003346e-02   1.4459645e-02
   4.5200000e+02   2.2878300e+01   3.8667420e+00  -9.5210928e-02   4.5199498e-02   1.4434513e-02
   4.5300000e+02   2.2832140e+01   3.8660160e+00  -9.5345819e-02   4.5395855e-02   1.4409320e-02
   4.5400000e+02   2.2786200e+01   3.8652870e+00  -9.5480835e-02   4.5592445e-02   1.4384078e-02
   4.5500000e+02   2.2740480e+01   3.8645550e+00  -9.5615948e-02   4.5789252e-02   1.4358793e-02
   4.5600000e+02   2.2694970e+01   3.8638220e+00  -9.5751110e-02   4.5986244e-02   1.4333452e-02
   4.5700000e+02   2.2649680e+01   3.8630860e+00  -9.5886377e-02   4.6183447e-02   1.4308078e-02
   4.5800000e+02   2.2604600e+01   3.8623470e+00  -9.6021749e-02   4.6380868e-02   1.4282652e-02
   4.5900000e+02   2.2559730e+01   3.8616070e+00  -9.6157169e-02   4.6578465e-02   1.4257190e-02
   4.6000000e+02   2.2515070e+01   3.8608630e+00  -9.6292734e-02   4.6776289e-02   1.4231695e-02
   4.6100000e+02   2.2470630e+01   3.8601180e+00  -9.6428312e-02   4.6974244e-02   1.4206154e-02
   4.6200000e+02   2.2426390e+01   3.8593700e+00  -9.6564001e-02   4.7172417e-02   1.4180581e-02
   4.6300000e+02   2.2382350e+01   3.8586200e+00  -9.6699781e-02   4.7370777e-02   1.4154976e-02
   4.6400000e+02   2.2338520e+01   3.8578680e+00  -9.6835621e-02   4.7569298e-02   1.4129339e-02
   4.6500000e+02   2.2294900e+01   3.8571130e+00  -9.6971547e-02   4.7767986e-02   1.4103672e-02
   4.6600000e+02   2.2251470e+01   3.8563560e+00  -9.7107569e-02   4.7966874e-02   1.4077978e-02
   4.6700000e+02   2.2208250e+01   3.8555960e+00  -9.7243678e-02   4.8165917e-02   1.4052261e-02
   4.6800000e+02   2.2165230e+01   3.8548340e+00  -9.7379841e-02   4.8365113e-02   1.4026520e-02
   4.6900000e+02   2.2122400e+01   3.8540700e+00  -9.7516095e-02   4.8564485e-02   1.4000754e-02
   4.7000000e+02   2.2079780e+01   3.8533030e+00  -9.7652424e-02   4.8763991e-02   1.3974971e-02
   4.7100000e+02   2.2037350e+01   3.8525340e+00  -9.7788822e-02   4.8963660e-02   1.3949169e-02
   4.7200000e+02   2.1995110e+01   3.8517630e+00  -9.7925290e-02   4.9163469e-02   1.3923348e-02
   4.7300000e+02   2.1953070e+01   3.8509890e+00  -9.8061850e-02   4.9363435e-02   1.3897517e-02
   4.7400000e+02   2.1911220e+01   3.8502130e+00  -9.8198468e-02   4.9563529e-02   1.3871668e-02
   4.7500000e+02   2.1869560e+01   3.8494350e+00  -9.8335162e-02   4.9763757e-02   1.3845811e-02
   4.7600000e+02   2.1828090e+01   3.8486540e+00  -9.8471924e-02   4.9964125e-02   1.3819946e-02
   4.7700000e+02   2.1786810e+01   3.8478710e+00  -9.8608758e-02   5.0164614e-02   1.3794071e-02
   4.7800000e+02   2.1745720e+01   3.8470850e+00  -9.8745668e-02   5.0365237e-02   1.3768195e-02
   4.7900000e+02   2.1704810e+01   3.8462980e+00  -9.8882623e-02   5.0565958e-02   1.3742311e-02
   4.8000000e+02   2.1664090e+01   3.8455070e+00  -9.9019687e-02   5.0766831e-02   1.3716429e-02
   4.8100000e+02   2.1623550e+01   3.8447150e+00  -9.9156774e-02   5.0967785e-02   1.3690541e-02
   4.8200000e+02   2.1583200e+01   3.8439200e+00  -9.9293936e-02   5.1168860e-02   1.3664659e-02
   4.8300000e+02   2.1543030e+01   3.8431230e+00  -9.9431154e-02   5.1370017e-02   1.3638780e-02
   4.8400000e+02   2.1503040e+01   3.8423230e+00  -9.9568450e-02   5.1571303e-02   1.3612908e-02
   4.8500000e+02   2.1463230e+01   3.8415210e+00  -9.9705802e-02   5.1772677e-02   1.3587045e-02
   4.8600000e+02   2.1423590e+01   3.8407170e+00  -9.9843214e-02   5.1974150e-02   1.3561185e-02
   4.8700000e+02   2.1384140e+01   3.8399100e+00  -9.9980689e-02   5.2175699e-02   1.3535343e-02
   4.8800000e+02   2.1344860e+01   3.8391010e+00  -1.0011821e-01   5.2377337e-02   1.3509509e-02
   4.8900000e+02   2.1305760e+01   3.8382900e+00  -1.0025576e-01   5.2579041e-02   1.3483690e-02
   4.9000000e+02   2.1266830e+01   3.8374760e+00  -1.0039341e-01   5.2780846e-02   1.3457890e-02
   4.9100000e+02   2.1228080e+01   3.8366600e+00  -1.0053108e-01   5.2982700e-02   1.3432105e-02
   4.9200000e+02   2.1189490e+01   3.8358420e+00  -1.0066881e-01   5.3184633e-02   1.3406336e-02
   4.9300000e+02   2.1151080e+01   3.8350210e+00  -1.0080660e-01   5.3386635e-02   1.3380595e-02
   4.9400000e+02   2.1112840e+01   3.8341980e+00  -1.0094443e-01   5.3588689e-02   1.3354876e-02
   4.9500000e+02   2.1074770e+01   3.8333730e+00  -1.0108227e-01   5.3790783e-02   1.3329180e-02
   4.9600000e+02   2.1036860e+01   3.8325450e+00  -1.0122021e-01   5.3992972e-02   1.3303511e-02
   4.9700000e+02   2.0999120e+01   3.8317150e+00  -1.0135818e-01   5.4195189e-02   1.3277871e-02
   4.9800000e+02   2.0961550e+01   3.8308830e+00  -1.0149617e-01   5.4397431e-02   1.3252260e-02
   4.9900000e+02   2.0924150e+01   3.8300480e+00  -1.0163421e-01   5.4599720e-02   1.3226682e-02
   5.0000000e+02   2.0886910e+01   3.8292110e+00  -1.0177229e-01   5.4802047e-02   1.3201138e-02
   5.0100000e+02   2.0849830e+01   3.8283710e+00  -1.0191044e-01   5.5004437e-02   1.3175631e-02
   5.0200000e+02   2.0812910e+01   3.8275300e+00  -1.0204857e-01   5.5206815e-02   1.3150156e-02
   5.0300000e+02   2.0776160e+01   3.8266860e+00  -1.0218675e-01   5.5409220e-02   1.3124722e-02
   5.0400000e+02   2.0739560e+01   3.8258390e+00  -1.0232501e-01   5.5611692e-02   1.3099331e-02
   5.0500000e+02   2.0703130e+01   3.8249910e+00  -1.0246322e-01   5.5814105e-02   1.3073976e-02
   5.0600000e+02   2.0666850e+01   3.8241400e+00  -1.0260151e-01   5.6016580e-02   1.3048667e-02
   5.0700000e+02   2.0630730e+01   3.8232870e+00  -1.0273980e-01   5.6219035e-02   1.3023402e-02
   5.0800000e+02   2.0594770e+01   3.8224310e+00  -1.0287815e-01   5.6421519e-02   1.2998189e-02
   5.0900000e+02   2.0558960e+01   3.8215730e+00  -1.0301651e-01   5.6623999e-02   1.2973022e-02
   5.1000000e+02   2.0523310e+01   3.8207130e+00  -1.0315487e-01   5.6826449e-02   1.2947903e-02
   5.1100000e+02   2.0487810e+01   3.8198500e+00  -1.0329329e-01   5.7028936e-02   1.2922840e-02
   5.1200000e+02   2.0452460e+01   3.8189860e+00  -1.0343168e-01   5.7231361e-02   1.2897824e-02
   5.1300000e+02   2.0417270e+01   3.8181180e+00  -1.0357014e-01   5.7433806e-02   1.2872869e-02
   5.1400000e+02   2.0382230e+01   3.8172490e+00  -1.0370856e-01   5.7636192e-02   1.2847967e-02
   5.1500000e+02   2.0347330e+01   3.8163770e+00  -1.0384706e-01   5.7838613e-02   1.2823126e-02
   5.1600000e+02   2.0312590e+01   3.8155030e+00  -1.0398550e-01   5.8040952e-02   1.2798342e-02
   5.1700000e+02   2.0278000e+01   3.8146270e+00  -1.0412397e-01   5.8243254e-02   1.2773620e-02
   5.1800000e+02   2.0243550e+01   3.8137490e+00  -1.0426243e-01   5.8445535e-02   1.2748961e-02
   5.1900000e+02   2.0209250e+01   3.8128680e+00  -1.0440093e-01   5.8647777e-02   1.2724366e-02
   5.2000000e+02   2.0175090e+01   3.8119850e+00  -1.0453943e-01   5.8849982e-02   1.2699837e-02
   5.2100000e+02   2.0141090e+01   3.8110990e+00  -1.0467793e-01   5.9052130e-02   1.2675379e-02
   5.2200000e+02   2.0107220e+01   3.8102120e+00  -1.0481641e-01   5.9254221e-02   1.2650986e-02
   5.2300000e+02   2.0073500e+01   3.8093220e+00  -1.0495490e-01   5.9456256e-02   1.2626664e-02
   5.2400000e+02   2.0039920e+01   3.8084300e+00  -1.0509338e-01   5.9658226e-02   1.2602414e-02
   5.2500000e+02   2.0006490e+01   3.8075350e+00  -1.0523186e-01   5.9860141e-02   1.2578241e-02
   5.2600000e+02   1.9973190e+01   3.8066390e+00  -1.0537032e-01   6.0061974e-02   1.2554138e-02
   5.2700000e+02   1.9940040e+01   3.8057400e+00  -1.0550876e-01   6.0263727e-02   1.2530113e-02
   5.2800000e+02   1.9907020e+01   3.8048390e+00  -1.0564721e-01   6.0465426e-02   1.2506168e-02
   5.2900000e+02   1.9874140e+01   3.8039350e+00  -1.0578566e-01   6.0667055e-02   1.2482301e-02
   5.3000000e+02   1.9841400e+01   3.8030300e+00  -1.0592406e-01   6.0868564e-02   1.2458514e-02
   5.3100000e+02   1.9808800e+01   3.8021220e+00  -1.0606244e-01   6.1069983e-02   1.2434811e-02
   5.3200000e+02   1.9776330e+01   3.8012120e+00  -1.0620082e-01   6.1271332e-02   1.2411192e-02
   5.3300000e+02   1.9744000e+01   3.8002990e+00  -1.0633918e-01   6.1472585e-02   1.2387658e-02
   5.3400000e+02   1.9711810e+01   3.7993850e+00  -1.0647748e-01   6.1673701e-02   1.2364208e-02
   5.3500000e+02   1.9679750e+01   3.7984680e+00  -1.0661577e-01   6.1874726e-02   1.2340847e-02
   5.3600000e+02   1.9647820e+01   3.7975490e+00  -1.0675404e-01   6.2075659e-02   1.2317576e-02
   5.3700000e+02   1.9616020e+01   3.7966280e+00  -1.0689227e-01   6.2276479e-02   1.2294396e-02
   5.3800000e+02   1.9584360e+01   3.7957050e+00  -1.0703044e-01   6.2477152e-02   1.2271305e-02
   5.3900000e+02   1.9552830e+01   3.7947790e+00  -1.0716861e-01   6.2677723e-02   1.2248311e-02
   5.4000000e+02   1.9521420e+01   3.7938510e+00  -1.0730676e-01   6.2878196e-02   1.2225411e-02
   5.4100000e+02   1.9490150e+01   3.7929210e+00  -1.0744484e-01   6.3078510e-02   1.2202607e-02
   5.4200000e+02   1.9459010e+01   3.7919890e+00  -1.0758285e-01   6.3278668e-02   1.2179899e-02
   5.4300000e+02   1.9427990e+01   3.7910550e+00  -1.0772084e-01   6.3478721e-02   1.2157289e-02
   5.4400000e+02   1.9397100e+01   3.7901190e+00  -1.0785876e-01   6.3678608e-02   1.2134776e-02
   5.4500000e+02   1.9366340e+01   3.7891800e+00  -1.0799665e-01   6.3878372e-02   1.2112370e-02
   5.4600000e+02   1.9335700e+01   3.7882390e+00  -1.0813451e-01   6.4078000e-02   1.2090065e-02
   5.4700000e+02   1.9305190e+01   3.7872960e+00  -1.0827230e-01   6.4277455e-02   1.2067862e-02
   5.4800000e+02   1.9274800e+01   3.7863510e+00  -1.0841002e-01   6.4476757e-02   1.2045763e-02
   5.4900000e+02   1.9244540e+01   3.7854040e+00  -1.0854768e-01   6.4675895e-02   1.2023772e-02
   5.5000000e+02   1.9214400e+01   3.7844540e+00  -1.0868531e-01   6.4874891e-02   1.2001889e-02
   5.5100000e+02   1.9184390e+01   3.7835030e+00  -1.0882281e-01   6.5073665e-02   1.1980111e-02
   5.5200000e+02   1.9154490e+01   3.7825490e+00  -1.0896031e-01   6.5272323e-02   1.1958445e-02
   5.5300000e+02   1.9124720e+01   3.7815940e+00  -1.0909767e-01   6.5470752e-02   1.1936888e-02
   5.5400000e+02   1.9095060e+01   3.7806360e+00  -1.0923503e-01   6.5669056e-02   1.1915445e-02
   5.5500000e+02   1.9065530e+01   3.7796760e+00  -1.0937229e-01   6.5867144e-02   1.1894114e-02
   5.5600000e+02   1.9036120e+01   3.7787140e+00  -1.0950946e-01   6.6065051e-02   1.1872899e-02
   5.5700000e+02   1.9006820e+01   3.7777490e+00  -1.0964660e-01   6.6262801e-02   1.1851798e-02
   5.5800000e+02   1.8977640e+01   3.7767830e+00  -1.0978363e-01   6.6460333e-02   1.1830815e-02
   5.5900000e+02   1.8948580e+01   3.7758150e+00  -1.0992056e-01   6.6657641e-02   1.1809944e-02
   5.6000000e+02   1.8919640e+01   3.7748440e+00  -1.1005743e-01   6.6854781e-02   1.1789198e-02
   5.6100000e+02   1.8890810e+01   3.7738720e+00  -1.1019418e-01   6.7051688e-02   1.1768566e-02
   5.6200000e+02   1.8862100e+01   3.7728970e+00  -1.1033087e-01   6.7248408e-02   1.1748061e-02
   5.6300000e+02   1.8833500e+01   3.7719210e+00  -1.1046744e-01   6.7444889e-02   1.1727671e-02
   5.6400000e+02   1.8805020e+01   3.7709420e+00  -1.1060393e-01   6.7641169e-02   1.1707407e-02
   5.6500000e+02   1.8776650e+01   3.7699610e+00  -1.1074034e-01   6.7837243e-02   1.1687269e-02
   5.6600000e+02   1.8748390e+01   3.7689780e+00  -1.1087665e-01   6.8033097e-02   1.1667254e-02
   5.6700000e+02   1.8720240e+01   3.7679930e+00  -1.1101287e-01   6.8228732e-02   1.1647366e-02
   5.6800000e+02   1.8692210e+01   3.7670070e+00  -1.1114892e-01   6.8424080e-02   1.1627599e-02
   5.6900000e+02   1.8664290e+01   3.7660180e+00  -1.1128490e-01   6.8619216e-02   1.1607964e-02
   5.7000000e+02   1.8636470e+01   3.7650270e+00  -1.1142078e-01   6.8814150e-02   1.1588457e-02
   5.7100000e+02   1.8608770e+01   3.7640340e+00  -1.1155654e-01   6.9008819e-02   1.1569079e-02
   5.7200000e+02   1.8581180e+01   3.7630390e+00  -1.1169219e-01   6.9203234e-02   1.1549834e-02
   5.7300000e+02   1.8553690e+01   3.7620420e+00  -1.1182774e-01   6.9397423e-02   1.1530717e-02
   5.7400000e+02   1.8526320e+01   3.7610430e+00  -1.1196314e-01   6.9591337e-02   1.1511735e-02
   5.7500000e+02   1.8499050e+01   3.7600420e+00  -1.1209843e-01   6.9785015e-02   1.1492886e-02
   5.7600000e+02   1.8471890e+01   3.7590400e+00  -1.1223356e-01   6.9978387e-02   1.1474165e-02
   5.7700000e+02   1.8444830e+01   3.7580350e+00  -1.1236861e-01   7.0171549e-02   1.1455583e-02
   5.7800000e+02   1.8417880e+01   3.7570280e+00  -1.1250354e-01   7.0364445e-02   1.1437138e-02
   5.7900000e+02   1.8391040e+01   3.7560190e+00  -1.1263831e-01   7.0557052e-02   1.1418829e-02
   5.8000000e+02   1.8364300e+01   3.7550090e+00  -1.1277292e-01   7.0749363e-02   1.1400654e-02
   5.8100000e+02   1.8337660e+01   3.7539960e+00  -1.1290746e-01   7.0941450e-02   1.1382619e-02
   5.8200000e+02   1.8311130e+01   3.7529820e+00  -1.1304180e-01   7.1133216e-02   1.1364721e-02
   5.8300000e+02   1.8284700e+01   3.7519650e+00  -1.1317604e-01   7.1324739e-02   1.1346967e-02
   5.8400000e+02   1.8258370e+01   3.7509470e+00  -1.1331012e-01   7.1515946e-02   1.1329350e-02
   5.8500000e+02   1.8232150e+01   3.7499270e+00  -1.1344404e-01   7.1706857e-02   1.1311871e-02
   5.8600000e+02   1.8206020e+01   3.7489050e+00  -1.1357783e-01   7.1897504e-02   1.1294535e-02
   5.8700000e+02   1.8180000e+01   3.7478810e+00  -1.1371145e-01   7.2087834e-02   1.1277343e-02
   5.8800000e+02   1.8154080e+01   3.7468550e+00  -1.1384494e-01   7.2277873e-02   1.1260294e-02
   5.8900000e+02   1.8128250e+01   3.7458270e+00  -1.1397829e-01   7.2467634e-02   1.1243391e-02
   5.9000000e+02   1.8102530e+01   3.7447970e+00  -1.1411146e-01   7.2657076e-02   1.1226630e-02
   5.9100000e+02   1.8076900e+01   3.7437660e+00  -1.1424445e-01   7.2846200e-02   1.1210015e-02
   5.9200000e+02   1.8051380e+01   3.7427330e+00  -1.1437727e-01   7.3034982e-02   1.1193540e-02
   5.9300000e+02   1.8025950e+01   3.7416970e+00  -1.1450997e-01   7.3223516e-02   1.1177219e-02
   5.9400000e+02   1.8000610e+01   3.7406600e+00  -1.1464250e-01   7.3411718e-02   1.1161043e-02
   5.9500000e+02   1.7975380e+01   3.7396220e+00  -1.1477479e-01   7.3599531e-02   1.1145009e-02
   5.9600000e+02   1.7950240e+01   3.7385810e+00  -1.1490696e-01   7.3787091e-02   1.1129128e-02
   5.9700000e+02   1.7925190e+01   3.7375390e+00  -1.1503894e-01   7.3974301e-02   1.1113391e-02
   5.9800000e+02   1.7900250e+01   3.7364940e+00  -1.1517076e-01   7.4161187e-02   1.1097809e-02
   5.9900000e+02   1.7875390e+01   3.7354480e+00  -1.1530240e-01   7.4347744e-02   1.1082372e-02
   6.0000000e+02   1.7850630e+01   3.7344010e+00  -1.1543379e-01   7.4533925e-02   1.1067084e-02
   6.0100000e+02   1.7825960e+01   3.7333510e+00  -1.1556508e-01   7.4719832e-02   1.1051952e-02
   6.0200000e+02   1.7801390e+01   3.7323000e+00  -1.1569613e-01   7.4905343e-02   1.1036964e-02
   6.0300000e+02   1.7776910e+01   3.7312470e+00  -1.1582700e-01   7.5090531e-02   1.1022133e-02
   6.0400000e+02   1.7752520e+01   3.7301920e+00  -1.1595769e-01   7.5275377e-02   1.1007451e-02
   6.0500000e+02   1.7728220e+01   3.7291350e+00  -1.1608820e-01   7.5459905e-02   1.0992924e-02
   6.0600000e+02   1.7704020e+01   3.7280770e+00  -1.1621847e-01   7.5644008e-02   1.0978547e-02
   6.0700000e+02   1.7679900e+01   3.7270170e+00  -1.1634857e-01   7.5827809e-02   1.0964322e-02
   6.0800000e+02   1.7655870e+01   3.7259550e+00  -1.1647848e-01   7.6011261e-02   1.0950254e-02
   6.0900000e+02   1.7631940e+01   3.7248920e+00  -1.1660814e-01   7.6194304e-02   1.0936338e-02
   6.1000000e+02   1.7608090e+01   3.7238270e+00  -1.1673761e-01   7.6377006e-02   1.0922574e-02
   6.1100000e+02   1.7584340e+01   3.7227600e+00  -1.1686687e-01   7.6559330e-02   1.0908968e-02
   6.1200000e+02   1.7560670e+01   3.7216920e+00  -1.1699590e-01   7.6741286e-02   1.0895517e-02
   6.1300000e+02   1.7537080e+01   3.7206220e+00  -1.1712476e-01   7.6922906e-02   1.0882218e-02
   6.1400000e+02   1.7513590e+01   3.7195500e+00  -1.1725338e-01   7.7104123e-02   1.0869076e-02
   6.1500000e+02   1.7490180e+01   3.7184760e+00  -1.1738182e-01   7.7285000e-02   1.0856092e-02
   6.1600000e+02   1.7466860e+01   3.7174010e+00  -1.1751000e-01   7.7465456e-02   1.0843262e-02
   6.1700000e+02   1.7443630e+01   3.7163250e+00  -1.1763791e-01   7.7645506e-02   1.0830585e-02
   6.1800000e+02   1.7420480e+01   3.7152470e+00  -1.1776563e-01   7.7825206e-02   1.0818070e-02
   6.1900000e+02   1.7397420e+01   3.7141670e+00  -1.1789313e-01   7.8004506e-02   1.0805709e-02
   6.2000000e+02   1.7374440e+01   3.7130850e+00  -1.1802043e-01   7.8183452e-02   1.0793507e-02
   6.2100000e+02   1.7351540e+01   3.7120020e+00  -1.1814747e-01   7.8361996e-02   1.0781462e-02
   6.2200000e+02   1.7328730e+01   3.7109170e+00  -1.1827430e-01   7.8540147e-02   1.0769573e-02
   6.2300000e+02   1.7306010e+01   3.7098310e+00  -1.1840083e-01   7.8717848e-02   1.0757840e-02
   6.2400000e+02   1.7283360e+01   3.7087440e+00  -1.1852713e-01   7.8895181e-02   1.0746264e-02
   6.2500000e+02   1.7260800e+01   3.7076540e+00  -1.1865324e-01   7.9072144e-02   1.0734851e-02
   6.2600000e+02   1.7238320e+01   3.7065630e+00  -1.1877908e-01   7.9248678e-02   1.0723593e-02
   6.2700000e+02   1.7215920e+01   3.7054710e+00  -1.1890466e-01   7.9424794e-02   1.0712493e-02
   6.2800000e+02   1.7193610e+01   3.7043770e+00  -1.1902999e-01   7.9600511e-02   1.0701553e-02
   6.2900000e+02   1.7171370e+01   3.7032820e+00  -1.1915507e-01   7.9775816e-02   1.0690767e-02
   6.3000000e+02   1.7149220e+01   3.7021850e+00  -1.1927990e-01   7.9950699e-02   1.0680143e-02
   6.3100000e+02   1.7127140e+01   3.7010860e+00  -1.1940451e-01   8.0125216e-02   1.0669680e-02
   6.3200000e+02   1.7105150e+01   3.6999870e+00  -1.1952878e-01   8.0299233e-02   1.0659369e-02
   6.3300000e+02   1.7083230e+01   3.6988850e+00  -1.1965288e-01   8.0472915e-02   1.0649221e-02
   6.3400000e+02   1.7061390e+01   3.6977830e+00  -1.1977665e-01   8.0646115e-02   1.0639229e-02
   6.3500000e+02   1.7039630e+01   3.6966780e+00  -1.1990023e-01   8.0818963e-02   1.0629399e-02
   6.3600000e+02   1.7017950e+01   3.6955730e+00  -1.2002346e-01   8.0991304e-02   1.0619723e-02
   6.3700000e+02   1.6996350e+01   3.6944660e+00  -1.2014643e-01   8.1163231e-02   1.0610208e-02
   6.3800000e+02   1.6974820e+01   3.6933570e+00  -1.2026919e-01   8.1334772e-02   1.0600852e-02
   6.3900000e+02   1.6953370e+01   3.6922470e+00  -1.2039165e-01   8.1505873e-02   1.0591656e-02
   6.4000000e+02   1.6932000e+01   3.6911360e+00  -1.2051381e-01   8.1676504e-02   1.0582615e-02
   6.4100000e+02   1.6910710e+01   3.6900230e+00  -1.2063570e-01   8.1846704e-02   1.0573734e-02
   6.4200000e+02   1.6889480e+01   3.6889090e+00  -1.2075734e-01   8.2016504e-02   1.0565011e-02
   6.4300000e+02   1.6868340e+01   3.6877940e+00  -1.2087863e-01   8.2185795e-02   1.0556443e-02
   6.4400000e+02   1.6847270e+01   3.6866770e+00  -1.2099970e-01   8.2354702e-02   1.0548038e-02
   6.4500000e+02   1.6826270e+01   3.6855590e+00  -1.2112048e-01   8.2523173e-02   1.0539789e-02
   6.4600000e+02   1.6805350e+01   3.6844390e+00  -1.2124096e-01   8.2691180e-02   1.0531699e-02
   6.4700000e+02   1.6784500e+01   3.6833180e+00  -1.2136118e-01   8.2858766e-02   1.0523768e-02
   6.4800000e+02   1.6763730e+01   3.6821960e+00  -1.2148106e-01   8.3025855e-02   1.0515993e-02
   6.4900000e+02   1.6743020e+01   3.6810730e+00  -1.2160066e-01   8.3192518e-02   1.0508373e-02
   6.5000000e+02   1.6722400e+01   3.6799480e+00  -1.2171995e-01   8.3358708e-02   1.0500913e-02
   6.5100000e+02   1.6701840e+01   3.6788220e+00  -1.2183897e-01   8.3524480e-02   1.0493609e-02
   6.5200000e+02   1.6681350e+01   3.6776950e+00  -1.2195768e-01   8.3689785e-02   1.0486462e-02
   6.5300000e+02   1.6660940e+01   3.6765660e+00  -1.2207610e-01   8.3854630e-02   1.0479473e-02
   6.5400000e+02   1.6640600e+01   3.6754360e+00  -1.2219420e-01   8.4019006e-02   1.0472639e-02
   6.5500000e+02   1.6620330e+01   3.6743050e+00  -1.2231200e-01   8.4182931e-02   1.0465964e-02
   6.5600000e+02   1.6600120e+01   3.6731730e+00  -1.2242951e-01   8.4346422e-02   1.0459440e-02
   6.5700000e+02   1.6579990e+01   3.6720400e+00  -1.2254666e-01   8.4509385e-02   1.0453073e-02
   6.5800000e+02   1.6559930e+01   3.6709050e+00  -1.2266354e-01   8.4671931e-02   1.0446865e-02
   6.5900000e+02   1.6539940e+01   3.6697690e+00  -1.2278009e-01   8.4833993e-02   1.0440810e-02
   6.6000000e+02   1.6520020e+01   3.6686320e+00  -1.2289633e-01   8.4995584e-02   1.0434909e-02
   6.6100000e+02   1.6500160e+01   3.6674940e+00  -1.2301226e-01   8.5156721e-02   1.0429163e-02
   6.6200000e+02   1.6480380e+01   3.6663540e+00  -1.2312787e-01   8.5317386e-02   1.0423574e-02
   6.6300000e+02   1.6460660e+01   3.6652140e+00  -1.2324314e-01   8.5477561e-02   1.0418135e-02
   6.6400000e+02   1.6441010e+01   3.6640720e+00  -1.2335811e-01   8.5637280e-02   1.0412852e-02
   6.6500000e+02   1.6421430e+01   3.6629290e+00  -1.2347274e-01   8.5796507e-02   1.0407722e-02
   6.6600000e+02   1.6401910e+01   3.6617850e+00  -1.2358707e-01   8.5955284e-02   1.0402745e-02
   6.6700000e+02   1.6382460e+01   3.6606400e+00  -1.2370105e-01   8.6113568e-02   1.0397919e-02
   6.6800000e+02   1.6363080e+01   3.6594940e+00  -1.2381468e-01   8.6271352e-02   1.0393247e-02
   6.6900000e+02   1.6343760e+01   3.6583470e+00  -1.2392800e-01   8.6428672e-02   1.0388726e-02
   6.7000000e+02   1.6324510e+01   3.6571980e+00  -1.2404101e-01   8.6585536e-02   1.0384357e-02
   6.7100000e+02   1.6305330e+01   3.6560490e+00  -1.2415363e-01   8.6741862e-02   1.0380138e-02
   6.7200000e+02   1.6286200e+01   3.6548980e+00  -1.2426600e-01   8.6897796e-02   1.0376073e-02
   6.7300000e+02   1.6267150e+01   3.6537470e+00  -1.2437793e-01   8.7053133e-02   1.0372155e-02
   6.7400000e+02   1.6248160e+01   3.6525940e+00  -1.2448959e-01   8.7208053e-02   1.0368386e-02
   6.7500000e+02   1.6229230e+01   3.6514410e+00  -1.2460086e-01   8.7362453e-02   1.0364767e-02
   6.7600000e+02   1.6210360e+01   3.6502860e+00  -1.2471185e-01   8.7516425e-02   1.0361299e-02
   6.7700000e+02   1.6191560e+01   3.6491300e+00  -1.2482247e-01   8.7669869e-02   1.0357979e-02
   6.7800000e+02   1.6172830e+01   3.6479740e+00  -1.2493269e-01   8.7822775e-02   1.0354807e-02
   6.7900000e+02   1.6154150e+01   3.6468160e+00  -1.2504264e-01   8.7975263e-02   1.0351781e-02
   6.8000000e+02   1.6135540e+01   3.6456570e+00  -1.2515221e-01   8.8127227e-02   1.0348904e-02
   6.8100000e+02   1.6116990e+01   3.6444980e+00  -1.2526141e-01   8.8278687e-02   1.0346173e-02
   6.8200000e+02   1.6098500e+01   3.6433370e+00  -1.2537029e-01   8.8429689e-02   1.0343588e-02
   6.8300000e+02   1.6080070e+01   3.6421760e+00  -1.2547879e-01   8.8580166e-02   1.0341148e-02
   6.8400000e+02   1.6061710e+01   3.6410140e+00  -1.2558691e-01   8.8730112e-02   1.0338852e-02
   6.8500000e+02   1.6043400e+01   3.6398500e+00  -1.2569476e-01   8.8879648e-02   1.0336705e-02
   6.8600000e+02   1.6025160e+01   3.6386860e+00  -1.2580217e-01   8.9028623e-02   1.0334697e-02
   6.8700000e+02   1.6006980e+01   3.6375210e+00  -1.2590924e-01   8.9177093e-02   1.0332835e-02
   6.8800000e+02   1.5988850e+01   3.6363550e+00  -1.2601596e-01   8.9325101e-02   1.0331117e-02
   6.8900000e+02   1.5970790e+01   3.6351880e+00  -1.2612231e-01   8.9472590e-02   1.0329539e-02
   6.9000000e+02   1.5952780e+01   3.6340200e+00  -1.2622833e-01   8.9619604e-02   1.0328105e-02
   6.9100000e+02   1.5934840e+01   3.6328520e+00  -1.2633391e-01   8.9766053e-02   1.0326810e-02
   6.9200000e+02   1.5916950e+01   3.6316820e+00  -1.2643920e-01   8.9912074e-02   1.0325657e-02
   6.9300000e+02   1.5899120e+01   3.6305120e+00  -1.2654407e-01   9.0057541e-02   1.0324644e-02
   6.9400000e+02   1.5881350e+01   3.6293410e+00  -1.2664859e-01   9.0202523e-02   1.0323769e-02
   6.9500000e+02   1.5863640e+01   3.6281690e+00  -1.2675273e-01   9.0346984e-02   1.0323035e-02
   6.9600000e+02   1.5845980e+01   3.6269960e+00  -1.2685653e-01   9.0490979e-02   1.0322439e-02
   6.9700000e+02   1.5828390e+01   3.6258230e+00  -1.2695989e-01   9.0634400e-02   1.0321978e-02
   6.9800000e+02   1.5810850e+01   3.6246490e+00  -1.2706291e-01   9.0777346e-02   1.0321657e-02
   6.9900000e+02   1.5793360e+01   3.6234740e+00  -1.2716557e-01   9.0919807e-02   1.0321472e-02
   7.0000000e+02   1.5775940e+01   3.6222980e+00  -1.2726783e-01   9.1061731e-02   1.0321423e-02
   7.0100000e+02   1.5758570e+01   3.6211210e+00  -1.2736974e-01   9.1203176e-02   1.0321510e-02
   7.0200000e+02   1.5741250e+01   3.6199440e+00  -1.2747126e-01   9.1344112e-02   1.0321731e-02
   7.0300000e+02   1.5723990e+01   3.6187660e+00  -1.2757240e-01   9.1484529e-02   1.0322085e-02
   7.0400000e+02   1.5706790e+01   3.6175870e+00  -1.2767315e-01   9.1624428e-02   1.0322573e-02
   7.0500000e+02   1.5689640e+01   3.6164080e+00  -1.2777350e-01   9.1763811e-02   1.0323194e-02
   7.0600000e+02   1.5672550e+01   3.6152280e+00  -1.2787346e-01   9.1902671e-02   1.0323944e-02
   7.0700000e+02   1.5655510e+01   3.6140470e+00  -1.2797306e-01   9.2041053e-02   1.0324828e-02
   7.0800000e+02   1.5638530e+01   3.6128650e+00  -1.2807228e-01   9.2178914e-02   1.0325844e-02
   7.0900000e+02   1.5621600e+01   3.6116830e+00  -1.2817110e-01   9.2316259e-02   1.0326988e-02
   7.1000000e+02   1.5604720e+01   3.6105000e+00  -1.2826954e-01   9.2453096e-02   1.0328263e-02
   7.1100000e+02   1.5587900e+01   3.6093170e+00  -1.2836756e-01   9.2589408e-02   1.0329663e-02
   7.1200000e+02   1.5571130e+01   3.6081330e+00  -1.2846519e-01   9.2725192e-02   1.0331192e-02
   7.1300000e+02   1.5554410e+01   3.6069480e+00  -1.2856246e-01   9.2860505e-02   1.0332851e-02
   7.1400000e+02   1.5537750e+01   3.6057630e+00  -1.2865931e-01   9.2995267e-02   1.0334634e-02
   7.1500000e+02   1.5521140e+01   3.6045770e+00  -1.2875577e-01   9.3129522e-02   1.0336541e-02
   7.1600000e+02   1.5504580e+01   3.6033900e+00  -1.2885187e-01   9.3263293e-02   1.0338577e-02
   7.1700000e+02   1.5488070e+01   3.6022030e+00  -1.2894755e-01   9.3396539e-02   1.0340737e-02
   7.1800000e+02   1.5471620e+01   3.6010150e+00  -1.2904284e-01   9.3529261e-02   1.0343019e-02
   7.1900000e+02   1.5455210e+01   3.5998270e+00  -1.2913772e-01   9.3661472e-02   1.0345422e-02
   7.2000000e+02   1.5438860e+01   3.5986380e+00  -1.2923221e-01   9.3793166e-02   1.0347953e-02
   7.2100000e+02   1.5422560e+01   3.5974490e+00  -1.2932626e-01   9.3924319e-02   1.0350600e-02
   7.2200000e+02   1.5406310e+01   3.5962590e+00  -1.2941995e-01   9.4054984e-02   1.0353369e-02
   7.2300000e+02   1.5390110e+01   3.5950690e+00  -1.2951320e-01   9.4185099e-02   1.0356257e-02
   7.2400000e+02   1.5373960e+01   3.5938780e+00  -1.2960609e-01   9.4314743e-02   1.0359266e-02
   7.2500000e+02   1.5357860e+01   3.5926870e+00  -1.2969854e-01   9.4443826e-02   1.0362392e-02
   7.2600000e+02   1.5341810e+01   3.5914950e+00  -1.2979061e-01   9.4572434e-02   1.0365635e-02
   7.2700000e+02   1.5325810e+01   3.5903020e+00  -1.2988229e-01   9.4700521e-02   1.0368998e-02
   7.2800000e+02   1.5309860e+01   3.5891100e+00  -1.2997352e-01   9.4828054e-02   1.0372473e-02
   7.2900000e+02   1.5293960e+01   3.5879160e+00  -1.3006438e-01   9.4955115e-02   1.0376068e-02
   7.3000000e+02   1.5278100e+01   3.5867230e+00  -1.3015481e-01   9.5081636e-02   1.0379772e-02
   7.3100000e+02   1.5262300e+01   3.5855290e+00  -1.3024483e-01   9.5207636e-02   1.0383595e-02
   7.3200000e+02   1.5246540e+01   3.5843340e+00  -1.3033447e-01   9.5333147e-02   1.0387529e-02
   7.3300000e+02   1.5230830e+01   3.5831390e+00  -1.3042369e-01   9.5458133e-02   1.0391577e-02
   7.3400000e+02   1.5215170e+01   3.5819440e+00  -1.3051246e-01   9.5582568e-02   1.0395732e-02
   7.3500000e+02   1.5199560e+01   3.5807480e+00  -1.3060085e-01   9.5706517e-02   1.0400003e-02
   7.3600000e+02   1.5184000e+01   3.5795520e+00  -1.3068880e-01   9.5829914e-02   1.0404380e-02
   7.3700000e+02   1.5168480e+01   3.5783550e+00  -1.3077639e-01   9.5952855e-02   1.0408870e-02
   7.3800000e+02   1.5153010e+01   3.5771580e+00  -1.3086354e-01   9.6075250e-02   1.0413465e-02
   7.3900000e+02   1.5137580e+01   3.5759610e+00  -1.3095027e-01   9.6197130e-02   1.0418170e-02
   7.4000000e+02   1.5122210e+01   3.5747630e+00  -1.3103659e-01   9.6318487e-02   1.0422980e-02
   7.4100000e+02   1.5106870e+01   3.5735650e+00  -1.3112251e-01   9.6439360e-02   1.0427896e-02
   7.4200000e+02   1.5091590e+01   3.5723670e+00  -1.3120797e-01   9.6559657e-02   1.0432920e-02
   7.4300000e+02   1.5076350e+01   3.5711680e+00  -1.3129306e-01   9.6679495e-02   1.0438044e-02
   7.4400000e+02   1.5061160e+01   3.5699690e+00  -1.3137771e-01   9.6798783e-02   1.0443275e-02
   7.4500000e+02   1.5046010e+01   3.5687700e+00  -1.3146193e-01   9.6917563e-02   1.0448606e-02
   7.4600000e+02   1.5030900e+01   3.5675700e+00  -1.3154579e-01   9.7035879e-02   1.0454044e-02
   7.4700000e+02   1.5015850e+01   3.5663710e+00  -1.3162913e-01   9.7153567e-02   1.0459577e-02
   7.4800000e+02   1.5000830e+01   3.5651700e+00  -1.3171217e-01   9.7270863e-02   1.0465215e-02
   7.4900000e+02   1.4985860e+01   3.5639700e+00  -1.3179471e-01   9.7387582e-02   1.0470950e-02
   7.5000000e+02   1.4970940e+01   3.5627700e+00  -1.3187680e-01   9.7503747e-02   1.0476781e-02
   7.5100000e+02   1.4956060e+01   3.5615690e+00  -1.3195852e-01   9.7619447e-02   1.0482714e-02
   7.5200000e+02   1.4941220e+01   3.5603680e+00  -1.3203982e-01   9.7734635e-02   1.0488743e-02
   7.5300000e+02   1.4926430e+01   3.5591660e+00  -1.3212072e-01   9.7849328e-02   1.0494872e-02
   7.5400000e+02   1.4911680e+01   3.5579650e+00  -1.3220115e-01   9.7963471e-02   1.0501092e-02
   7.5500000e+02   1.4896970e+01   3.5567630e+00  -1.3228120e-01   9.8077143e-02   1.0507409e-02
   7.5600000e+02   1.4882310e+01   3.5555610e+00  -1.3236080e-01   9.8190260e-02   1.0513818e-02
   7.5700000e+02   1.4867690e+01   3.5543590e+00  -1.3243998e-01   9.8302886e-02   1.0520321e-02
   7.5800000e+02   1.4853110e+01   3.5531570e+00  -1.3251873e-01   9.8414985e-02   1.0526917e-02
   7.5900000e+02   1.4838580e+01   3.5519540e+00  -1.3259707e-01   9.8526586e-02   1.0533604e-02
   7.6000000e+02   1.4824090e+01   3.5507520e+00  -1.3267494e-01   9.8637635e-02   1.0540378e-02
   7.6100000e+02   1.4809640e+01   3.5495490e+00  -1.3275243e-01   9.8748213e-02   1.0547247e-02
   7.6200000e+02   1.4795230e+01   3.5483460e+00  -1.3282950e-01   9.8858297e-02   1.0554203e-02
   7.6300000e+02   1.4780860e+01   3.5471430e+00  -1.3290614e-01   9.8967858e-02   1.0561248e-02
   7.6400000e+02   1.4766540e+01   3.5459400e+00  -1.3298232e-01   9.9076872e-02   1.0568376e-02
   7.6500000e+02   1.4752250e+01   3.5447360e+00  -1.3305815e-01   9.9185456e-02   1.0575597e-02
   7.6600000e+02   1.4738010e+01   3.5435330e+00  -1.3313348e-01   9.9293461e-02   1.0582901e-02
   7.6700000e+02   1.4723810e+01   3.5423290e+00  -1.3320842e-01   9.9400990e-02   1.0590289e-02
   7.6800000e+02   1.4709650e+01   3.5411260e+00  -1.3328288e-01   9.9507969e-02   1.0597761e-02
   7.6900000e+02   1.4695530e+01   3.5399220e+00  -1.3335696e-01   9.9614483e-02   1.0605318e-02
   7.7000000e+02   1.4681450e+01   3.5387180e+00  -1.3343062e-01   9.9720488e-02   1.0612958e-02
   7.7100000e+02   1.4667410e+01   3.5375140e+00  -1.3350385e-01   9.9825981e-02   1.0620677e-02
   7.7200000e+02   1.4653410e+01   3.5363110e+00  -1.3357659e-01   9.9930933e-02   1.0628476e-02
   7.7300000e+02   1.4639450e+01   3.5351070e+00  -1.3364896e-01   1.0003542e-01   1.0636358e-02
   7.7400000e+02   1.4625520e+01   3.5339030e+00  -1.3372091e-01   1.0013943e-01   1.0644317e-02
   7.7500000e+02   1.4611640e+01   3.5326990e+00  -1.3379242e-01   1.0024290e-01   1.0652356e-02
   7.7600000e+02   1.4597800e+01   3.5314950e+00  -1.3386348e-01   1.0034584e-01   1.0660472e-02
   7.7700000e+02   1.4584000e+01   3.5302910e+00  -1.3393411e-01   1.0044829e-01   1.0668664e-02
   7.7800000e+02   1.4570230e+01   3.5290870e+00  -1.3400434e-01   1.0055027e-01   1.0676934e-02
   7.7900000e+02   1.4556510e+01   3.5278830e+00  -1.3407412e-01   1.0065171e-01   1.0685277e-02
   7.8000000e+02   1.4542820e+01   3.5266790e+00  -1.3414348e-01   1.0075267e-01   1.0693694e-02
   7.8100000e+02   1.4529170e+01   3.5254750e+00  -1.3421241e-01   1.0085313e-01   1.0702186e-02
   7.8200000e+02   1.4515560e+01   3.5242710e+00  -1.3428091e-01   1.0095308e-01   1.0710750e-02
   7.8300000e+02   1.4501990e+01   3.5230670e+00  -1.3434898e-01   1.0105253e-01   1.0719387e-02
   7.8400000e+02   1.4488450e+01   3.5218630e+00  -1.3441663e-01   1.0115150e-01   1.0728094e-02
   7.8500000e+02   1.4474960e+01   3.5206590e+00  -1.3448383e-01   1.0124994e-01   1.0736873e-02
   7.8600000e+02   1.4461500e+01   3.5194550e+00  -1.3455062e-01   1.0134791e-01   1.0745719e-02
   7.8700000e+02   1.4448080e+01   3.5182520e+00  -1.3461693e-01   1.0144533e-01   1.0754633e-02
   7.8800000e+02   1.4434690e+01   3.5170480e+00  -1.3468288e-01   1.0154233e-01   1.0763617e-02
   7.8900000e+02   1.4421340e+01   3.5158450e+00  -1.3474835e-01   1.0163877e-01   1.0772666e-02
   7.9000000e+02   1.4408030e+01   3.5146410e+00  -1.3481343e-01   1.0173475e-01   1.0781786e-02
   7.9100000e+02   1.4394760e+01   3.5134380e+00  -1.3487804e-01   1.0183020e-01   1.0790968e-02
   7.9200000e+02   1.4381520e+01   3.5122350e+00  -1.3494223e-01   1.0192518e-01   1.0800214e-02
   7.9300000e+02   1.4368310e+01   3.5110310e+00  -1.3500606e-01   1.0201972e-01   1.0809526e-02
   7.9400000e+02   1.4355150e+01   3.5098280e+00  -1.3506939e-01   1.0211369e-01   1.0818899e-02
   7.9500000e+02   1.4342020e+01   3.5086260e+00  -1.3513225e-01   1.0220715e-01   1.0828334e-02
   7.9600000e+02   1.4328920e+01   3.5074230e+00  -1.3519476e-01   1.0230019e-01   1.0837831e-02
   7.9700000e+02   1.4315860e+01   3.5062200e+00  -1.3525684e-01   1.0239272e-01   1.0847391e-02
   7.9800000e+02   1.4302840e+01   3.5050180e+00  -1.3531844e-01   1.0248473e-01   1.0857008e-02
   7.9900000e+02   1.4289850e+01   3.5038160e+00  -1.3537962e-01   1.0257626e-01   1.0866685e-02
   8.0000000e+02   1.4276900e+01   3.5026140e+00  -1.3544037e-01   1.0266728e-01   1.0876421e-02
   8.0100000e+02   1.4263980e+01   3.5014120e+00  -1.3550072e-01   1.0275786e-01   1.0886216e-02
   8.0200000e+02   1.4251100e+01   3.5002100e+00  -1.3556062e-01   1.0284792e-01   1.0896067e-02
   8.0300000e+02   1.4238250e+01   3.4990080e+00  -1.3562012e-01   1.0293752e-01   1.0905974e-02
   8.0400000e+02   1.4225440e+01   3.4978070e+00  -1.3567915e-01   1.0302659e-01   1.0915936e-02
   8.0500000e+02   1.4212660e+01   3.4966060e+00  -1.3573776e-01   1.0311519e-01   1.0925949e-02
   8.0600000e+02   1.4199910e+01   3.4954050e+00  -1.3579596e-01   1.0320334e-01   1.0936021e-02
   8.0700000e+02   1.4187200e+01   3.4942040e+00  -1.3585374e-01   1.0329099e-01   1.0946145e-02
   8.0800000e+02   1.4174520e+01   3.4930040e+00  -1.3591106e-01   1.0337813e-01   1.0956318e-02
   8.0900000e+02   1.4161880e+01   3.4918040e+00  -1.3596794e-01   1.0346478e-01   1.0966545e-02
   8.1000000e+02   1.4149270e+01   3.4906040e+00  -1.3602442e-01   1.0355098e-01   1.0976823e-02
   8.1100000e+02   1.4136690e+01   3.4894040e+00  -1.3608049e-01   1.0363671e-01   1.0987149e-02
   8.1200000e+02   1.4124150e+01   3.4882040e+00  -1.3613612e-01   1.0372195e-01   1.0997529e-02
   8.1300000e+02   1.4111630e+01   3.4870050e+00  -1.3619134e-01   1.0380673e-01   1.1007953e-02
   8.1400000e+02   1.4099160e+01   3.4858060e+00  -1.3624609e-01   1.0389097e-01   1.1018426e-02
   8.1500000e+02   1.4086710e+01   3.4846080e+00  -1.3630041e-01   1.0397475e-01   1.1028943e-02
   8.1600000e+02   1.4074300e+01   3.4834090e+00  -1.3635435e-01   1.0405809e-01   1.1039512e-02
   8.1700000e+02   1.4061920e+01   3.4822110e+00  -1.3640783e-01   1.0414092e-01   1.1050121e-02
   8.1800000e+02   1.4049570e+01   3.4810130e+00  -1.3646090e-01   1.0422330e-01   1.1060780e-02
   8.1900000e+02   1.4037260e+01   3.4798160e+00  -1.3651350e-01   1.0430515e-01   1.1071476e-02
   8.2000000e+02   1.4024970e+01   3.4786190e+00  -1.3656574e-01   1.0438659e-01   1.1082221e-02
   8.2100000e+02   1.4012720e+01   3.4774220e+00  -1.3661752e-01   1.0446752e-01   1.1093007e-02
   8.2200000e+02   1.4000500e+01   3.4762250e+00  -1.3666891e-01   1.0454802e-01   1.1103836e-02
   8.2300000e+02   1.3988320e+01   3.4750290e+00  -1.3671981e-01   1.0462798e-01   1.1114705e-02
   8.2400000e+02   1.3976160e+01   3.4738330e+00  -1.3677034e-01   1.0470751e-01   1.1125614e-02
   8.2500000e+02   1.3964040e+01   3.4726370e+00  -1.3682044e-01   1.0478658e-01   1.1136566e-02
   8.2600000e+02   1.3951940e+01   3.4714420e+00  -1.3687011e-01   1.0486517e-01   1.1147553e-02
   8.2700000e+02   1.3939880e+01   3.4702470e+00  -1.3691936e-01   1.0494329e-01   1.1158580e-02
   8.2800000e+02   1.3927850e+01   3.4690530e+00  -1.3696814e-01   1.0502090e-01   1.1169641e-02
   8.2900000e+02   1.3915850e+01   3.4678590e+00  -1.3701653e-01   1.0509808e-01   1.1180741e-02
   8.3000000e+02   1.3903880e+01   3.4666650e+00  -1.3706452e-01   1.0517480e-01   1.1191881e-02
   8.3100000e+02   1.3891940e+01   3.4654720e+00  -1.3711204e-01   1.0525103e-01   1.1203048e-02
   8.3200000e+02   1.3880030e+01   3.4642790e+00  -1.3715919e-01   1.0532683e-01   1.1214257e-02
   8.3300000e+02   1.3868150e+01   3.4630860e+00  -1.3720592e-01   1.0540217e-01   1.1225500e-02
   8.3400000e+02   1.3856300e+01   3.4618940e+00  -1.3725219e-01   1.0547701e-01   1.1236773e-02
   8.3500000e+02   1.3844490e+01   3.4607020e+00  -1.3729805e-01   1.0555139e-01   1.1248081e-02
   8.3600000e+02   1.3832700e+01   3.4595100e+00  -1.3734353e-01   1.0562535e-01   1.1259421e-02
   8.3700000e+02   1.3820940e+01   3.4583190e+00  -1.3738856e-01   1.0569883e-01   1.1270793e-02
   8.3800000e+02   1.3809210e+01   3.4571290e+00  -1.3743315e-01   1.0577182e-01   1.1282192e-02
   8.3900000e+02   1.3797510e+01   3.4559390e+00  -1.3747732e-01   1.0584436e-01   1.1293622e-02
   8.4000000e+02   1.3785840e+01   3.4547490e+00  -1.3752110e-01   1.0591647e-01   1.1305084e-02
   8.4100000e+02   1.3774200e+01   3.4535600e+00  -1.3756444e-01   1.0598810e-01   1.1316571e-02
   8.4200000e+02   1.3762590e+01   3.4523710e+00  -1.3760739e-01   1.0605928e-01   1.1328088e-02
   8.4300000e+02   1.3751010e+01   3.4511830e+00  -1.3764986e-01   1.0612997e-01   1.1339629e-02
   8.4400000e+02   1.3739450e+01   3.4499950e+00  -1.3769199e-01   1.0620027e-01   1.1351202e-02
   8.4500000e+02   1.3727930e+01   3.4488070e+00  -1.3773369e-01   1.0627010e-01   1.1362802e-02
   8.4600000e+02   1.3716430e+01   3.4476200e+00  -1.3777496e-01   1.0633946e-01   1.1374422e-02
   8.4700000e+02   1.3704960e+01   3.4464340e+00  -1.3781579e-01   1.0640837e-01   1.1386068e-02
   8.4800000e+02   1.3693520e+01   3.4452470e+00  -1.3785628e-01   1.0647688e-01   1.1397742e-02
   8.4900000e+02   1.3682110e+01   3.4440620e+00  -1.3789628e-01   1.0654486e-01   1.1409434e-02
   8.5000000e+02   1.3670730e+01   3.4428770e+00  -1.3793587e-01   1.0661240e-01   1.1421152e-02
   8.5100000e+02   1.3659370e+01   3.4416920e+00  -1.3797510e-01   1.0667955e-01   1.1432893e-02
   8.5200000e+02   1.3648050e+01   3.4405080e+00  -1.3801385e-01   1.0674618e-01   1.1444650e-02
   8.5300000e+02   1.3636750e+01   3.4393240e+00  -1.3805223e-01   1.0681241e-01   1.1456434e-02
   8.5400000e+02   1.3625480e+01   3.4381410e+00  -1.3809019e-01   1.0687817e-01   1.1468235e-02
   8.5500000e+02   1.3614230e+01   3.4369590e+00  -1.3812772e-01   1.0694350e-01   1.1480053e-02
   8.5600000e+02   1.3603020e+01   3.4357770e+00  -1.3816483e-01   1.0700835e-01   1.1491893e-02
   8.5700000e+02   1.3591830e+01   3.4345950e+00  -1.3820158e-01   1.0707280e-01   1.1503752e-02
   8.5800000e+02   1.3580660e+01   3.4334140e+00  -1.3823791e-01   1.0713682e-01   1.1515628e-02
   8.5900000e+02   1.3569530e+01   3.4322330e+00  -1.3827383e-01   1.0720039e-01   1.1527524e-02
   8.6000000e+02   1.3558420e+01   3.4310530e+00  -1.3830933e-01   1.0726351e-01   1.1539434e-02
   8.6100000e+02   1.3547340e+01   3.4298740e+00  -1.3834438e-01   1.0732614e-01   1.1551358e-02
   8.6200000e+02   1.3536290e+01   3.4286950e+00  -1.3837907e-01   1.0738838e-01   1.1563302e-02
   8.6300000e+02   1.3525260e+01   3.4275170e+00  -1.3841331e-01   1.0745015e-01   1.1575253e-02
   8.6400000e+02   1.3514260e+01   3.4263390e+00  -1.3844719e-01   1.0751152e-01   1.1587224e-02
   8.6500000e+02   1.3503280e+01   3.4251620e+00  -1.3848064e-01   1.0757244e-01   1.1599207e-02
   8.6600000e+02   1.3492330e+01   3.4239850e+00  -1.3851371e-01   1.0763295e-01   1.1611206e-02
   8.6700000e+02   1.3481410e+01   3.4228090e+00  -1.3854636e-01   1.0769298e-01   1.1623216e-02
   8.6800000e+02   1.3470510e+01   3.4216330e+00  -1.3857863e-01   1.0775264e-01   1.1635238e-02
   8.6900000e+02   1.3459640e+01   3.4204580e+00  -1.3861046e-01   1.0781181e-01   1.1647268e-02
   8.7000000e+02   1.3448800e+01   3.4192840e+00  -1.3864187e-01   1.0787053e-01   1.1659312e-02
   8.7100000e+02   1.3437980e+01   3.4181100e+00  -1.3867291e-01   1.0792887e-01   1.1671364e-02
   8.7200000e+02   1.3427190e+01   3.4169370e+00  -1.3870353e-01   1.0798674e-01   1.1683427e-02
   8.7300000e+02   1.3416420e+01   3.4157640e+00  -1.3873376e-01   1.0804421e-01   1.1695499e-02
   8.7400000e+02   1.3405680e+01   3.4145920e+00  -1.3876359e-01   1.0810124e-01   1.1707579e-02
   8.7500000e+02   1.3394960e+01   3.4134210e+00  -1.3879301e-01   1.0815785e-01   1.1719665e-02
   8.7600000e+02   1.3384270e+01   3.4122500e+00  -1.3882204e-01   1.0821402e-01   1.1731762e-02
   8.7700000e+02   1.3373600e+01   3.4110800e+00  -1.3885066e-01   1.0826978e-01   1.1743862e-02
   8.7800000e+02   1.3362960e+01   3.4099100e+00  -1.3887890e-01   1.0832511e-01   1.1755970e-02
   8.7900000e+02   1.3352350e+01   3.4087410e+00  -1.3890670e-01   1.0837998e-01   1.1768087e-02
   8.8000000e+02   1.3341750e+01   3.4075730e+00  -1.3893414e-01   1.0843447e-01   1.1780204e-02
   8.8100000e+02   1.3331190e+01   3.4064050e+00  -1.3896117e-01   1.0848851e-01   1.1792326e-02
   8.8200000e+02   1.3320640e+01   3.4052380e+00  -1.3898782e-01   1.0854217e-01   1.1804455e-02
   8.8300000e+02   1.3310130e+01   3.4040720e+00  -1.3901400e-01   1.0859532e-01   1.1816584e-02
   8.8400000e+02   1.3299630e+01   3.4029060e+00  -1.3903990e-01   1.0864816e-01   1.1828720e-02
   8.8500000e+02   1.3289160e+01   3.4017410e+00  -1.3906532e-01   1.0870051e-01   1.1840856e-02
   8.8600000e+02   1.3278720e+01   3.4005760e+00  -1.3909040e-01   1.0875247e-01   1.1852998e-02
   8.8700000e+02   1.3268300e+01   3.3994120e+00  -1.3911507e-01   1.0880402e-01   1.1865137e-02
   8.8800000e+02   1.3257900e+01   3.3982490e+00  -1.3913932e-01   1.0885513e-01   1.1877279e-02
   8.8900000e+02   1.3247530e+01   3.3970870e+00  -1.3916315e-01   1.0890579e-01   1.1889417e-02
   8.9000000e+02   1.3237180e+01   3.3959250e+00  -1.3918665e-01   1.0895610e-01   1.1901559e-02
   8.9100000e+02   1.3226860e+01   3.3947640e+00  -1.3920972e-01   1.0900594e-01   1.1913700e-02
   8.9200000e+02   1.3216550e+01   3.3936030e+00  -1.3923247e-01   1.0905545e-01   1.1925842e-02
   8.9300000e+02   1.3206280e+01   3.3924430e+00  -1.3925475e-01   1.0910446e-01   1.1937979e-02
   8.9400000e+02   1.3196020e+01   3.3912840e+00  -1.3927668e-01   1.0915312e-01   1.1950116e-02
   8.9500000e+02   1.3185790e+01   3.3901250e+00  -1.3929824e-01   1.0920136e-01   1.1962252e-02
   8.9600000e+02   1.3175580e+01   3.3889670e+00  -1.3931940e-01   1.0924919e-01   1.1974384e-02
   8.9700000e+02   1.3165400e+01   3.3878100e+00  -1.3934014e-01   1.0929657e-01   1.1986510e-02
   8.9800000e+02   1.3155230e+01   3.3866540e+00  -1.3936050e-01   1.0934357e-01   1.1998631e-02
   8.9900000e+02   1.3145100e+01   3.3854980e+00  -1.3938049e-01   1.0939016e-01   1.2010753e-02
   9.0000000e+02   1.3134980e+01   3.3843430e+00  -1.3940008e-01   1.0943634e-01   1.2022865e-02
   9.0100000e+02   1.3124890e+01   3.3831880e+00  -1.3941932e-01   1.0948214e-01   1.2034978e-02
   9.0200000e+02   1.3114820e+01   3.3820350e+00  -1.3943814e-01   1.0952749e-01   1.2047080e-02
   9.0300000e+02   1.3104770e+01   3.3808820e+00  -1.3945659e-01   1.0957248e-01   1.2059176e-02
   9.0400000e+02   1.3094740e+01   3.3797290e+00  -1.3947469e-01   1.0961707e-01   1.2071268e-02
   9.0500000e+02   1.3084740e+01   3.3785780e+00  -1.3949235e-01   1.0966121e-01   1.2083352e-02
   9.0600000e+02   1.3074760e+01   3.3774270e+00  -1.3950964e-01   1.0970497e-01   1.2095425e-02
   9.0700000e+02   1.3064800e+01   3.3762770e+00  -1.3952659e-01   1.0974836e-01   1.2107496e-02
   9.0800000e+02   1.3054870e+01   3.3751270e+00  -1.3954312e-01   1.0979132e-01   1.2119554e-02
   9.0900000e+02   1.3044950e+01   3.3739790e+00  -1.3955929e-01   1.0983389e-01   1.2131602e-02
   9.1000000e+02   1.3035060e+01   3.3728310e+00  -1.3957507e-01   1.0987605e-01   1.2143645e-02
   9.1100000e+02   1.3025190e+01   3.3716830e+00  -1.3959051e-01   1.0991786e-01   1.2155678e-02
   9.1200000e+02   1.3015340e+01   3.3705370e+00  -1.3960552e-01   1.0995922e-01   1.2167695e-02
   9.1300000e+02   1.3005510e+01   3.3693910e+00  -1.3962018e-01   1.1000021e-01   1.2179706e-02
   9.1400000e+02   1.2995710e+01   3.3682460e+00  -1.3963445e-01   1.1004078e-01   1.2191706e-02
   9.1500000e+02   1.2985930e+01   3.3671020e+00  -1.3964834e-01   1.1008097e-01   1.2203694e-02
   9.1600000e+02   1.2976160e+01   3.3659580e+00  -1.3966190e-01   1.1012081e-01   1.2215670e-02
   9.1700000e+02   1.2966420e+01   3.3648150e+00  -1.3967505e-01   1.1016022e-01   1.2227633e-02
   9.1800000e+02   1.2956700e+01   3.3636730e+00  -1.3968783e-01   1.1019924e-01   1.2239582e-02
   9.1900000e+02   1.2947010e+01   3.3625320e+00  -1.3970022e-01   1.1023784e-01   1.2251521e-02
   9.2000000e+02   1.2937330e+01   3.3613910e+00  -1.3971229e-01   1.1027611e-01   1.2263446e-02
   9.2100000e+02   1.2927670e+01   3.3602510e+00  -1.3972396e-01   1.1031398e-01   1.2275355e-02
   9.2200000e+02   1.2918040e+01   3.3591120e+00  -1.3973524e-01   1.1035142e-01   1.2287250e-02
   9.2300000e+02   1.2908430e+01   3.3579740e+00  -1.3974615e-01   1.1038848e-01   1.2299132e-02
   9.2400000e+02   1.2898830e+01   3.3568360e+00  -1.3975675e-01   1.1042522e-01   1.2310999e-02
   9.2500000e+02   1.2889260e+01   3.3556990e+00  -1.3976696e-01   1.1046154e-01   1.2322850e-02
   9.2600000e+02   1.2879710e+01   3.3545630e+00  -1.3977677e-01   1.1049745e-01   1.2334686e-02
   9.2700000e+02   1.2870180e+01   3.3534280e+00  -1.3978621e-01   1.1053297e-01   1.2346502e-02
   9.2800000e+02   1.2860670e+01   3.3522940e+00  -1.3979527e-01   1.1056811e-01   1.2358303e-02
   9.2900000e+02   1.2851180e+01   3.3511600e+00  -1.3980400e-01   1.1060289e-01   1.2370085e-02
   9.3000000e+02   1.2841710e+01   3.3500270e+00  -1.3981236e-01   1.1063728e-01   1.2381854e-02
   9.3100000e+02   1.2832260e+01   3.3488950e+00  -1.3982036e-01   1.1067131e-01   1.2393602e-02
   9.3200000e+02   1.2822830e+01   3.3477630e+00  -1.3982803e-01   1.1070498e-01   1.2405338e-02
   9.3300000e+02   1.2813420e+01   3.3466330e+00  -1.3983526e-01   1.1073820e-01   1.2417045e-02
   9.3400000e+02   1.2804030e+01   3.3455030e+00  -1.3984219e-01   1.1077110e-01   1.2428743e-02
   9.3500000e+02   1.2794660e+01   3.3443740e+00  -1.3984873e-01   1.1080360e-01   1.2440417e-02
   9.3600000e+02   1.2785310e+01   3.3432460e+00  -1.3985491e-01   1.1083573e-01   1.2452069e-02
   9.3700000e+02   1.2775990e+01   3.3421180e+00  -1.3986073e-01   1.1086747e-01   1.2463708e-02
   9.3800000e+02   1.2766680e+01   3.3409910e+00  -1.3986623e-01   1.1089888e-01   1.2475323e-02
   9.3900000e+02   1.2757390e+01   3.3398660e+00  -1.3987130e-01   1.1092985e-01   1.2486915e-02
   9.4000000e+02   1.2748120e+01   3.3387400e+00  -1.3987607e-01   1.1096050e-01   1.2498489e-02
   9.4100000e+02   1.2738870e+01   3.3376160e+00  -1.3988045e-01   1.1099075e-01   1.2510043e-02
   9.4200000e+02   1.2729630e+01   3.3364930e+00  -1.3988450e-01   1.1102066e-01   1.2521571e-02
   9.4300000e+02   1.2720420e+01   3.3353700e+00  -1.3988820e-01   1.1105019e-01   1.2533079e-02
   9.4400000e+02   1.2711230e+01   3.3342480e+00  -1.3989151e-01   1.1107933e-01   1.2544565e-02
   9.4500000e+02   1.2702060e+01   3.3331270e+00  -1.3989448e-01   1.1110810e-01   1.2556030e-02
   9.4600000e+02   1.2692900e+01   3.3320070e+00  -1.3989710e-01   1.1113653e-01   1.2567470e-02
   9.4700000e+02   1.2683770e+01   3.3308870e+00  -1.3989939e-01   1.1116458e-01   1.2578889e-02
   9.4800000e+02   1.2674650e+01   3.3297690e+00  -1.3990128e-01   1.1119225e-01   1.2590280e-02
   9.4900000e+02   1.2665560e+01   3.3286510e+00  -1.3990282e-01   1.1121953e-01   1.2601651e-02
   9.5000000e+02   1.2656480e+01   3.3275340e+00  -1.3990404e-01   1.1124649e-01   1.2612994e-02
   9.5100000e+02   1.2647420e+01   3.3264180e+00  -1.3990488e-01   1.1127305e-01   1.2624314e-02
   9.5200000e+02   1.2638380e+01   3.3253020e+00  -1.3990544e-01   1.1129932e-01   1.2635612e-02
   9.5300000e+02   1.2629360e+01   3.3241880e+00  -1.3990556e-01   1.1132514e-01   1.2646885e-02
   9.5400000e+02   1.2620350e+01   3.3230740e+00  -1.3990542e-01   1.1135069e-01   1.2658129e-02
   9.5500000e+02   1.2611370e+01   3.3219610e+00  -1.3990488e-01   1.1137581e-01   1.2669349e-02
   9.5600000e+02   1.2602400e+01   3.3208490e+00  -1.3990400e-01   1.1140058e-01   1.2680540e-02
   9.5700000e+02   1.2593460e+01   3.3197380e+00  -1.3990275e-01   1.1142497e-01   1.2691709e-02
   9.5800000e+02   1.2584530e+01   3.3186270e+00  -1.3990121e-01   1.1144906e-01   1.2702851e-02
   9.5900000e+02   1.2575620e+01   3.3175170e+00  -1.3989932e-01   1.1147278e-01   1.2713967e-02
   9.6000000e+02   1.2566720e+01   3.3164090e+00  -1.3989704e-01   1.1149612e-01   1.2725050e-02
   9.6100000e+02   1.2557850e+01   3.3153010e+00  -1.3989443e-01   1.1151908e-01   1.2736110e-02
   9.6200000e+02   1.2548990e+01   3.3141930e+00  -1.3989154e-01   1.1154178e-01   1.2747145e-02
   9.6300000e+02   1.2540150e+01   3.3130870e+00  -1.3988824e-01   1.1156404e-01   1.2758145e-02
   9.6400000e+02   1.2531330e+01   3.3119820e+00  -1.3988461e-01   1.1158595e-01   1.2769120e-02
   9.6500000e+02   1.2522530e+01   3.3108770e+00  -1.3988066e-01   1.1160754e-01   1.2780068e-02
   9.6600000e+02   1.2513750e+01   3.3097730e+00  -1.3987635e-01   1.1162874e-01   1.2790986e-02
   9.6700000e+02   1.2504980e+01   3.3086700e+00  -1.3987172e-01   1.1164963e-01   1.2801874e-02
   9.6800000e+02   1.2496230e+01   3.3075680e+00  -1.3986674e-01   1.1167014e-01   1.2812733e-02
   9.6900000e+02   1.2487500e+01   3.3064670e+00  -1.3986139e-01   1.1169028e-01   1.2823560e-02
   9.7000000e+02   1.2478790e+01   3.3053660e+00  -1.3985576e-01   1.1171012e-01   1.2834361e-02
   9.7100000e+02   1.2470090e+01   3.3042670e+00  -1.3984975e-01   1.1172957e-01   1.2845128e-02
   9.7200000e+02   1.2461410e+01   3.3031680e+00  -1.3984345e-01   1.1174872e-01   1.2855868e-02
   9.7300000e+02   1.2452750e+01   3.3020700e+00  -1.3983679e-01   1.1176749e-01   1.2866579e-02
   9.7400000e+02   1.2444110e+01   3.3009730e+00  -1.3982978e-01   1.1178590e-01   1.2877255e-02
   9.7500000e+02   1.2435480e+01   3.2998770e+00  -1.3982247e-01   1.1180399e-01   1.2887901e-02
   9.7600000e+02   1.2426870e+01   3.2987810e+00  -1.3981484e-01   1.1182176e-01   1.2898516e-02
   9.7700000e+02   1.2418280e+01   3.2976870e+00  -1.3980680e-01   1.1183910e-01   1.2909098e-02
   9.7800000e+02   1.2409700e+01   3.2965930e+00  -1.3979852e-01   1.1185621e-01   1.2919648e-02
   9.7900000e+02   1.2401140e+01   3.2955000e+00  -1.3978989e-01   1.1187293e-01   1.2930168e-02
   9.8000000e+02   1.2392600e+01   3.2944080e+00  -1.3978092e-01   1.1188931e-01   1.2940658e-02
   9.8100000e+02   1.2384080e+01   3.2933170e+00  -1.3977158e-01   1.1190530e-01   1.2951108e-02
   9.8200000e+02   1.2375570e+01   3.2922270e+00  -1.3976193e-01   1.1192098e-01   1.2961530e-02
   9.8300000e+02   1.2367080e+01   3.2911370e+00  -1.3975201e-01   1.1193636e-01   1.2971920e-02
   9.8400000e+02   1.2358600e+01   3.2900490e+00  -1.3974172e-01   1.1195137e-01   1.2982274e-02
   9.8500000e+02   1.2350150e+01   3.2889610e+00  -1.3973109e-01   1.1196603e-01   1.2992595e-02
   9.8600000e+02   1.2341710e+01   3.2878740e+00  -1.3972014e-01   1.1198034e-01   1.3002883e-02
   9.8700000e+02   1.2333280e+01   3.2867880e+00  -1.3970890e-01   1.1199437e-01   1.3013133e-02
   9.8800000e+02   1.2324880e+01   3.2857030e+00  -1.3969728e-01   1.1200799e-01   1.3023352e-02
   9.8900000e+02   1.2316480e+01   3.2846180e+00  -1.3968544e-01   1.1202140e-01   1.3033542e-02
   9.9000000e+02   1.2308110e+01   3.2835350e+00  -1.3967318e-01   1.1203437e-01   1.3043691e-02
   9.9100000e+02   1.2299750e+01   3.2824520e+00  -1.3966064e-01   1.1204704e-01   1.3053807e-02
   9.9200000e+02   1.2291410e+01   3.2813710e+00  -1.3964771e-01   1.1205931e-01   1.3063882e-02
   9.9300000e+02   1.2283080e+01   3.2802900e+00  -1.3963454e-01   1.1207133e-01   1.3073931e-02
   9.9400000e+02   1.2274770e+01   3.2792100e+00  -1.3962102e-01   1.1208299e-01   1.3083938e-02
   9.9500000e+02   1.2266480e+01   3.2781300e+00  -1.3960722e-01   1.1209435e-01   1.3093915e-02
   9.9600000e+02   1.2258200e+01   3.2770520e+00  -1.3959306e-01   1.1210535e-01   1.3103855e-02
   9.9700000e+02   1.2249940e+01   3.2759750e+00  -1.3957857e-01   1.1211599e-01   1.3113756e-02
   9.9800000e+02   1.2241700e+01   3.2748980e+00  -1.3956377e-01   1.1212633e-01   1.3123620e-02
   9.9900000e+02   1.2233470e+01   3.2738220e+00  -1.3954871e-01   1.1213638e-01   1.3133455e-02
   1.0000000e+03   1.2225250e+01   3.2727470e+00  -1.3953331e-01   1.1214608e-01   1.3143247e-02
   1.0010000e+03   1.2217060e+01   3.2716730e+00  -1.3951755e-01   1.1215542e-01   1.3153005e-02
   1.0020000e+03   1.2208870e+01   3.2706000e+00  -1.3950153e-01   1.1216449e-01   1.3162724e-02
   1.0030000e+03   1.2200710e+01   3.2695280e+00  -1.3948512e-01   1.1217315e-01   1.3172402e-02
   1.0040000e+03   1.2192560e+01   3.2684570e+00  -1.3946844e-01   1.1218153e-01   1.3182047e-02
   1.0050000e+03   1.2184420e+01   3.2673860e+00  -1.3945148e-01   1.1218962e-01   1.3191656e-02
   1.0060000e+03   1.2176300e+01   3.2663160e+00  -1.3943422e-01   1.1219740e-01   1.3201226e-02
   1.0070000e+03   1.2168200e+01   3.2652470e+00  -1.3941661e-01   1.1220480e-01   1.3210760e-02
   1.0080000e+03   1.2160110e+01   3.2641790e+00  -1.3939868e-01   1.1221189e-01   1.3220253e-02
   1.0090000e+03   1.2152040e+01   3.2631120e+00  -1.3938043e-01   1.1221865e-01   1.3229709e-02
   1.0100000e+03   1.2143980e+01   3.2620460e+00  -1.3936190e-01   1.1222510e-01   1.3239125e-02
   1.0110000e+03   1.2135940e+01   3.2609810e+00  -1.3934302e-01   1.1223120e-01   1.3248498e-02
   1.0120000e+03   1.2127910e+01   3.2599160e+00  -1.3932393e-01   1.1223707e-01   1.3257845e-02
   1.0130000e+03   1.2119900e+01   3.2588530e+00  -1.3930443e-01   1.1224253e-01   1.3267141e-02
   1.0140000e+03   1.2111900e+01   3.2577900e+00  -1.3928466e-01   1.1224771e-01   1.3276401e-02
   1.0150000e+03   1.2103920e+01   3.2567280e+00  -1.3926462e-01   1.1225260e-01   1.3285630e-02
   1.0160000e+03   1.2095950e+01   3.2556670e+00  -1.3924425e-01   1.1225714e-01   1.3294810e-02
   1.0170000e+03   1.2088000e+01   3.2546070e+00  -1.3922357e-01   1.1226137e-01   1.3303956e-02
   1.0180000e+03   1.2080070e+01   3.2535470e+00  -1.3920260e-01   1.1226529e-01   1.3313059e-02
   1.0190000e+03   1.2072140e+01   3.2524890e+00  -1.3918131e-01   1.1226890e-01   1.3322122e-02
   1.0200000e+03   1.2064240e+01   3.2514310e+00  -1.3915974e-01   1.1227219e-01   1.3331148e-02
   1.0210000e+03   1.2056350e+01   3.2503750e+00  -1.3913781e-01   1.1227512e-01   1.3340132e-02
   1.0220000e+03   1.2048470e+01   3.2493190e+00  -1.3911565e-01   1.1227781e-01   1.3349074e-02
   1.0230000e+03   1.2040610e+01   3.2482640e+00  -1.3909315e-01   1.1228015e-01   1.3357978e-02
   1.0240000e+03   1.2032760e+01   3.2472100e+00  -1.3907038e-01   1.1228220e-01   1.3366841e-02
   1.0250000e+03   1.2024920e+01   3.2461570e+00  -1.3904731e-01   1.1228395e-01   1.3375663e-02
   1.0260000e+03   1.2017110e+01   3.2451040e+00  -1.3902393e-01   1.1228538e-01   1.3384447e-02
   1.0270000e+03   1.2009300e+01   3.2440530e+00  -1.3900023e-01   1.1228647e-01   1.3393184e-02
   1.0280000e+03   1.2001510e+01   3.2430020e+00  -1.3897629e-01   1.1228731e-01   1.3401885e-02
   1.0290000e+03   1.1993740e+01   3.2419520e+00  -1.3895198e-01   1.1228778e-01   1.3410542e-02
   1.0300000e+03   1.1985980e+01   3.2409030e+00  -1.3892741e-01   1.1228796e-01   1.3419158e-02
   1.0310000e+03   1.1978230e+01   3.2398550e+00  -1.3890258e-01   1.1228787e-01   1.3427735e-02
   1.0320000e+03   1.1970500e+01   3.2388080e+00  -1.3887740e-01   1.1228743e-01   1.3436267e-02
   1.0330000e+03   1.1962780e+01   3.2377620e+00  -1.3885194e-01   1.1228670e-01   1.3444758e-02
   1.0340000e+03   1.1955080e+01   3.2367160e+00  -1.3882622e-01   1.1228568e-01   1.3453212e-02
   1.0350000e+03   1.1947390e+01   3.2356720e+00  -1.3880018e-01   1.1228434e-01   1.3461618e-02
   1.0360000e+03   1.1939710e+01   3.2346280e+00  -1.3877387e-01   1.1228273e-01   1.3469983e-02
   1.0370000e+03   1.1932050e+01   3.2335850e+00  -1.3874727e-01   1.1228079e-01   1.3478308e-02
   1.0380000e+03   1.1924400e+01   3.2325430e+00  -1.3872037e-01   1.1227856e-01   1.3486588e-02
   1.0390000e+03   1.1916770e+01   3.2315020e+00  -1.3869317e-01   1.1227601e-01   1.3494828e-02
   1.0400000e+03   1.1909150e+01   3.2304620e+00  -1.3866568e-01   1.1227316e-01   1.3503022e-02
   1.0410000e+03   1.1901550e+01   3.2294220e+00  -1.3863790e-01   1.1227001e-01   1.3511175e-02
   1.0420000e+03   1.1893950e+01   3.2283840e+00  -1.3860984e-01   1.1226658e-01   1.3519285e-02
   1.0430000e+03   1.1886380e+01   3.2273460e+00  -1.3858149e-01   1.1226282e-01   1.3527353e-02
   1.0440000e+03   1.1878810e+01   3.2263090e+00  -1.3855291e-01   1.1225883e-01   1.3535382e-02
   1.0450000e+03   1.1871260e+01   3.2252730e+00  -1.3852397e-01   1.1225449e-01   1.3543360e-02
   1.0460000e+03   1.1863730e+01   3.2242380e+00  -1.3849475e-01   1.1224982e-01   1.3551299e-02
   1.0470000e+03   1.1856200e+01   3.2232040e+00  -1.3846528e-01   1.1224493e-01   1.3559194e-02
   1.0480000e+03   1.1848690e+01   3.2221710e+00  -1.3843548e-01   1.1223968e-01   1.3567040e-02
   1.0490000e+03   1.1841200e+01   3.2211380e+00  -1.3840546e-01   1.1223419e-01   1.3574851e-02
   1.0500000e+03   1.1833720e+01   3.2201060e+00  -1.3837512e-01   1.1222836e-01   1.3582615e-02
   1.0510000e+03   1.1826250e+01   3.2190760e+00  -1.3834447e-01   1.1222223e-01   1.3590334e-02
   1.0520000e+03   1.1818790e+01   3.2180460e+00  -1.3831359e-01   1.1221585e-01   1.3598010e-02
   1.0530000e+03   1.1811350e+01   3.2170170e+00  -1.3828243e-01   1.1220918e-01   1.3605643e-02
   1.0540000e+03   1.1803920e+01   3.2159880e+00  -1.3825100e-01   1.1220222e-01   1.3613233e-02
   1.0550000e+03   1.1796510e+01   3.2149610e+00  -1.3821924e-01   1.1219492e-01   1.3620777e-02
   1.0560000e+03   1.1789110e+01   3.2139350e+00  -1.3818720e-01   1.1218734e-01   1.3628276e-02
   1.0570000e+03   1.1781720e+01   3.2129090e+00  -1.3815493e-01   1.1217950e-01   1.3635733e-02
   1.0580000e+03   1.1774340e+01   3.2118840e+00  -1.3812237e-01   1.1217138e-01   1.3643143e-02
   1.0590000e+03   1.1766980e+01   3.2108600e+00  -1.3808954e-01   1.1216297e-01   1.3650511e-02
   1.0600000e+03   1.1759630e+01   3.2098370e+00  -1.3805639e-01   1.1215422e-01   1.3657833e-02
   1.0610000e+03   1.1752300e+01   3.2088150e+00  -1.3802296e-01   1.1214518e-01   1.3665108e-02
   1.0620000e+03   1.1744980e+01   3.2077940e+00  -1.3798929e-01   1.1213589e-01   1.3672344e-02
   1.0630000e+03   1.1737670e+01   3.2067730e+00  -1.3795536e-01   1.1212633e-01   1.3679532e-02
   1.0640000e+03   1.1730370e+01   3.2057530e+00  -1.3792115e-01   1.1211649e-01   1.3686675e-02
   1.0650000e+03   1.1723090e+01   3.2047350e+00  -1.3788662e-01   1.1210629e-01   1.3693771e-02
   1.0660000e+03   1.1715820e+01   3.2037170e+00  -1.3785185e-01   1.1209585e-01   1.3700822e-02
   1.0670000e+03   1.1708560e+01   3.2027000e+00  -1.3781682e-01   1.1208515e-01   1.3707830e-02
   1.0680000e+03   1.1701310e+01   3.2016830e+00  -1.3778156e-01   1.1207420e-01   1.3714796e-02
   1.0690000e+03   1.1694080e+01   3.2006680e+00  -1.3774596e-01   1.1206289e-01   1.3721714e-02
   1.0700000e+03   1.1686860e+01   3.1996530e+00  -1.3771012e-01   1.1205135e-01   1.3728585e-02
   1.0710000e+03   1.1679650e+01   3.1986400e+00  -1.3767397e-01   1.1203948e-01   1.3735408e-02
   1.0720000e+03   1.1672460e+01   3.1976270e+00  -1.3763758e-01   1.1202734e-01   1.3742189e-02
   1.0730000e+03   1.1665280e+01   3.1966150e+00  -1.3760091e-01   1.1201492e-01   1.3748926e-02
   1.0740000e+03   1.1658110e+01   3.1956040e+00  -1.3756401e-01   1.1200225e-01   1.3755617e-02
   1.0750000e+03   1.1650950e+01   3.1945930e+00  -1.3752684e-01   1.1198933e-01   1.3762260e-02
   1.0760000e+03   1.1643810e+01   3.1935840e+00  -1.3748935e-01   1.1197605e-01   1.3768857e-02
   1.0770000e+03   1.1636680e+01   3.1925750e+00  -1.3745166e-01   1.1196254e-01   1.3775414e-02
   1.0780000e+03   1.1629560e+01   3.1915670e+00  -1.3741368e-01   1.1194876e-01   1.3781919e-02
   1.0790000e+03   1.1622450e+01   3.1905600e+00  -1.3737543e-01   1.1193470e-01   1.3788380e-02
   1.0800000e+03   1.1615360e+01   3.1895540e+00  -1.3733693e-01   1.1192035e-01   1.3794797e-02
   1.0810000e+03   1.1608280e+01   3.1885490e+00  -1.3729813e-01   1.1190570e-01   1.3801166e-02
   1.0820000e+03   1.1601210e+01   3.1875450e+00  -1.3725903e-01   1.1189075e-01   1.3807485e-02
   1.0830000e+03   1.1594150e+01   3.1865410e+00  -1.3721978e-01   1.1187562e-01   1.3813762e-02
   1.0840000e+03   1.1587110e+01   3.1855380e+00  -1.3718020e-01   1.1186016e-01   1.3819993e-02
   1.0850000e+03   1.1580080e+01   3.1845360e+00  -1.3714039e-01   1.1184445e-01   1.3826180e-02
   1.0860000e+03   1.1573060e+01   3.1835350e+00  -1.3710029e-01   1.1182845e-01   1.3832314e-02
   1.0870000e+03   1.1566050e+01   3.1825350e+00  -1.3705994e-01   1.1181218e-01   1.3838406e-02
   1.0880000e+03   1.1559050e+01   3.1815360e+00  -1.3701933e-01   1.1179563e-01   1.3844449e-02
   1.0890000e+03   1.1552070e+01   3.1805370e+00  -1.3697848e-01   1.1177884e-01   1.3850449e-02
   1.0900000e+03   1.1545100e+01   3.1795400e+00  -1.3693731e-01   1.1176171e-01   1.3856399e-02
   1.0910000e+03   1.1538140e+01   3.1785430e+00  -1.3689592e-01   1.1174436e-01   1.3862301e-02
   1.0920000e+03   1.1531190e+01   3.1775470e+00  -1.3685431e-01   1.1172676e-01   1.3868163e-02
   1.0930000e+03   1.1524250e+01   3.1765510e+00  -1.3681245e-01   1.1170891e-01   1.3873975e-02
   1.0940000e+03   1.1517330e+01   3.1755570e+00  -1.3677027e-01   1.1169071e-01   1.3879741e-02
   1.0950000e+03   1.1510420e+01   3.1745630e+00  -1.3672787e-01   1.1167230e-01   1.3885461e-02
   1.0960000e+03   1.1503520e+01   3.1735710e+00  -1.3668518e-01   1.1165358e-01   1.3891127e-02
   1.0970000e+03   1.1496630e+01   3.1725790e+00  -1.3664229e-01   1.1163465e-01   1.3896754e-02
   1.0980000e+03   1.1489750e+01   3.1715880e+00  -1.3659912e-01   1.1161543e-01   1.3902331e-02
   1.0990000e+03   1.1482890e+01   3.1705970e+00  -1.3655574e-01   1.1159596e-01   1.3907867e-02
   1.1000000e+03   1.1476040e+01   3.1696080e+00  -1.3651203e-01   1.1157618e-01   1.3913350e-02
   1.1010000e+03   1.1469190e+01   3.1686190e+00  -1.3646817e-01   1.1155623e-01   1.3918790e-02
   1.1020000e+03   1.1462360e+01   3.1676320e+00  -1.3642394e-01   1.1153591e-01   1.3924174e-02
   1.1030000e+03   1.1455550e+01   3.1666450e+00  -1.3637948e-01   1.1151532e-01   1.3929515e-02
   1.1040000e+03   1.1448740e+01   3.1656580e+00  -1.3633485e-01   1.1149455e-01   1.3934817e-02
   1.1050000e+03   1.1441950e+01   3.1646730e+00  -1.3628991e-01   1.1147347e-01   1.3940065e-02
   1.1060000e+03   1.1435160e+01   3.1636890e+00  -1.3624474e-01   1.1145214e-01   1.3945266e-02
   1.1070000e+03   1.1428390e+01   3.1627050e+00  -1.3619933e-01   1.1143057e-01   1.3950422e-02
   1.1080000e+03   1.1421630e+01   3.1617220e+00  -1.3615367e-01   1.1140873e-01   1.3955530e-02
   1.1090000e+03   1.1414880e+01   3.1607400e+00  -1.3610774e-01   1.1138661e-01   1.3960590e-02
   1.1100000e+03   1.1408140e+01   3.1597590e+00  -1.3606156e-01   1.1136423e-01   1.3965600e-02
   1.1110000e+03   1.1401420e+01   3.1587780e+00  -1.3601518e-01   1.1134162e-01   1.3970567e-02
   1.1120000e+03   1.1394700e+01   3.1577990e+00  -1.3596848e-01   1.1131870e-01   1.3975484e-02
   1.1130000e+03   1.1388000e+01   3.1568200e+00  -1.3592159e-01   1.1129557e-01   1.3980355e-02
   1.1140000e+03   1.1381310e+01   3.1558420e+00  -1.3587444e-01   1.1127216e-01   1.3985179e-02
   1.1150000e+03   1.1374630e+01   3.1548650e+00  -1.3582703e-01   1.1124848e-01   1.3989955e-02
   1.1160000e+03   1.1367960e+01   3.1538880e+00  -1.3577943e-01   1.1122460e-01   1.3994685e-02
   1.1170000e+03   1.1361300e+01   3.1529130e+00  -1.3573155e-01   1.1120043e-01   1.3999367e-02
   1.1180000e+03   1.1354650e+01   3.1519380e+00  -1.3568343e-01   1.1117600e-01   1.4004000e-02
   1.1190000e+03   1.1348020e+01   3.1509640e+00  -1.3563507e-01   1.1115132e-01   1.4008587e-02
   1.1200000e+03   1.1341390e+01   3.1499910e+00  -1.3558648e-01   1.1112640e-01   1.4013127e-02
   1.1210000e+03   1.1334780e+01   3.1490190e+00  -1.3553761e-01   1.1110119e-01   1.4017616e-02
   1.1220000e+03   1.1328170e+01   3.1480470e+00  -1.3548857e-01   1.1107580e-01   1.4022062e-02
   1.1230000e+03   1.1321580e+01   3.1470760e+00  -1.3543925e-01   1.1105011e-01   1.4026459e-02
   1.1240000e+03   1.1315000e+01   3.1461060e+00  -1.3538971e-01   1.1102418e-01   1.4030812e-02
   1.1250000e+03   1.1308430e+01   3.1451370e+00  -1.3533989e-01   1.1099797e-01   1.4035110e-02
   1.1260000e+03   1.1301870e+01   3.1441690e+00  -1.3528984e-01   1.1097152e-01   1.4039361e-02
   1.1270000e+03   1.1295320e+01   3.1432010e+00  -1.3523960e-01   1.1094486e-01   1.4043573e-02
   1.1280000e+03   1.1288790e+01   3.1422350e+00  -1.3518902e-01   1.1091785e-01   1.4047728e-02
   1.1290000e+03   1.1282260e+01   3.1412690e+00  -1.3513828e-01   1.1089067e-01   1.4051840e-02
   1.1300000e+03   1.1275750e+01   3.1403030e+00  -1.3508733e-01   1.1086325e-01   1.4055907e-02
   1.1310000e+03   1.1269240e+01   3.1393390e+00  -1.3503612e-01   1.1083557e-01   1.4059922e-02
   1.1320000e+03   1.1262750e+01   3.1383760e+00  -1.3498460e-01   1.1080758e-01   1.4063885e-02
   1.1330000e+03   1.1256260e+01   3.1374130e+00  -1.3493296e-01   1.1077944e-01   1.4067809e-02
   1.1340000e+03   1.1249790e+01   3.1364510e+00  -1.3488103e-01   1.1075101e-01   1.4071683e-02
   1.1350000e+03   1.1243330e+01   3.1354900e+00  -1.3482887e-01   1.1072232e-01   1.4075509e-02
   1.1360000e+03   1.1236880e+01   3.1345290e+00  -1.3477650e-01   1.1069341e-01   1.4079289e-02
   1.1370000e+03   1.1230440e+01   3.1335690e+00  -1.3472392e-01   1.1066428e-01   1.4083023e-02
   1.1380000e+03   1.1224010e+01   3.1326110e+00  -1.3467101e-01   1.1063482e-01   1.4086702e-02
   1.1390000e+03   1.1217590e+01   3.1316520e+00  -1.3461801e-01   1.1060524e-01   1.4090343e-02
   1.1400000e+03   1.1211180e+01   3.1306950e+00  -1.3456465e-01   1.1057530e-01   1.4093925e-02
   1.1410000e+03   1.1204780e+01   3.1297390e+00  -1.3451109e-01   1.1054515e-01   1.4097465e-02
   1.1420000e+03   1.1198400e+01   3.1287830e+00  -1.3445731e-01   1.1051475e-01   1.4100958e-02
   1.1430000e+03   1.1192020e+01   3.1278280e+00  -1.3440332e-01   1.1048414e-01   1.4104402e-02
   1.1440000e+03   1.1185650e+01   3.1268740e+00  -1.3434911e-01   1.1045329e-01   1.4107804e-02
   1.1450000e+03   1.1179300e+01   3.1259200e+00  -1.3429466e-01   1.1042219e-01   1.4111152e-02
   1.1460000e+03   1.1172950e+01   3.1249680e+00  -1.3423997e-01   1.1039084e-01   1.4114455e-02
   1.1470000e+03   1.1166620e+01   3.1240160e+00  -1.3418502e-01   1.1035921e-01   1.4117708e-02
   1.1480000e+03   1.1160290e+01   3.1230650e+00  -1.3412990e-01   1.1032741e-01   1.4120915e-02
   1.1490000e+03   1.1153980e+01   3.1221140e+00  -1.3407455e-01   1.1029536e-01   1.4124075e-02
   1.1500000e+03   1.1147670e+01   3.1211650e+00  -1.3401895e-01   1.1026305e-01   1.4127186e-02
   1.1510000e+03   1.1141380e+01   3.1202160e+00  -1.3396317e-01   1.1023053e-01   1.4130253e-02
   1.1520000e+03   1.1135090e+01   3.1192680e+00  -1.3390713e-01   1.1019777e-01   1.4133267e-02
   1.1530000e+03   1.1128820e+01   3.1183210e+00  -1.3385086e-01   1.1016474e-01   1.4136236e-02
   1.1540000e+03   1.1122560e+01   3.1173740e+00  -1.3379436e-01   1.1013148e-01   1.4139157e-02
   1.1550000e+03   1.1116300e+01   3.1164280e+00  -1.3373770e-01   1.1009805e-01   1.4142034e-02
   1.1560000e+03   1.1110060e+01   3.1154840e+00  -1.3368071e-01   1.1006427e-01   1.4144856e-02
   1.1570000e+03   1.1103830e+01   3.1145390e+00  -1.3362359e-01   1.1003034e-01   1.4147638e-02
   1.1580000e+03   1.1097600e+01   3.1135960e+00  -1.3356620e-01   1.0999614e-01   1.4150366e-02
   1.1590000e+03   1.1091390e+01   3.1126530e+00  -1.3350864e-01   1.0996175e-01   1.4153052e-02
   1.1600000e+03   1.1085190e+01   3.1117110e+00  -1.3345080e-01   1.0992707e-01   1.4155689e-02
   1.1610000e+03   1.1078990e+01   3.1107700e+00  -1.3339280e-01   1.0989221e-01   1.4158278e-02
   1.1620000e+03   1.1072810e+01   3.1098300e+00  -1.3333451e-01   1.0985706e-01   1.4160819e-02
   1.1630000e+03   1.1066640e+01   3.1088900e+00  -1.3327605e-01   1.0982172e-01   1.4163313e-02
   1.1640000e+03   1.1060480e+01   3.1079510e+00  -1.3321736e-01   1.0978613e-01   1.4165760e-02
   1.1650000e+03   1.1054320e+01   3.1070130e+00  -1.3315845e-01   1.0975033e-01   1.4168157e-02
   1.1660000e+03   1.1048180e+01   3.1060750e+00  -1.3309937e-01   1.0971432e-01   1.4170515e-02
   1.1670000e+03   1.1042050e+01   3.1051390e+00  -1.3303996e-01   1.0967798e-01   1.4172813e-02
   1.1680000e+03   1.1035920e+01   3.1042030e+00  -1.3298044e-01   1.0964152e-01   1.4175071e-02
   1.1690000e+03   1.1029810e+01   3.1032670e+00  -1.3292071e-01   1.0960483e-01   1.4177284e-02
   1.1700000e+03   1.1023710e+01   3.1023330e+00  -1.3286069e-01   1.0956784e-01   1.4179446e-02
   1.1710000e+03   1.1017610e+01   3.1013990e+00  -1.3280052e-01   1.0953069e-01   1.4181562e-02
   1.1720000e+03   1.1011530e+01   3.1004660e+00  -1.3274008e-01   1.0949325e-01   1.4183631e-02
   1.1730000e+03   1.1005450e+01   3.0995340e+00  -1.3267944e-01   1.0945561e-01   1.4185647e-02
   1.1740000e+03   1.0999390e+01   3.0986030e+00  -1.3261857e-01   1.0941772e-01   1.4187620e-02
   1.1750000e+03   1.0993330e+01   3.0976720e+00  -1.3255755e-01   1.0937967e-01   1.4189549e-02
   1.1760000e+03   1.0987290e+01   3.0967420e+00  -1.3249623e-01   1.0934130e-01   1.4191423e-02
   1.1770000e+03   1.0981250e+01   3.0958130e+00  -1.3243476e-01   1.0930278e-01   1.4193255e-02
   1.1780000e+03   1.0975230e+01   3.0948840e+00  -1.3237305e-01   1.0926399e-01   1.4195039e-02
   1.1790000e+03   1.0969210e+01   3.0939560e+00  -1.3231120e-01   1.0922505e-01   1.4196782e-02
   1.1800000e+03   1.0963200e+01   3.0930290e+00  -1.3224908e-01   1.0918584e-01   1.4198471e-02
   1.1810000e+03   1.0957210e+01   3.0921030e+00  -1.3218674e-01   1.0914638e-01   1.4200115e-02
   1.1820000e+03   1.0951220e+01   3.0911770e+00  -1.3212420e-01   1.0910672e-01   1.4201709e-02
   1.1830000e+03   1.0945240e+01   3.0902520e+00  -1.3206146e-01   1.0906685e-01   1.4203260e-02
   1.1840000e+03   1.0939270e+01   3.0893280e+00  -1.3199852e-01   1.0902676e-01   1.4204761e-02
   1.1850000e+03   1.0933310e+01   3.0884040e+00  -1.3193539e-01   1.0898647e-01   1.4206218e-02
   1.1860000e+03   1.0927360e+01   3.0874820e+00  -1.3187201e-01   1.0894591e-01   1.4207625e-02
   1.1870000e+03   1.0921420e+01   3.0865600e+00  -1.3180843e-01   1.0890514e-01   1.4208988e-02
   1.1880000e+03   1.0915490e+01   3.0856380e+00  -1.3174469e-01   1.0886420e-01   1.4210306e-02
   1.1890000e+03   1.0909570e+01   3.0847180e+00  -1.3168067e-01   1.0882297e-01   1.4211570e-02
   1.1900000e+03   1.0903660e+01   3.0837980e+00  -1.3161649e-01   1.0878156e-01   1.4212793e-02
   1.1910000e+03   1.0897750e+01   3.0828790e+00  -1.3155210e-01   1.0873994e-01   1.4213968e-02
   1.1920000e+03   1.0891860e+01   3.0819600e+00  -1.3148752e-01   1.0869810e-01   1.4215096e-02
   1.1930000e+03   1.0885980e+01   3.0810420e+00  -1.3142269e-01   1.0865601e-01   1.4216178e-02
   1.1940000e+03   1.0880100e+01   3.0801250e+00  -1.3135772e-01   1.0861376e-01   1.4217212e-02
   1.1950000e+03   1.0874230e+01   3.0792090e+00  -1.3129248e-01   1.0857124e-01   1.4218197e-02
   1.1960000e+03   1.0868380e+01   3.0782930e+00  -1.3122708e-01   1.0852853e-01   1.4219140e-02
   1.1970000e+03   1.0862530e+01   3.0773790e+00  -1.3116143e-01   1.0848557e-01   1.4220032e-02
   1.1980000e+03   1.0856690e+01   3.0764640e+00  -1.3109565e-01   1.0844246e-01   1.4220882e-02
   1.1990000e+03   1.0850860e+01   3.0755510e+00  -1.3102964e-01   1.0839911e-01   1.4221682e-02
   1.2000000e+03   1.0845040e+01   3.0746380e+00  -1.3096342e-01   1.0835554e-01   1.4222441e-02
   1.2010000e+03   1.0839230e+01   3.0737260e+00  -1.3089702e-01   1.0831177e-01   1.4223148e-02
   1.2020000e+03   1.0833430e+01   3.0728150e+00  -1.3083033e-01   1.0826771e-01   1.4223807e-02
   1.2030000e+03   1.0827640e+01   3.0719040e+00  -1.3076353e-01   1.0822351e-01   1.4224426e-02
   1.2040000e+03   1.0821860e+01   3.0709940e+00  -1.3069650e-01   1.0817908e-01   1.4224990e-02
   1.2050000e+03   1.0816080e+01   3.0700840e+00  -1.3062937e-01   1.0813453e-01   1.4225522e-02
   1.2060000e+03   1.0810320e+01   3.0691760e+00  -1.3056189e-01   1.0808962e-01   1.4225997e-02
   1.2070000e+03   1.0804560e+01   3.0682680e+00  -1.3049432e-01   1.0804461e-01   1.4226428e-02
   1.2080000e+03   1.0798810e+01   3.0673610e+00  -1.3042647e-01   1.0799931e-01   1.4226808e-02
   1.2090000e+03   1.0793070e+01   3.0664540e+00  -1.3035851e-01   1.0795388e-01   1.4227150e-02
   1.2100000e+03   1.0787340e+01   3.0655480e+00  -1.3029032e-01   1.0790821e-01   1.4227443e-02
   1.2110000e+03   1.0781620e+01   3.0646430e+00  -1.3022195e-01   1.0786235e-01   1.4227693e-02
   1.2120000e+03   1.0775910e+01   3.0637390e+00  -1.3015332e-01   1.0781621e-01   1.4227891e-02
   1.2130000e+03   1.0770210e+01   3.0628350e+00  -1.3008456e-01   1.0776992e-01   1.4228048e-02
   1.2140000e+03   1.0764510e+01   3.0619320e+00  -1.3001556e-01   1.0772341e-01   1.4228151e-02
   1.2150000e+03   1.0758830e+01   3.0610290e+00  -1.2994640e-01   1.0767670e-01   1.4228217e-02
   1.2160000e+03   1.0753150e+01   3.0601270e+00  -1.2987706e-01   1.0762981e-01   1.4228236e-02
   1.2170000e+03   1.0747490e+01   3.0592260e+00  -1.2980746e-01   1.0758264e-01   1.4228205e-02
   1.2180000e+03   1.0741830e+01   3.0583260e+00  -1.2973773e-01   1.0753533e-01   1.4228132e-02
   1.2190000e+03   1.0736180e+01   3.0574260e+00  -1.2966778e-01   1.0748778e-01   1.4228010e-02
   1.2200000e+03   1.0730540e+01   3.0565270e+00  -1.2959765e-01   1.0744005e-01   1.4227847e-02
   1.2210000e+03   1.0724900e+01   3.0556290e+00  -1.2952734e-01   1.0739213e-01   1.4227633e-02
   1.2220000e+03   1.0719280e+01   3.0547310e+00  -1.2945684e-01   1.0734399e-01   1.4227377e-02
   1.2230000e+03   1.0713670e+01   3.0538340e+00  -1.2938613e-01   1.0729563e-01   1.4227081e-02
   1.2240000e+03   1.0708060e+01   3.0529380e+00  -1.2931522e-01   1.0724708e-01   1.4226726e-02
   1.2250000e+03   1.0702460e+01   3.0520420e+00  -1.2924418e-01   1.0719836e-01   1.4226337e-02
   1.2260000e+03   1.0696870e+01   3.0511470e+00  -1.2917288e-01   1.0714939e-01   1.4225894e-02
   1.2270000e+03   1.0691290e+01   3.0502520e+00  -1.2910145e-01   1.0710027e-01   1.4225414e-02
   1.2280000e+03   1.0685720e+01   3.0493590e+00  -1.2902980e-01   1.0705091e-01   1.4224882e-02
   1.2290000e+03   1.0680160e+01   3.0484660e+00  -1.2895794e-01   1.0700133e-01   1.4224309e-02
   1.2300000e+03   1.0674600e+01   3.0475730e+00  -1.2888595e-01   1.0695161e-01   1.4223690e-02
   1.2310000e+03   1.0669060e+01   3.0466820e+00  -1.2881370e-01   1.0690162e-01   1.4223024e-02
   1.2320000e+03   1.0663520e+01   3.0457900e+00  -1.2874138e-01   1.0685154e-01   1.4222319e-02
   1.2330000e+03   1.0657990e+01   3.0449000e+00  -1.2866877e-01   1.0680117e-01   1.4221560e-02
   1.2340000e+03   1.0652470e+01   3.0440100e+00  -1.2859602e-01   1.0675063e-01   1.4220762e-02
   1.2350000e+03   1.0646960e+01   3.0431210e+00  -1.2852308e-01   1.0669990e-01   1.4219922e-02
   1.2360000e+03   1.0641450e+01   3.0422330e+00  -1.2844993e-01   1.0664895e-01   1.4219025e-02
   1.2370000e+03   1.0635960e+01   3.0413450e+00  -1.2837662e-01   1.0659782e-01   1.4218092e-02
   1.2380000e+03   1.0630470e+01   3.0404580e+00  -1.2830311e-01   1.0654649e-01   1.4217113e-02
   1.2390000e+03   1.0624990e+01   3.0395710e+00  -1.2822950e-01   1.0649504e-01   1.4216094e-02
   1.2400000e+03   1.0619520e+01   3.0386850e+00  -1.2815565e-01   1.0644333e-01   1.4215028e-02
   1.2410000e+03   1.0614060e+01   3.0378000e+00  -1.2808159e-01   1.0639140e-01   1.4213913e-02
   1.2420000e+03   1.0608610e+01   3.0369150e+00  -1.2800736e-01   1.0633929e-01   1.4212754e-02
   1.2430000e+03   1.0603160e+01   3.0360310e+00  -1.2793298e-01   1.0628703e-01   1.4211553e-02
   1.2440000e+03   1.0597730e+01   3.0351480e+00  -1.2785838e-01   1.0623452e-01   1.4210308e-02
   1.2450000e+03   1.0592300e+01   3.0342650e+00  -1.2778364e-01   1.0618186e-01   1.4209018e-02
   1.2460000e+03   1.0586880e+01   3.0333830e+00  -1.2770872e-01   1.0612902e-01   1.4207686e-02
   1.2470000e+03   1.0581470e+01   3.0325020e+00  -1.2763354e-01   1.0607590e-01   1.4206300e-02
   1.2480000e+03   1.0576060e+01   3.0316210e+00  -1.2755827e-01   1.0602269e-01   1.4204876e-02
   1.2490000e+03   1.0570670e+01   3.0307410e+00  -1.2748280e-01   1.0596925e-01   1.4203413e-02
   1.2500000e+03   1.0565280e+01   3.0298620e+00  -1.2740713e-01   1.0591560e-01   1.4201900e-02
   1.2510000e+03   1.0559900e+01   3.0289830e+00  -1.2733133e-01   1.0586181e-01   1.4200344e-02
   1.2520000e+03   1.0554530e+01   3.0281040e+00  -1.2725532e-01   1.0580781e-01   1.4198747e-02
   1.2530000e+03   1.0549170e+01   3.0272270e+00  -1.2717909e-01   1.0575357e-01   1.4197099e-02
   1.2540000e+03   1.0543810e+01   3.0263500e+00  -1.2710279e-01   1.0569925e-01   1.4195415e-02
   1.2550000e+03   1.0538470e+01   3.0254730e+00  -1.2702625e-01   1.0564467e-01   1.4193686e-02
   1.2560000e+03   1.0533130e+01   3.0245980e+00  -1.2694952e-01   1.0558989e-01   1.4191909e-02
   1.2570000e+03   1.0527800e+01   3.0237230e+00  -1.2687264e-01   1.0553495e-01   1.4190091e-02
   1.2580000e+03   1.0522480e+01   3.0228480e+00  -1.2679561e-01   1.0547985e-01   1.4188230e-02
   1.2590000e+03   1.0517160e+01   3.0219740e+00  -1.2671840e-01   1.0542456e-01   1.4186324e-02
   1.2600000e+03   1.0511860e+01   3.0211010e+00  -1.2664099e-01   1.0536904e-01   1.4184377e-02
   1.2610000e+03   1.0506560e+01   3.0202280e+00  -1.2656341e-01   1.0531336e-01   1.4182384e-02
   1.2620000e+03   1.0501270e+01   3.0193560e+00  -1.2648566e-01   1.0525749e-01   1.4180344e-02
   1.2630000e+03   1.0495990e+01   3.0184850e+00  -1.2640772e-01   1.0520142e-01   1.4178264e-02
   1.2640000e+03   1.0490710e+01   3.0176140e+00  -1.2632968e-01   1.0514523e-01   1.4176146e-02
   1.2650000e+03   1.0485450e+01   3.0167440e+00  -1.2625137e-01   1.0508877e-01   1.4173974e-02
   1.2660000e+03   1.0480190e+01   3.0158740e+00  -1.2617298e-01   1.0503221e-01   1.4171771e-02
   1.2670000e+03   1.0474940e+01   3.0150050e+00  -1.2609438e-01   1.0497544e-01   1.4169519e-02
   1.2680000e+03   1.0469700e+01   3.0141370e+00  -1.2601561e-01   1.0491847e-01   1.4167227e-02
   1.2690000e+03   1.0464460e+01   3.0132690e+00  -1.2593668e-01   1.0486135e-01   1.4164884e-02
   1.2700000e+03   1.0459230e+01   3.0124020e+00  -1.2585759e-01   1.0480404e-01   1.4162504e-02
   1.2710000e+03   1.0454020e+01   3.0115350e+00  -1.2577833e-01   1.0474654e-01   1.4160085e-02
   1.2720000e+03   1.0448810e+01   3.0106690e+00  -1.2569888e-01   1.0468886e-01   1.4157615e-02
   1.2730000e+03   1.0443600e+01   3.0098040e+00  -1.2561930e-01   1.0463104e-01   1.4155109e-02
   1.2740000e+03   1.0438410e+01   3.0089390e+00  -1.2553954e-01   1.0457301e-01   1.4152557e-02
   1.2750000e+03   1.0433220e+01   3.0080750e+00  -1.2545960e-01   1.0451480e-01   1.4149966e-02
   1.2760000e+03   1.0428040e+01   3.0072110e+00  -1.2537952e-01   1.0445643e-01   1.4147329e-02
   1.2770000e+03   1.0422870e+01   3.0063480e+00  -1.2529923e-01   1.0439785e-01   1.4144648e-02
   1.2780000e+03   1.0417700e+01   3.0054860e+00  -1.2521880e-01   1.0433912e-01   1.4141928e-02
   1.2790000e+03   1.0412550e+01   3.0046240e+00  -1.2513821e-01   1.0428020e-01   1.4139164e-02
   1.2800000e+03   1.0407400e+01   3.0037630e+00  -1.2505743e-01   1.0422110e-01   1.4136357e-02
   1.2810000e+03   1.0402260e+01   3.0029020e+00  -1.2497651e-01   1.0416183e-01   1.4133508e-02
   1.2820000e+03   1.0397130e+01   3.0020420e+00  -1.2489543e-01   1.0410239e-01   1.4130621e-02
   1.2830000e+03   1.0392000e+01   3.0011830e+00  -1.2481418e-01   1.0404279e-01   1.4127687e-02
   1.2840000e+03   1.0386880e+01   3.0003240e+00  -1.2473278e-01   1.0398300e-01   1.4124713e-02
   1.2850000e+03   1.0381770e+01   2.9994660e+00  -1.2465122e-01   1.0392305e-01   1.4121700e-02
   1.2860000e+03   1.0376670e+01   2.9986080e+00  -1.2456947e-01   1.0386290e-01   1.4118639e-02
   1.2870000e+03   1.0371580e+01   2.9977510e+00  -1.2448755e-01   1.0380257e-01   1.4115543e-02
   1.2880000e+03   1.0366490e+01   2.9968940e+00  -1.2440554e-01   1.0374213e-01   1.4112401e-02
   1.2890000e+03   1.0361410e+01   2.9960380e+00  -1.2432335e-01   1.0368151e-01   1.4109220e-02
   1.2900000e+03   1.0356340e+01   2.9951830e+00  -1.2424097e-01   1.0362068e-01   1.4105997e-02
   1.2910000e+03   1.0351270e+01   2.9943280e+00  -1.2415847e-01   1.0355973e-01   1.4102733e-02
   1.2920000e+03   1.0346210e+01   2.9934740e+00  -1.2407577e-01   1.0349856e-01   1.4099426e-02
   1.2930000e+03   1.0341170e+01   2.9926200e+00  -1.2399290e-01   1.0343721e-01   1.4096073e-02
   1.2940000e+03   1.0336120e+01   2.9917670e+00  -1.2390992e-01   1.0337574e-01   1.4092686e-02
   1.2950000e+03   1.0331090e+01   2.9909140e+00  -1.2382677e-01   1.0331409e-01   1.4089256e-02
   1.2960000e+03   1.0326060e+01   2.9900620e+00  -1.2374350e-01   1.0325230e-01   1.4085791e-02
   1.2970000e+03   1.0321040e+01   2.9892110e+00  -1.2365999e-01   1.0319027e-01   1.4082272e-02
   1.2980000e+03   1.0316030e+01   2.9883600e+00  -1.2357637e-01   1.0312811e-01   1.4078721e-02
   1.2990000e+03   1.0311030e+01   2.9875100e+00  -1.2349257e-01   1.0306575e-01   1.4075122e-02
   1.3000000e+03   1.0306030e+01   2.9866600e+00  -1.2340868e-01   1.0300330e-01   1.4071493e-02
   1.3010000e+03   1.0301040e+01   2.9858110e+00  -1.2332456e-01   1.0294062e-01   1.4067812e-02
   1.3020000e+03   1.0296060e+01   2.9849620e+00  -1.2324038e-01   1.0287784e-01   1.4064104e-02
   1.3030000e+03   1.0291080e+01   2.9841140e+00  -1.2315600e-01   1.0281487e-01   1.4060347e-02
   1.3040000e+03   1.0286110e+01   2.9832670e+00  -1.2307140e-01   1.0275168e-01   1.4056543e-02
   1.3050000e+03   1.0281150e+01   2.9824200e+00  -1.2298672e-01   1.0268838e-01   1.4052706e-02
   1.3060000e+03   1.0276200e+01   2.9815730e+00  -1.2290188e-01   1.0262491e-01   1.4048830e-02
   1.3070000e+03   1.0271250e+01   2.9807280e+00  -1.2281688e-01   1.0256127e-01   1.4044910e-02
   1.3080000e+03   1.0266320e+01   2.9798820e+00  -1.2273176e-01   1.0249750e-01   1.4040953e-02
   1.3090000e+03   1.0261390e+01   2.9790380e+00  -1.2264641e-01   1.0243349e-01   1.4036955e-02
   1.3100000e+03   1.0256460e+01   2.9781930e+00  -1.2256101e-01   1.0236942e-01   1.4032918e-02
   1.3110000e+03   1.0251540e+01   2.9773500e+00  -1.2247541e-01   1.0230514e-01   1.4028835e-02
   1.3120000e+03   1.0246640e+01   2.9765070e+00  -1.2238962e-01   1.0224066e-01   1.4024717e-02
   1.3130000e+03   1.0241730e+01   2.9756640e+00  -1.2230377e-01   1.0217610e-01   1.4020561e-02
   1.3140000e+03   1.0236840e+01   2.9748220e+00  -1.2221769e-01   1.0211131e-01   1.4016360e-02
   1.3150000e+03   1.0231950e+01   2.9739810e+00  -1.2213150e-01   1.0204640e-01   1.4012118e-02
   1.3160000e+03   1.0227070e+01   2.9731400e+00  -1.2204516e-01   1.0198132e-01   1.4007841e-02
   1.3170000e+03   1.0222200e+01   2.9722990e+00  -1.2195873e-01   1.0191613e-01   1.4003532e-02
   1.3180000e+03   1.0217330e+01   2.9714600e+00  -1.2187207e-01   1.0185072e-01   1.3999171e-02
   1.3190000e+03   1.0212470e+01   2.9706200e+00  -1.2178533e-01   1.0178521e-01   1.3994778e-02
   1.3200000e+03   1.0207620e+01   2.9697820e+00  -1.2169836e-01   1.0171946e-01   1.3990336e-02
   1.3210000e+03   1.0202780e+01   2.9689430e+00  -1.2161133e-01   1.0165363e-01   1.3985868e-02
   1.3220000e+03   1.0197940e+01   2.9681060e+00  -1.2152410e-01   1.0158760e-01   1.3981352e-02
   1.3230000e+03   1.0193110e+01   2.9672680e+00  -1.2143677e-01   1.0152146e-01   1.3976800e-02
   1.3240000e+03   1.0188290e+01   2.9664320e+00  -1.2134924e-01   1.0145511e-01   1.3972206e-02
   1.3250000e+03   1.0183470e+01   2.9655960e+00  -1.2126163e-01   1.0138866e-01   1.3967578e-02
   1.3260000e+03   1.0178660e+01   2.9647600e+00  -1.2117385e-01   1.0132203e-01   1.3962909e-02
   1.3270000e+03   1.0173860e+01   2.9639250e+00  -1.2108594e-01   1.0125526e-01   1.3958200e-02
   1.3280000e+03   1.0169060e+01   2.9630910e+00  -1.2099786e-01   1.0118832e-01   1.3953454e-02
   1.3290000e+03   1.0164280e+01   2.9622570e+00  -1.2090962e-01   1.0112120e-01   1.3948667e-02
   1.3300000e+03   1.0159500e+01   2.9614230e+00  -1.2082132e-01   1.0105401e-01   1.3943847e-02
   1.3310000e+03   1.0154720e+01   2.9605900e+00  -1.2073286e-01   1.0098665e-01   1.3938986e-02
   1.3320000e+03   1.0149950e+01   2.9597580e+00  -1.2064421e-01   1.0091910e-01   1.3934079e-02
   1.3330000e+03   1.0145190e+01   2.9589260e+00  -1.2055547e-01   1.0085144e-01   1.3929144e-02
   1.3340000e+03   1.0140440e+01   2.9580940e+00  -1.2046660e-01   1.0078363e-01   1.3924171e-02
   1.3350000e+03   1.0135700e+01   2.9572640e+00  -1.2037747e-01   1.0071556e-01   1.3919152e-02
   1.3360000e+03   1.0130960e+01   2.9564330e+00  -1.2028836e-01   1.0064749e-01   1.3914103e-02
   1.3370000e+03   1.0126220e+01   2.9556030e+00  -1.2019907e-01   1.0057924e-01   1.3909011e-02
   1.3380000e+03   1.0121500e+01   2.9547740e+00  -1.2010961e-01   1.0051080e-01   1.3903887e-02
   1.3390000e+03   1.0116780e+01   2.9539450e+00  -1.2002001e-01   1.0044223e-01   1.3898713e-02
   1.3400000e+03   1.0112070e+01   2.9531170e+00  -1.1993031e-01   1.0037352e-01   1.3893516e-02
   1.3410000e+03   1.0107360e+01   2.9522890e+00  -1.1984045e-01   1.0030467e-01   1.3888273e-02
   1.3420000e+03   1.0102670e+01   2.9514620e+00  -1.1975045e-01   1.0023564e-01   1.3882993e-02
   1.3430000e+03   1.0097980e+01   2.9506350e+00  -1.1966032e-01   1.0016649e-01   1.3877674e-02
   1.3440000e+03   1.0093290e+01   2.9498090e+00  -1.1957008e-01   1.0009721e-01   1.3872325e-02
   1.3450000e+03   1.0088610e+01   2.9489830e+00  -1.1947968e-01   1.0002777e-01   1.3866928e-02
   1.3460000e+03   1.0083940e+01   2.9481580e+00  -1.1938917e-01   9.9958205e-02   1.3861503e-02
   1.3470000e+03   1.0079280e+01   2.9473330e+00  -1.1929849e-01   9.9888450e-02   1.3856036e-02
   1.3480000e+03   1.0074620e+01   2.9465090e+00  -1.1920770e-01   9.9818587e-02   1.3850534e-02
   1.3490000e+03   1.0069970e+01   2.9456850e+00  -1.1911682e-01   9.9748611e-02   1.3845000e-02
   1.3500000e+03   1.0065330e+01   2.9448610e+00  -1.1902582e-01   9.9678502e-02   1.3839427e-02
   1.3510000e+03   1.0060690e+01   2.9440390e+00  -1.1893460e-01   9.9608180e-02   1.3833813e-02
   1.3520000e+03   1.0056060e+01   2.9432160e+00  -1.1884331e-01   9.9537769e-02   1.3828163e-02
   1.3530000e+03   1.0051440e+01   2.9423950e+00  -1.1875182e-01   9.9467156e-02   1.3822474e-02
   1.3540000e+03   1.0046820e+01   2.9415730e+00  -1.1866030e-01   9.9396488e-02   1.3816755e-02
   1.3550000e+03   1.0042210e+01   2.9407520e+00  -1.1856863e-01   9.9325672e-02   1.3810996e-02
   1.3560000e+03   1.0037610e+01   2.9399320e+00  -1.1847678e-01   9.9254658e-02   1.3805204e-02
   1.3570000e+03   1.0033010e+01   2.9391120e+00  -1.1838488e-01   9.9183583e-02   1.3799376e-02
   1.3580000e+03   1.0028420e+01   2.9382930e+00  -1.1829275e-01   9.9112274e-02   1.3793504e-02
   1.3590000e+03   1.0023840e+01   2.9374740e+00  -1.1820058e-01   9.9040906e-02   1.3787604e-02
   1.3600000e+03   1.0019270e+01   2.9366560e+00  -1.1810818e-01   9.8969310e-02   1.3781658e-02
   1.3610000e+03   1.0014700e+01   2.9358380e+00  -1.1801574e-01   9.8897652e-02   1.3775686e-02
   1.3620000e+03   1.0010130e+01   2.9350210e+00  -1.1792319e-01   9.8825878e-02   1.3769678e-02
   1.3630000e+03   1.0005580e+01   2.9342040e+00  -1.1783048e-01   9.8753933e-02   1.3763632e-02
   1.3640000e+03   1.0001030e+01   2.9333870e+00  -1.1773768e-01   9.8681886e-02   1.3757553e-02
