   3.3000000e+01   2.4478970e+02   4.8814570e+00  -2.3018370e-03   0.0000000e+00   2.2143286e-10
   3.4000000e+01   2.3952760e+02   4.8440960e+00  -2.6955009e-03   0.0000000e+00   2.4019317e-10
   3.5000000e+01   2.3448900e+02   4.8088000e+00  -3.0928169e-03   0.0000000e+00   2.5792198e-10
   3.6000000e+01   2.2965780e+02   4.7754400e+00  -3.4934813e-03   0.0000000e+00   2.7459921e-10
   3.7000000e+01   2.2501990e+02   4.7438970e+00  -3.8972165e-03   0.0000000e+00   2.9021316e-10
   3.8000000e+01   2.2056270e+02   4.7140540e+00  -4.3037616e-03   0.0000000e+00   3.0476047e-10
   3.9000000e+01   2.1627500e+02   4.6858040e+00  -4.7128651e-03   0.0000000e+00   3.1824578e-10
   4.0000000e+01   2.1214640e+02   4.6590440e+00  -5.1242699e-03   0.0000000e+00   3.3067608e-10
   4.1000000e+01   2.0816780e+02   4.6336790e+00  -5.5377361e-03   0.0000000e+00   3.4206665e-10
   4.2000000e+01   2.0433070e+02   4.6096180e+00  -5.9530238e-03   0.0000000e+00   3.5243500e-10
   4.3000000e+01   2.0062750e+02   4.5867790e+00  -6.3698961e-03   0.0000000e+00   3.6180204e-10
   4.4000000e+01   1.9705100e+02   4.5650840e+00  -6.7881042e-03   0.0000000e+00   3.7019234e-10
   4.5000000e+01   1.9359490e+02   4.5444600e+00  -7.2074308e-03   0.0000000e+00   3.7763370e-10
   4.6000000e+01   1.9025300e+02   4.5248390e+00  -7.6276370e-03   0.0000000e+00   3.8415462e-10
   4.7000000e+01   1.8701970e+02   4.5061590e+00  -8.0484915e-03   0.0000000e+00   3.8978686e-10
   4.8000000e+01   1.8388990e+02   4.4883610e+00  -8.4697755e-03   0.0000000e+00   3.9456275e-10
   4.9000000e+01   1.8085880e+02   4.4713910e+00  -8.8912731e-03   0.0000000e+00   3.9851458e-10
   5.0000000e+01   1.7792170e+02   4.4551990e+00  -9.3127615e-03   0.0000000e+00   4.0167914e-10
   5.1000000e+01   1.7507450e+02   4.4397380e+00  -9.7340357e-03   0.0000000e+00   4.0409092e-10
   5.2000000e+01   1.7231310e+02   4.4249640e+00  -1.0154901e-02   0.0000000e+00   4.0578689e-10
   5.3000000e+01   1.6963390e+02   4.4108380e+00  -1.0575150e-02   0.0000000e+00   4.0680233e-10
   5.4000000e+01   1.6703320e+02   4.3973210e+00  -1.0994589e-02   0.0000000e+00   4.0717342e-10
   5.5000000e+01   1.6450780e+02   4.3843780e+00  -1.1413051e-02   0.0000000e+00   4.0693934e-10
   5.6000000e+01   1.6205450e+02   4.3719780e+00  -1.1830344e-02   0.0000000e+00   4.0613339e-10
   5.7000000e+01   1.5967030e+02   4.3600890e+00  -1.2246300e-02   0.0000000e+00   4.0479487e-10
   5.8000000e+01   1.5735250e+02   4.3486840e+00  -1.2660770e-02   0.0000000e+00   4.0295718e-10
   5.9000000e+01   1.5509840e+02   4.3377360e+00  -1.3073591e-02   0.0000000e+00   4.0065791e-10
   6.0000000e+01   1.5290550e+02   4.3272210e+00  -1.3484611e-02   0.0000000e+00   3.9793148e-10
   6.1000000e+01   1.5077130e+02   4.3171160e+00  -1.3893699e-02   0.0000000e+00   3.9481135e-10
   6.2000000e+01   1.4869360e+02   4.3074000e+00  -1.4300714e-02   0.0000000e+00   3.9133274e-10
   6.3000000e+01   1.4667030e+02   4.2980520e+00  -1.4705538e-02   0.0000000e+00   3.8752725e-10
   6.4000000e+01   1.4469920e+02   4.2890540e+00  -1.5108039e-02   0.0000000e+00   3.8342716e-10
   6.5000000e+01   1.4277850e+02   4.2803890e+00  -1.5508127e-02   0.0000000e+00   3.7906401e-10
   6.6000000e+01   1.4090640e+02   4.2720390e+00  -1.5905685e-02   0.0000000e+00   3.7446841e-10
   6.7000000e+01   1.3908090e+02   4.2639910e+00  -1.6300604e-02   0.0000000e+00   3.6966963e-10
   6.8000000e+01   1.3730050e+02   4.2562280e+00  -1.6692819e-02   0.0000000e+00   3.6469475e-10
   6.9000000e+01   1.3556350e+02   4.2487380e+00  -1.7082220e-02   0.0000000e+00   3.5957281e-10
   7.0000000e+01   1.3386840e+02   4.2415090e+00  -1.7468749e-02   0.0000000e+00   3.5432979e-10
   7.1000000e+01   1.3221370e+02   4.2345280e+00  -1.7852316e-02   0.0000000e+00   3.4898913e-10
   7.2000000e+01   1.3059810e+02   4.2277830e+00  -1.8232866e-02   0.0000000e+00   3.4357665e-10
   7.3000000e+01   1.2902010e+02   4.2212650e+00  -1.8610327e-02   0.0000000e+00   3.3811591e-10
   7.4000000e+01   1.2747860e+02   4.2149630e+00  -1.8984651e-02   0.0000000e+00   3.3262841e-10
   7.5000000e+01   1.2597230e+02   4.2088680e+00  -1.9355800e-02   0.0000000e+00   3.2713407e-10
   7.6000000e+01   1.2450010e+02   4.2029720e+00  -1.9723711e-02   0.0000000e+00   3.2165401e-10
   7.7000000e+01   1.2306070e+02   4.1972640e+00  -2.0088343e-02   0.0000000e+00   3.1620686e-10
   7.8000000e+01   1.2165320e+02   4.1917390e+00  -2.0449674e-02   0.0000000e+00   3.1081045e-10
   7.9000000e+01   1.2027650e+02   4.1863880e+00  -2.0807666e-02   0.0000000e+00   3.0548153e-10
   8.0000000e+01   1.1892970e+02   4.1812040e+00  -2.1162288e-02   0.0000000e+00   3.0023592e-10
   8.1000000e+01   1.1761170e+02   4.1761810e+00  -2.1513518e-02   0.0000000e+00   2.9508825e-10
   8.2000000e+01   1.1632180e+02   4.1713110e+00  -2.1861355e-02   0.0000000e+00   2.9005282e-10
   8.3000000e+01   1.1505890e+02   4.1665900e+00  -2.2205757e-02   0.0000000e+00   2.8514190e-10
   8.4000000e+01   1.1382240e+02   4.1620110e+00  -2.2546738e-02   0.0000000e+00   2.8036867e-10
   8.5000000e+01   1.1261130e+02   4.1575680e+00  -2.2884267e-02   0.0000000e+00   2.7574308e-10
   8.6000000e+01   1.1142500e+02   4.1532570e+00  -2.3218365e-02   0.0000000e+00   2.7127555e-10
   8.7000000e+01   1.1026260e+02   4.1490730e+00  -2.3549004e-02   0.0000000e+00   2.6697595e-10
   8.8000000e+01   1.0912360e+02   4.1450110e+00  -2.3876215e-02   0.0000000e+00   2.6285222e-10
   8.9000000e+01   1.0800710e+02   4.1410670e+00  -2.4199973e-02   0.0000000e+00   2.5891237e-10
   9.0000000e+01   1.0691250e+02   4.1372350e+00  -2.4520299e-02   0.0000000e+00   2.5516371e-10
   9.1000000e+01   1.0583930e+02   4.1335130e+00  -2.4837213e-02   0.0000000e+00   2.5161147e-10
   9.2000000e+01   1.0478680e+02   4.1298960e+00  -2.5150713e-02   0.0000000e+00   2.4826247e-10
   9.3000000e+01   1.0375440e+02   4.1263810e+00  -2.5460815e-02   0.0000000e+00   2.4512049e-10
   9.4000000e+01   1.0274160e+02   4.1229630e+00  -2.5767551e-02   0.0000000e+00   2.4219020e-10
   9.5000000e+01   1.0174770e+02   4.1196410e+00  -2.6070897e-02   0.0000000e+00   2.3947519e-10
   9.6000000e+01   1.0077240e+02   4.1164100e+00  -2.6370928e-02   0.0000000e+00   2.3697838e-10
   9.7000000e+01   9.9811760e+01   4.1134020e+00  -2.6661752e-02   0.0000000e+00   2.3483229e-10
   9.8000000e+01   9.8872010e+01   4.1103410e+00  -2.6955283e-02   0.0000000e+00   2.3277524e-10
   9.9000000e+01   9.7949300e+01   4.1073630e+00  -2.7245535e-02   0.0000000e+00   2.3094163e-10
   1.0000000e+02   9.7043160e+01   4.1044640e+00  -2.7532542e-02   0.0000000e+00   2.2933284e-10
   1.0100000e+02   9.6153170e+01   4.1016430e+00  -2.7816328e-02   0.0000000e+00   2.2794864e-10
   1.0200000e+02   9.5278890e+01   4.0988960e+00  -2.8096917e-02   0.0000000e+00   2.2678898e-10
   1.0300000e+02   9.4419920e+01   4.0962220e+00  -2.8374341e-02   0.0000000e+00   2.2585406e-10
   1.0400000e+02   9.3575880e+01   4.0936180e+00  -2.8648630e-02   0.0000000e+00   2.2514233e-10
   1.0500000e+02   9.2746370e+01   4.0910810e+00  -2.8919809e-02   0.0000000e+00   2.2465240e-10
   1.0600000e+02   9.1931040e+01   4.0886100e+00  -2.9187925e-02   0.0000000e+00   2.2438281e-10
   1.0700000e+02   9.1129530e+01   4.0862020e+00  -2.9452993e-02   0.0000000e+00   2.2433214e-10
   1.0800000e+02   9.0341500e+01   4.0838560e+00  -2.9715058e-02   0.0000000e+00   2.2449694e-10
   1.0900000e+02   8.9566600e+01   4.0815700e+00  -2.9974146e-02   0.0000000e+00   2.2487548e-10
   1.1000000e+02   8.8804540e+01   4.0793410e+00  -3.0230293e-02   0.0000000e+00   2.2546476e-10
   1.1100000e+02   8.8054980e+01   4.0771690e+00  -3.0483534e-02   0.0000000e+00   2.2626116e-10
   1.1200000e+02   8.7317640e+01   4.0750500e+00  -3.0733905e-02   0.0000000e+00   2.2726191e-10
   1.1300000e+02   8.6592220e+01   4.0729840e+00  -3.0981434e-02   0.0000000e+00   2.2846398e-10
   1.1400000e+02   8.5878440e+01   4.0709700e+00  -3.1226158e-02   0.0000000e+00   2.2986198e-10
   1.1500000e+02   8.5176020e+01   4.0690040e+00  -3.1468109e-02   0.0000000e+00   2.3145373e-10
   1.1600000e+02   8.4484710e+01   4.0670870e+00  -3.1707342e-02   0.0000000e+00   2.3323376e-10
   1.1700000e+02   8.3804240e+01   4.0652160e+00  -3.1943869e-02   0.0000000e+00   2.3519857e-10
   1.1800000e+02   8.3134360e+01   4.0633900e+00  -3.2177731e-02   0.0000000e+00   2.3734375e-10
   1.1900000e+02   8.2474840e+01   4.0616090e+00  -3.2408955e-02   0.0000000e+00   2.3966416e-10
   1.2000000e+02   8.1825440e+01   4.0598690e+00  -3.2637594e-02   0.0000000e+00   2.4215640e-10
   1.2100000e+02   8.1185940e+01   4.0581710e+00  -3.2863675e-02   0.0000000e+00   2.4481456e-10
   1.2200000e+02   8.0556110e+01   4.0565130e+00  -3.3087223e-02   0.0000000e+00   2.4763421e-10
   1.2300000e+02   7.9935740e+01   4.0548940e+00  -3.3308278e-02   0.0000000e+00   2.5061102e-10
   1.2400000e+02   7.9324620e+01   4.0533130e+00  -3.3526871e-02   0.0000000e+00   2.5373913e-10
   1.2500000e+02   7.8722560e+01   4.0517680e+00  -3.3743047e-02   0.0000000e+00   2.5701367e-10
   1.2600000e+02   7.8129350e+01   4.0502590e+00  -3.3956825e-02   0.0000000e+00   2.6043080e-10
   1.2700000e+02   7.7544800e+01   4.0487840e+00  -3.4168247e-02   0.0000000e+00   2.6398365e-10
   1.2800000e+02   7.6968740e+01   4.0473430e+00  -3.4377344e-02   0.0000000e+00   2.6766846e-10
   1.2900000e+02   7.6400980e+01   4.0459340e+00  -3.4584141e-02   0.0000000e+00   2.7147935e-10
   1.3000000e+02   7.5841340e+01   4.0445570e+00  -3.4788674e-02   0.0000000e+00   2.7541185e-10
   1.3100000e+02   7.5289660e+01   4.0432110e+00  -3.4990978e-02   0.0000000e+00   2.7945980e-10
   1.3200000e+02   7.4745770e+01   4.0418940e+00  -3.5191079e-02   0.0000000e+00   2.8361904e-10
   1.3300000e+02   7.4209520e+01   4.0406070e+00  -3.5389018e-02   0.0000000e+00   2.8788372e-10
   1.3400000e+02   7.3680740e+01   4.0393480e+00  -3.5584797e-02   0.0000000e+00   2.9224928e-10
   1.3500000e+02   7.3159280e+01   4.0381160e+00  -3.5778482e-02   0.0000000e+00   2.9670994e-10
   1.3600000e+02   7.2645000e+01   4.0369100e+00  -3.5970075e-02   0.0000000e+00   3.0126153e-10
   1.3700000e+02   7.2137750e+01   4.0357310e+00  -3.6159616e-02   0.0000000e+00   3.0589828e-10
   1.3800000e+02   7.1637400e+01   4.0345760e+00  -3.6347145e-02   0.0000000e+00   3.1061596e-10
   1.3900000e+02   7.1143800e+01   4.0334460e+00  -3.6532657e-02   0.0000000e+00   3.1540853e-10
   1.4000000e+02   7.0656820e+01   4.0323390e+00  -3.6716205e-02   0.0000000e+00   3.2027181e-10
   1.4100000e+02   7.0176340e+01   4.0312560e+00  -3.6897812e-02   0.0000000e+00   3.2520059e-10
   1.4200000e+02   6.9702220e+01   4.0301940e+00  -3.7077505e-02   0.0000000e+00   3.3019051e-10
   1.4300000e+02   6.9234350e+01   4.0291550e+00  -3.7255295e-02   0.0000000e+00   3.3523589e-10
   1.4400000e+02   6.8772610e+01   4.0281360e+00  -3.7431226e-02   0.0000000e+00   3.4033303e-10
   1.4500000e+02   6.8316870e+01   4.0271380e+00  -3.7605320e-02   0.0000000e+00   3.4547637e-10
   1.4600000e+02   6.7867030e+01   4.0261600e+00  -3.7777596e-02   0.0000000e+00   3.5066157e-10
   1.4700000e+02   6.7422970e+01   4.0252010e+00  -3.7948079e-02   0.0000000e+00   3.5588469e-10
   1.4800000e+02   6.6984580e+01   4.0242610e+00  -3.8116788e-02   0.0000000e+00   3.6114042e-10
   1.4900000e+02   6.6551770e+01   4.0233390e+00  -3.8283755e-02   0.0000000e+00   3.6642490e-10
   1.5000000e+02   6.6124420e+01   4.0224350e+00  -3.8449003e-02   0.0000000e+00   3.7173410e-10
   1.5100000e+02   6.5702450e+01   4.0215480e+00  -3.8612543e-02   0.0000000e+00   3.7706312e-10
   1.5200000e+02   6.5285740e+01   4.0206780e+00  -3.8774408e-02   0.0000000e+00   3.8240729e-10
   1.5300000e+02   6.4874200e+01   4.0198240e+00  -3.8934613e-02   0.0000000e+00   3.8776365e-10
   1.5400000e+02   6.4467740e+01   4.0189860e+00  -3.9093183e-02   0.0000000e+00   3.9312734e-10
   1.5500000e+02   6.4066280e+01   4.0181630e+00  -3.9250134e-02   0.0000000e+00   3.9849498e-10
   1.5600000e+02   6.3669710e+01   4.0173560e+00  -3.9405472e-02   0.0000000e+00   4.0386182e-10
   1.5700000e+02   6.3277950e+01   4.0165620e+00  -3.9559252e-02   0.0000000e+00   4.0922454e-10
   1.5800000e+02   6.2890930e+01   4.0157830e+00  -3.9711470e-02   0.0000000e+00   4.1457967e-10
   1.5900000e+02   6.2508550e+01   4.0150170e+00  -3.9862152e-02   0.0000000e+00   4.1992346e-10
   1.6000000e+02   6.2130730e+01   4.0142640e+00  -4.0011318e-02   0.0000000e+00   4.2525162e-10
   1.6100000e+02   6.1757400e+01   4.0135250e+00  -4.0158968e-02   0.0000000e+00   4.3056087e-10
   1.6200000e+02   6.1388470e+01   4.0127980e+00  -4.0305147e-02   0.0000000e+00   4.3584844e-10
   1.6300000e+02   6.1023880e+01   4.0120830e+00  -4.0449849e-02   0.0000000e+00   4.4111091e-10
   1.6400000e+02   6.0663550e+01   4.0113800e+00  -4.0593098e-02   0.0000000e+00   4.4634418e-10
   1.6500000e+02   6.0307400e+01   4.0106880e+00  -4.0734919e-02   0.0000000e+00   4.5154591e-10
   1.6600000e+02   5.9955370e+01   4.0100070e+00  -4.0875329e-02   0.0000000e+00   4.5671167e-10
   1.6700000e+02   5.9607380e+01   4.0093370e+00  -4.1014329e-02   0.0000000e+00   4.6183927e-10
   1.6800000e+02   5.9263380e+01   4.0086780e+00  -4.1151940e-02   0.0000000e+00   4.6692676e-10
   1.6900000e+02   5.8923280e+01   4.0080290e+00  -4.1288183e-02   0.0000000e+00   4.7196904e-10
   1.7000000e+02   5.8587040e+01   4.0073900e+00  -4.1423074e-02   0.0000000e+00   4.7696534e-10
   1.7100000e+02   5.8254580e+01   4.0067600e+00  -4.1556617e-02   0.0000000e+00   4.8191106e-10
   1.7200000e+02   5.7925840e+01   4.0061390e+00  -4.1688844e-02   0.0000000e+00   4.8680554e-10
   1.7300000e+02   5.7600760e+01   4.0055280e+00  -4.1819743e-02   0.0000000e+00   4.9164467e-10
   1.7400000e+02   5.7279290e+01   4.0049250e+00  -4.1949353e-02   0.0000000e+00   4.9642581e-10
   1.7500000e+02   5.6961370e+01   4.0043310e+00  -4.2077674e-02   0.0000000e+00   5.0114738e-10
   1.7600000e+02   5.6646930e+01   4.0037450e+00  -4.2204729e-02   0.0000000e+00   5.0580713e-10
   1.7700000e+02   5.6335920e+01   4.0031670e+00  -4.2330515e-02   0.0000000e+00   5.1040173e-10
   1.7800000e+02   5.6028300e+01   4.0025970e+00  -4.2455054e-02   0.0000000e+00   5.1492979e-10
   1.7900000e+02   5.5724000e+01   4.0020340e+00  -4.2578366e-02   0.0000000e+00   5.1938872e-10
   1.8000000e+02   5.5422970e+01   4.0014790e+00  -4.2700449e-02   0.0000000e+00   5.2377616e-10
   1.8100000e+02   5.5125160e+01   4.0009300e+00  -4.2821329e-02   0.0000000e+00   5.2809057e-10
   1.8200000e+02   5.4830530e+01   4.0003890e+00  -4.2941005e-02   0.0000000e+00   5.3232954e-10
   1.8300000e+02   5.4539020e+01   3.9998540e+00  -4.3059491e-02   0.0000000e+00   5.3649272e-10
   1.8400000e+02   5.4250580e+01   3.9993250e+00  -4.3176813e-02   0.0000000e+00   5.4057560e-10
   1.8500000e+02   5.3965170e+01   3.9988030e+00  -4.3292949e-02   0.0000000e+00   5.4457885e-10
   1.8600000e+02   5.3682740e+01   3.9982870e+00  -4.3407945e-02   0.0000000e+00   5.4849908e-10
   1.8700000e+02   5.3403250e+01   3.9977760e+00  -4.3521804e-02   0.0000000e+00   5.5233585e-10
   1.8800000e+02   5.3126660e+01   3.9972710e+00  -4.3634526e-02   0.0000000e+00   5.5608625e-10
   1.8900000e+02   5.2852910e+01   3.9967720e+00  -4.3746116e-02   0.0000000e+00   5.5975068e-10
   1.9000000e+02   5.2581960e+01   3.9962780e+00  -4.3856593e-02   0.0000000e+00   5.6332577e-10
   1.9100000e+02   5.2313780e+01   3.9957890e+00  -4.3965975e-02   0.0000000e+00   5.6681083e-10
   1.9200000e+02   5.2048320e+01   3.9953050e+00  -4.4074258e-02   0.0000000e+00   5.7020567e-10
   1.9300000e+02   5.1785550e+01   3.9948260e+00  -4.4181457e-02   0.0000000e+00   5.7350770e-10
   1.9400000e+02   5.1525420e+01   3.9943520e+00  -4.4287580e-02   0.0000000e+00   5.7671479e-10
   1.9500000e+02   5.1267890e+01   3.9938820e+00  -4.4392638e-02   0.0000000e+00   5.7982829e-10
   1.9600000e+02   5.1012940e+01   3.9934160e+00  -4.4496645e-02   0.0000000e+00   5.8284569e-10
   1.9700000e+02   5.0760510e+01   3.9929550e+00  -4.4599601e-02   0.0000000e+00   5.8576522e-10
   1.9800000e+02   5.0510570e+01   3.9924980e+00  -4.4701505e-02   0.0000000e+00   5.8858821e-10
   1.9900000e+02   5.0263100e+01   3.9920440e+00  -4.4802396e-02   0.0000000e+00   5.9131107e-10
   2.0000000e+02   5.0018040e+01   3.9915940e+00  -4.4902261e-02   0.0000000e+00   5.9393409e-10
   2.0100000e+02   4.9775380e+01   3.9911480e+00  -4.5001114e-02   0.0000000e+00   5.9645693e-10
   2.0200000e+02   4.9535070e+01   3.9907060e+00  -4.5098948e-02   0.0000000e+00   5.9887911e-10
   2.0300000e+02   4.9297080e+01   3.9902660e+00  -4.5195806e-02   0.0000000e+00   6.0119770e-10
   2.0400000e+02   4.9061370e+01   3.9898310e+00  -4.5291644e-02   0.0000000e+00   6.0341448e-10
   2.0500000e+02   4.8827930e+01   3.9893980e+00  -4.5386519e-02   0.0000000e+00   6.0552740e-10
   2.0600000e+02   4.8596710e+01   3.9889680e+00  -4.5480417e-02   0.0000000e+00   6.0753687e-10
   2.0700000e+02   4.8367680e+01   3.9885410e+00  -4.5573349e-02   0.0000000e+00   6.0944101e-10
   2.0800000e+02   4.8140820e+01   3.9881170e+00  -4.5665317e-02   0.0000000e+00   6.1124028e-10
   2.0900000e+02   4.7916100e+01   3.9876960e+00  -4.5756334e-02   0.0000000e+00   6.1293392e-10
   2.1000000e+02   4.7693470e+01   3.9872770e+00  -4.5846404e-02   0.0000000e+00   6.1452142e-10
   2.1100000e+02   4.7472930e+01   3.9868610e+00  -4.5935533e-02   0.0000000e+00   6.1600380e-10
   2.1200000e+02   4.7254430e+01   3.9864470e+00  -4.6023741e-02   0.0000000e+00   6.1737842e-10
   2.1300000e+02   4.7037960e+01   3.9860350e+00  -4.6111026e-02   0.0000000e+00   6.1864642e-10
   2.1400000e+02   4.6823480e+01   3.9856260e+00  -4.6197381e-02   0.0000000e+00   6.1980758e-10
   2.1500000e+02   4.6610960e+01   3.9852190e+00  -4.6282822e-02   0.0000000e+00   6.2086142e-10
   2.1600000e+02   4.6400390e+01   3.9848130e+00  -4.6367373e-02   0.0000000e+00   6.2180893e-10
   2.1700000e+02   4.6191730e+01   3.9844100e+00  -4.6451016e-02   0.0000000e+00   6.2264688e-10
   2.1800000e+02   4.5984960e+01   3.9840080e+00  -4.6533775e-02   0.0000000e+00   6.2337885e-10
   2.1900000e+02   4.5780050e+01   3.9836080e+00  -4.6615646e-02   0.0000000e+00   6.2400334e-10
   2.2000000e+02   4.5576990e+01   3.9832100e+00  -4.6696632e-02   0.0000000e+00   6.2451933e-10
   2.2100000e+02   4.5375740e+01   3.9828140e+00  -4.6776742e-02   0.0000000e+00   6.2492783e-10
   2.2200000e+02   4.5176290e+01   3.9824190e+00  -4.6855995e-02   0.0000000e+00   6.2522882e-10
   2.2300000e+02   4.4978600e+01   3.9820250e+00  -4.6934385e-02   0.0000000e+00   6.2542219e-10
   2.2400000e+02   4.4782660e+01   3.9816330e+00  -4.7011921e-02   0.0000000e+00   6.2550871e-10
   2.2500000e+02   4.4588450e+01   3.9812420e+00  -4.7088609e-02   0.0000000e+00   6.2548832e-10
   2.2600000e+02   4.4395940e+01   3.9808520e+00  -4.7164453e-02   0.0000000e+00   6.2536082e-10
   2.2700000e+02   4.4205100e+01   3.9804640e+00  -4.7239448e-02   0.0000000e+00   6.2512702e-10
   2.2800000e+02   4.4015930e+01   3.9800760e+00  -4.7313626e-02   0.0000000e+00   6.2478669e-10
   2.2900000e+02   4.3828400e+01   3.9796900e+00  -4.7386970e-02   0.0000000e+00   6.2434013e-10
   2.3000000e+02   4.3642480e+01   3.9793040e+00  -4.7459499e-02   0.0000000e+00   6.2378807e-10
   2.3100000e+02   4.3458160e+01   3.9789190e+00  -4.7531216e-02   0.0000000e+00   6.2313037e-10
   2.3200000e+02   4.3275420e+01   3.9785350e+00  -4.7602121e-02   0.0000000e+00   6.2236676e-10
   2.3300000e+02   4.3094240e+01   3.9781520e+00  -4.7672221e-02   0.0000000e+00   6.2149960e-10
   2.3400000e+02   4.2914590e+01   3.9777700e+00  -4.7741516e-02   0.0000000e+00   6.2052887e-10
   2.3500000e+02   4.2736470e+01   3.9773880e+00  -4.7810026e-02   0.0000000e+00   6.1945346e-10
   2.3600000e+02   4.2559840e+01   3.9770070e+00  -4.7877740e-02   0.0000000e+00   6.1827508e-10
   2.3700000e+02   4.2384700e+01   3.9766260e+00  -4.7944680e-02   0.0000000e+00   6.1699425e-10
   2.3800000e+02   4.2211020e+01   3.9762460e+00  -4.8010841e-02   0.0000000e+00   6.1561077e-10
   2.3900000e+02   4.2038790e+01   3.9758660e+00  -4.8076224e-02   0.0000000e+00   6.1412610e-10
   2.4000000e+02   4.1867990e+01   3.9754870e+00  -4.8140839e-02   0.0000000e+00   6.1254032e-10
   2.4100000e+02   4.1698590e+01   3.9751080e+00  -4.8204693e-02   0.0000000e+00   6.1085400e-10
   2.4200000e+02   4.1530600e+01   3.9747290e+00  -4.8267796e-02   0.0000000e+00   6.0906810e-10
   2.4300000e+02   4.1363980e+01   3.9743510e+00  -4.8330130e-02   0.0000000e+00   6.0718312e-10
   2.4400000e+02   4.1198730e+01   3.9739720e+00  -4.8391741e-02   0.0000000e+00   6.0519954e-10
   2.4500000e+02   4.1034820e+01   3.9735940e+00  -4.8452589e-02   0.0000000e+00   6.0311845e-10
   2.4600000e+02   4.0872240e+01   3.9732160e+00  -4.8512705e-02   0.0000000e+00   6.0094006e-10
   2.4700000e+02   4.0710970e+01   3.9728380e+00  -4.8572085e-02   0.0000000e+00   5.9866561e-10
   2.4800000e+02   4.0551000e+01   3.9724600e+00  -4.8630740e-02   0.0000000e+00   5.9629514e-10
   2.4900000e+02   4.0392320e+01   3.9720820e+00  -4.8688670e-02   0.0000000e+00   5.9383029e-10
   2.5000000e+02   4.0234900e+01   3.9717030e+00  -4.8745882e-02   0.0000000e+00   5.9127156e-10
   2.5100000e+02   4.0078740e+01   3.9713250e+00  -4.8802378e-02   0.0000000e+00   5.8861925e-10
   2.5200000e+02   3.9923820e+01   3.9709470e+00  -4.8858162e-02   0.0000000e+00   5.8587461e-10
   2.5300000e+02   3.9770120e+01   3.9705680e+00  -4.8913239e-02   0.0000000e+00   5.8303826e-10
   2.5400000e+02   3.9617630e+01   3.9701890e+00  -4.8967616e-02   0.0000000e+00   5.8011158e-10
   2.5500000e+02   3.9466340e+01   3.9698100e+00  -4.9021300e-02   0.0000000e+00   5.7709466e-10
   2.5600000e+02   3.9316230e+01   3.9694310e+00  -4.9074285e-02   0.0000000e+00   5.7398899e-10
   2.5700000e+02   3.9167300e+01   3.9690510e+00  -4.9126590e-02   0.0000000e+00   5.7079471e-10
   2.5800000e+02   3.9019520e+01   3.9686710e+00  -4.9178204e-02   0.0000000e+00   5.6751379e-10
   2.5900000e+02   3.8872880e+01   3.9682900e+00  -4.9229151e-02   0.0000000e+00   5.6414638e-10
   2.6000000e+02   3.8727370e+01   3.9679090e+00  -4.9279413e-02   0.0000000e+00   5.6069347e-10
   2.6100000e+02   3.8582990e+01   3.9675270e+00  -4.9329015e-02   0.0000000e+00   5.5715649e-10
   2.6200000e+02   3.8439700e+01   3.9671460e+00  -4.9377929e-02   0.0000000e+00   5.5353561e-10
   2.6300000e+02   3.8297520e+01   3.9667630e+00  -4.9426204e-02   0.0000000e+00   5.4983273e-10
   2.6400000e+02   3.8156410e+01   3.9663800e+00  -4.9473808e-02   0.0000000e+00   5.4604766e-10
   2.6500000e+02   3.8016370e+01   3.9659960e+00  -4.9520771e-02   0.0000000e+00   5.4218253e-10
   2.6600000e+02   3.7877390e+01   3.9656120e+00  -4.9567074e-02   0.0000000e+00   5.3823767e-10
   2.6700000e+02   3.7739460e+01   3.9652270e+00  -4.9612734e-02   0.0000000e+00   5.3421449e-10
   2.6800000e+02   3.7602560e+01   3.9648410e+00  -4.9657759e-02   0.0000000e+00   5.3011338e-10
   2.6900000e+02   3.7466680e+01   3.9644550e+00  -4.9702137e-02   0.0000000e+00   5.2593575e-10
   2.7000000e+02   3.7331820e+01   3.9640680e+00  -4.9745882e-02   0.0000000e+00   5.2168292e-10
   2.7100000e+02   3.7197950e+01   3.9636800e+00  -4.9789005e-02   0.0000000e+00   5.1735528e-10
   2.7200000e+02   3.7065080e+01   3.9632910e+00  -4.9831508e-02   0.0000000e+00   5.1295451e-10
   2.7300000e+02   3.6933190e+01   3.9629020e+00  -4.9873377e-02   0.0000000e+00   5.0848104e-10
   2.7400000e+02   3.6802270e+01   3.9625120e+00  -4.9914636e-02   0.0000000e+00   5.0393626e-10
   2.7500000e+02   3.6672300e+01   3.9621200e+00  -4.9955288e-02   0.0000000e+00   4.9932152e-10
   2.7600000e+02   3.6543290e+01   3.9617280e+00  -4.9995327e-02   0.0000000e+00   4.9463718e-10
   2.7700000e+02   3.6415210e+01   3.9613360e+00  -5.0034744e-02   0.0000000e+00   4.8988489e-10
   2.7800000e+02   3.6288070e+01   3.9609420e+00  -5.0073578e-02   0.0000000e+00   4.8506552e-10
   2.7900000e+02   3.6161840e+01   3.9605470e+00  -5.0111813e-02   0.0000000e+00   4.8018020e-10
   2.8000000e+02   3.6036520e+01   3.9601510e+00  -5.0149458e-02   0.0000000e+00   4.7522980e-10
   2.8100000e+02   3.5912100e+01   3.9597540e+00  -5.0186510e-02   0.0000000e+00   4.7021609e-10
   2.8200000e+02   3.5788580e+01   3.9593560e+00  -5.0222979e-02   0.0000000e+00   4.6513923e-10
   2.8300000e+02   3.5665930e+01   3.9589580e+00  -5.0258851e-02   0.0000000e+00   4.6000088e-10
   2.8400000e+02   3.5544160e+01   3.9585580e+00  -5.0294157e-02   0.0000000e+00   4.5480184e-10
   2.8500000e+02   3.5423250e+01   3.9581570e+00  -5.0328889e-02   0.0000000e+00   4.4954383e-10
   2.8600000e+02   3.5303190e+01   3.9577550e+00  -5.0363044e-02   0.0000000e+00   4.4422728e-10
   2.8700000e+02   3.5183980e+01   3.9573510e+00  -5.0396645e-02   0.0000000e+00   4.3885357e-10
   2.8800000e+02   3.5065610e+01   3.9569470e+00  -5.0429670e-02   0.0000000e+00   4.3342360e-10
   2.8900000e+02   3.4948070e+01   3.9565410e+00  -5.0462145e-02   0.0000000e+00   4.2793923e-10
   2.9000000e+02   3.4831350e+01   3.9561350e+00  -5.0494046e-02   0.0000000e+00   4.2240052e-10
   2.9100000e+02   3.4715440e+01   3.9557270e+00  -5.0525413e-02   0.0000000e+00   4.1680919e-10
   2.9200000e+02   3.4600330e+01   3.9553180e+00  -5.0556225e-02   0.0000000e+00   4.1116632e-10
   2.9300000e+02   3.4486020e+01   3.9549070e+00  -5.0586499e-02   0.0000000e+00   4.0547315e-10
   2.9400000e+02   3.4372500e+01   3.9544960e+00  -5.0616213e-02   0.0000000e+00   3.9973038e-10
   2.9500000e+02   3.4259750e+01   3.9540830e+00  -5.0645405e-02   0.0000000e+00   3.9393905e-10
   2.9600000e+02   3.4147780e+01   3.9536690e+00  -5.0674055e-02   0.0000000e+00   3.8810104e-10
   2.9700000e+02   3.4036580e+01   3.9532530e+00  -5.0702186e-02   0.0000000e+00   3.8221662e-10
   2.9800000e+02   3.3926130e+01   3.9528370e+00  -5.0729772e-02   0.0000000e+00   3.7628764e-10
   2.9900000e+02   3.3816430e+01   3.9524190e+00  -5.0756845e-02   0.0000000e+00   3.7031500e-10
   3.0000000e+02   3.3707470e+01   3.9519990e+00  -5.0783397e-02   0.0000000e+00   3.6429950e-10
   3.0100000e+02   3.3599250e+01   3.9515780e+00  -5.0809431e-02   0.0000000e+00   3.5824243e-10
   3.0200000e+02   3.3491750e+01   3.9511560e+00  -5.0834949e-02   0.0000000e+00   3.5214479e-10
   3.0300000e+02   3.3384980e+01   3.9507330e+00  -5.0859954e-02   0.0000000e+00   3.4600801e-10
   3.0400000e+02   3.3278920e+01   3.9503080e+00  -5.0884458e-02   0.0000000e+00   3.3983277e-10
   3.0500000e+02   3.3173570e+01   3.9498810e+00  -5.0908465e-02   0.0000000e+00   3.3362059e-10
   3.0600000e+02   3.3068920e+01   3.9494540e+00  -5.0931954e-02   0.0000000e+00   3.2737254e-10
   3.0700000e+02   3.2964960e+01   3.9490240e+00  -5.0954965e-02   0.0000000e+00   3.2108931e-10
   3.0800000e+02   3.2861690e+01   3.9485940e+00  -5.0977468e-02   0.0000000e+00   3.1477267e-10
   3.0900000e+02   3.2759100e+01   3.9481610e+00  -5.0999504e-02   0.0000000e+00   3.0842279e-10
   3.1000000e+02   3.2657180e+01   3.9477280e+00  -5.1021023e-02   0.0000000e+00   3.0204189e-10
   3.1100000e+02   3.2555930e+01   3.9472930e+00  -5.1042075e-02   0.0000000e+00   2.9562995e-10
   3.1200000e+02   3.2455340e+01   3.9468560e+00  -5.1062647e-02   0.0000000e+00   2.8918912e-10
   3.1300000e+02   3.2355410e+01   3.9464180e+00  -5.1082742e-02   0.0000000e+00   2.8271954e-10
   3.1400000e+02   3.2256120e+01   3.9459780e+00  -5.1102359e-02   0.0000000e+00   2.7622279e-10
   3.1500000e+02   3.2157480e+01   3.9455370e+00  -5.1121510e-02   0.0000000e+00   2.6969993e-10
   3.1600000e+02   3.2059480e+01   3.9450940e+00  -5.1140194e-02   0.0000000e+00   2.6315198e-10
   3.1700000e+02   3.1962100e+01   3.9446490e+00  -5.1158423e-02   0.0000000e+00   2.5658008e-10
   3.1800000e+02   3.1865360e+01   3.9442030e+00  -5.1176189e-02   0.0000000e+00   2.4998501e-10
   3.1900000e+02   3.1769230e+01   3.9437550e+00  -5.1193489e-02   0.0000000e+00   2.4336781e-10
   3.2000000e+02   3.1673710e+01   3.9433060e+00  -5.1210336e-02   0.0000000e+00   2.3673022e-10
   3.2100000e+02   3.1578800e+01   3.9428550e+00  -5.1226734e-02   0.0000000e+00   2.3007274e-10
   3.2200000e+02   3.1484500e+01   3.9424030e+00  -5.1242683e-02   0.0000000e+00   2.2339652e-10
   3.2300000e+02   3.1390790e+01   3.9419490e+00  -5.1258185e-02   0.0000000e+00   2.1670211e-10
   3.2400000e+02   3.1297670e+01   3.9414930e+00  -5.1273255e-02   0.0000000e+00   2.0999178e-10
   3.2500000e+02   3.1205140e+01   3.9410350e+00  -5.1287889e-02   0.0000000e+00   2.0326501e-10
   3.2600000e+02   3.1113190e+01   3.9405760e+00  -5.1302077e-02   0.0000000e+00   1.9652449e-10
   3.2700000e+02   3.1021820e+01   3.9401150e+00  -5.1315839e-02   0.0000000e+00   1.8976973e-10
   3.2800000e+02   3.0931010e+01   3.9396530e+00  -5.1329160e-02   0.0000000e+00   1.8300283e-10
   3.2900000e+02   3.0840770e+01   3.9391890e+00  -5.1342065e-02   0.0000000e+00   1.7622371e-10
   3.3000000e+02   3.0751100e+01   3.9387230e+00  -5.1354550e-02   0.0000000e+00   1.6943414e-10
   3.3100000e+02   3.0661970e+01   3.9382550e+00  -5.1366612e-02   0.0000000e+00   1.6263580e-10
   3.3200000e+02   3.0573400e+01   3.9377850e+00  -5.1378267e-02   0.0000000e+00   1.5582828e-10
   3.3300000e+02   3.0485380e+01   3.9373140e+00  -5.1389499e-02   0.0000000e+00   1.4901319e-10
   3.3400000e+02   3.0397890e+01   3.9368410e+00  -5.1400320e-02   0.0000000e+00   1.4219108e-10
   3.3500000e+02   3.0310940e+01   3.9363670e+00  -5.1410722e-02   0.0000000e+00   1.3536417e-10
   3.3600000e+02   3.0224520e+01   3.9358900e+00  -5.1420739e-02   0.0000000e+00   1.2853231e-10
   3.3700000e+02   3.0138630e+01   3.9354120e+00  -5.1430344e-02   0.0000000e+00   1.2169663e-10
   3.3800000e+02   3.0053260e+01   3.9349320e+00  -5.1439550e-02   0.0000000e+00   1.1485796e-10
   3.3900000e+02   2.9968410e+01   3.9344500e+00  -5.1448365e-02   0.0000000e+00   1.0801799e-10
   3.4000000e+02   2.9884070e+01   3.9339660e+00  -5.1456789e-02   0.0000000e+00   1.0117690e-10
   3.4100000e+02   2.9800240e+01   3.9334810e+00  -5.1464813e-02   0.0000000e+00   9.4336192e-11
   3.4200000e+02   2.9716910e+01   3.9329930e+00  -5.1472465e-02   0.0000000e+00   8.7495390e-11
   3.4300000e+02   2.9634090e+01   3.9325040e+00  -5.1479715e-02   0.0000000e+00   8.0657844e-11
   3.4400000e+02   2.9551760e+01   3.9320130e+00  -5.1486593e-02   0.0000000e+00   7.3822236e-11
   3.4500000e+02   2.9469920e+01   3.9315200e+00  -5.1493093e-02   0.0000000e+00   6.6990963e-11
   3.4600000e+02   2.9388570e+01   3.9310250e+00  -5.1499217e-02   0.0000000e+00   6.0163956e-11
   3.4700000e+02   2.9307700e+01   3.9305290e+00  -5.1504966e-02   0.0000000e+00   5.3342599e-11
   3.4800000e+02   2.9227310e+01   3.9300300e+00  -5.1510350e-02   0.0000000e+00   4.6527282e-11
   3.4900000e+02   2.9147390e+01   3.9295300e+00  -5.1515359e-02   0.0000000e+00   3.9719539e-11
   3.5000000e+02   2.9067950e+01   3.9290280e+00  -5.1520001e-02   0.0000000e+00   3.2920117e-11
   3.5100000e+02   2.8988970e+01   3.9285230e+00  -5.1524301e-02   0.0000000e+00   2.6129578e-11
   3.5200000e+02   2.8910460e+01   3.9280170e+00  -5.1528230e-02   0.0000000e+00   1.9348700e-11
   3.5300000e+02   2.8832400e+01   3.9275090e+00  -5.1531799e-02   0.0000000e+00   1.2579148e-11
   3.5400000e+02   2.8754800e+01   3.9269990e+00  -5.1535021e-02   0.0000000e+00   5.8206958e-12
   3.5500000e+02   2.8677660e+01   3.9264870e+00  -5.1537894e-02   0.0000000e+00  -9.2545791e-13
   3.5600000e+02   2.8600960e+01   3.9259740e+00  -5.1540409e-02   0.0000000e+00  -7.6583688e-12
   3.5700000e+02   2.8524700e+01   3.9254580e+00  -5.1542585e-02   0.0000000e+00  -1.4377346e-11
   3.5800000e+02   2.8448890e+01   3.9249400e+00  -5.1544430e-02   0.0000000e+00  -2.1080908e-11
   3.5900000e+02   2.8373510e+01   3.9244200e+00  -5.1545928e-02   0.0000000e+00  -2.7769274e-11
   3.6000000e+02   2.8298570e+01   3.9238990e+00  -5.1547080e-02   0.0000000e+00  -3.4441042e-11
   3.6100000e+02   2.8224050e+01   3.9233750e+00  -5.1547906e-02   0.0000000e+00  -4.1095600e-11
   3.6200000e+02   2.8149960e+01   3.9228490e+00  -5.1548403e-02   0.0000000e+00  -4.7732175e-11
   3.6300000e+02   2.8076300e+01   3.9223220e+00  -5.1548568e-02   0.0000000e+00  -5.4349942e-11
   3.6400000e+02   2.8003050e+01   3.9217920e+00  -5.1548410e-02   0.0000000e+00  -6.0948193e-11
   3.6500000e+02   2.7930220e+01   3.9212600e+00  -5.1547929e-02   0.0000000e+00  -6.7526260e-11
   3.6600000e+02   2.7857810e+01   3.9207270e+00  -5.1547116e-02   0.0000000e+00  -7.4083559e-11
   3.6700000e+02   2.7785800e+01   3.9201910e+00  -5.1546001e-02   0.0000000e+00  -8.0618848e-11
   3.6800000e+02   2.7714200e+01   3.9196530e+00  -5.1544567e-02   0.0000000e+00  -8.7131247e-11
   3.6900000e+02   2.7643000e+01   3.9191140e+00  -5.1542804e-02   0.0000000e+00  -9.3620855e-11
   3.7000000e+02   2.7572200e+01   3.9185720e+00  -5.1540753e-02   0.0000000e+00  -1.0008676e-10
   3.7100000e+02   2.7501800e+01   3.9180280e+00  -5.1538384e-02   0.0000000e+00  -1.0652742e-10
   3.7200000e+02   2.7431790e+01   3.9174820e+00  -5.1535715e-02   0.0000000e+00  -1.1294341e-10
   3.7300000e+02   2.7362170e+01   3.9169340e+00  -5.1532736e-02   0.0000000e+00  -1.1933289e-10
   3.7400000e+02   2.7292940e+01   3.9163840e+00  -5.1529468e-02   0.0000000e+00  -1.2569613e-10
   3.7500000e+02   2.7224090e+01   3.9158320e+00  -5.1525891e-02   0.0000000e+00  -1.3203164e-10
   3.7600000e+02   2.7155630e+01   3.9152780e+00  -5.1522024e-02   0.0000000e+00  -1.3833942e-10
   3.7700000e+02   2.7087540e+01   3.9147220e+00  -5.1517863e-02   0.0000000e+00  -1.4461796e-10
   3.7800000e+02   2.7019830e+01   3.9141640e+00  -5.1513409e-02   0.0000000e+00  -1.5086755e-10
   3.7900000e+02   2.6952490e+01   3.9136030e+00  -5.1508682e-02   0.0000000e+00  -1.5708752e-10
   3.8000000e+02   2.6885520e+01   3.9130410e+00  -5.1503653e-02   0.0000000e+00  -1.6327635e-10
   3.8100000e+02   2.6818920e+01   3.9124760e+00  -5.1498358e-02   0.0000000e+00  -1.6943426e-10
   3.8200000e+02   2.6752680e+01   3.9119100e+00  -5.1492768e-02   0.0000000e+00  -1.7556030e-10
   3.8300000e+02   2.6686800e+01   3.9113410e+00  -5.1486915e-02   0.0000000e+00  -1.8165358e-10
   3.8400000e+02   2.6621280e+01   3.9107700e+00  -5.1480784e-02   0.0000000e+00  -1.8771403e-10
   3.8500000e+02   2.6556110e+01   3.9101970e+00  -5.1474373e-02   0.0000000e+00  -1.9374089e-10
   3.8600000e+02   2.6491300e+01   3.9096220e+00  -5.1467690e-02   0.0000000e+00  -1.9973348e-10
   3.8700000e+02   2.6426840e+01   3.9090440e+00  -5.1460753e-02   0.0000000e+00  -2.0569156e-10
   3.8800000e+02   2.6362720e+01   3.9084650e+00  -5.1453542e-02   0.0000000e+00  -2.1161398e-10
   3.8900000e+02   2.6298950e+01   3.9078830e+00  -5.1446076e-02   0.0000000e+00  -2.1750103e-10
   3.9000000e+02   2.6235520e+01   3.9073000e+00  -5.1438334e-02   0.0000000e+00  -2.2335107e-10
   3.9100000e+02   2.6172430e+01   3.9067140e+00  -5.1430347e-02   0.0000000e+00  -2.2916423e-10
   3.9200000e+02   2.6109680e+01   3.9061260e+00  -5.1422103e-02   0.0000000e+00  -2.3493973e-10
   3.9300000e+02   2.6047270e+01   3.9055360e+00  -5.1413605e-02   0.0000000e+00  -2.4067751e-10
   3.9400000e+02   2.5985180e+01   3.9049430e+00  -5.1404858e-02   0.0000000e+00  -2.4637702e-10
   3.9500000e+02   2.5923430e+01   3.9043490e+00  -5.1395858e-02   0.0000000e+00  -2.5203694e-10
   3.9600000e+02   2.5862000e+01   3.9037520e+00  -5.1386620e-02   0.0000000e+00  -2.5765736e-10
   3.9700000e+02   2.5800890e+01   3.9031530e+00  -5.1377132e-02   0.0000000e+00  -2.6323772e-10
   3.9800000e+02   2.5740110e+01   3.9025520e+00  -5.1367410e-02   0.0000000e+00  -2.6877780e-10
   3.9900000e+02   2.5679650e+01   3.9019490e+00  -5.1357440e-02   0.0000000e+00  -2.7427678e-10
   4.0000000e+02   2.5619510e+01   3.9013430e+00  -5.1347240e-02   0.0000000e+00  -2.7973452e-10
   4.0100000e+02   2.5559680e+01   3.9007350e+00  -5.1336805e-02   0.0000000e+00  -2.8515023e-10
   4.0200000e+02   2.5500170e+01   3.9001260e+00  -5.1326125e-02   0.0000000e+00  -2.9052357e-10
   4.0300000e+02   2.5440960e+01   3.8995130e+00  -5.1315236e-02   0.0000000e+00  -2.9585373e-10
   4.0400000e+02   2.5382060e+01   3.8988990e+00  -5.1304112e-02   0.0000000e+00  -3.0114127e-10
   4.0500000e+02   2.5323470e+01   3.8982830e+00  -5.1292751e-02   0.0000000e+00  -3.0638410e-10
   4.0600000e+02   2.5265190e+01   3.8976640e+00  -5.1281185e-02   0.0000000e+00  -3.1158405e-10
   4.0700000e+02   2.5207200e+01   3.8970430e+00  -5.1269388e-02   0.0000000e+00  -3.1673910e-10
   4.0800000e+02   2.5149520e+01   3.8964200e+00  -5.1257366e-02   0.0000000e+00  -3.2184934e-10
   4.0900000e+02   2.5092130e+01   3.8957940e+00  -5.1245146e-02   0.0000000e+00  -3.2691460e-10
   4.1000000e+02   2.5035040e+01   3.8951670e+00  -5.1232696e-02   0.0000000e+00  -3.3193379e-10
   4.1100000e+02   2.4978240e+01   3.8945370e+00  -5.1220042e-02   0.0000000e+00  -3.3690682e-10
   4.1200000e+02   2.4921730e+01   3.8939040e+00  -5.1207191e-02   0.0000000e+00  -3.4183370e-10
   4.1300000e+02   2.4865510e+01   3.8932700e+00  -5.1194109e-02   0.0000000e+00  -3.4671363e-10
   4.1400000e+02   2.4809580e+01   3.8926330e+00  -5.1180837e-02   0.0000000e+00  -3.5154707e-10
   4.1500000e+02   2.4753930e+01   3.8919940e+00  -5.1167363e-02   0.0000000e+00  -3.5633251e-10
   4.1600000e+02   2.4698570e+01   3.8913530e+00  -5.1153675e-02   0.0000000e+00  -3.6107066e-10
   4.1700000e+02   2.4643490e+01   3.8907100e+00  -5.1139788e-02   0.0000000e+00  -3.6576016e-10
   4.1800000e+02   2.4588680e+01   3.8900640e+00  -5.1125716e-02   0.0000000e+00  -3.7040124e-10
   4.1900000e+02   2.4534150e+01   3.8894160e+00  -5.1111450e-02   0.0000000e+00  -3.7499437e-10
   4.2000000e+02   2.4479900e+01   3.8887660e+00  -5.1096979e-02   0.0000000e+00  -3.7953760e-10
   4.2100000e+02   2.4425920e+01   3.8881130e+00  -5.1082337e-02   0.0000000e+00  -3.8403184e-10
   4.2200000e+02   2.4372210e+01   3.8874590e+00  -5.1067488e-02   0.0000000e+00  -3.8847660e-10
   4.2300000e+02   2.4318780e+01   3.8868020e+00  -5.1052461e-02   0.0000000e+00  -3.9287125e-10
   4.2400000e+02   2.4265600e+01   3.8861420e+00  -5.1037255e-02   0.0000000e+00  -3.9721624e-10
   4.2500000e+02   2.4212700e+01   3.8854800e+00  -5.1021868e-02   0.0000000e+00  -4.0151003e-10
   4.2600000e+02   2.4160060e+01   3.8848170e+00  -5.1006284e-02   0.0000000e+00  -4.0575357e-10
   4.2700000e+02   2.4107670e+01   3.8841500e+00  -5.0990544e-02   0.0000000e+00  -4.0994641e-10
   4.2800000e+02   2.4055550e+01   3.8834820e+00  -5.0974612e-02   0.0000000e+00  -4.1408768e-10
   4.2900000e+02   2.4003690e+01   3.8828110e+00  -5.0958517e-02   0.0000000e+00  -4.1817759e-10
   4.3000000e+02   2.3952090e+01   3.8821380e+00  -5.0942248e-02   0.0000000e+00  -4.2221582e-10
   4.3100000e+02   2.3900740e+01   3.8814620e+00  -5.0925816e-02   0.0000000e+00  -4.2620284e-10
   4.3200000e+02   2.3849640e+01   3.8807850e+00  -5.0909195e-02   0.0000000e+00  -4.3013690e-10
   4.3300000e+02   2.3798790e+01   3.8801050e+00  -5.0892425e-02   0.0000000e+00  -4.3401923e-10
   4.3400000e+02   2.3748200e+01   3.8794220e+00  -5.0875499e-02   0.0000000e+00  -4.3784864e-10
   4.3500000e+02   2.3697850e+01   3.8787380e+00  -5.0858394e-02   0.0000000e+00  -4.4162572e-10
   4.3600000e+02   2.3647750e+01   3.8780510e+00  -5.0841141e-02   0.0000000e+00  -4.4534996e-10
   4.3700000e+02   2.3597890e+01   3.8773610e+00  -5.0823742e-02   0.0000000e+00  -4.4902135e-10
   4.3800000e+02   2.3548270e+01   3.8766700e+00  -5.0806164e-02   0.0000000e+00  -4.5263925e-10
   4.3900000e+02   2.3498900e+01   3.8759760e+00  -5.0788441e-02   0.0000000e+00  -4.5620409e-10
   4.4000000e+02   2.3449770e+01   3.8752790e+00  -5.0770572e-02   0.0000000e+00  -4.5971555e-10
   4.4100000e+02   2.3400870e+01   3.8745810e+00  -5.0752540e-02   0.0000000e+00  -4.6317308e-10
   4.4200000e+02   2.3352210e+01   3.8738800e+00  -5.0734373e-02   0.0000000e+00  -4.6657729e-10
   4.4300000e+02   2.3303790e+01   3.8731770e+00  -5.0716049e-02   0.0000000e+00  -4.6992709e-10
   4.4400000e+02   2.3255600e+01   3.8724710e+00  -5.0697602e-02   0.0000000e+00  -4.7322334e-10
   4.4500000e+02   2.3207640e+01   3.8717630e+00  -5.0678995e-02   0.0000000e+00  -4.7646517e-10
   4.4600000e+02   2.3159910e+01   3.8710530e+00  -5.0660252e-02   0.0000000e+00  -4.7965254e-10
   4.4700000e+02   2.3112410e+01   3.8703400e+00  -5.0641377e-02   0.0000000e+00  -4.8278610e-10
   4.4800000e+02   2.3065140e+01   3.8696250e+00  -5.0622365e-02   0.0000000e+00  -4.8586504e-10
   4.4900000e+02   2.3018090e+01   3.8689080e+00  -5.0603210e-02   0.0000000e+00  -4.8888957e-10
   4.5000000e+02   2.2971270e+01   3.8681890e+00  -5.0583921e-02   0.0000000e+00  -4.9185898e-10
   4.5100000e+02   2.2924670e+01   3.8674670e+00  -5.0564504e-02   0.0000000e+00  -4.9477441e-10
   4.5200000e+02   2.2878300e+01   3.8667420e+00  -5.0544978e-02   0.0000000e+00  -4.9763435e-10
   4.5300000e+02   2.2832140e+01   3.8660160e+00  -5.0525292e-02   0.0000000e+00  -5.0044010e-10
   4.5400000e+02   2.2786200e+01   3.8652870e+00  -5.0505501e-02   0.0000000e+00  -5.0319097e-10
   4.5500000e+02   2.2740480e+01   3.8645550e+00  -5.0485590e-02   0.0000000e+00  -5.0588679e-10
   4.5600000e+02   2.2694970e+01   3.8638220e+00  -5.0465542e-02   0.0000000e+00  -5.0852721e-10
   4.5700000e+02   2.2649680e+01   3.8630860e+00  -5.0445384e-02   0.0000000e+00  -5.1111299e-10
   4.5800000e+02   2.2604600e+01   3.8623470e+00  -5.0425113e-02   0.0000000e+00  -5.1364394e-10
   4.5900000e+02   2.2559730e+01   3.8616070e+00  -5.0404707e-02   0.0000000e+00  -5.1611931e-10
   4.6000000e+02   2.2515070e+01   3.8608630e+00  -5.0384216e-02   0.0000000e+00  -5.1854062e-10
   4.6100000e+02   2.2470630e+01   3.8601180e+00  -5.0363593e-02   0.0000000e+00  -5.2090563e-10
   4.6200000e+02   2.2426390e+01   3.8593700e+00  -5.0342858e-02   0.0000000e+00  -5.2321654e-10
   4.6300000e+02   2.2382350e+01   3.8586200e+00  -5.0322020e-02   0.0000000e+00  -5.2547148e-10
   4.6400000e+02   2.2338520e+01   3.8578680e+00  -5.0301064e-02   0.0000000e+00  -5.2767201e-10
   4.6500000e+02   2.2294900e+01   3.8571130e+00  -5.0280017e-02   0.0000000e+00  -5.2981800e-10
   4.6600000e+02   2.2251470e+01   3.8563560e+00  -5.0258854e-02   0.0000000e+00  -5.3190836e-10
   4.6700000e+02   2.2208250e+01   3.8555960e+00  -5.0237606e-02   0.0000000e+00  -5.3394320e-10
   4.6800000e+02   2.2165230e+01   3.8548340e+00  -5.0216243e-02   0.0000000e+00  -5.3592373e-10
   4.6900000e+02   2.2122400e+01   3.8540700e+00  -5.0194779e-02   0.0000000e+00  -5.3784870e-10
   4.7000000e+02   2.2079780e+01   3.8533030e+00  -5.0173233e-02   0.0000000e+00  -5.3971971e-10
   4.7100000e+02   2.2037350e+01   3.8525340e+00  -5.0151576e-02   0.0000000e+00  -5.4153542e-10
   4.7200000e+02   2.1995110e+01   3.8517630e+00  -5.0129827e-02   0.0000000e+00  -5.4329656e-10
   4.7300000e+02   2.1953070e+01   3.8509890e+00  -5.0107991e-02   0.0000000e+00  -5.4500300e-10
   4.7400000e+02   2.1911220e+01   3.8502130e+00  -5.0086062e-02   0.0000000e+00  -5.4665485e-10
   4.7500000e+02   2.1869560e+01   3.8494350e+00  -5.0064047e-02   0.0000000e+00  -5.4825180e-10
   4.7600000e+02   2.1828090e+01   3.8486540e+00  -5.0041937e-02   0.0000000e+00  -5.4979477e-10
   4.7700000e+02   2.1786810e+01   3.8478710e+00  -5.0019750e-02   0.0000000e+00  -5.5128333e-10
   4.7800000e+02   2.1745720e+01   3.8470850e+00  -4.9997474e-02   0.0000000e+00  -5.5271768e-10
   4.7900000e+02   2.1704810e+01   3.8462980e+00  -4.9975115e-02   0.0000000e+00  -5.5409728e-10
   4.8000000e+02   2.1664090e+01   3.8455070e+00  -4.9952686e-02   0.0000000e+00  -5.5542286e-10
   4.8100000e+02   2.1623550e+01   3.8447150e+00  -4.9930165e-02   0.0000000e+00  -5.5669450e-10
   4.8200000e+02   2.1583200e+01   3.8439200e+00  -4.9907562e-02   0.0000000e+00  -5.5791285e-10
   4.8300000e+02   2.1543030e+01   3.8431230e+00  -4.9884898e-02   0.0000000e+00  -5.5907667e-10
   4.8400000e+02   2.1503040e+01   3.8423230e+00  -4.9862150e-02   0.0000000e+00  -5.6018714e-10
   4.8500000e+02   2.1463230e+01   3.8415210e+00  -4.9839331e-02   0.0000000e+00  -5.6124423e-10
   4.8600000e+02   2.1423590e+01   3.8407170e+00  -4.9816437e-02   0.0000000e+00  -5.6224781e-10
   4.8700000e+02   2.1384140e+01   3.8399100e+00  -4.9793488e-02   0.0000000e+00  -5.6319813e-10
   4.8800000e+02   2.1344860e+01   3.8391010e+00  -4.9770453e-02   0.0000000e+00  -5.6409607e-10
   4.8900000e+02   2.1305760e+01   3.8382900e+00  -4.9747348e-02   0.0000000e+00  -5.6494079e-10
   4.9000000e+02   2.1266830e+01   3.8374760e+00  -4.9724190e-02   0.0000000e+00  -5.6573248e-10
   4.9100000e+02   2.1228080e+01   3.8366600e+00  -4.9700964e-02   0.0000000e+00  -5.6647122e-10
   4.9200000e+02   2.1189490e+01   3.8358420e+00  -4.9677673e-02   0.0000000e+00  -5.6715770e-10
   4.9300000e+02   2.1151080e+01   3.8350210e+00  -4.9654326e-02   0.0000000e+00  -5.6779242e-10
   4.9400000e+02   2.1112840e+01   3.8341980e+00  -4.9630915e-02   0.0000000e+00  -5.6837438e-10
   4.9500000e+02   2.1074770e+01   3.8333730e+00  -4.9607431e-02   0.0000000e+00  -5.6890539e-10
   4.9600000e+02   2.1036860e+01   3.8325450e+00  -4.9583907e-02   0.0000000e+00  -5.6938408e-10
   4.9700000e+02   2.0999120e+01   3.8317150e+00  -4.9560328e-02   0.0000000e+00  -5.6981117e-10
   4.9800000e+02   2.0961550e+01   3.8308830e+00  -4.9536686e-02   0.0000000e+00  -5.7018678e-10
   4.9900000e+02   2.0924150e+01   3.8300480e+00  -4.9513004e-02   0.0000000e+00  -5.7051136e-10
   5.0000000e+02   2.0886910e+01   3.8292110e+00  -4.9489265e-02   0.0000000e+00  -5.7078479e-10
   5.0100000e+02   2.0849830e+01   3.8283710e+00  -4.9465477e-02   0.0000000e+00  -5.7100827e-10
   5.0200000e+02   2.0812910e+01   3.8275300e+00  -4.9441629e-02   0.0000000e+00  -5.7118074e-10
   5.0300000e+02   2.0776160e+01   3.8266860e+00  -4.9417740e-02   0.0000000e+00  -5.7130270e-10
   5.0400000e+02   2.0739560e+01   3.8258390e+00  -4.9393819e-02   0.0000000e+00  -5.7137435e-10
   5.0500000e+02   2.0703130e+01   3.8249910e+00  -4.9369835e-02   0.0000000e+00  -5.7139633e-10
   5.0600000e+02   2.0666850e+01   3.8241400e+00  -4.9345810e-02   0.0000000e+00  -5.7136917e-10
   5.0700000e+02   2.0630730e+01   3.8232870e+00  -4.9321751e-02   0.0000000e+00  -5.7129202e-10
   5.0800000e+02   2.0594770e+01   3.8224310e+00  -4.9297652e-02   0.0000000e+00  -5.7116537e-10
   5.0900000e+02   2.0558960e+01   3.8215730e+00  -4.9273509e-02   0.0000000e+00  -5.7099071e-10
   5.1000000e+02   2.0523310e+01   3.8207130e+00  -4.9249324e-02   0.0000000e+00  -5.7076678e-10
   5.1100000e+02   2.0487810e+01   3.8198500e+00  -4.9225112e-02   0.0000000e+00  -5.7049469e-10
   5.1200000e+02   2.0452460e+01   3.8189860e+00  -4.9200849e-02   0.0000000e+00  -5.7017428e-10
   5.1300000e+02   2.0417270e+01   3.8181180e+00  -4.9176576e-02   0.0000000e+00  -5.6980545e-10
   5.1400000e+02   2.0382230e+01   3.8172490e+00  -4.9152249e-02   0.0000000e+00  -5.6938962e-10
   5.1500000e+02   2.0347330e+01   3.8163770e+00  -4.9127906e-02   0.0000000e+00  -5.6892572e-10
   5.1600000e+02   2.0312590e+01   3.8155030e+00  -4.9103518e-02   0.0000000e+00  -5.6841536e-10
   5.1700000e+02   2.0278000e+01   3.8146270e+00  -4.9079108e-02   0.0000000e+00  -5.6785723e-10
   5.1800000e+02   2.0243550e+01   3.8137490e+00  -4.9054654e-02   0.0000000e+00  -5.6725321e-10
   5.1900000e+02   2.0209250e+01   3.8128680e+00  -4.9030194e-02   0.0000000e+00  -5.6660282e-10
   5.2000000e+02   2.0175090e+01   3.8119850e+00  -4.9005703e-02   0.0000000e+00  -5.6590613e-10
   5.2100000e+02   2.0141090e+01   3.8110990e+00  -4.8981194e-02   0.0000000e+00  -5.6516367e-10
   5.2200000e+02   2.0107220e+01   3.8102120e+00  -4.8956638e-02   0.0000000e+00  -5.6437529e-10
   5.2300000e+02   2.0073500e+01   3.8093220e+00  -4.8932083e-02   0.0000000e+00  -5.6354242e-10
   5.2400000e+02   2.0039920e+01   3.8084300e+00  -4.8907494e-02   0.0000000e+00  -5.6266433e-10
   5.2500000e+02   2.0006490e+01   3.8075350e+00  -4.8882895e-02   0.0000000e+00  -5.6174147e-10
   5.2600000e+02   1.9973190e+01   3.8066390e+00  -4.8858264e-02   0.0000000e+00  -5.6077465e-10
   5.2700000e+02   1.9940040e+01   3.8057400e+00  -4.8833621e-02   0.0000000e+00  -5.5976351e-10
   5.2800000e+02   1.9907020e+01   3.8048390e+00  -4.8808961e-02   0.0000000e+00  -5.5870836e-10
   5.2900000e+02   1.9874140e+01   3.8039350e+00  -4.8784295e-02   0.0000000e+00  -5.5761029e-10
   5.3000000e+02   1.9841400e+01   3.8030300e+00  -4.8759602e-02   0.0000000e+00  -5.5646861e-10
   5.3100000e+02   1.9808800e+01   3.8021220e+00  -4.8734899e-02   0.0000000e+00  -5.5528463e-10
   5.3200000e+02   1.9776330e+01   3.8012120e+00  -4.8710183e-02   0.0000000e+00  -5.5405773e-10
   5.3300000e+02   1.9744000e+01   3.8002990e+00  -4.8685470e-02   0.0000000e+00  -5.5278910e-10
   5.3400000e+02   1.9711810e+01   3.7993850e+00  -4.8660729e-02   0.0000000e+00  -5.5147807e-10
   5.3500000e+02   1.9679750e+01   3.7984680e+00  -4.8635989e-02   0.0000000e+00  -5.5012591e-10
   5.3600000e+02   1.9647820e+01   3.7975490e+00  -4.8611240e-02   0.0000000e+00  -5.4873301e-10
   5.3700000e+02   1.9616020e+01   3.7966280e+00  -4.8586468e-02   0.0000000e+00  -5.4729864e-10
   5.3800000e+02   1.9584360e+01   3.7957050e+00  -4.8561696e-02   0.0000000e+00  -5.4582404e-10
   5.3900000e+02   1.9552830e+01   3.7947790e+00  -4.8536934e-02   0.0000000e+00  -5.4430876e-10
   5.4000000e+02   1.9521420e+01   3.7938510e+00  -4.8512167e-02   0.0000000e+00  -5.4275389e-10
   5.4100000e+02   1.9490150e+01   3.7929210e+00  -4.8487384e-02   0.0000000e+00  -5.4115883e-10
   5.4200000e+02   1.9459010e+01   3.7919890e+00  -4.8462603e-02   0.0000000e+00  -5.3952486e-10
   5.4300000e+02   1.9427990e+01   3.7910550e+00  -4.8437819e-02   0.0000000e+00  -5.3785231e-10
   5.4400000e+02   1.9397100e+01   3.7901190e+00  -4.8413029e-02   0.0000000e+00  -5.3614146e-10
   5.4500000e+02   1.9366340e+01   3.7891800e+00  -4.8388246e-02   0.0000000e+00  -5.3439192e-10
   5.4600000e+02   1.9335700e+01   3.7882390e+00  -4.8363475e-02   0.0000000e+00  -5.3260484e-10
   5.4700000e+02   1.9305190e+01   3.7872960e+00  -4.8338698e-02   0.0000000e+00  -5.3078050e-10
   5.4800000e+02   1.9274800e+01   3.7863510e+00  -4.8313921e-02   0.0000000e+00  -5.2891831e-10
   5.4900000e+02   1.9244540e+01   3.7854040e+00  -4.8289144e-02   0.0000000e+00  -5.2701967e-10
   5.5000000e+02   1.9214400e+01   3.7844540e+00  -4.8264385e-02   0.0000000e+00  -5.2508488e-10
   5.5100000e+02   1.9184390e+01   3.7835030e+00  -4.8239618e-02   0.0000000e+00  -5.2311316e-10
   5.5200000e+02   1.9154490e+01   3.7825490e+00  -4.8214876e-02   0.0000000e+00  -5.2110704e-10
   5.5300000e+02   1.9124720e+01   3.7815940e+00  -4.8190113e-02   0.0000000e+00  -5.1906480e-10
   5.5400000e+02   1.9095060e+01   3.7806360e+00  -4.8165382e-02   0.0000000e+00  -5.1698689e-10
   5.5500000e+02   1.9065530e+01   3.7796760e+00  -4.8140657e-02   0.0000000e+00  -5.1487460e-10
   5.5600000e+02   1.9036120e+01   3.7787140e+00  -4.8115935e-02   0.0000000e+00  -5.1272832e-10
   5.5700000e+02   1.9006820e+01   3.7777490e+00  -4.8091239e-02   0.0000000e+00  -5.1054839e-10
   5.5800000e+02   1.8977640e+01   3.7767830e+00  -4.8066545e-02   0.0000000e+00  -5.0833417e-10
   5.5900000e+02   1.8948580e+01   3.7758150e+00  -4.8041861e-02   0.0000000e+00  -5.0608785e-10
   5.6000000e+02   1.8919640e+01   3.7748440e+00  -4.8017197e-02   0.0000000e+00  -5.0380729e-10
   5.6100000e+02   1.8890810e+01   3.7738720e+00  -4.7992534e-02   0.0000000e+00  -5.0149527e-10
   5.6200000e+02   1.8862100e+01   3.7728970e+00  -4.7967901e-02   0.0000000e+00  -4.9915069e-10
   5.6300000e+02   1.8833500e+01   3.7719210e+00  -4.7943275e-02   0.0000000e+00  -4.9677449e-10
   5.6400000e+02   1.8805020e+01   3.7709420e+00  -4.7918667e-02   0.0000000e+00  -4.9436645e-10
   5.6500000e+02   1.8776650e+01   3.7699610e+00  -4.7894078e-02   0.0000000e+00  -4.9192765e-10
   5.6600000e+02   1.8748390e+01   3.7689780e+00  -4.7869508e-02   0.0000000e+00  -4.8945863e-10
   5.6700000e+02   1.8720240e+01   3.7679930e+00  -4.7844963e-02   0.0000000e+00  -4.8695870e-10
   5.6800000e+02   1.8692210e+01   3.7670070e+00  -4.7820415e-02   0.0000000e+00  -4.8442906e-10
   5.6900000e+02   1.8664290e+01   3.7660180e+00  -4.7795908e-02   0.0000000e+00  -4.8187038e-10
   5.7000000e+02   1.8636470e+01   3.7650270e+00  -4.7771410e-02   0.0000000e+00  -4.7928203e-10
   5.7100000e+02   1.8608770e+01   3.7640340e+00  -4.7746937e-02   0.0000000e+00  -4.7666529e-10
   5.7200000e+02   1.8581180e+01   3.7630390e+00  -4.7722491e-02   0.0000000e+00  -4.7401962e-10
   5.7300000e+02   1.8553690e+01   3.7620420e+00  -4.7698071e-02   0.0000000e+00  -4.7134632e-10
   5.7400000e+02   1.8526320e+01   3.7610430e+00  -4.7673662e-02   0.0000000e+00  -4.6864492e-10
   5.7500000e+02   1.8499050e+01   3.7600420e+00  -4.7649283e-02   0.0000000e+00  -4.6591665e-10
   5.7600000e+02   1.8471890e+01   3.7590400e+00  -4.7624920e-02   0.0000000e+00  -4.6316085e-10
   5.7700000e+02   1.8444830e+01   3.7580350e+00  -4.7600595e-02   0.0000000e+00  -4.6037917e-10
   5.7800000e+02   1.8417880e+01   3.7570280e+00  -4.7576292e-02   0.0000000e+00  -4.5757186e-10
   5.7900000e+02   1.8391040e+01   3.7560190e+00  -4.7552021e-02   0.0000000e+00  -4.5473744e-10
   5.8000000e+02   1.8364300e+01   3.7550090e+00  -4.7527763e-02   0.0000000e+00  -4.5187800e-10
   5.8100000e+02   1.8337660e+01   3.7539960e+00  -4.7503547e-02   0.0000000e+00  -4.4899423e-10
   5.8200000e+02   1.8311130e+01   3.7529820e+00  -4.7479342e-02   0.0000000e+00  -4.4608534e-10
   5.8300000e+02   1.8284700e+01   3.7519650e+00  -4.7455180e-02   0.0000000e+00  -4.4315197e-10
   5.8400000e+02   1.8258370e+01   3.7509470e+00  -4.7431044e-02   0.0000000e+00  -4.4019527e-10
   5.8500000e+02   1.8232150e+01   3.7499270e+00  -4.7406939e-02   0.0000000e+00  -4.3721376e-10
   5.8600000e+02   1.8206020e+01   3.7489050e+00  -4.7382862e-02   0.0000000e+00  -4.3420972e-10
   5.8700000e+02   1.8180000e+01   3.7478810e+00  -4.7358813e-02   0.0000000e+00  -4.3118376e-10
   5.8800000e+02   1.8154080e+01   3.7468550e+00  -4.7334804e-02   0.0000000e+00  -4.2813414e-10
   5.8900000e+02   1.8128250e+01   3.7458270e+00  -4.7310832e-02   0.0000000e+00  -4.2506329e-10
   5.9000000e+02   1.8102530e+01   3.7447970e+00  -4.7286881e-02   0.0000000e+00  -4.2197064e-10
   5.9100000e+02   1.8076900e+01   3.7437660e+00  -4.7262957e-02   0.0000000e+00  -4.1885646e-10
   5.9200000e+02   1.8051380e+01   3.7427330e+00  -4.7239079e-02   0.0000000e+00  -4.1572119e-10
   5.9300000e+02   1.8025950e+01   3.7416970e+00  -4.7215228e-02   0.0000000e+00  -4.1256651e-10
   5.9400000e+02   1.8000610e+01   3.7406600e+00  -4.7191421e-02   0.0000000e+00  -4.0939045e-10
   5.9500000e+02   1.7975380e+01   3.7396220e+00  -4.7167642e-02   0.0000000e+00  -4.0619447e-10
   5.9600000e+02   1.7950240e+01   3.7385810e+00  -4.7143891e-02   0.0000000e+00  -4.0298019e-10
   5.9700000e+02   1.7925190e+01   3.7375390e+00  -4.7120185e-02   0.0000000e+00  -3.9974576e-10
   5.9800000e+02   1.7900250e+01   3.7364940e+00  -4.7096520e-02   0.0000000e+00  -3.9649288e-10
   5.9900000e+02   1.7875390e+01   3.7354480e+00  -4.7072895e-02   0.0000000e+00  -3.9322162e-10
   6.0000000e+02   1.7850630e+01   3.7344010e+00  -4.7049281e-02   0.0000000e+00  -3.8993250e-10
   6.0100000e+02   1.7825960e+01   3.7333510e+00  -4.7025728e-02   0.0000000e+00  -3.8662611e-10
   6.0200000e+02   1.7801390e+01   3.7323000e+00  -4.7002205e-02   0.0000000e+00  -3.8330250e-10
   6.0300000e+02   1.7776910e+01   3.7312470e+00  -4.6978720e-02   0.0000000e+00  -3.7996136e-10
   6.0400000e+02   1.7752520e+01   3.7301920e+00  -4.6955274e-02   0.0000000e+00  -3.7660445e-10
   6.0500000e+02   1.7728220e+01   3.7291350e+00  -4.6931866e-02   0.0000000e+00  -3.7323120e-10
   6.0600000e+02   1.7704020e+01   3.7280770e+00  -4.6908505e-02   0.0000000e+00  -3.6984196e-10
   6.0700000e+02   1.7679900e+01   3.7270170e+00  -4.6885179e-02   0.0000000e+00  -3.6643734e-10
   6.0800000e+02   1.7655870e+01   3.7259550e+00  -4.6861900e-02   0.0000000e+00  -3.6301770e-10
   6.0900000e+02   1.7631940e+01   3.7248920e+00  -4.6838645e-02   0.0000000e+00  -3.5958326e-10
   6.1000000e+02   1.7608090e+01   3.7238270e+00  -4.6815445e-02   0.0000000e+00  -3.5613452e-10
   6.1100000e+02   1.7584340e+01   3.7227600e+00  -4.6792277e-02   0.0000000e+00  -3.5267181e-10
   6.1200000e+02   1.7560670e+01   3.7216920e+00  -4.6769149e-02   0.0000000e+00  -3.4919538e-10
   6.1300000e+02   1.7537080e+01   3.7206220e+00  -4.6746071e-02   0.0000000e+00  -3.4570568e-10
   6.1400000e+02   1.7513590e+01   3.7195500e+00  -4.6723033e-02   0.0000000e+00  -3.4220319e-10
   6.1500000e+02   1.7490180e+01   3.7184760e+00  -4.6700049e-02   0.0000000e+00  -3.3868794e-10
   6.1600000e+02   1.7466860e+01   3.7174010e+00  -4.6677102e-02   0.0000000e+00  -3.3516054e-10
   6.1700000e+02   1.7443630e+01   3.7163250e+00  -4.6654175e-02   0.0000000e+00  -3.3162119e-10
   6.1800000e+02   1.7420480e+01   3.7152470e+00  -4.6631303e-02   0.0000000e+00  -3.2807026e-10
   6.1900000e+02   1.7397420e+01   3.7141670e+00  -4.6608486e-02   0.0000000e+00  -3.2450823e-10
   6.2000000e+02   1.7374440e+01   3.7130850e+00  -4.6585719e-02   0.0000000e+00  -3.2093526e-10
   6.2100000e+02   1.7351540e+01   3.7120020e+00  -4.6562977e-02   0.0000000e+00  -3.1735188e-10
   6.2200000e+02   1.7328730e+01   3.7109170e+00  -4.6540297e-02   0.0000000e+00  -3.1375828e-10
   6.2300000e+02   1.7306010e+01   3.7098310e+00  -4.6517651e-02   0.0000000e+00  -3.1015474e-10
   6.2400000e+02   1.7283360e+01   3.7087440e+00  -4.6495042e-02   0.0000000e+00  -3.0654163e-10
   6.2500000e+02   1.7260800e+01   3.7076540e+00  -4.6472486e-02   0.0000000e+00  -3.0291962e-10
   6.2600000e+02   1.7238320e+01   3.7065630e+00  -4.6449983e-02   0.0000000e+00  -2.9928857e-10
   6.2700000e+02   1.7215920e+01   3.7054710e+00  -4.6427518e-02   0.0000000e+00  -2.9564910e-10
   6.2800000e+02   1.7193610e+01   3.7043770e+00  -4.6405092e-02   0.0000000e+00  -2.9200138e-10
   6.2900000e+02   1.7171370e+01   3.7032820e+00  -4.6382717e-02   0.0000000e+00  -2.8834576e-10
   6.3000000e+02   1.7149220e+01   3.7021850e+00  -4.6360396e-02   0.0000000e+00  -2.8468266e-10
   6.3100000e+02   1.7127140e+01   3.7010860e+00  -4.6338120e-02   0.0000000e+00  -2.8101242e-10
   6.3200000e+02   1.7105150e+01   3.6999870e+00  -4.6315878e-02   0.0000000e+00  -2.7733517e-10
   6.3300000e+02   1.7083230e+01   3.6988850e+00  -4.6293699e-02   0.0000000e+00  -2.7365164e-10
   6.3400000e+02   1.7061390e+01   3.6977830e+00  -4.6271546e-02   0.0000000e+00  -2.6996162e-10
   6.3500000e+02   1.7039630e+01   3.6966780e+00  -4.6249459e-02   0.0000000e+00  -2.6626579e-10
   6.3600000e+02   1.7017950e+01   3.6955730e+00  -4.6227406e-02   0.0000000e+00  -2.6256422e-10
   6.3700000e+02   1.6996350e+01   3.6944660e+00  -4.6205405e-02   0.0000000e+00  -2.5885738e-10
   6.3800000e+02   1.6974820e+01   3.6933570e+00  -4.6183465e-02   0.0000000e+00  -2.5514573e-10
   6.3900000e+02   1.6953370e+01   3.6922470e+00  -4.6161557e-02   0.0000000e+00  -2.5142936e-10
   6.4000000e+02   1.6932000e+01   3.6911360e+00  -4.6139699e-02   0.0000000e+00  -2.4770840e-10
   6.4100000e+02   1.6910710e+01   3.6900230e+00  -4.6117892e-02   0.0000000e+00  -2.4398369e-10
   6.4200000e+02   1.6889480e+01   3.6889090e+00  -4.6096134e-02   0.0000000e+00  -2.4025487e-10
   6.4300000e+02   1.6868340e+01   3.6877940e+00  -4.6074419e-02   0.0000000e+00  -2.3652276e-10
   6.4400000e+02   1.6847270e+01   3.6866770e+00  -4.6052759e-02   0.0000000e+00  -2.3278752e-10
   6.4500000e+02   1.6826270e+01   3.6855590e+00  -4.6031135e-02   0.0000000e+00  -2.2904929e-10
   6.4600000e+02   1.6805350e+01   3.6844390e+00  -4.6009578e-02   0.0000000e+00  -2.2530860e-10
   6.4700000e+02   1.6784500e+01   3.6833180e+00  -4.5988061e-02   0.0000000e+00  -2.2156557e-10
   6.4800000e+02   1.6763730e+01   3.6821960e+00  -4.5966592e-02   0.0000000e+00  -2.1782065e-10
   6.4900000e+02   1.6743020e+01   3.6810730e+00  -4.5945168e-02   0.0000000e+00  -2.1407384e-10
   6.5000000e+02   1.6722400e+01   3.6799480e+00  -4.5923798e-02   0.0000000e+00  -2.1032576e-10
   6.5100000e+02   1.6701840e+01   3.6788220e+00  -4.5902475e-02   0.0000000e+00  -2.0657644e-10
   6.5200000e+02   1.6681350e+01   3.6776950e+00  -4.5881197e-02   0.0000000e+00  -2.0282627e-10
   6.5300000e+02   1.6660940e+01   3.6765660e+00  -4.5859981e-02   0.0000000e+00  -1.9907562e-10
   6.5400000e+02   1.6640600e+01   3.6754360e+00  -4.5838807e-02   0.0000000e+00  -1.9532452e-10
   6.5500000e+02   1.6620330e+01   3.6743050e+00  -4.5817680e-02   0.0000000e+00  -1.9157349e-10
   6.5600000e+02   1.6600120e+01   3.6731730e+00  -4.5796596e-02   0.0000000e+00  -1.8782262e-10
   6.5700000e+02   1.6579990e+01   3.6720400e+00  -4.5775564e-02   0.0000000e+00  -1.8407233e-10
   6.5800000e+02   1.6559930e+01   3.6709050e+00  -4.5754588e-02   0.0000000e+00  -1.8032282e-10
   6.5900000e+02   1.6539940e+01   3.6697690e+00  -4.5733660e-02   0.0000000e+00  -1.7657428e-10
   6.6000000e+02   1.6520020e+01   3.6686320e+00  -4.5712776e-02   0.0000000e+00  -1.7282712e-10
   6.6100000e+02   1.6500160e+01   3.6674940e+00  -4.5691943e-02   0.0000000e+00  -1.6908146e-10
   6.6200000e+02   1.6480380e+01   3.6663540e+00  -4.5671166e-02   0.0000000e+00  -1.6533765e-10
   6.6300000e+02   1.6460660e+01   3.6652140e+00  -4.5650427e-02   0.0000000e+00  -1.6159591e-10
   6.6400000e+02   1.6441010e+01   3.6640720e+00  -4.5629747e-02   0.0000000e+00  -1.5785654e-10
   6.6500000e+02   1.6421430e+01   3.6629290e+00  -4.5609116e-02   0.0000000e+00  -1.5411982e-10
   6.6600000e+02   1.6401910e+01   3.6617850e+00  -4.5588533e-02   0.0000000e+00  -1.5038573e-10
   6.6700000e+02   1.6382460e+01   3.6606400e+00  -4.5567995e-02   0.0000000e+00  -1.4665485e-10
   6.6800000e+02   1.6363080e+01   3.6594940e+00  -4.5547505e-02   0.0000000e+00  -1.4292736e-10
   6.6900000e+02   1.6343760e+01   3.6583470e+00  -4.5527070e-02   0.0000000e+00  -1.3920325e-10
   6.7000000e+02   1.6324510e+01   3.6571980e+00  -4.5506692e-02   0.0000000e+00  -1.3548306e-10
   6.7100000e+02   1.6305330e+01   3.6560490e+00  -4.5486344e-02   0.0000000e+00  -1.3176683e-10
   6.7200000e+02   1.6286200e+01   3.6548980e+00  -4.5466064e-02   0.0000000e+00  -1.2805499e-10
   6.7300000e+02   1.6267150e+01   3.6537470e+00  -4.5445815e-02   0.0000000e+00  -1.2434753e-10
   6.7400000e+02   1.6248160e+01   3.6525940e+00  -4.5425632e-02   0.0000000e+00  -1.2064487e-10
   6.7500000e+02   1.6229230e+01   3.6514410e+00  -4.5405485e-02   0.0000000e+00  -1.1694710e-10
   6.7600000e+02   1.6210360e+01   3.6502860e+00  -4.5385395e-02   0.0000000e+00  -1.1325454e-10
   6.7700000e+02   1.6191560e+01   3.6491300e+00  -4.5365359e-02   0.0000000e+00  -1.0956740e-10
   6.7800000e+02   1.6172830e+01   3.6479740e+00  -4.5345354e-02   0.0000000e+00  -1.0588593e-10
   6.7900000e+02   1.6154150e+01   3.6468160e+00  -4.5325415e-02   0.0000000e+00  -1.0221022e-10
   6.8000000e+02   1.6135540e+01   3.6456570e+00  -4.5305526e-02   0.0000000e+00  -9.8540591e-11
   6.8100000e+02   1.6116990e+01   3.6444980e+00  -4.5285674e-02   0.0000000e+00  -9.4877264e-11
   6.8200000e+02   1.6098500e+01   3.6433370e+00  -4.5265879e-02   0.0000000e+00  -9.1220448e-11
   6.8300000e+02   1.6080070e+01   3.6421760e+00  -4.5246127e-02   0.0000000e+00  -8.7570185e-11
   6.8400000e+02   1.6061710e+01   3.6410140e+00  -4.5226422e-02   0.0000000e+00  -8.3926983e-11
   6.8500000e+02   1.6043400e+01   3.6398500e+00  -4.5206782e-02   0.0000000e+00  -8.0290749e-11
   6.8600000e+02   1.6025160e+01   3.6386860e+00  -4.5187172e-02   0.0000000e+00  -7.6661845e-11
   6.8700000e+02   1.6006980e+01   3.6375210e+00  -4.5167621e-02   0.0000000e+00  -7.3040408e-11
   6.8800000e+02   1.5988850e+01   3.6363550e+00  -4.5148111e-02   0.0000000e+00  -6.9426672e-11
   6.8900000e+02   1.5970790e+01   3.6351880e+00  -4.5128653e-02   0.0000000e+00  -6.5820787e-11
   6.9000000e+02   1.5952780e+01   3.6340200e+00  -4.5109254e-02   0.0000000e+00  -6.2222946e-11
   6.9100000e+02   1.5934840e+01   3.6328520e+00  -4.5089881e-02   0.0000000e+00  -5.8633481e-11
   6.9200000e+02   1.5916950e+01   3.6316820e+00  -4.5070575e-02   0.0000000e+00  -5.5052313e-11
   6.9300000e+02   1.5899120e+01   3.6305120e+00  -4.5051309e-02   0.0000000e+00  -5.1479808e-11
   6.9400000e+02   1.5881350e+01   3.6293410e+00  -4.5032091e-02   0.0000000e+00  -4.7916221e-11
   6.9500000e+02   1.5863640e+01   3.6281690e+00  -4.5012926e-02   0.0000000e+00  -4.4361495e-11
   6.9600000e+02   1.5845980e+01   3.6269960e+00  -4.4993806e-02   0.0000000e+00  -4.0815966e-11
   6.9700000e+02   1.5828390e+01   3.6258230e+00  -4.4974728e-02   0.0000000e+00  -3.7279804e-11
   6.9800000e+02   1.5810850e+01   3.6246490e+00  -4.4955695e-02   0.0000000e+00  -3.3753110e-11
   6.9900000e+02   1.5793360e+01   3.6234740e+00  -4.4936721e-02   0.0000000e+00  -3.0236127e-11
   7.0000000e+02   1.5775940e+01   3.6222980e+00  -4.4917790e-02   0.0000000e+00  -2.6728858e-11
   7.0100000e+02   1.5758570e+01   3.6211210e+00  -4.4898915e-02   0.0000000e+00  -2.3231716e-11
   7.0200000e+02   1.5741250e+01   3.6199440e+00  -4.4880067e-02   0.0000000e+00  -1.9744684e-11
   7.0300000e+02   1.5723990e+01   3.6187660e+00  -4.4861281e-02   0.0000000e+00  -1.6268073e-11
   7.0400000e+02   1.5706790e+01   3.6175870e+00  -4.4842542e-02   0.0000000e+00  -1.2801857e-11
   7.0500000e+02   1.5689640e+01   3.6164080e+00  -4.4823837e-02   0.0000000e+00  -9.3462618e-12
   7.0600000e+02   1.5672550e+01   3.6152280e+00  -4.4805183e-02   0.0000000e+00  -5.9015647e-12
   7.0700000e+02   1.5655510e+01   3.6140470e+00  -4.4786583e-02   0.0000000e+00  -2.4676783e-12
   7.0800000e+02   1.5638530e+01   3.6128650e+00  -4.4768031e-02   0.0000000e+00   9.5511707e-13
   7.0900000e+02   1.5621600e+01   3.6116830e+00  -4.4749515e-02   0.0000000e+00   4.3666976e-12
   7.1000000e+02   1.5604720e+01   3.6105000e+00  -4.4731059e-02   0.0000000e+00   7.7667669e-12
   7.1100000e+02   1.5587900e+01   3.6093170e+00  -4.4712629e-02   0.0000000e+00   1.1155433e-11
   7.1200000e+02   1.5571130e+01   3.6081330e+00  -4.4694258e-02   0.0000000e+00   1.4532465e-11
   7.1300000e+02   1.5554410e+01   3.6069480e+00  -4.4675932e-02   0.0000000e+00   1.7897617e-11
   7.1400000e+02   1.5537750e+01   3.6057630e+00  -4.4657647e-02   0.0000000e+00   2.1250874e-11
   7.1500000e+02   1.5521140e+01   3.6045770e+00  -4.4639413e-02   0.0000000e+00   2.4592071e-11
   7.1600000e+02   1.5504580e+01   3.6033900e+00  -4.4621229e-02   0.0000000e+00   2.7921173e-11
   7.1700000e+02   1.5488070e+01   3.6022030e+00  -4.4603081e-02   0.0000000e+00   3.1237877e-11
   7.1800000e+02   1.5471620e+01   3.6010150e+00  -4.4584983e-02   0.0000000e+00   3.4542110e-11
   7.1900000e+02   1.5455210e+01   3.5998270e+00  -4.4566927e-02   0.0000000e+00   3.7833928e-11
   7.2000000e+02   1.5438860e+01   3.5986380e+00  -4.4548917e-02   0.0000000e+00   4.1112936e-11
   7.2100000e+02   1.5422560e+01   3.5974490e+00  -4.4530943e-02   0.0000000e+00   4.4379225e-11
   7.2200000e+02   1.5406310e+01   3.5962590e+00  -4.4513025e-02   0.0000000e+00   4.7632620e-11
   7.2300000e+02   1.5390110e+01   3.5950690e+00  -4.4495143e-02   0.0000000e+00   5.0872888e-11
   7.2400000e+02   1.5373960e+01   3.5938780e+00  -4.4477308e-02   0.0000000e+00   5.4100149e-11
   7.2500000e+02   1.5357860e+01   3.5926870e+00  -4.4459518e-02   0.0000000e+00   5.7314034e-11
   7.2600000e+02   1.5341810e+01   3.5914950e+00  -4.4441769e-02   0.0000000e+00   6.0514679e-11
   7.2700000e+02   1.5325810e+01   3.5903020e+00  -4.4424079e-02   0.0000000e+00   6.3701741e-11
   7.2800000e+02   1.5309860e+01   3.5891100e+00  -4.4406410e-02   0.0000000e+00   6.6875278e-11
   7.2900000e+02   1.5293960e+01   3.5879160e+00  -4.4388800e-02   0.0000000e+00   7.0035185e-11
   7.3000000e+02   1.5278100e+01   3.5867230e+00  -4.4371222e-02   0.0000000e+00   7.3181185e-11
   7.3100000e+02   1.5262300e+01   3.5855290e+00  -4.4353688e-02   0.0000000e+00   7.6313487e-11
   7.3200000e+02   1.5246540e+01   3.5843340e+00  -4.4336208e-02   0.0000000e+00   7.9431888e-11
   7.3300000e+02   1.5230830e+01   3.5831390e+00  -4.4318770e-02   0.0000000e+00   8.2536100e-11
   7.3400000e+02   1.5215170e+01   3.5819440e+00  -4.4301361e-02   0.0000000e+00   8.5626280e-11
   7.3500000e+02   1.5199560e+01   3.5807480e+00  -4.4284001e-02   0.0000000e+00   8.8702184e-11
   7.3600000e+02   1.5184000e+01   3.5795520e+00  -4.4266684e-02   0.0000000e+00   9.1763780e-11
   7.3700000e+02   1.5168480e+01   3.5783550e+00  -4.4249417e-02   0.0000000e+00   9.4810913e-11
   7.3800000e+02   1.5153010e+01   3.5771580e+00  -4.4232180e-02   0.0000000e+00   9.7843559e-11
   7.3900000e+02   1.5137580e+01   3.5759610e+00  -4.4214990e-02   0.0000000e+00   1.0086179e-10
   7.4000000e+02   1.5122210e+01   3.5747630e+00  -4.4197843e-02   0.0000000e+00   1.0386523e-10
   7.4100000e+02   1.5106870e+01   3.5735650e+00  -4.4180738e-02   0.0000000e+00   1.0685401e-10
   7.4200000e+02   1.5091590e+01   3.5723670e+00  -4.4163669e-02   0.0000000e+00   1.0982797e-10
   7.4300000e+02   1.5076350e+01   3.5711680e+00  -4.4146647e-02   0.0000000e+00   1.1278714e-10
   7.4400000e+02   1.5061160e+01   3.5699690e+00  -4.4129662e-02   0.0000000e+00   1.1573128e-10
   7.4500000e+02   1.5046010e+01   3.5687700e+00  -4.4112715e-02   0.0000000e+00   1.1866045e-10
   7.4600000e+02   1.5030900e+01   3.5675700e+00  -4.4095818e-02   0.0000000e+00   1.2157456e-10
   7.4700000e+02   1.5015850e+01   3.5663710e+00  -4.4078950e-02   0.0000000e+00   1.2447344e-10
   7.4800000e+02   1.5000830e+01   3.5651700e+00  -4.4062140e-02   0.0000000e+00   1.2735732e-10
   7.4900000e+02   1.4985860e+01   3.5639700e+00  -4.4045349e-02   0.0000000e+00   1.3022571e-10
   7.5000000e+02   1.4970940e+01   3.5627700e+00  -4.4028602e-02   0.0000000e+00   1.3307890e-10
   7.5100000e+02   1.4956060e+01   3.5615690e+00  -4.4011899e-02   0.0000000e+00   1.3591664e-10
   7.5200000e+02   1.4941220e+01   3.5603680e+00  -4.3995237e-02   0.0000000e+00   1.3873900e-10
   7.5300000e+02   1.4926430e+01   3.5591660e+00  -4.3978622e-02   0.0000000e+00   1.4154579e-10
   7.5400000e+02   1.4911680e+01   3.5579650e+00  -4.3962026e-02   0.0000000e+00   1.4433723e-10
   7.5500000e+02   1.4896970e+01   3.5567630e+00  -4.3945486e-02   0.0000000e+00   1.4711284e-10
   7.5600000e+02   1.4882310e+01   3.5555610e+00  -4.3928982e-02   0.0000000e+00   1.4987295e-10
   7.5700000e+02   1.4867690e+01   3.5543590e+00  -4.3912511e-02   0.0000000e+00   1.5261720e-10
   7.5800000e+02   1.4853110e+01   3.5531570e+00  -4.3896084e-02   0.0000000e+00   1.5534588e-10
   7.5900000e+02   1.4838580e+01   3.5519540e+00  -4.3879695e-02   0.0000000e+00   1.5805875e-10
   7.6000000e+02   1.4824090e+01   3.5507520e+00  -4.3863337e-02   0.0000000e+00   1.6075567e-10
   7.6100000e+02   1.4809640e+01   3.5495490e+00  -4.3847025e-02   0.0000000e+00   1.6343687e-10
   7.6200000e+02   1.4795230e+01   3.5483460e+00  -4.3830747e-02   0.0000000e+00   1.6610203e-10
   7.6300000e+02   1.4780860e+01   3.5471430e+00  -4.3814507e-02   0.0000000e+00   1.6875129e-10
   7.6400000e+02   1.4766540e+01   3.5459400e+00  -4.3798308e-02   0.0000000e+00   1.7138461e-10
   7.6500000e+02   1.4752250e+01   3.5447360e+00  -4.3782155e-02   0.0000000e+00   1.7400187e-10
   7.6600000e+02   1.4738010e+01   3.5435330e+00  -4.3766021e-02   0.0000000e+00   1.7660303e-10
   7.6700000e+02   1.4723810e+01   3.5423290e+00  -4.3749935e-02   0.0000000e+00   1.7918814e-10
   7.6800000e+02   1.4709650e+01   3.5411260e+00  -4.3733878e-02   0.0000000e+00   1.8175720e-10
   7.6900000e+02   1.4695530e+01   3.5399220e+00  -4.3717864e-02   0.0000000e+00   1.8431003e-10
   7.7000000e+02   1.4681450e+01   3.5387180e+00  -4.3701890e-02   0.0000000e+00   1.8684673e-10
   7.7100000e+02   1.4667410e+01   3.5375140e+00  -4.3685953e-02   0.0000000e+00   1.8936722e-10
   7.7200000e+02   1.4653410e+01   3.5363110e+00  -4.3670033e-02   0.0000000e+00   1.9187152e-10
   7.7300000e+02   1.4639450e+01   3.5351070e+00  -4.3654158e-02   0.0000000e+00   1.9435957e-10
   7.7400000e+02   1.4625520e+01   3.5339030e+00  -4.3638324e-02   0.0000000e+00   1.9683137e-10
   7.7500000e+02   1.4611640e+01   3.5326990e+00  -4.3622527e-02   0.0000000e+00   1.9928686e-10
   7.7600000e+02   1.4597800e+01   3.5314950e+00  -4.3606766e-02   0.0000000e+00   2.0172619e-10
   7.7700000e+02   1.4584000e+01   3.5302910e+00  -4.3591033e-02   0.0000000e+00   2.0414903e-10
   7.7800000e+02   1.4570230e+01   3.5290870e+00  -4.3575343e-02   0.0000000e+00   2.0655553e-10
   7.7900000e+02   1.4556510e+01   3.5278830e+00  -4.3559686e-02   0.0000000e+00   2.0894575e-10
   7.8000000e+02   1.4542820e+01   3.5266790e+00  -4.3544063e-02   0.0000000e+00   2.1131965e-10
   7.8100000e+02   1.4529170e+01   3.5254750e+00  -4.3528474e-02   0.0000000e+00   2.1367709e-10
   7.8200000e+02   1.4515560e+01   3.5242710e+00  -4.3512922e-02   0.0000000e+00   2.1601817e-10
   7.8300000e+02   1.4501990e+01   3.5230670e+00  -4.3497403e-02   0.0000000e+00   2.1834291e-10
   7.8400000e+02   1.4488450e+01   3.5218630e+00  -4.3481920e-02   0.0000000e+00   2.2065122e-10
   7.8500000e+02   1.4474960e+01   3.5206590e+00  -4.3466467e-02   0.0000000e+00   2.2294324e-10
   7.8600000e+02   1.4461500e+01   3.5194550e+00  -4.3451052e-02   0.0000000e+00   2.2521869e-10
   7.8700000e+02   1.4448080e+01   3.5182520e+00  -4.3435663e-02   0.0000000e+00   2.2747789e-10
   7.8800000e+02   1.4434690e+01   3.5170480e+00  -4.3420313e-02   0.0000000e+00   2.2972047e-10
   7.8900000e+02   1.4421340e+01   3.5158450e+00  -4.3404989e-02   0.0000000e+00   2.3194668e-10
   7.9000000e+02   1.4408030e+01   3.5146410e+00  -4.3389714e-02   0.0000000e+00   2.3415668e-10
   7.9100000e+02   1.4394760e+01   3.5134380e+00  -4.3374460e-02   0.0000000e+00   2.3635011e-10
   7.9200000e+02   1.4381520e+01   3.5122350e+00  -4.3359237e-02   0.0000000e+00   2.3852715e-10
   7.9300000e+02   1.4368310e+01   3.5110310e+00  -4.3344065e-02   0.0000000e+00   2.4068780e-10
   7.9400000e+02   1.4355150e+01   3.5098280e+00  -4.3328916e-02   0.0000000e+00   2.4283206e-10
   7.9500000e+02   1.4342020e+01   3.5086260e+00  -4.3313783e-02   0.0000000e+00   2.4495991e-10
   7.9600000e+02   1.4328920e+01   3.5074230e+00  -4.3298698e-02   0.0000000e+00   2.4707129e-10
   7.9700000e+02   1.4315860e+01   3.5062200e+00  -4.3283649e-02   0.0000000e+00   2.4916640e-10
   7.9800000e+02   1.4302840e+01   3.5050180e+00  -4.3268615e-02   0.0000000e+00   2.5124511e-10
   7.9900000e+02   1.4289850e+01   3.5038160e+00  -4.3253618e-02   0.0000000e+00   2.5330734e-10
   8.0000000e+02   1.4276900e+01   3.5026140e+00  -4.3238662e-02   0.0000000e+00   2.5535333e-10
   8.0100000e+02   1.4263980e+01   3.5014120e+00  -4.3223728e-02   0.0000000e+00   2.5738308e-10
   8.0200000e+02   1.4251100e+01   3.5002100e+00  -4.3208834e-02   0.0000000e+00   2.5939637e-10
   8.0300000e+02   1.4238250e+01   3.4990080e+00  -4.3193976e-02   0.0000000e+00   2.6139341e-10
   8.0400000e+02   1.4225440e+01   3.4978070e+00  -4.3179132e-02   0.0000000e+00   2.6337410e-10
   8.0500000e+02   1.4212660e+01   3.4966060e+00  -4.3164329e-02   0.0000000e+00   2.6533859e-10
   8.0600000e+02   1.4199910e+01   3.4954050e+00  -4.3149556e-02   0.0000000e+00   2.6728673e-10
   8.0700000e+02   1.4187200e+01   3.4942040e+00  -4.3134814e-02   0.0000000e+00   2.6921874e-10
   8.0800000e+02   1.4174520e+01   3.4930040e+00  -4.3120094e-02   0.0000000e+00   2.7113443e-10
   8.0900000e+02   1.4161880e+01   3.4918040e+00  -4.3105408e-02   0.0000000e+00   2.7303391e-10
   8.1000000e+02   1.4149270e+01   3.4906040e+00  -4.3090747e-02   0.0000000e+00   2.7491733e-10
   8.1100000e+02   1.4136690e+01   3.4894040e+00  -4.3076129e-02   0.0000000e+00   2.7678455e-10
   8.1200000e+02   1.4124150e+01   3.4882040e+00  -4.3061536e-02   0.0000000e+00   2.7863555e-10
   8.1300000e+02   1.4111630e+01   3.4870050e+00  -4.3046976e-02   0.0000000e+00   2.8047045e-10
   8.1400000e+02   1.4099160e+01   3.4858060e+00  -4.3032435e-02   0.0000000e+00   2.8228941e-10
   8.1500000e+02   1.4086710e+01   3.4846080e+00  -4.3017925e-02   0.0000000e+00   2.8409202e-10
   8.1600000e+02   1.4074300e+01   3.4834090e+00  -4.3003454e-02   0.0000000e+00   2.8587891e-10
   8.1700000e+02   1.4061920e+01   3.4822110e+00  -4.2988999e-02   0.0000000e+00   2.8764957e-10
   8.1800000e+02   1.4049570e+01   3.4810130e+00  -4.2974582e-02   0.0000000e+00   2.8940436e-10
   8.1900000e+02   1.4037260e+01   3.4798160e+00  -4.2960182e-02   0.0000000e+00   2.9114315e-10
   8.2000000e+02   1.4024970e+01   3.4786190e+00  -4.2945820e-02   0.0000000e+00   2.9286608e-10
   8.2100000e+02   1.4012720e+01   3.4774220e+00  -4.2931485e-02   0.0000000e+00   2.9457306e-10
   8.2200000e+02   1.4000500e+01   3.4762250e+00  -4.2917186e-02   0.0000000e+00   2.9626433e-10
   8.2300000e+02   1.3988320e+01   3.4750290e+00  -4.2902905e-02   0.0000000e+00   2.9793961e-10
   8.2400000e+02   1.3976160e+01   3.4738330e+00  -4.2888652e-02   0.0000000e+00   2.9959907e-10
   8.2500000e+02   1.3964040e+01   3.4726370e+00  -4.2874438e-02   0.0000000e+00   3.0124293e-10
   8.2600000e+02   1.3951940e+01   3.4714420e+00  -4.2860241e-02   0.0000000e+00   3.0287098e-10
   8.2700000e+02   1.3939880e+01   3.4702470e+00  -4.2846078e-02   0.0000000e+00   3.0448341e-10
   8.2800000e+02   1.3927850e+01   3.4690530e+00  -4.2831922e-02   0.0000000e+00   3.0608007e-10
   8.2900000e+02   1.3915850e+01   3.4678590e+00  -4.2817806e-02   0.0000000e+00   3.0766117e-10
   8.3000000e+02   1.3903880e+01   3.4666650e+00  -4.2803728e-02   0.0000000e+00   3.0922671e-10
   8.3100000e+02   1.3891940e+01   3.4654720e+00  -4.2789657e-02   0.0000000e+00   3.1077654e-10
   8.3200000e+02   1.3880030e+01   3.4642790e+00  -4.2775632e-02   0.0000000e+00   3.1231102e-10
   8.3300000e+02   1.3868150e+01   3.4630860e+00  -4.2761624e-02   0.0000000e+00   3.1383003e-10
   8.3400000e+02   1.3856300e+01   3.4618940e+00  -4.2747641e-02   0.0000000e+00   3.1533363e-10
   8.3500000e+02   1.3844490e+01   3.4607020e+00  -4.2733693e-02   0.0000000e+00   3.1682188e-10
   8.3600000e+02   1.3832700e+01   3.4595100e+00  -4.2719771e-02   0.0000000e+00   3.1829472e-10
   8.3700000e+02   1.3820940e+01   3.4583190e+00  -4.2705864e-02   0.0000000e+00   3.1975215e-10
   8.3800000e+02   1.3809210e+01   3.4571290e+00  -4.2691985e-02   0.0000000e+00   3.2119439e-10
   8.3900000e+02   1.3797510e+01   3.4559390e+00  -4.2678133e-02   0.0000000e+00   3.2262142e-10
   8.4000000e+02   1.3785840e+01   3.4547490e+00  -4.2664304e-02   0.0000000e+00   3.2403344e-10
   8.4100000e+02   1.3774200e+01   3.4535600e+00  -4.2650507e-02   0.0000000e+00   3.2543001e-10
   8.4200000e+02   1.3762590e+01   3.4523710e+00  -4.2636737e-02   0.0000000e+00   3.2681175e-10
   8.4300000e+02   1.3751010e+01   3.4511830e+00  -4.2622974e-02   0.0000000e+00   3.2817819e-10
   8.4400000e+02   1.3739450e+01   3.4499950e+00  -4.2609257e-02   0.0000000e+00   3.2952988e-10
   8.4500000e+02   1.3727930e+01   3.4488070e+00  -4.2595561e-02   0.0000000e+00   3.3086666e-10
   8.4600000e+02   1.3716430e+01   3.4476200e+00  -4.2581890e-02   0.0000000e+00   3.3218836e-10
   8.4700000e+02   1.3704960e+01   3.4464340e+00  -4.2568227e-02   0.0000000e+00   3.3349519e-10
   8.4800000e+02   1.3693520e+01   3.4452470e+00  -4.2554614e-02   0.0000000e+00   3.3478742e-10
   8.4900000e+02   1.3682110e+01   3.4440620e+00  -4.2541011e-02   0.0000000e+00   3.3606456e-10
   8.5000000e+02   1.3670730e+01   3.4428770e+00  -4.2527430e-02   0.0000000e+00   3.3732731e-10
   8.5100000e+02   1.3659370e+01   3.4416920e+00  -4.2513882e-02   0.0000000e+00   3.3857516e-10
   8.5200000e+02   1.3648050e+01   3.4405080e+00  -4.2500345e-02   0.0000000e+00   3.3980851e-10
   8.5300000e+02   1.3636750e+01   3.4393240e+00  -4.2486840e-02   0.0000000e+00   3.4102726e-10
   8.5400000e+02   1.3625480e+01   3.4381410e+00  -4.2473359e-02   0.0000000e+00   3.4223148e-10
   8.5500000e+02   1.3614230e+01   3.4369590e+00  -4.2459896e-02   0.0000000e+00   3.4342128e-10
   8.5600000e+02   1.3603020e+01   3.4357770e+00  -4.2446457e-02   0.0000000e+00   3.4459647e-10
   8.5700000e+02   1.3591830e+01   3.4345950e+00  -4.2433053e-02   0.0000000e+00   3.4575751e-10
   8.5800000e+02   1.3580660e+01   3.4334140e+00  -4.2419668e-02   0.0000000e+00   3.4690415e-10
   8.5900000e+02   1.3569530e+01   3.4322330e+00  -4.2406302e-02   0.0000000e+00   3.4803659e-10
   8.6000000e+02   1.3558420e+01   3.4310530e+00  -4.2392965e-02   0.0000000e+00   3.4915481e-10
   8.6100000e+02   1.3547340e+01   3.4298740e+00  -4.2379633e-02   0.0000000e+00   3.5025873e-10
   8.6200000e+02   1.3536290e+01   3.4286950e+00  -4.2366339e-02   0.0000000e+00   3.5134875e-10
   8.6300000e+02   1.3525260e+01   3.4275170e+00  -4.2353053e-02   0.0000000e+00   3.5242454e-10
   8.6400000e+02   1.3514260e+01   3.4263390e+00  -4.2339805e-02   0.0000000e+00   3.5348640e-10
   8.6500000e+02   1.3503280e+01   3.4251620e+00  -4.2326573e-02   0.0000000e+00   3.5453417e-10
   8.6600000e+02   1.3492330e+01   3.4239850e+00  -4.2313364e-02   0.0000000e+00   3.5556841e-10
   8.6700000e+02   1.3481410e+01   3.4228090e+00  -4.2300183e-02   0.0000000e+00   3.5658850e-10
   8.6800000e+02   1.3470510e+01   3.4216330e+00  -4.2287022e-02   0.0000000e+00   3.5759497e-10
   8.6900000e+02   1.3459640e+01   3.4204580e+00  -4.2273872e-02   0.0000000e+00   3.5858768e-10
   8.7000000e+02   1.3448800e+01   3.4192840e+00  -4.2260753e-02   0.0000000e+00   3.5956653e-10
   8.7100000e+02   1.3437980e+01   3.4181100e+00  -4.2247646e-02   0.0000000e+00   3.6053213e-10
   8.7200000e+02   1.3427190e+01   3.4169370e+00  -4.2234571e-02   0.0000000e+00   3.6148380e-10
   8.7300000e+02   1.3416420e+01   3.4157640e+00  -4.2221513e-02   0.0000000e+00   3.6242220e-10
   8.7400000e+02   1.3405680e+01   3.4145920e+00  -4.2208477e-02   0.0000000e+00   3.6334706e-10
   8.7500000e+02   1.3394960e+01   3.4134210e+00  -4.2195453e-02   0.0000000e+00   3.6425859e-10
   8.7600000e+02   1.3384270e+01   3.4122500e+00  -4.2182462e-02   0.0000000e+00   3.6515677e-10
   8.7700000e+02   1.3373600e+01   3.4110800e+00  -4.2169484e-02   0.0000000e+00   3.6604168e-10
   8.7800000e+02   1.3362960e+01   3.4099100e+00  -4.2156531e-02   0.0000000e+00   3.6691325e-10
   8.7900000e+02   1.3352350e+01   3.4087410e+00  -4.2143595e-02   0.0000000e+00   3.6777177e-10
   8.8000000e+02   1.3341750e+01   3.4075730e+00  -4.2130683e-02   0.0000000e+00   3.6861711e-10
   8.8100000e+02   1.3331190e+01   3.4064050e+00  -4.2117791e-02   0.0000000e+00   3.6944944e-10
   8.8200000e+02   1.3320640e+01   3.4052380e+00  -4.2104913e-02   0.0000000e+00   3.7026892e-10
   8.8300000e+02   1.3310130e+01   3.4040720e+00  -4.2092046e-02   0.0000000e+00   3.7107522e-10
   8.8400000e+02   1.3299630e+01   3.4029060e+00  -4.2079223e-02   0.0000000e+00   3.7186878e-10
   8.8500000e+02   1.3289160e+01   3.4017410e+00  -4.2066404e-02   0.0000000e+00   3.7264961e-10
   8.8600000e+02   1.3278720e+01   3.4005760e+00  -4.2053618e-02   0.0000000e+00   3.7341760e-10
   8.8700000e+02   1.3268300e+01   3.3994120e+00  -4.2040844e-02   0.0000000e+00   3.7417300e-10
   8.8800000e+02   1.3257900e+01   3.3982490e+00  -4.2028083e-02   0.0000000e+00   3.7491550e-10
   8.8900000e+02   1.3247530e+01   3.3970870e+00  -4.2015335e-02   0.0000000e+00   3.7564563e-10
   8.9000000e+02   1.3237180e+01   3.3959250e+00  -4.2002615e-02   0.0000000e+00   3.7636321e-10
   8.9100000e+02   1.3226860e+01   3.3947640e+00  -4.1989910e-02   0.0000000e+00   3.7706831e-10
   8.9200000e+02   1.3216550e+01   3.3936030e+00  -4.1977242e-02   0.0000000e+00   3.7776107e-10
   8.9300000e+02   1.3206280e+01   3.3924430e+00  -4.1964574e-02   0.0000000e+00   3.7844148e-10
   8.9400000e+02   1.3196020e+01   3.3912840e+00  -4.1951926e-02   0.0000000e+00   3.7910953e-10
   8.9500000e+02   1.3185790e+01   3.3901250e+00  -4.1939315e-02   0.0000000e+00   3.7976542e-10
   8.9600000e+02   1.3175580e+01   3.3889670e+00  -4.1926704e-02   0.0000000e+00   3.8040919e-10
   8.9700000e+02   1.3165400e+01   3.3878100e+00  -4.1914113e-02   0.0000000e+00   3.8104090e-10
   8.9800000e+02   1.3155230e+01   3.3866540e+00  -4.1901538e-02   0.0000000e+00   3.8166033e-10
   8.9900000e+02   1.3145100e+01   3.3854980e+00  -4.1888981e-02   0.0000000e+00   3.8226796e-10
   9.0000000e+02   1.3134980e+01   3.3843430e+00  -4.1876446e-02   0.0000000e+00   3.8286368e-10
   9.0100000e+02   1.3124890e+01   3.3831880e+00  -4.1863932e-02   0.0000000e+00   3.8344768e-10
   9.0200000e+02   1.3114820e+01   3.3820350e+00  -4.1851435e-02   0.0000000e+00   3.8401959e-10
   9.0300000e+02   1.3104770e+01   3.3808820e+00  -4.1838945e-02   0.0000000e+00   3.8457999e-10
   9.0400000e+02   1.3094740e+01   3.3797290e+00  -4.1826487e-02   0.0000000e+00   3.8512851e-10
   9.0500000e+02   1.3084740e+01   3.3785780e+00  -4.1814035e-02   0.0000000e+00   3.8566571e-10
   9.0600000e+02   1.3074760e+01   3.3774270e+00  -4.1801604e-02   0.0000000e+00   3.8619099e-10
   9.0700000e+02   1.3064800e+01   3.3762770e+00  -4.1789188e-02   0.0000000e+00   3.8670520e-10
   9.0800000e+02   1.3054870e+01   3.3751270e+00  -4.1776793e-02   0.0000000e+00   3.8720767e-10
   9.0900000e+02   1.3044950e+01   3.3739790e+00  -4.1764411e-02   0.0000000e+00   3.8769872e-10
   9.1000000e+02   1.3035060e+01   3.3728310e+00  -4.1752043e-02   0.0000000e+00   3.8817875e-10
   9.1100000e+02   1.3025190e+01   3.3716830e+00  -4.1739702e-02   0.0000000e+00   3.8864742e-10
   9.1200000e+02   1.3015340e+01   3.3705370e+00  -4.1727364e-02   0.0000000e+00   3.8910485e-10
   9.1300000e+02   1.3005510e+01   3.3693910e+00  -4.1715044e-02   0.0000000e+00   3.8955112e-10
   9.1400000e+02   1.2995710e+01   3.3682460e+00  -4.1702753e-02   0.0000000e+00   3.8998642e-10
   9.1500000e+02   1.2985930e+01   3.3671020e+00  -4.1690462e-02   0.0000000e+00   3.9041064e-10
   9.1600000e+02   1.2976160e+01   3.3659580e+00  -4.1678204e-02   0.0000000e+00   3.9082394e-10
   9.1700000e+02   1.2966420e+01   3.3648150e+00  -4.1665950e-02   0.0000000e+00   3.9122640e-10
   9.1800000e+02   1.2956700e+01   3.3636730e+00  -4.1653712e-02   0.0000000e+00   3.9161797e-10
   9.1900000e+02   1.2947010e+01   3.3625320e+00  -4.1641492e-02   0.0000000e+00   3.9199878e-10
   9.2000000e+02   1.2937330e+01   3.3613910e+00  -4.1629289e-02   0.0000000e+00   3.9236900e-10
   9.2100000e+02   1.2927670e+01   3.3602510e+00  -4.1617096e-02   0.0000000e+00   3.9272850e-10
   9.2200000e+02   1.2918040e+01   3.3591120e+00  -4.1604924e-02   0.0000000e+00   3.9307744e-10
   9.2300000e+02   1.2908430e+01   3.3579740e+00  -4.1592762e-02   0.0000000e+00   3.9341583e-10
   9.2400000e+02   1.2898830e+01   3.3568360e+00  -4.1580621e-02   0.0000000e+00   3.9374391e-10
   9.2500000e+02   1.2889260e+01   3.3556990e+00  -4.1568502e-02   0.0000000e+00   3.9406160e-10
   9.2600000e+02   1.2879710e+01   3.3545630e+00  -4.1556385e-02   0.0000000e+00   3.9436872e-10
   9.2700000e+02   1.2870180e+01   3.3534280e+00  -4.1544276e-02   0.0000000e+00   3.9466573e-10
   9.2800000e+02   1.2860670e+01   3.3522940e+00  -4.1532184e-02   0.0000000e+00   3.9495233e-10
   9.2900000e+02   1.2851180e+01   3.3511600e+00  -4.1520109e-02   0.0000000e+00   3.9522893e-10
   9.3000000e+02   1.2841710e+01   3.3500270e+00  -4.1508051e-02   0.0000000e+00   3.9549557e-10
   9.3100000e+02   1.2832260e+01   3.3488950e+00  -4.1496014e-02   0.0000000e+00   3.9575193e-10
   9.3200000e+02   1.2822830e+01   3.3477630e+00  -4.1483989e-02   0.0000000e+00   3.9599861e-10
   9.3300000e+02   1.2813420e+01   3.3466330e+00  -4.1471963e-02   0.0000000e+00   3.9623501e-10
   9.3400000e+02   1.2804030e+01   3.3455030e+00  -4.1459965e-02   0.0000000e+00   3.9646197e-10
   9.3500000e+02   1.2794660e+01   3.3443740e+00  -4.1447976e-02   0.0000000e+00   3.9667876e-10
   9.3600000e+02   1.2785310e+01   3.3432460e+00  -4.1435997e-02   0.0000000e+00   3.9688601e-10
   9.3700000e+02   1.2775990e+01   3.3421180e+00  -4.1424037e-02   0.0000000e+00   3.9708372e-10
   9.3800000e+02   1.2766680e+01   3.3409910e+00  -4.1412092e-02   0.0000000e+00   3.9727175e-10
   9.3900000e+02   1.2757390e+01   3.3398660e+00  -4.1400144e-02   0.0000000e+00   3.9745006e-10
   9.4000000e+02   1.2748120e+01   3.3387400e+00  -4.1388231e-02   0.0000000e+00   3.9761903e-10
   9.4100000e+02   1.2738870e+01   3.3376160e+00  -4.1376317e-02   0.0000000e+00   3.9777853e-10
   9.4200000e+02   1.2729630e+01   3.3364930e+00  -4.1364418e-02   0.0000000e+00   3.9792851e-10
   9.4300000e+02   1.2720420e+01   3.3353700e+00  -4.1352539e-02   0.0000000e+00   3.9806942e-10
   9.4400000e+02   1.2711230e+01   3.3342480e+00  -4.1340665e-02   0.0000000e+00   3.9820101e-10
   9.4500000e+02   1.2702060e+01   3.3331270e+00  -4.1328808e-02   0.0000000e+00   3.9832335e-10
   9.4600000e+02   1.2692900e+01   3.3320070e+00  -4.1316956e-02   0.0000000e+00   3.9843647e-10
   9.4700000e+02   1.2683770e+01   3.3308870e+00  -4.1305125e-02   0.0000000e+00   3.9854086e-10
   9.4800000e+02   1.2674650e+01   3.3297690e+00  -4.1293293e-02   0.0000000e+00   3.9863583e-10
   9.4900000e+02   1.2665560e+01   3.3286510e+00  -4.1281479e-02   0.0000000e+00   3.9872212e-10
   9.5000000e+02   1.2656480e+01   3.3275340e+00  -4.1269685e-02   0.0000000e+00   3.9879935e-10
   9.5100000e+02   1.2647420e+01   3.3264180e+00  -4.1257893e-02   0.0000000e+00   3.9886780e-10
   9.5200000e+02   1.2638380e+01   3.3253020e+00  -4.1246125e-02   0.0000000e+00   3.9892755e-10
   9.5300000e+02   1.2629360e+01   3.3241880e+00  -4.1234347e-02   0.0000000e+00   3.9897847e-10
   9.5400000e+02   1.2620350e+01   3.3230740e+00  -4.1222597e-02   0.0000000e+00   3.9902080e-10
   9.5500000e+02   1.2611370e+01   3.3219610e+00  -4.1210859e-02   0.0000000e+00   3.9905456e-10
   9.5600000e+02   1.2602400e+01   3.3208490e+00  -4.1199124e-02   0.0000000e+00   3.9907964e-10
   9.5700000e+02   1.2593460e+01   3.3197380e+00  -4.1187402e-02   0.0000000e+00   3.9909629e-10
   9.5800000e+02   1.2584530e+01   3.3186270e+00  -4.1175692e-02   0.0000000e+00   3.9910453e-10
   9.5900000e+02   1.2575620e+01   3.3175170e+00  -4.1164005e-02   0.0000000e+00   3.9910449e-10
   9.6000000e+02   1.2566720e+01   3.3164090e+00  -4.1152305e-02   0.0000000e+00   3.9909603e-10
   9.6100000e+02   1.2557850e+01   3.3153010e+00  -4.1140622e-02   0.0000000e+00   3.9907924e-10
   9.6200000e+02   1.2548990e+01   3.3141930e+00  -4.1128965e-02   0.0000000e+00   3.9905453e-10
   9.6300000e+02   1.2540150e+01   3.3130870e+00  -4.1117304e-02   0.0000000e+00   3.9902138e-10
   9.6400000e+02   1.2531330e+01   3.3119820e+00  -4.1105653e-02   0.0000000e+00   3.9898025e-10
   9.6500000e+02   1.2522530e+01   3.3108770e+00  -4.1094013e-02   0.0000000e+00   3.9893103e-10
   9.6600000e+02   1.2513750e+01   3.3097730e+00  -4.1082393e-02   0.0000000e+00   3.9887402e-10
   9.6700000e+02   1.2504980e+01   3.3086700e+00  -4.1070775e-02   0.0000000e+00   3.9880891e-10
   9.6800000e+02   1.2496230e+01   3.3075680e+00  -4.1059163e-02   0.0000000e+00   3.9873595e-10
   9.6900000e+02   1.2487500e+01   3.3064670e+00  -4.1047552e-02   0.0000000e+00   3.9865517e-10
   9.7000000e+02   1.2478790e+01   3.3053660e+00  -4.1035964e-02   0.0000000e+00   3.9856676e-10
   9.7100000e+02   1.2470090e+01   3.3042670e+00  -4.1024383e-02   0.0000000e+00   3.9847053e-10
   9.7200000e+02   1.2461410e+01   3.3031680e+00  -4.1012812e-02   0.0000000e+00   3.9836675e-10
   9.7300000e+02   1.2452750e+01   3.3020700e+00  -4.1001250e-02   0.0000000e+00   3.9825555e-10
   9.7400000e+02   1.2444110e+01   3.3009730e+00  -4.0989689e-02   0.0000000e+00   3.9813659e-10
   9.7500000e+02   1.2435480e+01   3.2998770e+00  -4.0978151e-02   0.0000000e+00   3.9801024e-10
   9.7600000e+02   1.2426870e+01   3.2987810e+00  -4.0966619e-02   0.0000000e+00   3.9787652e-10
   9.7700000e+02   1.2418280e+01   3.2976870e+00  -4.0955080e-02   0.0000000e+00   3.9773531e-10
   9.7800000e+02   1.2409700e+01   3.2965930e+00  -4.0943558e-02   0.0000000e+00   3.9758682e-10
   9.7900000e+02   1.2401140e+01   3.2955000e+00  -4.0932052e-02   0.0000000e+00   3.9743114e-10
   9.8000000e+02   1.2392600e+01   3.2944080e+00  -4.0920550e-02   0.0000000e+00   3.9726839e-10
   9.8100000e+02   1.2384080e+01   3.2933170e+00  -4.0909041e-02   0.0000000e+00   3.9709813e-10
   9.8200000e+02   1.2375570e+01   3.2922270e+00  -4.0897550e-02   0.0000000e+00   3.9692117e-10
   9.8300000e+02   1.2367080e+01   3.2911370e+00  -4.0886080e-02   0.0000000e+00   3.9673699e-10
   9.8400000e+02   1.2358600e+01   3.2900490e+00  -4.0874599e-02   0.0000000e+00   3.9654581e-10
   9.8500000e+02   1.2350150e+01   3.2889610e+00  -4.0863135e-02   0.0000000e+00   3.9634788e-10
   9.8600000e+02   1.2341710e+01   3.2878740e+00  -4.0851672e-02   0.0000000e+00   3.9614290e-10
   9.8700000e+02   1.2333280e+01   3.2867880e+00  -4.0840228e-02   0.0000000e+00   3.9593116e-10
   9.8800000e+02   1.2324880e+01   3.2857030e+00  -4.0828776e-02   0.0000000e+00   3.9571262e-10
   9.8900000e+02   1.2316480e+01   3.2846180e+00  -4.0817351e-02   0.0000000e+00   3.9548739e-10
   9.9000000e+02   1.2308110e+01   3.2835350e+00  -4.0805913e-02   0.0000000e+00   3.9525556e-10
   9.9100000e+02   1.2299750e+01   3.2824520e+00  -4.0794494e-02   0.0000000e+00   3.9501692e-10
   9.9200000e+02   1.2291410e+01   3.2813710e+00  -4.0783056e-02   0.0000000e+00   3.9477194e-10
   9.9300000e+02   1.2283080e+01   3.2802900e+00  -4.0771654e-02   0.0000000e+00   3.9452031e-10
   9.9400000e+02   1.2274770e+01   3.2792100e+00  -4.0760240e-02   0.0000000e+00   3.9426232e-10
   9.9500000e+02   1.2266480e+01   3.2781300e+00  -4.0748854e-02   0.0000000e+00   3.9399795e-10
   9.9600000e+02   1.2258200e+01   3.2770520e+00  -4.0737459e-02   0.0000000e+00   3.9372706e-10
   9.9700000e+02   1.2249940e+01   3.2759750e+00  -4.0726069e-02   0.0000000e+00   3.9345006e-10
   9.9800000e+02   1.2241700e+01   3.2748980e+00  -4.0714685e-02   0.0000000e+00   3.9316676e-10
   9.9900000e+02   1.2233470e+01   3.2738220e+00  -4.0703318e-02   0.0000000e+00   3.9287731e-10
   1.0000000e+03   1.2225250e+01   3.2727470e+00  -4.0691952e-02   0.0000000e+00   3.9258164e-10
   1.0010000e+03   1.2217060e+01   3.2716730e+00  -4.0680574e-02   0.0000000e+00   3.9227998e-10
   1.0020000e+03   1.2208870e+01   3.2706000e+00  -4.0669223e-02   0.0000000e+00   3.9197216e-10
   1.0030000e+03   1.2200710e+01   3.2695280e+00  -4.0657851e-02   0.0000000e+00   3.9165834e-10
   1.0040000e+03   1.2192560e+01   3.2684570e+00  -4.0646504e-02   0.0000000e+00   3.9133853e-10
   1.0050000e+03   1.2184420e+01   3.2673860e+00  -4.0635161e-02   0.0000000e+00   3.9101300e-10
   1.0060000e+03   1.2176300e+01   3.2663160e+00  -4.0623826e-02   0.0000000e+00   3.9068148e-10
   1.0070000e+03   1.2168200e+01   3.2652470e+00  -4.0612489e-02   0.0000000e+00   3.9034424e-10
   1.0080000e+03   1.2160110e+01   3.2641790e+00  -4.0601156e-02   0.0000000e+00   3.9000128e-10
   1.0090000e+03   1.2152040e+01   3.2631120e+00  -4.0589820e-02   0.0000000e+00   3.8965254e-10
   1.0100000e+03   1.2143980e+01   3.2620460e+00  -4.0578495e-02   0.0000000e+00   3.8929819e-10
   1.0110000e+03   1.2135940e+01   3.2609810e+00  -4.0567166e-02   0.0000000e+00   3.8893820e-10
   1.0120000e+03   1.2127910e+01   3.2599160e+00  -4.0555869e-02   0.0000000e+00   3.8857283e-10
   1.0130000e+03   1.2119900e+01   3.2588530e+00  -4.0544545e-02   0.0000000e+00   3.8820178e-10
   1.0140000e+03   1.2111900e+01   3.2577900e+00  -4.0533234e-02   0.0000000e+00   3.8782518e-10
   1.0150000e+03   1.2103920e+01   3.2567280e+00  -4.0521929e-02   0.0000000e+00   3.8744346e-10
   1.0160000e+03   1.2095950e+01   3.2556670e+00  -4.0510624e-02   0.0000000e+00   3.8705609e-10
   1.0170000e+03   1.2088000e+01   3.2546070e+00  -4.0499328e-02   0.0000000e+00   3.8666366e-10
   1.0180000e+03   1.2080070e+01   3.2535470e+00  -4.0488037e-02   0.0000000e+00   3.8626589e-10
   1.0190000e+03   1.2072140e+01   3.2524890e+00  -4.0476733e-02   0.0000000e+00   3.8586277e-10
   1.0200000e+03   1.2064240e+01   3.2514310e+00  -4.0465455e-02   0.0000000e+00   3.8545476e-10
   1.0210000e+03   1.2056350e+01   3.2503750e+00  -4.0454155e-02   0.0000000e+00   3.8504126e-10
   1.0220000e+03   1.2048470e+01   3.2493190e+00  -4.0442871e-02   0.0000000e+00   3.8462304e-10
   1.0230000e+03   1.2040610e+01   3.2482640e+00  -4.0431586e-02   0.0000000e+00   3.8419945e-10
   1.0240000e+03   1.2032760e+01   3.2472100e+00  -4.0420309e-02   0.0000000e+00   3.8377113e-10
   1.0250000e+03   1.2024920e+01   3.2461570e+00  -4.0409028e-02   0.0000000e+00   3.8333775e-10
   1.0260000e+03   1.2017110e+01   3.2451040e+00  -4.0397755e-02   0.0000000e+00   3.8289953e-10
   1.0270000e+03   1.2009300e+01   3.2440530e+00  -4.0386472e-02   0.0000000e+00   3.8245646e-10
   1.0280000e+03   1.2001510e+01   3.2430020e+00  -4.0375201e-02   0.0000000e+00   3.8200858e-10
   1.0290000e+03   1.1993740e+01   3.2419520e+00  -4.0363922e-02   0.0000000e+00   3.8155593e-10
   1.0300000e+03   1.1985980e+01   3.2409030e+00  -4.0352650e-02   0.0000000e+00   3.8109869e-10
   1.0310000e+03   1.1978230e+01   3.2398550e+00  -4.0341383e-02   0.0000000e+00   3.8063660e-10
   1.0320000e+03   1.1970500e+01   3.2388080e+00  -4.0330108e-02   0.0000000e+00   3.8016997e-10
   1.0330000e+03   1.1962780e+01   3.2377620e+00  -4.0318843e-02   0.0000000e+00   3.7969867e-10
   1.0340000e+03   1.1955080e+01   3.2367160e+00  -4.0307582e-02   0.0000000e+00   3.7922293e-10
   1.0350000e+03   1.1947390e+01   3.2356720e+00  -4.0296308e-02   0.0000000e+00   3.7874266e-10
   1.0360000e+03   1.1939710e+01   3.2346280e+00  -4.0285042e-02   0.0000000e+00   3.7825808e-10
   1.0370000e+03   1.1932050e+01   3.2335850e+00  -4.0273783e-02   0.0000000e+00   3.7776890e-10
   1.0380000e+03   1.1924400e+01   3.2325430e+00  -4.0262517e-02   0.0000000e+00   3.7727548e-10
   1.0390000e+03   1.1916770e+01   3.2315020e+00  -4.0251249e-02   0.0000000e+00   3.7677764e-10
   1.0400000e+03   1.1909150e+01   3.2304620e+00  -4.0239985e-02   0.0000000e+00   3.7627561e-10
   1.0410000e+03   1.1901550e+01   3.2294220e+00  -4.0228717e-02   0.0000000e+00   3.7576928e-10
   1.0420000e+03   1.1893950e+01   3.2283840e+00  -4.0217444e-02   0.0000000e+00   3.7525872e-10
   1.0430000e+03   1.1886380e+01   3.2273460e+00  -4.0206180e-02   0.0000000e+00   3.7474431e-10
   1.0440000e+03   1.1878810e+01   3.2263090e+00  -4.0194924e-02   0.0000000e+00   3.7422549e-10
   1.0450000e+03   1.1871260e+01   3.2252730e+00  -4.0183649e-02   0.0000000e+00   3.7370267e-10
   1.0460000e+03   1.1863730e+01   3.2242380e+00  -4.0172380e-02   0.0000000e+00   3.7317583e-10
   1.0470000e+03   1.1856200e+01   3.2232040e+00  -4.0161105e-02   0.0000000e+00   3.7264514e-10
   1.0480000e+03   1.1848690e+01   3.2221710e+00  -4.0149823e-02   0.0000000e+00   3.7211024e-10
   1.0490000e+03   1.1841200e+01   3.2211380e+00  -4.0138559e-02   0.0000000e+00   3.7157171e-10
   1.0500000e+03   1.1833720e+01   3.2201060e+00  -4.0127288e-02   0.0000000e+00   3.7102925e-10
   1.0510000e+03   1.1826250e+01   3.2190760e+00  -4.0116003e-02   0.0000000e+00   3.7048287e-10
   1.0520000e+03   1.1818790e+01   3.2180460e+00  -4.0104728e-02   0.0000000e+00   3.6993279e-10
   1.0530000e+03   1.1811350e+01   3.2170170e+00  -4.0093448e-02   0.0000000e+00   3.6937897e-10
   1.0540000e+03   1.1803920e+01   3.2159880e+00  -4.0082176e-02   0.0000000e+00   3.6882158e-10
   1.0550000e+03   1.1796510e+01   3.2149610e+00  -4.0070891e-02   0.0000000e+00   3.6826032e-10
   1.0560000e+03   1.1789110e+01   3.2139350e+00  -4.0059593e-02   0.0000000e+00   3.6769547e-10
   1.0570000e+03   1.1781720e+01   3.2129090e+00  -4.0048312e-02   0.0000000e+00   3.6712702e-10
   1.0580000e+03   1.1774340e+01   3.2118840e+00  -4.0037021e-02   0.0000000e+00   3.6655520e-10
   1.0590000e+03   1.1766980e+01   3.2108600e+00  -4.0025726e-02   0.0000000e+00   3.6597988e-10
   1.0600000e+03   1.1759630e+01   3.2098370e+00  -4.0014427e-02   0.0000000e+00   3.6540090e-10
   1.0610000e+03   1.1752300e+01   3.2088150e+00  -4.0003115e-02   0.0000000e+00   3.6481870e-10
   1.0620000e+03   1.1744980e+01   3.2077940e+00  -3.9991815e-02   0.0000000e+00   3.6423304e-10
   1.0630000e+03   1.1737670e+01   3.2067730e+00  -3.9980519e-02   0.0000000e+00   3.6364391e-10
   1.0640000e+03   1.1730370e+01   3.2057530e+00  -3.9969198e-02   0.0000000e+00   3.6305174e-10
   1.0650000e+03   1.1723090e+01   3.2047350e+00  -3.9957878e-02   0.0000000e+00   3.6245590e-10
   1.0660000e+03   1.1715820e+01   3.2037170e+00  -3.9946561e-02   0.0000000e+00   3.6185714e-10
   1.0670000e+03   1.1708560e+01   3.2027000e+00  -3.9935235e-02   0.0000000e+00   3.6125518e-10
   1.0680000e+03   1.1701310e+01   3.2016830e+00  -3.9923922e-02   0.0000000e+00   3.6064999e-10
   1.0690000e+03   1.1694080e+01   3.2006680e+00  -3.9912590e-02   0.0000000e+00   3.6004160e-10
   1.0700000e+03   1.1686860e+01   3.1996530e+00  -3.9901250e-02   0.0000000e+00   3.5943030e-10
   1.0710000e+03   1.1679650e+01   3.1986400e+00  -3.9889900e-02   0.0000000e+00   3.5881588e-10
   1.0720000e+03   1.1672460e+01   3.1976270e+00  -3.9878558e-02   0.0000000e+00   3.5819835e-10
   1.0730000e+03   1.1665280e+01   3.1966150e+00  -3.9867207e-02   0.0000000e+00   3.5757790e-10
   1.0740000e+03   1.1658110e+01   3.1956040e+00  -3.9855855e-02   0.0000000e+00   3.5695453e-10
   1.0750000e+03   1.1650950e+01   3.1945930e+00  -3.9844495e-02   0.0000000e+00   3.5632856e-10
   1.0760000e+03   1.1643810e+01   3.1935840e+00  -3.9833122e-02   0.0000000e+00   3.5569921e-10
   1.0770000e+03   1.1636680e+01   3.1925750e+00  -3.9821764e-02   0.0000000e+00   3.5506738e-10
   1.0780000e+03   1.1629560e+01   3.1915670e+00  -3.9810386e-02   0.0000000e+00   3.5443261e-10
   1.0790000e+03   1.1622450e+01   3.1905600e+00  -3.9798999e-02   0.0000000e+00   3.5379515e-10
   1.0800000e+03   1.1615360e+01   3.1895540e+00  -3.9787617e-02   0.0000000e+00   3.5315491e-10
   1.0810000e+03   1.1608280e+01   3.1885490e+00  -3.9776224e-02   0.0000000e+00   3.5251212e-10
   1.0820000e+03   1.1601210e+01   3.1875450e+00  -3.9764811e-02   0.0000000e+00   3.5186628e-10
   1.0830000e+03   1.1594150e+01   3.1865410e+00  -3.9753410e-02   0.0000000e+00   3.5121817e-10
   1.0840000e+03   1.1587110e+01   3.1855380e+00  -3.9741991e-02   0.0000000e+00   3.5056734e-10
   1.0850000e+03   1.1580080e+01   3.1845360e+00  -3.9730578e-02   0.0000000e+00   3.4991415e-10
   1.0860000e+03   1.1573060e+01   3.1835350e+00  -3.9719142e-02   0.0000000e+00   3.4925817e-10
   1.0870000e+03   1.1566050e+01   3.1825350e+00  -3.9707712e-02   0.0000000e+00   3.4859991e-10
   1.0880000e+03   1.1559050e+01   3.1815360e+00  -3.9696268e-02   0.0000000e+00   3.4793898e-10
   1.0890000e+03   1.1552070e+01   3.1805370e+00  -3.9684825e-02   0.0000000e+00   3.4727586e-10
   1.0900000e+03   1.1545100e+01   3.1795400e+00  -3.9673356e-02   0.0000000e+00   3.4661019e-10
   1.0910000e+03   1.1538140e+01   3.1785430e+00  -3.9661883e-02   0.0000000e+00   3.4594224e-10
   1.0920000e+03   1.1531190e+01   3.1775470e+00  -3.9650419e-02   0.0000000e+00   3.4527192e-10
   1.0930000e+03   1.1524250e+01   3.1765510e+00  -3.9638945e-02   0.0000000e+00   3.4459929e-10
   1.0940000e+03   1.1517330e+01   3.1755570e+00  -3.9627454e-02   0.0000000e+00   3.4392444e-10
   1.0950000e+03   1.1510420e+01   3.1745630e+00  -3.9615962e-02   0.0000000e+00   3.4324756e-10
   1.0960000e+03   1.1503520e+01   3.1735710e+00  -3.9604443e-02   0.0000000e+00   3.4256826e-10
   1.0970000e+03   1.1496630e+01   3.1725790e+00  -3.9592936e-02   0.0000000e+00   3.4188687e-10
   1.0980000e+03   1.1489750e+01   3.1715880e+00  -3.9581407e-02   0.0000000e+00   3.4120336e-10
   1.0990000e+03   1.1482890e+01   3.1705970e+00  -3.9569894e-02   0.0000000e+00   3.4051776e-10
   1.1000000e+03   1.1476040e+01   3.1696080e+00  -3.9558346e-02   0.0000000e+00   3.3983006e-10
   1.1010000e+03   1.1469190e+01   3.1686190e+00  -3.9546807e-02   0.0000000e+00   3.3914028e-10
   1.1020000e+03   1.1462360e+01   3.1676320e+00  -3.9535232e-02   0.0000000e+00   3.3844860e-10
   1.1030000e+03   1.1455550e+01   3.1666450e+00  -3.9523664e-02   0.0000000e+00   3.3775470e-10
   1.1040000e+03   1.1448740e+01   3.1656580e+00  -3.9512097e-02   0.0000000e+00   3.3705916e-10
   1.1050000e+03   1.1441950e+01   3.1646730e+00  -3.9500509e-02   0.0000000e+00   3.3636170e-10
   1.1060000e+03   1.1435160e+01   3.1636890e+00  -3.9488909e-02   0.0000000e+00   3.3566219e-10
   1.1070000e+03   1.1428390e+01   3.1627050e+00  -3.9477302e-02   0.0000000e+00   3.3496093e-10
   1.1080000e+03   1.1421630e+01   3.1617220e+00  -3.9465690e-02   0.0000000e+00   3.3425781e-10
   1.1090000e+03   1.1414880e+01   3.1607400e+00  -3.9454056e-02   0.0000000e+00   3.3355272e-10
   1.1100000e+03   1.1408140e+01   3.1597590e+00  -3.9442411e-02   0.0000000e+00   3.3284603e-10
   1.1110000e+03   1.1401420e+01   3.1587780e+00  -3.9430770e-02   0.0000000e+00   3.3213776e-10
   1.1120000e+03   1.1394700e+01   3.1577990e+00  -3.9419103e-02   0.0000000e+00   3.3142737e-10
   1.1130000e+03   1.1388000e+01   3.1568200e+00  -3.9407433e-02   0.0000000e+00   3.3071564e-10
   1.1140000e+03   1.1381310e+01   3.1558420e+00  -3.9395747e-02   0.0000000e+00   3.3000226e-10
   1.1150000e+03   1.1374630e+01   3.1548650e+00  -3.9384053e-02   0.0000000e+00   3.2928699e-10
   1.1160000e+03   1.1367960e+01   3.1538880e+00  -3.9372351e-02   0.0000000e+00   3.2857037e-10
   1.1170000e+03   1.1361300e+01   3.1529130e+00  -3.9360633e-02   0.0000000e+00   3.2785213e-10
   1.1180000e+03   1.1354650e+01   3.1519380e+00  -3.9348906e-02   0.0000000e+00   3.2713247e-10
   1.1190000e+03   1.1348020e+01   3.1509640e+00  -3.9337165e-02   0.0000000e+00   3.2641114e-10
   1.1200000e+03   1.1341390e+01   3.1499910e+00  -3.9325416e-02   0.0000000e+00   3.2568827e-10
   1.1210000e+03   1.1334780e+01   3.1490190e+00  -3.9313641e-02   0.0000000e+00   3.2496407e-10
   1.1220000e+03   1.1328170e+01   3.1480470e+00  -3.9301873e-02   0.0000000e+00   3.2423845e-10
   1.1230000e+03   1.1321580e+01   3.1470760e+00  -3.9290083e-02   0.0000000e+00   3.2351136e-10
   1.1240000e+03   1.1315000e+01   3.1461060e+00  -3.9278290e-02   0.0000000e+00   3.2278308e-10
   1.1250000e+03   1.1308430e+01   3.1451370e+00  -3.9266464e-02   0.0000000e+00   3.2205309e-10
   1.1260000e+03   1.1301870e+01   3.1441690e+00  -3.9254632e-02   0.0000000e+00   3.2132214e-10
   1.1270000e+03   1.1295320e+01   3.1432010e+00  -3.9242801e-02   0.0000000e+00   3.2058973e-10
   1.1280000e+03   1.1288790e+01   3.1422350e+00  -3.9230925e-02   0.0000000e+00   3.1985605e-10
   1.1290000e+03   1.1282260e+01   3.1412690e+00  -3.9219061e-02   0.0000000e+00   3.1912108e-10
   1.1300000e+03   1.1275750e+01   3.1403030e+00  -3.9207188e-02   0.0000000e+00   3.1838512e-10
   1.1310000e+03   1.1269240e+01   3.1393390e+00  -3.9195290e-02   0.0000000e+00   3.1764782e-10
   1.1320000e+03   1.1262750e+01   3.1383760e+00  -3.9183365e-02   0.0000000e+00   3.1690916e-10
   1.1330000e+03   1.1256260e+01   3.1374130e+00  -3.9171450e-02   0.0000000e+00   3.1616963e-10
   1.1340000e+03   1.1249790e+01   3.1364510e+00  -3.9159512e-02   0.0000000e+00   3.1542888e-10
   1.1350000e+03   1.1243330e+01   3.1354900e+00  -3.9147559e-02   0.0000000e+00   3.1468708e-10
   1.1360000e+03   1.1236880e+01   3.1345290e+00  -3.9135597e-02   0.0000000e+00   3.1394420e-10
   1.1370000e+03   1.1230440e+01   3.1335690e+00  -3.9123623e-02   0.0000000e+00   3.1320045e-10
   1.1380000e+03   1.1224010e+01   3.1326110e+00  -3.9111612e-02   0.0000000e+00   3.1245555e-10
   1.1390000e+03   1.1217590e+01   3.1316520e+00  -3.9099621e-02   0.0000000e+00   3.1170960e-10
   1.1400000e+03   1.1211180e+01   3.1306950e+00  -3.9087580e-02   0.0000000e+00   3.1096278e-10
   1.1410000e+03   1.1204780e+01   3.1297390e+00  -3.9075532e-02   0.0000000e+00   3.1021496e-10
   1.1420000e+03   1.1198400e+01   3.1287830e+00  -3.9063475e-02   0.0000000e+00   3.0946616e-10
   1.1430000e+03   1.1192020e+01   3.1278280e+00  -3.9051400e-02   0.0000000e+00   3.0871654e-10
   1.1440000e+03   1.1185650e+01   3.1268740e+00  -3.9039321e-02   0.0000000e+00   3.0796601e-10
   1.1450000e+03   1.1179300e+01   3.1259200e+00  -3.9027214e-02   0.0000000e+00   3.0721485e-10
   1.1460000e+03   1.1172950e+01   3.1249680e+00  -3.9015092e-02   0.0000000e+00   3.0646252e-10
   1.1470000e+03   1.1166620e+01   3.1240160e+00  -3.9002946e-02   0.0000000e+00   3.0570946e-10
   1.1480000e+03   1.1160290e+01   3.1230650e+00  -3.8990796e-02   0.0000000e+00   3.0495576e-10
   1.1490000e+03   1.1153980e+01   3.1221140e+00  -3.8978630e-02   0.0000000e+00   3.0420142e-10
   1.1500000e+03   1.1147670e+01   3.1211650e+00  -3.8966439e-02   0.0000000e+00   3.0344612e-10
   1.1510000e+03   1.1141380e+01   3.1202160e+00  -3.8954244e-02   0.0000000e+00   3.0269014e-10
   1.1520000e+03   1.1135090e+01   3.1192680e+00  -3.8942021e-02   0.0000000e+00   3.0193361e-10
   1.1530000e+03   1.1128820e+01   3.1183210e+00  -3.8929780e-02   0.0000000e+00   3.0117633e-10
   1.1540000e+03   1.1122560e+01   3.1173740e+00  -3.8917522e-02   0.0000000e+00   3.0041829e-10
   1.1550000e+03   1.1116300e+01   3.1164280e+00  -3.8905258e-02   0.0000000e+00   2.9965993e-10
   1.1560000e+03   1.1110060e+01   3.1154840e+00  -3.8892954e-02   0.0000000e+00   2.9890073e-10
   1.1570000e+03   1.1103830e+01   3.1145390e+00  -3.8880657e-02   0.0000000e+00   2.9814099e-10
   1.1580000e+03   1.1097600e+01   3.1135960e+00  -3.8868320e-02   0.0000000e+00   2.9738062e-10
   1.1590000e+03   1.1091390e+01   3.1126530e+00  -3.8855986e-02   0.0000000e+00   2.9661994e-10
   1.1600000e+03   1.1085190e+01   3.1117110e+00  -3.8843619e-02   0.0000000e+00   2.9585850e-10
   1.1610000e+03   1.1078990e+01   3.1107700e+00  -3.8831242e-02   0.0000000e+00   2.9509667e-10
   1.1620000e+03   1.1072810e+01   3.1098300e+00  -3.8818836e-02   0.0000000e+00   2.9433445e-10
   1.1630000e+03   1.1066640e+01   3.1088900e+00  -3.8806422e-02   0.0000000e+00   2.9357167e-10
   1.1640000e+03   1.1060480e+01   3.1079510e+00  -3.8793984e-02   0.0000000e+00   2.9280852e-10
   1.1650000e+03   1.1054320e+01   3.1070130e+00  -3.8781525e-02   0.0000000e+00   2.9204498e-10
   1.1660000e+03   1.1048180e+01   3.1060750e+00  -3.8769064e-02   0.0000000e+00   2.9128108e-10
   1.1670000e+03   1.1042050e+01   3.1051390e+00  -3.8756552e-02   0.0000000e+00   2.9051668e-10
   1.1680000e+03   1.1035920e+01   3.1042030e+00  -3.8744045e-02   0.0000000e+00   2.8975211e-10
   1.1690000e+03   1.1029810e+01   3.1032670e+00  -3.8731525e-02   0.0000000e+00   2.8898716e-10
   1.1700000e+03   1.1023710e+01   3.1023330e+00  -3.8718965e-02   0.0000000e+00   2.8822165e-10
   1.1710000e+03   1.1017610e+01   3.1013990e+00  -3.8706399e-02   0.0000000e+00   2.8745619e-10
   1.1720000e+03   1.1011530e+01   3.1004660e+00  -3.8693801e-02   0.0000000e+00   2.8669030e-10
   1.1730000e+03   1.1005450e+01   3.0995340e+00  -3.8681184e-02   0.0000000e+00   2.8592400e-10
   1.1740000e+03   1.0999390e+01   3.0986030e+00  -3.8668547e-02   0.0000000e+00   2.8515778e-10
   1.1750000e+03   1.0993330e+01   3.0976720e+00  -3.8655903e-02   0.0000000e+00   2.8439129e-10
   1.1760000e+03   1.0987290e+01   3.0967420e+00  -3.8643212e-02   0.0000000e+00   2.8362436e-10
   1.1770000e+03   1.0981250e+01   3.0958130e+00  -3.8630520e-02   0.0000000e+00   2.8285741e-10
   1.1780000e+03   1.0975230e+01   3.0948840e+00  -3.8617801e-02   0.0000000e+00   2.8209041e-10
   1.1790000e+03   1.0969210e+01   3.0939560e+00  -3.8605079e-02   0.0000000e+00   2.8132322e-10
   1.1800000e+03   1.0963200e+01   3.0930290e+00  -3.8592315e-02   0.0000000e+00   2.8055586e-10
   1.1810000e+03   1.0957210e+01   3.0921030e+00  -3.8579535e-02   0.0000000e+00   2.7978835e-10
   1.1820000e+03   1.0951220e+01   3.0911770e+00  -3.8566729e-02   0.0000000e+00   2.7902081e-10
   1.1830000e+03   1.0945240e+01   3.0902520e+00  -3.8553912e-02   0.0000000e+00   2.7825315e-10
   1.1840000e+03   1.0939270e+01   3.0893280e+00  -3.8541064e-02   0.0000000e+00   2.7748549e-10
   1.1850000e+03   1.0933310e+01   3.0884040e+00  -3.8528204e-02   0.0000000e+00   2.7671793e-10
   1.1860000e+03   1.0927360e+01   3.0874820e+00  -3.8515311e-02   0.0000000e+00   2.7595023e-10
   1.1870000e+03   1.0921420e+01   3.0865600e+00  -3.8502401e-02   0.0000000e+00   2.7518238e-10
   1.1880000e+03   1.0915490e+01   3.0856380e+00  -3.8489477e-02   0.0000000e+00   2.7441482e-10
   1.1890000e+03   1.0909570e+01   3.0847180e+00  -3.8476513e-02   0.0000000e+00   2.7364726e-10
   1.1900000e+03   1.0903660e+01   3.0837980e+00  -3.8463538e-02   0.0000000e+00   2.7287970e-10
   1.1910000e+03   1.0897750e+01   3.0828790e+00  -3.8450538e-02   0.0000000e+00   2.7211209e-10
   1.1920000e+03   1.0891860e+01   3.0819600e+00  -3.8437517e-02   0.0000000e+00   2.7134473e-10
   1.1930000e+03   1.0885980e+01   3.0810420e+00  -3.8424469e-02   0.0000000e+00   2.7057754e-10
   1.1940000e+03   1.0880100e+01   3.0801250e+00  -3.8411404e-02   0.0000000e+00   2.6981043e-10
   1.1950000e+03   1.0874230e+01   3.0792090e+00  -3.8398300e-02   0.0000000e+00   2.6904327e-10
   1.1960000e+03   1.0868380e+01   3.0782930e+00  -3.8385190e-02   0.0000000e+00   2.6827631e-10
   1.1970000e+03   1.0862530e+01   3.0773790e+00  -3.8372037e-02   0.0000000e+00   2.6750971e-10
   1.1980000e+03   1.0856690e+01   3.0764640e+00  -3.8358884e-02   0.0000000e+00   2.6674317e-10
   1.1990000e+03   1.0850860e+01   3.0755510e+00  -3.8345695e-02   0.0000000e+00   2.6597689e-10
   1.2000000e+03   1.0845040e+01   3.0746380e+00  -3.8332484e-02   0.0000000e+00   2.6521075e-10
   1.2010000e+03   1.0839230e+01   3.0737260e+00  -3.8319249e-02   0.0000000e+00   2.6444480e-10
   1.2020000e+03   1.0833430e+01   3.0728150e+00  -3.8305972e-02   0.0000000e+00   2.6367912e-10
   1.2030000e+03   1.0827640e+01   3.0719040e+00  -3.8292694e-02   0.0000000e+00   2.6291378e-10
   1.2040000e+03   1.0821860e+01   3.0709940e+00  -3.8279375e-02   0.0000000e+00   2.6214881e-10
   1.2050000e+03   1.0816080e+01   3.0700840e+00  -3.8266062e-02   0.0000000e+00   2.6138422e-10
   1.2060000e+03   1.0810320e+01   3.0691760e+00  -3.8252689e-02   0.0000000e+00   2.6061967e-10
   1.2070000e+03   1.0804560e+01   3.0682680e+00  -3.8239313e-02   0.0000000e+00   2.5985551e-10
   1.2080000e+03   1.0798810e+01   3.0673610e+00  -3.8225890e-02   0.0000000e+00   2.5909155e-10
   1.2090000e+03   1.0793070e+01   3.0664540e+00  -3.8212464e-02   0.0000000e+00   2.5832821e-10
   1.2100000e+03   1.0787340e+01   3.0655480e+00  -3.8199005e-02   0.0000000e+00   2.5756517e-10
   1.2110000e+03   1.0781620e+01   3.0646430e+00  -3.8185528e-02   0.0000000e+00   2.5680250e-10
   1.2120000e+03   1.0775910e+01   3.0637390e+00  -3.8172002e-02   0.0000000e+00   2.5604029e-10
   1.2130000e+03   1.0770210e+01   3.0628350e+00  -3.8158472e-02   0.0000000e+00   2.5527838e-10
   1.2140000e+03   1.0764510e+01   3.0619320e+00  -3.8144899e-02   0.0000000e+00   2.5451676e-10
   1.2150000e+03   1.0758830e+01   3.0610290e+00  -3.8131315e-02   0.0000000e+00   2.5375588e-10
   1.2160000e+03   1.0753150e+01   3.0601270e+00  -3.8117704e-02   0.0000000e+00   2.5299536e-10
   1.2170000e+03   1.0747490e+01   3.0592260e+00  -3.8104051e-02   0.0000000e+00   2.5223528e-10
   1.2180000e+03   1.0741830e+01   3.0583260e+00  -3.8090388e-02   0.0000000e+00   2.5147569e-10
   1.2190000e+03   1.0736180e+01   3.0574260e+00  -3.8076686e-02   0.0000000e+00   2.5071658e-10
   1.2200000e+03   1.0730540e+01   3.0565270e+00  -3.8062967e-02   0.0000000e+00   2.4995800e-10
   1.2210000e+03   1.0724900e+01   3.0556290e+00  -3.8049218e-02   0.0000000e+00   2.4919988e-10
   1.2220000e+03   1.0719280e+01   3.0547310e+00  -3.8035444e-02   0.0000000e+00   2.4844236e-10
   1.2230000e+03   1.0713670e+01   3.0538340e+00  -3.8021643e-02   0.0000000e+00   2.4768542e-10
   1.2240000e+03   1.0708060e+01   3.0529380e+00  -3.8007802e-02   0.0000000e+00   2.4692893e-10
   1.2250000e+03   1.0702460e+01   3.0520420e+00  -3.7993955e-02   0.0000000e+00   2.4617296e-10
   1.2260000e+03   1.0696870e+01   3.0511470e+00  -3.7980061e-02   0.0000000e+00   2.4541766e-10
   1.2270000e+03   1.0691290e+01   3.0502520e+00  -3.7966155e-02   0.0000000e+00   2.4466312e-10
   1.2280000e+03   1.0685720e+01   3.0493590e+00  -3.7952209e-02   0.0000000e+00   2.4390895e-10
   1.2290000e+03   1.0680160e+01   3.0484660e+00  -3.7938236e-02   0.0000000e+00   2.4315540e-10
   1.2300000e+03   1.0674600e+01   3.0475730e+00  -3.7924242e-02   0.0000000e+00   2.4240278e-10
   1.2310000e+03   1.0669060e+01   3.0466820e+00  -3.7910207e-02   0.0000000e+00   2.4165058e-10
   1.2320000e+03   1.0663520e+01   3.0457900e+00  -3.7896170e-02   0.0000000e+00   2.4089901e-10
   1.2330000e+03   1.0657990e+01   3.0449000e+00  -3.7882076e-02   0.0000000e+00   2.4014822e-10
   1.2340000e+03   1.0652470e+01   3.0440100e+00  -3.7867969e-02   0.0000000e+00   2.3939804e-10
   1.2350000e+03   1.0646960e+01   3.0431210e+00  -3.7853834e-02   0.0000000e+00   2.3864862e-10
   1.2360000e+03   1.0641450e+01   3.0422330e+00  -3.7839654e-02   0.0000000e+00   2.3789967e-10
   1.2370000e+03   1.0635960e+01   3.0413450e+00  -3.7825455e-02   0.0000000e+00   2.3715178e-10
   1.2380000e+03   1.0630470e+01   3.0404580e+00  -3.7811227e-02   0.0000000e+00   2.3640448e-10
   1.2390000e+03   1.0624990e+01   3.0395710e+00  -3.7796989e-02   0.0000000e+00   2.3565790e-10
   1.2400000e+03   1.0619520e+01   3.0386850e+00  -3.7782705e-02   0.0000000e+00   2.3491204e-10
   1.2410000e+03   1.0614060e+01   3.0378000e+00  -3.7768384e-02   0.0000000e+00   2.3416705e-10
   1.2420000e+03   1.0608610e+01   3.0369150e+00  -3.7754034e-02   0.0000000e+00   2.3342286e-10
   1.2430000e+03   1.0603160e+01   3.0360310e+00  -3.7739666e-02   0.0000000e+00   2.3267922e-10
   1.2440000e+03   1.0597730e+01   3.0351480e+00  -3.7725261e-02   0.0000000e+00   2.3193669e-10
   1.2450000e+03   1.0592300e+01   3.0342650e+00  -3.7710828e-02   0.0000000e+00   2.3119482e-10
   1.2460000e+03   1.0586880e+01   3.0333830e+00  -3.7696373e-02   0.0000000e+00   2.3045374e-10
   1.2470000e+03   1.0581470e+01   3.0325020e+00  -3.7681861e-02   0.0000000e+00   2.2971325e-10
   1.2480000e+03   1.0576060e+01   3.0316210e+00  -3.7667338e-02   0.0000000e+00   2.2897402e-10
   1.2490000e+03   1.0570670e+01   3.0307410e+00  -3.7652790e-02   0.0000000e+00   2.2823542e-10
   1.2500000e+03   1.0565280e+01   3.0298620e+00  -3.7638199e-02   0.0000000e+00   2.2749765e-10
   1.2510000e+03   1.0559900e+01   3.0289830e+00  -3.7623590e-02   0.0000000e+00   2.2676082e-10
   1.2520000e+03   1.0554530e+01   3.0281040e+00  -3.7608946e-02   0.0000000e+00   2.2602476e-10
   1.2530000e+03   1.0549170e+01   3.0272270e+00  -3.7594252e-02   0.0000000e+00   2.2528969e-10
   1.2540000e+03   1.0543810e+01   3.0263500e+00  -3.7579556e-02   0.0000000e+00   2.2455556e-10
   1.2550000e+03   1.0538470e+01   3.0254730e+00  -3.7564816e-02   0.0000000e+00   2.2382243e-10
   1.2560000e+03   1.0533130e+01   3.0245980e+00  -3.7550040e-02   0.0000000e+00   2.2308996e-10
   1.2570000e+03   1.0527800e+01   3.0237230e+00  -3.7535236e-02   0.0000000e+00   2.2235860e-10
   1.2580000e+03   1.0522480e+01   3.0228480e+00  -3.7520411e-02   0.0000000e+00   2.2162816e-10
   1.2590000e+03   1.0517160e+01   3.0219740e+00  -3.7505548e-02   0.0000000e+00   2.2089862e-10
   1.2600000e+03   1.0511860e+01   3.0211010e+00  -3.7490648e-02   0.0000000e+00   2.2017002e-10
   1.2610000e+03   1.0506560e+01   3.0202280e+00  -3.7475717e-02   0.0000000e+00   2.1944233e-10
   1.2620000e+03   1.0501270e+01   3.0193560e+00  -3.7460753e-02   0.0000000e+00   2.1871564e-10
   1.2630000e+03   1.0495990e+01   3.0184850e+00  -3.7445754e-02   0.0000000e+00   2.1798987e-10
   1.2640000e+03   1.0490710e+01   3.0176140e+00  -3.7430742e-02   0.0000000e+00   2.1726539e-10
   1.2650000e+03   1.0485450e+01   3.0167440e+00  -3.7415669e-02   0.0000000e+00   2.1654161e-10
   1.2660000e+03   1.0480190e+01   3.0158740e+00  -3.7400591e-02   0.0000000e+00   2.1581894e-10
   1.2670000e+03   1.0474940e+01   3.0150050e+00  -3.7385470e-02   0.0000000e+00   2.1509726e-10
   1.2680000e+03   1.0469700e+01   3.0141370e+00  -3.7370314e-02   0.0000000e+00   2.1437667e-10
   1.2690000e+03   1.0464460e+01   3.0132690e+00  -3.7355124e-02   0.0000000e+00   2.1365706e-10
   1.2700000e+03   1.0459230e+01   3.0124020e+00  -3.7339908e-02   0.0000000e+00   2.1293838e-10
   1.2710000e+03   1.0454020e+01   3.0115350e+00  -3.7324661e-02   0.0000000e+00   2.1222099e-10
   1.2720000e+03   1.0448810e+01   3.0106690e+00  -3.7309371e-02   0.0000000e+00   2.1150448e-10
   1.2730000e+03   1.0443600e+01   3.0098040e+00  -3.7294058e-02   0.0000000e+00   2.1078910e-10
   1.2740000e+03   1.0438410e+01   3.0089390e+00  -3.7278708e-02   0.0000000e+00   2.1007487e-10
   1.2750000e+03   1.0433220e+01   3.0080750e+00  -3.7263322e-02   0.0000000e+00   2.0936154e-10
   1.2760000e+03   1.0428040e+01   3.0072110e+00  -3.7247909e-02   0.0000000e+00   2.0864940e-10
   1.2770000e+03   1.0422870e+01   3.0063480e+00  -3.7232451e-02   0.0000000e+00   2.0793838e-10
   1.2780000e+03   1.0417700e+01   3.0054860e+00  -3.7216967e-02   0.0000000e+00   2.0722836e-10
   1.2790000e+03   1.0412550e+01   3.0046240e+00  -3.7201447e-02   0.0000000e+00   2.0651956e-10
   1.2800000e+03   1.0407400e+01   3.0037630e+00  -3.7185888e-02   0.0000000e+00   2.0581193e-10
   1.2810000e+03   1.0402260e+01   3.0029020e+00  -3.7170299e-02   0.0000000e+00   2.0510533e-10
   1.2820000e+03   1.0397130e+01   3.0020420e+00  -3.7154684e-02   0.0000000e+00   2.0439981e-10
   1.2830000e+03   1.0392000e+01   3.0011830e+00  -3.7139027e-02   0.0000000e+00   2.0369547e-10
   1.2840000e+03   1.0386880e+01   3.0003240e+00  -3.7123337e-02   0.0000000e+00   2.0299241e-10
   1.2850000e+03   1.0381770e+01   2.9994660e+00  -3.7107617e-02   0.0000000e+00   2.0229028e-10
   1.2860000e+03   1.0376670e+01   2.9986080e+00  -3.7091856e-02   0.0000000e+00   2.0158956e-10
   1.2870000e+03   1.0371580e+01   2.9977510e+00  -3.7076058e-02   0.0000000e+00   2.0088979e-10
   1.2880000e+03   1.0366490e+01   2.9968940e+00  -3.7060240e-02   0.0000000e+00   2.0019132e-10
   1.2890000e+03   1.0361410e+01   2.9960380e+00  -3.7044382e-02   0.0000000e+00   1.9949401e-10
   1.2900000e+03   1.0356340e+01   2.9951830e+00  -3.7028485e-02   0.0000000e+00   1.9879780e-10
   1.2910000e+03   1.0351270e+01   2.9943280e+00  -3.7012564e-02   0.0000000e+00   1.9810294e-10
   1.2920000e+03   1.0346210e+01   2.9934740e+00  -3.6996595e-02   0.0000000e+00   1.9740922e-10
   1.2930000e+03   1.0341170e+01   2.9926200e+00  -3.6980582e-02   0.0000000e+00   1.9671668e-10
   1.2940000e+03   1.0336120e+01   2.9917670e+00  -3.6964554e-02   0.0000000e+00   1.9602535e-10
   1.2950000e+03   1.0331090e+01   2.9909140e+00  -3.6948486e-02   0.0000000e+00   1.9533542e-10
   1.2960000e+03   1.0326060e+01   2.9900620e+00  -3.6932392e-02   0.0000000e+00   1.9464655e-10
   1.2970000e+03   1.0321040e+01   2.9892110e+00  -3.6916236e-02   0.0000000e+00   1.9395877e-10
   1.2980000e+03   1.0316030e+01   2.9883600e+00  -3.6900064e-02   0.0000000e+00   1.9327252e-10
   1.2990000e+03   1.0311030e+01   2.9875100e+00  -3.6883842e-02   0.0000000e+00   1.9258727e-10
   1.3000000e+03   1.0306030e+01   2.9866600e+00  -3.6867608e-02   0.0000000e+00   1.9190355e-10
   1.3010000e+03   1.0301040e+01   2.9858110e+00  -3.6851314e-02   0.0000000e+00   1.9122081e-10
   1.3020000e+03   1.0296060e+01   2.9849620e+00  -3.6835014e-02   0.0000000e+00   1.9053949e-10
   1.3030000e+03   1.0291080e+01   2.9841140e+00  -3.6818661e-02   0.0000000e+00   1.8985936e-10
   1.3040000e+03   1.0286110e+01   2.9832670e+00  -3.6802256e-02   0.0000000e+00   1.8918065e-10
   1.3050000e+03   1.0281150e+01   2.9824200e+00  -3.6785832e-02   0.0000000e+00   1.8850299e-10
   1.3060000e+03   1.0276200e+01   2.9815730e+00  -3.6769374e-02   0.0000000e+00   1.8782685e-10
   1.3070000e+03   1.0271250e+01   2.9807280e+00  -3.6752872e-02   0.0000000e+00   1.8715182e-10
   1.3080000e+03   1.0266320e+01   2.9798820e+00  -3.6736346e-02   0.0000000e+00   1.8647821e-10
   1.3090000e+03   1.0261390e+01   2.9790380e+00  -3.6719765e-02   0.0000000e+00   1.8580586e-10
   1.3100000e+03   1.0256460e+01   2.9781930e+00  -3.6703169e-02   0.0000000e+00   1.8513476e-10
   1.3110000e+03   1.0251540e+01   2.9773500e+00  -3.6686520e-02   0.0000000e+00   1.8446500e-10
   1.3120000e+03   1.0246640e+01   2.9765070e+00  -3.6669833e-02   0.0000000e+00   1.8379665e-10
   1.3130000e+03   1.0241730e+01   2.9756640e+00  -3.6653126e-02   0.0000000e+00   1.8312953e-10
   1.3140000e+03   1.0236840e+01   2.9748220e+00  -3.6636362e-02   0.0000000e+00   1.8246378e-10
   1.3150000e+03   1.0231950e+01   2.9739810e+00  -3.6619569e-02   0.0000000e+00   1.8179927e-10
   1.3160000e+03   1.0227070e+01   2.9731400e+00  -3.6602741e-02   0.0000000e+00   1.8113621e-10
   1.3170000e+03   1.0222200e+01   2.9722990e+00  -3.6585894e-02   0.0000000e+00   1.8047450e-10
   1.3180000e+03   1.0217330e+01   2.9714600e+00  -3.6568985e-02   0.0000000e+00   1.7981414e-10
   1.3190000e+03   1.0212470e+01   2.9706200e+00  -3.6552057e-02   0.0000000e+00   1.7915511e-10
   1.3200000e+03   1.0207620e+01   2.9697820e+00  -3.6535064e-02   0.0000000e+00   1.7849728e-10
   1.3210000e+03   1.0202780e+01   2.9689430e+00  -3.6518066e-02   0.0000000e+00   1.7784088e-10
   1.3220000e+03   1.0197940e+01   2.9681060e+00  -3.6501007e-02   0.0000000e+00   1.7718587e-10
   1.3230000e+03   1.0193110e+01   2.9672680e+00  -3.6483929e-02   0.0000000e+00   1.7653225e-10
   1.3240000e+03   1.0188290e+01   2.9664320e+00  -3.6466795e-02   0.0000000e+00   1.7588010e-10
   1.3250000e+03   1.0183470e+01   2.9655960e+00  -3.6449638e-02   0.0000000e+00   1.7522912e-10
   1.3260000e+03   1.0178660e+01   2.9647600e+00  -3.6432441e-02   0.0000000e+00   1.7457968e-10
   1.3270000e+03   1.0173860e+01   2.9639250e+00  -3.6415207e-02   0.0000000e+00   1.7393163e-10
   1.3280000e+03   1.0169060e+01   2.9630910e+00  -3.6397930e-02   0.0000000e+00   1.7328489e-10
   1.3290000e+03   1.0164280e+01   2.9622570e+00  -3.6380609e-02   0.0000000e+00   1.7263955e-10
   1.3300000e+03   1.0159500e+01   2.9614230e+00  -3.6363270e-02   0.0000000e+00   1.7199567e-10
   1.3310000e+03   1.0154720e+01   2.9605900e+00  -3.6345889e-02   0.0000000e+00   1.7135313e-10
   1.3320000e+03   1.0149950e+01   2.9597580e+00  -3.6328454e-02   0.0000000e+00   1.7071197e-10
   1.3330000e+03   1.0145190e+01   2.9589260e+00  -3.6310998e-02   0.0000000e+00   1.7007228e-10
   1.3340000e+03   1.0140440e+01   2.9580940e+00  -3.6293507e-02   0.0000000e+00   1.6943386e-10
   1.3350000e+03   1.0135700e+01   2.9572640e+00  -3.6275945e-02   0.0000000e+00   1.6879694e-10
   1.3360000e+03   1.0130960e+01   2.9564330e+00  -3.6258384e-02   0.0000000e+00   1.6816161e-10
   1.3370000e+03   1.0126220e+01   2.9556030e+00  -3.6240774e-02   0.0000000e+00   1.6752749e-10
   1.3380000e+03   1.0121500e+01   2.9547740e+00  -3.6223122e-02   0.0000000e+00   1.6689486e-10
   1.3390000e+03   1.0116780e+01   2.9539450e+00  -3.6205422e-02   0.0000000e+00   1.6626365e-10
   1.3400000e+03   1.0112070e+01   2.9531170e+00  -3.6187701e-02   0.0000000e+00   1.6563399e-10
   1.3410000e+03   1.0107360e+01   2.9522890e+00  -3.6169931e-02   0.0000000e+00   1.6500559e-10
   1.3420000e+03   1.0102670e+01   2.9514620e+00  -3.6152120e-02   0.0000000e+00   1.6437870e-10
   1.3430000e+03   1.0097980e+01   2.9506350e+00  -3.6134274e-02   0.0000000e+00   1.6375314e-10
   1.3440000e+03   1.0093290e+01   2.9498090e+00  -3.6116397e-02   0.0000000e+00   1.6312913e-10
   1.3450000e+03   1.0088610e+01   2.9489830e+00  -3.6098468e-02   0.0000000e+00   1.6250658e-10
   1.3460000e+03   1.0083940e+01   2.9481580e+00  -3.6080515e-02   0.0000000e+00   1.6188546e-10
   1.3470000e+03   1.0079280e+01   2.9473330e+00  -3.6062509e-02   0.0000000e+00   1.6126584e-10
   1.3480000e+03   1.0074620e+01   2.9465090e+00  -3.6044472e-02   0.0000000e+00   1.6064759e-10
   1.3490000e+03   1.0069970e+01   2.9456850e+00  -3.6026408e-02   0.0000000e+00   1.6003079e-10
   1.3500000e+03   1.0065330e+01   2.9448610e+00  -3.6008305e-02   0.0000000e+00   1.5941556e-10
   1.3510000e+03   1.0060690e+01   2.9440390e+00  -3.5990142e-02   0.0000000e+00   1.5880182e-10
   1.3520000e+03   1.0056060e+01   2.9432160e+00  -3.5971953e-02   0.0000000e+00   1.5818935e-10
   1.3530000e+03   1.0051440e+01   2.9423950e+00  -3.5953708e-02   0.0000000e+00   1.5757843e-10
   1.3540000e+03   1.0046820e+01   2.9415730e+00  -3.5935451e-02   0.0000000e+00   1.5696900e-10
   1.3550000e+03   1.0042210e+01   2.9407520e+00  -3.5917148e-02   0.0000000e+00   1.5636119e-10
   1.3560000e+03   1.0037610e+01   2.9399320e+00  -3.5898796e-02   0.0000000e+00   1.5575460e-10
   1.3570000e+03   1.0033010e+01   2.9391120e+00  -3.5880422e-02   0.0000000e+00   1.5514969e-10
   1.3580000e+03   1.0028420e+01   2.9382930e+00  -3.5861981e-02   0.0000000e+00   1.5454614e-10
   1.3590000e+03   1.0023840e+01   2.9374740e+00  -3.5843524e-02   0.0000000e+00   1.5394416e-10
   1.3600000e+03   1.0019270e+01   2.9366560e+00  -3.5824999e-02   0.0000000e+00   1.5334354e-10
   1.3610000e+03   1.0014700e+01   2.9358380e+00  -3.5806463e-02   0.0000000e+00   1.5274447e-10
   1.3620000e+03   1.0010130e+01   2.9350210e+00  -3.5787888e-02   0.0000000e+00   1.5214690e-10
   1.3630000e+03   1.0005580e+01   2.9342040e+00  -3.5769265e-02   0.0000000e+00   1.5155083e-10
   1.3640000e+03   1.0001030e+01   2.9333870e+00  -3.5750612e-02   0.0000000e+00   1.5095625e-10
