   3.3000000e+01   2.4478970e+02   4.8814570e+00  -8.4865402e-03   0.0000000e+00   2.3851848e-08
   3.4000000e+01   2.3952760e+02   4.8440960e+00  -9.0611104e-03   0.0000000e+00   2.4513433e-08
   3.5000000e+01   2.3448900e+02   4.8088000e+00  -9.6385847e-03   0.0000000e+00   2.5168371e-08
   3.6000000e+01   2.2965780e+02   4.7754400e+00  -1.0218631e-02   0.0000000e+00   2.5816522e-08
   3.7000000e+01   2.2501990e+02   4.7438970e+00  -1.0800949e-02   0.0000000e+00   2.6457775e-08
   3.8000000e+01   2.2056270e+02   4.7140540e+00  -1.1385278e-02   0.0000000e+00   2.7092129e-08
   3.9000000e+01   2.1627500e+02   4.6858040e+00  -1.1971366e-02   0.0000000e+00   2.7719577e-08
   4.0000000e+01   2.1214640e+02   4.6590440e+00  -1.2558967e-02   0.0000000e+00   2.8340168e-08
   4.1000000e+01   2.0816780e+02   4.6336790e+00  -1.3147859e-02   0.0000000e+00   2.8953976e-08
   4.2000000e+01   2.0433070e+02   4.6096180e+00  -1.3737819e-02   0.0000000e+00   2.9561088e-08
   4.3000000e+01   2.0062750e+02   4.5867790e+00  -1.4328630e-02   0.0000000e+00   3.0161592e-08
   4.4000000e+01   1.9705100e+02   4.5650840e+00  -1.4920066e-02   0.0000000e+00   3.0755605e-08
   4.5000000e+01   1.9359490e+02   4.5444600e+00  -1.5511931e-02   0.0000000e+00   3.1343229e-08
   4.6000000e+01   1.9025300e+02   4.5248390e+00  -1.6104013e-02   0.0000000e+00   3.1924600e-08
   4.7000000e+01   1.8701970e+02   4.5061590e+00  -1.6696101e-02   0.0000000e+00   3.2499823e-08
   4.8000000e+01   1.8388990e+02   4.4883610e+00  -1.7287998e-02   0.0000000e+00   3.3069009e-08
   4.9000000e+01   1.8085880e+02   4.4713910e+00  -1.7879504e-02   0.0000000e+00   3.3632263e-08
   5.0000000e+01   1.7792170e+02   4.4551990e+00  -1.8470422e-02   0.0000000e+00   3.4189704e-08
   5.1000000e+01   1.7507450e+02   4.4397380e+00  -1.9060563e-02   0.0000000e+00   3.4741442e-08
   5.2000000e+01   1.7231310e+02   4.4249640e+00  -1.9649746e-02   0.0000000e+00   3.5287554e-08
   5.3000000e+01   1.6963390e+02   4.4108380e+00  -2.0237775e-02   0.0000000e+00   3.5828129e-08
   5.4000000e+01   1.6703320e+02   4.3973210e+00  -2.0824477e-02   0.0000000e+00   3.6363271e-08
   5.5000000e+01   1.6450780e+02   4.3843780e+00  -2.1409697e-02   0.0000000e+00   3.6893074e-08
   5.6000000e+01   1.6205450e+02   4.3719780e+00  -2.1993246e-02   0.0000000e+00   3.7417583e-08
   5.7000000e+01   1.5967030e+02   4.3600890e+00  -2.2574975e-02   0.0000000e+00   3.7936905e-08
   5.8000000e+01   1.5735250e+02   4.3486840e+00  -2.3154731e-02   0.0000000e+00   3.8451065e-08
   5.9000000e+01   1.5509840e+02   4.3377360e+00  -2.3732367e-02   0.0000000e+00   3.8960146e-08
   6.0000000e+01   1.5290550e+02   4.3272210e+00  -2.4307734e-02   0.0000000e+00   3.9464220e-08
   6.1000000e+01   1.5077130e+02   4.3171160e+00  -2.4880704e-02   0.0000000e+00   3.9963307e-08
   6.2000000e+01   1.4869360e+02   4.3074000e+00  -2.5451140e-02   0.0000000e+00   4.0457477e-08
   6.3000000e+01   1.4667030e+02   4.2980520e+00  -2.6018932e-02   0.0000000e+00   4.0946785e-08
   6.4000000e+01   1.4469920e+02   4.2890540e+00  -2.6583944e-02   0.0000000e+00   4.1431244e-08
   6.5000000e+01   1.4277850e+02   4.2803890e+00  -2.7146089e-02   0.0000000e+00   4.1910914e-08
   6.6000000e+01   1.4090640e+02   4.2720390e+00  -2.7705250e-02   0.0000000e+00   4.2385819e-08
   6.7000000e+01   1.3908090e+02   4.2639910e+00  -2.8261320e-02   0.0000000e+00   4.2855988e-08
   6.8000000e+01   1.3730050e+02   4.2562280e+00  -2.8814234e-02   0.0000000e+00   4.3321453e-08
   6.9000000e+01   1.3556350e+02   4.2487380e+00  -2.9363884e-02   0.0000000e+00   4.3782274e-08
   7.0000000e+01   1.3386840e+02   4.2415090e+00  -2.9910199e-02   0.0000000e+00   4.4238396e-08
   7.1000000e+01   1.3221370e+02   4.2345280e+00  -3.0453103e-02   0.0000000e+00   4.4689923e-08
   7.2000000e+01   1.3059810e+02   4.2277830e+00  -3.0992529e-02   0.0000000e+00   4.5136826e-08
   7.3000000e+01   1.2902010e+02   4.2212650e+00  -3.1528406e-02   0.0000000e+00   4.5579136e-08
   7.4000000e+01   1.2747860e+02   4.2149630e+00  -3.2060686e-02   0.0000000e+00   4.6016874e-08
   7.5000000e+01   1.2597230e+02   4.2088680e+00  -3.2589331e-02   0.0000000e+00   4.6450082e-08
   7.6000000e+01   1.2450010e+02   4.2029720e+00  -3.3114258e-02   0.0000000e+00   4.6878692e-08
   7.7000000e+01   1.2306070e+02   4.1972640e+00  -3.3635453e-02   0.0000000e+00   4.7302817e-08
   7.8000000e+01   1.2165320e+02   4.1917390e+00  -3.4152860e-02   0.0000000e+00   4.7722372e-08
   7.9000000e+01   1.2027650e+02   4.1863880e+00  -3.4666463e-02   0.0000000e+00   4.8137441e-08
   8.0000000e+01   1.1892970e+02   4.1812040e+00  -3.5176221e-02   0.0000000e+00   4.8548023e-08
   8.1000000e+01   1.1761170e+02   4.1761810e+00  -3.5682107e-02   0.0000000e+00   4.8954100e-08
   8.2000000e+01   1.1632180e+02   4.1713110e+00  -3.6184117e-02   0.0000000e+00   4.9355698e-08
   8.3000000e+01   1.1505890e+02   4.1665900e+00  -3.6682208e-02   0.0000000e+00   4.9752805e-08
   8.4000000e+01   1.1382240e+02   4.1620110e+00  -3.7176399e-02   0.0000000e+00   5.0145476e-08
   8.5000000e+01   1.1261130e+02   4.1575680e+00  -3.7666655e-02   0.0000000e+00   5.0533694e-08
   8.6000000e+01   1.1142500e+02   4.1532570e+00  -3.8152986e-02   0.0000000e+00   5.0917448e-08
   8.7000000e+01   1.1026260e+02   4.1490730e+00  -3.8635375e-02   0.0000000e+00   5.1296766e-08
   8.8000000e+01   1.0912360e+02   4.1450110e+00  -3.9113845e-02   0.0000000e+00   5.1671669e-08
   8.9000000e+01   1.0800710e+02   4.1410670e+00  -3.9588362e-02   0.0000000e+00   5.2042117e-08
   9.0000000e+01   1.0691250e+02   4.1372350e+00  -4.0058968e-02   0.0000000e+00   5.2408166e-08
   9.1000000e+01   1.0583930e+02   4.1335130e+00  -4.0525659e-02   0.0000000e+00   5.2769792e-08
   9.2000000e+01   1.0478680e+02   4.1298960e+00  -4.0988452e-02   0.0000000e+00   5.3127050e-08
   9.3000000e+01   1.0375440e+02   4.1263810e+00  -4.1447350e-02   0.0000000e+00   5.3479895e-08
   9.4000000e+01   1.0274160e+02   4.1229630e+00  -4.1902387e-02   0.0000000e+00   5.3828354e-08
   9.5000000e+01   1.0174770e+02   4.1196410e+00  -4.2353549e-02   0.0000000e+00   5.4172447e-08
   9.6000000e+01   1.0077240e+02   4.1164100e+00  -4.2800901e-02   0.0000000e+00   5.4512184e-08
   9.7000000e+01   9.9811760e+01   4.1134020e+00  -4.3240401e-02   0.0000000e+00   5.4856603e-08
   9.8000000e+01   9.8872010e+01   4.1103410e+00  -4.3680249e-02   0.0000000e+00   5.5187535e-08
   9.9000000e+01   9.7949300e+01   4.1073630e+00  -4.4116335e-02   0.0000000e+00   5.5514141e-08
   1.0000000e+02   9.7043160e+01   4.1044640e+00  -4.4548686e-02   0.0000000e+00   5.5836417e-08
   1.0100000e+02   9.6153170e+01   4.1016430e+00  -4.4977336e-02   0.0000000e+00   5.6154393e-08
   1.0200000e+02   9.5278890e+01   4.0988960e+00  -4.5402315e-02   0.0000000e+00   5.6468091e-08
   1.0300000e+02   9.4419920e+01   4.0962220e+00  -4.5823644e-02   0.0000000e+00   5.6777477e-08
   1.0400000e+02   9.3575880e+01   4.0936180e+00  -4.6241364e-02   0.0000000e+00   5.7082611e-08
   1.0500000e+02   9.2746370e+01   4.0910810e+00  -4.6655514e-02   0.0000000e+00   5.7383507e-08
   1.0600000e+02   9.1931040e+01   4.0886100e+00  -4.7066120e-02   0.0000000e+00   5.7680139e-08
   1.0700000e+02   9.1129530e+01   4.0862020e+00  -4.7473226e-02   0.0000000e+00   5.7972559e-08
   1.0800000e+02   9.0341500e+01   4.0838560e+00  -4.7876863e-02   0.0000000e+00   5.8260773e-08
   1.0900000e+02   8.9566600e+01   4.0815700e+00  -4.8277063e-02   0.0000000e+00   5.8544763e-08
   1.1000000e+02   8.8804540e+01   4.0793410e+00  -4.8673881e-02   0.0000000e+00   5.8824614e-08
   1.1100000e+02   8.8054980e+01   4.0771690e+00  -4.9067328e-02   0.0000000e+00   5.9100254e-08
   1.1200000e+02   8.7317640e+01   4.0750500e+00  -4.9457478e-02   0.0000000e+00   5.9371783e-08
   1.1300000e+02   8.6592220e+01   4.0729840e+00  -4.9844347e-02   0.0000000e+00   5.9639174e-08
   1.1400000e+02   8.5878440e+01   4.0709700e+00  -5.0227963e-02   0.0000000e+00   5.9902424e-08
   1.1500000e+02   8.5176020e+01   4.0690040e+00  -5.0608400e-02   0.0000000e+00   6.0161626e-08
   1.1600000e+02   8.4484710e+01   4.0670870e+00  -5.0985678e-02   0.0000000e+00   6.0416704e-08
   1.1700000e+02   8.3804240e+01   4.0652160e+00  -5.1359838e-02   0.0000000e+00   6.0667727e-08
   1.1800000e+02   8.3134360e+01   4.0633900e+00  -5.1730917e-02   0.0000000e+00   6.0914693e-08
   1.1900000e+02   8.2474840e+01   4.0616090e+00  -5.2098953e-02   0.0000000e+00   6.1157646e-08
   1.2000000e+02   8.1825440e+01   4.0598690e+00  -5.2464014e-02   0.0000000e+00   6.1396618e-08
   1.2100000e+02   8.1185940e+01   4.0581710e+00  -5.2826103e-02   0.0000000e+00   6.1631542e-08
   1.2200000e+02   8.0556110e+01   4.0565130e+00  -5.3185281e-02   0.0000000e+00   6.1862533e-08
   1.2300000e+02   7.9935740e+01   4.0548940e+00  -5.3541587e-02   0.0000000e+00   6.2089582e-08
   1.2400000e+02   7.9324620e+01   4.0533130e+00  -5.3895042e-02   0.0000000e+00   6.2312665e-08
   1.2500000e+02   7.8722560e+01   4.0517680e+00  -5.4245710e-02   0.0000000e+00   6.2531834e-08
   1.2600000e+02   7.8129350e+01   4.0502590e+00  -5.4593625e-02   0.0000000e+00   6.2747134e-08
   1.2700000e+02   7.7544800e+01   4.0487840e+00  -5.4938820e-02   0.0000000e+00   6.2958542e-08
   1.2800000e+02   7.6968740e+01   4.0473430e+00  -5.5281334e-02   0.0000000e+00   6.3166081e-08
   1.2900000e+02   7.6400980e+01   4.0459340e+00  -5.5621209e-02   0.0000000e+00   6.3369804e-08
   1.3000000e+02   7.5841340e+01   4.0445570e+00  -5.5958485e-02   0.0000000e+00   6.3569721e-08
   1.3100000e+02   7.5289660e+01   4.0432110e+00  -5.6293178e-02   0.0000000e+00   6.3765773e-08
   1.3200000e+02   7.4745770e+01   4.0418940e+00  -5.6625364e-02   0.0000000e+00   6.3958117e-08
   1.3300000e+02   7.4209520e+01   4.0406070e+00  -5.6955046e-02   0.0000000e+00   6.4146641e-08
   1.3400000e+02   7.3680740e+01   4.0393480e+00  -5.7282270e-02   0.0000000e+00   6.4331467e-08
   1.3500000e+02   7.3159280e+01   4.0381160e+00  -5.7607085e-02   0.0000000e+00   6.4512542e-08
   1.3600000e+02   7.2645000e+01   4.0369100e+00  -5.7929513e-02   0.0000000e+00   6.4689935e-08
   1.3700000e+02   7.2137750e+01   4.0357310e+00  -5.8249591e-02   0.0000000e+00   6.4863644e-08
   1.3800000e+02   7.1637400e+01   4.0345760e+00  -5.8567370e-02   0.0000000e+00   6.5033679e-08
   1.3900000e+02   7.1143800e+01   4.0334460e+00  -5.8882844e-02   0.0000000e+00   6.5200059e-08
   1.4000000e+02   7.0656820e+01   4.0323390e+00  -5.9196083e-02   0.0000000e+00   6.5362819e-08
   1.4100000e+02   7.0176340e+01   4.0312560e+00  -5.9507112e-02   0.0000000e+00   6.5521978e-08
   1.4200000e+02   6.9702220e+01   4.0301940e+00  -5.9815975e-02   0.0000000e+00   6.5677558e-08
   1.4300000e+02   6.9234350e+01   4.0291550e+00  -6.0122660e-02   0.0000000e+00   6.5829541e-08
   1.4400000e+02   6.8772610e+01   4.0281360e+00  -6.0427254e-02   0.0000000e+00   6.5978010e-08
   1.4500000e+02   6.8316870e+01   4.0271380e+00  -6.0729758e-02   0.0000000e+00   6.6122919e-08
   1.4600000e+02   6.7867030e+01   4.0261600e+00  -6.1030202e-02   0.0000000e+00   6.6264314e-08
   1.4700000e+02   6.7422970e+01   4.0252010e+00  -6.1328629e-02   0.0000000e+00   6.6402228e-08
   1.4800000e+02   6.6984580e+01   4.0242610e+00  -6.1625058e-02   0.0000000e+00   6.6536648e-08
   1.4900000e+02   6.6551770e+01   4.0233390e+00  -6.1919522e-02   0.0000000e+00   6.6667622e-08
   1.5000000e+02   6.6124420e+01   4.0224350e+00  -6.2212054e-02   0.0000000e+00   6.6795137e-08
   1.5100000e+02   6.5702450e+01   4.0215480e+00  -6.2502672e-02   0.0000000e+00   6.6919242e-08
   1.5200000e+02   6.5285740e+01   4.0206780e+00  -6.2791412e-02   0.0000000e+00   6.7039938e-08
   1.5300000e+02   6.4874200e+01   4.0198240e+00  -6.3078301e-02   0.0000000e+00   6.7157241e-08
   1.5400000e+02   6.4467740e+01   4.0189860e+00  -6.3363357e-02   0.0000000e+00   6.7271170e-08
   1.5500000e+02   6.4066280e+01   4.0181630e+00  -6.3646621e-02   0.0000000e+00   6.7381770e-08
   1.5600000e+02   6.3669710e+01   4.0173560e+00  -6.3928084e-02   0.0000000e+00   6.7488999e-08
   1.5700000e+02   6.3277950e+01   4.0165620e+00  -6.4207827e-02   0.0000000e+00   6.7592922e-08
   1.5800000e+02   6.2890930e+01   4.0157830e+00  -6.4485835e-02   0.0000000e+00   6.7693557e-08
   1.5900000e+02   6.2508550e+01   4.0150170e+00  -6.4762144e-02   0.0000000e+00   6.7790871e-08
   1.6000000e+02   6.2130730e+01   4.0142640e+00  -6.5036793e-02   0.0000000e+00   6.7884955e-08
   1.6100000e+02   6.1757400e+01   4.0135250e+00  -6.5309759e-02   0.0000000e+00   6.7975757e-08
   1.6200000e+02   6.1388470e+01   4.0127980e+00  -6.5581116e-02   0.0000000e+00   6.8063331e-08
   1.6300000e+02   6.1023880e+01   4.0120830e+00  -6.5850857e-02   0.0000000e+00   6.8147682e-08
   1.6400000e+02   6.0663550e+01   4.0113800e+00  -6.6119008e-02   0.0000000e+00   6.8228829e-08
   1.6500000e+02   6.0307400e+01   4.0106880e+00  -6.6385610e-02   0.0000000e+00   6.8306787e-08
   1.6600000e+02   5.9955370e+01   4.0100070e+00  -6.6650669e-02   0.0000000e+00   6.8381579e-08
   1.6700000e+02   5.9607380e+01   4.0093370e+00  -6.6914211e-02   0.0000000e+00   6.8453227e-08
   1.6800000e+02   5.9263380e+01   4.0086780e+00  -6.7176229e-02   0.0000000e+00   6.8521709e-08
   1.6900000e+02   5.8923280e+01   4.0080290e+00  -6.7436777e-02   0.0000000e+00   6.8587051e-08
   1.7000000e+02   5.8587040e+01   4.0073900e+00  -6.7695865e-02   0.0000000e+00   6.8649300e-08
   1.7100000e+02   5.8254580e+01   4.0067600e+00  -6.7953511e-02   0.0000000e+00   6.8708452e-08
   1.7200000e+02   5.7925840e+01   4.0061390e+00  -6.8209750e-02   0.0000000e+00   6.8764527e-08
   1.7300000e+02   5.7600760e+01   4.0055280e+00  -6.8464561e-02   0.0000000e+00   6.8817533e-08
   1.7400000e+02   5.7279290e+01   4.0049250e+00  -6.8718005e-02   0.0000000e+00   6.8867504e-08
   1.7500000e+02   5.6961370e+01   4.0043310e+00  -6.8970068e-02   0.0000000e+00   6.8914415e-08
   1.7600000e+02   5.6646930e+01   4.0037450e+00  -6.9220795e-02   0.0000000e+00   6.8958310e-08
   1.7700000e+02   5.6335920e+01   4.0031670e+00  -6.9470179e-02   0.0000000e+00   6.8999202e-08
   1.7800000e+02   5.6028300e+01   4.0025970e+00  -6.9718244e-02   0.0000000e+00   6.9037105e-08
   1.7900000e+02   5.5724000e+01   4.0020340e+00  -6.9965023e-02   0.0000000e+00   6.9072025e-08
   1.8000000e+02   5.5422970e+01   4.0014790e+00  -7.0210503e-02   0.0000000e+00   6.9103958e-08
   1.8100000e+02   5.5125160e+01   4.0009300e+00  -7.0454740e-02   0.0000000e+00   6.9132986e-08
   1.8200000e+02   5.4830530e+01   4.0003890e+00  -7.0697706e-02   0.0000000e+00   6.9159064e-08
   1.8300000e+02   5.4539020e+01   3.9998540e+00  -7.0939439e-02   0.0000000e+00   6.9182216e-08
   1.8400000e+02   5.4250580e+01   3.9993250e+00  -7.1179972e-02   0.0000000e+00   6.9202457e-08
   1.8500000e+02   5.3965170e+01   3.9988030e+00  -7.1419268e-02   0.0000000e+00   6.9219804e-08
   1.8600000e+02   5.3682740e+01   3.9982870e+00  -7.1657389e-02   0.0000000e+00   6.9234271e-08
   1.8700000e+02   5.3403250e+01   3.9977760e+00  -7.1894352e-02   0.0000000e+00   6.9245907e-08
   1.8800000e+02   5.3126660e+01   3.9972710e+00  -7.2130138e-02   0.0000000e+00   6.9254650e-08
   1.8900000e+02   5.2852910e+01   3.9967720e+00  -7.2364767e-02   0.0000000e+00   6.9260571e-08
   1.9000000e+02   5.2581960e+01   3.9962780e+00  -7.2598268e-02   0.0000000e+00   6.9263673e-08
   1.9100000e+02   5.2313780e+01   3.9957890e+00  -7.2830655e-02   0.0000000e+00   6.9263971e-08
   1.9200000e+02   5.2048320e+01   3.9953050e+00  -7.3061929e-02   0.0000000e+00   6.9261461e-08
   1.9300000e+02   5.1785550e+01   3.9948260e+00  -7.3292101e-02   0.0000000e+00   6.9256160e-08
   1.9400000e+02   5.1525420e+01   3.9943520e+00  -7.3521189e-02   0.0000000e+00   6.9248088e-08
   1.9500000e+02   5.1267890e+01   3.9938820e+00  -7.3749220e-02   0.0000000e+00   6.9237287e-08
   1.9600000e+02   5.1012940e+01   3.9934160e+00  -7.3976194e-02   0.0000000e+00   6.9223722e-08
   1.9700000e+02   5.0760510e+01   3.9929550e+00  -7.4202112e-02   0.0000000e+00   6.9207419e-08
   1.9800000e+02   5.0510570e+01   3.9924980e+00  -7.4426990e-02   0.0000000e+00   6.9188424e-08
   1.9900000e+02   5.0263100e+01   3.9920440e+00  -7.4650870e-02   0.0000000e+00   6.9166719e-08
   2.0000000e+02   5.0018040e+01   3.9915940e+00  -7.4873741e-02   0.0000000e+00   6.9142346e-08
   2.0100000e+02   4.9775380e+01   3.9911480e+00  -7.5095600e-02   0.0000000e+00   6.9115269e-08
   2.0200000e+02   4.9535070e+01   3.9907060e+00  -7.5316462e-02   0.0000000e+00   6.9085530e-08
   2.0300000e+02   4.9297080e+01   3.9902660e+00  -7.5536384e-02   0.0000000e+00   6.9053170e-08
   2.0400000e+02   4.9061370e+01   3.9898310e+00  -7.5755291e-02   0.0000000e+00   6.9018130e-08
   2.0500000e+02   4.8827930e+01   3.9893980e+00  -7.5973279e-02   0.0000000e+00   6.8980518e-08
   2.0600000e+02   4.8596710e+01   3.9889680e+00  -7.6190317e-02   0.0000000e+00   6.8940283e-08
   2.0700000e+02   4.8367680e+01   3.9885410e+00  -7.6406423e-02   0.0000000e+00   6.8897442e-08
   2.0800000e+02   4.8140820e+01   3.9881170e+00  -7.6621599e-02   0.0000000e+00   6.8852025e-08
   2.0900000e+02   4.7916100e+01   3.9876960e+00  -7.6835862e-02   0.0000000e+00   6.8804048e-08
   2.1000000e+02   4.7693470e+01   3.9872770e+00  -7.7049231e-02   0.0000000e+00   6.8753519e-08
   2.1100000e+02   4.7472930e+01   3.9868610e+00  -7.7261687e-02   0.0000000e+00   6.8700426e-08
   2.1200000e+02   4.7254430e+01   3.9864470e+00  -7.7473285e-02   0.0000000e+00   6.8644820e-08
   2.1300000e+02   4.7037960e+01   3.9860350e+00  -7.7684009e-02   0.0000000e+00   6.8586708e-08
   2.1400000e+02   4.6823480e+01   3.9856260e+00  -7.7893847e-02   0.0000000e+00   6.8526073e-08
   2.1500000e+02   4.6610960e+01   3.9852190e+00  -7.8102832e-02   0.0000000e+00   6.8462963e-08
   2.1600000e+02   4.6400390e+01   3.9848130e+00  -7.8310990e-02   0.0000000e+00   6.8397378e-08
   2.1700000e+02   4.6191730e+01   3.9844100e+00  -7.8518301e-02   0.0000000e+00   6.8329359e-08
   2.1800000e+02   4.5984960e+01   3.9840080e+00  -7.8724793e-02   0.0000000e+00   6.8258844e-08
   2.1900000e+02   4.5780050e+01   3.9836080e+00  -7.8930468e-02   0.0000000e+00   6.8185942e-08
   2.2000000e+02   4.5576990e+01   3.9832100e+00  -7.9135315e-02   0.0000000e+00   6.8110588e-08
   2.2100000e+02   4.5375740e+01   3.9828140e+00  -7.9339358e-02   0.0000000e+00   6.8032844e-08
   2.2200000e+02   4.5176290e+01   3.9824190e+00  -7.9542619e-02   0.0000000e+00   6.7952693e-08
   2.2300000e+02   4.4978600e+01   3.9820250e+00  -7.9745109e-02   0.0000000e+00   6.7870191e-08
   2.2400000e+02   4.4782660e+01   3.9816330e+00  -7.9946806e-02   0.0000000e+00   6.7785279e-08
   2.2500000e+02   4.4588450e+01   3.9812420e+00  -8.0147743e-02   0.0000000e+00   6.7698047e-08
   2.2600000e+02   4.4395940e+01   3.9808520e+00  -8.0347924e-02   0.0000000e+00   6.7608499e-08
   2.2700000e+02   4.4205100e+01   3.9804640e+00  -8.0547333e-02   0.0000000e+00   6.7516572e-08
   2.2800000e+02   4.4015930e+01   3.9800760e+00  -8.0746022e-02   0.0000000e+00   6.7422363e-08
   2.2900000e+02   4.3828400e+01   3.9796900e+00  -8.0943956e-02   0.0000000e+00   6.7325862e-08
   2.3000000e+02   4.3642480e+01   3.9793040e+00  -8.1141191e-02   0.0000000e+00   6.7227096e-08
   2.3100000e+02   4.3458160e+01   3.9789190e+00  -8.1337695e-02   0.0000000e+00   6.7126021e-08
   2.3200000e+02   4.3275420e+01   3.9785350e+00  -8.1533492e-02   0.0000000e+00   6.7022728e-08
   2.3300000e+02   4.3094240e+01   3.9781520e+00  -8.1728575e-02   0.0000000e+00   6.6917177e-08
   2.3400000e+02   4.2914590e+01   3.9777700e+00  -8.1922953e-02   0.0000000e+00   6.6809385e-08
   2.3500000e+02   4.2736470e+01   3.9773880e+00  -8.2116654e-02   0.0000000e+00   6.6699386e-08
   2.3600000e+02   4.2559840e+01   3.9770070e+00  -8.2309664e-02   0.0000000e+00   6.6587180e-08
   2.3700000e+02   4.2384700e+01   3.9766260e+00  -8.2502022e-02   0.0000000e+00   6.6472831e-08
   2.3800000e+02   4.2211020e+01   3.9762460e+00  -8.2693698e-02   0.0000000e+00   6.6356266e-08
   2.3900000e+02   4.2038790e+01   3.9758660e+00  -8.2884715e-02   0.0000000e+00   6.6237563e-08
   2.4000000e+02   4.1867990e+01   3.9754870e+00  -8.3075075e-02   0.0000000e+00   6.6116724e-08
   2.4100000e+02   4.1698590e+01   3.9751080e+00  -8.3264793e-02   0.0000000e+00   6.5993726e-08
   2.4200000e+02   4.1530600e+01   3.9747290e+00  -8.3453883e-02   0.0000000e+00   6.5868656e-08
   2.4300000e+02   4.1363980e+01   3.9743510e+00  -8.3642317e-02   0.0000000e+00   6.5741449e-08
   2.4400000e+02   4.1198730e+01   3.9739720e+00  -8.3830163e-02   0.0000000e+00   6.5612194e-08
   2.4500000e+02   4.1034820e+01   3.9735940e+00  -8.4017360e-02   0.0000000e+00   6.5480841e-08
   2.4600000e+02   4.0872240e+01   3.9732160e+00  -8.4203960e-02   0.0000000e+00   6.5347450e-08
   2.4700000e+02   4.0710970e+01   3.9728380e+00  -8.4389951e-02   0.0000000e+00   6.5211988e-08
   2.4800000e+02   4.0551000e+01   3.9724600e+00  -8.4575350e-02   0.0000000e+00   6.5074508e-08
   2.4900000e+02   4.0392320e+01   3.9720820e+00  -8.4760150e-02   0.0000000e+00   6.4935017e-08
   2.5000000e+02   4.0234900e+01   3.9717030e+00  -8.4944391e-02   0.0000000e+00   6.4793542e-08
   2.5100000e+02   4.0078740e+01   3.9713250e+00  -8.5128034e-02   0.0000000e+00   6.4650093e-08
   2.5200000e+02   3.9923820e+01   3.9709470e+00  -8.5311095e-02   0.0000000e+00   6.4504630e-08
   2.5300000e+02   3.9770120e+01   3.9705680e+00  -8.5493610e-02   0.0000000e+00   6.4357247e-08
   2.5400000e+02   3.9617630e+01   3.9701890e+00  -8.5675565e-02   0.0000000e+00   6.4207919e-08
   2.5500000e+02   3.9466340e+01   3.9698100e+00  -8.5856967e-02   0.0000000e+00   6.4056664e-08
   2.5600000e+02   3.9316230e+01   3.9694310e+00  -8.6037813e-02   0.0000000e+00   6.3903493e-08
   2.5700000e+02   3.9167300e+01   3.9690510e+00  -8.6218128e-02   0.0000000e+00   6.3748417e-08
   2.5800000e+02   3.9019520e+01   3.9686710e+00  -8.6397906e-02   0.0000000e+00   6.3591480e-08
   2.5900000e+02   3.8872880e+01   3.9682900e+00  -8.6577182e-02   0.0000000e+00   6.3432681e-08
   2.6000000e+02   3.8727370e+01   3.9679090e+00  -8.6755917e-02   0.0000000e+00   6.3272026e-08
   2.6100000e+02   3.8582990e+01   3.9675270e+00  -8.6934155e-02   0.0000000e+00   6.3109551e-08
   2.6200000e+02   3.8439700e+01   3.9671460e+00  -8.7111845e-02   0.0000000e+00   6.2945222e-08
   2.6300000e+02   3.8297520e+01   3.9667630e+00  -8.7289062e-02   0.0000000e+00   6.2779098e-08
   2.6400000e+02   3.8156410e+01   3.9663800e+00  -8.7465774e-02   0.0000000e+00   6.2611177e-08
   2.6500000e+02   3.8016370e+01   3.9659960e+00  -8.7642018e-02   0.0000000e+00   6.2441511e-08
   2.6600000e+02   3.7877390e+01   3.9656120e+00  -8.7817751e-02   0.0000000e+00   6.2270046e-08
   2.6700000e+02   3.7739460e+01   3.9652270e+00  -8.7993013e-02   0.0000000e+00   6.2096880e-08
   2.6800000e+02   3.7602560e+01   3.9648410e+00  -8.8167812e-02   0.0000000e+00   6.1921929e-08
   2.6900000e+02   3.7466680e+01   3.9644550e+00  -8.8342132e-02   0.0000000e+00   6.1745325e-08
   2.7000000e+02   3.7331820e+01   3.9640680e+00  -8.8515985e-02   0.0000000e+00   6.1566991e-08
   2.7100000e+02   3.7197950e+01   3.9636800e+00  -8.8689400e-02   0.0000000e+00   6.1386956e-08
   2.7200000e+02   3.7065080e+01   3.9632910e+00  -8.8862369e-02   0.0000000e+00   6.1205281e-08
   2.7300000e+02   3.6933190e+01   3.9629020e+00  -8.9034868e-02   0.0000000e+00   6.1021942e-08
   2.7400000e+02   3.6802270e+01   3.9625120e+00  -8.9206937e-02   0.0000000e+00   6.0836962e-08
   2.7500000e+02   3.6672300e+01   3.9621200e+00  -8.9378612e-02   0.0000000e+00   6.0650396e-08
   2.7600000e+02   3.6543290e+01   3.9617280e+00  -8.9549817e-02   0.0000000e+00   6.0462159e-08
   2.7700000e+02   3.6415210e+01   3.9613360e+00  -8.9720587e-02   0.0000000e+00   6.0272377e-08
   2.7800000e+02   3.6288070e+01   3.9609420e+00  -8.9890967e-02   0.0000000e+00   6.0081003e-08
   2.7900000e+02   3.6161840e+01   3.9605470e+00  -9.0060940e-02   0.0000000e+00   5.9888077e-08
   2.8000000e+02   3.6036520e+01   3.9601510e+00  -9.0230510e-02   0.0000000e+00   5.9693598e-08
   2.8100000e+02   3.5912100e+01   3.9597540e+00  -9.0399687e-02   0.0000000e+00   5.9497621e-08
   2.8200000e+02   3.5788580e+01   3.9593560e+00  -9.0568453e-02   0.0000000e+00   5.9300093e-08
   2.8300000e+02   3.5665930e+01   3.9589580e+00  -9.0736809e-02   0.0000000e+00   5.9101059e-08
   2.8400000e+02   3.5544160e+01   3.9585580e+00  -9.0904804e-02   0.0000000e+00   5.8900577e-08
   2.8500000e+02   3.5423250e+01   3.9581570e+00  -9.1072416e-02   0.0000000e+00   5.8698605e-08
   2.8600000e+02   3.5303190e+01   3.9577550e+00  -9.1239663e-02   0.0000000e+00   5.8495213e-08
   2.8700000e+02   3.5183980e+01   3.9573510e+00  -9.1406561e-02   0.0000000e+00   5.8290379e-08
   2.8800000e+02   3.5065610e+01   3.9569470e+00  -9.1573063e-02   0.0000000e+00   5.8084127e-08
   2.8900000e+02   3.4948070e+01   3.9565410e+00  -9.1739226e-02   0.0000000e+00   5.7876474e-08
   2.9000000e+02   3.4831350e+01   3.9561350e+00  -9.1904997e-02   0.0000000e+00   5.7667406e-08
   2.9100000e+02   3.4715440e+01   3.9557270e+00  -9.2070454e-02   0.0000000e+00   5.7456984e-08
   2.9200000e+02   3.4600330e+01   3.9553180e+00  -9.2235575e-02   0.0000000e+00   5.7245222e-08
   2.9300000e+02   3.4486020e+01   3.9549070e+00  -9.2400365e-02   0.0000000e+00   5.7032120e-08
   2.9400000e+02   3.4372500e+01   3.9544960e+00  -9.2564783e-02   0.0000000e+00   5.6817689e-08
   2.9500000e+02   3.4259750e+01   3.9540830e+00  -9.2728908e-02   0.0000000e+00   5.6601960e-08
   2.9600000e+02   3.4147780e+01   3.9536690e+00  -9.2892696e-02   0.0000000e+00   5.6384926e-08
   2.9700000e+02   3.4036580e+01   3.9532530e+00  -9.3056177e-02   0.0000000e+00   5.6166641e-08
   2.9800000e+02   3.3926130e+01   3.9528370e+00  -9.3219312e-02   0.0000000e+00   5.5947070e-08
   2.9900000e+02   3.3816430e+01   3.9524190e+00  -9.3382167e-02   0.0000000e+00   5.5726262e-08
   3.0000000e+02   3.3707470e+01   3.9519990e+00  -9.3544728e-02   0.0000000e+00   5.5504234e-08
   3.0100000e+02   3.3599250e+01   3.9515780e+00  -9.3706980e-02   0.0000000e+00   5.5281010e-08
   3.0200000e+02   3.3491750e+01   3.9511560e+00  -9.3868942e-02   0.0000000e+00   5.5056593e-08
   3.0300000e+02   3.3384980e+01   3.9507330e+00  -9.4030590e-02   0.0000000e+00   5.4830961e-08
   3.0400000e+02   3.3278920e+01   3.9503080e+00  -9.4191973e-02   0.0000000e+00   5.4604199e-08
   3.0500000e+02   3.3173570e+01   3.9498810e+00  -9.4353094e-02   0.0000000e+00   5.4376293e-08
   3.0600000e+02   3.3068920e+01   3.9494540e+00  -9.4513893e-02   0.0000000e+00   5.4147242e-08
   3.0700000e+02   3.2964960e+01   3.9490240e+00  -9.4674475e-02   0.0000000e+00   5.3917110e-08
   3.0800000e+02   3.2861690e+01   3.9485940e+00  -9.4834737e-02   0.0000000e+00   5.3685851e-08
   3.0900000e+02   3.2759100e+01   3.9481610e+00  -9.4994800e-02   0.0000000e+00   5.3453530e-08
   3.1000000e+02   3.2657180e+01   3.9477280e+00  -9.5154544e-02   0.0000000e+00   5.3220129e-08
   3.1100000e+02   3.2555930e+01   3.9472930e+00  -9.5314072e-02   0.0000000e+00   5.2985697e-08
   3.1200000e+02   3.2455340e+01   3.9468560e+00  -9.5473345e-02   0.0000000e+00   5.2750232e-08
   3.1300000e+02   3.2355410e+01   3.9464180e+00  -9.5632369e-02   0.0000000e+00   5.2513745e-08
   3.1400000e+02   3.2256120e+01   3.9459780e+00  -9.5791164e-02   0.0000000e+00   5.2276271e-08
   3.1500000e+02   3.2157480e+01   3.9455370e+00  -9.5949718e-02   0.0000000e+00   5.2037814e-08
   3.1600000e+02   3.2059480e+01   3.9450940e+00  -9.6108040e-02   0.0000000e+00   5.1798387e-08
   3.1700000e+02   3.1962100e+01   3.9446490e+00  -9.6266164e-02   0.0000000e+00   5.1558019e-08
   3.1800000e+02   3.1865360e+01   3.9442030e+00  -9.6424036e-02   0.0000000e+00   5.1316711e-08
   3.1900000e+02   3.1769230e+01   3.9437550e+00  -9.6581698e-02   0.0000000e+00   5.1074504e-08
   3.2000000e+02   3.1673710e+01   3.9433060e+00  -9.6739143e-02   0.0000000e+00   5.0831373e-08
   3.2100000e+02   3.1578800e+01   3.9428550e+00  -9.6896388e-02   0.0000000e+00   5.0587366e-08
   3.2200000e+02   3.1484500e+01   3.9424030e+00  -9.7053404e-02   0.0000000e+00   5.0342495e-08
   3.2300000e+02   3.1390790e+01   3.9419490e+00  -9.7210232e-02   0.0000000e+00   5.0096778e-08
   3.2400000e+02   3.1297670e+01   3.9414930e+00  -9.7366878e-02   0.0000000e+00   4.9850225e-08
   3.2500000e+02   3.1205140e+01   3.9410350e+00  -9.7523344e-02   0.0000000e+00   4.9602865e-08
   3.2600000e+02   3.1113190e+01   3.9405760e+00  -9.7679592e-02   0.0000000e+00   4.9354693e-08
   3.2700000e+02   3.1021820e+01   3.9401150e+00  -9.7835669e-02   0.0000000e+00   4.9105745e-08
   3.2800000e+02   3.0931010e+01   3.9396530e+00  -9.7991549e-02   0.0000000e+00   4.8856012e-08
   3.2900000e+02   3.0840770e+01   3.9391890e+00  -9.8147256e-02   0.0000000e+00   4.8605535e-08
   3.3000000e+02   3.0751100e+01   3.9387230e+00  -9.8302794e-02   0.0000000e+00   4.8354328e-08
   3.3100000e+02   3.0661970e+01   3.9382550e+00  -9.8458188e-02   0.0000000e+00   4.8102415e-08
   3.3200000e+02   3.0573400e+01   3.9377850e+00  -9.8613420e-02   0.0000000e+00   4.7849802e-08
   3.3300000e+02   3.0485380e+01   3.9373140e+00  -9.8768456e-02   0.0000000e+00   4.7596486e-08
   3.3400000e+02   3.0397890e+01   3.9368410e+00  -9.8923357e-02   0.0000000e+00   4.7342514e-08
   3.3500000e+02   3.0310940e+01   3.9363670e+00  -9.9078070e-02   0.0000000e+00   4.7087887e-08
   3.3600000e+02   3.0224520e+01   3.9358900e+00  -9.9232684e-02   0.0000000e+00   4.6832627e-08
   3.3700000e+02   3.0138630e+01   3.9354120e+00  -9.9387115e-02   0.0000000e+00   4.6576744e-08
   3.3800000e+02   3.0053260e+01   3.9349320e+00  -9.9541421e-02   0.0000000e+00   4.6320271e-08
   3.3900000e+02   2.9968410e+01   3.9344500e+00  -9.9695592e-02   0.0000000e+00   4.6063203e-08
   3.4000000e+02   2.9884070e+01   3.9339660e+00  -9.9849645e-02   0.0000000e+00   4.5805578e-08
   3.4100000e+02   2.9800240e+01   3.9334810e+00  -1.0000353e-01   0.0000000e+00   4.5547379e-08
   3.4200000e+02   2.9716910e+01   3.9329930e+00  -1.0015733e-01   0.0000000e+00   4.5288671e-08
   3.4300000e+02   2.9634090e+01   3.9325040e+00  -1.0031096e-01   0.0000000e+00   4.5029439e-08
   3.4400000e+02   2.9551760e+01   3.9320130e+00  -1.0046451e-01   0.0000000e+00   4.4769703e-08
   3.4500000e+02   2.9469920e+01   3.9315200e+00  -1.0061792e-01   0.0000000e+00   4.4509472e-08
   3.4600000e+02   2.9388570e+01   3.9310250e+00  -1.0077123e-01   0.0000000e+00   4.4248788e-08
   3.4700000e+02   2.9307700e+01   3.9305290e+00  -1.0092441e-01   0.0000000e+00   4.3987635e-08
   3.4800000e+02   2.9227310e+01   3.9300300e+00  -1.0107752e-01   0.0000000e+00   4.3726064e-08
   3.4900000e+02   2.9147390e+01   3.9295300e+00  -1.0123051e-01   0.0000000e+00   4.3464061e-08
   3.5000000e+02   2.9067950e+01   3.9290280e+00  -1.0138337e-01   0.0000000e+00   4.3201661e-08
   3.5100000e+02   2.8988970e+01   3.9285230e+00  -1.0153621e-01   0.0000000e+00   4.2938881e-08
   3.5200000e+02   2.8910460e+01   3.9280170e+00  -1.0168890e-01   0.0000000e+00   4.2675721e-08
   3.5300000e+02   2.8832400e+01   3.9275090e+00  -1.0184152e-01   0.0000000e+00   4.2412225e-08
   3.5400000e+02   2.8754800e+01   3.9269990e+00  -1.0199405e-01   0.0000000e+00   4.2148378e-08
   3.5500000e+02   2.8677660e+01   3.9264870e+00  -1.0214649e-01   0.0000000e+00   4.1884216e-08
   3.5600000e+02   2.8600960e+01   3.9259740e+00  -1.0229883e-01   0.0000000e+00   4.1619734e-08
   3.5700000e+02   2.8524700e+01   3.9254580e+00  -1.0245113e-01   0.0000000e+00   4.1354992e-08
   3.5800000e+02   2.8448890e+01   3.9249400e+00  -1.0260337e-01   0.0000000e+00   4.1089979e-08
   3.5900000e+02   2.8373510e+01   3.9244200e+00  -1.0275552e-01   0.0000000e+00   4.0824704e-08
   3.6000000e+02   2.8298570e+01   3.9238990e+00  -1.0290758e-01   0.0000000e+00   4.0559193e-08
   3.6100000e+02   2.8224050e+01   3.9233750e+00  -1.0305961e-01   0.0000000e+00   4.0293463e-08
   3.6200000e+02   2.8149960e+01   3.9228490e+00  -1.0321159e-01   0.0000000e+00   4.0027537e-08
   3.6300000e+02   2.8076300e+01   3.9223220e+00  -1.0336347e-01   0.0000000e+00   3.9761415e-08
   3.6400000e+02   2.8003050e+01   3.9217920e+00  -1.0351534e-01   0.0000000e+00   3.9495132e-08
   3.6500000e+02   2.7930220e+01   3.9212600e+00  -1.0366715e-01   0.0000000e+00   3.9228699e-08
   3.6600000e+02   2.7857810e+01   3.9207270e+00  -1.0381886e-01   0.0000000e+00   3.8962110e-08
   3.6700000e+02   2.7785800e+01   3.9201910e+00  -1.0397058e-01   0.0000000e+00   3.8695410e-08
   3.6800000e+02   2.7714200e+01   3.9196530e+00  -1.0412225e-01   0.0000000e+00   3.8428614e-08
   3.6900000e+02   2.7643000e+01   3.9191140e+00  -1.0427384e-01   0.0000000e+00   3.8161712e-08
   3.7000000e+02   2.7572200e+01   3.9185720e+00  -1.0442545e-01   0.0000000e+00   3.7894753e-08
   3.7100000e+02   2.7501800e+01   3.9180280e+00  -1.0457701e-01   0.0000000e+00   3.7627745e-08
   3.7200000e+02   2.7431790e+01   3.9174820e+00  -1.0472854e-01   0.0000000e+00   3.7360686e-08
   3.7300000e+02   2.7362170e+01   3.9169340e+00  -1.0488003e-01   0.0000000e+00   3.7093610e-08
   3.7400000e+02   2.7292940e+01   3.9163840e+00  -1.0503150e-01   0.0000000e+00   3.6826523e-08
   3.7500000e+02   2.7224090e+01   3.9158320e+00  -1.0518295e-01   0.0000000e+00   3.6559460e-08
   3.7600000e+02   2.7155630e+01   3.9152780e+00  -1.0533436e-01   0.0000000e+00   3.6292412e-08
   3.7700000e+02   2.7087540e+01   3.9147220e+00  -1.0548576e-01   0.0000000e+00   3.6025411e-08
   3.7800000e+02   2.7019830e+01   3.9141640e+00  -1.0563713e-01   0.0000000e+00   3.5758464e-08
   3.7900000e+02   2.6952490e+01   3.9136030e+00  -1.0578853e-01   0.0000000e+00   3.5491606e-08
   3.8000000e+02   2.6885520e+01   3.9130410e+00  -1.0593989e-01   0.0000000e+00   3.5224829e-08
   3.8100000e+02   2.6818920e+01   3.9124760e+00  -1.0609126e-01   0.0000000e+00   3.4958173e-08
   3.8200000e+02   2.6752680e+01   3.9119100e+00  -1.0624259e-01   0.0000000e+00   3.4691628e-08
   3.8300000e+02   2.6686800e+01   3.9113410e+00  -1.0639396e-01   0.0000000e+00   3.4425233e-08
   3.8400000e+02   2.6621280e+01   3.9107700e+00  -1.0654532e-01   0.0000000e+00   3.4158995e-08
   3.8500000e+02   2.6556110e+01   3.9101970e+00  -1.0669668e-01   0.0000000e+00   3.3892931e-08
   3.8600000e+02   2.6491300e+01   3.9096220e+00  -1.0684802e-01   0.0000000e+00   3.3627053e-08
   3.8700000e+02   2.6426840e+01   3.9090440e+00  -1.0699941e-01   0.0000000e+00   3.3361391e-08
   3.8800000e+02   2.6362720e+01   3.9084650e+00  -1.0715079e-01   0.0000000e+00   3.3095936e-08
   3.8900000e+02   2.6298950e+01   3.9078830e+00  -1.0730219e-01   0.0000000e+00   3.2830737e-08
   3.9000000e+02   2.6235520e+01   3.9073000e+00  -1.0745357e-01   0.0000000e+00   3.2565770e-08
   3.9100000e+02   2.6172430e+01   3.9067140e+00  -1.0760500e-01   0.0000000e+00   3.2301089e-08
   3.9200000e+02   2.6109680e+01   3.9061260e+00  -1.0775643e-01   0.0000000e+00   3.2036693e-08
   3.9300000e+02   2.6047270e+01   3.9055360e+00  -1.0790787e-01   0.0000000e+00   3.1772597e-08
   3.9400000e+02   2.5985180e+01   3.9049430e+00  -1.0805939e-01   0.0000000e+00   3.1508822e-08
   3.9500000e+02   2.5923430e+01   3.9043490e+00  -1.0821086e-01   0.0000000e+00   3.1245379e-08
   3.9600000e+02   2.5862000e+01   3.9037520e+00  -1.0836240e-01   0.0000000e+00   3.0982287e-08
   3.9700000e+02   2.5800890e+01   3.9031530e+00  -1.0851397e-01   0.0000000e+00   3.0719560e-08
   3.9800000e+02   2.5740110e+01   3.9025520e+00  -1.0866557e-01   0.0000000e+00   3.0457217e-08
   3.9900000e+02   2.5679650e+01   3.9019490e+00  -1.0881718e-01   0.0000000e+00   3.0195267e-08
   4.0000000e+02   2.5619510e+01   3.9013430e+00  -1.0896885e-01   0.0000000e+00   2.9933744e-08
   4.0100000e+02   2.5559680e+01   3.9007350e+00  -1.0912057e-01   0.0000000e+00   2.9672650e-08
   4.0200000e+02   2.5500170e+01   3.9001260e+00  -1.0927225e-01   0.0000000e+00   2.9411981e-08
   4.0300000e+02   2.5440960e+01   3.8995130e+00  -1.0942407e-01   0.0000000e+00   2.9151789e-08
   4.0400000e+02   2.5382060e+01   3.8988990e+00  -1.0957588e-01   0.0000000e+00   2.8892065e-08
   4.0500000e+02   2.5323470e+01   3.8982830e+00  -1.0972772e-01   0.0000000e+00   2.8632839e-08
   4.0600000e+02   2.5265190e+01   3.8976640e+00  -1.0987964e-01   0.0000000e+00   2.8374117e-08
   4.0700000e+02   2.5207200e+01   3.8970430e+00  -1.1003160e-01   0.0000000e+00   2.8115924e-08
   4.0800000e+02   2.5149520e+01   3.8964200e+00  -1.1018358e-01   0.0000000e+00   2.7858263e-08
   4.0900000e+02   2.5092130e+01   3.8957940e+00  -1.1033566e-01   0.0000000e+00   2.7601162e-08
   4.1000000e+02   2.5035040e+01   3.8951670e+00  -1.1048775e-01   0.0000000e+00   2.7344625e-08
   4.1100000e+02   2.4978240e+01   3.8945370e+00  -1.1063991e-01   0.0000000e+00   2.7088672e-08
   4.1200000e+02   2.4921730e+01   3.8939040e+00  -1.1079217e-01   0.0000000e+00   2.6833332e-08
   4.1300000e+02   2.4865510e+01   3.8932700e+00  -1.1094443e-01   0.0000000e+00   2.6578590e-08
   4.1400000e+02   2.4809580e+01   3.8926330e+00  -1.1109677e-01   0.0000000e+00   2.6324486e-08
   4.1500000e+02   2.4753930e+01   3.8919940e+00  -1.1124919e-01   0.0000000e+00   2.6071032e-08
   4.1600000e+02   2.4698570e+01   3.8913530e+00  -1.1140161e-01   0.0000000e+00   2.5818233e-08
   4.1700000e+02   2.4643490e+01   3.8907100e+00  -1.1155412e-01   0.0000000e+00   2.5566113e-08
   4.1800000e+02   2.4588680e+01   3.8900640e+00  -1.1170672e-01   0.0000000e+00   2.5314685e-08
   4.1900000e+02   2.4534150e+01   3.8894160e+00  -1.1185938e-01   0.0000000e+00   2.5063962e-08
   4.2000000e+02   2.4479900e+01   3.8887660e+00  -1.1201208e-01   0.0000000e+00   2.4813962e-08
   4.2100000e+02   2.4425920e+01   3.8881130e+00  -1.1216490e-01   0.0000000e+00   2.4564700e-08
   4.2200000e+02   2.4372210e+01   3.8874590e+00  -1.1231773e-01   0.0000000e+00   2.4316181e-08
   4.2300000e+02   2.4318780e+01   3.8868020e+00  -1.1247063e-01   0.0000000e+00   2.4068429e-08
   4.2400000e+02   2.4265600e+01   3.8861420e+00  -1.1262367e-01   0.0000000e+00   2.3821464e-08
   4.2500000e+02   2.4212700e+01   3.8854800e+00  -1.1277676e-01   0.0000000e+00   2.3575296e-08
   4.2600000e+02   2.4160060e+01   3.8848170e+00  -1.1292987e-01   0.0000000e+00   2.3329930e-08
   4.2700000e+02   2.4107670e+01   3.8841500e+00  -1.1308315e-01   0.0000000e+00   2.3085398e-08
   4.2800000e+02   2.4055550e+01   3.8834820e+00  -1.1323643e-01   0.0000000e+00   2.2841692e-08
   4.2900000e+02   2.4003690e+01   3.8828110e+00  -1.1338982e-01   0.0000000e+00   2.2598853e-08
   4.3000000e+02   2.3952090e+01   3.8821380e+00  -1.1354327e-01   0.0000000e+00   2.2356870e-08
   4.3100000e+02   2.3900740e+01   3.8814620e+00  -1.1369684e-01   0.0000000e+00   2.2115777e-08
   4.3200000e+02   2.3849640e+01   3.8807850e+00  -1.1385044e-01   0.0000000e+00   2.1875577e-08
   4.3300000e+02   2.3798790e+01   3.8801050e+00  -1.1400415e-01   0.0000000e+00   2.1636284e-08
   4.3400000e+02   2.3748200e+01   3.8794220e+00  -1.1415796e-01   0.0000000e+00   2.1397925e-08
   4.3500000e+02   2.3697850e+01   3.8787380e+00  -1.1431181e-01   0.0000000e+00   2.1160502e-08
   4.3600000e+02   2.3647750e+01   3.8780510e+00  -1.1446577e-01   0.0000000e+00   2.0924028e-08
   4.3700000e+02   2.3597890e+01   3.8773610e+00  -1.1461985e-01   0.0000000e+00   2.0688526e-08
   4.3800000e+02   2.3548270e+01   3.8766700e+00  -1.1477397e-01   0.0000000e+00   2.0454002e-08
   4.3900000e+02   2.3498900e+01   3.8759760e+00  -1.1492819e-01   0.0000000e+00   2.0220477e-08
   4.4000000e+02   2.3449770e+01   3.8752790e+00  -1.1508252e-01   0.0000000e+00   1.9987957e-08
   4.4100000e+02   2.3400870e+01   3.8745810e+00  -1.1523690e-01   0.0000000e+00   1.9756459e-08
   4.4200000e+02   2.3352210e+01   3.8738800e+00  -1.1539140e-01   0.0000000e+00   1.9525995e-08
   4.4300000e+02   2.3303790e+01   3.8731770e+00  -1.1554596e-01   0.0000000e+00   1.9296586e-08
   4.4400000e+02   2.3255600e+01   3.8724710e+00  -1.1570065e-01   0.0000000e+00   1.9068238e-08
   4.4500000e+02   2.3207640e+01   3.8717630e+00  -1.1585541e-01   0.0000000e+00   1.8840968e-08
   4.4600000e+02   2.3159910e+01   3.8710530e+00  -1.1601026e-01   0.0000000e+00   1.8614782e-08
   4.4700000e+02   2.3112410e+01   3.8703400e+00  -1.1616522e-01   0.0000000e+00   1.8389703e-08
   4.4800000e+02   2.3065140e+01   3.8696250e+00  -1.1632027e-01   0.0000000e+00   1.8165743e-08
   4.4900000e+02   2.3018090e+01   3.8689080e+00  -1.1647541e-01   0.0000000e+00   1.7942905e-08
   4.5000000e+02   2.2971270e+01   3.8681890e+00  -1.1663060e-01   0.0000000e+00   1.7721208e-08
   4.5100000e+02   2.2924670e+01   3.8674670e+00  -1.1678592e-01   0.0000000e+00   1.7500675e-08
   4.5200000e+02   2.2878300e+01   3.8667420e+00  -1.1694137e-01   0.0000000e+00   1.7281309e-08
   4.5300000e+02   2.2832140e+01   3.8660160e+00  -1.1709685e-01   0.0000000e+00   1.7063121e-08
   4.5400000e+02   2.2786200e+01   3.8652870e+00  -1.1725246e-01   0.0000000e+00   1.6846123e-08
   4.5500000e+02   2.2740480e+01   3.8645550e+00  -1.1740819e-01   0.0000000e+00   1.6630340e-08
   4.5600000e+02   2.2694970e+01   3.8638220e+00  -1.1756397e-01   0.0000000e+00   1.6415768e-08
   4.5700000e+02   2.2649680e+01   3.8630860e+00  -1.1771987e-01   0.0000000e+00   1.6202427e-08
   4.5800000e+02   2.2604600e+01   3.8623470e+00  -1.1787588e-01   0.0000000e+00   1.5990339e-08
   4.5900000e+02   2.2559730e+01   3.8616070e+00  -1.1803195e-01   0.0000000e+00   1.5779495e-08
   4.6000000e+02   2.2515070e+01   3.8608630e+00  -1.1818819e-01   0.0000000e+00   1.5569926e-08
   4.6100000e+02   2.2470630e+01   3.8601180e+00  -1.1834444e-01   0.0000000e+00   1.5361633e-08
   4.6200000e+02   2.2426390e+01   3.8593700e+00  -1.1850082e-01   0.0000000e+00   1.5154636e-08
   4.6300000e+02   2.2382350e+01   3.8586200e+00  -1.1865731e-01   0.0000000e+00   1.4948941e-08
   4.6400000e+02   2.2338520e+01   3.8578680e+00  -1.1881387e-01   0.0000000e+00   1.4744559e-08
   4.6500000e+02   2.2294900e+01   3.8571130e+00  -1.1897054e-01   0.0000000e+00   1.4541507e-08
   4.6600000e+02   2.2251470e+01   3.8563560e+00  -1.1912732e-01   0.0000000e+00   1.4339797e-08
   4.6700000e+02   2.2208250e+01   3.8555960e+00  -1.1928420e-01   0.0000000e+00   1.4139436e-08
   4.6800000e+02   2.2165230e+01   3.8548340e+00  -1.1944116e-01   0.0000000e+00   1.3940433e-08
   4.6900000e+02   2.2122400e+01   3.8540700e+00  -1.1959823e-01   0.0000000e+00   1.3742810e-08
   4.7000000e+02   2.2079780e+01   3.8533030e+00  -1.1975539e-01   0.0000000e+00   1.3546568e-08
   4.7100000e+02   2.2037350e+01   3.8525340e+00  -1.1991265e-01   0.0000000e+00   1.3351722e-08
   4.7200000e+02   2.1995110e+01   3.8517630e+00  -1.2006999e-01   0.0000000e+00   1.3158281e-08
   4.7300000e+02   2.1953070e+01   3.8509890e+00  -1.2022745e-01   0.0000000e+00   1.2966263e-08
   4.7400000e+02   2.1911220e+01   3.8502130e+00  -1.2038499e-01   0.0000000e+00   1.2775669e-08
   4.7500000e+02   2.1869560e+01   3.8494350e+00  -1.2054263e-01   0.0000000e+00   1.2586516e-08
   4.7600000e+02   2.1828090e+01   3.8486540e+00  -1.2070037e-01   0.0000000e+00   1.2398811e-08
   4.7700000e+02   2.1786810e+01   3.8478710e+00  -1.2085820e-01   0.0000000e+00   1.2212564e-08
   4.7800000e+02   2.1745720e+01   3.8470850e+00  -1.2101613e-01   0.0000000e+00   1.2027795e-08
   4.7900000e+02   2.1704810e+01   3.8462980e+00  -1.2117413e-01   0.0000000e+00   1.1844500e-08
   4.8000000e+02   2.1664090e+01   3.8455070e+00  -1.2133228e-01   0.0000000e+00   1.1662701e-08
   4.8100000e+02   2.1623550e+01   3.8447150e+00  -1.2149047e-01   0.0000000e+00   1.1482400e-08
   4.8200000e+02   2.1583200e+01   3.8439200e+00  -1.2164877e-01   0.0000000e+00   1.1303611e-08
   4.8300000e+02   2.1543030e+01   3.8431230e+00  -1.2180715e-01   0.0000000e+00   1.1126343e-08
   4.8400000e+02   2.1503040e+01   3.8423230e+00  -1.2196564e-01   0.0000000e+00   1.0950606e-08
   4.8500000e+02   2.1463230e+01   3.8415210e+00  -1.2212422e-01   0.0000000e+00   1.0776415e-08
   4.8600000e+02   2.1423590e+01   3.8407170e+00  -1.2228289e-01   0.0000000e+00   1.0603769e-08
   4.8700000e+02   2.1384140e+01   3.8399100e+00  -1.2244166e-01   0.0000000e+00   1.0432682e-08
   4.8800000e+02   2.1344860e+01   3.8391010e+00  -1.2260050e-01   0.0000000e+00   1.0263161e-08
   4.8900000e+02   2.1305760e+01   3.8382900e+00  -1.2275941e-01   0.0000000e+00   1.0095222e-08
   4.9000000e+02   2.1266830e+01   3.8374760e+00  -1.2291845e-01   0.0000000e+00   9.9288728e-09
   4.9100000e+02   2.1228080e+01   3.8366600e+00  -1.2307755e-01   0.0000000e+00   9.7641108e-09
   4.9200000e+02   2.1189490e+01   3.8358420e+00  -1.2323674e-01   0.0000000e+00   9.6009610e-09
   4.9300000e+02   2.1151080e+01   3.8350210e+00  -1.2339603e-01   0.0000000e+00   9.4394205e-09
   4.9400000e+02   2.1112840e+01   3.8341980e+00  -1.2355539e-01   0.0000000e+00   9.2795041e-09
   4.9500000e+02   2.1074770e+01   3.8333730e+00  -1.2371480e-01   0.0000000e+00   9.1212129e-09
   4.9600000e+02   2.1036860e+01   3.8325450e+00  -1.2387436e-01   0.0000000e+00   8.9645651e-09
   4.9700000e+02   2.0999120e+01   3.8317150e+00  -1.2403398e-01   0.0000000e+00   8.8095628e-09
   4.9800000e+02   2.0961550e+01   3.8308830e+00  -1.2419365e-01   0.0000000e+00   8.6562155e-09
   4.9900000e+02   2.0924150e+01   3.8300480e+00  -1.2435342e-01   0.0000000e+00   8.5045284e-09
   5.0000000e+02   2.0886910e+01   3.8292110e+00  -1.2451327e-01   0.0000000e+00   8.3545183e-09
   5.0100000e+02   2.0849830e+01   3.8283710e+00  -1.2467323e-01   0.0000000e+00   8.2061820e-09
   5.0200000e+02   2.0812910e+01   3.8275300e+00  -1.2483321e-01   0.0000000e+00   8.0595268e-09
   5.0300000e+02   2.0776160e+01   3.8266860e+00  -1.2499328e-01   0.0000000e+00   7.9145721e-09
   5.0400000e+02   2.0739560e+01   3.8258390e+00  -1.2515349e-01   0.0000000e+00   7.7713172e-09
   5.0500000e+02   2.0703130e+01   3.8249910e+00  -1.2531367e-01   0.0000000e+00   7.6297661e-09
   5.0600000e+02   2.0666850e+01   3.8241400e+00  -1.2547398e-01   0.0000000e+00   7.4899295e-09
   5.0700000e+02   2.0630730e+01   3.8232870e+00  -1.2563434e-01   0.0000000e+00   7.3518165e-09
   5.0800000e+02   2.0594770e+01   3.8224310e+00  -1.2579481e-01   0.0000000e+00   7.2154355e-09
   5.0900000e+02   2.0558960e+01   3.8215730e+00  -1.2595533e-01   0.0000000e+00   7.0807826e-09
   5.1000000e+02   2.0523310e+01   3.8207130e+00  -1.2611588e-01   0.0000000e+00   6.9478764e-09
   5.1100000e+02   2.0487810e+01   3.8198500e+00  -1.2627657e-01   0.0000000e+00   6.8167148e-09
   5.1200000e+02   2.0452460e+01   3.8189860e+00  -1.2643724e-01   0.0000000e+00   6.6873096e-09
   5.1300000e+02   2.0417270e+01   3.8181180e+00  -1.2659805e-01   0.0000000e+00   6.5596625e-09
   5.1400000e+02   2.0382230e+01   3.8172490e+00  -1.2675885e-01   0.0000000e+00   6.4337792e-09
   5.1500000e+02   2.0347330e+01   3.8163770e+00  -1.2691980e-01   0.0000000e+00   6.3096731e-09
   5.1600000e+02   2.0312590e+01   3.8155030e+00  -1.2708074e-01   0.0000000e+00   6.1873411e-09
   5.1700000e+02   2.0278000e+01   3.8146270e+00  -1.2724173e-01   0.0000000e+00   6.0667964e-09
   5.1800000e+02   2.0243550e+01   3.8137490e+00  -1.2740279e-01   0.0000000e+00   5.9480350e-09
   5.1900000e+02   2.0209250e+01   3.8128680e+00  -1.2756392e-01   0.0000000e+00   5.8310697e-09
   5.2000000e+02   2.0175090e+01   3.8119850e+00  -1.2772511e-01   0.0000000e+00   5.7159041e-09
   5.2100000e+02   2.0141090e+01   3.8110990e+00  -1.2788635e-01   0.0000000e+00   5.6025390e-09
   5.2200000e+02   2.0107220e+01   3.8102120e+00  -1.2804761e-01   0.0000000e+00   5.4909878e-09
   5.2300000e+02   2.0073500e+01   3.8093220e+00  -1.2820895e-01   0.0000000e+00   5.3812479e-09
   5.2400000e+02   2.0039920e+01   3.8084300e+00  -1.2837032e-01   0.0000000e+00   5.2733244e-09
   5.2500000e+02   2.0006490e+01   3.8075350e+00  -1.2853176e-01   0.0000000e+00   5.1672240e-09
   5.2600000e+02   1.9973190e+01   3.8066390e+00  -1.2869321e-01   0.0000000e+00   5.0629491e-09
   5.2700000e+02   1.9940040e+01   3.8057400e+00  -1.2885470e-01   0.0000000e+00   4.9605056e-09
   5.2800000e+02   1.9907020e+01   3.8048390e+00  -1.2901626e-01   0.0000000e+00   4.8599005e-09
   5.2900000e+02   1.9874140e+01   3.8039350e+00  -1.2917788e-01   0.0000000e+00   4.7611313e-09
   5.3000000e+02   1.9841400e+01   3.8030300e+00  -1.2933949e-01   0.0000000e+00   4.6642052e-09
   5.3100000e+02   1.9808800e+01   3.8021220e+00  -1.2950114e-01   0.0000000e+00   4.5691230e-09
   5.3200000e+02   1.9776330e+01   3.8012120e+00  -1.2966284e-01   0.0000000e+00   4.4758903e-09
   5.3300000e+02   1.9744000e+01   3.8002990e+00  -1.2982459e-01   0.0000000e+00   4.3845126e-09
   5.3400000e+02   1.9711810e+01   3.7993850e+00  -1.2998632e-01   0.0000000e+00   4.2949922e-09
   5.3500000e+02   1.9679750e+01   3.7984680e+00  -1.3014810e-01   0.0000000e+00   4.2073266e-09
   5.3600000e+02   1.9647820e+01   3.7975490e+00  -1.3030993e-01   0.0000000e+00   4.1215234e-09
   5.3700000e+02   1.9616020e+01   3.7966280e+00  -1.3047176e-01   0.0000000e+00   4.0375854e-09
   5.3800000e+02   1.9584360e+01   3.7957050e+00  -1.3063359e-01   0.0000000e+00   3.9555147e-09
   5.3900000e+02   1.9552830e+01   3.7947790e+00  -1.3079548e-01   0.0000000e+00   3.8753130e-09
   5.4000000e+02   1.9521420e+01   3.7938510e+00  -1.3095742e-01   0.0000000e+00   3.7969810e-09
   5.4100000e+02   1.9490150e+01   3.7929210e+00  -1.3111933e-01   0.0000000e+00   3.7205268e-09
   5.4200000e+02   1.9459010e+01   3.7919890e+00  -1.3128123e-01   0.0000000e+00   3.6459435e-09
   5.4300000e+02   1.9427990e+01   3.7910550e+00  -1.3144317e-01   0.0000000e+00   3.5732406e-09
   5.4400000e+02   1.9397100e+01   3.7901190e+00  -1.3160509e-01   0.0000000e+00   3.5024143e-09
   5.4500000e+02   1.9366340e+01   3.7891800e+00  -1.3176706e-01   0.0000000e+00   3.4334689e-09
   5.4600000e+02   1.9335700e+01   3.7882390e+00  -1.3192905e-01   0.0000000e+00   3.3664075e-09
   5.4700000e+02   1.9305190e+01   3.7872960e+00  -1.3209102e-01   0.0000000e+00   3.3012274e-09
   5.4800000e+02   1.9274800e+01   3.7863510e+00  -1.3225299e-01   0.0000000e+00   3.2379323e-09
   5.4900000e+02   1.9244540e+01   3.7854040e+00  -1.3241496e-01   0.0000000e+00   3.1765222e-09
   5.5000000e+02   1.9214400e+01   3.7844540e+00  -1.3257696e-01   0.0000000e+00   3.1169983e-09
   5.5100000e+02   1.9184390e+01   3.7835030e+00  -1.3273888e-01   0.0000000e+00   3.0593604e-09
   5.5200000e+02   1.9154490e+01   3.7825490e+00  -1.3290087e-01   0.0000000e+00   3.0036084e-09
   5.5300000e+02   1.9124720e+01   3.7815940e+00  -1.3306277e-01   0.0000000e+00   2.9497455e-09
   5.5400000e+02   1.9095060e+01   3.7806360e+00  -1.3322474e-01   0.0000000e+00   2.8977701e-09
   5.5500000e+02   1.9065530e+01   3.7796760e+00  -1.3338666e-01   0.0000000e+00   2.8476837e-09
   5.5600000e+02   1.9036120e+01   3.7787140e+00  -1.3354856e-01   0.0000000e+00   2.7994813e-09
   5.5700000e+02   1.9006820e+01   3.7777490e+00  -1.3371050e-01   0.0000000e+00   2.7531703e-09
   5.5800000e+02   1.8977640e+01   3.7767830e+00  -1.3387238e-01   0.0000000e+00   2.7087447e-09
   5.5900000e+02   1.8948580e+01   3.7758150e+00  -1.3403421e-01   0.0000000e+00   2.6662018e-09
   5.6000000e+02   1.8919640e+01   3.7748440e+00  -1.3419606e-01   0.0000000e+00   2.6255514e-09
   5.6100000e+02   1.8890810e+01   3.7738720e+00  -1.3435784e-01   0.0000000e+00   2.5867813e-09
   5.6200000e+02   1.8862100e+01   3.7728970e+00  -1.3451963e-01   0.0000000e+00   2.5498969e-09
   5.6300000e+02   1.8833500e+01   3.7719210e+00  -1.3468135e-01   0.0000000e+00   2.5148941e-09
   5.6400000e+02   1.8805020e+01   3.7709420e+00  -1.3484306e-01   0.0000000e+00   2.4817749e-09
   5.6500000e+02   1.8776650e+01   3.7699610e+00  -1.3500475e-01   0.0000000e+00   2.4505341e-09
   5.6600000e+02   1.8748390e+01   3.7689780e+00  -1.3516640e-01   0.0000000e+00   2.4211740e-09
   5.6700000e+02   1.8720240e+01   3.7679930e+00  -1.3532803e-01   0.0000000e+00   2.3936900e-09
   5.6800000e+02   1.8692210e+01   3.7670070e+00  -1.3548953e-01   0.0000000e+00   2.3680802e-09
   5.6900000e+02   1.8664290e+01   3.7660180e+00  -1.3565104e-01   0.0000000e+00   2.3443435e-09
   5.7000000e+02   1.8636470e+01   3.7650270e+00  -1.3581252e-01   0.0000000e+00   2.3224801e-09
   5.7100000e+02   1.8608770e+01   3.7640340e+00  -1.3597393e-01   0.0000000e+00   2.3024833e-09
   5.7200000e+02   1.8581180e+01   3.7630390e+00  -1.3613529e-01   0.0000000e+00   2.2843561e-09
   5.7300000e+02   1.8553690e+01   3.7620420e+00  -1.3629661e-01   0.0000000e+00   2.2680902e-09
   5.7400000e+02   1.8526320e+01   3.7610430e+00  -1.3645784e-01   0.0000000e+00   2.2536865e-09
   5.7500000e+02   1.8499050e+01   3.7600420e+00  -1.3661904e-01   0.0000000e+00   2.2411417e-09
   5.7600000e+02   1.8471890e+01   3.7590400e+00  -1.3678011e-01   0.0000000e+00   2.2304519e-09
   5.7700000e+02   1.8444830e+01   3.7580350e+00  -1.3694119e-01   0.0000000e+00   2.2216139e-09
   5.7800000e+02   1.8417880e+01   3.7570280e+00  -1.3710220e-01   0.0000000e+00   2.2146257e-09
   5.7900000e+02   1.8391040e+01   3.7560190e+00  -1.3726313e-01   0.0000000e+00   2.2094849e-09
   5.8000000e+02   1.8364300e+01   3.7550090e+00  -1.3742393e-01   0.0000000e+00   2.2061841e-09
   5.8100000e+02   1.8337660e+01   3.7539960e+00  -1.3758474e-01   0.0000000e+00   2.2047235e-09
   5.8200000e+02   1.8311130e+01   3.7529820e+00  -1.3774540e-01   0.0000000e+00   2.2050983e-09
   5.8300000e+02   1.8284700e+01   3.7519650e+00  -1.3790604e-01   0.0000000e+00   2.2073041e-09
   5.8400000e+02   1.8258370e+01   3.7509470e+00  -1.3806657e-01   0.0000000e+00   2.2113358e-09
   5.8500000e+02   1.8232150e+01   3.7499270e+00  -1.3822699e-01   0.0000000e+00   2.2171916e-09
   5.8600000e+02   1.8206020e+01   3.7489050e+00  -1.3838736e-01   0.0000000e+00   2.2248650e-09
   5.8700000e+02   1.8180000e+01   3.7478810e+00  -1.3854761e-01   0.0000000e+00   2.2343537e-09
   5.8800000e+02   1.8154080e+01   3.7468550e+00  -1.3870779e-01   0.0000000e+00   2.2456521e-09
   5.8900000e+02   1.8128250e+01   3.7458270e+00  -1.3886790e-01   0.0000000e+00   2.2587561e-09
   5.9000000e+02   1.8102530e+01   3.7447970e+00  -1.3902789e-01   0.0000000e+00   2.2736596e-09
   5.9100000e+02   1.8076900e+01   3.7437660e+00  -1.3918776e-01   0.0000000e+00   2.2903585e-09
   5.9200000e+02   1.8051380e+01   3.7427330e+00  -1.3934750e-01   0.0000000e+00   2.3088470e-09
   5.9300000e+02   1.8025950e+01   3.7416970e+00  -1.3950720e-01   0.0000000e+00   2.3291213e-09
   5.9400000e+02   1.8000610e+01   3.7406600e+00  -1.3966679e-01   0.0000000e+00   2.3511752e-09
   5.9500000e+02   1.7975380e+01   3.7396220e+00  -1.3982618e-01   0.0000000e+00   2.3750032e-09
   5.9600000e+02   1.7950240e+01   3.7385810e+00  -1.3998553e-01   0.0000000e+00   2.4005998e-09
   5.9700000e+02   1.7925190e+01   3.7375390e+00  -1.4014474e-01   0.0000000e+00   2.4279591e-09
   5.9800000e+02   1.7900250e+01   3.7364940e+00  -1.4030385e-01   0.0000000e+00   2.4570770e-09
   5.9900000e+02   1.7875390e+01   3.7354480e+00  -1.4046284e-01   0.0000000e+00   2.4879453e-09
   6.0000000e+02   1.7850630e+01   3.7344010e+00  -1.4062164e-01   0.0000000e+00   2.5205582e-09
   6.0100000e+02   1.7825960e+01   3.7333510e+00  -1.4078040e-01   0.0000000e+00   2.5549115e-09
   6.0200000e+02   1.7801390e+01   3.7323000e+00  -1.4093896e-01   0.0000000e+00   2.5909957e-09
   6.0300000e+02   1.7776910e+01   3.7312470e+00  -1.4109742e-01   0.0000000e+00   2.6288084e-09
   6.0400000e+02   1.7752520e+01   3.7301920e+00  -1.4125574e-01   0.0000000e+00   2.6683393e-09
   6.0500000e+02   1.7728220e+01   3.7291350e+00  -1.4141396e-01   0.0000000e+00   2.7095850e-09
   6.0600000e+02   1.7704020e+01   3.7280770e+00  -1.4157197e-01   0.0000000e+00   2.7525360e-09
   6.0700000e+02   1.7679900e+01   3.7270170e+00  -1.4172989e-01   0.0000000e+00   2.7971865e-09
   6.0800000e+02   1.7655870e+01   3.7259550e+00  -1.4188767e-01   0.0000000e+00   2.8435307e-09
   6.0900000e+02   1.7631940e+01   3.7248920e+00  -1.4204524e-01   0.0000000e+00   2.8915600e-09
   6.1000000e+02   1.7608090e+01   3.7238270e+00  -1.4220270e-01   0.0000000e+00   2.9412671e-09
   6.1100000e+02   1.7584340e+01   3.7227600e+00  -1.4235998e-01   0.0000000e+00   2.9926463e-09
   6.1200000e+02   1.7560670e+01   3.7216920e+00  -1.4251710e-01   0.0000000e+00   3.0456887e-09
   6.1300000e+02   1.7537080e+01   3.7206220e+00  -1.4267411e-01   0.0000000e+00   3.1003876e-09
   6.1400000e+02   1.7513590e+01   3.7195500e+00  -1.4283092e-01   0.0000000e+00   3.1567348e-09
   6.1500000e+02   1.7490180e+01   3.7184760e+00  -1.4298762e-01   0.0000000e+00   3.2147234e-09
   6.1600000e+02   1.7466860e+01   3.7174010e+00  -1.4314410e-01   0.0000000e+00   3.2743450e-09
   6.1700000e+02   1.7443630e+01   3.7163250e+00  -1.4330036e-01   0.0000000e+00   3.3355907e-09
   6.1800000e+02   1.7420480e+01   3.7152470e+00  -1.4345650e-01   0.0000000e+00   3.3984547e-09
   6.1900000e+02   1.7397420e+01   3.7141670e+00  -1.4361246e-01   0.0000000e+00   3.4629271e-09
   6.2000000e+02   1.7374440e+01   3.7130850e+00  -1.4376828e-01   0.0000000e+00   3.5290013e-09
   6.2100000e+02   1.7351540e+01   3.7120020e+00  -1.4392389e-01   0.0000000e+00   3.5966673e-09
   6.2200000e+02   1.7328730e+01   3.7109170e+00  -1.4407934e-01   0.0000000e+00   3.6659172e-09
   6.2300000e+02   1.7306010e+01   3.7098310e+00  -1.4423453e-01   0.0000000e+00   3.7367427e-09
   6.2400000e+02   1.7283360e+01   3.7087440e+00  -1.4438956e-01   0.0000000e+00   3.8091348e-09
   6.2500000e+02   1.7260800e+01   3.7076540e+00  -1.4454444e-01   0.0000000e+00   3.8830864e-09
   6.2600000e+02   1.7238320e+01   3.7065630e+00  -1.4469910e-01   0.0000000e+00   3.9585872e-09
   6.2700000e+02   1.7215920e+01   3.7054710e+00  -1.4485355e-01   0.0000000e+00   4.0356275e-09
   6.2800000e+02   1.7193610e+01   3.7043770e+00  -1.4500780e-01   0.0000000e+00   4.1142015e-09
   6.2900000e+02   1.7171370e+01   3.7032820e+00  -1.4516184e-01   0.0000000e+00   4.1942968e-09
   6.3000000e+02   1.7149220e+01   3.7021850e+00  -1.4531569e-01   0.0000000e+00   4.2759057e-09
   6.3100000e+02   1.7127140e+01   3.7010860e+00  -1.4546938e-01   0.0000000e+00   4.3590210e-09
   6.3200000e+02   1.7105150e+01   3.6999870e+00  -1.4562275e-01   0.0000000e+00   4.4436281e-09
   6.3300000e+02   1.7083230e+01   3.6988850e+00  -1.4577601e-01   0.0000000e+00   4.5297238e-09
   6.3400000e+02   1.7061390e+01   3.6977830e+00  -1.4592898e-01   0.0000000e+00   4.6172940e-09
   6.3500000e+02   1.7039630e+01   3.6966780e+00  -1.4608182e-01   0.0000000e+00   4.7063330e-09
   6.3600000e+02   1.7017950e+01   3.6955730e+00  -1.4623434e-01   0.0000000e+00   4.7968266e-09
   6.3700000e+02   1.6996350e+01   3.6944660e+00  -1.4638665e-01   0.0000000e+00   4.8887693e-09
   6.3800000e+02   1.6974820e+01   3.6933570e+00  -1.4653880e-01   0.0000000e+00   4.9821498e-09
   6.3900000e+02   1.6953370e+01   3.6922470e+00  -1.4669070e-01   0.0000000e+00   5.0769588e-09
   6.4000000e+02   1.6932000e+01   3.6911360e+00  -1.4684232e-01   0.0000000e+00   5.1731844e-09
   6.4100000e+02   1.6910710e+01   3.6900230e+00  -1.4699372e-01   0.0000000e+00   5.2708189e-09
   6.4200000e+02   1.6889480e+01   3.6889090e+00  -1.4714493e-01   0.0000000e+00   5.3698513e-09
   6.4300000e+02   1.6868340e+01   3.6877940e+00  -1.4729581e-01   0.0000000e+00   5.4702705e-09
   6.4400000e+02   1.6847270e+01   3.6866770e+00  -1.4744652e-01   0.0000000e+00   5.5720693e-09
   6.4500000e+02   1.6826270e+01   3.6855590e+00  -1.4759698e-01   0.0000000e+00   5.6752352e-09
   6.4600000e+02   1.6805350e+01   3.6844390e+00  -1.4774719e-01   0.0000000e+00   5.7797589e-09
   6.4700000e+02   1.6784500e+01   3.6833180e+00  -1.4789717e-01   0.0000000e+00   5.8856297e-09
   6.4800000e+02   1.6763730e+01   3.6821960e+00  -1.4804685e-01   0.0000000e+00   5.9928358e-09
   6.4900000e+02   1.6743020e+01   3.6810730e+00  -1.4819629e-01   0.0000000e+00   6.1013677e-09
   6.5000000e+02   1.6722400e+01   3.6799480e+00  -1.4834546e-01   0.0000000e+00   6.2112164e-09
   6.5100000e+02   1.6701840e+01   3.6788220e+00  -1.4849440e-01   0.0000000e+00   6.3223689e-09
   6.5200000e+02   1.6681350e+01   3.6776950e+00  -1.4864306e-01   0.0000000e+00   6.4348158e-09
   6.5300000e+02   1.6660940e+01   3.6765660e+00  -1.4879148e-01   0.0000000e+00   6.5485482e-09
   6.5400000e+02   1.6640600e+01   3.6754360e+00  -1.4893960e-01   0.0000000e+00   6.6635517e-09
   6.5500000e+02   1.6620330e+01   3.6743050e+00  -1.4908746e-01   0.0000000e+00   6.7798180e-09
   6.5600000e+02   1.6600120e+01   3.6731730e+00  -1.4923507e-01   0.0000000e+00   6.8973351e-09
   6.5700000e+02   1.6579990e+01   3.6720400e+00  -1.4938234e-01   0.0000000e+00   7.0160906e-09
   6.5800000e+02   1.6559930e+01   3.6709050e+00  -1.4952940e-01   0.0000000e+00   7.1360790e-09
   6.5900000e+02   1.6539940e+01   3.6697690e+00  -1.4967615e-01   0.0000000e+00   7.2572837e-09
   6.6000000e+02   1.6520020e+01   3.6686320e+00  -1.4982261e-01   0.0000000e+00   7.3796961e-09
   6.6100000e+02   1.6500160e+01   3.6674940e+00  -1.4996880e-01   0.0000000e+00   7.5033045e-09
   6.6200000e+02   1.6480380e+01   3.6663540e+00  -1.5011471e-01   0.0000000e+00   7.6280999e-09
   6.6300000e+02   1.6460660e+01   3.6652140e+00  -1.5026030e-01   0.0000000e+00   7.7540665e-09
   6.6400000e+02   1.6441010e+01   3.6640720e+00  -1.5040562e-01   0.0000000e+00   7.8811971e-09
   6.6500000e+02   1.6421430e+01   3.6629290e+00  -1.5055064e-01   0.0000000e+00   8.0094794e-09
   6.6600000e+02   1.6401910e+01   3.6617850e+00  -1.5069538e-01   0.0000000e+00   8.1389024e-09
   6.6700000e+02   1.6382460e+01   3.6606400e+00  -1.5083980e-01   0.0000000e+00   8.2694541e-09
   6.6800000e+02   1.6363080e+01   3.6594940e+00  -1.5098390e-01   0.0000000e+00   8.4011231e-09
   6.6900000e+02   1.6343760e+01   3.6583470e+00  -1.5112771e-01   0.0000000e+00   8.5338972e-09
   6.7000000e+02   1.6324510e+01   3.6571980e+00  -1.5127125e-01   0.0000000e+00   8.6677692e-09
   6.7100000e+02   1.6305330e+01   3.6560490e+00  -1.5141441e-01   0.0000000e+00   8.8027223e-09
   6.7200000e+02   1.6286200e+01   3.6548980e+00  -1.5155737e-01   0.0000000e+00   8.9387494e-09
   6.7300000e+02   1.6267150e+01   3.6537470e+00  -1.5169988e-01   0.0000000e+00   9.0758350e-09
   6.7400000e+02   1.6248160e+01   3.6525940e+00  -1.5184216e-01   0.0000000e+00   9.2139709e-09
   6.7500000e+02   1.6229230e+01   3.6514410e+00  -1.5198408e-01   0.0000000e+00   9.3531413e-09
   6.7600000e+02   1.6210360e+01   3.6502860e+00  -1.5212575e-01   0.0000000e+00   9.4933413e-09
   6.7700000e+02   1.6191560e+01   3.6491300e+00  -1.5226706e-01   0.0000000e+00   9.6345555e-09
   6.7800000e+02   1.6172830e+01   3.6479740e+00  -1.5240798e-01   0.0000000e+00   9.7767705e-09
   6.7900000e+02   1.6154150e+01   3.6468160e+00  -1.5254866e-01   0.0000000e+00   9.9199782e-09
   6.8000000e+02   1.6135540e+01   3.6456570e+00  -1.5268899e-01   0.0000000e+00   1.0064165e-08
   6.8100000e+02   1.6116990e+01   3.6444980e+00  -1.5282895e-01   0.0000000e+00   1.0209318e-08
   6.8200000e+02   1.6098500e+01   3.6433370e+00  -1.5296864e-01   0.0000000e+00   1.0355430e-08
   6.8300000e+02   1.6080070e+01   3.6421760e+00  -1.5310794e-01   0.0000000e+00   1.0502485e-08
   6.8400000e+02   1.6061710e+01   3.6410140e+00  -1.5324687e-01   0.0000000e+00   1.0650471e-08
   6.8500000e+02   1.6043400e+01   3.6398500e+00  -1.5338557e-01   0.0000000e+00   1.0799382e-08
   6.8600000e+02   1.6025160e+01   3.6386860e+00  -1.5352385e-01   0.0000000e+00   1.0949200e-08
   6.8700000e+02   1.6006980e+01   3.6375210e+00  -1.5366178e-01   0.0000000e+00   1.1099916e-08
   6.8800000e+02   1.5988850e+01   3.6363550e+00  -1.5379940e-01   0.0000000e+00   1.1251518e-08
   6.8900000e+02   1.5970790e+01   3.6351880e+00  -1.5393665e-01   0.0000000e+00   1.1403994e-08
   6.9000000e+02   1.5952780e+01   3.6340200e+00  -1.5407359e-01   0.0000000e+00   1.1557333e-08
   6.9100000e+02   1.5934840e+01   3.6328520e+00  -1.5421009e-01   0.0000000e+00   1.1711522e-08
   6.9200000e+02   1.5916950e+01   3.6316820e+00  -1.5434633e-01   0.0000000e+00   1.1866551e-08
   6.9300000e+02   1.5899120e+01   3.6305120e+00  -1.5448215e-01   0.0000000e+00   1.2022407e-08
   6.9400000e+02   1.5881350e+01   3.6293410e+00  -1.5461763e-01   0.0000000e+00   1.2179076e-08
   6.9500000e+02   1.5863640e+01   3.6281690e+00  -1.5475274e-01   0.0000000e+00   1.2336551e-08
   6.9600000e+02   1.5845980e+01   3.6269960e+00  -1.5488753e-01   0.0000000e+00   1.2494819e-08
   6.9700000e+02   1.5828390e+01   3.6258230e+00  -1.5502188e-01   0.0000000e+00   1.2653863e-08
   6.9800000e+02   1.5810850e+01   3.6246490e+00  -1.5515589e-01   0.0000000e+00   1.2813680e-08
   6.9900000e+02   1.5793360e+01   3.6234740e+00  -1.5528956e-01   0.0000000e+00   1.2974250e-08
   7.0000000e+02   1.5775940e+01   3.6222980e+00  -1.5542283e-01   0.0000000e+00   1.3135568e-08
   7.0100000e+02   1.5758570e+01   3.6211210e+00  -1.5555577e-01   0.0000000e+00   1.3297620e-08
   7.0200000e+02   1.5741250e+01   3.6199440e+00  -1.5568831e-01   0.0000000e+00   1.3460392e-08
   7.0300000e+02   1.5723990e+01   3.6187660e+00  -1.5582048e-01   0.0000000e+00   1.3623872e-08
   7.0400000e+02   1.5706790e+01   3.6175870e+00  -1.5595227e-01   0.0000000e+00   1.3788053e-08
   7.0500000e+02   1.5689640e+01   3.6164080e+00  -1.5608365e-01   0.0000000e+00   1.3952919e-08
   7.0600000e+02   1.5672550e+01   3.6152280e+00  -1.5621464e-01   0.0000000e+00   1.4118460e-08
   7.0700000e+02   1.5655510e+01   3.6140470e+00  -1.5634530e-01   0.0000000e+00   1.4284665e-08
   7.0800000e+02   1.5638530e+01   3.6128650e+00  -1.5647556e-01   0.0000000e+00   1.4451522e-08
   7.0900000e+02   1.5621600e+01   3.6116830e+00  -1.5660542e-01   0.0000000e+00   1.4619018e-08
   7.1000000e+02   1.5604720e+01   3.6105000e+00  -1.5673490e-01   0.0000000e+00   1.4787142e-08
   7.1100000e+02   1.5587900e+01   3.6093170e+00  -1.5686397e-01   0.0000000e+00   1.4955882e-08
   7.1200000e+02   1.5571130e+01   3.6081330e+00  -1.5699263e-01   0.0000000e+00   1.5125226e-08
   7.1300000e+02   1.5554410e+01   3.6069480e+00  -1.5712095e-01   0.0000000e+00   1.5295168e-08
   7.1400000e+02   1.5537750e+01   3.6057630e+00  -1.5724883e-01   0.0000000e+00   1.5465688e-08
   7.1500000e+02   1.5521140e+01   3.6045770e+00  -1.5737632e-01   0.0000000e+00   1.5636779e-08
   7.1600000e+02   1.5504580e+01   3.6033900e+00  -1.5750345e-01   0.0000000e+00   1.5808431e-08
   7.1700000e+02   1.5488070e+01   3.6022030e+00  -1.5763016e-01   0.0000000e+00   1.5980630e-08
   7.1800000e+02   1.5471620e+01   3.6010150e+00  -1.5775646e-01   0.0000000e+00   1.6153366e-08
   7.1900000e+02   1.5455210e+01   3.5998270e+00  -1.5788235e-01   0.0000000e+00   1.6326625e-08
   7.2000000e+02   1.5438860e+01   3.5986380e+00  -1.5800785e-01   0.0000000e+00   1.6500399e-08
   7.2100000e+02   1.5422560e+01   3.5974490e+00  -1.5813289e-01   0.0000000e+00   1.6674672e-08
   7.2200000e+02   1.5406310e+01   3.5962590e+00  -1.5825757e-01   0.0000000e+00   1.6849438e-08
   7.2300000e+02   1.5390110e+01   3.5950690e+00  -1.5838179e-01   0.0000000e+00   1.7024679e-08
   7.2400000e+02   1.5373960e+01   3.5938780e+00  -1.5850565e-01   0.0000000e+00   1.7200392e-08
   7.2500000e+02   1.5357860e+01   3.5926870e+00  -1.5862905e-01   0.0000000e+00   1.7376559e-08
   7.2600000e+02   1.5341810e+01   3.5914950e+00  -1.5875208e-01   0.0000000e+00   1.7553173e-08
   7.2700000e+02   1.5325810e+01   3.5903020e+00  -1.5887469e-01   0.0000000e+00   1.7730225e-08
   7.2800000e+02   1.5309860e+01   3.5891100e+00  -1.5899683e-01   0.0000000e+00   1.7907693e-08
   7.2900000e+02   1.5293960e+01   3.5879160e+00  -1.5911861e-01   0.0000000e+00   1.8085581e-08
   7.3000000e+02   1.5278100e+01   3.5867230e+00  -1.5923993e-01   0.0000000e+00   1.8263861e-08
   7.3100000e+02   1.5262300e+01   3.5855290e+00  -1.5936083e-01   0.0000000e+00   1.8442535e-08
   7.3200000e+02   1.5246540e+01   3.5843340e+00  -1.5948133e-01   0.0000000e+00   1.8621591e-08
   7.3300000e+02   1.5230830e+01   3.5831390e+00  -1.5960141e-01   0.0000000e+00   1.8801013e-08
   7.3400000e+02   1.5215170e+01   3.5819440e+00  -1.5972100e-01   0.0000000e+00   1.8980790e-08
   7.3500000e+02   1.5199560e+01   3.5807480e+00  -1.5984021e-01   0.0000000e+00   1.9160916e-08
   7.3600000e+02   1.5184000e+01   3.5795520e+00  -1.5995895e-01   0.0000000e+00   1.9341375e-08
   7.3700000e+02   1.5168480e+01   3.5783550e+00  -1.6007733e-01   0.0000000e+00   1.9522161e-08
   7.3800000e+02   1.5153010e+01   3.5771580e+00  -1.6019523e-01   0.0000000e+00   1.9703259e-08
   7.3900000e+02   1.5137580e+01   3.5759610e+00  -1.6031270e-01   0.0000000e+00   1.9884659e-08
   7.4000000e+02   1.5122210e+01   3.5747630e+00  -1.6042974e-01   0.0000000e+00   2.0066352e-08
   7.4100000e+02   1.5106870e+01   3.5735650e+00  -1.6054637e-01   0.0000000e+00   2.0248327e-08
   7.4200000e+02   1.5091590e+01   3.5723670e+00  -1.6066249e-01   0.0000000e+00   2.0430571e-08
   7.4300000e+02   1.5076350e+01   3.5711680e+00  -1.6077824e-01   0.0000000e+00   2.0613077e-08
   7.4400000e+02   1.5061160e+01   3.5699690e+00  -1.6089352e-01   0.0000000e+00   2.0795836e-08
   7.4500000e+02   1.5046010e+01   3.5687700e+00  -1.6100834e-01   0.0000000e+00   2.0978827e-08
   7.4600000e+02   1.5030900e+01   3.5675700e+00  -1.6112280e-01   0.0000000e+00   2.1162053e-08
   7.4700000e+02   1.5015850e+01   3.5663710e+00  -1.6123667e-01   0.0000000e+00   2.1345490e-08
   7.4800000e+02   1.5000830e+01   3.5651700e+00  -1.6135025e-01   0.0000000e+00   2.1529145e-08
   7.4900000e+02   1.4985860e+01   3.5639700e+00  -1.6146330e-01   0.0000000e+00   2.1712991e-08
   7.5000000e+02   1.4970940e+01   3.5627700e+00  -1.6157585e-01   0.0000000e+00   2.1897020e-08
   7.5100000e+02   1.4956060e+01   3.5615690e+00  -1.6168802e-01   0.0000000e+00   2.2081235e-08
   7.5200000e+02   1.4941220e+01   3.5603680e+00  -1.6179974e-01   0.0000000e+00   2.2265617e-08
   7.5300000e+02   1.4926430e+01   3.5591660e+00  -1.6191104e-01   0.0000000e+00   2.2450152e-08
   7.5400000e+02   1.4911680e+01   3.5579650e+00  -1.6202182e-01   0.0000000e+00   2.2634837e-08
   7.5500000e+02   1.4896970e+01   3.5567630e+00  -1.6213221e-01   0.0000000e+00   2.2819657e-08
   7.5600000e+02   1.4882310e+01   3.5555610e+00  -1.6224210e-01   0.0000000e+00   2.3004601e-08
   7.5700000e+02   1.4867690e+01   3.5543590e+00  -1.6235155e-01   0.0000000e+00   2.3189668e-08
   7.5800000e+02   1.4853110e+01   3.5531570e+00  -1.6246053e-01   0.0000000e+00   2.3374840e-08
   7.5900000e+02   1.4838580e+01   3.5519540e+00  -1.6256907e-01   0.0000000e+00   2.3560111e-08
   7.6000000e+02   1.4824090e+01   3.5507520e+00  -1.6267710e-01   0.0000000e+00   2.3745465e-08
   7.6100000e+02   1.4809640e+01   3.5495490e+00  -1.6278473e-01   0.0000000e+00   2.3930904e-08
   7.6200000e+02   1.4795230e+01   3.5483460e+00  -1.6289190e-01   0.0000000e+00   2.4116405e-08
   7.6300000e+02   1.4780860e+01   3.5471430e+00  -1.6299860e-01   0.0000000e+00   2.4301973e-08
   7.6400000e+02   1.4766540e+01   3.5459400e+00  -1.6310480e-01   0.0000000e+00   2.4487574e-08
   7.6500000e+02   1.4752250e+01   3.5447360e+00  -1.6321063e-01   0.0000000e+00   2.4673228e-08
   7.6600000e+02   1.4738010e+01   3.5435330e+00  -1.6331590e-01   0.0000000e+00   2.4858906e-08
   7.6700000e+02   1.4723810e+01   3.5423290e+00  -1.6342076e-01   0.0000000e+00   2.5044612e-08
   7.6800000e+02   1.4709650e+01   3.5411260e+00  -1.6352509e-01   0.0000000e+00   2.5230321e-08
   7.6900000e+02   1.4695530e+01   3.5399220e+00  -1.6362901e-01   0.0000000e+00   2.5416040e-08
   7.7000000e+02   1.4681450e+01   3.5387180e+00  -1.6373247e-01   0.0000000e+00   2.5601755e-08
   7.7100000e+02   1.4667410e+01   3.5375140e+00  -1.6383545e-01   0.0000000e+00   2.5787446e-08
   7.7200000e+02   1.4653410e+01   3.5363110e+00  -1.6393790e-01   0.0000000e+00   2.5973105e-08
   7.7300000e+02   1.4639450e+01   3.5351070e+00  -1.6403994e-01   0.0000000e+00   2.6158746e-08
   7.7400000e+02   1.4625520e+01   3.5339030e+00  -1.6414153e-01   0.0000000e+00   2.6344328e-08
   7.7500000e+02   1.4611640e+01   3.5326990e+00  -1.6424263e-01   0.0000000e+00   2.6529866e-08
   7.7600000e+02   1.4597800e+01   3.5314950e+00  -1.6434322e-01   0.0000000e+00   2.6715340e-08
   7.7700000e+02   1.4584000e+01   3.5302910e+00  -1.6444335e-01   0.0000000e+00   2.6900752e-08
   7.7800000e+02   1.4570230e+01   3.5290870e+00  -1.6454304e-01   0.0000000e+00   2.7086084e-08
   7.7900000e+02   1.4556510e+01   3.5278830e+00  -1.6464222e-01   0.0000000e+00   2.7271314e-08
   7.8000000e+02   1.4542820e+01   3.5266790e+00  -1.6474095e-01   0.0000000e+00   2.7456466e-08
   7.8100000e+02   1.4529170e+01   3.5254750e+00  -1.6483920e-01   0.0000000e+00   2.7641503e-08
   7.8200000e+02   1.4515560e+01   3.5242710e+00  -1.6493697e-01   0.0000000e+00   2.7826429e-08
   7.8300000e+02   1.4501990e+01   3.5230670e+00  -1.6503426e-01   0.0000000e+00   2.8011239e-08
   7.8400000e+02   1.4488450e+01   3.5218630e+00  -1.6513109e-01   0.0000000e+00   2.8195915e-08
   7.8500000e+02   1.4474960e+01   3.5206590e+00  -1.6522741e-01   0.0000000e+00   2.8380451e-08
   7.8600000e+02   1.4461500e+01   3.5194550e+00  -1.6532329e-01   0.0000000e+00   2.8564848e-08
   7.8700000e+02   1.4448080e+01   3.5182520e+00  -1.6541861e-01   0.0000000e+00   2.8749067e-08
   7.8800000e+02   1.4434690e+01   3.5170480e+00  -1.6551354e-01   0.0000000e+00   2.8933145e-08
   7.8900000e+02   1.4421340e+01   3.5158450e+00  -1.6560794e-01   0.0000000e+00   2.9117047e-08
   7.9000000e+02   1.4408030e+01   3.5146410e+00  -1.6570189e-01   0.0000000e+00   2.9300770e-08
   7.9100000e+02   1.4394760e+01   3.5134380e+00  -1.6579531e-01   0.0000000e+00   2.9484306e-08
   7.9200000e+02   1.4381520e+01   3.5122350e+00  -1.6588827e-01   0.0000000e+00   2.9667640e-08
   7.9300000e+02   1.4368310e+01   3.5110310e+00  -1.6598083e-01   0.0000000e+00   2.9850786e-08
   7.9400000e+02   1.4355150e+01   3.5098280e+00  -1.6607282e-01   0.0000000e+00   3.0033707e-08
   7.9500000e+02   1.4342020e+01   3.5086260e+00  -1.6616428e-01   0.0000000e+00   3.0216411e-08
   7.9600000e+02   1.4328920e+01   3.5074230e+00  -1.6625535e-01   0.0000000e+00   3.0398899e-08
   7.9700000e+02   1.4315860e+01   3.5062200e+00  -1.6634592e-01   0.0000000e+00   3.0581150e-08
   7.9800000e+02   1.4302840e+01   3.5050180e+00  -1.6643596e-01   0.0000000e+00   3.0763153e-08
   7.9900000e+02   1.4289850e+01   3.5038160e+00  -1.6652553e-01   0.0000000e+00   3.0944904e-08
   8.0000000e+02   1.4276900e+01   3.5026140e+00  -1.6661460e-01   0.0000000e+00   3.1126402e-08
   8.0100000e+02   1.4263980e+01   3.5014120e+00  -1.6670323e-01   0.0000000e+00   3.1307646e-08
   8.0200000e+02   1.4251100e+01   3.5002100e+00  -1.6679134e-01   0.0000000e+00   3.1488615e-08
   8.0300000e+02   1.4238250e+01   3.4990080e+00  -1.6687900e-01   0.0000000e+00   3.1669304e-08
   8.0400000e+02   1.4225440e+01   3.4978070e+00  -1.6696611e-01   0.0000000e+00   3.1849706e-08
   8.0500000e+02   1.4212660e+01   3.4966060e+00  -1.6705276e-01   0.0000000e+00   3.2029810e-08
   8.0600000e+02   1.4199910e+01   3.4954050e+00  -1.6713894e-01   0.0000000e+00   3.2209618e-08
   8.0700000e+02   1.4187200e+01   3.4942040e+00  -1.6722463e-01   0.0000000e+00   3.2389122e-08
   8.0800000e+02   1.4174520e+01   3.4930040e+00  -1.6730980e-01   0.0000000e+00   3.2568314e-08
   8.0900000e+02   1.4161880e+01   3.4918040e+00  -1.6739447e-01   0.0000000e+00   3.2747181e-08
   8.1000000e+02   1.4149270e+01   3.4906040e+00  -1.6747868e-01   0.0000000e+00   3.2925723e-08
   8.1100000e+02   1.4136690e+01   3.4894040e+00  -1.6756242e-01   0.0000000e+00   3.3103932e-08
   8.1200000e+02   1.4124150e+01   3.4882040e+00  -1.6764566e-01   0.0000000e+00   3.3281811e-08
   8.1300000e+02   1.4111630e+01   3.4870050e+00  -1.6772843e-01   0.0000000e+00   3.3459325e-08
   8.1400000e+02   1.4099160e+01   3.4858060e+00  -1.6781065e-01   0.0000000e+00   3.3636490e-08
   8.1500000e+02   1.4086710e+01   3.4846080e+00  -1.6789238e-01   0.0000000e+00   3.3813296e-08
   8.1600000e+02   1.4074300e+01   3.4834090e+00  -1.6797367e-01   0.0000000e+00   3.3989737e-08
   8.1700000e+02   1.4061920e+01   3.4822110e+00  -1.6805443e-01   0.0000000e+00   3.4165793e-08
   8.1800000e+02   1.4049570e+01   3.4810130e+00  -1.6813473e-01   0.0000000e+00   3.4341481e-08
   8.1900000e+02   1.4037260e+01   3.4798160e+00  -1.6821447e-01   0.0000000e+00   3.4516777e-08
   8.2000000e+02   1.4024970e+01   3.4786190e+00  -1.6829379e-01   0.0000000e+00   3.4691673e-08
   8.2100000e+02   1.4012720e+01   3.4774220e+00  -1.6837259e-01   0.0000000e+00   3.4866189e-08
   8.2200000e+02   1.4000500e+01   3.4762250e+00  -1.6845094e-01   0.0000000e+00   3.5040300e-08
   8.2300000e+02   1.3988320e+01   3.4750290e+00  -1.6852871e-01   0.0000000e+00   3.5213983e-08
   8.2400000e+02   1.3976160e+01   3.4738330e+00  -1.6860605e-01   0.0000000e+00   3.5387264e-08
   8.2500000e+02   1.3964040e+01   3.4726370e+00  -1.6868291e-01   0.0000000e+00   3.5560133e-08
   8.2600000e+02   1.3951940e+01   3.4714420e+00  -1.6875925e-01   0.0000000e+00   3.5732547e-08
   8.2700000e+02   1.3939880e+01   3.4702470e+00  -1.6883510e-01   0.0000000e+00   3.5904539e-08
   8.2800000e+02   1.3927850e+01   3.4690530e+00  -1.6891041e-01   0.0000000e+00   3.6076080e-08
   8.2900000e+02   1.3915850e+01   3.4678590e+00  -1.6898526e-01   0.0000000e+00   3.6247183e-08
   8.3000000e+02   1.3903880e+01   3.4666650e+00  -1.6905965e-01   0.0000000e+00   3.6417856e-08
   8.3100000e+02   1.3891940e+01   3.4654720e+00  -1.6913347e-01   0.0000000e+00   3.6588037e-08
   8.3200000e+02   1.3880030e+01   3.4642790e+00  -1.6920688e-01   0.0000000e+00   3.6757779e-08
   8.3300000e+02   1.3868150e+01   3.4630860e+00  -1.6927979e-01   0.0000000e+00   3.6927046e-08
   8.3400000e+02   1.3856300e+01   3.4618940e+00  -1.6935216e-01   0.0000000e+00   3.7095846e-08
   8.3500000e+02   1.3844490e+01   3.4607020e+00  -1.6942405e-01   0.0000000e+00   3.7264166e-08
   8.3600000e+02   1.3832700e+01   3.4595100e+00  -1.6949549e-01   0.0000000e+00   3.7432000e-08
   8.3700000e+02   1.3820940e+01   3.4583190e+00  -1.6956640e-01   0.0000000e+00   3.7599349e-08
   8.3800000e+02   1.3809210e+01   3.4571290e+00  -1.6963679e-01   0.0000000e+00   3.7766198e-08
   8.3900000e+02   1.3797510e+01   3.4559390e+00  -1.6970669e-01   0.0000000e+00   3.7932540e-08
   8.4000000e+02   1.3785840e+01   3.4547490e+00  -1.6977613e-01   0.0000000e+00   3.8098403e-08
   8.4100000e+02   1.3774200e+01   3.4535600e+00  -1.6984505e-01   0.0000000e+00   3.8263733e-08
   8.4200000e+02   1.3762590e+01   3.4523710e+00  -1.6991350e-01   0.0000000e+00   3.8428565e-08
   8.4300000e+02   1.3751010e+01   3.4511830e+00  -1.6998140e-01   0.0000000e+00   3.8592857e-08
   8.4400000e+02   1.3739450e+01   3.4499950e+00  -1.7004888e-01   0.0000000e+00   3.8756644e-08
   8.4500000e+02   1.3727930e+01   3.4488070e+00  -1.7011586e-01   0.0000000e+00   3.8919913e-08
   8.4600000e+02   1.3716430e+01   3.4476200e+00  -1.7018233e-01   0.0000000e+00   3.9082619e-08
   8.4700000e+02   1.3704960e+01   3.4464340e+00  -1.7024828e-01   0.0000000e+00   3.9244817e-08
   8.4800000e+02   1.3693520e+01   3.4452470e+00  -1.7031383e-01   0.0000000e+00   3.9406466e-08
   8.4900000e+02   1.3682110e+01   3.4440620e+00  -1.7037878e-01   0.0000000e+00   3.9567552e-08
   8.5000000e+02   1.3670730e+01   3.4428770e+00  -1.7044325e-01   0.0000000e+00   3.9728098e-08
   8.5100000e+02   1.3659370e+01   3.4416920e+00  -1.7050730e-01   0.0000000e+00   3.9888101e-08
   8.5200000e+02   1.3648050e+01   3.4405080e+00  -1.7057075e-01   0.0000000e+00   4.0047525e-08
   8.5300000e+02   1.3636750e+01   3.4393240e+00  -1.7063378e-01   0.0000000e+00   4.0206385e-08
   8.5400000e+02   1.3625480e+01   3.4381410e+00  -1.7069630e-01   0.0000000e+00   4.0364690e-08
   8.5500000e+02   1.3614230e+01   3.4369590e+00  -1.7075832e-01   0.0000000e+00   4.0522405e-08
   8.5600000e+02   1.3603020e+01   3.4357770e+00  -1.7081982e-01   0.0000000e+00   4.0679560e-08
   8.5700000e+02   1.3591830e+01   3.4345950e+00  -1.7088089e-01   0.0000000e+00   4.0836129e-08
   8.5800000e+02   1.3580660e+01   3.4334140e+00  -1.7094147e-01   0.0000000e+00   4.0992109e-08
   8.5900000e+02   1.3569530e+01   3.4322330e+00  -1.7100155e-01   0.0000000e+00   4.1147517e-08
   8.6000000e+02   1.3558420e+01   3.4310530e+00  -1.7106113e-01   0.0000000e+00   4.1302313e-08
   8.6100000e+02   1.3547340e+01   3.4298740e+00  -1.7112015e-01   0.0000000e+00   4.1456518e-08
   8.6200000e+02   1.3536290e+01   3.4286950e+00  -1.7117875e-01   0.0000000e+00   4.1610133e-08
   8.6300000e+02   1.3525260e+01   3.4275170e+00  -1.7123681e-01   0.0000000e+00   4.1763111e-08
   8.6400000e+02   1.3514260e+01   3.4263390e+00  -1.7129443e-01   0.0000000e+00   4.1915511e-08
   8.6500000e+02   1.3503280e+01   3.4251620e+00  -1.7135154e-01   0.0000000e+00   4.2067294e-08
   8.6600000e+02   1.3492330e+01   3.4239850e+00  -1.7140819e-01   0.0000000e+00   4.2218475e-08
   8.6700000e+02   1.3481410e+01   3.4228090e+00  -1.7146432e-01   0.0000000e+00   4.2369020e-08
   8.6800000e+02   1.3470510e+01   3.4216330e+00  -1.7152001e-01   0.0000000e+00   4.2518948e-08
   8.6900000e+02   1.3459640e+01   3.4204580e+00  -1.7157514e-01   0.0000000e+00   4.2668256e-08
   8.7000000e+02   1.3448800e+01   3.4192840e+00  -1.7162978e-01   0.0000000e+00   4.2816936e-08
   8.7100000e+02   1.3437980e+01   3.4181100e+00  -1.7168397e-01   0.0000000e+00   4.2964978e-08
   8.7200000e+02   1.3427190e+01   3.4169370e+00  -1.7173764e-01   0.0000000e+00   4.3112384e-08
   8.7300000e+02   1.3416420e+01   3.4157640e+00  -1.7179086e-01   0.0000000e+00   4.3259154e-08
   8.7400000e+02   1.3405680e+01   3.4145920e+00  -1.7184357e-01   0.0000000e+00   4.3405279e-08
   8.7500000e+02   1.3394960e+01   3.4134210e+00  -1.7189579e-01   0.0000000e+00   4.3550769e-08
   8.7600000e+02   1.3384270e+01   3.4122500e+00  -1.7194753e-01   0.0000000e+00   4.3695606e-08
   8.7700000e+02   1.3373600e+01   3.4110800e+00  -1.7199878e-01   0.0000000e+00   4.3839791e-08
   8.7800000e+02   1.3362960e+01   3.4099100e+00  -1.7204954e-01   0.0000000e+00   4.3983322e-08
   8.7900000e+02   1.3352350e+01   3.4087410e+00  -1.7209980e-01   0.0000000e+00   4.4126201e-08
   8.8000000e+02   1.3341750e+01   3.4075730e+00  -1.7214960e-01   0.0000000e+00   4.4268416e-08
   8.8100000e+02   1.3331190e+01   3.4064050e+00  -1.7219889e-01   0.0000000e+00   4.4409965e-08
   8.8200000e+02   1.3320640e+01   3.4052380e+00  -1.7224773e-01   0.0000000e+00   4.4550860e-08
   8.8300000e+02   1.3310130e+01   3.4040720e+00  -1.7229599e-01   0.0000000e+00   4.4691071e-08
   8.8400000e+02   1.3299630e+01   3.4029060e+00  -1.7234390e-01   0.0000000e+00   4.4830631e-08
   8.8500000e+02   1.3289160e+01   3.4017410e+00  -1.7239122e-01   0.0000000e+00   4.4969501e-08
   8.8600000e+02   1.3278720e+01   3.4005760e+00  -1.7243813e-01   0.0000000e+00   4.5107719e-08
   8.8700000e+02   1.3268300e+01   3.3994120e+00  -1.7248454e-01   0.0000000e+00   4.5245243e-08
   8.8800000e+02   1.3257900e+01   3.3982490e+00  -1.7253043e-01   0.0000000e+00   4.5382079e-08
   8.8900000e+02   1.3247530e+01   3.3970870e+00  -1.7257580e-01   0.0000000e+00   4.5518237e-08
   8.9000000e+02   1.3237180e+01   3.3959250e+00  -1.7262077e-01   0.0000000e+00   4.5653718e-08
   8.9100000e+02   1.3226860e+01   3.3947640e+00  -1.7266519e-01   0.0000000e+00   4.5788500e-08
   8.9200000e+02   1.3216550e+01   3.3936030e+00  -1.7270923e-01   0.0000000e+00   4.5922604e-08
   8.9300000e+02   1.3206280e+01   3.3924430e+00  -1.7275269e-01   0.0000000e+00   4.6056006e-08
   8.9400000e+02   1.3196020e+01   3.3912840e+00  -1.7279572e-01   0.0000000e+00   4.6188722e-08
   8.9500000e+02   1.3185790e+01   3.3901250e+00  -1.7283829e-01   0.0000000e+00   4.6320740e-08
   8.9600000e+02   1.3175580e+01   3.3889670e+00  -1.7288036e-01   0.0000000e+00   4.6452064e-08
   8.9700000e+02   1.3165400e+01   3.3878100e+00  -1.7292191e-01   0.0000000e+00   4.6582676e-08
   8.9800000e+02   1.3155230e+01   3.3866540e+00  -1.7296299e-01   0.0000000e+00   4.6712576e-08
   8.9900000e+02   1.3145100e+01   3.3854980e+00  -1.7300361e-01   0.0000000e+00   4.6841790e-08
   9.0000000e+02   1.3134980e+01   3.3843430e+00  -1.7304374e-01   0.0000000e+00   4.6970282e-08
   9.0100000e+02   1.3124890e+01   3.3831880e+00  -1.7308343e-01   0.0000000e+00   4.7098092e-08
   9.0200000e+02   1.3114820e+01   3.3820350e+00  -1.7312259e-01   0.0000000e+00   4.7225162e-08
   9.0300000e+02   1.3104770e+01   3.3808820e+00  -1.7316130e-01   0.0000000e+00   4.7351534e-08
   9.0400000e+02   1.3094740e+01   3.3797290e+00  -1.7319957e-01   0.0000000e+00   4.7477194e-08
   9.0500000e+02   1.3084740e+01   3.3785780e+00  -1.7323729e-01   0.0000000e+00   4.7602133e-08
   9.0600000e+02   1.3074760e+01   3.3774270e+00  -1.7327456e-01   0.0000000e+00   4.7726352e-08
   9.0700000e+02   1.3064800e+01   3.3762770e+00  -1.7331139e-01   0.0000000e+00   4.7849862e-08
   9.0800000e+02   1.3054870e+01   3.3751270e+00  -1.7334771e-01   0.0000000e+00   4.7972645e-08
   9.0900000e+02   1.3044950e+01   3.3739790e+00  -1.7338355e-01   0.0000000e+00   4.8094698e-08
   9.1000000e+02   1.3035060e+01   3.3728310e+00  -1.7341893e-01   0.0000000e+00   4.8216039e-08
   9.1100000e+02   1.3025190e+01   3.3716830e+00  -1.7345388e-01   0.0000000e+00   4.8336663e-08
   9.1200000e+02   1.3015340e+01   3.3705370e+00  -1.7348828e-01   0.0000000e+00   4.8456543e-08
   9.1300000e+02   1.3005510e+01   3.3693910e+00  -1.7352225e-01   0.0000000e+00   4.8575700e-08
   9.1400000e+02   1.2995710e+01   3.3682460e+00  -1.7355573e-01   0.0000000e+00   4.8694127e-08
   9.1500000e+02   1.2985930e+01   3.3671020e+00  -1.7358873e-01   0.0000000e+00   4.8811828e-08
   9.1600000e+02   1.2976160e+01   3.3659580e+00  -1.7362133e-01   0.0000000e+00   4.8928799e-08
   9.1700000e+02   1.2966420e+01   3.3648150e+00  -1.7365340e-01   0.0000000e+00   4.9045030e-08
   9.1800000e+02   1.2956700e+01   3.3636730e+00  -1.7368501e-01   0.0000000e+00   4.9160520e-08
   9.1900000e+02   1.2947010e+01   3.3625320e+00  -1.7371612e-01   0.0000000e+00   4.9275291e-08
   9.2000000e+02   1.2937330e+01   3.3613910e+00  -1.7374682e-01   0.0000000e+00   4.9389324e-08
   9.2100000e+02   1.2927670e+01   3.3602510e+00  -1.7377703e-01   0.0000000e+00   4.9502609e-08
   9.2200000e+02   1.2918040e+01   3.3591120e+00  -1.7380674e-01   0.0000000e+00   4.9615153e-08
   9.2300000e+02   1.2908430e+01   3.3579740e+00  -1.7383599e-01   0.0000000e+00   4.9726967e-08
   9.2400000e+02   1.2898830e+01   3.3568360e+00  -1.7386484e-01   0.0000000e+00   4.9838041e-08
   9.2500000e+02   1.2889260e+01   3.3556990e+00  -1.7389321e-01   0.0000000e+00   4.9948379e-08
   9.2600000e+02   1.2879710e+01   3.3545630e+00  -1.7392106e-01   0.0000000e+00   5.0057960e-08
   9.2700000e+02   1.2870180e+01   3.3534280e+00  -1.7394844e-01   0.0000000e+00   5.0166798e-08
   9.2800000e+02   1.2860670e+01   3.3522940e+00  -1.7397535e-01   0.0000000e+00   5.0274887e-08
   9.2900000e+02   1.2851180e+01   3.3511600e+00  -1.7400183e-01   0.0000000e+00   5.0382238e-08
   9.3000000e+02   1.2841710e+01   3.3500270e+00  -1.7402784e-01   0.0000000e+00   5.0488849e-08
   9.3100000e+02   1.2832260e+01   3.3488950e+00  -1.7405341e-01   0.0000000e+00   5.0594710e-08
   9.3200000e+02   1.2822830e+01   3.3477630e+00  -1.7407855e-01   0.0000000e+00   5.0699838e-08
   9.3300000e+02   1.2813420e+01   3.3466330e+00  -1.7410312e-01   0.0000000e+00   5.0804190e-08
   9.3400000e+02   1.2804030e+01   3.3455030e+00  -1.7412732e-01   0.0000000e+00   5.0907810e-08
   9.3500000e+02   1.2794660e+01   3.3443740e+00  -1.7415102e-01   0.0000000e+00   5.1010681e-08
   9.3600000e+02   1.2785310e+01   3.3432460e+00  -1.7417426e-01   0.0000000e+00   5.1112796e-08
   9.3700000e+02   1.2775990e+01   3.3421180e+00  -1.7419704e-01   0.0000000e+00   5.1214171e-08
   9.3800000e+02   1.2766680e+01   3.3409910e+00  -1.7421941e-01   0.0000000e+00   5.1314806e-08
   9.3900000e+02   1.2757390e+01   3.3398660e+00  -1.7424123e-01   0.0000000e+00   5.1414656e-08
   9.4000000e+02   1.2748120e+01   3.3387400e+00  -1.7426267e-01   0.0000000e+00   5.1513777e-08
   9.4100000e+02   1.2738870e+01   3.3376160e+00  -1.7428362e-01   0.0000000e+00   5.1612144e-08
   9.4200000e+02   1.2729630e+01   3.3364930e+00  -1.7430414e-01   0.0000000e+00   5.1709755e-08
   9.4300000e+02   1.2720420e+01   3.3353700e+00  -1.7432420e-01   0.0000000e+00   5.1806619e-08
   9.4400000e+02   1.2711230e+01   3.3342480e+00  -1.7434378e-01   0.0000000e+00   5.1902722e-08
   9.4500000e+02   1.2702060e+01   3.3331270e+00  -1.7436291e-01   0.0000000e+00   5.1998077e-08
   9.4600000e+02   1.2692900e+01   3.3320070e+00  -1.7438160e-01   0.0000000e+00   5.2092673e-08
   9.4700000e+02   1.2683770e+01   3.3308870e+00  -1.7439985e-01   0.0000000e+00   5.2186532e-08
   9.4800000e+02   1.2674650e+01   3.3297690e+00  -1.7441760e-01   0.0000000e+00   5.2279617e-08
   9.4900000e+02   1.2665560e+01   3.3286510e+00  -1.7443490e-01   0.0000000e+00   5.2371960e-08
   9.5000000e+02   1.2656480e+01   3.3275340e+00  -1.7445178e-01   0.0000000e+00   5.2463543e-08
   9.5100000e+02   1.2647420e+01   3.3264180e+00  -1.7446817e-01   0.0000000e+00   5.2554366e-08
   9.5200000e+02   1.2638380e+01   3.3253020e+00  -1.7448421e-01   0.0000000e+00   5.2644461e-08
   9.5300000e+02   1.2629360e+01   3.3241880e+00  -1.7449968e-01   0.0000000e+00   5.2733786e-08
   9.5400000e+02   1.2620350e+01   3.3230740e+00  -1.7451481e-01   0.0000000e+00   5.2822363e-08
   9.5500000e+02   1.2611370e+01   3.3219610e+00  -1.7452942e-01   0.0000000e+00   5.2910176e-08
   9.5600000e+02   1.2602400e+01   3.3208490e+00  -1.7454359e-01   0.0000000e+00   5.2997235e-08
   9.5700000e+02   1.2593460e+01   3.3197380e+00  -1.7455730e-01   0.0000000e+00   5.3083541e-08
   9.5800000e+02   1.2584530e+01   3.3186270e+00  -1.7457062e-01   0.0000000e+00   5.3169111e-08
   9.5900000e+02   1.2575620e+01   3.3175170e+00  -1.7458348e-01   0.0000000e+00   5.3253918e-08
   9.6000000e+02   1.2566720e+01   3.3164090e+00  -1.7459586e-01   0.0000000e+00   5.3337957e-08
   9.6100000e+02   1.2557850e+01   3.3153010e+00  -1.7460778e-01   0.0000000e+00   5.3421250e-08
   9.6200000e+02   1.2548990e+01   3.3141930e+00  -1.7461936e-01   0.0000000e+00   5.3503815e-08
   9.6300000e+02   1.2540150e+01   3.3130870e+00  -1.7463041e-01   0.0000000e+00   5.3585598e-08
   9.6400000e+02   1.2531330e+01   3.3119820e+00  -1.7464101e-01   0.0000000e+00   5.3666637e-08
   9.6500000e+02   1.2522530e+01   3.3108770e+00  -1.7465121e-01   0.0000000e+00   5.3746929e-08
   9.6600000e+02   1.2513750e+01   3.3097730e+00  -1.7466094e-01   0.0000000e+00   5.3826465e-08
   9.6700000e+02   1.2504980e+01   3.3086700e+00  -1.7467025e-01   0.0000000e+00   5.3905259e-08
   9.6800000e+02   1.2496230e+01   3.3075680e+00  -1.7467911e-01   0.0000000e+00   5.3983285e-08
   9.6900000e+02   1.2487500e+01   3.3064670e+00  -1.7468748e-01   0.0000000e+00   5.4060566e-08
   9.7000000e+02   1.2478790e+01   3.3053660e+00  -1.7469549e-01   0.0000000e+00   5.4137114e-08
   9.7100000e+02   1.2470090e+01   3.3042670e+00  -1.7470300e-01   0.0000000e+00   5.4212884e-08
   9.7200000e+02   1.2461410e+01   3.3031680e+00  -1.7471015e-01   0.0000000e+00   5.4287928e-08
   9.7300000e+02   1.2452750e+01   3.3020700e+00  -1.7471682e-01   0.0000000e+00   5.4362227e-08
   9.7400000e+02   1.2444110e+01   3.3009730e+00  -1.7472302e-01   0.0000000e+00   5.4435763e-08
   9.7500000e+02   1.2435480e+01   3.2998770e+00  -1.7472883e-01   0.0000000e+00   5.4508550e-08
   9.7600000e+02   1.2426870e+01   3.2987810e+00  -1.7473423e-01   0.0000000e+00   5.4580610e-08
   9.7700000e+02   1.2418280e+01   3.2976870e+00  -1.7473910e-01   0.0000000e+00   5.4651895e-08
   9.7800000e+02   1.2409700e+01   3.2965930e+00  -1.7474364e-01   0.0000000e+00   5.4722461e-08
   9.7900000e+02   1.2401140e+01   3.2955000e+00  -1.7474772e-01   0.0000000e+00   5.4792274e-08
   9.8000000e+02   1.2392600e+01   3.2944080e+00  -1.7475138e-01   0.0000000e+00   5.4861350e-08
   9.8100000e+02   1.2384080e+01   3.2933170e+00  -1.7475453e-01   0.0000000e+00   5.4929662e-08
   9.8200000e+02   1.2375570e+01   3.2922270e+00  -1.7475728e-01   0.0000000e+00   5.4997237e-08
   9.8300000e+02   1.2367080e+01   3.2911370e+00  -1.7475967e-01   0.0000000e+00   5.5064091e-08
   9.8400000e+02   1.2358600e+01   3.2900490e+00  -1.7476158e-01   0.0000000e+00   5.5130181e-08
   9.8500000e+02   1.2350150e+01   3.2889610e+00  -1.7476305e-01   0.0000000e+00   5.5195548e-08
   9.8600000e+02   1.2341710e+01   3.2878740e+00  -1.7476409e-01   0.0000000e+00   5.5260160e-08
   9.8700000e+02   1.2333280e+01   3.2867880e+00  -1.7476474e-01   0.0000000e+00   5.5324036e-08
   9.8800000e+02   1.2324880e+01   3.2857030e+00  -1.7476490e-01   0.0000000e+00   5.5387171e-08
   9.8900000e+02   1.2316480e+01   3.2846180e+00  -1.7476477e-01   0.0000000e+00   5.5449599e-08
   9.9000000e+02   1.2308110e+01   3.2835350e+00  -1.7476410e-01   0.0000000e+00   5.5511265e-08
   9.9100000e+02   1.2299750e+01   3.2824520e+00  -1.7476304e-01   0.0000000e+00   5.5572199e-08
   9.9200000e+02   1.2291410e+01   3.2813710e+00  -1.7476147e-01   0.0000000e+00   5.5632384e-08
   9.9300000e+02   1.2283080e+01   3.2802900e+00  -1.7475958e-01   0.0000000e+00   5.5691854e-08
   9.9400000e+02   1.2274770e+01   3.2792100e+00  -1.7475723e-01   0.0000000e+00   5.5750593e-08
   9.9500000e+02   1.2266480e+01   3.2781300e+00  -1.7475450e-01   0.0000000e+00   5.5808605e-08
   9.9600000e+02   1.2258200e+01   3.2770520e+00  -1.7475132e-01   0.0000000e+00   5.5865876e-08
   9.9700000e+02   1.2249940e+01   3.2759750e+00  -1.7474768e-01   0.0000000e+00   5.5922412e-08
   9.9800000e+02   1.2241700e+01   3.2748980e+00  -1.7474365e-01   0.0000000e+00   5.5978232e-08
   9.9900000e+02   1.2233470e+01   3.2738220e+00  -1.7473925e-01   0.0000000e+00   5.6033332e-08
   1.0000000e+03   1.2225250e+01   3.2727470e+00  -1.7473441e-01   0.0000000e+00   5.6087693e-08
   1.0010000e+03   1.2217060e+01   3.2716730e+00  -1.7472910e-01   0.0000000e+00   5.6141337e-08
   1.0020000e+03   1.2208870e+01   3.2706000e+00  -1.7472344e-01   0.0000000e+00   5.6194253e-08
   1.0030000e+03   1.2200710e+01   3.2695280e+00  -1.7471726e-01   0.0000000e+00   5.6246436e-08
   1.0040000e+03   1.2192560e+01   3.2684570e+00  -1.7471072e-01   0.0000000e+00   5.6297904e-08
   1.0050000e+03   1.2184420e+01   3.2673860e+00  -1.7470381e-01   0.0000000e+00   5.6348662e-08
   1.0060000e+03   1.2176300e+01   3.2663160e+00  -1.7469650e-01   0.0000000e+00   5.6398702e-08
   1.0070000e+03   1.2168200e+01   3.2652470e+00  -1.7468872e-01   0.0000000e+00   5.6448018e-08
   1.0080000e+03   1.2160110e+01   3.2641790e+00  -1.7468052e-01   0.0000000e+00   5.6496611e-08
   1.0090000e+03   1.2152040e+01   3.2631120e+00  -1.7467190e-01   0.0000000e+00   5.6544493e-08
   1.0100000e+03   1.2143980e+01   3.2620460e+00  -1.7466289e-01   0.0000000e+00   5.6591658e-08
   1.0110000e+03   1.2135940e+01   3.2609810e+00  -1.7465343e-01   0.0000000e+00   5.6638101e-08
   1.0120000e+03   1.2127910e+01   3.2599160e+00  -1.7464367e-01   0.0000000e+00   5.6683864e-08
   1.0130000e+03   1.2119900e+01   3.2588530e+00  -1.7463339e-01   0.0000000e+00   5.6728893e-08
   1.0140000e+03   1.2111900e+01   3.2577900e+00  -1.7462273e-01   0.0000000e+00   5.6773208e-08
   1.0150000e+03   1.2103920e+01   3.2567280e+00  -1.7461171e-01   0.0000000e+00   5.6816844e-08
   1.0160000e+03   1.2095950e+01   3.2556670e+00  -1.7460024e-01   0.0000000e+00   5.6859745e-08
   1.0170000e+03   1.2088000e+01   3.2546070e+00  -1.7458837e-01   0.0000000e+00   5.6901955e-08
   1.0180000e+03   1.2080070e+01   3.2535470e+00  -1.7457611e-01   0.0000000e+00   5.6943466e-08
   1.0190000e+03   1.2072140e+01   3.2524890e+00  -1.7456341e-01   0.0000000e+00   5.6984260e-08
   1.0200000e+03   1.2064240e+01   3.2514310e+00  -1.7455036e-01   0.0000000e+00   5.7024377e-08
   1.0210000e+03   1.2056350e+01   3.2503750e+00  -1.7453681e-01   0.0000000e+00   5.7063773e-08
   1.0220000e+03   1.2048470e+01   3.2493190e+00  -1.7452295e-01   0.0000000e+00   5.7102478e-08
   1.0230000e+03   1.2040610e+01   3.2482640e+00  -1.7450863e-01   0.0000000e+00   5.7140480e-08
   1.0240000e+03   1.2032760e+01   3.2472100e+00  -1.7449396e-01   0.0000000e+00   5.7177794e-08
   1.0250000e+03   1.2024920e+01   3.2461570e+00  -1.7447887e-01   0.0000000e+00   5.7214420e-08
   1.0260000e+03   1.2017110e+01   3.2451040e+00  -1.7446339e-01   0.0000000e+00   5.7250359e-08
   1.0270000e+03   1.2009300e+01   3.2440530e+00  -1.7444746e-01   0.0000000e+00   5.7285584e-08
   1.0280000e+03   1.2001510e+01   3.2430020e+00  -1.7443120e-01   0.0000000e+00   5.7320145e-08
   1.0290000e+03   1.1993740e+01   3.2419520e+00  -1.7441447e-01   0.0000000e+00   5.7354003e-08
   1.0300000e+03   1.1985980e+01   3.2409030e+00  -1.7439737e-01   0.0000000e+00   5.7387183e-08
   1.0310000e+03   1.1978230e+01   3.2398550e+00  -1.7437991e-01   0.0000000e+00   5.7419690e-08
   1.0320000e+03   1.1970500e+01   3.2388080e+00  -1.7436199e-01   0.0000000e+00   5.7451490e-08
   1.0330000e+03   1.1962780e+01   3.2377620e+00  -1.7434371e-01   0.0000000e+00   5.7482613e-08
   1.0340000e+03   1.1955080e+01   3.2367160e+00  -1.7432505e-01   0.0000000e+00   5.7513074e-08
   1.0350000e+03   1.1947390e+01   3.2356720e+00  -1.7430598e-01   0.0000000e+00   5.7542851e-08
   1.0360000e+03   1.1939710e+01   3.2346280e+00  -1.7428653e-01   0.0000000e+00   5.7571949e-08
   1.0370000e+03   1.1932050e+01   3.2335850e+00  -1.7426668e-01   0.0000000e+00   5.7600373e-08
   1.0380000e+03   1.1924400e+01   3.2325430e+00  -1.7424644e-01   0.0000000e+00   5.7628127e-08
   1.0390000e+03   1.1916770e+01   3.2315020e+00  -1.7422580e-01   0.0000000e+00   5.7655206e-08
   1.0400000e+03   1.1909150e+01   3.2304620e+00  -1.7420476e-01   0.0000000e+00   5.7681616e-08
   1.0410000e+03   1.1901550e+01   3.2294220e+00  -1.7418333e-01   0.0000000e+00   5.7707368e-08
   1.0420000e+03   1.1893950e+01   3.2283840e+00  -1.7416152e-01   0.0000000e+00   5.7732437e-08
   1.0430000e+03   1.1886380e+01   3.2273460e+00  -1.7413931e-01   0.0000000e+00   5.7756850e-08
   1.0440000e+03   1.1878810e+01   3.2263090e+00  -1.7411679e-01   0.0000000e+00   5.7780613e-08
   1.0450000e+03   1.1871260e+01   3.2252730e+00  -1.7409379e-01   0.0000000e+00   5.7803701e-08
   1.0460000e+03   1.1863730e+01   3.2242380e+00  -1.7407041e-01   0.0000000e+00   5.7826135e-08
   1.0470000e+03   1.1856200e+01   3.2232040e+00  -1.7404668e-01   0.0000000e+00   5.7847902e-08
   1.0480000e+03   1.1848690e+01   3.2221710e+00  -1.7402251e-01   0.0000000e+00   5.7869014e-08
   1.0490000e+03   1.1841200e+01   3.2211380e+00  -1.7399804e-01   0.0000000e+00   5.7889497e-08
   1.0500000e+03   1.1833720e+01   3.2201060e+00  -1.7397313e-01   0.0000000e+00   5.7909301e-08
   1.0510000e+03   1.1826250e+01   3.2190760e+00  -1.7394780e-01   0.0000000e+00   5.7928455e-08
   1.0520000e+03   1.1818790e+01   3.2180460e+00  -1.7392216e-01   0.0000000e+00   5.7946965e-08
   1.0530000e+03   1.1811350e+01   3.2170170e+00  -1.7389613e-01   0.0000000e+00   5.7964852e-08
   1.0540000e+03   1.1803920e+01   3.2159880e+00  -1.7386974e-01   0.0000000e+00   5.7982077e-08
   1.0550000e+03   1.1796510e+01   3.2149610e+00  -1.7384291e-01   0.0000000e+00   5.7998655e-08
   1.0560000e+03   1.1789110e+01   3.2139350e+00  -1.7381569e-01   0.0000000e+00   5.8014597e-08
   1.0570000e+03   1.1781720e+01   3.2129090e+00  -1.7378815e-01   0.0000000e+00   5.8029886e-08
   1.0580000e+03   1.1774340e+01   3.2118840e+00  -1.7376021e-01   0.0000000e+00   5.8044557e-08
   1.0590000e+03   1.1766980e+01   3.2108600e+00  -1.7373192e-01   0.0000000e+00   5.8058591e-08
   1.0600000e+03   1.1759630e+01   3.2098370e+00  -1.7370318e-01   0.0000000e+00   5.8071979e-08
   1.0610000e+03   1.1752300e+01   3.2088150e+00  -1.7367407e-01   0.0000000e+00   5.8084739e-08
   1.0620000e+03   1.1744980e+01   3.2077940e+00  -1.7364463e-01   0.0000000e+00   5.8096869e-08
   1.0630000e+03   1.1737670e+01   3.2067730e+00  -1.7361482e-01   0.0000000e+00   5.8108378e-08
   1.0640000e+03   1.1730370e+01   3.2057530e+00  -1.7358464e-01   0.0000000e+00   5.8119260e-08
   1.0650000e+03   1.1723090e+01   3.2047350e+00  -1.7355401e-01   0.0000000e+00   5.8129504e-08
   1.0660000e+03   1.1715820e+01   3.2037170e+00  -1.7352306e-01   0.0000000e+00   5.8139133e-08
   1.0670000e+03   1.1708560e+01   3.2027000e+00  -1.7349176e-01   0.0000000e+00   5.8148146e-08
   1.0680000e+03   1.1701310e+01   3.2016830e+00  -1.7346013e-01   0.0000000e+00   5.8156545e-08
   1.0690000e+03   1.1694080e+01   3.2006680e+00  -1.7342804e-01   0.0000000e+00   5.8164319e-08
   1.0700000e+03   1.1686860e+01   3.1996530e+00  -1.7339562e-01   0.0000000e+00   5.8171483e-08
   1.0710000e+03   1.1679650e+01   3.1986400e+00  -1.7336279e-01   0.0000000e+00   5.8178019e-08
   1.0720000e+03   1.1672460e+01   3.1976270e+00  -1.7332961e-01   0.0000000e+00   5.8183961e-08
   1.0730000e+03   1.1665280e+01   3.1966150e+00  -1.7329606e-01   0.0000000e+00   5.8189285e-08
   1.0740000e+03   1.1658110e+01   3.1956040e+00  -1.7326218e-01   0.0000000e+00   5.8194019e-08
   1.0750000e+03   1.1650950e+01   3.1945930e+00  -1.7322794e-01   0.0000000e+00   5.8198142e-08
   1.0760000e+03   1.1643810e+01   3.1935840e+00  -1.7319326e-01   0.0000000e+00   5.8201651e-08
   1.0770000e+03   1.1636680e+01   3.1925750e+00  -1.7315829e-01   0.0000000e+00   5.8204574e-08
   1.0780000e+03   1.1629560e+01   3.1915670e+00  -1.7312294e-01   0.0000000e+00   5.8206895e-08
   1.0790000e+03   1.1622450e+01   3.1905600e+00  -1.7308721e-01   0.0000000e+00   5.8208610e-08
   1.0800000e+03   1.1615360e+01   3.1895540e+00  -1.7305113e-01   0.0000000e+00   5.8209739e-08
   1.0810000e+03   1.1608280e+01   3.1885490e+00  -1.7301465e-01   0.0000000e+00   5.8210267e-08
   1.0820000e+03   1.1601210e+01   3.1875450e+00  -1.7297777e-01   0.0000000e+00   5.8210193e-08
   1.0830000e+03   1.1594150e+01   3.1865410e+00  -1.7294064e-01   0.0000000e+00   5.8209547e-08
   1.0840000e+03   1.1587110e+01   3.1855380e+00  -1.7290309e-01   0.0000000e+00   5.8208323e-08
   1.0850000e+03   1.1580080e+01   3.1845360e+00  -1.7286521e-01   0.0000000e+00   5.8206513e-08
   1.0860000e+03   1.1573060e+01   3.1835350e+00  -1.7282693e-01   0.0000000e+00   5.8204103e-08
   1.0870000e+03   1.1566050e+01   3.1825350e+00  -1.7278831e-01   0.0000000e+00   5.8201118e-08
   1.0880000e+03   1.1559050e+01   3.1815360e+00  -1.7274933e-01   0.0000000e+00   5.8197549e-08
   1.0890000e+03   1.1552070e+01   3.1805370e+00  -1.7271001e-01   0.0000000e+00   5.8193420e-08
   1.0900000e+03   1.1545100e+01   3.1795400e+00  -1.7267026e-01   0.0000000e+00   5.8188691e-08
   1.0910000e+03   1.1538140e+01   3.1785430e+00  -1.7263021e-01   0.0000000e+00   5.8183409e-08
   1.0920000e+03   1.1531190e+01   3.1775470e+00  -1.7258983e-01   0.0000000e+00   5.8177553e-08
   1.0930000e+03   1.1524250e+01   3.1765510e+00  -1.7254911e-01   0.0000000e+00   5.8171142e-08
   1.0940000e+03   1.1517330e+01   3.1755570e+00  -1.7250796e-01   0.0000000e+00   5.8164149e-08
   1.0950000e+03   1.1510420e+01   3.1745630e+00  -1.7246652e-01   0.0000000e+00   5.8156604e-08
   1.0960000e+03   1.1503520e+01   3.1735710e+00  -1.7242465e-01   0.0000000e+00   5.8148474e-08
   1.0970000e+03   1.1496630e+01   3.1725790e+00  -1.7238252e-01   0.0000000e+00   5.8139808e-08
   1.0980000e+03   1.1489750e+01   3.1715880e+00  -1.7233999e-01   0.0000000e+00   5.8130568e-08
   1.0990000e+03   1.1482890e+01   3.1705970e+00  -1.7229716e-01   0.0000000e+00   5.8120795e-08
   1.1000000e+03   1.1476040e+01   3.1696080e+00  -1.7225390e-01   0.0000000e+00   5.8110446e-08
   1.1010000e+03   1.1469190e+01   3.1686190e+00  -1.7221041e-01   0.0000000e+00   5.8099563e-08
   1.1020000e+03   1.1462360e+01   3.1676320e+00  -1.7216642e-01   0.0000000e+00   5.8088100e-08
   1.1030000e+03   1.1455550e+01   3.1666450e+00  -1.7212211e-01   0.0000000e+00   5.8076107e-08
   1.1040000e+03   1.1448740e+01   3.1656580e+00  -1.7207755e-01   0.0000000e+00   5.8063584e-08
   1.1050000e+03   1.1441950e+01   3.1646730e+00  -1.7203258e-01   0.0000000e+00   5.8050502e-08
   1.1060000e+03   1.1435160e+01   3.1636890e+00  -1.7198727e-01   0.0000000e+00   5.8036876e-08
   1.1070000e+03   1.1428390e+01   3.1627050e+00  -1.7194164e-01   0.0000000e+00   5.8022729e-08
   1.1080000e+03   1.1421630e+01   3.1617220e+00  -1.7189565e-01   0.0000000e+00   5.8008029e-08
   1.1090000e+03   1.1414880e+01   3.1607400e+00  -1.7184929e-01   0.0000000e+00   5.7992798e-08
   1.1100000e+03   1.1408140e+01   3.1597590e+00  -1.7180259e-01   0.0000000e+00   5.7977023e-08
   1.1110000e+03   1.1401420e+01   3.1587780e+00  -1.7175560e-01   0.0000000e+00   5.7960749e-08
   1.1120000e+03   1.1394700e+01   3.1577990e+00  -1.7170818e-01   0.0000000e+00   5.7943906e-08
   1.1130000e+03   1.1388000e+01   3.1568200e+00  -1.7166048e-01   0.0000000e+00   5.7926563e-08
   1.1140000e+03   1.1381310e+01   3.1558420e+00  -1.7161242e-01   0.0000000e+00   5.7908699e-08
   1.1150000e+03   1.1374630e+01   3.1548650e+00  -1.7156401e-01   0.0000000e+00   5.7890300e-08
   1.1160000e+03   1.1367960e+01   3.1538880e+00  -1.7151531e-01   0.0000000e+00   5.7871389e-08
   1.1170000e+03   1.1361300e+01   3.1529130e+00  -1.7146624e-01   0.0000000e+00   5.7851961e-08
   1.1180000e+03   1.1354650e+01   3.1519380e+00  -1.7141682e-01   0.0000000e+00   5.7832012e-08
   1.1190000e+03   1.1348020e+01   3.1509640e+00  -1.7136708e-01   0.0000000e+00   5.7811556e-08
   1.1200000e+03   1.1341390e+01   3.1499910e+00  -1.7131701e-01   0.0000000e+00   5.7790585e-08
   1.1210000e+03   1.1334780e+01   3.1490190e+00  -1.7126656e-01   0.0000000e+00   5.7769104e-08
   1.1220000e+03   1.1328170e+01   3.1480470e+00  -1.7121586e-01   0.0000000e+00   5.7747123e-08
   1.1230000e+03   1.1321580e+01   3.1470760e+00  -1.7116476e-01   0.0000000e+00   5.7724628e-08
   1.1240000e+03   1.1315000e+01   3.1461060e+00  -1.7111337e-01   0.0000000e+00   5.7701648e-08
   1.1250000e+03   1.1308430e+01   3.1451370e+00  -1.7106158e-01   0.0000000e+00   5.7678146e-08
   1.1260000e+03   1.1301870e+01   3.1441690e+00  -1.7100948e-01   0.0000000e+00   5.7654155e-08
   1.1270000e+03   1.1295320e+01   3.1432010e+00  -1.7095710e-01   0.0000000e+00   5.7629675e-08
   1.1280000e+03   1.1288790e+01   3.1422350e+00  -1.7090426e-01   0.0000000e+00   5.7604680e-08
   1.1290000e+03   1.1282260e+01   3.1412690e+00  -1.7085119e-01   0.0000000e+00   5.7579207e-08
   1.1300000e+03   1.1275750e+01   3.1403030e+00  -1.7079781e-01   0.0000000e+00   5.7553259e-08
   1.1310000e+03   1.1269240e+01   3.1393390e+00  -1.7074407e-01   0.0000000e+00   5.7526807e-08
   1.1320000e+03   1.1262750e+01   3.1383760e+00  -1.7068992e-01   0.0000000e+00   5.7499851e-08
   1.1330000e+03   1.1256260e+01   3.1374130e+00  -1.7063557e-01   0.0000000e+00   5.7472444e-08
   1.1340000e+03   1.1249790e+01   3.1364510e+00  -1.7058083e-01   0.0000000e+00   5.7444551e-08
   1.1350000e+03   1.1243330e+01   3.1354900e+00  -1.7052577e-01   0.0000000e+00   5.7416167e-08
   1.1360000e+03   1.1236880e+01   3.1345290e+00  -1.7047040e-01   0.0000000e+00   5.7387320e-08
   1.1370000e+03   1.1230440e+01   3.1335690e+00  -1.7041474e-01   0.0000000e+00   5.7358008e-08
   1.1380000e+03   1.1224010e+01   3.1326110e+00  -1.7035863e-01   0.0000000e+00   5.7328192e-08
   1.1390000e+03   1.1217590e+01   3.1316520e+00  -1.7030237e-01   0.0000000e+00   5.7297940e-08
   1.1400000e+03   1.1211180e+01   3.1306950e+00  -1.7024562e-01   0.0000000e+00   5.7267190e-08
   1.1410000e+03   1.1204780e+01   3.1297390e+00  -1.7018860e-01   0.0000000e+00   5.7235974e-08
   1.1420000e+03   1.1198400e+01   3.1287830e+00  -1.7013126e-01   0.0000000e+00   5.7204312e-08
   1.1430000e+03   1.1192020e+01   3.1278280e+00  -1.7007361e-01   0.0000000e+00   5.7172183e-08
   1.1440000e+03   1.1185650e+01   3.1268740e+00  -1.7001567e-01   0.0000000e+00   5.7139612e-08
   1.1450000e+03   1.1179300e+01   3.1259200e+00  -1.6995738e-01   0.0000000e+00   5.7106570e-08
   1.1460000e+03   1.1172950e+01   3.1249680e+00  -1.6989876e-01   0.0000000e+00   5.7073068e-08
   1.1470000e+03   1.1166620e+01   3.1240160e+00  -1.6983978e-01   0.0000000e+00   5.7039107e-08
   1.1480000e+03   1.1160290e+01   3.1230650e+00  -1.6978055e-01   0.0000000e+00   5.7004704e-08
   1.1490000e+03   1.1153980e+01   3.1221140e+00  -1.6972100e-01   0.0000000e+00   5.6969867e-08
   1.1500000e+03   1.1147670e+01   3.1211650e+00  -1.6966110e-01   0.0000000e+00   5.6934560e-08
   1.1510000e+03   1.1141380e+01   3.1202160e+00  -1.6960093e-01   0.0000000e+00   5.6898828e-08
   1.1520000e+03   1.1135090e+01   3.1192680e+00  -1.6954041e-01   0.0000000e+00   5.6862640e-08
   1.1530000e+03   1.1128820e+01   3.1183210e+00  -1.6947956e-01   0.0000000e+00   5.6826025e-08
   1.1540000e+03   1.1122560e+01   3.1173740e+00  -1.6941839e-01   0.0000000e+00   5.6788965e-08
   1.1550000e+03   1.1116300e+01   3.1164280e+00  -1.6935698e-01   0.0000000e+00   5.6751475e-08
   1.1560000e+03   1.1110060e+01   3.1154840e+00  -1.6929513e-01   0.0000000e+00   5.6713532e-08
   1.1570000e+03   1.1103830e+01   3.1145390e+00  -1.6923307e-01   0.0000000e+00   5.6675187e-08
   1.1580000e+03   1.1097600e+01   3.1135960e+00  -1.6917064e-01   0.0000000e+00   5.6636386e-08
   1.1590000e+03   1.1091390e+01   3.1126530e+00  -1.6910797e-01   0.0000000e+00   5.6597189e-08
   1.1600000e+03   1.1085190e+01   3.1117110e+00  -1.6904490e-01   0.0000000e+00   5.6557543e-08
   1.1610000e+03   1.1078990e+01   3.1107700e+00  -1.6898160e-01   0.0000000e+00   5.6517485e-08
   1.1620000e+03   1.1072810e+01   3.1098300e+00  -1.6891791e-01   0.0000000e+00   5.6477008e-08
   1.1630000e+03   1.1066640e+01   3.1088900e+00  -1.6885397e-01   0.0000000e+00   5.6436109e-08
   1.1640000e+03   1.1060480e+01   3.1079510e+00  -1.6878969e-01   0.0000000e+00   5.6394798e-08
   1.1650000e+03   1.1054320e+01   3.1070130e+00  -1.6872511e-01   0.0000000e+00   5.6353066e-08
   1.1660000e+03   1.1048180e+01   3.1060750e+00  -1.6866029e-01   0.0000000e+00   5.6310943e-08
   1.1670000e+03   1.1042050e+01   3.1051390e+00  -1.6859501e-01   0.0000000e+00   5.6268384e-08
   1.1680000e+03   1.1035920e+01   3.1042030e+00  -1.6852956e-01   0.0000000e+00   5.6225428e-08
   1.1690000e+03   1.1029810e+01   3.1032670e+00  -1.6846381e-01   0.0000000e+00   5.6182083e-08
   1.1700000e+03   1.1023710e+01   3.1023330e+00  -1.6839767e-01   0.0000000e+00   5.6138311e-08
   1.1710000e+03   1.1017610e+01   3.1013990e+00  -1.6833130e-01   0.0000000e+00   5.6094158e-08
   1.1720000e+03   1.1011530e+01   3.1004660e+00  -1.6826455e-01   0.0000000e+00   5.6049594e-08
   1.1730000e+03   1.1005450e+01   3.0995340e+00  -1.6819752e-01   0.0000000e+00   5.6004624e-08
   1.1740000e+03   1.0999390e+01   3.0986030e+00  -1.6813017e-01   0.0000000e+00   5.5959270e-08
   1.1750000e+03   1.0993330e+01   3.0976720e+00  -1.6806260e-01   0.0000000e+00   5.5913535e-08
   1.1760000e+03   1.0987290e+01   3.0967420e+00  -1.6799461e-01   0.0000000e+00   5.5867386e-08
   1.1770000e+03   1.0981250e+01   3.0958130e+00  -1.6792640e-01   0.0000000e+00   5.5820861e-08
   1.1780000e+03   1.0975230e+01   3.0948840e+00  -1.6785785e-01   0.0000000e+00   5.5773959e-08
   1.1790000e+03   1.0969210e+01   3.0939560e+00  -1.6778910e-01   0.0000000e+00   5.5726682e-08
   1.1800000e+03   1.0963200e+01   3.0930290e+00  -1.6771997e-01   0.0000000e+00   5.5678999e-08
   1.1810000e+03   1.0957210e+01   3.0921030e+00  -1.6765052e-01   0.0000000e+00   5.5630942e-08
   1.1820000e+03   1.0951220e+01   3.0911770e+00  -1.6758079e-01   0.0000000e+00   5.5582513e-08
   1.1830000e+03   1.0945240e+01   3.0902520e+00  -1.6751078e-01   0.0000000e+00   5.5533713e-08
   1.1840000e+03   1.0939270e+01   3.0893280e+00  -1.6744048e-01   0.0000000e+00   5.5484535e-08
   1.1850000e+03   1.0933310e+01   3.0884040e+00  -1.6736990e-01   0.0000000e+00   5.5434992e-08
   1.1860000e+03   1.0927360e+01   3.0874820e+00  -1.6729898e-01   0.0000000e+00   5.5385073e-08
   1.1870000e+03   1.0921420e+01   3.0865600e+00  -1.6722777e-01   0.0000000e+00   5.5334781e-08
   1.1880000e+03   1.0915490e+01   3.0856380e+00  -1.6715633e-01   0.0000000e+00   5.5284157e-08
   1.1890000e+03   1.0909570e+01   3.0847180e+00  -1.6708451e-01   0.0000000e+00   5.5233139e-08
   1.1900000e+03   1.0903660e+01   3.0837980e+00  -1.6701244e-01   0.0000000e+00   5.5181771e-08
   1.1910000e+03   1.0897750e+01   3.0828790e+00  -1.6694008e-01   0.0000000e+00   5.5130043e-08
   1.1920000e+03   1.0891860e+01   3.0819600e+00  -1.6686744e-01   0.0000000e+00   5.5077966e-08
   1.1930000e+03   1.0885980e+01   3.0810420e+00  -1.6679447e-01   0.0000000e+00   5.5025523e-08
   1.1940000e+03   1.0880100e+01   3.0801250e+00  -1.6672127e-01   0.0000000e+00   5.4972740e-08
   1.1950000e+03   1.0874230e+01   3.0792090e+00  -1.6664770e-01   0.0000000e+00   5.4919590e-08
   1.1960000e+03   1.0868380e+01   3.0782930e+00  -1.6657390e-01   0.0000000e+00   5.4866113e-08
   1.1970000e+03   1.0862530e+01   3.0773790e+00  -1.6649974e-01   0.0000000e+00   5.4812269e-08
   1.1980000e+03   1.0856690e+01   3.0764640e+00  -1.6642540e-01   0.0000000e+00   5.4758104e-08
   1.1990000e+03   1.0850860e+01   3.0755510e+00  -1.6635072e-01   0.0000000e+00   5.4703590e-08
   1.2000000e+03   1.0845040e+01   3.0746380e+00  -1.6627575e-01   0.0000000e+00   5.4648735e-08
   1.2010000e+03   1.0839230e+01   3.0737260e+00  -1.6620051e-01   0.0000000e+00   5.4593541e-08
   1.2020000e+03   1.0833430e+01   3.0728150e+00  -1.6612489e-01   0.0000000e+00   5.4537995e-08
   1.2030000e+03   1.0827640e+01   3.0719040e+00  -1.6604909e-01   0.0000000e+00   5.4482143e-08
   1.2040000e+03   1.0821860e+01   3.0709940e+00  -1.6597296e-01   0.0000000e+00   5.4425949e-08
   1.2050000e+03   1.0816080e+01   3.0700840e+00  -1.6589668e-01   0.0000000e+00   5.4369455e-08
   1.2060000e+03   1.0810320e+01   3.0691760e+00  -1.6581992e-01   0.0000000e+00   5.4312591e-08
   1.2070000e+03   1.0804560e+01   3.0682680e+00  -1.6574302e-01   0.0000000e+00   5.4255427e-08
   1.2080000e+03   1.0798810e+01   3.0673610e+00  -1.6566572e-01   0.0000000e+00   5.4197920e-08
   1.2090000e+03   1.0793070e+01   3.0664540e+00  -1.6558826e-01   0.0000000e+00   5.4140115e-08
   1.2100000e+03   1.0787340e+01   3.0655480e+00  -1.6551046e-01   0.0000000e+00   5.4081988e-08
   1.2110000e+03   1.0781620e+01   3.0646430e+00  -1.6543242e-01   0.0000000e+00   5.4023538e-08
   1.2120000e+03   1.0775910e+01   3.0637390e+00  -1.6535401e-01   0.0000000e+00   5.3964771e-08
   1.2130000e+03   1.0770210e+01   3.0628350e+00  -1.6527540e-01   0.0000000e+00   5.3905703e-08
   1.2140000e+03   1.0764510e+01   3.0619320e+00  -1.6519646e-01   0.0000000e+00   5.3846307e-08
   1.2150000e+03   1.0758830e+01   3.0610290e+00  -1.6511729e-01   0.0000000e+00   5.3786626e-08
   1.2160000e+03   1.0753150e+01   3.0601270e+00  -1.6503785e-01   0.0000000e+00   5.3726622e-08
   1.2170000e+03   1.0747490e+01   3.0592260e+00  -1.6495806e-01   0.0000000e+00   5.3666310e-08
   1.2180000e+03   1.0741830e+01   3.0583260e+00  -1.6487806e-01   0.0000000e+00   5.3605709e-08
   1.2190000e+03   1.0736180e+01   3.0574260e+00  -1.6479775e-01   0.0000000e+00   5.3544802e-08
   1.2200000e+03   1.0730540e+01   3.0565270e+00  -1.6471719e-01   0.0000000e+00   5.3483598e-08
   1.2210000e+03   1.0724900e+01   3.0556290e+00  -1.6463636e-01   0.0000000e+00   5.3422093e-08
   1.2220000e+03   1.0719280e+01   3.0547310e+00  -1.6455526e-01   0.0000000e+00   5.3360305e-08
   1.2230000e+03   1.0713670e+01   3.0538340e+00  -1.6447387e-01   0.0000000e+00   5.3298231e-08
   1.2240000e+03   1.0708060e+01   3.0529380e+00  -1.6439219e-01   0.0000000e+00   5.3235840e-08
   1.2250000e+03   1.0702460e+01   3.0520420e+00  -1.6431031e-01   0.0000000e+00   5.3173183e-08
   1.2260000e+03   1.0696870e+01   3.0511470e+00  -1.6422808e-01   0.0000000e+00   5.3110219e-08
   1.2270000e+03   1.0691290e+01   3.0502520e+00  -1.6414564e-01   0.0000000e+00   5.3046998e-08
   1.2280000e+03   1.0685720e+01   3.0493590e+00  -1.6406289e-01   0.0000000e+00   5.2983479e-08
   1.2290000e+03   1.0680160e+01   3.0484660e+00  -1.6397986e-01   0.0000000e+00   5.2919677e-08
   1.2300000e+03   1.0674600e+01   3.0475730e+00  -1.6389662e-01   0.0000000e+00   5.2855613e-08
   1.2310000e+03   1.0669060e+01   3.0466820e+00  -1.6381302e-01   0.0000000e+00   5.2791248e-08
   1.2320000e+03   1.0663520e+01   3.0457900e+00  -1.6372929e-01   0.0000000e+00   5.2726641e-08
   1.2330000e+03   1.0657990e+01   3.0449000e+00  -1.6364517e-01   0.0000000e+00   5.2661741e-08
   1.2340000e+03   1.0652470e+01   3.0440100e+00  -1.6356084e-01   0.0000000e+00   5.2596575e-08
   1.2350000e+03   1.0646960e+01   3.0431210e+00  -1.6347625e-01   0.0000000e+00   5.2531144e-08
   1.2360000e+03   1.0641450e+01   3.0422330e+00  -1.6339134e-01   0.0000000e+00   5.2465427e-08
   1.2370000e+03   1.0635960e+01   3.0413450e+00  -1.6330621e-01   0.0000000e+00   5.2399466e-08
   1.2380000e+03   1.0630470e+01   3.0404580e+00  -1.6322080e-01   0.0000000e+00   5.2333241e-08
   1.2390000e+03   1.0624990e+01   3.0395710e+00  -1.6313523e-01   0.0000000e+00   5.2266772e-08
   1.2400000e+03   1.0619520e+01   3.0386850e+00  -1.6304931e-01   0.0000000e+00   5.2200024e-08
   1.2410000e+03   1.0614060e+01   3.0378000e+00  -1.6296311e-01   0.0000000e+00   5.2133025e-08
   1.2420000e+03   1.0608610e+01   3.0369150e+00  -1.6287665e-01   0.0000000e+00   5.2065763e-08
   1.2430000e+03   1.0603160e+01   3.0360310e+00  -1.6278997e-01   0.0000000e+00   5.1998256e-08
   1.2440000e+03   1.0597730e+01   3.0351480e+00  -1.6270300e-01   0.0000000e+00   5.1930502e-08
   1.2450000e+03   1.0592300e+01   3.0342650e+00  -1.6261580e-01   0.0000000e+00   5.1862497e-08
   1.2460000e+03   1.0586880e+01   3.0333830e+00  -1.6252835e-01   0.0000000e+00   5.1794253e-08
   1.2470000e+03   1.0581470e+01   3.0325020e+00  -1.6244052e-01   0.0000000e+00   5.1725731e-08
   1.2480000e+03   1.0576060e+01   3.0316210e+00  -1.6235257e-01   0.0000000e+00   5.1656986e-08
   1.2490000e+03   1.0570670e+01   3.0307410e+00  -1.6226433e-01   0.0000000e+00   5.1588022e-08
   1.2500000e+03   1.0565280e+01   3.0298620e+00  -1.6217579e-01   0.0000000e+00   5.1518785e-08
   1.2510000e+03   1.0559900e+01   3.0289830e+00  -1.6208707e-01   0.0000000e+00   5.1449335e-08
   1.2520000e+03   1.0554530e+01   3.0281040e+00  -1.6199806e-01   0.0000000e+00   5.1379636e-08
   1.2530000e+03   1.0549170e+01   3.0272270e+00  -1.6190873e-01   0.0000000e+00   5.1309704e-08
   1.2540000e+03   1.0543810e+01   3.0263500e+00  -1.6181928e-01   0.0000000e+00   5.1239563e-08
   1.2550000e+03   1.0538470e+01   3.0254730e+00  -1.6172949e-01   0.0000000e+00   5.1169172e-08
   1.2560000e+03   1.0533130e+01   3.0245980e+00  -1.6163944e-01   0.0000000e+00   5.1098554e-08
   1.2570000e+03   1.0527800e+01   3.0237230e+00  -1.6154916e-01   0.0000000e+00   5.1027713e-08
   1.2580000e+03   1.0522480e+01   3.0228480e+00  -1.6145866e-01   0.0000000e+00   5.0956648e-08
   1.2590000e+03   1.0517160e+01   3.0219740e+00  -1.6136790e-01   0.0000000e+00   5.0885363e-08
   1.2600000e+03   1.0511860e+01   3.0211010e+00  -1.6127685e-01   0.0000000e+00   5.0813860e-08
   1.2610000e+03   1.0506560e+01   3.0202280e+00  -1.6118557e-01   0.0000000e+00   5.0742128e-08
   1.2620000e+03   1.0501270e+01   3.0193560e+00  -1.6109403e-01   0.0000000e+00   5.0670183e-08
   1.2630000e+03   1.0495990e+01   3.0184850e+00  -1.6100223e-01   0.0000000e+00   5.0598019e-08
   1.2640000e+03   1.0490710e+01   3.0176140e+00  -1.6091026e-01   0.0000000e+00   5.0525665e-08
   1.2650000e+03   1.0485450e+01   3.0167440e+00  -1.6081793e-01   0.0000000e+00   5.0453069e-08
   1.2660000e+03   1.0480190e+01   3.0158740e+00  -1.6072547e-01   0.0000000e+00   5.0380293e-08
   1.2670000e+03   1.0474940e+01   3.0150050e+00  -1.6063270e-01   0.0000000e+00   5.0307295e-08
   1.2680000e+03   1.0469700e+01   3.0141370e+00  -1.6053970e-01   0.0000000e+00   5.0234102e-08
   1.2690000e+03   1.0464460e+01   3.0132690e+00  -1.6044645e-01   0.0000000e+00   5.0160688e-08
   1.2700000e+03   1.0459230e+01   3.0124020e+00  -1.6035298e-01   0.0000000e+00   5.0087080e-08
   1.2710000e+03   1.0454020e+01   3.0115350e+00  -1.6025925e-01   0.0000000e+00   5.0013281e-08
   1.2720000e+03   1.0448810e+01   3.0106690e+00  -1.6016526e-01   0.0000000e+00   4.9939276e-08
   1.2730000e+03   1.0443600e+01   3.0098040e+00  -1.6007108e-01   0.0000000e+00   4.9865077e-08
   1.2740000e+03   1.0438410e+01   3.0089390e+00  -1.5997663e-01   0.0000000e+00   4.9790688e-08
   1.2750000e+03   1.0433220e+01   3.0080750e+00  -1.5988193e-01   0.0000000e+00   4.9716102e-08
   1.2760000e+03   1.0428040e+01   3.0072110e+00  -1.5978702e-01   0.0000000e+00   4.9641327e-08
   1.2770000e+03   1.0422870e+01   3.0063480e+00  -1.5969181e-01   0.0000000e+00   4.9566358e-08
   1.2780000e+03   1.0417700e+01   3.0054860e+00  -1.5959640e-01   0.0000000e+00   4.9491198e-08
   1.2790000e+03   1.0412550e+01   3.0046240e+00  -1.5950075e-01   0.0000000e+00   4.9415866e-08
   1.2800000e+03   1.0407400e+01   3.0037630e+00  -1.5940483e-01   0.0000000e+00   4.9340332e-08
   1.2810000e+03   1.0402260e+01   3.0029020e+00  -1.5930870e-01   0.0000000e+00   4.9264626e-08
   1.2820000e+03   1.0397130e+01   3.0020420e+00  -1.5921235e-01   0.0000000e+00   4.9188744e-08
   1.2830000e+03   1.0392000e+01   3.0011830e+00  -1.5911575e-01   0.0000000e+00   4.9112677e-08
   1.2840000e+03   1.0386880e+01   3.0003240e+00  -1.5901891e-01   0.0000000e+00   4.9036434e-08
   1.2850000e+03   1.0381770e+01   2.9994660e+00  -1.5892186e-01   0.0000000e+00   4.8960021e-08
   1.2860000e+03   1.0376670e+01   2.9986080e+00  -1.5882453e-01   0.0000000e+00   4.8883425e-08
   1.2870000e+03   1.0371580e+01   2.9977510e+00  -1.5872697e-01   0.0000000e+00   4.8806665e-08
   1.2880000e+03   1.0366490e+01   2.9968940e+00  -1.5862925e-01   0.0000000e+00   4.8729740e-08
   1.2890000e+03   1.0361410e+01   2.9960380e+00  -1.5853127e-01   0.0000000e+00   4.8652653e-08
   1.2900000e+03   1.0356340e+01   2.9951830e+00  -1.5843303e-01   0.0000000e+00   4.8575387e-08
   1.2910000e+03   1.0351270e+01   2.9943280e+00  -1.5833461e-01   0.0000000e+00   4.8497958e-08
   1.2920000e+03   1.0346210e+01   2.9934740e+00  -1.5823591e-01   0.0000000e+00   4.8420361e-08
   1.2930000e+03   1.0341170e+01   2.9926200e+00  -1.5813695e-01   0.0000000e+00   4.8342605e-08
   1.2940000e+03   1.0336120e+01   2.9917670e+00  -1.5803784e-01   0.0000000e+00   4.8264695e-08
   1.2950000e+03   1.0331090e+01   2.9909140e+00  -1.5793847e-01   0.0000000e+00   4.8186633e-08
   1.2960000e+03   1.0326060e+01   2.9900620e+00  -1.5783892e-01   0.0000000e+00   4.8108425e-08
   1.2970000e+03   1.0321040e+01   2.9892110e+00  -1.5773904e-01   0.0000000e+00   4.8030023e-08
   1.2980000e+03   1.0316030e+01   2.9883600e+00  -1.5763900e-01   0.0000000e+00   4.7951499e-08
   1.2990000e+03   1.0311030e+01   2.9875100e+00  -1.5753868e-01   0.0000000e+00   4.7872810e-08
   1.3000000e+03   1.0306030e+01   2.9866600e+00  -1.5743823e-01   0.0000000e+00   4.7793992e-08
   1.3010000e+03   1.0301040e+01   2.9858110e+00  -1.5733746e-01   0.0000000e+00   4.7714999e-08
   1.3020000e+03   1.0296060e+01   2.9849620e+00  -1.5723659e-01   0.0000000e+00   4.7635894e-08
   1.3030000e+03   1.0291080e+01   2.9841140e+00  -1.5713543e-01   0.0000000e+00   4.7556626e-08
   1.3040000e+03   1.0286110e+01   2.9832670e+00  -1.5703397e-01   0.0000000e+00   4.7477191e-08
   1.3050000e+03   1.0281150e+01   2.9824200e+00  -1.5693237e-01   0.0000000e+00   4.7397647e-08
   1.3060000e+03   1.0276200e+01   2.9815730e+00  -1.5683054e-01   0.0000000e+00   4.7317959e-08
   1.3070000e+03   1.0271250e+01   2.9807280e+00  -1.5672848e-01   0.0000000e+00   4.7238135e-08
   1.3080000e+03   1.0266320e+01   2.9798820e+00  -1.5662624e-01   0.0000000e+00   4.7158185e-08
   1.3090000e+03   1.0261390e+01   2.9790380e+00  -1.5652369e-01   0.0000000e+00   4.7078075e-08
   1.3100000e+03   1.0256460e+01   2.9781930e+00  -1.5642104e-01   0.0000000e+00   4.6997851e-08
   1.3110000e+03   1.0251540e+01   2.9773500e+00  -1.5631810e-01   0.0000000e+00   4.6917479e-08
   1.3120000e+03   1.0246640e+01   2.9765070e+00  -1.5621491e-01   0.0000000e+00   4.6836999e-08
   1.3130000e+03   1.0241730e+01   2.9756640e+00  -1.5611160e-01   0.0000000e+00   4.6756378e-08
   1.3140000e+03   1.0236840e+01   2.9748220e+00  -1.5600797e-01   0.0000000e+00   4.6675627e-08
   1.3150000e+03   1.0231950e+01   2.9739810e+00  -1.5590417e-01   0.0000000e+00   4.6594746e-08
   1.3160000e+03   1.0227070e+01   2.9731400e+00  -1.5580015e-01   0.0000000e+00   4.6513755e-08
   1.3170000e+03   1.0222200e+01   2.9722990e+00  -1.5569600e-01   0.0000000e+00   4.6432664e-08
   1.3180000e+03   1.0217330e+01   2.9714600e+00  -1.5559153e-01   0.0000000e+00   4.6351425e-08
   1.3190000e+03   1.0212470e+01   2.9706200e+00  -1.5548693e-01   0.0000000e+00   4.6270084e-08
   1.3200000e+03   1.0207620e+01   2.9697820e+00  -1.5538199e-01   0.0000000e+00   4.6188593e-08
   1.3210000e+03   1.0202780e+01   2.9689430e+00  -1.5527697e-01   0.0000000e+00   4.6107028e-08
   1.3220000e+03   1.0197940e+01   2.9681060e+00  -1.5517166e-01   0.0000000e+00   4.6025326e-08
   1.3230000e+03   1.0193110e+01   2.9672680e+00  -1.5506620e-01   0.0000000e+00   4.5943518e-08
   1.3240000e+03   1.0188290e+01   2.9664320e+00  -1.5496045e-01   0.0000000e+00   4.5861593e-08
   1.3250000e+03   1.0183470e+01   2.9655960e+00  -1.5485457e-01   0.0000000e+00   4.5779571e-08
   1.3260000e+03   1.0178660e+01   2.9647600e+00  -1.5474845e-01   0.0000000e+00   4.5697436e-08
   1.3270000e+03   1.0173860e+01   2.9639250e+00  -1.5464214e-01   0.0000000e+00   4.5615200e-08
   1.3280000e+03   1.0169060e+01   2.9630910e+00  -1.5453559e-01   0.0000000e+00   4.5532853e-08
   1.3290000e+03   1.0164280e+01   2.9622570e+00  -1.5442881e-01   0.0000000e+00   4.5450398e-08
   1.3300000e+03   1.0159500e+01   2.9614230e+00  -1.5432191e-01   0.0000000e+00   4.5367871e-08
   1.3310000e+03   1.0154720e+01   2.9605900e+00  -1.5421479e-01   0.0000000e+00   4.5285220e-08
   1.3320000e+03   1.0149950e+01   2.9597580e+00  -1.5410741e-01   0.0000000e+00   4.5202468e-08
   1.3330000e+03   1.0145190e+01   2.9589260e+00  -1.5399988e-01   0.0000000e+00   4.5119634e-08
   1.3340000e+03   1.0140440e+01   2.9580940e+00  -1.5389215e-01   0.0000000e+00   4.5036706e-08
   1.3350000e+03   1.0135700e+01   2.9572640e+00  -1.5378408e-01   0.0000000e+00   4.4953658e-08
   1.3360000e+03   1.0130960e+01   2.9564330e+00  -1.5367599e-01   0.0000000e+00   4.4870550e-08
   1.3370000e+03   1.0126220e+01   2.9556030e+00  -1.5356766e-01   0.0000000e+00   4.4787346e-08
   1.3380000e+03   1.0121500e+01   2.9547740e+00  -1.5345909e-01   0.0000000e+00   4.4704044e-08
   1.3390000e+03   1.0116780e+01   2.9539450e+00  -1.5335030e-01   0.0000000e+00   4.4620650e-08
   1.3400000e+03   1.0112070e+01   2.9531170e+00  -1.5324137e-01   0.0000000e+00   4.4537188e-08
   1.3410000e+03   1.0107360e+01   2.9522890e+00  -1.5313220e-01   0.0000000e+00   4.4453626e-08
   1.3420000e+03   1.0102670e+01   2.9514620e+00  -1.5302282e-01   0.0000000e+00   4.4369984e-08
   1.3430000e+03   1.0097980e+01   2.9506350e+00  -1.5291326e-01   0.0000000e+00   4.4286259e-08
   1.3440000e+03   1.0093290e+01   2.9498090e+00  -1.5280354e-01   0.0000000e+00   4.4202467e-08
   1.3450000e+03   1.0088610e+01   2.9489830e+00  -1.5269357e-01   0.0000000e+00   4.4118570e-08
   1.3460000e+03   1.0083940e+01   2.9481580e+00  -1.5258345e-01   0.0000000e+00   4.4034621e-08
   1.3470000e+03   1.0079280e+01   2.9473330e+00  -1.5247308e-01   0.0000000e+00   4.3950581e-08
   1.3480000e+03   1.0074620e+01   2.9465090e+00  -1.5236255e-01   0.0000000e+00   4.3866466e-08
   1.3490000e+03   1.0069970e+01   2.9456850e+00  -1.5225188e-01   0.0000000e+00   4.3782302e-08
   1.3500000e+03   1.0065330e+01   2.9448610e+00  -1.5214102e-01   0.0000000e+00   4.3698060e-08
   1.3510000e+03   1.0060690e+01   2.9440390e+00  -1.5202986e-01   0.0000000e+00   4.3613730e-08
   1.3520000e+03   1.0056060e+01   2.9432160e+00  -1.5191859e-01   0.0000000e+00   4.3529339e-08
   1.3530000e+03   1.0051440e+01   2.9423950e+00  -1.5180704e-01   0.0000000e+00   4.3444870e-08
   1.3540000e+03   1.0046820e+01   2.9415730e+00  -1.5169541e-01   0.0000000e+00   4.3360354e-08
   1.3550000e+03   1.0042210e+01   2.9407520e+00  -1.5158358e-01   0.0000000e+00   4.3275776e-08
   1.3560000e+03   1.0037610e+01   2.9399320e+00  -1.5147150e-01   0.0000000e+00   4.3191122e-08
   1.3570000e+03   1.0033010e+01   2.9391120e+00  -1.5135932e-01   0.0000000e+00   4.3106420e-08
   1.3580000e+03   1.0028420e+01   2.9382930e+00  -1.5124682e-01   0.0000000e+00   4.3021632e-08
   1.3590000e+03   1.0023840e+01   2.9374740e+00  -1.5113425e-01   0.0000000e+00   4.2936815e-08
   1.3600000e+03   1.0019270e+01   2.9366560e+00  -1.5102136e-01   0.0000000e+00   4.2851912e-08
   1.3610000e+03   1.0014700e+01   2.9358380e+00  -1.5090839e-01   0.0000000e+00   4.2766972e-08
   1.3620000e+03   1.0010130e+01   2.9350210e+00  -1.5079525e-01   0.0000000e+00   4.2681979e-08
   1.3630000e+03   1.0005580e+01   2.9342040e+00  -1.5068189e-01   0.0000000e+00   4.2596930e-08
   1.3640000e+03   1.0001030e+01   2.9333870e+00  -1.5056839e-01   0.0000000e+00   4.2511828e-08
