   3.3000000e+01   2.4478970e+02   4.8814570e+00  -2.9319630e-03   3.8096400e-04   1.6180255e-03
   3.4000000e+01   2.3952760e+02   4.8440960e+00  -3.3456704e-03   3.9370927e-04   1.6709057e-03
   3.5000000e+01   2.3448900e+02   4.8088000e+00  -3.7630492e-03   4.0649626e-04   1.7238305e-03
   3.6000000e+01   2.2965780e+02   4.7754400e+00  -4.1837922e-03   4.1932353e-04   1.7767897e-03
   3.7000000e+01   2.2501990e+02   4.7438970e+00  -4.6076193e-03   4.3218964e-04   1.8297736e-03
   3.8000000e+01   2.2056270e+02   4.7140540e+00  -5.0342689e-03   4.4509470e-04   1.8827791e-03
   3.9000000e+01   2.1627500e+02   4.6858040e+00  -5.4634890e-03   4.5803869e-04   1.9358026e-03
   4.0000000e+01   2.1214640e+02   4.6590440e+00  -5.8950230e-03   4.7102236e-04   1.9888434e-03
   4.1000000e+01   2.0816780e+02   4.6336790e+00  -6.3286319e-03   4.8404675e-04   2.0419027e-03
   4.2000000e+01   2.0433070e+02   4.6096180e+00  -6.7640772e-03   4.9711308e-04   2.0949818e-03
   4.3000000e+01   2.0062750e+02   4.5867790e+00  -7.2011232e-03   5.1022251e-04   2.1480824e-03
   4.4000000e+01   1.9705100e+02   4.5650840e+00  -7.6395227e-03   5.2337649e-04   2.2012068e-03
   4.5000000e+01   1.9359490e+02   4.5444600e+00  -8.0790601e-03   5.3657623e-04   2.2543574e-03
   4.6000000e+01   1.9025300e+02   4.5248390e+00  -8.5194981e-03   5.4982347e-04   2.3075372e-03
   4.7000000e+01   1.8701970e+02   4.5061590e+00  -8.9606069e-03   5.6311956e-04   2.3607484e-03
   4.8000000e+01   1.8388990e+02   4.4883610e+00  -9.4021693e-03   5.7646571e-04   2.4139929e-03
   4.9000000e+01   1.8085880e+02   4.4713910e+00  -9.8439704e-03   5.8986297e-04   2.4672719e-03
   5.0000000e+01   1.7792170e+02   4.4551990e+00  -1.0285789e-02   6.0331315e-04   2.5205888e-03
   5.1000000e+01   1.7507450e+02   4.4397380e+00  -1.0727421e-02   6.1681696e-04   2.5739435e-03
   5.2000000e+01   1.7231310e+02   4.4249640e+00  -1.1168673e-02   6.3037564e-04   2.6273367e-03
   5.3000000e+01   1.6963390e+02   4.4108380e+00  -1.1609338e-02   6.4398931e-04   2.6807673e-03
   5.4000000e+01   1.6703320e+02   4.3973210e+00  -1.2049222e-02   6.5766031e-04   2.7342388e-03
   5.5000000e+01   1.6450780e+02   4.3843780e+00  -1.2488161e-02   6.7138832e-04   2.7877480e-03
   5.6000000e+01   1.6205450e+02   4.3719780e+00  -1.2925961e-02   6.8517417e-04   2.8412943e-03
   5.7000000e+01   1.5967030e+02   4.3600890e+00  -1.3362456e-02   6.9901908e-04   2.8948783e-03
   5.8000000e+01   1.5735250e+02   4.3486840e+00  -1.3797495e-02   7.1292281e-04   2.9484962e-03
   5.9000000e+01   1.5509840e+02   4.3377360e+00  -1.4230916e-02   7.2688636e-04   3.0021484e-03
   6.0000000e+01   1.5290550e+02   4.3272210e+00  -1.4662568e-02   7.4090967e-04   3.0558315e-03
   6.1000000e+01   1.5077130e+02   4.3171160e+00  -1.5092319e-02   7.5499355e-04   3.1095433e-03
   6.2000000e+01   1.4869360e+02   4.3074000e+00  -1.5520026e-02   7.6913798e-04   3.1632808e-03
   6.3000000e+01   1.4667030e+02   4.2980520e+00  -1.5945573e-02   7.8334351e-04   3.2170433e-03
   6.4000000e+01   1.4469920e+02   4.2890540e+00  -1.6368826e-02   7.9761011e-04   3.2708245e-03
   6.5000000e+01   1.4277850e+02   4.2803890e+00  -1.6789696e-02   8.1193754e-04   3.3246228e-03
   6.6000000e+01   1.4090640e+02   4.2720390e+00  -1.7208063e-02   8.2632629e-04   3.3784362e-03
   6.7000000e+01   1.3908090e+02   4.2639910e+00  -1.7623820e-02   8.4077654e-04   3.4322594e-03
   6.8000000e+01   1.3730050e+02   4.2562280e+00  -1.8036899e-02   8.5528830e-04   3.4860898e-03
   6.9000000e+01   1.3556350e+02   4.2487380e+00  -1.8447191e-02   8.6986140e-04   3.5399231e-03
   7.0000000e+01   1.3386840e+02   4.2415090e+00  -1.8854635e-02   8.8449585e-04   3.5937548e-03
   7.1000000e+01   1.3221370e+02   4.2345280e+00  -1.9259143e-02   8.9919188e-04   3.6475829e-03
   7.2000000e+01   1.3059810e+02   4.2277830e+00  -1.9660658e-02   9.1394926e-04   3.7014020e-03
   7.3000000e+01   1.2902010e+02   4.2212650e+00  -2.0059105e-02   9.2876785e-04   3.7552077e-03
   7.4000000e+01   1.2747860e+02   4.2149630e+00  -2.0454439e-02   9.4364760e-04   3.8089977e-03
   7.5000000e+01   1.2597230e+02   4.2088680e+00  -2.0846618e-02   9.5858841e-04   3.8627670e-03
   7.6000000e+01   1.2450010e+02   4.2029720e+00  -2.1235578e-02   9.7358871e-04   3.9165084e-03
   7.7000000e+01   1.2306070e+02   4.1972640e+00  -2.1621281e-02   9.8865218e-04   3.9702249e-03
   7.8000000e+01   1.2165320e+02   4.1917390e+00  -2.2003698e-02   1.0037746e-03   4.0239048e-03
   7.9000000e+01   1.2027650e+02   4.1863880e+00  -2.2382795e-02   1.0189585e-03   4.0775488e-03
   8.0000000e+01   1.1892970e+02   4.1812040e+00  -2.2758539e-02   1.0342028e-03   4.1311532e-03
   8.1000000e+01   1.1761170e+02   4.1761810e+00  -2.3130906e-02   1.0495075e-03   4.1847104e-03
   8.2000000e+01   1.1632180e+02   4.1713110e+00  -2.3499894e-02   1.0648722e-03   4.2382185e-03
   8.3000000e+01   1.1505890e+02   4.1665900e+00  -2.3865461e-02   1.0802978e-03   4.2916729e-03
   8.4000000e+01   1.1382240e+02   4.1620110e+00  -2.4227622e-02   1.0957831e-03   4.3450731e-03
   8.5000000e+01   1.1261130e+02   4.1575680e+00  -2.4586341e-02   1.1113297e-03   4.3984127e-03
   8.6000000e+01   1.1142500e+02   4.1532570e+00  -2.4941641e-02   1.1269350e-03   4.4516860e-03
   8.7000000e+01   1.1026260e+02   4.1490730e+00  -2.5293495e-02   1.1426019e-03   4.5048934e-03
   8.8000000e+01   1.0912360e+02   4.1450110e+00  -2.5641930e-02   1.1583279e-03   4.5580318e-03
   8.9000000e+01   1.0800710e+02   4.1410670e+00  -2.5986918e-02   1.1741135e-03   4.6110908e-03
   9.0000000e+01   1.0691250e+02   4.1372350e+00  -2.6328487e-02   1.1899614e-03   4.6640744e-03
   9.1000000e+01   1.0583930e+02   4.1335130e+00  -2.6666649e-02   1.2058671e-03   4.7169756e-03
   9.2000000e+01   1.0478680e+02   4.1298960e+00  -2.7001406e-02   1.2218338e-03   4.7697936e-03
   9.3000000e+01   1.0375440e+02   4.1263810e+00  -2.7332771e-02   1.2378610e-03   4.8225248e-03
   9.4000000e+01   1.0274160e+02   4.1229630e+00  -2.7660777e-02   1.2539481e-03   4.8751641e-03
   9.5000000e+01   1.0174770e+02   4.1196410e+00  -2.7985399e-02   1.2700966e-03   4.9277106e-03
   9.6000000e+01   1.0077240e+02   4.1164100e+00  -2.8306711e-02   1.2863047e-03   4.9801617e-03
   9.7000000e+01   9.9811760e+01   4.1134020e+00  -2.8618998e-02   1.3026192e-03   5.0330785e-03
   9.8000000e+01   9.8872010e+01   4.1103410e+00  -2.8933816e-02   1.3189476e-03   5.0853253e-03
   9.9000000e+01   9.7949300e+01   4.1073630e+00  -2.9245361e-02   1.3353371e-03   5.1374687e-03
   1.0000000e+02   9.7043160e+01   4.1044640e+00  -2.9553663e-02   1.3517876e-03   5.1895053e-03
   1.0100000e+02   9.6153170e+01   4.1016430e+00  -2.9858749e-02   1.3683000e-03   5.2414349e-03
   1.0200000e+02   9.5278890e+01   4.0988960e+00  -3.0160642e-02   1.3848748e-03   5.2932551e-03
   1.0300000e+02   9.4419920e+01   4.0962220e+00  -3.0459372e-02   1.4015115e-03   5.3449617e-03
   1.0400000e+02   9.3575880e+01   4.0936180e+00  -3.0754970e-02   1.4182102e-03   5.3965551e-03
   1.0500000e+02   9.2746370e+01   4.0910810e+00  -3.1047463e-02   1.4349733e-03   5.4480340e-03
   1.0600000e+02   9.1931040e+01   4.0886100e+00  -3.1336893e-02   1.4517978e-03   5.4993932e-03
   1.0700000e+02   9.1129530e+01   4.0862020e+00  -3.1623280e-02   1.4686877e-03   5.5506348e-03
   1.0800000e+02   9.0341500e+01   4.0838560e+00  -3.1906666e-02   1.4856400e-03   5.6017558e-03
   1.0900000e+02   8.9566600e+01   4.0815700e+00  -3.2187077e-02   1.5026568e-03   5.6527525e-03
   1.1000000e+02   8.8804540e+01   4.0793410e+00  -3.2464552e-02   1.5197400e-03   5.7036294e-03
   1.1100000e+02   8.8054980e+01   4.0771690e+00  -3.2739121e-02   1.5368860e-03   5.7543759e-03
   1.1200000e+02   8.7317640e+01   4.0750500e+00  -3.3010824e-02   1.5540993e-03   5.8050013e-03
   1.1300000e+02   8.6592220e+01   4.0729840e+00  -3.3279689e-02   1.5713794e-03   5.8554982e-03
   1.1400000e+02   8.5878440e+01   4.0709700e+00  -3.3545750e-02   1.5887234e-03   5.9058633e-03
   1.1500000e+02   8.5176020e+01   4.0690040e+00  -3.3809044e-02   1.6061375e-03   5.9561049e-03
   1.1600000e+02   8.4484710e+01   4.0670870e+00  -3.4069622e-02   1.6236179e-03   6.0062113e-03
   1.1700000e+02   8.3804240e+01   4.0652160e+00  -3.4327497e-02   1.6411664e-03   6.0561878e-03
   1.1800000e+02   8.3134360e+01   4.0633900e+00  -3.4582712e-02   1.6587842e-03   6.1060305e-03
   1.1900000e+02   8.2474840e+01   4.0616090e+00  -3.4835293e-02   1.6764708e-03   6.1557412e-03
   1.2000000e+02   8.1825440e+01   4.0598690e+00  -3.5085294e-02   1.6942283e-03   6.2053210e-03
   1.2100000e+02   8.1185940e+01   4.0581710e+00  -3.5332740e-02   1.7120553e-03   6.2547617e-03
   1.2200000e+02   8.0556110e+01   4.0565130e+00  -3.5577659e-02   1.7299537e-03   6.3040702e-03
   1.2300000e+02   7.9935740e+01   4.0548940e+00  -3.5820091e-02   1.7479234e-03   6.3532447e-03
   1.2400000e+02   7.9324620e+01   4.0533130e+00  -3.6060066e-02   1.7659657e-03   6.4022796e-03
   1.2500000e+02   7.8722560e+01   4.0517680e+00  -3.6297631e-02   1.7840811e-03   6.4511778e-03
   1.2600000e+02   7.8129350e+01   4.0502590e+00  -3.6532804e-02   1.8022701e-03   6.4999417e-03
   1.2700000e+02   7.7544800e+01   4.0487840e+00  -3.6765627e-02   1.8205337e-03   6.5485662e-03
   1.2800000e+02   7.6968740e+01   4.0473430e+00  -3.6996133e-02   1.8388716e-03   6.5970523e-03
   1.2900000e+02   7.6400980e+01   4.0459340e+00  -3.7224347e-02   1.8572862e-03   6.6454016e-03
   1.3000000e+02   7.5841340e+01   4.0445570e+00  -3.7450306e-02   1.8757769e-03   6.6936138e-03
   1.3100000e+02   7.5289660e+01   4.0432110e+00  -3.7674041e-02   1.8943427e-03   6.7416809e-03
   1.3200000e+02   7.4745770e+01   4.0418940e+00  -3.7895586e-02   1.9129892e-03   6.7896154e-03
   1.3300000e+02   7.4209520e+01   4.0406070e+00  -3.8114974e-02   1.9317108e-03   6.8374040e-03
   1.3400000e+02   7.3680740e+01   4.0393480e+00  -3.8332216e-02   1.9505131e-03   6.8850578e-03
   1.3500000e+02   7.3159280e+01   4.0381160e+00  -3.8547372e-02   1.9693950e-03   6.9325678e-03
   1.3600000e+02   7.2645000e+01   4.0369100e+00  -3.8760447e-02   1.9883580e-03   6.9799407e-03
   1.3700000e+02   7.2137750e+01   4.0357310e+00  -3.8971482e-02   2.0074007e-03   7.0271716e-03
   1.3800000e+02   7.1637400e+01   4.0345760e+00  -3.9180516e-02   2.0265265e-03   7.0742616e-03
   1.3900000e+02   7.1143800e+01   4.0334460e+00  -3.9387544e-02   2.0457333e-03   7.1212090e-03
   1.4000000e+02   7.0656820e+01   4.0323390e+00  -3.9592623e-02   2.0650260e-03   7.1680165e-03
   1.4100000e+02   7.0176340e+01   4.0312560e+00  -3.9795772e-02   2.0844011e-03   7.2146833e-03
   1.4200000e+02   6.9702220e+01   4.0301940e+00  -3.9997023e-02   2.1038623e-03   7.2612099e-03
   1.4300000e+02   6.9234350e+01   4.0291550e+00  -4.0196383e-02   2.1234066e-03   7.3075903e-03
   1.4400000e+02   6.8772610e+01   4.0281360e+00  -4.0393900e-02   2.1430385e-03   7.3538340e-03
   1.4500000e+02   6.8316870e+01   4.0271380e+00  -4.0589594e-02   2.1627584e-03   7.3999330e-03
   1.4600000e+02   6.7867030e+01   4.0261600e+00  -4.0783486e-02   2.1825636e-03   7.4458885e-03
   1.4700000e+02   6.7422970e+01   4.0252010e+00  -4.0975601e-02   2.2024590e-03   7.4917046e-03
   1.4800000e+02   6.6984580e+01   4.0242610e+00  -4.1165960e-02   2.2224444e-03   7.5373766e-03
   1.4900000e+02   6.6551770e+01   4.0233390e+00  -4.1354593e-02   2.2425185e-03   7.5829059e-03
   1.5000000e+02   6.6124420e+01   4.0224350e+00  -4.1541524e-02   2.2626835e-03   7.6282895e-03
   1.5100000e+02   6.5702450e+01   4.0215480e+00  -4.1726766e-02   2.2829389e-03   7.6735329e-03
   1.5200000e+02   6.5285740e+01   4.0206780e+00  -4.1910350e-02   2.3032864e-03   7.7186327e-03
   1.5300000e+02   6.4874200e+01   4.0198240e+00  -4.2092294e-02   2.3237283e-03   7.7635876e-03
   1.5400000e+02   6.4467740e+01   4.0189860e+00  -4.2272623e-02   2.3442624e-03   7.8083987e-03
   1.5500000e+02   6.4066280e+01   4.0181630e+00  -4.2451353e-02   2.3648911e-03   7.8530681e-03
   1.5600000e+02   6.3669710e+01   4.0173560e+00  -4.2628489e-02   2.3856145e-03   7.8975901e-03
   1.5700000e+02   6.3277950e+01   4.0165620e+00  -4.2804089e-02   2.4064345e-03   7.9419692e-03
   1.5800000e+02   6.2890930e+01   4.0157830e+00  -4.2978149e-02   2.4273509e-03   7.9862048e-03
   1.5900000e+02   6.2508550e+01   4.0150170e+00  -4.3150694e-02   2.4483637e-03   8.0302924e-03
   1.6000000e+02   6.2130730e+01   4.0142640e+00  -4.3321746e-02   2.4694759e-03   8.0742389e-03
   1.6100000e+02   6.1757400e+01   4.0135250e+00  -4.3491303e-02   2.4906839e-03   8.1180354e-03
   1.6200000e+02   6.1388470e+01   4.0127980e+00  -4.3659414e-02   2.5119942e-03   8.1616877e-03
   1.6300000e+02   6.1023880e+01   4.0120830e+00  -4.3826072e-02   2.5334021e-03   8.2051938e-03
   1.6400000e+02   6.0663550e+01   4.0113800e+00  -4.3991299e-02   2.5549115e-03   8.2485523e-03
   1.6500000e+02   6.0307400e+01   4.0106880e+00  -4.4155126e-02   2.5765240e-03   8.2917656e-03
   1.6600000e+02   5.9955370e+01   4.0100070e+00  -4.4317566e-02   2.5982377e-03   8.3348324e-03
   1.6700000e+02   5.9607380e+01   4.0093370e+00  -4.4478621e-02   2.6200544e-03   8.3777516e-03
   1.6800000e+02   5.9263380e+01   4.0086780e+00  -4.4638312e-02   2.6419732e-03   8.4205215e-03
   1.6900000e+02   5.8923280e+01   4.0080290e+00  -4.4796661e-02   2.6639972e-03   8.4631419e-03
   1.7000000e+02   5.8587040e+01   4.0073900e+00  -4.4953685e-02   2.6861250e-03   8.5056151e-03
   1.7100000e+02   5.8254580e+01   4.0067600e+00  -4.5109390e-02   2.7083598e-03   8.5479399e-03
   1.7200000e+02   5.7925840e+01   4.0061390e+00  -4.5263807e-02   2.7307017e-03   8.5901146e-03
   1.7300000e+02   5.7600760e+01   4.0055280e+00  -4.5416922e-02   2.7531489e-03   8.6321390e-03
   1.7400000e+02   5.7279290e+01   4.0049250e+00  -4.5568777e-02   2.7757045e-03   8.6740140e-03
   1.7500000e+02   5.6961370e+01   4.0043310e+00  -4.5719371e-02   2.7983674e-03   8.7157385e-03
   1.7600000e+02   5.6646930e+01   4.0037450e+00  -4.5868730e-02   2.8211405e-03   8.7573112e-03
   1.7700000e+02   5.6335920e+01   4.0031670e+00  -4.6016849e-02   2.8440230e-03   8.7987323e-03
   1.7800000e+02   5.6028300e+01   4.0025970e+00  -4.6163750e-02   2.8670147e-03   8.8400022e-03
   1.7900000e+02   5.5724000e+01   4.0020340e+00  -4.6309457e-02   2.8901189e-03   8.8811202e-03
   1.8000000e+02   5.5422970e+01   4.0014790e+00  -4.6453963e-02   2.9133333e-03   8.9220822e-03
   1.8100000e+02   5.5125160e+01   4.0009300e+00  -4.6597300e-02   2.9366625e-03   8.9628940e-03
   1.8200000e+02   5.4830530e+01   4.0003890e+00  -4.6739461e-02   2.9601013e-03   9.0035492e-03
   1.8300000e+02   5.4539020e+01   3.9998540e+00  -4.6880466e-02   2.9836548e-03   9.0440507e-03
   1.8400000e+02   5.4250580e+01   3.9993250e+00  -4.7020341e-02   3.0073247e-03   9.0843985e-03
   1.8500000e+02   5.3965170e+01   3.9988030e+00  -4.7159060e-02   3.0311069e-03   9.1245887e-03
   1.8600000e+02   5.3682740e+01   3.9982870e+00  -4.7296673e-02   3.0550052e-03   9.1646232e-03
   1.8700000e+02   5.3403250e+01   3.9977760e+00  -4.7433182e-02   3.0790210e-03   9.2045027e-03
   1.8800000e+02   5.3126660e+01   3.9972710e+00  -4.7568589e-02   3.1031520e-03   9.2442240e-03
   1.8900000e+02   5.2852910e+01   3.9967720e+00  -4.7702896e-02   3.1274004e-03   9.2837875e-03
   1.9000000e+02   5.2581960e+01   3.9962780e+00  -4.7836127e-02   3.1517674e-03   9.3231927e-03
   1.9100000e+02   5.2313780e+01   3.9957890e+00  -4.7968296e-02   3.1762528e-03   9.3624390e-03
   1.9200000e+02   5.2048320e+01   3.9953050e+00  -4.8099403e-02   3.2008579e-03   9.4015267e-03
   1.9300000e+02   5.1785550e+01   3.9948260e+00  -4.8229459e-02   3.2255817e-03   9.4404513e-03
   1.9400000e+02   5.1525420e+01   3.9943520e+00  -4.8358475e-02   3.2504252e-03   9.4792164e-03
   1.9500000e+02   5.1267890e+01   3.9938820e+00  -4.8486464e-02   3.2753921e-03   9.5178225e-03
   1.9600000e+02   5.1012940e+01   3.9934160e+00  -4.8613437e-02   3.3004796e-03   9.5562672e-03
   1.9700000e+02   5.0760510e+01   3.9929550e+00  -4.8739396e-02   3.3256884e-03   9.5945450e-03
   1.9800000e+02   5.0510570e+01   3.9924980e+00  -4.8864340e-02   3.3510203e-03   9.6326608e-03
   1.9900000e+02   5.0263100e+01   3.9920440e+00  -4.8988310e-02   3.3764768e-03   9.6706169e-03
   2.0000000e+02   5.0018040e+01   3.9915940e+00  -4.9111291e-02   3.4020582e-03   9.7084078e-03
   2.0100000e+02   4.9775380e+01   3.9911480e+00  -4.9233297e-02   3.4277615e-03   9.7460310e-03
   2.0200000e+02   4.9535070e+01   3.9907060e+00  -4.9354322e-02   3.4535903e-03   9.7834899e-03
   2.0300000e+02   4.9297080e+01   3.9902660e+00  -4.9474412e-02   3.4795478e-03   9.8207846e-03
   2.0400000e+02   4.9061370e+01   3.9898310e+00  -4.9593520e-02   3.5056286e-03   9.8579092e-03
   2.0500000e+02   4.8827930e+01   3.9893980e+00  -4.9711704e-02   3.5318376e-03   9.8948689e-03
   2.0600000e+02   4.8596710e+01   3.9889680e+00  -4.9828951e-02   3.5581739e-03   9.9316602e-03
   2.0700000e+02   4.8367680e+01   3.9885410e+00  -4.9945273e-02   3.5846393e-03   9.9682807e-03
   2.0800000e+02   4.8140820e+01   3.9881170e+00  -5.0060669e-02   3.6112319e-03   1.0004733e-02
   2.0900000e+02   4.7916100e+01   3.9876960e+00  -5.0175156e-02   3.6379527e-03   1.0041017e-02
   2.1000000e+02   4.7693470e+01   3.9872770e+00  -5.0288737e-02   3.6648066e-03   1.0077130e-02
   2.1100000e+02   4.7472930e+01   3.9868610e+00  -5.0401416e-02   3.6917868e-03   1.0113070e-02
   2.1200000e+02   4.7254430e+01   3.9864470e+00  -5.0513219e-02   3.7189010e-03   1.0148840e-02
   2.1300000e+02   4.7037960e+01   3.9860350e+00  -5.0624139e-02   3.7461464e-03   1.0184437e-02
   2.1400000e+02   4.6823480e+01   3.9856260e+00  -5.0734170e-02   3.7735216e-03   1.0219862e-02
   2.1500000e+02   4.6610960e+01   3.9852190e+00  -5.0843330e-02   3.8010310e-03   1.0255111e-02
   2.1600000e+02   4.6400390e+01   3.9848130e+00  -5.0951644e-02   3.8286742e-03   1.0290189e-02
   2.1700000e+02   4.6191730e+01   3.9844100e+00  -5.1059091e-02   3.8564488e-03   1.0325088e-02
   2.1800000e+02   4.5984960e+01   3.9840080e+00  -5.1165700e-02   3.8843609e-03   1.0359815e-02
   2.1900000e+02   4.5780050e+01   3.9836080e+00  -5.1271464e-02   3.9124070e-03   1.0394364e-02
   2.2000000e+02   4.5576990e+01   3.9832100e+00  -5.1376385e-02   3.9405865e-03   1.0428737e-02
   2.2100000e+02   4.5375740e+01   3.9828140e+00  -5.1480474e-02   3.9689010e-03   1.0462930e-02
   2.2200000e+02   4.5176290e+01   3.9824190e+00  -5.1583750e-02   3.9973518e-03   1.0496948e-02
   2.2300000e+02   4.4978600e+01   3.9820250e+00  -5.1686212e-02   4.0259433e-03   1.0530787e-02
   2.2400000e+02   4.4782660e+01   3.9816330e+00  -5.1787861e-02   4.0546693e-03   1.0564446e-02
   2.2500000e+02   4.4588450e+01   3.9812420e+00  -5.1888708e-02   4.0835333e-03   1.0597925e-02
   2.2600000e+02   4.4395940e+01   3.9808520e+00  -5.1988757e-02   4.1125356e-03   1.0631223e-02
   2.2700000e+02   4.4205100e+01   3.9804640e+00  -5.2088003e-02   4.1416779e-03   1.0664341e-02
   2.2800000e+02   4.4015930e+01   3.9800760e+00  -5.2186478e-02   4.1709598e-03   1.0697277e-02
   2.2900000e+02   4.3828400e+01   3.9796900e+00  -5.2284163e-02   4.2003786e-03   1.0730030e-02
   2.3000000e+02   4.3642480e+01   3.9793040e+00  -5.2381085e-02   4.2299425e-03   1.0762603e-02
   2.3100000e+02   4.3458160e+01   3.9789190e+00  -5.2477240e-02   4.2596467e-03   1.0794989e-02
   2.3200000e+02   4.3275420e+01   3.9785350e+00  -5.2572630e-02   4.2894919e-03   1.0827193e-02
   2.3300000e+02   4.3094240e+01   3.9781520e+00  -5.2667261e-02   4.3194775e-03   1.0859213e-02
   2.3400000e+02   4.2914590e+01   3.9777700e+00  -5.2761136e-02   4.3496053e-03   1.0891046e-02
   2.3500000e+02   4.2736470e+01   3.9773880e+00  -5.2854275e-02   4.3798779e-03   1.0922695e-02
   2.3600000e+02   4.2559840e+01   3.9770070e+00  -5.2946665e-02   4.4102942e-03   1.0954156e-02
   2.3700000e+02   4.2384700e+01   3.9766260e+00  -5.3038332e-02   4.4408551e-03   1.0985432e-02
   2.3800000e+02   4.2211020e+01   3.9762460e+00  -5.3129267e-02   4.4715595e-03   1.1016519e-02
   2.3900000e+02   4.2038790e+01   3.9758660e+00  -5.3219475e-02   4.5024095e-03   1.1047418e-02
   2.4000000e+02   4.1867990e+01   3.9754870e+00  -5.3308963e-02   4.5334039e-03   1.1078131e-02
   2.4100000e+02   4.1698590e+01   3.9751080e+00  -5.3397742e-02   4.5645469e-03   1.1108653e-02
   2.4200000e+02   4.1530600e+01   3.9747290e+00  -5.3485819e-02   4.5958346e-03   1.1138986e-02
   2.4300000e+02   4.1363980e+01   3.9743510e+00  -5.3573178e-02   4.6272689e-03   1.1169129e-02
   2.4400000e+02   4.1198730e+01   3.9739720e+00  -5.3659864e-02   4.6588525e-03   1.1199082e-02
   2.4500000e+02   4.1034820e+01   3.9735940e+00  -5.3745839e-02   4.6905829e-03   1.1228841e-02
   2.4600000e+02   4.0872240e+01   3.9732160e+00  -5.3831133e-02   4.7224626e-03   1.1258413e-02
   2.4700000e+02   4.0710970e+01   3.9728380e+00  -5.3915744e-02   4.7544919e-03   1.1287791e-02
   2.4800000e+02   4.0551000e+01   3.9724600e+00  -5.3999682e-02   4.7866713e-03   1.1316978e-02
   2.4900000e+02   4.0392320e+01   3.9720820e+00  -5.4082946e-02   4.8189980e-03   1.1345969e-02
   2.5000000e+02   4.0234900e+01   3.9717030e+00  -5.4165548e-02   4.8514811e-03   1.1374771e-02
   2.5100000e+02   4.0078740e+01   3.9713250e+00  -5.4247483e-02   4.8841100e-03   1.1403376e-02
   2.5200000e+02   3.9923820e+01   3.9709470e+00  -5.4328759e-02   4.9168896e-03   1.1431784e-02
   2.5300000e+02   3.9770120e+01   3.9705680e+00  -5.4409385e-02   4.9498248e-03   1.1460001e-02
   2.5400000e+02   3.9617630e+01   3.9701890e+00  -5.4489364e-02   4.9829122e-03   1.1488023e-02
   2.5500000e+02   3.9466340e+01   3.9698100e+00  -5.4568703e-02   5.0161517e-03   1.1515850e-02
   2.5600000e+02   3.9316230e+01   3.9694310e+00  -5.4647398e-02   5.0495439e-03   1.1543478e-02
   2.5700000e+02   3.9167300e+01   3.9690510e+00  -5.4725468e-02   5.0830895e-03   1.1570911e-02
   2.5800000e+02   3.9019520e+01   3.9686710e+00  -5.4802902e-02   5.1167904e-03   1.1598148e-02
   2.5900000e+02   3.8872880e+01   3.9682900e+00  -5.4879725e-02   5.1506489e-03   1.1625189e-02
   2.6000000e+02   3.8727370e+01   3.9679090e+00  -5.4955920e-02   5.1846612e-03   1.1652029e-02
   2.6100000e+02   3.8582990e+01   3.9675270e+00  -5.5031510e-02   5.2188289e-03   1.1678674e-02
   2.6200000e+02   3.8439700e+01   3.9671460e+00  -5.5106466e-02   5.2531515e-03   1.1705117e-02
   2.6300000e+02   3.8297520e+01   3.9667630e+00  -5.5180840e-02   5.2876301e-03   1.1731363e-02
   2.6400000e+02   3.8156410e+01   3.9663800e+00  -5.5254604e-02   5.3222698e-03   1.1757406e-02
   2.6500000e+02   3.8016370e+01   3.9659960e+00  -5.5327783e-02   5.3570674e-03   1.1783256e-02
   2.6600000e+02   3.7877390e+01   3.9656120e+00  -5.5400360e-02   5.3920210e-03   1.1808905e-02
   2.6700000e+02   3.7739460e+01   3.9652270e+00  -5.5472349e-02   5.4271320e-03   1.1834351e-02
   2.6800000e+02   3.7602560e+01   3.9648410e+00  -5.5543766e-02   5.4624055e-03   1.1859601e-02
   2.6900000e+02   3.7466680e+01   3.9644550e+00  -5.5614591e-02   5.4978372e-03   1.1884646e-02
   2.7000000e+02   3.7331820e+01   3.9640680e+00  -5.5684842e-02   5.5334271e-03   1.1909489e-02
   2.7100000e+02   3.7197950e+01   3.9636800e+00  -5.5754533e-02   5.5691809e-03   1.1934133e-02
   2.7200000e+02   3.7065080e+01   3.9632910e+00  -5.5823663e-02   5.6050956e-03   1.1958575e-02
   2.7300000e+02   3.6933190e+01   3.9629020e+00  -5.5892217e-02   5.6411673e-03   1.1982815e-02
   2.7400000e+02   3.6802270e+01   3.9625120e+00  -5.5960220e-02   5.6774014e-03   1.2006850e-02
   2.7500000e+02   3.6672300e+01   3.9621200e+00  -5.6027685e-02   5.7138063e-03   1.2030691e-02
   2.7600000e+02   3.6543290e+01   3.9617280e+00  -5.6094590e-02   5.7503666e-03   1.2054320e-02
   2.7700000e+02   3.6415210e+01   3.9613360e+00  -5.6160935e-02   5.7870883e-03   1.2077744e-02
   2.7800000e+02   3.6288070e+01   3.9609420e+00  -5.6226760e-02   5.8239765e-03   1.2100972e-02
   2.7900000e+02   3.6161840e+01   3.9605470e+00  -5.6292049e-02   5.8610308e-03   1.2123994e-02
   2.8000000e+02   3.6036520e+01   3.9601510e+00  -5.6356812e-02   5.8982503e-03   1.2146812e-02
   2.8100000e+02   3.5912100e+01   3.9597540e+00  -5.6421043e-02   5.9356344e-03   1.2169429e-02
   2.8200000e+02   3.5788580e+01   3.9593560e+00  -5.6484753e-02   5.9731816e-03   1.2191836e-02
   2.8300000e+02   3.5665930e+01   3.9589580e+00  -5.6547929e-02   6.0108940e-03   1.2214040e-02
   2.8400000e+02   3.5544160e+01   3.9585580e+00  -5.6610603e-02   6.0487739e-03   1.2236039e-02
   2.8500000e+02   3.5423250e+01   3.9581570e+00  -5.6672767e-02   6.0868212e-03   1.2257833e-02
   2.8600000e+02   3.5303190e+01   3.9577550e+00  -5.6734421e-02   6.1250377e-03   1.2279425e-02
   2.8700000e+02   3.5183980e+01   3.9573510e+00  -5.6795587e-02   6.1634246e-03   1.2300813e-02
   2.8800000e+02   3.5065610e+01   3.9569470e+00  -5.6856237e-02   6.2019733e-03   1.2321992e-02
   2.8900000e+02   3.4948070e+01   3.9565410e+00  -5.6916406e-02   6.2406937e-03   1.2342965e-02
   2.9000000e+02   3.4831350e+01   3.9561350e+00  -5.6976063e-02   6.2795779e-03   1.2363732e-02
   2.9100000e+02   3.4715440e+01   3.9557270e+00  -5.7035255e-02   6.3186363e-03   1.2384295e-02
   2.9200000e+02   3.4600330e+01   3.9553180e+00  -5.7093961e-02   6.3578675e-03   1.2404656e-02
   2.9300000e+02   3.4486020e+01   3.9549070e+00  -5.7152195e-02   6.3972679e-03   1.2424807e-02
   2.9400000e+02   3.4372500e+01   3.9544960e+00  -5.7209932e-02   6.4368342e-03   1.2444749e-02
   2.9500000e+02   3.4259750e+01   3.9540830e+00  -5.7267220e-02   6.4765781e-03   1.2464488e-02
   2.9600000e+02   3.4147780e+01   3.9536690e+00  -5.7324031e-02   6.5164902e-03   1.2484020e-02
   2.9700000e+02   3.4036580e+01   3.9532530e+00  -5.7380391e-02   6.5565740e-03   1.2503345e-02
   2.9800000e+02   3.3926130e+01   3.9528370e+00  -5.7436273e-02   6.5968278e-03   1.2522461e-02
   2.9900000e+02   3.3816430e+01   3.9524190e+00  -5.7491715e-02   6.6372592e-03   1.2541374e-02
   3.0000000e+02   3.3707470e+01   3.9519990e+00  -5.7546707e-02   6.6778660e-03   1.2560079e-02
   3.0100000e+02   3.3599250e+01   3.9515780e+00  -5.7601248e-02   6.7186434e-03   1.2578576e-02
   3.0200000e+02   3.3491750e+01   3.9511560e+00  -5.7655345e-02   6.7595978e-03   1.2596868e-02
   3.0300000e+02   3.3384980e+01   3.9507330e+00  -5.7708995e-02   6.8007206e-03   1.2614950e-02
   3.0400000e+02   3.3278920e+01   3.9503080e+00  -5.7762219e-02   6.8420231e-03   1.2632828e-02
   3.0500000e+02   3.3173570e+01   3.9498810e+00  -5.7815017e-02   6.8835030e-03   1.2650499e-02
   3.0600000e+02   3.3068920e+01   3.9494540e+00  -5.7867365e-02   6.9251506e-03   1.2667960e-02
   3.0700000e+02   3.2964960e+01   3.9490240e+00  -5.7919313e-02   6.9669847e-03   1.2685218e-02
   3.0800000e+02   3.2861690e+01   3.9485940e+00  -5.7970818e-02   7.0089850e-03   1.2702262e-02
   3.0900000e+02   3.2759100e+01   3.9481610e+00  -5.8021937e-02   7.0511731e-03   1.2719109e-02
   3.1000000e+02   3.2657180e+01   3.9477280e+00  -5.8072605e-02   7.0935294e-03   1.2735740e-02
   3.1100000e+02   3.2555930e+01   3.9472930e+00  -5.8122886e-02   7.1360706e-03   1.2752173e-02
   3.1200000e+02   3.2455340e+01   3.9468560e+00  -5.8172758e-02   7.1787882e-03   1.2768389e-02
   3.1300000e+02   3.2355410e+01   3.9464180e+00  -5.8222225e-02   7.2216815e-03   1.2784404e-02
   3.1400000e+02   3.2256120e+01   3.9459780e+00  -5.8271294e-02   7.2647601e-03   1.2800210e-02
   3.1500000e+02   3.2157480e+01   3.9455370e+00  -5.8319967e-02   7.3080123e-03   1.2815811e-02
   3.1600000e+02   3.2059480e+01   3.9450940e+00  -5.8368251e-02   7.3514470e-03   1.2831206e-02
   3.1700000e+02   3.1962100e+01   3.9446490e+00  -5.8416159e-02   7.3950671e-03   1.2846392e-02
   3.1800000e+02   3.1865360e+01   3.9442030e+00  -5.8463673e-02   7.4388584e-03   1.2861373e-02
   3.1900000e+02   3.1769230e+01   3.9437550e+00  -5.8510802e-02   7.4828360e-03   1.2876143e-02
   3.2000000e+02   3.1673710e+01   3.9433060e+00  -5.8557555e-02   7.5269956e-03   1.2890710e-02
   3.2100000e+02   3.1578800e+01   3.9428550e+00  -5.8603937e-02   7.5713377e-03   1.2905071e-02
   3.2200000e+02   3.1484500e+01   3.9424030e+00  -5.8649944e-02   7.6158564e-03   1.2919225e-02
   3.2300000e+02   3.1390790e+01   3.9419490e+00  -5.8695584e-02   7.6605615e-03   1.2933170e-02
   3.2400000e+02   3.1297670e+01   3.9414930e+00  -5.8740871e-02   7.7054514e-03   1.2946909e-02
   3.2500000e+02   3.1205140e+01   3.9410350e+00  -5.8785805e-02   7.7505268e-03   1.2960450e-02
   3.2600000e+02   3.1113190e+01   3.9405760e+00  -5.8830369e-02   7.7957831e-03   1.2973777e-02
   3.2700000e+02   3.1021820e+01   3.9401150e+00  -5.8874585e-02   7.8412222e-03   1.2986903e-02
   3.2800000e+02   3.0931010e+01   3.9396530e+00  -5.8918441e-02   7.8868472e-03   1.2999815e-02
   3.2900000e+02   3.0840770e+01   3.9391890e+00  -5.8961962e-02   7.9326560e-03   1.3012526e-02
   3.3000000e+02   3.0751100e+01   3.9387230e+00  -5.9005140e-02   7.9786466e-03   1.3025033e-02
   3.3100000e+02   3.0661970e+01   3.9382550e+00  -5.9047985e-02   8.0248332e-03   1.3037338e-02
   3.3200000e+02   3.0573400e+01   3.9377850e+00  -5.9090501e-02   8.0712027e-03   1.3049435e-02
   3.3300000e+02   3.0485380e+01   3.9373140e+00  -5.9132672e-02   8.1177520e-03   1.3061328e-02
   3.3400000e+02   3.0397890e+01   3.9368410e+00  -5.9174518e-02   8.1644930e-03   1.3073016e-02
   3.3500000e+02   3.0310940e+01   3.9363670e+00  -5.9216024e-02   8.2114162e-03   1.3084494e-02
   3.3600000e+02   3.0224520e+01   3.9358900e+00  -5.9257235e-02   8.2585355e-03   1.3095776e-02
   3.3700000e+02   3.0138630e+01   3.9354120e+00  -5.9298110e-02   8.3058333e-03   1.3106848e-02
   3.3800000e+02   3.0053260e+01   3.9349320e+00  -5.9338675e-02   8.3533252e-03   1.3117720e-02
   3.3900000e+02   2.9968410e+01   3.9344500e+00  -5.9378933e-02   8.4010039e-03   1.3128388e-02
   3.4000000e+02   2.9884070e+01   3.9339660e+00  -5.9418888e-02   8.4488765e-03   1.3138856e-02
   3.4100000e+02   2.9800240e+01   3.9334810e+00  -5.9458520e-02   8.4969285e-03   1.3149115e-02
   3.4200000e+02   2.9716910e+01   3.9329930e+00  -5.9497874e-02   8.5451824e-03   1.3159176e-02
   3.4300000e+02   2.9634090e+01   3.9325040e+00  -5.9536905e-02   8.5936139e-03   1.3169027e-02
   3.4400000e+02   2.9551760e+01   3.9320130e+00  -5.9575654e-02   8.6422414e-03   1.3178685e-02
   3.4500000e+02   2.9469920e+01   3.9315200e+00  -5.9614111e-02   8.6910595e-03   1.3188134e-02
   3.4600000e+02   2.9388570e+01   3.9310250e+00  -5.9652280e-02   8.7400688e-03   1.3197385e-02
   3.4700000e+02   2.9307700e+01   3.9305290e+00  -5.9690160e-02   8.7892662e-03   1.3206433e-02
   3.4800000e+02   2.9227310e+01   3.9300300e+00  -5.9727766e-02   8.8386607e-03   1.3215280e-02
   3.4900000e+02   2.9147390e+01   3.9295300e+00  -5.9765085e-02   8.8882457e-03   1.3223927e-02
   3.5000000e+02   2.9067950e+01   3.9290280e+00  -5.9802119e-02   8.9380156e-03   1.3232368e-02
   3.5100000e+02   2.8988970e+01   3.9285230e+00  -5.9838913e-02   8.9879924e-03   1.3240618e-02
   3.5200000e+02   2.8910460e+01   3.9280170e+00  -5.9875415e-02   9.0381491e-03   1.3248662e-02
   3.5300000e+02   2.8832400e+01   3.9275090e+00  -5.9911653e-02   9.0885068e-03   1.3256509e-02
   3.5400000e+02   2.8754800e+01   3.9269990e+00  -5.9947632e-02   9.1390554e-03   1.3264155e-02
   3.5500000e+02   2.8677660e+01   3.9264870e+00  -5.9983350e-02   9.1897930e-03   1.3271602e-02
   3.5600000e+02   2.8600960e+01   3.9259740e+00  -6.0018800e-02   9.2407236e-03   1.3278846e-02
   3.5700000e+02   2.8524700e+01   3.9254580e+00  -6.0054009e-02   9.2918584e-03   1.3285896e-02
   3.5800000e+02   2.8448890e+01   3.9249400e+00  -6.0088976e-02   9.3431819e-03   1.3292751e-02
   3.5900000e+02   2.8373510e+01   3.9244200e+00  -6.0123690e-02   9.3947040e-03   1.3299406e-02
   3.6000000e+02   2.8298570e+01   3.9238990e+00  -6.0158145e-02   9.4464116e-03   1.3305864e-02
   3.6100000e+02   2.8224050e+01   3.9233750e+00  -6.0192375e-02   9.4983268e-03   1.3312121e-02
   3.6200000e+02   2.8149960e+01   3.9228490e+00  -6.0226367e-02   9.5504355e-03   1.3318186e-02
   3.6300000e+02   2.8076300e+01   3.9223220e+00  -6.0260117e-02   9.6027326e-03   1.3324055e-02
   3.6400000e+02   2.8003050e+01   3.9217920e+00  -6.0293644e-02   9.6552351e-03   1.3329729e-02
   3.6500000e+02   2.7930220e+01   3.9212600e+00  -6.0326943e-02   9.7079330e-03   1.3335209e-02
   3.6600000e+02   2.7857810e+01   3.9207270e+00  -6.0359995e-02   9.7608153e-03   1.3340486e-02
   3.6700000e+02   2.7785800e+01   3.9201910e+00  -6.0392850e-02   9.8139090e-03   1.3345577e-02
   3.6800000e+02   2.7714200e+01   3.9196530e+00  -6.0425481e-02   9.8671959e-03   1.3350473e-02
   3.6900000e+02   2.7643000e+01   3.9191140e+00  -6.0457874e-02   9.9206764e-03   1.3355165e-02
   3.7000000e+02   2.7572200e+01   3.9185720e+00  -6.0490082e-02   9.9743613e-03   1.3359676e-02
   3.7100000e+02   2.7501800e+01   3.9180280e+00  -6.0522068e-02   1.0028242e-02   1.3363993e-02
   3.7200000e+02   2.7431790e+01   3.9174820e+00  -6.0553851e-02   1.0082323e-02   1.3368117e-02
   3.7300000e+02   2.7362170e+01   3.9169340e+00  -6.0585422e-02   1.0136601e-02   1.3372044e-02
   3.7400000e+02   2.7292940e+01   3.9163840e+00  -6.0616801e-02   1.0191076e-02   1.3375787e-02
   3.7500000e+02   2.7224090e+01   3.9158320e+00  -6.0647970e-02   1.0245753e-02   1.3379333e-02
   3.7600000e+02   2.7155630e+01   3.9152780e+00  -6.0678946e-02   1.0300624e-02   1.3382692e-02
   3.7700000e+02   2.7087540e+01   3.9147220e+00  -6.0709730e-02   1.0355699e-02   1.3385860e-02
   3.7800000e+02   2.7019830e+01   3.9141640e+00  -6.0740317e-02   1.0410969e-02   1.3388837e-02
   3.7900000e+02   2.6952490e+01   3.9136030e+00  -6.0770737e-02   1.0466446e-02   1.3391626e-02
   3.8000000e+02   2.6885520e+01   3.9130410e+00  -6.0800950e-02   1.0522119e-02   1.3394227e-02
   3.8100000e+02   2.6818920e+01   3.9124760e+00  -6.0831002e-02   1.0577993e-02   1.3396646e-02
   3.8200000e+02   2.6752680e+01   3.9119100e+00  -6.0860855e-02   1.0634063e-02   1.3398866e-02
   3.8300000e+02   2.6686800e+01   3.9113410e+00  -6.0890556e-02   1.0690345e-02   1.3400912e-02
   3.8400000e+02   2.6621280e+01   3.9107700e+00  -6.0920076e-02   1.0746822e-02   1.3402766e-02
   3.8500000e+02   2.6556110e+01   3.9101970e+00  -6.0949418e-02   1.0803502e-02   1.3404431e-02
   3.8600000e+02   2.6491300e+01   3.9096220e+00  -6.0978591e-02   1.0860381e-02   1.3405914e-02
   3.8700000e+02   2.6426840e+01   3.9090440e+00  -6.1007616e-02   1.0917466e-02   1.3407211e-02
   3.8800000e+02   2.6362720e+01   3.9084650e+00  -6.1036469e-02   1.0974750e-02   1.3408327e-02
   3.8900000e+02   2.6298950e+01   3.9078830e+00  -6.1065172e-02   1.1032239e-02   1.3409257e-02
   3.9000000e+02   2.6235520e+01   3.9073000e+00  -6.1093699e-02   1.1089924e-02   1.3410001e-02
   3.9100000e+02   2.6172430e+01   3.9067140e+00  -6.1122090e-02   1.1147816e-02   1.3410565e-02
   3.9200000e+02   2.6109680e+01   3.9061260e+00  -6.1150327e-02   1.1205908e-02   1.3410948e-02
   3.9300000e+02   2.6047270e+01   3.9055360e+00  -6.1178412e-02   1.1264197e-02   1.3411151e-02
   3.9400000e+02   2.5985180e+01   3.9049430e+00  -6.1206364e-02   1.1322704e-02   1.3411175e-02
   3.9500000e+02   2.5923430e+01   3.9043490e+00  -6.1234159e-02   1.1381400e-02   1.3411015e-02
   3.9600000e+02   2.5862000e+01   3.9037520e+00  -6.1261829e-02   1.1440306e-02   1.3410677e-02
   3.9700000e+02   2.5800890e+01   3.9031530e+00  -6.1289356e-02   1.1499418e-02   1.3410158e-02
   3.9800000e+02   2.5740110e+01   3.9025520e+00  -6.1316754e-02   1.1558730e-02   1.3409462e-02
   3.9900000e+02   2.5679650e+01   3.9019490e+00  -6.1344009e-02   1.1618241e-02   1.3408592e-02
   4.0000000e+02   2.5619510e+01   3.9013430e+00  -6.1371147e-02   1.1677961e-02   1.3407543e-02
   4.0100000e+02   2.5559680e+01   3.9007350e+00  -6.1398162e-02   1.1737892e-02   1.3406322e-02
   4.0200000e+02   2.5500170e+01   3.9001260e+00  -6.1425025e-02   1.1798004e-02   1.3404915e-02
   4.0300000e+02   2.5440960e+01   3.8995130e+00  -6.1451808e-02   1.1858347e-02   1.3403342e-02
   4.0400000e+02   2.5382060e+01   3.8988990e+00  -6.1478454e-02   1.1918882e-02   1.3401591e-02
   4.0500000e+02   2.5323470e+01   3.8982830e+00  -6.1504973e-02   1.1979618e-02   1.3399665e-02
   4.0600000e+02   2.5265190e+01   3.8976640e+00  -6.1531398e-02   1.2040559e-02   1.3397572e-02
   4.0700000e+02   2.5207200e+01   3.8970430e+00  -6.1557707e-02   1.2101713e-02   1.3395302e-02
   4.0800000e+02   2.5149520e+01   3.8964200e+00  -6.1583892e-02   1.2163057e-02   1.3392859e-02
   4.0900000e+02   2.5092130e+01   3.8957940e+00  -6.1610004e-02   1.2224623e-02   1.3390250e-02
   4.1000000e+02   2.5035040e+01   3.8951670e+00  -6.1635985e-02   1.2286378e-02   1.3387468e-02
   4.1100000e+02   2.4978240e+01   3.8945370e+00  -6.1661880e-02   1.2348347e-02   1.3384516e-02
   4.1200000e+02   2.4921730e+01   3.8939040e+00  -6.1687697e-02   1.2410528e-02   1.3381401e-02
   4.1300000e+02   2.4865510e+01   3.8932700e+00  -6.1713387e-02   1.2472903e-02   1.3378111e-02
   4.1400000e+02   2.4809580e+01   3.8926330e+00  -6.1738999e-02   1.2535483e-02   1.3374655e-02
   4.1500000e+02   2.4753930e+01   3.8919940e+00  -6.1764530e-02   1.2598276e-02   1.3371037e-02
   4.1600000e+02   2.4698570e+01   3.8913530e+00  -6.1789950e-02   1.2661263e-02   1.3367244e-02
   4.1700000e+02   2.4643490e+01   3.8907100e+00  -6.1815289e-02   1.2724457e-02   1.3363295e-02
   4.1800000e+02   2.4588680e+01   3.8900640e+00  -6.1840561e-02   1.2787864e-02   1.3359174e-02
   4.1900000e+02   2.4534150e+01   3.8894160e+00  -6.1865752e-02   1.2851474e-02   1.3354895e-02
   4.2000000e+02   2.4479900e+01   3.8887660e+00  -6.1890850e-02   1.2915285e-02   1.3350450e-02
   4.2100000e+02   2.4425920e+01   3.8881130e+00  -6.1915899e-02   1.2979309e-02   1.3345848e-02
   4.2200000e+02   2.4372210e+01   3.8874590e+00  -6.1940849e-02   1.3043529e-02   1.3341081e-02
   4.2300000e+02   2.4318780e+01   3.8868020e+00  -6.1965733e-02   1.3107949e-02   1.3336150e-02
   4.2400000e+02   2.4265600e+01   3.8861420e+00  -6.1990569e-02   1.3172596e-02   1.3331065e-02
   4.2500000e+02   2.4212700e+01   3.8854800e+00  -6.2015334e-02   1.3237436e-02   1.3325820e-02
   4.2600000e+02   2.4160060e+01   3.8848170e+00  -6.2040011e-02   1.3302472e-02   1.3320413e-02
   4.2700000e+02   2.4107670e+01   3.8841500e+00  -6.2064666e-02   1.3367739e-02   1.3314857e-02
   4.2800000e+02   2.4055550e+01   3.8834820e+00  -6.2089234e-02   1.3433192e-02   1.3309136e-02
   4.2900000e+02   2.4003690e+01   3.8828110e+00  -6.2113759e-02   1.3498853e-02   1.3303264e-02
   4.3000000e+02   2.3952090e+01   3.8821380e+00  -6.2138224e-02   1.3564715e-02   1.3297235e-02
   4.3100000e+02   2.3900740e+01   3.8814620e+00  -6.2162655e-02   1.3630796e-02   1.3291051e-02
   4.3200000e+02   2.3849640e+01   3.8807850e+00  -6.2187005e-02   1.3697068e-02   1.3284714e-02
   4.3300000e+02   2.3798790e+01   3.8801050e+00  -6.2211333e-02   1.3763555e-02   1.3278226e-02
   4.3400000e+02   2.3748200e+01   3.8794220e+00  -6.2235620e-02   1.3830243e-02   1.3271587e-02
   4.3500000e+02   2.3697850e+01   3.8787380e+00  -6.2259846e-02   1.3897133e-02   1.3264796e-02
   4.3600000e+02   2.3647750e+01   3.8780510e+00  -6.2284046e-02   1.3964231e-02   1.3257853e-02
   4.3700000e+02   2.3597890e+01   3.8773610e+00  -6.2308225e-02   1.4031542e-02   1.3250766e-02
   4.3800000e+02   2.3548270e+01   3.8766700e+00  -6.2332344e-02   1.4099053e-02   1.3243530e-02
   4.3900000e+02   2.3498900e+01   3.8759760e+00  -6.2356432e-02   1.4166762e-02   1.3236143e-02
   4.4000000e+02   2.3449770e+01   3.8752790e+00  -6.2380503e-02   1.4234685e-02   1.3228615e-02
   4.4100000e+02   2.3400870e+01   3.8745810e+00  -6.2404527e-02   1.4302808e-02   1.3220933e-02
   4.4200000e+02   2.3352210e+01   3.8738800e+00  -6.2428540e-02   1.4371137e-02   1.3213114e-02
   4.4300000e+02   2.3303790e+01   3.8731770e+00  -6.2452514e-02   1.4439667e-02   1.3205148e-02
   4.4400000e+02   2.3255600e+01   3.8724710e+00  -6.2476492e-02   1.4508406e-02   1.3197041e-02
   4.4500000e+02   2.3207640e+01   3.8717630e+00  -6.2500432e-02   1.4577351e-02   1.3188790e-02
   4.4600000e+02   2.3159910e+01   3.8710530e+00  -6.2524356e-02   1.4646496e-02   1.3180397e-02
   4.4700000e+02   2.3112410e+01   3.8703400e+00  -6.2548275e-02   1.4715850e-02   1.3171866e-02
   4.4800000e+02   2.3065140e+01   3.8696250e+00  -6.2572176e-02   1.4785403e-02   1.3163198e-02
   4.4900000e+02   2.3018090e+01   3.8689080e+00  -6.2596060e-02   1.4855163e-02   1.3154389e-02
   4.5000000e+02   2.2971270e+01   3.8681890e+00  -6.2619926e-02   1.4925117e-02   1.3145440e-02
   4.5100000e+02   2.2924670e+01   3.8674670e+00  -6.2643795e-02   1.4995285e-02   1.3136354e-02
   4.5200000e+02   2.2878300e+01   3.8667420e+00  -6.2667680e-02   1.5065653e-02   1.3127143e-02
   4.5300000e+02   2.2832140e+01   3.8660160e+00  -6.2691523e-02   1.5136220e-02   1.3117788e-02
   4.5400000e+02   2.2786200e+01   3.8652870e+00  -6.2715391e-02   1.5206997e-02   1.3108300e-02
   4.5500000e+02   2.2740480e+01   3.8645550e+00  -6.2739268e-02   1.5277981e-02   1.3098685e-02
   4.5600000e+02   2.2694970e+01   3.8638220e+00  -6.2763122e-02   1.5349155e-02   1.3088928e-02
   4.5700000e+02   2.2649680e+01   3.8630860e+00  -6.2787000e-02   1.5420539e-02   1.3079052e-02
   4.5800000e+02   2.2604600e+01   3.8623470e+00  -6.2810889e-02   1.5492129e-02   1.3069035e-02
   4.5900000e+02   2.2559730e+01   3.8616070e+00  -6.2834766e-02   1.5563915e-02   1.3058896e-02
   4.6000000e+02   2.2515070e+01   3.8608630e+00  -6.2858696e-02   1.5635917e-02   1.3048634e-02
   4.6100000e+02   2.2470630e+01   3.8601180e+00  -6.2882600e-02   1.5708097e-02   1.3038235e-02
   4.6200000e+02   2.2426390e+01   3.8593700e+00  -6.2906527e-02   1.5780488e-02   1.3027714e-02
   4.6300000e+02   2.2382350e+01   3.8586200e+00  -6.2930484e-02   1.5853091e-02   1.3017069e-02
   4.6400000e+02   2.2338520e+01   3.8578680e+00  -6.2954441e-02   1.5925881e-02   1.3006300e-02
   4.6500000e+02   2.2294900e+01   3.8571130e+00  -6.2978433e-02   1.5998872e-02   1.2995406e-02
   4.6600000e+02   2.2251470e+01   3.8563560e+00  -6.3002445e-02   1.6072075e-02   1.2984391e-02
   4.6700000e+02   2.2208250e+01   3.8555960e+00  -6.3026497e-02   1.6145476e-02   1.2973258e-02
   4.6800000e+02   2.2165230e+01   3.8548340e+00  -6.3050559e-02   1.6219072e-02   1.2962004e-02
   4.6900000e+02   2.2122400e+01   3.8540700e+00  -6.3074652e-02   1.6292876e-02   1.2950629e-02
   4.7000000e+02   2.2079780e+01   3.8533030e+00  -6.3098784e-02   1.6366868e-02   1.2939139e-02
   4.7100000e+02   2.2037350e+01   3.8525340e+00  -6.3122935e-02   1.6441065e-02   1.2927532e-02
   4.7200000e+02   2.1995110e+01   3.8517630e+00  -6.3147124e-02   1.6515461e-02   1.2915806e-02
   4.7300000e+02   2.1953070e+01   3.8509890e+00  -6.3171356e-02   1.6590058e-02   1.2903970e-02
   4.7400000e+02   2.1911220e+01   3.8502130e+00  -6.3195622e-02   1.6664853e-02   1.2892014e-02
   4.7500000e+02   2.1869560e+01   3.8494350e+00  -6.3219928e-02   1.6739841e-02   1.2879949e-02
   4.7600000e+02   2.1828090e+01   3.8486540e+00  -6.3244271e-02   1.6815032e-02   1.2867773e-02
   4.7700000e+02   2.1786810e+01   3.8478710e+00  -6.3268666e-02   1.6890421e-02   1.2855484e-02
   4.7800000e+02   2.1745720e+01   3.8470850e+00  -6.3293102e-02   1.6966007e-02   1.2843090e-02
   4.7900000e+02   2.1704810e+01   3.8462980e+00  -6.3317582e-02   1.7041785e-02   1.2830583e-02
   4.8000000e+02   2.1664090e+01   3.8455070e+00  -6.3342127e-02   1.7117771e-02   1.2817973e-02
   4.8100000e+02   2.1623550e+01   3.8447150e+00  -6.3366705e-02   1.7193946e-02   1.2805249e-02
   4.8200000e+02   2.1583200e+01   3.8439200e+00  -6.3391330e-02   1.7270316e-02   1.2792425e-02
   4.8300000e+02   2.1543030e+01   3.8431230e+00  -6.3416021e-02   1.7346877e-02   1.2779496e-02
   4.8400000e+02   2.1503040e+01   3.8423230e+00  -6.3440764e-02   1.7423642e-02   1.2766464e-02
   4.8500000e+02   2.1463230e+01   3.8415210e+00  -6.3465565e-02   1.7500600e-02   1.2753333e-02
   4.8600000e+02   2.1423590e+01   3.8407170e+00  -6.3490425e-02   1.7577757e-02   1.2740094e-02
   4.8700000e+02   2.1384140e+01   3.8399100e+00  -6.3515355e-02   1.7655102e-02   1.2726764e-02
   4.8800000e+02   2.1344860e+01   3.8391010e+00  -6.3540331e-02   1.7732642e-02   1.2713329e-02
   4.8900000e+02   2.1305760e+01   3.8382900e+00  -6.3565362e-02   1.7810369e-02   1.2699797e-02
   4.9000000e+02   2.1266830e+01   3.8374760e+00  -6.3590480e-02   1.7888301e-02   1.2686172e-02
   4.9100000e+02   2.1228080e+01   3.8366600e+00  -6.3615653e-02   1.7966415e-02   1.2672448e-02
   4.9200000e+02   2.1189490e+01   3.8358420e+00  -6.3640897e-02   1.8044730e-02   1.2658626e-02
   4.9300000e+02   2.1151080e+01   3.8350210e+00  -6.3666216e-02   1.8123235e-02   1.2644718e-02
   4.9400000e+02   2.1112840e+01   3.8341980e+00  -6.3691599e-02   1.8201926e-02   1.2630715e-02
   4.9500000e+02   2.1074770e+01   3.8333730e+00  -6.3717035e-02   1.8280804e-02   1.2616620e-02
   4.9600000e+02   2.1036860e+01   3.8325450e+00  -6.3742577e-02   1.8359891e-02   1.2602435e-02
   4.9700000e+02   2.0999120e+01   3.8317150e+00  -6.3768189e-02   1.8439161e-02   1.2588161e-02
   4.9800000e+02   2.0961550e+01   3.8308830e+00  -6.3793863e-02   1.8518611e-02   1.2573799e-02
   4.9900000e+02   2.0924150e+01   3.8300480e+00  -6.3819629e-02   1.8598252e-02   1.2559352e-02
   5.0000000e+02   2.0886910e+01   3.8292110e+00  -6.3845473e-02   1.8678087e-02   1.2544818e-02
   5.0100000e+02   2.0849830e+01   3.8283710e+00  -6.3871405e-02   1.8758118e-02   1.2530202e-02
   5.0200000e+02   2.0812910e+01   3.8275300e+00  -6.3897401e-02   1.8838325e-02   1.2515499e-02
   5.0300000e+02   2.0776160e+01   3.8266860e+00  -6.3923484e-02   1.8918714e-02   1.2500715e-02
   5.0400000e+02   2.0739560e+01   3.8258390e+00  -6.3949684e-02   1.8999317e-02   1.2485853e-02
   5.0500000e+02   2.0703130e+01   3.8249910e+00  -6.3975928e-02   1.9080070e-02   1.2470906e-02
   5.0600000e+02   2.0666850e+01   3.8241400e+00  -6.4002282e-02   1.9161036e-02   1.2455881e-02
   5.0700000e+02   2.0630730e+01   3.8232870e+00  -6.4028723e-02   1.9242174e-02   1.2440778e-02
   5.0800000e+02   2.0594770e+01   3.8224310e+00  -6.4055262e-02   1.9323505e-02   1.2425604e-02
   5.0900000e+02   2.0558960e+01   3.8215730e+00  -6.4081889e-02   1.9405021e-02   1.2410351e-02
   5.1000000e+02   2.0523310e+01   3.8207130e+00  -6.4108597e-02   1.9486709e-02   1.2395021e-02
   5.1100000e+02   2.0487810e+01   3.8198500e+00  -6.4135425e-02   1.9568600e-02   1.2379623e-02
   5.1200000e+02   2.0452460e+01   3.8189860e+00  -6.4162321e-02   1.9650657e-02   1.2364147e-02
   5.1300000e+02   2.0417270e+01   3.8181180e+00  -6.4189345e-02   1.9732907e-02   1.2348605e-02
   5.1400000e+02   2.0382230e+01   3.8172490e+00  -6.4216439e-02   1.9815326e-02   1.2332991e-02
   5.1500000e+02   2.0347330e+01   3.8163770e+00  -6.4243664e-02   1.9897949e-02   1.2317310e-02
   5.1600000e+02   2.0312590e+01   3.8155030e+00  -6.4270963e-02   1.9980734e-02   1.2301560e-02
   5.1700000e+02   2.0278000e+01   3.8146270e+00  -6.4298367e-02   2.0063694e-02   1.2285743e-02
   5.1800000e+02   2.0243550e+01   3.8137490e+00  -6.4325868e-02   2.0146845e-02   1.2269861e-02
   5.1900000e+02   2.0209250e+01   3.8128680e+00  -6.4353493e-02   2.0230173e-02   1.2253915e-02
   5.2000000e+02   2.0175090e+01   3.8119850e+00  -6.4381220e-02   2.0313683e-02   1.2237905e-02
   5.2100000e+02   2.0141090e+01   3.8110990e+00  -6.4409058e-02   2.0397366e-02   1.2221839e-02
   5.2200000e+02   2.0107220e+01   3.8102120e+00  -6.4436982e-02   2.0481229e-02   1.2205706e-02
   5.2300000e+02   2.0073500e+01   3.8093220e+00  -6.4465036e-02   2.0565266e-02   1.2189516e-02
   5.2400000e+02   2.0039920e+01   3.8084300e+00  -6.4493187e-02   2.0649478e-02   1.2173266e-02
   5.2500000e+02   2.0006490e+01   3.8075350e+00  -6.4521462e-02   2.0733869e-02   1.2156963e-02
   5.2600000e+02   1.9973190e+01   3.8066390e+00  -6.4549836e-02   2.0818436e-02   1.2140599e-02
   5.2700000e+02   1.9940040e+01   3.8057400e+00  -6.4578321e-02   2.0903164e-02   1.2124181e-02
   5.2800000e+02   1.9907020e+01   3.8048390e+00  -6.4606932e-02   2.0988083e-02   1.2107712e-02
   5.2900000e+02   1.9874140e+01   3.8039350e+00  -6.4635672e-02   2.1073182e-02   1.2091189e-02
   5.3000000e+02   1.9841400e+01   3.8030300e+00  -6.4664502e-02   2.1158433e-02   1.2074613e-02
   5.3100000e+02   1.9808800e+01   3.8021220e+00  -6.4693454e-02   2.1243859e-02   1.2057988e-02
   5.3200000e+02   1.9776330e+01   3.8012120e+00  -6.4722533e-02   2.1329466e-02   1.2041316e-02
   5.3300000e+02   1.9744000e+01   3.8002990e+00  -6.4751745e-02   2.1415245e-02   1.2024594e-02
   5.3400000e+02   1.9711810e+01   3.7993850e+00  -6.4781044e-02   2.1501171e-02   1.2007824e-02
   5.3500000e+02   1.9679750e+01   3.7984680e+00  -6.4810484e-02   2.1587279e-02   1.1991009e-02
   5.3600000e+02   1.9647820e+01   3.7975490e+00  -6.4840048e-02   2.1673562e-02   1.1974150e-02
   5.3700000e+02   1.9616020e+01   3.7966280e+00  -6.4869723e-02   2.1760017e-02   1.1957247e-02
   5.3800000e+02   1.9584360e+01   3.7957050e+00  -6.4899514e-02   2.1846620e-02   1.1940301e-02
   5.3900000e+02   1.9552830e+01   3.7947790e+00  -6.4929453e-02   2.1933399e-02   1.1923315e-02
   5.4000000e+02   1.9521420e+01   3.7938510e+00  -6.4959527e-02   2.2020361e-02   1.1906290e-02
   5.4100000e+02   1.9490150e+01   3.7929210e+00  -6.4989703e-02   2.2107469e-02   1.1889225e-02
   5.4200000e+02   1.9459010e+01   3.7919890e+00  -6.5020001e-02   2.2194730e-02   1.1872121e-02
   5.4300000e+02   1.9427990e+01   3.7910550e+00  -6.5050442e-02   2.2282177e-02   1.1854980e-02
   5.4400000e+02   1.9397100e+01   3.7901190e+00  -6.5080995e-02   2.2369773e-02   1.1837802e-02
   5.4500000e+02   1.9366340e+01   3.7891800e+00  -6.5111689e-02   2.2457537e-02   1.1820594e-02
   5.4600000e+02   1.9335700e+01   3.7882390e+00  -6.5142532e-02   2.2545474e-02   1.1803352e-02
   5.4700000e+02   1.9305190e+01   3.7872960e+00  -6.5173486e-02   2.2633557e-02   1.1786077e-02
   5.4800000e+02   1.9274800e+01   3.7863510e+00  -6.5204574e-02   2.2721806e-02   1.1768769e-02
   5.4900000e+02   1.9244540e+01   3.7854040e+00  -6.5235785e-02   2.2810209e-02   1.1751433e-02
   5.5000000e+02   1.9214400e+01   3.7844540e+00  -6.5267151e-02   2.2898781e-02   1.1734069e-02
   5.5100000e+02   1.9184390e+01   3.7835030e+00  -6.5298616e-02   2.2987484e-02   1.1716675e-02
   5.5200000e+02   1.9154490e+01   3.7825490e+00  -6.5330257e-02   2.3076376e-02   1.1699256e-02
   5.5300000e+02   1.9124720e+01   3.7815940e+00  -6.5361986e-02   2.3165398e-02   1.1681810e-02
   5.5400000e+02   1.9095060e+01   3.7806360e+00  -6.5393892e-02   2.3254601e-02   1.1664342e-02
   5.5500000e+02   1.9065530e+01   3.7796760e+00  -6.5425918e-02   2.3343941e-02   1.1646849e-02
   5.5600000e+02   1.9036120e+01   3.7787140e+00  -6.5458075e-02   2.3433435e-02   1.1629336e-02
   5.5700000e+02   1.9006820e+01   3.7777490e+00  -6.5490397e-02   2.3523102e-02   1.1611801e-02
   5.5800000e+02   1.8977640e+01   3.7767830e+00  -6.5522844e-02   2.3612915e-02   1.1594248e-02
   5.5900000e+02   1.8948580e+01   3.7758150e+00  -6.5555412e-02   2.3702860e-02   1.1576670e-02
   5.6000000e+02   1.8919640e+01   3.7748440e+00  -6.5588139e-02   2.3792973e-02   1.1559082e-02
   5.6100000e+02   1.8890810e+01   3.7738720e+00  -6.5620983e-02   2.3883225e-02   1.1541471e-02
   5.6200000e+02   1.8862100e+01   3.7728970e+00  -6.5653991e-02   2.3973636e-02   1.1523850e-02
   5.6300000e+02   1.8833500e+01   3.7719210e+00  -6.5687122e-02   2.4064184e-02   1.1506209e-02
   5.6400000e+02   1.8805020e+01   3.7709420e+00  -6.5720400e-02   2.4154885e-02   1.1488558e-02
   5.6500000e+02   1.8776650e+01   3.7699610e+00  -6.5753825e-02   2.4245739e-02   1.1470895e-02
   5.6600000e+02   1.8748390e+01   3.7689780e+00  -6.5787398e-02   2.4336745e-02   1.1453222e-02
   5.6700000e+02   1.8720240e+01   3.7679930e+00  -6.5821122e-02   2.4427899e-02   1.1435538e-02
   5.6800000e+02   1.8692210e+01   3.7670070e+00  -6.5854946e-02   2.4519169e-02   1.1417840e-02
   5.6900000e+02   1.8664290e+01   3.7660180e+00  -6.5888943e-02   2.4610593e-02   1.1400139e-02
   5.7000000e+02   1.8636470e+01   3.7650270e+00  -6.5923085e-02   2.4702180e-02   1.1382430e-02
   5.7100000e+02   1.8608770e+01   3.7640340e+00  -6.5957366e-02   2.4793894e-02   1.1364715e-02
   5.7200000e+02   1.8581180e+01   3.7630390e+00  -6.5991790e-02   2.4885743e-02   1.1346998e-02
   5.7300000e+02   1.8553690e+01   3.7620420e+00  -6.6026378e-02   2.4977751e-02   1.1329273e-02
   5.7400000e+02   1.8526320e+01   3.7610430e+00  -6.6061083e-02   2.5069879e-02   1.1311549e-02
   5.7500000e+02   1.8499050e+01   3.7600420e+00  -6.6095950e-02   2.5162160e-02   1.1293823e-02
   5.7600000e+02   1.8471890e+01   3.7590400e+00  -6.6130937e-02   2.5254553e-02   1.1276091e-02
   5.7700000e+02   1.8444830e+01   3.7580350e+00  -6.6166102e-02   2.5347110e-02   1.1258363e-02
   5.7800000e+02   1.8417880e+01   3.7570280e+00  -6.6201410e-02   2.5439803e-02   1.1240638e-02
   5.7900000e+02   1.8391040e+01   3.7560190e+00  -6.6236862e-02   2.5532621e-02   1.1222916e-02
   5.8000000e+02   1.8364300e+01   3.7550090e+00  -6.6272439e-02   2.5625562e-02   1.1205194e-02
   5.8100000e+02   1.8337660e+01   3.7539960e+00  -6.6308196e-02   2.5718662e-02   1.1187479e-02
   5.8200000e+02   1.8311130e+01   3.7529820e+00  -6.6344067e-02   2.5811871e-02   1.1169767e-02
   5.8300000e+02   1.8284700e+01   3.7519650e+00  -6.6380115e-02   2.5905234e-02   1.1152066e-02
   5.8400000e+02   1.8258370e+01   3.7509470e+00  -6.6416298e-02   2.5998712e-02   1.1134370e-02
   5.8500000e+02   1.8232150e+01   3.7499270e+00  -6.6452626e-02   2.6092317e-02   1.1116680e-02
   5.8600000e+02   1.8206020e+01   3.7489050e+00  -6.6489111e-02   2.6186065e-02   1.1099001e-02
   5.8700000e+02   1.8180000e+01   3.7478810e+00  -6.6525733e-02   2.6279931e-02   1.1081334e-02
   5.8800000e+02   1.8154080e+01   3.7468550e+00  -6.6562513e-02   2.6373924e-02   1.1063678e-02
   5.8900000e+02   1.8128250e+01   3.7458270e+00  -6.6599461e-02   2.6468062e-02   1.1046037e-02
   5.9000000e+02   1.8102530e+01   3.7447970e+00  -6.6636534e-02   2.6562311e-02   1.1028408e-02
   5.9100000e+02   1.8076900e+01   3.7437660e+00  -6.6673749e-02   2.6656682e-02   1.1010793e-02
   5.9200000e+02   1.8051380e+01   3.7427330e+00  -6.6711114e-02   2.6751162e-02   1.0993190e-02
   5.9300000e+02   1.8025950e+01   3.7416970e+00  -6.6748643e-02   2.6845794e-02   1.0975610e-02
   5.9400000e+02   1.8000610e+01   3.7406600e+00  -6.6786331e-02   2.6940547e-02   1.0958045e-02
   5.9500000e+02   1.7975380e+01   3.7396220e+00  -6.6824131e-02   2.7035381e-02   1.0940495e-02
   5.9600000e+02   1.7950240e+01   3.7385810e+00  -6.6862103e-02   2.7130375e-02   1.0922968e-02
   5.9700000e+02   1.7925190e+01   3.7375390e+00  -6.6900223e-02   2.7225475e-02   1.0905457e-02
   5.9800000e+02   1.7900250e+01   3.7364940e+00  -6.6938496e-02   2.7320691e-02   1.0887972e-02
   5.9900000e+02   1.7875390e+01   3.7354480e+00  -6.6976929e-02   2.7416035e-02   1.0870506e-02
   6.0000000e+02   1.7850630e+01   3.7344010e+00  -6.7015469e-02   2.7511470e-02   1.0853062e-02
   6.0100000e+02   1.7825960e+01   3.7333510e+00  -6.7054203e-02   2.7607053e-02   1.0835646e-02
   6.0200000e+02   1.7801390e+01   3.7323000e+00  -6.7093058e-02   2.7702721e-02   1.0818250e-02
   6.0300000e+02   1.7776910e+01   3.7312470e+00  -6.7132066e-02   2.7798509e-02   1.0800884e-02
   6.0400000e+02   1.7752520e+01   3.7301920e+00  -6.7171230e-02   2.7894419e-02   1.0783541e-02
   6.0500000e+02   1.7728220e+01   3.7291350e+00  -6.7210554e-02   2.7990455e-02   1.0766230e-02
   6.0600000e+02   1.7704020e+01   3.7280770e+00  -6.7250005e-02   2.8086564e-02   1.0748943e-02
   6.0700000e+02   1.7679900e+01   3.7270170e+00  -6.7289623e-02   2.8182812e-02   1.0731686e-02
   6.0800000e+02   1.7655870e+01   3.7259550e+00  -6.7329397e-02   2.8279171e-02   1.0714461e-02
   6.0900000e+02   1.7631940e+01   3.7248920e+00  -6.7369285e-02   2.8375611e-02   1.0697266e-02
   6.1000000e+02   1.7608090e+01   3.7238270e+00  -6.7409347e-02   2.8472175e-02   1.0680100e-02
   6.1100000e+02   1.7584340e+01   3.7227600e+00  -6.7449537e-02   2.8568829e-02   1.0662971e-02
   6.1200000e+02   1.7560670e+01   3.7216920e+00  -6.7489884e-02   2.8665601e-02   1.0645875e-02
   6.1300000e+02   1.7537080e+01   3.7206220e+00  -6.7530395e-02   2.8762490e-02   1.0628811e-02
   6.1400000e+02   1.7513590e+01   3.7195500e+00  -6.7571040e-02   2.8859464e-02   1.0611783e-02
   6.1500000e+02   1.7490180e+01   3.7184760e+00  -6.7611859e-02   2.8956563e-02   1.0594793e-02
   6.1600000e+02   1.7466860e+01   3.7174010e+00  -6.7652803e-02   2.9053738e-02   1.0577837e-02
   6.1700000e+02   1.7443630e+01   3.7163250e+00  -6.7693863e-02   2.9151003e-02   1.0560918e-02
   6.1800000e+02   1.7420480e+01   3.7152470e+00  -6.7735094e-02   2.9248382e-02   1.0544041e-02
   6.1900000e+02   1.7397420e+01   3.7141670e+00  -6.7776478e-02   2.9345854e-02   1.0527200e-02
   6.2000000e+02   1.7374440e+01   3.7130850e+00  -6.7818027e-02   2.9443442e-02   1.0510403e-02
   6.2100000e+02   1.7351540e+01   3.7120020e+00  -6.7859704e-02   2.9541125e-02   1.0493645e-02
   6.2200000e+02   1.7328730e+01   3.7109170e+00  -6.7901539e-02   2.9638896e-02   1.0476928e-02
   6.2300000e+02   1.7306010e+01   3.7098310e+00  -6.7943492e-02   2.9736737e-02   1.0460252e-02
   6.2400000e+02   1.7283360e+01   3.7087440e+00  -6.7985595e-02   2.9834690e-02   1.0443619e-02
   6.2500000e+02   1.7260800e+01   3.7076540e+00  -6.8027860e-02   2.9932747e-02   1.0427035e-02
   6.2600000e+02   1.7238320e+01   3.7065630e+00  -6.8070274e-02   3.0030889e-02   1.0410492e-02
   6.2700000e+02   1.7215920e+01   3.7054710e+00  -6.8112816e-02   3.0129112e-02   1.0393994e-02
   6.2800000e+02   1.7193610e+01   3.7043770e+00  -6.8155494e-02   3.0227422e-02   1.0377544e-02
   6.2900000e+02   1.7171370e+01   3.7032820e+00  -6.8198328e-02   3.0325829e-02   1.0361137e-02
   6.3000000e+02   1.7149220e+01   3.7021850e+00  -6.8241303e-02   3.0424310e-02   1.0344781e-02
   6.3100000e+02   1.7127140e+01   3.7010860e+00  -6.8284446e-02   3.0522912e-02   1.0328476e-02
   6.3200000e+02   1.7105150e+01   3.6999870e+00  -6.8327680e-02   3.0621547e-02   1.0312214e-02
   6.3300000e+02   1.7083230e+01   3.6988850e+00  -6.8371109e-02   3.0720317e-02   1.0296006e-02
   6.3400000e+02   1.7061390e+01   3.6977830e+00  -6.8414635e-02   3.0819137e-02   1.0279846e-02
   6.3500000e+02   1.7039630e+01   3.6966780e+00  -6.8458346e-02   3.0918074e-02   1.0263740e-02
   6.3600000e+02   1.7017950e+01   3.6955730e+00  -6.8502160e-02   3.1017057e-02   1.0247682e-02
   6.3700000e+02   1.6996350e+01   3.6944660e+00  -6.8546120e-02   3.1116121e-02   1.0231678e-02
   6.3800000e+02   1.6974820e+01   3.6933570e+00  -6.8590251e-02   3.1215291e-02   1.0215728e-02
   6.3900000e+02   1.6953370e+01   3.6922470e+00  -6.8634503e-02   3.1314533e-02   1.0199834e-02
   6.4000000e+02   1.6932000e+01   3.6911360e+00  -6.8678882e-02   3.1413833e-02   1.0183991e-02
   6.4100000e+02   1.6910710e+01   3.6900230e+00  -6.8723401e-02   3.1513207e-02   1.0168204e-02
   6.4200000e+02   1.6889480e+01   3.6889090e+00  -6.8768080e-02   3.1612684e-02   1.0152473e-02
   6.4300000e+02   1.6868340e+01   3.6877940e+00  -6.8812862e-02   3.1712196e-02   1.0136795e-02
   6.4400000e+02   1.6847270e+01   3.6866770e+00  -6.8857811e-02   3.1811813e-02   1.0121179e-02
   6.4500000e+02   1.6826270e+01   3.6855590e+00  -6.8902888e-02   3.1911506e-02   1.0105619e-02
   6.4600000e+02   1.6805350e+01   3.6844390e+00  -6.8948113e-02   3.2011261e-02   1.0090118e-02
   6.4700000e+02   1.6784500e+01   3.6833180e+00  -6.8993470e-02   3.2111095e-02   1.0074677e-02
   6.4800000e+02   1.6763730e+01   3.6821960e+00  -6.9038947e-02   3.2210977e-02   1.0059294e-02
   6.4900000e+02   1.6743020e+01   3.6810730e+00  -6.9084567e-02   3.2310942e-02   1.0043968e-02
   6.5000000e+02   1.6722400e+01   3.6799480e+00  -6.9130313e-02   3.2410958e-02   1.0028707e-02
   6.5100000e+02   1.6701840e+01   3.6788220e+00  -6.9176206e-02   3.2511062e-02   1.0013505e-02
   6.5200000e+02   1.6681350e+01   3.6776950e+00  -6.9222230e-02   3.2611233e-02   9.9983646e-03
   6.5300000e+02   1.6660940e+01   3.6765660e+00  -6.9268393e-02   3.2711459e-02   9.9832885e-03
   6.5400000e+02   1.6640600e+01   3.6754360e+00  -6.9314674e-02   3.2811740e-02   9.9682733e-03
   6.5500000e+02   1.6620330e+01   3.6743050e+00  -6.9361090e-02   3.2912091e-02   9.9533240e-03
   6.5600000e+02   1.6600120e+01   3.6731730e+00  -6.9407642e-02   3.3012519e-02   9.9384346e-03
   6.5700000e+02   1.6579990e+01   3.6720400e+00  -6.9454305e-02   3.3112977e-02   9.9236106e-03
   6.5800000e+02   1.6559930e+01   3.6709050e+00  -6.9501119e-02   3.3213514e-02   9.9088549e-03
   6.5900000e+02   1.6539940e+01   3.6697690e+00  -6.9548054e-02   3.3314101e-02   9.8941632e-03
   6.6000000e+02   1.6520020e+01   3.6686320e+00  -6.9595111e-02   3.3414744e-02   9.8795364e-03
   6.6100000e+02   1.6500160e+01   3.6674940e+00  -6.9642306e-02   3.3515454e-02   9.8649763e-03
   6.6200000e+02   1.6480380e+01   3.6663540e+00  -6.9689629e-02   3.3616214e-02   9.8504858e-03
   6.6300000e+02   1.6460660e+01   3.6652140e+00  -6.9737064e-02   3.3717023e-02   9.8360590e-03
   6.6400000e+02   1.6441010e+01   3.6640720e+00  -6.9784643e-02   3.3817897e-02   9.8217020e-03
   6.6500000e+02   1.6421430e+01   3.6629290e+00  -6.9832337e-02   3.3918810e-02   9.8074134e-03
   6.6600000e+02   1.6401910e+01   3.6617850e+00  -6.9880168e-02   3.4019791e-02   9.7931944e-03
   6.6700000e+02   1.6382460e+01   3.6606400e+00  -6.9928108e-02   3.4120813e-02   9.7790427e-03
   6.6800000e+02   1.6363080e+01   3.6594940e+00  -6.9976162e-02   3.4221871e-02   9.7649625e-03
   6.6900000e+02   1.6343760e+01   3.6583470e+00  -7.0024355e-02   3.4322991e-02   9.7509516e-03
   6.7000000e+02   1.6324510e+01   3.6571980e+00  -7.0072684e-02   3.4424170e-02   9.7370125e-03
   6.7100000e+02   1.6305330e+01   3.6560490e+00  -7.0121090e-02   3.4525360e-02   9.7231424e-03
   6.7200000e+02   1.6286200e+01   3.6548980e+00  -7.0169679e-02   3.4626656e-02   9.7093478e-03
   6.7300000e+02   1.6267150e+01   3.6537470e+00  -7.0218319e-02   3.4727926e-02   9.6956214e-03
   6.7400000e+02   1.6248160e+01   3.6525940e+00  -7.0267121e-02   3.4829278e-02   9.6819672e-03
   6.7500000e+02   1.6229230e+01   3.6514410e+00  -7.0316023e-02   3.4930663e-02   9.6683869e-03
   6.7600000e+02   1.6210360e+01   3.6502860e+00  -7.0365068e-02   3.5032116e-02   9.6548808e-03
   6.7700000e+02   1.6191560e+01   3.6491300e+00  -7.0414222e-02   3.5133589e-02   9.6414469e-03
   6.7800000e+02   1.6172830e+01   3.6479740e+00  -7.0463448e-02   3.5235068e-02   9.6280886e-03
   6.7900000e+02   1.6154150e+01   3.6468160e+00  -7.0512843e-02   3.5336635e-02   9.6148022e-03
   6.8000000e+02   1.6135540e+01   3.6456570e+00  -7.0562339e-02   3.5438220e-02   9.6015925e-03
   6.8100000e+02   1.6116990e+01   3.6444980e+00  -7.0611934e-02   3.5539837e-02   9.5884563e-03
   6.8200000e+02   1.6098500e+01   3.6433370e+00  -7.0661663e-02   3.5641508e-02   9.5753959e-03
   6.8300000e+02   1.6080070e+01   3.6421760e+00  -7.0711491e-02   3.5743202e-02   9.5624105e-03
   6.8400000e+02   1.6061710e+01   3.6410140e+00  -7.0761407e-02   3.5844899e-02   9.5495005e-03
   6.8500000e+02   1.6043400e+01   3.6398500e+00  -7.0811493e-02   3.5946688e-02   9.5366709e-03
   6.8600000e+02   1.6025160e+01   3.6386860e+00  -7.0861636e-02   3.6048461e-02   9.5239133e-03
   6.8700000e+02   1.6006980e+01   3.6375210e+00  -7.0911902e-02   3.6150270e-02   9.5112342e-03
   6.8800000e+02   1.5988850e+01   3.6363550e+00  -7.0962289e-02   3.6252134e-02   9.4986346e-03
   6.8900000e+02   1.5970790e+01   3.6351880e+00  -7.1012771e-02   3.6354006e-02   9.4861092e-03
   6.9000000e+02   1.5952780e+01   3.6340200e+00  -7.1063388e-02   3.6455929e-02   9.4736634e-03
   6.9100000e+02   1.5934840e+01   3.6328520e+00  -7.1114058e-02   3.6557835e-02   9.4612949e-03
   6.9200000e+02   1.5916950e+01   3.6316820e+00  -7.1164886e-02   3.6659815e-02   9.4490051e-03
   6.9300000e+02   1.5899120e+01   3.6305120e+00  -7.1215792e-02   3.6761792e-02   9.4367933e-03
   6.9400000e+02   1.5881350e+01   3.6293410e+00  -7.1266803e-02   3.6863796e-02   9.4246604e-03
   6.9500000e+02   1.5863640e+01   3.6281690e+00  -7.1317922e-02   3.6965822e-02   9.4126081e-03
   6.9600000e+02   1.5845980e+01   3.6269960e+00  -7.1369154e-02   3.7067887e-02   9.4006344e-03
   6.9700000e+02   1.5828390e+01   3.6258230e+00  -7.1420451e-02   3.7169933e-02   9.3887380e-03
   6.9800000e+02   1.5810850e+01   3.6246490e+00  -7.1471861e-02   3.7272018e-02   9.3769240e-03
   6.9900000e+02   1.5793360e+01   3.6234740e+00  -7.1523396e-02   3.7374141e-02   9.3651903e-03
   7.0000000e+02   1.5775940e+01   3.6222980e+00  -7.1575005e-02   3.7476254e-02   9.3535370e-03
   7.0100000e+02   1.5758570e+01   3.6211210e+00  -7.1626738e-02   3.7578410e-02   9.3419648e-03
   7.0200000e+02   1.5741250e+01   3.6199440e+00  -7.1678549e-02   3.7680579e-02   9.3304723e-03
   7.0300000e+02   1.5723990e+01   3.6187660e+00  -7.1730466e-02   3.7782757e-02   9.3190608e-03
   7.0400000e+02   1.5706790e+01   3.6175870e+00  -7.1782471e-02   3.7884940e-02   9.3077309e-03
   7.0500000e+02   1.5689640e+01   3.6164080e+00  -7.1834562e-02   3.7987140e-02   9.2964825e-03
   7.0600000e+02   1.5672550e+01   3.6152280e+00  -7.1886742e-02   3.8089339e-02   9.2853124e-03
   7.0700000e+02   1.5655510e+01   3.6140470e+00  -7.1939036e-02   3.8191570e-02   9.2742271e-03
   7.0800000e+02   1.5638530e+01   3.6128650e+00  -7.1991424e-02   3.8293810e-02   9.2632249e-03
   7.0900000e+02   1.5621600e+01   3.6116830e+00  -7.2043886e-02   3.8396047e-02   9.2523035e-03
   7.1000000e+02   1.5604720e+01   3.6105000e+00  -7.2096462e-02   3.8498310e-02   9.2414653e-03
   7.1100000e+02   1.5587900e+01   3.6093170e+00  -7.2149094e-02   3.8600560e-02   9.2307065e-03
   7.1200000e+02   1.5571130e+01   3.6081330e+00  -7.2201828e-02   3.8702816e-02   9.2200307e-03
   7.1300000e+02   1.5554410e+01   3.6069480e+00  -7.2254666e-02   3.8805101e-02   9.2094405e-03
   7.1400000e+02   1.5537750e+01   3.6057630e+00  -7.2307564e-02   3.8907359e-02   9.1989314e-03
   7.1500000e+02   1.5521140e+01   3.6045770e+00  -7.2360563e-02   3.9009635e-02   9.1885024e-03
   7.1600000e+02   1.5504580e+01   3.6033900e+00  -7.2413664e-02   3.9111928e-02   9.1781610e-03
   7.1700000e+02   1.5488070e+01   3.6022030e+00  -7.2466835e-02   3.9214217e-02   9.1679020e-03
   7.1800000e+02   1.5471620e+01   3.6010150e+00  -7.2520085e-02   3.9316495e-02   9.1577251e-03
   7.1900000e+02   1.5455210e+01   3.5998270e+00  -7.2573425e-02   3.9418785e-02   9.1476302e-03
   7.2000000e+02   1.5438860e+01   3.5986380e+00  -7.2626844e-02   3.9521068e-02   9.1376235e-03
   7.2100000e+02   1.5422560e+01   3.5974490e+00  -7.2680320e-02   3.9623329e-02   9.1276957e-03
   7.2200000e+02   1.5406310e+01   3.5962590e+00  -7.2733907e-02   3.9725613e-02   9.1178523e-03
   7.2300000e+02   1.5390110e+01   3.5950690e+00  -7.2787546e-02   3.9827867e-02   9.1080926e-03
   7.2400000e+02   1.5373960e+01   3.5938780e+00  -7.2841281e-02   3.9930137e-02   9.0984173e-03
   7.2500000e+02   1.5357860e+01   3.5926870e+00  -7.2895082e-02   4.0032385e-02   9.0888253e-03
   7.2600000e+02   1.5341810e+01   3.5914950e+00  -7.2948969e-02   4.0134643e-02   9.0793165e-03
   7.2700000e+02   1.5325810e+01   3.5903020e+00  -7.3002948e-02   4.0236894e-02   9.0698944e-03
   7.2800000e+02   1.5309860e+01   3.5891100e+00  -7.3056961e-02   4.0339111e-02   9.0605534e-03
   7.2900000e+02   1.5293960e+01   3.5879160e+00  -7.3111083e-02   4.0441347e-02   9.0512996e-03
   7.3000000e+02   1.5278100e+01   3.5867230e+00  -7.3165259e-02   4.0543561e-02   9.0421254e-03
   7.3100000e+02   1.5262300e+01   3.5855290e+00  -7.3219499e-02   4.0645751e-02   9.0330394e-03
   7.3200000e+02   1.5246540e+01   3.5843340e+00  -7.3273838e-02   4.0747953e-02   9.0240364e-03
   7.3300000e+02   1.5230830e+01   3.5831390e+00  -7.3328245e-02   4.0850140e-02   9.0151183e-03
   7.3400000e+02   1.5215170e+01   3.5819440e+00  -7.3382691e-02   4.0952289e-02   9.0062813e-03
   7.3500000e+02   1.5199560e+01   3.5807480e+00  -7.3437219e-02   4.1054432e-02   8.9975326e-03
   7.3600000e+02   1.5184000e+01   3.5795520e+00  -7.3491802e-02   4.1156541e-02   8.9888648e-03
   7.3700000e+02   1.5168480e+01   3.5783550e+00  -7.3546484e-02   4.1258669e-02   8.9802848e-03
   7.3800000e+02   1.5153010e+01   3.5771580e+00  -7.3601209e-02   4.1360762e-02   8.9717861e-03
   7.3900000e+02   1.5137580e+01   3.5759610e+00  -7.3656009e-02   4.1462844e-02   8.9633733e-03
   7.4000000e+02   1.5122210e+01   3.5747630e+00  -7.3710860e-02   4.1564887e-02   8.9550439e-03
   7.4100000e+02   1.5106870e+01   3.5735650e+00  -7.3765797e-02   4.1666942e-02   8.9467983e-03
   7.4200000e+02   1.5091590e+01   3.5723670e+00  -7.3820764e-02   4.1768936e-02   8.9386390e-03
   7.4300000e+02   1.5076350e+01   3.5711680e+00  -7.3875815e-02   4.1870933e-02   8.9305605e-03
   7.4400000e+02   1.5061160e+01   3.5699690e+00  -7.3930909e-02   4.1972887e-02   8.9225691e-03
   7.4500000e+02   1.5046010e+01   3.5687700e+00  -7.3986070e-02   4.2074833e-02   8.9146588e-03
   7.4600000e+02   1.5030900e+01   3.5675700e+00  -7.4041315e-02   4.2176775e-02   8.9068374e-03
   7.4700000e+02   1.5015850e+01   3.5663710e+00  -7.4096553e-02   4.2278619e-02   8.8990944e-03
   7.4800000e+02   1.5000830e+01   3.5651700e+00  -7.4151925e-02   4.2380518e-02   8.8914400e-03
   7.4900000e+02   1.4985860e+01   3.5639700e+00  -7.4207307e-02   4.2482355e-02   8.8838665e-03
   7.5000000e+02   1.4970940e+01   3.5627700e+00  -7.4262719e-02   4.2584124e-02   8.8763755e-03
   7.5100000e+02   1.4956060e+01   3.5615690e+00  -7.4318215e-02   4.2685898e-02   8.8689709e-03
   7.5200000e+02   1.4941220e+01   3.5603680e+00  -7.4373774e-02   4.2787655e-02   8.8616490e-03
   7.5300000e+02   1.4926430e+01   3.5591660e+00  -7.4429386e-02   4.2889373e-02   8.8544140e-03
   7.5400000e+02   1.4911680e+01   3.5579650e+00  -7.4485020e-02   4.2991044e-02   8.8472589e-03
   7.5500000e+02   1.4896970e+01   3.5567630e+00  -7.4540739e-02   4.3092706e-02   8.8401886e-03
   7.5600000e+02   1.4882310e+01   3.5555610e+00  -7.4596483e-02   4.3194306e-02   8.8332008e-03
   7.5700000e+02   1.4867690e+01   3.5543590e+00  -7.4652280e-02   4.3295887e-02   8.8262967e-03
   7.5800000e+02   1.4853110e+01   3.5531570e+00  -7.4708128e-02   4.3397427e-02   8.8194774e-03
   7.5900000e+02   1.4838580e+01   3.5519540e+00  -7.4764019e-02   4.3498929e-02   8.8127403e-03
   7.6000000e+02   1.4824090e+01   3.5507520e+00  -7.4819930e-02   4.3600369e-02   8.8060828e-03
   7.6100000e+02   1.4809640e+01   3.5495490e+00  -7.4875913e-02   4.3701792e-02   8.7995119e-03
   7.6200000e+02   1.4795230e+01   3.5483460e+00  -7.4931945e-02   4.3803193e-02   8.7930238e-03
   7.6300000e+02   1.4780860e+01   3.5471430e+00  -7.4988014e-02   4.3904544e-02   8.7866173e-03
   7.6400000e+02   1.4766540e+01   3.5459400e+00  -7.5044107e-02   4.4005824e-02   8.7802911e-03
   7.6500000e+02   1.4752250e+01   3.5447360e+00  -7.5100294e-02   4.4107124e-02   8.7740527e-03
   7.6600000e+02   1.4738010e+01   3.5435330e+00  -7.5156462e-02   4.4208325e-02   8.7678941e-03
   7.6700000e+02   1.4723810e+01   3.5423290e+00  -7.5212695e-02   4.4309502e-02   8.7618160e-03
   7.6800000e+02   1.4709650e+01   3.5411260e+00  -7.5268943e-02   4.4410614e-02   8.7558212e-03
   7.6900000e+02   1.4695530e+01   3.5399220e+00  -7.5325253e-02   4.4511706e-02   8.7499087e-03
   7.7000000e+02   1.4681450e+01   3.5387180e+00  -7.5381598e-02   4.4612743e-02   8.7440787e-03
   7.7100000e+02   1.4667410e+01   3.5375140e+00  -7.5437982e-02   4.4713739e-02   8.7383291e-03
   7.7200000e+02   1.4653410e+01   3.5363110e+00  -7.5494363e-02   4.4814661e-02   8.7326597e-03
   7.7300000e+02   1.4639450e+01   3.5351070e+00  -7.5550799e-02   4.4915551e-02   8.7270731e-03
   7.7400000e+02   1.4625520e+01   3.5339030e+00  -7.5607295e-02   4.5016422e-02   8.7215669e-03
   7.7500000e+02   1.4611640e+01   3.5326990e+00  -7.5663804e-02   4.5117216e-02   8.7161439e-03
   7.7600000e+02   1.4597800e+01   3.5314950e+00  -7.5720336e-02   4.5217944e-02   8.7108004e-03
   7.7700000e+02   1.4584000e+01   3.5302910e+00  -7.5776888e-02   4.5318619e-02   8.7055361e-03
   7.7800000e+02   1.4570230e+01   3.5290870e+00  -7.5833498e-02   4.5419268e-02   8.7003542e-03
   7.7900000e+02   1.4556510e+01   3.5278830e+00  -7.5890111e-02   4.5519832e-02   8.6952525e-03
   7.8000000e+02   1.4542820e+01   3.5266790e+00  -7.5946763e-02   4.5620358e-02   8.6902289e-03
   7.8100000e+02   1.4529170e+01   3.5254750e+00  -7.6003445e-02   4.5720833e-02   8.6852881e-03
   7.8200000e+02   1.4515560e+01   3.5242710e+00  -7.6060150e-02   4.5821246e-02   8.6804249e-03
   7.8300000e+02   1.4501990e+01   3.5230670e+00  -7.6116871e-02   4.5921591e-02   8.6756435e-03
   7.8400000e+02   1.4488450e+01   3.5218630e+00  -7.6173636e-02   4.6021905e-02   8.6709400e-03
   7.8500000e+02   1.4474960e+01   3.5206590e+00  -7.6230397e-02   4.6122126e-02   8.6663182e-03
   7.8600000e+02   1.4461500e+01   3.5194550e+00  -7.6287196e-02   4.6222305e-02   8.6617717e-03
   7.8700000e+02   1.4448080e+01   3.5182520e+00  -7.6343987e-02   4.6322393e-02   8.6573053e-03
   7.8800000e+02   1.4434690e+01   3.5170480e+00  -7.6400840e-02   4.6422471e-02   8.6529181e-03
   7.8900000e+02   1.4421340e+01   3.5158450e+00  -7.6457678e-02   4.6522448e-02   8.6486077e-03
   7.9000000e+02   1.4408030e+01   3.5146410e+00  -7.6514561e-02   4.6622379e-02   8.6443794e-03
   7.9100000e+02   1.4394760e+01   3.5134380e+00  -7.6571436e-02   4.6722226e-02   8.6402264e-03
   7.9200000e+02   1.4381520e+01   3.5122350e+00  -7.6628331e-02   4.6822015e-02   8.6361512e-03
   7.9300000e+02   1.4368310e+01   3.5110310e+00  -7.6685300e-02   4.6921793e-02   8.6321550e-03
   7.9400000e+02   1.4355150e+01   3.5098280e+00  -7.6742227e-02   4.7021440e-02   8.6282346e-03
   7.9500000e+02   1.4342020e+01   3.5086260e+00  -7.6799143e-02   4.7121009e-02   8.6243905e-03
   7.9600000e+02   1.4328920e+01   3.5074230e+00  -7.6856128e-02   4.7220564e-02   8.6206237e-03
   7.9700000e+02   1.4315860e+01   3.5062200e+00  -7.6913115e-02   4.7320032e-02   8.6169358e-03
   7.9800000e+02   1.4302840e+01   3.5050180e+00  -7.6970080e-02   4.7419405e-02   8.6133227e-03
   7.9900000e+02   1.4289850e+01   3.5038160e+00  -7.7027071e-02   4.7518726e-02   8.6097859e-03
   8.0000000e+02   1.4276900e+01   3.5026140e+00  -7.7084066e-02   4.7617952e-02   8.6063259e-03
   8.0100000e+02   1.4263980e+01   3.5014120e+00  -7.7141084e-02   4.7717139e-02   8.6029423e-03
   8.0200000e+02   1.4251100e+01   3.5002100e+00  -7.7198109e-02   4.7816240e-02   8.5996339e-03
   8.0300000e+02   1.4238250e+01   3.4990080e+00  -7.7255154e-02   4.7915280e-02   8.5964011e-03
   8.0400000e+02   1.4225440e+01   3.4978070e+00  -7.7312161e-02   4.8014207e-02   8.5932429e-03
   8.0500000e+02   1.4212660e+01   3.4966060e+00  -7.7369199e-02   4.8113080e-02   8.5901568e-03
   8.0600000e+02   1.4199910e+01   3.4954050e+00  -7.7426255e-02   4.8211896e-02   8.5871495e-03
   8.0700000e+02   1.4187200e+01   3.4942040e+00  -7.7483306e-02   4.8310622e-02   8.5842160e-03
   8.0800000e+02   1.4174520e+01   3.4930040e+00  -7.7540344e-02   4.8409262e-02   8.5813534e-03
   8.0900000e+02   1.4161880e+01   3.4918040e+00  -7.7597375e-02   4.8507807e-02   8.5785670e-03
   8.1000000e+02   1.4149270e+01   3.4906040e+00  -7.7654420e-02   4.8606297e-02   8.5758539e-03
   8.1100000e+02   1.4136690e+01   3.4894040e+00  -7.7711484e-02   4.8704715e-02   8.5732133e-03
   8.1200000e+02   1.4124150e+01   3.4882040e+00  -7.7768534e-02   4.8803039e-02   8.5706488e-03
   8.1300000e+02   1.4111630e+01   3.4870050e+00  -7.7825604e-02   4.8901307e-02   8.5681546e-03
   8.1400000e+02   1.4099160e+01   3.4858060e+00  -7.7882624e-02   4.8999444e-02   8.5657330e-03
   8.1500000e+02   1.4086710e+01   3.4846080e+00  -7.7939661e-02   4.9097521e-02   8.5633812e-03
   8.1600000e+02   1.4074300e+01   3.4834090e+00  -7.7996708e-02   4.9195522e-02   8.5611069e-03
   8.1700000e+02   1.4061920e+01   3.4822110e+00  -7.8053728e-02   4.9293425e-02   8.5589004e-03
   8.1800000e+02   1.4049570e+01   3.4810130e+00  -7.8110764e-02   4.9391259e-02   8.5567690e-03
   8.1900000e+02   1.4037260e+01   3.4798160e+00  -7.8167751e-02   4.9488967e-02   8.5547027e-03
   8.2000000e+02   1.4024970e+01   3.4786190e+00  -7.8224774e-02   4.9586633e-02   8.5527137e-03
   8.2100000e+02   1.4012720e+01   3.4774220e+00  -7.8281772e-02   4.9684191e-02   8.5507922e-03
   8.2200000e+02   1.4000500e+01   3.4762250e+00  -7.8338784e-02   4.9781682e-02   8.5489422e-03
   8.2300000e+02   1.3988320e+01   3.4750290e+00  -7.8395737e-02   4.9879032e-02   8.5471628e-03
   8.2400000e+02   1.3976160e+01   3.4738330e+00  -7.8452713e-02   4.9976336e-02   8.5454509e-03
   8.2500000e+02   1.3964040e+01   3.4726370e+00  -7.8509677e-02   5.0073533e-02   8.5438120e-03
   8.2600000e+02   1.3951940e+01   3.4714420e+00  -7.8566627e-02   5.0170652e-02   8.5422403e-03
   8.2700000e+02   1.3939880e+01   3.4702470e+00  -7.8623560e-02   5.0267666e-02   8.5407388e-03
   8.2800000e+02   1.3927850e+01   3.4690530e+00  -7.8680449e-02   5.0364573e-02   8.5393034e-03
   8.2900000e+02   1.3915850e+01   3.4678590e+00  -7.8737342e-02   5.0461394e-02   8.5379370e-03
   8.3000000e+02   1.3903880e+01   3.4666650e+00  -7.8794240e-02   5.0558137e-02   8.5366424e-03
   8.3100000e+02   1.3891940e+01   3.4654720e+00  -7.8851084e-02   5.0654759e-02   8.5354087e-03
   8.3200000e+02   1.3880030e+01   3.4642790e+00  -7.8907948e-02   5.0751310e-02   8.5342488e-03
   8.3300000e+02   1.3868150e+01   3.4630860e+00  -7.8964785e-02   5.0847767e-02   8.5331566e-03
   8.3400000e+02   1.3856300e+01   3.4618940e+00  -7.9021590e-02   5.0944108e-02   8.5321274e-03
   8.3500000e+02   1.3844490e+01   3.4607020e+00  -7.9078371e-02   5.1040337e-02   8.5311678e-03
   8.3600000e+02   1.3832700e+01   3.4595100e+00  -7.9135157e-02   5.1136501e-02   8.5302742e-03
   8.3700000e+02   1.3820940e+01   3.4583190e+00  -7.9191907e-02   5.1232561e-02   8.5294467e-03
   8.3800000e+02   1.3809210e+01   3.4571290e+00  -7.9248617e-02   5.1328492e-02   8.5286835e-03
   8.3900000e+02   1.3797510e+01   3.4559390e+00  -7.9305311e-02   5.1424333e-02   8.5279861e-03
   8.4000000e+02   1.3785840e+01   3.4547490e+00  -7.9361989e-02   5.1520085e-02   8.5273548e-03
   8.4100000e+02   1.3774200e+01   3.4535600e+00  -7.9418638e-02   5.1615720e-02   8.5267878e-03
   8.4200000e+02   1.3762590e+01   3.4523710e+00  -7.9475262e-02   5.1711250e-02   8.5262855e-03
   8.4300000e+02   1.3751010e+01   3.4511830e+00  -7.9531831e-02   5.1806663e-02   8.5258455e-03
   8.4400000e+02   1.3739450e+01   3.4499950e+00  -7.9588422e-02   5.1902010e-02   8.5254735e-03
   8.4500000e+02   1.3727930e+01   3.4488070e+00  -7.9644967e-02   5.1997230e-02   8.5251661e-03
   8.4600000e+02   1.3716430e+01   3.4476200e+00  -7.9701488e-02   5.2092353e-02   8.5249183e-03
   8.4700000e+02   1.3704960e+01   3.4464340e+00  -7.9757953e-02   5.2187354e-02   8.5247338e-03
   8.4800000e+02   1.3693520e+01   3.4452470e+00  -7.9814444e-02   5.2282291e-02   8.5246161e-03
   8.4900000e+02   1.3682110e+01   3.4440620e+00  -7.9870844e-02   5.2377056e-02   8.5245564e-03
   8.5000000e+02   1.3670730e+01   3.4428770e+00  -7.9927217e-02   5.2471723e-02   8.5245615e-03
   8.5100000e+02   1.3659370e+01   3.4416920e+00  -7.9983599e-02   5.2566326e-02   8.5246287e-03
   8.5200000e+02   1.3648050e+01   3.4405080e+00  -8.0039888e-02   5.2660755e-02   8.5247532e-03
   8.5300000e+02   1.3636750e+01   3.4393240e+00  -8.0096183e-02   5.2755114e-02   8.5249446e-03
   8.5400000e+02   1.3625480e+01   3.4381410e+00  -8.0152429e-02   5.2849345e-02   8.5251933e-03
   8.5500000e+02   1.3614230e+01   3.4369590e+00  -8.0208640e-02   5.2943471e-02   8.5255019e-03
   8.5600000e+02   1.3603020e+01   3.4357770e+00  -8.0264791e-02   5.3037452e-02   8.5258718e-03
   8.5700000e+02   1.3591830e+01   3.4345950e+00  -8.0320947e-02   5.3131360e-02   8.5263028e-03
   8.5800000e+02   1.3580660e+01   3.4334140e+00  -8.0377073e-02   5.3225170e-02   8.5267932e-03
   8.5900000e+02   1.3569530e+01   3.4322330e+00  -8.0433130e-02   5.3318830e-02   8.5273448e-03
   8.6000000e+02   1.3558420e+01   3.4310530e+00  -8.0489160e-02   5.3412384e-02   8.5279535e-03
   8.6100000e+02   1.3547340e+01   3.4298740e+00  -8.0545113e-02   5.3505794e-02   8.5286196e-03
   8.6200000e+02   1.3536290e+01   3.4286950e+00  -8.0601051e-02   5.3599104e-02   8.5293473e-03
   8.6300000e+02   1.3525260e+01   3.4275170e+00  -8.0656933e-02   5.3692294e-02   8.5301282e-03
   8.6400000e+02   1.3514260e+01   3.4263390e+00  -8.0712791e-02   5.3785371e-02   8.5309709e-03
   8.6500000e+02   1.3503280e+01   3.4251620e+00  -8.0768601e-02   5.3878332e-02   8.5318698e-03
   8.6600000e+02   1.3492330e+01   3.4239850e+00  -8.0824374e-02   5.3971180e-02   8.5328279e-03
   8.6700000e+02   1.3481410e+01   3.4228090e+00  -8.0880088e-02   5.4063882e-02   8.5338420e-03
   8.6800000e+02   1.3470510e+01   3.4216330e+00  -8.0935783e-02   5.4156500e-02   8.5349134e-03
   8.6900000e+02   1.3459640e+01   3.4204580e+00  -8.0991400e-02   5.4248969e-02   8.5360370e-03
   8.7000000e+02   1.3448800e+01   3.4192840e+00  -8.1046962e-02   5.4341290e-02   8.5372202e-03
   8.7100000e+02   1.3437980e+01   3.4181100e+00  -8.1102495e-02   5.4433528e-02   8.5384564e-03
   8.7200000e+02   1.3427190e+01   3.4169370e+00  -8.1157965e-02   5.4525608e-02   8.5397501e-03
   8.7300000e+02   1.3416420e+01   3.4157640e+00  -8.1213400e-02   5.4617590e-02   8.5410984e-03
   8.7400000e+02   1.3405680e+01   3.4145920e+00  -8.1268778e-02   5.4709433e-02   8.5425017e-03
   8.7500000e+02   1.3394960e+01   3.4134210e+00  -8.1324103e-02   5.4801163e-02   8.5439563e-03
   8.7600000e+02   1.3384270e+01   3.4122500e+00  -8.1379377e-02   5.4892748e-02   8.5454685e-03
   8.7700000e+02   1.3373600e+01   3.4110800e+00  -8.1434598e-02   5.4984217e-02   8.5470310e-03
   8.7800000e+02   1.3362960e+01   3.4099100e+00  -8.1489770e-02   5.5075557e-02   8.5486484e-03
   8.7900000e+02   1.3352350e+01   3.4087410e+00  -8.1544867e-02   5.5166745e-02   8.5503220e-03
   8.8000000e+02   1.3341750e+01   3.4075730e+00  -8.1599936e-02   5.5257834e-02   8.5520431e-03
   8.8100000e+02   1.3331190e+01   3.4064050e+00  -8.1654935e-02   5.5348775e-02   8.5538179e-03
   8.8200000e+02   1.3320640e+01   3.4052380e+00  -8.1709890e-02   5.5439611e-02   8.5556460e-03
   8.8300000e+02   1.3310130e+01   3.4040720e+00  -8.1764732e-02   5.5530249e-02   8.5575245e-03
   8.8400000e+02   1.3299630e+01   3.4029060e+00  -8.1819601e-02   5.5620839e-02   8.5594565e-03
   8.8500000e+02   1.3289160e+01   3.4017410e+00  -8.1874358e-02   5.5711243e-02   8.5614377e-03
   8.8600000e+02   1.3278720e+01   3.4005760e+00  -8.1929077e-02   5.5801526e-02   8.5634726e-03
   8.8700000e+02   1.3268300e+01   3.3994120e+00  -8.1983730e-02   5.5891677e-02   8.5655544e-03
   8.8800000e+02   1.3257900e+01   3.3982490e+00  -8.2038322e-02   5.5981700e-02   8.5676880e-03
   8.8900000e+02   1.3247530e+01   3.3970870e+00  -8.2092817e-02   5.6071547e-02   8.5698682e-03
   8.9000000e+02   1.3237180e+01   3.3959250e+00  -8.2147288e-02   5.6161301e-02   8.5721002e-03
   8.9100000e+02   1.3226860e+01   3.3947640e+00  -8.2201665e-02   5.6250878e-02   8.5743813e-03
   8.9200000e+02   1.3216550e+01   3.3936030e+00  -8.2256047e-02   5.6340389e-02   8.5767129e-03
   8.9300000e+02   1.3206280e+01   3.3924430e+00  -8.2310292e-02   5.6429687e-02   8.5790911e-03
   8.9400000e+02   1.3196020e+01   3.3912840e+00  -8.2364509e-02   5.6518895e-02   8.5815181e-03
   8.9500000e+02   1.3185790e+01   3.3901250e+00  -8.2418672e-02   5.6607954e-02   8.5839936e-03
   8.9600000e+02   1.3175580e+01   3.3889670e+00  -8.2472753e-02   5.6696878e-02   8.5865159e-03
   8.9700000e+02   1.3165400e+01   3.3878100e+00  -8.2526745e-02   5.6785629e-02   8.5890845e-03
   8.9800000e+02   1.3155230e+01   3.3866540e+00  -8.2580687e-02   5.6874265e-02   8.5916987e-03
   8.9900000e+02   1.3145100e+01   3.3854980e+00  -8.2634541e-02   5.6962733e-02   8.5943634e-03
   9.0000000e+02   1.3134980e+01   3.3843430e+00  -8.2688346e-02   5.7051081e-02   8.5970712e-03
   9.0100000e+02   1.3124890e+01   3.3831880e+00  -8.2742089e-02   5.7139293e-02   8.5998281e-03
   9.0200000e+02   1.3114820e+01   3.3820350e+00  -8.2795738e-02   5.7227330e-02   8.6026286e-03
   9.0300000e+02   1.3104770e+01   3.3808820e+00  -8.2849328e-02   5.7315254e-02   8.6054723e-03
   9.0400000e+02   1.3094740e+01   3.3797290e+00  -8.2902873e-02   5.7403050e-02   8.6083646e-03
   9.0500000e+02   1.3084740e+01   3.3785780e+00  -8.2956296e-02   5.7490647e-02   8.6113009e-03
   9.0600000e+02   1.3074760e+01   3.3774270e+00  -8.3009667e-02   5.7578123e-02   8.6142783e-03
   9.0700000e+02   1.3064800e+01   3.3762770e+00  -8.3062971e-02   5.7665464e-02   8.6173043e-03
   9.0800000e+02   1.3054870e+01   3.3751270e+00  -8.3116188e-02   5.7752639e-02   8.6203711e-03
   9.0900000e+02   1.3044950e+01   3.3739790e+00  -8.3169334e-02   5.7839674e-02   8.6234800e-03
   9.1000000e+02   1.3035060e+01   3.3728310e+00  -8.3222395e-02   5.7926553e-02   8.6266349e-03
   9.1100000e+02   1.3025190e+01   3.3716830e+00  -8.3275409e-02   5.8013307e-02   8.6298324e-03
   9.1200000e+02   1.3015340e+01   3.3705370e+00  -8.3328311e-02   5.8099885e-02   8.6330683e-03
   9.1300000e+02   1.3005510e+01   3.3693910e+00  -8.3381148e-02   5.8186328e-02   8.6363495e-03
   9.1400000e+02   1.2995710e+01   3.3682460e+00  -8.3433901e-02   5.8272596e-02   8.6396735e-03
   9.1500000e+02   1.2985930e+01   3.3671020e+00  -8.3486565e-02   5.8358720e-02   8.6430367e-03
   9.1600000e+02   1.2976160e+01   3.3659580e+00  -8.3539198e-02   5.8444738e-02   8.6464427e-03
   9.1700000e+02   1.2966420e+01   3.3648150e+00  -8.3591710e-02   5.8530563e-02   8.6498875e-03
   9.1800000e+02   1.2956700e+01   3.3636730e+00  -8.3644147e-02   5.8616244e-02   8.6533734e-03
   9.1900000e+02   1.2947010e+01   3.3625320e+00  -8.3696476e-02   5.8701731e-02   8.6569008e-03
   9.2000000e+02   1.2937330e+01   3.3613910e+00  -8.3748765e-02   5.8787122e-02   8.6604674e-03
   9.2100000e+02   1.2927670e+01   3.3602510e+00  -8.3800961e-02   5.8872351e-02   8.6640726e-03
   9.2200000e+02   1.2918040e+01   3.3591120e+00  -8.3853045e-02   5.8957379e-02   8.6677170e-03
   9.2300000e+02   1.2908430e+01   3.3579740e+00  -8.3905047e-02   5.9042261e-02   8.6714022e-03
   9.2400000e+02   1.2898830e+01   3.3568360e+00  -8.3957015e-02   5.9127049e-02   8.6751249e-03
   9.2500000e+02   1.2889260e+01   3.3556990e+00  -8.4008873e-02   5.9211636e-02   8.6788859e-03
   9.2600000e+02   1.2879710e+01   3.3545630e+00  -8.4060622e-02   5.9296055e-02   8.6826859e-03
   9.2700000e+02   1.2870180e+01   3.3534280e+00  -8.4112276e-02   5.9380312e-02   8.6865206e-03
   9.2800000e+02   1.2860670e+01   3.3522940e+00  -8.4163840e-02   5.9464405e-02   8.6903942e-03
   9.2900000e+02   1.2851180e+01   3.3511600e+00  -8.4215338e-02   5.9548365e-02   8.6943026e-03
   9.3000000e+02   1.2841710e+01   3.3500270e+00  -8.4266738e-02   5.9632148e-02   8.6982518e-03
   9.3100000e+02   1.2832260e+01   3.3488950e+00  -8.4318066e-02   5.9715789e-02   8.7022343e-03
   9.3200000e+02   1.2822830e+01   3.3477630e+00  -8.4369315e-02   5.9799286e-02   8.7062573e-03
   9.3300000e+02   1.2813420e+01   3.3466330e+00  -8.4420414e-02   5.9882559e-02   8.7103091e-03
   9.3400000e+02   1.2804030e+01   3.3455030e+00  -8.4471474e-02   5.9965724e-02   8.7144032e-03
   9.3500000e+02   1.2794660e+01   3.3443740e+00  -8.4522424e-02   6.0048711e-02   8.7185286e-03
   9.3600000e+02   1.2785310e+01   3.3432460e+00  -8.4573270e-02   6.0131522e-02   8.7226873e-03
   9.3700000e+02   1.2775990e+01   3.3421180e+00  -8.4624022e-02   6.0214161e-02   8.7268864e-03
   9.3800000e+02   1.2766680e+01   3.3409910e+00  -8.4674709e-02   6.0296674e-02   8.7311152e-03
   9.3900000e+02   1.2757390e+01   3.3398660e+00  -8.4725243e-02   6.0378966e-02   8.7353770e-03
   9.4000000e+02   1.2748120e+01   3.3387400e+00  -8.4775744e-02   6.0461147e-02   8.7396750e-03
   9.4100000e+02   1.2738870e+01   3.3376160e+00  -8.4826113e-02   6.0543131e-02   8.7440072e-03
   9.4200000e+02   1.2729630e+01   3.3364930e+00  -8.4876411e-02   6.0624981e-02   8.7483691e-03
   9.4300000e+02   1.2720420e+01   3.3353700e+00  -8.4926599e-02   6.0706639e-02   8.7527643e-03
   9.4400000e+02   1.2711230e+01   3.3342480e+00  -8.4976679e-02   6.0788125e-02   8.7571934e-03
   9.4500000e+02   1.2702060e+01   3.3331270e+00  -8.5026660e-02   6.0869434e-02   8.7616550e-03
   9.4600000e+02   1.2692900e+01   3.3320070e+00  -8.5076559e-02   6.0950610e-02   8.7661472e-03
   9.4700000e+02   1.2683770e+01   3.3308870e+00  -8.5126346e-02   6.1031587e-02   8.7706717e-03
   9.4800000e+02   1.2674650e+01   3.3297690e+00  -8.5176024e-02   6.1112403e-02   8.7752246e-03
   9.4900000e+02   1.2665560e+01   3.3286510e+00  -8.5225584e-02   6.1193015e-02   8.7798117e-03
   9.5000000e+02   1.2656480e+01   3.3275340e+00  -8.5275081e-02   6.1273499e-02   8.7844266e-03
   9.5100000e+02   1.2647420e+01   3.3264180e+00  -8.5324453e-02   6.1353793e-02   8.7890720e-03
   9.5200000e+02   1.2638380e+01   3.3253020e+00  -8.5373758e-02   6.1433950e-02   8.7937494e-03
   9.5300000e+02   1.2629360e+01   3.3241880e+00  -8.5422898e-02   6.1513878e-02   8.7984575e-03
   9.5400000e+02   1.2620350e+01   3.3230740e+00  -8.5472002e-02   6.1593703e-02   8.8031920e-03
   9.5500000e+02   1.2611370e+01   3.3219610e+00  -8.5520956e-02   6.1673294e-02   8.8079570e-03
   9.5600000e+02   1.2602400e+01   3.3208490e+00  -8.5569816e-02   6.1752737e-02   8.8127482e-03
   9.5700000e+02   1.2593460e+01   3.3197380e+00  -8.5618544e-02   6.1831966e-02   8.8175713e-03
   9.5800000e+02   1.2584530e+01   3.3186270e+00  -8.5667207e-02   6.1911075e-02   8.8224221e-03
   9.5900000e+02   1.2575620e+01   3.3175170e+00  -8.5715768e-02   6.1990001e-02   8.8273013e-03
   9.6000000e+02   1.2566720e+01   3.3164090e+00  -8.5764188e-02   6.2068736e-02   8.8322045e-03
   9.6100000e+02   1.2557850e+01   3.3153010e+00  -8.5812487e-02   6.2147269e-02   8.8371380e-03
   9.6200000e+02   1.2548990e+01   3.3141930e+00  -8.5860750e-02   6.2225704e-02   8.8420992e-03
   9.6300000e+02   1.2540150e+01   3.3130870e+00  -8.5908847e-02   6.2303903e-02   8.8470838e-03
   9.6400000e+02   1.2531330e+01   3.3119820e+00  -8.5956822e-02   6.2381907e-02   8.8520963e-03
   9.6500000e+02   1.2522530e+01   3.3108770e+00  -8.6004708e-02   6.2459764e-02   8.8571367e-03
   9.6600000e+02   1.2513750e+01   3.3097730e+00  -8.6052473e-02   6.2537413e-02   8.8622016e-03
   9.6700000e+02   1.2504980e+01   3.3086700e+00  -8.6100147e-02   6.2614921e-02   8.8672907e-03
   9.6800000e+02   1.2496230e+01   3.3075680e+00  -8.6147692e-02   6.2692232e-02   8.8724065e-03
   9.6900000e+02   1.2487500e+01   3.3064670e+00  -8.6195100e-02   6.2769341e-02   8.8775451e-03
   9.7000000e+02   1.2478790e+01   3.3053660e+00  -8.6242422e-02   6.2846289e-02   8.8827107e-03
   9.7100000e+02   1.2470090e+01   3.3042670e+00  -8.6289623e-02   6.2923051e-02   8.8878989e-03
   9.7200000e+02   1.2461410e+01   3.3031680e+00  -8.6336727e-02   6.2999652e-02   8.8931124e-03
   9.7300000e+02   1.2452750e+01   3.3020700e+00  -8.6383702e-02   6.3076052e-02   8.8983522e-03
   9.7400000e+02   1.2444110e+01   3.3009730e+00  -8.6430539e-02   6.3152249e-02   8.9036119e-03
   9.7500000e+02   1.2435480e+01   3.2998770e+00  -8.6477293e-02   6.3228292e-02   8.9088955e-03
   9.7600000e+02   1.2426870e+01   3.2987810e+00  -8.6523941e-02   6.3304168e-02   8.9142019e-03
   9.7700000e+02   1.2418280e+01   3.2976870e+00  -8.6570409e-02   6.3379794e-02   8.9195318e-03
   9.7800000e+02   1.2409700e+01   3.2965930e+00  -8.6616822e-02   6.3455314e-02   8.9248822e-03
   9.7900000e+02   1.2401140e+01   3.2955000e+00  -8.6663106e-02   6.3530622e-02   8.9302564e-03
   9.8000000e+02   1.2392600e+01   3.2944080e+00  -8.6709263e-02   6.3605740e-02   8.9356553e-03
   9.8100000e+02   1.2384080e+01   3.2933170e+00  -8.6755259e-02   6.3680634e-02   8.9410700e-03
   9.8200000e+02   1.2375570e+01   3.2922270e+00  -8.6801165e-02   6.3755371e-02   8.9465092e-03
   9.8300000e+02   1.2367080e+01   3.2911370e+00  -8.6846978e-02   6.3829940e-02   8.9519693e-03
   9.8400000e+02   1.2358600e+01   3.2900490e+00  -8.6892645e-02   6.3904313e-02   8.9574503e-03
   9.8500000e+02   1.2350150e+01   3.2889610e+00  -8.6938183e-02   6.3978479e-02   8.9629499e-03
   9.8600000e+02   1.2341710e+01   3.2878740e+00  -8.6983587e-02   6.4052447e-02   8.9684709e-03
   9.8700000e+02   1.2333280e+01   3.2867880e+00  -8.7028917e-02   6.4126279e-02   8.9740086e-03
   9.8800000e+02   1.2324880e+01   3.2857030e+00  -8.7074056e-02   6.4199849e-02   8.9795685e-03
   9.8900000e+02   1.2316480e+01   3.2846180e+00  -8.7119171e-02   6.4273339e-02   8.9851518e-03
   9.9000000e+02   1.2308110e+01   3.2835350e+00  -8.7164072e-02   6.4346545e-02   8.9907487e-03
   9.9100000e+02   1.2299750e+01   3.2824520e+00  -8.7208885e-02   6.4419594e-02   8.9963671e-03
   9.9200000e+02   1.2291410e+01   3.2813710e+00  -8.7253513e-02   6.4492405e-02   9.0019984e-03
   9.9300000e+02   1.2283080e+01   3.2802900e+00  -8.7298086e-02   6.4565082e-02   9.0076556e-03
   9.9400000e+02   1.2274770e+01   3.2792100e+00  -8.7342496e-02   6.4637544e-02   9.0133243e-03
   9.9500000e+02   1.2266480e+01   3.2781300e+00  -8.7386815e-02   6.4709834e-02   9.0190160e-03
   9.9600000e+02   1.2258200e+01   3.2770520e+00  -8.7430980e-02   6.4781915e-02   9.0247246e-03
   9.9700000e+02   1.2249940e+01   3.2759750e+00  -8.7475000e-02   6.4853782e-02   9.0304472e-03
   9.9800000e+02   1.2241700e+01   3.2748980e+00  -8.7518892e-02   6.4925458e-02   9.0361862e-03
   9.9900000e+02   1.2233470e+01   3.2738220e+00  -8.7562699e-02   6.4996983e-02   9.0419479e-03
   1.0000000e+03   1.2225250e+01   3.2727470e+00  -8.7606368e-02   6.5068312e-02   9.0477209e-03
   1.0010000e+03   1.2217060e+01   3.2716730e+00  -8.7649849e-02   6.5139388e-02   9.0535122e-03
   1.0020000e+03   1.2208870e+01   3.2706000e+00  -8.7693264e-02   6.5210332e-02   9.0593173e-03
   1.0030000e+03   1.2200710e+01   3.2695280e+00  -8.7736475e-02   6.5281014e-02   9.0651350e-03
   1.0040000e+03   1.2192560e+01   3.2684570e+00  -8.7779590e-02   6.5351524e-02   9.0709721e-03
   1.0050000e+03   1.2184420e+01   3.2673860e+00  -8.7822604e-02   6.5421879e-02   9.0768242e-03
   1.0060000e+03   1.2176300e+01   3.2663160e+00  -8.7865482e-02   6.5492033e-02   9.0826904e-03
   1.0070000e+03   1.2168200e+01   3.2652470e+00  -8.7908194e-02   6.5561952e-02   9.0885731e-03
   1.0080000e+03   1.2160110e+01   3.2641790e+00  -8.7950775e-02   6.5631679e-02   9.0944678e-03
   1.0090000e+03   1.2152040e+01   3.2631120e+00  -8.7993208e-02   6.5701200e-02   9.1003765e-03
   1.0100000e+03   1.2143980e+01   3.2620460e+00  -8.8035520e-02   6.5770532e-02   9.1062981e-03
   1.0110000e+03   1.2135940e+01   3.2609810e+00  -8.8077675e-02   6.5839647e-02   9.1122298e-03
   1.0120000e+03   1.2127910e+01   3.2599160e+00  -8.8119767e-02   6.5908627e-02   9.1181844e-03
   1.0130000e+03   1.2119900e+01   3.2588530e+00  -8.8161637e-02   6.5977330e-02   9.1241423e-03
   1.0140000e+03   1.2111900e+01   3.2577900e+00  -8.8203408e-02   6.6045875e-02   9.1301163e-03
   1.0150000e+03   1.2103920e+01   3.2567280e+00  -8.8245045e-02   6.6114218e-02   9.1361078e-03
   1.0160000e+03   1.2095950e+01   3.2556670e+00  -8.8286540e-02   6.6182362e-02   9.1421050e-03
   1.0170000e+03   1.2088000e+01   3.2546070e+00  -8.8327889e-02   6.6250288e-02   9.1481179e-03
   1.0180000e+03   1.2080070e+01   3.2535470e+00  -8.8369102e-02   6.6318013e-02   9.1541393e-03
   1.0190000e+03   1.2072140e+01   3.2524890e+00  -8.8410172e-02   6.6385554e-02   9.1601730e-03
   1.0200000e+03   1.2064240e+01   3.2514310e+00  -8.8451112e-02   6.6452875e-02   9.1662192e-03
   1.0210000e+03   1.2056350e+01   3.2503750e+00  -8.8491867e-02   6.6519964e-02   9.1722754e-03
   1.0220000e+03   1.2048470e+01   3.2493190e+00  -8.8532532e-02   6.6586905e-02   9.1783410e-03
   1.0230000e+03   1.2040610e+01   3.2482640e+00  -8.8573027e-02   6.6653607e-02   9.1844190e-03
   1.0240000e+03   1.2032760e+01   3.2472100e+00  -8.8613404e-02   6.6720130e-02   9.1905065e-03
   1.0250000e+03   1.2024920e+01   3.2461570e+00  -8.8653639e-02   6.6786459e-02   9.1966040e-03
   1.0260000e+03   1.2017110e+01   3.2451040e+00  -8.8693712e-02   6.6852550e-02   9.2027129e-03
   1.0270000e+03   1.2009300e+01   3.2440530e+00  -8.8733638e-02   6.6918447e-02   9.2088272e-03
   1.0280000e+03   1.2001510e+01   3.2430020e+00  -8.8773445e-02   6.6984160e-02   9.2149537e-03
   1.0290000e+03   1.1993740e+01   3.2419520e+00  -8.8813066e-02   6.7049622e-02   9.2210877e-03
   1.0300000e+03   1.1985980e+01   3.2409030e+00  -8.8852560e-02   6.7114895e-02   9.2272298e-03
   1.0310000e+03   1.1978230e+01   3.2398550e+00  -8.8891931e-02   6.7179990e-02   9.2333828e-03
   1.0320000e+03   1.1970500e+01   3.2388080e+00  -8.8931116e-02   6.7244834e-02   9.2395422e-03
   1.0330000e+03   1.1962780e+01   3.2377620e+00  -8.8970176e-02   6.7309490e-02   9.2457097e-03
   1.0340000e+03   1.1955080e+01   3.2367160e+00  -8.9009099e-02   6.7373945e-02   9.2518881e-03
   1.0350000e+03   1.1947390e+01   3.2356720e+00  -8.9047850e-02   6.7438180e-02   9.2580699e-03
   1.0360000e+03   1.1939710e+01   3.2346280e+00  -8.9086480e-02   6.7502235e-02   9.2642595e-03
   1.0370000e+03   1.1932050e+01   3.2335850e+00  -8.9124953e-02   6.7566057e-02   9.2704577e-03
   1.0380000e+03   1.1924400e+01   3.2325430e+00  -8.9163277e-02   6.7629682e-02   9.2766604e-03
   1.0390000e+03   1.1916770e+01   3.2315020e+00  -8.9201434e-02   6.7693076e-02   9.2828728e-03
   1.0400000e+03   1.1909150e+01   3.2304620e+00  -8.9239449e-02   6.7756267e-02   9.2890882e-03
   1.0410000e+03   1.1901550e+01   3.2294220e+00  -8.9277306e-02   6.7819243e-02   9.2953098e-03
   1.0420000e+03   1.1893950e+01   3.2283840e+00  -8.9315027e-02   6.7882034e-02   9.3015393e-03
   1.0430000e+03   1.1886380e+01   3.2273460e+00  -8.9352577e-02   6.7944575e-02   9.3077744e-03
   1.0440000e+03   1.1878810e+01   3.2263090e+00  -8.9390029e-02   6.8006966e-02   9.3140178e-03
   1.0450000e+03   1.1871260e+01   3.2252730e+00  -8.9427279e-02   6.8069106e-02   9.3202595e-03
   1.0460000e+03   1.1863730e+01   3.2242380e+00  -8.9464360e-02   6.8130998e-02   9.3265100e-03
   1.0470000e+03   1.1856200e+01   3.2232040e+00  -8.9501330e-02   6.8192746e-02   9.3327653e-03
   1.0480000e+03   1.1848690e+01   3.2221710e+00  -8.9538106e-02   6.8254233e-02   9.3390197e-03
   1.0490000e+03   1.1841200e+01   3.2211380e+00  -8.9574762e-02   6.8315528e-02   9.3452850e-03
   1.0500000e+03   1.1833720e+01   3.2201060e+00  -8.9611247e-02   6.8376594e-02   9.3515525e-03
   1.0510000e+03   1.1826250e+01   3.2190760e+00  -8.9647560e-02   6.8437442e-02   9.3578231e-03
   1.0520000e+03   1.1818790e+01   3.2180460e+00  -8.9683750e-02   6.8498104e-02   9.3640969e-03
   1.0530000e+03   1.1811350e+01   3.2170170e+00  -8.9719778e-02   6.8558549e-02   9.3703744e-03
   1.0540000e+03   1.1803920e+01   3.2159880e+00  -8.9755673e-02   6.8618797e-02   9.3766570e-03
   1.0550000e+03   1.1796510e+01   3.2149610e+00  -8.9791357e-02   6.8678771e-02   9.3829405e-03
   1.0560000e+03   1.1789110e+01   3.2139350e+00  -8.9826880e-02   6.8738540e-02   9.3892257e-03
   1.0570000e+03   1.1781720e+01   3.2129090e+00  -8.9862294e-02   6.8798134e-02   9.3955167e-03
   1.0580000e+03   1.1774340e+01   3.2118840e+00  -8.9897541e-02   6.8857508e-02   9.4018057e-03
   1.0590000e+03   1.1766980e+01   3.2108600e+00  -8.9932618e-02   6.8916656e-02   9.4080991e-03
   1.0600000e+03   1.1759630e+01   3.2098370e+00  -8.9967523e-02   6.8975568e-02   9.4143946e-03
   1.0610000e+03   1.1752300e+01   3.2088150e+00  -9.0002245e-02   6.9034246e-02   9.4206885e-03
   1.0620000e+03   1.1744980e+01   3.2077940e+00  -9.0036839e-02   6.9092731e-02   9.4269894e-03
   1.0630000e+03   1.1737670e+01   3.2067730e+00  -9.0071294e-02   6.9151018e-02   9.4332876e-03
   1.0640000e+03   1.1730370e+01   3.2057530e+00  -9.0105572e-02   6.9209095e-02   9.4395862e-03
   1.0650000e+03   1.1723090e+01   3.2047350e+00  -9.0139649e-02   6.9266893e-02   9.4458858e-03
   1.0660000e+03   1.1715820e+01   3.2037170e+00  -9.0173595e-02   6.9324505e-02   9.4521846e-03
   1.0670000e+03   1.1708560e+01   3.2027000e+00  -9.0207387e-02   6.9381917e-02   9.4584850e-03
   1.0680000e+03   1.1701310e+01   3.2016830e+00  -9.0241062e-02   6.9439150e-02   9.4647893e-03
   1.0690000e+03   1.1694080e+01   3.2006680e+00  -9.0274504e-02   6.9496088e-02   9.4710907e-03
   1.0700000e+03   1.1686860e+01   3.1996530e+00  -9.0307804e-02   6.9552841e-02   9.4773899e-03
   1.0710000e+03   1.1679650e+01   3.1986400e+00  -9.0340920e-02   6.9609354e-02   9.4836871e-03
   1.0720000e+03   1.1672460e+01   3.1976270e+00  -9.0373878e-02   6.9665638e-02   9.4899864e-03
   1.0730000e+03   1.1665280e+01   3.1966150e+00  -9.0406680e-02   6.9721721e-02   9.4962863e-03
   1.0740000e+03   1.1658110e+01   3.1956040e+00  -9.0439326e-02   6.9777589e-02   9.5025830e-03
   1.0750000e+03   1.1650950e+01   3.1945930e+00  -9.0471826e-02   6.9833269e-02   9.5088769e-03
   1.0760000e+03   1.1643810e+01   3.1935840e+00  -9.0504099e-02   6.9888653e-02   9.5151694e-03
   1.0770000e+03   1.1636680e+01   3.1925750e+00  -9.0536261e-02   6.9943863e-02   9.5214651e-03
   1.0780000e+03   1.1629560e+01   3.1915670e+00  -9.0568241e-02   6.9998852e-02   9.5277530e-03
   1.0790000e+03   1.1622450e+01   3.1905600e+00  -9.0600052e-02   7.0053621e-02   9.5340407e-03
   1.0800000e+03   1.1615360e+01   3.1895540e+00  -9.0631695e-02   7.0108151e-02   9.5403279e-03
   1.0810000e+03   1.1608280e+01   3.1885490e+00  -9.0663152e-02   7.0162442e-02   9.5466101e-03
   1.0820000e+03   1.1601210e+01   3.1875450e+00  -9.0694415e-02   7.0216493e-02   9.5528874e-03
   1.0830000e+03   1.1594150e+01   3.1865410e+00  -9.0725581e-02   7.0270396e-02   9.5591646e-03
   1.0840000e+03   1.1587110e+01   3.1855380e+00  -9.0756527e-02   7.0324022e-02   9.5654379e-03
   1.0850000e+03   1.1580080e+01   3.1845360e+00  -9.0787330e-02   7.0377443e-02   9.5717091e-03
   1.0860000e+03   1.1573060e+01   3.1835350e+00  -9.0817939e-02   7.0430630e-02   9.5779728e-03
   1.0870000e+03   1.1566050e+01   3.1825350e+00  -9.0848394e-02   7.0483598e-02   9.5842351e-03
   1.0880000e+03   1.1559050e+01   3.1815360e+00  -9.0878672e-02   7.0536343e-02   9.5904921e-03
   1.0890000e+03   1.1552070e+01   3.1805370e+00  -9.0908791e-02   7.0588868e-02   9.5967474e-03
   1.0900000e+03   1.1545100e+01   3.1795400e+00  -9.0938690e-02   7.0641128e-02   9.6029958e-03
   1.0910000e+03   1.1538140e+01   3.1785430e+00  -9.0968442e-02   7.0693192e-02   9.6092378e-03
   1.0920000e+03   1.1531190e+01   3.1775470e+00  -9.0998050e-02   7.0745047e-02   9.6154804e-03
   1.0930000e+03   1.1524250e+01   3.1765510e+00  -9.1027500e-02   7.0796700e-02   9.6217145e-03
   1.0940000e+03   1.1517330e+01   3.1755570e+00  -9.1056721e-02   7.0848063e-02   9.6279450e-03
   1.0950000e+03   1.1510420e+01   3.1745630e+00  -9.1085803e-02   7.0899237e-02   9.6341706e-03
   1.0960000e+03   1.1503520e+01   3.1735710e+00  -9.1114670e-02   7.0950154e-02   9.6403844e-03
   1.0970000e+03   1.1496630e+01   3.1725790e+00  -9.1143412e-02   7.1000886e-02   9.6465988e-03
   1.0980000e+03   1.1489750e+01   3.1715880e+00  -9.1171954e-02   7.1051374e-02   9.6528047e-03
   1.0990000e+03   1.1482890e+01   3.1705970e+00  -9.1200353e-02   7.1101644e-02   9.6590088e-03
   1.1000000e+03   1.1476040e+01   3.1696080e+00  -9.1228521e-02   7.1151648e-02   9.6652019e-03
   1.1010000e+03   1.1469190e+01   3.1686190e+00  -9.1256594e-02   7.1201511e-02   9.6713921e-03
   1.1020000e+03   1.1462360e+01   3.1676320e+00  -9.1284400e-02   7.1251058e-02   9.6775681e-03
   1.1030000e+03   1.1455550e+01   3.1666450e+00  -9.1312035e-02   7.1300361e-02   9.6837399e-03
   1.1040000e+03   1.1448740e+01   3.1656580e+00  -9.1339564e-02   7.1349521e-02   9.6899110e-03
   1.1050000e+03   1.1441950e+01   3.1646730e+00  -9.1366859e-02   7.1398390e-02   9.6960703e-03
   1.1060000e+03   1.1435160e+01   3.1636890e+00  -9.1393998e-02   7.1447062e-02   9.7022212e-03
   1.1070000e+03   1.1428390e+01   3.1627050e+00  -9.1420963e-02   7.1495508e-02   9.7083668e-03
   1.1080000e+03   1.1421630e+01   3.1617220e+00  -9.1447747e-02   7.1543714e-02   9.7145034e-03
   1.1090000e+03   1.1414880e+01   3.1607400e+00  -9.1474335e-02   7.1591683e-02   9.7206320e-03
   1.1100000e+03   1.1408140e+01   3.1597590e+00  -9.1500746e-02   7.1639428e-02   9.7267501e-03
   1.1110000e+03   1.1401420e+01   3.1587780e+00  -9.1526995e-02   7.1686946e-02   9.7328617e-03
   1.1120000e+03   1.1394700e+01   3.1577990e+00  -9.1553036e-02   7.1734216e-02   9.7389647e-03
   1.1130000e+03   1.1388000e+01   3.1568200e+00  -9.1578917e-02   7.1781275e-02   9.7450593e-03
   1.1140000e+03   1.1381310e+01   3.1558420e+00  -9.1604599e-02   7.1828084e-02   9.7511437e-03
   1.1150000e+03   1.1374630e+01   3.1548650e+00  -9.1630106e-02   7.1874664e-02   9.7572205e-03
   1.1160000e+03   1.1367960e+01   3.1538880e+00  -9.1655462e-02   7.1921054e-02   9.7632882e-03
   1.1170000e+03   1.1361300e+01   3.1529130e+00  -9.1680608e-02   7.1967178e-02   9.7693463e-03
   1.1180000e+03   1.1354650e+01   3.1519380e+00  -9.1705584e-02   7.2013086e-02   9.7753935e-03
   1.1190000e+03   1.1348020e+01   3.1509640e+00  -9.1730364e-02   7.2058745e-02   9.7814308e-03
   1.1200000e+03   1.1341390e+01   3.1499910e+00  -9.1754980e-02   7.2104195e-02   9.7874599e-03
   1.1210000e+03   1.1334780e+01   3.1490190e+00  -9.1779373e-02   7.2149375e-02   9.7934756e-03
   1.1220000e+03   1.1328170e+01   3.1480470e+00  -9.1803648e-02   7.2194390e-02   9.7994846e-03
   1.1230000e+03   1.1321580e+01   3.1470760e+00  -9.1827708e-02   7.2239140e-02   9.8054822e-03
   1.1240000e+03   1.1315000e+01   3.1461060e+00  -9.1851592e-02   7.2283656e-02   9.8114716e-03
   1.1250000e+03   1.1308430e+01   3.1451370e+00  -9.1875257e-02   7.2327921e-02   9.8174438e-03
   1.1260000e+03   1.1301870e+01   3.1441690e+00  -9.1898746e-02   7.2371957e-02   9.8234054e-03
   1.1270000e+03   1.1295320e+01   3.1432010e+00  -9.1922093e-02   7.2415797e-02   9.8293635e-03
   1.1280000e+03   1.1288790e+01   3.1422350e+00  -9.1945153e-02   7.2459310e-02   9.8353025e-03
   1.1290000e+03   1.1282260e+01   3.1412690e+00  -9.1968109e-02   7.2502668e-02   9.8412341e-03
   1.1300000e+03   1.1275750e+01   3.1403030e+00  -9.1990884e-02   7.2545793e-02   9.8471548e-03
   1.1310000e+03   1.1269240e+01   3.1393390e+00  -9.2013461e-02   7.2588684e-02   9.8530604e-03
   1.1320000e+03   1.1262750e+01   3.1383760e+00  -9.2035797e-02   7.2631284e-02   9.8589519e-03
   1.1330000e+03   1.1256260e+01   3.1374130e+00  -9.2058028e-02   7.2673732e-02   9.8648368e-03
   1.1340000e+03   1.1249790e+01   3.1364510e+00  -9.2080032e-02   7.2715903e-02   9.8707075e-03
   1.1350000e+03   1.1243330e+01   3.1354900e+00  -9.2101846e-02   7.2757836e-02   9.8765663e-03
   1.1360000e+03   1.1236880e+01   3.1345290e+00  -9.2123489e-02   7.2799553e-02   9.8824123e-03
   1.1370000e+03   1.1230440e+01   3.1335690e+00  -9.2144954e-02   7.2841044e-02   9.8882473e-03
   1.1380000e+03   1.1224010e+01   3.1326110e+00  -9.2166166e-02   7.2882244e-02   9.8940644e-03
   1.1390000e+03   1.1217590e+01   3.1316520e+00  -9.2187292e-02   7.2923304e-02   9.8998748e-03
   1.1400000e+03   1.1211180e+01   3.1306950e+00  -9.2208138e-02   7.2964051e-02   9.9056633e-03
   1.1410000e+03   1.1204780e+01   3.1297390e+00  -9.2228805e-02   7.3004566e-02   9.9114435e-03
   1.1420000e+03   1.1198400e+01   3.1287830e+00  -9.2249291e-02   7.3044848e-02   9.9172099e-03
   1.1430000e+03   1.1192020e+01   3.1278280e+00  -9.2269598e-02   7.3084915e-02   9.9229616e-03
   1.1440000e+03   1.1185650e+01   3.1268740e+00  -9.2289737e-02   7.3124762e-02   9.9287030e-03
   1.1450000e+03   1.1179300e+01   3.1259200e+00  -9.2309652e-02   7.3164343e-02   9.9344258e-03
   1.1460000e+03   1.1172950e+01   3.1249680e+00  -9.2329384e-02   7.3203699e-02   9.9401370e-03
   1.1470000e+03   1.1166620e+01   3.1240160e+00  -9.2348891e-02   7.3242782e-02   9.9458315e-03
   1.1480000e+03   1.1160290e+01   3.1230650e+00  -9.2368259e-02   7.3281688e-02   9.9515127e-03
   1.1490000e+03   1.1153980e+01   3.1221140e+00  -9.2387424e-02   7.3320339e-02   9.9571791e-03
   1.1500000e+03   1.1147670e+01   3.1211650e+00  -9.2406385e-02   7.3358750e-02   9.9628315e-03
   1.1510000e+03   1.1141380e+01   3.1202160e+00  -9.2425169e-02   7.3396928e-02   9.9684702e-03
   1.1520000e+03   1.1135090e+01   3.1192680e+00  -9.2443755e-02   7.3434880e-02   9.9740893e-03
   1.1530000e+03   1.1128820e+01   3.1183210e+00  -9.2462121e-02   7.3472558e-02   9.9796958e-03
   1.1540000e+03   1.1122560e+01   3.1173740e+00  -9.2480302e-02   7.3510009e-02   9.9852854e-03
   1.1550000e+03   1.1116300e+01   3.1164280e+00  -9.2498340e-02   7.3547278e-02   9.9908637e-03
   1.1560000e+03   1.1110060e+01   3.1154840e+00  -9.2516094e-02   7.3584217e-02   9.9964201e-03
   1.1570000e+03   1.1103830e+01   3.1145390e+00  -9.2533725e-02   7.3620985e-02   1.0001966e-02
   1.1580000e+03   1.1097600e+01   3.1135960e+00  -9.2551125e-02   7.3657494e-02   1.0007492e-02
   1.1590000e+03   1.1091390e+01   3.1126530e+00  -9.2568368e-02   7.3693790e-02   1.0013004e-02
   1.1600000e+03   1.1085190e+01   3.1117110e+00  -9.2585368e-02   7.3729801e-02   1.0018501e-02
   1.1610000e+03   1.1078990e+01   3.1107700e+00  -9.2602223e-02   7.3765634e-02   1.0023979e-02
   1.1620000e+03   1.1072810e+01   3.1098300e+00  -9.2618821e-02   7.3801159e-02   1.0029440e-02
   1.1630000e+03   1.1066640e+01   3.1088900e+00  -9.2635268e-02   7.3836492e-02   1.0034886e-02
   1.1640000e+03   1.1060480e+01   3.1079510e+00  -9.2651497e-02   7.3871566e-02   1.0040314e-02
   1.1650000e+03   1.1054320e+01   3.1070130e+00  -9.2667548e-02   7.3906430e-02   1.0045724e-02
   1.1660000e+03   1.1048180e+01   3.1060750e+00  -9.2683420e-02   7.3941057e-02   1.0051123e-02
   1.1670000e+03   1.1042050e+01   3.1051390e+00  -9.2699012e-02   7.3975376e-02   1.0056495e-02
   1.1680000e+03   1.1035920e+01   3.1042030e+00  -9.2714495e-02   7.4009542e-02   1.0061855e-02
   1.1690000e+03   1.1029810e+01   3.1032670e+00  -9.2729781e-02   7.4043463e-02   1.0067199e-02
   1.1700000e+03   1.1023710e+01   3.1023330e+00  -9.2744803e-02   7.4077082e-02   1.0072524e-02
   1.1710000e+03   1.1017610e+01   3.1013990e+00  -9.2759693e-02   7.4110536e-02   1.0077830e-02
   1.1720000e+03   1.1011530e+01   3.1004660e+00  -9.2774328e-02   7.4143685e-02   1.0083120e-02
   1.1730000e+03   1.1005450e+01   3.0995340e+00  -9.2788787e-02   7.4176629e-02   1.0088387e-02
   1.1740000e+03   1.0999390e+01   3.0986030e+00  -9.2803021e-02   7.4209297e-02   1.0093639e-02
   1.1750000e+03   1.0993330e+01   3.0976720e+00  -9.2817120e-02   7.4241796e-02   1.0098874e-02
   1.1760000e+03   1.0987290e+01   3.0967420e+00  -9.2830930e-02   7.4273965e-02   1.0104085e-02
   1.1770000e+03   1.0981250e+01   3.0958130e+00  -9.2844604e-02   7.4305960e-02   1.0109282e-02
   1.1780000e+03   1.0975230e+01   3.0948840e+00  -9.2858051e-02   7.4337684e-02   1.0114458e-02
   1.1790000e+03   1.0969210e+01   3.0939560e+00  -9.2871356e-02   7.4369224e-02   1.0119621e-02
   1.1800000e+03   1.0963200e+01   3.0930290e+00  -9.2884410e-02   7.4400483e-02   1.0124760e-02
   1.1810000e+03   1.0957210e+01   3.0921030e+00  -9.2897246e-02   7.4431474e-02   1.0129881e-02
   1.1820000e+03   1.0951220e+01   3.0911770e+00  -9.2909902e-02   7.4462257e-02   1.0134980e-02
   1.1830000e+03   1.0945240e+01   3.0902520e+00  -9.2922375e-02   7.4492812e-02   1.0140064e-02
   1.1840000e+03   1.0939270e+01   3.0893280e+00  -9.2934626e-02   7.4523111e-02   1.0145125e-02
   1.1850000e+03   1.0933310e+01   3.0884040e+00  -9.2946707e-02   7.4553201e-02   1.0150168e-02
   1.1860000e+03   1.0927360e+01   3.0874820e+00  -9.2958539e-02   7.4583000e-02   1.0155189e-02
   1.1870000e+03   1.0921420e+01   3.0865600e+00  -9.2970188e-02   7.4612578e-02   1.0160195e-02
   1.1880000e+03   1.0915490e+01   3.0856380e+00  -9.2981662e-02   7.4641941e-02   1.0165179e-02
   1.1890000e+03   1.0909570e+01   3.0847180e+00  -9.2992881e-02   7.4671018e-02   1.0170137e-02
   1.1900000e+03   1.0903660e+01   3.0837980e+00  -9.3003927e-02   7.4699878e-02   1.0175081e-02
   1.1910000e+03   1.0897750e+01   3.0828790e+00  -9.3014782e-02   7.4728518e-02   1.0180004e-02
   1.1920000e+03   1.0891860e+01   3.0819600e+00  -9.3025424e-02   7.4756900e-02   1.0184905e-02
   1.1930000e+03   1.0885980e+01   3.0810420e+00  -9.3035843e-02   7.4785021e-02   1.0189787e-02
   1.1940000e+03   1.0880100e+01   3.0801250e+00  -9.3046099e-02   7.4812949e-02   1.0194646e-02
   1.1950000e+03   1.0874230e+01   3.0792090e+00  -9.3056106e-02   7.4840595e-02   1.0199483e-02
   1.1960000e+03   1.0868380e+01   3.0782930e+00  -9.3065935e-02   7.4868013e-02   1.0204302e-02
   1.1970000e+03   1.0862530e+01   3.0773790e+00  -9.3075521e-02   7.4895163e-02   1.0209096e-02
   1.1980000e+03   1.0856690e+01   3.0764640e+00  -9.3084973e-02   7.4922138e-02   1.0213873e-02
   1.1990000e+03   1.0850860e+01   3.0755510e+00  -9.3094181e-02   7.4948833e-02   1.0218626e-02
   1.2000000e+03   1.0845040e+01   3.0746380e+00  -9.3103187e-02   7.4975288e-02   1.0223362e-02
   1.2010000e+03   1.0839230e+01   3.0737260e+00  -9.3111991e-02   7.5001508e-02   1.0228072e-02
   1.2020000e+03   1.0833430e+01   3.0728150e+00  -9.3120533e-02   7.5027431e-02   1.0232759e-02
   1.2030000e+03   1.0827640e+01   3.0719040e+00  -9.3128935e-02   7.5053173e-02   1.0237428e-02
   1.2040000e+03   1.0821860e+01   3.0709940e+00  -9.3137098e-02   7.5078649e-02   1.0242069e-02
   1.2050000e+03   1.0816080e+01   3.0700840e+00  -9.3145139e-02   7.5103958e-02   1.0246699e-02
   1.2060000e+03   1.0810320e+01   3.0691760e+00  -9.3152860e-02   7.5128916e-02   1.0251298e-02
   1.2070000e+03   1.0804560e+01   3.0682680e+00  -9.3160462e-02   7.5153725e-02   1.0255877e-02
   1.2080000e+03   1.0798810e+01   3.0673610e+00  -9.3167789e-02   7.5178228e-02   1.0260430e-02
   1.2090000e+03   1.0793070e+01   3.0664540e+00  -9.3174971e-02   7.5202543e-02   1.0264966e-02
   1.2100000e+03   1.0787340e+01   3.0655480e+00  -9.3181926e-02   7.5226599e-02   1.0269477e-02
   1.2110000e+03   1.0781620e+01   3.0646430e+00  -9.3188683e-02   7.5250417e-02   1.0273969e-02
   1.2120000e+03   1.0775910e+01   3.0637390e+00  -9.3195171e-02   7.5273940e-02   1.0278433e-02
   1.2130000e+03   1.0770210e+01   3.0628350e+00  -9.3201510e-02   7.5297272e-02   1.0282877e-02
   1.2140000e+03   1.0764510e+01   3.0619320e+00  -9.3207618e-02   7.5320355e-02   1.0287292e-02
   1.2150000e+03   1.0758830e+01   3.0610290e+00  -9.3213536e-02   7.5343199e-02   1.0291691e-02
   1.2160000e+03   1.0753150e+01   3.0601270e+00  -9.3219262e-02   7.5365824e-02   1.0296066e-02
   1.2170000e+03   1.0747490e+01   3.0592260e+00  -9.3224712e-02   7.5388137e-02   1.0300414e-02
   1.2180000e+03   1.0741830e+01   3.0583260e+00  -9.3230013e-02   7.5410269e-02   1.0304742e-02
   1.2190000e+03   1.0736180e+01   3.0574260e+00  -9.3235077e-02   7.5432135e-02   1.0309042e-02
   1.2200000e+03   1.0730540e+01   3.0565270e+00  -9.3239952e-02   7.5453773e-02   1.0313324e-02
   1.2210000e+03   1.0724900e+01   3.0556290e+00  -9.3244630e-02   7.5475191e-02   1.0317578e-02
   1.2220000e+03   1.0719280e+01   3.0547310e+00  -9.3249085e-02   7.5496346e-02   1.0321810e-02
   1.2230000e+03   1.0713670e+01   3.0538340e+00  -9.3253316e-02   7.5517236e-02   1.0326022e-02
   1.2240000e+03   1.0708060e+01   3.0529380e+00  -9.3257337e-02   7.5537904e-02   1.0330200e-02
   1.2250000e+03   1.0702460e+01   3.0520420e+00  -9.3261198e-02   7.5558366e-02   1.0334363e-02
   1.2260000e+03   1.0696870e+01   3.0511470e+00  -9.3264796e-02   7.5578544e-02   1.0338494e-02
   1.2270000e+03   1.0691290e+01   3.0502520e+00  -9.3268224e-02   7.5598512e-02   1.0342607e-02
   1.2280000e+03   1.0685720e+01   3.0493590e+00  -9.3271406e-02   7.5618205e-02   1.0346691e-02
   1.2290000e+03   1.0680160e+01   3.0484660e+00  -9.3274375e-02   7.5637650e-02   1.0350754e-02
   1.2300000e+03   1.0674600e+01   3.0475730e+00  -9.3277178e-02   7.5656906e-02   1.0354791e-02
   1.2310000e+03   1.0669060e+01   3.0466820e+00  -9.3279701e-02   7.5675841e-02   1.0358802e-02
   1.2320000e+03   1.0663520e+01   3.0457900e+00  -9.3282116e-02   7.5694642e-02   1.0362793e-02
   1.2330000e+03   1.0657990e+01   3.0449000e+00  -9.3284237e-02   7.5713124e-02   1.0366751e-02
   1.2340000e+03   1.0652470e+01   3.0440100e+00  -9.3286183e-02   7.5731394e-02   1.0370691e-02
   1.2350000e+03   1.0646960e+01   3.0431210e+00  -9.3287913e-02   7.5749412e-02   1.0374606e-02
   1.2360000e+03   1.0641450e+01   3.0422330e+00  -9.3289414e-02   7.5767190e-02   1.0378487e-02
   1.2370000e+03   1.0635960e+01   3.0413450e+00  -9.3290708e-02   7.5784716e-02   1.0382349e-02
   1.2380000e+03   1.0630470e+01   3.0404580e+00  -9.3291806e-02   7.5802022e-02   1.0386185e-02
   1.2390000e+03   1.0624990e+01   3.0395710e+00  -9.3292746e-02   7.5819135e-02   1.0389999e-02
   1.2400000e+03   1.0619520e+01   3.0386850e+00  -9.3293416e-02   7.5835947e-02   1.0393787e-02
   1.2410000e+03   1.0614060e+01   3.0378000e+00  -9.3293863e-02   7.5852513e-02   1.0397543e-02
   1.2420000e+03   1.0608610e+01   3.0369150e+00  -9.3294095e-02   7.5868834e-02   1.0401276e-02
   1.2430000e+03   1.0603160e+01   3.0360310e+00  -9.3294159e-02   7.5884959e-02   1.0404984e-02
   1.2440000e+03   1.0597730e+01   3.0351480e+00  -9.3293968e-02   7.5900792e-02   1.0408667e-02
   1.2450000e+03   1.0592300e+01   3.0342650e+00  -9.3293595e-02   7.5916422e-02   1.0412323e-02
   1.2460000e+03   1.0586880e+01   3.0333830e+00  -9.3293022e-02   7.5931818e-02   1.0415955e-02
   1.2470000e+03   1.0581470e+01   3.0325020e+00  -9.3292162e-02   7.5946908e-02   1.0419553e-02
   1.2480000e+03   1.0576060e+01   3.0316210e+00  -9.3291164e-02   7.5961832e-02   1.0423130e-02
   1.2490000e+03   1.0570670e+01   3.0307410e+00  -9.3289936e-02   7.5976482e-02   1.0426684e-02
   1.2500000e+03   1.0565280e+01   3.0298620e+00  -9.3288481e-02   7.5990890e-02   1.0430208e-02
   1.2510000e+03   1.0559900e+01   3.0289830e+00  -9.3286849e-02   7.6005091e-02   1.0433705e-02
   1.2520000e+03   1.0554530e+01   3.0281040e+00  -9.3284987e-02   7.6019032e-02   1.0437179e-02
   1.2530000e+03   1.0549170e+01   3.0272270e+00  -9.3282859e-02   7.6032684e-02   1.0440619e-02
   1.2540000e+03   1.0543810e+01   3.0263500e+00  -9.3280612e-02   7.6046188e-02   1.0444039e-02
   1.2550000e+03   1.0538470e+01   3.0254730e+00  -9.3278096e-02   7.6059389e-02   1.0447433e-02
   1.2560000e+03   1.0533130e+01   3.0245980e+00  -9.3275362e-02   7.6072352e-02   1.0450795e-02
   1.2570000e+03   1.0527800e+01   3.0237230e+00  -9.3272429e-02   7.6085089e-02   1.0454132e-02
   1.2580000e+03   1.0522480e+01   3.0228480e+00  -9.3269310e-02   7.6097610e-02   1.0457443e-02
   1.2590000e+03   1.0517160e+01   3.0219740e+00  -9.3265976e-02   7.6109896e-02   1.0460726e-02
   1.2600000e+03   1.0511860e+01   3.0211010e+00  -9.3262382e-02   7.6121886e-02   1.0463983e-02
   1.2610000e+03   1.0506560e+01   3.0202280e+00  -9.3258604e-02   7.6133674e-02   1.0467211e-02
   1.2620000e+03   1.0501270e+01   3.0193560e+00  -9.3254603e-02   7.6145214e-02   1.0470408e-02
   1.2630000e+03   1.0495990e+01   3.0184850e+00  -9.3250375e-02   7.6156497e-02   1.0473581e-02
   1.2640000e+03   1.0490710e+01   3.0176140e+00  -9.3245996e-02   7.6167602e-02   1.0476731e-02
   1.2650000e+03   1.0485450e+01   3.0167440e+00  -9.3241314e-02   7.6178382e-02   1.0479844e-02
   1.2660000e+03   1.0480190e+01   3.0158740e+00  -9.3236499e-02   7.6188999e-02   1.0482939e-02
   1.2670000e+03   1.0474940e+01   3.0150050e+00  -9.3231441e-02   7.6199350e-02   1.0486002e-02
   1.2680000e+03   1.0469700e+01   3.0141370e+00  -9.3226151e-02   7.6209439e-02   1.0489039e-02
   1.2690000e+03   1.0464460e+01   3.0132690e+00  -9.3220679e-02   7.6219336e-02   1.0492041e-02
   1.2700000e+03   1.0459230e+01   3.0124020e+00  -9.3214994e-02   7.6228986e-02   1.0495021e-02
   1.2710000e+03   1.0454020e+01   3.0115350e+00  -9.3209080e-02   7.6238373e-02   1.0497976e-02
   1.2720000e+03   1.0448810e+01   3.0106690e+00  -9.3202943e-02   7.6247524e-02   1.0500896e-02
   1.2730000e+03   1.0443600e+01   3.0098040e+00  -9.3196629e-02   7.6256473e-02   1.0503793e-02
   1.2740000e+03   1.0438410e+01   3.0089390e+00  -9.3190072e-02   7.6265149e-02   1.0506659e-02
   1.2750000e+03   1.0433220e+01   3.0080750e+00  -9.3183302e-02   7.6273591e-02   1.0509500e-02
   1.2760000e+03   1.0428040e+01   3.0072110e+00  -9.3176339e-02   7.6281817e-02   1.0512309e-02
   1.2770000e+03   1.0422870e+01   3.0063480e+00  -9.3169127e-02   7.6289772e-02   1.0515089e-02
   1.2780000e+03   1.0417700e+01   3.0054860e+00  -9.3161731e-02   7.6297519e-02   1.0517844e-02
   1.2790000e+03   1.0412550e+01   3.0046240e+00  -9.3154100e-02   7.6305002e-02   1.0520567e-02
   1.2800000e+03   1.0407400e+01   3.0037630e+00  -9.3146247e-02   7.6312246e-02   1.0523262e-02
   1.2810000e+03   1.0402260e+01   3.0029020e+00  -9.3138194e-02   7.6319266e-02   1.0525928e-02
   1.2820000e+03   1.0397130e+01   3.0020420e+00  -9.3129935e-02   7.6326048e-02   1.0528570e-02
   1.2830000e+03   1.0392000e+01   3.0011830e+00  -9.3121460e-02   7.6332605e-02   1.0531178e-02
   1.2840000e+03   1.0386880e+01   3.0003240e+00  -9.3112772e-02   7.6338922e-02   1.0533759e-02
   1.2850000e+03   1.0381770e+01   2.9994660e+00  -9.3103868e-02   7.6344993e-02   1.0536312e-02
   1.2860000e+03   1.0376670e+01   2.9986080e+00  -9.3094742e-02   7.6350827e-02   1.0538833e-02
   1.2870000e+03   1.0371580e+01   2.9977510e+00  -9.3085376e-02   7.6356390e-02   1.0541330e-02
   1.2880000e+03   1.0366490e+01   2.9968940e+00  -9.3075865e-02   7.6361795e-02   1.0543793e-02
   1.2890000e+03   1.0361410e+01   2.9960380e+00  -9.3066115e-02   7.6366935e-02   1.0546229e-02
   1.2900000e+03   1.0356340e+01   2.9951830e+00  -9.3056127e-02   7.6371813e-02   1.0548637e-02
   1.2910000e+03   1.0351270e+01   2.9943280e+00  -9.3045979e-02   7.6376515e-02   1.0551015e-02
   1.2920000e+03   1.0346210e+01   2.9934740e+00  -9.3035570e-02   7.6380933e-02   1.0553364e-02
   1.2930000e+03   1.0341170e+01   2.9926200e+00  -9.3024912e-02   7.6385081e-02   1.0555677e-02
   1.2940000e+03   1.0336120e+01   2.9917670e+00  -9.3014115e-02   7.6389069e-02   1.0557968e-02
   1.2950000e+03   1.0331090e+01   2.9909140e+00  -9.3003073e-02   7.6392787e-02   1.0560228e-02
   1.2960000e+03   1.0326060e+01   2.9900620e+00  -9.2991848e-02   7.6396297e-02   1.0562463e-02
   1.2970000e+03   1.0321040e+01   2.9892110e+00  -9.2980339e-02   7.6399516e-02   1.0564659e-02
   1.2980000e+03   1.0316030e+01   2.9883600e+00  -9.2968664e-02   7.6402536e-02   1.0566832e-02
   1.2990000e+03   1.0311030e+01   2.9875100e+00  -9.2956732e-02   7.6405284e-02   1.0568969e-02
   1.3000000e+03   1.0306030e+01   2.9866600e+00  -9.2944662e-02   7.6407869e-02   1.0571085e-02
   1.3010000e+03   1.0301040e+01   2.9858110e+00  -9.2932310e-02   7.6410160e-02   1.0573163e-02
   1.3020000e+03   1.0296060e+01   2.9849620e+00  -9.2919813e-02   7.6412271e-02   1.0575222e-02
   1.3030000e+03   1.0291080e+01   2.9841140e+00  -9.2907073e-02   7.6414131e-02   1.0577244e-02
   1.3040000e+03   1.0286110e+01   2.9832670e+00  -9.2894076e-02   7.6415722e-02   1.0579231e-02
   1.3050000e+03   1.0281150e+01   2.9824200e+00  -9.2880904e-02   7.6417107e-02   1.0581193e-02
   1.3060000e+03   1.0276200e+01   2.9815730e+00  -9.2867517e-02   7.6418255e-02   1.0583128e-02
   1.3070000e+03   1.0271250e+01   2.9807280e+00  -9.2853909e-02   7.6419170e-02   1.0585028e-02
   1.3080000e+03   1.0266320e+01   2.9798820e+00  -9.2840104e-02   7.6419859e-02   1.0586901e-02
   1.3090000e+03   1.0261390e+01   2.9790380e+00  -9.2826031e-02   7.6420264e-02   1.0588744e-02
   1.3100000e+03   1.0256460e+01   2.9781930e+00  -9.2811837e-02   7.6420535e-02   1.0590557e-02
   1.3110000e+03   1.0251540e+01   2.9773500e+00  -9.2797373e-02   7.6420519e-02   1.0592334e-02
   1.3120000e+03   1.0246640e+01   2.9765070e+00  -9.2782662e-02   7.6420227e-02   1.0594086e-02
   1.3130000e+03   1.0241730e+01   2.9756640e+00  -9.2767819e-02   7.6419792e-02   1.0595809e-02
   1.3140000e+03   1.0236840e+01   2.9748220e+00  -9.2752687e-02   7.6419048e-02   1.0597497e-02
   1.3150000e+03   1.0231950e+01   2.9739810e+00  -9.2737373e-02   7.6418107e-02   1.0599154e-02
   1.3160000e+03   1.0227070e+01   2.9731400e+00  -9.2721846e-02   7.6416932e-02   1.0600783e-02
   1.3170000e+03   1.0222200e+01   2.9722990e+00  -9.2706146e-02   7.6415554e-02   1.0602389e-02
   1.3180000e+03   1.0217330e+01   2.9714600e+00  -9.2690179e-02   7.6413908e-02   1.0603953e-02
   1.3190000e+03   1.0212470e+01   2.9706200e+00  -9.2674053e-02   7.6412077e-02   1.0605493e-02
   1.3200000e+03   1.0207620e+01   2.9697820e+00  -9.2657624e-02   7.6409932e-02   1.0606995e-02
   1.3210000e+03   1.0202780e+01   2.9689430e+00  -9.2641066e-02   7.6407628e-02   1.0608477e-02
   1.3220000e+03   1.0197940e+01   2.9681060e+00  -9.2624242e-02   7.6405052e-02   1.0609920e-02
   1.3230000e+03   1.0193110e+01   2.9672680e+00  -9.2607256e-02   7.6402292e-02   1.0611337e-02
   1.3240000e+03   1.0188290e+01   2.9664320e+00  -9.2589995e-02   7.6399241e-02   1.0612719e-02
   1.3250000e+03   1.0183470e+01   2.9655960e+00  -9.2572576e-02   7.6396016e-02   1.0614074e-02
   1.3260000e+03   1.0178660e+01   2.9647600e+00  -9.2554937e-02   7.6392554e-02   1.0615397e-02
   1.3270000e+03   1.0173860e+01   2.9639250e+00  -9.2537080e-02   7.6388856e-02   1.0616688e-02
   1.3280000e+03   1.0169060e+01   2.9630910e+00  -9.2519001e-02   7.6384921e-02   1.0617950e-02
   1.3290000e+03   1.0164280e+01   2.9622570e+00  -9.2500676e-02   7.6380719e-02   1.0619178e-02
   1.3300000e+03   1.0159500e+01   2.9614230e+00  -9.2482211e-02   7.6376362e-02   1.0620379e-02
   1.3310000e+03   1.0154720e+01   2.9605900e+00  -9.2463524e-02   7.6371771e-02   1.0621549e-02
   1.3320000e+03   1.0149950e+01   2.9597580e+00  -9.2444590e-02   7.6366924e-02   1.0622680e-02
   1.3330000e+03   1.0145190e+01   2.9589260e+00  -9.2425473e-02   7.6361864e-02   1.0623789e-02
   1.3340000e+03   1.0140440e+01   2.9580940e+00  -9.2406153e-02   7.6356585e-02   1.0624868e-02
   1.3350000e+03   1.0135700e+01   2.9572640e+00  -9.2386516e-02   7.6350979e-02   1.0625909e-02
   1.3360000e+03   1.0130960e+01   2.9564330e+00  -9.2366801e-02   7.6345275e-02   1.0626924e-02
   1.3370000e+03   1.0126220e+01   2.9556030e+00  -9.2346853e-02   7.6339332e-02   1.0627904e-02
   1.3380000e+03   1.0121500e+01   2.9547740e+00  -9.2326653e-02   7.6333108e-02   1.0628858e-02
   1.3390000e+03   1.0116780e+01   2.9539450e+00  -9.2306245e-02   7.6326679e-02   1.0629771e-02
   1.3400000e+03   1.0112070e+01   2.9531170e+00  -9.2285650e-02   7.6320029e-02   1.0630665e-02
   1.3410000e+03   1.0107360e+01   2.9522890e+00  -9.2264833e-02   7.6313156e-02   1.0631520e-02
   1.3420000e+03   1.0102670e+01   2.9514620e+00  -9.2243775e-02   7.6306017e-02   1.0632345e-02
   1.3430000e+03   1.0097980e+01   2.9506350e+00  -9.2222532e-02   7.6298686e-02   1.0633137e-02
   1.3440000e+03   1.0093290e+01   2.9498090e+00  -9.2201103e-02   7.6291150e-02   1.0633904e-02
   1.3450000e+03   1.0088610e+01   2.9489830e+00  -9.2179438e-02   7.6283374e-02   1.0634630e-02
   1.3460000e+03   1.0083940e+01   2.9481580e+00  -9.2157580e-02   7.6275379e-02   1.0635332e-02
   1.3470000e+03   1.0079280e+01   2.9473330e+00  -9.2135475e-02   7.6267124e-02   1.0636000e-02
   1.3480000e+03   1.0074620e+01   2.9465090e+00  -9.2113187e-02   7.6258675e-02   1.0636638e-02
   1.3490000e+03   1.0069970e+01   2.9456850e+00  -9.2090721e-02   7.6250029e-02   1.0637247e-02
   1.3500000e+03   1.0065330e+01   2.9448610e+00  -9.2068045e-02   7.6241157e-02   1.0637824e-02
   1.3510000e+03   1.0060690e+01   2.9440390e+00  -9.2045100e-02   7.6232012e-02   1.0638366e-02
   1.3520000e+03   1.0056060e+01   2.9432160e+00  -9.2021990e-02   7.6222686e-02   1.0638876e-02
   1.3530000e+03   1.0051440e+01   2.9423950e+00  -9.1998609e-02   7.6213076e-02   1.0639353e-02
   1.3540000e+03   1.0046820e+01   2.9415730e+00  -9.1975109e-02   7.6203330e-02   1.0639805e-02
   1.3550000e+03   1.0042210e+01   2.9407520e+00  -9.1951382e-02   7.6193347e-02   1.0640221e-02
   1.3560000e+03   1.0037610e+01   2.9399320e+00  -9.1927394e-02   7.6183084e-02   1.0640609e-02
   1.3570000e+03   1.0033010e+01   2.9391120e+00  -9.1903270e-02   7.6172674e-02   1.0640965e-02
   1.3580000e+03   1.0028420e+01   2.9382930e+00  -9.1878849e-02   7.6161962e-02   1.0641284e-02
   1.3590000e+03   1.0023840e+01   2.9374740e+00  -9.1854282e-02   7.6151080e-02   1.0641577e-02
   1.3600000e+03   1.0019270e+01   2.9366560e+00  -9.1829426e-02   7.6139907e-02   1.0641829e-02
   1.3610000e+03   1.0014700e+01   2.9358380e+00  -9.1804441e-02   7.6128584e-02   1.0642060e-02
   1.3620000e+03   1.0010130e+01   2.9350210e+00  -9.1779261e-02   7.6117057e-02   1.0642257e-02
   1.3630000e+03   1.0005580e+01   2.9342040e+00  -9.1753834e-02   7.6105267e-02   1.0642422e-02
   1.3640000e+03   1.0001030e+01   2.9333870e+00  -9.1728236e-02   7.6093296e-02   1.0642557e-02
