   3.3000000e+01   2.4478970e+02   4.8814570e+00  -1.9754955e-03   6.0679484e-04   3.7495425e-04
   3.4000000e+01   2.3952760e+02   4.8440960e+00  -2.3584738e-03   6.2727089e-04   3.8720848e-04
   3.5000000e+01   2.3448900e+02   4.8088000e+00  -2.7450944e-03   6.4778676e-04   3.9947305e-04
   3.6000000e+01   2.2965780e+02   4.7754400e+00  -3.1350555e-03   6.6833883e-04   4.1174559e-04
   3.7000000e+01   2.2501990e+02   4.7438970e+00  -3.5280815e-03   6.8892345e-04   4.2402387e-04
   3.8000000e+01   2.2056270e+02   4.7140540e+00  -3.9239123e-03   7.0953955e-04   4.3630713e-04
   3.9000000e+01   2.1627500e+02   4.6858040e+00  -4.3222968e-03   7.3018579e-04   4.4859456e-04
   4.0000000e+01   2.1214640e+02   4.6590440e+00  -4.7229783e-03   7.5086228e-04   4.6088603e-04
   4.1000000e+01   2.0816780e+02   4.6336790e+00  -5.1257164e-03   7.7156943e-04   4.7318177e-04
   4.2000000e+01   2.0433070e+02   4.6096180e+00  -5.5302713e-03   7.9230801e-04   4.8548208e-04
   4.3000000e+01   2.0062750e+02   4.5867790e+00  -5.9364053e-03   8.1307874e-04   4.9778739e-04
   4.4000000e+01   1.9705100e+02   4.5650840e+00  -6.3438695e-03   8.3388276e-04   5.1009821e-04
   4.5000000e+01   1.9359490e+02   4.5444600e+00  -6.7524459e-03   8.5472095e-04   5.2241510e-04
   4.6000000e+01   1.9025300e+02   4.5248390e+00  -7.1618950e-03   8.7559484e-04   5.3473876e-04
   4.7000000e+01   1.8701970e+02   4.5061590e+00  -7.5719851e-03   8.9650545e-04   5.4706969e-04
   4.8000000e+01   1.8388990e+02   4.4883610e+00  -7.9824970e-03   9.1745357e-04   5.5940834e-04
   4.9000000e+01   1.8085880e+02   4.4713910e+00  -8.3932146e-03   9.3843979e-04   5.7175499e-04
   5.0000000e+01   1.7792170e+02   4.4551990e+00  -8.8039142e-03   9.5946575e-04   5.8411039e-04
   5.1000000e+01   1.7507450e+02   4.4397380e+00  -9.2143911e-03   9.8053153e-04   5.9647458e-04
   5.2000000e+01   1.7231310e+02   4.4249640e+00  -9.6244498e-03   1.0016377e-03   6.0884770e-04
   5.3000000e+01   1.6963390e+02   4.4108380e+00  -1.0033884e-02   1.0227837e-03   6.2122946e-04
   5.4000000e+01   1.6703320e+02   4.3973210e+00  -1.0442499e-02   1.0439716e-03   6.3362070e-04
   5.5000000e+01   1.6450780e+02   4.3843780e+00  -1.0850129e-02   1.0652000e-03   6.4602070e-04
   5.6000000e+01   1.6205450e+02   4.3719780e+00  -1.1256580e-02   1.0864691e-03   6.5842929e-04
   5.7000000e+01   1.5967030e+02   4.3600890e+00  -1.1661686e-02   1.1077792e-03   6.7084659e-04
   5.8000000e+01   1.5735250e+02   4.3486840e+00  -1.2065298e-02   1.1291291e-03   6.8327176e-04
   5.9000000e+01   1.5509840e+02   4.3377360e+00  -1.2467253e-02   1.1505191e-03   6.9570490e-04
   6.0000000e+01   1.5290550e+02   4.3272210e+00  -1.2867399e-02   1.1719481e-03   7.0814517e-04
   6.1000000e+01   1.5077130e+02   4.3171160e+00  -1.3265608e-02   1.1934157e-03   7.2059211e-04
   6.2000000e+01   1.4869360e+02   4.3074000e+00  -1.3661736e-02   1.2149209e-03   7.3304499e-04
   6.3000000e+01   1.4667030e+02   4.2980520e+00  -1.4055666e-02   1.2364634e-03   7.4550367e-04
   6.4000000e+01   1.4469920e+02   4.2890540e+00  -1.4447270e-02   1.2580416e-03   7.5796669e-04
   6.5000000e+01   1.4277850e+02   4.2803890e+00  -1.4836456e-02   1.2796544e-03   7.7043367e-04
   6.6000000e+01   1.4090640e+02   4.2720390e+00  -1.5223106e-02   1.3013014e-03   7.8290415e-04
   6.7000000e+01   1.3908090e+02   4.2639910e+00  -1.5607116e-02   1.3229811e-03   7.9537688e-04
   6.8000000e+01   1.3730050e+02   4.2562280e+00  -1.5988419e-02   1.3446926e-03   8.0785130e-04
   6.9000000e+01   1.3556350e+02   4.2487380e+00  -1.6366905e-02   1.3664345e-03   8.2032640e-04
   7.0000000e+01   1.3386840e+02   4.2415090e+00  -1.6742518e-02   1.3882053e-03   8.3280111e-04
   7.1000000e+01   1.3221370e+02   4.2345280e+00  -1.7115170e-02   1.4100043e-03   8.4527498e-04
   7.2000000e+01   1.3059810e+02   4.2277830e+00  -1.7484805e-02   1.4318299e-03   8.5774679e-04
   7.3000000e+01   1.2902010e+02   4.2212650e+00  -1.7851351e-02   1.4536806e-03   8.7021547e-04
   7.4000000e+01   1.2747860e+02   4.2149630e+00  -1.8214764e-02   1.4755554e-03   8.8268054e-04
   7.5000000e+01   1.2597230e+02   4.2088680e+00  -1.8575003e-02   1.4974529e-03   8.9514079e-04
   7.6000000e+01   1.2450010e+02   4.2029720e+00  -1.8932010e-02   1.5193699e-03   9.0759457e-04
   7.7000000e+01   1.2306070e+02   4.1972640e+00  -1.9285741e-02   1.5413092e-03   9.2004260e-04
   7.8000000e+01   1.2165320e+02   4.1917390e+00  -1.9636176e-02   1.5632652e-03   9.3248214e-04
   7.9000000e+01   1.2027650e+02   4.1863880e+00  -1.9983279e-02   1.5852390e-03   9.4491334e-04
   8.0000000e+01   1.1892970e+02   4.1812040e+00  -2.0327019e-02   1.6072289e-03   9.5733538e-04
   8.1000000e+01   1.1761170e+02   4.1761810e+00  -2.0667374e-02   1.6292329e-03   9.6974649e-04
   8.2000000e+01   1.1632180e+02   4.1713110e+00  -2.1004345e-02   1.6512497e-03   9.8214622e-04
   8.3000000e+01   1.1505890e+02   4.1665900e+00  -2.1337890e-02   1.6732787e-03   9.9453351e-04
   8.4000000e+01   1.1382240e+02   4.1620110e+00  -2.1668025e-02   1.6953188e-03   1.0069082e-03
   8.5000000e+01   1.1261130e+02   4.1575680e+00  -2.1994717e-02   1.7173688e-03   1.0192689e-03
   8.6000000e+01   1.1142500e+02   4.1532570e+00  -2.2317991e-02   1.7394258e-03   1.0316142e-03
   8.7000000e+01   1.1026260e+02   4.1490730e+00  -2.2637819e-02   1.7614910e-03   1.0439443e-03
   8.8000000e+01   1.0912360e+02   4.1450110e+00  -2.2954230e-02   1.7835623e-03   1.0562583e-03
   8.9000000e+01   1.0800710e+02   4.1410670e+00  -2.3267202e-02   1.8056370e-03   1.0685540e-03
   9.0000000e+01   1.0691250e+02   4.1372350e+00  -2.3576757e-02   1.8277170e-03   1.0808322e-03
   9.1000000e+01   1.0583930e+02   4.1335130e+00  -2.3882915e-02   1.8497983e-03   1.0930912e-03
   9.2000000e+01   1.0478680e+02   4.1298960e+00  -2.4185674e-02   1.8718819e-03   1.1053311e-03
   9.3000000e+01   1.0375440e+02   4.1263810e+00  -2.4485050e-02   1.8939665e-03   1.1175507e-03
   9.4000000e+01   1.0274160e+02   4.1229630e+00  -2.4781079e-02   1.9160501e-03   1.1297492e-03
   9.5000000e+01   1.0174770e+02   4.1196410e+00  -2.5073734e-02   1.9381332e-03   1.1419260e-03
   9.6000000e+01   1.0077240e+02   4.1164100e+00  -2.5363092e-02   1.9602138e-03   1.1540808e-03
   9.7000000e+01   9.9811760e+01   4.1134020e+00  -2.5643150e-02   1.9824658e-03   1.1663435e-03
   9.8000000e+01   9.8872010e+01   4.1103410e+00  -2.5926045e-02   2.0045382e-03   1.1784510e-03
   9.9000000e+01   9.7949300e+01   4.1073630e+00  -2.6205682e-02   2.0266063e-03   1.1905345e-03
   1.0000000e+02   9.7043160e+01   4.1044640e+00  -2.6482093e-02   2.0486689e-03   1.2025932e-03
   1.0100000e+02   9.6153170e+01   4.1016430e+00  -2.6755304e-02   2.0707262e-03   1.2146271e-03
   1.0200000e+02   9.5278890e+01   4.0988960e+00  -2.7025338e-02   2.0927776e-03   1.2266357e-03
   1.0300000e+02   9.4419920e+01   4.0962220e+00  -2.7292228e-02   2.1148213e-03   1.2386179e-03
   1.0400000e+02   9.3575880e+01   4.0936180e+00  -2.7556005e-02   2.1368577e-03   1.2505740e-03
   1.0500000e+02   9.2746370e+01   4.0910810e+00  -2.7816693e-02   2.1588871e-03   1.2625035e-03
   1.0600000e+02   9.1931040e+01   4.0886100e+00  -2.8074340e-02   2.1809067e-03   1.2744052e-03
   1.0700000e+02   9.1129530e+01   4.0862020e+00  -2.8328962e-02   2.2029185e-03   1.2862797e-03
   1.0800000e+02   9.0341500e+01   4.0838560e+00  -2.8580603e-02   2.2249205e-03   1.2981263e-03
   1.0900000e+02   8.9566600e+01   4.0815700e+00  -2.8829291e-02   2.2469122e-03   1.3099440e-03
   1.1000000e+02   8.8804540e+01   4.0793410e+00  -2.9075061e-02   2.2688955e-03   1.3217340e-03
   1.1100000e+02   8.8054980e+01   4.0771690e+00  -2.9317949e-02   2.2908660e-03   1.3334938e-03
   1.1200000e+02   8.7317640e+01   4.0750500e+00  -2.9557989e-02   2.3128279e-03   1.3452255e-03
   1.1300000e+02   8.6592220e+01   4.0729840e+00  -2.9795212e-02   2.3347786e-03   1.3569274e-03
   1.1400000e+02   8.5878440e+01   4.0709700e+00  -3.0029654e-02   2.3567162e-03   1.3685988e-03
   1.1500000e+02   8.5176020e+01   4.0690040e+00  -3.0261348e-02   2.3786454e-03   1.3802416e-03
   1.1600000e+02   8.4484710e+01   4.0670870e+00  -3.0490348e-02   2.4005609e-03   1.3918530e-03
   1.1700000e+02   8.3804240e+01   4.0652160e+00  -3.0716667e-02   2.4224651e-03   1.4034343e-03
   1.1800000e+02   8.3134360e+01   4.0633900e+00  -3.0940347e-02   2.4443572e-03   1.4149847e-03
   1.1900000e+02   8.2474840e+01   4.0616090e+00  -3.1161413e-02   2.4662372e-03   1.4265044e-03
   1.2000000e+02   8.1825440e+01   4.0598690e+00  -3.1379919e-02   2.4881065e-03   1.4379938e-03
   1.2100000e+02   8.1185940e+01   4.0581710e+00  -3.1595893e-02   2.5099617e-03   1.4494510e-03
   1.2200000e+02   8.0556110e+01   4.0565130e+00  -3.1809359e-02   2.5318057e-03   1.4608775e-03
   1.2300000e+02   7.9935740e+01   4.0548940e+00  -3.2020357e-02   2.5536378e-03   1.4722730e-03
   1.2400000e+02   7.9324620e+01   4.0533130e+00  -3.2228920e-02   2.5754565e-03   1.4836361e-03
   1.2500000e+02   7.8722560e+01   4.0517680e+00  -3.2435092e-02   2.5972630e-03   1.4949676e-03
   1.2600000e+02   7.8129350e+01   4.0502590e+00  -3.2638890e-02   2.6190580e-03   1.5062679e-03
   1.2700000e+02   7.7544800e+01   4.0487840e+00  -3.2840359e-02   2.6408404e-03   1.5175360e-03
   1.2800000e+02   7.6968740e+01   4.0473430e+00  -3.3039529e-02   2.6626101e-03   1.5287719e-03
   1.2900000e+02   7.6400980e+01   4.0459340e+00  -3.3236425e-02   2.6843685e-03   1.5399762e-03
   1.3000000e+02   7.5841340e+01   4.0445570e+00  -3.3431083e-02   2.7061151e-03   1.5511487e-03
   1.3100000e+02   7.5289660e+01   4.0432110e+00  -3.3623539e-02   2.7278471e-03   1.5622875e-03
   1.3200000e+02   7.4745770e+01   4.0418940e+00  -3.3813816e-02   2.7495703e-03   1.5733956e-03
   1.3300000e+02   7.4209520e+01   4.0406070e+00  -3.4001960e-02   2.7712785e-03   1.5844700e-03
   1.3400000e+02   7.3680740e+01   4.0393480e+00  -3.4187969e-02   2.7929769e-03   1.5955131e-03
   1.3500000e+02   7.3159280e+01   4.0381160e+00  -3.4371911e-02   2.8146624e-03   1.6065228e-03
   1.3600000e+02   7.2645000e+01   4.0369100e+00  -3.4553786e-02   2.8363376e-03   1.6175008e-03
   1.3700000e+02   7.2137750e+01   4.0357310e+00  -3.4733637e-02   2.8580002e-03   1.6284459e-03
   1.3800000e+02   7.1637400e+01   4.0345760e+00  -3.4911501e-02   2.8796517e-03   1.6393583e-03
   1.3900000e+02   7.1143800e+01   4.0334460e+00  -3.5087376e-02   2.9012910e-03   1.6502377e-03
   1.4000000e+02   7.0656820e+01   4.0323390e+00  -3.5261313e-02   2.9229202e-03   1.6610847e-03
   1.4100000e+02   7.0176340e+01   4.0312560e+00  -3.5433335e-02   2.9445380e-03   1.6718990e-03
   1.4200000e+02   6.9702220e+01   4.0301940e+00  -3.5603469e-02   2.9661458e-03   1.6826809e-03
   1.4300000e+02   6.9234350e+01   4.0291550e+00  -3.5771729e-02   2.9877405e-03   1.6934289e-03
   1.4400000e+02   6.8772610e+01   4.0281360e+00  -3.5938154e-02   3.0093266e-03   1.7041452e-03
   1.4500000e+02   6.8316870e+01   4.0271380e+00  -3.6102770e-02   3.0309016e-03   1.7148280e-03
   1.4600000e+02   6.7867030e+01   4.0261600e+00  -3.6265594e-02   3.0524650e-03   1.7254775e-03
   1.4700000e+02   6.7422970e+01   4.0252010e+00  -3.6426652e-02   3.0740197e-03   1.7360948e-03
   1.4800000e+02   6.6984580e+01   4.0242610e+00  -3.6585963e-02   3.0955638e-03   1.7466786e-03
   1.4900000e+02   6.6551770e+01   4.0233390e+00  -3.6743558e-02   3.1170976e-03   1.7572293e-03
   1.5000000e+02   6.6124420e+01   4.0224350e+00  -3.6899462e-02   3.1386205e-03   1.7677463e-03
   1.5100000e+02   6.5702450e+01   4.0215480e+00  -3.7053685e-02   3.1601343e-03   1.7782308e-03
   1.5200000e+02   6.5285740e+01   4.0206780e+00  -3.7206258e-02   3.1816384e-03   1.7886821e-03
   1.5300000e+02   6.4874200e+01   4.0198240e+00  -3.7357199e-02   3.2031328e-03   1.7990997e-03
   1.5400000e+02   6.4467740e+01   4.0189860e+00  -3.7506533e-02   3.2246174e-03   1.8094841e-03
   1.5500000e+02   6.4066280e+01   4.0181630e+00  -3.7654273e-02   3.2460934e-03   1.8198356e-03
   1.5600000e+02   6.3669710e+01   4.0173560e+00  -3.7800428e-02   3.2675590e-03   1.8301529e-03
   1.5700000e+02   6.3277950e+01   4.0165620e+00  -3.7945052e-02   3.2890163e-03   1.8404371e-03
   1.5800000e+02   6.2890930e+01   4.0157830e+00  -3.8088141e-02   3.3104647e-03   1.8506881e-03
   1.5900000e+02   6.2508550e+01   4.0150170e+00  -3.8229721e-02   3.3319031e-03   1.8609048e-03
   1.6000000e+02   6.2130730e+01   4.0142640e+00  -3.8369811e-02   3.3533344e-03   1.8710887e-03
   1.6100000e+02   6.1757400e+01   4.0135250e+00  -3.8508414e-02   3.3747544e-03   1.8812379e-03
   1.6200000e+02   6.1388470e+01   4.0127980e+00  -3.8645572e-02   3.3961672e-03   1.8913537e-03
   1.6300000e+02   6.1023880e+01   4.0120830e+00  -3.8781281e-02   3.4175707e-03   1.9014356e-03
   1.6400000e+02   6.0663550e+01   4.0113800e+00  -3.8915564e-02   3.4389653e-03   1.9114834e-03
   1.6500000e+02   6.0307400e+01   4.0106880e+00  -3.9048447e-02   3.4603525e-03   1.9214974e-03
   1.6600000e+02   5.9955370e+01   4.0100070e+00  -3.9179945e-02   3.4817311e-03   1.9314775e-03
   1.6700000e+02   5.9607380e+01   4.0093370e+00  -3.9310062e-02   3.5031015e-03   1.9414234e-03
   1.6800000e+02   5.9263380e+01   4.0086780e+00  -3.9438816e-02   3.5244624e-03   1.9513348e-03
   1.6900000e+02   5.8923280e+01   4.0080290e+00  -3.9566231e-02   3.5458149e-03   1.9612114e-03
   1.7000000e+02   5.8587040e+01   4.0073900e+00  -3.9692322e-02   3.5671592e-03   1.9710540e-03
   1.7100000e+02   5.8254580e+01   4.0067600e+00  -3.9817092e-02   3.5884960e-03   1.9808621e-03
   1.7200000e+02   5.7925840e+01   4.0061390e+00  -3.9940574e-02   3.6098247e-03   1.9906355e-03
   1.7300000e+02   5.7600760e+01   4.0055280e+00  -4.0062756e-02   3.6311445e-03   2.0003741e-03
   1.7400000e+02   5.7279290e+01   4.0049250e+00  -4.0183676e-02   3.6524567e-03   2.0100780e-03
   1.7500000e+02   5.6961370e+01   4.0043310e+00  -4.0303336e-02   3.6737604e-03   2.0197471e-03
   1.7600000e+02   5.6646930e+01   4.0037450e+00  -4.0421759e-02   3.6950562e-03   2.0293809e-03
   1.7700000e+02   5.6335920e+01   4.0031670e+00  -4.0538940e-02   3.7163439e-03   2.0389797e-03
   1.7800000e+02   5.6028300e+01   4.0025970e+00  -4.0654902e-02   3.7376233e-03   2.0485434e-03
   1.7900000e+02   5.5724000e+01   4.0020340e+00  -4.0769666e-02   3.7588954e-03   2.0580719e-03
   1.8000000e+02   5.5422970e+01   4.0014790e+00  -4.0883230e-02   3.7801580e-03   2.0675643e-03
   1.8100000e+02   5.5125160e+01   4.0009300e+00  -4.0995619e-02   3.8014144e-03   2.0770218e-03
   1.8200000e+02   5.4830530e+01   4.0003890e+00  -4.1106832e-02   3.8226607e-03   2.0864431e-03
   1.8300000e+02   5.4539020e+01   3.9998540e+00  -4.1216885e-02   3.8438996e-03   2.0958287e-03
   1.8400000e+02   5.4250580e+01   3.9993250e+00  -4.1325802e-02   3.8651314e-03   2.1051787e-03
   1.8500000e+02   5.3965170e+01   3.9988030e+00  -4.1433563e-02   3.8863536e-03   2.1144922e-03
   1.8600000e+02   5.3682740e+01   3.9982870e+00  -4.1540212e-02   3.9075679e-03   2.1237697e-03
   1.8700000e+02   5.3403250e+01   3.9977760e+00  -4.1645752e-02   3.9287750e-03   2.1330112e-03
   1.8800000e+02   5.3126660e+01   3.9972710e+00  -4.1750186e-02   3.9499730e-03   2.1422160e-03
   1.8900000e+02   5.2852910e+01   3.9967720e+00  -4.1853517e-02   3.9711626e-03   2.1513843e-03
   1.9000000e+02   5.2581960e+01   3.9962780e+00  -4.1955765e-02   3.9923443e-03   2.1605159e-03
   1.9100000e+02   5.2313780e+01   3.9957890e+00  -4.2056947e-02   4.0135174e-03   2.1696106e-03
   1.9200000e+02   5.2048320e+01   3.9953050e+00  -4.2157060e-02   4.0346826e-03   2.1786686e-03
   1.9300000e+02   5.1785550e+01   3.9948260e+00  -4.2256118e-02   4.0558378e-03   2.1876889e-03
   1.9400000e+02   5.1525420e+01   3.9943520e+00  -4.2354131e-02   4.0769847e-03   2.1966721e-03
   1.9500000e+02   5.1267890e+01   3.9938820e+00  -4.2451108e-02   4.0981245e-03   2.2056185e-03
   1.9600000e+02   5.1012940e+01   3.9934160e+00  -4.2547064e-02   4.1192555e-03   2.2145275e-03
   1.9700000e+02   5.0760510e+01   3.9929550e+00  -4.2642001e-02   4.1403758e-03   2.2233978e-03
   1.9800000e+02   5.0510570e+01   3.9924980e+00  -4.2735915e-02   4.1614879e-03   2.2322306e-03
   1.9900000e+02   5.0263100e+01   3.9920440e+00  -4.2828846e-02   4.1825929e-03   2.2410264e-03
   2.0000000e+02   5.0018040e+01   3.9915940e+00  -4.2920781e-02   4.2036890e-03   2.2497839e-03
   2.0100000e+02   4.9775380e+01   3.9911480e+00  -4.3011736e-02   4.2247742e-03   2.2585026e-03
   2.0200000e+02   4.9535070e+01   3.9907060e+00  -4.3101702e-02   4.2458507e-03   2.2671831e-03
   2.0300000e+02   4.9297080e+01   3.9902660e+00  -4.3190723e-02   4.2669199e-03   2.2758256e-03
   2.0400000e+02   4.9061370e+01   3.9898310e+00  -4.3278756e-02   4.2879777e-03   2.2844287e-03
   2.0500000e+02   4.8827930e+01   3.9893980e+00  -4.3365857e-02   4.3090274e-03   2.2929936e-03
   2.0600000e+02   4.8596710e+01   3.9889680e+00  -4.3452011e-02   4.3300675e-03   2.3015195e-03
   2.0700000e+02   4.8367680e+01   3.9885410e+00  -4.3537232e-02   4.3510978e-03   2.3100057e-03
   2.0800000e+02   4.8140820e+01   3.9881170e+00  -4.3621519e-02   4.3721186e-03   2.3184531e-03
   2.0900000e+02   4.7916100e+01   3.9876960e+00  -4.3704888e-02   4.3931297e-03   2.3268614e-03
   2.1000000e+02   4.7693470e+01   3.9872770e+00  -4.3787340e-02   4.4141321e-03   2.3352300e-03
   2.1100000e+02   4.7472930e+01   3.9868610e+00  -4.3868884e-02   4.4351227e-03   2.3435585e-03
   2.1200000e+02   4.7254430e+01   3.9864470e+00  -4.3949539e-02   4.4561052e-03   2.3518477e-03
   2.1300000e+02   4.7037960e+01   3.9860350e+00  -4.4029303e-02   4.4770774e-03   2.3600969e-03
   2.1400000e+02   4.6823480e+01   3.9856260e+00  -4.4108168e-02   4.4980390e-03   2.3683060e-03
   2.1500000e+02   4.6610960e+01   3.9852190e+00  -4.4186153e-02   4.5189904e-03   2.3764745e-03
   2.1600000e+02   4.6400390e+01   3.9848130e+00  -4.4263279e-02   4.5399328e-03   2.3846032e-03
   2.1700000e+02   4.6191730e+01   3.9844100e+00  -4.4339531e-02   4.5608627e-03   2.3926906e-03
   2.1800000e+02   4.5984960e+01   3.9840080e+00  -4.4414931e-02   4.5817845e-03   2.4007381e-03
   2.1900000e+02   4.5780050e+01   3.9836080e+00  -4.4489475e-02   4.6026951e-03   2.4087444e-03
   2.2000000e+02   4.5576990e+01   3.9832100e+00  -4.4563167e-02   4.6235944e-03   2.4167098e-03
   2.2100000e+02   4.5375740e+01   3.9828140e+00  -4.4636017e-02   4.6444823e-03   2.4246337e-03
   2.2200000e+02   4.5176290e+01   3.9824190e+00  -4.4708043e-02   4.6653601e-03   2.4325168e-03
   2.2300000e+02   4.4978600e+01   3.9820250e+00  -4.4779239e-02   4.6862282e-03   2.4403586e-03
   2.2400000e+02   4.4782660e+01   3.9816330e+00  -4.4849615e-02   4.7070839e-03   2.4481584e-03
   2.2500000e+02   4.4588450e+01   3.9812420e+00  -4.4919175e-02   4.7279288e-03   2.4559168e-03
   2.2600000e+02   4.4395940e+01   3.9808520e+00  -4.4987926e-02   4.7487619e-03   2.4636330e-03
   2.2700000e+02   4.4205100e+01   3.9804640e+00  -4.5055861e-02   4.7695848e-03   2.4713077e-03
   2.2800000e+02   4.4015930e+01   3.9800760e+00  -4.5123013e-02   4.7903960e-03   2.4789402e-03
   2.2900000e+02   4.3828400e+01   3.9796900e+00  -4.5189365e-02   4.8111944e-03   2.4865301e-03
   2.3000000e+02   4.3642480e+01   3.9793040e+00  -4.5254936e-02   4.8319837e-03   2.4940784e-03
   2.3100000e+02   4.3458160e+01   3.9789190e+00  -4.5319729e-02   4.8527601e-03   2.5015835e-03
   2.3200000e+02   4.3275420e+01   3.9785350e+00  -4.5383744e-02   4.8735252e-03   2.5090464e-03
   2.3300000e+02   4.3094240e+01   3.9781520e+00  -4.5446988e-02   4.8942780e-03   2.5164665e-03
   2.3400000e+02   4.2914590e+01   3.9777700e+00  -4.5509463e-02   4.9150183e-03   2.5238434e-03
   2.3500000e+02   4.2736470e+01   3.9773880e+00  -4.5571186e-02   4.9357473e-03   2.5311775e-03
   2.3600000e+02   4.2559840e+01   3.9770070e+00  -4.5632148e-02   4.9564639e-03   2.5384681e-03
   2.3700000e+02   4.2384700e+01   3.9766260e+00  -4.5692372e-02   4.9771690e-03   2.5457158e-03
   2.3800000e+02   4.2211020e+01   3.9762460e+00  -4.5751850e-02   4.9978611e-03   2.5529199e-03
   2.3900000e+02   4.2038790e+01   3.9758660e+00  -4.5810587e-02   5.0185409e-03   2.5600803e-03
   2.4000000e+02   4.1867990e+01   3.9754870e+00  -4.5868589e-02   5.0392086e-03   2.5671976e-03
   2.4100000e+02   4.1698590e+01   3.9751080e+00  -4.5925867e-02   5.0598637e-03   2.5742705e-03
   2.4200000e+02   4.1530600e+01   3.9747290e+00  -4.5982428e-02   5.0805060e-03   2.5812998e-03
   2.4300000e+02   4.1363980e+01   3.9743510e+00  -4.6038257e-02   5.1011353e-03   2.5882849e-03
   2.4400000e+02   4.1198730e+01   3.9739720e+00  -4.6093396e-02   5.1217527e-03   2.5952262e-03
   2.4500000e+02   4.1034820e+01   3.9735940e+00  -4.6147810e-02   5.1423556e-03   2.6021224e-03
   2.4600000e+02   4.0872240e+01   3.9732160e+00  -4.6201526e-02   5.1629475e-03   2.6089753e-03
   2.4700000e+02   4.0710970e+01   3.9728380e+00  -4.6254543e-02   5.1835259e-03   2.6157832e-03
   2.4800000e+02   4.0551000e+01   3.9724600e+00  -4.6306869e-02   5.2040915e-03   2.6225467e-03
   2.4900000e+02   4.0392320e+01   3.9720820e+00  -4.6358508e-02   5.2246424e-03   2.6292650e-03
   2.5000000e+02   4.0234900e+01   3.9717030e+00  -4.6409463e-02   5.2451836e-03   2.6359396e-03
   2.5100000e+02   4.0078740e+01   3.9713250e+00  -4.6459739e-02   5.2657084e-03   2.6425683e-03
   2.5200000e+02   3.9923820e+01   3.9709470e+00  -4.6509340e-02   5.2862189e-03   2.6491515e-03
   2.5300000e+02   3.9770120e+01   3.9705680e+00  -4.6558270e-02   5.3067182e-03   2.6556903e-03
   2.5400000e+02   3.9617630e+01   3.9701890e+00  -4.6606535e-02   5.3272043e-03   2.6621841e-03
   2.5500000e+02   3.9466340e+01   3.9698100e+00  -4.6654144e-02   5.3476765e-03   2.6686326e-03
   2.5600000e+02   3.9316230e+01   3.9694310e+00  -4.6701092e-02   5.3681338e-03   2.6750348e-03
   2.5700000e+02   3.9167300e+01   3.9690510e+00  -4.6747395e-02   5.3885782e-03   2.6813922e-03
   2.5800000e+02   3.9019520e+01   3.9686710e+00  -4.6793044e-02   5.4090090e-03   2.6877039e-03
   2.5900000e+02   3.8872880e+01   3.9682900e+00  -4.6838062e-02   5.4294277e-03   2.6939703e-03
   2.6000000e+02   3.8727370e+01   3.9679090e+00  -4.6882433e-02   5.4498308e-03   2.7001901e-03
   2.6100000e+02   3.8582990e+01   3.9675270e+00  -4.6926180e-02   5.4702208e-03   2.7063647e-03
   2.6200000e+02   3.8439700e+01   3.9671460e+00  -4.6969277e-02   5.4905955e-03   2.7124925e-03
   2.6300000e+02   3.8297520e+01   3.9667630e+00  -4.7011771e-02   5.5109562e-03   2.7185745e-03
   2.6400000e+02   3.8156410e+01   3.9663800e+00  -4.7053633e-02   5.5313030e-03   2.7246097e-03
   2.6500000e+02   3.8016370e+01   3.9659960e+00  -4.7094888e-02   5.5516381e-03   2.7306001e-03
   2.6600000e+02   3.7877390e+01   3.9656120e+00  -4.7135522e-02   5.5719577e-03   2.7365438e-03
   2.6700000e+02   3.7739460e+01   3.9652270e+00  -4.7175550e-02   5.5922621e-03   2.7424406e-03
   2.6800000e+02   3.7602560e+01   3.9648410e+00  -4.7214981e-02   5.6125548e-03   2.7482919e-03
   2.6900000e+02   3.7466680e+01   3.9644550e+00  -4.7253801e-02   5.6328313e-03   2.7540956e-03
   2.7000000e+02   3.7331820e+01   3.9640680e+00  -4.7292026e-02   5.6530930e-03   2.7598528e-03
   2.7100000e+02   3.7197950e+01   3.9636800e+00  -4.7329667e-02   5.6733419e-03   2.7655635e-03
   2.7200000e+02   3.7065080e+01   3.9632910e+00  -4.7366725e-02   5.6935769e-03   2.7712277e-03
   2.7300000e+02   3.6933190e+01   3.9629020e+00  -4.7403187e-02   5.7137956e-03   2.7768448e-03
   2.7400000e+02   3.6802270e+01   3.9625120e+00  -4.7439077e-02   5.7339996e-03   2.7824147e-03
   2.7500000e+02   3.6672300e+01   3.9621200e+00  -4.7474396e-02   5.7541945e-03   2.7879394e-03
   2.7600000e+02   3.6543290e+01   3.9617280e+00  -4.7509141e-02   5.7743698e-03   2.7934152e-03
   2.7700000e+02   3.6415210e+01   3.9613360e+00  -4.7543303e-02   5.7945293e-03   2.7988434e-03
   2.7800000e+02   3.6288070e+01   3.9609420e+00  -4.7576918e-02   5.8146777e-03   2.8042262e-03
   2.7900000e+02   3.6161840e+01   3.9605470e+00  -4.7609973e-02   5.8348114e-03   2.8095611e-03
   2.8000000e+02   3.6036520e+01   3.9601510e+00  -4.7642475e-02   5.8549305e-03   2.8148488e-03
   2.8100000e+02   3.5912100e+01   3.9597540e+00  -4.7674421e-02   5.8750365e-03   2.8200901e-03
   2.8200000e+02   3.5788580e+01   3.9593560e+00  -4.7705825e-02   5.8951249e-03   2.8252826e-03
   2.8300000e+02   3.5665930e+01   3.9589580e+00  -4.7736668e-02   5.9151989e-03   2.8304279e-03
   2.8400000e+02   3.5544160e+01   3.9585580e+00  -4.7766983e-02   5.9352587e-03   2.8355259e-03
   2.8500000e+02   3.5423250e+01   3.9581570e+00  -4.7796763e-02   5.9553044e-03   2.8405764e-03
   2.8600000e+02   3.5303190e+01   3.9577550e+00  -4.7826004e-02   5.9753367e-03   2.8455799e-03
   2.8700000e+02   3.5183980e+01   3.9573510e+00  -4.7854728e-02   5.9953561e-03   2.8505363e-03
   2.8800000e+02   3.5065610e+01   3.9569470e+00  -4.7882915e-02   6.0153574e-03   2.8554442e-03
   2.8900000e+02   3.4948070e+01   3.9565410e+00  -4.7910590e-02   6.0353451e-03   2.8603045e-03
   2.9000000e+02   3.4831350e+01   3.9561350e+00  -4.7937730e-02   6.0553164e-03   2.8651169e-03
   2.9100000e+02   3.4715440e+01   3.9557270e+00  -4.7964374e-02   6.0752755e-03   2.8698820e-03
   2.9200000e+02   3.4600330e+01   3.9553180e+00  -4.7990500e-02   6.0952222e-03   2.8746004e-03
   2.9300000e+02   3.4486020e+01   3.9549070e+00  -4.8016127e-02   6.1151525e-03   2.8792701e-03
   2.9400000e+02   3.4372500e+01   3.9544960e+00  -4.8041233e-02   6.1350660e-03   2.8838914e-03
   2.9500000e+02   3.4259750e+01   3.9540830e+00  -4.8065855e-02   6.1549678e-03   2.8884655e-03
   2.9600000e+02   3.4147780e+01   3.9536690e+00  -4.8089973e-02   6.1748543e-03   2.8929919e-03
   2.9700000e+02   3.4036580e+01   3.9532530e+00  -4.8113610e-02   6.1947256e-03   2.8974701e-03
   2.9800000e+02   3.3926130e+01   3.9528370e+00  -4.8136742e-02   6.2145811e-03   2.9018999e-03
   2.9900000e+02   3.3816430e+01   3.9524190e+00  -4.8159399e-02   6.2344248e-03   2.9062828e-03
   3.0000000e+02   3.3707470e+01   3.9519990e+00  -4.8181573e-02   6.2542541e-03   2.9106173e-03
   3.0100000e+02   3.3599250e+01   3.9515780e+00  -4.8203267e-02   6.2740678e-03   2.9149037e-03
   3.0200000e+02   3.3491750e+01   3.9511560e+00  -4.8224484e-02   6.2938686e-03   2.9191427e-03
   3.0300000e+02   3.3384980e+01   3.9507330e+00  -4.8245226e-02   6.3136520e-03   2.9233329e-03
   3.0400000e+02   3.3278920e+01   3.9503080e+00  -4.8265506e-02   6.3334239e-03   2.9274760e-03
   3.0500000e+02   3.3173570e+01   3.9498810e+00  -4.8285326e-02   6.3531815e-03   2.9315709e-03
   3.0600000e+02   3.3068920e+01   3.9494540e+00  -4.8304668e-02   6.3729215e-03   2.9356172e-03
   3.0700000e+02   3.2964960e+01   3.9490240e+00  -4.8323570e-02   6.3926519e-03   2.9396165e-03
   3.0800000e+02   3.2861690e+01   3.9485940e+00  -4.8342003e-02   6.4123625e-03   2.9435663e-03
   3.0900000e+02   3.2759100e+01   3.9481610e+00  -4.8360006e-02   6.4320656e-03   2.9474703e-03
   3.1000000e+02   3.2657180e+01   3.9477280e+00  -4.8377532e-02   6.4517485e-03   2.9513242e-03
   3.1100000e+02   3.2555930e+01   3.9472930e+00  -4.8394628e-02   6.4714227e-03   2.9551323e-03
   3.1200000e+02   3.2455340e+01   3.9468560e+00  -4.8411284e-02   6.4910787e-03   2.9588901e-03
   3.1300000e+02   3.2355410e+01   3.9464180e+00  -4.8427499e-02   6.5107220e-03   2.9626014e-03
   3.1400000e+02   3.2256120e+01   3.9459780e+00  -4.8443277e-02   6.5303524e-03   2.9662641e-03
   3.1500000e+02   3.2157480e+01   3.9455370e+00  -4.8458625e-02   6.5499680e-03   2.9698796e-03
   3.1600000e+02   3.2059480e+01   3.9450940e+00  -4.8473546e-02   6.5695703e-03   2.9734471e-03
   3.1700000e+02   3.1962100e+01   3.9446490e+00  -4.8488050e-02   6.5891598e-03   2.9769662e-03
   3.1800000e+02   3.1865360e+01   3.9442030e+00  -4.8502128e-02   6.6087333e-03   2.9804378e-03
   3.1900000e+02   3.1769230e+01   3.9437550e+00  -4.8515781e-02   6.6282928e-03   2.9838605e-03
   3.2000000e+02   3.1673710e+01   3.9433060e+00  -4.8529018e-02   6.6478403e-03   2.9872362e-03
   3.2100000e+02   3.1578800e+01   3.9428550e+00  -4.8541843e-02   6.6673746e-03   2.9905642e-03
   3.2200000e+02   3.1484500e+01   3.9424030e+00  -4.8554258e-02   6.6868936e-03   2.9938443e-03
   3.2300000e+02   3.1390790e+01   3.9419490e+00  -4.8566265e-02   6.7063986e-03   2.9970757e-03
   3.2400000e+02   3.1297670e+01   3.9414930e+00  -4.8577878e-02   6.7258913e-03   3.0002597e-03
   3.2500000e+02   3.1205140e+01   3.9410350e+00  -4.8589092e-02   6.7453737e-03   3.0033975e-03
   3.2600000e+02   3.1113190e+01   3.9405760e+00  -4.8599899e-02   6.7648390e-03   3.0064858e-03
   3.2700000e+02   3.1021820e+01   3.9401150e+00  -4.8610318e-02   6.7842924e-03   3.0095275e-03
   3.2800000e+02   3.0931010e+01   3.9396530e+00  -4.8620335e-02   6.8037304e-03   3.0125198e-03
   3.2900000e+02   3.0840770e+01   3.9391890e+00  -4.8629974e-02   6.8231560e-03   3.0154653e-03
   3.3000000e+02   3.0751100e+01   3.9387230e+00  -4.8639230e-02   6.8425683e-03   3.0183637e-03
   3.3100000e+02   3.0661970e+01   3.9382550e+00  -4.8648100e-02   6.8619714e-03   3.0212151e-03
   3.3200000e+02   3.0573400e+01   3.9377850e+00  -4.8656602e-02   6.8813599e-03   3.0240184e-03
   3.3300000e+02   3.0485380e+01   3.9373140e+00  -4.8664719e-02   6.9007340e-03   3.0267746e-03
   3.3400000e+02   3.0397890e+01   3.9368410e+00  -4.8672462e-02   6.9200963e-03   3.0294829e-03
   3.3500000e+02   3.0310940e+01   3.9363670e+00  -4.8679826e-02   6.9394425e-03   3.0321428e-03
   3.3600000e+02   3.0224520e+01   3.9358900e+00  -4.8686841e-02   6.9587816e-03   3.0347573e-03
   3.3700000e+02   3.0138630e+01   3.9354120e+00  -4.8693482e-02   6.9781034e-03   3.0373231e-03
   3.3800000e+02   3.0053260e+01   3.9349320e+00  -4.8699762e-02   6.9974156e-03   3.0398425e-03
   3.3900000e+02   2.9968410e+01   3.9344500e+00  -4.8705689e-02   7.0167146e-03   3.0423145e-03
   3.4000000e+02   2.9884070e+01   3.9339660e+00  -4.8711261e-02   7.0360044e-03   3.0447405e-03
   3.4100000e+02   2.9800240e+01   3.9334810e+00  -4.8716472e-02   7.0552767e-03   3.0471179e-03
   3.4200000e+02   2.9716910e+01   3.9329930e+00  -4.8721347e-02   7.0745419e-03   3.0494492e-03
   3.4300000e+02   2.9634090e+01   3.9325040e+00  -4.8725859e-02   7.0937892e-03   3.0517322e-03
   3.4400000e+02   2.9551760e+01   3.9320130e+00  -4.8730035e-02   7.1130295e-03   3.0539703e-03
   3.4500000e+02   2.9469920e+01   3.9315200e+00  -4.8733872e-02   7.1322552e-03   3.0561600e-03
   3.4600000e+02   2.9388570e+01   3.9310250e+00  -4.8737368e-02   7.1514706e-03   3.0583037e-03
   3.4700000e+02   2.9307700e+01   3.9305290e+00  -4.8740528e-02   7.1706727e-03   3.0604004e-03
   3.4800000e+02   2.9227310e+01   3.9300300e+00  -4.8743359e-02   7.1898650e-03   3.0624505e-03
   3.4900000e+02   2.9147390e+01   3.9295300e+00  -4.8745853e-02   7.2090457e-03   3.0644544e-03
   3.5000000e+02   2.9067950e+01   3.9290280e+00  -4.8748017e-02   7.2282110e-03   3.0664105e-03
   3.5100000e+02   2.8988970e+01   3.9285230e+00  -4.8749875e-02   7.2473722e-03   3.0683223e-03
   3.5200000e+02   2.8910460e+01   3.9280170e+00  -4.8751400e-02   7.2665162e-03   3.0701863e-03
   3.5300000e+02   2.8832400e+01   3.9275090e+00  -4.8752601e-02   7.2856523e-03   3.0720046e-03
   3.5400000e+02   2.8754800e+01   3.9269990e+00  -4.8753492e-02   7.3047763e-03   3.0737766e-03
   3.5500000e+02   2.8677660e+01   3.9264870e+00  -4.8754071e-02   7.3238874e-03   3.0755022e-03
   3.5600000e+02   2.8600960e+01   3.9259740e+00  -4.8754329e-02   7.3429862e-03   3.0771810e-03
   3.5700000e+02   2.8524700e+01   3.9254580e+00  -4.8754284e-02   7.3620786e-03   3.0788148e-03
   3.5800000e+02   2.8448890e+01   3.9249400e+00  -4.8753944e-02   7.3811592e-03   3.0804032e-03
   3.5900000e+02   2.8373510e+01   3.9244200e+00  -4.8753293e-02   7.4002296e-03   3.0819454e-03
   3.6000000e+02   2.8298570e+01   3.9238990e+00  -4.8752333e-02   7.4192870e-03   3.0834420e-03
   3.6100000e+02   2.8224050e+01   3.9233750e+00  -4.8751084e-02   7.4383360e-03   3.0848921e-03
   3.6200000e+02   2.8149960e+01   3.9228490e+00  -4.8749541e-02   7.4573754e-03   3.0862975e-03
   3.6300000e+02   2.8076300e+01   3.9223220e+00  -4.8747703e-02   7.4764026e-03   3.0876576e-03
   3.6400000e+02   2.8003050e+01   3.9217920e+00  -4.8745577e-02   7.4954223e-03   3.0889723e-03
   3.6500000e+02   2.7930220e+01   3.9212600e+00  -4.8743163e-02   7.5144324e-03   3.0902422e-03
   3.6600000e+02   2.7857810e+01   3.9207270e+00  -4.8740456e-02   7.5334259e-03   3.0914651e-03
   3.6700000e+02   2.7785800e+01   3.9201910e+00  -4.8737480e-02   7.5524171e-03   3.0926449e-03
   3.6800000e+02   2.7714200e+01   3.9196530e+00  -4.8734222e-02   7.5713966e-03   3.0937794e-03
   3.6900000e+02   2.7643000e+01   3.9191140e+00  -4.8730671e-02   7.5903620e-03   3.0948667e-03
   3.7000000e+02   2.7572200e+01   3.9185720e+00  -4.8726866e-02   7.6093243e-03   3.0959122e-03
   3.7100000e+02   2.7501800e+01   3.9180280e+00  -4.8722779e-02   7.6282755e-03   3.0969124e-03
   3.7200000e+02   2.7431790e+01   3.9174820e+00  -4.8718426e-02   7.6472183e-03   3.0978682e-03
   3.7300000e+02   2.7362170e+01   3.9169340e+00  -4.8713801e-02   7.6661498e-03   3.0987783e-03
   3.7400000e+02   2.7292940e+01   3.9163840e+00  -4.8708920e-02   7.6850740e-03   3.0996456e-03
   3.7500000e+02   2.7224090e+01   3.9158320e+00  -4.8703766e-02   7.7039880e-03   3.1004674e-03
   3.7600000e+02   2.7155630e+01   3.9152780e+00  -4.8698357e-02   7.7228929e-03   3.1012457e-03
   3.7700000e+02   2.7087540e+01   3.9147220e+00  -4.8692689e-02   7.7417900e-03   3.1019799e-03
   3.7800000e+02   2.7019830e+01   3.9141640e+00  -4.8686762e-02   7.7606764e-03   3.1026697e-03
   3.7900000e+02   2.6952490e+01   3.9136030e+00  -4.8680597e-02   7.7795572e-03   3.1033161e-03
   3.8000000e+02   2.6885520e+01   3.9130410e+00  -4.8674165e-02   7.7984279e-03   3.1039188e-03
   3.8100000e+02   2.6818920e+01   3.9124760e+00  -4.8667499e-02   7.8172930e-03   3.1044792e-03
   3.8200000e+02   2.6752680e+01   3.9119100e+00  -4.8660576e-02   7.8361449e-03   3.1049938e-03
   3.8300000e+02   2.6686800e+01   3.9113410e+00  -4.8653421e-02   7.8549964e-03   3.1054680e-03
   3.8400000e+02   2.6621280e+01   3.9107700e+00  -4.8646023e-02   7.8738362e-03   3.1058976e-03
   3.8500000e+02   2.6556110e+01   3.9101970e+00  -4.8638380e-02   7.8926676e-03   3.1062834e-03
   3.8600000e+02   2.6491300e+01   3.9096220e+00  -4.8630498e-02   7.9114915e-03   3.1066270e-03
   3.8700000e+02   2.6426840e+01   3.9090440e+00  -4.8622397e-02   7.9303094e-03   3.1069277e-03
   3.8800000e+02   2.6362720e+01   3.9084650e+00  -4.8614055e-02   7.9491198e-03   3.1071863e-03
   3.8900000e+02   2.6298950e+01   3.9078830e+00  -4.8605490e-02   7.9679228e-03   3.1074017e-03
   3.9000000e+02   2.6235520e+01   3.9073000e+00  -4.8596685e-02   7.9867162e-03   3.1075741e-03
   3.9100000e+02   2.6172430e+01   3.9067140e+00  -4.8587667e-02   8.0055047e-03   3.1077048e-03
   3.9200000e+02   2.6109680e+01   3.9061260e+00  -4.8578426e-02   8.0242858e-03   3.1077935e-03
   3.9300000e+02   2.6047270e+01   3.9055360e+00  -4.8568964e-02   8.0430591e-03   3.1078406e-03
   3.9400000e+02   2.5985180e+01   3.9049430e+00  -4.8559284e-02   8.0618309e-03   3.1078461e-03
   3.9500000e+02   2.5923430e+01   3.9043490e+00  -4.8549386e-02   8.0805904e-03   3.1078091e-03
   3.9600000e+02   2.5862000e+01   3.9037520e+00  -4.8539282e-02   8.0993464e-03   3.1077308e-03
   3.9700000e+02   2.5800890e+01   3.9031530e+00  -4.8528961e-02   8.1180959e-03   3.1076104e-03
   3.9800000e+02   2.5740110e+01   3.9025520e+00  -4.8518438e-02   8.1368389e-03   3.1074493e-03
   3.9900000e+02   2.5679650e+01   3.9019490e+00  -4.8507700e-02   8.1555756e-03   3.1072476e-03
   4.0000000e+02   2.5619510e+01   3.9013430e+00  -4.8496764e-02   8.1743075e-03   3.1070045e-03
   4.0100000e+02   2.5559680e+01   3.9007350e+00  -4.8485623e-02   8.1930372e-03   3.1067215e-03
   4.0200000e+02   2.5500170e+01   3.9001260e+00  -4.8474273e-02   8.2117509e-03   3.1063954e-03
   4.0300000e+02   2.5440960e+01   3.8995130e+00  -4.8462743e-02   8.2304704e-03   3.1060310e-03
   4.0400000e+02   2.5382060e+01   3.8988990e+00  -4.8451010e-02   8.2491792e-03   3.1056251e-03
   4.0500000e+02   2.5323470e+01   3.8982830e+00  -4.8439074e-02   8.2678818e-03   3.1051788e-03
   4.0600000e+02   2.5265190e+01   3.8976640e+00  -4.8426961e-02   8.2865817e-03   3.1046939e-03
   4.0700000e+02   2.5207200e+01   3.8970430e+00  -4.8414650e-02   8.3052771e-03   3.1041677e-03
   4.0800000e+02   2.5149520e+01   3.8964200e+00  -4.8402146e-02   8.3239633e-03   3.1036016e-03
   4.0900000e+02   2.5092130e+01   3.8957940e+00  -4.8389474e-02   8.3426517e-03   3.1029971e-03
   4.1000000e+02   2.5035040e+01   3.8951670e+00  -4.8376603e-02   8.3613301e-03   3.1023524e-03
   4.1100000e+02   2.4978240e+01   3.8945370e+00  -4.8363559e-02   8.3800062e-03   3.1016683e-03
   4.1200000e+02   2.4921730e+01   3.8939040e+00  -4.8350348e-02   8.3986820e-03   3.1009463e-03
   4.1300000e+02   2.4865510e+01   3.8932700e+00  -4.8336938e-02   8.4173485e-03   3.1001839e-03
   4.1400000e+02   2.4809580e+01   3.8926330e+00  -4.8323367e-02   8.4360113e-03   3.0993830e-03
   4.1500000e+02   2.4753930e+01   3.8919940e+00  -4.8309624e-02   8.4546742e-03   3.0985447e-03
   4.1600000e+02   2.4698570e+01   3.8913530e+00  -4.8295699e-02   8.4733272e-03   3.0976658e-03
   4.1700000e+02   2.4643490e+01   3.8907100e+00  -4.8281604e-02   8.4919799e-03   3.0967505e-03
   4.1800000e+02   2.4588680e+01   3.8900640e+00  -4.8267354e-02   8.5106293e-03   3.0957957e-03
   4.1900000e+02   2.4534150e+01   3.8894160e+00  -4.8252939e-02   8.5292759e-03   3.0948039e-03
   4.2000000e+02   2.4479900e+01   3.8887660e+00  -4.8238348e-02   8.5479178e-03   3.0937739e-03
   4.2100000e+02   2.4425920e+01   3.8881130e+00  -4.8223616e-02   8.5665602e-03   3.0927074e-03
   4.2200000e+02   2.4372210e+01   3.8874590e+00  -4.8208706e-02   8.5851961e-03   3.0916028e-03
   4.2300000e+02   2.4318780e+01   3.8868020e+00  -4.8193648e-02   8.6038262e-03   3.0904600e-03
   4.2400000e+02   2.4265600e+01   3.8861420e+00  -4.8178438e-02   8.6224621e-03   3.0892817e-03
   4.2500000e+02   2.4212700e+01   3.8854800e+00  -4.8163077e-02   8.6410919e-03   3.0880663e-03
   4.2600000e+02   2.4160060e+01   3.8848170e+00  -4.8147549e-02   8.6597149e-03   3.0868133e-03
   4.2700000e+02   2.4107670e+01   3.8841500e+00  -4.8131890e-02   8.6783462e-03   3.0855257e-03
   4.2800000e+02   2.4055550e+01   3.8834820e+00  -4.8116070e-02   8.6969668e-03   3.0841999e-03
   4.2900000e+02   2.4003690e+01   3.8828110e+00  -4.8100115e-02   8.7155880e-03   3.0828391e-03
   4.3000000e+02   2.3952090e+01   3.8821380e+00  -4.8084012e-02   8.7342058e-03   3.0814422e-03
   4.3100000e+02   2.3900740e+01   3.8814620e+00  -4.8067775e-02   8.7528252e-03   3.0800090e-03
   4.3200000e+02   2.3849640e+01   3.8807850e+00  -4.8051377e-02   8.7714392e-03   3.0785405e-03
   4.3300000e+02   2.3798790e+01   3.8801050e+00  -4.8034858e-02   8.7900552e-03   3.0770370e-03
   4.3400000e+02   2.3748200e+01   3.8794220e+00  -4.8018208e-02   8.8086692e-03   3.0754984e-03
   4.3500000e+02   2.3697850e+01   3.8787380e+00  -4.8001408e-02   8.8272810e-03   3.0739249e-03
   4.3600000e+02   2.3647750e+01   3.8780510e+00  -4.7984487e-02   8.8458917e-03   3.0723160e-03
   4.3700000e+02   2.3597890e+01   3.8773610e+00  -4.7967446e-02   8.8645052e-03   3.0706735e-03
   4.3800000e+02   2.3548270e+01   3.8766700e+00  -4.7950253e-02   8.8831170e-03   3.0689966e-03
   4.3900000e+02   2.3498900e+01   3.8759760e+00  -4.7932941e-02   8.9017250e-03   3.0672848e-03
   4.4000000e+02   2.3449770e+01   3.8752790e+00  -4.7915509e-02   8.9203376e-03   3.0655404e-03
   4.4100000e+02   2.3400870e+01   3.8745810e+00  -4.7897942e-02   8.9389452e-03   3.0637602e-03
   4.4200000e+02   2.3352210e+01   3.8738800e+00  -4.7880265e-02   8.9575556e-03   3.0619481e-03
   4.4300000e+02   2.3303790e+01   3.8731770e+00  -4.7862456e-02   8.9761646e-03   3.0601023e-03
   4.4400000e+02   2.3255600e+01   3.8724710e+00  -4.7844550e-02   8.9947755e-03   3.0582236e-03
   4.4500000e+02   2.3207640e+01   3.8717630e+00  -4.7826509e-02   9.0133865e-03   3.0563115e-03
   4.4600000e+02   2.3159910e+01   3.8710530e+00  -4.7808360e-02   9.0319965e-03   3.0543665e-03
   4.4700000e+02   2.3112410e+01   3.8703400e+00  -4.7790101e-02   9.0506095e-03   3.0523896e-03
   4.4800000e+02   2.3065140e+01   3.8696250e+00  -4.7771731e-02   9.0692227e-03   3.0503810e-03
   4.4900000e+02   2.3018090e+01   3.8689080e+00  -4.7753242e-02   9.0878366e-03   3.0483396e-03
   4.5000000e+02   2.2971270e+01   3.8681890e+00  -4.7734645e-02   9.1064478e-03   3.0462656e-03
   4.5100000e+02   2.2924670e+01   3.8674670e+00  -4.7715944e-02   9.1250636e-03   3.0441602e-03
   4.5200000e+02   2.2878300e+01   3.8667420e+00  -4.7697156e-02   9.1436833e-03   3.0420256e-03
   4.5300000e+02   2.2832140e+01   3.8660160e+00  -4.7678235e-02   9.1623001e-03   3.0398577e-03
   4.5400000e+02   2.2786200e+01   3.8652870e+00  -4.7659231e-02   9.1809207e-03   3.0376591e-03
   4.5500000e+02   2.2740480e+01   3.8645550e+00  -4.7640131e-02   9.1995463e-03   3.0354308e-03
   4.5600000e+02   2.2694970e+01   3.8638220e+00  -4.7620918e-02   9.2181668e-03   3.0331699e-03
   4.5700000e+02   2.2649680e+01   3.8630860e+00  -4.7601618e-02   9.2367958e-03   3.0308813e-03
   4.5800000e+02   2.2604600e+01   3.8623470e+00  -4.7582228e-02   9.2554240e-03   3.0285600e-03
   4.5900000e+02   2.2559730e+01   3.8616070e+00  -4.7562726e-02   9.2740550e-03   3.0262104e-03
   4.6000000e+02   2.2515070e+01   3.8608630e+00  -4.7543160e-02   9.2926947e-03   3.0238322e-03
   4.6100000e+02   2.2470630e+01   3.8601180e+00  -4.7523487e-02   9.3113264e-03   3.0214225e-03
   4.6200000e+02   2.2426390e+01   3.8593700e+00  -4.7503724e-02   9.3299653e-03   3.0189843e-03
   4.6300000e+02   2.2382350e+01   3.8586200e+00  -4.7483880e-02   9.3486104e-03   3.0165175e-03
   4.6400000e+02   2.2338520e+01   3.8578680e+00  -4.7463940e-02   9.3672547e-03   3.0140219e-03
   4.6500000e+02   2.2294900e+01   3.8571130e+00  -4.7443930e-02   9.3859018e-03   3.0114975e-03
   4.6600000e+02   2.2251470e+01   3.8563560e+00  -4.7423827e-02   9.4045554e-03   3.0089448e-03
   4.6700000e+02   2.2208250e+01   3.8555960e+00  -4.7403658e-02   9.4232132e-03   3.0063650e-03
   4.6800000e+02   2.2165230e+01   3.8548340e+00  -4.7383396e-02   9.4418732e-03   3.0037571e-03
   4.6900000e+02   2.2122400e+01   3.8540700e+00  -4.7363055e-02   9.4605381e-03   3.0011211e-03
   4.7000000e+02   2.2079780e+01   3.8533030e+00  -4.7342652e-02   9.4792048e-03   2.9984584e-03
   4.7100000e+02   2.2037350e+01   3.8525340e+00  -4.7322158e-02   9.4978773e-03   2.9957687e-03
   4.7200000e+02   2.1995110e+01   3.8517630e+00  -4.7301594e-02   9.5165528e-03   2.9930512e-03
   4.7300000e+02   2.1953070e+01   3.8509890e+00  -4.7280961e-02   9.5352353e-03   2.9903085e-03
   4.7400000e+02   2.1911220e+01   3.8502130e+00  -4.7260257e-02   9.5539202e-03   2.9875379e-03
   4.7500000e+02   2.1869560e+01   3.8494350e+00  -4.7239487e-02   9.5726093e-03   2.9847419e-03
   4.7600000e+02   2.1828090e+01   3.8486540e+00  -4.7218640e-02   9.5913052e-03   2.9819204e-03
   4.7700000e+02   2.1786810e+01   3.8478710e+00  -4.7197736e-02   9.6100053e-03   2.9790726e-03
   4.7800000e+02   2.1745720e+01   3.8470850e+00  -4.7176762e-02   9.6287122e-03   2.9762005e-03
   4.7900000e+02   2.1704810e+01   3.8462980e+00  -4.7155726e-02   9.6474213e-03   2.9733021e-03
   4.8000000e+02   2.1664090e+01   3.8455070e+00  -4.7134636e-02   9.6661405e-03   2.9703798e-03
   4.8100000e+02   2.1623550e+01   3.8447150e+00  -4.7113474e-02   9.6848609e-03   2.9674313e-03
   4.8200000e+02   2.1583200e+01   3.8439200e+00  -4.7092249e-02   9.7035884e-03   2.9644595e-03
   4.8300000e+02   2.1543030e+01   3.8431230e+00  -4.7070980e-02   9.7223202e-03   2.9614634e-03
   4.8400000e+02   2.1503040e+01   3.8423230e+00  -4.7049645e-02   9.7410608e-03   2.9584435e-03
   4.8500000e+02   2.1463230e+01   3.8415210e+00  -4.7028257e-02   9.7598078e-03   2.9554005e-03
   4.8600000e+02   2.1423590e+01   3.8407170e+00  -4.7006812e-02   9.7785602e-03   2.9523327e-03
   4.8700000e+02   2.1384140e+01   3.8399100e+00  -4.6985328e-02   9.7973204e-03   2.9492435e-03
   4.8800000e+02   2.1344860e+01   3.8391010e+00  -4.6963777e-02   9.8160853e-03   2.9461302e-03
   4.8900000e+02   2.1305760e+01   3.8382900e+00  -4.6942172e-02   9.8348555e-03   2.9429944e-03
   4.9000000e+02   2.1266830e+01   3.8374760e+00  -4.6920530e-02   9.8536370e-03   2.9398368e-03
   4.9100000e+02   2.1228080e+01   3.8366600e+00  -4.6898838e-02   9.8724217e-03   2.9366565e-03
   4.9200000e+02   2.1189490e+01   3.8358420e+00  -4.6877097e-02   9.8912145e-03   2.9334535e-03
   4.9300000e+02   2.1151080e+01   3.8350210e+00  -4.6855315e-02   9.9100167e-03   2.9302305e-03
   4.9400000e+02   2.1112840e+01   3.8341980e+00  -4.6833486e-02   9.9288241e-03   2.9269855e-03
   4.9500000e+02   2.1074770e+01   3.8333730e+00  -4.6811599e-02   9.9476375e-03   2.9237192e-03
   4.9600000e+02   2.1036860e+01   3.8325450e+00  -4.6789688e-02   9.9664641e-03   2.9204320e-03
   4.9700000e+02   2.0999120e+01   3.8317150e+00  -4.6767736e-02   9.9852965e-03   2.9171244e-03
   4.9800000e+02   2.0961550e+01   3.8308830e+00  -4.6745738e-02   1.0004134e-02   2.9137960e-03
   4.9900000e+02   2.0924150e+01   3.8300480e+00  -4.6723714e-02   1.0022980e-02   2.9104481e-03
   5.0000000e+02   2.0886910e+01   3.8292110e+00  -4.6701647e-02   1.0041837e-02   2.9070803e-03
   5.0100000e+02   2.0849830e+01   3.8283710e+00  -4.6679545e-02   1.0060704e-02   2.9036932e-03
   5.0200000e+02   2.0812910e+01   3.8275300e+00  -4.6657399e-02   1.0079576e-02   2.9002859e-03
   5.0300000e+02   2.0776160e+01   3.8266860e+00  -4.6635226e-02   1.0098455e-02   2.8968600e-03
   5.0400000e+02   2.0739560e+01   3.8258390e+00  -4.6613033e-02   1.0117351e-02   2.8934158e-03
   5.0500000e+02   2.0703130e+01   3.8249910e+00  -4.6590793e-02   1.0136245e-02   2.8899521e-03
   5.0600000e+02   2.0666850e+01   3.8241400e+00  -4.6568523e-02   1.0155156e-02   2.8864704e-03
   5.0700000e+02   2.0630730e+01   3.8232870e+00  -4.6546234e-02   1.0174071e-02   2.8829704e-03
   5.0800000e+02   2.0594770e+01   3.8224310e+00  -4.6523916e-02   1.0193001e-02   2.8794540e-03
   5.0900000e+02   2.0558960e+01   3.8215730e+00  -4.6501567e-02   1.0211939e-02   2.8759194e-03
   5.1000000e+02   2.0523310e+01   3.8207130e+00  -4.6479189e-02   1.0230883e-02   2.8723669e-03
   5.1100000e+02   2.0487810e+01   3.8198500e+00  -4.6456796e-02   1.0249843e-02   2.8687987e-03
   5.1200000e+02   2.0452460e+01   3.8189860e+00  -4.6434366e-02   1.0268807e-02   2.8652122e-03
   5.1300000e+02   2.0417270e+01   3.8181180e+00  -4.6411935e-02   1.0287786e-02   2.8616107e-03
   5.1400000e+02   2.0382230e+01   3.8172490e+00  -4.6389464e-02   1.0306770e-02   2.8579923e-03
   5.1500000e+02   2.0347330e+01   3.8163770e+00  -4.6366986e-02   1.0325771e-02   2.8543584e-03
   5.1600000e+02   2.0312590e+01   3.8155030e+00  -4.6344477e-02   1.0344777e-02   2.8507085e-03
   5.1700000e+02   2.0278000e+01   3.8146270e+00  -4.6321955e-02   1.0363793e-02   2.8470432e-03
   5.1800000e+02   2.0243550e+01   3.8137490e+00  -4.6299400e-02   1.0382822e-02   2.8433628e-03
   5.1900000e+02   2.0209250e+01   3.8128680e+00  -4.6276851e-02   1.0401861e-02   2.8396676e-03
   5.2000000e+02   2.0175090e+01   3.8119850e+00  -4.6254279e-02   1.0420913e-02   2.8359576e-03
   5.2100000e+02   2.0141090e+01   3.8110990e+00  -4.6231700e-02   1.0439975e-02   2.8322344e-03
   5.2200000e+02   2.0107220e+01   3.8102120e+00  -4.6209085e-02   1.0459048e-02   2.8284959e-03
   5.2300000e+02   2.0073500e+01   3.8093220e+00  -4.6186479e-02   1.0478132e-02   2.8247440e-03
   5.2400000e+02   2.0039920e+01   3.8084300e+00  -4.6163850e-02   1.0497227e-02   2.8209784e-03
   5.2500000e+02   2.0006490e+01   3.8075350e+00  -4.6141219e-02   1.0516336e-02   2.8172005e-03
   5.2600000e+02   1.9973190e+01   3.8066390e+00  -4.6118566e-02   1.0535455e-02   2.8134083e-03
   5.2700000e+02   1.9940040e+01   3.8057400e+00  -4.6095910e-02   1.0554582e-02   2.8096037e-03
   5.2800000e+02   1.9907020e+01   3.8048390e+00  -4.6073245e-02   1.0573727e-02   2.8057871e-03
   5.2900000e+02   1.9874140e+01   3.8039350e+00  -4.6050582e-02   1.0592886e-02   2.8019582e-03
   5.3000000e+02   1.9841400e+01   3.8030300e+00  -4.6027900e-02   1.0612051e-02   2.7981171e-03
   5.3100000e+02   1.9808800e+01   3.8021220e+00  -4.6005217e-02   1.0631230e-02   2.7942645e-03
   5.3200000e+02   1.9776330e+01   3.8012120e+00  -4.5982528e-02   1.0650425e-02   2.7904009e-03
   5.3300000e+02   1.9744000e+01   3.8002990e+00  -4.5959849e-02   1.0669632e-02   2.7865259e-03
   5.3400000e+02   1.9711810e+01   3.7993850e+00  -4.5937151e-02   1.0688845e-02   2.7826397e-03
   5.3500000e+02   1.9679750e+01   3.7984680e+00  -4.5914461e-02   1.0708074e-02   2.7787430e-03
   5.3600000e+02   1.9647820e+01   3.7975490e+00  -4.5891767e-02   1.0727319e-02   2.7748362e-03
   5.3700000e+02   1.9616020e+01   3.7966280e+00  -4.5869058e-02   1.0746578e-02   2.7709192e-03
   5.3800000e+02   1.9584360e+01   3.7957050e+00  -4.5846355e-02   1.0765844e-02   2.7669920e-03
   5.3900000e+02   1.9552830e+01   3.7947790e+00  -4.5823669e-02   1.0785127e-02   2.7630559e-03
   5.4000000e+02   1.9521420e+01   3.7938510e+00  -4.5800982e-02   1.0804428e-02   2.7591105e-03
   5.4100000e+02   1.9490150e+01   3.7929210e+00  -4.5778287e-02   1.0823737e-02   2.7551559e-03
   5.4200000e+02   1.9459010e+01   3.7919890e+00  -4.5755599e-02   1.0843056e-02   2.7511924e-03
   5.4300000e+02   1.9427990e+01   3.7910550e+00  -4.5732913e-02   1.0862396e-02   2.7472203e-03
   5.4400000e+02   1.9397100e+01   3.7901190e+00  -4.5710227e-02   1.0881744e-02   2.7432394e-03
   5.4500000e+02   1.9366340e+01   3.7891800e+00  -4.5687552e-02   1.0901110e-02   2.7392517e-03
   5.4600000e+02   1.9335700e+01   3.7882390e+00  -4.5664894e-02   1.0920492e-02   2.7352561e-03
   5.4700000e+02   1.9305190e+01   3.7872960e+00  -4.5642234e-02   1.0939884e-02   2.7312528e-03
   5.4800000e+02   1.9274800e+01   3.7863510e+00  -4.5619580e-02   1.0959292e-02   2.7272420e-03
   5.4900000e+02   1.9244540e+01   3.7854040e+00  -4.5596929e-02   1.0978714e-02   2.7232247e-03
   5.5000000e+02   1.9214400e+01   3.7844540e+00  -4.5574300e-02   1.0998153e-02   2.7192009e-03
   5.5100000e+02   1.9184390e+01   3.7835030e+00  -4.5551667e-02   1.1017598e-02   2.7151699e-03
   5.5200000e+02   1.9154490e+01   3.7825490e+00  -4.5529062e-02   1.1037067e-02   2.7111335e-03
   5.5300000e+02   1.9124720e+01   3.7815940e+00  -4.5506440e-02   1.1056543e-02   2.7070905e-03
   5.5400000e+02   1.9095060e+01   3.7806360e+00  -4.5483853e-02   1.1076042e-02   2.7030425e-03
   5.5500000e+02   1.9065530e+01   3.7796760e+00  -4.5461274e-02   1.1095551e-02   2.6989888e-03
   5.5600000e+02   1.9036120e+01   3.7787140e+00  -4.5438700e-02   1.1115076e-02   2.6949306e-03
   5.5700000e+02   1.9006820e+01   3.7777490e+00  -4.5416156e-02   1.1134621e-02   2.6908671e-03
   5.5800000e+02   1.8977640e+01   3.7767830e+00  -4.5393615e-02   1.1154180e-02   2.6867994e-03
   5.5900000e+02   1.8948580e+01   3.7758150e+00  -4.5371087e-02   1.1173746e-02   2.6827260e-03
   5.6000000e+02   1.8919640e+01   3.7748440e+00  -4.5348581e-02   1.1193336e-02   2.6786501e-03
   5.6100000e+02   1.8890810e+01   3.7738720e+00  -4.5326078e-02   1.1212936e-02   2.6745690e-03
   5.6200000e+02   1.8862100e+01   3.7728970e+00  -4.5303605e-02   1.1232556e-02   2.6704856e-03
   5.6300000e+02   1.8833500e+01   3.7719210e+00  -4.5281141e-02   1.1252187e-02   2.6663976e-03
   5.6400000e+02   1.8805020e+01   3.7709420e+00  -4.5258696e-02   1.1271836e-02   2.6623071e-03
   5.6500000e+02   1.8776650e+01   3.7699610e+00  -4.5236271e-02   1.1291503e-02   2.6582142e-03
   5.6600000e+02   1.8748390e+01   3.7689780e+00  -4.5213864e-02   1.1311189e-02   2.6541186e-03
   5.6700000e+02   1.8720240e+01   3.7679930e+00  -4.5191484e-02   1.1330890e-02   2.6500206e-03
   5.6800000e+02   1.8692210e+01   3.7670070e+00  -4.5169102e-02   1.1350599e-02   2.6459194e-03
   5.6900000e+02   1.8664290e+01   3.7660180e+00  -4.5146760e-02   1.1370328e-02   2.6418173e-03
   5.7000000e+02   1.8636470e+01   3.7650270e+00  -4.5124426e-02   1.1390079e-02   2.6377136e-03
   5.7100000e+02   1.8608770e+01   3.7640340e+00  -4.5102118e-02   1.1409842e-02   2.6336083e-03
   5.7200000e+02   1.8581180e+01   3.7630390e+00  -4.5079835e-02   1.1429621e-02   2.6295026e-03
   5.7300000e+02   1.8553690e+01   3.7620420e+00  -4.5057579e-02   1.1449421e-02   2.6253953e-03
   5.7400000e+02   1.8526320e+01   3.7610430e+00  -4.5035332e-02   1.1469233e-02   2.6212879e-03
   5.7500000e+02   1.8499050e+01   3.7600420e+00  -4.5013113e-02   1.1489066e-02   2.6171802e-03
   5.7600000e+02   1.8471890e+01   3.7590400e+00  -4.4990911e-02   1.1508906e-02   2.6130711e-03
   5.7700000e+02   1.8444830e+01   3.7580350e+00  -4.4968744e-02   1.1528773e-02   2.6089629e-03
   5.7800000e+02   1.8417880e+01   3.7570280e+00  -4.4946598e-02   1.1548657e-02   2.6048554e-03
   5.7900000e+02   1.8391040e+01   3.7560190e+00  -4.4924480e-02   1.1568555e-02   2.6007486e-03
   5.8000000e+02   1.8364300e+01   3.7550090e+00  -4.4902375e-02   1.1588466e-02   2.5966418e-03
   5.8100000e+02   1.8337660e+01   3.7539960e+00  -4.4880309e-02   1.1608402e-02   2.5925365e-03
   5.8200000e+02   1.8311130e+01   3.7529820e+00  -4.4858252e-02   1.1628349e-02   2.5884320e-03
   5.8300000e+02   1.8284700e+01   3.7519650e+00  -4.4836234e-02   1.1648320e-02   2.5843302e-03
   5.8400000e+02   1.8258370e+01   3.7509470e+00  -4.4814241e-02   1.1668304e-02   2.5802294e-03
   5.8500000e+02   1.8232150e+01   3.7499270e+00  -4.4792276e-02   1.1688303e-02   2.5761298e-03
   5.8600000e+02   1.8206020e+01   3.7489050e+00  -4.4770334e-02   1.1708324e-02   2.5720330e-03
   5.8700000e+02   1.8180000e+01   3.7478810e+00  -4.4748417e-02   1.1728361e-02   2.5679389e-03
   5.8800000e+02   1.8154080e+01   3.7468550e+00  -4.4726538e-02   1.1748415e-02   2.5638474e-03
   5.8900000e+02   1.8128250e+01   3.7458270e+00  -4.4704690e-02   1.1768494e-02   2.5597595e-03
   5.9000000e+02   1.8102530e+01   3.7447970e+00  -4.4682860e-02   1.1788585e-02   2.5556741e-03
   5.9100000e+02   1.8076900e+01   3.7437660e+00  -4.4661052e-02   1.1808693e-02   2.5515922e-03
   5.9200000e+02   1.8051380e+01   3.7427330e+00  -4.4639288e-02   1.1828815e-02   2.5475128e-03
   5.9300000e+02   1.8025950e+01   3.7416970e+00  -4.4617544e-02   1.1848964e-02   2.5434389e-03
   5.9400000e+02   1.8000610e+01   3.7406600e+00  -4.4595840e-02   1.1869131e-02   2.5393686e-03
   5.9500000e+02   1.7975380e+01   3.7396220e+00  -4.4574160e-02   1.1889303e-02   2.5353015e-03
   5.9600000e+02   1.7950240e+01   3.7385810e+00  -4.4552503e-02   1.1909506e-02   2.5312399e-03
   5.9700000e+02   1.7925190e+01   3.7375390e+00  -4.4530886e-02   1.1929723e-02   2.5271820e-03
   5.9800000e+02   1.7900250e+01   3.7364940e+00  -4.4509303e-02   1.1949959e-02   2.5231302e-03
   5.9900000e+02   1.7875390e+01   3.7354480e+00  -4.4487756e-02   1.1970214e-02   2.5190826e-03
   6.0000000e+02   1.7850630e+01   3.7344010e+00  -4.4466215e-02   1.1990482e-02   2.5150403e-03
   6.0100000e+02   1.7825960e+01   3.7333510e+00  -4.4444727e-02   1.2010778e-02   2.5110045e-03
   6.0200000e+02   1.7801390e+01   3.7323000e+00  -4.4423265e-02   1.2031082e-02   2.5069731e-03
   6.0300000e+02   1.7776910e+01   3.7312470e+00  -4.4401833e-02   1.2051408e-02   2.5029487e-03
   6.0400000e+02   1.7752520e+01   3.7301920e+00  -4.4380435e-02   1.2071755e-02   2.4989299e-03
   6.0500000e+02   1.7728220e+01   3.7291350e+00  -4.4359067e-02   1.2092125e-02   2.4949182e-03
   6.0600000e+02   1.7704020e+01   3.7280770e+00  -4.4337741e-02   1.2112502e-02   2.4909123e-03
   6.0700000e+02   1.7679900e+01   3.7270170e+00  -4.4316443e-02   1.2132906e-02   2.4869131e-03
   6.0800000e+02   1.7655870e+01   3.7259550e+00  -4.4295183e-02   1.2153330e-02   2.4829215e-03
   6.0900000e+02   1.7631940e+01   3.7248920e+00  -4.4273942e-02   1.2173765e-02   2.4789368e-03
   6.1000000e+02   1.7608090e+01   3.7238270e+00  -4.4252748e-02   1.2194223e-02   2.4749589e-03
   6.1100000e+02   1.7584340e+01   3.7227600e+00  -4.4231579e-02   1.2214697e-02   2.4709895e-03
   6.1200000e+02   1.7560670e+01   3.7216920e+00  -4.4210442e-02   1.2235192e-02   2.4670276e-03
   6.1300000e+02   1.7537080e+01   3.7206220e+00  -4.4189347e-02   1.2255709e-02   2.4630732e-03
   6.1400000e+02   1.7513590e+01   3.7195500e+00  -4.4168284e-02   1.2276241e-02   2.4591273e-03
   6.1500000e+02   1.7490180e+01   3.7184760e+00  -4.4147266e-02   1.2296799e-02   2.4551903e-03
   6.1600000e+02   1.7466860e+01   3.7174010e+00  -4.4126279e-02   1.2317367e-02   2.4512610e-03
   6.1700000e+02   1.7443630e+01   3.7163250e+00  -4.4105303e-02   1.2337951e-02   2.4473401e-03
   6.1800000e+02   1.7420480e+01   3.7152470e+00  -4.4084373e-02   1.2358560e-02   2.4434291e-03
   6.1900000e+02   1.7397420e+01   3.7141670e+00  -4.4063489e-02   1.2379185e-02   2.4395266e-03
   6.2000000e+02   1.7374440e+01   3.7130850e+00  -4.4042646e-02   1.2399836e-02   2.4356341e-03
   6.2100000e+02   1.7351540e+01   3.7120020e+00  -4.4021819e-02   1.2420504e-02   2.4317507e-03
   6.2200000e+02   1.7328730e+01   3.7109170e+00  -4.4001046e-02   1.2441190e-02   2.4278768e-03
   6.2300000e+02   1.7306010e+01   3.7098310e+00  -4.3980298e-02   1.2461887e-02   2.4240123e-03
   6.2400000e+02   1.7283360e+01   3.7087440e+00  -4.3959577e-02   1.2482608e-02   2.4201578e-03
   6.2500000e+02   1.7260800e+01   3.7076540e+00  -4.3938899e-02   1.2503354e-02   2.4163146e-03
   6.2600000e+02   1.7238320e+01   3.7065630e+00  -4.3918265e-02   1.2524115e-02   2.4124810e-03
   6.2700000e+02   1.7215920e+01   3.7054710e+00  -4.3897659e-02   1.2544892e-02   2.4086579e-03
   6.2800000e+02   1.7193610e+01   3.7043770e+00  -4.3877082e-02   1.2565689e-02   2.4048458e-03
   6.2900000e+02   1.7171370e+01   3.7032820e+00  -4.3856547e-02   1.2586506e-02   2.4010438e-03
   6.3000000e+02   1.7149220e+01   3.7021850e+00  -4.3836054e-02   1.2607339e-02   2.3972536e-03
   6.3100000e+02   1.7127140e+01   3.7010860e+00  -4.3815597e-02   1.2628202e-02   2.3934752e-03
   6.3200000e+02   1.7105150e+01   3.6999870e+00  -4.3795163e-02   1.2649068e-02   2.3897067e-03
   6.3300000e+02   1.7083230e+01   3.6988850e+00  -4.3774782e-02   1.2669967e-02   2.3859507e-03
   6.3400000e+02   1.7061390e+01   3.6977830e+00  -4.3754416e-02   1.2690876e-02   2.3822058e-03
   6.3500000e+02   1.7039630e+01   3.6966780e+00  -4.3734105e-02   1.2711815e-02   2.3784735e-03
   6.3600000e+02   1.7017950e+01   3.6955730e+00  -4.3713818e-02   1.2732760e-02   2.3747523e-03
   6.3700000e+02   1.6996350e+01   3.6944660e+00  -4.3693571e-02   1.2753726e-02   2.3710437e-03
   6.3800000e+02   1.6974820e+01   3.6933570e+00  -4.3673374e-02   1.2774719e-02   2.3673475e-03
   6.3900000e+02   1.6953370e+01   3.6922470e+00  -4.3653197e-02   1.2795729e-02   2.3636642e-03
   6.4000000e+02   1.6932000e+01   3.6911360e+00  -4.3633060e-02   1.2816752e-02   2.3599928e-03
   6.4100000e+02   1.6910710e+01   3.6900230e+00  -4.3612962e-02   1.2837794e-02   2.3563345e-03
   6.4200000e+02   1.6889480e+01   3.6889090e+00  -4.3592902e-02   1.2858862e-02   2.3526890e-03
   6.4300000e+02   1.6868340e+01   3.6877940e+00  -4.3572874e-02   1.2879936e-02   2.3490559e-03
   6.4400000e+02   1.6847270e+01   3.6866770e+00  -4.3552886e-02   1.2901041e-02   2.3454370e-03
   6.4500000e+02   1.6826270e+01   3.6855590e+00  -4.3532924e-02   1.2922164e-02   2.3418313e-03
   6.4600000e+02   1.6805350e+01   3.6844390e+00  -4.3513017e-02   1.2943304e-02   2.3382392e-03
   6.4700000e+02   1.6784500e+01   3.6833180e+00  -4.3493137e-02   1.2964466e-02   2.3346609e-03
   6.4800000e+02   1.6763730e+01   3.6821960e+00  -4.3473293e-02   1.2985639e-02   2.3310961e-03
   6.4900000e+02   1.6743020e+01   3.6810730e+00  -4.3453483e-02   1.3006835e-02   2.3275446e-03
   6.5000000e+02   1.6722400e+01   3.6799480e+00  -4.3433714e-02   1.3028046e-02   2.3240080e-03
   6.5100000e+02   1.6701840e+01   3.6788220e+00  -4.3413978e-02   1.3049281e-02   2.3204851e-03
   6.5200000e+02   1.6681350e+01   3.6776950e+00  -4.3394275e-02   1.3070535e-02   2.3169766e-03
   6.5300000e+02   1.6660940e+01   3.6765660e+00  -4.3374622e-02   1.3091806e-02   2.3134829e-03
   6.5400000e+02   1.6640600e+01   3.6754360e+00  -4.3354998e-02   1.3113092e-02   2.3100034e-03
   6.5500000e+02   1.6620330e+01   3.6743050e+00  -4.3335407e-02   1.3134401e-02   2.3065391e-03
   6.5600000e+02   1.6600120e+01   3.6731730e+00  -4.3315847e-02   1.3155729e-02   2.3030887e-03
   6.5700000e+02   1.6579990e+01   3.6720400e+00  -4.3296327e-02   1.3177069e-02   2.2996535e-03
   6.5800000e+02   1.6559930e+01   3.6709050e+00  -4.3276847e-02   1.3198434e-02   2.2962340e-03
   6.5900000e+02   1.6539940e+01   3.6697690e+00  -4.3257403e-02   1.3219814e-02   2.2928295e-03
   6.6000000e+02   1.6520020e+01   3.6686320e+00  -4.3237990e-02   1.3241211e-02   2.2894399e-03
   6.6100000e+02   1.6500160e+01   3.6674940e+00  -4.3218615e-02   1.3262630e-02   2.2860658e-03
   6.6200000e+02   1.6480380e+01   3.6663540e+00  -4.3199281e-02   1.3284067e-02   2.2827079e-03
   6.6300000e+02   1.6460660e+01   3.6652140e+00  -4.3179972e-02   1.3305518e-02   2.2793647e-03
   6.6400000e+02   1.6441010e+01   3.6640720e+00  -4.3160707e-02   1.3326992e-02   2.2760376e-03
   6.6500000e+02   1.6421430e+01   3.6629290e+00  -4.3141479e-02   1.3348480e-02   2.2727265e-03
   6.6600000e+02   1.6401910e+01   3.6617850e+00  -4.3122285e-02   1.3369991e-02   2.2694314e-03
   6.6700000e+02   1.6382460e+01   3.6606400e+00  -4.3103121e-02   1.3391516e-02   2.2661520e-03
   6.6800000e+02   1.6363080e+01   3.6594940e+00  -4.3083991e-02   1.3413057e-02   2.2628891e-03
   6.6900000e+02   1.6343760e+01   3.6583470e+00  -4.3064903e-02   1.3434618e-02   2.2596423e-03
   6.7000000e+02   1.6324510e+01   3.6571980e+00  -4.3045856e-02   1.3456201e-02   2.2564121e-03
   6.7100000e+02   1.6305330e+01   3.6560490e+00  -4.3026827e-02   1.3477791e-02   2.2531979e-03
   6.7200000e+02   1.6286200e+01   3.6548980e+00  -4.3007849e-02   1.3499417e-02   2.2500012e-03
   6.7300000e+02   1.6267150e+01   3.6537470e+00  -4.2988891e-02   1.3521039e-02   2.2468203e-03
   6.7400000e+02   1.6248160e+01   3.6525940e+00  -4.2969982e-02   1.3542689e-02   2.2436561e-03
   6.7500000e+02   1.6229230e+01   3.6514410e+00  -4.2951096e-02   1.3564355e-02   2.2405091e-03
   6.7600000e+02   1.6210360e+01   3.6502860e+00  -4.2932250e-02   1.3586046e-02   2.2373793e-03
   6.7700000e+02   1.6191560e+01   3.6491300e+00  -4.2913446e-02   1.3607748e-02   2.2342662e-03
   6.7800000e+02   1.6172830e+01   3.6479740e+00  -4.2894657e-02   1.3629458e-02   2.2311706e-03
   6.7900000e+02   1.6154150e+01   3.6468160e+00  -4.2875919e-02   1.3651199e-02   2.2280916e-03
   6.8000000e+02   1.6135540e+01   3.6456570e+00  -4.2857217e-02   1.3672952e-02   2.2250305e-03
   6.8100000e+02   1.6116990e+01   3.6444980e+00  -4.2838536e-02   1.3694720e-02   2.2219864e-03
   6.8200000e+02   1.6098500e+01   3.6433370e+00  -4.2819898e-02   1.3716510e-02   2.2189598e-03
   6.8300000e+02   1.6080070e+01   3.6421760e+00  -4.2801287e-02   1.3738313e-02   2.2159506e-03
   6.8400000e+02   1.6061710e+01   3.6410140e+00  -4.2782710e-02   1.3760125e-02   2.2129589e-03
   6.8500000e+02   1.6043400e+01   3.6398500e+00  -4.2764180e-02   1.3781971e-02   2.2099859e-03
   6.8600000e+02   1.6025160e+01   3.6386860e+00  -4.2745667e-02   1.3803819e-02   2.2070295e-03
   6.8700000e+02   1.6006980e+01   3.6375210e+00  -4.2727197e-02   1.3825685e-02   2.2040913e-03
   6.8800000e+02   1.5988850e+01   3.6363550e+00  -4.2708752e-02   1.3847576e-02   2.2011715e-03
   6.8900000e+02   1.5970790e+01   3.6351880e+00  -4.2690346e-02   1.3869476e-02   2.1982689e-03
   6.9000000e+02   1.5952780e+01   3.6340200e+00  -4.2671981e-02   1.3891399e-02   2.1953848e-03
   6.9100000e+02   1.5934840e+01   3.6328520e+00  -4.2653628e-02   1.3913326e-02   2.1925186e-03
   6.9200000e+02   1.5916950e+01   3.6316820e+00  -4.2635326e-02   1.3935282e-02   2.1896706e-03
   6.9300000e+02   1.5899120e+01   3.6305120e+00  -4.2617049e-02   1.3957246e-02   2.1868407e-03
   6.9400000e+02   1.5881350e+01   3.6293410e+00  -4.2598805e-02   1.3979227e-02   2.1840291e-03
   6.9500000e+02   1.5863640e+01   3.6281690e+00  -4.2580598e-02   1.4001224e-02   2.1812361e-03
   6.9600000e+02   1.5845980e+01   3.6269960e+00  -4.2562420e-02   1.4023242e-02   2.1784614e-03
   6.9700000e+02   1.5828390e+01   3.6258230e+00  -4.2544269e-02   1.4045262e-02   2.1757046e-03
   6.9800000e+02   1.5810850e+01   3.6246490e+00  -4.2526147e-02   1.4067304e-02   2.1729668e-03
   6.9900000e+02   1.5793360e+01   3.6234740e+00  -4.2508068e-02   1.4089367e-02   2.1702477e-03
   7.0000000e+02   1.5775940e+01   3.6222980e+00  -4.2490017e-02   1.4111437e-02   2.1675472e-03
   7.0100000e+02   1.5758570e+01   3.6211210e+00  -4.2472004e-02   1.4133530e-02   2.1648656e-03
   7.0200000e+02   1.5741250e+01   3.6199440e+00  -4.2454005e-02   1.4155637e-02   2.1622024e-03
   7.0300000e+02   1.5723990e+01   3.6187660e+00  -4.2436051e-02   1.4177757e-02   2.1595579e-03
   7.0400000e+02   1.5706790e+01   3.6175870e+00  -4.2418128e-02   1.4199889e-02   2.1569324e-03
   7.0500000e+02   1.5689640e+01   3.6164080e+00  -4.2400223e-02   1.4222036e-02   2.1543257e-03
   7.0600000e+02   1.5672550e+01   3.6152280e+00  -4.2382355e-02   1.4244194e-02   2.1517372e-03
   7.0700000e+02   1.5655510e+01   3.6140470e+00  -4.2364523e-02   1.4266372e-02   2.1491683e-03
   7.0800000e+02   1.5638530e+01   3.6128650e+00  -4.2346723e-02   1.4288566e-02   2.1466187e-03
   7.0900000e+02   1.5621600e+01   3.6116830e+00  -4.2328945e-02   1.4310769e-02   2.1440879e-03
   7.1000000e+02   1.5604720e+01   3.6105000e+00  -4.2311209e-02   1.4332992e-02   2.1415763e-03
   7.1100000e+02   1.5587900e+01   3.6093170e+00  -4.2293484e-02   1.4355221e-02   2.1390831e-03
   7.1200000e+02   1.5571130e+01   3.6081330e+00  -4.2275802e-02   1.4377465e-02   2.1366091e-03
   7.1300000e+02   1.5554410e+01   3.6069480e+00  -4.2258148e-02   1.4399730e-02   2.1341550e-03
   7.1400000e+02   1.5537750e+01   3.6057630e+00  -4.2240520e-02   1.4421999e-02   2.1317197e-03
   7.1500000e+02   1.5521140e+01   3.6045770e+00  -4.2222927e-02   1.4444285e-02   2.1293029e-03
   7.1600000e+02   1.5504580e+01   3.6033900e+00  -4.2205368e-02   1.4466589e-02   2.1269064e-03
   7.1700000e+02   1.5488070e+01   3.6022030e+00  -4.2187827e-02   1.4488905e-02   2.1245291e-03
   7.1800000e+02   1.5471620e+01   3.6010150e+00  -4.2170322e-02   1.4511230e-02   2.1221707e-03
   7.1900000e+02   1.5455210e+01   3.5998270e+00  -4.2152842e-02   1.4533570e-02   2.1198314e-03
   7.2000000e+02   1.5438860e+01   3.5986380e+00  -4.2135392e-02   1.4555924e-02   2.1175125e-03
   7.2100000e+02   1.5422560e+01   3.5974490e+00  -4.2117962e-02   1.4578283e-02   2.1152118e-03
   7.2200000e+02   1.5406310e+01   3.5962590e+00  -4.2100572e-02   1.4600662e-02   2.1129308e-03
   7.2300000e+02   1.5390110e+01   3.5950690e+00  -4.2083202e-02   1.4623046e-02   2.1106691e-03
   7.2400000e+02   1.5373960e+01   3.5938780e+00  -4.2065863e-02   1.4645449e-02   2.1084270e-03
   7.2500000e+02   1.5357860e+01   3.5926870e+00  -4.2048553e-02   1.4667858e-02   2.1062042e-03
   7.2600000e+02   1.5341810e+01   3.5914950e+00  -4.2031267e-02   1.4690284e-02   2.1040007e-03
   7.2700000e+02   1.5325810e+01   3.5903020e+00  -4.2014024e-02   1.4712723e-02   2.1018173e-03
   7.2800000e+02   1.5309860e+01   3.5891100e+00  -4.1996787e-02   1.4735166e-02   2.0996526e-03
   7.2900000e+02   1.5293960e+01   3.5879160e+00  -4.1979592e-02   1.4757628e-02   2.0975082e-03
   7.3000000e+02   1.5278100e+01   3.5867230e+00  -4.1962414e-02   1.4780098e-02   2.0953822e-03
   7.3100000e+02   1.5262300e+01   3.5855290e+00  -4.1945263e-02   1.4802577e-02   2.0932766e-03
   7.3200000e+02   1.5246540e+01   3.5843340e+00  -4.1928149e-02   1.4825073e-02   2.0911903e-03
   7.3300000e+02   1.5230830e+01   3.5831390e+00  -4.1911061e-02   1.4847579e-02   2.0891237e-03
   7.3400000e+02   1.5215170e+01   3.5819440e+00  -4.1893988e-02   1.4870089e-02   2.0870758e-03
   7.3500000e+02   1.5199560e+01   3.5807480e+00  -4.1876946e-02   1.4892613e-02   2.0850485e-03
   7.3600000e+02   1.5184000e+01   3.5795520e+00  -4.1859932e-02   1.4915141e-02   2.0830398e-03
   7.3700000e+02   1.5168480e+01   3.5783550e+00  -4.1842950e-02   1.4937691e-02   2.0810515e-03
   7.3800000e+02   1.5153010e+01   3.5771580e+00  -4.1825984e-02   1.4960245e-02   2.0790821e-03
   7.3900000e+02   1.5137580e+01   3.5759610e+00  -4.1809048e-02   1.4982812e-02   2.0771325e-03
   7.4000000e+02   1.5122210e+01   3.5747630e+00  -4.1792139e-02   1.5005383e-02   2.0752023e-03
   7.4100000e+02   1.5106870e+01   3.5735650e+00  -4.1775256e-02   1.5027973e-02   2.0732915e-03
   7.4200000e+02   1.5091590e+01   3.5723670e+00  -4.1758394e-02   1.5050562e-02   2.0714007e-03
   7.4300000e+02   1.5076350e+01   3.5711680e+00  -4.1741562e-02   1.5073166e-02   2.0695287e-03
   7.4400000e+02   1.5061160e+01   3.5699690e+00  -4.1724751e-02   1.5095774e-02   2.0676768e-03
   7.4500000e+02   1.5046010e+01   3.5687700e+00  -4.1707963e-02   1.5118395e-02   2.0658437e-03
   7.4600000e+02   1.5030900e+01   3.5675700e+00  -4.1691207e-02   1.5141033e-02   2.0640312e-03
   7.4700000e+02   1.5015850e+01   3.5663710e+00  -4.1674466e-02   1.5163657e-02   2.0622369e-03
   7.4800000e+02   1.5000830e+01   3.5651700e+00  -4.1657767e-02   1.5186314e-02   2.0604631e-03
   7.4900000e+02   1.4985860e+01   3.5639700e+00  -4.1641071e-02   1.5208969e-02   2.0587080e-03
   7.5000000e+02   1.4970940e+01   3.5627700e+00  -4.1624403e-02   1.5231620e-02   2.0569721e-03
   7.5100000e+02   1.4956060e+01   3.5615690e+00  -4.1607763e-02   1.5254290e-02   2.0552562e-03
   7.5200000e+02   1.4941220e+01   3.5603680e+00  -4.1591149e-02   1.5276972e-02   2.0535594e-03
   7.5300000e+02   1.4926430e+01   3.5591660e+00  -4.1574564e-02   1.5299660e-02   2.0518828e-03
   7.5400000e+02   1.4911680e+01   3.5579650e+00  -4.1557985e-02   1.5322349e-02   2.0502247e-03
   7.5500000e+02   1.4896970e+01   3.5567630e+00  -4.1541445e-02   1.5345054e-02   2.0485863e-03
   7.5600000e+02   1.4882310e+01   3.5555610e+00  -4.1524925e-02   1.5367758e-02   2.0469670e-03
   7.5700000e+02   1.4867690e+01   3.5543590e+00  -4.1508422e-02   1.5390472e-02   2.0453671e-03
   7.5800000e+02   1.4853110e+01   3.5531570e+00  -4.1491949e-02   1.5413193e-02   2.0437868e-03
   7.5900000e+02   1.4838580e+01   3.5519540e+00  -4.1475497e-02   1.5435920e-02   2.0422256e-03
   7.6000000e+02   1.4824090e+01   3.5507520e+00  -4.1459061e-02   1.5458645e-02   2.0406828e-03
   7.6100000e+02   1.4809640e+01   3.5495490e+00  -4.1442656e-02   1.5481384e-02   2.0391601e-03
   7.6200000e+02   1.4795230e+01   3.5483460e+00  -4.1426268e-02   1.5504133e-02   2.0376565e-03
   7.6300000e+02   1.4780860e+01   3.5471430e+00  -4.1409904e-02   1.5526885e-02   2.0361719e-03
   7.6400000e+02   1.4766540e+01   3.5459400e+00  -4.1393566e-02   1.5549634e-02   2.0347059e-03
   7.6500000e+02   1.4752250e+01   3.5447360e+00  -4.1377256e-02   1.5572407e-02   2.0332603e-03
   7.6600000e+02   1.4738010e+01   3.5435330e+00  -4.1360951e-02   1.5595169e-02   2.0318331e-03
   7.6700000e+02   1.4723810e+01   3.5423290e+00  -4.1344680e-02   1.5617941e-02   2.0304246e-03
   7.6800000e+02   1.4709650e+01   3.5411260e+00  -4.1328421e-02   1.5640713e-02   2.0290354e-03
   7.6900000e+02   1.4695530e+01   3.5399220e+00  -4.1312190e-02   1.5663496e-02   2.0276653e-03
   7.7000000e+02   1.4681450e+01   3.5387180e+00  -4.1295985e-02   1.5686282e-02   2.0263143e-03
   7.7100000e+02   1.4667410e+01   3.5375140e+00  -4.1279800e-02   1.5709074e-02   2.0249819e-03
   7.7200000e+02   1.4653410e+01   3.5363110e+00  -4.1263619e-02   1.5731862e-02   2.0236681e-03
   7.7300000e+02   1.4639450e+01   3.5351070e+00  -4.1247466e-02   1.5754659e-02   2.0223734e-03
   7.7400000e+02   1.4625520e+01   3.5339030e+00  -4.1231340e-02   1.5777469e-02   2.0210975e-03
   7.7500000e+02   1.4611640e+01   3.5326990e+00  -4.1215235e-02   1.5800275e-02   2.0198408e-03
   7.7600000e+02   1.4597800e+01   3.5314950e+00  -4.1199151e-02   1.5823080e-02   2.0186025e-03
   7.7700000e+02   1.4584000e+01   3.5302910e+00  -4.1183081e-02   1.5845888e-02   2.0173826e-03
   7.7800000e+02   1.4570230e+01   3.5290870e+00  -4.1167039e-02   1.5868707e-02   2.0161818e-03
   7.7900000e+02   1.4556510e+01   3.5278830e+00  -4.1151015e-02   1.5891520e-02   2.0149995e-03
   7.8000000e+02   1.4542820e+01   3.5266790e+00  -4.1135010e-02   1.5914339e-02   2.0138354e-03
   7.8100000e+02   1.4529170e+01   3.5254750e+00  -4.1119024e-02   1.5937164e-02   2.0126904e-03
   7.8200000e+02   1.4515560e+01   3.5242710e+00  -4.1103062e-02   1.5959988e-02   2.0115634e-03
   7.8300000e+02   1.4501990e+01   3.5230670e+00  -4.1087116e-02   1.5982812e-02   2.0104554e-03
   7.8400000e+02   1.4488450e+01   3.5218630e+00  -4.1071192e-02   1.6005645e-02   2.0093654e-03
   7.8500000e+02   1.4474960e+01   3.5206590e+00  -4.1055284e-02   1.6028470e-02   2.0082944e-03
   7.8600000e+02   1.4461500e+01   3.5194550e+00  -4.1039399e-02   1.6051301e-02   2.0072408e-03
   7.8700000e+02   1.4448080e+01   3.5182520e+00  -4.1023527e-02   1.6074126e-02   2.0062058e-03
   7.8800000e+02   1.4434690e+01   3.5170480e+00  -4.1007678e-02   1.6096965e-02   2.0051891e-03
   7.8900000e+02   1.4421340e+01   3.5158450e+00  -4.0991842e-02   1.6119794e-02   2.0041903e-03
   7.9000000e+02   1.4408030e+01   3.5146410e+00  -4.0976038e-02   1.6142630e-02   2.0032104e-03
   7.9100000e+02   1.4394760e+01   3.5134380e+00  -4.0960243e-02   1.6165460e-02   2.0022480e-03
   7.9200000e+02   1.4381520e+01   3.5122350e+00  -4.0944465e-02   1.6188291e-02   2.0013036e-03
   7.9300000e+02   1.4368310e+01   3.5110310e+00  -4.0928722e-02   1.6211139e-02   2.0003776e-03
   7.9400000e+02   1.4355150e+01   3.5098280e+00  -4.0912989e-02   1.6233968e-02   1.9994691e-03
   7.9500000e+02   1.4342020e+01   3.5086260e+00  -4.0897259e-02   1.6256793e-02   1.9985783e-03
   7.9600000e+02   1.4328920e+01   3.5074230e+00  -4.0881562e-02   1.6279632e-02   1.9977054e-03
   7.9700000e+02   1.4315860e+01   3.5062200e+00  -4.0865885e-02   1.6302467e-02   1.9968508e-03
   7.9800000e+02   1.4302840e+01   3.5050180e+00  -4.0850213e-02   1.6325293e-02   1.9960135e-03
   7.9900000e+02   1.4289850e+01   3.5038160e+00  -4.0834561e-02   1.6348122e-02   1.9951939e-03
   8.0000000e+02   1.4276900e+01   3.5026140e+00  -4.0818938e-02   1.6370944e-02   1.9943921e-03
   8.0100000e+02   1.4263980e+01   3.5014120e+00  -4.0803323e-02   1.6393774e-02   1.9936080e-03
   8.0200000e+02   1.4251100e+01   3.5002100e+00  -4.0787734e-02   1.6416598e-02   1.9928413e-03
   8.0300000e+02   1.4238250e+01   3.4990080e+00  -4.0772166e-02   1.6439423e-02   1.9920921e-03
   8.0400000e+02   1.4225440e+01   3.4978070e+00  -4.0756600e-02   1.6462236e-02   1.9913603e-03
   8.0500000e+02   1.4212660e+01   3.4966060e+00  -4.0741062e-02   1.6485051e-02   1.9906451e-03
   8.0600000e+02   1.4199910e+01   3.4954050e+00  -4.0725539e-02   1.6507870e-02   1.9899482e-03
   8.0700000e+02   1.4187200e+01   3.4942040e+00  -4.0710035e-02   1.6530682e-02   1.9892684e-03
   8.0800000e+02   1.4174520e+01   3.4930040e+00  -4.0694539e-02   1.6553487e-02   1.9886051e-03
   8.0900000e+02   1.4161880e+01   3.4918040e+00  -4.0679064e-02   1.6576286e-02   1.9879594e-03
   8.1000000e+02   1.4149270e+01   3.4906040e+00  -4.0663601e-02   1.6599087e-02   1.9873307e-03
   8.1100000e+02   1.4136690e+01   3.4894040e+00  -4.0648167e-02   1.6621887e-02   1.9867187e-03
   8.1200000e+02   1.4124150e+01   3.4882040e+00  -4.0632745e-02   1.6644680e-02   1.9861244e-03
   8.1300000e+02   1.4111630e+01   3.4870050e+00  -4.0617344e-02   1.6667475e-02   1.9855465e-03
   8.1400000e+02   1.4099160e+01   3.4858060e+00  -4.0601948e-02   1.6690252e-02   1.9849853e-03
   8.1500000e+02   1.4086710e+01   3.4846080e+00  -4.0586571e-02   1.6713031e-02   1.9844403e-03
   8.1600000e+02   1.4074300e+01   3.4834090e+00  -4.0571219e-02   1.6735808e-02   1.9839133e-03
   8.1700000e+02   1.4061920e+01   3.4822110e+00  -4.0555872e-02   1.6758575e-02   1.9834019e-03
   8.1800000e+02   1.4049570e+01   3.4810130e+00  -4.0540548e-02   1.6781343e-02   1.9829080e-03
   8.1900000e+02   1.4037260e+01   3.4798160e+00  -4.0525230e-02   1.6804092e-02   1.9824292e-03
   8.2000000e+02   1.4024970e+01   3.4786190e+00  -4.0509937e-02   1.6826850e-02   1.9819682e-03
   8.2100000e+02   1.4012720e+01   3.4774220e+00  -4.0494658e-02   1.6849596e-02   1.9815230e-03
   8.2200000e+02   1.4000500e+01   3.4762250e+00  -4.0479403e-02   1.6872341e-02   1.9810943e-03
   8.2300000e+02   1.3988320e+01   3.4750290e+00  -4.0464153e-02   1.6895066e-02   1.9806819e-03
   8.2400000e+02   1.3976160e+01   3.4738330e+00  -4.0448919e-02   1.6917796e-02   1.9802852e-03
   8.2500000e+02   1.3964040e+01   3.4726370e+00  -4.0433712e-02   1.6940516e-02   1.9799054e-03
   8.2600000e+02   1.3951940e+01   3.4714420e+00  -4.0418510e-02   1.6963232e-02   1.9795412e-03
   8.2700000e+02   1.3939880e+01   3.4702470e+00  -4.0403329e-02   1.6985937e-02   1.9791932e-03
   8.2800000e+02   1.3927850e+01   3.4690530e+00  -4.0388144e-02   1.7008631e-02   1.9788606e-03
   8.2900000e+02   1.3915850e+01   3.4678590e+00  -4.0372987e-02   1.7031318e-02   1.9785440e-03
   8.3000000e+02   1.3903880e+01   3.4666650e+00  -4.0357855e-02   1.7054005e-02   1.9782440e-03
   8.3100000e+02   1.3891940e+01   3.4654720e+00  -4.0342719e-02   1.7076673e-02   1.9779581e-03
   8.3200000e+02   1.3880030e+01   3.4642790e+00  -4.0327616e-02   1.7099342e-02   1.9776893e-03
   8.3300000e+02   1.3868150e+01   3.4630860e+00  -4.0312518e-02   1.7122003e-02   1.9774362e-03
   8.3400000e+02   1.3856300e+01   3.4618940e+00  -4.0297435e-02   1.7144649e-02   1.9771977e-03
   8.3500000e+02   1.3844490e+01   3.4607020e+00  -4.0282375e-02   1.7167284e-02   1.9769753e-03
   8.3600000e+02   1.3832700e+01   3.4595100e+00  -4.0267328e-02   1.7189918e-02   1.9767683e-03
   8.3700000e+02   1.3820940e+01   3.4583190e+00  -4.0252286e-02   1.7212542e-02   1.9765765e-03
   8.3800000e+02   1.3809210e+01   3.4571290e+00  -4.0237261e-02   1.7235148e-02   1.9763996e-03
   8.3900000e+02   1.3797510e+01   3.4559390e+00  -4.0222250e-02   1.7257747e-02   1.9762380e-03
   8.4000000e+02   1.3785840e+01   3.4547490e+00  -4.0207252e-02   1.7280340e-02   1.9760917e-03
   8.4100000e+02   1.3774200e+01   3.4535600e+00  -4.0192274e-02   1.7302918e-02   1.9759603e-03
   8.4200000e+02   1.3762590e+01   3.4523710e+00  -4.0177313e-02   1.7325485e-02   1.9758439e-03
   8.4300000e+02   1.3751010e+01   3.4511830e+00  -4.0162347e-02   1.7348038e-02   1.9757420e-03
   8.4400000e+02   1.3739450e+01   3.4499950e+00  -4.0147416e-02   1.7370591e-02   1.9756557e-03
   8.4500000e+02   1.3727930e+01   3.4488070e+00  -4.0132495e-02   1.7393128e-02   1.9755845e-03
   8.4600000e+02   1.3716430e+01   3.4476200e+00  -4.0117588e-02   1.7415655e-02   1.9755271e-03
   8.4700000e+02   1.3704960e+01   3.4464340e+00  -4.0102679e-02   1.7438166e-02   1.9754843e-03
   8.4800000e+02   1.3693520e+01   3.4452470e+00  -4.0087807e-02   1.7460678e-02   1.9754571e-03
   8.4900000e+02   1.3682110e+01   3.4440620e+00  -4.0072937e-02   1.7483159e-02   1.9754432e-03
   8.5000000e+02   1.3670730e+01   3.4428770e+00  -4.0058077e-02   1.7505632e-02   1.9754444e-03
   8.5100000e+02   1.3659370e+01   3.4416920e+00  -4.0043239e-02   1.7528105e-02   1.9754600e-03
   8.5200000e+02   1.3648050e+01   3.4405080e+00  -4.0028404e-02   1.7550546e-02   1.9754888e-03
   8.5300000e+02   1.3636750e+01   3.4393240e+00  -4.0013589e-02   1.7572988e-02   1.9755332e-03
   8.5400000e+02   1.3625480e+01   3.4381410e+00  -3.9998788e-02   1.7595411e-02   1.9755908e-03
   8.5500000e+02   1.3614230e+01   3.4369590e+00  -3.9983994e-02   1.7617822e-02   1.9756624e-03
   8.5600000e+02   1.3603020e+01   3.4357770e+00  -3.9969215e-02   1.7640211e-02   1.9757481e-03
   8.5700000e+02   1.3591830e+01   3.4345950e+00  -3.9954460e-02   1.7662598e-02   1.9758480e-03
   8.5800000e+02   1.3580660e+01   3.4334140e+00  -3.9939714e-02   1.7684976e-02   1.9759616e-03
   8.5900000e+02   1.3569530e+01   3.4322330e+00  -3.9924977e-02   1.7707330e-02   1.9760894e-03
   8.6000000e+02   1.3558420e+01   3.4310530e+00  -3.9910259e-02   1.7729672e-02   1.9762305e-03
   8.6100000e+02   1.3547340e+01   3.4298740e+00  -3.9895537e-02   1.7751991e-02   1.9763848e-03
   8.6200000e+02   1.3536290e+01   3.4286950e+00  -3.9880842e-02   1.7774301e-02   1.9765535e-03
   8.6300000e+02   1.3525260e+01   3.4275170e+00  -3.9866147e-02   1.7796594e-02   1.9767344e-03
   8.6400000e+02   1.3514260e+01   3.4263390e+00  -3.9851479e-02   1.7818874e-02   1.9769297e-03
   8.6500000e+02   1.3503280e+01   3.4251620e+00  -3.9836818e-02   1.7841139e-02   1.9771380e-03
   8.6600000e+02   1.3492330e+01   3.4239850e+00  -3.9822170e-02   1.7863391e-02   1.9773601e-03
   8.6700000e+02   1.3481410e+01   3.4228090e+00  -3.9807540e-02   1.7885620e-02   1.9775951e-03
   8.6800000e+02   1.3470510e+01   3.4216330e+00  -3.9792922e-02   1.7907843e-02   1.9778434e-03
   8.6900000e+02   1.3459640e+01   3.4204580e+00  -3.9778306e-02   1.7930041e-02   1.9781037e-03
   8.7000000e+02   1.3448800e+01   3.4192840e+00  -3.9763711e-02   1.7952216e-02   1.9783779e-03
   8.7100000e+02   1.3437980e+01   3.4181100e+00  -3.9749119e-02   1.7974384e-02   1.9786644e-03
   8.7200000e+02   1.3427190e+01   3.4169370e+00  -3.9734550e-02   1.7996527e-02   1.9789642e-03
   8.7300000e+02   1.3416420e+01   3.4157640e+00  -3.9719989e-02   1.8018660e-02   1.9792766e-03
   8.7400000e+02   1.3405680e+01   3.4145920e+00  -3.9705442e-02   1.8040772e-02   1.9796018e-03
   8.7500000e+02   1.3394960e+01   3.4134210e+00  -3.9690896e-02   1.8062868e-02   1.9799389e-03
   8.7600000e+02   1.3384270e+01   3.4122500e+00  -3.9676377e-02   1.8084942e-02   1.9802893e-03
   8.7700000e+02   1.3373600e+01   3.4110800e+00  -3.9661860e-02   1.8107001e-02   1.9806514e-03
   8.7800000e+02   1.3362960e+01   3.4099100e+00  -3.9647360e-02   1.8129041e-02   1.9810262e-03
   8.7900000e+02   1.3352350e+01   3.4087410e+00  -3.9632869e-02   1.8151057e-02   1.9814141e-03
   8.8000000e+02   1.3341750e+01   3.4075730e+00  -3.9618394e-02   1.8173061e-02   1.9818129e-03
   8.8100000e+02   1.3331190e+01   3.4064050e+00  -3.9603930e-02   1.8195041e-02   1.9822242e-03
   8.8200000e+02   1.3320640e+01   3.4052380e+00  -3.9589471e-02   1.8217009e-02   1.9826478e-03
   8.8300000e+02   1.3310130e+01   3.4040720e+00  -3.9575016e-02   1.8238938e-02   1.9830831e-03
   8.8400000e+02   1.3299630e+01   3.4029060e+00  -3.9560595e-02   1.8260873e-02   1.9835309e-03
   8.8500000e+02   1.3289160e+01   3.4017410e+00  -3.9546171e-02   1.8282771e-02   1.9839900e-03
   8.8600000e+02   1.3278720e+01   3.4005760e+00  -3.9531772e-02   1.8304654e-02   1.9844615e-03
   8.8700000e+02   1.3268300e+01   3.3994120e+00  -3.9517377e-02   1.8326515e-02   1.9849440e-03
   8.8800000e+02   1.3257900e+01   3.3982490e+00  -3.9502987e-02   1.8348358e-02   1.9854384e-03
   8.8900000e+02   1.3247530e+01   3.3970870e+00  -3.9488603e-02   1.8370168e-02   1.9859436e-03
   8.9000000e+02   1.3237180e+01   3.3959250e+00  -3.9474238e-02   1.8391969e-02   1.9864609e-03
   8.9100000e+02   1.3226860e+01   3.3947640e+00  -3.9459881e-02   1.8413738e-02   1.9869895e-03
   8.9200000e+02   1.3216550e+01   3.3936030e+00  -3.9445552e-02   1.8435506e-02   1.9875298e-03
   8.9300000e+02   1.3206280e+01   3.3924430e+00  -3.9431218e-02   1.8457230e-02   1.9880809e-03
   8.9400000e+02   1.3196020e+01   3.3912840e+00  -3.9416895e-02   1.8478945e-02   1.9886433e-03
   8.9500000e+02   1.3185790e+01   3.3901250e+00  -3.9402601e-02   1.8500637e-02   1.9892170e-03
   8.9600000e+02   1.3175580e+01   3.3889670e+00  -3.9388300e-02   1.8522306e-02   1.9898015e-03
   8.9700000e+02   1.3165400e+01   3.3878100e+00  -3.9374012e-02   1.8543943e-02   1.9903967e-03
   8.9800000e+02   1.3155230e+01   3.3866540e+00  -3.9359734e-02   1.8565565e-02   1.9910025e-03
   8.9900000e+02   1.3145100e+01   3.3854980e+00  -3.9345466e-02   1.8587157e-02   1.9916200e-03
   9.0000000e+02   1.3134980e+01   3.3843430e+00  -3.9331213e-02   1.8608731e-02   1.9922475e-03
   9.0100000e+02   1.3124890e+01   3.3831880e+00  -3.9316973e-02   1.8630284e-02   1.9928864e-03
   9.0200000e+02   1.3114820e+01   3.3820350e+00  -3.9302745e-02   1.8651804e-02   1.9935354e-03
   9.0300000e+02   1.3104770e+01   3.3808820e+00  -3.9288516e-02   1.8673309e-02   1.9941944e-03
   9.0400000e+02   1.3094740e+01   3.3797290e+00  -3.9274311e-02   1.8694795e-02   1.9948646e-03
   9.0500000e+02   1.3084740e+01   3.3785780e+00  -3.9260107e-02   1.8716241e-02   1.9955451e-03
   9.0600000e+02   1.3074760e+01   3.3774270e+00  -3.9245918e-02   1.8737668e-02   1.9962350e-03
   9.0700000e+02   1.3064800e+01   3.3762770e+00  -3.9231736e-02   1.8759075e-02   1.9969363e-03
   9.0800000e+02   1.3054870e+01   3.3751270e+00  -3.9217568e-02   1.8780451e-02   1.9976469e-03
   9.0900000e+02   1.3044950e+01   3.3739790e+00  -3.9203408e-02   1.8801803e-02   1.9983674e-03
   9.1000000e+02   1.3035060e+01   3.3728310e+00  -3.9189255e-02   1.8823128e-02   1.9990985e-03
   9.1100000e+02   1.3025190e+01   3.3716830e+00  -3.9175123e-02   1.8844435e-02   1.9998395e-03
   9.1200000e+02   1.3015340e+01   3.3705370e+00  -3.9160989e-02   1.8865707e-02   2.0005893e-03
   9.1300000e+02   1.3005510e+01   3.3693910e+00  -3.9146865e-02   1.8886958e-02   2.0013497e-03
   9.1400000e+02   1.2995710e+01   3.3682460e+00  -3.9132764e-02   1.8908176e-02   2.0021200e-03
   9.1500000e+02   1.2985930e+01   3.3671020e+00  -3.9118659e-02   1.8929368e-02   2.0028994e-03
   9.1600000e+02   1.2976160e+01   3.3659580e+00  -3.9104578e-02   1.8950548e-02   2.0036887e-03
   9.1700000e+02   1.2966420e+01   3.3648150e+00  -3.9090497e-02   1.8971688e-02   2.0044870e-03
   9.1800000e+02   1.2956700e+01   3.3636730e+00  -3.9076426e-02   1.8992804e-02   2.0052948e-03
   9.1900000e+02   1.2947010e+01   3.3625320e+00  -3.9062368e-02   1.9013881e-02   2.0061122e-03
   9.2000000e+02   1.2937330e+01   3.3613910e+00  -3.9048320e-02   1.9034947e-02   2.0069387e-03
   9.2100000e+02   1.2927670e+01   3.3602510e+00  -3.9034278e-02   1.9055983e-02   2.0077742e-03
   9.2200000e+02   1.2918040e+01   3.3591120e+00  -3.9020250e-02   1.9076978e-02   2.0086187e-03
   9.2300000e+02   1.2908430e+01   3.3579740e+00  -3.9006227e-02   1.9097947e-02   2.0094727e-03
   9.2400000e+02   1.2898830e+01   3.3568360e+00  -3.8992220e-02   1.9118906e-02   2.0103354e-03
   9.2500000e+02   1.2889260e+01   3.3556990e+00  -3.8978230e-02   1.9139824e-02   2.0112069e-03
   9.2600000e+02   1.2879710e+01   3.3545630e+00  -3.8964236e-02   1.9160710e-02   2.0120875e-03
   9.2700000e+02   1.2870180e+01   3.3534280e+00  -3.8950245e-02   1.9181565e-02   2.0129762e-03
   9.2800000e+02   1.2860670e+01   3.3522940e+00  -3.8936267e-02   1.9202389e-02   2.0138738e-03
   9.2900000e+02   1.2851180e+01   3.3511600e+00  -3.8922300e-02   1.9223191e-02   2.0147795e-03
   9.3000000e+02   1.2841710e+01   3.3500270e+00  -3.8908346e-02   1.9243959e-02   2.0156947e-03
   9.3100000e+02   1.2832260e+01   3.3488950e+00  -3.8894406e-02   1.9264702e-02   2.0166176e-03
   9.3200000e+02   1.2822830e+01   3.3477630e+00  -3.8880473e-02   1.9285420e-02   2.0175499e-03
   9.3300000e+02   1.2813420e+01   3.3466330e+00  -3.8866537e-02   1.9306089e-02   2.0184888e-03
   9.3400000e+02   1.2804030e+01   3.3455030e+00  -3.8852623e-02   1.9326745e-02   2.0194375e-03
   9.3500000e+02   1.2794660e+01   3.3443740e+00  -3.8838713e-02   1.9347363e-02   2.0203935e-03
   9.3600000e+02   1.2785310e+01   3.3432460e+00  -3.8824810e-02   1.9367947e-02   2.0213573e-03
   9.3700000e+02   1.2775990e+01   3.3421180e+00  -3.8810919e-02   1.9388499e-02   2.0223304e-03
   9.3800000e+02   1.2766680e+01   3.3409910e+00  -3.8797041e-02   1.9409029e-02   2.0233103e-03
   9.3900000e+02   1.2757390e+01   3.3398660e+00  -3.8783155e-02   1.9429511e-02   2.0242979e-03
   9.4000000e+02   1.2748120e+01   3.3387400e+00  -3.8769299e-02   1.9449978e-02   2.0252939e-03
   9.4100000e+02   1.2738870e+01   3.3376160e+00  -3.8755438e-02   1.9470404e-02   2.0262978e-03
   9.4200000e+02   1.2729630e+01   3.3364930e+00  -3.8741588e-02   1.9490807e-02   2.0273087e-03
   9.4300000e+02   1.2720420e+01   3.3353700e+00  -3.8727754e-02   1.9511169e-02   2.0283272e-03
   9.4400000e+02   1.2711230e+01   3.3342480e+00  -3.8713921e-02   1.9531498e-02   2.0293536e-03
   9.4500000e+02   1.2702060e+01   3.3331270e+00  -3.8700102e-02   1.9551792e-02   2.0303875e-03
   9.4600000e+02   1.2692900e+01   3.3320070e+00  -3.8686282e-02   1.9572064e-02   2.0314285e-03
   9.4700000e+02   1.2683770e+01   3.3308870e+00  -3.8672481e-02   1.9592293e-02   2.0324770e-03
   9.4800000e+02   1.2674650e+01   3.3297690e+00  -3.8658675e-02   1.9612490e-02   2.0335320e-03
   9.4900000e+02   1.2665560e+01   3.3286510e+00  -3.8644883e-02   1.9632645e-02   2.0345950e-03
   9.5000000e+02   1.2656480e+01   3.3275340e+00  -3.8631108e-02   1.9652778e-02   2.0356645e-03
   9.5100000e+02   1.2647420e+01   3.3264180e+00  -3.8617331e-02   1.9672871e-02   2.0367410e-03
   9.5200000e+02   1.2638380e+01   3.3253020e+00  -3.8603574e-02   1.9692941e-02   2.0378249e-03
   9.5300000e+02   1.2629360e+01   3.3241880e+00  -3.8589803e-02   1.9712960e-02   2.0389159e-03
   9.5400000e+02   1.2620350e+01   3.3230740e+00  -3.8576058e-02   1.9732964e-02   2.0400131e-03
   9.5500000e+02   1.2611370e+01   3.3219610e+00  -3.8562321e-02   1.9752916e-02   2.0411173e-03
   9.5600000e+02   1.2602400e+01   3.3208490e+00  -3.8548585e-02   1.9772839e-02   2.0422276e-03
   9.5700000e+02   1.2593460e+01   3.3197380e+00  -3.8534858e-02   1.9792717e-02   2.0433453e-03
   9.5800000e+02   1.2584530e+01   3.3186270e+00  -3.8521140e-02   1.9812575e-02   2.0444694e-03
   9.5900000e+02   1.2575620e+01   3.3175170e+00  -3.8507441e-02   1.9832395e-02   2.0456000e-03
   9.6000000e+02   1.2566720e+01   3.3164090e+00  -3.8493728e-02   1.9852174e-02   2.0467363e-03
   9.6100000e+02   1.2557850e+01   3.3153010e+00  -3.8480028e-02   1.9871911e-02   2.0478796e-03
   9.6200000e+02   1.2548990e+01   3.3141930e+00  -3.8466350e-02   1.9891634e-02   2.0490293e-03
   9.6300000e+02   1.2540150e+01   3.3130870e+00  -3.8452667e-02   1.9911303e-02   2.0501844e-03
   9.6400000e+02   1.2531330e+01   3.3119820e+00  -3.8438992e-02   1.9930931e-02   2.0513459e-03
   9.6500000e+02   1.2522530e+01   3.3108770e+00  -3.8425323e-02   1.9950531e-02   2.0525140e-03
   9.6600000e+02   1.2513750e+01   3.3097730e+00  -3.8411673e-02   1.9970086e-02   2.0536877e-03
   9.6700000e+02   1.2504980e+01   3.3086700e+00  -3.8398022e-02   1.9989614e-02   2.0548670e-03
   9.6800000e+02   1.2496230e+01   3.3075680e+00  -3.8384374e-02   2.0009101e-02   2.0560525e-03
   9.6900000e+02   1.2487500e+01   3.3064670e+00  -3.8370727e-02   2.0028543e-02   2.0572433e-03
   9.7000000e+02   1.2478790e+01   3.3053660e+00  -3.8357099e-02   2.0047953e-02   2.0584404e-03
   9.7100000e+02   1.2470090e+01   3.3042670e+00  -3.8343475e-02   2.0067324e-02   2.0596427e-03
   9.7200000e+02   1.2461410e+01   3.3031680e+00  -3.8329860e-02   2.0086662e-02   2.0608508e-03
   9.7300000e+02   1.2452750e+01   3.3020700e+00  -3.8316251e-02   2.0105958e-02   2.0620651e-03
   9.7400000e+02   1.2444110e+01   3.3009730e+00  -3.8302642e-02   2.0125209e-02   2.0632839e-03
   9.7500000e+02   1.2435480e+01   3.2998770e+00  -3.8289053e-02   2.0144429e-02   2.0645083e-03
   9.7600000e+02   1.2426870e+01   3.2987810e+00  -3.8275468e-02   2.0163615e-02   2.0657380e-03
   9.7700000e+02   1.2418280e+01   3.2976870e+00  -3.8261876e-02   2.0182743e-02   2.0669731e-03
   9.7800000e+02   1.2409700e+01   3.2965930e+00  -3.8248297e-02   2.0201854e-02   2.0682130e-03
   9.7900000e+02   1.2401140e+01   3.2955000e+00  -3.8234732e-02   2.0220919e-02   2.0694584e-03
   9.8000000e+02   1.2392600e+01   3.2944080e+00  -3.8221170e-02   2.0239943e-02   2.0707095e-03
   9.8100000e+02   1.2384080e+01   3.2933170e+00  -3.8207601e-02   2.0258915e-02   2.0719643e-03
   9.8200000e+02   1.2375570e+01   3.2922270e+00  -3.8194047e-02   2.0277857e-02   2.0732248e-03
   9.8300000e+02   1.2367080e+01   3.2911370e+00  -3.8180513e-02   2.0296763e-02   2.0744901e-03
   9.8400000e+02   1.2358600e+01   3.2900490e+00  -3.8166966e-02   2.0315627e-02   2.0757602e-03
   9.8500000e+02   1.2350150e+01   3.2889610e+00  -3.8153434e-02   2.0334443e-02   2.0770347e-03
   9.8600000e+02   1.2341710e+01   3.2878740e+00  -3.8139903e-02   2.0353217e-02   2.0783141e-03
   9.8700000e+02   1.2333280e+01   3.2867880e+00  -3.8126389e-02   2.0371964e-02   2.0795974e-03
   9.8800000e+02   1.2324880e+01   3.2857030e+00  -3.8112867e-02   2.0390650e-02   2.0808858e-03
   9.8900000e+02   1.2316480e+01   3.2846180e+00  -3.8099368e-02   2.0409328e-02   2.0821796e-03
   9.9000000e+02   1.2308110e+01   3.2835350e+00  -3.8085857e-02   2.0427934e-02   2.0834766e-03
   9.9100000e+02   1.2299750e+01   3.2824520e+00  -3.8072364e-02   2.0446511e-02   2.0847786e-03
   9.9200000e+02   1.2291410e+01   3.2813710e+00  -3.8058852e-02   2.0465030e-02   2.0860836e-03
   9.9300000e+02   1.2283080e+01   3.2802900e+00  -3.8045373e-02   2.0483526e-02   2.0873946e-03
   9.9400000e+02   1.2274770e+01   3.2792100e+00  -3.8031883e-02   2.0501970e-02   2.0887082e-03
   9.9500000e+02   1.2266480e+01   3.2781300e+00  -3.8018418e-02   2.0520380e-02   2.0900272e-03
   9.9600000e+02   1.2258200e+01   3.2770520e+00  -3.8004944e-02   2.0538743e-02   2.0913501e-03
   9.9700000e+02   1.2249940e+01   3.2759750e+00  -3.7991476e-02   2.0557056e-02   2.0926762e-03
   9.9800000e+02   1.2241700e+01   3.2748980e+00  -3.7978012e-02   2.0575327e-02   2.0940061e-03
   9.9900000e+02   1.2233470e+01   3.2738220e+00  -3.7964564e-02   2.0593569e-02   2.0953413e-03
   1.0000000e+03   1.2225250e+01   3.2727470e+00  -3.7951117e-02   2.0611765e-02   2.0966791e-03
   1.0010000e+03   1.2217060e+01   3.2716730e+00  -3.7937658e-02   2.0629902e-02   2.0980212e-03
   1.0020000e+03   1.2208870e+01   3.2706000e+00  -3.7924225e-02   2.0648014e-02   2.0993664e-03
   1.0030000e+03   1.2200710e+01   3.2695280e+00  -3.7910772e-02   2.0666061e-02   2.1007146e-03
   1.0040000e+03   1.2192560e+01   3.2684570e+00  -3.7897342e-02   2.0684072e-02   2.1020672e-03
   1.0050000e+03   1.2184420e+01   3.2673860e+00  -3.7883917e-02   2.0702052e-02   2.1034234e-03
   1.0060000e+03   1.2176300e+01   3.2663160e+00  -3.7870499e-02   2.0719985e-02   2.1047828e-03
   1.0070000e+03   1.2168200e+01   3.2652470e+00  -3.7857078e-02   2.0737865e-02   2.1061460e-03
   1.0080000e+03   1.2160110e+01   3.2641790e+00  -3.7843663e-02   2.0755700e-02   2.1075120e-03
   1.0090000e+03   1.2152040e+01   3.2631120e+00  -3.7830245e-02   2.0773489e-02   2.1088813e-03
   1.0100000e+03   1.2143980e+01   3.2620460e+00  -3.7816837e-02   2.0791235e-02   2.1102535e-03
   1.0110000e+03   1.2135940e+01   3.2609810e+00  -3.7803427e-02   2.0808929e-02   2.1116281e-03
   1.0120000e+03   1.2127910e+01   3.2599160e+00  -3.7790045e-02   2.0826601e-02   2.1130080e-03
   1.0130000e+03   1.2119900e+01   3.2588530e+00  -3.7776641e-02   2.0844201e-02   2.1143887e-03
   1.0140000e+03   1.2111900e+01   3.2577900e+00  -3.7763248e-02   2.0861768e-02   2.1157730e-03
   1.0150000e+03   1.2103920e+01   3.2567280e+00  -3.7749861e-02   2.0879291e-02   2.1171615e-03
   1.0160000e+03   1.2095950e+01   3.2556670e+00  -3.7736475e-02   2.0896768e-02   2.1185513e-03
   1.0170000e+03   1.2088000e+01   3.2546070e+00  -3.7723098e-02   2.0914194e-02   2.1199447e-03
   1.0180000e+03   1.2080070e+01   3.2535470e+00  -3.7709727e-02   2.0931572e-02   2.1213400e-03
   1.0190000e+03   1.2072140e+01   3.2524890e+00  -3.7696343e-02   2.0948911e-02   2.1227383e-03
   1.0200000e+03   1.2064240e+01   3.2514310e+00  -3.7682986e-02   2.0966197e-02   2.1241394e-03
   1.0210000e+03   1.2056350e+01   3.2503750e+00  -3.7669609e-02   2.0983428e-02   2.1255428e-03
   1.0220000e+03   1.2048470e+01   3.2493190e+00  -3.7656247e-02   2.1000628e-02   2.1269484e-03
   1.0230000e+03   1.2040610e+01   3.2482640e+00  -3.7642886e-02   2.1017771e-02   2.1283569e-03
   1.0240000e+03   1.2032760e+01   3.2472100e+00  -3.7629533e-02   2.1034874e-02   2.1297676e-03
   1.0250000e+03   1.2024920e+01   3.2461570e+00  -3.7616176e-02   2.1051933e-02   2.1311806e-03
   1.0260000e+03   1.2017110e+01   3.2451040e+00  -3.7602829e-02   2.1068935e-02   2.1325963e-03
   1.0270000e+03   1.2009300e+01   3.2440530e+00  -3.7589473e-02   2.1085891e-02   2.1340132e-03
   1.0280000e+03   1.2001510e+01   3.2430020e+00  -3.7576130e-02   2.1102807e-02   2.1354329e-03
   1.0290000e+03   1.1993740e+01   3.2419520e+00  -3.7562781e-02   2.1119661e-02   2.1368544e-03
   1.0300000e+03   1.1985980e+01   3.2409030e+00  -3.7549440e-02   2.1136471e-02   2.1382777e-03
   1.0310000e+03   1.1978230e+01   3.2398550e+00  -3.7536103e-02   2.1153242e-02   2.1397036e-03
   1.0320000e+03   1.1970500e+01   3.2388080e+00  -3.7522762e-02   2.1169952e-02   2.1411309e-03
   1.0330000e+03   1.1962780e+01   3.2377620e+00  -3.7509431e-02   2.1186618e-02   2.1425601e-03
   1.0340000e+03   1.1955080e+01   3.2367160e+00  -3.7496105e-02   2.1203239e-02   2.1439919e-03
   1.0350000e+03   1.1947390e+01   3.2356720e+00  -3.7482768e-02   2.1219806e-02   2.1454245e-03
   1.0360000e+03   1.1939710e+01   3.2346280e+00  -3.7469440e-02   2.1236332e-02   2.1468588e-03
   1.0370000e+03   1.1932050e+01   3.2335850e+00  -3.7456121e-02   2.1252802e-02   2.1482951e-03
   1.0380000e+03   1.1924400e+01   3.2325430e+00  -3.7442797e-02   2.1269226e-02   2.1497325e-03
   1.0390000e+03   1.1916770e+01   3.2315020e+00  -3.7429471e-02   2.1285595e-02   2.1511722e-03
   1.0400000e+03   1.1909150e+01   3.2304620e+00  -3.7416152e-02   2.1301914e-02   2.1526125e-03
   1.0410000e+03   1.1901550e+01   3.2294220e+00  -3.7402831e-02   2.1318183e-02   2.1540542e-03
   1.0420000e+03   1.1893950e+01   3.2283840e+00  -3.7389506e-02   2.1334410e-02   2.1554979e-03
   1.0430000e+03   1.1886380e+01   3.2273460e+00  -3.7376192e-02   2.1350575e-02   2.1569427e-03
   1.0440000e+03   1.1878810e+01   3.2263090e+00  -3.7362887e-02   2.1366709e-02   2.1583896e-03
   1.0450000e+03   1.1871260e+01   3.2252730e+00  -3.7349566e-02   2.1382778e-02   2.1598360e-03
   1.0460000e+03   1.1863730e+01   3.2242380e+00  -3.7336254e-02   2.1398788e-02   2.1612844e-03
   1.0470000e+03   1.1856200e+01   3.2232040e+00  -3.7322936e-02   2.1414767e-02   2.1627340e-03
   1.0480000e+03   1.1848690e+01   3.2221710e+00  -3.7309615e-02   2.1430679e-02   2.1641834e-03
   1.0490000e+03   1.1841200e+01   3.2211380e+00  -3.7296312e-02   2.1446547e-02   2.1656353e-03
   1.0500000e+03   1.1833720e+01   3.2201060e+00  -3.7283006e-02   2.1462360e-02   2.1670877e-03
   1.0510000e+03   1.1826250e+01   3.2190760e+00  -3.7269688e-02   2.1478120e-02   2.1685408e-03
   1.0520000e+03   1.1818790e+01   3.2180460e+00  -3.7256381e-02   2.1493837e-02   2.1699947e-03
   1.0530000e+03   1.1811350e+01   3.2170170e+00  -3.7243072e-02   2.1509501e-02   2.1714494e-03
   1.0540000e+03   1.1803920e+01   3.2159880e+00  -3.7229773e-02   2.1525119e-02   2.1729053e-03
   1.0550000e+03   1.1796510e+01   3.2149610e+00  -3.7216464e-02   2.1540667e-02   2.1743614e-03
   1.0560000e+03   1.1789110e+01   3.2139350e+00  -3.7203145e-02   2.1556165e-02   2.1758179e-03
   1.0570000e+03   1.1781720e+01   3.2129090e+00  -3.7189844e-02   2.1571625e-02   2.1772757e-03
   1.0580000e+03   1.1774340e+01   3.2118840e+00  -3.7176537e-02   2.1587030e-02   2.1787331e-03
   1.0590000e+03   1.1766980e+01   3.2108600e+00  -3.7163228e-02   2.1602379e-02   2.1801915e-03
   1.0600000e+03   1.1759630e+01   3.2098370e+00  -3.7149918e-02   2.1617671e-02   2.1816504e-03
   1.0610000e+03   1.1752300e+01   3.2088150e+00  -3.7136598e-02   2.1632904e-02   2.1831090e-03
   1.0620000e+03   1.1744980e+01   3.2077940e+00  -3.7123291e-02   2.1648092e-02   2.1845691e-03
   1.0630000e+03   1.1737670e+01   3.2067730e+00  -3.7109992e-02   2.1663233e-02   2.1860286e-03
   1.0640000e+03   1.1730370e+01   3.2057530e+00  -3.7096670e-02   2.1678322e-02   2.1874882e-03
   1.0650000e+03   1.1723090e+01   3.2047350e+00  -3.7083353e-02   2.1693340e-02   2.1889481e-03
   1.0660000e+03   1.1715820e+01   3.2037170e+00  -3.7070042e-02   2.1708313e-02   2.1904077e-03
   1.0670000e+03   1.1708560e+01   3.2027000e+00  -3.7056726e-02   2.1723239e-02   2.1918677e-03
   1.0680000e+03   1.1701310e+01   3.2016830e+00  -3.7043422e-02   2.1738124e-02   2.1933287e-03
   1.0690000e+03   1.1694080e+01   3.2006680e+00  -3.7030106e-02   2.1752932e-02   2.1947889e-03
   1.0700000e+03   1.1686860e+01   3.1996530e+00  -3.7016783e-02   2.1767696e-02   2.1962487e-03
   1.0710000e+03   1.1679650e+01   3.1986400e+00  -3.7003455e-02   2.1782399e-02   2.1977080e-03
   1.0720000e+03   1.1672460e+01   3.1976270e+00  -3.6990137e-02   2.1797046e-02   2.1991677e-03
   1.0730000e+03   1.1665280e+01   3.1966150e+00  -3.6976813e-02   2.1811645e-02   2.2006276e-03
   1.0740000e+03   1.1658110e+01   3.1956040e+00  -3.6963491e-02   2.1826190e-02   2.2020868e-03
   1.0750000e+03   1.1650950e+01   3.1945930e+00  -3.6950165e-02   2.1840690e-02   2.2035453e-03
   1.0760000e+03   1.1643810e+01   3.1935840e+00  -3.6936830e-02   2.1855113e-02   2.2050035e-03
   1.0770000e+03   1.1636680e+01   3.1925750e+00  -3.6923512e-02   2.1869497e-02   2.2064625e-03
   1.0780000e+03   1.1629560e+01   3.1915670e+00  -3.6910179e-02   2.1883824e-02   2.2079196e-03
   1.0790000e+03   1.1622450e+01   3.1905600e+00  -3.6896839e-02   2.1898098e-02   2.2093767e-03
   1.0800000e+03   1.1615360e+01   3.1895540e+00  -3.6883508e-02   2.1912311e-02   2.2108336e-03
   1.0810000e+03   1.1608280e+01   3.1885490e+00  -3.6870171e-02   2.1926464e-02   2.2122895e-03
   1.0820000e+03   1.1601210e+01   3.1875450e+00  -3.6856817e-02   2.1940556e-02   2.2137441e-03
   1.0830000e+03   1.1594150e+01   3.1865410e+00  -3.6843478e-02   2.1954615e-02   2.2151988e-03
   1.0840000e+03   1.1587110e+01   3.1855380e+00  -3.6830125e-02   2.1968602e-02   2.2166525e-03
   1.0850000e+03   1.1580080e+01   3.1845360e+00  -3.6816781e-02   2.1982538e-02   2.2181058e-03
   1.0860000e+03   1.1573060e+01   3.1835350e+00  -3.6803420e-02   2.1996415e-02   2.2195573e-03
   1.0870000e+03   1.1566050e+01   3.1825350e+00  -3.6790066e-02   2.2010239e-02   2.2210085e-03
   1.0880000e+03   1.1559050e+01   3.1815360e+00  -3.6776704e-02   2.2024005e-02   2.2224585e-03
   1.0890000e+03   1.1552070e+01   3.1805370e+00  -3.6763346e-02   2.2037718e-02   2.2239080e-03
   1.0900000e+03   1.1545100e+01   3.1795400e+00  -3.6749967e-02   2.2051362e-02   2.2253560e-03
   1.0910000e+03   1.1538140e+01   3.1785430e+00  -3.6736588e-02   2.2064957e-02   2.2268025e-03
   1.0920000e+03   1.1531190e+01   3.1775470e+00  -3.6723221e-02   2.2078501e-02   2.2282491e-03
   1.0930000e+03   1.1524250e+01   3.1765510e+00  -3.6709849e-02   2.2091995e-02   2.2296938e-03
   1.0940000e+03   1.1517330e+01   3.1755570e+00  -3.6696463e-02   2.2105413e-02   2.2311376e-03
   1.0950000e+03   1.1510420e+01   3.1745630e+00  -3.6683081e-02   2.2118785e-02   2.2325803e-03
   1.0960000e+03   1.1503520e+01   3.1735710e+00  -3.6669678e-02   2.2132089e-02   2.2340203e-03
   1.0970000e+03   1.1496630e+01   3.1725790e+00  -3.6656288e-02   2.2145350e-02   2.2354604e-03
   1.0980000e+03   1.1489750e+01   3.1715880e+00  -3.6642882e-02   2.2158548e-02   2.2368985e-03
   1.0990000e+03   1.1482890e+01   3.1705970e+00  -3.6629495e-02   2.2171692e-02   2.2383362e-03
   1.1000000e+03   1.1476040e+01   3.1696080e+00  -3.6616079e-02   2.2184766e-02   2.2397714e-03
   1.1010000e+03   1.1469190e+01   3.1686190e+00  -3.6602674e-02   2.2197808e-02   2.2412059e-03
   1.1020000e+03   1.1462360e+01   3.1676320e+00  -3.6589241e-02   2.2210765e-02   2.2426371e-03
   1.1030000e+03   1.1455550e+01   3.1666450e+00  -3.6575819e-02   2.2223659e-02   2.2440673e-03
   1.1040000e+03   1.1448740e+01   3.1656580e+00  -3.6562401e-02   2.2236523e-02   2.2454974e-03
   1.1050000e+03   1.1441950e+01   3.1646730e+00  -3.6548966e-02   2.2249308e-02   2.2469247e-03
   1.1060000e+03   1.1435160e+01   3.1636890e+00  -3.6535526e-02   2.2262044e-02   2.2483501e-03
   1.1070000e+03   1.1428390e+01   3.1627050e+00  -3.6522082e-02   2.2274723e-02   2.2497742e-03
   1.1080000e+03   1.1421630e+01   3.1617220e+00  -3.6508637e-02   2.2287341e-02   2.2511963e-03
   1.1090000e+03   1.1414880e+01   3.1607400e+00  -3.6495176e-02   2.2299897e-02   2.2526165e-03
   1.1100000e+03   1.1408140e+01   3.1597590e+00  -3.6481709e-02   2.2312396e-02   2.2540343e-03
   1.1110000e+03   1.1401420e+01   3.1587780e+00  -3.6468251e-02   2.2324836e-02   2.2554506e-03
   1.1120000e+03   1.1394700e+01   3.1577990e+00  -3.6454772e-02   2.2337213e-02   2.2568648e-03
   1.1130000e+03   1.1388000e+01   3.1568200e+00  -3.6441293e-02   2.2349536e-02   2.2582772e-03
   1.1140000e+03   1.1381310e+01   3.1558420e+00  -3.6427805e-02   2.2361794e-02   2.2596872e-03
   1.1150000e+03   1.1374630e+01   3.1548650e+00  -3.6414314e-02   2.2373994e-02   2.2610954e-03
   1.1160000e+03   1.1367960e+01   3.1538880e+00  -3.6400818e-02   2.2386146e-02   2.2625014e-03
   1.1170000e+03   1.1361300e+01   3.1529130e+00  -3.6387312e-02   2.2398228e-02   2.2639053e-03
   1.1180000e+03   1.1354650e+01   3.1519380e+00  -3.6373802e-02   2.2410255e-02   2.2653067e-03
   1.1190000e+03   1.1348020e+01   3.1509640e+00  -3.6360285e-02   2.2422217e-02   2.2667057e-03
   1.1200000e+03   1.1341390e+01   3.1499910e+00  -3.6346763e-02   2.2434126e-02   2.2681029e-03
   1.1210000e+03   1.1334780e+01   3.1490190e+00  -3.6333221e-02   2.2445963e-02   2.2694969e-03
   1.1220000e+03   1.1328170e+01   3.1480470e+00  -3.6319690e-02   2.2457761e-02   2.2708894e-03
   1.1230000e+03   1.1321580e+01   3.1470760e+00  -3.6306144e-02   2.2469489e-02   2.2722793e-03
   1.1240000e+03   1.1315000e+01   3.1461060e+00  -3.6292599e-02   2.2481157e-02   2.2736673e-03
   1.1250000e+03   1.1308430e+01   3.1451370e+00  -3.6279027e-02   2.2492758e-02   2.2750512e-03
   1.1260000e+03   1.1301870e+01   3.1441690e+00  -3.6265455e-02   2.2504299e-02   2.2764328e-03
   1.1270000e+03   1.1295320e+01   3.1432010e+00  -3.6251888e-02   2.2515793e-02   2.2778134e-03
   1.1280000e+03   1.1288790e+01   3.1422350e+00  -3.6238283e-02   2.2527196e-02   2.2791897e-03
   1.1290000e+03   1.1282260e+01   3.1412690e+00  -3.6224695e-02   2.2538563e-02   2.2805643e-03
   1.1300000e+03   1.1275750e+01   3.1403030e+00  -3.6211102e-02   2.2549869e-02   2.2819363e-03
   1.1310000e+03   1.1269240e+01   3.1393390e+00  -3.6197491e-02   2.2561114e-02   2.2833049e-03
   1.1320000e+03   1.1262750e+01   3.1383760e+00  -3.6183860e-02   2.2572280e-02   2.2846701e-03
   1.1330000e+03   1.1256260e+01   3.1374130e+00  -3.6170242e-02   2.2583411e-02   2.2860339e-03
   1.1340000e+03   1.1249790e+01   3.1364510e+00  -3.6156608e-02   2.2594467e-02   2.2873943e-03
   1.1350000e+03   1.1243330e+01   3.1354900e+00  -3.6142964e-02   2.2605462e-02   2.2887520e-03
   1.1360000e+03   1.1236880e+01   3.1345290e+00  -3.6129316e-02   2.2616400e-02   2.2901067e-03
   1.1370000e+03   1.1230440e+01   3.1335690e+00  -3.6115663e-02   2.2627280e-02   2.2914589e-03
   1.1380000e+03   1.1224010e+01   3.1326110e+00  -3.6101979e-02   2.2638081e-02   2.2928069e-03
   1.1390000e+03   1.1217590e+01   3.1316520e+00  -3.6088319e-02   2.2648850e-02   2.2941534e-03
   1.1400000e+03   1.1211180e+01   3.1306950e+00  -3.6074618e-02   2.2659532e-02   2.2954948e-03
   1.1410000e+03   1.1204780e+01   3.1297390e+00  -3.6060914e-02   2.2670155e-02   2.2968343e-03
   1.1420000e+03   1.1198400e+01   3.1287830e+00  -3.6047207e-02   2.2680715e-02   2.2981706e-03
   1.1430000e+03   1.1192020e+01   3.1278280e+00  -3.6033489e-02   2.2691220e-02   2.2995035e-03
   1.1440000e+03   1.1185650e+01   3.1268740e+00  -3.6019771e-02   2.2701669e-02   2.3008339e-03
   1.1450000e+03   1.1179300e+01   3.1259200e+00  -3.6006032e-02   2.2712045e-02   2.3021601e-03
   1.1460000e+03   1.1172950e+01   3.1249680e+00  -3.5992284e-02   2.2722364e-02   2.3034836e-03
   1.1470000e+03   1.1166620e+01   3.1240160e+00  -3.5978519e-02   2.2732608e-02   2.3048032e-03
   1.1480000e+03   1.1160290e+01   3.1230650e+00  -3.5964754e-02   2.2742808e-02   2.3061198e-03
   1.1490000e+03   1.1153980e+01   3.1221140e+00  -3.5950981e-02   2.2752940e-02   2.3074329e-03
   1.1500000e+03   1.1147670e+01   3.1211650e+00  -3.5937189e-02   2.2763009e-02   2.3087427e-03
   1.1510000e+03   1.1141380e+01   3.1202160e+00  -3.5923399e-02   2.2773016e-02   2.3100494e-03
   1.1520000e+03   1.1135090e+01   3.1192680e+00  -3.5909586e-02   2.2782964e-02   2.3113515e-03
   1.1530000e+03   1.1128820e+01   3.1183210e+00  -3.5895763e-02   2.2792837e-02   2.3126508e-03
   1.1540000e+03   1.1122560e+01   3.1173740e+00  -3.5881929e-02   2.2802651e-02   2.3139461e-03
   1.1550000e+03   1.1116300e+01   3.1164280e+00  -3.5868095e-02   2.2812420e-02   2.3152388e-03
   1.1560000e+03   1.1110060e+01   3.1154840e+00  -3.5854228e-02   2.2822096e-02   2.3165264e-03
   1.1570000e+03   1.1103830e+01   3.1145390e+00  -3.5840372e-02   2.2831730e-02   2.3178117e-03
   1.1580000e+03   1.1097600e+01   3.1135960e+00  -3.5826485e-02   2.2841294e-02   2.3190921e-03
   1.1590000e+03   1.1091390e+01   3.1126530e+00  -3.5812607e-02   2.2850802e-02   2.3203694e-03
   1.1600000e+03   1.1085190e+01   3.1117110e+00  -3.5798702e-02   2.2860234e-02   2.3216432e-03
   1.1610000e+03   1.1078990e+01   3.1107700e+00  -3.5784794e-02   2.2869619e-02   2.3229128e-03
   1.1620000e+03   1.1072810e+01   3.1098300e+00  -3.5770863e-02   2.2878920e-02   2.3241782e-03
   1.1630000e+03   1.1066640e+01   3.1088900e+00  -3.5756931e-02   2.2888172e-02   2.3254402e-03
   1.1640000e+03   1.1060480e+01   3.1079510e+00  -3.5742982e-02   2.2897353e-02   2.3266981e-03
   1.1650000e+03   1.1054320e+01   3.1070130e+00  -3.5729018e-02   2.2906480e-02   2.3279518e-03
   1.1660000e+03   1.1048180e+01   3.1060750e+00  -3.5715057e-02   2.2915544e-02   2.3292030e-03
   1.1670000e+03   1.1042050e+01   3.1051390e+00  -3.5701055e-02   2.2924521e-02   2.3304478e-03
   1.1680000e+03   1.1035920e+01   3.1042030e+00  -3.5687063e-02   2.2933463e-02   2.3316900e-03
   1.1690000e+03   1.1029810e+01   3.1032670e+00  -3.5673064e-02   2.2942337e-02   2.3329284e-03
   1.1700000e+03   1.1023710e+01   3.1023330e+00  -3.5659033e-02   2.2951130e-02   2.3341624e-03
   1.1710000e+03   1.1017610e+01   3.1013990e+00  -3.5645002e-02   2.2959879e-02   2.3353919e-03
   1.1720000e+03   1.1011530e+01   3.1004660e+00  -3.5630947e-02   2.2968546e-02   2.3366177e-03
   1.1730000e+03   1.1005450e+01   3.0995340e+00  -3.5616879e-02   2.2977158e-02   2.3378383e-03
   1.1740000e+03   1.0999390e+01   3.0986030e+00  -3.5602798e-02   2.2985695e-02   2.3390553e-03
   1.1750000e+03   1.0993330e+01   3.0976720e+00  -3.5588716e-02   2.2994189e-02   2.3402686e-03
   1.1760000e+03   1.0987290e+01   3.0967420e+00  -3.5574598e-02   2.3002591e-02   2.3414762e-03
   1.1770000e+03   1.0981250e+01   3.0958130e+00  -3.5560481e-02   2.3010949e-02   2.3426804e-03
   1.1780000e+03   1.0975230e+01   3.0948840e+00  -3.5546347e-02   2.3019231e-02   2.3438800e-03
   1.1790000e+03   1.0969210e+01   3.0939560e+00  -3.5532215e-02   2.3027468e-02   2.3450764e-03
   1.1800000e+03   1.0963200e+01   3.0930290e+00  -3.5518049e-02   2.3035627e-02   2.3462673e-03
   1.1810000e+03   1.0957210e+01   3.0921030e+00  -3.5503874e-02   2.3043712e-02   2.3474541e-03
   1.1820000e+03   1.0951220e+01   3.0911770e+00  -3.5489681e-02   2.3051743e-02   2.3486357e-03
   1.1830000e+03   1.0945240e+01   3.0902520e+00  -3.5475483e-02   2.3059713e-02   2.3498138e-03
   1.1840000e+03   1.0939270e+01   3.0893280e+00  -3.5461262e-02   2.3067612e-02   2.3509865e-03
   1.1850000e+03   1.0933310e+01   3.0884040e+00  -3.5447035e-02   2.3075456e-02   2.3521552e-03
   1.1860000e+03   1.0927360e+01   3.0874820e+00  -3.5432783e-02   2.3083219e-02   2.3533188e-03
   1.1870000e+03   1.0921420e+01   3.0865600e+00  -3.5418520e-02   2.3090926e-02   2.3544787e-03
   1.1880000e+03   1.0915490e+01   3.0856380e+00  -3.5404251e-02   2.3098572e-02   2.3556338e-03
   1.1890000e+03   1.0909570e+01   3.0847180e+00  -3.5389951e-02   2.3106139e-02   2.3567828e-03
   1.1900000e+03   1.0903660e+01   3.0837980e+00  -3.5375645e-02   2.3113650e-02   2.3579285e-03
   1.1910000e+03   1.0897750e+01   3.0828790e+00  -3.5361322e-02   2.3121102e-02   2.3590692e-03
   1.1920000e+03   1.0891860e+01   3.0819600e+00  -3.5346986e-02   2.3128482e-02   2.3602050e-03
   1.1930000e+03   1.0885980e+01   3.0810420e+00  -3.5332629e-02   2.3135792e-02   2.3613364e-03
   1.1940000e+03   1.0880100e+01   3.0801250e+00  -3.5318264e-02   2.3143049e-02   2.3624624e-03
   1.1950000e+03   1.0874230e+01   3.0792090e+00  -3.5303868e-02   2.3150230e-02   2.3635832e-03
   1.1960000e+03   1.0868380e+01   3.0782930e+00  -3.5289471e-02   2.3157348e-02   2.3647000e-03
   1.1970000e+03   1.0862530e+01   3.0773790e+00  -3.5275041e-02   2.3164393e-02   2.3658110e-03
   1.1980000e+03   1.0856690e+01   3.0764640e+00  -3.5260616e-02   2.3171392e-02   2.3669180e-03
   1.1990000e+03   1.0850860e+01   3.0755510e+00  -3.5246164e-02   2.3178313e-02   2.3680194e-03
   1.2000000e+03   1.0845040e+01   3.0746380e+00  -3.5231697e-02   2.3185171e-02   2.3691168e-03
   1.2010000e+03   1.0839230e+01   3.0737260e+00  -3.5217214e-02   2.3191962e-02   2.3702083e-03
   1.2020000e+03   1.0833430e+01   3.0728150e+00  -3.5202697e-02   2.3198673e-02   2.3712944e-03
   1.2030000e+03   1.0827640e+01   3.0719040e+00  -3.5188186e-02   2.3205335e-02   2.3723765e-03
   1.2040000e+03   1.0821860e+01   3.0709940e+00  -3.5173643e-02   2.3211921e-02   2.3734519e-03
   1.2050000e+03   1.0816080e+01   3.0700840e+00  -3.5159110e-02   2.3218468e-02   2.3745248e-03
   1.2060000e+03   1.0810320e+01   3.0691760e+00  -3.5144529e-02   2.3224914e-02   2.3755907e-03
   1.2070000e+03   1.0804560e+01   3.0682680e+00  -3.5129950e-02   2.3231321e-02   2.3766518e-03
   1.2080000e+03   1.0798810e+01   3.0673610e+00  -3.5115333e-02   2.3237643e-02   2.3777068e-03
   1.2090000e+03   1.0793070e+01   3.0664540e+00  -3.5100720e-02   2.3243916e-02   2.3787581e-03
   1.2100000e+03   1.0787340e+01   3.0655480e+00  -3.5086082e-02   2.3250116e-02   2.3798034e-03
   1.2110000e+03   1.0781620e+01   3.0646430e+00  -3.5071433e-02   2.3256252e-02   2.3808444e-03
   1.2120000e+03   1.0775910e+01   3.0637390e+00  -3.5056745e-02   2.3262305e-02   2.3818787e-03
   1.2130000e+03   1.0770210e+01   3.0628350e+00  -3.5042058e-02   2.3268307e-02   2.3829087e-03
   1.2140000e+03   1.0764510e+01   3.0619320e+00  -3.5027339e-02   2.3274240e-02   2.3839318e-03
   1.2150000e+03   1.0758830e+01   3.0610290e+00  -3.5012615e-02   2.3280107e-02   2.3849512e-03
   1.2160000e+03   1.0753150e+01   3.0601270e+00  -3.4997871e-02   2.3285917e-02   2.3859651e-03
   1.2170000e+03   1.0747490e+01   3.0592260e+00  -3.4983095e-02   2.3291637e-02   2.3869726e-03
   1.2180000e+03   1.0741830e+01   3.0583260e+00  -3.4968316e-02   2.3297309e-02   2.3879756e-03
   1.2190000e+03   1.0736180e+01   3.0574260e+00  -3.4953506e-02   2.3302907e-02   2.3889721e-03
   1.2200000e+03   1.0730540e+01   3.0565270e+00  -3.4938687e-02   2.3308443e-02   2.3899644e-03
   1.2210000e+03   1.0724900e+01   3.0556290e+00  -3.4923846e-02   2.3313919e-02   2.3909500e-03
   1.2220000e+03   1.0719280e+01   3.0547310e+00  -3.4908987e-02   2.3319321e-02   2.3919307e-03
   1.2230000e+03   1.0713670e+01   3.0538340e+00  -3.4894110e-02   2.3324652e-02   2.3929068e-03
   1.2240000e+03   1.0708060e+01   3.0529380e+00  -3.4879202e-02   2.3329918e-02   2.3938749e-03
   1.2250000e+03   1.0702460e+01   3.0520420e+00  -3.4864295e-02   2.3335132e-02   2.3948397e-03
   1.2260000e+03   1.0696870e+01   3.0511470e+00  -3.4849349e-02   2.3340264e-02   2.3957972e-03
   1.2270000e+03   1.0691290e+01   3.0502520e+00  -3.4834399e-02   2.3345339e-02   2.3967503e-03
   1.2280000e+03   1.0685720e+01   3.0493590e+00  -3.4819418e-02   2.3350336e-02   2.3976965e-03
   1.2290000e+03   1.0680160e+01   3.0484660e+00  -3.4804418e-02   2.3355267e-02   2.3986381e-03
   1.2300000e+03   1.0674600e+01   3.0475730e+00  -3.4789404e-02   2.3360146e-02   2.3995735e-03
   1.2310000e+03   1.0669060e+01   3.0466820e+00  -3.4774359e-02   2.3364933e-02   2.4005032e-03
   1.2320000e+03   1.0663520e+01   3.0457900e+00  -3.4759318e-02   2.3369687e-02   2.4014280e-03
   1.2330000e+03   1.0657990e+01   3.0449000e+00  -3.4744230e-02   2.3374349e-02   2.4023453e-03
   1.2340000e+03   1.0652470e+01   3.0440100e+00  -3.4729137e-02   2.3378954e-02   2.4032581e-03
   1.2350000e+03   1.0646960e+01   3.0431210e+00  -3.4714023e-02   2.3383490e-02   2.4041655e-03
   1.2360000e+03   1.0641450e+01   3.0422330e+00  -3.4698874e-02   2.3387957e-02   2.4050649e-03
   1.2370000e+03   1.0635960e+01   3.0413450e+00  -3.4683714e-02   2.3392354e-02   2.4059598e-03
   1.2380000e+03   1.0630470e+01   3.0404580e+00  -3.4668533e-02   2.3396691e-02   2.4068487e-03
   1.2390000e+03   1.0624990e+01   3.0395710e+00  -3.4653348e-02   2.3400976e-02   2.4077326e-03
   1.2400000e+03   1.0619520e+01   3.0386850e+00  -3.4638128e-02   2.3405177e-02   2.4086103e-03
   1.2410000e+03   1.0614060e+01   3.0378000e+00  -3.4622880e-02   2.3409306e-02   2.4094808e-03
   1.2420000e+03   1.0608610e+01   3.0369150e+00  -3.4607610e-02   2.3413369e-02   2.4103459e-03
   1.2430000e+03   1.0603160e+01   3.0360310e+00  -3.4592330e-02   2.3417378e-02   2.4112052e-03
   1.2440000e+03   1.0597730e+01   3.0351480e+00  -3.4577022e-02   2.3421304e-02   2.4120585e-03
   1.2450000e+03   1.0592300e+01   3.0342650e+00  -3.4561695e-02   2.3425175e-02   2.4129059e-03
   1.2460000e+03   1.0586880e+01   3.0333830e+00  -3.4546353e-02   2.3428981e-02   2.4137475e-03
   1.2470000e+03   1.0581470e+01   3.0325020e+00  -3.4530965e-02   2.3432699e-02   2.4145813e-03
   1.2480000e+03   1.0576060e+01   3.0316210e+00  -3.4515573e-02   2.3436373e-02   2.4154101e-03
   1.2490000e+03   1.0570670e+01   3.0307410e+00  -3.4500164e-02   2.3439970e-02   2.4162339e-03
   1.2500000e+03   1.0565280e+01   3.0298620e+00  -3.4484721e-02   2.3443500e-02   2.4170504e-03
   1.2510000e+03   1.0559900e+01   3.0289830e+00  -3.4469268e-02   2.3446971e-02   2.4178609e-03
   1.2520000e+03   1.0554530e+01   3.0281040e+00  -3.4453788e-02   2.3450371e-02   2.4186658e-03
   1.2530000e+03   1.0549170e+01   3.0272270e+00  -3.4438270e-02   2.3453687e-02   2.4194631e-03
   1.2540000e+03   1.0543810e+01   3.0263500e+00  -3.4422754e-02   2.3456964e-02   2.4202555e-03
   1.2550000e+03   1.0538470e+01   3.0254730e+00  -3.4407205e-02   2.3460156e-02   2.4210420e-03
   1.2560000e+03   1.0533130e+01   3.0245980e+00  -3.4391628e-02   2.3463281e-02   2.4218212e-03
   1.2570000e+03   1.0527800e+01   3.0237230e+00  -3.4376033e-02   2.3466342e-02   2.4225945e-03
   1.2580000e+03   1.0522480e+01   3.0228480e+00  -3.4360424e-02   2.3469343e-02   2.4233617e-03
   1.2590000e+03   1.0517160e+01   3.0219740e+00  -3.4344785e-02   2.3472280e-02   2.4241225e-03
   1.2600000e+03   1.0511860e+01   3.0211010e+00  -3.4329119e-02   2.3475131e-02   2.4248773e-03
   1.2610000e+03   1.0506560e+01   3.0202280e+00  -3.4313431e-02   2.3477928e-02   2.4256253e-03
   1.2620000e+03   1.0501270e+01   3.0193560e+00  -3.4297719e-02   2.3480652e-02   2.4263663e-03
   1.2630000e+03   1.0495990e+01   3.0184850e+00  -3.4281981e-02   2.3483305e-02   2.4271015e-03
   1.2640000e+03   1.0490710e+01   3.0176140e+00  -3.4266235e-02   2.3485911e-02   2.4278314e-03
   1.2650000e+03   1.0485450e+01   3.0167440e+00  -3.4250442e-02   2.3488421e-02   2.4285528e-03
   1.2660000e+03   1.0480190e+01   3.0158740e+00  -3.4234648e-02   2.3490889e-02   2.4292700e-03
   1.2670000e+03   1.0474940e+01   3.0150050e+00  -3.4218822e-02   2.3493281e-02   2.4299798e-03
   1.2680000e+03   1.0469700e+01   3.0141370e+00  -3.4202969e-02   2.3495599e-02   2.4306836e-03
   1.2690000e+03   1.0464460e+01   3.0132690e+00  -3.4187092e-02   2.3497861e-02   2.4313794e-03
   1.2700000e+03   1.0459230e+01   3.0124020e+00  -3.4171197e-02   2.3500056e-02   2.4320700e-03
   1.2710000e+03   1.0454020e+01   3.0115350e+00  -3.4155279e-02   2.3502176e-02   2.4327547e-03
   1.2720000e+03   1.0448810e+01   3.0106690e+00  -3.4139329e-02   2.3504229e-02   2.4334313e-03
   1.2730000e+03   1.0443600e+01   3.0098040e+00  -3.4123362e-02   2.3506227e-02   2.4341027e-03
   1.2740000e+03   1.0438410e+01   3.0089390e+00  -3.4107369e-02   2.3508145e-02   2.4347669e-03
   1.2750000e+03   1.0433220e+01   3.0080750e+00  -3.4091348e-02   2.3510000e-02   2.4354252e-03
   1.2760000e+03   1.0428040e+01   3.0072110e+00  -3.4075308e-02   2.3511792e-02   2.4360762e-03
   1.2770000e+03   1.0422870e+01   3.0063480e+00  -3.4059233e-02   2.3513507e-02   2.4367204e-03
   1.2780000e+03   1.0417700e+01   3.0054860e+00  -3.4043141e-02   2.3515166e-02   2.4373587e-03
   1.2790000e+03   1.0412550e+01   3.0046240e+00  -3.4027023e-02   2.3516747e-02   2.4379898e-03
   1.2800000e+03   1.0407400e+01   3.0037630e+00  -3.4010873e-02   2.3518262e-02   2.4386144e-03
   1.2810000e+03   1.0402260e+01   3.0029020e+00  -3.3994703e-02   2.3519713e-02   2.4392321e-03
   1.2820000e+03   1.0397130e+01   3.0020420e+00  -3.3978515e-02   2.3521098e-02   2.4398443e-03
   1.2830000e+03   1.0392000e+01   3.0011830e+00  -3.3962294e-02   2.3522418e-02   2.4404487e-03
   1.2840000e+03   1.0386880e+01   3.0003240e+00  -3.3946049e-02   2.3523671e-02   2.4410468e-03
   1.2850000e+03   1.0381770e+01   2.9994660e+00  -3.3929783e-02   2.3524854e-02   2.4416385e-03
   1.2860000e+03   1.0376670e+01   2.9986080e+00  -3.3913485e-02   2.3525968e-02   2.4422226e-03
   1.2870000e+03   1.0371580e+01   2.9977510e+00  -3.3897160e-02   2.3527008e-02   2.4428012e-03
   1.2880000e+03   1.0366490e+01   2.9968940e+00  -3.3880822e-02   2.3528001e-02   2.4433721e-03
   1.2890000e+03   1.0361410e+01   2.9960380e+00  -3.3864454e-02   2.3528920e-02   2.4439367e-03
   1.2900000e+03   1.0356340e+01   2.9951830e+00  -3.3848056e-02   2.3529764e-02   2.4444946e-03
   1.2910000e+03   1.0351270e+01   2.9943280e+00  -3.3831643e-02   2.3530560e-02   2.4450458e-03
   1.2920000e+03   1.0346210e+01   2.9934740e+00  -3.3815191e-02   2.3531274e-02   2.4455899e-03
   1.2930000e+03   1.0341170e+01   2.9926200e+00  -3.3798706e-02   2.3531908e-02   2.4461261e-03
   1.2940000e+03   1.0336120e+01   2.9917670e+00  -3.3782212e-02   2.3532501e-02   2.4466570e-03
   1.2950000e+03   1.0331090e+01   2.9909140e+00  -3.3765687e-02   2.3533015e-02   2.4471807e-03
   1.2960000e+03   1.0326060e+01   2.9900620e+00  -3.3749145e-02   2.3533472e-02   2.4476986e-03
   1.2970000e+03   1.0321040e+01   2.9892110e+00  -3.3732553e-02   2.3533844e-02   2.4482075e-03
   1.2980000e+03   1.0316030e+01   2.9883600e+00  -3.3715952e-02   2.3534160e-02   2.4487110e-03
   1.2990000e+03   1.0311030e+01   2.9875100e+00  -3.3699311e-02   2.3534397e-02   2.4492063e-03
   1.3000000e+03   1.0306030e+01   2.9866600e+00  -3.3682666e-02   2.3534590e-02   2.4496966e-03
   1.3010000e+03   1.0301040e+01   2.9858110e+00  -3.3665971e-02   2.3534698e-02   2.4501782e-03
   1.3020000e+03   1.0296060e+01   2.9849620e+00  -3.3649277e-02   2.3534756e-02   2.4506553e-03
   1.3030000e+03   1.0291080e+01   2.9841140e+00  -3.3632540e-02   2.3534742e-02   2.4511238e-03
   1.3040000e+03   1.0286110e+01   2.9832670e+00  -3.3615762e-02   2.3534650e-02   2.4515843e-03
   1.3050000e+03   1.0281150e+01   2.9824200e+00  -3.3598973e-02   2.3534499e-02   2.4520390e-03
   1.3060000e+03   1.0276200e+01   2.9815730e+00  -3.3582158e-02   2.3534282e-02   2.4524873e-03
   1.3070000e+03   1.0271250e+01   2.9807280e+00  -3.3565310e-02   2.3533997e-02   2.4529277e-03
   1.3080000e+03   1.0266320e+01   2.9798820e+00  -3.3548446e-02   2.3533647e-02   2.4533616e-03
   1.3090000e+03   1.0261390e+01   2.9790380e+00  -3.3531537e-02   2.3533218e-02   2.4537888e-03
   1.3100000e+03   1.0256460e+01   2.9781930e+00  -3.3514621e-02   2.3532751e-02   2.4542089e-03
   1.3110000e+03   1.0251540e+01   2.9773500e+00  -3.3497662e-02   2.3532199e-02   2.4546209e-03
   1.3120000e+03   1.0246640e+01   2.9765070e+00  -3.3480675e-02   2.3531568e-02   2.4550267e-03
   1.3130000e+03   1.0241730e+01   2.9756640e+00  -3.3463675e-02   2.3530900e-02   2.4554260e-03
   1.3140000e+03   1.0236840e+01   2.9748220e+00  -3.3446629e-02   2.3530140e-02   2.4558171e-03
   1.3150000e+03   1.0231950e+01   2.9739810e+00  -3.3429562e-02   2.3529324e-02   2.4562012e-03
   1.3160000e+03   1.0227070e+01   2.9731400e+00  -3.3412470e-02   2.3528441e-02   2.4565787e-03
   1.3170000e+03   1.0222200e+01   2.9722990e+00  -3.3395366e-02   2.3527502e-02   2.4569508e-03
   1.3180000e+03   1.0217330e+01   2.9714600e+00  -3.3378211e-02   2.3526484e-02   2.4573134e-03
   1.3190000e+03   1.0212470e+01   2.9706200e+00  -3.3361046e-02   2.3525414e-02   2.4576701e-03
   1.3200000e+03   1.0207620e+01   2.9697820e+00  -3.3343827e-02   2.3524252e-02   2.4580183e-03
   1.3210000e+03   1.0202780e+01   2.9689430e+00  -3.3326609e-02   2.3523047e-02   2.4583616e-03
   1.3220000e+03   1.0197940e+01   2.9681060e+00  -3.3309342e-02   2.3521762e-02   2.4586961e-03
   1.3230000e+03   1.0193110e+01   2.9672680e+00  -3.3292063e-02   2.3520425e-02   2.4590243e-03
   1.3240000e+03   1.0188290e+01   2.9664320e+00  -3.3274738e-02   2.3519004e-02   2.4593446e-03
   1.3250000e+03   1.0183470e+01   2.9655960e+00  -3.3257399e-02   2.3517534e-02   2.4596587e-03
   1.3260000e+03   1.0178660e+01   2.9647600e+00  -3.3240030e-02   2.3515996e-02   2.4599653e-03
   1.3270000e+03   1.0173860e+01   2.9639250e+00  -3.3222632e-02   2.3514388e-02   2.4602643e-03
   1.3280000e+03   1.0169060e+01   2.9630910e+00  -3.3205201e-02   2.3512714e-02   2.4605568e-03
   1.3290000e+03   1.0164280e+01   2.9622570e+00  -3.3187737e-02   2.3510962e-02   2.4608416e-03
   1.3300000e+03   1.0159500e+01   2.9614230e+00  -3.3170262e-02   2.3509165e-02   2.4611199e-03
   1.3310000e+03   1.0154720e+01   2.9605900e+00  -3.3152753e-02   2.3507303e-02   2.4613909e-03
   1.3320000e+03   1.0149950e+01   2.9597580e+00  -3.3135202e-02   2.3505364e-02   2.4616529e-03
   1.3330000e+03   1.0145190e+01   2.9589260e+00  -3.3117638e-02   2.3503366e-02   2.4619101e-03
   1.3340000e+03   1.0140440e+01   2.9580940e+00  -3.3100047e-02   2.3501305e-02   2.4621600e-03
   1.3350000e+03   1.0135700e+01   2.9572640e+00  -3.3082398e-02   2.3499148e-02   2.4624012e-03
   1.3360000e+03   1.0130960e+01   2.9564330e+00  -3.3064756e-02   2.3496964e-02   2.4626364e-03
   1.3370000e+03   1.0126220e+01   2.9556030e+00  -3.3047074e-02   2.3494711e-02   2.4628636e-03
   1.3380000e+03   1.0121500e+01   2.9547740e+00  -3.3029360e-02   2.3492377e-02   2.4630847e-03
   1.3390000e+03   1.0116780e+01   2.9539450e+00  -3.3011609e-02   2.3489982e-02   2.4632963e-03
   1.3400000e+03   1.0112070e+01   2.9531170e+00  -3.2993844e-02   2.3487526e-02   2.4635033e-03
   1.3410000e+03   1.0107360e+01   2.9522890e+00  -3.2976040e-02   2.3485005e-02   2.4637015e-03
   1.3420000e+03   1.0102670e+01   2.9514620e+00  -3.2958205e-02   2.3482405e-02   2.4638927e-03
   1.3430000e+03   1.0097980e+01   2.9506350e+00  -3.2940344e-02   2.3479750e-02   2.4640762e-03
   1.3440000e+03   1.0093290e+01   2.9498090e+00  -3.2922460e-02   2.3477039e-02   2.4642539e-03
   1.3450000e+03   1.0088610e+01   2.9489830e+00  -3.2904536e-02   2.3474255e-02   2.4644223e-03
   1.3460000e+03   1.0083940e+01   2.9481580e+00  -3.2886594e-02   2.3471409e-02   2.4645849e-03
   1.3470000e+03   1.0079280e+01   2.9473330e+00  -3.2868611e-02   2.3468488e-02   2.4647397e-03
   1.3480000e+03   1.0074620e+01   2.9465090e+00  -3.2850604e-02   2.3465511e-02   2.4648875e-03
   1.3490000e+03   1.0069970e+01   2.9456850e+00  -3.2832579e-02   2.3462477e-02   2.4650286e-03
   1.3500000e+03   1.0065330e+01   2.9448610e+00  -3.2814525e-02   2.3459377e-02   2.4651624e-03
   1.3510000e+03   1.0060690e+01   2.9440390e+00  -3.2796421e-02   2.3456199e-02   2.4652880e-03
   1.3520000e+03   1.0056060e+01   2.9432160e+00  -3.2778301e-02   2.3452967e-02   2.4654062e-03
   1.3530000e+03   1.0051440e+01   2.9423950e+00  -3.2760134e-02   2.3449652e-02   2.4655168e-03
   1.3540000e+03   1.0046820e+01   2.9415730e+00  -3.2741962e-02   2.3446301e-02   2.4656215e-03
   1.3550000e+03   1.0042210e+01   2.9407520e+00  -3.2723755e-02   2.3442878e-02   2.4657178e-03
   1.3560000e+03   1.0037610e+01   2.9399320e+00  -3.2705508e-02   2.3439376e-02   2.4658077e-03
   1.3570000e+03   1.0033010e+01   2.9391120e+00  -3.2687247e-02   2.3435831e-02   2.4658902e-03
   1.3580000e+03   1.0028420e+01   2.9382930e+00  -3.2668931e-02   2.3432197e-02   2.4659641e-03
   1.3590000e+03   1.0023840e+01   2.9374740e+00  -3.2650606e-02   2.3428514e-02   2.4660320e-03
   1.3600000e+03   1.0019270e+01   2.9366560e+00  -3.2632225e-02   2.3424745e-02   2.4660906e-03
   1.3610000e+03   1.0014700e+01   2.9358380e+00  -3.2613839e-02   2.3420935e-02   2.4661439e-03
   1.3620000e+03   1.0010130e+01   2.9350210e+00  -3.2595424e-02   2.3417066e-02   2.4661897e-03
   1.3630000e+03   1.0005580e+01   2.9342040e+00  -3.2576972e-02   2.3413119e-02   2.4662279e-03
   1.3640000e+03   1.0001030e+01   2.9333870e+00  -3.2558497e-02   2.3409120e-02   2.4662591e-03
