   3.3000000e+01   2.4478970e+02   4.8814570e+00  -1.2421367e-02   7.6528207e-03   2.3159170e-03
   3.4000000e+01   2.3952760e+02   4.8440960e+00  -1.3015836e-02   7.8162186e-03   2.3607722e-03
   3.5000000e+01   2.3448900e+02   4.8088000e+00  -1.3609658e-02   7.9770482e-03   2.4045530e-03
   3.6000000e+01   2.2965780e+02   4.7754400e+00  -1.4202628e-02   8.1353775e-03   2.4472716e-03
   3.7000000e+01   2.2501990e+02   4.7438970e+00  -1.4794558e-02   8.2912654e-03   2.4889404e-03
   3.8000000e+01   2.2056270e+02   4.7140540e+00  -1.5385314e-02   8.4448026e-03   2.5295804e-03
   3.9000000e+01   2.1627500e+02   4.6858040e+00  -1.5974760e-02   8.5960684e-03   2.5692123e-03
   4.0000000e+01   2.1214640e+02   4.6590440e+00  -1.6562794e-02   8.7451744e-03   2.6078619e-03
   4.1000000e+01   2.0816780e+02   4.6336790e+00  -1.7149313e-02   8.8922143e-03   2.6455569e-03
   4.2000000e+01   2.0433070e+02   4.6096180e+00  -1.7734227e-02   9.0372977e-03   2.6823240e-03
   4.3000000e+01   2.0062750e+02   4.5867790e+00  -1.8317444e-02   9.1805264e-03   2.7181920e-03
   4.4000000e+01   1.9705100e+02   4.5650840e+00  -1.8898873e-02   9.3220112e-03   2.7531900e-03
   4.5000000e+01   1.9359490e+02   4.5444600e+00  -1.9478419e-02   9.4618404e-03   2.7873444e-03
   4.6000000e+01   1.9025300e+02   4.5248390e+00  -2.0056011e-02   9.6001327e-03   2.8206858e-03
   4.7000000e+01   1.8701970e+02   4.5061590e+00  -2.0631555e-02   9.7369869e-03   2.8532415e-03
   4.8000000e+01   1.8388990e+02   4.4883610e+00  -2.1204951e-02   9.8724851e-03   2.8850368e-03
   4.9000000e+01   1.8085880e+02   4.4713910e+00  -2.1776127e-02   1.0006730e-02   2.9160990e-03
   5.0000000e+01   1.7792170e+02   4.4551990e+00  -2.2344980e-02   1.0139808e-02   2.9464525e-03
   5.1000000e+01   1.7507450e+02   4.4397380e+00  -2.2911441e-02   1.0271814e-02   2.9761245e-03
   5.2000000e+01   1.7231310e+02   4.4249640e+00  -2.3475409e-02   1.0402814e-02   3.0051336e-03
   5.3000000e+01   1.6963390e+02   4.4108380e+00  -2.4036810e-02   1.0532901e-02   3.0335056e-03
   5.4000000e+01   1.6703320e+02   4.3973210e+00  -2.4595545e-02   1.0662143e-02   3.0612613e-03
   5.5000000e+01   1.6450780e+02   4.3843780e+00  -2.5151555e-02   1.0790614e-02   3.0884211e-03
   5.6000000e+01   1.6205450e+02   4.3719780e+00  -2.5704746e-02   1.0918384e-02   3.1150044e-03
   5.7000000e+01   1.5967030e+02   4.3600890e+00  -2.6255052e-02   1.1045523e-02   3.1410326e-03
   5.8000000e+01   1.5735250e+02   4.3486840e+00  -2.6802380e-02   1.1172068e-02   3.1665184e-03
   5.9000000e+01   1.5509840e+02   4.3377360e+00  -2.7346695e-02   1.1298109e-02   3.1914846e-03
   6.0000000e+01   1.5290550e+02   4.3272210e+00  -2.7887900e-02   1.1423683e-02   3.2159456e-03
   6.1000000e+01   1.5077130e+02   4.3171160e+00  -2.8425947e-02   1.1548847e-02   3.2399151e-03
   6.2000000e+01   1.4869360e+02   4.3074000e+00  -2.8960783e-02   1.1673662e-02   3.2634117e-03
   6.3000000e+01   1.4667030e+02   4.2980520e+00  -2.9492342e-02   1.1798161e-02   3.2864479e-03
   6.4000000e+01   1.4469920e+02   4.2890540e+00  -3.0020568e-02   1.1922395e-02   3.3090367e-03
   6.5000000e+01   1.4277850e+02   4.2803890e+00  -3.0545434e-02   1.2046407e-02   3.3311923e-03
   6.6000000e+01   1.4090640e+02   4.2720390e+00  -3.1066877e-02   1.2170231e-02   3.3529291e-03
   6.7000000e+01   1.3908090e+02   4.2639910e+00  -3.1584864e-02   1.2293916e-02   3.3742577e-03
   6.8000000e+01   1.3730050e+02   4.2562280e+00  -3.2099373e-02   1.2417496e-02   3.3951884e-03
   6.9000000e+01   1.3556350e+02   4.2487380e+00  -3.2610361e-02   1.2541008e-02   3.4157366e-03
   7.0000000e+01   1.3386840e+02   4.2415090e+00  -3.3117805e-02   1.2664477e-02   3.4359088e-03
   7.1000000e+01   1.3221370e+02   4.2345280e+00  -3.3621659e-02   1.2787928e-02   3.4557161e-03
   7.2000000e+01   1.3059810e+02   4.2277830e+00  -3.4121928e-02   1.2911401e-02   3.4751702e-03
   7.3000000e+01   1.2902010e+02   4.2212650e+00  -3.4618598e-02   1.3034937e-02   3.4942805e-03
   7.4000000e+01   1.2747860e+02   4.2149630e+00  -3.5111633e-02   1.3158532e-02   3.5130562e-03
   7.5000000e+01   1.2597230e+02   4.2088680e+00  -3.5601044e-02   1.3282223e-02   3.5315049e-03
   7.6000000e+01   1.2450010e+02   4.2029720e+00  -3.6086810e-02   1.3406031e-02   3.5496347e-03
   7.7000000e+01   1.2306070e+02   4.1972640e+00  -3.6568945e-02   1.3529999e-02   3.5674587e-03
   7.8000000e+01   1.2165320e+02   4.1917390e+00  -3.7047432e-02   1.3654117e-02   3.5849785e-03
   7.9000000e+01   1.2027650e+02   4.1863880e+00  -3.7522283e-02   1.3778421e-02   3.6022060e-03
   8.0000000e+01   1.1892970e+02   4.1812040e+00  -3.7993489e-02   1.3902918e-02   3.6191495e-03
   8.1000000e+01   1.1761170e+02   4.1761810e+00  -3.8461074e-02   1.4027641e-02   3.6358131e-03
   8.2000000e+01   1.1632180e+02   4.1713110e+00  -3.8925047e-02   1.4152587e-02   3.6522055e-03
   8.3000000e+01   1.1505890e+02   4.1665900e+00  -3.9385414e-02   1.4277791e-02   3.6683335e-03
   8.4000000e+01   1.1382240e+02   4.1620110e+00  -3.9842199e-02   1.4403248e-02   3.6842060e-03
   8.5000000e+01   1.1261130e+02   4.1575680e+00  -4.0295407e-02   1.4528987e-02   3.6998273e-03
   8.6000000e+01   1.1142500e+02   4.1532570e+00  -4.0745084e-02   1.4655015e-02   3.7152036e-03
   8.7000000e+01   1.1026260e+02   4.1490730e+00  -4.1191215e-02   1.4781337e-02   3.7303423e-03
   8.8000000e+01   1.0912360e+02   4.1450110e+00  -4.1633852e-02   1.4907962e-02   3.7452503e-03
   8.9000000e+01   1.0800710e+02   4.1410670e+00  -4.2073004e-02   1.5034913e-02   3.7599297e-03
   9.0000000e+01   1.0691250e+02   4.1372350e+00  -4.2508713e-02   1.5162200e-02   3.7743899e-03
   9.1000000e+01   1.0583930e+02   4.1335130e+00  -4.2940999e-02   1.5289813e-02   3.7886348e-03
   9.2000000e+01   1.0478680e+02   4.1298960e+00  -4.3369894e-02   1.5417770e-02   3.8026725e-03
   9.3000000e+01   1.0375440e+02   4.1263810e+00  -4.3795425e-02   1.5546081e-02   3.8165058e-03
   9.4000000e+01   1.0274160e+02   4.1229630e+00  -4.4217645e-02   1.5674751e-02   3.8301397e-03
   9.5000000e+01   1.0174770e+02   4.1196410e+00  -4.4636562e-02   1.5803800e-02   3.8435820e-03
   9.6000000e+01   1.0077240e+02   4.1164100e+00  -4.5052218e-02   1.5933194e-02   3.8568358e-03
   9.7000000e+01   9.9811760e+01   4.1134020e+00  -4.5460279e-02   1.6064024e-02   3.8706796e-03
   9.8000000e+01   9.8872010e+01   4.1103410e+00  -4.5869615e-02   1.6194153e-02   3.8835596e-03
   9.9000000e+01   9.7949300e+01   4.1073630e+00  -4.6275785e-02   1.6324653e-02   3.8962663e-03
   1.0000000e+02   9.7043160e+01   4.1044640e+00  -4.6678856e-02   1.6455551e-02   3.9088041e-03
   1.0100000e+02   9.6153170e+01   4.1016430e+00  -4.7078860e-02   1.6586844e-02   3.9211785e-03
   1.0200000e+02   9.5278890e+01   4.0988960e+00  -4.7475825e-02   1.6718525e-02   3.9333946e-03
   1.0300000e+02   9.4419920e+01   4.0962220e+00  -4.7869802e-02   1.6850611e-02   3.9454547e-03
   1.0400000e+02   9.3575880e+01   4.0936180e+00  -4.8260823e-02   1.6983091e-02   3.9573651e-03
   1.0500000e+02   9.2746370e+01   4.0910810e+00  -4.8648932e-02   1.7115977e-02   3.9691307e-03
   1.0600000e+02   9.1931040e+01   4.0886100e+00  -4.9034178e-02   1.7249268e-02   3.9807528e-03
   1.0700000e+02   9.1129530e+01   4.0862020e+00  -4.9416593e-02   1.7382966e-02   3.9922389e-03
   1.0800000e+02   9.0341500e+01   4.0838560e+00  -4.9796216e-02   1.7517063e-02   4.0035911e-03
   1.0900000e+02   8.9566600e+01   4.0815700e+00  -5.0173088e-02   1.7651568e-02   4.0148115e-03
   1.1000000e+02   8.8804540e+01   4.0793410e+00  -5.0547257e-02   1.7786482e-02   4.0259096e-03
   1.1100000e+02   8.8054980e+01   4.0771690e+00  -5.0918761e-02   1.7921803e-02   4.0368823e-03
   1.1200000e+02   8.7317640e+01   4.0750500e+00  -5.1287631e-02   1.8057523e-02   4.0477388e-03
   1.1300000e+02   8.6592220e+01   4.0729840e+00  -5.1653933e-02   1.8193666e-02   4.0584815e-03
   1.1400000e+02   8.5878440e+01   4.0709700e+00  -5.2017652e-02   1.8330184e-02   4.0691098e-03
   1.1500000e+02   8.5176020e+01   4.0690040e+00  -5.2378889e-02   1.8467127e-02   4.0796356e-03
   1.1600000e+02   8.4484710e+01   4.0670870e+00  -5.2737659e-02   1.8604463e-02   4.0900531e-03
   1.1700000e+02   8.3804240e+01   4.0652160e+00  -5.3094008e-02   1.8742211e-02   4.1003714e-03
   1.1800000e+02   8.3134360e+01   4.0633900e+00  -5.3447968e-02   1.8880357e-02   4.1105916e-03
   1.1900000e+02   8.2474840e+01   4.0616090e+00  -5.3799549e-02   1.9018883e-02   4.1207180e-03
   1.2000000e+02   8.1825440e+01   4.0598690e+00  -5.4148853e-02   1.9157827e-02   4.1307557e-03
   1.2100000e+02   8.1185940e+01   4.0581710e+00  -5.4495870e-02   1.9297154e-02   4.1407016e-03
   1.2200000e+02   8.0556110e+01   4.0565130e+00  -5.4840641e-02   1.9436869e-02   4.1505652e-03
   1.2300000e+02   7.9935740e+01   4.0548940e+00  -5.5183201e-02   1.9576965e-02   4.1603472e-03
   1.2400000e+02   7.9324620e+01   4.0533130e+00  -5.5523595e-02   1.9717450e-02   4.1700483e-03
   1.2500000e+02   7.8722560e+01   4.0517680e+00  -5.5861869e-02   1.9858321e-02   4.1796727e-03
   1.2600000e+02   7.8129350e+01   4.0502590e+00  -5.6198039e-02   1.9999569e-02   4.1892259e-03
   1.2700000e+02   7.7544800e+01   4.0487840e+00  -5.6532129e-02   2.0141177e-02   4.1987065e-03
   1.2800000e+02   7.6968740e+01   4.0473430e+00  -5.6864210e-02   2.0283174e-02   4.2081185e-03
   1.2900000e+02   7.6400980e+01   4.0459340e+00  -5.7194277e-02   2.0425530e-02   4.2174660e-03
   1.3000000e+02   7.5841340e+01   4.0445570e+00  -5.7522380e-02   2.0568252e-02   4.2267507e-03
   1.3100000e+02   7.5289660e+01   4.0432110e+00  -5.7848552e-02   2.0711336e-02   4.2359711e-03
   1.3200000e+02   7.4745770e+01   4.0418940e+00  -5.8172803e-02   2.0854765e-02   4.2451364e-03
   1.3300000e+02   7.4209520e+01   4.0406070e+00  -5.8495198e-02   2.0998555e-02   4.2542415e-03
   1.3400000e+02   7.3680740e+01   4.0393480e+00  -5.8815704e-02   2.1142668e-02   4.2632956e-03
   1.3500000e+02   7.3159280e+01   4.0381160e+00  -5.9134426e-02   2.1287142e-02   4.2722954e-03
   1.3600000e+02   7.2645000e+01   4.0369100e+00  -5.9451350e-02   2.1431957e-02   4.2812470e-03
   1.3700000e+02   7.2137750e+01   4.0357310e+00  -5.9766487e-02   2.1577079e-02   4.2901494e-03
   1.3800000e+02   7.1637400e+01   4.0345760e+00  -6.0079916e-02   2.1722547e-02   4.2990058e-03
   1.3900000e+02   7.1143800e+01   4.0334460e+00  -6.0391605e-02   2.1868326e-02   4.3078169e-03
   1.4000000e+02   7.0656820e+01   4.0323390e+00  -6.0701617e-02   2.2014428e-02   4.3165871e-03
   1.4100000e+02   7.0176340e+01   4.0312560e+00  -6.1009956e-02   2.2160832e-02   4.3253157e-03
   1.4200000e+02   6.9702220e+01   4.0301940e+00  -6.1316656e-02   2.2307538e-02   4.3340061e-03
   1.4300000e+02   6.9234350e+01   4.0291550e+00  -6.1621725e-02   2.2454542e-02   4.3426571e-03
   1.4400000e+02   6.8772610e+01   4.0281360e+00  -6.1925200e-02   2.2601836e-02   4.3512745e-03
   1.4500000e+02   6.8316870e+01   4.0271380e+00  -6.2227095e-02   2.2749411e-02   4.3598553e-03
   1.4600000e+02   6.7867030e+01   4.0261600e+00  -6.2527455e-02   2.2897284e-02   4.3684034e-03
   1.4700000e+02   6.7422970e+01   4.0252010e+00  -6.2826259e-02   2.3045414e-02   4.3769209e-03
   1.4800000e+02   6.6984580e+01   4.0242610e+00  -6.3123543e-02   2.3193812e-02   4.3854077e-03
   1.4900000e+02   6.6551770e+01   4.0233390e+00  -6.3419337e-02   2.3342477e-02   4.3938649e-03
   1.5000000e+02   6.6124420e+01   4.0224350e+00  -6.3713656e-02   2.3491395e-02   4.4022935e-03
   1.5100000e+02   6.5702450e+01   4.0215480e+00  -6.4006507e-02   2.3640560e-02   4.4106972e-03
   1.5200000e+02   6.5285740e+01   4.0206780e+00  -6.4297909e-02   2.3789961e-02   4.4190743e-03
   1.5300000e+02   6.4874200e+01   4.0198240e+00  -6.4587877e-02   2.3939593e-02   4.4274264e-03
   1.5400000e+02   6.4467740e+01   4.0189860e+00  -6.4876433e-02   2.4089455e-02   4.4357541e-03
   1.5500000e+02   6.4066280e+01   4.0181630e+00  -6.5163591e-02   2.4239536e-02   4.4440618e-03
   1.5600000e+02   6.3669710e+01   4.0173560e+00  -6.5449313e-02   2.4389799e-02   4.4523453e-03
   1.5700000e+02   6.3277950e+01   4.0165620e+00  -6.5733719e-02   2.4540302e-02   4.4606082e-03
   1.5800000e+02   6.2890930e+01   4.0157830e+00  -6.6016746e-02   2.4690986e-02   4.4688519e-03
   1.5900000e+02   6.2508550e+01   4.0150170e+00  -6.6298440e-02   2.4841870e-02   4.4770749e-03
   1.6000000e+02   6.2130730e+01   4.0142640e+00  -6.6578806e-02   2.4992939e-02   4.4852807e-03
   1.6100000e+02   6.1757400e+01   4.0135250e+00  -6.6857817e-02   2.5144162e-02   4.4934663e-03
   1.6200000e+02   6.1388470e+01   4.0127980e+00  -6.7135539e-02   2.5295564e-02   4.5016348e-03
   1.6300000e+02   6.1023880e+01   4.0120830e+00  -6.7411955e-02   2.5447126e-02   4.5097867e-03
   1.6400000e+02   6.0663550e+01   4.0113800e+00  -6.7687075e-02   2.5598835e-02   4.5179225e-03
   1.6500000e+02   6.0307400e+01   4.0106880e+00  -6.7960926e-02   2.5750695e-02   4.5260425e-03
   1.6600000e+02   5.9955370e+01   4.0100070e+00  -6.8233503e-02   2.5902684e-02   4.5341460e-03
   1.6700000e+02   5.9607380e+01   4.0093370e+00  -6.8504818e-02   2.6054809e-02   4.5422352e-03
   1.6800000e+02   5.9263380e+01   4.0086780e+00  -6.8774866e-02   2.6207041e-02   4.5503095e-03
   1.6900000e+02   5.8923280e+01   4.0080290e+00  -6.9043663e-02   2.6359382e-02   4.5583668e-03
   1.7000000e+02   5.8587040e+01   4.0073900e+00  -6.9311233e-02   2.6511831e-02   4.5664118e-03
   1.7100000e+02   5.8254580e+01   4.0067600e+00  -6.9577557e-02   2.6664371e-02   4.5744422e-03
   1.7200000e+02   5.7925840e+01   4.0061390e+00  -6.9842688e-02   2.6817017e-02   4.5824595e-03
   1.7300000e+02   5.7600760e+01   4.0055280e+00  -7.0106568e-02   2.6969724e-02   4.5904628e-03
   1.7400000e+02   5.7279290e+01   4.0049250e+00  -7.0369246e-02   2.7122506e-02   4.5984518e-03
   1.7500000e+02   5.6961370e+01   4.0043310e+00  -7.0630703e-02   2.7275340e-02   4.6064274e-03
   1.7600000e+02   5.6646930e+01   4.0037450e+00  -7.0890983e-02   2.7428243e-02   4.6143902e-03
   1.7700000e+02   5.6335920e+01   4.0031670e+00  -7.1150044e-02   2.7581182e-02   4.6223389e-03
   1.7800000e+02   5.6028300e+01   4.0025970e+00  -7.1407910e-02   2.7734155e-02   4.6302746e-03
   1.7900000e+02   5.5724000e+01   4.0020340e+00  -7.1664601e-02   2.7887162e-02   4.6381970e-03
   1.8000000e+02   5.5422970e+01   4.0014790e+00  -7.1920084e-02   2.8040176e-02   4.6461033e-03
   1.8100000e+02   5.5125160e+01   4.0009300e+00  -7.2174413e-02   2.8193220e-02   4.6539986e-03
   1.8200000e+02   5.4830530e+01   4.0003890e+00  -7.2427534e-02   2.8346242e-02   4.6618780e-03
   1.8300000e+02   5.4539020e+01   3.9998540e+00  -7.2679505e-02   2.8499281e-02   4.6697460e-03
   1.8400000e+02   5.4250580e+01   3.9993250e+00  -7.2930300e-02   2.8652298e-02   4.6775973e-03
   1.8500000e+02   5.3965170e+01   3.9988030e+00  -7.3179904e-02   2.8805284e-02   4.6854359e-03
   1.8600000e+02   5.3682740e+01   3.9982870e+00  -7.3428353e-02   2.8958243e-02   4.6932583e-03
   1.8700000e+02   5.3403250e+01   3.9977760e+00  -7.3675657e-02   2.9111172e-02   4.7010676e-03
   1.8800000e+02   5.3126660e+01   3.9972710e+00  -7.3921771e-02   2.9264034e-02   4.7088594e-03
   1.8900000e+02   5.2852910e+01   3.9967720e+00  -7.4166725e-02   2.9416845e-02   4.7166380e-03
   1.9000000e+02   5.2581960e+01   3.9962780e+00  -7.4410511e-02   2.9569585e-02   4.7243992e-03
   1.9100000e+02   5.2313780e+01   3.9957890e+00  -7.4653147e-02   2.9722254e-02   4.7321440e-03
   1.9200000e+02   5.2048320e+01   3.9953050e+00  -7.4894626e-02   2.9874843e-02   4.7398742e-03
   1.9300000e+02   5.1785550e+01   3.9948260e+00  -7.5134939e-02   3.0027333e-02   4.7475857e-03
   1.9400000e+02   5.1525420e+01   3.9943520e+00  -7.5374075e-02   3.0179708e-02   4.7552782e-03
   1.9500000e+02   5.1267890e+01   3.9938820e+00  -7.5612078e-02   3.0331995e-02   4.7629559e-03
   1.9600000e+02   5.1012940e+01   3.9934160e+00  -7.5848919e-02   3.0484155e-02   4.7706150e-03
   1.9700000e+02   5.0760510e+01   3.9929550e+00  -7.6084591e-02   3.0636181e-02   4.7782521e-03
   1.9800000e+02   5.0510570e+01   3.9924980e+00  -7.6319110e-02   3.0788084e-02   4.7858739e-03
   1.9900000e+02   5.0263100e+01   3.9920440e+00  -7.6552473e-02   3.0939833e-02   4.7934744e-03
   2.0000000e+02   5.0018040e+01   3.9915940e+00  -7.6784677e-02   3.1091436e-02   4.8010545e-03
   2.0100000e+02   4.9775380e+01   3.9911480e+00  -7.7015727e-02   3.1242876e-02   4.8086136e-03
   2.0200000e+02   4.9535070e+01   3.9907060e+00  -7.7245607e-02   3.1394147e-02   4.8161532e-03
   2.0300000e+02   4.9297080e+01   3.9902660e+00  -7.7474343e-02   3.1545243e-02   4.8236689e-03
   2.0400000e+02   4.9061370e+01   3.9898310e+00  -7.7701878e-02   3.1696137e-02   4.8311626e-03
   2.0500000e+02   4.8827930e+01   3.9893980e+00  -7.7928282e-02   3.1846851e-02   4.8386339e-03
   2.0600000e+02   4.8596710e+01   3.9889680e+00  -7.8153523e-02   3.1997363e-02   4.8460823e-03
   2.0700000e+02   4.8367680e+01   3.9885410e+00  -7.8377594e-02   3.2147660e-02   4.8535044e-03
   2.0800000e+02   4.8140820e+01   3.9881170e+00  -7.8600490e-02   3.2297734e-02   4.8609025e-03
   2.0900000e+02   4.7916100e+01   3.9876960e+00  -7.8822217e-02   3.2447575e-02   4.8682752e-03
   2.1000000e+02   4.7693470e+01   3.9872770e+00  -7.9042770e-02   3.2597182e-02   4.8756213e-03
   2.1100000e+02   4.7472930e+01   3.9868610e+00  -7.9262160e-02   3.2746547e-02   4.8829417e-03
   2.1200000e+02   4.7254430e+01   3.9864470e+00  -7.9480383e-02   3.2895662e-02   4.8902334e-03
   2.1300000e+02   4.7037960e+01   3.9860350e+00  -7.9697430e-02   3.3044511e-02   4.8974972e-03
   2.1400000e+02   4.6823480e+01   3.9856260e+00  -7.9913281e-02   3.3193085e-02   4.9047327e-03
   2.1500000e+02   4.6610960e+01   3.9852190e+00  -8.0127950e-02   3.3341382e-02   4.9119383e-03
   2.1600000e+02   4.6400390e+01   3.9848130e+00  -8.0341486e-02   3.3489421e-02   4.9191166e-03
   2.1700000e+02   4.6191730e+01   3.9844100e+00  -8.0553788e-02   3.3637132e-02   4.9262598e-03
   2.1800000e+02   4.5984960e+01   3.9840080e+00  -8.0764941e-02   3.3784568e-02   4.9333742e-03
   2.1900000e+02   4.5780050e+01   3.9836080e+00  -8.0974913e-02   3.3931699e-02   4.9404575e-03
   2.2000000e+02   4.5576990e+01   3.9832100e+00  -8.1183657e-02   3.4078487e-02   4.9475056e-03
   2.2100000e+02   4.5375740e+01   3.9828140e+00  -8.1391216e-02   3.4224957e-02   4.9545199e-03
   2.2200000e+02   4.5176290e+01   3.9824190e+00  -8.1597593e-02   3.4371097e-02   4.9615004e-03
   2.2300000e+02   4.4978600e+01   3.9820250e+00  -8.1802775e-02   3.4516902e-02   4.9684459e-03
   2.2400000e+02   4.4782660e+01   3.9816330e+00  -8.2006761e-02   3.4662358e-02   4.9753552e-03
   2.2500000e+02   4.4588450e+01   3.9812420e+00  -8.2209553e-02   3.4807462e-02   4.9822292e-03
   2.2600000e+02   4.4395940e+01   3.9808520e+00  -8.2411146e-02   3.4952208e-02   4.9890654e-03
   2.2700000e+02   4.4205100e+01   3.9804640e+00  -8.2611504e-02   3.5096568e-02   4.9958637e-03
   2.2800000e+02   4.4015930e+01   3.9800760e+00  -8.2810695e-02   3.5240574e-02   5.0026235e-03
   2.2900000e+02   4.3828400e+01   3.9796900e+00  -8.3008653e-02   3.5384177e-02   5.0093439e-03
   2.3000000e+02   4.3642480e+01   3.9793040e+00  -8.3205417e-02   3.5527403e-02   5.0160248e-03
   2.3100000e+02   4.3458160e+01   3.9789190e+00  -8.3400969e-02   3.5670230e-02   5.0226635e-03
   2.3200000e+02   4.3275420e+01   3.9785350e+00  -8.3595291e-02   3.5812642e-02   5.0292600e-03
   2.3300000e+02   4.3094240e+01   3.9781520e+00  -8.3788394e-02   3.5954638e-02   5.0358152e-03
   2.3400000e+02   4.2914590e+01   3.9777700e+00  -8.3980290e-02   3.6096228e-02   5.0423285e-03
   2.3500000e+02   4.2736470e+01   3.9773880e+00  -8.4170953e-02   3.6237379e-02   5.0487965e-03
   2.3600000e+02   4.2559840e+01   3.9770070e+00  -8.4360392e-02   3.6378104e-02   5.0552197e-03
   2.3700000e+02   4.2384700e+01   3.9766260e+00  -8.4548626e-02   3.6518398e-02   5.0615992e-03
   2.3800000e+02   4.2211020e+01   3.9762460e+00  -8.4735613e-02   3.6658233e-02   5.0679307e-03
   2.3900000e+02   4.2038790e+01   3.9758660e+00  -8.4921372e-02   3.6797619e-02   5.0742170e-03
   2.4000000e+02   4.1867990e+01   3.9754870e+00  -8.5105887e-02   3.6936537e-02   5.0804555e-03
   2.4100000e+02   4.1698590e+01   3.9751080e+00  -8.5289190e-02   3.7075009e-02   5.0866451e-03
   2.4200000e+02   4.1530600e+01   3.9747290e+00  -8.5471254e-02   3.7212999e-02   5.0927869e-03
   2.4300000e+02   4.1363980e+01   3.9743510e+00  -8.5652054e-02   3.7350501e-02   5.0988783e-03
   2.4400000e+02   4.1198730e+01   3.9739720e+00  -8.5831658e-02   3.7487538e-02   5.1049206e-03
   2.4500000e+02   4.1034820e+01   3.9735940e+00  -8.6009989e-02   3.7624073e-02   5.1109101e-03
   2.4600000e+02   4.0872240e+01   3.9732160e+00  -8.6187078e-02   3.7760109e-02   5.1168494e-03
   2.4700000e+02   4.0710970e+01   3.9728380e+00  -8.6362922e-02   3.7895645e-02   5.1227356e-03
   2.4800000e+02   4.0551000e+01   3.9724600e+00  -8.6537525e-02   3.8030678e-02   5.1285686e-03
   2.4900000e+02   4.0392320e+01   3.9720820e+00  -8.6710872e-02   3.8165186e-02   5.1343477e-03
   2.5000000e+02   4.0234900e+01   3.9717030e+00  -8.6882982e-02   3.8299192e-02   5.1400737e-03
   2.5100000e+02   4.0078740e+01   3.9713250e+00  -8.7053827e-02   3.8432657e-02   5.1457438e-03
   2.5200000e+02   3.9923820e+01   3.9709470e+00  -8.7223410e-02   3.8565586e-02   5.1513558e-03
   2.5300000e+02   3.9770120e+01   3.9705680e+00  -8.7391743e-02   3.8697986e-02   5.1569134e-03
   2.5400000e+02   3.9617630e+01   3.9701890e+00  -8.7558823e-02   3.8829849e-02   5.1624141e-03
   2.5500000e+02   3.9466340e+01   3.9698100e+00  -8.7724645e-02   3.8961161e-02   5.1678567e-03
   2.5600000e+02   3.9316230e+01   3.9694310e+00  -8.7889192e-02   3.9091911e-02   5.1732394e-03
   2.5700000e+02   3.9167300e+01   3.9690510e+00  -8.8052490e-02   3.9222108e-02   5.1785638e-03
   2.5800000e+02   3.9019520e+01   3.9686710e+00  -8.8214511e-02   3.9351738e-02   5.1838287e-03
   2.5900000e+02   3.8872880e+01   3.9682900e+00  -8.8375296e-02   3.9480816e-02   5.1890337e-03
   2.6000000e+02   3.8727370e+01   3.9679090e+00  -8.8534798e-02   3.9609313e-02   5.1941766e-03
   2.6100000e+02   3.8582990e+01   3.9675270e+00  -8.8693046e-02   3.9737232e-02   5.1992589e-03
   2.6200000e+02   3.8439700e+01   3.9671460e+00  -8.8849984e-02   3.9864552e-02   5.2042770e-03
   2.6300000e+02   3.8297520e+01   3.9667630e+00  -8.9005698e-02   3.9991303e-02   5.2092329e-03
   2.6400000e+02   3.8156410e+01   3.9663800e+00  -8.9160120e-02   4.0117455e-02   5.2141241e-03
   2.6500000e+02   3.8016370e+01   3.9659960e+00  -8.9313291e-02   4.0243019e-02   5.2189534e-03
   2.6600000e+02   3.7877390e+01   3.9656120e+00  -8.9465171e-02   4.0367972e-02   5.2237168e-03
   2.6700000e+02   3.7739460e+01   3.9652270e+00  -8.9615782e-02   4.0492319e-02   5.2284152e-03
   2.6800000e+02   3.7602560e+01   3.9648410e+00  -8.9765127e-02   4.0616063e-02   5.2330477e-03
   2.6900000e+02   3.7466680e+01   3.9644550e+00  -8.9913187e-02   4.0739188e-02   5.2376136e-03
   2.7000000e+02   3.7331820e+01   3.9640680e+00  -9.0059967e-02   4.0861689e-02   5.2421123e-03
   2.7100000e+02   3.7197950e+01   3.9636800e+00  -9.0205488e-02   4.0983581e-02   5.2465427e-03
   2.7200000e+02   3.7065080e+01   3.9632910e+00  -9.0349740e-02   4.1104846e-02   5.2509063e-03
   2.7300000e+02   3.6933190e+01   3.9629020e+00  -9.0492685e-02   4.1225463e-02   5.2552003e-03
   2.7400000e+02   3.6802270e+01   3.9625120e+00  -9.0634367e-02   4.1345451e-02   5.2594247e-03
   2.7500000e+02   3.6672300e+01   3.9621200e+00  -9.0774803e-02   4.1464832e-02   5.2635822e-03
   2.7600000e+02   3.6543290e+01   3.9617280e+00  -9.0913931e-02   4.1583541e-02   5.2676664e-03
   2.7700000e+02   3.6415210e+01   3.9613360e+00  -9.1051759e-02   4.1701596e-02   5.2716793e-03
   2.7800000e+02   3.6288070e+01   3.9609420e+00  -9.1188333e-02   4.1819013e-02   5.2756225e-03
   2.7900000e+02   3.6161840e+01   3.9605470e+00  -9.1323639e-02   4.1935789e-02   5.2794938e-03
   2.8000000e+02   3.6036520e+01   3.9601510e+00  -9.1457673e-02   4.2051911e-02   5.2832927e-03
   2.8100000e+02   3.5912100e+01   3.9597540e+00  -9.1590422e-02   4.2167372e-02   5.2870204e-03
   2.8200000e+02   3.5788580e+01   3.9593560e+00  -9.1721889e-02   4.2282160e-02   5.2906722e-03
   2.8300000e+02   3.5665930e+01   3.9589580e+00  -9.1852058e-02   4.2396280e-02   5.2942503e-03
   2.8400000e+02   3.5544160e+01   3.9585580e+00  -9.1980972e-02   4.2509740e-02   5.2977553e-03
   2.8500000e+02   3.5423250e+01   3.9581570e+00  -9.2108614e-02   4.2622534e-02   5.3011855e-03
   2.8600000e+02   3.5303190e+01   3.9577550e+00  -9.2234968e-02   4.2734650e-02   5.3045417e-03
   2.8700000e+02   3.5183980e+01   3.9573510e+00  -9.2360077e-02   4.2846108e-02   5.3078238e-03
   2.8800000e+02   3.5065610e+01   3.9569470e+00  -9.2483870e-02   4.2956857e-02   5.3110276e-03
   2.8900000e+02   3.4948070e+01   3.9565410e+00  -9.2606424e-02   4.3066948e-02   5.3141558e-03
   2.9000000e+02   3.4831350e+01   3.9561350e+00  -9.2727653e-02   4.3176322e-02   5.3172067e-03
   2.9100000e+02   3.4715440e+01   3.9557270e+00  -9.2847651e-02   4.3285035e-02   5.3201814e-03
   2.9200000e+02   3.4600330e+01   3.9553180e+00  -9.2966365e-02   4.3393055e-02   5.3230805e-03
   2.9300000e+02   3.4486020e+01   3.9549070e+00  -9.3083826e-02   4.3500392e-02   5.3259002e-03
   2.9400000e+02   3.4372500e+01   3.9544960e+00  -9.3199976e-02   4.3607011e-02   5.3286413e-03
   2.9500000e+02   3.4259750e+01   3.9540830e+00  -9.3314892e-02   4.3712959e-02   5.3313048e-03
   2.9600000e+02   3.4147780e+01   3.9536690e+00  -9.3428520e-02   4.3818195e-02   5.3338894e-03
   2.9700000e+02   3.4036580e+01   3.9532530e+00  -9.3540909e-02   4.3922745e-02   5.3363950e-03
   2.9800000e+02   3.3926130e+01   3.9528370e+00  -9.3651995e-02   4.4026572e-02   5.3388201e-03
   2.9900000e+02   3.3816430e+01   3.9524190e+00  -9.3761833e-02   4.4129706e-02   5.3411664e-03
   3.0000000e+02   3.3707470e+01   3.9519990e+00  -9.3870422e-02   4.4232147e-02   5.3434330e-03
   3.0100000e+02   3.3599250e+01   3.9515780e+00  -9.3977735e-02   4.4333868e-02   5.3456183e-03
   3.0200000e+02   3.3491750e+01   3.9511560e+00  -9.4083792e-02   4.4434888e-02   5.3477248e-03
   3.0300000e+02   3.3384980e+01   3.9507330e+00  -9.4188567e-02   4.4535176e-02   5.3497476e-03
   3.0400000e+02   3.3278920e+01   3.9503080e+00  -9.4292105e-02   4.4634768e-02   5.3516915e-03
   3.0500000e+02   3.3173570e+01   3.9498810e+00  -9.4394402e-02   4.4733655e-02   5.3535538e-03
   3.0600000e+02   3.3068920e+01   3.9494540e+00  -9.4495402e-02   4.4831800e-02   5.3553330e-03
   3.0700000e+02   3.2964960e+01   3.9490240e+00  -9.4595193e-02   4.4929257e-02   5.3570327e-03
   3.0800000e+02   3.2861690e+01   3.9485940e+00  -9.4693701e-02   4.5025974e-02   5.3586474e-03
   3.0900000e+02   3.2759100e+01   3.9481610e+00  -9.4791004e-02   4.5122001e-02   5.3601824e-03
   3.1000000e+02   3.2657180e+01   3.9477280e+00  -9.4887010e-02   4.5217280e-02   5.3616326e-03
   3.1100000e+02   3.2555930e+01   3.9472930e+00  -9.4981788e-02   4.5311847e-02   5.3630030e-03
   3.1200000e+02   3.2455340e+01   3.9468560e+00  -9.5075341e-02   4.5405704e-02   5.3642877e-03
   3.1300000e+02   3.2355410e+01   3.9464180e+00  -9.5167638e-02   4.5498826e-02   5.3654907e-03
   3.1400000e+02   3.2256120e+01   3.9459780e+00  -9.5258700e-02   4.5591233e-02   5.3666103e-03
   3.1500000e+02   3.2157480e+01   3.9455370e+00  -9.5348523e-02   4.5682908e-02   5.3676469e-03
   3.1600000e+02   3.2059480e+01   3.9450940e+00  -9.5437111e-02   4.5773858e-02   5.3685998e-03
   3.1700000e+02   3.1962100e+01   3.9446490e+00  -9.5524501e-02   4.5864109e-02   5.3694689e-03
   3.1800000e+02   3.1865360e+01   3.9442030e+00  -9.5610635e-02   4.5953605e-02   5.3702539e-03
   3.1900000e+02   3.1769230e+01   3.9437550e+00  -9.5695549e-02   4.6042390e-02   5.3709553e-03
   3.2000000e+02   3.1673710e+01   3.9433060e+00  -9.5779223e-02   4.6130436e-02   5.3715716e-03
   3.2100000e+02   3.1578800e+01   3.9428550e+00  -9.5861695e-02   4.6217771e-02   5.3721052e-03
   3.2200000e+02   3.1484500e+01   3.9424030e+00  -9.5942924e-02   4.6304353e-02   5.3725537e-03
   3.2300000e+02   3.1390790e+01   3.9419490e+00  -9.6022950e-02   4.6390221e-02   5.3729177e-03
   3.2400000e+02   3.1297670e+01   3.9414930e+00  -9.6101786e-02   4.6475377e-02   5.3731974e-03
   3.2500000e+02   3.1205140e+01   3.9410350e+00  -9.6179406e-02   4.6559802e-02   5.3733942e-03
   3.2600000e+02   3.1113190e+01   3.9405760e+00  -9.6255804e-02   4.6643488e-02   5.3735044e-03
   3.2700000e+02   3.1021820e+01   3.9401150e+00  -9.6331001e-02   4.6726447e-02   5.3735314e-03
   3.2800000e+02   3.0931010e+01   3.9396530e+00  -9.6404988e-02   4.6808678e-02   5.3734713e-03
   3.2900000e+02   3.0840770e+01   3.9391890e+00  -9.6477790e-02   4.6890186e-02   5.3733277e-03
   3.3000000e+02   3.0751100e+01   3.9387230e+00  -9.6549398e-02   4.6970963e-02   5.3731004e-03
   3.3100000e+02   3.0661970e+01   3.9382550e+00  -9.6619820e-02   4.7051028e-02   5.3727888e-03
   3.3200000e+02   3.0573400e+01   3.9377850e+00  -9.6689065e-02   4.7130364e-02   5.3723921e-03
   3.3300000e+02   3.0485380e+01   3.9373140e+00  -9.6757097e-02   4.7208954e-02   5.3719105e-03
   3.3400000e+02   3.0397890e+01   3.9368410e+00  -9.6823965e-02   4.7286840e-02   5.3713446e-03
   3.3500000e+02   3.0310940e+01   3.9363670e+00  -9.6889630e-02   4.7363979e-02   5.3706921e-03
   3.3600000e+02   3.0224520e+01   3.9358900e+00  -9.6954162e-02   4.7440423e-02   5.3699579e-03
   3.3700000e+02   3.0138630e+01   3.9354120e+00  -9.7017495e-02   4.7516122e-02   5.3691368e-03
   3.3800000e+02   3.0053260e+01   3.9349320e+00  -9.7079658e-02   4.7591097e-02   5.3682327e-03
   3.3900000e+02   2.9968410e+01   3.9344500e+00  -9.7140677e-02   4.7665363e-02   5.3672434e-03
   3.4000000e+02   2.9884070e+01   3.9339660e+00  -9.7200532e-02   4.7738905e-02   5.3661718e-03
   3.4100000e+02   2.9800240e+01   3.9334810e+00  -9.7259213e-02   4.7811716e-02   5.3650126e-03
   3.4200000e+02   2.9716910e+01   3.9329930e+00  -9.7316782e-02   4.7883836e-02   5.3637727e-03
   3.4300000e+02   2.9634090e+01   3.9325040e+00  -9.7373156e-02   4.7955201e-02   5.3624455e-03
   3.4400000e+02   2.9551760e+01   3.9320130e+00  -9.7428406e-02   4.8025866e-02   5.3610377e-03
   3.4500000e+02   2.9469920e+01   3.9315200e+00  -9.7482516e-02   4.8095814e-02   5.3595426e-03
   3.4600000e+02   2.9388570e+01   3.9310250e+00  -9.7535491e-02   4.8165049e-02   5.3579665e-03
   3.4700000e+02   2.9307700e+01   3.9305290e+00  -9.7587322e-02   4.8233560e-02   5.3563046e-03
   3.4800000e+02   2.9227310e+01   3.9300300e+00  -9.7638046e-02   4.8301376e-02   5.3545609e-03
   3.4900000e+02   2.9147390e+01   3.9295300e+00  -9.7687623e-02   4.8368466e-02   5.3527337e-03
   3.5000000e+02   2.9067950e+01   3.9290280e+00  -9.7736078e-02   4.8434842e-02   5.3508218e-03
   3.5100000e+02   2.8988970e+01   3.9285230e+00  -9.7783453e-02   4.8500535e-02   5.3488292e-03
   3.5200000e+02   2.8910460e+01   3.9280170e+00  -9.7829692e-02   4.8565500e-02   5.3467527e-03
   3.5300000e+02   2.8832400e+01   3.9275090e+00  -9.7874820e-02   4.8629765e-02   5.3445944e-03
   3.5400000e+02   2.8754800e+01   3.9269990e+00  -9.7918852e-02   4.8693326e-02   5.3423524e-03
   3.5500000e+02   2.8677660e+01   3.9264870e+00  -9.7961790e-02   4.8756184e-02   5.3400291e-03
   3.5600000e+02   2.8600960e+01   3.9259740e+00  -9.8003606e-02   4.8818323e-02   5.3376215e-03
   3.5700000e+02   2.8524700e+01   3.9254580e+00  -9.8044353e-02   4.8879784e-02   5.3351344e-03
   3.5800000e+02   2.8448890e+01   3.9249400e+00  -9.8084028e-02   4.8940545e-02   5.3325661e-03
   3.5900000e+02   2.8373510e+01   3.9244200e+00  -9.8122620e-02   4.9000618e-02   5.3299163e-03
   3.6000000e+02   2.8298570e+01   3.9238990e+00  -9.8160098e-02   4.9059967e-02   5.3271844e-03
   3.6100000e+02   2.8224050e+01   3.9233750e+00  -9.8196546e-02   4.9118656e-02   5.3243716e-03
   3.6200000e+02   2.8149960e+01   3.9228490e+00  -9.8231921e-02   4.9176649e-02   5.3214792e-03
   3.6300000e+02   2.8076300e+01   3.9223220e+00  -9.8266212e-02   4.9233933e-02   5.3185060e-03
   3.6400000e+02   2.8003050e+01   3.9217920e+00  -9.8299472e-02   4.9290556e-02   5.3154534e-03
   3.6500000e+02   2.7930220e+01   3.9212600e+00  -9.8331672e-02   4.9346488e-02   5.3123218e-03
   3.6600000e+02   2.7857810e+01   3.9207270e+00  -9.8362807e-02   4.9401721e-02   5.3091088e-03
   3.6700000e+02   2.7785800e+01   3.9201910e+00  -9.8392919e-02   4.9456291e-02   5.3058181e-03
   3.6800000e+02   2.7714200e+01   3.9196530e+00  -9.8422000e-02   4.9510188e-02   5.3024487e-03
   3.6900000e+02   2.7643000e+01   3.9191140e+00  -9.8450008e-02   4.9563381e-02   5.2989973e-03
   3.7000000e+02   2.7572200e+01   3.9185720e+00  -9.8477033e-02   4.9615932e-02   5.2954717e-03
   3.7100000e+02   2.7501800e+01   3.9180280e+00  -9.8503023e-02   4.9667805e-02   5.2918679e-03
   3.7200000e+02   2.7431790e+01   3.9174820e+00  -9.8527995e-02   4.9719009e-02   5.2881866e-03
   3.7300000e+02   2.7362170e+01   3.9169340e+00  -9.8551950e-02   4.9769543e-02   5.2844262e-03
   3.7400000e+02   2.7292940e+01   3.9163840e+00  -9.8574905e-02   4.9819415e-02   5.2805909e-03
   3.7500000e+02   2.7224090e+01   3.9158320e+00  -9.8596849e-02   4.9868624e-02   5.2766780e-03
   3.7600000e+02   2.7155630e+01   3.9152780e+00  -9.8617790e-02   4.9917164e-02   5.2726899e-03
   3.7700000e+02   2.7087540e+01   3.9147220e+00  -9.8637745e-02   4.9965056e-02   5.2686253e-03
   3.7800000e+02   2.7019830e+01   3.9141640e+00  -9.8656707e-02   5.0012289e-02   5.2644846e-03
   3.7900000e+02   2.6952490e+01   3.9136030e+00  -9.8674718e-02   5.0058889e-02   5.2602704e-03
   3.8000000e+02   2.6885520e+01   3.9130410e+00  -9.8691707e-02   5.0104811e-02   5.2559805e-03
   3.8100000e+02   2.6818920e+01   3.9124760e+00  -9.8707765e-02   5.0150111e-02   5.2516193e-03
   3.8200000e+02   2.6752680e+01   3.9119100e+00  -9.8722827e-02   5.0194747e-02   5.2471802e-03
   3.8300000e+02   2.6686800e+01   3.9113410e+00  -9.8736951e-02   5.0238760e-02   5.2426716e-03
   3.8400000e+02   2.6621280e+01   3.9107700e+00  -9.8750119e-02   5.0282132e-02   5.2380882e-03
   3.8500000e+02   2.6556110e+01   3.9101970e+00  -9.8762332e-02   5.0324869e-02   5.2334323e-03
   3.8600000e+02   2.6491300e+01   3.9096220e+00  -9.8773588e-02   5.0366963e-02   5.2287042e-03
   3.8700000e+02   2.6426840e+01   3.9090440e+00  -9.8783939e-02   5.0408446e-02   5.2239056e-03
   3.8800000e+02   2.6362720e+01   3.9084650e+00  -9.8793336e-02   5.0449293e-02   5.2190353e-03
   3.8900000e+02   2.6298950e+01   3.9078830e+00  -9.8801817e-02   5.0489520e-02   5.2140945e-03
   3.9000000e+02   2.6235520e+01   3.9073000e+00  -9.8809345e-02   5.0529106e-02   5.2090816e-03
   3.9100000e+02   2.6172430e+01   3.9067140e+00  -9.8815989e-02   5.0568094e-02   5.2040002e-03
   3.9200000e+02   2.6109680e+01   3.9061260e+00  -9.8821717e-02   5.0606461e-02   5.1988499e-03
   3.9300000e+02   2.6047270e+01   3.9055360e+00  -9.8826531e-02   5.0644208e-02   5.1936312e-03
   3.9400000e+02   2.5985180e+01   3.9049430e+00  -9.8830467e-02   5.0681374e-02   5.1883453e-03
   3.9500000e+02   2.5923430e+01   3.9043490e+00  -9.8833483e-02   5.0717901e-02   5.1829896e-03
   3.9600000e+02   2.5862000e+01   3.9037520e+00  -9.8835638e-02   5.0753848e-02   5.1775671e-03
   3.9700000e+02   2.5800890e+01   3.9031530e+00  -9.8836905e-02   5.0789197e-02   5.1720774e-03
   3.9800000e+02   2.5740110e+01   3.9025520e+00  -9.8837299e-02   5.0823943e-02   5.1665217e-03
   3.9900000e+02   2.5679650e+01   3.9019490e+00  -9.8836800e-02   5.0858082e-02   5.1609007e-03
   4.0000000e+02   2.5619510e+01   3.9013430e+00  -9.8835466e-02   5.0891654e-02   5.1552152e-03
   4.0100000e+02   2.5559680e+01   3.9007350e+00  -9.8833257e-02   5.0924627e-02   5.1494653e-03
   4.0200000e+02   2.5500170e+01   3.9001260e+00  -9.8830171e-02   5.0956995e-02   5.1436481e-03
   4.0300000e+02   2.5440960e+01   3.8995130e+00  -9.8826290e-02   5.0988827e-02   5.1377697e-03
   4.0400000e+02   2.5382060e+01   3.8988990e+00  -9.8821554e-02   5.1020068e-02   5.1318281e-03
   4.0500000e+02   2.5323470e+01   3.8982830e+00  -9.8815946e-02   5.1050710e-02   5.1258219e-03
   4.0600000e+02   2.5265190e+01   3.8976640e+00  -9.8809549e-02   5.1080804e-02   5.1197571e-03
   4.0700000e+02   2.5207200e+01   3.8970430e+00  -9.8802313e-02   5.1110328e-02   5.1136287e-03
   4.0800000e+02   2.5149520e+01   3.8964200e+00  -9.8794250e-02   5.1139276e-02   5.1074398e-03
   4.0900000e+02   2.5092130e+01   3.8957940e+00  -9.8785412e-02   5.1167694e-02   5.1011922e-03
   4.1000000e+02   2.5035040e+01   3.8951670e+00  -9.8775728e-02   5.1195523e-02   5.0948835e-03
   4.1100000e+02   2.4978240e+01   3.8945370e+00  -9.8765263e-02   5.1222813e-02   5.0885151e-03
   4.1200000e+02   2.4921730e+01   3.8939040e+00  -9.8754039e-02   5.1249578e-02   5.0820906e-03
   4.1300000e+02   2.4865510e+01   3.8932700e+00  -9.8741976e-02   5.1275762e-02   5.0756057e-03
   4.1400000e+02   2.4809580e+01   3.8926330e+00  -9.8729163e-02   5.1301419e-02   5.0690651e-03
   4.1500000e+02   2.4753930e+01   3.8919940e+00  -9.8715572e-02   5.1326539e-02   5.0624674e-03
   4.1600000e+02   2.4698570e+01   3.8913530e+00  -9.8701192e-02   5.1351107e-02   5.0558128e-03
   4.1700000e+02   2.4643490e+01   3.8907100e+00  -9.8686031e-02   5.1375131e-02   5.0491031e-03
   4.1800000e+02   2.4588680e+01   3.8900640e+00  -9.8670160e-02   5.1398662e-02   5.0423378e-03
   4.1900000e+02   2.4534150e+01   3.8894160e+00  -9.8653535e-02   5.1421665e-02   5.0355200e-03
   4.2000000e+02   2.4479900e+01   3.8887660e+00  -9.8636128e-02   5.1444119e-02   5.0286471e-03
   4.2100000e+02   2.4425920e+01   3.8881130e+00  -9.8618032e-02   5.1466091e-02   5.0217225e-03
   4.2200000e+02   2.4372210e+01   3.8874590e+00  -9.8599154e-02   5.1487515e-02   5.0147454e-03
   4.2300000e+02   2.4318780e+01   3.8868020e+00  -9.8579567e-02   5.1508430e-02   5.0077144e-03
   4.2400000e+02   2.4265600e+01   3.8861420e+00  -9.8559287e-02   5.1528875e-02   5.0006354e-03
   4.2500000e+02   2.4212700e+01   3.8854800e+00  -9.8538272e-02   5.1548790e-02   4.9935044e-03
   4.2600000e+02   2.4160060e+01   3.8848170e+00  -9.8516523e-02   5.1568188e-02   4.9863232e-03
   4.2700000e+02   2.4107670e+01   3.8841500e+00  -9.8494125e-02   5.1587141e-02   4.9790954e-03
   4.2800000e+02   2.4055550e+01   3.8834820e+00  -9.8470995e-02   5.1605567e-02   4.9718166e-03
   4.2900000e+02   2.4003690e+01   3.8828110e+00  -9.8447190e-02   5.1623512e-02   4.9644909e-03
   4.3000000e+02   2.3952090e+01   3.8821380e+00  -9.8422690e-02   5.1640963e-02   4.9571180e-03
   4.3100000e+02   2.3900740e+01   3.8814620e+00  -9.8397537e-02   5.1657952e-02   4.9496986e-03
   4.3200000e+02   2.3849640e+01   3.8807850e+00  -9.8371667e-02   5.1674437e-02   4.9422327e-03
   4.3300000e+02   2.3798790e+01   3.8801050e+00  -9.8345169e-02   5.1690474e-02   4.9347226e-03
   4.3400000e+02   2.3748200e+01   3.8794220e+00  -9.8318020e-02   5.1706040e-02   4.9271675e-03
   4.3500000e+02   2.3697850e+01   3.8787380e+00  -9.8290186e-02   5.1721125e-02   4.9195692e-03
   4.3600000e+02   2.3647750e+01   3.8780510e+00  -9.8261725e-02   5.1735753e-02   4.9119268e-03
   4.3700000e+02   2.3597890e+01   3.8773610e+00  -9.8232658e-02   5.1749952e-02   4.9042435e-03
   4.3800000e+02   2.3548270e+01   3.8766700e+00  -9.8202900e-02   5.1763664e-02   4.8965181e-03
   4.3900000e+02   2.3498900e+01   3.8759760e+00  -9.8172532e-02   5.1776929e-02   4.8887510e-03
   4.4000000e+02   2.3449770e+01   3.8752790e+00  -9.8141555e-02   5.1789760e-02   4.8809459e-03
   4.4100000e+02   2.3400870e+01   3.8745810e+00  -9.8109940e-02   5.1802133e-02   4.8730976e-03
   4.4200000e+02   2.3352210e+01   3.8738800e+00  -9.8077741e-02   5.1814085e-02   4.8652133e-03
   4.4300000e+02   2.3303790e+01   3.8731770e+00  -9.8044904e-02   5.1825576e-02   4.8572893e-03
   4.4400000e+02   2.3255600e+01   3.8724710e+00  -9.8011523e-02   5.1836669e-02   4.8493286e-03
   4.4500000e+02   2.3207640e+01   3.8717630e+00  -9.7977512e-02   5.1847314e-02   4.8413311e-03
   4.4600000e+02   2.3159910e+01   3.8710530e+00  -9.7942921e-02   5.1857535e-02   4.8332958e-03
   4.4700000e+02   2.3112410e+01   3.8703400e+00  -9.7907771e-02   5.1867352e-02   4.8252273e-03
   4.4800000e+02   2.3065140e+01   3.8696250e+00  -9.7872037e-02   5.1876742e-02   4.8171241e-03
   4.4900000e+02   2.3018090e+01   3.8689080e+00  -9.7835732e-02   5.1885723e-02   4.8089866e-03
   4.5000000e+02   2.2971270e+01   3.8681890e+00  -9.7798847e-02   5.1894275e-02   4.8008141e-03
   4.5100000e+02   2.2924670e+01   3.8674670e+00  -9.7761434e-02   5.1902446e-02   4.7926111e-03
   4.5200000e+02   2.2878300e+01   3.8667420e+00  -9.7723490e-02   5.1910219e-02   4.7843771e-03
   4.5300000e+02   2.2832140e+01   3.8660160e+00  -9.7684948e-02   5.1917569e-02   4.7761103e-03
   4.5400000e+02   2.2786200e+01   3.8652870e+00  -9.7645920e-02   5.1924557e-02   4.7678141e-03
   4.5500000e+02   2.2740480e+01   3.8645550e+00  -9.7606357e-02   5.1931151e-02   4.7594888e-03
   4.5600000e+02   2.2694970e+01   3.8638220e+00  -9.7566248e-02   5.1937347e-02   4.7511321e-03
   4.5700000e+02   2.2649680e+01   3.8630860e+00  -9.7525626e-02   5.1943163e-02   4.7427501e-03
   4.5800000e+02   2.2604600e+01   3.8623470e+00  -9.7484530e-02   5.1948629e-02   4.7343391e-03
   4.5900000e+02   2.2559730e+01   3.8616070e+00  -9.7442866e-02   5.1953682e-02   4.7259019e-03
   4.6000000e+02   2.2515070e+01   3.8608630e+00  -9.7400768e-02   5.1958407e-02   4.7174409e-03
   4.6100000e+02   2.2470630e+01   3.8601180e+00  -9.7358133e-02   5.1962730e-02   4.7089510e-03
   4.6200000e+02   2.2426390e+01   3.8593700e+00  -9.7315017e-02   5.1966704e-02   4.7004390e-03
   4.6300000e+02   2.2382350e+01   3.8586200e+00  -9.7271425e-02   5.1970324e-02   4.6919019e-03
   4.6400000e+02   2.2338520e+01   3.8578680e+00  -9.7227337e-02   5.1973575e-02   4.6833425e-03
   4.6500000e+02   2.2294900e+01   3.8571130e+00  -9.7182812e-02   5.1976492e-02   4.6747615e-03
   4.6600000e+02   2.2251470e+01   3.8563560e+00  -9.7137807e-02   5.1979062e-02   4.6661583e-03
   4.6700000e+02   2.2208250e+01   3.8555960e+00  -9.7092361e-02   5.1981292e-02   4.6575342e-03
   4.6800000e+02   2.2165230e+01   3.8548340e+00  -9.7046448e-02   5.1983179e-02   4.6488911e-03
   4.6900000e+02   2.2122400e+01   3.8540700e+00  -9.7000077e-02   5.1984725e-02   4.6402269e-03
   4.7000000e+02   2.2079780e+01   3.8533030e+00  -9.6953300e-02   5.1985951e-02   4.6315459e-03
   4.7100000e+02   2.2037350e+01   3.8525340e+00  -9.6906057e-02   5.1986839e-02   4.6228468e-03
   4.7200000e+02   2.1995110e+01   3.8517630e+00  -9.6858395e-02   5.1987409e-02   4.6141299e-03
   4.7300000e+02   2.1953070e+01   3.8509890e+00  -9.6810314e-02   5.1987661e-02   4.6053980e-03
   4.7400000e+02   2.1911220e+01   3.8502130e+00  -9.6761814e-02   5.1987594e-02   4.5966490e-03
   4.7500000e+02   2.1869560e+01   3.8494350e+00  -9.6712903e-02   5.1987212e-02   4.5878847e-03
   4.7600000e+02   2.1828090e+01   3.8486540e+00  -9.6663582e-02   5.1986526e-02   4.5791082e-03
   4.7700000e+02   2.1786810e+01   3.8478710e+00  -9.6613877e-02   5.1985542e-02   4.5703174e-03
   4.7800000e+02   2.1745720e+01   3.8470850e+00  -9.6563765e-02   5.1984249e-02   4.5615153e-03
   4.7900000e+02   2.1704810e+01   3.8462980e+00  -9.6513265e-02   5.1982659e-02   4.5526989e-03
   4.8000000e+02   2.1664090e+01   3.8455070e+00  -9.6462409e-02   5.1980794e-02   4.5438727e-03
   4.8100000e+02   2.1623550e+01   3.8447150e+00  -9.6411148e-02   5.1978619e-02   4.5350344e-03
   4.8200000e+02   2.1583200e+01   3.8439200e+00  -9.6359509e-02   5.1976156e-02   4.5261886e-03
   4.8300000e+02   2.1543030e+01   3.8431230e+00  -9.6307526e-02   5.1973417e-02   4.5173321e-03
   4.8400000e+02   2.1503040e+01   3.8423230e+00  -9.6255174e-02   5.1970402e-02   4.5084683e-03
   4.8500000e+02   2.1463230e+01   3.8415210e+00  -9.6202468e-02   5.1967111e-02   4.4995976e-03
   4.8600000e+02   2.1423590e+01   3.8407170e+00  -9.6149417e-02   5.1963555e-02   4.4907183e-03
   4.8700000e+02   2.1384140e+01   3.8399100e+00  -9.6096039e-02   5.1959734e-02   4.4818349e-03
   4.8800000e+02   2.1344860e+01   3.8391010e+00  -9.6042304e-02   5.1955643e-02   4.4729460e-03
   4.8900000e+02   2.1305760e+01   3.8382900e+00  -9.5988222e-02   5.1951278e-02   4.4640522e-03
   4.9000000e+02   2.1266830e+01   3.8374760e+00  -9.5933836e-02   5.1946675e-02   4.4551548e-03
   4.9100000e+02   2.1228080e+01   3.8366600e+00  -9.5879121e-02   5.1941808e-02   4.4462528e-03
   4.9200000e+02   2.1189490e+01   3.8358420e+00  -9.5824095e-02   5.1936702e-02   4.4373481e-03
   4.9300000e+02   2.1151080e+01   3.8350210e+00  -9.5768761e-02   5.1931349e-02   4.4284440e-03
   4.9400000e+02   2.1112840e+01   3.8341980e+00  -9.5713115e-02   5.1925747e-02   4.4195373e-03
   4.9500000e+02   2.1074770e+01   3.8333730e+00  -9.5657140e-02   5.1919891e-02   4.4106318e-03
   4.9600000e+02   2.1036860e+01   3.8325450e+00  -9.5600915e-02   5.1913835e-02   4.4017257e-03
   4.9700000e+02   2.0999120e+01   3.8317150e+00  -9.5544390e-02   5.1907535e-02   4.3928207e-03
   4.9800000e+02   2.0961550e+01   3.8308830e+00  -9.5487567e-02   5.1900995e-02   4.3839171e-03
   4.9900000e+02   2.0924150e+01   3.8300480e+00  -9.5430488e-02   5.1894241e-02   4.3750168e-03
   5.0000000e+02   2.0886910e+01   3.8292110e+00  -9.5373122e-02   5.1887262e-02   4.3661194e-03
   5.0100000e+02   2.0849830e+01   3.8283710e+00  -9.5315499e-02   5.1880079e-02   4.3572278e-03
   5.0200000e+02   2.0812910e+01   3.8275300e+00  -9.5257590e-02   5.1872666e-02   4.3483387e-03
   5.0300000e+02   2.0776160e+01   3.8266860e+00  -9.5199430e-02   5.1865039e-02   4.3394553e-03
   5.0400000e+02   2.0739560e+01   3.8258390e+00  -9.5141044e-02   5.1857232e-02   4.3305783e-03
   5.0500000e+02   2.0703130e+01   3.8249910e+00  -9.5082372e-02   5.1849184e-02   4.3217071e-03
   5.0600000e+02   2.0666850e+01   3.8241400e+00  -9.5023470e-02   5.1840960e-02   4.3128446e-03
   5.0700000e+02   2.0630730e+01   3.8232870e+00  -9.4964344e-02   5.1832538e-02   4.3039890e-03
   5.0800000e+02   2.0594770e+01   3.8224310e+00  -9.4904973e-02   5.1823914e-02   4.2951430e-03
   5.0900000e+02   2.0558960e+01   3.8215730e+00  -9.4845379e-02   5.1815112e-02   4.2863074e-03
   5.1000000e+02   2.0523310e+01   3.8207130e+00  -9.4785548e-02   5.1806104e-02   4.2774803e-03
   5.1100000e+02   2.0487810e+01   3.8198500e+00  -9.4725523e-02   5.1796937e-02   4.2686657e-03
   5.1200000e+02   2.0452460e+01   3.8189860e+00  -9.4665251e-02   5.1787564e-02   4.2598608e-03
   5.1300000e+02   2.0417270e+01   3.8181180e+00  -9.4604812e-02   5.1778037e-02   4.2510688e-03
   5.1400000e+02   2.0382230e+01   3.8172490e+00  -9.4544133e-02   5.1768315e-02   4.2422900e-03
   5.1500000e+02   2.0347330e+01   3.8163770e+00  -9.4483288e-02   5.1758451e-02   4.2335240e-03
   5.1600000e+02   2.0312590e+01   3.8155030e+00  -9.4422221e-02   5.1748396e-02   4.2247731e-03
   5.1700000e+02   2.0278000e+01   3.8146270e+00  -9.4360965e-02   5.1738169e-02   4.2160352e-03
   5.1800000e+02   2.0243550e+01   3.8137490e+00  -9.4299501e-02   5.1727781e-02   4.2073141e-03
   5.1900000e+02   2.0209250e+01   3.8128680e+00  -9.4237901e-02   5.1717255e-02   4.1986092e-03
   5.2000000e+02   2.0175090e+01   3.8119850e+00  -9.4176115e-02   5.1706575e-02   4.1899203e-03
   5.2100000e+02   2.0141090e+01   3.8110990e+00  -9.4114161e-02   5.1695735e-02   4.1812499e-03
   5.2200000e+02   2.0107220e+01   3.8102120e+00  -9.4051993e-02   5.1684726e-02   4.1725955e-03
   5.2300000e+02   2.0073500e+01   3.8093220e+00  -9.3989716e-02   5.1673600e-02   4.1639614e-03
   5.2400000e+02   2.0039920e+01   3.8084300e+00  -9.3927257e-02   5.1662321e-02   4.1553458e-03
   5.2500000e+02   2.0006490e+01   3.8075350e+00  -9.3864650e-02   5.1650900e-02   4.1467508e-03
   5.2600000e+02   1.9973190e+01   3.8066390e+00  -9.3801875e-02   5.1639335e-02   4.1381756e-03
   5.2700000e+02   1.9940040e+01   3.8057400e+00  -9.3738969e-02   5.1627641e-02   4.1296212e-03
   5.2800000e+02   1.9907020e+01   3.8048390e+00  -9.3675913e-02   5.1615817e-02   4.1210885e-03
   5.2900000e+02   1.9874140e+01   3.8039350e+00  -9.3612747e-02   5.1603885e-02   4.1125790e-03
   5.3000000e+02   1.9841400e+01   3.8030300e+00  -9.3549413e-02   5.1591797e-02   4.1040910e-03
   5.3100000e+02   1.9808800e+01   3.8021220e+00  -9.3485962e-02   5.1579596e-02   4.0956276e-03
   5.3200000e+02   1.9776330e+01   3.8012120e+00  -9.3422384e-02   5.1567280e-02   4.0871879e-03
   5.3300000e+02   1.9744000e+01   3.8002990e+00  -9.3358717e-02   5.1554863e-02   4.0787734e-03
   5.3400000e+02   1.9711810e+01   3.7993850e+00  -9.3294892e-02   5.1542299e-02   4.0703827e-03
   5.3500000e+02   1.9679750e+01   3.7984680e+00  -9.3230978e-02   5.1529642e-02   4.0620187e-03
   5.3600000e+02   1.9647820e+01   3.7975490e+00  -9.3166956e-02   5.1516883e-02   4.0536821e-03
   5.3700000e+02   1.9616020e+01   3.7966280e+00  -9.3102794e-02   5.1504001e-02   4.0453712e-03
   5.3800000e+02   1.9584360e+01   3.7957050e+00  -9.3038543e-02   5.1491013e-02   4.0370881e-03
   5.3900000e+02   1.9552830e+01   3.7947790e+00  -9.2974224e-02   5.1477942e-02   4.0288327e-03
   5.4000000e+02   1.9521420e+01   3.7938510e+00  -9.2909811e-02   5.1464784e-02   4.0206065e-03
   5.4100000e+02   1.9490150e+01   3.7929210e+00  -9.2845279e-02   5.1451505e-02   4.0124081e-03
   5.4200000e+02   1.9459010e+01   3.7919890e+00  -9.2780666e-02   5.1438131e-02   4.0042397e-03
   5.4300000e+02   1.9427990e+01   3.7910550e+00  -9.2715973e-02   5.1424677e-02   3.9961019e-03
   5.4400000e+02   1.9397100e+01   3.7901190e+00  -9.2651194e-02   5.1411130e-02   3.9879947e-03
   5.4500000e+02   1.9366340e+01   3.7891800e+00  -9.2586344e-02   5.1397500e-02   3.9799191e-03
   5.4600000e+02   1.9335700e+01   3.7882390e+00  -9.2521450e-02   5.1383808e-02   3.9718754e-03
   5.4700000e+02   1.9305190e+01   3.7872960e+00  -9.2456474e-02   5.1370024e-02   3.9638643e-03
   5.4800000e+02   1.9274800e+01   3.7863510e+00  -9.2391421e-02   5.1356156e-02   3.9558843e-03
   5.4900000e+02   1.9244540e+01   3.7854040e+00  -9.2326290e-02   5.1342200e-02   3.9479387e-03
   5.5000000e+02   1.9214400e+01   3.7844540e+00  -9.2261141e-02   5.1328202e-02   3.9400277e-03
   5.5100000e+02   1.9184390e+01   3.7835030e+00  -9.2195898e-02   5.1314095e-02   3.9321485e-03
   5.5200000e+02   1.9154490e+01   3.7825490e+00  -9.2130654e-02   5.1299967e-02   3.9243072e-03
   5.5300000e+02   1.9124720e+01   3.7815940e+00  -9.2065287e-02   5.1285715e-02   3.9164990e-03
   5.5400000e+02   1.9095060e+01   3.7806360e+00  -9.1999931e-02   5.1271446e-02   3.9087261e-03
   5.5500000e+02   1.9065530e+01   3.7796760e+00  -9.1934519e-02   5.1257095e-02   3.9009895e-03
   5.5600000e+02   1.9036120e+01   3.7787140e+00  -9.1869054e-02   5.1242678e-02   3.8932906e-03
   5.5700000e+02   1.9006820e+01   3.7777490e+00  -9.1803601e-02   5.1228245e-02   3.8856290e-03
   5.5800000e+02   1.8977640e+01   3.7767830e+00  -9.1738076e-02   5.1213726e-02   3.8780040e-03
   5.5900000e+02   1.8948580e+01   3.7758150e+00  -9.1672536e-02   5.1199160e-02   3.8704175e-03
   5.6000000e+02   1.8919640e+01   3.7748440e+00  -9.1606962e-02   5.1184538e-02   3.8628686e-03
   5.6100000e+02   1.8890810e+01   3.7738720e+00  -9.1541353e-02   5.1169865e-02   3.8553590e-03
   5.6200000e+02   1.8862100e+01   3.7728970e+00  -9.1475743e-02   5.1155156e-02   3.8478891e-03
   5.6300000e+02   1.8833500e+01   3.7719210e+00  -9.1410104e-02   5.1140394e-02   3.8404579e-03
   5.6400000e+02   1.8805020e+01   3.7709420e+00  -9.1344448e-02   5.1125588e-02   3.8330665e-03
   5.6500000e+02   1.8776650e+01   3.7699610e+00  -9.1278784e-02   5.1110747e-02   3.8257164e-03
   5.6600000e+02   1.8748390e+01   3.7689780e+00  -9.1213114e-02   5.1095874e-02   3.8184080e-03
   5.6700000e+02   1.8720240e+01   3.7679930e+00  -9.1147449e-02   5.1080972e-02   3.8111395e-03
   5.6800000e+02   1.8692210e+01   3.7670070e+00  -9.1081737e-02   5.1065999e-02   3.8039120e-03
   5.6900000e+02   1.8664290e+01   3.7660180e+00  -9.1016070e-02   5.1051026e-02   3.7967282e-03
   5.7000000e+02   1.8636470e+01   3.7650270e+00  -9.0950376e-02   5.1036015e-02   3.7895860e-03
   5.7100000e+02   1.8608770e+01   3.7640340e+00  -9.0884693e-02   5.1020972e-02   3.7824870e-03
   5.7200000e+02   1.8581180e+01   3.7630390e+00  -9.0819018e-02   5.1005897e-02   3.7754310e-03
   5.7300000e+02   1.8553690e+01   3.7620420e+00  -9.0753370e-02   5.0990819e-02   3.7684183e-03
   5.7400000e+02   1.8526320e+01   3.7610430e+00  -9.0687692e-02   5.0975682e-02   3.7614493e-03
   5.7500000e+02   1.8499050e+01   3.7600420e+00  -9.0622048e-02   5.0960544e-02   3.7545252e-03
   5.7600000e+02   1.8471890e+01   3.7590400e+00  -9.0556400e-02   5.0945364e-02   3.7476433e-03
   5.7700000e+02   1.8444830e+01   3.7580350e+00  -9.0490804e-02   5.0930197e-02   3.7408082e-03
   5.7800000e+02   1.8417880e+01   3.7570280e+00  -9.0425221e-02   5.0915009e-02   3.7340198e-03
   5.7900000e+02   1.8391040e+01   3.7560190e+00  -9.0359649e-02   5.0899789e-02   3.7272744e-03
   5.8000000e+02   1.8364300e+01   3.7550090e+00  -9.0294086e-02   5.0884547e-02   3.7205746e-03
   5.8100000e+02   1.8337660e+01   3.7539960e+00  -9.0228589e-02   5.0869328e-02   3.7139228e-03
   5.8200000e+02   1.8311130e+01   3.7529820e+00  -9.0163074e-02   5.0854061e-02   3.7073161e-03
   5.8300000e+02   1.8284700e+01   3.7519650e+00  -9.0097618e-02   5.0838809e-02   3.7007568e-03
   5.8400000e+02   1.8258370e+01   3.7509470e+00  -9.0032192e-02   5.0823543e-02   3.6942448e-03
   5.8500000e+02   1.8232150e+01   3.7499270e+00  -8.9966793e-02   5.0808257e-02   3.6877769e-03
   5.8600000e+02   1.8206020e+01   3.7489050e+00  -8.9901434e-02   5.0792984e-02   3.6813583e-03
   5.8700000e+02   1.8180000e+01   3.7478810e+00  -8.9836107e-02   5.0777695e-02   3.6749894e-03
   5.8800000e+02   1.8154080e+01   3.7468550e+00  -8.9770829e-02   5.0762408e-02   3.6686662e-03
   5.8900000e+02   1.8128250e+01   3.7458270e+00  -8.9705611e-02   5.0747141e-02   3.6623934e-03
   5.9000000e+02   1.8102530e+01   3.7447970e+00  -8.9640410e-02   5.0731853e-02   3.6561683e-03
   5.9100000e+02   1.8076900e+01   3.7437660e+00  -8.9575242e-02   5.0716561e-02   3.6499917e-03
   5.9200000e+02   1.8051380e+01   3.7427330e+00  -8.9510142e-02   5.0701271e-02   3.6438628e-03
   5.9300000e+02   1.8025950e+01   3.7416970e+00  -8.9445086e-02   5.0686002e-02   3.6377869e-03
   5.9400000e+02   1.8000610e+01   3.7406600e+00  -8.9380093e-02   5.0670743e-02   3.6317578e-03
   5.9500000e+02   1.7975380e+01   3.7396220e+00  -8.9315133e-02   5.0655461e-02   3.6257771e-03
   5.9600000e+02   1.7950240e+01   3.7385810e+00  -8.9250218e-02   5.0640201e-02   3.6198496e-03
   5.9700000e+02   1.7925190e+01   3.7375390e+00  -8.9185379e-02   5.0624960e-02   3.6139690e-03
   5.9800000e+02   1.7900250e+01   3.7364940e+00  -8.9120592e-02   5.0609717e-02   3.6081405e-03
   5.9900000e+02   1.7875390e+01   3.7354480e+00  -8.9055880e-02   5.0594505e-02   3.6023614e-03
   6.0000000e+02   1.7850630e+01   3.7344010e+00  -8.8991170e-02   5.0579263e-02   3.5966331e-03
   6.0100000e+02   1.7825960e+01   3.7333510e+00  -8.8926568e-02   5.0564074e-02   3.5909573e-03
   6.0200000e+02   1.7801390e+01   3.7323000e+00  -8.8862022e-02   5.0548884e-02   3.5853311e-03
   6.0300000e+02   1.7776910e+01   3.7312470e+00  -8.8797519e-02   5.0533699e-02   3.5797560e-03
   6.0400000e+02   1.7752520e+01   3.7301920e+00  -8.8733098e-02   5.0518548e-02   3.5742330e-03
   6.0500000e+02   1.7728220e+01   3.7291350e+00  -8.8668729e-02   5.0503409e-02   3.5687619e-03
   6.0600000e+02   1.7704020e+01   3.7280770e+00  -8.8604441e-02   5.0488278e-02   3.5633412e-03
   6.0700000e+02   1.7679900e+01   3.7270170e+00  -8.8540219e-02   5.0473183e-02   3.5579721e-03
   6.0800000e+02   1.7655870e+01   3.7259550e+00  -8.8476077e-02   5.0458115e-02   3.5526558e-03
   6.0900000e+02   1.7631940e+01   3.7248920e+00  -8.8411964e-02   5.0443030e-02   3.5473910e-03
   6.1000000e+02   1.7608090e+01   3.7238270e+00  -8.8347959e-02   5.0427996e-02   3.5421778e-03
   6.1100000e+02   1.7584340e+01   3.7227600e+00  -8.8284001e-02   5.0412962e-02   3.5370178e-03
   6.1200000e+02   1.7560670e+01   3.7216920e+00  -8.8220105e-02   5.0397950e-02   3.5319098e-03
   6.1300000e+02   1.7537080e+01   3.7206220e+00  -8.8156314e-02   5.0382989e-02   3.5268538e-03
   6.1400000e+02   1.7513590e+01   3.7195500e+00  -8.8092588e-02   5.0368037e-02   3.5218509e-03
   6.1500000e+02   1.7490180e+01   3.7184760e+00  -8.8028956e-02   5.0353128e-02   3.5169010e-03
   6.1600000e+02   1.7466860e+01   3.7174010e+00  -8.7965396e-02   5.0338235e-02   3.5120030e-03
   6.1700000e+02   1.7443630e+01   3.7163250e+00  -8.7901857e-02   5.0323332e-02   3.5071572e-03
   6.1800000e+02   1.7420480e+01   3.7152470e+00  -8.7838419e-02   5.0308474e-02   3.5023654e-03
   6.1900000e+02   1.7397420e+01   3.7141670e+00  -8.7775089e-02   5.0293659e-02   3.4976261e-03
   6.2000000e+02   1.7374440e+01   3.7130850e+00  -8.7711843e-02   5.0278880e-02   3.4929404e-03
   6.2100000e+02   1.7351540e+01   3.7120020e+00  -8.7648643e-02   5.0264115e-02   3.4883074e-03
   6.2200000e+02   1.7328730e+01   3.7109170e+00  -8.7585562e-02   5.0249396e-02   3.4837274e-03
   6.2300000e+02   1.7306010e+01   3.7098310e+00  -8.7522535e-02   5.0234679e-02   3.4791997e-03
   6.2400000e+02   1.7283360e+01   3.7087440e+00  -8.7459574e-02   5.0219996e-02   3.4747251e-03
   6.2500000e+02   1.7260800e+01   3.7076540e+00  -8.7396709e-02   5.0205354e-02   3.4703055e-03
   6.2600000e+02   1.7238320e+01   3.7065630e+00  -8.7333944e-02   5.0190748e-02   3.4659378e-03
   6.2700000e+02   1.7215920e+01   3.7054710e+00  -8.7271248e-02   5.0176167e-02   3.4616233e-03
   6.2800000e+02   1.7193610e+01   3.7043770e+00  -8.7208613e-02   5.0161599e-02   3.4573625e-03
   6.2900000e+02   1.7171370e+01   3.7032820e+00  -8.7146082e-02   5.0147083e-02   3.4531539e-03
   6.3000000e+02   1.7149220e+01   3.7021850e+00  -8.7083644e-02   5.0132595e-02   3.4489994e-03
   6.3100000e+02   1.7127140e+01   3.7010860e+00  -8.7021290e-02   5.0118155e-02   3.4448989e-03
   6.3200000e+02   1.7105150e+01   3.6999870e+00  -8.6958995e-02   5.0103715e-02   3.4408496e-03
   6.3300000e+02   1.7083230e+01   3.6988850e+00  -8.6896821e-02   5.0089348e-02   3.4368553e-03
   6.3400000e+02   1.7061390e+01   3.6977830e+00  -8.6834687e-02   5.0074980e-02   3.4329131e-03
   6.3500000e+02   1.7039630e+01   3.6966780e+00  -8.6772675e-02   5.0060674e-02   3.4290251e-03
   6.3600000e+02   1.7017950e+01   3.6955730e+00  -8.6710725e-02   5.0046378e-02   3.4251888e-03
   6.3700000e+02   1.6996350e+01   3.6944660e+00  -8.6648866e-02   5.0032117e-02   3.4214061e-03
   6.3800000e+02   1.6974820e+01   3.6933570e+00  -8.6587127e-02   5.0017923e-02   3.4176768e-03
   6.3900000e+02   1.6953370e+01   3.6922470e+00  -8.6525436e-02   5.0003740e-02   3.4140011e-03
   6.4000000e+02   1.6932000e+01   3.6911360e+00  -8.6463833e-02   4.9989583e-02   3.4103768e-03
   6.4100000e+02   1.6910710e+01   3.6900230e+00  -8.6402329e-02   4.9975468e-02   3.4068066e-03
   6.4200000e+02   1.6889480e+01   3.6889090e+00  -8.6340914e-02   4.9961406e-02   3.4032886e-03
   6.4300000e+02   1.6868340e+01   3.6877940e+00  -8.6279577e-02   4.9947356e-02   3.3998225e-03
   6.4400000e+02   1.6847270e+01   3.6866770e+00  -8.6218331e-02   4.9933353e-02   3.3964104e-03
   6.4500000e+02   1.6826270e+01   3.6855590e+00  -8.6157147e-02   4.9919377e-02   3.3930505e-03
   6.4600000e+02   1.6805350e+01   3.6844390e+00  -8.6096092e-02   4.9905455e-02   3.3897433e-03
   6.4700000e+02   1.6784500e+01   3.6833180e+00  -8.6035099e-02   4.9891561e-02   3.3864888e-03
   6.4800000e+02   1.6763730e+01   3.6821960e+00  -8.5974193e-02   4.9877690e-02   3.3832864e-03
   6.4900000e+02   1.6743020e+01   3.6810730e+00  -8.5913375e-02   4.9863871e-02   3.3801350e-03
   6.5000000e+02   1.6722400e+01   3.6799480e+00  -8.5852640e-02   4.9850070e-02   3.3770371e-03
   6.5100000e+02   1.6701840e+01   3.6788220e+00  -8.5791995e-02   4.9836322e-02   3.3739904e-03
   6.5200000e+02   1.6681350e+01   3.6776950e+00  -8.5731420e-02   4.9822599e-02   3.3709960e-03
   6.5300000e+02   1.6660940e+01   3.6765660e+00  -8.5670962e-02   4.9808924e-02   3.3680538e-03
   6.5400000e+02   1.6640600e+01   3.6754360e+00  -8.5610575e-02   4.9795274e-02   3.3651626e-03
   6.5500000e+02   1.6620330e+01   3.6743050e+00  -8.5550261e-02   4.9781657e-02   3.3623235e-03
   6.5600000e+02   1.6600120e+01   3.6731730e+00  -8.5490033e-02   4.9768088e-02   3.3595348e-03
   6.5700000e+02   1.6579990e+01   3.6720400e+00  -8.5429885e-02   4.9754533e-02   3.3567976e-03
   6.5800000e+02   1.6559930e+01   3.6709050e+00  -8.5369834e-02   4.9741030e-02   3.3541126e-03
   6.5900000e+02   1.6539940e+01   3.6697690e+00  -8.5309862e-02   4.9727555e-02   3.3514777e-03
   6.6000000e+02   1.6520020e+01   3.6686320e+00  -8.5249966e-02   4.9714109e-02   3.3488936e-03
   6.6100000e+02   1.6500160e+01   3.6674940e+00  -8.5190160e-02   4.9700712e-02   3.3463603e-03
   6.6200000e+02   1.6480380e+01   3.6663540e+00  -8.5130440e-02   4.9687342e-02   3.3438780e-03
   6.6300000e+02   1.6460660e+01   3.6652140e+00  -8.5070787e-02   4.9674001e-02   3.3414453e-03
   6.6400000e+02   1.6441010e+01   3.6640720e+00  -8.5011230e-02   4.9660703e-02   3.3390632e-03
   6.6500000e+02   1.6421430e+01   3.6629290e+00  -8.4951756e-02   4.9647435e-02   3.3367311e-03
   6.6600000e+02   1.6401910e+01   3.6617850e+00  -8.4892359e-02   4.9634207e-02   3.3344489e-03
   6.6700000e+02   1.6382460e+01   3.6606400e+00  -8.4833034e-02   4.9621004e-02   3.3322159e-03
   6.6800000e+02   1.6363080e+01   3.6594940e+00  -8.4773783e-02   4.9607825e-02   3.3300331e-03
   6.6900000e+02   1.6343760e+01   3.6583470e+00  -8.4714625e-02   4.9594691e-02   3.3278990e-03
   6.7000000e+02   1.6324510e+01   3.6571980e+00  -8.4655558e-02   4.9581599e-02   3.3258146e-03
   6.7100000e+02   1.6305330e+01   3.6560490e+00  -8.4596532e-02   4.9568507e-02   3.3237783e-03
   6.7200000e+02   1.6286200e+01   3.6548980e+00  -8.4537621e-02   4.9555491e-02   3.3217922e-03
   6.7300000e+02   1.6267150e+01   3.6537470e+00  -8.4478749e-02   4.9542457e-02   3.3198531e-03
   6.7400000e+02   1.6248160e+01   3.6525940e+00  -8.4419991e-02   4.9529491e-02   3.3179628e-03
   6.7500000e+02   1.6229230e+01   3.6514410e+00  -8.4361277e-02   4.9516534e-02   3.3161203e-03
   6.7600000e+02   1.6210360e+01   3.6502860e+00  -8.4302656e-02   4.9503630e-02   3.3143266e-03
   6.7700000e+02   1.6191560e+01   3.6491300e+00  -8.4244123e-02   4.9490754e-02   3.3125803e-03
   6.7800000e+02   1.6172830e+01   3.6479740e+00  -8.4185617e-02   4.9477866e-02   3.3108818e-03
   6.7900000e+02   1.6154150e+01   3.6468160e+00  -8.4127227e-02   4.9465054e-02   3.3092298e-03
   6.8000000e+02   1.6135540e+01   3.6456570e+00  -8.4068910e-02   4.9452261e-02   3.3076257e-03
   6.8100000e+02   1.6116990e+01   3.6444980e+00  -8.4010635e-02   4.9439477e-02   3.3060677e-03
   6.8200000e+02   1.6098500e+01   3.6433370e+00  -8.3952455e-02   4.9426743e-02   3.3045568e-03
   6.8300000e+02   1.6080070e+01   3.6421760e+00  -8.3894326e-02   4.9414022e-02   3.3030918e-03
   6.8400000e+02   1.6061710e+01   3.6410140e+00  -8.3836272e-02   4.9401320e-02   3.3016729e-03
   6.8500000e+02   1.6043400e+01   3.6398500e+00  -8.3778311e-02   4.9388679e-02   3.3003009e-03
   6.8600000e+02   1.6025160e+01   3.6386860e+00  -8.3720388e-02   4.9376030e-02   3.2989735e-03
   6.8700000e+02   1.6006980e+01   3.6375210e+00  -8.3662547e-02   4.9363414e-02   3.2976918e-03
   6.8800000e+02   1.5988850e+01   3.6363550e+00  -8.3604757e-02   4.9350829e-02   3.2964560e-03
   6.8900000e+02   1.5970790e+01   3.6351880e+00  -8.3547048e-02   4.9338265e-02   3.2952643e-03
   6.9000000e+02   1.5952780e+01   3.6340200e+00  -8.3489419e-02   4.9325745e-02   3.2941175e-03
   6.9100000e+02   1.5934840e+01   3.6328520e+00  -8.3431810e-02   4.9313207e-02   3.2930152e-03
   6.9200000e+02   1.5916950e+01   3.6316820e+00  -8.3374304e-02   4.9300732e-02   3.2919569e-03
   6.9300000e+02   1.5899120e+01   3.6305120e+00  -8.3316847e-02   4.9288264e-02   3.2909425e-03
   6.9400000e+02   1.5881350e+01   3.6293410e+00  -8.3259451e-02   4.9275817e-02   3.2899718e-03
   6.9500000e+02   1.5863640e+01   3.6281690e+00  -8.3202122e-02   4.9263392e-02   3.2890447e-03
   6.9600000e+02   1.5845980e+01   3.6269960e+00  -8.3144854e-02   4.9251001e-02   3.2881607e-03
   6.9700000e+02   1.5828390e+01   3.6258230e+00  -8.3087629e-02   4.9238600e-02   3.2873188e-03
   6.9800000e+02   1.5810850e+01   3.6246490e+00  -8.3030459e-02   4.9226227e-02   3.2865201e-03
   6.9900000e+02   1.5793360e+01   3.6234740e+00  -8.2973372e-02   4.9213899e-02   3.2857639e-03
   7.0000000e+02   1.5775940e+01   3.6222980e+00  -8.2916329e-02   4.9201566e-02   3.2850497e-03
   7.0100000e+02   1.5758570e+01   3.6211210e+00  -8.2859357e-02   4.9189270e-02   3.2843776e-03
   7.0200000e+02   1.5741250e+01   3.6199440e+00  -8.2802408e-02   4.9176977e-02   3.2837466e-03
   7.0300000e+02   1.5723990e+01   3.6187660e+00  -8.2745540e-02   4.9164711e-02   3.2831567e-03
   7.0400000e+02   1.5706790e+01   3.6175870e+00  -8.2688724e-02   4.9152458e-02   3.2826081e-03
   7.0500000e+02   1.5689640e+01   3.6164080e+00  -8.2631931e-02   4.9140206e-02   3.2821000e-03
   7.0600000e+02   1.5672550e+01   3.6152280e+00  -8.2575208e-02   4.9127975e-02   3.2816315e-03
   7.0700000e+02   1.5655510e+01   3.6140470e+00  -8.2518546e-02   4.9115773e-02   3.2812038e-03
   7.0800000e+02   1.5638530e+01   3.6128650e+00  -8.2461931e-02   4.9103579e-02   3.2808165e-03
   7.0900000e+02   1.5621600e+01   3.6116830e+00  -8.2405354e-02   4.9091393e-02   3.2804680e-03
   7.1000000e+02   1.5604720e+01   3.6105000e+00  -8.2348845e-02   4.9079236e-02   3.2801593e-03
   7.1100000e+02   1.5587900e+01   3.6093170e+00  -8.2292347e-02   4.9067063e-02   3.2798886e-03
   7.1200000e+02   1.5571130e+01   3.6081330e+00  -8.2235922e-02   4.9054919e-02   3.2796567e-03
   7.1300000e+02   1.5554410e+01   3.6069480e+00  -8.2179538e-02   4.9042792e-02   3.2794640e-03
   7.1400000e+02   1.5537750e+01   3.6057630e+00  -8.2123191e-02   4.9030659e-02   3.2793088e-03
   7.1500000e+02   1.5521140e+01   3.6045770e+00  -8.2066898e-02   4.9018547e-02   3.2791906e-03
   7.1600000e+02   1.5504580e+01   3.6033900e+00  -8.2010657e-02   4.9006454e-02   3.2791109e-03
   7.1700000e+02   1.5488070e+01   3.6022030e+00  -8.1954436e-02   4.8994359e-02   3.2790684e-03
   7.1800000e+02   1.5471620e+01   3.6010150e+00  -8.1898268e-02   4.8982270e-02   3.2790626e-03
   7.1900000e+02   1.5455210e+01   3.5998270e+00  -8.1842135e-02   4.8970195e-02   3.2790927e-03
   7.2000000e+02   1.5438860e+01   3.5986380e+00  -8.1786037e-02   4.8958118e-02   3.2791604e-03
   7.2100000e+02   1.5422560e+01   3.5974490e+00  -8.1729967e-02   4.8946041e-02   3.2792629e-03
   7.2200000e+02   1.5406310e+01   3.5962590e+00  -8.1673953e-02   4.8933982e-02   3.2794012e-03
   7.2300000e+02   1.5390110e+01   3.5950690e+00  -8.1617960e-02   4.8921916e-02   3.2795744e-03
   7.2400000e+02   1.5373960e+01   3.5938780e+00  -8.1562007e-02   4.8909862e-02   3.2797833e-03
   7.2500000e+02   1.5357860e+01   3.5926870e+00  -8.1506089e-02   4.8897807e-02   3.2800266e-03
   7.2600000e+02   1.5341810e+01   3.5914950e+00  -8.1450201e-02   4.8885759e-02   3.2803042e-03
   7.2700000e+02   1.5325810e+01   3.5903020e+00  -8.1394373e-02   4.8873728e-02   3.2806165e-03
   7.2800000e+02   1.5309860e+01   3.5891100e+00  -8.1338532e-02   4.8861665e-02   3.2809618e-03
   7.2900000e+02   1.5293960e+01   3.5879160e+00  -8.1282749e-02   4.8849627e-02   3.2813416e-03
   7.3000000e+02   1.5278100e+01   3.5867230e+00  -8.1226983e-02   4.8837585e-02   3.2817532e-03
   7.3100000e+02   1.5262300e+01   3.5855290e+00  -8.1171236e-02   4.8825527e-02   3.2821987e-03
   7.3200000e+02   1.5246540e+01   3.5843340e+00  -8.1115544e-02   4.8813496e-02   3.2826766e-03
   7.3300000e+02   1.5230830e+01   3.5831390e+00  -8.1059872e-02   4.8801454e-02   3.2831870e-03
   7.3400000e+02   1.5215170e+01   3.5819440e+00  -8.1004201e-02   4.8789389e-02   3.2837282e-03
   7.3500000e+02   1.5199560e+01   3.5807480e+00  -8.0948569e-02   4.8777335e-02   3.2843023e-03
   7.3600000e+02   1.5184000e+01   3.5795520e+00  -8.0892961e-02   4.8765266e-02   3.2849066e-03
   7.3700000e+02   1.5168480e+01   3.5783550e+00  -8.0837391e-02   4.8753218e-02   3.2855432e-03
   7.3800000e+02   1.5153010e+01   3.5771580e+00  -8.0781823e-02   4.8741147e-02   3.2862095e-03
   7.3900000e+02   1.5137580e+01   3.5759610e+00  -8.0726280e-02   4.8729078e-02   3.2869066e-03
   7.4000000e+02   1.5122210e+01   3.5747630e+00  -8.0670761e-02   4.8716991e-02   3.2876334e-03
   7.4100000e+02   1.5106870e+01   3.5735650e+00  -8.0615268e-02   4.8704921e-02   3.2883899e-03
   7.4200000e+02   1.5091590e+01   3.5723670e+00  -8.0559773e-02   4.8692812e-02   3.2891763e-03
   7.4300000e+02   1.5076350e+01   3.5711680e+00  -8.0504316e-02   4.8680719e-02   3.2899911e-03
   7.4400000e+02   1.5061160e+01   3.5699690e+00  -8.0448861e-02   4.8668598e-02   3.2908353e-03
   7.4500000e+02   1.5046010e+01   3.5687700e+00  -8.0393420e-02   4.8656474e-02   3.2917073e-03
   7.4600000e+02   1.5030900e+01   3.5675700e+00  -8.0338008e-02   4.8644359e-02   3.2926087e-03
   7.4700000e+02   1.5015850e+01   3.5663710e+00  -8.0282591e-02   4.8632193e-02   3.2935360e-03
   7.4800000e+02   1.5000830e+01   3.5651700e+00  -8.0227221e-02   4.8620066e-02   3.2944928e-03
   7.4900000e+02   1.4985860e+01   3.5639700e+00  -8.0171816e-02   4.8607886e-02   3.2954756e-03
   7.5000000e+02   1.4970940e+01   3.5627700e+00  -8.0116438e-02   4.8595691e-02   3.2964847e-03
   7.5100000e+02   1.4956060e+01   3.5615690e+00  -8.0061076e-02   4.8583497e-02   3.2975216e-03
   7.5200000e+02   1.4941220e+01   3.5603680e+00  -8.0005722e-02   4.8571292e-02   3.2985844e-03
   7.5300000e+02   1.4926430e+01   3.5591660e+00  -7.9950393e-02   4.8559079e-02   3.2996739e-03
   7.5400000e+02   1.4911680e+01   3.5579650e+00  -7.9895032e-02   4.8546825e-02   3.3007882e-03
   7.5500000e+02   1.4896970e+01   3.5567630e+00  -7.9839713e-02   4.8534584e-02   3.3019280e-03
   7.5600000e+02   1.4882310e+01   3.5555610e+00  -7.9784393e-02   4.8522310e-02   3.3030926e-03
   7.5700000e+02   1.4867690e+01   3.5543590e+00  -7.9729062e-02   4.8510015e-02   3.3042821e-03
   7.5800000e+02   1.4853110e+01   3.5531570e+00  -7.9673748e-02   4.8497710e-02   3.3054963e-03
   7.5900000e+02   1.4838580e+01   3.5519540e+00  -7.9618434e-02   4.8485379e-02   3.3067347e-03
   7.6000000e+02   1.4824090e+01   3.5507520e+00  -7.9563114e-02   4.8473020e-02   3.3079956e-03
   7.6100000e+02   1.4809640e+01   3.5495490e+00  -7.9507812e-02   4.8460659e-02   3.3092810e-03
   7.6200000e+02   1.4795230e+01   3.5483460e+00  -7.9452494e-02   4.8448271e-02   3.3105898e-03
   7.6300000e+02   1.4780860e+01   3.5471430e+00  -7.9397184e-02   4.8435868e-02   3.3119209e-03
   7.6400000e+02   1.4766540e+01   3.5459400e+00  -7.9341883e-02   4.8423434e-02   3.3132740e-03
   7.6500000e+02   1.4752250e+01   3.5447360e+00  -7.9286587e-02   4.8411004e-02   3.3146509e-03
   7.6600000e+02   1.4738010e+01   3.5435330e+00  -7.9231254e-02   4.8398511e-02   3.3160488e-03
   7.6700000e+02   1.4723810e+01   3.5423290e+00  -7.9175949e-02   4.8386021e-02   3.3174683e-03
   7.6800000e+02   1.4709650e+01   3.5411260e+00  -7.9120613e-02   4.8373484e-02   3.3189089e-03
   7.6900000e+02   1.4695530e+01   3.5399220e+00  -7.9065289e-02   4.8360939e-02   3.3203712e-03
   7.7000000e+02   1.4681450e+01   3.5387180e+00  -7.9009970e-02   4.8348374e-02   3.3218541e-03
   7.7100000e+02   1.4667410e+01   3.5375140e+00  -7.8954640e-02   4.8335779e-02   3.3233571e-03
   7.7200000e+02   1.4653410e+01   3.5363110e+00  -7.8899268e-02   4.8323136e-02   3.3248797e-03
   7.7300000e+02   1.4639450e+01   3.5351070e+00  -7.8843906e-02   4.8310478e-02   3.3264227e-03
   7.7400000e+02   1.4625520e+01   3.5339030e+00  -7.8788548e-02   4.8297814e-02   3.3279851e-03
   7.7500000e+02   1.4611640e+01   3.5326990e+00  -7.8733174e-02   4.8285102e-02   3.3295671e-03
   7.7600000e+02   1.4597800e+01   3.5314950e+00  -7.8677792e-02   4.8272358e-02   3.3311677e-03
   7.7700000e+02   1.4584000e+01   3.5302910e+00  -7.8622392e-02   4.8259583e-02   3.3327868e-03
   7.7800000e+02   1.4570230e+01   3.5290870e+00  -7.8566993e-02   4.8246797e-02   3.3344244e-03
   7.7900000e+02   1.4556510e+01   3.5278830e+00  -7.8511575e-02   4.8233961e-02   3.3360800e-03
   7.8000000e+02   1.4542820e+01   3.5266790e+00  -7.8456147e-02   4.8221105e-02   3.3377529e-03
   7.8100000e+02   1.4529170e+01   3.5254750e+00  -7.8400700e-02   4.8208216e-02   3.3394438e-03
   7.8200000e+02   1.4515560e+01   3.5242710e+00  -7.8345247e-02   4.8195296e-02   3.3411515e-03
   7.8300000e+02   1.4501990e+01   3.5230670e+00  -7.8289771e-02   4.8182334e-02   3.3428765e-03
   7.8400000e+02   1.4488450e+01   3.5218630e+00  -7.8234286e-02   4.8169354e-02   3.3446178e-03
   7.8500000e+02   1.4474960e+01   3.5206590e+00  -7.8178773e-02   4.8156320e-02   3.3463759e-03
   7.8600000e+02   1.4461500e+01   3.5194550e+00  -7.8123257e-02   4.8143268e-02   3.3481494e-03
   7.8700000e+02   1.4448080e+01   3.5182520e+00  -7.8067705e-02   4.8130160e-02   3.3499382e-03
   7.8800000e+02   1.4434690e+01   3.5170480e+00  -7.8012146e-02   4.8117042e-02   3.3517432e-03
   7.8900000e+02   1.4421340e+01   3.5158450e+00  -7.7956558e-02   4.8103871e-02   3.3535625e-03
   7.9000000e+02   1.4408030e+01   3.5146410e+00  -7.7900975e-02   4.8090679e-02   3.3553980e-03
   7.9100000e+02   1.4394760e+01   3.5134380e+00  -7.7845345e-02   4.8077425e-02   3.3572471e-03
   7.9200000e+02   1.4381520e+01   3.5122350e+00  -7.7789700e-02   4.8064148e-02   3.3591106e-03
   7.9300000e+02   1.4368310e+01   3.5110310e+00  -7.7734061e-02   4.8050862e-02   3.3609886e-03
   7.9400000e+02   1.4355150e+01   3.5098280e+00  -7.7678387e-02   4.8037507e-02   3.3628799e-03
   7.9500000e+02   1.4342020e+01   3.5086260e+00  -7.7622657e-02   4.8024095e-02   3.3647840e-03
   7.9600000e+02   1.4328920e+01   3.5074230e+00  -7.7566934e-02   4.8010678e-02   3.3667018e-03
   7.9700000e+02   1.4315860e+01   3.5062200e+00  -7.7511194e-02   4.7997220e-02   3.3686333e-03
   7.9800000e+02   1.4302840e+01   3.5050180e+00  -7.7455400e-02   4.7983694e-02   3.3705764e-03
   7.9900000e+02   1.4289850e+01   3.5038160e+00  -7.7399584e-02   4.7970136e-02   3.3725320e-03
   8.0000000e+02   1.4276900e+01   3.5026140e+00  -7.7343768e-02   4.7956542e-02   3.3745001e-03
   8.0100000e+02   1.4263980e+01   3.5014120e+00  -7.7287903e-02   4.7942906e-02   3.3764804e-03
   8.0200000e+02   1.4251100e+01   3.5002100e+00  -7.7232027e-02   4.7929228e-02   3.3784719e-03
   8.0300000e+02   1.4238250e+01   3.4990080e+00  -7.7176137e-02   4.7915522e-02   3.3804750e-03
   8.0400000e+02   1.4225440e+01   3.4978070e+00  -7.7120186e-02   4.7901742e-02   3.3824889e-03
   8.0500000e+02   1.4212660e+01   3.4966060e+00  -7.7064230e-02   4.7887939e-02   3.3845128e-03
   8.0600000e+02   1.4199910e+01   3.4954050e+00  -7.7008238e-02   4.7874093e-02   3.3865482e-03
   8.0700000e+02   1.4187200e+01   3.4942040e+00  -7.6952221e-02   4.7860201e-02   3.3885940e-03
   8.0800000e+02   1.4174520e+01   3.4930040e+00  -7.6896161e-02   4.7846257e-02   3.3906489e-03
   8.0900000e+02   1.4161880e+01   3.4918040e+00  -7.6840076e-02   4.7832261e-02   3.3927138e-03
   8.1000000e+02   1.4149270e+01   3.4906040e+00  -7.6783950e-02   4.7818224e-02   3.3947887e-03
   8.1100000e+02   1.4136690e+01   3.4894040e+00  -7.6727820e-02   4.7804157e-02   3.3968723e-03
   8.1200000e+02   1.4124150e+01   3.4882040e+00  -7.6671646e-02   4.7790031e-02   3.3989661e-03
   8.1300000e+02   1.4111630e+01   3.4870050e+00  -7.6615453e-02   4.7775878e-02   3.4010675e-03
   8.1400000e+02   1.4099160e+01   3.4858060e+00  -7.6559202e-02   4.7761643e-02   3.4031776e-03
   8.1500000e+02   1.4086710e+01   3.4846080e+00  -7.6502927e-02   4.7747377e-02   3.4052950e-03
   8.1600000e+02   1.4074300e+01   3.4834090e+00  -7.6446632e-02   4.7733069e-02   3.4074223e-03
   8.1700000e+02   1.4061920e+01   3.4822110e+00  -7.6390282e-02   4.7718699e-02   3.4095558e-03
   8.1800000e+02   1.4049570e+01   3.4810130e+00  -7.6333912e-02   4.7704293e-02   3.4116981e-03
   8.1900000e+02   1.4037260e+01   3.4798160e+00  -7.6277490e-02   4.7689813e-02   3.4138460e-03
   8.2000000e+02   1.4024970e+01   3.4786190e+00  -7.6221049e-02   4.7675312e-02   3.4160022e-03
   8.2100000e+02   1.4012720e+01   3.4774220e+00  -7.6164569e-02   4.7660747e-02   3.4181648e-03
   8.2200000e+02   1.4000500e+01   3.4762250e+00  -7.6108072e-02   4.7646150e-02   3.4203346e-03
   8.2300000e+02   1.3988320e+01   3.4750290e+00  -7.6051516e-02   4.7631470e-02   3.4225102e-03
   8.2400000e+02   1.3976160e+01   3.4738330e+00  -7.5994928e-02   4.7616762e-02   3.4246915e-03
   8.2500000e+02   1.3964040e+01   3.4726370e+00  -7.5938325e-02   4.7602003e-02   3.4268801e-03
   8.2600000e+02   1.3951940e+01   3.4714420e+00  -7.5881666e-02   4.7587194e-02   3.4290732e-03
   8.2700000e+02   1.3939880e+01   3.4702470e+00  -7.5824978e-02   4.7572327e-02   3.4312720e-03
   8.2800000e+02   1.3927850e+01   3.4690530e+00  -7.5768211e-02   4.7557382e-02   3.4334752e-03
   8.2900000e+02   1.3915850e+01   3.4678590e+00  -7.5711441e-02   4.7542408e-02   3.4356839e-03
   8.3000000e+02   1.3903880e+01   3.4666650e+00  -7.5654644e-02   4.7527390e-02   3.4378983e-03
   8.3100000e+02   1.3891940e+01   3.4654720e+00  -7.5597780e-02   4.7512299e-02   3.4401148e-03
   8.3200000e+02   1.3880030e+01   3.4642790e+00  -7.5540907e-02   4.7497175e-02   3.4423376e-03
   8.3300000e+02   1.3868150e+01   3.4630860e+00  -7.5483976e-02   4.7481990e-02   3.4445647e-03
   8.3400000e+02   1.3856300e+01   3.4618940e+00  -7.5427009e-02   4.7466746e-02   3.4467946e-03
   8.3500000e+02   1.3844490e+01   3.4607020e+00  -7.5370015e-02   4.7451445e-02   3.4490289e-03
   8.3600000e+02   1.3832700e+01   3.4595100e+00  -7.5312984e-02   4.7436109e-02   3.4512666e-03
   8.3700000e+02   1.3820940e+01   3.4583190e+00  -7.5255884e-02   4.7420696e-02   3.4535074e-03
   8.3800000e+02   1.3809210e+01   3.4571290e+00  -7.5198756e-02   4.7405229e-02   3.4557505e-03
   8.3900000e+02   1.3797510e+01   3.4559390e+00  -7.5141588e-02   4.7389710e-02   3.4579967e-03
   8.4000000e+02   1.3785840e+01   3.4547490e+00  -7.5084372e-02   4.7374134e-02   3.4602462e-03
   8.4100000e+02   1.3774200e+01   3.4535600e+00  -7.5027127e-02   4.7358502e-02   3.4624970e-03
   8.4200000e+02   1.3762590e+01   3.4523710e+00  -7.4969852e-02   4.7342822e-02   3.4647508e-03
   8.4300000e+02   1.3751010e+01   3.4511830e+00  -7.4912494e-02   4.7327059e-02   3.4670055e-03
   8.4400000e+02   1.3739450e+01   3.4499950e+00  -7.4855135e-02   4.7311275e-02   3.4692634e-03
   8.4500000e+02   1.3727930e+01   3.4488070e+00  -7.4797726e-02   4.7295418e-02   3.4715234e-03
   8.4600000e+02   1.3716430e+01   3.4476200e+00  -7.4740277e-02   4.7279511e-02   3.4737830e-03
   8.4700000e+02   1.3704960e+01   3.4464340e+00  -7.4682757e-02   4.7263529e-02   3.4760444e-03
   8.4800000e+02   1.3693520e+01   3.4452470e+00  -7.4625234e-02   4.7247517e-02   3.4783081e-03
   8.4900000e+02   1.3682110e+01   3.4440620e+00  -7.4567653e-02   4.7231423e-02   3.4805707e-03
   8.5000000e+02   1.3670730e+01   3.4428770e+00  -7.4510019e-02   4.7215267e-02   3.4828352e-03
   8.5100000e+02   1.3659370e+01   3.4416920e+00  -7.4452357e-02   4.7199077e-02   3.4851002e-03
   8.5200000e+02   1.3648050e+01   3.4405080e+00  -7.4394632e-02   4.7182794e-02   3.4873641e-03
   8.5300000e+02   1.3636750e+01   3.4393240e+00  -7.4336878e-02   4.7166477e-02   3.4896296e-03
   8.5400000e+02   1.3625480e+01   3.4381410e+00  -7.4279082e-02   4.7150092e-02   3.4918939e-03
   8.5500000e+02   1.3614230e+01   3.4369590e+00  -7.4221234e-02   4.7133652e-02   3.4941577e-03
   8.5600000e+02   1.3603020e+01   3.4357770e+00  -7.4163343e-02   4.7117139e-02   3.4964213e-03
   8.5700000e+02   1.3591830e+01   3.4345950e+00  -7.4105431e-02   4.7100591e-02   3.4986848e-03
   8.5800000e+02   1.3580660e+01   3.4334140e+00  -7.4047467e-02   4.7083986e-02   3.5009470e-03
   8.5900000e+02   1.3569530e+01   3.4322330e+00  -7.3989451e-02   4.7067304e-02   3.5032092e-03
   8.6000000e+02   1.3558420e+01   3.4310530e+00  -7.3931405e-02   4.7050573e-02   3.5054694e-03
   8.6100000e+02   1.3547340e+01   3.4298740e+00  -7.3873277e-02   4.7033754e-02   3.5077276e-03
   8.6200000e+02   1.3536290e+01   3.4286950e+00  -7.3815136e-02   4.7016893e-02   3.5099858e-03
   8.6300000e+02   1.3525260e+01   3.4275170e+00  -7.3756926e-02   4.6999961e-02   3.5122399e-03
   8.6400000e+02   1.3514260e+01   3.4263390e+00  -7.3698701e-02   4.6982984e-02   3.5144941e-03
   8.6500000e+02   1.3503280e+01   3.4251620e+00  -7.3640420e-02   4.6965945e-02   3.5167454e-03
   8.6600000e+02   1.3492330e+01   3.4239850e+00  -7.3582096e-02   4.6948845e-02   3.5189959e-03
   8.6700000e+02   1.3481410e+01   3.4228090e+00  -7.3523741e-02   4.6931682e-02   3.5212431e-03
   8.6800000e+02   1.3470510e+01   3.4216330e+00  -7.3465335e-02   4.6914467e-02   3.5234882e-03
   8.6900000e+02   1.3459640e+01   3.4204580e+00  -7.3406868e-02   4.6897174e-02   3.5257295e-03
   8.7000000e+02   1.3448800e+01   3.4192840e+00  -7.3348371e-02   4.6879814e-02   3.5279689e-03
   8.7100000e+02   1.3437980e+01   3.4181100e+00  -7.3289815e-02   4.6862401e-02   3.5302049e-03
   8.7200000e+02   1.3427190e+01   3.4169370e+00  -7.3231235e-02   4.6844926e-02   3.5324379e-03
   8.7300000e+02   1.3416420e+01   3.4157640e+00  -7.3172604e-02   4.6827397e-02   3.5346680e-03
   8.7400000e+02   1.3405680e+01   3.4145920e+00  -7.3113928e-02   4.6809798e-02   3.5368942e-03
   8.7500000e+02   1.3394960e+01   3.4134210e+00  -7.3055190e-02   4.6792133e-02   3.5391166e-03
   8.7600000e+02   1.3384270e+01   3.4122500e+00  -7.2996436e-02   4.6774415e-02   3.5413360e-03
   8.7700000e+02   1.3373600e+01   3.4110800e+00  -7.2937622e-02   4.6756632e-02   3.5435506e-03
   8.7800000e+02   1.3362960e+01   3.4099100e+00  -7.2878771e-02   4.6738788e-02   3.5457614e-03
   8.7900000e+02   1.3352350e+01   3.4087410e+00  -7.2819864e-02   4.6720864e-02   3.5479690e-03
   8.8000000e+02   1.3341750e+01   3.4075730e+00  -7.2760931e-02   4.6702905e-02   3.5501708e-03
   8.8100000e+02   1.3331190e+01   3.4064050e+00  -7.2701945e-02   4.6684865e-02   3.5523686e-03
   8.8200000e+02   1.3320640e+01   3.4052380e+00  -7.2642906e-02   4.6666772e-02   3.5545624e-03
   8.8300000e+02   1.3310130e+01   3.4040720e+00  -7.2583808e-02   4.6648584e-02   3.5567505e-03
   8.8400000e+02   1.3299630e+01   3.4029060e+00  -7.2524708e-02   4.6630382e-02   3.5589349e-03
   8.8500000e+02   1.3289160e+01   3.4017410e+00  -7.2465541e-02   4.6612092e-02   3.5611135e-03
   8.8600000e+02   1.3278720e+01   3.4005760e+00  -7.2406351e-02   4.6593747e-02   3.5632879e-03
   8.8700000e+02   1.3268300e+01   3.3994120e+00  -7.2347109e-02   4.6575340e-02   3.5654561e-03
   8.8800000e+02   1.3257900e+01   3.3982490e+00  -7.2287800e-02   4.6556857e-02   3.5676188e-03
   8.8900000e+02   1.3247530e+01   3.3970870e+00  -7.2228448e-02   4.6538301e-02   3.5697756e-03
   8.9000000e+02   1.3237180e+01   3.3959250e+00  -7.2169065e-02   4.6519701e-02   3.5719273e-03
   8.9100000e+02   1.3226860e+01   3.3947640e+00  -7.2109633e-02   4.6501021e-02   3.5740732e-03
   8.9200000e+02   1.3216550e+01   3.3936030e+00  -7.2050189e-02   4.6482318e-02   3.5762137e-03
   8.9300000e+02   1.3206280e+01   3.3924430e+00  -7.1990669e-02   4.6463509e-02   3.5783477e-03
   8.9400000e+02   1.3196020e+01   3.3912840e+00  -7.1931107e-02   4.6444654e-02   3.5804756e-03
   8.9500000e+02   1.3185790e+01   3.3901250e+00  -7.1871542e-02   4.6425753e-02   3.5825975e-03
   8.9600000e+02   1.3175580e+01   3.3889670e+00  -7.1811895e-02   4.6406771e-02   3.5847130e-03
   8.9700000e+02   1.3165400e+01   3.3878100e+00  -7.1752210e-02   4.6387714e-02   3.5868216e-03
   8.9800000e+02   1.3155230e+01   3.3866540e+00  -7.1692484e-02   4.6368609e-02   3.5889227e-03
   8.9900000e+02   1.3145100e+01   3.3854980e+00  -7.1632709e-02   4.6349420e-02   3.5910185e-03
   9.0000000e+02   1.3134980e+01   3.3843430e+00  -7.1572907e-02   4.6330191e-02   3.5931066e-03
   9.0100000e+02   1.3124890e+01   3.3831880e+00  -7.1513058e-02   4.6310892e-02   3.5951891e-03
   9.0200000e+02   1.3114820e+01   3.3820350e+00  -7.1453177e-02   4.6291526e-02   3.5972632e-03
   9.0300000e+02   1.3104770e+01   3.3808820e+00  -7.1393233e-02   4.6272099e-02   3.5993301e-03
   9.0400000e+02   1.3094740e+01   3.3797290e+00  -7.1333268e-02   4.6252623e-02   3.6013903e-03
   9.0500000e+02   1.3084740e+01   3.3785780e+00  -7.1273248e-02   4.6233058e-02   3.6034434e-03
   9.0600000e+02   1.3074760e+01   3.3774270e+00  -7.1213193e-02   4.6213441e-02   3.6054877e-03
   9.0700000e+02   1.3064800e+01   3.3762770e+00  -7.1153090e-02   4.6193760e-02   3.6075261e-03
   9.0800000e+02   1.3054870e+01   3.3751270e+00  -7.1092952e-02   4.6174010e-02   3.6095556e-03
   9.0900000e+02   1.3044950e+01   3.3739790e+00  -7.1032777e-02   4.6154209e-02   3.6115769e-03
   9.1000000e+02   1.3035060e+01   3.3728310e+00  -7.0972549e-02   4.6134330e-02   3.6135915e-03
   9.1100000e+02   1.3025190e+01   3.3716830e+00  -7.0912306e-02   4.6114411e-02   3.6155982e-03
   9.1200000e+02   1.3015340e+01   3.3705370e+00  -7.0851995e-02   4.6094405e-02   3.6175954e-03
   9.1300000e+02   1.3005510e+01   3.3693910e+00  -7.0791648e-02   4.6074346e-02   3.6195852e-03
   9.1400000e+02   1.2995710e+01   3.3682460e+00  -7.0731283e-02   4.6054221e-02   3.6215670e-03
   9.1500000e+02   1.2985930e+01   3.3671020e+00  -7.0670850e-02   4.6034021e-02   3.6235400e-03
   9.1600000e+02   1.2976160e+01   3.3659580e+00  -7.0610407e-02   4.6013791e-02   3.6255048e-03
   9.1700000e+02   1.2966420e+01   3.3648150e+00  -7.0549909e-02   4.5993477e-02   3.6274607e-03
   9.1800000e+02   1.2956700e+01   3.3636730e+00  -7.0489370e-02   4.5973101e-02   3.6294079e-03
   9.1900000e+02   1.2947010e+01   3.3625320e+00  -7.0428798e-02   4.5952648e-02   3.6313468e-03
   9.2000000e+02   1.2937330e+01   3.3613910e+00  -7.0368190e-02   4.5932156e-02   3.6332772e-03
   9.2100000e+02   1.2927670e+01   3.3602510e+00  -7.0307532e-02   4.5911592e-02   3.6351979e-03
   9.2200000e+02   1.2918040e+01   3.3591120e+00  -7.0246857e-02   4.5890963e-02   3.6371095e-03
   9.2300000e+02   1.2908430e+01   3.3579740e+00  -7.0186126e-02   4.5870262e-02   3.6390128e-03
   9.2400000e+02   1.2898830e+01   3.3568360e+00  -7.0125367e-02   4.5849524e-02   3.6409068e-03
   9.2500000e+02   1.2889260e+01   3.3556990e+00  -7.0064594e-02   4.5828722e-02   3.6427918e-03
   9.2600000e+02   1.2879710e+01   3.3545630e+00  -7.0003750e-02   4.5807836e-02   3.6446670e-03
   9.2700000e+02   1.2870180e+01   3.3534280e+00  -6.9942865e-02   4.5786885e-02   3.6465323e-03
   9.2800000e+02   1.2860670e+01   3.3522940e+00  -6.9881946e-02   4.5765871e-02   3.6483883e-03
   9.2900000e+02   1.2851180e+01   3.3511600e+00  -6.9820997e-02   4.5744807e-02   3.6502345e-03
   9.3000000e+02   1.2841710e+01   3.3500270e+00  -6.9760020e-02   4.5723681e-02   3.6520723e-03
   9.3100000e+02   1.2832260e+01   3.3488950e+00  -6.9699013e-02   4.5702497e-02   3.6538994e-03
   9.3200000e+02   1.2822830e+01   3.3477630e+00  -6.9637965e-02   4.5681254e-02   3.6557183e-03
   9.3300000e+02   1.2813420e+01   3.3466330e+00  -6.9576869e-02   4.5659929e-02   3.6575246e-03
   9.3400000e+02   1.2804030e+01   3.3455030e+00  -6.9515753e-02   4.5638561e-02   3.6593238e-03
   9.3500000e+02   1.2794660e+01   3.3443740e+00  -6.9454592e-02   4.5617121e-02   3.6611113e-03
   9.3600000e+02   1.2785310e+01   3.3432460e+00  -6.9393403e-02   4.5595623e-02   3.6628887e-03
   9.3700000e+02   1.2775990e+01   3.3421180e+00  -6.9332176e-02   4.5574051e-02   3.6646576e-03
   9.3800000e+02   1.2766680e+01   3.3409910e+00  -6.9270927e-02   4.5552438e-02   3.6664154e-03
   9.3900000e+02   1.2757390e+01   3.3398660e+00  -6.9209619e-02   4.5530740e-02   3.6681620e-03
   9.4000000e+02   1.2748120e+01   3.3387400e+00  -6.9148311e-02   4.5509008e-02   3.6698995e-03
   9.4100000e+02   1.2738870e+01   3.3376160e+00  -6.9086944e-02   4.5487194e-02   3.6716266e-03
   9.4200000e+02   1.2729630e+01   3.3364930e+00  -6.9025553e-02   4.5465335e-02   3.6733423e-03
   9.4300000e+02   1.2720420e+01   3.3353700e+00  -6.8964147e-02   4.5443416e-02   3.6750481e-03
   9.4400000e+02   1.2711230e+01   3.3342480e+00  -6.8902687e-02   4.5421420e-02   3.6767435e-03
   9.4500000e+02   1.2702060e+01   3.3331270e+00  -6.8841209e-02   4.5399369e-02   3.6784283e-03
   9.4600000e+02   1.2692900e+01   3.3320070e+00  -6.8779680e-02   4.5377259e-02   3.6801021e-03
   9.4700000e+02   1.2683770e+01   3.3308870e+00  -6.8718149e-02   4.5355096e-02   3.6817660e-03
   9.4800000e+02   1.2674650e+01   3.3297690e+00  -6.8656550e-02   4.5332853e-02   3.6834176e-03
   9.4900000e+02   1.2665560e+01   3.3286510e+00  -6.8594942e-02   4.5310553e-02   3.6850598e-03
   9.5000000e+02   1.2656480e+01   3.3275340e+00  -6.8533316e-02   4.5288210e-02   3.6866900e-03
   9.5100000e+02   1.2647420e+01   3.3264180e+00  -6.8471639e-02   4.5265792e-02   3.6883094e-03
   9.5200000e+02   1.2638380e+01   3.3253020e+00  -6.8409958e-02   4.5243336e-02   3.6899189e-03
   9.5300000e+02   1.2629360e+01   3.3241880e+00  -6.8348204e-02   4.5220782e-02   3.6915171e-03
   9.5400000e+02   1.2620350e+01   3.3230740e+00  -6.8286457e-02   4.5198210e-02   3.6931038e-03
   9.5500000e+02   1.2611370e+01   3.3219610e+00  -6.8224686e-02   4.5175559e-02   3.6946796e-03
   9.5600000e+02   1.2602400e+01   3.3208490e+00  -6.8162870e-02   4.5152853e-02   3.6962433e-03
   9.5700000e+02   1.2593460e+01   3.3197380e+00  -6.8101028e-02   4.5130071e-02   3.6977968e-03
   9.5800000e+02   1.2584530e+01   3.3186270e+00  -6.8039160e-02   4.5107249e-02   3.6993392e-03
   9.5900000e+02   1.2575620e+01   3.3175170e+00  -6.7977284e-02   4.5084373e-02   3.7008704e-03
   9.6000000e+02   1.2566720e+01   3.3164090e+00  -6.7915348e-02   4.5061426e-02   3.7023890e-03
   9.6100000e+02   1.2557850e+01   3.3153010e+00  -6.7853393e-02   4.5038410e-02   3.7038968e-03
   9.6200000e+02   1.2548990e+01   3.3141930e+00  -6.7791432e-02   4.5015368e-02   3.7053944e-03
   9.6300000e+02   1.2540150e+01   3.3130870e+00  -6.7729430e-02   4.4992246e-02   3.7068787e-03
   9.6400000e+02   1.2531330e+01   3.3119820e+00  -6.7667406e-02   4.4969064e-02   3.7083521e-03
   9.6500000e+02   1.2522530e+01   3.3108770e+00  -6.7605343e-02   4.4945822e-02   3.7098143e-03
   9.6600000e+02   1.2513750e+01   3.3097730e+00  -6.7543289e-02   4.4922531e-02   3.7112649e-03
   9.6700000e+02   1.2504980e+01   3.3086700e+00  -6.7481188e-02   4.4899184e-02   3.7127034e-03
   9.6800000e+02   1.2496230e+01   3.3075680e+00  -6.7419056e-02   4.4875770e-02   3.7141303e-03
   9.6900000e+02   1.2487500e+01   3.3064670e+00  -6.7356890e-02   4.4852288e-02   3.7155450e-03
   9.7000000e+02   1.2478790e+01   3.3053660e+00  -6.7294724e-02   4.4828767e-02   3.7169490e-03
   9.7100000e+02   1.2470090e+01   3.3042670e+00  -6.7232529e-02   4.4805185e-02   3.7183402e-03
   9.7200000e+02   1.2461410e+01   3.3031680e+00  -6.7170314e-02   4.4781554e-02   3.7197203e-03
   9.7300000e+02   1.2452750e+01   3.3020700e+00  -6.7108073e-02   4.4757856e-02   3.7210895e-03
   9.7400000e+02   1.2444110e+01   3.3009730e+00  -6.7045800e-02   4.4734091e-02   3.7224454e-03
   9.7500000e+02   1.2435480e+01   3.2998770e+00  -6.6983532e-02   4.4710295e-02   3.7237896e-03
   9.7600000e+02   1.2426870e+01   3.2987810e+00  -6.6921236e-02   4.4686442e-02   3.7251222e-03
   9.7700000e+02   1.2418280e+01   3.2976870e+00  -6.6858893e-02   4.4662503e-02   3.7264424e-03
   9.7800000e+02   1.2409700e+01   3.2965930e+00  -6.6796539e-02   4.4638533e-02   3.7277507e-03
   9.7900000e+02   1.2401140e+01   3.2955000e+00  -6.6734182e-02   4.4614511e-02   3.7290472e-03
   9.8000000e+02   1.2392600e+01   3.2944080e+00  -6.6671795e-02   4.4590423e-02   3.7303328e-03
   9.8100000e+02   1.2384080e+01   3.2933170e+00  -6.6609367e-02   4.4566261e-02   3.7316039e-03
   9.8200000e+02   1.2375570e+01   3.2922270e+00  -6.6546934e-02   4.4542061e-02   3.7328646e-03
   9.8300000e+02   1.2367080e+01   3.2911370e+00  -6.6484511e-02   4.4517823e-02   3.7341130e-03
   9.8400000e+02   1.2358600e+01   3.2900490e+00  -6.6422030e-02   4.4493512e-02   3.7353490e-03
   9.8500000e+02   1.2350150e+01   3.2889610e+00  -6.6359547e-02   4.4469142e-02   3.7365730e-03
   9.8600000e+02   1.2341710e+01   3.2878740e+00  -6.6297043e-02   4.4444720e-02   3.7377845e-03
   9.8700000e+02   1.2333280e+01   3.2867880e+00  -6.6234538e-02   4.4420265e-02   3.7389832e-03
   9.8800000e+02   1.2324880e+01   3.2857030e+00  -6.6171993e-02   4.4395722e-02   3.7401702e-03
   9.8900000e+02   1.2316480e+01   3.2846180e+00  -6.6109450e-02   4.4371166e-02   3.7413464e-03
   9.9000000e+02   1.2308110e+01   3.2835350e+00  -6.6046871e-02   4.4346519e-02   3.7425088e-03
   9.9100000e+02   1.2299750e+01   3.2824520e+00  -6.5984292e-02   4.4321838e-02   3.7436592e-03
   9.9200000e+02   1.2291410e+01   3.2813710e+00  -6.5921661e-02   4.4297074e-02   3.7447961e-03
   9.9300000e+02   1.2283080e+01   3.2802900e+00  -6.5859055e-02   4.4272291e-02   3.7459225e-03
   9.9400000e+02   1.2274770e+01   3.2792100e+00  -6.5796412e-02   4.4247440e-02   3.7470353e-03
   9.9500000e+02   1.2266480e+01   3.2781300e+00  -6.5733783e-02   4.4222551e-02   3.7481371e-03
   9.9600000e+02   1.2258200e+01   3.2770520e+00  -6.5671115e-02   4.4197596e-02   3.7492259e-03
   9.9700000e+02   1.2249940e+01   3.2759750e+00  -6.5608439e-02   4.4172585e-02   3.7503018e-03
   9.9800000e+02   1.2241700e+01   3.2748980e+00  -6.5545749e-02   4.4147523e-02   3.7513652e-03
   9.9900000e+02   1.2233470e+01   3.2738220e+00  -6.5483054e-02   4.4122421e-02   3.7524179e-03
   1.0000000e+03   1.2225250e+01   3.2727470e+00  -6.5420344e-02   4.4097271e-02   3.7534567e-03
   1.0010000e+03   1.2217060e+01   3.2716730e+00  -6.5357593e-02   4.4072036e-02   3.7544838e-03
   1.0020000e+03   1.2208870e+01   3.2706000e+00  -6.5294869e-02   4.4046790e-02   3.7554977e-03
   1.0030000e+03   1.2200710e+01   3.2695280e+00  -6.5232086e-02   4.4021447e-02   3.7564983e-03
   1.0040000e+03   1.2192560e+01   3.2684570e+00  -6.5169327e-02   4.3996078e-02   3.7574874e-03
   1.0050000e+03   1.2184420e+01   3.2673860e+00  -6.5106554e-02   4.3970670e-02   3.7584645e-03
   1.0060000e+03   1.2176300e+01   3.2663160e+00  -6.5043772e-02   4.3945208e-02   3.7594287e-03
   1.0070000e+03   1.2168200e+01   3.2652470e+00  -6.4980968e-02   4.3919680e-02   3.7603809e-03
   1.0080000e+03   1.2160110e+01   3.2641790e+00  -6.4918163e-02   4.3894111e-02   3.7613199e-03
   1.0090000e+03   1.2152040e+01   3.2631120e+00  -6.4855325e-02   4.3868474e-02   3.7622464e-03
   1.0100000e+03   1.2143980e+01   3.2620460e+00  -6.4792498e-02   4.3842804e-02   3.7631602e-03
   1.0110000e+03   1.2135940e+01   3.2609810e+00  -6.4729651e-02   4.3817071e-02   3.7640604e-03
   1.0120000e+03   1.2127910e+01   3.2599160e+00  -6.4666827e-02   4.3791321e-02   3.7649512e-03
   1.0130000e+03   1.2119900e+01   3.2588530e+00  -6.4603961e-02   4.3765487e-02   3.7658265e-03
   1.0140000e+03   1.2111900e+01   3.2577900e+00  -6.4541090e-02   4.3739615e-02   3.7666897e-03
   1.0150000e+03   1.2103920e+01   3.2567280e+00  -6.4478216e-02   4.3713695e-02   3.7675426e-03
   1.0160000e+03   1.2095950e+01   3.2556670e+00  -6.4415331e-02   4.3687727e-02   3.7683804e-03
   1.0170000e+03   1.2088000e+01   3.2546070e+00  -6.4352450e-02   4.3661710e-02   3.7692071e-03
   1.0180000e+03   1.2080070e+01   3.2535470e+00  -6.4289571e-02   4.3635648e-02   3.7700205e-03
   1.0190000e+03   1.2072140e+01   3.2524890e+00  -6.4226648e-02   4.3609527e-02   3.7708211e-03
   1.0200000e+03   1.2064240e+01   3.2514310e+00  -6.4163769e-02   4.3583374e-02   3.7716103e-03
   1.0210000e+03   1.2056350e+01   3.2503750e+00  -6.4100837e-02   4.3557142e-02   3.7723856e-03
   1.0220000e+03   1.2048470e+01   3.2493190e+00  -6.4037923e-02   4.3530892e-02   3.7731488e-03
   1.0230000e+03   1.2040610e+01   3.2482640e+00  -6.3974997e-02   4.3504579e-02   3.7738992e-03
   1.0240000e+03   1.2032760e+01   3.2472100e+00  -6.3912080e-02   4.3478235e-02   3.7746374e-03
   1.0250000e+03   1.2024920e+01   3.2461570e+00  -6.3849140e-02   4.3451837e-02   3.7753629e-03
   1.0260000e+03   1.2017110e+01   3.2451040e+00  -6.3786212e-02   4.3425387e-02   3.7760765e-03
   1.0270000e+03   1.2009300e+01   3.2440530e+00  -6.3723260e-02   4.3398888e-02   3.7767760e-03
   1.0280000e+03   1.2001510e+01   3.2430020e+00  -6.3660320e-02   4.3372353e-02   3.7774642e-03
   1.0290000e+03   1.1993740e+01   3.2419520e+00  -6.3597363e-02   4.3345751e-02   3.7781391e-03
   1.0300000e+03   1.1985980e+01   3.2409030e+00  -6.3534418e-02   4.3319118e-02   3.7788017e-03
   1.0310000e+03   1.1978230e+01   3.2398550e+00  -6.3471467e-02   4.3292444e-02   3.7794520e-03
   1.0320000e+03   1.1970500e+01   3.2388080e+00  -6.3408506e-02   4.3265710e-02   3.7800892e-03
   1.0330000e+03   1.1962780e+01   3.2377620e+00  -6.3345558e-02   4.3238942e-02   3.7807137e-03
   1.0340000e+03   1.1955080e+01   3.2367160e+00  -6.3282610e-02   4.3212129e-02   3.7813269e-03
   1.0350000e+03   1.1947390e+01   3.2356720e+00  -6.3219643e-02   4.3185259e-02   3.7819264e-03
   1.0360000e+03   1.1939710e+01   3.2346280e+00  -6.3156683e-02   4.3158360e-02   3.7825136e-03
   1.0370000e+03   1.1932050e+01   3.2335850e+00  -6.3093740e-02   4.3131414e-02   3.7830883e-03
   1.0380000e+03   1.1924400e+01   3.2325430e+00  -6.3030783e-02   4.3104422e-02   3.7836502e-03
   1.0390000e+03   1.1916770e+01   3.2315020e+00  -6.2967819e-02   4.3077374e-02   3.7842000e-03
   1.0400000e+03   1.1909150e+01   3.2304620e+00  -6.2904866e-02   4.3050289e-02   3.7847368e-03
   1.0410000e+03   1.1901550e+01   3.2294220e+00  -6.2841908e-02   4.3023155e-02   3.7852610e-03
   1.0420000e+03   1.1893950e+01   3.2283840e+00  -6.2778937e-02   4.2995982e-02   3.7857729e-03
   1.0430000e+03   1.1886380e+01   3.2273460e+00  -6.2715993e-02   4.2968762e-02   3.7862729e-03
   1.0440000e+03   1.1878810e+01   3.2263090e+00  -6.2653057e-02   4.2941520e-02   3.7867608e-03
   1.0450000e+03   1.1871260e+01   3.2252730e+00  -6.2590095e-02   4.2914210e-02   3.7872344e-03
   1.0460000e+03   1.1863730e+01   3.2242380e+00  -6.2527157e-02   4.2886857e-02   3.7876966e-03
   1.0470000e+03   1.1856200e+01   3.2232040e+00  -6.2464198e-02   4.2859470e-02   3.7881464e-03
   1.0480000e+03   1.1848690e+01   3.2221710e+00  -6.2401243e-02   4.2832028e-02   3.7885820e-03
   1.0490000e+03   1.1841200e+01   3.2211380e+00  -6.2338324e-02   4.2804562e-02   3.7890076e-03
   1.0500000e+03   1.1833720e+01   3.2201060e+00  -6.2275402e-02   4.2777049e-02   3.7894198e-03
   1.0510000e+03   1.1826250e+01   3.2190760e+00  -6.2212454e-02   4.2749475e-02   3.7898192e-03
   1.0520000e+03   1.1818790e+01   3.2180460e+00  -6.2149540e-02   4.2721887e-02   3.7902063e-03
   1.0530000e+03   1.1811350e+01   3.2170170e+00  -6.2086618e-02   4.2694243e-02   3.7905814e-03
   1.0540000e+03   1.1803920e+01   3.2159880e+00  -6.2023720e-02   4.2666575e-02   3.7909446e-03
   1.0550000e+03   1.1796510e+01   3.2149610e+00  -6.1960815e-02   4.2638843e-02   3.7912944e-03
   1.0560000e+03   1.1789110e+01   3.2139350e+00  -6.1897891e-02   4.2611060e-02   3.7916318e-03
   1.0570000e+03   1.1781720e+01   3.2129090e+00  -6.1835006e-02   4.2583264e-02   3.7919574e-03
   1.0580000e+03   1.1774340e+01   3.2118840e+00  -6.1772123e-02   4.2555427e-02   3.7922702e-03
   1.0590000e+03   1.1766980e+01   3.2108600e+00  -6.1709238e-02   4.2527539e-02   3.7925712e-03
   1.0600000e+03   1.1759630e+01   3.2098370e+00  -6.1646361e-02   4.2499608e-02   3.7928594e-03
   1.0610000e+03   1.1752300e+01   3.2088150e+00  -6.1583479e-02   4.2471624e-02   3.7931350e-03
   1.0620000e+03   1.1744980e+01   3.2077940e+00  -6.1520621e-02   4.2443614e-02   3.7933995e-03
   1.0630000e+03   1.1737670e+01   3.2067730e+00  -6.1457789e-02   4.2415579e-02   3.7936506e-03
   1.0640000e+03   1.1730370e+01   3.2057530e+00  -6.1394927e-02   4.2387492e-02   3.7938898e-03
   1.0650000e+03   1.1723090e+01   3.2047350e+00  -6.1332083e-02   4.2359349e-02   3.7941160e-03
   1.0660000e+03   1.1715820e+01   3.2037170e+00  -6.1269266e-02   4.2331188e-02   3.7943302e-03
   1.0670000e+03   1.1708560e+01   3.2027000e+00  -6.1206444e-02   4.2302986e-02   3.7945326e-03
   1.0680000e+03   1.1701310e+01   3.2016830e+00  -6.1143649e-02   4.2274761e-02   3.7947236e-03
   1.0690000e+03   1.1694080e+01   3.2006680e+00  -6.1080852e-02   4.2246473e-02   3.7949015e-03
   1.0700000e+03   1.1686860e+01   3.1996530e+00  -6.1018058e-02   4.2218155e-02   3.7950672e-03
   1.0710000e+03   1.1679650e+01   3.1986400e+00  -6.0955267e-02   4.2189790e-02   3.7952200e-03
   1.0720000e+03   1.1672460e+01   3.1976270e+00  -6.0892507e-02   4.2161391e-02   3.7953613e-03
   1.0730000e+03   1.1665280e+01   3.1966150e+00  -6.0829743e-02   4.2132951e-02   3.7954909e-03
   1.0740000e+03   1.1658110e+01   3.1956040e+00  -6.0767006e-02   4.2104486e-02   3.7956082e-03
   1.0750000e+03   1.1650950e+01   3.1945930e+00  -6.0704270e-02   4.2075987e-02   3.7957136e-03
   1.0760000e+03   1.1643810e+01   3.1935840e+00  -6.0641539e-02   4.2047427e-02   3.7958058e-03
   1.0770000e+03   1.1636680e+01   3.1925750e+00  -6.0578851e-02   4.2018857e-02   3.7958879e-03
   1.0780000e+03   1.1629560e+01   3.1915670e+00  -6.0516154e-02   4.1990241e-02   3.7959564e-03
   1.0790000e+03   1.1622450e+01   3.1905600e+00  -6.0453458e-02   4.1961584e-02   3.7960132e-03
   1.0800000e+03   1.1615360e+01   3.1895540e+00  -6.0390797e-02   4.1932894e-02   3.7960586e-03
   1.0810000e+03   1.1608280e+01   3.1885490e+00  -6.0328147e-02   4.1904165e-02   3.7960916e-03
   1.0820000e+03   1.1601210e+01   3.1875450e+00  -6.0265485e-02   4.1875384e-02   3.7961111e-03
   1.0830000e+03   1.1594150e+01   3.1865410e+00  -6.0202863e-02   4.1846599e-02   3.7961203e-03
   1.0840000e+03   1.1587110e+01   3.1855380e+00  -6.0140237e-02   4.1817752e-02   3.7961174e-03
   1.0850000e+03   1.1580080e+01   3.1845360e+00  -6.0077648e-02   4.1788886e-02   3.7961031e-03
   1.0860000e+03   1.1573060e+01   3.1835350e+00  -6.0015049e-02   4.1759974e-02   3.7960753e-03
   1.0870000e+03   1.1566050e+01   3.1825350e+00  -5.9952485e-02   4.1731037e-02   3.7960366e-03
   1.0880000e+03   1.1559050e+01   3.1815360e+00  -5.9889926e-02   4.1702061e-02   3.7959853e-03
   1.0890000e+03   1.1552070e+01   3.1805370e+00  -5.9827394e-02   4.1673054e-02   3.7959234e-03
   1.0900000e+03   1.1545100e+01   3.1795400e+00  -5.9764847e-02   4.1643989e-02   3.7958484e-03
   1.0910000e+03   1.1538140e+01   3.1785430e+00  -5.9702325e-02   4.1614902e-02   3.7957616e-03
   1.0920000e+03   1.1531190e+01   3.1775470e+00  -5.9639844e-02   4.1585798e-02   3.7956642e-03
   1.0930000e+03   1.1524250e+01   3.1765510e+00  -5.9577377e-02   4.1556665e-02   3.7955543e-03
   1.0940000e+03   1.1517330e+01   3.1755570e+00  -5.9514911e-02   4.1527471e-02   3.7954330e-03
   1.0950000e+03   1.1510420e+01   3.1745630e+00  -5.9452474e-02   4.1498259e-02   3.7953005e-03
   1.0960000e+03   1.1503520e+01   3.1735710e+00  -5.9390029e-02   4.1468996e-02   3.7951541e-03
   1.0970000e+03   1.1496630e+01   3.1725790e+00  -5.9327628e-02   4.1439721e-02   3.7949980e-03
   1.0980000e+03   1.1489750e+01   3.1715880e+00  -5.9265226e-02   4.1410403e-02   3.7948295e-03
   1.0990000e+03   1.1482890e+01   3.1705970e+00  -5.9202884e-02   4.1381071e-02   3.7946506e-03
   1.1000000e+03   1.1476040e+01   3.1696080e+00  -5.9140517e-02   4.1351676e-02   3.7944587e-03
   1.1010000e+03   1.1469190e+01   3.1686190e+00  -5.9078189e-02   4.1322282e-02   3.7942562e-03
   1.1020000e+03   1.1462360e+01   3.1676320e+00  -5.9015849e-02   4.1292819e-02   3.7940401e-03
   1.1030000e+03   1.1455550e+01   3.1666450e+00  -5.8953560e-02   4.1263332e-02   3.7938130e-03
   1.1040000e+03   1.1448740e+01   3.1656580e+00  -5.8891293e-02   4.1233838e-02   3.7935765e-03
   1.1050000e+03   1.1441950e+01   3.1646730e+00  -5.8829035e-02   4.1204290e-02   3.7933272e-03
   1.1060000e+03   1.1435160e+01   3.1636890e+00  -5.8766793e-02   4.1174720e-02   3.7930659e-03
   1.1070000e+03   1.1428390e+01   3.1627050e+00  -5.8704569e-02   4.1145114e-02   3.7927941e-03
   1.1080000e+03   1.1421630e+01   3.1617220e+00  -5.8642381e-02   4.1115485e-02   3.7925103e-03
   1.1090000e+03   1.1414880e+01   3.1607400e+00  -5.8580191e-02   4.1085810e-02   3.7922148e-03
   1.1100000e+03   1.1408140e+01   3.1597590e+00  -5.8518024e-02   4.1056109e-02   3.7919075e-03
   1.1110000e+03   1.1401420e+01   3.1587780e+00  -5.8455905e-02   4.1026388e-02   3.7915900e-03
   1.1120000e+03   1.1394700e+01   3.1577990e+00  -5.8393778e-02   4.0996621e-02   3.7912598e-03
   1.1130000e+03   1.1388000e+01   3.1568200e+00  -5.8331684e-02   4.0966831e-02   3.7909193e-03
   1.1140000e+03   1.1381310e+01   3.1558420e+00  -5.8269612e-02   4.0937007e-02   3.7905673e-03
   1.1150000e+03   1.1374630e+01   3.1548650e+00  -5.8207561e-02   4.0907153e-02   3.7902036e-03
   1.1160000e+03   1.1367960e+01   3.1538880e+00  -5.8145535e-02   4.0877281e-02   3.7898293e-03
   1.1170000e+03   1.1361300e+01   3.1529130e+00  -5.8083530e-02   4.0847371e-02   3.7894436e-03
   1.1180000e+03   1.1354650e+01   3.1519380e+00  -5.8021550e-02   4.0817436e-02   3.7890465e-03
   1.1190000e+03   1.1348020e+01   3.1509640e+00  -5.7959591e-02   4.0787463e-02   3.7886380e-03
   1.1200000e+03   1.1341390e+01   3.1499910e+00  -5.7897659e-02   4.0757473e-02   3.7882186e-03
   1.1210000e+03   1.1334780e+01   3.1490190e+00  -5.7835733e-02   4.0727435e-02   3.7877875e-03
   1.1220000e+03   1.1328170e+01   3.1480470e+00  -5.7773855e-02   4.0697397e-02   3.7873462e-03
   1.1230000e+03   1.1321580e+01   3.1470760e+00  -5.7711981e-02   4.0667309e-02   3.7868933e-03
   1.1240000e+03   1.1315000e+01   3.1461060e+00  -5.7650156e-02   4.0637207e-02   3.7864305e-03
   1.1250000e+03   1.1308430e+01   3.1451370e+00  -5.7588319e-02   4.0607054e-02   3.7859542e-03
   1.1260000e+03   1.1301870e+01   3.1441690e+00  -5.7526527e-02   4.0576886e-02   3.7854678e-03
   1.1270000e+03   1.1295320e+01   3.1432010e+00  -5.7464767e-02   4.0546700e-02   3.7849719e-03
   1.1280000e+03   1.1288790e+01   3.1422350e+00  -5.7402994e-02   4.0516445e-02   3.7844629e-03
   1.1290000e+03   1.1282260e+01   3.1412690e+00  -5.7341281e-02   4.0486200e-02   3.7839440e-03
   1.1300000e+03   1.1275750e+01   3.1403030e+00  -5.7279597e-02   4.0455926e-02   3.7834150e-03
   1.1310000e+03   1.1269240e+01   3.1393390e+00  -5.7217927e-02   4.0425625e-02   3.7828738e-03
   1.1320000e+03   1.1262750e+01   3.1383760e+00  -5.7156261e-02   4.0395268e-02   3.7823206e-03
   1.1330000e+03   1.1256260e+01   3.1374130e+00  -5.7094653e-02   4.0364922e-02   3.7817588e-03
   1.1340000e+03   1.1249790e+01   3.1364510e+00  -5.7033063e-02   4.0334532e-02   3.7811854e-03
   1.1350000e+03   1.1243330e+01   3.1354900e+00  -5.6971495e-02   4.0304114e-02   3.7806013e-03
   1.1360000e+03   1.1236880e+01   3.1345290e+00  -5.6909963e-02   4.0273677e-02   3.7800065e-03
   1.1370000e+03   1.1230440e+01   3.1335690e+00  -5.6848465e-02   4.0243222e-02   3.7794019e-03
   1.1380000e+03   1.1224010e+01   3.1326110e+00  -5.6786959e-02   4.0212710e-02   3.7787846e-03
   1.1390000e+03   1.1217590e+01   3.1316520e+00  -5.6725524e-02   4.0182214e-02   3.7781585e-03
   1.1400000e+03   1.1211180e+01   3.1306950e+00  -5.6664074e-02   4.0151655e-02   3.7775194e-03
   1.1410000e+03   1.1204780e+01   3.1297390e+00  -5.6602662e-02   4.0121078e-02   3.7768707e-03
   1.1420000e+03   1.1198400e+01   3.1287830e+00  -5.6541286e-02   4.0090474e-02   3.7762115e-03
   1.1430000e+03   1.1192020e+01   3.1278280e+00  -5.6479938e-02   4.0059856e-02   3.7755416e-03
   1.1440000e+03   1.1185650e+01   3.1268740e+00  -5.6418627e-02   4.0029218e-02   3.7748620e-03
   1.1450000e+03   1.1179300e+01   3.1259200e+00  -5.6357336e-02   3.9998543e-02   3.7741711e-03
   1.1460000e+03   1.1172950e+01   3.1249680e+00  -5.6296065e-02   3.9967843e-02   3.7734695e-03
   1.1470000e+03   1.1166620e+01   3.1240160e+00  -5.6234819e-02   3.9937107e-02   3.7727569e-03
   1.1480000e+03   1.1160290e+01   3.1230650e+00  -5.6173613e-02   3.9906368e-02   3.7720344e-03
   1.1490000e+03   1.1153980e+01   3.1221140e+00  -5.6112443e-02   3.9875600e-02   3.7713019e-03
   1.1500000e+03   1.1147670e+01   3.1211650e+00  -5.6051283e-02   3.9844801e-02   3.7705583e-03
   1.1510000e+03   1.1141380e+01   3.1202160e+00  -5.5990177e-02   3.9813987e-02   3.7698051e-03
   1.1520000e+03   1.1135090e+01   3.1192680e+00  -5.5929082e-02   3.9783149e-02   3.7690404e-03
   1.1530000e+03   1.1128820e+01   3.1183210e+00  -5.5868016e-02   3.9752273e-02   3.7682660e-03
   1.1540000e+03   1.1122560e+01   3.1173740e+00  -5.5806981e-02   3.9721377e-02   3.7674806e-03
   1.1550000e+03   1.1116300e+01   3.1164280e+00  -5.5745989e-02   3.9690480e-02   3.7666865e-03
   1.1560000e+03   1.1110060e+01   3.1154840e+00  -5.5684999e-02   3.9659521e-02   3.7658800e-03
   1.1570000e+03   1.1103830e+01   3.1145390e+00  -5.5624069e-02   3.9628567e-02   3.7650650e-03
   1.1580000e+03   1.1097600e+01   3.1135960e+00  -5.5563142e-02   3.9597579e-02   3.7642381e-03
   1.1590000e+03   1.1091390e+01   3.1126530e+00  -5.5502276e-02   3.9566581e-02   3.7634026e-03
   1.1600000e+03   1.1085190e+01   3.1117110e+00  -5.5441415e-02   3.9535539e-02   3.7625563e-03
   1.1610000e+03   1.1078990e+01   3.1107700e+00  -5.5380599e-02   3.9504498e-02   3.7616998e-03
   1.1620000e+03   1.1072810e+01   3.1098300e+00  -5.5319803e-02   3.9473410e-02   3.7608330e-03
   1.1630000e+03   1.1066640e+01   3.1088900e+00  -5.5259049e-02   3.9442314e-02   3.7599563e-03
   1.1640000e+03   1.1060480e+01   3.1079510e+00  -5.5198323e-02   3.9411190e-02   3.7590695e-03
   1.1650000e+03   1.1054320e+01   3.1070130e+00  -5.5137620e-02   3.9380051e-02   3.7581723e-03
   1.1660000e+03   1.1048180e+01   3.1060750e+00  -5.5076975e-02   3.9348899e-02   3.7572669e-03
   1.1670000e+03   1.1042050e+01   3.1051390e+00  -5.5016319e-02   3.9317688e-02   3.7563485e-03
   1.1680000e+03   1.1035920e+01   3.1042030e+00  -5.4955727e-02   3.9286495e-02   3.7554220e-03
   1.1690000e+03   1.1029810e+01   3.1032670e+00  -5.4895176e-02   3.9255278e-02   3.7544861e-03
   1.1700000e+03   1.1023710e+01   3.1023330e+00  -5.4834630e-02   3.9224014e-02   3.7535390e-03
   1.1710000e+03   1.1017610e+01   3.1013990e+00  -5.4774134e-02   3.9192757e-02   3.7525827e-03
   1.1720000e+03   1.1011530e+01   3.1004660e+00  -5.4713656e-02   3.9161454e-02   3.7516164e-03
   1.1730000e+03   1.1005450e+01   3.0995340e+00  -5.4653207e-02   3.9130137e-02   3.7506389e-03
   1.1740000e+03   1.0999390e+01   3.0986030e+00  -5.4592800e-02   3.9098794e-02   3.7496529e-03
   1.1750000e+03   1.0993330e+01   3.0976720e+00  -5.4532436e-02   3.9067453e-02   3.7486577e-03
   1.1760000e+03   1.0987290e+01   3.0967420e+00  -5.4472077e-02   3.9036057e-02   3.7476505e-03
   1.1770000e+03   1.0981250e+01   3.0958130e+00  -5.4411771e-02   3.9004666e-02   3.7466350e-03
   1.1780000e+03   1.0975230e+01   3.0948840e+00  -5.4351494e-02   3.8973242e-02   3.7456099e-03
   1.1790000e+03   1.0969210e+01   3.0939560e+00  -5.4291273e-02   3.8941823e-02   3.7445763e-03
   1.1800000e+03   1.0963200e+01   3.0930290e+00  -5.4231057e-02   3.8910365e-02   3.7435314e-03
   1.1810000e+03   1.0957210e+01   3.0921030e+00  -5.4170884e-02   3.8878878e-02   3.7424772e-03
   1.1820000e+03   1.0951220e+01   3.0911770e+00  -5.4110736e-02   3.8847380e-02   3.7414129e-03
   1.1830000e+03   1.0945240e+01   3.0902520e+00  -5.4050635e-02   3.8815867e-02   3.7403400e-03
   1.1840000e+03   1.0939270e+01   3.0893280e+00  -5.3990562e-02   3.8784333e-02   3.7392566e-03
   1.1850000e+03   1.0933310e+01   3.0884040e+00  -5.3930529e-02   3.8752786e-02   3.7381646e-03
   1.1860000e+03   1.0927360e+01   3.0874820e+00  -5.3870523e-02   3.8721206e-02   3.7370624e-03
   1.1870000e+03   1.0921420e+01   3.0865600e+00  -5.3810550e-02   3.8689610e-02   3.7359510e-03
   1.1880000e+03   1.0915490e+01   3.0856380e+00  -5.3750630e-02   3.8658009e-02   3.7348310e-03
   1.1890000e+03   1.0909570e+01   3.0847180e+00  -5.3690720e-02   3.8626367e-02   3.7336998e-03
   1.1900000e+03   1.0903660e+01   3.0837980e+00  -5.3630859e-02   3.8594719e-02   3.7325605e-03
   1.1910000e+03   1.0897750e+01   3.0828790e+00  -5.3571027e-02   3.8563056e-02   3.7314113e-03
   1.1920000e+03   1.0891860e+01   3.0819600e+00  -5.3511236e-02   3.8531371e-02   3.7302530e-03
   1.1930000e+03   1.0885980e+01   3.0810420e+00  -5.3451474e-02   3.8499661e-02   3.7290857e-03
   1.1940000e+03   1.0880100e+01   3.0801250e+00  -5.3391757e-02   3.8467950e-02   3.7279087e-03
   1.1950000e+03   1.0874230e+01   3.0792090e+00  -5.3332051e-02   3.8436200e-02   3.7267213e-03
   1.1960000e+03   1.0868380e+01   3.0782930e+00  -5.3272405e-02   3.8404442e-02   3.7255261e-03
   1.1970000e+03   1.0862530e+01   3.0773790e+00  -5.3212773e-02   3.8372655e-02   3.7243207e-03
   1.1980000e+03   1.0856690e+01   3.0764640e+00  -5.3153200e-02   3.8340874e-02   3.7231071e-03
   1.1990000e+03   1.0850860e+01   3.0755510e+00  -5.3093653e-02   3.8309061e-02   3.7218838e-03
   1.2000000e+03   1.0845040e+01   3.0746380e+00  -5.3034141e-02   3.8277233e-02   3.7206521e-03
   1.2010000e+03   1.0839230e+01   3.0737260e+00  -5.2974669e-02   3.8245389e-02   3.7194102e-03
   1.2020000e+03   1.0833430e+01   3.0728150e+00  -5.2915208e-02   3.8213504e-02   3.7181586e-03
   1.2030000e+03   1.0827640e+01   3.0719040e+00  -5.2855814e-02   3.8181629e-02   3.7168996e-03
   1.2040000e+03   1.0821860e+01   3.0709940e+00  -5.2796439e-02   3.8149723e-02   3.7156300e-03
   1.2050000e+03   1.0816080e+01   3.0700840e+00  -5.2737138e-02   3.8117839e-02   3.7143546e-03
   1.2060000e+03   1.0810320e+01   3.0691760e+00  -5.2677824e-02   3.8085884e-02   3.7130671e-03
   1.2070000e+03   1.0804560e+01   3.0682680e+00  -5.2618574e-02   3.8053948e-02   3.7117715e-03
   1.2080000e+03   1.0798810e+01   3.0673610e+00  -5.2559336e-02   3.8021973e-02   3.7104654e-03
   1.2090000e+03   1.0793070e+01   3.0664540e+00  -5.2500163e-02   3.7990006e-02   3.7091529e-03
   1.2100000e+03   1.0787340e+01   3.0655480e+00  -5.2441016e-02   3.7958011e-02   3.7078305e-03
   1.2110000e+03   1.0781620e+01   3.0646430e+00  -5.2381916e-02   3.7926005e-02   3.7065001e-03
   1.2120000e+03   1.0775910e+01   3.0637390e+00  -5.2322827e-02   3.7893961e-02   3.7051594e-03
   1.2130000e+03   1.0770210e+01   3.0628350e+00  -5.2263800e-02   3.7861922e-02   3.7038110e-03
   1.2140000e+03   1.0764510e+01   3.0619320e+00  -5.2204788e-02   3.7829859e-02   3.7024518e-03
   1.2150000e+03   1.0758830e+01   3.0610290e+00  -5.2145834e-02   3.7797786e-02   3.7010862e-03
   1.2160000e+03   1.0753150e+01   3.0601270e+00  -5.2086914e-02   3.7765704e-02   3.6997115e-03
   1.2170000e+03   1.0747490e+01   3.0592260e+00  -5.2028016e-02   3.7733581e-02   3.6983269e-03
   1.2180000e+03   1.0741830e+01   3.0583260e+00  -5.1969172e-02   3.7701465e-02   3.6969348e-03
   1.2190000e+03   1.0736180e+01   3.0574260e+00  -5.1910353e-02   3.7669323e-02   3.6955328e-03
   1.2200000e+03   1.0730540e+01   3.0565270e+00  -5.1851581e-02   3.7637172e-02   3.6941236e-03
   1.2210000e+03   1.0724900e+01   3.0556290e+00  -5.1792843e-02   3.7605012e-02   3.6927045e-03
   1.2220000e+03   1.0719280e+01   3.0547310e+00  -5.1734148e-02   3.7572831e-02   3.6912776e-03
   1.2230000e+03   1.0713670e+01   3.0538340e+00  -5.1675492e-02   3.7540630e-02   3.6898433e-03
   1.2240000e+03   1.0708060e+01   3.0529380e+00  -5.1616857e-02   3.7508417e-02   3.6883974e-03
   1.2250000e+03   1.0702460e+01   3.0520420e+00  -5.1558283e-02   3.7476203e-02   3.6869455e-03
   1.2260000e+03   1.0696870e+01   3.0511470e+00  -5.1499723e-02   3.7443955e-02   3.6854833e-03
   1.2270000e+03   1.0691290e+01   3.0502520e+00  -5.1441226e-02   3.7411711e-02   3.6840146e-03
   1.2280000e+03   1.0685720e+01   3.0493590e+00  -5.1382751e-02   3.7379436e-02   3.6825356e-03
   1.2290000e+03   1.0680160e+01   3.0484660e+00  -5.1324313e-02   3.7347146e-02   3.6810491e-03
   1.2300000e+03   1.0674600e+01   3.0475730e+00  -5.1265924e-02   3.7314862e-02   3.6795547e-03
   1.2310000e+03   1.0669060e+01   3.0466820e+00  -5.1207559e-02   3.7282534e-02   3.6780511e-03
   1.2320000e+03   1.0663520e+01   3.0457900e+00  -5.1149261e-02   3.7250232e-02   3.6765404e-03
   1.2330000e+03   1.0657990e+01   3.0449000e+00  -5.1090969e-02   3.7217885e-02   3.6750196e-03
   1.2340000e+03   1.0652470e+01   3.0440100e+00  -5.1032732e-02   3.7185537e-02   3.6734918e-03
   1.2350000e+03   1.0646960e+01   3.0431210e+00  -5.0974538e-02   3.7153175e-02   3.6719562e-03
   1.2360000e+03   1.0641450e+01   3.0422330e+00  -5.0916359e-02   3.7120791e-02   3.6704096e-03
   1.2370000e+03   1.0635960e+01   3.0413450e+00  -5.0858239e-02   3.7088400e-02   3.6688570e-03
   1.2380000e+03   1.0630470e+01   3.0404580e+00  -5.0800150e-02   3.7055995e-02   3.6672958e-03
   1.2390000e+03   1.0624990e+01   3.0395710e+00  -5.0742124e-02   3.7023598e-02   3.6657277e-03
   1.2400000e+03   1.0619520e+01   3.0386850e+00  -5.0684121e-02   3.6991170e-02   3.6641507e-03
   1.2410000e+03   1.0614060e+01   3.0378000e+00  -5.0626147e-02   3.6958721e-02   3.6625647e-03
   1.2420000e+03   1.0608610e+01   3.0369150e+00  -5.0568214e-02   3.6926262e-02   3.6609710e-03
   1.2430000e+03   1.0603160e+01   3.0360310e+00  -5.0510329e-02   3.6893803e-02   3.6593692e-03
   1.2440000e+03   1.0597730e+01   3.0351480e+00  -5.0452482e-02   3.6861318e-02   3.6577599e-03
   1.2450000e+03   1.0592300e+01   3.0342650e+00  -5.0394673e-02   3.6828832e-02   3.6561425e-03
   1.2460000e+03   1.0586880e+01   3.0333830e+00  -5.0336912e-02   3.6796335e-02   3.6545174e-03
   1.2470000e+03   1.0581470e+01   3.0325020e+00  -5.0279156e-02   3.6763797e-02   3.6528816e-03
   1.2480000e+03   1.0576060e+01   3.0316210e+00  -5.0221469e-02   3.6731282e-02   3.6512402e-03
   1.2490000e+03   1.0570670e+01   3.0307410e+00  -5.0163824e-02   3.6698740e-02   3.6495917e-03
   1.2500000e+03   1.0565280e+01   3.0298620e+00  -5.0106200e-02   3.6666182e-02   3.6479338e-03
   1.2510000e+03   1.0559900e+01   3.0289830e+00  -5.0048636e-02   3.6633627e-02   3.6462685e-03
   1.2520000e+03   1.0554530e+01   3.0281040e+00  -4.9991101e-02   3.6601053e-02   3.6445957e-03
   1.2530000e+03   1.0549170e+01   3.0272270e+00  -4.9933593e-02   3.6568452e-02   3.6429136e-03
   1.2540000e+03   1.0543810e+01   3.0263500e+00  -4.9876153e-02   3.6535871e-02   3.6412256e-03
   1.2550000e+03   1.0538470e+01   3.0254730e+00  -4.9818740e-02   3.6503259e-02   3.6395300e-03
   1.2560000e+03   1.0533130e+01   3.0245980e+00  -4.9761358e-02   3.6470632e-02   3.6378250e-03
   1.2570000e+03   1.0527800e+01   3.0237230e+00  -4.9704023e-02   3.6437999e-02   3.6361132e-03
   1.2580000e+03   1.0522480e+01   3.0228480e+00  -4.9646737e-02   3.6405364e-02   3.6343937e-03
   1.2590000e+03   1.0517160e+01   3.0219740e+00  -4.9589481e-02   3.6372718e-02   3.6326665e-03
   1.2600000e+03   1.0511860e+01   3.0211010e+00  -4.9532266e-02   3.6340045e-02   3.6309319e-03
   1.2610000e+03   1.0506560e+01   3.0202280e+00  -4.9475086e-02   3.6307371e-02   3.6291890e-03
   1.2620000e+03   1.0501270e+01   3.0193560e+00  -4.9417948e-02   3.6274683e-02   3.6274378e-03
   1.2630000e+03   1.0495990e+01   3.0184850e+00  -4.9360845e-02   3.6241978e-02   3.6256795e-03
   1.2640000e+03   1.0490710e+01   3.0176140e+00  -4.9303806e-02   3.6209289e-02   3.6239156e-03
   1.2650000e+03   1.0485450e+01   3.0167440e+00  -4.9246774e-02   3.6176552e-02   3.6221411e-03
   1.2660000e+03   1.0480190e+01   3.0158740e+00  -4.9189813e-02   3.6143839e-02   3.6203619e-03
   1.2670000e+03   1.0474940e+01   3.0150050e+00  -4.9132877e-02   3.6111100e-02   3.6185740e-03
   1.2680000e+03   1.0469700e+01   3.0141370e+00  -4.9075987e-02   3.6078351e-02   3.6167793e-03
   1.2690000e+03   1.0464460e+01   3.0132690e+00  -4.9019126e-02   3.6045596e-02   3.6149753e-03
   1.2700000e+03   1.0459230e+01   3.0124020e+00  -4.8962316e-02   3.6012834e-02   3.6131650e-03
   1.2710000e+03   1.0454020e+01   3.0115350e+00  -4.8905551e-02   3.5980055e-02   3.6113486e-03
   1.2720000e+03   1.0448810e+01   3.0106690e+00  -4.8848815e-02   3.5947266e-02   3.6095228e-03
   1.2730000e+03   1.0443600e+01   3.0098040e+00  -4.8792127e-02   3.5914479e-02   3.6076910e-03
   1.2740000e+03   1.0438410e+01   3.0089390e+00  -4.8735482e-02   3.5881674e-02   3.6058515e-03
   1.2750000e+03   1.0433220e+01   3.0080750e+00  -4.8678871e-02   3.5848860e-02   3.6040050e-03
   1.2760000e+03   1.0428040e+01   3.0072110e+00  -4.8622305e-02   3.5816041e-02   3.6021508e-03
   1.2770000e+03   1.0422870e+01   3.0063480e+00  -4.8565768e-02   3.5783201e-02   3.6002889e-03
   1.2780000e+03   1.0417700e+01   3.0054860e+00  -4.8509275e-02   3.5750361e-02   3.5984204e-03
   1.2790000e+03   1.0412550e+01   3.0046240e+00  -4.8452831e-02   3.5717507e-02   3.5965445e-03
   1.2800000e+03   1.0407400e+01   3.0037630e+00  -4.8396417e-02   3.5684642e-02   3.5946612e-03
   1.2810000e+03   1.0402260e+01   3.0029020e+00  -4.8340048e-02   3.5651772e-02   3.5927707e-03
   1.2820000e+03   1.0397130e+01   3.0020420e+00  -4.8283727e-02   3.5618894e-02   3.5908740e-03
   1.2830000e+03   1.0392000e+01   3.0011830e+00  -4.8227436e-02   3.5586007e-02   3.5889691e-03
   1.2840000e+03   1.0386880e+01   3.0003240e+00  -4.8171190e-02   3.5553115e-02   3.5870578e-03
   1.2850000e+03   1.0381770e+01   2.9994660e+00  -4.8114991e-02   3.5520211e-02   3.5851395e-03
   1.2860000e+03   1.0376670e+01   2.9986080e+00  -4.8058820e-02   3.5487293e-02   3.5832134e-03
   1.2870000e+03   1.0371580e+01   2.9977510e+00  -4.8002694e-02   3.5454363e-02   3.5812813e-03
   1.2880000e+03   1.0366490e+01   2.9968940e+00  -4.7946620e-02   3.5421446e-02   3.5793415e-03
   1.2890000e+03   1.0361410e+01   2.9960380e+00  -4.7890585e-02   3.5388514e-02   3.5773953e-03
   1.2900000e+03   1.0356340e+01   2.9951830e+00  -4.7834584e-02   3.5355564e-02   3.5754418e-03
   1.2910000e+03   1.0351270e+01   2.9943280e+00  -4.7778631e-02   3.5322623e-02   3.5734817e-03
   1.2920000e+03   1.0346210e+01   2.9934740e+00  -4.7722707e-02   3.5289660e-02   3.5715144e-03
   1.2930000e+03   1.0341170e+01   2.9926200e+00  -4.7666821e-02   3.5256678e-02   3.5695389e-03
   1.2940000e+03   1.0336120e+01   2.9917670e+00  -4.7610988e-02   3.5223712e-02   3.5675583e-03
   1.2950000e+03   1.0331090e+01   2.9909140e+00  -4.7555197e-02   3.5190729e-02   3.5655708e-03
   1.2960000e+03   1.0326060e+01   2.9900620e+00  -4.7499457e-02   3.5157750e-02   3.5635776e-03
   1.2970000e+03   1.0321040e+01   2.9892110e+00  -4.7443724e-02   3.5124737e-02   3.5615744e-03
   1.2980000e+03   1.0316030e+01   2.9883600e+00  -4.7388057e-02   3.5091733e-02   3.5595668e-03
   1.2990000e+03   1.0311030e+01   2.9875100e+00  -4.7332416e-02   3.5058708e-02   3.5575507e-03
   1.3000000e+03   1.0306030e+01   2.9866600e+00  -4.7276840e-02   3.5025702e-02   3.5555305e-03
   1.3010000e+03   1.0301040e+01   2.9858110e+00  -4.7221277e-02   3.4992664e-02   3.5535009e-03
   1.3020000e+03   1.0296060e+01   2.9849620e+00  -4.7165792e-02   3.4959646e-02   3.5514678e-03
   1.3030000e+03   1.0291080e+01   2.9841140e+00  -4.7110324e-02   3.4926609e-02   3.5494260e-03
   1.3040000e+03   1.0286110e+01   2.9832670e+00  -4.7054878e-02   3.4893548e-02   3.5473763e-03
   1.3050000e+03   1.0281150e+01   2.9824200e+00  -4.6999495e-02   3.4860494e-02   3.5453213e-03
   1.3060000e+03   1.0276200e+01   2.9815730e+00  -4.6944157e-02   3.4827436e-02   3.5432607e-03
   1.3070000e+03   1.0271250e+01   2.9807280e+00  -4.6888850e-02   3.4794367e-02   3.5411921e-03
   1.3080000e+03   1.0266320e+01   2.9798820e+00  -4.6833602e-02   3.4761297e-02   3.5391180e-03
   1.3090000e+03   1.0261390e+01   2.9790380e+00  -4.6778367e-02   3.4728201e-02   3.5370371e-03
   1.3100000e+03   1.0256460e+01   2.9781930e+00  -4.6723199e-02   3.4695132e-02   3.5349499e-03
   1.3110000e+03   1.0251540e+01   2.9773500e+00  -4.6668055e-02   3.4662037e-02   3.5328548e-03
   1.3120000e+03   1.0246640e+01   2.9765070e+00  -4.6612953e-02   3.4628923e-02   3.5307546e-03
   1.3130000e+03   1.0241730e+01   2.9756640e+00  -4.6557904e-02   3.4595833e-02   3.5286482e-03
   1.3140000e+03   1.0236840e+01   2.9748220e+00  -4.6502877e-02   3.4562708e-02   3.5265343e-03
   1.3150000e+03   1.0231950e+01   2.9739810e+00  -4.6447900e-02   3.4529590e-02   3.5244136e-03
   1.3160000e+03   1.0227070e+01   2.9731400e+00  -4.6392965e-02   3.4496465e-02   3.5222876e-03
   1.3170000e+03   1.0222200e+01   2.9722990e+00  -4.6338096e-02   3.4463351e-02   3.5201572e-03
   1.3180000e+03   1.0217330e+01   2.9714600e+00  -4.6283235e-02   3.4430210e-02   3.5180177e-03
   1.3190000e+03   1.0212470e+01   2.9706200e+00  -4.6228435e-02   3.4397081e-02   3.5158733e-03
   1.3200000e+03   1.0207620e+01   2.9697820e+00  -4.6173646e-02   3.4363915e-02   3.5137204e-03
   1.3210000e+03   1.0202780e+01   2.9689430e+00  -4.6118934e-02   3.4330772e-02   3.5115642e-03
   1.3220000e+03   1.0197940e+01   2.9681060e+00  -4.6064240e-02   3.4297610e-02   3.5093997e-03
   1.3230000e+03   1.0193110e+01   2.9672680e+00  -4.6009602e-02   3.4264456e-02   3.5072301e-03
   1.3240000e+03   1.0188290e+01   2.9664320e+00  -4.5954989e-02   3.4231277e-02   3.5050535e-03
   1.3250000e+03   1.0183470e+01   2.9655960e+00  -4.5900430e-02   3.4198111e-02   3.5028715e-03
   1.3260000e+03   1.0178660e+01   2.9647600e+00  -4.5845907e-02   3.4164935e-02   3.5006832e-03
   1.3270000e+03   1.0173860e+01   2.9639250e+00  -4.5791432e-02   3.4131754e-02   3.4984885e-03
   1.3280000e+03   1.0169060e+01   2.9630910e+00  -4.5736987e-02   3.4098565e-02   3.4962881e-03
   1.3290000e+03   1.0164280e+01   2.9622570e+00  -4.5682581e-02   3.4065360e-02   3.4940809e-03
   1.3300000e+03   1.0159500e+01   2.9614230e+00  -4.5628237e-02   3.4032174e-02   3.4918690e-03
   1.3310000e+03   1.0154720e+01   2.9605900e+00  -4.5573925e-02   3.3998981e-02   3.4896505e-03
   1.3320000e+03   1.0149950e+01   2.9597580e+00  -4.5519638e-02   3.3965769e-02   3.4874240e-03
   1.3330000e+03   1.0145190e+01   2.9589260e+00  -4.5465414e-02   3.3932566e-02   3.4851942e-03
   1.3340000e+03   1.0140440e+01   2.9580940e+00  -4.5411230e-02   3.3899357e-02   3.4829582e-03
   1.3350000e+03   1.0135700e+01   2.9572640e+00  -4.5357053e-02   3.3866108e-02   3.4807144e-03
   1.3360000e+03   1.0130960e+01   2.9564330e+00  -4.5302963e-02   3.3832905e-02   3.4784669e-03
   1.3370000e+03   1.0126220e+01   2.9556030e+00  -4.5248897e-02   3.3799687e-02   3.4762121e-03
   1.3380000e+03   1.0121500e+01   2.9547740e+00  -4.5194871e-02   3.3766450e-02   3.4739526e-03
   1.3390000e+03   1.0116780e+01   2.9539450e+00  -4.5140874e-02   3.3733211e-02   3.4716848e-03
   1.3400000e+03   1.0112070e+01   2.9531170e+00  -4.5086938e-02   3.3699976e-02   3.4694144e-03
   1.3410000e+03   1.0107360e+01   2.9522890e+00  -4.5033030e-02   3.3666735e-02   3.4671360e-03
   1.3420000e+03   1.0102670e+01   2.9514620e+00  -4.4979166e-02   3.3633480e-02   3.4648522e-03
   1.3430000e+03   1.0097980e+01   2.9506350e+00  -4.4925341e-02   3.3600226e-02   3.4625621e-03
   1.3440000e+03   1.0093290e+01   2.9498090e+00  -4.4871565e-02   3.3566981e-02   3.4602680e-03
   1.3450000e+03   1.0088610e+01   2.9489830e+00  -4.4817814e-02   3.3533720e-02   3.4579658e-03
   1.3460000e+03   1.0083940e+01   2.9481580e+00  -4.4764124e-02   3.3500464e-02   3.4556597e-03
   1.3470000e+03   1.0079280e+01   2.9473330e+00  -4.4710458e-02   3.3467189e-02   3.4533473e-03
   1.3480000e+03   1.0074620e+01   2.9465090e+00  -4.4656840e-02   3.3433922e-02   3.4510292e-03
   1.3490000e+03   1.0069970e+01   2.9456850e+00  -4.4603276e-02   3.3400661e-02   3.4487066e-03
   1.3500000e+03   1.0065330e+01   2.9448610e+00  -4.4549758e-02   3.3367400e-02   3.4463783e-03
   1.3510000e+03   1.0060690e+01   2.9440390e+00  -4.4496251e-02   3.3334113e-02   3.4440433e-03
   1.3520000e+03   1.0056060e+01   2.9432160e+00  -4.4442802e-02   3.3300837e-02   3.4417025e-03
   1.3530000e+03   1.0051440e+01   2.9423950e+00  -4.4389377e-02   3.3267539e-02   3.4393557e-03
   1.3540000e+03   1.0046820e+01   2.9415730e+00  -4.4336016e-02   3.3234266e-02   3.4370052e-03
   1.3550000e+03   1.0042210e+01   2.9407520e+00  -4.4282696e-02   3.3200987e-02   3.4346484e-03
   1.3560000e+03   1.0037610e+01   2.9399320e+00  -4.4229403e-02   3.3167687e-02   3.4322862e-03
   1.3570000e+03   1.0033010e+01   2.9391120e+00  -4.4176170e-02   3.3134408e-02   3.4299192e-03
   1.3580000e+03   1.0028420e+01   2.9382930e+00  -4.4122944e-02   3.3101096e-02   3.4275447e-03
   1.3590000e+03   1.0023840e+01   2.9374740e+00  -4.4069792e-02   3.3067805e-02   3.4251668e-03
   1.3600000e+03   1.0019270e+01   2.9366560e+00  -4.4016645e-02   3.3034481e-02   3.4227809e-03
   1.3610000e+03   1.0014700e+01   2.9358380e+00  -4.3963567e-02   3.3001182e-02   3.4203920e-03
   1.3620000e+03   1.0010130e+01   2.9350210e+00  -4.3910532e-02   3.2967886e-02   3.4179976e-03
   1.3630000e+03   1.0005580e+01   2.9342040e+00  -4.3857531e-02   3.2934574e-02   3.4155975e-03
   1.3640000e+03   1.0001030e+01   2.9333870e+00  -4.3804579e-02   3.2901272e-02   3.4131925e-03
