   3.3000000e+01   2.4478970e+02   4.8814570e+00  -1.5773557e-02   9.9531539e-03   2.7339190e-03
   3.4000000e+01   2.3952760e+02   4.8440960e+00  -1.6389214e-02   1.0139458e-02   2.7696188e-03
   3.5000000e+01   2.3448900e+02   4.8088000e+00  -1.7004367e-02   1.0324069e-02   2.8039387e-03
   3.6000000e+01   2.2965780e+02   4.7754400e+00  -1.7618958e-02   1.0507148e-02   2.8369203e-03
   3.7000000e+01   2.2501990e+02   4.7438970e+00  -1.8232937e-02   1.0688841e-02   2.8686053e-03
   3.8000000e+01   2.2056270e+02   4.7140540e+00  -1.8846305e-02   1.0869315e-02   2.8990441e-03
   3.9000000e+01   2.1627500e+02   4.6858040e+00  -1.9459060e-02   1.1048733e-02   2.9282874e-03
   4.0000000e+01   2.1214640e+02   4.6590440e+00  -2.0071227e-02   1.1227281e-02   2.9563898e-03
   4.1000000e+01   2.0816780e+02   4.6336790e+00  -2.0682829e-02   1.1405128e-02   2.9834076e-03
   4.2000000e+01   2.0433070e+02   4.6096180e+00  -2.1293883e-02   1.1582446e-02   3.0093948e-03
   4.3000000e+01   2.0062750e+02   4.5867790e+00  -2.1904424e-02   1.1759410e-02   3.0344086e-03
   4.4000000e+01   1.9705100e+02   4.5650840e+00  -2.2514445e-02   1.1936179e-02   3.0585027e-03
   4.5000000e+01   1.9359490e+02   4.5444600e+00  -2.3123960e-02   1.2112901e-02   3.0817294e-03
   4.6000000e+01   1.9025300e+02   4.5248390e+00  -2.3732989e-02   1.2289749e-02   3.1041431e-03
   4.7000000e+01   1.8701970e+02   4.5061590e+00  -2.4341523e-02   1.2466865e-02   3.1257943e-03
   4.8000000e+01   1.8388990e+02   4.4883610e+00  -2.4949534e-02   1.2644369e-02   3.1467301e-03
   4.9000000e+01   1.8085880e+02   4.4713910e+00  -2.5557027e-02   1.2822406e-02   3.1669985e-03
   5.0000000e+01   1.7792170e+02   4.4551990e+00  -2.6163964e-02   1.3001095e-02   3.1866439e-03
   5.1000000e+01   1.7507450e+02   4.4397380e+00  -2.6770331e-02   1.3180553e-02   3.2057119e-03
   5.2000000e+01   1.7231310e+02   4.4249640e+00  -2.7376090e-02   1.3360884e-02   3.2242388e-03
   5.3000000e+01   1.6963390e+02   4.4108380e+00  -2.7981205e-02   1.3542188e-02   3.2422668e-03
   5.4000000e+01   1.6703320e+02   4.3973210e+00  -2.8585623e-02   1.3724556e-02   3.2598324e-03
   5.5000000e+01   1.6450780e+02   4.3843780e+00  -2.9189323e-02   1.3908075e-02   3.2769704e-03
   5.6000000e+01   1.6205450e+02   4.3719780e+00  -2.9792232e-02   1.4092815e-02   3.2937137e-03
   5.7000000e+01   1.5967030e+02   4.3600890e+00  -3.0394325e-02   1.4278865e-02   3.3100965e-03
   5.8000000e+01   1.5735250e+02   4.3486840e+00  -3.0995525e-02   1.4466259e-02   3.3261429e-03
   5.9000000e+01   1.5509840e+02   4.3377360e+00  -3.1595815e-02   1.4655089e-02   3.3418867e-03
   6.0000000e+01   1.5290550e+02   4.3272210e+00  -3.2195104e-02   1.4845378e-02   3.3573523e-03
   6.1000000e+01   1.5077130e+02   4.3171160e+00  -3.2793364e-02   1.5037189e-02   3.3725625e-03
   6.2000000e+01   1.4869360e+02   4.3074000e+00  -3.3390535e-02   1.5230564e-02   3.3875444e-03
   6.3000000e+01   1.4667030e+02   4.2980520e+00  -3.3986555e-02   1.5425524e-02   3.4023182e-03
   6.4000000e+01   1.4469920e+02   4.2890540e+00  -3.4581373e-02   1.5622116e-02   3.4169036e-03
   6.5000000e+01   1.4277850e+02   4.2803890e+00  -3.5174937e-02   1.5820346e-02   3.4313213e-03
   6.6000000e+01   1.4090640e+02   4.2720390e+00  -3.5767189e-02   1.6020240e-02   3.4455912e-03
   6.7000000e+01   1.3908090e+02   4.2639910e+00  -3.6358081e-02   1.6221830e-02   3.4597287e-03
   6.8000000e+01   1.3730050e+02   4.2562280e+00  -3.6947568e-02   1.6425112e-02   3.4737486e-03
   6.9000000e+01   1.3556350e+02   4.2487380e+00  -3.7535594e-02   1.6630107e-02   3.4876703e-03
   7.0000000e+01   1.3386840e+02   4.2415090e+00  -3.8122114e-02   1.6836811e-02   3.5015032e-03
   7.1000000e+01   1.3221370e+02   4.2345280e+00  -3.8707054e-02   1.7045215e-02   3.5152614e-03
   7.2000000e+01   1.3059810e+02   4.2277830e+00  -3.9290395e-02   1.7255330e-02   3.5289588e-03
   7.3000000e+01   1.2902010e+02   4.2212650e+00  -3.9872107e-02   1.7467176e-02   3.5426063e-03
   7.4000000e+01   1.2747860e+02   4.2149630e+00  -4.0452091e-02   1.7680686e-02   3.5562147e-03
   7.5000000e+01   1.2597230e+02   4.2088680e+00  -4.1030355e-02   1.7895887e-02   3.5697924e-03
   7.6000000e+01   1.2450010e+02   4.2029720e+00  -4.1606824e-02   1.8112746e-02   3.5833479e-03
   7.7000000e+01   1.2306070e+02   4.1972640e+00  -4.2181488e-02   1.8331279e-02   3.5968946e-03
   7.8000000e+01   1.2165320e+02   4.1917390e+00  -4.2754287e-02   1.8551436e-02   3.6104337e-03
   7.9000000e+01   1.2027650e+02   4.1863880e+00  -4.3325197e-02   1.8773211e-02   3.6239765e-03
   8.0000000e+01   1.1892970e+02   4.1812040e+00  -4.3894156e-02   1.8996560e-02   3.6375304e-03
   8.1000000e+01   1.1761170e+02   4.1761810e+00  -4.4461160e-02   1.9221489e-02   3.6510985e-03
   8.2000000e+01   1.1632180e+02   4.1713110e+00  -4.5026168e-02   1.9447945e-02   3.6646876e-03
   8.3000000e+01   1.1505890e+02   4.1665900e+00  -4.5589146e-02   1.9675925e-02   3.6783029e-03
   8.4000000e+01   1.1382240e+02   4.1620110e+00  -4.6150075e-02   1.9905382e-02   3.6919513e-03
   8.5000000e+01   1.1261130e+02   4.1575680e+00  -4.6708904e-02   2.0136290e-02   3.7056348e-03
   8.6000000e+01   1.1142500e+02   4.1532570e+00  -4.7265631e-02   2.0368610e-02   3.7193571e-03
   8.7000000e+01   1.1026260e+02   4.1490730e+00  -4.7820213e-02   2.0602324e-02   3.7331230e-03
   8.8000000e+01   1.0912360e+02   4.1450110e+00  -4.8372629e-02   2.0837368e-02   3.7469364e-03
   8.9000000e+01   1.0800710e+02   4.1410670e+00  -4.8922855e-02   2.1073737e-02   3.7607964e-03
   9.0000000e+01   1.0691250e+02   4.1372350e+00  -4.9470899e-02   2.1311410e-02   3.7747091e-03
   9.1000000e+01   1.0583930e+02   4.1335130e+00  -5.0016693e-02   2.1550290e-02   3.7886751e-03
   9.2000000e+01   1.0478680e+02   4.1298960e+00  -5.0560238e-02   2.1790373e-02   3.8026987e-03
   9.3000000e+01   1.0375440e+02   4.1263810e+00  -5.1101510e-02   2.2031618e-02   3.8167794e-03
   9.4000000e+01   1.0274160e+02   4.1229630e+00  -5.1640534e-02   2.2274005e-02   3.8309183e-03
   9.5000000e+01   1.0174770e+02   4.1196410e+00  -5.2177227e-02   2.2517473e-02   3.8451191e-03
   9.6000000e+01   1.0077240e+02   4.1164100e+00  -5.2711625e-02   2.2761978e-02   3.8593812e-03
   9.7000000e+01   9.9811760e+01   4.1134020e+00  -5.3238036e-02   2.3007433e-02   3.8744592e-03
   9.8000000e+01   9.8872010e+01   4.1103410e+00  -5.3767834e-02   2.3253874e-02   3.8888314e-03
   9.9000000e+01   9.7949300e+01   4.1073630e+00  -5.4295269e-02   2.3501233e-02   3.9032677e-03
   1.0000000e+02   9.7043160e+01   4.1044640e+00  -5.4820358e-02   2.3749493e-02   3.9177681e-03
   1.0100000e+02   9.6153170e+01   4.1016430e+00  -5.5343063e-02   2.3998586e-02   3.9323337e-03
   1.0200000e+02   9.5278890e+01   4.0988960e+00  -5.5863394e-02   2.4248493e-02   3.9469654e-03
   1.0300000e+02   9.4419920e+01   4.0962220e+00  -5.6381310e-02   2.4499143e-02   3.9616608e-03
   1.0400000e+02   9.3575880e+01   4.0936180e+00  -5.6896842e-02   2.4750531e-02   3.9764217e-03
   1.0500000e+02   9.2746370e+01   4.0910810e+00  -5.7409949e-02   2.5002587e-02   3.9912486e-03
   1.0600000e+02   9.1931040e+01   4.0886100e+00  -5.7920650e-02   2.5255287e-02   4.0061383e-03
   1.0700000e+02   9.1129530e+01   4.0862020e+00  -5.8428931e-02   2.5508591e-02   4.0210936e-03
   1.0800000e+02   9.0341500e+01   4.0838560e+00  -5.8934766e-02   2.5762435e-02   4.0361119e-03
   1.0900000e+02   8.9566600e+01   4.0815700e+00  -5.9438180e-02   2.6016812e-02   4.0511910e-03
   1.1000000e+02   8.8804540e+01   4.0793410e+00  -5.9939149e-02   2.6271662e-02   4.0663357e-03
   1.1100000e+02   8.8054980e+01   4.0771690e+00  -6.0437681e-02   2.6526955e-02   4.0815380e-03
   1.1200000e+02   8.7317640e+01   4.0750500e+00  -6.0933764e-02   2.6782647e-02   4.0968030e-03
   1.1300000e+02   8.6592220e+01   4.0729840e+00  -6.1427394e-02   2.7038700e-02   4.1121283e-03
   1.1400000e+02   8.5878440e+01   4.0709700e+00  -6.1918536e-02   2.7295046e-02   4.1275087e-03
   1.1500000e+02   8.5176020e+01   4.0690040e+00  -6.2407247e-02   2.7551702e-02   4.1429515e-03
   1.1600000e+02   8.4484710e+01   4.0670870e+00  -6.2893509e-02   2.7808603e-02   4.1584464e-03
   1.1700000e+02   8.3804240e+01   4.0652160e+00  -6.3377295e-02   2.8065707e-02   4.1739981e-03
   1.1800000e+02   8.3134360e+01   4.0633900e+00  -6.3858640e-02   2.8323004e-02   4.1896031e-03
   1.1900000e+02   8.2474840e+01   4.0616090e+00  -6.4337471e-02   2.8580400e-02   4.2052611e-03
   1.2000000e+02   8.1825440e+01   4.0598690e+00  -6.4813859e-02   2.8837907e-02   4.2209732e-03
   1.2100000e+02   8.1185940e+01   4.0581710e+00  -6.5287789e-02   2.9095490e-02   4.2367314e-03
   1.2200000e+02   8.0556110e+01   4.0565130e+00  -6.5759230e-02   2.9353090e-02   4.2525410e-03
   1.2300000e+02   7.9935740e+01   4.0548940e+00  -6.6228180e-02   2.9610664e-02   4.2683985e-03
   1.2400000e+02   7.9324620e+01   4.0533130e+00  -6.6694658e-02   2.9868203e-02   4.2843002e-03
   1.2500000e+02   7.8722560e+01   4.0517680e+00  -6.7158681e-02   3.0125680e-02   4.3002460e-03
   1.2600000e+02   7.8129350e+01   4.0502590e+00  -6.7620206e-02   3.0383031e-02   4.3162373e-03
   1.2700000e+02   7.7544800e+01   4.0487840e+00  -6.8079271e-02   3.0640256e-02   4.3322683e-03
   1.2800000e+02   7.6968740e+01   4.0473430e+00  -6.8535850e-02   3.0897297e-02   4.3483390e-03
   1.2900000e+02   7.6400980e+01   4.0459340e+00  -6.8989940e-02   3.1154127e-02   4.3644495e-03
   1.3000000e+02   7.5841340e+01   4.0445570e+00  -6.9441546e-02   3.1410718e-02   4.3805972e-03
   1.3100000e+02   7.5289660e+01   4.0432110e+00  -6.9890687e-02   3.1667052e-02   4.3967768e-03
   1.3200000e+02   7.4745770e+01   4.0418940e+00  -7.0337327e-02   3.1923072e-02   4.4129936e-03
   1.3300000e+02   7.4209520e+01   4.0406070e+00  -7.0781500e-02   3.2178771e-02   4.4292382e-03
   1.3400000e+02   7.3680740e+01   4.0393480e+00  -7.1223151e-02   3.2434090e-02   4.4455164e-03
   1.3500000e+02   7.3159280e+01   4.0381160e+00  -7.1662351e-02   3.2689040e-02   4.4618207e-03
   1.3600000e+02   7.2645000e+01   4.0369100e+00  -7.2099054e-02   3.2943571e-02   4.4781537e-03
   1.3700000e+02   7.2137750e+01   4.0357310e+00  -7.2533248e-02   3.3197635e-02   4.4945106e-03
   1.3800000e+02   7.1637400e+01   4.0345760e+00  -7.2964989e-02   3.3451249e-02   4.5108907e-03
   1.3900000e+02   7.1143800e+01   4.0334460e+00  -7.3394205e-02   3.3704345e-02   4.5272914e-03
   1.4000000e+02   7.0656820e+01   4.0323390e+00  -7.3820948e-02   3.3956928e-02   4.5437134e-03
   1.4100000e+02   7.0176340e+01   4.0312560e+00  -7.4245188e-02   3.4208944e-02   4.5601524e-03
   1.4200000e+02   6.9702220e+01   4.0301940e+00  -7.4666945e-02   3.4460389e-02   4.5766085e-03
   1.4300000e+02   6.9234350e+01   4.0291550e+00  -7.5086182e-02   3.4711212e-02   4.5930767e-03
   1.4400000e+02   6.8772610e+01   4.0281360e+00  -7.5502936e-02   3.4961415e-02   4.6095600e-03
   1.4500000e+02   6.8316870e+01   4.0271380e+00  -7.5917190e-02   3.5210959e-02   4.6260515e-03
   1.4600000e+02   6.7867030e+01   4.0261600e+00  -7.6328954e-02   3.5459832e-02   4.6425521e-03
   1.4700000e+02   6.7422970e+01   4.0252010e+00  -7.6738205e-02   3.5707992e-02   4.6590607e-03
   1.4800000e+02   6.6984580e+01   4.0242610e+00  -7.7144954e-02   3.5955433e-02   4.6755739e-03
   1.4900000e+02   6.6551770e+01   4.0233390e+00  -7.7549200e-02   3.6202123e-02   4.6920897e-03
   1.5000000e+02   6.6124420e+01   4.0224350e+00  -7.7950952e-02   3.6448047e-02   4.7086060e-03
   1.5100000e+02   6.5702450e+01   4.0215480e+00  -7.8350183e-02   3.6693171e-02   4.7251236e-03
   1.5200000e+02   6.5285740e+01   4.0206780e+00  -7.8746912e-02   3.6937487e-02   4.7416377e-03
   1.5300000e+02   6.4874200e+01   4.0198240e+00  -7.9141121e-02   3.7180958e-02   4.7581470e-03
   1.5400000e+02   6.4467740e+01   4.0189860e+00  -7.9532821e-02   3.7423577e-02   4.7746490e-03
   1.5500000e+02   6.4066280e+01   4.0181630e+00  -7.9922010e-02   3.7665321e-02   4.7911457e-03
   1.5600000e+02   6.3669710e+01   4.0173560e+00  -8.0308635e-02   3.7906142e-02   4.8076297e-03
   1.5700000e+02   6.3277950e+01   4.0165620e+00  -8.0692796e-02   3.8146080e-02   4.8241022e-03
   1.5800000e+02   6.2890930e+01   4.0157830e+00  -8.1074416e-02   3.8385068e-02   4.8405617e-03
   1.5900000e+02   6.2508550e+01   4.0150170e+00  -8.1453528e-02   3.8623112e-02   4.8570039e-03
   1.6000000e+02   6.2130730e+01   4.0142640e+00  -8.1830129e-02   3.8860193e-02   4.8734302e-03
   1.6100000e+02   6.1757400e+01   4.0135250e+00  -8.2204163e-02   3.9096256e-02   4.8898345e-03
   1.6200000e+02   6.1388470e+01   4.0127980e+00  -8.2575700e-02   3.9331331e-02   4.9062176e-03
   1.6300000e+02   6.1023880e+01   4.0120830e+00  -8.2944696e-02   3.9565375e-02   4.9225776e-03
   1.6400000e+02   6.0663550e+01   4.0113800e+00  -8.3311158e-02   3.9798377e-02   4.9389125e-03
   1.6500000e+02   6.0307400e+01   4.0106880e+00  -8.3675106e-02   4.0030335e-02   4.9552204e-03
   1.6600000e+02   5.9955370e+01   4.0100070e+00  -8.4036518e-02   4.0261214e-02   4.9714981e-03
   1.6700000e+02   5.9607380e+01   4.0093370e+00  -8.4395394e-02   4.0491009e-02   4.9877457e-03
   1.6800000e+02   5.9263380e+01   4.0086780e+00  -8.4751712e-02   4.0719682e-02   5.0039600e-03
   1.6900000e+02   5.8923280e+01   4.0080290e+00  -8.5105492e-02   4.0947239e-02   5.0201369e-03
   1.7000000e+02   5.8587040e+01   4.0073900e+00  -8.5456745e-02   4.1173666e-02   5.0362792e-03
   1.7100000e+02   5.8254580e+01   4.0067600e+00  -8.5805443e-02   4.1398943e-02   5.0523821e-03
   1.7200000e+02   5.7925840e+01   4.0061390e+00  -8.6151630e-02   4.1623076e-02   5.0684453e-03
   1.7300000e+02   5.7600760e+01   4.0055280e+00  -8.6495236e-02   4.1846014e-02   5.0844659e-03
   1.7400000e+02   5.7279290e+01   4.0049250e+00  -8.6836313e-02   4.2067773e-02   5.1004415e-03
   1.7500000e+02   5.6961370e+01   4.0043310e+00  -8.7174825e-02   4.2288315e-02   5.1163712e-03
   1.7600000e+02   5.6646930e+01   4.0037450e+00  -8.7510815e-02   4.2507660e-02   5.1322534e-03
   1.7700000e+02   5.6335920e+01   4.0031670e+00  -8.7844237e-02   4.2725774e-02   5.1480851e-03
   1.7800000e+02   5.6028300e+01   4.0025970e+00  -8.8175097e-02   4.2942638e-02   5.1638658e-03
   1.7900000e+02   5.5724000e+01   4.0020340e+00  -8.8503430e-02   4.3158269e-02   5.1795932e-03
   1.8000000e+02   5.5422970e+01   4.0014790e+00  -8.8829180e-02   4.3372619e-02   5.1952630e-03
   1.8100000e+02   5.5125160e+01   4.0009300e+00  -8.9152408e-02   4.3585720e-02   5.2108783e-03
   1.8200000e+02   5.4830530e+01   4.0003890e+00  -8.9473049e-02   4.3797511e-02   5.2264327e-03
   1.8300000e+02   5.4539020e+01   3.9998540e+00  -8.9791156e-02   4.4008028e-02   5.2419291e-03
   1.8400000e+02   5.4250580e+01   3.9993250e+00  -9.0106712e-02   4.4217241e-02   5.2573608e-03
   1.8500000e+02   5.3965170e+01   3.9988030e+00  -9.0419686e-02   4.4425132e-02   5.2727297e-03
   1.8600000e+02   5.3682740e+01   3.9982870e+00  -9.0730114e-02   4.4631700e-02   5.2880315e-03
   1.8700000e+02   5.3403250e+01   3.9977760e+00  -9.1038011e-02   4.4836954e-02   5.3032676e-03
   1.8800000e+02   5.3126660e+01   3.9972710e+00  -9.1343322e-02   4.5040845e-02   5.3184318e-03
   1.8900000e+02   5.2852910e+01   3.9967720e+00  -9.1646076e-02   4.5243391e-02   5.3335274e-03
   1.9000000e+02   5.2581960e+01   3.9962780e+00  -9.1946266e-02   4.5444577e-02   5.3485489e-03
   1.9100000e+02   5.2313780e+01   3.9957890e+00  -9.2243909e-02   4.5644399e-02   5.3634960e-03
   1.9200000e+02   5.2048320e+01   3.9953050e+00  -9.2539001e-02   4.5842854e-02   5.3783689e-03
   1.9300000e+02   5.1785550e+01   3.9948260e+00  -9.2831526e-02   4.6039919e-02   5.3931624e-03
   1.9400000e+02   5.1525420e+01   3.9943520e+00  -9.3121475e-02   4.6235579e-02   5.4078750e-03
   1.9500000e+02   5.1267890e+01   3.9938820e+00  -9.3408890e-02   4.6429863e-02   5.4225100e-03
   1.9600000e+02   5.1012940e+01   3.9934160e+00  -9.3693756e-02   4.6622744e-02   5.4370622e-03
   1.9700000e+02   5.0760510e+01   3.9929550e+00  -9.3976050e-02   4.6814203e-02   5.4515271e-03
   1.9800000e+02   5.0510570e+01   3.9924980e+00  -9.4255793e-02   4.7004255e-02   5.4659101e-03
   1.9900000e+02   5.0263100e+01   3.9920440e+00  -9.4532994e-02   4.7192883e-02   5.4802050e-03
   2.0000000e+02   5.0018040e+01   3.9915940e+00  -9.4807646e-02   4.7380092e-02   5.4944109e-03
   2.0100000e+02   4.9775380e+01   3.9911480e+00  -9.5079748e-02   4.7565860e-02   5.5085266e-03
   2.0200000e+02   4.9535070e+01   3.9907060e+00  -9.5349288e-02   4.7750186e-02   5.5225520e-03
   2.0300000e+02   4.9297080e+01   3.9902660e+00  -9.5616316e-02   4.7933089e-02   5.5364831e-03
   2.0400000e+02   4.9061370e+01   3.9898310e+00  -9.5880747e-02   4.8114515e-02   5.5503197e-03
   2.0500000e+02   4.8827930e+01   3.9893980e+00  -9.6142668e-02   4.8294504e-02   5.5640610e-03
   2.0600000e+02   4.8596710e+01   3.9889680e+00  -9.6402060e-02   4.8473046e-02   5.5777061e-03
   2.0700000e+02   4.8367680e+01   3.9885410e+00  -9.6658906e-02   4.8650121e-02   5.5912502e-03
   2.0800000e+02   4.8140820e+01   3.9881170e+00  -9.6913207e-02   4.8825726e-02   5.6046951e-03
   2.0900000e+02   4.7916100e+01   3.9876960e+00  -9.7164973e-02   4.8999857e-02   5.6180385e-03
   2.1000000e+02   4.7693470e+01   3.9872770e+00  -9.7414213e-02   4.9172526e-02   5.6312791e-03
   2.1100000e+02   4.7472930e+01   3.9868610e+00  -9.7660929e-02   4.9343719e-02   5.6444163e-03
   2.1200000e+02   4.7254430e+01   3.9864470e+00  -9.7905127e-02   4.9513436e-02   5.6574472e-03
   2.1300000e+02   4.7037960e+01   3.9860350e+00  -9.8146812e-02   4.9681678e-02   5.6703718e-03
   2.1400000e+02   4.6823480e+01   3.9856260e+00  -9.8385949e-02   4.9848420e-02   5.6831887e-03
   2.1500000e+02   4.6610960e+01   3.9852190e+00  -9.8622575e-02   5.0013681e-02   5.6958962e-03
   2.1600000e+02   4.6400390e+01   3.9848130e+00  -9.8856738e-02   5.0177485e-02   5.7084961e-03
   2.1700000e+02   4.6191730e+01   3.9844100e+00  -9.9088342e-02   5.0339763e-02   5.7209806e-03
   2.1800000e+02   4.5984960e+01   3.9840080e+00  -9.9317480e-02   5.0500577e-02   5.7333550e-03
   2.1900000e+02   4.5780050e+01   3.9836080e+00  -9.9544128e-02   5.0659908e-02   5.7456168e-03
   2.2000000e+02   4.5576990e+01   3.9832100e+00  -9.9768239e-02   5.0817713e-02   5.7577614e-03
   2.2100000e+02   4.5375740e+01   3.9828140e+00  -9.9989865e-02   5.0974032e-02   5.7697898e-03
   2.2200000e+02   4.5176290e+01   3.9824190e+00  -1.0020902e-01   5.1128857e-02   5.7817018e-03
   2.2300000e+02   4.4978600e+01   3.9820250e+00  -1.0042569e-01   5.1282193e-02   5.7934959e-03
   2.2400000e+02   4.4782660e+01   3.9816330e+00  -1.0063989e-01   5.1434033e-02   5.8051700e-03
   2.2500000e+02   4.4588450e+01   3.9812420e+00  -1.0085163e-01   5.1584380e-02   5.8167254e-03
   2.2600000e+02   4.4395940e+01   3.9808520e+00  -1.0106090e-01   5.1733232e-02   5.8281592e-03
   2.2700000e+02   4.4205100e+01   3.9804640e+00  -1.0126767e-01   5.1880570e-02   5.8394708e-03
   2.2800000e+02   4.4015930e+01   3.9800760e+00  -1.0147204e-01   5.2026439e-02   5.8506599e-03
   2.2900000e+02   4.3828400e+01   3.9796900e+00  -1.0167392e-01   5.2170789e-02   5.8617242e-03
   2.3000000e+02   4.3642480e+01   3.9793040e+00  -1.0187339e-01   5.2313664e-02   5.8726652e-03
   2.3100000e+02   4.3458160e+01   3.9789190e+00  -1.0207041e-01   5.2455044e-02   5.8834787e-03
   2.3200000e+02   4.3275420e+01   3.9785350e+00  -1.0226499e-01   5.2594919e-02   5.8941649e-03
   2.3300000e+02   4.3094240e+01   3.9781520e+00  -1.0245714e-01   5.2733298e-02   5.9047249e-03
   2.3400000e+02   4.2914590e+01   3.9777700e+00  -1.0264688e-01   5.2870200e-02   5.9151573e-03
   2.3500000e+02   4.2736470e+01   3.9773880e+00  -1.0283421e-01   5.3005605e-02   5.9254594e-03
   2.3600000e+02   4.2559840e+01   3.9770070e+00  -1.0301911e-01   5.3139523e-02   5.9356316e-03
   2.3700000e+02   4.2384700e+01   3.9766260e+00  -1.0320165e-01   5.3271969e-02   5.9456743e-03
   2.3800000e+02   4.2211020e+01   3.9762460e+00  -1.0338177e-01   5.3402918e-02   5.9555840e-03
   2.3900000e+02   4.2038790e+01   3.9758660e+00  -1.0355951e-01   5.3532391e-02   5.9653630e-03
   2.4000000e+02   4.1867990e+01   3.9754870e+00  -1.0373485e-01   5.3660371e-02   5.9750090e-03
   2.4100000e+02   4.1698590e+01   3.9751080e+00  -1.0390784e-01   5.3786896e-02   5.9845206e-03
   2.4200000e+02   4.1530600e+01   3.9747290e+00  -1.0407847e-01   5.3911941e-02   5.9938994e-03
   2.4300000e+02   4.1363980e+01   3.9743510e+00  -1.0424671e-01   5.4035495e-02   6.0031427e-03
   2.4400000e+02   4.1198730e+01   3.9739720e+00  -1.0441265e-01   5.4157611e-02   6.0122517e-03
   2.4500000e+02   4.1034820e+01   3.9735940e+00  -1.0457621e-01   5.4278244e-02   6.0212231e-03
   2.4600000e+02   4.0872240e+01   3.9732160e+00  -1.0473744e-01   5.4397414e-02   6.0300596e-03
   2.4700000e+02   4.0710970e+01   3.9728380e+00  -1.0489635e-01   5.4515129e-02   6.0387584e-03
   2.4800000e+02   4.0551000e+01   3.9724600e+00  -1.0505294e-01   5.4631391e-02   6.0473195e-03
   2.4900000e+02   4.0392320e+01   3.9720820e+00  -1.0520721e-01   5.4746188e-02   6.0557426e-03
   2.5000000e+02   4.0234900e+01   3.9717030e+00  -1.0535920e-01   5.4859563e-02   6.0640288e-03
   2.5100000e+02   4.0078740e+01   3.9713250e+00  -1.0550888e-01   5.4971473e-02   6.0721749e-03
   2.5200000e+02   3.9923820e+01   3.9709470e+00  -1.0565627e-01   5.5081933e-02   6.0801793e-03
   2.5300000e+02   3.9770120e+01   3.9705680e+00  -1.0580139e-01   5.5190971e-02   6.0880462e-03
   2.5400000e+02   3.9617630e+01   3.9701890e+00  -1.0594424e-01   5.5298580e-02   6.0957732e-03
   2.5500000e+02   3.9466340e+01   3.9698100e+00  -1.0608483e-01   5.5404752e-02   6.1033592e-03
   2.5600000e+02   3.9316230e+01   3.9694310e+00  -1.0622316e-01   5.5509498e-02   6.1108028e-03
   2.5700000e+02   3.9167300e+01   3.9690510e+00  -1.0635926e-01   5.5612824e-02   6.1181058e-03
   2.5800000e+02   3.9019520e+01   3.9686710e+00  -1.0649311e-01   5.5714729e-02   6.1252674e-03
   2.5900000e+02   3.8872880e+01   3.9682900e+00  -1.0662478e-01   5.5815252e-02   6.1322878e-03
   2.6000000e+02   3.8727370e+01   3.9679090e+00  -1.0675420e-01   5.5914351e-02   6.1391649e-03
   2.6100000e+02   3.8582990e+01   3.9675270e+00  -1.0688144e-01   5.6012056e-02   6.1459007e-03
   2.6200000e+02   3.8439700e+01   3.9671460e+00  -1.0700643e-01   5.6108338e-02   6.1524914e-03
   2.6300000e+02   3.8297520e+01   3.9667630e+00  -1.0712929e-01   5.6203257e-02   6.1589404e-03
   2.6400000e+02   3.8156410e+01   3.9663800e+00  -1.0724995e-01   5.6296780e-02   6.1652445e-03
   2.6500000e+02   3.8016370e+01   3.9659960e+00  -1.0736846e-01   5.6388937e-02   6.1714074e-03
   2.6600000e+02   3.7877390e+01   3.9656120e+00  -1.0748479e-01   5.6479700e-02   6.1774259e-03
   2.6700000e+02   3.7739460e+01   3.9652270e+00  -1.0759899e-01   5.6569100e-02   6.1833009e-03
   2.6800000e+02   3.7602560e+01   3.9648410e+00  -1.0771105e-01   5.6657144e-02   6.1890320e-03
   2.6900000e+02   3.7466680e+01   3.9644550e+00  -1.0782097e-01   5.6743819e-02   6.1946184e-03
   2.7000000e+02   3.7331820e+01   3.9640680e+00  -1.0792877e-01   5.6829139e-02   6.2000612e-03
   2.7100000e+02   3.7197950e+01   3.9636800e+00  -1.0803449e-01   5.6913132e-02   6.2053588e-03
   2.7200000e+02   3.7065080e+01   3.9632910e+00  -1.0813811e-01   5.6995779e-02   6.2105134e-03
   2.7300000e+02   3.6933190e+01   3.9629020e+00  -1.0823961e-01   5.7077068e-02   6.2155226e-03
   2.7400000e+02   3.6802270e+01   3.9625120e+00  -1.0833906e-01   5.7157040e-02   6.2203870e-03
   2.7500000e+02   3.6672300e+01   3.9621200e+00  -1.0843647e-01   5.7235720e-02   6.2251104e-03
   2.7600000e+02   3.6543290e+01   3.9617280e+00  -1.0853179e-01   5.7313051e-02   6.2296856e-03
   2.7700000e+02   3.6415210e+01   3.9613360e+00  -1.0862505e-01   5.7389062e-02   6.2341161e-03
   2.7800000e+02   3.6288070e+01   3.9609420e+00  -1.0871629e-01   5.7463781e-02   6.2384039e-03
   2.7900000e+02   3.6161840e+01   3.9605470e+00  -1.0880553e-01   5.7537216e-02   6.2425470e-03
   2.8000000e+02   3.6036520e+01   3.9601510e+00  -1.0889276e-01   5.7609361e-02   6.2465456e-03
   2.8100000e+02   3.5912100e+01   3.9597540e+00  -1.0897797e-01   5.7680216e-02   6.2504017e-03
   2.8200000e+02   3.5788580e+01   3.9593560e+00  -1.0906120e-01   5.7749790e-02   6.2541107e-03
   2.8300000e+02   3.5665930e+01   3.9589580e+00  -1.0914242e-01   5.7818076e-02   6.2576757e-03
   2.8400000e+02   3.5544160e+01   3.9585580e+00  -1.0922170e-01   5.7885115e-02   6.2610974e-03
   2.8500000e+02   3.5423250e+01   3.9581570e+00  -1.0929903e-01   5.7950902e-02   6.2643756e-03
   2.8600000e+02   3.5303190e+01   3.9577550e+00  -1.0937440e-01   5.8015433e-02   6.2675107e-03
   2.8700000e+02   3.5183980e+01   3.9573510e+00  -1.0944786e-01   5.8078736e-02   6.2705039e-03
   2.8800000e+02   3.5065610e+01   3.9569470e+00  -1.0951936e-01   5.8140777e-02   6.2733511e-03
   2.8900000e+02   3.4948070e+01   3.9565410e+00  -1.0958898e-01   5.8201605e-02   6.2760561e-03
   2.9000000e+02   3.4831350e+01   3.9561350e+00  -1.0965665e-01   5.8261182e-02   6.2786174e-03
   2.9100000e+02   3.4715440e+01   3.9557270e+00  -1.0972247e-01   5.8319570e-02   6.2810361e-03
   2.9200000e+02   3.4600330e+01   3.9553180e+00  -1.0978640e-01   5.8376743e-02   6.2833148e-03
   2.9300000e+02   3.4486020e+01   3.9549070e+00  -1.0984849e-01   5.8432729e-02   6.2854496e-03
   2.9400000e+02   3.4372500e+01   3.9544960e+00  -1.0990867e-01   5.8487489e-02   6.2874418e-03
   2.9500000e+02   3.4259750e+01   3.9540830e+00  -1.0996705e-01   5.8541091e-02   6.2892930e-03
   2.9600000e+02   3.4147780e+01   3.9536690e+00  -1.1002358e-01   5.8593493e-02   6.2910026e-03
   2.9700000e+02   3.4036580e+01   3.9532530e+00  -1.1007831e-01   5.8644746e-02   6.2925713e-03
   2.9800000e+02   3.3926130e+01   3.9528370e+00  -1.1013119e-01   5.8694805e-02   6.2939978e-03
   2.9900000e+02   3.3816430e+01   3.9524190e+00  -1.1018231e-01   5.8743725e-02   6.2952856e-03
   3.0000000e+02   3.3707470e+01   3.9519990e+00  -1.1023164e-01   5.8791504e-02   6.2964330e-03
   3.0100000e+02   3.3599250e+01   3.9515780e+00  -1.1027918e-01   5.8838127e-02   6.2974399e-03
   3.0200000e+02   3.3491750e+01   3.9511560e+00  -1.1032497e-01   5.8883620e-02   6.2983090e-03
   3.0300000e+02   3.3384980e+01   3.9507330e+00  -1.1036898e-01   5.8927965e-02   6.2990362e-03
   3.0400000e+02   3.3278920e+01   3.9503080e+00  -1.1041127e-01   5.8971209e-02   6.2996270e-03
   3.0500000e+02   3.3173570e+01   3.9498810e+00  -1.1045185e-01   5.9013352e-02   6.3000794e-03
   3.0600000e+02   3.3068920e+01   3.9494540e+00  -1.1049067e-01   5.9054355e-02   6.3003922e-03
   3.0700000e+02   3.2964960e+01   3.9490240e+00  -1.1052783e-01   5.9094298e-02   6.3005704e-03
   3.0800000e+02   3.2861690e+01   3.9485940e+00  -1.1056327e-01   5.9133124e-02   6.3006085e-03
   3.0900000e+02   3.2759100e+01   3.9481610e+00  -1.1059707e-01   5.9170898e-02   6.3005124e-03
   3.1000000e+02   3.2657180e+01   3.9477280e+00  -1.1062914e-01   5.9207564e-02   6.3002783e-03
   3.1100000e+02   3.2555930e+01   3.9472930e+00  -1.1065958e-01   5.9243175e-02   6.2999110e-03
   3.1200000e+02   3.2455340e+01   3.9468560e+00  -1.1068839e-01   5.9277740e-02   6.2994065e-03
   3.1300000e+02   3.2355410e+01   3.9464180e+00  -1.1071555e-01   5.9311241e-02   6.2987679e-03
   3.1400000e+02   3.2256120e+01   3.9459780e+00  -1.1074110e-01   5.9343712e-02   6.2979954e-03
   3.1500000e+02   3.2157480e+01   3.9455370e+00  -1.1076502e-01   5.9375132e-02   6.2970896e-03
   3.1600000e+02   3.2059480e+01   3.9450940e+00  -1.1078735e-01   5.9405528e-02   6.2960506e-03
   3.1700000e+02   3.1962100e+01   3.9446490e+00  -1.1080813e-01   5.9434931e-02   6.2948785e-03
   3.1800000e+02   3.1865360e+01   3.9442030e+00  -1.1082730e-01   5.9463291e-02   6.2935742e-03
   3.1900000e+02   3.1769230e+01   3.9437550e+00  -1.1084492e-01   5.9490662e-02   6.2921385e-03
   3.2000000e+02   3.1673710e+01   3.9433060e+00  -1.1086098e-01   5.9517029e-02   6.2905708e-03
   3.2100000e+02   3.1578800e+01   3.9428550e+00  -1.1087551e-01   5.9542415e-02   6.2888740e-03
   3.2200000e+02   3.1484500e+01   3.9424030e+00  -1.1088849e-01   5.9566798e-02   6.2870469e-03
   3.2300000e+02   3.1390790e+01   3.9419490e+00  -1.1089996e-01   5.9590223e-02   6.2850896e-03
   3.2400000e+02   3.1297670e+01   3.9414930e+00  -1.1090996e-01   5.9612698e-02   6.2830044e-03
   3.2500000e+02   3.1205140e+01   3.9410350e+00  -1.1091846e-01   5.9634215e-02   6.2807923e-03
   3.2600000e+02   3.1113190e+01   3.9405760e+00  -1.1092547e-01   5.9654769e-02   6.2784506e-03
   3.2700000e+02   3.1021820e+01   3.9401150e+00  -1.1093101e-01   5.9674381e-02   6.2759836e-03
   3.2800000e+02   3.0931010e+01   3.9396530e+00  -1.1093508e-01   5.9693058e-02   6.2733876e-03
   3.2900000e+02   3.0840770e+01   3.9391890e+00  -1.1093773e-01   5.9710817e-02   6.2706666e-03
   3.3000000e+02   3.0751100e+01   3.9387230e+00  -1.1093894e-01   5.9727652e-02   6.2678218e-03
   3.3100000e+02   3.0661970e+01   3.9382550e+00  -1.1093873e-01   5.9743593e-02   6.2648535e-03
   3.3200000e+02   3.0573400e+01   3.9377850e+00  -1.1093714e-01   5.9758634e-02   6.2617607e-03
   3.3300000e+02   3.0485380e+01   3.9373140e+00  -1.1093412e-01   5.9772759e-02   6.2585445e-03
   3.3400000e+02   3.0397890e+01   3.9368410e+00  -1.1092972e-01   5.9786017e-02   6.2552061e-03
   3.3500000e+02   3.0310940e+01   3.9363670e+00  -1.1092393e-01   5.9798369e-02   6.2517442e-03
   3.3600000e+02   3.0224520e+01   3.9358900e+00  -1.1091682e-01   5.9809889e-02   6.2481644e-03
   3.3700000e+02   3.0138630e+01   3.9354120e+00  -1.1090833e-01   5.9820524e-02   6.2444614e-03
   3.3800000e+02   3.0053260e+01   3.9349320e+00  -1.1089851e-01   5.9830305e-02   6.2406402e-03
   3.3900000e+02   2.9968410e+01   3.9344500e+00  -1.1088737e-01   5.9839247e-02   6.2366993e-03
   3.4000000e+02   2.9884070e+01   3.9339660e+00  -1.1087492e-01   5.9847354e-02   6.2326429e-03
   3.4100000e+02   2.9800240e+01   3.9334810e+00  -1.1086115e-01   5.9854616e-02   6.2284650e-03
   3.4200000e+02   2.9716910e+01   3.9329930e+00  -1.1084612e-01   5.9861083e-02   6.2241736e-03
   3.4300000e+02   2.9634090e+01   3.9325040e+00  -1.1082977e-01   5.9866701e-02   6.2197634e-03
   3.4400000e+02   2.9551760e+01   3.9320130e+00  -1.1081217e-01   5.9871523e-02   6.2152409e-03
   3.4500000e+02   2.9469920e+01   3.9315200e+00  -1.1079332e-01   5.9875549e-02   6.2106000e-03
   3.4600000e+02   2.9388570e+01   3.9310250e+00  -1.1077323e-01   5.9878789e-02   6.2058486e-03
   3.4700000e+02   2.9307700e+01   3.9305290e+00  -1.1075188e-01   5.9881228e-02   6.2009809e-03
   3.4800000e+02   2.9227310e+01   3.9300300e+00  -1.1072934e-01   5.9882911e-02   6.1960038e-03
   3.4900000e+02   2.9147390e+01   3.9295300e+00  -1.1070557e-01   5.9883812e-02   6.1909135e-03
   3.5000000e+02   2.9067950e+01   3.9290280e+00  -1.1068059e-01   5.9883946e-02   6.1857120e-03
   3.5100000e+02   2.8988970e+01   3.9285230e+00  -1.1065447e-01   5.9883357e-02   6.1804020e-03
   3.5200000e+02   2.8910460e+01   3.9280170e+00  -1.1062715e-01   5.9881998e-02   6.1749817e-03
   3.5300000e+02   2.8832400e+01   3.9275090e+00  -1.1059865e-01   5.9879908e-02   6.1694544e-03
   3.5400000e+02   2.8754800e+01   3.9269990e+00  -1.1056901e-01   5.9877088e-02   6.1638173e-03
   3.5500000e+02   2.8677660e+01   3.9264870e+00  -1.1053824e-01   5.9873543e-02   6.1580745e-03
   3.5600000e+02   2.8600960e+01   3.9259740e+00  -1.1050630e-01   5.9869264e-02   6.1522225e-03
   3.5700000e+02   2.8524700e+01   3.9254580e+00  -1.1047327e-01   5.9864305e-02   6.1462684e-03
   3.5800000e+02   2.8448890e+01   3.9249400e+00  -1.1043915e-01   5.9858646e-02   6.1402105e-03
   3.5900000e+02   2.8373510e+01   3.9244200e+00  -1.1040392e-01   5.9852298e-02   6.1340481e-03
   3.6000000e+02   2.8298570e+01   3.9238990e+00  -1.1036757e-01   5.9845231e-02   6.1277818e-03
   3.6100000e+02   2.8224050e+01   3.9233750e+00  -1.1033019e-01   5.9837524e-02   6.1214134e-03
   3.6200000e+02   2.8149960e+01   3.9228490e+00  -1.1029174e-01   5.9829146e-02   6.1149450e-03
   3.6300000e+02   2.8076300e+01   3.9223220e+00  -1.1025221e-01   5.9820079e-02   6.1083757e-03
   3.6400000e+02   2.8003050e+01   3.9217920e+00  -1.1021167e-01   5.9810388e-02   6.1017076e-03
   3.6500000e+02   2.7930220e+01   3.9212600e+00  -1.1017010e-01   5.9800039e-02   6.0949412e-03
   3.6600000e+02   2.7857810e+01   3.9207270e+00  -1.1012748e-01   5.9789031e-02   6.0880749e-03
   3.6700000e+02   2.7785800e+01   3.9201910e+00  -1.1008388e-01   5.9777413e-02   6.0811133e-03
   3.6800000e+02   2.7714200e+01   3.9196530e+00  -1.1003928e-01   5.9765172e-02   6.0740561e-03
   3.6900000e+02   2.7643000e+01   3.9191140e+00  -1.0999367e-01   5.9752289e-02   6.0668995e-03
   3.7000000e+02   2.7572200e+01   3.9185720e+00  -1.0994711e-01   5.9738820e-02   6.0596521e-03
   3.7100000e+02   2.7501800e+01   3.9180280e+00  -1.0989959e-01   5.9724748e-02   6.0523121e-03
   3.7200000e+02   2.7431790e+01   3.9174820e+00  -1.0985111e-01   5.9710074e-02   6.0448782e-03
   3.7300000e+02   2.7362170e+01   3.9169340e+00  -1.0980168e-01   5.9694813e-02   6.0373514e-03
   3.7400000e+02   2.7292940e+01   3.9163840e+00  -1.0975133e-01   5.9678974e-02   6.0297348e-03
   3.7500000e+02   2.7224090e+01   3.9158320e+00  -1.0970004e-01   5.9662555e-02   6.0220275e-03
   3.7600000e+02   2.7155630e+01   3.9152780e+00  -1.0964785e-01   5.9645562e-02   6.0142320e-03
   3.7700000e+02   2.7087540e+01   3.9147220e+00  -1.0959475e-01   5.9628019e-02   6.0063473e-03
   3.7800000e+02   2.7019830e+01   3.9141640e+00  -1.0954075e-01   5.9609911e-02   5.9983743e-03
   3.7900000e+02   2.6952490e+01   3.9136030e+00  -1.0948592e-01   5.9591284e-02   5.9903159e-03
   3.8000000e+02   2.6885520e+01   3.9130410e+00  -1.0943017e-01   5.9572090e-02   5.9821713e-03
   3.8100000e+02   2.6818920e+01   3.9124760e+00  -1.0937359e-01   5.9552387e-02   5.9739447e-03
   3.8200000e+02   2.6752680e+01   3.9119100e+00  -1.0931614e-01   5.9532136e-02   5.9656296e-03
   3.8300000e+02   2.6686800e+01   3.9113410e+00  -1.0925787e-01   5.9511385e-02   5.9572362e-03
   3.8400000e+02   2.6621280e+01   3.9107700e+00  -1.0919877e-01   5.9490125e-02   5.9487580e-03
   3.8500000e+02   2.6556110e+01   3.9101970e+00  -1.0913886e-01   5.9468365e-02   5.9401995e-03
   3.8600000e+02   2.6491300e+01   3.9096220e+00  -1.0907812e-01   5.9446088e-02   5.9315602e-03
   3.8700000e+02   2.6426840e+01   3.9090440e+00  -1.0901662e-01   5.9423348e-02   5.9228425e-03
   3.8800000e+02   2.6362720e+01   3.9084650e+00  -1.0895430e-01   5.9400109e-02   5.9140461e-03
   3.8900000e+02   2.6298950e+01   3.9078830e+00  -1.0889123e-01   5.9376404e-02   5.9051718e-03
   3.9000000e+02   2.6235520e+01   3.9073000e+00  -1.0882735e-01   5.9352205e-02   5.8962196e-03
   3.9100000e+02   2.6172430e+01   3.9067140e+00  -1.0876275e-01   5.9327561e-02   5.8871926e-03
   3.9200000e+02   2.6109680e+01   3.9061260e+00  -1.0869740e-01   5.9302463e-02   5.8780914e-03
   3.9300000e+02   2.6047270e+01   3.9055360e+00  -1.0863130e-01   5.9276902e-02   5.8689171e-03
   3.9400000e+02   2.5985180e+01   3.9049430e+00  -1.0856450e-01   5.9250928e-02   5.8596709e-03
   3.9500000e+02   2.5923430e+01   3.9043490e+00  -1.0849695e-01   5.9224482e-02   5.8503506e-03
   3.9600000e+02   2.5862000e+01   3.9037520e+00  -1.0842872e-01   5.9197635e-02   5.8409598e-03
   3.9700000e+02   2.5800890e+01   3.9031530e+00  -1.0835979e-01   5.9170367e-02   5.8314986e-03
   3.9800000e+02   2.5740110e+01   3.9025520e+00  -1.0829017e-01   5.9142668e-02   5.8219678e-03
   3.9900000e+02   2.5679650e+01   3.9019490e+00  -1.0821986e-01   5.9114552e-02   5.8123697e-03
   4.0000000e+02   2.5619510e+01   3.9013430e+00  -1.0814890e-01   5.9086050e-02   5.8027055e-03
   4.0100000e+02   2.5559680e+01   3.9007350e+00  -1.0807726e-01   5.9057142e-02   5.7929744e-03
   4.0200000e+02   2.5500170e+01   3.9001260e+00  -1.0800496e-01   5.9027822e-02   5.7831749e-03
   4.0300000e+02   2.5440960e+01   3.8995130e+00  -1.0793207e-01   5.8998163e-02   5.7733139e-03
   4.0400000e+02   2.5382060e+01   3.8988990e+00  -1.0785853e-01   5.8968111e-02   5.7633887e-03
   4.0500000e+02   2.5323470e+01   3.8982830e+00  -1.0778434e-01   5.8937664e-02   5.7533994e-03
   4.0600000e+02   2.5265190e+01   3.8976640e+00  -1.0770957e-01   5.8906868e-02   5.7433510e-03
   4.0700000e+02   2.5207200e+01   3.8970430e+00  -1.0763418e-01   5.8875712e-02   5.7332396e-03
   4.0800000e+02   2.5149520e+01   3.8964200e+00  -1.0755819e-01   5.8844190e-02   5.7230690e-03
   4.0900000e+02   2.5092130e+01   3.8957940e+00  -1.0748166e-01   5.8812354e-02   5.7128411e-03
   4.1000000e+02   2.5035040e+01   3.8951670e+00  -1.0740451e-01   5.8780143e-02   5.7025542e-03
   4.1100000e+02   2.4978240e+01   3.8945370e+00  -1.0732681e-01   5.8747609e-02   5.6922091e-03
   4.1200000e+02   2.4921730e+01   3.8939040e+00  -1.0724859e-01   5.8714778e-02   5.6818111e-03
   4.1300000e+02   2.4865510e+01   3.8932700e+00  -1.0716977e-01   5.8681583e-02   5.6713551e-03
   4.1400000e+02   2.4809580e+01   3.8926330e+00  -1.0709045e-01   5.8648097e-02   5.6608465e-03
   4.1500000e+02   2.4753930e+01   3.8919940e+00  -1.0701058e-01   5.8614289e-02   5.6502841e-03
   4.1600000e+02   2.4698570e+01   3.8913530e+00  -1.0693018e-01   5.8580165e-02   5.6396687e-03
   4.1700000e+02   2.4643490e+01   3.8907100e+00  -1.0684925e-01   5.8545729e-02   5.6290023e-03
   4.1800000e+02   2.4588680e+01   3.8900640e+00  -1.0676787e-01   5.8511040e-02   5.6182850e-03
   4.1900000e+02   2.4534150e+01   3.8894160e+00  -1.0668598e-01   5.8476057e-02   5.6075201e-03
   4.2000000e+02   2.4479900e+01   3.8887660e+00  -1.0660358e-01   5.8440766e-02   5.5967050e-03
   4.2100000e+02   2.4425920e+01   3.8881130e+00  -1.0652074e-01   5.8405230e-02   5.5858439e-03
   4.2200000e+02   2.4372210e+01   3.8874590e+00  -1.0643739e-01   5.8369395e-02   5.5749362e-03
   4.2300000e+02   2.4318780e+01   3.8868020e+00  -1.0635359e-01   5.8333295e-02   5.5639797e-03
   4.2400000e+02   2.4265600e+01   3.8861420e+00  -1.0626938e-01   5.8296978e-02   5.5529824e-03
   4.2500000e+02   2.4212700e+01   3.8854800e+00  -1.0618470e-01   5.8260378e-02   5.5419400e-03
   4.2600000e+02   2.4160060e+01   3.8848170e+00  -1.0609955e-01   5.8223511e-02   5.5308536e-03
   4.2700000e+02   2.4107670e+01   3.8841500e+00  -1.0601403e-01   5.8186450e-02   5.5197283e-03
   4.2800000e+02   2.4055550e+01   3.8834820e+00  -1.0592806e-01   5.8149118e-02   5.5085597e-03
   4.2900000e+02   2.4003690e+01   3.8828110e+00  -1.0584169e-01   5.8111564e-02   5.4973518e-03
   4.3000000e+02   2.3952090e+01   3.8821380e+00  -1.0575491e-01   5.8073775e-02   5.4861050e-03
   4.3100000e+02   2.3900740e+01   3.8814620e+00  -1.0566777e-01   5.8035788e-02   5.4748193e-03
   4.3200000e+02   2.3849640e+01   3.8807850e+00  -1.0558018e-01   5.7997552e-02   5.4634966e-03
   4.3300000e+02   2.3798790e+01   3.8801050e+00  -1.0549227e-01   5.7959137e-02   5.4521379e-03
   4.3400000e+02   2.3748200e+01   3.8794220e+00  -1.0540398e-01   5.7920507e-02   5.4407438e-03
   4.3500000e+02   2.3697850e+01   3.8787380e+00  -1.0531530e-01   5.7881667e-02   5.4293156e-03
   4.3600000e+02   2.3647750e+01   3.8780510e+00  -1.0522629e-01   5.7842637e-02   5.4178529e-03
   4.3700000e+02   2.3597890e+01   3.8773610e+00  -1.0513697e-01   5.7803452e-02   5.4063593e-03
   4.3800000e+02   2.3548270e+01   3.8766700e+00  -1.0504725e-01   5.7764046e-02   5.3948341e-03
   4.3900000e+02   2.3498900e+01   3.8759760e+00  -1.0495722e-01   5.7724465e-02   5.3832771e-03
   4.4000000e+02   2.3449770e+01   3.8752790e+00  -1.0486688e-01   5.7684726e-02   5.3716932e-03
   4.4100000e+02   2.3400870e+01   3.8745810e+00  -1.0477620e-01   5.7644798e-02   5.3600763e-03
   4.4200000e+02   2.3352210e+01   3.8738800e+00  -1.0468524e-01   5.7604724e-02   5.3484351e-03
   4.4300000e+02   2.3303790e+01   3.8731770e+00  -1.0459395e-01   5.7564464e-02   5.3367648e-03
   4.4400000e+02   2.3255600e+01   3.8724710e+00  -1.0450241e-01   5.7524087e-02   5.3250694e-03
   4.4500000e+02   2.3207640e+01   3.8717630e+00  -1.0441056e-01   5.7483541e-02   5.3133498e-03
   4.4600000e+02   2.3159910e+01   3.8710530e+00  -1.0431843e-01   5.7442847e-02   5.3016033e-03
   4.4700000e+02   2.3112410e+01   3.8703400e+00  -1.0422605e-01   5.7402032e-02   5.2898361e-03
   4.4800000e+02   2.3065140e+01   3.8696250e+00  -1.0413339e-01   5.7361068e-02   5.2780465e-03
   4.4900000e+02   2.3018090e+01   3.8689080e+00  -1.0404047e-01   5.7319977e-02   5.2662352e-03
   4.5000000e+02   2.2971270e+01   3.8681890e+00  -1.0394729e-01   5.7278738e-02   5.2544015e-03
   4.5100000e+02   2.2924670e+01   3.8674670e+00  -1.0385388e-01   5.7237401e-02   5.2425505e-03
   4.5200000e+02   2.2878300e+01   3.8667420e+00  -1.0376027e-01   5.7195954e-02   5.2306816e-03
   4.5300000e+02   2.2832140e+01   3.8660160e+00  -1.0366636e-01   5.7154366e-02   5.2187926e-03
   4.5400000e+02   2.2786200e+01   3.8652870e+00  -1.0357229e-01   5.7112705e-02   5.2068882e-03
   4.5500000e+02   2.2740480e+01   3.8645550e+00  -1.0347800e-01   5.7070933e-02   5.1949680e-03
   4.5600000e+02   2.2694970e+01   3.8638220e+00  -1.0338348e-01   5.7029048e-02   5.1830306e-03
   4.5700000e+02   2.2649680e+01   3.8630860e+00  -1.0328876e-01   5.6987070e-02   5.1710814e-03
   4.5800000e+02   2.2604600e+01   3.8623470e+00  -1.0319389e-01   5.6945034e-02   5.1591179e-03
   4.5900000e+02   2.2559730e+01   3.8616070e+00  -1.0309876e-01   5.6902870e-02   5.1471426e-03
   4.6000000e+02   2.2515070e+01   3.8608630e+00  -1.0300353e-01   5.6860670e-02   5.1351572e-03
   4.6100000e+02   2.2470630e+01   3.8601180e+00  -1.0290808e-01   5.6818352e-02   5.1231581e-03
   4.6200000e+02   2.2426390e+01   3.8593700e+00  -1.0281247e-01   5.6775978e-02   5.1111514e-03
   4.6300000e+02   2.2382350e+01   3.8586200e+00  -1.0271670e-01   5.6733537e-02   5.0991347e-03
   4.6400000e+02   2.2338520e+01   3.8578680e+00  -1.0262075e-01   5.6691015e-02   5.0871102e-03
   4.6500000e+02   2.2294900e+01   3.8571130e+00  -1.0252469e-01   5.6648451e-02   5.0750795e-03
   4.6600000e+02   2.2251470e+01   3.8563560e+00  -1.0242847e-01   5.6605829e-02   5.0630423e-03
   4.6700000e+02   2.2208250e+01   3.8555960e+00  -1.0233214e-01   5.6563160e-02   5.0509994e-03
   4.6800000e+02   2.2165230e+01   3.8548340e+00  -1.0223566e-01   5.6520435e-02   5.0389535e-03
   4.6900000e+02   2.2122400e+01   3.8540700e+00  -1.0213905e-01   5.6477665e-02   5.0269020e-03
   4.7000000e+02   2.2079780e+01   3.8533030e+00  -1.0204234e-01   5.6434857e-02   5.0148491e-03
   4.7100000e+02   2.2037350e+01   3.8525340e+00  -1.0194550e-01   5.6392007e-02   5.0027944e-03
   4.7200000e+02   2.1995110e+01   3.8517630e+00  -1.0184857e-01   5.6349136e-02   4.9907381e-03
   4.7300000e+02   2.1953070e+01   3.8509890e+00  -1.0175153e-01   5.6306228e-02   4.9786828e-03
   4.7400000e+02   2.1911220e+01   3.8502130e+00  -1.0165441e-01   5.6263298e-02   4.9666265e-03
   4.7500000e+02   2.1869560e+01   3.8494350e+00  -1.0155719e-01   5.6220337e-02   4.9545710e-03
   4.7600000e+02   2.1828090e+01   3.8486540e+00  -1.0145989e-01   5.6177371e-02   4.9425204e-03
   4.7700000e+02   2.1786810e+01   3.8478710e+00  -1.0136253e-01   5.6134392e-02   4.9304720e-03
   4.7800000e+02   2.1745720e+01   3.8470850e+00  -1.0126509e-01   5.6091398e-02   4.9184290e-03
   4.7900000e+02   2.1704810e+01   3.8462980e+00  -1.0116758e-01   5.6048393e-02   4.9063883e-03
   4.8000000e+02   2.1664090e+01   3.8455070e+00  -1.0107003e-01   5.6005401e-02   4.8943548e-03
   4.8100000e+02   2.1623550e+01   3.8447150e+00  -1.0097241e-01   5.5962394e-02   4.8823260e-03
   4.8200000e+02   2.1583200e+01   3.8439200e+00  -1.0087473e-01   5.5919385e-02   4.8703068e-03
   4.8300000e+02   2.1543030e+01   3.8431230e+00  -1.0077703e-01   5.5876393e-02   4.8582939e-03
   4.8400000e+02   2.1503040e+01   3.8423230e+00  -1.0067928e-01   5.5833410e-02   4.8462912e-03
   4.8500000e+02   2.1463230e+01   3.8415210e+00  -1.0058150e-01   5.5790442e-02   4.8342986e-03
   4.8600000e+02   2.1423590e+01   3.8407170e+00  -1.0048370e-01   5.5747495e-02   4.8223148e-03
   4.8700000e+02   2.1384140e+01   3.8399100e+00  -1.0038589e-01   5.5704572e-02   4.8103444e-03
   4.8800000e+02   2.1344860e+01   3.8391010e+00  -1.0028805e-01   5.5661666e-02   4.7983857e-03
   4.8900000e+02   2.1305760e+01   3.8382900e+00  -1.0019018e-01   5.5618773e-02   4.7864399e-03
   4.9000000e+02   2.1266830e+01   3.8374760e+00  -1.0009233e-01   5.5575927e-02   4.7745081e-03
   4.9100000e+02   2.1228080e+01   3.8366600e+00  -9.9994462e-02   5.5533103e-02   4.7625893e-03
   4.9200000e+02   2.1189490e+01   3.8358420e+00  -9.9896606e-02   5.5490326e-02   4.7506854e-03
   4.9300000e+02   2.1151080e+01   3.8350210e+00  -9.9798762e-02   5.5447587e-02   4.7387999e-03
   4.9400000e+02   2.1112840e+01   3.8341980e+00  -9.9700923e-02   5.5404883e-02   4.7269297e-03
   4.9500000e+02   2.1074770e+01   3.8333730e+00  -9.9603071e-02   5.5362206e-02   4.7150784e-03
   4.9600000e+02   2.1036860e+01   3.8325450e+00  -9.9505288e-02   5.5319614e-02   4.7032444e-03
   4.9700000e+02   2.0999120e+01   3.8317150e+00  -9.9407521e-02   5.5277060e-02   4.6914294e-03
   4.9800000e+02   2.0961550e+01   3.8308830e+00  -9.9309771e-02   5.5234548e-02   4.6796339e-03
   4.9900000e+02   2.0924150e+01   3.8300480e+00  -9.9212080e-02   5.5192103e-02   4.6678597e-03
   5.0000000e+02   2.0886910e+01   3.8292110e+00  -9.9114416e-02   5.5149712e-02   4.6561064e-03
   5.0100000e+02   2.0849830e+01   3.8283710e+00  -9.9016810e-02   5.5107398e-02   4.6443770e-03
   5.0200000e+02   2.0812910e+01   3.8275300e+00  -9.8919227e-02   5.5065131e-02   4.6326681e-03
   5.0300000e+02   2.0776160e+01   3.8266860e+00  -9.8821707e-02   5.5022929e-02   4.6209830e-03
   5.0400000e+02   2.0739560e+01   3.8258390e+00  -9.8724273e-02   5.4980825e-02   4.6093227e-03
   5.0500000e+02   2.0703130e+01   3.8249910e+00  -9.8626862e-02   5.4938755e-02   4.5976860e-03
   5.0600000e+02   2.0666850e+01   3.8241400e+00  -9.8529530e-02   5.4896784e-02   4.5860764e-03
   5.0700000e+02   2.0630730e+01   3.8232870e+00  -9.8432284e-02   5.4854891e-02   4.5744917e-03
   5.0800000e+02   2.0594770e+01   3.8224310e+00  -9.8335099e-02   5.4813070e-02   4.5629351e-03
   5.0900000e+02   2.0558960e+01   3.8215730e+00  -9.8237999e-02   5.4771343e-02   4.5514070e-03
   5.1000000e+02   2.0523310e+01   3.8207130e+00  -9.8140967e-02   5.4729682e-02   4.5399055e-03
   5.1100000e+02   2.0487810e+01   3.8198500e+00  -9.8044046e-02   5.4688134e-02   4.5284349e-03
   5.1200000e+02   2.0452460e+01   3.8189860e+00  -9.7947181e-02   5.4646649e-02   4.5169921e-03
   5.1300000e+02   2.0417270e+01   3.8181180e+00  -9.7850453e-02   5.4605281e-02   4.5055806e-03
   5.1400000e+02   2.0382230e+01   3.8172490e+00  -9.7753787e-02   5.4563985e-02   4.4942004e-03
   5.1500000e+02   2.0347330e+01   3.8163770e+00  -9.7657255e-02   5.4522815e-02   4.4828513e-03
   5.1600000e+02   2.0312590e+01   3.8155030e+00  -9.7560800e-02   5.4481719e-02   4.4715355e-03
   5.1700000e+02   2.0278000e+01   3.8146270e+00  -9.7464454e-02   5.4440718e-02   4.4602509e-03
   5.1800000e+02   2.0243550e+01   3.8137490e+00  -9.7368200e-02   5.4399819e-02   4.4490013e-03
   5.1900000e+02   2.0209250e+01   3.8128680e+00  -9.7272105e-02   5.4359046e-02   4.4377862e-03
   5.2000000e+02   2.0175090e+01   3.8119850e+00  -9.7176119e-02   5.4318380e-02   4.4266052e-03
   5.2100000e+02   2.0141090e+01   3.8110990e+00  -9.7080260e-02   5.4277818e-02   4.4154610e-03
   5.2200000e+02   2.0107220e+01   3.8102120e+00  -9.6984479e-02   5.4237344e-02   4.4043509e-03
   5.2300000e+02   2.0073500e+01   3.8093220e+00  -9.6888881e-02   5.4197013e-02   4.3932793e-03
   5.2400000e+02   2.0039920e+01   3.8084300e+00  -9.6793392e-02   5.4156787e-02   4.3822442e-03
   5.2500000e+02   2.0006490e+01   3.8075350e+00  -9.6698045e-02   5.4116676e-02   4.3712479e-03
   5.2600000e+02   1.9973190e+01   3.8066390e+00  -9.6602817e-02   5.4076676e-02   4.3602894e-03
   5.2700000e+02   1.9940040e+01   3.8057400e+00  -9.6507745e-02   5.4036802e-02   4.3493697e-03
   5.2800000e+02   1.9907020e+01   3.8048390e+00  -9.6412809e-02   5.3997050e-02   4.3384898e-03
   5.2900000e+02   1.9874140e+01   3.8039350e+00  -9.6318048e-02   5.3957443e-02   4.3276511e-03
   5.3000000e+02   1.9841400e+01   3.8030300e+00  -9.6223402e-02   5.3917931e-02   4.3168519e-03
   5.3100000e+02   1.9808800e+01   3.8021220e+00  -9.6128920e-02   5.3878556e-02   4.3060952e-03
   5.3200000e+02   1.9776330e+01   3.8012120e+00  -9.6034592e-02   5.3839314e-02   4.2953801e-03
   5.3300000e+02   1.9744000e+01   3.8002990e+00  -9.5940455e-02   5.3800219e-02   4.2847081e-03
   5.3400000e+02   1.9711810e+01   3.7993850e+00  -9.5846437e-02   5.3761222e-02   4.2740776e-03
   5.3500000e+02   1.9679750e+01   3.7984680e+00  -9.5752606e-02   5.3722378e-02   4.2634917e-03
   5.3600000e+02   1.9647820e+01   3.7975490e+00  -9.5658943e-02   5.3683675e-02   4.2529509e-03
   5.3700000e+02   1.9616020e+01   3.7966280e+00  -9.5565415e-02   5.3645092e-02   4.2424535e-03
   5.3800000e+02   1.9584360e+01   3.7957050e+00  -9.5472068e-02   5.3606642e-02   4.2320015e-03
   5.3900000e+02   1.9552830e+01   3.7947790e+00  -9.5378926e-02   5.3568351e-02   4.2215948e-03
   5.4000000e+02   1.9521420e+01   3.7938510e+00  -9.5285958e-02   5.3530211e-02   4.2112350e-03
   5.4100000e+02   1.9490150e+01   3.7929210e+00  -9.5193140e-02   5.3492187e-02   4.2009204e-03
   5.4200000e+02   1.9459010e+01   3.7919890e+00  -9.5100509e-02   5.3454304e-02   4.1906533e-03
   5.4300000e+02   1.9427990e+01   3.7910550e+00  -9.5008062e-02   5.3416576e-02   4.1804342e-03
   5.4400000e+02   1.9397100e+01   3.7901190e+00  -9.4915794e-02   5.3378988e-02   4.1702630e-03
   5.4500000e+02   1.9366340e+01   3.7891800e+00  -9.4823717e-02   5.3341549e-02   4.1601408e-03
   5.4600000e+02   1.9335700e+01   3.7882390e+00  -9.4731857e-02   5.3304279e-02   4.1500678e-03
   5.4700000e+02   1.9305190e+01   3.7872960e+00  -9.4640175e-02   5.3267146e-02   4.1400444e-03
   5.4800000e+02   1.9274800e+01   3.7863510e+00  -9.4548673e-02   5.3230158e-02   4.1300694e-03
   5.4900000e+02   1.9244540e+01   3.7854040e+00  -9.4457351e-02   5.3193308e-02   4.1201458e-03
   5.5000000e+02   1.9214400e+01   3.7844540e+00  -9.4366267e-02   5.3156641e-02   4.1102738e-03
   5.5100000e+02   1.9184390e+01   3.7835030e+00  -9.4275341e-02   5.3120090e-02   4.1004507e-03
   5.5200000e+02   1.9154490e+01   3.7825490e+00  -9.4184667e-02   5.3083740e-02   4.0906822e-03
   5.5300000e+02   1.9124720e+01   3.7815940e+00  -9.4094121e-02   5.3047487e-02   4.0809638e-03
   5.5400000e+02   1.9095060e+01   3.7806360e+00  -9.4003834e-02   5.3011437e-02   4.0712973e-03
   5.5500000e+02   1.9065530e+01   3.7796760e+00  -9.3913740e-02   5.2975525e-02   4.0616839e-03
   5.5600000e+02   1.9036120e+01   3.7787140e+00  -9.3823839e-02   5.2939764e-02   4.0521249e-03
   5.5700000e+02   1.9006820e+01   3.7777490e+00  -9.3734194e-02   5.2904200e-02   4.0426197e-03
   5.5800000e+02   1.8977640e+01   3.7767830e+00  -9.3644721e-02   5.2868767e-02   4.0331676e-03
   5.5900000e+02   1.8948580e+01   3.7758150e+00  -9.3555473e-02   5.2833499e-02   4.0237703e-03
   5.6000000e+02   1.8919640e+01   3.7748440e+00  -9.3466433e-02   5.2798388e-02   4.0144272e-03
   5.6100000e+02   1.8890810e+01   3.7738720e+00  -9.3377596e-02   5.2763435e-02   4.0051395e-03
   5.6200000e+02   1.8862100e+01   3.7728970e+00  -9.3288994e-02   5.2728655e-02   3.9959077e-03
   5.6300000e+02   1.8833500e+01   3.7719210e+00  -9.3200600e-02   5.2694029e-02   3.9867308e-03
   5.6400000e+02   1.8805020e+01   3.7709420e+00  -9.3112422e-02   5.2659566e-02   3.9776098e-03
   5.6500000e+02   1.8776650e+01   3.7699610e+00  -9.3024469e-02   5.2625273e-02   3.9685461e-03
   5.6600000e+02   1.8748390e+01   3.7689780e+00  -9.2936740e-02   5.2591151e-02   3.9595399e-03
   5.6700000e+02   1.8720240e+01   3.7679930e+00  -9.2849245e-02   5.2557201e-02   3.9505895e-03
   5.6800000e+02   1.8692210e+01   3.7670070e+00  -9.2761930e-02   5.2523381e-02   3.9416958e-03
   5.6900000e+02   1.8664290e+01   3.7660180e+00  -9.2674887e-02   5.2489759e-02   3.9328616e-03
   5.7000000e+02   1.8636470e+01   3.7650270e+00  -9.2588042e-02   5.2456298e-02   3.9240845e-03
   5.7100000e+02   1.8608770e+01   3.7640340e+00  -9.2501430e-02   5.2423000e-02   3.9153662e-03
   5.7200000e+02   1.8581180e+01   3.7630390e+00  -9.2415048e-02   5.2389866e-02   3.9067063e-03
   5.7300000e+02   1.8553690e+01   3.7620420e+00  -9.2328912e-02   5.2356922e-02   3.8981051e-03
   5.7400000e+02   1.8526320e+01   3.7610430e+00  -9.2242964e-02   5.2324110e-02   3.8895628e-03
   5.7500000e+02   1.8499050e+01   3.7600420e+00  -9.2157268e-02   5.2291489e-02   3.8810807e-03
   5.7600000e+02   1.8471890e+01   3.7590400e+00  -9.2071783e-02   5.2259014e-02   3.8726558e-03
   5.7700000e+02   1.8444830e+01   3.7580350e+00  -9.1986562e-02   5.2226741e-02   3.8642928e-03
   5.7800000e+02   1.8417880e+01   3.7570280e+00  -9.1901567e-02   5.2194633e-02   3.8559915e-03
   5.7900000e+02   1.8391040e+01   3.7560190e+00  -9.1816794e-02   5.2162677e-02   3.8477480e-03
   5.8000000e+02   1.8364300e+01   3.7550090e+00  -9.1732237e-02   5.2130883e-02   3.8395647e-03
   5.8100000e+02   1.8337660e+01   3.7539960e+00  -9.1647953e-02   5.2099293e-02   3.8314443e-03
   5.8200000e+02   1.8311130e+01   3.7529820e+00  -9.1563858e-02   5.2067837e-02   3.8233835e-03
   5.8300000e+02   1.8284700e+01   3.7519650e+00  -9.1480026e-02   5.2036574e-02   3.8153848e-03
   5.8400000e+02   1.8258370e+01   3.7509470e+00  -9.1396426e-02   5.2005475e-02   3.8074476e-03
   5.8500000e+02   1.8232150e+01   3.7499270e+00  -9.1313053e-02   5.1974534e-02   3.7995690e-03
   5.8600000e+02   1.8206020e+01   3.7489050e+00  -9.1229920e-02   5.1943780e-02   3.7917538e-03
   5.8700000e+02   1.8180000e+01   3.7478810e+00  -9.1147017e-02   5.1913184e-02   3.7840026e-03
   5.8800000e+02   1.8154080e+01   3.7468550e+00  -9.1064359e-02   5.1882762e-02   3.7763111e-03
   5.8900000e+02   1.8128250e+01   3.7458270e+00  -9.0981955e-02   5.1852531e-02   3.7686840e-03
   5.9000000e+02   1.8102530e+01   3.7447970e+00  -9.0899762e-02   5.1822448e-02   3.7611186e-03
   5.9100000e+02   1.8076900e+01   3.7437660e+00  -9.0817793e-02   5.1792529e-02   3.7536154e-03
   5.9200000e+02   1.8051380e+01   3.7427330e+00  -9.0736083e-02   5.1762780e-02   3.7461736e-03
   5.9300000e+02   1.8025950e+01   3.7416970e+00  -9.0654604e-02   5.1733216e-02   3.7387985e-03
   5.9400000e+02   1.8000610e+01   3.7406600e+00  -9.0573375e-02   5.1703827e-02   3.7314837e-03
   5.9500000e+02   1.7975380e+01   3.7396220e+00  -9.0492364e-02   5.1674576e-02   3.7242308e-03
   5.9600000e+02   1.7950240e+01   3.7385810e+00  -9.0411583e-02   5.1645509e-02   3.7170444e-03
   5.9700000e+02   1.7925190e+01   3.7375390e+00  -9.0331059e-02   5.1616619e-02   3.7099181e-03
   5.9800000e+02   1.7900250e+01   3.7364940e+00  -9.0250768e-02   5.1587888e-02   3.7028572e-03
   5.9900000e+02   1.7875390e+01   3.7354480e+00  -9.0170731e-02   5.1559345e-02   3.6958588e-03
   6.0000000e+02   1.7850630e+01   3.7344010e+00  -9.0090873e-02   5.1530926e-02   3.6889241e-03
   6.0100000e+02   1.7825960e+01   3.7333510e+00  -9.0011301e-02   5.1502714e-02   3.6820548e-03
   6.0200000e+02   1.7801390e+01   3.7323000e+00  -8.9931958e-02   5.1474655e-02   3.6752480e-03
   6.0300000e+02   1.7776910e+01   3.7312470e+00  -8.9852831e-02   5.1446753e-02   3.6685049e-03
   6.0400000e+02   1.7752520e+01   3.7301920e+00  -8.9773958e-02   5.1419035e-02   3.6618265e-03
   6.0500000e+02   1.7728220e+01   3.7291350e+00  -8.9695307e-02   5.1391478e-02   3.6552127e-03
   6.0600000e+02   1.7704020e+01   3.7280770e+00  -8.9616905e-02   5.1364077e-02   3.6486616e-03
   6.0700000e+02   1.7679900e+01   3.7270170e+00  -8.9538736e-02   5.1336856e-02   3.6421745e-03
   6.0800000e+02   1.7655870e+01   3.7259550e+00  -8.9460814e-02   5.1309810e-02   3.6357524e-03
   6.0900000e+02   1.7631940e+01   3.7248920e+00  -8.9383084e-02   5.1282888e-02   3.6293940e-03
   6.1000000e+02   1.7608090e+01   3.7238270e+00  -8.9305623e-02   5.1256161e-02   3.6230992e-03
   6.1100000e+02   1.7584340e+01   3.7227600e+00  -8.9228373e-02   5.1229575e-02   3.6168697e-03
   6.1200000e+02   1.7560670e+01   3.7216920e+00  -8.9151342e-02   5.1203149e-02   3.6107040e-03
   6.1300000e+02   1.7537080e+01   3.7206220e+00  -8.9074575e-02   5.1176913e-02   3.6046022e-03
   6.1400000e+02   1.7513590e+01   3.7195500e+00  -8.8998030e-02   5.1150824e-02   3.5985650e-03
   6.1500000e+02   1.7490180e+01   3.7184760e+00  -8.8921734e-02   5.1124914e-02   3.5925925e-03
   6.1600000e+02   1.7466860e+01   3.7174010e+00  -8.8845664e-02   5.1099154e-02   3.5866835e-03
   6.1700000e+02   1.7443630e+01   3.7163250e+00  -8.8769767e-02   5.1073516e-02   3.5808381e-03
   6.1800000e+02   1.7420480e+01   3.7152470e+00  -8.8694122e-02   5.1048057e-02   3.5750579e-03
   6.1900000e+02   1.7397420e+01   3.7141670e+00  -8.8618734e-02   5.1022770e-02   3.5693416e-03
   6.2000000e+02   1.7374440e+01   3.7130850e+00  -8.8543579e-02   5.0997650e-02   3.5636899e-03
   6.2100000e+02   1.7351540e+01   3.7120020e+00  -8.8468615e-02   5.0972670e-02   3.5581020e-03
   6.2200000e+02   1.7328730e+01   3.7109170e+00  -8.8393917e-02   5.0947865e-02   3.5525781e-03
   6.2300000e+02   1.7306010e+01   3.7098310e+00  -8.8319416e-02   5.0923187e-02   3.5471174e-03
   6.2400000e+02   1.7283360e+01   3.7087440e+00  -8.8245123e-02   5.0898667e-02   3.5417205e-03
   6.2500000e+02   1.7260800e+01   3.7076540e+00  -8.8171067e-02   5.0874312e-02   3.5363894e-03
   6.2600000e+02   1.7238320e+01   3.7065630e+00  -8.8097251e-02   5.0850114e-02   3.5311207e-03
   6.2700000e+02   1.7215920e+01   3.7054710e+00  -8.8023642e-02   5.0826063e-02   3.5259157e-03
   6.2800000e+02   1.7193610e+01   3.7043770e+00  -8.7950231e-02   5.0802144e-02   3.5207748e-03
   6.2900000e+02   1.7171370e+01   3.7032820e+00  -8.7877060e-02   5.0778395e-02   3.5156965e-03
   6.3000000e+02   1.7149220e+01   3.7021850e+00  -8.7804116e-02   5.0754792e-02   3.5106825e-03
   6.3100000e+02   1.7127140e+01   3.7010860e+00  -8.7731388e-02   5.0731352e-02   3.5057327e-03
   6.3200000e+02   1.7105150e+01   3.6999870e+00  -8.7658851e-02   5.0708027e-02   3.5008441e-03
   6.3300000e+02   1.7083230e+01   3.6988850e+00  -8.7586566e-02   5.0684890e-02   3.4960204e-03
   6.3400000e+02   1.7061390e+01   3.6977830e+00  -8.7514449e-02   5.0661863e-02   3.4912587e-03
   6.3500000e+02   1.7039630e+01   3.6966780e+00  -8.7442581e-02   5.0639009e-02   3.4865612e-03
   6.3600000e+02   1.7017950e+01   3.6955730e+00  -8.7370901e-02   5.0616276e-02   3.4819249e-03
   6.3700000e+02   1.6996350e+01   3.6944660e+00  -8.7299438e-02   5.0593687e-02   3.4773518e-03
   6.3800000e+02   1.6974820e+01   3.6933570e+00  -8.7228218e-02   5.0571272e-02   3.4728417e-03
   6.3900000e+02   1.6953370e+01   3.6922470e+00  -8.7157169e-02   5.0548976e-02   3.4683947e-03
   6.4000000e+02   1.6932000e+01   3.6911360e+00  -8.7086328e-02   5.0526811e-02   3.4640084e-03
   6.4100000e+02   1.6910710e+01   3.6900230e+00  -8.7015706e-02   5.0504792e-02   3.4596854e-03
   6.4200000e+02   1.6889480e+01   3.6889090e+00  -8.6945292e-02   5.0482929e-02   3.4554238e-03
   6.4300000e+02   1.6868340e+01   3.6877940e+00  -8.6875073e-02   5.0461181e-02   3.4512233e-03
   6.4400000e+02   1.6847270e+01   3.6866770e+00  -8.6805061e-02   5.0439582e-02   3.4470857e-03
   6.4500000e+02   1.6826270e+01   3.6855590e+00  -8.6735226e-02   5.0418109e-02   3.4430092e-03
   6.4600000e+02   1.6805350e+01   3.6844390e+00  -8.6665633e-02   5.0396790e-02   3.4389944e-03
   6.4700000e+02   1.6784500e+01   3.6833180e+00  -8.6596215e-02   5.0375595e-02   3.4350409e-03
   6.4800000e+02   1.6763730e+01   3.6821960e+00  -8.6526994e-02   5.0354522e-02   3.4311481e-03
   6.4900000e+02   1.6743020e+01   3.6810730e+00  -8.6457972e-02   5.0333595e-02   3.4273150e-03
   6.5000000e+02   1.6722400e+01   3.6799480e+00  -8.6389142e-02   5.0312781e-02   3.4235439e-03
   6.5100000e+02   1.6701840e+01   3.6788220e+00  -8.6320509e-02   5.0292114e-02   3.4198324e-03
   6.5200000e+02   1.6681350e+01   3.6776950e+00  -8.6252052e-02   5.0271565e-02   3.4161816e-03
   6.5300000e+02   1.6660940e+01   3.6765660e+00  -8.6183816e-02   5.0251155e-02   3.4125911e-03
   6.5400000e+02   1.6640600e+01   3.6754360e+00  -8.6115757e-02   5.0230862e-02   3.4090598e-03
   6.5500000e+02   1.6620330e+01   3.6743050e+00  -8.6047873e-02   5.0210689e-02   3.4055888e-03
   6.5600000e+02   1.6600120e+01   3.6731730e+00  -8.5980176e-02   5.0190654e-02   3.4021761e-03
   6.5700000e+02   1.6579990e+01   3.6720400e+00  -8.5912661e-02   5.0170722e-02   3.3988229e-03
   6.5800000e+02   1.6559930e+01   3.6709050e+00  -8.5845342e-02   5.0150927e-02   3.3955297e-03
   6.5900000e+02   1.6539940e+01   3.6697690e+00  -8.5778200e-02   5.0131245e-02   3.3922944e-03
   6.6000000e+02   1.6520020e+01   3.6686320e+00  -8.5711231e-02   5.0111678e-02   3.3891176e-03
   6.6100000e+02   1.6500160e+01   3.6674940e+00  -8.5644449e-02   5.0092243e-02   3.3859992e-03
   6.6200000e+02   1.6480380e+01   3.6663540e+00  -8.5577847e-02   5.0072917e-02   3.3829393e-03
   6.6300000e+02   1.6460660e+01   3.6652140e+00  -8.5511406e-02   5.0053703e-02   3.3799364e-03
   6.6400000e+02   1.6441010e+01   3.6640720e+00  -8.5445154e-02   5.0034612e-02   3.3769915e-03
   6.6500000e+02   1.6421430e+01   3.6629290e+00  -8.5379077e-02   5.0015631e-02   3.3741039e-03
   6.6600000e+02   1.6401910e+01   3.6617850e+00  -8.5313167e-02   4.9996769e-02   3.3712734e-03
   6.6700000e+02   1.6382460e+01   3.6606400e+00  -8.5247419e-02   4.9978010e-02   3.3684992e-03
   6.6800000e+02   1.6363080e+01   3.6594940e+00  -8.5181835e-02   4.9959352e-02   3.3657824e-03
   6.6900000e+02   1.6343760e+01   3.6583470e+00  -8.5116429e-02   4.9940815e-02   3.3631212e-03
   6.7000000e+02   1.6324510e+01   3.6571980e+00  -8.5051202e-02   4.9922395e-02   3.3605167e-03
   6.7100000e+02   1.6305330e+01   3.6560490e+00  -8.4986102e-02   4.9904050e-02   3.3579671e-03
   6.7200000e+02   1.6286200e+01   3.6548980e+00  -8.4921201e-02   4.9885854e-02   3.3554745e-03
   6.7300000e+02   1.6267150e+01   3.6537470e+00  -8.4856422e-02   4.9867713e-02   3.3530355e-03
   6.7400000e+02   1.6248160e+01   3.6525940e+00  -8.4791841e-02   4.9849711e-02   3.3506520e-03
   6.7500000e+02   1.6229230e+01   3.6514410e+00  -8.4727383e-02   4.9831790e-02   3.3483229e-03
   6.7600000e+02   1.6210360e+01   3.6502860e+00  -8.4663101e-02   4.9813992e-02   3.3460490e-03
   6.7700000e+02   1.6191560e+01   3.6491300e+00  -8.4598985e-02   4.9796290e-02   3.3438288e-03
   6.7800000e+02   1.6172830e+01   3.6479740e+00  -8.4534976e-02   4.9778645e-02   3.3416629e-03
   6.7900000e+02   1.6154150e+01   3.6468160e+00  -8.4471160e-02   4.9761143e-02   3.3395498e-03
   6.8000000e+02   1.6135540e+01   3.6456570e+00  -8.4407494e-02   4.9743727e-02   3.3374907e-03
   6.8100000e+02   1.6116990e+01   3.6444980e+00  -8.4343945e-02   4.9726386e-02   3.3354838e-03
   6.8200000e+02   1.6098500e+01   3.6433370e+00  -8.4280566e-02   4.9709160e-02   3.3335302e-03
   6.8300000e+02   1.6080070e+01   3.6421760e+00  -8.4217313e-02   4.9692012e-02   3.3316283e-03
   6.8400000e+02   1.6061710e+01   3.6410140e+00  -8.4154207e-02   4.9674945e-02   3.3297785e-03
   6.8500000e+02   1.6043400e+01   3.6398500e+00  -8.4091267e-02   4.9658002e-02   3.3279815e-03
   6.8600000e+02   1.6025160e+01   3.6386860e+00  -8.4028435e-02   4.9641113e-02   3.3262349e-03
   6.8700000e+02   1.6006980e+01   3.6375210e+00  -8.3965756e-02   4.9624318e-02   3.3245397e-03
   6.8800000e+02   1.5988850e+01   3.6363550e+00  -8.3903198e-02   4.9607615e-02   3.3228960e-03
   6.8900000e+02   1.5970790e+01   3.6351880e+00  -8.3840789e-02   4.9590993e-02   3.3213021e-03
   6.9000000e+02   1.5952780e+01   3.6340200e+00  -8.3778529e-02   4.9574473e-02   3.3197586e-03
   6.9100000e+02   1.5934840e+01   3.6328520e+00  -8.3716354e-02   4.9557992e-02   3.3182650e-03
   6.9200000e+02   1.5916950e+01   3.6316820e+00  -8.3654350e-02   4.9541633e-02   3.3168209e-03
   6.9300000e+02   1.5899120e+01   3.6305120e+00  -8.3592460e-02   4.9525337e-02   3.3154260e-03
   6.9400000e+02   1.5881350e+01   3.6293410e+00  -8.3530694e-02   4.9509118e-02   3.3140800e-03
   6.9500000e+02   1.5863640e+01   3.6281690e+00  -8.3469059e-02   4.9492976e-02   3.3127828e-03
   6.9600000e+02   1.5845980e+01   3.6269960e+00  -8.3407548e-02   4.9476923e-02   3.3115340e-03
   6.9700000e+02   1.5828390e+01   3.6258230e+00  -8.3346143e-02   4.9460914e-02   3.3103323e-03
   6.9800000e+02   1.5810850e+01   3.6246490e+00  -8.3284853e-02   4.9444985e-02   3.3091787e-03
   6.9900000e+02   1.5793360e+01   3.6234740e+00  -8.3223708e-02   4.9429154e-02   3.3080727e-03
   7.0000000e+02   1.5775940e+01   3.6222980e+00  -8.3162664e-02   4.9413369e-02   3.3070137e-03
   7.0100000e+02   1.5758570e+01   3.6211210e+00  -8.3101753e-02   4.9397673e-02   3.3060016e-03
   7.0200000e+02   1.5741250e+01   3.6199440e+00  -8.3040920e-02   4.9382031e-02   3.3050353e-03
   7.0300000e+02   1.5723990e+01   3.6187660e+00  -8.2980227e-02   4.9366465e-02   3.3041148e-03
   7.0400000e+02   1.5706790e+01   3.6175870e+00  -8.2919643e-02   4.9350960e-02   3.3032403e-03
   7.0500000e+02   1.5689640e+01   3.6164080e+00  -8.2859137e-02   4.9335506e-02   3.3024111e-03
   7.0600000e+02   1.5672550e+01   3.6152280e+00  -8.2798756e-02   4.9320119e-02   3.3016259e-03
   7.0700000e+02   1.5655510e+01   3.6140470e+00  -8.2738491e-02   4.9304809e-02   3.3008860e-03
   7.0800000e+02   1.5638530e+01   3.6128650e+00  -8.2678327e-02   4.9289554e-02   3.3001910e-03
   7.0900000e+02   1.5621600e+01   3.6116830e+00  -8.2618253e-02   4.9274353e-02   3.2995393e-03
   7.1000000e+02   1.5604720e+01   3.6105000e+00  -8.2558300e-02   4.9259226e-02   3.2989316e-03
   7.1100000e+02   1.5587900e+01   3.6093170e+00  -8.2498410e-02   4.9244128e-02   3.2983662e-03
   7.1200000e+02   1.5571130e+01   3.6081330e+00  -8.2438643e-02   4.9229102e-02   3.2978439e-03
   7.1300000e+02   1.5554410e+01   3.6069480e+00  -8.2378968e-02   4.9214137e-02   3.2973650e-03
   7.1400000e+02   1.5537750e+01   3.6057630e+00  -8.2319378e-02   4.9199210e-02   3.2969276e-03
   7.1500000e+02   1.5521140e+01   3.6045770e+00  -8.2259893e-02   4.9184345e-02   3.2965313e-03
   7.1600000e+02   1.5504580e+01   3.6033900e+00  -8.2200506e-02   4.9169541e-02   3.2961776e-03
   7.1700000e+02   1.5488070e+01   3.6022030e+00  -8.2141189e-02   4.9154776e-02   3.2958651e-03
   7.1800000e+02   1.5471620e+01   3.6010150e+00  -8.2081971e-02   4.9140059e-02   3.2955932e-03
   7.1900000e+02   1.5455210e+01   3.5998270e+00  -8.2022834e-02   4.9125395e-02   3.2953611e-03
   7.2000000e+02   1.5438860e+01   3.5986380e+00  -8.1963777e-02   4.9110769e-02   3.2951704e-03
   7.2100000e+02   1.5422560e+01   3.5974490e+00  -8.1904795e-02   4.9096181e-02   3.2950182e-03
   7.2200000e+02   1.5406310e+01   3.5962590e+00  -8.1845911e-02   4.9081651e-02   3.2949056e-03
   7.2300000e+02   1.5390110e+01   3.5950690e+00  -8.1787094e-02   4.9067150e-02   3.2948316e-03
   7.2400000e+02   1.5373960e+01   3.5938780e+00  -8.1728359e-02   4.9052700e-02   3.2947969e-03
   7.2500000e+02   1.5357860e+01   3.5926870e+00  -8.1669702e-02   4.9038285e-02   3.2948001e-03
   7.2600000e+02   1.5341810e+01   3.5914950e+00  -8.1611117e-02   4.9023914e-02   3.2948413e-03
   7.2700000e+02   1.5325810e+01   3.5903020e+00  -8.1552633e-02   4.9009595e-02   3.2949206e-03
   7.2800000e+02   1.5309860e+01   3.5891100e+00  -8.1494178e-02   4.8995281e-02   3.2950364e-03
   7.2900000e+02   1.5293960e+01   3.5879160e+00  -8.1435820e-02   4.8981026e-02   3.2951901e-03
   7.3000000e+02   1.5278100e+01   3.5867230e+00  -8.1377520e-02   4.8966801e-02   3.2953789e-03
   7.3100000e+02   1.5262300e+01   3.5855290e+00  -8.1319278e-02   4.8952594e-02   3.2956050e-03
   7.3200000e+02   1.5246540e+01   3.5843340e+00  -8.1261129e-02   4.8938448e-02   3.2958667e-03
   7.3300000e+02   1.5230830e+01   3.5831390e+00  -8.1203038e-02   4.8924323e-02   3.2961641e-03
   7.3400000e+02   1.5215170e+01   3.5819440e+00  -8.1144986e-02   4.8910209e-02   3.2964956e-03
   7.3500000e+02   1.5199560e+01   3.5807480e+00  -8.1087010e-02   4.8896137e-02   3.2968631e-03
   7.3600000e+02   1.5184000e+01   3.5795520e+00  -8.1029095e-02   4.8882082e-02   3.2972639e-03
   7.3700000e+02   1.5168480e+01   3.5783550e+00  -8.0971254e-02   4.8868078e-02   3.2977000e-03
   7.3800000e+02   1.5153010e+01   3.5771580e+00  -8.0913450e-02   4.8854083e-02   3.2981689e-03
   7.3900000e+02   1.5137580e+01   3.5759610e+00  -8.0855706e-02   4.8840120e-02   3.2986714e-03
   7.4000000e+02   1.5122210e+01   3.5747630e+00  -8.0798021e-02   4.8826169e-02   3.2992068e-03
   7.4100000e+02   1.5106870e+01   3.5735650e+00  -8.0740396e-02   4.8812264e-02   3.2997746e-03
   7.4200000e+02   1.5091590e+01   3.5723670e+00  -8.0682802e-02   4.8798348e-02   3.3003753e-03
   7.4300000e+02   1.5076350e+01   3.5711680e+00  -8.0625280e-02   4.8784478e-02   3.3010071e-03
   7.4400000e+02   1.5061160e+01   3.5699690e+00  -8.0567792e-02   4.8770607e-02   3.3016711e-03
   7.4500000e+02   1.5046010e+01   3.5687700e+00  -8.0510349e-02   4.8756762e-02   3.3023657e-03
   7.4600000e+02   1.5030900e+01   3.5675700e+00  -8.0452968e-02   4.8742953e-02   3.3030924e-03
   7.4700000e+02   1.5015850e+01   3.5663710e+00  -8.0395613e-02   4.8729119e-02   3.3038477e-03
   7.4800000e+02   1.5000830e+01   3.5651700e+00  -8.0338336e-02   4.8715352e-02   3.3046351e-03
   7.4900000e+02   1.4985860e+01   3.5639700e+00  -8.0281053e-02   4.8701558e-02   3.3054510e-03
   7.5000000e+02   1.4970940e+01   3.5627700e+00  -8.0223828e-02   4.8687773e-02   3.3062959e-03
   7.5100000e+02   1.4956060e+01   3.5615690e+00  -8.0166649e-02   4.8674017e-02   3.3071710e-03
   7.5200000e+02   1.4941220e+01   3.5603680e+00  -8.0109505e-02   4.8660272e-02   3.3080746e-03
   7.5300000e+02   1.4926430e+01   3.5591660e+00  -8.0052416e-02   4.8646546e-02   3.3090073e-03
   7.5400000e+02   1.4911680e+01   3.5579650e+00  -7.9995324e-02   4.8632803e-02   3.3099673e-03
   7.5500000e+02   1.4896970e+01   3.5567630e+00  -7.9938300e-02   4.8619096e-02   3.3109551e-03
   7.5600000e+02   1.4882310e+01   3.5555610e+00  -7.9881303e-02   4.8605380e-02   3.3119700e-03
   7.5700000e+02   1.4867690e+01   3.5543590e+00  -7.9824322e-02   4.8591667e-02   3.3130123e-03
   7.5800000e+02   1.4853110e+01   3.5531570e+00  -7.9767384e-02   4.8577966e-02   3.3140814e-03
   7.5900000e+02   1.4838580e+01   3.5519540e+00  -7.9710472e-02   4.8564262e-02   3.3151771e-03
   7.6000000e+02   1.4824090e+01   3.5507520e+00  -7.9653580e-02   4.8550552e-02   3.3162974e-03
   7.6100000e+02   1.4809640e+01   3.5495490e+00  -7.9596732e-02   4.8536862e-02   3.3174445e-03
   7.6200000e+02   1.4795230e+01   3.5483460e+00  -7.9539893e-02   4.8523167e-02   3.3186172e-03
   7.6300000e+02   1.4780860e+01   3.5471430e+00  -7.9483087e-02   4.8509477e-02   3.3198141e-03
   7.6400000e+02   1.4766540e+01   3.5459400e+00  -7.9426313e-02   4.8495777e-02   3.3210353e-03
   7.6500000e+02   1.4752250e+01   3.5447360e+00  -7.9369568e-02   4.8482103e-02   3.3222823e-03
   7.6600000e+02   1.4738010e+01   3.5435330e+00  -7.9312811e-02   4.8468386e-02   3.3235525e-03
   7.6700000e+02   1.4723810e+01   3.5423290e+00  -7.9256103e-02   4.8454691e-02   3.3248462e-03
   7.6800000e+02   1.4709650e+01   3.5411260e+00  -7.9199389e-02   4.8440969e-02   3.3261629e-03
   7.6900000e+02   1.4695530e+01   3.5399220e+00  -7.9142708e-02   4.8427259e-02   3.3275033e-03
   7.7000000e+02   1.4681450e+01   3.5387180e+00  -7.9086054e-02   4.8413548e-02   3.3288663e-03
   7.7100000e+02   1.4667410e+01   3.5375140e+00  -7.9029412e-02   4.8399825e-02   3.3302512e-03
   7.7200000e+02   1.4653410e+01   3.5363110e+00  -7.8972749e-02   4.8386073e-02   3.3316576e-03
   7.7300000e+02   1.4639450e+01   3.5351070e+00  -7.8916117e-02   4.8372324e-02   3.3330863e-03
   7.7400000e+02   1.4625520e+01   3.5339030e+00  -7.8859509e-02   4.8358587e-02   3.3345361e-03
   7.7500000e+02   1.4611640e+01   3.5326990e+00  -7.8802907e-02   4.8344820e-02   3.3360075e-03
   7.7600000e+02   1.4597800e+01   3.5314950e+00  -7.8746317e-02   4.8331039e-02   3.3374991e-03
   7.7700000e+02   1.4584000e+01   3.5302910e+00  -7.8689728e-02   4.8317243e-02   3.3390109e-03
   7.7800000e+02   1.4570230e+01   3.5290870e+00  -7.8633160e-02   4.8303453e-02   3.3405430e-03
   7.7900000e+02   1.4556510e+01   3.5278830e+00  -7.8576593e-02   4.8289630e-02   3.3420948e-03
   7.8000000e+02   1.4542820e+01   3.5266790e+00  -7.8520035e-02   4.8275804e-02   3.3436656e-03
   7.8100000e+02   1.4529170e+01   3.5254750e+00  -7.8463475e-02   4.8261960e-02   3.3452559e-03
   7.8200000e+02   1.4515560e+01   3.5242710e+00  -7.8406929e-02   4.8248101e-02   3.3468647e-03
   7.8300000e+02   1.4501990e+01   3.5230670e+00  -7.8350378e-02   4.8234216e-02   3.3484924e-03
   7.8400000e+02   1.4488450e+01   3.5218630e+00  -7.8293834e-02   4.8220329e-02   3.3501379e-03
   7.8500000e+02   1.4474960e+01   3.5206590e+00  -7.8237282e-02   4.8206402e-02   3.3518019e-03
   7.8600000e+02   1.4461500e+01   3.5194550e+00  -7.8180744e-02   4.8192472e-02   3.3534826e-03
   7.8700000e+02   1.4448080e+01   3.5182520e+00  -7.8124186e-02   4.8178501e-02   3.3551803e-03
   7.8800000e+02   1.4434690e+01   3.5170480e+00  -7.8067638e-02   4.8164535e-02   3.3568956e-03
   7.8900000e+02   1.4421340e+01   3.5158450e+00  -7.8011077e-02   4.8150529e-02   3.3586266e-03
   7.9000000e+02   1.4408030e+01   3.5146410e+00  -7.7954538e-02   4.8136517e-02   3.3603753e-03
   7.9100000e+02   1.4394760e+01   3.5134380e+00  -7.7897968e-02   4.8122457e-02   3.3621390e-03
   7.9200000e+02   1.4381520e+01   3.5122350e+00  -7.7841399e-02   4.8108386e-02   3.3639184e-03
   7.9300000e+02   1.4368310e+01   3.5110310e+00  -7.7784851e-02   4.8094321e-02   3.3657138e-03
   7.9400000e+02   1.4355150e+01   3.5098280e+00  -7.7728283e-02   4.8080199e-02   3.3675238e-03
   7.9500000e+02   1.4342020e+01   3.5086260e+00  -7.7671674e-02   4.8066034e-02   3.3693479e-03
   7.9600000e+02   1.4328920e+01   3.5074230e+00  -7.7615088e-02   4.8051876e-02   3.3711871e-03
   7.9700000e+02   1.4315860e+01   3.5062200e+00  -7.7558499e-02   4.8037689e-02   3.3730411e-03
   7.9800000e+02   1.4302840e+01   3.5050180e+00  -7.7501870e-02   4.8023447e-02   3.3749082e-03
   7.9900000e+02   1.4289850e+01   3.5038160e+00  -7.7445234e-02   4.8009185e-02   3.3767889e-03
   8.0000000e+02   1.4276900e+01   3.5026140e+00  -7.7388610e-02   4.7994899e-02   3.3786834e-03
   8.0100000e+02   1.4263980e+01   3.5014120e+00  -7.7331952e-02   4.7980582e-02   3.3805912e-03
   8.0200000e+02   1.4251100e+01   3.5002100e+00  -7.7275296e-02   4.7966236e-02   3.3825116e-03
   8.0300000e+02   1.4238250e+01   3.4990080e+00  -7.7218639e-02   4.7951873e-02   3.3844446e-03
   8.0400000e+02   1.4225440e+01   3.4978070e+00  -7.7161934e-02   4.7937447e-02   3.3863896e-03
   8.0500000e+02   1.4212660e+01   3.4966060e+00  -7.7105238e-02   4.7923008e-02   3.3883457e-03
   8.0600000e+02   1.4199910e+01   3.4954050e+00  -7.7048517e-02   4.7908538e-02   3.3903145e-03
   8.0700000e+02   1.4187200e+01   3.4942040e+00  -7.6991785e-02   4.7894032e-02   3.3922947e-03
   8.0800000e+02   1.4174520e+01   3.4930040e+00  -7.6935021e-02   4.7879485e-02   3.3942852e-03
   8.0900000e+02   1.4161880e+01   3.4918040e+00  -7.6878244e-02   4.7864896e-02   3.3962867e-03
   8.1000000e+02   1.4149270e+01   3.4906040e+00  -7.6821438e-02   4.7850276e-02   3.3982992e-03
   8.1100000e+02   1.4136690e+01   3.4894040e+00  -7.6764640e-02   4.7835636e-02   3.4003216e-03
   8.1200000e+02   1.4124150e+01   3.4882040e+00  -7.6707809e-02   4.7820947e-02   3.4023550e-03
   8.1300000e+02   1.4111630e+01   3.4870050e+00  -7.6650971e-02   4.7806242e-02   3.4043972e-03
   8.1400000e+02   1.4099160e+01   3.4858060e+00  -7.6594085e-02   4.7791463e-02   3.4064490e-03
   8.1500000e+02   1.4086710e+01   3.4846080e+00  -7.6537186e-02   4.7776662e-02   3.4085091e-03
   8.1600000e+02   1.4074300e+01   3.4834090e+00  -7.6480278e-02   4.7761829e-02   3.4105801e-03
   8.1700000e+02   1.4061920e+01   3.4822110e+00  -7.6423326e-02   4.7746943e-02   3.4126582e-03
   8.1800000e+02   1.4049570e+01   3.4810130e+00  -7.6366364e-02   4.7732030e-02   3.4147460e-03
   8.1900000e+02   1.4037260e+01   3.4798160e+00  -7.6309360e-02   4.7717051e-02   3.4168403e-03
   8.2000000e+02   1.4024970e+01   3.4786190e+00  -7.6252347e-02   4.7702060e-02   3.4189439e-03
   8.2100000e+02   1.4012720e+01   3.4774220e+00  -7.6195305e-02   4.7687013e-02   3.4210547e-03
   8.2200000e+02   1.4000500e+01   3.4762250e+00  -7.6138256e-02   4.7671944e-02   3.4231736e-03
   8.2300000e+02   1.3988320e+01   3.4750290e+00  -7.6081158e-02   4.7656799e-02   3.4252991e-03
   8.2400000e+02   1.3976160e+01   3.4738330e+00  -7.6024036e-02   4.7641634e-02   3.4274313e-03
   8.2500000e+02   1.3964040e+01   3.4726370e+00  -7.5966908e-02   4.7626426e-02   3.4295715e-03
   8.2600000e+02   1.3951940e+01   3.4714420e+00  -7.5909735e-02   4.7611176e-02   3.4317170e-03
   8.2700000e+02   1.3939880e+01   3.4702470e+00  -7.5852540e-02   4.7595876e-02   3.4338691e-03
   8.2800000e+02   1.3927850e+01   3.4690530e+00  -7.5795276e-02   4.7580505e-02   3.4360263e-03
   8.2900000e+02   1.3915850e+01   3.4678590e+00  -7.5738018e-02   4.7565112e-02   3.4381899e-03
   8.3000000e+02   1.3903880e+01   3.4666650e+00  -7.5680741e-02   4.7549683e-02   3.4403598e-03
   8.3100000e+02   1.3891940e+01   3.4654720e+00  -7.5623405e-02   4.7534188e-02   3.4425327e-03
   8.3200000e+02   1.3880030e+01   3.4642790e+00  -7.5566068e-02   4.7518667e-02   3.4447126e-03
   8.3300000e+02   1.3868150e+01   3.4630860e+00  -7.5508682e-02   4.7503092e-02   3.4468975e-03
   8.3400000e+02   1.3856300e+01   3.4618940e+00  -7.5451267e-02   4.7487465e-02   3.4490859e-03
   8.3500000e+02   1.3844490e+01   3.4607020e+00  -7.5393833e-02   4.7471788e-02   3.4512795e-03
   8.3600000e+02   1.3832700e+01   3.4595100e+00  -7.5336370e-02   4.7456082e-02   3.4534771e-03
   8.3700000e+02   1.3820940e+01   3.4583190e+00  -7.5278845e-02   4.7440306e-02   3.4556785e-03
   8.3800000e+02   1.3809210e+01   3.4571290e+00  -7.5221301e-02   4.7424482e-02   3.4578829e-03
   8.3900000e+02   1.3797510e+01   3.4559390e+00  -7.5163722e-02   4.7408611e-02   3.4600911e-03
   8.4000000e+02   1.3785840e+01   3.4547490e+00  -7.5106104e-02   4.7392691e-02   3.4623032e-03
   8.4100000e+02   1.3774200e+01   3.4535600e+00  -7.5048463e-02   4.7376721e-02   3.4645172e-03
   8.4200000e+02   1.3762590e+01   3.4523710e+00  -7.4990800e-02   4.7360708e-02   3.4667350e-03
   8.4300000e+02   1.3751010e+01   3.4511830e+00  -7.4933060e-02   4.7344619e-02   3.4689541e-03
   8.4400000e+02   1.3739450e+01   3.4499950e+00  -7.4875327e-02   4.7328514e-02   3.4711771e-03
   8.4500000e+02   1.3727930e+01   3.4488070e+00  -7.4817549e-02   4.7312342e-02   3.4734028e-03
   8.4600000e+02   1.3716430e+01   3.4476200e+00  -7.4759738e-02   4.7296125e-02   3.4756288e-03
   8.4700000e+02   1.3704960e+01   3.4464340e+00  -7.4701863e-02   4.7279838e-02   3.4778570e-03
   8.4800000e+02   1.3693520e+01   3.4452470e+00  -7.4643990e-02   4.7263528e-02   3.4800882e-03
   8.4900000e+02   1.3682110e+01   3.4440620e+00  -7.4586066e-02   4.7247140e-02   3.4823188e-03
   8.5000000e+02   1.3670730e+01   3.4428770e+00  -7.4528095e-02   4.7230696e-02   3.4845519e-03
   8.5100000e+02   1.3659370e+01   3.4416920e+00  -7.4470102e-02   4.7214223e-02   3.4867860e-03
   8.5200000e+02   1.3648050e+01   3.4405080e+00  -7.4412052e-02   4.7197662e-02   3.4890195e-03
   8.5300000e+02   1.3636750e+01   3.4393240e+00  -7.4353979e-02   4.7181072e-02   3.4912552e-03
   8.5400000e+02   1.3625480e+01   3.4381410e+00  -7.4295869e-02   4.7164419e-02   3.4934903e-03
   8.5500000e+02   1.3614230e+01   3.4369590e+00  -7.4237712e-02   4.7147715e-02   3.4957252e-03
   8.5600000e+02   1.3603020e+01   3.4357770e+00  -7.4179519e-02   4.7130943e-02   3.4979606e-03
   8.5700000e+02   1.3591830e+01   3.4345950e+00  -7.4121310e-02   4.7114141e-02   3.5001962e-03
   8.5800000e+02   1.3580660e+01   3.4334140e+00  -7.4063053e-02   4.7097287e-02   3.5024311e-03
   8.5900000e+02   1.3569530e+01   3.4322330e+00  -7.4004750e-02   4.7080358e-02   3.5046665e-03
   8.6000000e+02   1.3558420e+01   3.4310530e+00  -7.3946423e-02   4.7063387e-02   3.5069003e-03
   8.6100000e+02   1.3547340e+01   3.4298740e+00  -7.3888019e-02   4.7046332e-02   3.5091325e-03
   8.6200000e+02   1.3536290e+01   3.4286950e+00  -7.3829606e-02   4.7029238e-02   3.5113653e-03
   8.6300000e+02   1.3525260e+01   3.4275170e+00  -7.3771129e-02   4.7012078e-02   3.5135944e-03
   8.6400000e+02   1.3514260e+01   3.4263390e+00  -7.3712642e-02   4.6994877e-02   3.5158240e-03
   8.6500000e+02   1.3503280e+01   3.4251620e+00  -7.3654103e-02   4.6977618e-02   3.5180511e-03
   8.6600000e+02   1.3492330e+01   3.4239850e+00  -7.3595526e-02   4.6960302e-02   3.5202779e-03
   8.6700000e+02   1.3481410e+01   3.4228090e+00  -7.3536923e-02   4.6942927e-02   3.5225018e-03
   8.6800000e+02   1.3470510e+01   3.4216330e+00  -7.3478273e-02   4.6925503e-02   3.5247240e-03
   8.6900000e+02   1.3459640e+01   3.4204580e+00  -7.3419567e-02   4.6908005e-02   3.5269428e-03
   8.7000000e+02   1.3448800e+01   3.4192840e+00  -7.3360834e-02   4.6890445e-02   3.5291601e-03
   8.7100000e+02   1.3437980e+01   3.4181100e+00  -7.3302047e-02   4.6872834e-02   3.5313745e-03
   8.7200000e+02   1.3427190e+01   3.4169370e+00  -7.3243241e-02   4.6855165e-02   3.5335861e-03
   8.7300000e+02   1.3416420e+01   3.4157640e+00  -7.3184387e-02   4.6837446e-02   3.5357952e-03
   8.7400000e+02   1.3405680e+01   3.4145920e+00  -7.3125493e-02   4.6819660e-02   3.5380008e-03
   8.7500000e+02   1.3394960e+01   3.4134210e+00  -7.3066540e-02   4.6801811e-02   3.5402030e-03
   8.7600000e+02   1.3384270e+01   3.4122500e+00  -7.3007575e-02   4.6783914e-02   3.5424025e-03
   8.7700000e+02   1.3373600e+01   3.4110800e+00  -7.2948554e-02   4.6765953e-02   3.5445977e-03
   8.7800000e+02   1.3362960e+01   3.4099100e+00  -7.2889500e-02   4.6747936e-02   3.5467893e-03
   8.7900000e+02   1.3352350e+01   3.4087410e+00  -7.2830393e-02   4.6729841e-02   3.5489780e-03
   8.8000000e+02   1.3341750e+01   3.4075730e+00  -7.2771264e-02   4.6711715e-02   3.5511614e-03
   8.8100000e+02   1.3331190e+01   3.4064050e+00  -7.2712085e-02   4.6693510e-02   3.5533410e-03
   8.8200000e+02   1.3320640e+01   3.4052380e+00  -7.2652857e-02   4.6675256e-02   3.5555170e-03
   8.8300000e+02   1.3310130e+01   3.4040720e+00  -7.2593574e-02   4.6656909e-02   3.5576875e-03
   8.8400000e+02   1.3299630e+01   3.4029060e+00  -7.2534292e-02   4.6638552e-02   3.5598547e-03
   8.8500000e+02   1.3289160e+01   3.4017410e+00  -7.2474945e-02   4.6620109e-02   3.5620164e-03
   8.8600000e+02   1.3278720e+01   3.4005760e+00  -7.2415580e-02   4.6601614e-02   3.5641743e-03
   8.8700000e+02   1.3268300e+01   3.3994120e+00  -7.2356165e-02   4.6583059e-02   3.5663261e-03
   8.8800000e+02   1.3257900e+01   3.3982490e+00  -7.2296687e-02   4.6564432e-02   3.5684728e-03
   8.8900000e+02   1.3247530e+01   3.3970870e+00  -7.2237169e-02   4.6545734e-02   3.5706139e-03
   8.9000000e+02   1.3237180e+01   3.3959250e+00  -7.2177622e-02   4.6526994e-02   3.5727502e-03
   8.9100000e+02   1.3226860e+01   3.3947640e+00  -7.2118030e-02   4.6508177e-02   3.5748808e-03
   8.9200000e+02   1.3216550e+01   3.3936030e+00  -7.2058429e-02   4.6489341e-02   3.5770065e-03
   8.9300000e+02   1.3206280e+01   3.3924430e+00  -7.1998755e-02   4.6470400e-02   3.5791258e-03
   8.9400000e+02   1.3196020e+01   3.3912840e+00  -7.1939041e-02   4.6451415e-02   3.5812393e-03
   8.9500000e+02   1.3185790e+01   3.3901250e+00  -7.1879326e-02   4.6432387e-02   3.5833471e-03
   8.9600000e+02   1.3175580e+01   3.3889670e+00  -7.1819534e-02   4.6413280e-02   3.5854487e-03
   8.9700000e+02   1.3165400e+01   3.3878100e+00  -7.1759706e-02   4.6394100e-02   3.5875437e-03
   8.9800000e+02   1.3155230e+01   3.3866540e+00  -7.1699838e-02   4.6374875e-02   3.5896315e-03
   8.9900000e+02   1.3145100e+01   3.3854980e+00  -7.1639925e-02   4.6355568e-02   3.5917142e-03
   9.0000000e+02   1.3134980e+01   3.3843430e+00  -7.1579987e-02   4.6336223e-02   3.5937893e-03
   9.0100000e+02   1.3124890e+01   3.3831880e+00  -7.1520005e-02   4.6316810e-02   3.5958592e-03
   9.0200000e+02   1.3114820e+01   3.3820350e+00  -7.1459993e-02   4.6297333e-02   3.5979208e-03
   9.0300000e+02   1.3104770e+01   3.3808820e+00  -7.1399921e-02   4.6277796e-02   3.5999755e-03
   9.0400000e+02   1.3094740e+01   3.3797290e+00  -7.1339830e-02   4.6258213e-02   3.6020238e-03
   9.0500000e+02   1.3084740e+01   3.3785780e+00  -7.1279686e-02   4.6238542e-02   3.6040650e-03
   9.0600000e+02   1.3074760e+01   3.3774270e+00  -7.1219509e-02   4.6218821e-02   3.6060978e-03
   9.0700000e+02   1.3064800e+01   3.3762770e+00  -7.1159287e-02   4.6199039e-02   3.6081248e-03
   9.0800000e+02   1.3054870e+01   3.3751270e+00  -7.1099032e-02   4.6179189e-02   3.6101432e-03
   9.0900000e+02   1.3044950e+01   3.3739790e+00  -7.1038743e-02   4.6159290e-02   3.6121536e-03
   9.1000000e+02   1.3035060e+01   3.3728310e+00  -7.0978401e-02   4.6139315e-02   3.6141574e-03
   9.1100000e+02   1.3025190e+01   3.3716830e+00  -7.0918047e-02   4.6119302e-02   3.6161536e-03
   9.1200000e+02   1.3015340e+01   3.3705370e+00  -7.0857628e-02   4.6099202e-02   3.6181404e-03
   9.1300000e+02   1.3005510e+01   3.3693910e+00  -7.0797175e-02   4.6079053e-02   3.6201200e-03
   9.1400000e+02   1.2995710e+01   3.3682460e+00  -7.0736705e-02   4.6058839e-02   3.6220918e-03
   9.1500000e+02   1.2985930e+01   3.3671020e+00  -7.0676169e-02   4.6038550e-02   3.6240550e-03
   9.1600000e+02   1.2976160e+01   3.3659580e+00  -7.0615625e-02   4.6018234e-02   3.6260102e-03
   9.1700000e+02   1.2966420e+01   3.3648150e+00  -7.0555028e-02   4.5997836e-02   3.6279567e-03
   9.1800000e+02   1.2956700e+01   3.3636730e+00  -7.0494393e-02   4.5977377e-02   3.6298946e-03
   9.1900000e+02   1.2947010e+01   3.3625320e+00  -7.0433725e-02   4.5956843e-02   3.6318244e-03
   9.2000000e+02   1.2937330e+01   3.3613910e+00  -7.0373024e-02   4.5936271e-02   3.6337458e-03
   9.2100000e+02   1.2927670e+01   3.3602510e+00  -7.0312274e-02   4.5915629e-02   3.6356577e-03
   9.2200000e+02   1.2918040e+01   3.3591120e+00  -7.0251508e-02   4.5894923e-02   3.6375607e-03
   9.2300000e+02   1.2908430e+01   3.3579740e+00  -7.0190689e-02   4.5874146e-02   3.6394555e-03
   9.2400000e+02   1.2898830e+01   3.3568360e+00  -7.0129843e-02   4.5853335e-02   3.6413413e-03
   9.2500000e+02   1.2889260e+01   3.3556990e+00  -7.0068985e-02   4.5832460e-02   3.6432180e-03
   9.2600000e+02   1.2879710e+01   3.3545630e+00  -7.0008058e-02   4.5811503e-02   3.6450852e-03
   9.2700000e+02   1.2870180e+01   3.3534280e+00  -6.9947090e-02   4.5790482e-02   3.6469427e-03
   9.2800000e+02   1.2860670e+01   3.3522940e+00  -6.9886090e-02   4.5769399e-02   3.6487909e-03
   9.2900000e+02   1.2851180e+01   3.3511600e+00  -6.9825063e-02   4.5748268e-02   3.6506296e-03
   9.3000000e+02   1.2841710e+01   3.3500270e+00  -6.9764008e-02   4.5727075e-02   3.6524599e-03
   9.3100000e+02   1.2832260e+01   3.3488950e+00  -6.9702925e-02   4.5705826e-02   3.6542797e-03
   9.3200000e+02   1.2822830e+01   3.3477630e+00  -6.9641802e-02   4.5684520e-02   3.6560914e-03
   9.3300000e+02   1.2813420e+01   3.3466330e+00  -6.9580633e-02   4.5663132e-02   3.6578908e-03
   9.3400000e+02   1.2804030e+01   3.3455030e+00  -6.9519445e-02   4.5641703e-02   3.6596831e-03
   9.3500000e+02   1.2794660e+01   3.3443740e+00  -6.9458214e-02   4.5620203e-02   3.6614638e-03
   9.3600000e+02   1.2785310e+01   3.3432460e+00  -6.9396955e-02   4.5598645e-02   3.6632345e-03
   9.3700000e+02   1.2775990e+01   3.3421180e+00  -6.9335660e-02   4.5577016e-02   3.6649969e-03
   9.3800000e+02   1.2766680e+01   3.3409910e+00  -6.9274344e-02   4.5555346e-02   3.6667483e-03
   9.3900000e+02   1.2757390e+01   3.3398660e+00  -6.9212971e-02   4.5533592e-02   3.6684885e-03
   9.4000000e+02   1.2748120e+01   3.3387400e+00  -6.9151598e-02   4.5511805e-02   3.6702199e-03
   9.4100000e+02   1.2738870e+01   3.3376160e+00  -6.9090169e-02   4.5489938e-02   3.6719409e-03
   9.4200000e+02   1.2729630e+01   3.3364930e+00  -6.9028716e-02   4.5468027e-02   3.6736507e-03
   9.4300000e+02   1.2720420e+01   3.3353700e+00  -6.8967250e-02   4.5446055e-02   3.6753507e-03
   9.4400000e+02   1.2711230e+01   3.3342480e+00  -6.8905730e-02   4.5424008e-02   3.6770403e-03
   9.4500000e+02   1.2702060e+01   3.3331270e+00  -6.8844194e-02   4.5401908e-02   3.6787195e-03
   9.4600000e+02   1.2692900e+01   3.3320070e+00  -6.8782607e-02   4.5379749e-02   3.6803877e-03
   9.4700000e+02   1.2683770e+01   3.3308870e+00  -6.8721020e-02   4.5357538e-02   3.6820463e-03
   9.4800000e+02   1.2674650e+01   3.3297690e+00  -6.8659366e-02   4.5335248e-02   3.6836925e-03
   9.4900000e+02   1.2665560e+01   3.3286510e+00  -6.8597704e-02   4.5312902e-02   3.6853295e-03
   9.5000000e+02   1.2656480e+01   3.3275340e+00  -6.8536024e-02   4.5290514e-02   3.6869546e-03
   9.5100000e+02   1.2647420e+01   3.3264180e+00  -6.8474296e-02   4.5268051e-02   3.6885690e-03
   9.5200000e+02   1.2638380e+01   3.3253020e+00  -6.8412564e-02   4.5245552e-02   3.6901735e-03
   9.5300000e+02   1.2629360e+01   3.3241880e+00  -6.8350759e-02   4.5222955e-02   3.6917669e-03
   9.5400000e+02   1.2620350e+01   3.3230740e+00  -6.8288963e-02   4.5200341e-02   3.6933488e-03
   9.5500000e+02   1.2611370e+01   3.3219610e+00  -6.8227143e-02   4.5177649e-02   3.6949199e-03
   9.5600000e+02   1.2602400e+01   3.3208490e+00  -6.8165280e-02   4.5154903e-02   3.6964791e-03
   9.5700000e+02   1.2593460e+01   3.3197380e+00  -6.8103392e-02   4.5132081e-02   3.6980280e-03
   9.5800000e+02   1.2584530e+01   3.3186270e+00  -6.8041478e-02   4.5109220e-02   3.6995660e-03
   9.5900000e+02   1.2575620e+01   3.3175170e+00  -6.7979557e-02   4.5086306e-02   3.7010929e-03
   9.6000000e+02   1.2566720e+01   3.3164090e+00  -6.7917577e-02   4.5063321e-02   3.7026073e-03
   9.6100000e+02   1.2557850e+01   3.3153010e+00  -6.7855579e-02   4.5040269e-02   3.7041110e-03
   9.6200000e+02   1.2548990e+01   3.3141930e+00  -6.7793576e-02   4.5017191e-02   3.7056045e-03
   9.6300000e+02   1.2540150e+01   3.3130870e+00  -6.7731532e-02   4.4994034e-02   3.7070847e-03
   9.6400000e+02   1.2531330e+01   3.3119820e+00  -6.7669467e-02   4.4970817e-02   3.7085541e-03
   9.6500000e+02   1.2522530e+01   3.3108770e+00  -6.7607365e-02   4.4947541e-02   3.7100125e-03
   9.6600000e+02   1.2513750e+01   3.3097730e+00  -6.7545271e-02   4.4924217e-02   3.7114593e-03
   9.6700000e+02   1.2504980e+01   3.3086700e+00  -6.7483133e-02   4.4900837e-02   3.7128941e-03
   9.6800000e+02   1.2496230e+01   3.3075680e+00  -6.7420963e-02   4.4877391e-02   3.7143173e-03
   9.6900000e+02   1.2487500e+01   3.3064670e+00  -6.7358759e-02   4.4853878e-02   3.7157285e-03
   9.7000000e+02   1.2478790e+01   3.3053660e+00  -6.7296558e-02   4.4830325e-02   3.7171289e-03
   9.7100000e+02   1.2470090e+01   3.3042670e+00  -6.7234327e-02   4.4806714e-02   3.7185166e-03
   9.7200000e+02   1.2461410e+01   3.3031680e+00  -6.7172077e-02   4.4783052e-02   3.7198934e-03
   9.7300000e+02   1.2452750e+01   3.3020700e+00  -6.7109801e-02   4.4759325e-02   3.7212593e-03
   9.7400000e+02   1.2444110e+01   3.3009730e+00  -6.7047495e-02   4.4735532e-02   3.7226119e-03
   9.7500000e+02   1.2435480e+01   3.2998770e+00  -6.6985194e-02   4.4711708e-02   3.7239529e-03
   9.7600000e+02   1.2426870e+01   3.2987810e+00  -6.6922866e-02   4.4687828e-02   3.7252824e-03
   9.7700000e+02   1.2418280e+01   3.2976870e+00  -6.6860491e-02   4.4663861e-02   3.7265995e-03
   9.7800000e+02   1.2409700e+01   3.2965930e+00  -6.6798106e-02   4.4639865e-02   3.7279048e-03
   9.7900000e+02   1.2401140e+01   3.2955000e+00  -6.6735719e-02   4.4615817e-02   3.7291984e-03
   9.8000000e+02   1.2392600e+01   3.2944080e+00  -6.6673301e-02   4.4591704e-02   3.7304810e-03
   9.8100000e+02   1.2384080e+01   3.2933170e+00  -6.6610844e-02   4.4567517e-02   3.7317493e-03
   9.8200000e+02   1.2375570e+01   3.2922270e+00  -6.6548383e-02   4.4543292e-02   3.7330071e-03
   9.8300000e+02   1.2367080e+01   3.2911370e+00  -6.6485931e-02   4.4519030e-02   3.7342528e-03
   9.8400000e+02   1.2358600e+01   3.2900490e+00  -6.6423423e-02   4.4494696e-02   3.7354861e-03
   9.8500000e+02   1.2350150e+01   3.2889610e+00  -6.6360913e-02   4.4470302e-02   3.7367074e-03
   9.8600000e+02   1.2341710e+01   3.2878740e+00  -6.6298382e-02   4.4445858e-02   3.7379164e-03
   9.8700000e+02   1.2333280e+01   3.2867880e+00  -6.6235850e-02   4.4421380e-02   3.7391125e-03
   9.8800000e+02   1.2324880e+01   3.2857030e+00  -6.6173280e-02   4.4396816e-02   3.7402970e-03
   9.8900000e+02   1.2316480e+01   3.2846180e+00  -6.6110712e-02   4.4372238e-02   3.7414708e-03
   9.9000000e+02   1.2308110e+01   3.2835350e+00  -6.6048108e-02   4.4347570e-02   3.7426308e-03
   9.9100000e+02   1.2299750e+01   3.2824520e+00  -6.5985505e-02   4.4322869e-02   3.7437788e-03
   9.9200000e+02   1.2291410e+01   3.2813710e+00  -6.5922850e-02   4.4298085e-02   3.7449134e-03
   9.9300000e+02   1.2283080e+01   3.2802900e+00  -6.5860222e-02   4.4273282e-02   3.7460376e-03
   9.9400000e+02   1.2274770e+01   3.2792100e+00  -6.5797555e-02   4.4248411e-02   3.7471481e-03
   9.9500000e+02   1.2266480e+01   3.2781300e+00  -6.5734905e-02   4.4223503e-02   3.7482477e-03
   9.9600000e+02   1.2258200e+01   3.2770520e+00  -6.5672214e-02   4.4198530e-02   3.7493343e-03
   9.9700000e+02   1.2249940e+01   3.2759750e+00  -6.5609516e-02   4.4173501e-02   3.7504081e-03
   9.9800000e+02   1.2241700e+01   3.2748980e+00  -6.5546806e-02   4.4148420e-02   3.7514696e-03
   9.9900000e+02   1.2233470e+01   3.2738220e+00  -6.5484090e-02   4.4123301e-02   3.7525202e-03
   1.0000000e+03   1.2225250e+01   3.2727470e+00  -6.5421360e-02   4.4098134e-02   3.7535570e-03
   1.0010000e+03   1.2217060e+01   3.2716730e+00  -6.5358589e-02   4.4072882e-02   3.7545822e-03
   1.0020000e+03   1.2208870e+01   3.2706000e+00  -6.5295845e-02   4.4047619e-02   3.7555942e-03
   1.0030000e+03   1.2200710e+01   3.2695280e+00  -6.5233043e-02   4.4022259e-02   3.7565929e-03
   1.0040000e+03   1.2192560e+01   3.2684570e+00  -6.5170265e-02   4.3996875e-02   3.7575802e-03
   1.0050000e+03   1.2184420e+01   3.2673860e+00  -6.5107473e-02   4.3971451e-02   3.7585554e-03
   1.0060000e+03   1.2176300e+01   3.2663160e+00  -6.5044674e-02   4.3945974e-02   3.7595178e-03
   1.0070000e+03   1.2168200e+01   3.2652470e+00  -6.4981852e-02   4.3920431e-02   3.7604683e-03
   1.0080000e+03   1.2160110e+01   3.2641790e+00  -6.4919030e-02   4.3894847e-02   3.7614057e-03
   1.0090000e+03   1.2152040e+01   3.2631120e+00  -6.4856175e-02   4.3869196e-02   3.7623305e-03
   1.0100000e+03   1.2143980e+01   3.2620460e+00  -6.4793331e-02   4.3843511e-02   3.7632426e-03
   1.0110000e+03   1.2135940e+01   3.2609810e+00  -6.4730467e-02   4.3817765e-02   3.7641413e-03
   1.0120000e+03   1.2127910e+01   3.2599160e+00  -6.4667627e-02   4.3792001e-02   3.7650305e-03
   1.0130000e+03   1.2119900e+01   3.2588530e+00  -6.4604746e-02   4.3766153e-02   3.7659042e-03
   1.0140000e+03   1.2111900e+01   3.2577900e+00  -6.4541859e-02   4.3740268e-02   3.7667659e-03
   1.0150000e+03   1.2103920e+01   3.2567280e+00  -6.4478970e-02   4.3714335e-02   3.7676173e-03
   1.0160000e+03   1.2095950e+01   3.2556670e+00  -6.4416070e-02   4.3688355e-02   3.7684536e-03
   1.0170000e+03   1.2088000e+01   3.2546070e+00  -6.4353175e-02   4.3662325e-02   3.7692789e-03
   1.0180000e+03   1.2080070e+01   3.2535470e+00  -6.4290282e-02   4.3636251e-02   3.7700910e-03
   1.0190000e+03   1.2072140e+01   3.2524890e+00  -6.4227345e-02   4.3610118e-02   3.7708901e-03
   1.0200000e+03   1.2064240e+01   3.2514310e+00  -6.4164452e-02   4.3583953e-02   3.7716780e-03
   1.0210000e+03   1.2056350e+01   3.2503750e+00  -6.4101506e-02   4.3557711e-02   3.7724519e-03
   1.0220000e+03   1.2048470e+01   3.2493190e+00  -6.4038579e-02   4.3531449e-02   3.7732139e-03
   1.0230000e+03   1.2040610e+01   3.2482640e+00  -6.3975639e-02   4.3505125e-02   3.7739630e-03
   1.0240000e+03   1.2032760e+01   3.2472100e+00  -6.3912710e-02   4.3478770e-02   3.7747000e-03
   1.0250000e+03   1.2024920e+01   3.2461570e+00  -6.3849758e-02   4.3452361e-02   3.7754243e-03
   1.0260000e+03   1.2017110e+01   3.2451040e+00  -6.3786817e-02   4.3425901e-02   3.7761366e-03
   1.0270000e+03   1.2009300e+01   3.2440530e+00  -6.3723854e-02   4.3399392e-02   3.7768350e-03
   1.0280000e+03   1.2001510e+01   3.2430020e+00  -6.3660902e-02   4.3372846e-02   3.7775220e-03
   1.0290000e+03   1.1993740e+01   3.2419520e+00  -6.3597933e-02   4.3346235e-02   3.7781958e-03
   1.0300000e+03   1.1985980e+01   3.2409030e+00  -6.3534977e-02   4.3319593e-02   3.7788572e-03
   1.0310000e+03   1.1978230e+01   3.2398550e+00  -6.3472015e-02   4.3292909e-02   3.7795065e-03
   1.0320000e+03   1.1970500e+01   3.2388080e+00  -6.3409043e-02   4.3266166e-02   3.7801426e-03
   1.0330000e+03   1.1962780e+01   3.2377620e+00  -6.3346085e-02   4.3239388e-02   3.7807661e-03
   1.0340000e+03   1.1955080e+01   3.2367160e+00  -6.3283126e-02   4.3212567e-02   3.7813782e-03
   1.0350000e+03   1.1947390e+01   3.2356720e+00  -6.3220148e-02   4.3185689e-02   3.7819767e-03
   1.0360000e+03   1.1939710e+01   3.2346280e+00  -6.3157179e-02   4.3158781e-02   3.7825629e-03
   1.0370000e+03   1.1932050e+01   3.2335850e+00  -6.3094225e-02   4.3131827e-02   3.7831367e-03
   1.0380000e+03   1.1924400e+01   3.2325430e+00  -6.3031259e-02   4.3104826e-02   3.7836976e-03
   1.0390000e+03   1.1916770e+01   3.2315020e+00  -6.2968286e-02   4.3077770e-02   3.7842465e-03
   1.0400000e+03   1.1909150e+01   3.2304620e+00  -6.2905323e-02   4.3050677e-02   3.7847823e-03
   1.0410000e+03   1.1901550e+01   3.2294220e+00  -6.2842356e-02   4.3023536e-02   3.7853057e-03
   1.0420000e+03   1.1893950e+01   3.2283840e+00  -6.2779377e-02   4.2996355e-02   3.7858167e-03
   1.0430000e+03   1.1886380e+01   3.2273460e+00  -6.2716424e-02   4.2969128e-02   3.7863158e-03
   1.0440000e+03   1.1878810e+01   3.2263090e+00  -6.2653479e-02   4.2941879e-02   3.7868029e-03
   1.0450000e+03   1.1871260e+01   3.2252730e+00  -6.2590509e-02   4.2914561e-02   3.7872757e-03
   1.0460000e+03   1.1863730e+01   3.2242380e+00  -6.2527563e-02   4.2887201e-02   3.7877370e-03
   1.0470000e+03   1.1856200e+01   3.2232040e+00  -6.2464595e-02   4.2859808e-02   3.7881860e-03
   1.0480000e+03   1.1848690e+01   3.2221710e+00  -6.2401633e-02   4.2832358e-02   3.7886209e-03
   1.0490000e+03   1.1841200e+01   3.2211380e+00  -6.2338706e-02   4.2804886e-02   3.7890457e-03
   1.0500000e+03   1.1833720e+01   3.2201060e+00  -6.2275777e-02   4.2777366e-02   3.7894571e-03
   1.0510000e+03   1.1826250e+01   3.2190760e+00  -6.2212821e-02   4.2749786e-02   3.7898558e-03
   1.0520000e+03   1.1818790e+01   3.2180460e+00  -6.2149899e-02   4.2722192e-02   3.7902422e-03
   1.0530000e+03   1.1811350e+01   3.2170170e+00  -6.2086971e-02   4.2694542e-02   3.7906166e-03
   1.0540000e+03   1.1803920e+01   3.2159880e+00  -6.2024065e-02   4.2666868e-02   3.7909790e-03
   1.0550000e+03   1.1796510e+01   3.2149610e+00  -6.1961153e-02   4.2639130e-02   3.7913282e-03
   1.0560000e+03   1.1789110e+01   3.2139350e+00  -6.1898223e-02   4.2611341e-02   3.7916649e-03
   1.0570000e+03   1.1781720e+01   3.2129090e+00  -6.1835331e-02   4.2583540e-02   3.7919898e-03
   1.0580000e+03   1.1774340e+01   3.2118840e+00  -6.1772441e-02   4.2555698e-02   3.7923020e-03
   1.0590000e+03   1.1766980e+01   3.2108600e+00  -6.1709550e-02   4.2527803e-02   3.7926024e-03
   1.0600000e+03   1.1759630e+01   3.2098370e+00  -6.1646667e-02   4.2499867e-02   3.7928900e-03
   1.0610000e+03   1.1752300e+01   3.2088150e+00  -6.1583778e-02   4.2471879e-02   3.7931650e-03
   1.0620000e+03   1.1744980e+01   3.2077940e+00  -6.1520915e-02   4.2443863e-02   3.7934288e-03
   1.0630000e+03   1.1737670e+01   3.2067730e+00  -6.1458077e-02   4.2415824e-02   3.7936794e-03
   1.0640000e+03   1.1730370e+01   3.2057530e+00  -6.1395209e-02   4.2387731e-02   3.7939181e-03
   1.0650000e+03   1.1723090e+01   3.2047350e+00  -6.1332360e-02   4.2359584e-02   3.7941436e-03
   1.0660000e+03   1.1715820e+01   3.2037170e+00  -6.1269537e-02   4.2331418e-02   3.7943573e-03
   1.0670000e+03   1.1708560e+01   3.2027000e+00  -6.1206710e-02   4.2303211e-02   3.7945592e-03
   1.0680000e+03   1.1701310e+01   3.2016830e+00  -6.1143909e-02   4.2274981e-02   3.7947496e-03
   1.0690000e+03   1.1694080e+01   3.2006680e+00  -6.1081107e-02   4.2246689e-02   3.7949270e-03
   1.0700000e+03   1.1686860e+01   3.1996530e+00  -6.1018308e-02   4.2218367e-02   3.7950922e-03
   1.0710000e+03   1.1679650e+01   3.1986400e+00  -6.0955512e-02   4.2189997e-02   3.7952445e-03
   1.0720000e+03   1.1672460e+01   3.1976270e+00  -6.0892747e-02   4.2161594e-02   3.7953854e-03
   1.0730000e+03   1.1665280e+01   3.1966150e+00  -6.0829978e-02   4.2133150e-02   3.7955145e-03
   1.0740000e+03   1.1658110e+01   3.1956040e+00  -6.0767236e-02   4.2104682e-02   3.7956313e-03
   1.0750000e+03   1.1650950e+01   3.1945930e+00  -6.0704496e-02   4.2076179e-02   3.7957362e-03
   1.0760000e+03   1.1643810e+01   3.1935840e+00  -6.0641760e-02   4.2047614e-02   3.7958279e-03
   1.0770000e+03   1.1636680e+01   3.1925750e+00  -6.0579068e-02   4.2019041e-02   3.7959096e-03
   1.0780000e+03   1.1629560e+01   3.1915670e+00  -6.0516366e-02   4.1990421e-02   3.7959777e-03
   1.0790000e+03   1.1622450e+01   3.1905600e+00  -6.0453666e-02   4.1961761e-02   3.7960341e-03
   1.0800000e+03   1.1615360e+01   3.1895540e+00  -6.0391001e-02   4.1933067e-02   3.7960790e-03
   1.0810000e+03   1.1608280e+01   3.1885490e+00  -6.0328347e-02   4.1904334e-02   3.7961116e-03
   1.0820000e+03   1.1601210e+01   3.1875450e+00  -6.0265681e-02   4.1875550e-02   3.7961308e-03
   1.0830000e+03   1.1594150e+01   3.1865410e+00  -6.0203055e-02   4.1846762e-02   3.7961396e-03
   1.0840000e+03   1.1587110e+01   3.1855380e+00  -6.0140425e-02   4.1817911e-02   3.7961362e-03
   1.0850000e+03   1.1580080e+01   3.1845360e+00  -6.0077832e-02   4.1789043e-02   3.7961216e-03
   1.0860000e+03   1.1573060e+01   3.1835350e+00  -6.0015230e-02   4.1760127e-02   3.7960934e-03
   1.0870000e+03   1.1566050e+01   3.1825350e+00  -5.9952662e-02   4.1731187e-02   3.7960544e-03
   1.0880000e+03   1.1559050e+01   3.1815360e+00  -5.9890100e-02   4.1702208e-02   3.7960027e-03
   1.0890000e+03   1.1552070e+01   3.1805370e+00  -5.9827564e-02   4.1673198e-02   3.7959405e-03
   1.0900000e+03   1.1545100e+01   3.1795400e+00  -5.9765014e-02   4.1644130e-02   3.7958651e-03
   1.0910000e+03   1.1538140e+01   3.1785430e+00  -5.9702488e-02   4.1615040e-02   3.7957780e-03
   1.0920000e+03   1.1531190e+01   3.1775470e+00  -5.9640004e-02   4.1585933e-02   3.7956802e-03
   1.0930000e+03   1.1524250e+01   3.1765510e+00  -5.9577533e-02   4.1556798e-02   3.7955701e-03
   1.0940000e+03   1.1517330e+01   3.1755570e+00  -5.9515065e-02   4.1527601e-02   3.7954484e-03
   1.0950000e+03   1.1510420e+01   3.1745630e+00  -5.9452625e-02   4.1498387e-02   3.7953156e-03
   1.0960000e+03   1.1503520e+01   3.1735710e+00  -5.9390176e-02   4.1469121e-02   3.7951689e-03
   1.0970000e+03   1.1496630e+01   3.1725790e+00  -5.9327773e-02   4.1439843e-02   3.7950125e-03
   1.0980000e+03   1.1489750e+01   3.1715880e+00  -5.9265367e-02   4.1410523e-02   3.7948437e-03
   1.0990000e+03   1.1482890e+01   3.1705970e+00  -5.9203023e-02   4.1381188e-02   3.7946646e-03
   1.1000000e+03   1.1476040e+01   3.1696080e+00  -5.9140653e-02   4.1351791e-02   3.7944724e-03
   1.1010000e+03   1.1469190e+01   3.1686190e+00  -5.9078322e-02   4.1322395e-02   3.7942696e-03
   1.1020000e+03   1.1462360e+01   3.1676320e+00  -5.9015979e-02   4.1292929e-02   3.7940532e-03
   1.1030000e+03   1.1455550e+01   3.1666450e+00  -5.8953687e-02   4.1263440e-02   3.7938258e-03
   1.1040000e+03   1.1448740e+01   3.1656580e+00  -5.8891418e-02   4.1233944e-02   3.7935891e-03
   1.1050000e+03   1.1441950e+01   3.1646730e+00  -5.8829157e-02   4.1204394e-02   3.7933396e-03
   1.1060000e+03   1.1435160e+01   3.1636890e+00  -5.8766913e-02   4.1174822e-02   3.7930780e-03
   1.1070000e+03   1.1428390e+01   3.1627050e+00  -5.8704687e-02   4.1145214e-02   3.7928060e-03
   1.1080000e+03   1.1421630e+01   3.1617220e+00  -5.8642497e-02   4.1115583e-02   3.7925219e-03
   1.1090000e+03   1.1414880e+01   3.1607400e+00  -5.8580304e-02   4.1085906e-02   3.7922262e-03
   1.1100000e+03   1.1408140e+01   3.1597590e+00  -5.8518134e-02   4.1056203e-02   3.7919187e-03
   1.1110000e+03   1.1401420e+01   3.1587780e+00  -5.8456014e-02   4.1026480e-02   3.7916009e-03
   1.1120000e+03   1.1394700e+01   3.1577990e+00  -5.8393884e-02   4.0996711e-02   3.7912705e-03
   1.1130000e+03   1.1388000e+01   3.1568200e+00  -5.8331788e-02   4.0966919e-02   3.7909298e-03
   1.1140000e+03   1.1381310e+01   3.1558420e+00  -5.8269714e-02   4.0937094e-02   3.7905776e-03
   1.1150000e+03   1.1374630e+01   3.1548650e+00  -5.8207661e-02   4.0907238e-02   3.7902137e-03
   1.1160000e+03   1.1367960e+01   3.1538880e+00  -5.8145633e-02   4.0877364e-02   3.7898392e-03
   1.1170000e+03   1.1361300e+01   3.1529130e+00  -5.8083626e-02   4.0847452e-02   3.7894533e-03
   1.1180000e+03   1.1354650e+01   3.1519380e+00  -5.8021644e-02   4.0817516e-02   3.7890560e-03
   1.1190000e+03   1.1348020e+01   3.1509640e+00  -5.7959683e-02   4.0787541e-02   3.7886473e-03
   1.1200000e+03   1.1341390e+01   3.1499910e+00  -5.7897749e-02   4.0757549e-02   3.7882277e-03
   1.1210000e+03   1.1334780e+01   3.1490190e+00  -5.7835821e-02   4.0727509e-02   3.7877964e-03
   1.1220000e+03   1.1328170e+01   3.1480470e+00  -5.7773941e-02   4.0697471e-02   3.7873549e-03
   1.1230000e+03   1.1321580e+01   3.1470760e+00  -5.7712066e-02   4.0667381e-02   3.7869019e-03
   1.1240000e+03   1.1315000e+01   3.1461060e+00  -5.7650239e-02   4.0637277e-02   3.7864389e-03
   1.1250000e+03   1.1308430e+01   3.1451370e+00  -5.7588400e-02   4.0607123e-02   3.7859624e-03
   1.1260000e+03   1.1301870e+01   3.1441690e+00  -5.7526606e-02   4.0576953e-02   3.7854758e-03
   1.1270000e+03   1.1295320e+01   3.1432010e+00  -5.7464845e-02   4.0546766e-02   3.7849798e-03
   1.1280000e+03   1.1288790e+01   3.1422350e+00  -5.7403070e-02   4.0516509e-02   3.7844706e-03
   1.1290000e+03   1.1282260e+01   3.1412690e+00  -5.7341356e-02   4.0486264e-02   3.7839516e-03
   1.1300000e+03   1.1275750e+01   3.1403030e+00  -5.7279671e-02   4.0455988e-02   3.7834224e-03
   1.1310000e+03   1.1269240e+01   3.1393390e+00  -5.7217999e-02   4.0425686e-02   3.7828811e-03
   1.1320000e+03   1.1262750e+01   3.1383760e+00  -5.7156331e-02   4.0395327e-02   3.7823277e-03
   1.1330000e+03   1.1256260e+01   3.1374130e+00  -5.7094722e-02   4.0364981e-02   3.7817658e-03
   1.1340000e+03   1.1249790e+01   3.1364510e+00  -5.7033130e-02   4.0334589e-02   3.7811923e-03
   1.1350000e+03   1.1243330e+01   3.1354900e+00  -5.6971562e-02   4.0304170e-02   3.7806080e-03
   1.1360000e+03   1.1236880e+01   3.1345290e+00  -5.6910028e-02   4.0273732e-02   3.7800131e-03
   1.1370000e+03   1.1230440e+01   3.1335690e+00  -5.6848529e-02   4.0243276e-02   3.7794083e-03
   1.1380000e+03   1.1224010e+01   3.1326110e+00  -5.6787021e-02   4.0212762e-02   3.7787909e-03
   1.1390000e+03   1.1217590e+01   3.1316520e+00  -5.6725585e-02   4.0182265e-02   3.7781646e-03
   1.1400000e+03   1.1211180e+01   3.1306950e+00  -5.6664133e-02   4.0151706e-02   3.7775254e-03
   1.1410000e+03   1.1204780e+01   3.1297390e+00  -5.6602720e-02   4.0121128e-02   3.7768766e-03
   1.1420000e+03   1.1198400e+01   3.1287830e+00  -5.6541343e-02   4.0090522e-02   3.7762173e-03
   1.1430000e+03   1.1192020e+01   3.1278280e+00  -5.6479994e-02   4.0059904e-02   3.7755472e-03
   1.1440000e+03   1.1185650e+01   3.1268740e+00  -5.6418682e-02   4.0029264e-02   3.7748676e-03
   1.1450000e+03   1.1179300e+01   3.1259200e+00  -5.6357390e-02   3.9998588e-02   3.7741765e-03
   1.1460000e+03   1.1172950e+01   3.1249680e+00  -5.6296118e-02   3.9967888e-02   3.7734748e-03
   1.1470000e+03   1.1166620e+01   3.1240160e+00  -5.6234871e-02   3.9937151e-02   3.7727621e-03
   1.1480000e+03   1.1160290e+01   3.1230650e+00  -5.6173664e-02   3.9906411e-02   3.7720395e-03
   1.1490000e+03   1.1153980e+01   3.1221140e+00  -5.6112492e-02   3.9875642e-02   3.7713069e-03
   1.1500000e+03   1.1147670e+01   3.1211650e+00  -5.6051332e-02   3.9844842e-02   3.7705633e-03
   1.1510000e+03   1.1141380e+01   3.1202160e+00  -5.5990224e-02   3.9814028e-02   3.7698099e-03
   1.1520000e+03   1.1135090e+01   3.1192680e+00  -5.5929128e-02   3.9783189e-02   3.7690451e-03
   1.1530000e+03   1.1128820e+01   3.1183210e+00  -5.5868062e-02   3.9752312e-02   3.7682706e-03
   1.1540000e+03   1.1122560e+01   3.1173740e+00  -5.5807026e-02   3.9721415e-02   3.7674851e-03
   1.1550000e+03   1.1116300e+01   3.1164280e+00  -5.5746033e-02   3.9690517e-02   3.7666910e-03
   1.1560000e+03   1.1110060e+01   3.1154840e+00  -5.5685042e-02   3.9659557e-02   3.7658843e-03
   1.1570000e+03   1.1103830e+01   3.1145390e+00  -5.5624111e-02   3.9628602e-02   3.7650693e-03
   1.1580000e+03   1.1097600e+01   3.1135960e+00  -5.5563183e-02   3.9597614e-02   3.7642423e-03
   1.1590000e+03   1.1091390e+01   3.1126530e+00  -5.5502316e-02   3.9566615e-02   3.7634066e-03
   1.1600000e+03   1.1085190e+01   3.1117110e+00  -5.5441454e-02   3.9535572e-02   3.7625603e-03
   1.1610000e+03   1.1078990e+01   3.1107700e+00  -5.5380638e-02   3.9504531e-02   3.7617037e-03
   1.1620000e+03   1.1072810e+01   3.1098300e+00  -5.5319841e-02   3.9473442e-02   3.7608368e-03
   1.1630000e+03   1.1066640e+01   3.1088900e+00  -5.5259086e-02   3.9442345e-02   3.7599600e-03
   1.1640000e+03   1.1060480e+01   3.1079510e+00  -5.5198359e-02   3.9411221e-02   3.7590732e-03
   1.1650000e+03   1.1054320e+01   3.1070130e+00  -5.5137655e-02   3.9380082e-02   3.7581759e-03
   1.1660000e+03   1.1048180e+01   3.1060750e+00  -5.5077010e-02   3.9348928e-02   3.7572704e-03
   1.1670000e+03   1.1042050e+01   3.1051390e+00  -5.5016353e-02   3.9317717e-02   3.7563519e-03
   1.1680000e+03   1.1035920e+01   3.1042030e+00  -5.4955760e-02   3.9286524e-02   3.7554254e-03
   1.1690000e+03   1.1029810e+01   3.1032670e+00  -5.4895209e-02   3.9255306e-02   3.7544894e-03
   1.1700000e+03   1.1023710e+01   3.1023330e+00  -5.4834663e-02   3.9224041e-02   3.7535423e-03
   1.1710000e+03   1.1017610e+01   3.1013990e+00  -5.4774165e-02   3.9192783e-02   3.7525858e-03
   1.1720000e+03   1.1011530e+01   3.1004660e+00  -5.4713687e-02   3.9161480e-02   3.7516195e-03
   1.1730000e+03   1.1005450e+01   3.0995340e+00  -5.4653237e-02   3.9130163e-02   3.7506419e-03
   1.1740000e+03   1.0999390e+01   3.0986030e+00  -5.4592829e-02   3.9098819e-02   3.7496559e-03
   1.1750000e+03   1.0993330e+01   3.0976720e+00  -5.4532464e-02   3.9067478e-02   3.7486606e-03
   1.1760000e+03   1.0987290e+01   3.0967420e+00  -5.4472105e-02   3.9036081e-02   3.7476534e-03
   1.1770000e+03   1.0981250e+01   3.0958130e+00  -5.4411799e-02   3.9004689e-02   3.7466378e-03
   1.1780000e+03   1.0975230e+01   3.0948840e+00  -5.4351521e-02   3.8973265e-02   3.7456126e-03
   1.1790000e+03   1.0969210e+01   3.0939560e+00  -5.4291299e-02   3.8941846e-02   3.7445790e-03
   1.1800000e+03   1.0963200e+01   3.0930290e+00  -5.4231084e-02   3.8910387e-02   3.7435340e-03
   1.1810000e+03   1.0957210e+01   3.0921030e+00  -5.4170910e-02   3.8878899e-02   3.7424798e-03
   1.1820000e+03   1.0951220e+01   3.0911770e+00  -5.4110761e-02   3.8847401e-02   3.7414155e-03
   1.1830000e+03   1.0945240e+01   3.0902520e+00  -5.4050659e-02   3.8815888e-02   3.7403425e-03
   1.1840000e+03   1.0939270e+01   3.0893280e+00  -5.3990586e-02   3.8784354e-02   3.7392591e-03
   1.1850000e+03   1.0933310e+01   3.0884040e+00  -5.3930553e-02   3.8752806e-02   3.7381670e-03
   1.1860000e+03   1.0927360e+01   3.0874820e+00  -5.3870546e-02   3.8721226e-02   3.7370647e-03
   1.1870000e+03   1.0921420e+01   3.0865600e+00  -5.3810572e-02   3.8689629e-02   3.7359533e-03
   1.1880000e+03   1.0915490e+01   3.0856380e+00  -5.3750652e-02   3.8658028e-02   3.7348333e-03
   1.1890000e+03   1.0909570e+01   3.0847180e+00  -5.3690742e-02   3.8626385e-02   3.7337020e-03
   1.1900000e+03   1.0903660e+01   3.0837980e+00  -5.3630880e-02   3.8594737e-02   3.7325627e-03
   1.1910000e+03   1.0897750e+01   3.0828790e+00  -5.3571047e-02   3.8563074e-02   3.7314134e-03
   1.1920000e+03   1.0891860e+01   3.0819600e+00  -5.3511256e-02   3.8531388e-02   3.7302551e-03
   1.1930000e+03   1.0885980e+01   3.0810420e+00  -5.3451494e-02   3.8499677e-02   3.7290878e-03
   1.1940000e+03   1.0880100e+01   3.0801250e+00  -5.3391777e-02   3.8467966e-02   3.7279107e-03
   1.1950000e+03   1.0874230e+01   3.0792090e+00  -5.3332070e-02   3.8436216e-02   3.7267233e-03
   1.1960000e+03   1.0868380e+01   3.0782930e+00  -5.3272423e-02   3.8404457e-02   3.7255280e-03
   1.1970000e+03   1.0862530e+01   3.0773790e+00  -5.3212791e-02   3.8372670e-02   3.7243226e-03
   1.1980000e+03   1.0856690e+01   3.0764640e+00  -5.3153218e-02   3.8340889e-02   3.7231090e-03
   1.1990000e+03   1.0850860e+01   3.0755510e+00  -5.3093670e-02   3.8309076e-02   3.7218856e-03
   1.2000000e+03   1.0845040e+01   3.0746380e+00  -5.3034158e-02   3.8277247e-02   3.7206538e-03
   1.2010000e+03   1.0839230e+01   3.0737260e+00  -5.2974686e-02   3.8245403e-02   3.7194119e-03
   1.2020000e+03   1.0833430e+01   3.0728150e+00  -5.2915224e-02   3.8213518e-02   3.7181603e-03
   1.2030000e+03   1.0827640e+01   3.0719040e+00  -5.2855830e-02   3.8181642e-02   3.7169013e-03
   1.2040000e+03   1.0821860e+01   3.0709940e+00  -5.2796455e-02   3.8149737e-02   3.7156316e-03
   1.2050000e+03   1.0816080e+01   3.0700840e+00  -5.2737153e-02   3.8117852e-02   3.7143562e-03
   1.2060000e+03   1.0810320e+01   3.0691760e+00  -5.2677839e-02   3.8085897e-02   3.7130686e-03
   1.2070000e+03   1.0804560e+01   3.0682680e+00  -5.2618589e-02   3.8053961e-02   3.7117730e-03
   1.2080000e+03   1.0798810e+01   3.0673610e+00  -5.2559350e-02   3.8021985e-02   3.7104669e-03
   1.2090000e+03   1.0793070e+01   3.0664540e+00  -5.2500177e-02   3.7990018e-02   3.7091544e-03
   1.2100000e+03   1.0787340e+01   3.0655480e+00  -5.2441030e-02   3.7958022e-02   3.7078320e-03
   1.2110000e+03   1.0781620e+01   3.0646430e+00  -5.2381929e-02   3.7926017e-02   3.7065014e-03
   1.2120000e+03   1.0775910e+01   3.0637390e+00  -5.2322841e-02   3.7893973e-02   3.7051608e-03
   1.2130000e+03   1.0770210e+01   3.0628350e+00  -5.2263813e-02   3.7861933e-02   3.7038124e-03
   1.2140000e+03   1.0764510e+01   3.0619320e+00  -5.2204800e-02   3.7829870e-02   3.7024531e-03
   1.2150000e+03   1.0758830e+01   3.0610290e+00  -5.2145847e-02   3.7797796e-02   3.7010875e-03
   1.2160000e+03   1.0753150e+01   3.0601270e+00  -5.2086926e-02   3.7765714e-02   3.6997127e-03
   1.2170000e+03   1.0747490e+01   3.0592260e+00  -5.2028028e-02   3.7733591e-02   3.6983282e-03
   1.2180000e+03   1.0741830e+01   3.0583260e+00  -5.1969184e-02   3.7701474e-02   3.6969360e-03
   1.2190000e+03   1.0736180e+01   3.0574260e+00  -5.1910364e-02   3.7669333e-02   3.6955340e-03
   1.2200000e+03   1.0730540e+01   3.0565270e+00  -5.1851593e-02   3.7637181e-02   3.6941248e-03
   1.2210000e+03   1.0724900e+01   3.0556290e+00  -5.1792854e-02   3.7605022e-02   3.6927056e-03
   1.2220000e+03   1.0719280e+01   3.0547310e+00  -5.1734159e-02   3.7572840e-02   3.6912787e-03
   1.2230000e+03   1.0713670e+01   3.0538340e+00  -5.1675502e-02   3.7540639e-02   3.6898444e-03
   1.2240000e+03   1.0708060e+01   3.0529380e+00  -5.1616867e-02   3.7508425e-02   3.6883985e-03
   1.2250000e+03   1.0702460e+01   3.0520420e+00  -5.1558293e-02   3.7476211e-02   3.6869466e-03
   1.2260000e+03   1.0696870e+01   3.0511470e+00  -5.1499733e-02   3.7443963e-02   3.6854843e-03
   1.2270000e+03   1.0691290e+01   3.0502520e+00  -5.1441235e-02   3.7411720e-02   3.6840156e-03
   1.2280000e+03   1.0685720e+01   3.0493590e+00  -5.1382761e-02   3.7379444e-02   3.6825366e-03
   1.2290000e+03   1.0680160e+01   3.0484660e+00  -5.1324322e-02   3.7347154e-02   3.6810501e-03
   1.2300000e+03   1.0674600e+01   3.0475730e+00  -5.1265933e-02   3.7314870e-02   3.6795556e-03
   1.2310000e+03   1.0669060e+01   3.0466820e+00  -5.1207568e-02   3.7282542e-02   3.6780520e-03
   1.2320000e+03   1.0663520e+01   3.0457900e+00  -5.1149270e-02   3.7250240e-02   3.6765413e-03
   1.2330000e+03   1.0657990e+01   3.0449000e+00  -5.1090977e-02   3.7217892e-02   3.6750205e-03
   1.2340000e+03   1.0652470e+01   3.0440100e+00  -5.1032740e-02   3.7185544e-02   3.6734926e-03
   1.2350000e+03   1.0646960e+01   3.0431210e+00  -5.0974546e-02   3.7153182e-02   3.6719571e-03
   1.2360000e+03   1.0641450e+01   3.0422330e+00  -5.0916367e-02   3.7120798e-02   3.6704104e-03
   1.2370000e+03   1.0635960e+01   3.0413450e+00  -5.0858247e-02   3.7088406e-02   3.6688578e-03
   1.2380000e+03   1.0630470e+01   3.0404580e+00  -5.0800157e-02   3.7056001e-02   3.6672966e-03
   1.2390000e+03   1.0624990e+01   3.0395710e+00  -5.0742131e-02   3.7023604e-02   3.6657284e-03
   1.2400000e+03   1.0619520e+01   3.0386850e+00  -5.0684128e-02   3.6991176e-02   3.6641515e-03
   1.2410000e+03   1.0614060e+01   3.0378000e+00  -5.0626154e-02   3.6958727e-02   3.6625654e-03
   1.2420000e+03   1.0608610e+01   3.0369150e+00  -5.0568221e-02   3.6926268e-02   3.6609717e-03
   1.2430000e+03   1.0603160e+01   3.0360310e+00  -5.0510335e-02   3.6893809e-02   3.6593699e-03
   1.2440000e+03   1.0597730e+01   3.0351480e+00  -5.0452489e-02   3.6861323e-02   3.6577606e-03
   1.2450000e+03   1.0592300e+01   3.0342650e+00  -5.0394680e-02   3.6828837e-02   3.6561431e-03
   1.2460000e+03   1.0586880e+01   3.0333830e+00  -5.0336919e-02   3.6796340e-02   3.6545180e-03
   1.2470000e+03   1.0581470e+01   3.0325020e+00  -5.0279162e-02   3.6763802e-02   3.6528823e-03
   1.2480000e+03   1.0576060e+01   3.0316210e+00  -5.0221475e-02   3.6731287e-02   3.6512408e-03
   1.2490000e+03   1.0570670e+01   3.0307410e+00  -5.0163830e-02   3.6698746e-02   3.6495924e-03
   1.2500000e+03   1.0565280e+01   3.0298620e+00  -5.0106206e-02   3.6666187e-02   3.6479344e-03
   1.2510000e+03   1.0559900e+01   3.0289830e+00  -5.0048642e-02   3.6633632e-02   3.6462691e-03
   1.2520000e+03   1.0554530e+01   3.0281040e+00  -4.9991107e-02   3.6601058e-02   3.6445962e-03
   1.2530000e+03   1.0549170e+01   3.0272270e+00  -4.9933599e-02   3.6568456e-02   3.6429142e-03
   1.2540000e+03   1.0543810e+01   3.0263500e+00  -4.9876159e-02   3.6535876e-02   3.6412262e-03
   1.2550000e+03   1.0538470e+01   3.0254730e+00  -4.9818746e-02   3.6503264e-02   3.6395305e-03
   1.2560000e+03   1.0533130e+01   3.0245980e+00  -4.9761363e-02   3.6470636e-02   3.6378256e-03
   1.2570000e+03   1.0527800e+01   3.0237230e+00  -4.9704028e-02   3.6438004e-02   3.6361138e-03
   1.2580000e+03   1.0522480e+01   3.0228480e+00  -4.9646742e-02   3.6405368e-02   3.6343943e-03
   1.2590000e+03   1.0517160e+01   3.0219740e+00  -4.9589486e-02   3.6372722e-02   3.6326670e-03
   1.2600000e+03   1.0511860e+01   3.0211010e+00  -4.9532271e-02   3.6340049e-02   3.6309324e-03
   1.2610000e+03   1.0506560e+01   3.0202280e+00  -4.9475091e-02   3.6307375e-02   3.6291894e-03
   1.2620000e+03   1.0501270e+01   3.0193560e+00  -4.9417953e-02   3.6274687e-02   3.6274383e-03
   1.2630000e+03   1.0495990e+01   3.0184850e+00  -4.9360850e-02   3.6241982e-02   3.6256800e-03
   1.2640000e+03   1.0490710e+01   3.0176140e+00  -4.9303810e-02   3.6209293e-02   3.6239160e-03
   1.2650000e+03   1.0485450e+01   3.0167440e+00  -4.9246778e-02   3.6176556e-02   3.6221415e-03
   1.2660000e+03   1.0480190e+01   3.0158740e+00  -4.9189817e-02   3.6143842e-02   3.6203623e-03
   1.2670000e+03   1.0474940e+01   3.0150050e+00  -4.9132881e-02   3.6111103e-02   3.6185744e-03
   1.2680000e+03   1.0469700e+01   3.0141370e+00  -4.9075991e-02   3.6078354e-02   3.6167797e-03
   1.2690000e+03   1.0464460e+01   3.0132690e+00  -4.9019130e-02   3.6045599e-02   3.6149757e-03
   1.2700000e+03   1.0459230e+01   3.0124020e+00  -4.8962320e-02   3.6012837e-02   3.6131654e-03
   1.2710000e+03   1.0454020e+01   3.0115350e+00  -4.8905554e-02   3.5980059e-02   3.6113490e-03
   1.2720000e+03   1.0448810e+01   3.0106690e+00  -4.8848819e-02   3.5947269e-02   3.6095232e-03
   1.2730000e+03   1.0443600e+01   3.0098040e+00  -4.8792130e-02   3.5914482e-02   3.6076914e-03
   1.2740000e+03   1.0438410e+01   3.0089390e+00  -4.8735485e-02   3.5881677e-02   3.6058519e-03
   1.2750000e+03   1.0433220e+01   3.0080750e+00  -4.8678874e-02   3.5848863e-02   3.6040054e-03
   1.2760000e+03   1.0428040e+01   3.0072110e+00  -4.8622308e-02   3.5816044e-02   3.6021511e-03
   1.2770000e+03   1.0422870e+01   3.0063480e+00  -4.8565772e-02   3.5783204e-02   3.6002893e-03
   1.2780000e+03   1.0417700e+01   3.0054860e+00  -4.8509279e-02   3.5750363e-02   3.5984207e-03
   1.2790000e+03   1.0412550e+01   3.0046240e+00  -4.8452835e-02   3.5717509e-02   3.5965448e-03
   1.2800000e+03   1.0407400e+01   3.0037630e+00  -4.8396420e-02   3.5684645e-02   3.5946615e-03
   1.2810000e+03   1.0402260e+01   3.0029020e+00  -4.8340051e-02   3.5651775e-02   3.5927710e-03
   1.2820000e+03   1.0397130e+01   3.0020420e+00  -4.8283730e-02   3.5618896e-02   3.5908743e-03
   1.2830000e+03   1.0392000e+01   3.0011830e+00  -4.8227439e-02   3.5586010e-02   3.5889694e-03
   1.2840000e+03   1.0386880e+01   3.0003240e+00  -4.8171193e-02   3.5553117e-02   3.5870581e-03
   1.2850000e+03   1.0381770e+01   2.9994660e+00  -4.8114993e-02   3.5520214e-02   3.5851398e-03
   1.2860000e+03   1.0376670e+01   2.9986080e+00  -4.8058822e-02   3.5487295e-02   3.5832136e-03
   1.2870000e+03   1.0371580e+01   2.9977510e+00  -4.8002697e-02   3.5454365e-02   3.5812816e-03
   1.2880000e+03   1.0366490e+01   2.9968940e+00  -4.7946623e-02   3.5421448e-02   3.5793418e-03
   1.2890000e+03   1.0361410e+01   2.9960380e+00  -4.7890587e-02   3.5388516e-02   3.5773955e-03
   1.2900000e+03   1.0356340e+01   2.9951830e+00  -4.7834586e-02   3.5355566e-02   3.5754420e-03
   1.2910000e+03   1.0351270e+01   2.9943280e+00  -4.7778634e-02   3.5322625e-02   3.5734820e-03
   1.2920000e+03   1.0346210e+01   2.9934740e+00  -4.7722710e-02   3.5289662e-02   3.5715147e-03
   1.2930000e+03   1.0341170e+01   2.9926200e+00  -4.7666824e-02   3.5256680e-02   3.5695392e-03
   1.2940000e+03   1.0336120e+01   2.9917670e+00  -4.7610990e-02   3.5223714e-02   3.5675585e-03
   1.2950000e+03   1.0331090e+01   2.9909140e+00  -4.7555199e-02   3.5190731e-02   3.5655711e-03
   1.2960000e+03   1.0326060e+01   2.9900620e+00  -4.7499459e-02   3.5157752e-02   3.5635778e-03
   1.2970000e+03   1.0321040e+01   2.9892110e+00  -4.7443726e-02   3.5124739e-02   3.5615746e-03
   1.2980000e+03   1.0316030e+01   2.9883600e+00  -4.7388059e-02   3.5091735e-02   3.5595671e-03
   1.2990000e+03   1.0311030e+01   2.9875100e+00  -4.7332418e-02   3.5058710e-02   3.5575509e-03
   1.3000000e+03   1.0306030e+01   2.9866600e+00  -4.7276842e-02   3.5025704e-02   3.5555307e-03
   1.3010000e+03   1.0301040e+01   2.9858110e+00  -4.7221279e-02   3.4992666e-02   3.5535011e-03
   1.3020000e+03   1.0296060e+01   2.9849620e+00  -4.7165794e-02   3.4959648e-02   3.5514680e-03
   1.3030000e+03   1.0291080e+01   2.9841140e+00  -4.7110326e-02   3.4926611e-02   3.5494262e-03
   1.3040000e+03   1.0286110e+01   2.9832670e+00  -4.7054880e-02   3.4893550e-02   3.5473765e-03
   1.3050000e+03   1.0281150e+01   2.9824200e+00  -4.6999497e-02   3.4860496e-02   3.5453215e-03
   1.3060000e+03   1.0276200e+01   2.9815730e+00  -4.6944159e-02   3.4827437e-02   3.5432609e-03
   1.3070000e+03   1.0271250e+01   2.9807280e+00  -4.6888851e-02   3.4794368e-02   3.5411923e-03
   1.3080000e+03   1.0266320e+01   2.9798820e+00  -4.6833604e-02   3.4761299e-02   3.5391182e-03
   1.3090000e+03   1.0261390e+01   2.9790380e+00  -4.6778369e-02   3.4728202e-02   3.5370373e-03
   1.3100000e+03   1.0256460e+01   2.9781930e+00  -4.6723200e-02   3.4695133e-02   3.5349501e-03
   1.3110000e+03   1.0251540e+01   2.9773500e+00  -4.6668057e-02   3.4662039e-02   3.5328550e-03
   1.3120000e+03   1.0246640e+01   2.9765070e+00  -4.6612954e-02   3.4628925e-02   3.5307548e-03
   1.3130000e+03   1.0241730e+01   2.9756640e+00  -4.6557906e-02   3.4595834e-02   3.5286484e-03
   1.3140000e+03   1.0236840e+01   2.9748220e+00  -4.6502879e-02   3.4562709e-02   3.5265345e-03
   1.3150000e+03   1.0231950e+01   2.9739810e+00  -4.6447901e-02   3.4529591e-02   3.5244138e-03
   1.3160000e+03   1.0227070e+01   2.9731400e+00  -4.6392966e-02   3.4496466e-02   3.5222878e-03
   1.3170000e+03   1.0222200e+01   2.9722990e+00  -4.6338098e-02   3.4463352e-02   3.5201574e-03
   1.3180000e+03   1.0217330e+01   2.9714600e+00  -4.6283237e-02   3.4430211e-02   3.5180178e-03
   1.3190000e+03   1.0212470e+01   2.9706200e+00  -4.6228437e-02   3.4397082e-02   3.5158735e-03
   1.3200000e+03   1.0207620e+01   2.9697820e+00  -4.6173647e-02   3.4363916e-02   3.5137205e-03
   1.3210000e+03   1.0202780e+01   2.9689430e+00  -4.6118936e-02   3.4330773e-02   3.5115643e-03
   1.3220000e+03   1.0197940e+01   2.9681060e+00  -4.6064241e-02   3.4297611e-02   3.5093999e-03
   1.3230000e+03   1.0193110e+01   2.9672680e+00  -4.6009604e-02   3.4264457e-02   3.5072302e-03
   1.3240000e+03   1.0188290e+01   2.9664320e+00  -4.5954991e-02   3.4231278e-02   3.5050537e-03
   1.3250000e+03   1.0183470e+01   2.9655960e+00  -4.5900431e-02   3.4198112e-02   3.5028717e-03
   1.3260000e+03   1.0178660e+01   2.9647600e+00  -4.5845909e-02   3.4164936e-02   3.5006834e-03
   1.3270000e+03   1.0173860e+01   2.9639250e+00  -4.5791433e-02   3.4131755e-02   3.4984886e-03
   1.3280000e+03   1.0169060e+01   2.9630910e+00  -4.5736988e-02   3.4098566e-02   3.4962882e-03
   1.3290000e+03   1.0164280e+01   2.9622570e+00  -4.5682582e-02   3.4065361e-02   3.4940810e-03
   1.3300000e+03   1.0159500e+01   2.9614230e+00  -4.5628238e-02   3.4032175e-02   3.4918691e-03
   1.3310000e+03   1.0154720e+01   2.9605900e+00  -4.5573926e-02   3.3998982e-02   3.4896506e-03
   1.3320000e+03   1.0149950e+01   2.9597580e+00  -4.5519639e-02   3.3965770e-02   3.4874241e-03
   1.3330000e+03   1.0145190e+01   2.9589260e+00  -4.5465415e-02   3.3932567e-02   3.4851943e-03
   1.3340000e+03   1.0140440e+01   2.9580940e+00  -4.5411231e-02   3.3899357e-02   3.4829583e-03
   1.3350000e+03   1.0135700e+01   2.9572640e+00  -4.5357054e-02   3.3866109e-02   3.4807145e-03
   1.3360000e+03   1.0130960e+01   2.9564330e+00  -4.5302964e-02   3.3832905e-02   3.4784670e-03
   1.3370000e+03   1.0126220e+01   2.9556030e+00  -4.5248898e-02   3.3799688e-02   3.4762122e-03
   1.3380000e+03   1.0121500e+01   2.9547740e+00  -4.5194872e-02   3.3766451e-02   3.4739527e-03
   1.3390000e+03   1.0116780e+01   2.9539450e+00  -4.5140875e-02   3.3733212e-02   3.4716849e-03
   1.3400000e+03   1.0112070e+01   2.9531170e+00  -4.5086939e-02   3.3699977e-02   3.4694145e-03
   1.3410000e+03   1.0107360e+01   2.9522890e+00  -4.5033031e-02   3.3666736e-02   3.4671361e-03
   1.3420000e+03   1.0102670e+01   2.9514620e+00  -4.4979167e-02   3.3633480e-02   3.4648523e-03
   1.3430000e+03   1.0097980e+01   2.9506350e+00  -4.4925342e-02   3.3600227e-02   3.4625622e-03
   1.3440000e+03   1.0093290e+01   2.9498090e+00  -4.4871565e-02   3.3566981e-02   3.4602681e-03
   1.3450000e+03   1.0088610e+01   2.9489830e+00  -4.4817815e-02   3.3533721e-02   3.4579659e-03
   1.3460000e+03   1.0083940e+01   2.9481580e+00  -4.4764125e-02   3.3500464e-02   3.4556598e-03
   1.3470000e+03   1.0079280e+01   2.9473330e+00  -4.4710459e-02   3.3467190e-02   3.4533474e-03
   1.3480000e+03   1.0074620e+01   2.9465090e+00  -4.4656840e-02   3.3433923e-02   3.4510293e-03
   1.3490000e+03   1.0069970e+01   2.9456850e+00  -4.4603277e-02   3.3400662e-02   3.4487067e-03
   1.3500000e+03   1.0065330e+01   2.9448610e+00  -4.4549759e-02   3.3367400e-02   3.4463784e-03
   1.3510000e+03   1.0060690e+01   2.9440390e+00  -4.4496252e-02   3.3334113e-02   3.4440434e-03
   1.3520000e+03   1.0056060e+01   2.9432160e+00  -4.4442803e-02   3.3300838e-02   3.4417026e-03
   1.3530000e+03   1.0051440e+01   2.9423950e+00  -4.4389377e-02   3.3267539e-02   3.4393558e-03
   1.3540000e+03   1.0046820e+01   2.9415730e+00  -4.4336017e-02   3.3234267e-02   3.4370053e-03
   1.3550000e+03   1.0042210e+01   2.9407520e+00  -4.4282697e-02   3.3200988e-02   3.4346484e-03
   1.3560000e+03   1.0037610e+01   2.9399320e+00  -4.4229403e-02   3.3167687e-02   3.4322863e-03
   1.3570000e+03   1.0033010e+01   2.9391120e+00  -4.4176170e-02   3.3134409e-02   3.4299193e-03
   1.3580000e+03   1.0028420e+01   2.9382930e+00  -4.4122945e-02   3.3101097e-02   3.4275448e-03
   1.3590000e+03   1.0023840e+01   2.9374740e+00  -4.4069792e-02   3.3067806e-02   3.4251669e-03
   1.3600000e+03   1.0019270e+01   2.9366560e+00  -4.4016645e-02   3.3034481e-02   3.4227809e-03
   1.3610000e+03   1.0014700e+01   2.9358380e+00  -4.3963568e-02   3.3001182e-02   3.4203920e-03
   1.3620000e+03   1.0010130e+01   2.9350210e+00  -4.3910533e-02   3.2967887e-02   3.4179977e-03
   1.3630000e+03   1.0005580e+01   2.9342040e+00  -4.3857532e-02   3.2934574e-02   3.4155976e-03
   1.3640000e+03   1.0001030e+01   2.9333870e+00  -4.3804580e-02   3.2901273e-02   3.4131926e-03
