   3.3000000e+01   2.4478970e+02   4.8814570e+00  -1.4561221e-02   0.0000000e+00   3.3654544e-09
   3.4000000e+01   2.3952760e+02   4.8440960e+00  -1.5198392e-02   0.0000000e+00   3.5969032e-09
   3.5000000e+01   2.3448900e+02   4.8088000e+00  -1.5833988e-02   0.0000000e+00   3.8294318e-09
   3.6000000e+01   2.2965780e+02   4.7754400e+00  -1.6467817e-02   0.0000000e+00   4.0628437e-09
   3.7000000e+01   2.2501990e+02   4.7438970e+00  -1.7099700e-02   0.0000000e+00   4.2969153e-09
   3.8000000e+01   2.2056270e+02   4.7140540e+00  -1.7729526e-02   0.0000000e+00   4.5314568e-09
   3.9000000e+01   2.1627500e+02   4.6858040e+00  -1.8357177e-02   0.0000000e+00   4.7663306e-09
   4.0000000e+01   2.1214640e+02   4.6590440e+00  -1.8982575e-02   0.0000000e+00   5.0012964e-09
   4.1000000e+01   2.0816780e+02   4.6336790e+00  -1.9605644e-02   0.0000000e+00   5.2362710e-09
   4.2000000e+01   2.0433070e+02   4.6096180e+00  -2.0226318e-02   0.0000000e+00   5.4710845e-09
   4.3000000e+01   2.0062750e+02   4.5867790e+00  -2.0844534e-02   0.0000000e+00   5.7055695e-09
   4.4000000e+01   1.9705100e+02   4.5650840e+00  -2.1460225e-02   0.0000000e+00   5.9396224e-09
   4.5000000e+01   1.9359490e+02   4.5444600e+00  -2.2073323e-02   0.0000000e+00   6.1731171e-09
   4.6000000e+01   1.9025300e+02   4.5248390e+00  -2.2683782e-02   0.0000000e+00   6.4059230e-09
   4.7000000e+01   1.8701970e+02   4.5061590e+00  -2.3291538e-02   0.0000000e+00   6.6379568e-09
   4.8000000e+01   1.8388990e+02   4.4883610e+00  -2.3896510e-02   0.0000000e+00   6.8690925e-09
   4.9000000e+01   1.8085880e+02   4.4713910e+00  -2.4498654e-02   0.0000000e+00   7.0991861e-09
   5.0000000e+01   1.7792170e+02   4.4551990e+00  -2.5097888e-02   0.0000000e+00   7.3281908e-09
   5.1000000e+01   1.7507450e+02   4.4397380e+00  -2.5694169e-02   0.0000000e+00   7.5560039e-09
   5.2000000e+01   1.7231310e+02   4.4249640e+00  -2.6287413e-02   0.0000000e+00   7.7825331e-09
   5.3000000e+01   1.6963390e+02   4.4108380e+00  -2.6877569e-02   0.0000000e+00   8.0076882e-09
   5.4000000e+01   1.6703320e+02   4.3973210e+00  -2.7464557e-02   0.0000000e+00   8.2313297e-09
   5.5000000e+01   1.6450780e+02   4.3843780e+00  -2.8048337e-02   0.0000000e+00   8.4534805e-09
   5.6000000e+01   1.6205450e+02   4.3719780e+00  -2.8628834e-02   0.0000000e+00   8.6739463e-09
   5.7000000e+01   1.5967030e+02   4.3600890e+00  -2.9206000e-02   0.0000000e+00   8.8927649e-09
   5.8000000e+01   1.5735250e+02   4.3486840e+00  -2.9779754e-02   0.0000000e+00   9.1097427e-09
   5.9000000e+01   1.5509840e+02   4.3377360e+00  -3.0350081e-02   0.0000000e+00   9.3249241e-09
   6.0000000e+01   1.5290550e+02   4.3272210e+00  -3.0916900e-02   0.0000000e+00   9.5381868e-09
   6.1000000e+01   1.5077130e+02   4.3171160e+00  -3.1480171e-02   0.0000000e+00   9.7494294e-09
   6.2000000e+01   1.4869360e+02   4.3074000e+00  -3.2039862e-02   0.0000000e+00   9.9586747e-09
   6.3000000e+01   1.4667030e+02   4.2980520e+00  -3.2595916e-02   0.0000000e+00   1.0165770e-08
   6.4000000e+01   1.4469920e+02   4.2890540e+00  -3.3148289e-02   0.0000000e+00   1.0370688e-08
   6.5000000e+01   1.4277850e+02   4.2803890e+00  -3.3696967e-02   0.0000000e+00   1.0573372e-08
   6.6000000e+01   1.4090640e+02   4.2720390e+00  -3.4241901e-02   0.0000000e+00   1.0773795e-08
   6.7000000e+01   1.3908090e+02   4.2639910e+00  -3.4783064e-02   0.0000000e+00   1.0971897e-08
   6.8000000e+01   1.3730050e+02   4.2562280e+00  -3.5320448e-02   0.0000000e+00   1.1167553e-08
   6.9000000e+01   1.3556350e+02   4.2487380e+00  -3.5854021e-02   0.0000000e+00   1.1360804e-08
   7.0000000e+01   1.3386840e+02   4.2415090e+00  -3.6383765e-02   0.0000000e+00   1.1551596e-08
   7.1000000e+01   1.3221370e+02   4.2345280e+00  -3.6909645e-02   0.0000000e+00   1.1739760e-08
   7.2000000e+01   1.3059810e+02   4.2277830e+00  -3.7431676e-02   0.0000000e+00   1.1925370e-08
   7.3000000e+01   1.2902010e+02   4.2212650e+00  -3.7949854e-02   0.0000000e+00   1.2108390e-08
   7.4000000e+01   1.2747860e+02   4.2149630e+00  -3.8464148e-02   0.0000000e+00   1.2288741e-08
   7.5000000e+01   1.2597230e+02   4.2088680e+00  -3.8974577e-02   0.0000000e+00   1.2466319e-08
   7.6000000e+01   1.2450010e+02   4.2029720e+00  -3.9481127e-02   0.0000000e+00   1.2641184e-08
   7.7000000e+01   1.2306070e+02   4.1972640e+00  -3.9983824e-02   0.0000000e+00   1.2813250e-08
   7.8000000e+01   1.2165320e+02   4.1917390e+00  -4.0482651e-02   0.0000000e+00   1.2982501e-08
   7.9000000e+01   1.2027650e+02   4.1863880e+00  -4.0977632e-02   0.0000000e+00   1.3148875e-08
   8.0000000e+01   1.1892970e+02   4.1812040e+00  -4.1468763e-02   0.0000000e+00   1.3312359e-08
   8.1000000e+01   1.1761170e+02   4.1761810e+00  -4.1956074e-02   0.0000000e+00   1.3472906e-08
   8.2000000e+01   1.1632180e+02   4.1713110e+00  -4.2439578e-02   0.0000000e+00   1.3630493e-08
   8.3000000e+01   1.1505890e+02   4.1665900e+00  -4.2919290e-02   0.0000000e+00   1.3785093e-08
   8.4000000e+01   1.1382240e+02   4.1620110e+00  -4.3395238e-02   0.0000000e+00   1.3936695e-08
   8.5000000e+01   1.1261130e+02   4.1575680e+00  -4.3867435e-02   0.0000000e+00   1.4085232e-08
   8.6000000e+01   1.1142500e+02   4.1532570e+00  -4.4335929e-02   0.0000000e+00   1.4230711e-08
   8.7000000e+01   1.1026260e+02   4.1490730e+00  -4.4800711e-02   0.0000000e+00   1.4373106e-08
   8.8000000e+01   1.0912360e+02   4.1450110e+00  -4.5261839e-02   0.0000000e+00   1.4512376e-08
   8.9000000e+01   1.0800710e+02   4.1410670e+00  -4.5719325e-02   0.0000000e+00   1.4648505e-08
   9.0000000e+01   1.0691250e+02   4.1372350e+00  -4.6173218e-02   0.0000000e+00   1.4781486e-08
   9.1000000e+01   1.0583930e+02   4.1335130e+00  -4.6623541e-02   0.0000000e+00   1.4911272e-08
   9.2000000e+01   1.0478680e+02   4.1298960e+00  -4.7070331e-02   0.0000000e+00   1.5037884e-08
   9.3000000e+01   1.0375440e+02   4.1263810e+00  -4.7513621e-02   0.0000000e+00   1.5161273e-08
   9.4000000e+01   1.0274160e+02   4.1229630e+00  -4.7953464e-02   0.0000000e+00   1.5281432e-08
   9.5000000e+01   1.0174770e+02   4.1196410e+00  -4.8389877e-02   0.0000000e+00   1.5398365e-08
   9.6000000e+01   1.0077240e+02   4.1164100e+00  -4.8822902e-02   0.0000000e+00   1.5512042e-08
   9.7000000e+01   9.9811760e+01   4.1134020e+00  -4.9248843e-02   0.0000000e+00   1.5624678e-08
   9.8000000e+01   9.8872010e+01   4.1103410e+00  -4.9675299e-02   0.0000000e+00   1.5731824e-08
   9.9000000e+01   9.7949300e+01   4.1073630e+00  -5.0098474e-02   0.0000000e+00   1.5835669e-08
   1.0000000e+02   9.7043160e+01   4.1044640e+00  -5.0518441e-02   0.0000000e+00   1.5936230e-08
   1.0100000e+02   9.6153170e+01   4.1016430e+00  -5.0935234e-02   0.0000000e+00   1.6033474e-08
   1.0200000e+02   9.5278890e+01   4.0988960e+00  -5.1348886e-02   0.0000000e+00   1.6127405e-08
   1.0300000e+02   9.4419920e+01   4.0962220e+00  -5.1759450e-02   0.0000000e+00   1.6218039e-08
   1.0400000e+02   9.3575880e+01   4.0936180e+00  -5.2166962e-02   0.0000000e+00   1.6305347e-08
   1.0500000e+02   9.2746370e+01   4.0910810e+00  -5.2571470e-02   0.0000000e+00   1.6389336e-08
   1.0600000e+02   9.1931040e+01   4.0886100e+00  -5.2973026e-02   0.0000000e+00   1.6469990e-08
   1.0700000e+02   9.1129530e+01   4.0862020e+00  -5.3371664e-02   0.0000000e+00   1.6547350e-08
   1.0800000e+02   9.0341500e+01   4.0838560e+00  -5.3767427e-02   0.0000000e+00   1.6621354e-08
   1.0900000e+02   8.9566600e+01   4.0815700e+00  -5.4160356e-02   0.0000000e+00   1.6692031e-08
   1.1000000e+02   8.8804540e+01   4.0793410e+00  -5.4550508e-02   0.0000000e+00   1.6759398e-08
   1.1100000e+02   8.8054980e+01   4.0771690e+00  -5.4937917e-02   0.0000000e+00   1.6823428e-08
   1.1200000e+02   8.7317640e+01   4.0750500e+00  -5.5322622e-02   0.0000000e+00   1.6884129e-08
   1.1300000e+02   8.6592220e+01   4.0729840e+00  -5.5704690e-02   0.0000000e+00   1.6941557e-08
   1.1400000e+02   8.5878440e+01   4.0709700e+00  -5.6084106e-02   0.0000000e+00   1.6995619e-08
   1.1500000e+02   8.5176020e+01   4.0690040e+00  -5.6460979e-02   0.0000000e+00   1.7046412e-08
   1.1600000e+02   8.4484710e+01   4.0670870e+00  -5.6835320e-02   0.0000000e+00   1.7093874e-08
   1.1700000e+02   8.3804240e+01   4.0652160e+00  -5.7207184e-02   0.0000000e+00   1.7138052e-08
   1.1800000e+02   8.3134360e+01   4.0633900e+00  -5.7576599e-02   0.0000000e+00   1.7178952e-08
   1.1900000e+02   8.2474840e+01   4.0616090e+00  -5.7943582e-02   0.0000000e+00   1.7216558e-08
   1.2000000e+02   8.1825440e+01   4.0598690e+00  -5.8308237e-02   0.0000000e+00   1.7250914e-08
   1.2100000e+02   8.1185940e+01   4.0581710e+00  -5.8670552e-02   0.0000000e+00   1.7281984e-08
   1.2200000e+02   8.0556110e+01   4.0565130e+00  -5.9030574e-02   0.0000000e+00   1.7309821e-08
   1.2300000e+02   7.9935740e+01   4.0548940e+00  -5.9388341e-02   0.0000000e+00   1.7334412e-08
   1.2400000e+02   7.9324620e+01   4.0533130e+00  -5.9743895e-02   0.0000000e+00   1.7355772e-08
   1.2500000e+02   7.8722560e+01   4.0517680e+00  -6.0097287e-02   0.0000000e+00   1.7373900e-08
   1.2600000e+02   7.8129350e+01   4.0502590e+00  -6.0448537e-02   0.0000000e+00   1.7388852e-08
   1.2700000e+02   7.7544800e+01   4.0487840e+00  -6.0797667e-02   0.0000000e+00   1.7400584e-08
   1.2800000e+02   7.6968740e+01   4.0473430e+00  -6.1144751e-02   0.0000000e+00   1.7409142e-08
   1.2900000e+02   7.6400980e+01   4.0459340e+00  -6.1489788e-02   0.0000000e+00   1.7414546e-08
   1.3000000e+02   7.5841340e+01   4.0445570e+00  -6.1832827e-02   0.0000000e+00   1.7416788e-08
   1.3100000e+02   7.5289660e+01   4.0432110e+00  -6.2173901e-02   0.0000000e+00   1.7415907e-08
   1.3200000e+02   7.4745770e+01   4.0418940e+00  -6.2513027e-02   0.0000000e+00   1.7411889e-08
   1.3300000e+02   7.4209520e+01   4.0406070e+00  -6.2850265e-02   0.0000000e+00   1.7404753e-08
   1.3400000e+02   7.3680740e+01   4.0393480e+00  -6.3185588e-02   0.0000000e+00   1.7394551e-08
   1.3500000e+02   7.3159280e+01   4.0381160e+00  -6.3519101e-02   0.0000000e+00   1.7381262e-08
   1.3600000e+02   7.2645000e+01   4.0369100e+00  -6.3850792e-02   0.0000000e+00   1.7364931e-08
   1.3700000e+02   7.2137750e+01   4.0357310e+00  -6.4180671e-02   0.0000000e+00   1.7345542e-08
   1.3800000e+02   7.1637400e+01   4.0345760e+00  -6.4508821e-02   0.0000000e+00   1.7323144e-08
   1.3900000e+02   7.1143800e+01   4.0334460e+00  -6.4835208e-02   0.0000000e+00   1.7297740e-08
   1.4000000e+02   7.0656820e+01   4.0323390e+00  -6.5159899e-02   0.0000000e+00   1.7269382e-08
   1.4100000e+02   7.0176340e+01   4.0312560e+00  -6.5482898e-02   0.0000000e+00   1.7238023e-08
   1.4200000e+02   6.9702220e+01   4.0301940e+00  -6.5804240e-02   0.0000000e+00   1.7203731e-08
   1.4300000e+02   6.9234350e+01   4.0291550e+00  -6.6123932e-02   0.0000000e+00   1.7166509e-08
   1.4400000e+02   6.8772610e+01   4.0281360e+00  -6.6442016e-02   0.0000000e+00   1.7126382e-08
   1.4500000e+02   6.8316870e+01   4.0271380e+00  -6.6758503e-02   0.0000000e+00   1.7083351e-08
   1.4600000e+02   6.7867030e+01   4.0261600e+00  -6.7073440e-02   0.0000000e+00   1.7037469e-08
   1.4700000e+02   6.7422970e+01   4.0252010e+00  -6.7386808e-02   0.0000000e+00   1.6988742e-08
   1.4800000e+02   6.6984580e+01   4.0242610e+00  -6.7698642e-02   0.0000000e+00   1.6937205e-08
   1.4900000e+02   6.6551770e+01   4.0233390e+00  -6.8008973e-02   0.0000000e+00   1.6882837e-08
   1.5000000e+02   6.6124420e+01   4.0224350e+00  -6.8317817e-02   0.0000000e+00   1.6825705e-08
   1.5100000e+02   6.5702450e+01   4.0215480e+00  -6.8625182e-02   0.0000000e+00   1.6765833e-08
   1.5200000e+02   6.5285740e+01   4.0206780e+00  -6.8931086e-02   0.0000000e+00   1.6703201e-08
   1.5300000e+02   6.4874200e+01   4.0198240e+00  -6.9235544e-02   0.0000000e+00   1.6637856e-08
   1.5400000e+02   6.4467740e+01   4.0189860e+00  -6.9538581e-02   0.0000000e+00   1.6569794e-08
   1.5500000e+02   6.4066280e+01   4.0181630e+00  -6.9840211e-02   0.0000000e+00   1.6499111e-08
   1.5600000e+02   6.3669710e+01   4.0173560e+00  -7.0140392e-02   0.0000000e+00   1.6425759e-08
   1.5700000e+02   6.3277950e+01   4.0165620e+00  -7.0439249e-02   0.0000000e+00   1.6349773e-08
   1.5800000e+02   6.2890930e+01   4.0157830e+00  -7.0736719e-02   0.0000000e+00   1.6271193e-08
   1.5900000e+02   6.2508550e+01   4.0150170e+00  -7.1032846e-02   0.0000000e+00   1.6190054e-08
   1.6000000e+02   6.2130730e+01   4.0142640e+00  -7.1327637e-02   0.0000000e+00   1.6106342e-08
   1.6100000e+02   6.1757400e+01   4.0135250e+00  -7.1621061e-02   0.0000000e+00   1.6020096e-08
   1.6200000e+02   6.1388470e+01   4.0127980e+00  -7.1913190e-02   0.0000000e+00   1.5931341e-08
   1.6300000e+02   6.1023880e+01   4.0120830e+00  -7.2204004e-02   0.0000000e+00   1.5840119e-08
   1.6400000e+02   6.0663550e+01   4.0113800e+00  -7.2493513e-02   0.0000000e+00   1.5746462e-08
   1.6500000e+02   6.0307400e+01   4.0106880e+00  -7.2781745e-02   0.0000000e+00   1.5650371e-08
   1.6600000e+02   5.9955370e+01   4.0100070e+00  -7.3068693e-02   0.0000000e+00   1.5551832e-08
   1.6700000e+02   5.9607380e+01   4.0093370e+00  -7.3354372e-02   0.0000000e+00   1.5450930e-08
   1.6800000e+02   5.9263380e+01   4.0086780e+00  -7.3638773e-02   0.0000000e+00   1.5347706e-08
   1.6900000e+02   5.8923280e+01   4.0080290e+00  -7.3921913e-02   0.0000000e+00   1.5242097e-08
   1.7000000e+02   5.8587040e+01   4.0073900e+00  -7.4203818e-02   0.0000000e+00   1.5134219e-08
   1.7100000e+02   5.8254580e+01   4.0067600e+00  -7.4484466e-02   0.0000000e+00   1.5024039e-08
   1.7200000e+02   5.7925840e+01   4.0061390e+00  -7.4763913e-02   0.0000000e+00   1.4911634e-08
   1.7300000e+02   5.7600760e+01   4.0055280e+00  -7.5042098e-02   0.0000000e+00   1.4797003e-08
   1.7400000e+02   5.7279290e+01   4.0049250e+00  -7.5319069e-02   0.0000000e+00   1.4680123e-08
   1.7500000e+02   5.6961370e+01   4.0043310e+00  -7.5594809e-02   0.0000000e+00   1.4561096e-08
   1.7600000e+02   5.6646930e+01   4.0037450e+00  -7.5869362e-02   0.0000000e+00   1.4439941e-08
   1.7700000e+02   5.6335920e+01   4.0031670e+00  -7.6142683e-02   0.0000000e+00   1.4316637e-08
   1.7800000e+02   5.6028300e+01   4.0025970e+00  -7.6414797e-02   0.0000000e+00   1.4191245e-08
   1.7900000e+02   5.5724000e+01   4.0020340e+00  -7.6685724e-02   0.0000000e+00   1.4063789e-08
   1.8000000e+02   5.5422970e+01   4.0014790e+00  -7.6955428e-02   0.0000000e+00   1.3934255e-08
   1.8100000e+02   5.5125160e+01   4.0009300e+00  -7.7223967e-02   0.0000000e+00   1.3802722e-08
   1.8200000e+02   5.4830530e+01   4.0003890e+00  -7.7491281e-02   0.0000000e+00   1.3669167e-08
   1.8300000e+02   5.4539020e+01   3.9998540e+00  -7.7757433e-02   0.0000000e+00   1.3533730e-08
   1.8400000e+02   5.4250580e+01   3.9993250e+00  -7.8022393e-02   0.0000000e+00   1.3396271e-08
   1.8500000e+02   5.3965170e+01   3.9988030e+00  -7.8286146e-02   0.0000000e+00   1.3256973e-08
   1.8600000e+02   5.3682740e+01   3.9982870e+00  -7.8548727e-02   0.0000000e+00   1.3115741e-08
   1.8700000e+02   5.3403250e+01   3.9977760e+00  -7.8810148e-02   0.0000000e+00   1.2972664e-08
   1.8800000e+02   5.3126660e+01   3.9972710e+00  -7.9070358e-02   0.0000000e+00   1.2827732e-08
   1.8900000e+02   5.2852910e+01   3.9967720e+00  -7.9329393e-02   0.0000000e+00   1.2681058e-08
   1.9000000e+02   5.2581960e+01   3.9962780e+00  -7.9587239e-02   0.0000000e+00   1.2532556e-08
   1.9100000e+02   5.2313780e+01   3.9957890e+00  -7.9843916e-02   0.0000000e+00   1.2382292e-08
   1.9200000e+02   5.2048320e+01   3.9953050e+00  -8.0099417e-02   0.0000000e+00   1.2230377e-08
   1.9300000e+02   5.1785550e+01   3.9948260e+00  -8.0353729e-02   0.0000000e+00   1.2076749e-08
   1.9400000e+02   5.1525420e+01   3.9943520e+00  -8.0606839e-02   0.0000000e+00   1.1921389e-08
   1.9500000e+02   5.1267890e+01   3.9938820e+00  -8.0858799e-02   0.0000000e+00   1.1764448e-08
   1.9600000e+02   5.1012940e+01   3.9934160e+00  -8.1109571e-02   0.0000000e+00   1.1605905e-08
   1.9700000e+02   5.0760510e+01   3.9929550e+00  -8.1359149e-02   0.0000000e+00   1.1445719e-08
   1.9800000e+02   5.0510570e+01   3.9924980e+00  -8.1607552e-02   0.0000000e+00   1.1284068e-08
   1.9900000e+02   5.0263100e+01   3.9920440e+00  -8.1854771e-02   0.0000000e+00   1.1120816e-08
   2.0000000e+02   5.0018040e+01   3.9915940e+00  -8.2100805e-02   0.0000000e+00   1.0956047e-08
   2.0100000e+02   4.9775380e+01   3.9911480e+00  -8.2345658e-02   0.0000000e+00   1.0789848e-08
   2.0200000e+02   4.9535070e+01   3.9907060e+00  -8.2589313e-02   0.0000000e+00   1.0622253e-08
   2.0300000e+02   4.9297080e+01   3.9902660e+00  -8.2831795e-02   0.0000000e+00   1.0453130e-08
   2.0400000e+02   4.9061370e+01   3.9898310e+00  -8.3073044e-02   0.0000000e+00   1.0282704e-08
   2.0500000e+02   4.8827930e+01   3.9893980e+00  -8.3313134e-02   0.0000000e+00   1.0110866e-08
   2.0600000e+02   4.8596710e+01   3.9889680e+00  -8.3552030e-02   0.0000000e+00   9.9377308e-09
   2.0700000e+02   4.8367680e+01   3.9885410e+00  -8.3789722e-02   0.0000000e+00   9.7632535e-09
   2.0800000e+02   4.8140820e+01   3.9881170e+00  -8.4026206e-02   0.0000000e+00   9.5875018e-09
   2.0900000e+02   4.7916100e+01   3.9876960e+00  -8.4261485e-02   0.0000000e+00   9.4104875e-09
   2.1000000e+02   4.7693470e+01   3.9872770e+00  -8.4495557e-02   0.0000000e+00   9.2322276e-09
   2.1100000e+02   4.7472930e+01   3.9868610e+00  -8.4728430e-02   0.0000000e+00   9.0528488e-09
   2.1200000e+02   4.7254430e+01   3.9864470e+00  -8.4960098e-02   0.0000000e+00   8.8722191e-09
   2.1300000e+02   4.7037960e+01   3.9860350e+00  -8.5190553e-02   0.0000000e+00   8.6904500e-09
   2.1400000e+02   4.6823480e+01   3.9856260e+00  -8.5419773e-02   0.0000000e+00   8.5076003e-09
   2.1500000e+02   4.6610960e+01   3.9852190e+00  -8.5647771e-02   0.0000000e+00   8.3236419e-09
   2.1600000e+02   4.6400390e+01   3.9848130e+00  -8.5874599e-02   0.0000000e+00   8.1386973e-09
   2.1700000e+02   4.6191730e+01   3.9844100e+00  -8.6100147e-02   0.0000000e+00   7.9525759e-09
   2.1800000e+02   4.5984960e+01   3.9840080e+00  -8.6324507e-02   0.0000000e+00   7.7655626e-09
   2.1900000e+02   4.5780050e+01   3.9836080e+00  -8.6547644e-02   0.0000000e+00   7.5775623e-09
   2.2000000e+02   4.5576990e+01   3.9832100e+00  -8.6769505e-02   0.0000000e+00   7.3885681e-09
   2.2100000e+02   4.5375740e+01   3.9828140e+00  -8.6990137e-02   0.0000000e+00   7.1986407e-09
   2.2200000e+02   4.5176290e+01   3.9824190e+00  -8.7209542e-02   0.0000000e+00   7.0078282e-09
   2.2300000e+02   4.4978600e+01   3.9820250e+00  -8.7427705e-02   0.0000000e+00   6.8161133e-09
   2.2400000e+02   4.4782660e+01   3.9816330e+00  -8.7644624e-02   0.0000000e+00   6.6235980e-09
   2.2500000e+02   4.4588450e+01   3.9812420e+00  -8.7860300e-02   0.0000000e+00   6.4302615e-09
   2.2600000e+02   4.4395940e+01   3.9808520e+00  -8.8074729e-02   0.0000000e+00   6.2361041e-09
   2.2700000e+02   4.4205100e+01   3.9804640e+00  -8.8287871e-02   0.0000000e+00   6.0412272e-09
   2.2800000e+02   4.4015930e+01   3.9800760e+00  -8.8499796e-02   0.0000000e+00   5.8455880e-09
   2.2900000e+02   4.3828400e+01   3.9796900e+00  -8.8710435e-02   0.0000000e+00   5.6492422e-09
   2.3000000e+02   4.3642480e+01   3.9793040e+00  -8.8919828e-02   0.0000000e+00   5.4521942e-09
   2.3100000e+02   4.3458160e+01   3.9789190e+00  -8.9127953e-02   0.0000000e+00   5.2545002e-09
   2.3200000e+02   4.3275420e+01   3.9785350e+00  -8.9334793e-02   0.0000000e+00   5.0561044e-09
   2.3300000e+02   4.3094240e+01   3.9781520e+00  -8.9540360e-02   0.0000000e+00   4.8571550e-09
   2.3400000e+02   4.2914590e+01   3.9777700e+00  -8.9744663e-02   0.0000000e+00   4.6576870e-09
   2.3500000e+02   4.2736470e+01   3.9773880e+00  -8.9947675e-02   0.0000000e+00   4.4575943e-09
   2.3600000e+02   4.2559840e+01   3.9770070e+00  -9.0149403e-02   0.0000000e+00   4.2569830e-09
   2.3700000e+02   4.2384700e+01   3.9766260e+00  -9.0349869e-02   0.0000000e+00   4.0558711e-09
   2.3800000e+02   4.2211020e+01   3.9762460e+00  -9.0549026e-02   0.0000000e+00   3.8542663e-09
   2.3900000e+02   4.2038790e+01   3.9758660e+00  -9.0746896e-02   0.0000000e+00   3.6522378e-09
   2.4000000e+02   4.1867990e+01   3.9754870e+00  -9.0943458e-02   0.0000000e+00   3.4497550e-09
   2.4100000e+02   4.1698590e+01   3.9751080e+00  -9.1138746e-02   0.0000000e+00   3.2468902e-09
   2.4200000e+02   4.1530600e+01   3.9747290e+00  -9.1332732e-02   0.0000000e+00   3.0436312e-09
   2.4300000e+02   4.1363980e+01   3.9743510e+00  -9.1525388e-02   0.0000000e+00   2.8400446e-09
   2.4400000e+02   4.1198730e+01   3.9739720e+00  -9.1716785e-02   0.0000000e+00   2.6361113e-09
   2.4500000e+02   4.1034820e+01   3.9735940e+00  -9.1906841e-02   0.0000000e+00   2.4318853e-09
   2.4600000e+02   4.0872240e+01   3.9732160e+00  -9.2095588e-02   0.0000000e+00   2.2273761e-09
   2.4700000e+02   4.0710970e+01   3.9728380e+00  -9.2283023e-02   0.0000000e+00   2.0226352e-09
   2.4800000e+02   4.0551000e+01   3.9724600e+00  -9.2469148e-02   0.0000000e+00   1.8176446e-09
   2.4900000e+02   4.0392320e+01   3.9720820e+00  -9.2653947e-02   0.0000000e+00   1.6124662e-09
   2.5000000e+02   4.0234900e+01   3.9717030e+00  -9.2837442e-02   0.0000000e+00   1.4071092e-09
   2.5100000e+02   4.0078740e+01   3.9713250e+00  -9.3019599e-02   0.0000000e+00   1.2015809e-09
   2.5200000e+02   3.9923820e+01   3.9709470e+00  -9.3200419e-02   0.0000000e+00   9.9593633e-10
   2.5300000e+02   3.9770120e+01   3.9705680e+00  -9.3379920e-02   0.0000000e+00   7.9017542e-10
   2.5400000e+02   3.9617630e+01   3.9701890e+00  -9.3558095e-02   0.0000000e+00   5.8434261e-10
   2.5500000e+02   3.9466340e+01   3.9698100e+00  -9.3734938e-02   0.0000000e+00   3.7844451e-10
   2.5600000e+02   3.9316230e+01   3.9694310e+00  -9.3910430e-02   0.0000000e+00   1.7251085e-10
   2.5700000e+02   3.9167300e+01   3.9690510e+00  -9.4084597e-02   0.0000000e+00  -3.3436713e-11
   2.5800000e+02   3.9019520e+01   3.9686710e+00  -9.4257412e-02   0.0000000e+00  -2.3936628e-10
   2.5900000e+02   3.8872880e+01   3.9682900e+00  -9.4428915e-02   0.0000000e+00  -4.4526749e-10
   2.6000000e+02   3.8727370e+01   3.9679090e+00  -9.4599056e-02   0.0000000e+00  -6.5111977e-10
   2.6100000e+02   3.8582990e+01   3.9675270e+00  -9.4767865e-02   0.0000000e+00  -8.5688891e-10
   2.6200000e+02   3.8439700e+01   3.9671460e+00  -9.4935283e-02   0.0000000e+00  -1.0625497e-09
   2.6300000e+02   3.8297520e+01   3.9667630e+00  -9.5101400e-02   0.0000000e+00  -1.2680779e-09
   2.6400000e+02   3.8156410e+01   3.9663800e+00  -9.5266142e-02   0.0000000e+00  -1.4734771e-09
   2.6500000e+02   3.8016370e+01   3.9659960e+00  -9.5429555e-02   0.0000000e+00  -1.6786996e-09
   2.6600000e+02   3.7877390e+01   3.9656120e+00  -9.5591593e-02   0.0000000e+00  -1.8837222e-09
   2.6700000e+02   3.7739460e+01   3.9652270e+00  -9.5752281e-02   0.0000000e+00  -2.0885413e-09
   2.6800000e+02   3.7602560e+01   3.9648410e+00  -9.5911619e-02   0.0000000e+00  -2.2931160e-09
   2.6900000e+02   3.7466680e+01   3.9644550e+00  -9.6069589e-02   0.0000000e+00  -2.4974501e-09
   2.7000000e+02   3.7331820e+01   3.9640680e+00  -9.6226194e-02   0.0000000e+00  -2.7014960e-09
   2.7100000e+02   3.7197950e+01   3.9636800e+00  -9.6381455e-02   0.0000000e+00  -2.9052456e-09
   2.7200000e+02   3.7065080e+01   3.9632910e+00  -9.6535363e-02   0.0000000e+00  -3.1086691e-09
   2.7300000e+02   3.6933190e+01   3.9629020e+00  -9.6687876e-02   0.0000000e+00  -3.3117605e-09
   2.7400000e+02   3.6802270e+01   3.9625120e+00  -9.6839040e-02   0.0000000e+00  -3.5144858e-09
   2.7500000e+02   3.6672300e+01   3.9621200e+00  -9.6988873e-02   0.0000000e+00  -3.7168342e-09
   2.7600000e+02   3.6543290e+01   3.9617280e+00  -9.7137308e-02   0.0000000e+00  -3.9187602e-09
   2.7700000e+02   3.6415210e+01   3.9613360e+00  -9.7284354e-02   0.0000000e+00  -4.1202872e-09
   2.7800000e+02   3.6288070e+01   3.9609420e+00  -9.7430057e-02   0.0000000e+00  -4.3213654e-09
   2.7900000e+02   3.6161840e+01   3.9605470e+00  -9.7574405e-02   0.0000000e+00  -4.5219732e-09
   2.8000000e+02   3.6036520e+01   3.9601510e+00  -9.7717390e-02   0.0000000e+00  -4.7221018e-09
   2.8100000e+02   3.5912100e+01   3.9597540e+00  -9.7859002e-02   0.0000000e+00  -4.9217308e-09
   2.8200000e+02   3.5788580e+01   3.9593560e+00  -9.7999237e-02   0.0000000e+00  -5.1208291e-09
   2.8300000e+02   3.5665930e+01   3.9589580e+00  -9.8138084e-02   0.0000000e+00  -5.3193885e-09
   2.8400000e+02   3.5544160e+01   3.9585580e+00  -9.8275583e-02   0.0000000e+00  -5.5173969e-09
   2.8500000e+02   3.5423250e+01   3.9581570e+00  -9.8411720e-02   0.0000000e+00  -5.7148077e-09
   2.8600000e+02   3.5303190e+01   3.9577550e+00  -9.8546475e-02   0.0000000e+00  -5.9116348e-09
   2.8700000e+02   3.5183980e+01   3.9573510e+00  -9.8679895e-02   0.0000000e+00  -6.1078367e-09
   2.8800000e+02   3.5065610e+01   3.9569470e+00  -9.8811901e-02   0.0000000e+00  -6.3034220e-09
   2.8900000e+02   3.4948070e+01   3.9565410e+00  -9.8942576e-02   0.0000000e+00  -6.4983373e-09
   2.9000000e+02   3.4831350e+01   3.9561350e+00  -9.9071831e-02   0.0000000e+00  -6.6925785e-09
   2.9100000e+02   3.4715440e+01   3.9557270e+00  -9.9199760e-02   0.0000000e+00  -6.8861321e-09
   2.9200000e+02   3.4600330e+01   3.9553180e+00  -9.9326311e-02   0.0000000e+00  -7.0789861e-09
   2.9300000e+02   3.4486020e+01   3.9549070e+00  -9.9451513e-02   0.0000000e+00  -7.2711078e-09
   2.9400000e+02   3.4372500e+01   3.9544960e+00  -9.9575306e-02   0.0000000e+00  -7.4624924e-09
   2.9500000e+02   3.4259750e+01   3.9540830e+00  -9.9697771e-02   0.0000000e+00  -7.6531317e-09
   2.9600000e+02   3.4147780e+01   3.9536690e+00  -9.9818851e-02   0.0000000e+00  -7.8429679e-09
   2.9700000e+02   3.4036580e+01   3.9532530e+00  -9.9938595e-02   0.0000000e+00  -8.0320389e-09
   2.9800000e+02   3.3926130e+01   3.9528370e+00  -1.0005694e-01   0.0000000e+00  -8.2202738e-09
   2.9900000e+02   3.3816430e+01   3.9524190e+00  -1.0017393e-01   0.0000000e+00  -8.4076901e-09
   3.0000000e+02   3.3707470e+01   3.9519990e+00  -1.0028959e-01   0.0000000e+00  -8.5942590e-09
   3.0100000e+02   3.3599250e+01   3.9515780e+00  -1.0040386e-01   0.0000000e+00  -8.7799869e-09
   3.0200000e+02   3.3491750e+01   3.9511560e+00  -1.0051678e-01   0.0000000e+00  -8.9648348e-09
   3.0300000e+02   3.3384980e+01   3.9507330e+00  -1.0062832e-01   0.0000000e+00  -9.1487796e-09
   3.0400000e+02   3.3278920e+01   3.9503080e+00  -1.0073853e-01   0.0000000e+00  -9.3318323e-09
   3.0500000e+02   3.3173570e+01   3.9498810e+00  -1.0084740e-01   0.0000000e+00  -9.5139555e-09
   3.0600000e+02   3.3068920e+01   3.9494540e+00  -1.0095486e-01   0.0000000e+00  -9.6951388e-09
   3.0700000e+02   3.2964960e+01   3.9490240e+00  -1.0106102e-01   0.0000000e+00  -9.8753881e-09
   3.0800000e+02   3.2861690e+01   3.9485940e+00  -1.0116580e-01   0.0000000e+00  -1.0054651e-08
   3.0900000e+02   3.2759100e+01   3.9481610e+00  -1.0126927e-01   0.0000000e+00  -1.0232949e-08
   3.1000000e+02   3.2657180e+01   3.9477280e+00  -1.0137134e-01   0.0000000e+00  -1.0410232e-08
   3.1100000e+02   3.2555930e+01   3.9472930e+00  -1.0147209e-01   0.0000000e+00  -1.0586518e-08
   3.1200000e+02   3.2455340e+01   3.9468560e+00  -1.0157151e-01   0.0000000e+00  -1.0761782e-08
   3.1300000e+02   3.2355410e+01   3.9464180e+00  -1.0166957e-01   0.0000000e+00  -1.0935997e-08
   3.1400000e+02   3.2256120e+01   3.9459780e+00  -1.0176630e-01   0.0000000e+00  -1.1109169e-08
   3.1500000e+02   3.2157480e+01   3.9455370e+00  -1.0186169e-01   0.0000000e+00  -1.1281271e-08
   3.1600000e+02   3.2059480e+01   3.9450940e+00  -1.0195574e-01   0.0000000e+00  -1.1452299e-08
   3.1700000e+02   3.1962100e+01   3.9446490e+00  -1.0204849e-01   0.0000000e+00  -1.1622225e-08
   3.1800000e+02   3.1865360e+01   3.9442030e+00  -1.0213988e-01   0.0000000e+00  -1.1791055e-08
   3.1900000e+02   3.1769230e+01   3.9437550e+00  -1.0222995e-01   0.0000000e+00  -1.1958771e-08
   3.2000000e+02   3.1673710e+01   3.9433060e+00  -1.0231868e-01   0.0000000e+00  -1.2125344e-08
   3.2100000e+02   3.1578800e+01   3.9428550e+00  -1.0240611e-01   0.0000000e+00  -1.2290765e-08
   3.2200000e+02   3.1484500e+01   3.9424030e+00  -1.0249219e-01   0.0000000e+00  -1.2455048e-08
   3.2300000e+02   3.1390790e+01   3.9419490e+00  -1.0257697e-01   0.0000000e+00  -1.2618162e-08
   3.2400000e+02   3.1297670e+01   3.9414930e+00  -1.0266045e-01   0.0000000e+00  -1.2780088e-08
   3.2500000e+02   3.1205140e+01   3.9410350e+00  -1.0274262e-01   0.0000000e+00  -1.2940837e-08
   3.2600000e+02   3.1113190e+01   3.9405760e+00  -1.0282346e-01   0.0000000e+00  -1.3100355e-08
   3.2700000e+02   3.1021820e+01   3.9401150e+00  -1.0290300e-01   0.0000000e+00  -1.3258685e-08
   3.2800000e+02   3.0931010e+01   3.9396530e+00  -1.0298123e-01   0.0000000e+00  -1.3415766e-08
   3.2900000e+02   3.0840770e+01   3.9391890e+00  -1.0305817e-01   0.0000000e+00  -1.3571626e-08
   3.3000000e+02   3.0751100e+01   3.9387230e+00  -1.0313381e-01   0.0000000e+00  -1.3726231e-08
   3.3100000e+02   3.0661970e+01   3.9382550e+00  -1.0320817e-01   0.0000000e+00  -1.3879572e-08
   3.3200000e+02   3.0573400e+01   3.9377850e+00  -1.0328125e-01   0.0000000e+00  -1.4031652e-08
   3.3300000e+02   3.0485380e+01   3.9373140e+00  -1.0335301e-01   0.0000000e+00  -1.4182449e-08
   3.3400000e+02   3.0397890e+01   3.9368410e+00  -1.0342350e-01   0.0000000e+00  -1.4331967e-08
   3.3500000e+02   3.0310940e+01   3.9363670e+00  -1.0349269e-01   0.0000000e+00  -1.4480163e-08
   3.3600000e+02   3.0224520e+01   3.9358900e+00  -1.0356065e-01   0.0000000e+00  -1.4627054e-08
   3.3700000e+02   3.0138630e+01   3.9354120e+00  -1.0362731e-01   0.0000000e+00  -1.4772630e-08
   3.3800000e+02   3.0053260e+01   3.9349320e+00  -1.0369269e-01   0.0000000e+00  -1.4916884e-08
   3.3900000e+02   2.9968410e+01   3.9344500e+00  -1.0375683e-01   0.0000000e+00  -1.5059777e-08
   3.4000000e+02   2.9884070e+01   3.9339660e+00  -1.0381971e-01   0.0000000e+00  -1.5201348e-08
   3.4100000e+02   2.9800240e+01   3.9334810e+00  -1.0388130e-01   0.0000000e+00  -1.5341539e-08
   3.4200000e+02   2.9716910e+01   3.9329930e+00  -1.0394169e-01   0.0000000e+00  -1.5480397e-08
   3.4300000e+02   2.9634090e+01   3.9325040e+00  -1.0400078e-01   0.0000000e+00  -1.5617850e-08
   3.4400000e+02   2.9551760e+01   3.9320130e+00  -1.0405864e-01   0.0000000e+00  -1.5753939e-08
   3.4500000e+02   2.9469920e+01   3.9315200e+00  -1.0411527e-01   0.0000000e+00  -1.5888612e-08
   3.4600000e+02   2.9388570e+01   3.9310250e+00  -1.0417066e-01   0.0000000e+00  -1.6021910e-08
   3.4700000e+02   2.9307700e+01   3.9305290e+00  -1.0422480e-01   0.0000000e+00  -1.6153784e-08
   3.4800000e+02   2.9227310e+01   3.9300300e+00  -1.0427774e-01   0.0000000e+00  -1.6284273e-08
   3.4900000e+02   2.9147390e+01   3.9295300e+00  -1.0432943e-01   0.0000000e+00  -1.6413303e-08
   3.5000000e+02   2.9067950e+01   3.9290280e+00  -1.0437989e-01   0.0000000e+00  -1.6540927e-08
   3.5100000e+02   2.8988970e+01   3.9285230e+00  -1.0442918e-01   0.0000000e+00  -1.6667102e-08
   3.5200000e+02   2.8910460e+01   3.9280170e+00  -1.0447724e-01   0.0000000e+00  -1.6791836e-08
   3.5300000e+02   2.8832400e+01   3.9275090e+00  -1.0452408e-01   0.0000000e+00  -1.6915120e-08
   3.5400000e+02   2.8754800e+01   3.9269990e+00  -1.0456973e-01   0.0000000e+00  -1.7036943e-08
   3.5500000e+02   2.8677660e+01   3.9264870e+00  -1.0461418e-01   0.0000000e+00  -1.7157307e-08
   3.5600000e+02   2.8600960e+01   3.9259740e+00  -1.0465742e-01   0.0000000e+00  -1.7276188e-08
   3.5700000e+02   2.8524700e+01   3.9254580e+00  -1.0469949e-01   0.0000000e+00  -1.7393613e-08
   3.5800000e+02   2.8448890e+01   3.9249400e+00  -1.0474039e-01   0.0000000e+00  -1.7509544e-08
   3.5900000e+02   2.8373510e+01   3.9244200e+00  -1.0478010e-01   0.0000000e+00  -1.7623980e-08
   3.6000000e+02   2.8298570e+01   3.9238990e+00  -1.0481861e-01   0.0000000e+00  -1.7736931e-08
   3.6100000e+02   2.8224050e+01   3.9233750e+00  -1.0485599e-01   0.0000000e+00  -1.7848369e-08
   3.6200000e+02   2.8149960e+01   3.9228490e+00  -1.0489220e-01   0.0000000e+00  -1.7958313e-08
   3.6300000e+02   2.8076300e+01   3.9223220e+00  -1.0492723e-01   0.0000000e+00  -1.8066741e-08
   3.6400000e+02   2.8003050e+01   3.9217920e+00  -1.0496113e-01   0.0000000e+00  -1.8173660e-08
   3.6500000e+02   2.7930220e+01   3.9212600e+00  -1.0499388e-01   0.0000000e+00  -1.8279053e-08
   3.6600000e+02   2.7857810e+01   3.9207270e+00  -1.0502547e-01   0.0000000e+00  -1.8382917e-08
   3.6700000e+02   2.7785800e+01   3.9201910e+00  -1.0505594e-01   0.0000000e+00  -1.8485258e-08
   3.6800000e+02   2.7714200e+01   3.9196530e+00  -1.0508528e-01   0.0000000e+00  -1.8586061e-08
   3.6900000e+02   2.7643000e+01   3.9191140e+00  -1.0511345e-01   0.0000000e+00  -1.8685327e-08
   3.7000000e+02   2.7572200e+01   3.9185720e+00  -1.0514055e-01   0.0000000e+00  -1.8783050e-08
   3.7100000e+02   2.7501800e+01   3.9180280e+00  -1.0516652e-01   0.0000000e+00  -1.8879227e-08
   3.7200000e+02   2.7431790e+01   3.9174820e+00  -1.0519138e-01   0.0000000e+00  -1.8973853e-08
   3.7300000e+02   2.7362170e+01   3.9169340e+00  -1.0521513e-01   0.0000000e+00  -1.9066929e-08
   3.7400000e+02   2.7292940e+01   3.9163840e+00  -1.0523779e-01   0.0000000e+00  -1.9158443e-08
   3.7500000e+02   2.7224090e+01   3.9158320e+00  -1.0525934e-01   0.0000000e+00  -1.9248399e-08
   3.7600000e+02   2.7155630e+01   3.9152780e+00  -1.0527980e-01   0.0000000e+00  -1.9336798e-08
   3.7700000e+02   2.7087540e+01   3.9147220e+00  -1.0529919e-01   0.0000000e+00  -1.9423614e-08
   3.7800000e+02   2.7019830e+01   3.9141640e+00  -1.0531748e-01   0.0000000e+00  -1.9508870e-08
   3.7900000e+02   2.6952490e+01   3.9136030e+00  -1.0533474e-01   0.0000000e+00  -1.9592559e-08
   3.8000000e+02   2.6885520e+01   3.9130410e+00  -1.0535089e-01   0.0000000e+00  -1.9674667e-08
   3.8100000e+02   2.6818920e+01   3.9124760e+00  -1.0536602e-01   0.0000000e+00  -1.9755204e-08
   3.8200000e+02   2.6752680e+01   3.9119100e+00  -1.0538005e-01   0.0000000e+00  -1.9834155e-08
   3.8300000e+02   2.6686800e+01   3.9113410e+00  -1.0539307e-01   0.0000000e+00  -1.9911531e-08
   3.8400000e+02   2.6621280e+01   3.9107700e+00  -1.0540504e-01   0.0000000e+00  -1.9987316e-08
   3.8500000e+02   2.6556110e+01   3.9101970e+00  -1.0541597e-01   0.0000000e+00  -2.0061530e-08
   3.8600000e+02   2.6491300e+01   3.9096220e+00  -1.0542585e-01   0.0000000e+00  -2.0134153e-08
   3.8700000e+02   2.6426840e+01   3.9090440e+00  -1.0543474e-01   0.0000000e+00  -2.0205192e-08
   3.8800000e+02   2.6362720e+01   3.9084650e+00  -1.0544260e-01   0.0000000e+00  -2.0274635e-08
   3.8900000e+02   2.6298950e+01   3.9078830e+00  -1.0544945e-01   0.0000000e+00  -2.0342505e-08
   3.9000000e+02   2.6235520e+01   3.9073000e+00  -1.0545526e-01   0.0000000e+00  -2.0408769e-08
   3.9100000e+02   2.6172430e+01   3.9067140e+00  -1.0546010e-01   0.0000000e+00  -2.0473442e-08
   3.9200000e+02   2.6109680e+01   3.9061260e+00  -1.0546395e-01   0.0000000e+00  -2.0536519e-08
   3.9300000e+02   2.6047270e+01   3.9055360e+00  -1.0546679e-01   0.0000000e+00  -2.0598023e-08
   3.9400000e+02   2.5985180e+01   3.9049430e+00  -1.0546868e-01   0.0000000e+00  -2.0657934e-08
   3.9500000e+02   2.5923430e+01   3.9043490e+00  -1.0546956e-01   0.0000000e+00  -2.0716241e-08
   3.9600000e+02   2.5862000e+01   3.9037520e+00  -1.0546950e-01   0.0000000e+00  -2.0772954e-08
   3.9700000e+02   2.5800890e+01   3.9031530e+00  -1.0546848e-01   0.0000000e+00  -2.0828076e-08
   3.9800000e+02   2.5740110e+01   3.9025520e+00  -1.0546649e-01   0.0000000e+00  -2.0881607e-08
   3.9900000e+02   2.5679650e+01   3.9019490e+00  -1.0546354e-01   0.0000000e+00  -2.0933550e-08
   4.0000000e+02   2.5619510e+01   3.9013430e+00  -1.0545967e-01   0.0000000e+00  -2.0983914e-08
   4.0100000e+02   2.5559680e+01   3.9007350e+00  -1.0545485e-01   0.0000000e+00  -2.1032677e-08
   4.0200000e+02   2.5500170e+01   3.9001260e+00  -1.0544907e-01   0.0000000e+00  -2.1079846e-08
   4.0300000e+02   2.5440960e+01   3.8995130e+00  -1.0544241e-01   0.0000000e+00  -2.1125434e-08
   4.0400000e+02   2.5382060e+01   3.8988990e+00  -1.0543483e-01   0.0000000e+00  -2.1169433e-08
   4.0500000e+02   2.5323470e+01   3.8982830e+00  -1.0542630e-01   0.0000000e+00  -2.1211841e-08
   4.0600000e+02   2.5265190e+01   3.8976640e+00  -1.0541690e-01   0.0000000e+00  -2.1252677e-08
   4.0700000e+02   2.5207200e+01   3.8970430e+00  -1.0540659e-01   0.0000000e+00  -2.1291922e-08
   4.0800000e+02   2.5149520e+01   3.8964200e+00  -1.0539537e-01   0.0000000e+00  -2.1329584e-08
   4.0900000e+02   2.5092130e+01   3.8957940e+00  -1.0538331e-01   0.0000000e+00  -2.1365680e-08
   4.1000000e+02   2.5035040e+01   3.8951670e+00  -1.0537033e-01   0.0000000e+00  -2.1400194e-08
   4.1100000e+02   2.4978240e+01   3.8945370e+00  -1.0535649e-01   0.0000000e+00  -2.1433122e-08
   4.1200000e+02   2.4921730e+01   3.8939040e+00  -1.0534182e-01   0.0000000e+00  -2.1464496e-08
   4.1300000e+02   2.4865510e+01   3.8932700e+00  -1.0532624e-01   0.0000000e+00  -2.1494280e-08
   4.1400000e+02   2.4809580e+01   3.8926330e+00  -1.0530984e-01   0.0000000e+00  -2.1522514e-08
   4.1500000e+02   2.4753930e+01   3.8919940e+00  -1.0529259e-01   0.0000000e+00  -2.1549176e-08
   4.1600000e+02   2.4698570e+01   3.8913530e+00  -1.0527449e-01   0.0000000e+00  -2.1574279e-08
   4.1700000e+02   2.4643490e+01   3.8907100e+00  -1.0525553e-01   0.0000000e+00  -2.1597818e-08
   4.1800000e+02   2.4588680e+01   3.8900640e+00  -1.0523579e-01   0.0000000e+00  -2.1619800e-08
   4.1900000e+02   2.4534150e+01   3.8894160e+00  -1.0521523e-01   0.0000000e+00  -2.1640252e-08
   4.2000000e+02   2.4479900e+01   3.8887660e+00  -1.0519383e-01   0.0000000e+00  -2.1659126e-08
   4.2100000e+02   2.4425920e+01   3.8881130e+00  -1.0517167e-01   0.0000000e+00  -2.1676471e-08
   4.2200000e+02   2.4372210e+01   3.8874590e+00  -1.0514865e-01   0.0000000e+00  -2.1692277e-08
   4.2300000e+02   2.4318780e+01   3.8868020e+00  -1.0512487e-01   0.0000000e+00  -2.1706526e-08
   4.2400000e+02   2.4265600e+01   3.8861420e+00  -1.0510033e-01   0.0000000e+00  -2.1719263e-08
   4.2500000e+02   2.4212700e+01   3.8854800e+00  -1.0507499e-01   0.0000000e+00  -2.1730464e-08
   4.2600000e+02   2.4160060e+01   3.8848170e+00  -1.0504885e-01   0.0000000e+00  -2.1740129e-08
   4.2700000e+02   2.4107670e+01   3.8841500e+00  -1.0502200e-01   0.0000000e+00  -2.1748294e-08
   4.2800000e+02   2.4055550e+01   3.8834820e+00  -1.0499436e-01   0.0000000e+00  -2.1754922e-08
   4.2900000e+02   2.4003690e+01   3.8828110e+00  -1.0496598e-01   0.0000000e+00  -2.1760049e-08
   4.3000000e+02   2.3952090e+01   3.8821380e+00  -1.0493685e-01   0.0000000e+00  -2.1763660e-08
   4.3100000e+02   2.3900740e+01   3.8814620e+00  -1.0490700e-01   0.0000000e+00  -2.1765779e-08
   4.3200000e+02   2.3849640e+01   3.8807850e+00  -1.0487637e-01   0.0000000e+00  -2.1766391e-08
   4.3300000e+02   2.3798790e+01   3.8801050e+00  -1.0484507e-01   0.0000000e+00  -2.1765504e-08
   4.3400000e+02   2.3748200e+01   3.8794220e+00  -1.0481305e-01   0.0000000e+00  -2.1763136e-08
   4.3500000e+02   2.3697850e+01   3.8787380e+00  -1.0478029e-01   0.0000000e+00  -2.1759288e-08
   4.3600000e+02   2.3647750e+01   3.8780510e+00  -1.0474685e-01   0.0000000e+00  -2.1753958e-08
   4.3700000e+02   2.3597890e+01   3.8773610e+00  -1.0471275e-01   0.0000000e+00  -2.1747163e-08
   4.3800000e+02   2.3548270e+01   3.8766700e+00  -1.0467790e-01   0.0000000e+00  -2.1738898e-08
   4.3900000e+02   2.3498900e+01   3.8759760e+00  -1.0464238e-01   0.0000000e+00  -2.1729176e-08
   4.4000000e+02   2.3449770e+01   3.8752790e+00  -1.0460621e-01   0.0000000e+00  -2.1718005e-08
   4.4100000e+02   2.3400870e+01   3.8745810e+00  -1.0456934e-01   0.0000000e+00  -2.1705373e-08
   4.4200000e+02   2.3352210e+01   3.8738800e+00  -1.0453184e-01   0.0000000e+00  -2.1691314e-08
   4.4300000e+02   2.3303790e+01   3.8731770e+00  -1.0449365e-01   0.0000000e+00  -2.1675804e-08
   4.4400000e+02   2.3255600e+01   3.8724710e+00  -1.0445487e-01   0.0000000e+00  -2.1658872e-08
   4.4500000e+02   2.3207640e+01   3.8717630e+00  -1.0441540e-01   0.0000000e+00  -2.1640523e-08
   4.4600000e+02   2.3159910e+01   3.8710530e+00  -1.0437531e-01   0.0000000e+00  -2.1620741e-08
   4.4700000e+02   2.3112410e+01   3.8703400e+00  -1.0433461e-01   0.0000000e+00  -2.1599564e-08
   4.4800000e+02   2.3065140e+01   3.8696250e+00  -1.0429328e-01   0.0000000e+00  -2.1576981e-08
   4.4900000e+02   2.3018090e+01   3.8689080e+00  -1.0425133e-01   0.0000000e+00  -2.1553003e-08
   4.5000000e+02   2.2971270e+01   3.8681890e+00  -1.0420876e-01   0.0000000e+00  -2.1527623e-08
   4.5100000e+02   2.2924670e+01   3.8674670e+00  -1.0416561e-01   0.0000000e+00  -2.1500884e-08
   4.5200000e+02   2.2878300e+01   3.8667420e+00  -1.0412189e-01   0.0000000e+00  -2.1472752e-08
   4.5300000e+02   2.2832140e+01   3.8660160e+00  -1.0407752e-01   0.0000000e+00  -2.1443258e-08
   4.5400000e+02   2.2786200e+01   3.8652870e+00  -1.0403263e-01   0.0000000e+00  -2.1412410e-08
   4.5500000e+02   2.2740480e+01   3.8645550e+00  -1.0398716e-01   0.0000000e+00  -2.1380205e-08
   4.5600000e+02   2.2694970e+01   3.8638220e+00  -1.0394110e-01   0.0000000e+00  -2.1346647e-08
   4.5700000e+02   2.2649680e+01   3.8630860e+00  -1.0389449e-01   0.0000000e+00  -2.1311754e-08
   4.5800000e+02   2.2604600e+01   3.8623470e+00  -1.0384737e-01   0.0000000e+00  -2.1275547e-08
   4.5900000e+02   2.2559730e+01   3.8616070e+00  -1.0379964e-01   0.0000000e+00  -2.1238002e-08
   4.6000000e+02   2.2515070e+01   3.8608630e+00  -1.0375143e-01   0.0000000e+00  -2.1199159e-08
   4.6100000e+02   2.2470630e+01   3.8601180e+00  -1.0370265e-01   0.0000000e+00  -2.1158990e-08
   4.6200000e+02   2.2426390e+01   3.8593700e+00  -1.0365336e-01   0.0000000e+00  -2.1117545e-08
   4.6300000e+02   2.2382350e+01   3.8586200e+00  -1.0360355e-01   0.0000000e+00  -2.1074791e-08
   4.6400000e+02   2.2338520e+01   3.8578680e+00  -1.0355321e-01   0.0000000e+00  -2.1030765e-08
   4.6500000e+02   2.2294900e+01   3.8571130e+00  -1.0350240e-01   0.0000000e+00  -2.0985480e-08
   4.6600000e+02   2.2251470e+01   3.8563560e+00  -1.0345108e-01   0.0000000e+00  -2.0938923e-08
   4.6700000e+02   2.2208250e+01   3.8555960e+00  -1.0339928e-01   0.0000000e+00  -2.0891100e-08
   4.6800000e+02   2.2165230e+01   3.8548340e+00  -1.0334698e-01   0.0000000e+00  -2.0842045e-08
   4.6900000e+02   2.2122400e+01   3.8540700e+00  -1.0329419e-01   0.0000000e+00  -2.0791741e-08
   4.7000000e+02   2.2079780e+01   3.8533030e+00  -1.0324097e-01   0.0000000e+00  -2.0740221e-08
   4.7100000e+02   2.2037350e+01   3.8525340e+00  -1.0318725e-01   0.0000000e+00  -2.0687477e-08
   4.7200000e+02   2.1995110e+01   3.8517630e+00  -1.0313308e-01   0.0000000e+00  -2.0633527e-08
   4.7300000e+02   2.1953070e+01   3.8509890e+00  -1.0307847e-01   0.0000000e+00  -2.0578377e-08
   4.7400000e+02   2.1911220e+01   3.8502130e+00  -1.0302340e-01   0.0000000e+00  -2.0522032e-08
   4.7500000e+02   2.1869560e+01   3.8494350e+00  -1.0296790e-01   0.0000000e+00  -2.0464496e-08
   4.7600000e+02   2.1828090e+01   3.8486540e+00  -1.0291197e-01   0.0000000e+00  -2.0405803e-08
   4.7700000e+02   2.1786810e+01   3.8478710e+00  -1.0285562e-01   0.0000000e+00  -2.0345942e-08
   4.7800000e+02   2.1745720e+01   3.8470850e+00  -1.0279884e-01   0.0000000e+00  -2.0284935e-08
   4.7900000e+02   2.1704810e+01   3.8462980e+00  -1.0274166e-01   0.0000000e+00  -2.0222767e-08
   4.8000000e+02   2.1664090e+01   3.8455070e+00  -1.0268409e-01   0.0000000e+00  -2.0159470e-08
   4.8100000e+02   2.1623550e+01   3.8447150e+00  -1.0262609e-01   0.0000000e+00  -2.0095046e-08
   4.8200000e+02   2.1583200e+01   3.8439200e+00  -1.0256770e-01   0.0000000e+00  -2.0029521e-08
   4.8300000e+02   2.1543030e+01   3.8431230e+00  -1.0250893e-01   0.0000000e+00  -1.9962875e-08
   4.8400000e+02   2.1503040e+01   3.8423230e+00  -1.0244978e-01   0.0000000e+00  -1.9895142e-08
   4.8500000e+02   2.1463230e+01   3.8415210e+00  -1.0239026e-01   0.0000000e+00  -1.9826328e-08
   4.8600000e+02   2.1423590e+01   3.8407170e+00  -1.0233037e-01   0.0000000e+00  -1.9756434e-08
   4.8700000e+02   2.1384140e+01   3.8399100e+00  -1.0227014e-01   0.0000000e+00  -1.9685477e-08
   4.8800000e+02   2.1344860e+01   3.8391010e+00  -1.0220954e-01   0.0000000e+00  -1.9613477e-08
   4.8900000e+02   2.1305760e+01   3.8382900e+00  -1.0214857e-01   0.0000000e+00  -1.9540430e-08
   4.9000000e+02   2.1266830e+01   3.8374760e+00  -1.0208728e-01   0.0000000e+00  -1.9466348e-08
   4.9100000e+02   2.1228080e+01   3.8366600e+00  -1.0202565e-01   0.0000000e+00  -1.9391232e-08
   4.9200000e+02   2.1189490e+01   3.8358420e+00  -1.0196369e-01   0.0000000e+00  -1.9315111e-08
   4.9300000e+02   2.1151080e+01   3.8350210e+00  -1.0190141e-01   0.0000000e+00  -1.9237998e-08
   4.9400000e+02   2.1112840e+01   3.8341980e+00  -1.0183880e-01   0.0000000e+00  -1.9159882e-08
   4.9500000e+02   2.1074770e+01   3.8333730e+00  -1.0177586e-01   0.0000000e+00  -1.9080803e-08
   4.9600000e+02   2.1036860e+01   3.8325450e+00  -1.0171265e-01   0.0000000e+00  -1.9000745e-08
   4.9700000e+02   2.0999120e+01   3.8317150e+00  -1.0164913e-01   0.0000000e+00  -1.8919728e-08
   4.9800000e+02   2.0961550e+01   3.8308830e+00  -1.0158530e-01   0.0000000e+00  -1.8837762e-08
   4.9900000e+02   2.0924150e+01   3.8300480e+00  -1.0152121e-01   0.0000000e+00  -1.8754861e-08
   5.0000000e+02   2.0886910e+01   3.8292110e+00  -1.0145683e-01   0.0000000e+00  -1.8671034e-08
   5.0100000e+02   2.0849830e+01   3.8283710e+00  -1.0139218e-01   0.0000000e+00  -1.8586307e-08
   5.0200000e+02   2.0812910e+01   3.8275300e+00  -1.0132723e-01   0.0000000e+00  -1.8500664e-08
   5.0300000e+02   2.0776160e+01   3.8266860e+00  -1.0126203e-01   0.0000000e+00  -1.8414129e-08
   5.0400000e+02   2.0739560e+01   3.8258390e+00  -1.0119660e-01   0.0000000e+00  -1.8326710e-08
   5.0500000e+02   2.0703130e+01   3.8249910e+00  -1.0113087e-01   0.0000000e+00  -1.8238422e-08
   5.0600000e+02   2.0666850e+01   3.8241400e+00  -1.0106491e-01   0.0000000e+00  -1.8149287e-08
   5.0700000e+02   2.0630730e+01   3.8232870e+00  -1.0099872e-01   0.0000000e+00  -1.8059294e-08
   5.0800000e+02   2.0594770e+01   3.8224310e+00  -1.0093229e-01   0.0000000e+00  -1.7968462e-08
   5.0900000e+02   2.0558960e+01   3.8215730e+00  -1.0086563e-01   0.0000000e+00  -1.7876822e-08
   5.1000000e+02   2.0523310e+01   3.8207130e+00  -1.0079873e-01   0.0000000e+00  -1.7784359e-08
   5.1100000e+02   2.0487810e+01   3.8198500e+00  -1.0073164e-01   0.0000000e+00  -1.7691100e-08
   5.1200000e+02   2.0452460e+01   3.8189860e+00  -1.0066430e-01   0.0000000e+00  -1.7597048e-08
   5.1300000e+02   2.0417270e+01   3.8181180e+00  -1.0059679e-01   0.0000000e+00  -1.7502210e-08
   5.1400000e+02   2.0382230e+01   3.8172490e+00  -1.0052904e-01   0.0000000e+00  -1.7406617e-08
   5.1500000e+02   2.0347330e+01   3.8163770e+00  -1.0046113e-01   0.0000000e+00  -1.7310259e-08
   5.1600000e+02   2.0312590e+01   3.8155030e+00  -1.0039300e-01   0.0000000e+00  -1.7213171e-08
   5.1700000e+02   2.0278000e+01   3.8146270e+00  -1.0032469e-01   0.0000000e+00  -1.7115334e-08
   5.1800000e+02   2.0243550e+01   3.8137490e+00  -1.0025617e-01   0.0000000e+00  -1.7016790e-08
   5.1900000e+02   2.0209250e+01   3.8128680e+00  -1.0018751e-01   0.0000000e+00  -1.6917538e-08
   5.2000000e+02   2.0175090e+01   3.8119850e+00  -1.0011868e-01   0.0000000e+00  -1.6817586e-08
   5.2100000e+02   2.0141090e+01   3.8110990e+00  -1.0004969e-01   0.0000000e+00  -1.6716948e-08
   5.2200000e+02   2.0107220e+01   3.8102120e+00  -9.9980483e-02   0.0000000e+00  -1.6615630e-08
   5.2300000e+02   2.0073500e+01   3.8093220e+00  -9.9911179e-02   0.0000000e+00  -1.6513666e-08
   5.2400000e+02   2.0039920e+01   3.8084300e+00  -9.9841700e-02   0.0000000e+00  -1.6411044e-08
   5.2500000e+02   2.0006490e+01   3.8075350e+00  -9.9772081e-02   0.0000000e+00  -1.6307784e-08
   5.2600000e+02   1.9973190e+01   3.8066390e+00  -9.9702302e-02   0.0000000e+00  -1.6203904e-08
   5.2700000e+02   1.9940040e+01   3.8057400e+00  -9.9632401e-02   0.0000000e+00  -1.6099404e-08
   5.2800000e+02   1.9907020e+01   3.8048390e+00  -9.9562361e-02   0.0000000e+00  -1.5994299e-08
   5.2900000e+02   1.9874140e+01   3.8039350e+00  -9.9492223e-02   0.0000000e+00  -1.5888613e-08
   5.3000000e+02   1.9841400e+01   3.8030300e+00  -9.9421926e-02   0.0000000e+00  -1.5782339e-08
   5.3100000e+02   1.9808800e+01   3.8021220e+00  -9.9351524e-02   0.0000000e+00  -1.5675508e-08
   5.3200000e+02   1.9776330e+01   3.8012120e+00  -9.9281008e-02   0.0000000e+00  -1.5568114e-08
   5.3300000e+02   1.9744000e+01   3.8002990e+00  -9.9210417e-02   0.0000000e+00  -1.5460188e-08
   5.3400000e+02   1.9711810e+01   3.7993850e+00  -9.9139680e-02   0.0000000e+00  -1.5351721e-08
   5.3500000e+02   1.9679750e+01   3.7984680e+00  -9.9068868e-02   0.0000000e+00  -1.5242742e-08
   5.3600000e+02   1.9647820e+01   3.7975490e+00  -9.8997965e-02   0.0000000e+00  -1.5133266e-08
   5.3700000e+02   1.9616020e+01   3.7966280e+00  -9.8926935e-02   0.0000000e+00  -1.5023285e-08
   5.3800000e+02   1.9584360e+01   3.7957050e+00  -9.8855832e-02   0.0000000e+00  -1.4912827e-08
   5.3900000e+02   1.9552830e+01   3.7947790e+00  -9.8784678e-02   0.0000000e+00  -1.4801889e-08
   5.4000000e+02   1.9521420e+01   3.7938510e+00  -9.8713447e-02   0.0000000e+00  -1.4690498e-08
   5.4100000e+02   1.9490150e+01   3.7929210e+00  -9.8642113e-02   0.0000000e+00  -1.4578650e-08
   5.4200000e+02   1.9459010e+01   3.7919890e+00  -9.8570717e-02   0.0000000e+00  -1.4466370e-08
   5.4300000e+02   1.9427990e+01   3.7910550e+00  -9.8499259e-02   0.0000000e+00  -1.4353675e-08
   5.4400000e+02   1.9397100e+01   3.7901190e+00  -9.8427735e-02   0.0000000e+00  -1.4240572e-08
   5.4500000e+02   1.9366340e+01   3.7891800e+00  -9.8356159e-02   0.0000000e+00  -1.4127062e-08
   5.4600000e+02   1.9335700e+01   3.7882390e+00  -9.8284560e-02   0.0000000e+00  -1.4013171e-08
   5.4700000e+02   1.9305190e+01   3.7872960e+00  -9.8212900e-02   0.0000000e+00  -1.3898908e-08
   5.4800000e+02   1.9274800e+01   3.7863510e+00  -9.8141182e-02   0.0000000e+00  -1.3784269e-08
   5.4900000e+02   1.9244540e+01   3.7854040e+00  -9.8069407e-02   0.0000000e+00  -1.3669285e-08
   5.5000000e+02   1.9214400e+01   3.7844540e+00  -9.7997641e-02   0.0000000e+00  -1.3553968e-08
   5.5100000e+02   1.9184390e+01   3.7835030e+00  -9.7925797e-02   0.0000000e+00  -1.3438306e-08
   5.5200000e+02   1.9154490e+01   3.7825490e+00  -9.7853981e-02   0.0000000e+00  -1.3322355e-08
   5.5300000e+02   1.9124720e+01   3.7815940e+00  -9.7782061e-02   0.0000000e+00  -1.3206085e-08
   5.5400000e+02   1.9095060e+01   3.7806360e+00  -9.7710179e-02   0.0000000e+00  -1.3089510e-08
   5.5500000e+02   1.9065530e+01   3.7796760e+00  -9.7638264e-02   0.0000000e+00  -1.2972660e-08
   5.5600000e+02   1.9036120e+01   3.7787140e+00  -9.7566321e-02   0.0000000e+00  -1.2855548e-08
   5.5700000e+02   1.9006820e+01   3.7777490e+00  -9.7494417e-02   0.0000000e+00  -1.2738185e-08
   5.5800000e+02   1.8977640e+01   3.7767830e+00  -9.7422466e-02   0.0000000e+00  -1.2620562e-08
   5.5900000e+02   1.8948580e+01   3.7758150e+00  -9.7350526e-02   0.0000000e+00  -1.2502726e-08
   5.6000000e+02   1.8919640e+01   3.7748440e+00  -9.7278579e-02   0.0000000e+00  -1.2384643e-08
   5.6100000e+02   1.8890810e+01   3.7738720e+00  -9.7206623e-02   0.0000000e+00  -1.2266368e-08
   5.6200000e+02   1.8862100e+01   3.7728970e+00  -9.7134695e-02   0.0000000e+00  -1.2147885e-08
   5.6300000e+02   1.8833500e+01   3.7719210e+00  -9.7062766e-02   0.0000000e+00  -1.2029218e-08
   5.6400000e+02   1.8805020e+01   3.7709420e+00  -9.6990848e-02   0.0000000e+00  -1.1910366e-08
   5.6500000e+02   1.8776650e+01   3.7699610e+00  -9.6918950e-02   0.0000000e+00  -1.1791355e-08
   5.6600000e+02   1.8748390e+01   3.7689780e+00  -9.6847077e-02   0.0000000e+00  -1.1672198e-08
   5.6700000e+02   1.8720240e+01   3.7679930e+00  -9.6775238e-02   0.0000000e+00  -1.1552889e-08
   5.6800000e+02   1.8692210e+01   3.7670070e+00  -9.6703380e-02   0.0000000e+00  -1.1433451e-08
   5.6900000e+02   1.8664290e+01   3.7660180e+00  -9.6631600e-02   0.0000000e+00  -1.1313905e-08
   5.7000000e+02   1.8636470e+01   3.7650270e+00  -9.6559823e-02   0.0000000e+00  -1.1194242e-08
   5.7100000e+02   1.8608770e+01   3.7640340e+00  -9.6488088e-02   0.0000000e+00  -1.1074488e-08
   5.7200000e+02   1.8581180e+01   3.7630390e+00  -9.6416393e-02   0.0000000e+00  -1.0954642e-08
   5.7300000e+02   1.8553690e+01   3.7620420e+00  -9.6344757e-02   0.0000000e+00  -1.0834726e-08
   5.7400000e+02   1.8526320e+01   3.7610430e+00  -9.6273121e-02   0.0000000e+00  -1.0714740e-08
   5.7500000e+02   1.8499050e+01   3.7600420e+00  -9.6201555e-02   0.0000000e+00  -1.0594712e-08
   5.7600000e+02   1.8471890e+01   3.7590400e+00  -9.6130014e-02   0.0000000e+00  -1.0474629e-08
   5.7700000e+02   1.8444830e+01   3.7580350e+00  -9.6058561e-02   0.0000000e+00  -1.0354528e-08
   5.7800000e+02   1.8417880e+01   3.7570280e+00  -9.5987155e-02   0.0000000e+00  -1.0234422e-08
   5.7900000e+02   1.8391040e+01   3.7560190e+00  -9.5915793e-02   0.0000000e+00  -1.0114280e-08
   5.8000000e+02   1.8364300e+01   3.7550090e+00  -9.5844473e-02   0.0000000e+00  -9.9941470e-09
   5.8100000e+02   1.8337660e+01   3.7539960e+00  -9.5773255e-02   0.0000000e+00  -9.8740427e-09
   5.8200000e+02   1.8311130e+01   3.7529820e+00  -9.5702052e-02   0.0000000e+00  -9.7539544e-09
   5.8300000e+02   1.8284700e+01   3.7519650e+00  -9.5630946e-02   0.0000000e+00  -9.6338958e-09
   5.8400000e+02   1.8258370e+01   3.7509470e+00  -9.5559904e-02   0.0000000e+00  -9.5138942e-09
   5.8500000e+02   1.8232150e+01   3.7499270e+00  -9.5488922e-02   0.0000000e+00  -9.3939230e-09
   5.8600000e+02   1.8206020e+01   3.7489050e+00  -9.5418018e-02   0.0000000e+00  -9.2740318e-09
   5.8700000e+02   1.8180000e+01   3.7478810e+00  -9.5347184e-02   0.0000000e+00  -9.1542346e-09
   5.8800000e+02   1.8154080e+01   3.7468550e+00  -9.5276433e-02   0.0000000e+00  -9.0344998e-09
   5.8900000e+02   1.8128250e+01   3.7458270e+00  -9.5205781e-02   0.0000000e+00  -8.9148785e-09
   5.9000000e+02   1.8102530e+01   3.7447970e+00  -9.5135183e-02   0.0000000e+00  -8.7953632e-09
   5.9100000e+02   1.8076900e+01   3.7437660e+00  -9.5064653e-02   0.0000000e+00  -8.6759605e-09
   5.9200000e+02   1.8051380e+01   3.7427330e+00  -9.4994228e-02   0.0000000e+00  -8.5566824e-09
   5.9300000e+02   1.8025950e+01   3.7416970e+00  -9.4923889e-02   0.0000000e+00  -8.4375659e-09
   5.9400000e+02   1.8000610e+01   3.7406600e+00  -9.4853648e-02   0.0000000e+00  -8.3185734e-09
   5.9500000e+02   1.7975380e+01   3.7396220e+00  -9.4783476e-02   0.0000000e+00  -8.1997372e-09
   5.9600000e+02   1.7950240e+01   3.7385810e+00  -9.4713392e-02   0.0000000e+00  -8.0810911e-09
   5.9700000e+02   1.7925190e+01   3.7375390e+00  -9.4643419e-02   0.0000000e+00  -7.9626018e-09
   5.9800000e+02   1.7900250e+01   3.7364940e+00  -9.4573539e-02   0.0000000e+00  -7.8443048e-09
   5.9900000e+02   1.7875390e+01   3.7354480e+00  -9.4503772e-02   0.0000000e+00  -7.7262050e-09
   6.0000000e+02   1.7850630e+01   3.7344010e+00  -9.4434044e-02   0.0000000e+00  -7.6083139e-09
   6.0100000e+02   1.7825960e+01   3.7333510e+00  -9.4364467e-02   0.0000000e+00  -7.4906457e-09
   6.0200000e+02   1.7801390e+01   3.7323000e+00  -9.4294984e-02   0.0000000e+00  -7.3732030e-09
   6.0300000e+02   1.7776910e+01   3.7312470e+00  -9.4225584e-02   0.0000000e+00  -7.2559842e-09
   6.0400000e+02   1.7752520e+01   3.7301920e+00  -9.4156306e-02   0.0000000e+00  -7.1390225e-09
   6.0500000e+02   1.7728220e+01   3.7291350e+00  -9.4087121e-02   0.0000000e+00  -7.0223118e-09
   6.0600000e+02   1.7704020e+01   3.7280770e+00  -9.4018055e-02   0.0000000e+00  -6.9058602e-09
   6.0700000e+02   1.7679900e+01   3.7270170e+00  -9.3949096e-02   0.0000000e+00  -6.7896817e-09
   6.0800000e+02   1.7655870e+01   3.7259550e+00  -9.3880260e-02   0.0000000e+00  -6.6737848e-09
   6.0900000e+02   1.7631940e+01   3.7248920e+00  -9.3811490e-02   0.0000000e+00  -6.5581756e-09
   6.1000000e+02   1.7608090e+01   3.7238270e+00  -9.3742870e-02   0.0000000e+00  -6.4428671e-09
   6.1100000e+02   1.7584340e+01   3.7227600e+00  -9.3674338e-02   0.0000000e+00  -6.3278683e-09
   6.1200000e+02   1.7560670e+01   3.7216920e+00  -9.3605908e-02   0.0000000e+00  -6.2131818e-09
   6.1300000e+02   1.7537080e+01   3.7206220e+00  -9.3537625e-02   0.0000000e+00  -6.0988227e-09
   6.1400000e+02   1.7513590e+01   3.7195500e+00  -9.3469449e-02   0.0000000e+00  -5.9847991e-09
   6.1500000e+02   1.7490180e+01   3.7184760e+00  -9.3401408e-02   0.0000000e+00  -5.8711142e-09
   6.1600000e+02   1.7466860e+01   3.7174010e+00  -9.3333481e-02   0.0000000e+00  -5.7577826e-09
   6.1700000e+02   1.7443630e+01   3.7163250e+00  -9.3265613e-02   0.0000000e+00  -5.6448083e-09
   6.1800000e+02   1.7420480e+01   3.7152470e+00  -9.3197890e-02   0.0000000e+00  -5.5322014e-09
   6.1900000e+02   1.7397420e+01   3.7141670e+00  -9.3130317e-02   0.0000000e+00  -5.4199701e-09
   6.2000000e+02   1.7374440e+01   3.7130850e+00  -9.3062870e-02   0.0000000e+00  -5.3081219e-09
   6.2100000e+02   1.7351540e+01   3.7120020e+00  -9.2995510e-02   0.0000000e+00  -5.1966665e-09
   6.2200000e+02   1.7328730e+01   3.7109170e+00  -9.2928312e-02   0.0000000e+00  -5.0856080e-09
   6.2300000e+02   1.7306010e+01   3.7098310e+00  -9.2861208e-02   0.0000000e+00  -4.9749577e-09
   6.2400000e+02   1.7283360e+01   3.7087440e+00  -9.2794211e-02   0.0000000e+00  -4.8647189e-09
   6.2500000e+02   1.7260800e+01   3.7076540e+00  -9.2727355e-02   0.0000000e+00  -4.7549075e-09
   6.2600000e+02   1.7238320e+01   3.7065630e+00  -9.2660640e-02   0.0000000e+00  -4.6455237e-09
   6.2700000e+02   1.7215920e+01   3.7054710e+00  -9.2594036e-02   0.0000000e+00  -4.5365785e-09
   6.2800000e+02   1.7193610e+01   3.7043770e+00  -9.2527534e-02   0.0000000e+00  -4.4280775e-09
   6.2900000e+02   1.7171370e+01   3.7032820e+00  -9.2461178e-02   0.0000000e+00  -4.3200268e-09
   6.3000000e+02   1.7149220e+01   3.7021850e+00  -9.2394959e-02   0.0000000e+00  -4.2124364e-09
   6.3100000e+02   1.7127140e+01   3.7010860e+00  -9.2328866e-02   0.0000000e+00  -4.1053149e-09
   6.3200000e+02   1.7105150e+01   3.6999870e+00  -9.2262871e-02   0.0000000e+00  -3.9986640e-09
   6.3300000e+02   1.7083230e+01   3.6988850e+00  -9.2197044e-02   0.0000000e+00  -3.8924997e-09
   6.3400000e+02   1.7061390e+01   3.6977830e+00  -9.2131296e-02   0.0000000e+00  -3.7868158e-09
   6.3500000e+02   1.7039630e+01   3.6966780e+00  -9.2065713e-02   0.0000000e+00  -3.6816308e-09
   6.3600000e+02   1.7017950e+01   3.6955730e+00  -9.2000233e-02   0.0000000e+00  -3.5769422e-09
   6.3700000e+02   1.6996350e+01   3.6944660e+00  -9.1934886e-02   0.0000000e+00  -3.4727642e-09
   6.3800000e+02   1.6974820e+01   3.6933570e+00  -9.1869703e-02   0.0000000e+00  -3.3691032e-09
   6.3900000e+02   1.6953370e+01   3.6922470e+00  -9.1804609e-02   0.0000000e+00  -3.2659610e-09
   6.4000000e+02   1.6932000e+01   3.6911360e+00  -9.1739645e-02   0.0000000e+00  -3.1633428e-09
   6.4100000e+02   1.6910710e+01   3.6900230e+00  -9.1674822e-02   0.0000000e+00  -3.0612633e-09
   6.4200000e+02   1.6889480e+01   3.6889090e+00  -9.1610130e-02   0.0000000e+00  -2.9597146e-09
   6.4300000e+02   1.6868340e+01   3.6877940e+00  -9.1545557e-02   0.0000000e+00  -2.8587175e-09
   6.4400000e+02   1.6847270e+01   3.6866770e+00  -9.1481117e-02   0.0000000e+00  -2.7582719e-09
   6.4500000e+02   1.6826270e+01   3.6855590e+00  -9.1416782e-02   0.0000000e+00  -2.6583819e-09
   6.4600000e+02   1.6805350e+01   3.6844390e+00  -9.1352618e-02   0.0000000e+00  -2.5590572e-09
   6.4700000e+02   1.6784500e+01   3.6833180e+00  -9.1288557e-02   0.0000000e+00  -2.4602982e-09
   6.4800000e+02   1.6763730e+01   3.6821960e+00  -9.1224623e-02   0.0000000e+00  -2.3621179e-09
   6.4900000e+02   1.6743020e+01   3.6810730e+00  -9.1160820e-02   0.0000000e+00  -2.2645162e-09
   6.5000000e+02   1.6722400e+01   3.6799480e+00  -9.1097141e-02   0.0000000e+00  -2.1675008e-09
   6.5100000e+02   1.6701840e+01   3.6788220e+00  -9.1033594e-02   0.0000000e+00  -2.0710745e-09
   6.5200000e+02   1.6681350e+01   3.6776950e+00  -9.0970157e-02   0.0000000e+00  -1.9752433e-09
   6.5300000e+02   1.6660940e+01   3.6765660e+00  -9.0906879e-02   0.0000000e+00  -1.8800181e-09
   6.5400000e+02   1.6640600e+01   3.6754360e+00  -9.0843713e-02   0.0000000e+00  -1.7853937e-09
   6.5500000e+02   1.6620330e+01   3.6743050e+00  -9.0780661e-02   0.0000000e+00  -1.6913852e-09
   6.5600000e+02   1.6600120e+01   3.6731730e+00  -9.0717735e-02   0.0000000e+00  -1.5979913e-09
   6.5700000e+02   1.6579990e+01   3.6720400e+00  -9.0654929e-02   0.0000000e+00  -1.5052194e-09
   6.5800000e+02   1.6559930e+01   3.6709050e+00  -9.0592263e-02   0.0000000e+00  -1.4130733e-09
   6.5900000e+02   1.6539940e+01   3.6697690e+00  -9.0529715e-02   0.0000000e+00  -1.3215579e-09
   6.6000000e+02   1.6520020e+01   3.6686320e+00  -9.0467283e-02   0.0000000e+00  -1.2306789e-09
   6.6100000e+02   1.6500160e+01   3.6674940e+00  -9.0404982e-02   0.0000000e+00  -1.1404368e-09
   6.6200000e+02   1.6480380e+01   3.6663540e+00  -9.0342808e-02   0.0000000e+00  -1.0508421e-09
   6.6300000e+02   1.6460660e+01   3.6652140e+00  -9.0280739e-02   0.0000000e+00  -9.6189180e-10
   6.6400000e+02   1.6441010e+01   3.6640720e+00  -9.0218806e-02   0.0000000e+00  -8.7359705e-10
   6.6500000e+02   1.6421430e+01   3.6629290e+00  -9.0156997e-02   0.0000000e+00  -7.8596254e-10
   6.6600000e+02   1.6401910e+01   3.6617850e+00  -9.0095304e-02   0.0000000e+00  -6.9898125e-10
   6.6700000e+02   1.6382460e+01   3.6606400e+00  -9.0033722e-02   0.0000000e+00  -6.1267099e-10
   6.6800000e+02   1.6363080e+01   3.6594940e+00  -8.9972254e-02   0.0000000e+00  -5.2702741e-10
   6.6900000e+02   1.6343760e+01   3.6583470e+00  -8.9910917e-02   0.0000000e+00  -4.4205309e-10
   6.7000000e+02   1.6324510e+01   3.6571980e+00  -8.9849712e-02   0.0000000e+00  -3.5775740e-10
   6.7100000e+02   1.6305330e+01   3.6560490e+00  -8.9788584e-02   0.0000000e+00  -2.7413998e-10
   6.7200000e+02   1.6286200e+01   3.6548980e+00  -8.9727612e-02   0.0000000e+00  -1.9120739e-10
   6.7300000e+02   1.6267150e+01   3.6537470e+00  -8.9666715e-02   0.0000000e+00  -1.0896145e-10
   6.7400000e+02   1.6248160e+01   3.6525940e+00  -8.9605973e-02   0.0000000e+00  -2.7403797e-11
   6.7500000e+02   1.6229230e+01   3.6514410e+00  -8.9545310e-02   0.0000000e+00   5.3458828e-11
   6.7600000e+02   1.6210360e+01   3.6502860e+00  -8.9484781e-02   0.0000000e+00   1.3362889e-10
   6.7700000e+02   1.6191560e+01   3.6491300e+00  -8.9424376e-02   0.0000000e+00   2.1309839e-10
   6.7800000e+02   1.6172830e+01   3.6479740e+00  -8.9364035e-02   0.0000000e+00   2.9186431e-10
   6.7900000e+02   1.6154150e+01   3.6468160e+00  -8.9303849e-02   0.0000000e+00   3.6992547e-10
   6.8000000e+02   1.6135540e+01   3.6456570e+00  -8.9243773e-02   0.0000000e+00   4.4728041e-10
   6.8100000e+02   1.6116990e+01   3.6444980e+00  -8.9183774e-02   0.0000000e+00   5.2392083e-10
   6.8200000e+02   1.6098500e+01   3.6433370e+00  -8.9123909e-02   0.0000000e+00   5.9984950e-10
   6.8300000e+02   1.6080070e+01   3.6421760e+00  -8.9064130e-02   0.0000000e+00   6.7506355e-10
   6.8400000e+02   1.6061710e+01   3.6410140e+00  -8.9004462e-02   0.0000000e+00   7.4955686e-10
   6.8500000e+02   1.6043400e+01   3.6398500e+00  -8.8944926e-02   0.0000000e+00   8.2333094e-10
   6.8600000e+02   1.6025160e+01   3.6386860e+00  -8.8885461e-02   0.0000000e+00   8.9638226e-10
   6.8700000e+02   1.6006980e+01   3.6375210e+00  -8.8826115e-02   0.0000000e+00   9.6870823e-10
   6.8800000e+02   1.5988850e+01   3.6363550e+00  -8.8766856e-02   0.0000000e+00   1.0403073e-09
   6.8900000e+02   1.5970790e+01   3.6351880e+00  -8.8707712e-02   0.0000000e+00   1.1111785e-09
   6.9000000e+02   1.5952780e+01   3.6340200e+00  -8.8648685e-02   0.0000000e+00   1.1813173e-09
   6.9100000e+02   1.5934840e+01   3.6328520e+00  -8.8589710e-02   0.0000000e+00   1.2507203e-09
   6.9200000e+02   1.5916950e+01   3.6316820e+00  -8.8530875e-02   0.0000000e+00   1.3193906e-09
   6.9300000e+02   1.5899120e+01   3.6305120e+00  -8.8472123e-02   0.0000000e+00   1.3873245e-09
   6.9400000e+02   1.5881350e+01   3.6293410e+00  -8.8413466e-02   0.0000000e+00   1.4545168e-09
   6.9500000e+02   1.5863640e+01   3.6281690e+00  -8.8354909e-02   0.0000000e+00   1.5209711e-09
   6.9600000e+02   1.5845980e+01   3.6269960e+00  -8.8296449e-02   0.0000000e+00   1.5866841e-09
   6.9700000e+02   1.5828390e+01   3.6258230e+00  -8.8238063e-02   0.0000000e+00   1.6516531e-09
   6.9800000e+02   1.5810850e+01   3.6246490e+00  -8.8179766e-02   0.0000000e+00   1.7158765e-09
   6.9900000e+02   1.5793360e+01   3.6234740e+00  -8.8121587e-02   0.0000000e+00   1.7793566e-09
   7.0000000e+02   1.5775940e+01   3.6222980e+00  -8.8063482e-02   0.0000000e+00   1.8420932e-09
   7.0100000e+02   1.5758570e+01   3.6211210e+00  -8.8005484e-02   0.0000000e+00   1.9040766e-09
   7.0200000e+02   1.5741250e+01   3.6199440e+00  -8.7947538e-02   0.0000000e+00   1.9653136e-09
   7.0300000e+02   1.5723990e+01   3.6187660e+00  -8.7889707e-02   0.0000000e+00   2.0257965e-09
   7.0400000e+02   1.5706790e+01   3.6175870e+00  -8.7831960e-02   0.0000000e+00   2.0855327e-09
   7.0500000e+02   1.5689640e+01   3.6164080e+00  -8.7774266e-02   0.0000000e+00   2.1445177e-09
   7.0600000e+02   1.5672550e+01   3.6152280e+00  -8.7716673e-02   0.0000000e+00   2.2027456e-09
   7.0700000e+02   1.5655510e+01   3.6140470e+00  -8.7659174e-02   0.0000000e+00   2.2602244e-09
   7.0800000e+02   1.5638530e+01   3.6128650e+00  -8.7601753e-02   0.0000000e+00   2.3169526e-09
   7.0900000e+02   1.5621600e+01   3.6116830e+00  -8.7544399e-02   0.0000000e+00   2.3729243e-09
   7.1000000e+02   1.5604720e+01   3.6105000e+00  -8.7487145e-02   0.0000000e+00   2.4281385e-09
   7.1100000e+02   1.5587900e+01   3.6093170e+00  -8.7429931e-02   0.0000000e+00   2.4826009e-09
   7.1200000e+02   1.5571130e+01   3.6081330e+00  -8.7372819e-02   0.0000000e+00   2.5363095e-09
   7.1300000e+02   1.5554410e+01   3.6069480e+00  -8.7315780e-02   0.0000000e+00   2.5892593e-09
   7.1400000e+02   1.5537750e+01   3.6057630e+00  -8.7258805e-02   0.0000000e+00   2.6414549e-09
   7.1500000e+02   1.5521140e+01   3.6045770e+00  -8.7201915e-02   0.0000000e+00   2.6928921e-09
   7.1600000e+02   1.5504580e+01   3.6033900e+00  -8.7145105e-02   0.0000000e+00   2.7435778e-09
   7.1700000e+02   1.5488070e+01   3.6022030e+00  -8.7088344e-02   0.0000000e+00   2.7935051e-09
   7.1800000e+02   1.5471620e+01   3.6010150e+00  -8.7031664e-02   0.0000000e+00   2.8426778e-09
   7.1900000e+02   1.5455210e+01   3.5998270e+00  -8.6975047e-02   0.0000000e+00   2.8910976e-09
   7.2000000e+02   1.5438860e+01   3.5986380e+00  -8.6918493e-02   0.0000000e+00   2.9387585e-09
   7.2100000e+02   1.5422560e+01   3.5974490e+00  -8.6861994e-02   0.0000000e+00   2.9856684e-09
   7.2200000e+02   1.5406310e+01   3.5962590e+00  -8.6805577e-02   0.0000000e+00   3.0318234e-09
   7.2300000e+02   1.5390110e+01   3.5950690e+00  -8.6749209e-02   0.0000000e+00   3.0772197e-09
   7.2400000e+02   1.5373960e+01   3.5938780e+00  -8.6692908e-02   0.0000000e+00   3.1218695e-09
   7.2500000e+02   1.5357860e+01   3.5926870e+00  -8.6636668e-02   0.0000000e+00   3.1657606e-09
   7.2600000e+02   1.5341810e+01   3.5914950e+00  -8.6580485e-02   0.0000000e+00   3.2089043e-09
   7.2700000e+02   1.5325810e+01   3.5903020e+00  -8.6524388e-02   0.0000000e+00   3.2512882e-09
   7.2800000e+02   1.5309860e+01   3.5891100e+00  -8.6468302e-02   0.0000000e+00   3.2929276e-09
   7.2900000e+02   1.5293960e+01   3.5879160e+00  -8.6412301e-02   0.0000000e+00   3.3338159e-09
   7.3000000e+02   1.5278100e+01   3.5867230e+00  -8.6356341e-02   0.0000000e+00   3.3739512e-09
   7.3100000e+02   1.5262300e+01   3.5855290e+00  -8.6300425e-02   0.0000000e+00   3.4133436e-09
   7.3200000e+02   1.5246540e+01   3.5843340e+00  -8.6244590e-02   0.0000000e+00   3.4519898e-09
   7.3300000e+02   1.5230830e+01   3.5831390e+00  -8.6188798e-02   0.0000000e+00   3.4898859e-09
   7.3400000e+02   1.5215170e+01   3.5819440e+00  -8.6133030e-02   0.0000000e+00   3.5270393e-09
   7.3500000e+02   1.5199560e+01   3.5807480e+00  -8.6077326e-02   0.0000000e+00   3.5634487e-09
   7.3600000e+02   1.5184000e+01   3.5795520e+00  -8.6021668e-02   0.0000000e+00   3.5991134e-09
   7.3700000e+02   1.5168480e+01   3.5783550e+00  -8.5966074e-02   0.0000000e+00   3.6340366e-09
   7.3800000e+02   1.5153010e+01   3.5771580e+00  -8.5910503e-02   0.0000000e+00   3.6682189e-09
   7.3900000e+02   1.5137580e+01   3.5759610e+00  -8.5854980e-02   0.0000000e+00   3.7016685e-09
   7.4000000e+02   1.5122210e+01   3.5747630e+00  -8.5799504e-02   0.0000000e+00   3.7343734e-09
   7.4100000e+02   1.5106870e+01   3.5735650e+00  -8.5744075e-02   0.0000000e+00   3.7663443e-09
   7.4200000e+02   1.5091590e+01   3.5723670e+00  -8.5688666e-02   0.0000000e+00   3.7975825e-09
   7.4300000e+02   1.5076350e+01   3.5711680e+00  -8.5633318e-02   0.0000000e+00   3.8280905e-09
   7.4400000e+02   1.5061160e+01   3.5699690e+00  -8.5577991e-02   0.0000000e+00   3.8578593e-09
   7.4500000e+02   1.5046010e+01   3.5687700e+00  -8.5522699e-02   0.0000000e+00   3.8869060e-09
   7.4600000e+02   1.5030900e+01   3.5675700e+00  -8.5467460e-02   0.0000000e+00   3.9152232e-09
   7.4700000e+02   1.5015850e+01   3.5663710e+00  -8.5412232e-02   0.0000000e+00   3.9428099e-09
   7.4800000e+02   1.5000830e+01   3.5651700e+00  -8.5357076e-02   0.0000000e+00   3.9696829e-09
   7.4900000e+02   1.4985860e+01   3.5639700e+00  -8.5301901e-02   0.0000000e+00   3.9958232e-09
   7.5000000e+02   1.4970940e+01   3.5627700e+00  -8.5246772e-02   0.0000000e+00   4.0212492e-09
   7.5100000e+02   1.4956060e+01   3.5615690e+00  -8.5191681e-02   0.0000000e+00   4.0459543e-09
   7.5200000e+02   1.4941220e+01   3.5603680e+00  -8.5136616e-02   0.0000000e+00   4.0699447e-09
   7.5300000e+02   1.4926430e+01   3.5591660e+00  -8.5081596e-02   0.0000000e+00   4.0932205e-09
   7.5400000e+02   1.4911680e+01   3.5579650e+00  -8.5026562e-02   0.0000000e+00   4.1157903e-09
   7.5500000e+02   1.4896970e+01   3.5567630e+00  -8.4971588e-02   0.0000000e+00   4.1376405e-09
   7.5600000e+02   1.4882310e+01   3.5555610e+00  -8.4916630e-02   0.0000000e+00   4.1587907e-09
   7.5700000e+02   1.4867690e+01   3.5543590e+00  -8.4861680e-02   0.0000000e+00   4.1792276e-09
   7.5800000e+02   1.4853110e+01   3.5531570e+00  -8.4806764e-02   0.0000000e+00   4.1989680e-09
   7.5900000e+02   1.4838580e+01   3.5519540e+00  -8.4751865e-02   0.0000000e+00   4.2180089e-09
   7.6000000e+02   1.4824090e+01   3.5507520e+00  -8.4696976e-02   0.0000000e+00   4.2363444e-09
   7.6100000e+02   1.4809640e+01   3.5495490e+00  -8.4642124e-02   0.0000000e+00   4.2539876e-09
   7.6200000e+02   1.4795230e+01   3.5483460e+00  -8.4587271e-02   0.0000000e+00   4.2709389e-09
   7.6300000e+02   1.4780860e+01   3.5471430e+00  -8.4532443e-02   0.0000000e+00   4.2871912e-09
   7.6400000e+02   1.4766540e+01   3.5459400e+00  -8.4477638e-02   0.0000000e+00   4.3027680e-09
   7.6500000e+02   1.4752250e+01   3.5447360e+00  -8.4422856e-02   0.0000000e+00   4.3176513e-09
   7.6600000e+02   1.4738010e+01   3.5435330e+00  -8.4368051e-02   0.0000000e+00   4.3318508e-09
   7.6700000e+02   1.4723810e+01   3.5423290e+00  -8.4313289e-02   0.0000000e+00   4.3453697e-09
   7.6800000e+02   1.4709650e+01   3.5411260e+00  -8.4258510e-02   0.0000000e+00   4.3582124e-09
   7.6900000e+02   1.4695530e+01   3.5399220e+00  -8.4203759e-02   0.0000000e+00   4.3703775e-09
   7.7000000e+02   1.4681450e+01   3.5387180e+00  -8.4149028e-02   0.0000000e+00   4.3818679e-09
   7.7100000e+02   1.4667410e+01   3.5375140e+00  -8.4094298e-02   0.0000000e+00   4.3926910e-09
   7.7200000e+02   1.4653410e+01   3.5363110e+00  -8.4039540e-02   0.0000000e+00   4.4028526e-09
   7.7300000e+02   1.4639450e+01   3.5351070e+00  -8.3984806e-02   0.0000000e+00   4.4123403e-09
   7.7400000e+02   1.4625520e+01   3.5339030e+00  -8.3930089e-02   0.0000000e+00   4.4211769e-09
   7.7500000e+02   1.4611640e+01   3.5326990e+00  -8.3875370e-02   0.0000000e+00   4.4293493e-09
   7.7600000e+02   1.4597800e+01   3.5314950e+00  -8.3820655e-02   0.0000000e+00   4.4368731e-09
   7.7700000e+02   1.4584000e+01   3.5302910e+00  -8.3765933e-02   0.0000000e+00   4.4437344e-09
   7.7800000e+02   1.4570230e+01   3.5290870e+00  -8.3711227e-02   0.0000000e+00   4.4499433e-09
   7.7900000e+02   1.4556510e+01   3.5278830e+00  -8.3656512e-02   0.0000000e+00   4.4555203e-09
   7.8000000e+02   1.4542820e+01   3.5266790e+00  -8.3601800e-02   0.0000000e+00   4.4604426e-09
   7.8100000e+02   1.4529170e+01   3.5254750e+00  -8.3547079e-02   0.0000000e+00   4.4647267e-09
   7.8200000e+02   1.4515560e+01   3.5242710e+00  -8.3492365e-02   0.0000000e+00   4.4683746e-09
   7.8300000e+02   1.4501990e+01   3.5230670e+00  -8.3437638e-02   0.0000000e+00   4.4713872e-09
   7.8400000e+02   1.4488450e+01   3.5218630e+00  -8.3382912e-02   0.0000000e+00   4.4737703e-09
   7.8500000e+02   1.4474960e+01   3.5206590e+00  -8.3328169e-02   0.0000000e+00   4.4755312e-09
   7.8600000e+02   1.4461500e+01   3.5194550e+00  -8.3273434e-02   0.0000000e+00   4.4766578e-09
   7.8700000e+02   1.4448080e+01   3.5182520e+00  -8.3218671e-02   0.0000000e+00   4.4771790e-09
   7.8800000e+02   1.4434690e+01   3.5170480e+00  -8.3163913e-02   0.0000000e+00   4.4770655e-09
   7.8900000e+02   1.4421340e+01   3.5158450e+00  -8.3109134e-02   0.0000000e+00   4.4763369e-09
   7.9000000e+02   1.4408030e+01   3.5146410e+00  -8.3054370e-02   0.0000000e+00   4.4750103e-09
   7.9100000e+02   1.4394760e+01   3.5134380e+00  -8.2999567e-02   0.0000000e+00   4.4730658e-09
   7.9200000e+02   1.4381520e+01   3.5122350e+00  -8.2944758e-02   0.0000000e+00   4.4705226e-09
   7.9300000e+02   1.4368310e+01   3.5110310e+00  -8.2889966e-02   0.0000000e+00   4.4673714e-09
   7.9400000e+02   1.4355150e+01   3.5098280e+00  -8.2835145e-02   0.0000000e+00   4.4636305e-09
   7.9500000e+02   1.4342020e+01   3.5086260e+00  -8.2780275e-02   0.0000000e+00   4.4592896e-09
   7.9600000e+02   1.4328920e+01   3.5074230e+00  -8.2725422e-02   0.0000000e+00   4.4543511e-09
   7.9700000e+02   1.4315860e+01   3.5062200e+00  -8.2670560e-02   0.0000000e+00   4.4488346e-09
   7.9800000e+02   1.4302840e+01   3.5050180e+00  -8.2615649e-02   0.0000000e+00   4.4427323e-09
   7.9900000e+02   1.4289850e+01   3.5038160e+00  -8.2560724e-02   0.0000000e+00   4.4360457e-09
   8.0000000e+02   1.4276900e+01   3.5026140e+00  -8.2505805e-02   0.0000000e+00   4.4287876e-09
   8.0100000e+02   1.4263980e+01   3.5014120e+00  -8.2450846e-02   0.0000000e+00   4.4209544e-09
   8.0200000e+02   1.4251100e+01   3.5002100e+00  -8.2395881e-02   0.0000000e+00   4.4125472e-09
   8.0300000e+02   1.4238250e+01   3.4990080e+00  -8.2340909e-02   0.0000000e+00   4.4035789e-09
   8.0400000e+02   1.4225440e+01   3.4978070e+00  -8.2285881e-02   0.0000000e+00   4.3940443e-09
   8.0500000e+02   1.4212660e+01   3.4966060e+00  -8.2230854e-02   0.0000000e+00   4.3839558e-09
   8.0600000e+02   1.4199910e+01   3.4954050e+00  -8.2175797e-02   0.0000000e+00   4.3733059e-09
   8.0700000e+02   1.4187200e+01   3.4942040e+00  -8.2120721e-02   0.0000000e+00   4.3621090e-09
   8.0800000e+02   1.4174520e+01   3.4930040e+00  -8.2065605e-02   0.0000000e+00   4.3503583e-09
   8.0900000e+02   1.4161880e+01   3.4918040e+00  -8.2010469e-02   0.0000000e+00   4.3380606e-09
   8.1000000e+02   1.4149270e+01   3.4906040e+00  -8.1955298e-02   0.0000000e+00   4.3252324e-09
   8.1100000e+02   1.4136690e+01   3.4894040e+00  -8.1900128e-02   0.0000000e+00   4.3118614e-09
   8.1200000e+02   1.4124150e+01   3.4882040e+00  -8.1844918e-02   0.0000000e+00   4.2979493e-09
   8.1300000e+02   1.4111630e+01   3.4870050e+00  -8.1789693e-02   0.0000000e+00   4.2835149e-09
   8.1400000e+02   1.4099160e+01   3.4858060e+00  -8.1734413e-02   0.0000000e+00   4.2685586e-09
   8.1500000e+02   1.4086710e+01   3.4846080e+00  -8.1679112e-02   0.0000000e+00   4.2530628e-09
   8.1600000e+02   1.4074300e+01   3.4834090e+00  -8.1623796e-02   0.0000000e+00   4.2370670e-09
   8.1700000e+02   1.4061920e+01   3.4822110e+00  -8.1568427e-02   0.0000000e+00   4.2205473e-09
   8.1800000e+02   1.4049570e+01   3.4810130e+00  -8.1513043e-02   0.0000000e+00   4.2035174e-09
   8.1900000e+02   1.4037260e+01   3.4798160e+00  -8.1457607e-02   0.0000000e+00   4.1859797e-09
   8.2000000e+02   1.4024970e+01   3.4786190e+00  -8.1402156e-02   0.0000000e+00   4.1679435e-09
   8.2100000e+02   1.4012720e+01   3.4774220e+00  -8.1346668e-02   0.0000000e+00   4.1493959e-09
   8.2200000e+02   1.4000500e+01   3.4762250e+00  -8.1291167e-02   0.0000000e+00   4.1303634e-09
   8.2300000e+02   1.3988320e+01   3.4750290e+00  -8.1235607e-02   0.0000000e+00   4.1108353e-09
   8.2400000e+02   1.3976160e+01   3.4738330e+00  -8.1180017e-02   0.0000000e+00   4.0908111e-09
   8.2500000e+02   1.3964040e+01   3.4726370e+00  -8.1124415e-02   0.0000000e+00   4.0703077e-09
   8.2600000e+02   1.3951940e+01   3.4714420e+00  -8.1068758e-02   0.0000000e+00   4.0493293e-09
   8.2700000e+02   1.3939880e+01   3.4702470e+00  -8.1013072e-02   0.0000000e+00   4.0278700e-09
   8.2800000e+02   1.3927850e+01   3.4690530e+00  -8.0957307e-02   0.0000000e+00   4.0059379e-09
   8.2900000e+02   1.3915850e+01   3.4678590e+00  -8.0901543e-02   0.0000000e+00   3.9835379e-09
   8.3000000e+02   1.3903880e+01   3.4666650e+00  -8.0845752e-02   0.0000000e+00   3.9606604e-09
   8.3100000e+02   1.3891940e+01   3.4654720e+00  -8.0789892e-02   0.0000000e+00   3.9373300e-09
   8.3200000e+02   1.3880030e+01   3.4642790e+00  -8.0734026e-02   0.0000000e+00   3.9135374e-09
   8.3300000e+02   1.3868150e+01   3.4630860e+00  -8.0678102e-02   0.0000000e+00   3.8892977e-09
   8.3400000e+02   1.3856300e+01   3.4618940e+00  -8.0622140e-02   0.0000000e+00   3.8646027e-09
   8.3500000e+02   1.3844490e+01   3.4607020e+00  -8.0566152e-02   0.0000000e+00   3.8394647e-09
   8.3600000e+02   1.3832700e+01   3.4595100e+00  -8.0510128e-02   0.0000000e+00   3.8138829e-09
   8.3700000e+02   1.3820940e+01   3.4583190e+00  -8.0454032e-02   0.0000000e+00   3.7878546e-09
   8.3800000e+02   1.3809210e+01   3.4571290e+00  -8.0397908e-02   0.0000000e+00   3.7613946e-09
   8.3900000e+02   1.3797510e+01   3.4559390e+00  -8.0341743e-02   0.0000000e+00   3.7345117e-09
   8.4000000e+02   1.3785840e+01   3.4547490e+00  -8.0285529e-02   0.0000000e+00   3.7071973e-09
   8.4100000e+02   1.3774200e+01   3.4535600e+00  -8.0229285e-02   0.0000000e+00   3.6794527e-09
   8.4200000e+02   1.3762590e+01   3.4523710e+00  -8.0173009e-02   0.0000000e+00   3.6512969e-09
   8.4300000e+02   1.3751010e+01   3.4511830e+00  -8.0116648e-02   0.0000000e+00   3.6227225e-09
   8.4400000e+02   1.3739450e+01   3.4499950e+00  -8.0060286e-02   0.0000000e+00   3.5937389e-09
   8.4500000e+02   1.3727930e+01   3.4488070e+00  -8.0003872e-02   0.0000000e+00   3.5643454e-09
   8.4600000e+02   1.3716430e+01   3.4476200e+00  -7.9947415e-02   0.0000000e+00   3.5345522e-09
   8.4700000e+02   1.3704960e+01   3.4464340e+00  -7.9890884e-02   0.0000000e+00   3.5043435e-09
   8.4800000e+02   1.3693520e+01   3.4452470e+00  -7.9834350e-02   0.0000000e+00   3.4737567e-09
   8.4900000e+02   1.3682110e+01   3.4440620e+00  -7.9777752e-02   0.0000000e+00   3.4427643e-09
   8.5000000e+02   1.3670730e+01   3.4428770e+00  -7.9721100e-02   0.0000000e+00   3.4113972e-09
   8.5100000e+02   1.3659370e+01   3.4416920e+00  -7.9664418e-02   0.0000000e+00   3.3796280e-09
   8.5200000e+02   1.3648050e+01   3.4405080e+00  -7.9607668e-02   0.0000000e+00   3.3474904e-09
   8.5300000e+02   1.3636750e+01   3.4393240e+00  -7.9550888e-02   0.0000000e+00   3.3149771e-09
   8.5400000e+02   1.3625480e+01   3.4381410e+00  -7.9494061e-02   0.0000000e+00   3.2820799e-09
   8.5500000e+02   1.3614230e+01   3.4369590e+00  -7.9437178e-02   0.0000000e+00   3.2488246e-09
   8.5600000e+02   1.3603020e+01   3.4357770e+00  -7.9380249e-02   0.0000000e+00   3.2151874e-09
   8.5700000e+02   1.3591830e+01   3.4345950e+00  -7.9323297e-02   0.0000000e+00   3.1812020e-09
   8.5800000e+02   1.3580660e+01   3.4334140e+00  -7.9266287e-02   0.0000000e+00   3.1468547e-09
   8.5900000e+02   1.3569530e+01   3.4322330e+00  -7.9209222e-02   0.0000000e+00   3.1121513e-09
   8.6000000e+02   1.3558420e+01   3.4310530e+00  -7.9152123e-02   0.0000000e+00   3.0771060e-09
   8.6100000e+02   1.3547340e+01   3.4298740e+00  -7.9094936e-02   0.0000000e+00   3.0417008e-09
   8.6200000e+02   1.3536290e+01   3.4286950e+00  -7.9037734e-02   0.0000000e+00   3.0059644e-09
   8.6300000e+02   1.3525260e+01   3.4275170e+00  -7.8980455e-02   0.0000000e+00   2.9698887e-09
   8.6400000e+02   1.3514260e+01   3.4263390e+00  -7.8923159e-02   0.0000000e+00   2.9334715e-09
   8.6500000e+02   1.3503280e+01   3.4251620e+00  -7.8865801e-02   0.0000000e+00   2.8967161e-09
   8.6600000e+02   1.3492330e+01   3.4239850e+00  -7.8808396e-02   0.0000000e+00   2.8596487e-09
   8.6700000e+02   1.3481410e+01   3.4228090e+00  -7.8750954e-02   0.0000000e+00   2.8222490e-09
   8.6800000e+02   1.3470510e+01   3.4216330e+00  -7.8693456e-02   0.0000000e+00   2.7845342e-09
   8.6900000e+02   1.3459640e+01   3.4204580e+00  -7.8635891e-02   0.0000000e+00   2.7464969e-09
   8.7000000e+02   1.3448800e+01   3.4192840e+00  -7.8578291e-02   0.0000000e+00   2.7081386e-09
   8.7100000e+02   1.3437980e+01   3.4181100e+00  -7.8520625e-02   0.0000000e+00   2.6694930e-09
   8.7200000e+02   1.3427190e+01   3.4169370e+00  -7.8462931e-02   0.0000000e+00   2.6305235e-09
   8.7300000e+02   1.3416420e+01   3.4157640e+00  -7.8405180e-02   0.0000000e+00   2.5912649e-09
   8.7400000e+02   1.3405680e+01   3.4145920e+00  -7.8347378e-02   0.0000000e+00   2.5517020e-09
   8.7500000e+02   1.3394960e+01   3.4134210e+00  -7.8289506e-02   0.0000000e+00   2.5118466e-09
   8.7600000e+02   1.3384270e+01   3.4122500e+00  -7.8231613e-02   0.0000000e+00   2.4717014e-09
   8.7700000e+02   1.3373600e+01   3.4110800e+00  -7.8173654e-02   0.0000000e+00   2.4312707e-09
   8.7800000e+02   1.3362960e+01   3.4099100e+00  -7.8115651e-02   0.0000000e+00   2.3905498e-09
   8.7900000e+02   1.3352350e+01   3.4087410e+00  -7.8057585e-02   0.0000000e+00   2.3495535e-09
   8.8000000e+02   1.3341750e+01   3.4075730e+00  -7.7999487e-02   0.0000000e+00   2.3082795e-09
   8.8100000e+02   1.3331190e+01   3.4064050e+00  -7.7941328e-02   0.0000000e+00   2.2667386e-09
   8.8200000e+02   1.3320640e+01   3.4052380e+00  -7.7883111e-02   0.0000000e+00   2.2249298e-09
   8.8300000e+02   1.3310130e+01   3.4040720e+00  -7.7824825e-02   0.0000000e+00   2.1828504e-09
   8.8400000e+02   1.3299630e+01   3.4029060e+00  -7.7766533e-02   0.0000000e+00   2.1405094e-09
   8.8500000e+02   1.3289160e+01   3.4017410e+00  -7.7708164e-02   0.0000000e+00   2.0979219e-09
   8.8600000e+02   1.3278720e+01   3.4005760e+00  -7.7649768e-02   0.0000000e+00   2.0550651e-09
   8.8700000e+02   1.3268300e+01   3.3994120e+00  -7.7591310e-02   0.0000000e+00   2.0119694e-09
   8.8800000e+02   1.3257900e+01   3.3982490e+00  -7.7532777e-02   0.0000000e+00   1.9686173e-09
   8.8900000e+02   1.3247530e+01   3.3970870e+00  -7.7474193e-02   0.0000000e+00   1.9250296e-09
   8.9000000e+02   1.3237180e+01   3.3959250e+00  -7.7415571e-02   0.0000000e+00   1.8811965e-09
   8.9100000e+02   1.3226860e+01   3.3947640e+00  -7.7356892e-02   0.0000000e+00   1.8371319e-09
   8.9200000e+02   1.3216550e+01   3.3936030e+00  -7.7298195e-02   0.0000000e+00   1.7928320e-09
   8.9300000e+02   1.3206280e+01   3.3924430e+00  -7.7239412e-02   0.0000000e+00   1.7483074e-09
   8.9400000e+02   1.3196020e+01   3.3912840e+00  -7.7180579e-02   0.0000000e+00   1.7035481e-09
   8.9500000e+02   1.3185790e+01   3.3901250e+00  -7.7121736e-02   0.0000000e+00   1.6585709e-09
   8.9600000e+02   1.3175580e+01   3.3889670e+00  -7.7062802e-02   0.0000000e+00   1.6133738e-09
   8.9700000e+02   1.3165400e+01   3.3878100e+00  -7.7003821e-02   0.0000000e+00   1.5679693e-09
   8.9800000e+02   1.3155230e+01   3.3866540e+00  -7.6944789e-02   0.0000000e+00   1.5223440e-09
   8.9900000e+02   1.3145100e+01   3.3854980e+00  -7.6885701e-02   0.0000000e+00   1.4765092e-09
   9.0000000e+02   1.3134980e+01   3.3843430e+00  -7.6826577e-02   0.0000000e+00   1.4304785e-09
   9.0100000e+02   1.3124890e+01   3.3831880e+00  -7.6767399e-02   0.0000000e+00   1.3842416e-09
   9.0200000e+02   1.3114820e+01   3.3820350e+00  -7.6708177e-02   0.0000000e+00   1.3378030e-09
   9.0300000e+02   1.3104770e+01   3.3808820e+00  -7.6648884e-02   0.0000000e+00   1.2911761e-09
   9.0400000e+02   1.3094740e+01   3.3797290e+00  -7.6589563e-02   0.0000000e+00   1.2443453e-09
   9.0500000e+02   1.3084740e+01   3.3785780e+00  -7.6530176e-02   0.0000000e+00   1.1973448e-09
   9.0600000e+02   1.3074760e+01   3.3774270e+00  -7.6470744e-02   0.0000000e+00   1.1501422e-09
   9.0700000e+02   1.3064800e+01   3.3762770e+00  -7.6411257e-02   0.0000000e+00   1.1027741e-09
   9.0800000e+02   1.3054870e+01   3.3751270e+00  -7.6351724e-02   0.0000000e+00   1.0552152e-09
   9.0900000e+02   1.3044950e+01   3.3739790e+00  -7.6292145e-02   0.0000000e+00   1.0074823e-09
   9.1000000e+02   1.3035060e+01   3.3728310e+00  -7.6232503e-02   0.0000000e+00   9.5958752e-10
   9.1100000e+02   1.3025190e+01   3.3716830e+00  -7.6172838e-02   0.0000000e+00   9.1151662e-10
   9.1200000e+02   1.3015340e+01   3.3705370e+00  -7.6113094e-02   0.0000000e+00   8.6328423e-10
   9.1300000e+02   1.3005510e+01   3.3693910e+00  -7.6053304e-02   0.0000000e+00   8.1488612e-10
   9.1400000e+02   1.2995710e+01   3.3682460e+00  -7.5993488e-02   0.0000000e+00   7.6633378e-10
   9.1500000e+02   1.2985930e+01   3.3671020e+00  -7.5933591e-02   0.0000000e+00   7.1762156e-10
   9.1600000e+02   1.2976160e+01   3.3659580e+00  -7.5873678e-02   0.0000000e+00   6.6875687e-10
   9.1700000e+02   1.2966420e+01   3.3648150e+00  -7.5813697e-02   0.0000000e+00   6.1974936e-10
   9.1800000e+02   1.2956700e+01   3.3636730e+00  -7.5753666e-02   0.0000000e+00   5.7059517e-10
   9.1900000e+02   1.2947010e+01   3.3625320e+00  -7.5693592e-02   0.0000000e+00   5.2129020e-10
   9.2000000e+02   1.2937330e+01   3.3613910e+00  -7.5633472e-02   0.0000000e+00   4.7185499e-10
   9.2100000e+02   1.2927670e+01   3.3602510e+00  -7.5573291e-02   0.0000000e+00   4.2228059e-10
   9.2200000e+02   1.2918040e+01   3.3591120e+00  -7.5513082e-02   0.0000000e+00   3.7257550e-10
   9.2300000e+02   1.2908430e+01   3.3579740e+00  -7.5452808e-02   0.0000000e+00   3.2273587e-10
   9.2400000e+02   1.2898830e+01   3.3568360e+00  -7.5392495e-02   0.0000000e+00   2.7277583e-10
   9.2500000e+02   1.2889260e+01   3.3556990e+00  -7.5332159e-02   0.0000000e+00   2.2268937e-10
   9.2600000e+02   1.2879710e+01   3.3545630e+00  -7.5271740e-02   0.0000000e+00   1.7247544e-10
   9.2700000e+02   1.2870180e+01   3.3534280e+00  -7.5211268e-02   0.0000000e+00   1.2215226e-10
   9.2800000e+02   1.2860670e+01   3.3522940e+00  -7.5150752e-02   0.0000000e+00   7.1706498e-11
   9.2900000e+02   1.2851180e+01   3.3511600e+00  -7.5090196e-02   0.0000000e+00   2.1154019e-11
   9.3000000e+02   1.2841710e+01   3.3500270e+00  -7.5029602e-02   0.0000000e+00  -2.9503004e-11
   9.3100000e+02   1.2832260e+01   3.3488950e+00  -7.4968966e-02   0.0000000e+00  -8.0276548e-11
   9.3200000e+02   1.2822830e+01   3.3477630e+00  -7.4908280e-02   0.0000000e+00  -1.3114618e-10
   9.3300000e+02   1.2813420e+01   3.3466330e+00  -7.4847532e-02   0.0000000e+00  -1.8212227e-10
   9.3400000e+02   1.2804030e+01   3.3455030e+00  -7.4786755e-02   0.0000000e+00  -2.3317782e-10
   9.3500000e+02   1.2794660e+01   3.3443740e+00  -7.4725922e-02   0.0000000e+00  -2.8435111e-10
   9.3600000e+02   1.2785310e+01   3.3432460e+00  -7.4665049e-02   0.0000000e+00  -3.3560140e-10
   9.3700000e+02   1.2775990e+01   3.3421180e+00  -7.4604128e-02   0.0000000e+00  -3.8693813e-10
   9.3800000e+02   1.2766680e+01   3.3409910e+00  -7.4543173e-02   0.0000000e+00  -4.3836825e-10
   9.3900000e+02   1.2757390e+01   3.3398660e+00  -7.4482147e-02   0.0000000e+00  -4.8987470e-10
   9.4000000e+02   1.2748120e+01   3.3387400e+00  -7.4421111e-02   0.0000000e+00  -5.4146149e-10
   9.4100000e+02   1.2738870e+01   3.3376160e+00  -7.4360005e-02   0.0000000e+00  -5.9312969e-10
   9.4200000e+02   1.2729630e+01   3.3364930e+00  -7.4298863e-02   0.0000000e+00  -6.4487627e-10
   9.4300000e+02   1.2720420e+01   3.3353700e+00  -7.4237695e-02   0.0000000e+00  -6.9668359e-10
   9.4400000e+02   1.2711230e+01   3.3342480e+00  -7.4176461e-02   0.0000000e+00  -7.4855986e-10
   9.4500000e+02   1.2702060e+01   3.3331270e+00  -7.4115199e-02   0.0000000e+00  -8.0050760e-10
   9.4600000e+02   1.2692900e+01   3.3320070e+00  -7.4053872e-02   0.0000000e+00  -8.5251955e-10
   9.4700000e+02   1.2683770e+01   3.3308870e+00  -7.3992534e-02   0.0000000e+00  -9.0458117e-10
   9.4800000e+02   1.2674650e+01   3.3297690e+00  -7.3931114e-02   0.0000000e+00  -9.5671362e-10
   9.4900000e+02   1.2665560e+01   3.3286510e+00  -7.3869675e-02   0.0000000e+00  -1.0088904e-09
   9.5000000e+02   1.2656480e+01   3.3275340e+00  -7.3808206e-02   0.0000000e+00  -1.0611268e-09
   9.5100000e+02   1.2647420e+01   3.3264180e+00  -7.3746674e-02   0.0000000e+00  -1.1134058e-09
   9.5200000e+02   1.2638380e+01   3.3253020e+00  -7.3685128e-02   0.0000000e+00  -1.1657391e-09
   9.5300000e+02   1.2629360e+01   3.3241880e+00  -7.3623494e-02   0.0000000e+00  -1.2181161e-09
   9.5400000e+02   1.2620350e+01   3.3230740e+00  -7.3561858e-02   0.0000000e+00  -1.2705327e-09
   9.5500000e+02   1.2611370e+01   3.3219610e+00  -7.3500185e-02   0.0000000e+00  -1.3229821e-09
   9.5600000e+02   1.2602400e+01   3.3208490e+00  -7.3438456e-02   0.0000000e+00  -1.3754755e-09
   9.5700000e+02   1.2593460e+01   3.3197380e+00  -7.3376688e-02   0.0000000e+00  -1.4280003e-09
   9.5800000e+02   1.2584530e+01   3.3186270e+00  -7.3314883e-02   0.0000000e+00  -1.4805631e-09
   9.5900000e+02   1.2575620e+01   3.3175170e+00  -7.3253059e-02   0.0000000e+00  -1.5331447e-09
   9.6000000e+02   1.2566720e+01   3.3164090e+00  -7.3191161e-02   0.0000000e+00  -1.5857521e-09
   9.6100000e+02   1.2557850e+01   3.3153010e+00  -7.3129232e-02   0.0000000e+00  -1.6383906e-09
   9.6200000e+02   1.2548990e+01   3.3141930e+00  -7.3067288e-02   0.0000000e+00  -1.6910457e-09
   9.6300000e+02   1.2540150e+01   3.3130870e+00  -7.3005288e-02   0.0000000e+00  -1.7437231e-09
   9.6400000e+02   1.2531330e+01   3.3119820e+00  -7.2943255e-02   0.0000000e+00  -1.7964152e-09
   9.6500000e+02   1.2522530e+01   3.3108770e+00  -7.2881171e-02   0.0000000e+00  -1.8491271e-09
   9.6600000e+02   1.2513750e+01   3.3097730e+00  -7.2819084e-02   0.0000000e+00  -1.9018374e-09
   9.6700000e+02   1.2504980e+01   3.3086700e+00  -7.2756938e-02   0.0000000e+00  -1.9545721e-09
   9.6800000e+02   1.2496230e+01   3.3075680e+00  -7.2694748e-02   0.0000000e+00  -2.0073050e-09
   9.6900000e+02   1.2487500e+01   3.3064670e+00  -7.2632511e-02   0.0000000e+00  -2.0600459e-09
   9.7000000e+02   1.2478790e+01   3.3053660e+00  -7.2570264e-02   0.0000000e+00  -2.1127904e-09
   9.7100000e+02   1.2470090e+01   3.3042670e+00  -7.2507975e-02   0.0000000e+00  -2.1655274e-09
   9.7200000e+02   1.2461410e+01   3.3031680e+00  -7.2445654e-02   0.0000000e+00  -2.2182685e-09
   9.7300000e+02   1.2452750e+01   3.3020700e+00  -7.2383295e-02   0.0000000e+00  -2.2709970e-09
   9.7400000e+02   1.2444110e+01   3.3009730e+00  -7.2320891e-02   0.0000000e+00  -2.3237251e-09
   9.7500000e+02   1.2435480e+01   3.2998770e+00  -7.2258481e-02   0.0000000e+00  -2.3764375e-09
   9.7600000e+02   1.2426870e+01   3.2987810e+00  -7.2196031e-02   0.0000000e+00  -2.4291456e-09
   9.7700000e+02   1.2418280e+01   3.2976870e+00  -7.2133519e-02   0.0000000e+00  -2.4818335e-09
   9.7800000e+02   1.2409700e+01   3.2965930e+00  -7.2070985e-02   0.0000000e+00  -2.5345171e-09
   9.7900000e+02   1.2401140e+01   3.2955000e+00  -7.2008437e-02   0.0000000e+00  -2.5871747e-09
   9.8000000e+02   1.2392600e+01   3.2944080e+00  -7.1945846e-02   0.0000000e+00  -2.6398066e-09
   9.8100000e+02   1.2384080e+01   3.2933170e+00  -7.1883200e-02   0.0000000e+00  -2.6924291e-09
   9.8200000e+02   1.2375570e+01   3.2922270e+00  -7.1820539e-02   0.0000000e+00  -2.7450059e-09
   9.8300000e+02   1.2367080e+01   3.2911370e+00  -7.1757875e-02   0.0000000e+00  -2.7975769e-09
   9.8400000e+02   1.2358600e+01   3.2900490e+00  -7.1695141e-02   0.0000000e+00  -2.8501092e-09
   9.8500000e+02   1.2350150e+01   3.2889610e+00  -7.1632392e-02   0.0000000e+00  -2.9026081e-09
   9.8600000e+02   1.2341710e+01   3.2878740e+00  -7.1569610e-02   0.0000000e+00  -2.9550764e-09
   9.8700000e+02   1.2333280e+01   3.2867880e+00  -7.1506813e-02   0.0000000e+00  -3.0075068e-09
   9.8800000e+02   1.2324880e+01   3.2857030e+00  -7.1443965e-02   0.0000000e+00  -3.0599014e-09
   9.8900000e+02   1.2316480e+01   3.2846180e+00  -7.1381108e-02   0.0000000e+00  -3.1122689e-09
   9.9000000e+02   1.2308110e+01   3.2835350e+00  -7.1318200e-02   0.0000000e+00  -3.1645786e-09
   9.9100000e+02   1.2299750e+01   3.2824520e+00  -7.1255282e-02   0.0000000e+00  -3.2168586e-09
   9.9200000e+02   1.2291410e+01   3.2813710e+00  -7.1192296e-02   0.0000000e+00  -3.2690721e-09
   9.9300000e+02   1.2283080e+01   3.2802900e+00  -7.1129326e-02   0.0000000e+00  -3.3212560e-09
   9.9400000e+02   1.2274770e+01   3.2792100e+00  -7.1066305e-02   0.0000000e+00  -3.3733856e-09
   9.9500000e+02   1.2266480e+01   3.2781300e+00  -7.1003287e-02   0.0000000e+00  -3.4254645e-09
   9.9600000e+02   1.2258200e+01   3.2770520e+00  -7.0940217e-02   0.0000000e+00  -3.4774954e-09
   9.9700000e+02   1.2249940e+01   3.2759750e+00  -7.0877125e-02   0.0000000e+00  -3.5294569e-09
   9.9800000e+02   1.2241700e+01   3.2748980e+00  -7.0814008e-02   0.0000000e+00  -3.5813704e-09
   9.9900000e+02   1.2233470e+01   3.2738220e+00  -7.0750875e-02   0.0000000e+00  -3.6332254e-09
   1.0000000e+03   1.2225250e+01   3.2727470e+00  -7.0687713e-02   0.0000000e+00  -3.6850176e-09
   1.0010000e+03   1.2217060e+01   3.2716730e+00  -7.0624497e-02   0.0000000e+00  -3.7367449e-09
   1.0020000e+03   1.2208870e+01   3.2706000e+00  -7.0561296e-02   0.0000000e+00  -3.7884117e-09
   1.0030000e+03   1.2200710e+01   3.2695280e+00  -7.0498023e-02   0.0000000e+00  -3.8400076e-09
   1.0040000e+03   1.2192560e+01   3.2684570e+00  -7.0434761e-02   0.0000000e+00  -3.8915412e-09
   1.0050000e+03   1.2184420e+01   3.2673860e+00  -7.0371475e-02   0.0000000e+00  -3.9429993e-09
   1.0060000e+03   1.2176300e+01   3.2663160e+00  -7.0308167e-02   0.0000000e+00  -3.9943956e-09
   1.0070000e+03   1.2168200e+01   3.2652470e+00  -7.0244824e-02   0.0000000e+00  -4.0457096e-09
   1.0080000e+03   1.2160110e+01   3.2641790e+00  -7.0181467e-02   0.0000000e+00  -4.0969440e-09
   1.0090000e+03   1.2152040e+01   3.2631120e+00  -7.0118065e-02   0.0000000e+00  -4.1481091e-09
   1.0100000e+03   1.2143980e+01   3.2620460e+00  -7.0054661e-02   0.0000000e+00  -4.1991911e-09
   1.0110000e+03   1.2135940e+01   3.2609810e+00  -6.9991224e-02   0.0000000e+00  -4.2501901e-09
   1.0120000e+03   1.2127910e+01   3.2599160e+00  -6.9927801e-02   0.0000000e+00  -4.3011131e-09
   1.0130000e+03   1.2119900e+01   3.2588530e+00  -6.9864320e-02   0.0000000e+00  -4.3519505e-09
   1.0140000e+03   1.2111900e+01   3.2577900e+00  -6.9800822e-02   0.0000000e+00  -4.4027058e-09
   1.0150000e+03   1.2103920e+01   3.2567280e+00  -6.9737311e-02   0.0000000e+00  -4.4533710e-09
   1.0160000e+03   1.2095950e+01   3.2556670e+00  -6.9673775e-02   0.0000000e+00  -4.5039503e-09
   1.0170000e+03   1.2088000e+01   3.2546070e+00  -6.9610231e-02   0.0000000e+00  -4.5544314e-09
   1.0180000e+03   1.2080070e+01   3.2535470e+00  -6.9546677e-02   0.0000000e+00  -4.6048267e-09
   1.0190000e+03   1.2072140e+01   3.2524890e+00  -6.9483065e-02   0.0000000e+00  -4.6551296e-09
   1.0200000e+03   1.2064240e+01   3.2514310e+00  -6.9419487e-02   0.0000000e+00  -4.7053312e-09
   1.0210000e+03   1.2056350e+01   3.2503750e+00  -6.9355841e-02   0.0000000e+00  -4.7554480e-09
   1.0220000e+03   1.2048470e+01   3.2493190e+00  -6.9292202e-02   0.0000000e+00  -4.8054482e-09
   1.0230000e+03   1.2040610e+01   3.2482640e+00  -6.9228538e-02   0.0000000e+00  -4.8553661e-09
   1.0240000e+03   1.2032760e+01   3.2472100e+00  -6.9164873e-02   0.0000000e+00  -4.9051705e-09
   1.0250000e+03   1.2024920e+01   3.2461570e+00  -6.9101170e-02   0.0000000e+00  -4.9548819e-09
   1.0260000e+03   1.2017110e+01   3.2451040e+00  -6.9037468e-02   0.0000000e+00  -5.0044882e-09
   1.0270000e+03   1.2009300e+01   3.2440530e+00  -6.8973729e-02   0.0000000e+00  -5.0539772e-09
   1.0280000e+03   1.2001510e+01   3.2430020e+00  -6.8909991e-02   0.0000000e+00  -5.1033717e-09
   1.0290000e+03   1.1993740e+01   3.2419520e+00  -6.8846222e-02   0.0000000e+00  -5.1526505e-09
   1.0300000e+03   1.1985980e+01   3.2409030e+00  -6.8782454e-02   0.0000000e+00  -5.2018154e-09
   1.0310000e+03   1.1978230e+01   3.2398550e+00  -6.8718668e-02   0.0000000e+00  -5.2508864e-09
   1.0320000e+03   1.1970500e+01   3.2388080e+00  -6.8654859e-02   0.0000000e+00  -5.2998264e-09
   1.0330000e+03   1.1962780e+01   3.2377620e+00  -6.8591051e-02   0.0000000e+00  -5.3486596e-09
   1.0340000e+03   1.1955080e+01   3.2367160e+00  -6.8527232e-02   0.0000000e+00  -5.3973808e-09
   1.0350000e+03   1.1947390e+01   3.2356720e+00  -6.8463379e-02   0.0000000e+00  -5.4459833e-09
   1.0360000e+03   1.1939710e+01   3.2346280e+00  -6.8399523e-02   0.0000000e+00  -5.4944584e-09
   1.0370000e+03   1.1932050e+01   3.2335850e+00  -6.8335671e-02   0.0000000e+00  -5.5428251e-09
   1.0380000e+03   1.1924400e+01   3.2325430e+00  -6.8271793e-02   0.0000000e+00  -5.5910661e-09
   1.0390000e+03   1.1916770e+01   3.2315020e+00  -6.8207896e-02   0.0000000e+00  -5.6391882e-09
   1.0400000e+03   1.1909150e+01   3.2304620e+00  -6.8143998e-02   0.0000000e+00  -5.6871824e-09
   1.0410000e+03   1.1901550e+01   3.2294220e+00  -6.8080082e-02   0.0000000e+00  -5.7350604e-09
   1.0420000e+03   1.1893950e+01   3.2283840e+00  -6.8016142e-02   0.0000000e+00  -5.7828065e-09
   1.0430000e+03   1.1886380e+01   3.2273460e+00  -6.7952217e-02   0.0000000e+00  -5.8304120e-09
   1.0440000e+03   1.1878810e+01   3.2263090e+00  -6.7888288e-02   0.0000000e+00  -5.8779125e-09
   1.0450000e+03   1.1871260e+01   3.2252730e+00  -6.7824319e-02   0.0000000e+00  -5.9252733e-09
   1.0460000e+03   1.1863730e+01   3.2242380e+00  -6.7760364e-02   0.0000000e+00  -5.9725054e-09
   1.0470000e+03   1.1856200e+01   3.2232040e+00  -6.7696375e-02   0.0000000e+00  -6.0195927e-09
   1.0480000e+03   1.1848690e+01   3.2221710e+00  -6.7632377e-02   0.0000000e+00  -6.0665634e-09
   1.0490000e+03   1.1841200e+01   3.2211380e+00  -6.7568406e-02   0.0000000e+00  -6.1133960e-09
   1.0500000e+03   1.1833720e+01   3.2201060e+00  -6.7504419e-02   0.0000000e+00  -6.1600835e-09
   1.0510000e+03   1.1826250e+01   3.2190760e+00  -6.7440392e-02   0.0000000e+00  -6.2066408e-09
   1.0520000e+03   1.1818790e+01   3.2180460e+00  -6.7376388e-02   0.0000000e+00  -6.2530576e-09
   1.0530000e+03   1.1811350e+01   3.2170170e+00  -6.7312366e-02   0.0000000e+00  -6.2993478e-09
   1.0540000e+03   1.1803920e+01   3.2159880e+00  -6.7248355e-02   0.0000000e+00  -6.3454821e-09
   1.0550000e+03   1.1796510e+01   3.2149610e+00  -6.7184324e-02   0.0000000e+00  -6.3914851e-09
   1.0560000e+03   1.1789110e+01   3.2139350e+00  -6.7120263e-02   0.0000000e+00  -6.4373481e-09
   1.0570000e+03   1.1781720e+01   3.2129090e+00  -6.7056229e-02   0.0000000e+00  -6.4830618e-09
   1.0580000e+03   1.1774340e+01   3.2118840e+00  -6.6992185e-02   0.0000000e+00  -6.5286306e-09
   1.0590000e+03   1.1766980e+01   3.2108600e+00  -6.6928129e-02   0.0000000e+00  -6.5740539e-09
   1.0600000e+03   1.1759630e+01   3.2098370e+00  -6.6864067e-02   0.0000000e+00  -6.6193362e-09
   1.0610000e+03   1.1752300e+01   3.2088150e+00  -6.6799988e-02   0.0000000e+00  -6.6644613e-09
   1.0620000e+03   1.1744980e+01   3.2077940e+00  -6.6735923e-02   0.0000000e+00  -6.7094426e-09
   1.0630000e+03   1.1737670e+01   3.2067730e+00  -6.6671872e-02   0.0000000e+00  -6.7542855e-09
   1.0640000e+03   1.1730370e+01   3.2057530e+00  -6.6607778e-02   0.0000000e+00  -6.7989617e-09
   1.0650000e+03   1.1723090e+01   3.2047350e+00  -6.6543691e-02   0.0000000e+00  -6.8435037e-09
   1.0660000e+03   1.1715820e+01   3.2037170e+00  -6.6479619e-02   0.0000000e+00  -6.8878788e-09
   1.0670000e+03   1.1708560e+01   3.2027000e+00  -6.6415531e-02   0.0000000e+00  -6.9321029e-09
   1.0680000e+03   1.1701310e+01   3.2016830e+00  -6.6351459e-02   0.0000000e+00  -6.9761797e-09
   1.0690000e+03   1.1694080e+01   3.2006680e+00  -6.6287373e-02   0.0000000e+00  -7.0201020e-09
   1.0700000e+03   1.1686860e+01   3.1996530e+00  -6.6223278e-02   0.0000000e+00  -7.0638609e-09
   1.0710000e+03   1.1679650e+01   3.1986400e+00  -6.6159173e-02   0.0000000e+00  -7.1074596e-09
   1.0720000e+03   1.1672460e+01   3.1976270e+00  -6.6095089e-02   0.0000000e+00  -7.1509150e-09
   1.0730000e+03   1.1665280e+01   3.1966150e+00  -6.6030989e-02   0.0000000e+00  -7.1942039e-09
   1.0740000e+03   1.1658110e+01   3.1956040e+00  -6.5966906e-02   0.0000000e+00  -7.2373407e-09
   1.0750000e+03   1.1650950e+01   3.1945930e+00  -6.5902812e-02   0.0000000e+00  -7.2802965e-09
   1.0760000e+03   1.1643810e+01   3.1935840e+00  -6.5838710e-02   0.0000000e+00  -7.3231160e-09
   1.0770000e+03   1.1636680e+01   3.1925750e+00  -6.5774643e-02   0.0000000e+00  -7.3657602e-09
   1.0780000e+03   1.1629560e+01   3.1915670e+00  -6.5710552e-02   0.0000000e+00  -7.4082493e-09
   1.0790000e+03   1.1622450e+01   3.1905600e+00  -6.5646452e-02   0.0000000e+00  -7.4505655e-09
   1.0800000e+03   1.1615360e+01   3.1895540e+00  -6.5582376e-02   0.0000000e+00  -7.4927261e-09
   1.0810000e+03   1.1608280e+01   3.1885490e+00  -6.5518300e-02   0.0000000e+00  -7.5347084e-09
   1.0820000e+03   1.1601210e+01   3.1875450e+00  -6.5454198e-02   0.0000000e+00  -7.5765437e-09
   1.0830000e+03   1.1594150e+01   3.1865410e+00  -6.5390128e-02   0.0000000e+00  -7.6181990e-09
   1.0840000e+03   1.1587110e+01   3.1855380e+00  -6.5326040e-02   0.0000000e+00  -7.6597002e-09
   1.0850000e+03   1.1580080e+01   3.1845360e+00  -6.5261981e-02   0.0000000e+00  -7.7010203e-09
   1.0860000e+03   1.1573060e+01   3.1835350e+00  -6.5197898e-02   0.0000000e+00  -7.7421804e-09
   1.0870000e+03   1.1566050e+01   3.1825350e+00  -6.5133840e-02   0.0000000e+00  -7.7831614e-09
   1.0880000e+03   1.1559050e+01   3.1815360e+00  -6.5069775e-02   0.0000000e+00  -7.8239826e-09
   1.0890000e+03   1.1552070e+01   3.1805370e+00  -6.5005727e-02   0.0000000e+00  -7.8646268e-09
   1.0900000e+03   1.1545100e+01   3.1795400e+00  -6.4941651e-02   0.0000000e+00  -7.9050969e-09
   1.0910000e+03   1.1538140e+01   3.1785430e+00  -6.4877589e-02   0.0000000e+00  -7.9454004e-09
   1.0920000e+03   1.1531190e+01   3.1775470e+00  -6.4813560e-02   0.0000000e+00  -7.9855329e-09
   1.0930000e+03   1.1524250e+01   3.1765510e+00  -6.4749532e-02   0.0000000e+00  -8.0254995e-09
   1.0940000e+03   1.1517330e+01   3.1755570e+00  -6.4685494e-02   0.0000000e+00  -8.0652824e-09
   1.0950000e+03   1.1510420e+01   3.1745630e+00  -6.4621475e-02   0.0000000e+00  -8.1048843e-09
   1.0960000e+03   1.1503520e+01   3.1735710e+00  -6.4557434e-02   0.0000000e+00  -8.1443138e-09
   1.0970000e+03   1.1496630e+01   3.1725790e+00  -6.4493430e-02   0.0000000e+00  -8.1835745e-09
   1.0980000e+03   1.1489750e+01   3.1715880e+00  -6.4429411e-02   0.0000000e+00  -8.2226515e-09
   1.0990000e+03   1.1482890e+01   3.1705970e+00  -6.4365444e-02   0.0000000e+00  -8.2615620e-09
   1.1000000e+03   1.1476040e+01   3.1696080e+00  -6.4301439e-02   0.0000000e+00  -8.3002855e-09
   1.1010000e+03   1.1469190e+01   3.1686190e+00  -6.4237464e-02   0.0000000e+00  -8.3388421e-09
   1.1020000e+03   1.1462360e+01   3.1676320e+00  -6.4173463e-02   0.0000000e+00  -8.3771996e-09
   1.1030000e+03   1.1455550e+01   3.1666450e+00  -6.4109503e-02   0.0000000e+00  -8.4154003e-09
   1.1040000e+03   1.1448740e+01   3.1656580e+00  -6.4045557e-02   0.0000000e+00  -8.4534106e-09
   1.1050000e+03   1.1441950e+01   3.1646730e+00  -6.3981608e-02   0.0000000e+00  -8.4912343e-09
   1.1060000e+03   1.1435160e+01   3.1636890e+00  -6.3917664e-02   0.0000000e+00  -8.5288850e-09
   1.1070000e+03   1.1428390e+01   3.1627050e+00  -6.3853728e-02   0.0000000e+00  -8.5663575e-09
   1.1080000e+03   1.1421630e+01   3.1617220e+00  -6.3789817e-02   0.0000000e+00  -8.6036424e-09
   1.1090000e+03   1.1414880e+01   3.1607400e+00  -6.3725892e-02   0.0000000e+00  -8.6407576e-09
   1.1100000e+03   1.1408140e+01   3.1597590e+00  -6.3661979e-02   0.0000000e+00  -8.6776749e-09
   1.1110000e+03   1.1401420e+01   3.1587780e+00  -6.3598106e-02   0.0000000e+00  -8.7144144e-09
   1.1120000e+03   1.1394700e+01   3.1577990e+00  -6.3534212e-02   0.0000000e+00  -8.7509755e-09
   1.1130000e+03   1.1388000e+01   3.1568200e+00  -6.3470341e-02   0.0000000e+00  -8.7873455e-09
   1.1140000e+03   1.1381310e+01   3.1558420e+00  -6.3406482e-02   0.0000000e+00  -8.8235323e-09
   1.1150000e+03   1.1374630e+01   3.1548650e+00  -6.3342634e-02   0.0000000e+00  -8.8595440e-09
   1.1160000e+03   1.1367960e+01   3.1538880e+00  -6.3278801e-02   0.0000000e+00  -8.8953599e-09
   1.1170000e+03   1.1361300e+01   3.1529130e+00  -6.3214978e-02   0.0000000e+00  -8.9309938e-09
   1.1180000e+03   1.1354650e+01   3.1519380e+00  -6.3151169e-02   0.0000000e+00  -8.9664322e-09
   1.1190000e+03   1.1348020e+01   3.1509640e+00  -6.3087370e-02   0.0000000e+00  -9.0016970e-09
   1.1200000e+03   1.1341390e+01   3.1499910e+00  -6.3023590e-02   0.0000000e+00  -9.0367759e-09
   1.1210000e+03   1.1334780e+01   3.1490190e+00  -6.2959803e-02   0.0000000e+00  -9.0716604e-09
   1.1220000e+03   1.1328170e+01   3.1480470e+00  -6.2896056e-02   0.0000000e+00  -9.1063603e-09
   1.1230000e+03   1.1321580e+01   3.1470760e+00  -6.2832302e-02   0.0000000e+00  -9.1408722e-09
   1.1240000e+03   1.1315000e+01   3.1461060e+00  -6.2768588e-02   0.0000000e+00  -9.1751929e-09
   1.1250000e+03   1.1308430e+01   3.1451370e+00  -6.2704848e-02   0.0000000e+00  -9.2093366e-09
   1.1260000e+03   1.1301870e+01   3.1441690e+00  -6.2641145e-02   0.0000000e+00  -9.2432746e-09
   1.1270000e+03   1.1295320e+01   3.1432010e+00  -6.2577466e-02   0.0000000e+00  -9.2770379e-09
   1.1280000e+03   1.1288790e+01   3.1422350e+00  -6.2513759e-02   0.0000000e+00  -9.3106008e-09
   1.1290000e+03   1.1282260e+01   3.1412690e+00  -6.2450105e-02   0.0000000e+00  -9.3439834e-09
   1.1300000e+03   1.1275750e+01   3.1403030e+00  -6.2386471e-02   0.0000000e+00  -9.3771703e-09
   1.1310000e+03   1.1269240e+01   3.1393390e+00  -6.2322840e-02   0.0000000e+00  -9.4101670e-09
   1.1320000e+03   1.1262750e+01   3.1383760e+00  -6.2259200e-02   0.0000000e+00  -9.4429767e-09
   1.1330000e+03   1.1256260e+01   3.1374130e+00  -6.2195612e-02   0.0000000e+00  -9.4755948e-09
   1.1340000e+03   1.1249790e+01   3.1364510e+00  -6.2132030e-02   0.0000000e+00  -9.5080262e-09
   1.1350000e+03   1.1243330e+01   3.1354900e+00  -6.2068461e-02   0.0000000e+00  -9.5402580e-09
   1.1360000e+03   1.1236880e+01   3.1345290e+00  -6.2004918e-02   0.0000000e+00  -9.5723057e-09
   1.1370000e+03   1.1230440e+01   3.1335690e+00  -6.1941400e-02   0.0000000e+00  -9.6041566e-09
   1.1380000e+03   1.1224010e+01   3.1326110e+00  -6.1877861e-02   0.0000000e+00  -9.6358073e-09
   1.1390000e+03   1.1217590e+01   3.1316520e+00  -6.1814388e-02   0.0000000e+00  -9.6672873e-09
   1.1400000e+03   1.1211180e+01   3.1306950e+00  -6.1750885e-02   0.0000000e+00  -9.6985544e-09
   1.1410000e+03   1.1204780e+01   3.1297390e+00  -6.1687413e-02   0.0000000e+00  -9.7296320e-09
   1.1420000e+03   1.1198400e+01   3.1287830e+00  -6.1623967e-02   0.0000000e+00  -9.7605289e-09
   1.1430000e+03   1.1192020e+01   3.1278280e+00  -6.1560539e-02   0.0000000e+00  -9.7912262e-09
   1.1440000e+03   1.1185650e+01   3.1268740e+00  -6.1497139e-02   0.0000000e+00  -9.8217415e-09
   1.1450000e+03   1.1179300e+01   3.1259200e+00  -6.1433749e-02   0.0000000e+00  -9.8520437e-09
   1.1460000e+03   1.1172950e+01   3.1249680e+00  -6.1370369e-02   0.0000000e+00  -9.8821705e-09
   1.1470000e+03   1.1166620e+01   3.1240160e+00  -6.1307003e-02   0.0000000e+00  -9.9120969e-09
   1.1480000e+03   1.1160290e+01   3.1230650e+00  -6.1243669e-02   0.0000000e+00  -9.9418258e-09
   1.1490000e+03   1.1153980e+01   3.1221140e+00  -6.1180362e-02   0.0000000e+00  -9.9713606e-09
   1.1500000e+03   1.1147670e+01   3.1211650e+00  -6.1117054e-02   0.0000000e+00  -1.0000704e-08
   1.1510000e+03   1.1141380e+01   3.1202160e+00  -6.1053792e-02   0.0000000e+00  -1.0029861e-08
   1.1520000e+03   1.1135090e+01   3.1192680e+00  -6.0990530e-02   0.0000000e+00  -1.0058808e-08
   1.1530000e+03   1.1128820e+01   3.1183210e+00  -6.0927289e-02   0.0000000e+00  -1.0087573e-08
   1.1540000e+03   1.1122560e+01   3.1173740e+00  -6.0864069e-02   0.0000000e+00  -1.0116147e-08
   1.1550000e+03   1.1116300e+01   3.1164280e+00  -6.0800883e-02   0.0000000e+00  -1.0144511e-08
   1.1560000e+03   1.1110060e+01   3.1154840e+00  -6.0737687e-02   0.0000000e+00  -1.0172686e-08
   1.1570000e+03   1.1103830e+01   3.1145390e+00  -6.0674545e-02   0.0000000e+00  -1.0200677e-08
   1.1580000e+03   1.1097600e+01   3.1135960e+00  -6.0611395e-02   0.0000000e+00  -1.0228466e-08
   1.1590000e+03   1.1091390e+01   3.1126530e+00  -6.0548297e-02   0.0000000e+00  -1.0256061e-08
   1.1600000e+03   1.1085190e+01   3.1117110e+00  -6.0485195e-02   0.0000000e+00  -1.0283465e-08
   1.1610000e+03   1.1078990e+01   3.1107700e+00  -6.0422129e-02   0.0000000e+00  -1.0310672e-08
   1.1620000e+03   1.1072810e+01   3.1098300e+00  -6.0359073e-02   0.0000000e+00  -1.0337681e-08
   1.1630000e+03   1.1066640e+01   3.1088900e+00  -6.0296050e-02   0.0000000e+00  -1.0364500e-08
   1.1640000e+03   1.1060480e+01   3.1079510e+00  -6.0233046e-02   0.0000000e+00  -1.0391122e-08
   1.1650000e+03   1.1054320e+01   3.1070130e+00  -6.0170056e-02   0.0000000e+00  -1.0417544e-08
   1.1660000e+03   1.1048180e+01   3.1060750e+00  -6.0107117e-02   0.0000000e+00  -1.0443780e-08
   1.1670000e+03   1.1042050e+01   3.1051390e+00  -6.0044153e-02   0.0000000e+00  -1.0469816e-08
   1.1680000e+03   1.1035920e+01   3.1042030e+00  -5.9981247e-02   0.0000000e+00  -1.0495651e-08
   1.1690000e+03   1.1029810e+01   3.1032670e+00  -5.9918375e-02   0.0000000e+00  -1.0521302e-08
   1.1700000e+03   1.1023710e+01   3.1023330e+00  -5.9855496e-02   0.0000000e+00  -1.0546763e-08
   1.1710000e+03   1.1017610e+01   3.1013990e+00  -5.9792659e-02   0.0000000e+00  -1.0572017e-08
   1.1720000e+03   1.1011530e+01   3.1004660e+00  -5.9729830e-02   0.0000000e+00  -1.0597080e-08
   1.1730000e+03   1.1005450e+01   3.0995340e+00  -5.9667021e-02   0.0000000e+00  -1.0621953e-08
   1.1740000e+03   1.0999390e+01   3.0986030e+00  -5.9604245e-02   0.0000000e+00  -1.0646618e-08
   1.1750000e+03   1.0993330e+01   3.0976720e+00  -5.9541505e-02   0.0000000e+00  -1.0671097e-08
   1.1760000e+03   1.0987290e+01   3.0967420e+00  -5.9478759e-02   0.0000000e+00  -1.0695385e-08
   1.1770000e+03   1.0981250e+01   3.0958130e+00  -5.9416059e-02   0.0000000e+00  -1.0719475e-08
   1.1780000e+03   1.0975230e+01   3.0948840e+00  -5.9353378e-02   0.0000000e+00  -1.0743368e-08
   1.1790000e+03   1.0969210e+01   3.0939560e+00  -5.9290746e-02   0.0000000e+00  -1.0767074e-08
   1.1800000e+03   1.0963200e+01   3.0930290e+00  -5.9228110e-02   0.0000000e+00  -1.0790577e-08
   1.1810000e+03   1.0957210e+01   3.0921030e+00  -5.9165507e-02   0.0000000e+00  -1.0813891e-08
   1.1820000e+03   1.0951220e+01   3.0911770e+00  -5.9102920e-02   0.0000000e+00  -1.0837010e-08
   1.1830000e+03   1.0945240e+01   3.0902520e+00  -5.9040372e-02   0.0000000e+00  -1.0859942e-08
   1.1840000e+03   1.0939270e+01   3.0893280e+00  -5.8977844e-02   0.0000000e+00  -1.0882673e-08
   1.1850000e+03   1.0933310e+01   3.0884040e+00  -5.8915347e-02   0.0000000e+00  -1.0905205e-08
   1.1860000e+03   1.0927360e+01   3.0874820e+00  -5.8852868e-02   0.0000000e+00  -1.0927548e-08
   1.1870000e+03   1.0921420e+01   3.0865600e+00  -5.8790413e-02   0.0000000e+00  -1.0949703e-08
   1.1880000e+03   1.0915490e+01   3.0856380e+00  -5.8728005e-02   0.0000000e+00  -1.0971666e-08
   1.1890000e+03   1.0909570e+01   3.0847180e+00  -5.8665596e-02   0.0000000e+00  -1.0993422e-08
   1.1900000e+03   1.0903660e+01   3.0837980e+00  -5.8603228e-02   0.0000000e+00  -1.1014993e-08
   1.1910000e+03   1.0897750e+01   3.0828790e+00  -5.8540881e-02   0.0000000e+00  -1.1036376e-08
   1.1920000e+03   1.0891860e+01   3.0819600e+00  -5.8478567e-02   0.0000000e+00  -1.1057562e-08
   1.1930000e+03   1.0885980e+01   3.0810420e+00  -5.8416273e-02   0.0000000e+00  -1.1078544e-08
   1.1940000e+03   1.0880100e+01   3.0801250e+00  -5.8354017e-02   0.0000000e+00  -1.1099343e-08
   1.1950000e+03   1.0874230e+01   3.0792090e+00  -5.8291760e-02   0.0000000e+00  -1.1119951e-08
   1.1960000e+03   1.0868380e+01   3.0782930e+00  -5.8229558e-02   0.0000000e+00  -1.1140375e-08
   1.1970000e+03   1.0862530e+01   3.0773790e+00  -5.8167359e-02   0.0000000e+00  -1.1160586e-08
   1.1980000e+03   1.0856690e+01   3.0764640e+00  -5.8105214e-02   0.0000000e+00  -1.1180623e-08
   1.1990000e+03   1.0850860e+01   3.0755510e+00  -5.8043085e-02   0.0000000e+00  -1.1200462e-08
   1.2000000e+03   1.0845040e+01   3.0746380e+00  -5.7980984e-02   0.0000000e+00  -1.1220112e-08
   1.2010000e+03   1.0839230e+01   3.0737260e+00  -5.7918914e-02   0.0000000e+00  -1.1239573e-08
   1.2020000e+03   1.0833430e+01   3.0728150e+00  -5.7856844e-02   0.0000000e+00  -1.1258833e-08
   1.2030000e+03   1.0827640e+01   3.0719040e+00  -5.7794837e-02   0.0000000e+00  -1.1277912e-08
   1.2040000e+03   1.0821860e+01   3.0709940e+00  -5.7732838e-02   0.0000000e+00  -1.1296788e-08
   1.2050000e+03   1.0816080e+01   3.0700840e+00  -5.7670909e-02   0.0000000e+00  -1.1315484e-08
   1.2060000e+03   1.0810320e+01   3.0691760e+00  -5.7608955e-02   0.0000000e+00  -1.1333984e-08
   1.2070000e+03   1.0804560e+01   3.0682680e+00  -5.7547060e-02   0.0000000e+00  -1.1352303e-08
   1.2080000e+03   1.0798810e+01   3.0673610e+00  -5.7485165e-02   0.0000000e+00  -1.1370430e-08
   1.2090000e+03   1.0793070e+01   3.0664540e+00  -5.7423330e-02   0.0000000e+00  -1.1388362e-08
   1.2100000e+03   1.0787340e+01   3.0655480e+00  -5.7361513e-02   0.0000000e+00  -1.1406108e-08
   1.2110000e+03   1.0781620e+01   3.0646430e+00  -5.7299736e-02   0.0000000e+00  -1.1423663e-08
   1.2120000e+03   1.0775910e+01   3.0637390e+00  -5.7237960e-02   0.0000000e+00  -1.1441023e-08
   1.2130000e+03   1.0770210e+01   3.0628350e+00  -5.7176239e-02   0.0000000e+00  -1.1458208e-08
   1.2140000e+03   1.0764510e+01   3.0619320e+00  -5.7114523e-02   0.0000000e+00  -1.1475204e-08
   1.2150000e+03   1.0758830e+01   3.0610290e+00  -5.7052861e-02   0.0000000e+00  -1.1492005e-08
   1.2160000e+03   1.0753150e+01   3.0601270e+00  -5.6991223e-02   0.0000000e+00  -1.1508616e-08
   1.2170000e+03   1.0747490e+01   3.0592260e+00  -5.6929599e-02   0.0000000e+00  -1.1525038e-08
   1.2180000e+03   1.0741830e+01   3.0583260e+00  -5.6868023e-02   0.0000000e+00  -1.1541280e-08
   1.2190000e+03   1.0736180e+01   3.0574260e+00  -5.6806461e-02   0.0000000e+00  -1.1557333e-08
   1.2200000e+03   1.0730540e+01   3.0565270e+00  -5.6744942e-02   0.0000000e+00  -1.1573198e-08
   1.2210000e+03   1.0724900e+01   3.0556290e+00  -5.6683447e-02   0.0000000e+00  -1.1588878e-08
   1.2220000e+03   1.0719280e+01   3.0547310e+00  -5.6621988e-02   0.0000000e+00  -1.1604374e-08
   1.2230000e+03   1.0713670e+01   3.0538340e+00  -5.6560562e-02   0.0000000e+00  -1.1619684e-08
   1.2240000e+03   1.0708060e+01   3.0529380e+00  -5.6499146e-02   0.0000000e+00  -1.1634803e-08
   1.2250000e+03   1.0702460e+01   3.0520420e+00  -5.6437787e-02   0.0000000e+00  -1.1649751e-08
   1.2260000e+03   1.0696870e+01   3.0511470e+00  -5.6376431e-02   0.0000000e+00  -1.1664498e-08
   1.2270000e+03   1.0691290e+01   3.0502520e+00  -5.6315133e-02   0.0000000e+00  -1.1679065e-08
   1.2280000e+03   1.0685720e+01   3.0493590e+00  -5.6253849e-02   0.0000000e+00  -1.1693453e-08
   1.2290000e+03   1.0680160e+01   3.0484660e+00  -5.6192593e-02   0.0000000e+00  -1.1707656e-08
   1.2300000e+03   1.0674600e+01   3.0475730e+00  -5.6131381e-02   0.0000000e+00  -1.1721667e-08
   1.2310000e+03   1.0669060e+01   3.0466820e+00  -5.6070183e-02   0.0000000e+00  -1.1735495e-08
   1.2320000e+03   1.0663520e+01   3.0457900e+00  -5.6009048e-02   0.0000000e+00  -1.1749158e-08
   1.2330000e+03   1.0657990e+01   3.0449000e+00  -5.5947909e-02   0.0000000e+00  -1.1762621e-08
   1.2340000e+03   1.0652470e+01   3.0440100e+00  -5.5886818e-02   0.0000000e+00  -1.1775909e-08
   1.2350000e+03   1.0646960e+01   3.0431210e+00  -5.5825764e-02   0.0000000e+00  -1.1789013e-08
   1.2360000e+03   1.0641450e+01   3.0422330e+00  -5.5764715e-02   0.0000000e+00  -1.1801939e-08
   1.2370000e+03   1.0635960e+01   3.0413450e+00  -5.5703720e-02   0.0000000e+00  -1.1814673e-08
   1.2380000e+03   1.0630470e+01   3.0404580e+00  -5.5642748e-02   0.0000000e+00  -1.1827235e-08
   1.2390000e+03   1.0624990e+01   3.0395710e+00  -5.5581833e-02   0.0000000e+00  -1.1839625e-08
   1.2400000e+03   1.0619520e+01   3.0386850e+00  -5.5520933e-02   0.0000000e+00  -1.1851827e-08
   1.2410000e+03   1.0614060e+01   3.0378000e+00  -5.5460055e-02   0.0000000e+00  -1.1863845e-08
   1.2420000e+03   1.0608610e+01   3.0369150e+00  -5.5399210e-02   0.0000000e+00  -1.1875678e-08
   1.2430000e+03   1.0603160e+01   3.0360310e+00  -5.5338406e-02   0.0000000e+00  -1.1887349e-08
   1.2440000e+03   1.0597730e+01   3.0351480e+00  -5.5277634e-02   0.0000000e+00  -1.1898826e-08
   1.2450000e+03   1.0592300e+01   3.0342650e+00  -5.5216893e-02   0.0000000e+00  -1.1910131e-08
   1.2460000e+03   1.0586880e+01   3.0333830e+00  -5.5156193e-02   0.0000000e+00  -1.1921264e-08
   1.2470000e+03   1.0581470e+01   3.0325020e+00  -5.5095487e-02   0.0000000e+00  -1.1932217e-08
   1.2480000e+03   1.0576060e+01   3.0316210e+00  -5.5034846e-02   0.0000000e+00  -1.1942978e-08
   1.2490000e+03   1.0570670e+01   3.0307410e+00  -5.4974242e-02   0.0000000e+00  -1.1953585e-08
   1.2500000e+03   1.0565280e+01   3.0298620e+00  -5.4913649e-02   0.0000000e+00  -1.1964002e-08
   1.2510000e+03   1.0559900e+01   3.0289830e+00  -5.4853110e-02   0.0000000e+00  -1.1974250e-08
   1.2520000e+03   1.0554530e+01   3.0281040e+00  -5.4792594e-02   0.0000000e+00  -1.1984323e-08
   1.2530000e+03   1.0549170e+01   3.0272270e+00  -5.4732096e-02   0.0000000e+00  -1.1994214e-08
   1.2540000e+03   1.0543810e+01   3.0263500e+00  -5.4671662e-02   0.0000000e+00  -1.2003939e-08
   1.2550000e+03   1.0538470e+01   3.0254730e+00  -5.4611248e-02   0.0000000e+00  -1.2013474e-08
   1.2560000e+03   1.0533130e+01   3.0245980e+00  -5.4550856e-02   0.0000000e+00  -1.2022852e-08
   1.2570000e+03   1.0527800e+01   3.0237230e+00  -5.4490504e-02   0.0000000e+00  -1.2032046e-08
   1.2580000e+03   1.0522480e+01   3.0228480e+00  -5.4430196e-02   0.0000000e+00  -1.2041068e-08
   1.2590000e+03   1.0517160e+01   3.0219740e+00  -5.4369912e-02   0.0000000e+00  -1.2049921e-08
   1.2600000e+03   1.0511860e+01   3.0211010e+00  -5.4309661e-02   0.0000000e+00  -1.2058604e-08
   1.2610000e+03   1.0506560e+01   3.0202280e+00  -5.4249438e-02   0.0000000e+00  -1.2067113e-08
   1.2620000e+03   1.0501270e+01   3.0193560e+00  -5.4189249e-02   0.0000000e+00  -1.2075451e-08
   1.2630000e+03   1.0495990e+01   3.0184850e+00  -5.4129090e-02   0.0000000e+00  -1.2083620e-08
   1.2640000e+03   1.0490710e+01   3.0176140e+00  -5.4068989e-02   0.0000000e+00  -1.2091611e-08
   1.2650000e+03   1.0485450e+01   3.0167440e+00  -5.4008886e-02   0.0000000e+00  -1.2099435e-08
   1.2660000e+03   1.0480190e+01   3.0158740e+00  -5.3948851e-02   0.0000000e+00  -1.2107098e-08
   1.2670000e+03   1.0474940e+01   3.0150050e+00  -5.3888832e-02   0.0000000e+00  -1.2114586e-08
   1.2680000e+03   1.0469700e+01   3.0141370e+00  -5.3828854e-02   0.0000000e+00  -1.2121907e-08
   1.2690000e+03   1.0464460e+01   3.0132690e+00  -5.3768897e-02   0.0000000e+00  -1.2129054e-08
   1.2700000e+03   1.0459230e+01   3.0124020e+00  -5.3708985e-02   0.0000000e+00  -1.2136043e-08
   1.2710000e+03   1.0454020e+01   3.0115350e+00  -5.3649112e-02   0.0000000e+00  -1.2142856e-08
   1.2720000e+03   1.0448810e+01   3.0106690e+00  -5.3589261e-02   0.0000000e+00  -1.2149508e-08
   1.2730000e+03   1.0443600e+01   3.0098040e+00  -5.3529452e-02   0.0000000e+00  -1.2155992e-08
   1.2740000e+03   1.0438410e+01   3.0089390e+00  -5.3469680e-02   0.0000000e+00  -1.2162307e-08
   1.2750000e+03   1.0433220e+01   3.0080750e+00  -5.3409935e-02   0.0000000e+00  -1.2168465e-08
   1.2760000e+03   1.0428040e+01   3.0072110e+00  -5.3350229e-02   0.0000000e+00  -1.2174453e-08
   1.2770000e+03   1.0422870e+01   3.0063480e+00  -5.3290545e-02   0.0000000e+00  -1.2180274e-08
   1.2780000e+03   1.0417700e+01   3.0054860e+00  -5.3230899e-02   0.0000000e+00  -1.2185935e-08
   1.2790000e+03   1.0412550e+01   3.0046240e+00  -5.3171296e-02   0.0000000e+00  -1.2191432e-08
   1.2800000e+03   1.0407400e+01   3.0037630e+00  -5.3111715e-02   0.0000000e+00  -1.2196754e-08
   1.2810000e+03   1.0402260e+01   3.0029020e+00  -5.3052174e-02   0.0000000e+00  -1.2201924e-08
   1.2820000e+03   1.0397130e+01   3.0020420e+00  -5.2992676e-02   0.0000000e+00  -1.2206938e-08
   1.2830000e+03   1.0392000e+01   3.0011830e+00  -5.2933200e-02   0.0000000e+00  -1.2211785e-08
   1.2840000e+03   1.0386880e+01   3.0003240e+00  -5.2873764e-02   0.0000000e+00  -1.2216463e-08
   1.2850000e+03   1.0381770e+01   2.9994660e+00  -5.2814369e-02   0.0000000e+00  -1.2220996e-08
   1.2860000e+03   1.0376670e+01   2.9986080e+00  -5.2754994e-02   0.0000000e+00  -1.2225349e-08
   1.2870000e+03   1.0371580e+01   2.9977510e+00  -5.2695660e-02   0.0000000e+00  -1.2229560e-08
   1.2880000e+03   1.0366490e+01   2.9968940e+00  -5.2636372e-02   0.0000000e+00  -1.2233607e-08
   1.2890000e+03   1.0361410e+01   2.9960380e+00  -5.2577116e-02   0.0000000e+00  -1.2237498e-08
   1.2900000e+03   1.0356340e+01   2.9951830e+00  -5.2517888e-02   0.0000000e+00  -1.2241232e-08
   1.2910000e+03   1.0351270e+01   2.9943280e+00  -5.2458704e-02   0.0000000e+00  -1.2244799e-08
   1.2920000e+03   1.0346210e+01   2.9934740e+00  -5.2399541e-02   0.0000000e+00  -1.2248210e-08
   1.2930000e+03   1.0341170e+01   2.9926200e+00  -5.2340408e-02   0.0000000e+00  -1.2251468e-08
   1.2940000e+03   1.0336120e+01   2.9917670e+00  -5.2281325e-02   0.0000000e+00  -1.2254572e-08
   1.2950000e+03   1.0331090e+01   2.9909140e+00  -5.2222278e-02   0.0000000e+00  -1.2257512e-08
   1.2960000e+03   1.0326060e+01   2.9900620e+00  -5.2163277e-02   0.0000000e+00  -1.2260313e-08
   1.2970000e+03   1.0321040e+01   2.9892110e+00  -5.2104274e-02   0.0000000e+00  -1.2262948e-08
   1.2980000e+03   1.0316030e+01   2.9883600e+00  -5.2045333e-02   0.0000000e+00  -1.2265426e-08
   1.2990000e+03   1.0311030e+01   2.9875100e+00  -5.1986411e-02   0.0000000e+00  -1.2267759e-08
   1.3000000e+03   1.0306030e+01   2.9866600e+00  -5.1927551e-02   0.0000000e+00  -1.2269932e-08
   1.3010000e+03   1.0301040e+01   2.9858110e+00  -5.1868694e-02   0.0000000e+00  -1.2271955e-08
   1.3020000e+03   1.0296060e+01   2.9849620e+00  -5.1809915e-02   0.0000000e+00  -1.2273834e-08
   1.3030000e+03   1.0291080e+01   2.9841140e+00  -5.1751144e-02   0.0000000e+00  -1.2275558e-08
   1.3040000e+03   1.0286110e+01   2.9832670e+00  -5.1692387e-02   0.0000000e+00  -1.2277108e-08
   1.3050000e+03   1.0281150e+01   2.9824200e+00  -5.1633689e-02   0.0000000e+00  -1.2278539e-08
   1.3060000e+03   1.0276200e+01   2.9815730e+00  -5.1575032e-02   0.0000000e+00  -1.2279803e-08
   1.3070000e+03   1.0271250e+01   2.9807280e+00  -5.1516398e-02   0.0000000e+00  -1.2280929e-08
   1.3080000e+03   1.0266320e+01   2.9798820e+00  -5.1457820e-02   0.0000000e+00  -1.2281904e-08
   1.3090000e+03   1.0261390e+01   2.9790380e+00  -5.1399248e-02   0.0000000e+00  -1.2282720e-08
   1.3100000e+03   1.0256460e+01   2.9781930e+00  -5.1340738e-02   0.0000000e+00  -1.2283401e-08
   1.3110000e+03   1.0251540e+01   2.9773500e+00  -5.1282245e-02   0.0000000e+00  -1.2283925e-08
   1.3120000e+03   1.0246640e+01   2.9765070e+00  -5.1223789e-02   0.0000000e+00  -1.2284307e-08
   1.3130000e+03   1.0241730e+01   2.9756640e+00  -5.1165382e-02   0.0000000e+00  -1.2284542e-08
   1.3140000e+03   1.0236840e+01   2.9748220e+00  -5.1106989e-02   0.0000000e+00  -1.2284627e-08
   1.3150000e+03   1.0231950e+01   2.9739810e+00  -5.1048640e-02   0.0000000e+00  -1.2284570e-08
   1.3160000e+03   1.0227070e+01   2.9731400e+00  -5.0990329e-02   0.0000000e+00  -1.2284367e-08
   1.3170000e+03   1.0222200e+01   2.9722990e+00  -5.0932082e-02   0.0000000e+00  -1.2284031e-08
   1.3180000e+03   1.0217330e+01   2.9714600e+00  -5.0873834e-02   0.0000000e+00  -1.2283536e-08
   1.3190000e+03   1.0212470e+01   2.9706200e+00  -5.0815643e-02   0.0000000e+00  -1.2282908e-08
   1.3200000e+03   1.0207620e+01   2.9697820e+00  -5.0757454e-02   0.0000000e+00  -1.2282131e-08
   1.3210000e+03   1.0202780e+01   2.9689430e+00  -5.0699341e-02   0.0000000e+00  -1.2281228e-08
   1.3220000e+03   1.0197940e+01   2.9681060e+00  -5.0641237e-02   0.0000000e+00  -1.2280170e-08
   1.3230000e+03   1.0193110e+01   2.9672680e+00  -5.0583187e-02   0.0000000e+00  -1.2278973e-08
   1.3240000e+03   1.0188290e+01   2.9664320e+00  -5.0525155e-02   0.0000000e+00  -1.2277627e-08
   1.3250000e+03   1.0183470e+01   2.9655960e+00  -5.0467172e-02   0.0000000e+00  -1.2276159e-08
   1.3260000e+03   1.0178660e+01   2.9647600e+00  -5.0409221e-02   0.0000000e+00  -1.2274540e-08
   1.3270000e+03   1.0173860e+01   2.9639250e+00  -5.0351310e-02   0.0000000e+00  -1.2272784e-08
   1.3280000e+03   1.0169060e+01   2.9630910e+00  -5.0293426e-02   0.0000000e+00  -1.2270891e-08
   1.3290000e+03   1.0164280e+01   2.9622570e+00  -5.0235575e-02   0.0000000e+00  -1.2268858e-08
   1.3300000e+03   1.0159500e+01   2.9614230e+00  -5.0177781e-02   0.0000000e+00  -1.2266699e-08
   1.3310000e+03   1.0154720e+01   2.9605900e+00  -5.0120015e-02   0.0000000e+00  -1.2264395e-08
   1.3320000e+03   1.0149950e+01   2.9597580e+00  -5.0062267e-02   0.0000000e+00  -1.2261955e-08
   1.3330000e+03   1.0145190e+01   2.9589260e+00  -5.0004579e-02   0.0000000e+00  -1.2259382e-08
   1.3340000e+03   1.0140440e+01   2.9580940e+00  -4.9946925e-02   0.0000000e+00  -1.2256685e-08
   1.3350000e+03   1.0135700e+01   2.9572640e+00  -4.9889270e-02   0.0000000e+00  -1.2253835e-08
   1.3360000e+03   1.0130960e+01   2.9564330e+00  -4.9831702e-02   0.0000000e+00  -1.2250857e-08
   1.3370000e+03   1.0126220e+01   2.9556030e+00  -4.9774150e-02   0.0000000e+00  -1.2247756e-08
   1.3380000e+03   1.0121500e+01   2.9547740e+00  -4.9716635e-02   0.0000000e+00  -1.2244514e-08
   1.3390000e+03   1.0116780e+01   2.9539450e+00  -4.9659141e-02   0.0000000e+00  -1.2241139e-08
   1.3400000e+03   1.0112070e+01   2.9531170e+00  -4.9601707e-02   0.0000000e+00  -1.2237634e-08
   1.3410000e+03   1.0107360e+01   2.9522890e+00  -4.9544292e-02   0.0000000e+00  -1.2234001e-08
   1.3420000e+03   1.0102670e+01   2.9514620e+00  -4.9486918e-02   0.0000000e+00  -1.2230236e-08
   1.3430000e+03   1.0097980e+01   2.9506350e+00  -4.9429577e-02   0.0000000e+00  -1.2226347e-08
   1.3440000e+03   1.0093290e+01   2.9498090e+00  -4.9372282e-02   0.0000000e+00  -1.2222328e-08
   1.3450000e+03   1.0088610e+01   2.9489830e+00  -4.9315006e-02   0.0000000e+00  -1.2218168e-08
   1.3460000e+03   1.0083940e+01   2.9481580e+00  -4.9257786e-02   0.0000000e+00  -1.2213893e-08
   1.3470000e+03   1.0079280e+01   2.9473330e+00  -4.9200586e-02   0.0000000e+00  -1.2209481e-08
   1.3480000e+03   1.0074620e+01   2.9465090e+00  -4.9143428e-02   0.0000000e+00  -1.2204947e-08
   1.3490000e+03   1.0069970e+01   2.9456850e+00  -4.9086322e-02   0.0000000e+00  -1.2200299e-08
   1.3500000e+03   1.0065330e+01   2.9448610e+00  -4.9029257e-02   0.0000000e+00  -1.2195516e-08
   1.3510000e+03   1.0060690e+01   2.9440390e+00  -4.8972196e-02   0.0000000e+00  -1.2190597e-08
   1.3520000e+03   1.0056060e+01   2.9432160e+00  -4.8915189e-02   0.0000000e+00  -1.2185569e-08
   1.3530000e+03   1.0051440e+01   2.9423950e+00  -4.8858199e-02   0.0000000e+00  -1.2180407e-08
   1.3540000e+03   1.0046820e+01   2.9415730e+00  -4.8801272e-02   0.0000000e+00  -1.2175129e-08
   1.3550000e+03   1.0042210e+01   2.9407520e+00  -4.8744381e-02   0.0000000e+00  -1.2169722e-08
   1.3560000e+03   1.0037610e+01   2.9399320e+00  -4.8687511e-02   0.0000000e+00  -1.2164202e-08
   1.3570000e+03   1.0033010e+01   2.9391120e+00  -4.8630698e-02   0.0000000e+00  -1.2158554e-08
   1.3580000e+03   1.0028420e+01   2.9382930e+00  -4.8573885e-02   0.0000000e+00  -1.2152780e-08
   1.3590000e+03   1.0023840e+01   2.9374740e+00  -4.8517144e-02   0.0000000e+00  -1.2146895e-08
   1.3600000e+03   1.0019270e+01   2.9366560e+00  -4.8460399e-02   0.0000000e+00  -1.2140883e-08
   1.3610000e+03   1.0014700e+01   2.9358380e+00  -4.8403723e-02   0.0000000e+00  -1.2134758e-08
   1.3620000e+03   1.0010130e+01   2.9350210e+00  -4.8347085e-02   0.0000000e+00  -1.2128514e-08
   1.3630000e+03   1.0005580e+01   2.9342040e+00  -4.8290476e-02   0.0000000e+00  -1.2122150e-08
   1.3640000e+03   1.0001030e+01   2.9333870e+00  -4.8233912e-02   0.0000000e+00  -1.2115668e-08
