   3.3000000e+01   2.4478970e+02   4.8814570e+00  -1.9654114e-02   6.2957293e-03   1.1351820e-02
   3.4000000e+01   2.3952760e+02   4.8440960e+00  -2.0416660e-02   6.4685865e-03   1.1566508e-02
   3.5000000e+01   2.3448900e+02   4.8088000e+00  -2.1178509e-02   6.6430581e-03   1.1775750e-02
   3.6000000e+01   2.2965780e+02   4.7754400e+00  -2.1939542e-02   6.8192484e-03   1.1979608e-02
   3.7000000e+01   2.2501990e+02   4.7438970e+00  -2.2699642e-02   6.9972375e-03   1.2178150e-02
   3.8000000e+01   2.2056270e+02   4.7140540e+00  -2.3458781e-02   7.1771394e-03   1.2371482e-02
   3.9000000e+01   2.1627500e+02   4.6858040e+00  -2.4216913e-02   7.3590397e-03   1.2559712e-02
   4.0000000e+01   2.1214640e+02   4.6590440e+00  -2.4974067e-02   7.5430815e-03   1.2742970e-02
   4.1000000e+01   2.0816780e+02   4.6336790e+00  -2.5730228e-02   7.7293374e-03   1.2921397e-02
   4.2000000e+01   2.0433070e+02   4.6096180e+00  -2.6485440e-02   7.9179476e-03   1.3095129e-02
   4.3000000e+01   2.0062750e+02   4.5867790e+00  -2.7239714e-02   8.1090026e-03   1.3264311e-02
   4.4000000e+01   1.9705100e+02   4.5650840e+00  -2.7993079e-02   8.3026220e-03   1.3429091e-02
   4.5000000e+01   1.9359490e+02   4.5444600e+00  -2.8745534e-02   8.4988832e-03   1.3589602e-02
   4.6000000e+01   1.9025300e+02   4.5248390e+00  -2.9497138e-02   8.6979191e-03   1.3745999e-02
   4.7000000e+01   1.8701970e+02   4.5061590e+00  -3.0247903e-02   8.8998240e-03   1.3898421e-02
   4.8000000e+01   1.8388990e+02   4.4883610e+00  -3.0997810e-02   9.1046642e-03   1.4046996e-02
   4.9000000e+01   1.8085880e+02   4.4713910e+00  -3.1746900e-02   9.3125476e-03   1.4191862e-02
   5.0000000e+01   1.7792170e+02   4.4551990e+00  -3.2495166e-02   9.5235620e-03   1.4333142e-02
   5.1000000e+01   1.7507450e+02   4.4397380e+00  -3.3242628e-02   9.7377840e-03   1.4470974e-02
   5.2000000e+01   1.7231310e+02   4.4249640e+00  -3.3989266e-02   9.9552893e-03   1.4605453e-02
   5.3000000e+01   1.6963390e+02   4.4108380e+00  -3.4735098e-02   1.0176159e-02   1.4736710e-02
   5.4000000e+01   1.6703320e+02   4.3973210e+00  -3.5480094e-02   1.0400450e-02   1.4864851e-02
   5.5000000e+01   1.6450780e+02   4.3843780e+00  -3.6224273e-02   1.0628235e-02   1.4989978e-02
   5.6000000e+01   1.6205450e+02   4.3719780e+00  -3.6967618e-02   1.0859581e-02   1.5112192e-02
   5.7000000e+01   1.5967030e+02   4.3600890e+00  -3.7710122e-02   1.1094535e-02   1.5231602e-02
   5.8000000e+01   1.5735250e+02   4.3486840e+00  -3.8451731e-02   1.1333121e-02   1.5348271e-02
   5.9000000e+01   1.5509840e+02   4.3377360e+00  -3.9192509e-02   1.1575440e-02   1.5462316e-02
   6.0000000e+01   1.5290550e+02   4.3272210e+00  -3.9932380e-02   1.1821489e-02   1.5573811e-02
   6.1000000e+01   1.5077130e+02   4.3171160e+00  -4.0671366e-02   1.2071344e-02   1.5682827e-02
   6.2000000e+01   1.4869360e+02   4.3074000e+00  -4.1409467e-02   1.2325042e-02   1.5789458e-02
   6.3000000e+01   1.4667030e+02   4.2980520e+00  -4.2146644e-02   1.2582595e-02   1.5893768e-02
   6.4000000e+01   1.4469920e+02   4.2890540e+00  -4.2882888e-02   1.2844048e-02   1.5995825e-02
   6.5000000e+01   1.4277850e+02   4.2803890e+00  -4.3618211e-02   1.3109426e-02   1.6095701e-02
   6.6000000e+01   1.4090640e+02   4.2720390e+00  -4.4352556e-02   1.3378710e-02   1.6193470e-02
   6.7000000e+01   1.3908090e+02   4.2639910e+00  -4.5085954e-02   1.3651973e-02   1.6289187e-02
   6.8000000e+01   1.3730050e+02   4.2562280e+00  -4.5818423e-02   1.3929245e-02   1.6382904e-02
   6.9000000e+01   1.3556350e+02   4.2487380e+00  -4.6549911e-02   1.4210493e-02   1.6474702e-02
   7.0000000e+01   1.3386840e+02   4.2415090e+00  -4.7280435e-02   1.4495755e-02   1.6564614e-02
   7.1000000e+01   1.3221370e+02   4.2345280e+00  -4.8009951e-02   1.4785014e-02   1.6652698e-02
   7.2000000e+01   1.3059810e+02   4.2277830e+00  -4.8738492e-02   1.5078289e-02   1.6739013e-02
   7.3000000e+01   1.2902010e+02   4.2212650e+00  -4.9466094e-02   1.5375633e-02   1.6823609e-02
   7.4000000e+01   1.2747860e+02   4.2149630e+00  -5.0192667e-02   1.5676951e-02   1.6906533e-02
   7.5000000e+01   1.2597230e+02   4.2088680e+00  -5.0918270e-02   1.5982298e-02   1.6987823e-02
   7.6000000e+01   1.2450010e+02   4.2029720e+00  -5.1642881e-02   1.6291659e-02   1.7067525e-02
   7.7000000e+01   1.2306070e+02   4.1972640e+00  -5.2366549e-02   1.6605058e-02   1.7145703e-02
   7.8000000e+01   1.2165320e+02   4.1917390e+00  -5.3089227e-02   1.6922451e-02   1.7222369e-02
   7.9000000e+01   1.2027650e+02   4.1863880e+00  -5.3810942e-02   1.7243838e-02   1.7297581e-02
   8.0000000e+01   1.1892970e+02   4.1812040e+00  -5.4531658e-02   1.7569165e-02   1.7371384e-02
   8.1000000e+01   1.1761170e+02   4.1761810e+00  -5.5251453e-02   1.7898503e-02   1.7443800e-02
   8.2000000e+01   1.1632180e+02   4.1713110e+00  -5.5970279e-02   1.8231757e-02   1.7514873e-02
   8.3000000e+01   1.1505890e+02   4.1665900e+00  -5.6688186e-02   1.8568975e-02   1.7584640e-02
   8.4000000e+01   1.1382240e+02   4.1620110e+00  -5.7405137e-02   1.8910060e-02   1.7653145e-02
   8.5000000e+01   1.1261130e+02   4.1575680e+00  -5.8121177e-02   1.9255056e-02   1.7720411e-02
   8.6000000e+01   1.1142500e+02   4.1532570e+00  -5.8836332e-02   1.9603931e-02   1.7786472e-02
   8.7000000e+01   1.1026260e+02   4.1490730e+00  -5.9550554e-02   1.9956622e-02   1.7851365e-02
   8.8000000e+01   1.0912360e+02   4.1450110e+00  -6.0263881e-02   2.0313099e-02   1.7915126e-02
   8.9000000e+01   1.0800710e+02   4.1410670e+00  -6.0976352e-02   2.0673402e-02   1.7977767e-02
   9.0000000e+01   1.0691250e+02   4.1372350e+00  -6.1687985e-02   2.1037482e-02   1.8039336e-02
   9.1000000e+01   1.0583930e+02   4.1335130e+00  -6.2398746e-02   2.1405256e-02   1.8099853e-02
   9.2000000e+01   1.0478680e+02   4.1298960e+00  -6.3108665e-02   2.1776713e-02   1.8159360e-02
   9.3000000e+01   1.0375440e+02   4.1263810e+00  -6.3817772e-02   2.2151846e-02   1.8217873e-02
   9.4000000e+01   1.0274160e+02   4.1229630e+00  -6.4526099e-02   2.2530623e-02   1.8275417e-02
   9.5000000e+01   1.0174770e+02   4.1196410e+00  -6.5233647e-02   2.2913027e-02   1.8332031e-02
   9.6000000e+01   1.0077240e+02   4.1164100e+00  -6.5940368e-02   2.3298915e-02   1.8387734e-02
   9.7000000e+01   9.9811760e+01   4.1134020e+00  -6.6641206e-02   2.3685678e-02   1.8446330e-02
   9.8000000e+01   9.8872010e+01   4.1103410e+00  -6.7346513e-02   2.4078610e-02   1.8500227e-02
   9.9000000e+01   9.7949300e+01   4.1073630e+00  -6.8051046e-02   2.4474951e-02   1.8553290e-02
   1.0000000e+02   9.7043160e+01   4.1044640e+00  -6.8754905e-02   2.4874742e-02   1.8605543e-02
   1.0100000e+02   9.6153170e+01   4.1016430e+00  -6.9458081e-02   2.5277918e-02   1.8657012e-02
   1.0200000e+02   9.5278890e+01   4.0988960e+00  -7.0160547e-02   2.5684398e-02   1.8707725e-02
   1.0300000e+02   9.4419920e+01   4.0962220e+00  -7.0862381e-02   2.6094211e-02   1.8757695e-02
   1.0400000e+02   9.3575880e+01   4.0936180e+00  -7.1563550e-02   2.6507263e-02   1.8806952e-02
   1.0500000e+02   9.2746370e+01   4.0910810e+00  -7.2264085e-02   2.6923527e-02   1.8855522e-02
   1.0600000e+02   9.1931040e+01   4.0886100e+00  -7.2964031e-02   2.7342994e-02   1.8903413e-02
   1.0700000e+02   9.1129530e+01   4.0862020e+00  -7.3663370e-02   2.7765587e-02   1.8950662e-02
   1.0800000e+02   9.0341500e+01   4.0838560e+00  -7.4362105e-02   2.8191254e-02   1.8997280e-02
   1.0900000e+02   8.9566600e+01   4.0815700e+00  -7.5060285e-02   2.8620000e-02   1.9043279e-02
   1.1000000e+02   8.8804540e+01   4.0793410e+00  -7.5757896e-02   2.9051728e-02   1.9088706e-02
   1.1100000e+02   8.8054980e+01   4.0771690e+00  -7.6454988e-02   2.9486460e-02   1.9133547e-02
   1.1200000e+02   8.7317640e+01   4.0750500e+00  -7.7151515e-02   2.9924075e-02   1.9177848e-02
   1.1300000e+02   8.6592220e+01   4.0729840e+00  -7.7847581e-02   3.0364625e-02   1.9221621e-02
   1.1400000e+02   8.5878440e+01   4.0709700e+00  -7.8543050e-02   3.0807939e-02   1.9264865e-02
   1.1500000e+02   8.5176020e+01   4.0690040e+00  -7.9238072e-02   3.1254076e-02   1.9307637e-02
   1.1600000e+02   8.4484710e+01   4.0670870e+00  -7.9932614e-02   3.1702973e-02   1.9349911e-02
   1.1700000e+02   8.3804240e+01   4.0652160e+00  -8.0626713e-02   3.2154604e-02   1.9391732e-02
   1.1800000e+02   8.3134360e+01   4.0633900e+00  -8.1320349e-02   3.2608903e-02   1.9433106e-02
   1.1900000e+02   8.2474840e+01   4.0616090e+00  -8.2013462e-02   3.3065759e-02   1.9474054e-02
   1.2000000e+02   8.1825440e+01   4.0598690e+00  -8.2706211e-02   3.3525253e-02   1.9514602e-02
   1.2100000e+02   8.1185940e+01   4.0581710e+00  -8.3398515e-02   3.3987285e-02   1.9554736e-02
   1.2200000e+02   8.0556110e+01   4.0565130e+00  -8.4090365e-02   3.4451775e-02   1.9594502e-02
   1.2300000e+02   7.9935740e+01   4.0548940e+00  -8.4781770e-02   3.4918687e-02   1.9633905e-02
   1.2400000e+02   7.9324620e+01   4.0533130e+00  -8.5472785e-02   3.5388035e-02   1.9672949e-02
   1.2500000e+02   7.8722560e+01   4.0517680e+00  -8.6163421e-02   3.5859766e-02   1.9711653e-02
   1.2600000e+02   7.8129350e+01   4.0502590e+00  -8.6853635e-02   3.6333791e-02   1.9750047e-02
   1.2700000e+02   7.7544800e+01   4.0487840e+00  -8.7543404e-02   3.6810048e-02   1.9788124e-02
   1.2800000e+02   7.6968740e+01   4.0473430e+00  -8.8232856e-02   3.7288610e-02   1.9825902e-02
   1.2900000e+02   7.6400980e+01   4.0459340e+00  -8.8921873e-02   3.7769315e-02   1.9863405e-02
   1.3000000e+02   7.5841340e+01   4.0445570e+00  -8.9610513e-02   3.8252175e-02   1.9900638e-02
   1.3100000e+02   7.5289660e+01   4.0432110e+00  -9.0298793e-02   3.8737171e-02   1.9937597e-02
   1.3200000e+02   7.4745770e+01   4.0418940e+00  -9.0986635e-02   3.9224166e-02   1.9974326e-02
   1.3300000e+02   7.4209520e+01   4.0406070e+00  -9.1674161e-02   3.9713252e-02   2.0010800e-02
   1.3400000e+02   7.3680740e+01   4.0393480e+00  -9.2361184e-02   4.0204199e-02   2.0047065e-02
   1.3500000e+02   7.3159280e+01   4.0381160e+00  -9.3047923e-02   4.0697173e-02   2.0083106e-02
   1.3600000e+02   7.2645000e+01   4.0369100e+00  -9.3734268e-02   4.1192034e-02   2.0118951e-02
   1.3700000e+02   7.2137750e+01   4.0357310e+00  -9.4420149e-02   4.1688671e-02   2.0154598e-02
   1.3800000e+02   7.1637400e+01   4.0345760e+00  -9.5105720e-02   4.2187184e-02   2.0190060e-02
   1.3900000e+02   7.1143800e+01   4.0334460e+00  -9.5790846e-02   4.2687435e-02   2.0225344e-02
   1.4000000e+02   7.0656820e+01   4.0323390e+00  -9.6475596e-02   4.3189422e-02   2.0260469e-02
   1.4100000e+02   7.0176340e+01   4.0312560e+00  -9.7159919e-02   4.3693072e-02   2.0295432e-02
   1.4200000e+02   6.9702220e+01   4.0301940e+00  -9.7843821e-02   4.4198345e-02   2.0330252e-02
   1.4300000e+02   6.9234350e+01   4.0291550e+00  -9.8527304e-02   4.4705233e-02   2.0364922e-02
   1.4400000e+02   6.8772610e+01   4.0281360e+00  -9.9210352e-02   4.5213655e-02   2.0399469e-02
   1.4500000e+02   6.8316870e+01   4.0271380e+00  -9.9892959e-02   4.5723593e-02   2.0433882e-02
   1.4600000e+02   6.7867030e+01   4.0261600e+00  -1.0057519e-01   4.6235067e-02   2.0468177e-02
   1.4700000e+02   6.7422970e+01   4.0252010e+00  -1.0125690e-01   4.6747908e-02   2.0502366e-02
   1.4800000e+02   6.6984580e+01   4.0242610e+00  -1.0193815e-01   4.7262149e-02   2.0536449e-02
   1.4900000e+02   6.6551770e+01   4.0233390e+00  -1.0261896e-01   4.7777772e-02   2.0570430e-02
   1.5000000e+02   6.6124420e+01   4.0224350e+00  -1.0329930e-01   4.8294713e-02   2.0604316e-02
   1.5100000e+02   6.5702450e+01   4.0215480e+00  -1.0397912e-01   4.8812909e-02   2.0638124e-02
   1.5200000e+02   6.5285740e+01   4.0206780e+00  -1.0465844e-01   4.9332334e-02   2.0671845e-02
   1.5300000e+02   6.4874200e+01   4.0198240e+00  -1.0533723e-01   4.9852947e-02   2.0705489e-02
   1.5400000e+02   6.4467740e+01   4.0189860e+00  -1.0601550e-01   5.0374736e-02   2.0739058e-02
   1.5500000e+02   6.4066280e+01   4.0181630e+00  -1.0669322e-01   5.0897617e-02   2.0772573e-02
   1.5600000e+02   6.3669710e+01   4.0173560e+00  -1.0737026e-01   5.1421484e-02   2.0806014e-02
   1.5700000e+02   6.3277950e+01   4.0165620e+00  -1.0804688e-01   5.1946514e-02   2.0839399e-02
   1.5800000e+02   6.2890930e+01   4.0157830e+00  -1.0872285e-01   5.2472480e-02   2.0872735e-02
   1.5900000e+02   6.2508550e+01   4.0150170e+00  -1.0939825e-01   5.2999448e-02   2.0906014e-02
   1.6000000e+02   6.2130730e+01   4.0142640e+00  -1.1007304e-01   5.3527334e-02   2.0939253e-02
   1.6100000e+02   6.1757400e+01   4.0135250e+00  -1.1074712e-01   5.4056050e-02   2.0972439e-02
   1.6200000e+02   6.1388470e+01   4.0127980e+00  -1.1142060e-01   5.4585650e-02   2.1005586e-02
   1.6300000e+02   6.1023880e+01   4.0120830e+00  -1.1209340e-01   5.5116056e-02   2.1038696e-02
   1.6400000e+02   6.0663550e+01   4.0113800e+00  -1.1276550e-01   5.5647212e-02   2.1071773e-02
   1.6500000e+02   6.0307400e+01   4.0106880e+00  -1.1343692e-01   5.6179123e-02   2.1104818e-02
   1.6600000e+02   5.9955370e+01   4.0100070e+00  -1.1410761e-01   5.6711720e-02   2.1137826e-02
   1.6700000e+02   5.9607380e+01   4.0093370e+00  -1.1477756e-01   5.7244990e-02   2.1170809e-02
   1.6800000e+02   5.9263380e+01   4.0086780e+00  -1.1544671e-01   5.7778838e-02   2.1203765e-02
   1.6900000e+02   5.8923280e+01   4.0080290e+00  -1.1611509e-01   5.8313286e-02   2.1236683e-02
   1.7000000e+02   5.8587040e+01   4.0073900e+00  -1.1678267e-01   5.8848278e-02   2.1269585e-02
   1.7100000e+02   5.8254580e+01   4.0067600e+00  -1.1744942e-01   5.9383773e-02   2.1302461e-02
   1.7200000e+02   5.7925840e+01   4.0061390e+00  -1.1811539e-01   5.9919800e-02   2.1335317e-02
   1.7300000e+02   5.7600760e+01   4.0055280e+00  -1.1878043e-01   6.0456208e-02   2.1368151e-02
   1.7400000e+02   5.7279290e+01   4.0049250e+00  -1.1944462e-01   6.0993046e-02   2.1400959e-02
   1.7500000e+02   5.6961370e+01   4.0043310e+00  -1.2010786e-01   6.1530213e-02   2.1433746e-02
   1.7600000e+02   5.6646930e+01   4.0037450e+00  -1.2077024e-01   6.2067761e-02   2.1466516e-02
   1.7700000e+02   5.6335920e+01   4.0031670e+00  -1.2143163e-01   6.2605582e-02   2.1499261e-02
   1.7800000e+02   5.6028300e+01   4.0025970e+00  -1.2209204e-01   6.3143653e-02   2.1531988e-02
   1.7900000e+02   5.5724000e+01   4.0020340e+00  -1.2275148e-01   6.3681971e-02   2.1564695e-02
   1.8000000e+02   5.5422970e+01   4.0014790e+00  -1.2340988e-01   6.4220460e-02   2.1597368e-02
   1.8100000e+02   5.5125160e+01   4.0009300e+00  -1.2406729e-01   6.4759151e-02   2.1630031e-02
   1.8200000e+02   5.4830530e+01   4.0003890e+00  -1.2472357e-01   6.5297901e-02   2.1662661e-02
   1.8300000e+02   5.4539020e+01   3.9998540e+00  -1.2537883e-01   6.5836793e-02   2.1695280e-02
   1.8400000e+02   5.4250580e+01   3.9993250e+00  -1.2603299e-01   6.6375748e-02   2.1727862e-02
   1.8500000e+02   5.3965170e+01   3.9988030e+00  -1.2668596e-01   6.6914680e-02   2.1760427e-02
   1.8600000e+02   5.3682740e+01   3.9982870e+00  -1.2733782e-01   6.7453634e-02   2.1792957e-02
   1.8700000e+02   5.3403250e+01   3.9977760e+00  -1.2798854e-01   6.7992570e-02   2.1825467e-02
   1.8800000e+02   5.3126660e+01   3.9972710e+00  -1.2863801e-01   6.8531390e-02   2.1857935e-02
   1.8900000e+02   5.2852910e+01   3.9967720e+00  -1.2928626e-01   6.9070102e-02   2.1890384e-02
   1.9000000e+02   5.2581960e+01   3.9962780e+00  -1.2993327e-01   6.9608677e-02   2.1922791e-02
   1.9100000e+02   5.2313780e+01   3.9957890e+00  -1.3057902e-01   7.0147098e-02   2.1955162e-02
   1.9200000e+02   5.2048320e+01   3.9953050e+00  -1.3122348e-01   7.0685302e-02   2.1987506e-02
   1.9300000e+02   5.1785550e+01   3.9948260e+00  -1.3186661e-01   7.1223262e-02   2.2019804e-02
   1.9400000e+02   5.1525420e+01   3.9943520e+00  -1.3250836e-01   7.1760931e-02   2.2052051e-02
   1.9500000e+02   5.1267890e+01   3.9938820e+00  -1.3314881e-01   7.2298347e-02   2.2084269e-02
   1.9600000e+02   5.1012940e+01   3.9934160e+00  -1.3378784e-01   7.2835404e-02   2.2116441e-02
   1.9700000e+02   5.0760510e+01   3.9929550e+00  -1.3442545e-01   7.3372108e-02   2.2148549e-02
   1.9800000e+02   5.0510570e+01   3.9924980e+00  -1.3506164e-01   7.3908420e-02   2.2180626e-02
   1.9900000e+02   5.0263100e+01   3.9920440e+00  -1.3569636e-01   7.4444305e-02   2.2212641e-02
   2.0000000e+02   5.0018040e+01   3.9915940e+00  -1.3632962e-01   7.4979759e-02   2.2244600e-02
   2.0100000e+02   4.9775380e+01   3.9911480e+00  -1.3696136e-01   7.5514723e-02   2.2276500e-02
   2.0200000e+02   4.9535070e+01   3.9907060e+00  -1.3759155e-01   7.6049159e-02   2.2308348e-02
   2.0300000e+02   4.9297080e+01   3.9902660e+00  -1.3822024e-01   7.6583098e-02   2.2340121e-02
   2.0400000e+02   4.9061370e+01   3.9898310e+00  -1.3884725e-01   7.7116395e-02   2.2371831e-02
   2.0500000e+02   4.8827930e+01   3.9893980e+00  -1.3947274e-01   7.7649149e-02   2.2403473e-02
   2.0600000e+02   4.8596710e+01   3.9889680e+00  -1.4009660e-01   7.8181276e-02   2.2435046e-02
   2.0700000e+02   4.8367680e+01   3.9885410e+00  -1.4071881e-01   7.8712752e-02   2.2466534e-02
   2.0800000e+02   4.8140820e+01   3.9881170e+00  -1.4133932e-01   7.9243527e-02   2.2497946e-02
   2.0900000e+02   4.7916100e+01   3.9876960e+00  -1.4195813e-01   7.9773576e-02   2.2529277e-02
   2.1000000e+02   4.7693470e+01   3.9872770e+00  -1.4257522e-01   8.0302903e-02   2.2560520e-02
   2.1100000e+02   4.7472930e+01   3.9868610e+00  -1.4319057e-01   8.0831455e-02   2.2591679e-02
   2.1200000e+02   4.7254430e+01   3.9864470e+00  -1.4380419e-01   8.1359246e-02   2.2622740e-02
   2.1300000e+02   4.7037960e+01   3.9860350e+00  -1.4441601e-01   8.1886200e-02   2.2653707e-02
   2.1400000e+02   4.6823480e+01   3.9856260e+00  -1.4502597e-01   8.2412277e-02   2.2684577e-02
   2.1500000e+02   4.6610960e+01   3.9852190e+00  -1.4563410e-01   8.2937484e-02   2.2715343e-02
   2.1600000e+02   4.6400390e+01   3.9848130e+00  -1.4624046e-01   8.3461864e-02   2.2746017e-02
   2.1700000e+02   4.6191730e+01   3.9844100e+00  -1.4684485e-01   8.3985243e-02   2.2776561e-02
   2.1800000e+02   4.5984960e+01   3.9840080e+00  -1.4744741e-01   8.4507732e-02   2.2807005e-02
   2.1900000e+02   4.5780050e+01   3.9836080e+00  -1.4804806e-01   8.5029253e-02   2.2837339e-02
   2.2000000e+02   4.5576990e+01   3.9832100e+00  -1.4864666e-01   8.5549699e-02   2.2867541e-02
   2.2100000e+02   4.5375740e+01   3.9828140e+00  -1.4924333e-01   8.6069149e-02   2.2897619e-02
   2.2200000e+02   4.5176290e+01   3.9824190e+00  -1.4983802e-01   8.6587552e-02   2.2927573e-02
   2.2300000e+02   4.4978600e+01   3.9820250e+00  -1.5043072e-01   8.7104898e-02   2.2957396e-02
   2.2400000e+02   4.4782660e+01   3.9816330e+00  -1.5102138e-01   8.7621142e-02   2.2987083e-02
   2.2500000e+02   4.4588450e+01   3.9812420e+00  -1.5160999e-01   8.8136266e-02   2.3016638e-02
   2.2600000e+02   4.4395940e+01   3.9808520e+00  -1.5219655e-01   8.8650264e-02   2.3046048e-02
   2.2700000e+02   4.4205100e+01   3.9804640e+00  -1.5278093e-01   8.9163035e-02   2.3075313e-02
   2.2800000e+02   4.4015930e+01   3.9800760e+00  -1.5336331e-01   8.9674698e-02   2.3104430e-02
   2.2900000e+02   4.3828400e+01   3.9796900e+00  -1.5394347e-01   9.0185082e-02   2.3133394e-02
   2.3000000e+02   4.3642480e+01   3.9793040e+00  -1.5452153e-01   9.0694275e-02   2.3162205e-02
   2.3100000e+02   4.3458160e+01   3.9789190e+00  -1.5509742e-01   9.1202221e-02   2.3190849e-02
   2.3200000e+02   4.3275420e+01   3.9785350e+00  -1.5567108e-01   9.1708868e-02   2.3219326e-02
   2.3300000e+02   4.3094240e+01   3.9781520e+00  -1.5624252e-01   9.2214191e-02   2.3247641e-02
   2.3400000e+02   4.2914590e+01   3.9777700e+00  -1.5681175e-01   9.2718220e-02   2.3275790e-02
   2.3500000e+02   4.2736470e+01   3.9773880e+00  -1.5737871e-01   9.3220885e-02   2.3303757e-02
   2.3600000e+02   4.2559840e+01   3.9770070e+00  -1.5794341e-01   9.3722214e-02   2.3331543e-02
   2.3700000e+02   4.2384700e+01   3.9766260e+00  -1.5850585e-01   9.4222175e-02   2.3359155e-02
   2.3800000e+02   4.2211020e+01   3.9762460e+00  -1.5906595e-01   9.4720713e-02   2.3386570e-02
   2.3900000e+02   4.2038790e+01   3.9758660e+00  -1.5962373e-01   9.5217822e-02   2.3413804e-02
   2.4000000e+02   4.1867990e+01   3.9754870e+00  -1.6017913e-01   9.5713467e-02   2.3440841e-02
   2.4100000e+02   4.1698590e+01   3.9751080e+00  -1.6073225e-01   9.6207729e-02   2.3467678e-02
   2.4200000e+02   4.1530600e+01   3.9747290e+00  -1.6128296e-01   9.6700469e-02   2.3494319e-02
   2.4300000e+02   4.1363980e+01   3.9743510e+00  -1.6183123e-01   9.7191678e-02   2.3520752e-02
   2.4400000e+02   4.1198730e+01   3.9739720e+00  -1.6237718e-01   9.7681438e-02   2.3546982e-02
   2.4500000e+02   4.1034820e+01   3.9735940e+00  -1.6292064e-01   9.8169632e-02   2.3572992e-02
   2.4600000e+02   4.0872240e+01   3.9732160e+00  -1.6346166e-01   9.8656258e-02   2.3598794e-02
   2.4700000e+02   4.0710970e+01   3.9728380e+00  -1.6400022e-01   9.9141331e-02   2.3624373e-02
   2.4800000e+02   4.0551000e+01   3.9724600e+00  -1.6453633e-01   9.9624840e-02   2.3649729e-02
   2.4900000e+02   4.0392320e+01   3.9720820e+00  -1.6506991e-01   1.0010670e-01   2.3674860e-02
   2.5000000e+02   4.0234900e+01   3.9717030e+00  -1.6560104e-01   1.0058700e-01   2.3699766e-02
   2.5100000e+02   4.0078740e+01   3.9713250e+00  -1.6612961e-01   1.0106562e-01   2.3724437e-02
   2.5200000e+02   3.9923820e+01   3.9709470e+00  -1.6665562e-01   1.0154258e-01   2.3748860e-02
   2.5300000e+02   3.9770120e+01   3.9705680e+00  -1.6717911e-01   1.0201790e-01   2.3773054e-02
   2.5400000e+02   3.9617630e+01   3.9701890e+00  -1.6770004e-01   1.0249154e-01   2.3797005e-02
   2.5500000e+02   3.9466340e+01   3.9698100e+00  -1.6821839e-01   1.0296347e-01   2.3820708e-02
   2.5600000e+02   3.9316230e+01   3.9694310e+00  -1.6873411e-01   1.0343367e-01   2.3844155e-02
   2.5700000e+02   3.9167300e+01   3.9690510e+00  -1.6924726e-01   1.0390216e-01   2.3867352e-02
   2.5800000e+02   3.9019520e+01   3.9686710e+00  -1.6975775e-01   1.0436887e-01   2.3890293e-02
   2.5900000e+02   3.8872880e+01   3.9682900e+00  -1.7026569e-01   1.0483390e-01   2.3912978e-02
   2.6000000e+02   3.8727370e+01   3.9679090e+00  -1.7077094e-01   1.0529713e-01   2.3935394e-02
   2.6100000e+02   3.8582990e+01   3.9675270e+00  -1.7127355e-01   1.0575857e-01   2.3957548e-02
   2.6200000e+02   3.8439700e+01   3.9671460e+00  -1.7177341e-01   1.0621816e-01   2.3979424e-02
   2.6300000e+02   3.8297520e+01   3.9667630e+00  -1.7227068e-01   1.0667601e-01   2.4001031e-02
   2.6400000e+02   3.8156410e+01   3.9663800e+00  -1.7276523e-01   1.0713202e-01   2.4022357e-02
   2.6500000e+02   3.8016370e+01   3.9659960e+00  -1.7325710e-01   1.0758621e-01   2.4043413e-02
   2.6600000e+02   3.7877390e+01   3.9656120e+00  -1.7374622e-01   1.0803852e-01   2.4064182e-02
   2.6700000e+02   3.7739460e+01   3.9652270e+00  -1.7423262e-01   1.0848897e-01   2.4084668e-02
   2.6800000e+02   3.7602560e+01   3.9648410e+00  -1.7471630e-01   1.0893758e-01   2.4104865e-02
   2.6900000e+02   3.7466680e+01   3.9644550e+00  -1.7519721e-01   1.0938427e-01   2.4124770e-02
   2.7000000e+02   3.7331820e+01   3.9640680e+00  -1.7567536e-01   1.0982906e-01   2.4144381e-02
   2.7100000e+02   3.7197950e+01   3.9636800e+00  -1.7615078e-01   1.1027200e-01   2.4163691e-02
   2.7200000e+02   3.7065080e+01   3.9632910e+00  -1.7662344e-01   1.1071301e-01   2.4182708e-02
   2.7300000e+02   3.6933190e+01   3.9629020e+00  -1.7709324e-01   1.1115203e-01   2.4201418e-02
   2.7400000e+02   3.6802270e+01   3.9625120e+00  -1.7756027e-01   1.1158914e-01   2.4219821e-02
   2.7500000e+02   3.6672300e+01   3.9621200e+00  -1.7802459e-01   1.1202439e-01   2.4237929e-02
   2.7600000e+02   3.6543290e+01   3.9617280e+00  -1.7848602e-01   1.1245760e-01   2.4255712e-02
   2.7700000e+02   3.6415210e+01   3.9613360e+00  -1.7894458e-01   1.1288882e-01   2.4273180e-02
   2.7800000e+02   3.6288070e+01   3.9609420e+00  -1.7940036e-01   1.1331809e-01   2.4290338e-02
   2.7900000e+02   3.6161840e+01   3.9605470e+00  -1.7985334e-01   1.1374541e-01   2.4307177e-02
   2.8000000e+02   3.6036520e+01   3.9601510e+00  -1.8030350e-01   1.1417075e-01   2.4323695e-02
   2.8100000e+02   3.5912100e+01   3.9597540e+00  -1.8075079e-01   1.1459407e-01   2.4339896e-02
   2.8200000e+02   3.5788580e+01   3.9593560e+00  -1.8119520e-01   1.1501535e-01   2.4355758e-02
   2.8300000e+02   3.5665930e+01   3.9589580e+00  -1.8163673e-01   1.1543462e-01   2.4371292e-02
   2.8400000e+02   3.5544160e+01   3.9585580e+00  -1.8207542e-01   1.1585187e-01   2.4386499e-02
   2.8500000e+02   3.5423250e+01   3.9581570e+00  -1.8251126e-01   1.1626712e-01   2.4401373e-02
   2.8600000e+02   3.5303190e+01   3.9577550e+00  -1.8294419e-01   1.1668030e-01   2.4415915e-02
   2.8700000e+02   3.5183980e+01   3.9573510e+00  -1.8337432e-01   1.1709149e-01   2.4430126e-02
   2.8800000e+02   3.5065610e+01   3.9569470e+00  -1.8380145e-01   1.1750055e-01   2.4443986e-02
   2.8900000e+02   3.4948070e+01   3.9565410e+00  -1.8422577e-01   1.1790762e-01   2.4457506e-02
   2.9000000e+02   3.4831350e+01   3.9561350e+00  -1.8464708e-01   1.1831252e-01   2.4470680e-02
   2.9100000e+02   3.4715440e+01   3.9557270e+00  -1.8506558e-01   1.1871543e-01   2.4483510e-02
   2.9200000e+02   3.4600330e+01   3.9553180e+00  -1.8548115e-01   1.1911625e-01   2.4496001e-02
   2.9300000e+02   3.4486020e+01   3.9549070e+00  -1.8589385e-01   1.1951502e-01   2.4508135e-02
   2.9400000e+02   3.4372500e+01   3.9544960e+00  -1.8630354e-01   1.1991162e-01   2.4519914e-02
   2.9500000e+02   3.4259750e+01   3.9540830e+00  -1.8671041e-01   1.2030621e-01   2.4531343e-02
   2.9600000e+02   3.4147780e+01   3.9536690e+00  -1.8711431e-01   1.2069866e-01   2.4542417e-02
   2.9700000e+02   3.4036580e+01   3.9532530e+00  -1.8751534e-01   1.2108905e-01   2.4553133e-02
   2.9800000e+02   3.3926130e+01   3.9528370e+00  -1.8791337e-01   1.2147727e-01   2.4563485e-02
   2.9900000e+02   3.3816430e+01   3.9524190e+00  -1.8830850e-01   1.2186341e-01   2.4573482e-02
   3.0000000e+02   3.3707470e+01   3.9519990e+00  -1.8870075e-01   1.2224748e-01   2.4583117e-02
   3.0100000e+02   3.3599250e+01   3.9515780e+00  -1.8909003e-01   1.2262939e-01   2.4592384e-02
   3.0200000e+02   3.3491750e+01   3.9511560e+00  -1.8947639e-01   1.2300920e-01   2.4601294e-02
   3.0300000e+02   3.3384980e+01   3.9507330e+00  -1.8985976e-01   1.2338682e-01   2.4609824e-02
   3.0400000e+02   3.3278920e+01   3.9503080e+00  -1.9024023e-01   1.2376236e-01   2.4617997e-02
   3.0500000e+02   3.3173570e+01   3.9498810e+00  -1.9061781e-01   1.2413579e-01   2.4625798e-02
   3.0600000e+02   3.3068920e+01   3.9494540e+00  -1.9099234e-01   1.2450701e-01   2.4633222e-02
   3.0700000e+02   3.2964960e+01   3.9490240e+00  -1.9136405e-01   1.2487618e-01   2.4640284e-02
   3.0800000e+02   3.2861690e+01   3.9485940e+00  -1.9173273e-01   1.2524314e-01   2.4646960e-02
   3.0900000e+02   3.2759100e+01   3.9481610e+00  -1.9209858e-01   1.2560806e-01   2.4653272e-02
   3.1000000e+02   3.2657180e+01   3.9477280e+00  -1.9246138e-01   1.2597073e-01   2.4659199e-02
   3.1100000e+02   3.2555930e+01   3.9472930e+00  -1.9282127e-01   1.2633128e-01   2.4664761e-02
   3.1200000e+02   3.2455340e+01   3.9468560e+00  -1.9317828e-01   1.2668974e-01   2.4669933e-02
   3.1300000e+02   3.2355410e+01   3.9464180e+00  -1.9353230e-01   1.2704600e-01   2.4674732e-02
   3.1400000e+02   3.2256120e+01   3.9459780e+00  -1.9388341e-01   1.2740014e-01   2.4679150e-02
   3.1500000e+02   3.2157480e+01   3.9455370e+00  -1.9423156e-01   1.2775210e-01   2.4683189e-02
   3.1600000e+02   3.2059480e+01   3.9450940e+00  -1.9457678e-01   1.2810191e-01   2.4686846e-02
   3.1700000e+02   3.1962100e+01   3.9446490e+00  -1.9491917e-01   1.2844966e-01   2.4690119e-02
   3.1800000e+02   3.1865360e+01   3.9442030e+00  -1.9525853e-01   1.2879517e-01   2.4693007e-02
   3.1900000e+02   3.1769230e+01   3.9437550e+00  -1.9559501e-01   1.2913856e-01   2.4695513e-02
   3.2000000e+02   3.1673710e+01   3.9433060e+00  -1.9592852e-01   1.2947978e-01   2.4697629e-02
   3.2100000e+02   3.1578800e+01   3.9428550e+00  -1.9625916e-01   1.2981888e-01   2.4699366e-02
   3.2200000e+02   3.1484500e+01   3.9424030e+00  -1.9658679e-01   1.3015575e-01   2.4700713e-02
   3.2300000e+02   3.1390790e+01   3.9419490e+00  -1.9691156e-01   1.3049053e-01   2.4701673e-02
   3.2400000e+02   3.1297670e+01   3.9414930e+00  -1.9723348e-01   1.3082320e-01   2.4702246e-02
   3.2500000e+02   3.1205140e+01   3.9410350e+00  -1.9755247e-01   1.3115371e-01   2.4702439e-02
   3.2600000e+02   3.1113190e+01   3.9405760e+00  -1.9786852e-01   1.3148203e-01   2.4702234e-02
   3.2700000e+02   3.1021820e+01   3.9401150e+00  -1.9818167e-01   1.3180821e-01   2.4701646e-02
   3.2800000e+02   3.0931010e+01   3.9396530e+00  -1.9849192e-01   1.3213226e-01   2.4700659e-02
   3.2900000e+02   3.0840770e+01   3.9391890e+00  -1.9879929e-01   1.3245417e-01   2.4699288e-02
   3.3000000e+02   3.0751100e+01   3.9387230e+00  -1.9910377e-01   1.3277392e-01   2.4697532e-02
   3.3100000e+02   3.0661970e+01   3.9382550e+00  -1.9940540e-01   1.3309158e-01   2.4695388e-02
   3.3200000e+02   3.0573400e+01   3.9377850e+00  -1.9970416e-01   1.3340710e-01   2.4692853e-02
   3.3300000e+02   3.0485380e+01   3.9373140e+00  -1.9999997e-01   1.3372041e-01   2.4689927e-02
   3.3400000e+02   3.0397890e+01   3.9368410e+00  -2.0029298e-01   1.3403166e-01   2.4686612e-02
   3.3500000e+02   3.0310940e+01   3.9363670e+00  -2.0058305e-01   1.3434072e-01   2.4682899e-02
   3.3600000e+02   3.0224520e+01   3.9358900e+00  -2.0087038e-01   1.3464774e-01   2.4678810e-02
   3.3700000e+02   3.0138630e+01   3.9354120e+00  -2.0115477e-01   1.3495257e-01   2.4674319e-02
   3.3800000e+02   3.0053260e+01   3.9349320e+00  -2.0143632e-01   1.3525526e-01   2.4669446e-02
   3.3900000e+02   2.9968410e+01   3.9344500e+00  -2.0171507e-01   1.3555589e-01   2.4664180e-02
   3.4000000e+02   2.9884070e+01   3.9339660e+00  -2.0199098e-01   1.3585439e-01   2.4658535e-02
   3.4100000e+02   2.9800240e+01   3.9334810e+00  -2.0226403e-01   1.3615075e-01   2.4652485e-02
   3.4200000e+02   2.9716910e+01   3.9329930e+00  -2.0253436e-01   1.3644509e-01   2.4646063e-02
   3.4300000e+02   2.9634090e+01   3.9325040e+00  -2.0280175e-01   1.3673721e-01   2.4639238e-02
   3.4400000e+02   2.9551760e+01   3.9320130e+00  -2.0306638e-01   1.3702728e-01   2.4632040e-02
   3.4500000e+02   2.9469920e+01   3.9315200e+00  -2.0332823e-01   1.3731527e-01   2.4624439e-02
   3.4600000e+02   2.9388570e+01   3.9310250e+00  -2.0358728e-01   1.3760115e-01   2.4616464e-02
   3.4700000e+02   2.9307700e+01   3.9305290e+00  -2.0384353e-01   1.3788493e-01   2.4608092e-02
   3.4800000e+02   2.9227310e+01   3.9300300e+00  -2.0409706e-01   1.3816668e-01   2.4599343e-02
   3.4900000e+02   2.9147390e+01   3.9295300e+00  -2.0434776e-01   1.3844629e-01   2.4590207e-02
   3.5000000e+02   2.9067950e+01   3.9290280e+00  -2.0459569e-01   1.3872383e-01   2.4580679e-02
   3.5100000e+02   2.8988970e+01   3.9285230e+00  -2.0484096e-01   1.3899938e-01   2.4570778e-02
   3.5200000e+02   2.8910460e+01   3.9280170e+00  -2.0508342e-01   1.3927280e-01   2.4560489e-02
   3.5300000e+02   2.8832400e+01   3.9275090e+00  -2.0532315e-01   1.3954417e-01   2.4549821e-02
   3.5400000e+02   2.8754800e+01   3.9269990e+00  -2.0556017e-01   1.3981350e-01   2.4538766e-02
   3.5500000e+02   2.8677660e+01   3.9264870e+00  -2.0579447e-01   1.4008077e-01   2.4527334e-02
   3.5600000e+02   2.8600960e+01   3.9259740e+00  -2.0602599e-01   1.4034595e-01   2.4515512e-02
   3.5700000e+02   2.8524700e+01   3.9254580e+00  -2.0625488e-01   1.4060915e-01   2.4503322e-02
   3.5800000e+02   2.8448890e+01   3.9249400e+00  -2.0648109e-01   1.4087032e-01   2.4490756e-02
   3.5900000e+02   2.8373510e+01   3.9244200e+00  -2.0670462e-01   1.4112948e-01   2.4477812e-02
   3.6000000e+02   2.8298570e+01   3.9238990e+00  -2.0692538e-01   1.4138652e-01   2.4464487e-02
   3.6100000e+02   2.8224050e+01   3.9233750e+00  -2.0714360e-01   1.4164166e-01   2.4450788e-02
   3.6200000e+02   2.8149960e+01   3.9228490e+00  -2.0735914e-01   1.4189476e-01   2.4436720e-02
   3.6300000e+02   2.8076300e+01   3.9223220e+00  -2.0757196e-01   1.4214580e-01   2.4422277e-02
   3.6400000e+02   2.8003050e+01   3.9217920e+00  -2.0778224e-01   1.4239492e-01   2.4407466e-02
   3.6500000e+02   2.7930220e+01   3.9212600e+00  -2.0798986e-01   1.4264202e-01   2.4392289e-02
   3.6600000e+02   2.7857810e+01   3.9207270e+00  -2.0819482e-01   1.4288709e-01   2.4376734e-02
   3.6700000e+02   2.7785800e+01   3.9201910e+00  -2.0839723e-01   1.4313024e-01   2.4360819e-02
   3.6800000e+02   2.7714200e+01   3.9196530e+00  -2.0859707e-01   1.4337143e-01   2.4344538e-02
   3.6900000e+02   2.7643000e+01   3.9191140e+00  -2.0879423e-01   1.4361059e-01   2.4327877e-02
   3.7000000e+02   2.7572200e+01   3.9185720e+00  -2.0898893e-01   1.4384787e-01   2.4310872e-02
   3.7100000e+02   2.7501800e+01   3.9180280e+00  -2.0918103e-01   1.4408317e-01   2.4293504e-02
   3.7200000e+02   2.7431790e+01   3.9174820e+00  -2.0937059e-01   1.4431653e-01   2.4275776e-02
   3.7300000e+02   2.7362170e+01   3.9169340e+00  -2.0955760e-01   1.4454796e-01   2.4257681e-02
   3.7400000e+02   2.7292940e+01   3.9163840e+00  -2.0974209e-01   1.4477746e-01   2.4239238e-02
   3.7500000e+02   2.7224090e+01   3.9158320e+00  -2.0992405e-01   1.4500503e-01   2.4220436e-02
   3.7600000e+02   2.7155630e+01   3.9152780e+00  -2.1010347e-01   1.4523065e-01   2.4201284e-02
   3.7700000e+02   2.7087540e+01   3.9147220e+00  -2.1028043e-01   1.4545440e-01   2.4181777e-02
   3.7800000e+02   2.7019830e+01   3.9141640e+00  -2.1045489e-01   1.4567623e-01   2.4161917e-02
   3.7900000e+02   2.6952490e+01   3.9136030e+00  -2.1062696e-01   1.4589624e-01   2.4141715e-02
   3.8000000e+02   2.6885520e+01   3.9130410e+00  -2.1079645e-01   1.4611426e-01   2.4121162e-02
   3.8100000e+02   2.6818920e+01   3.9124760e+00  -2.1096358e-01   1.4633047e-01   2.4100277e-02
   3.8200000e+02   2.6752680e+01   3.9119100e+00  -2.1112821e-01   1.4654478e-01   2.4079031e-02
   3.8300000e+02   2.6686800e+01   3.9113410e+00  -2.1129047e-01   1.4675726e-01   2.4057461e-02
   3.8400000e+02   2.6621280e+01   3.9107700e+00  -2.1145032e-01   1.4696788e-01   2.4035545e-02
   3.8500000e+02   2.6556110e+01   3.9101970e+00  -2.1160776e-01   1.4717667e-01   2.4013292e-02
   3.8600000e+02   2.6491300e+01   3.9096220e+00  -2.1176278e-01   1.4738358e-01   2.3990703e-02
   3.8700000e+02   2.6426840e+01   3.9090440e+00  -2.1191550e-01   1.4758873e-01   2.3967787e-02
   3.8800000e+02   2.6362720e+01   3.9084650e+00  -2.1206581e-01   1.4779202e-01   2.3944538e-02
   3.8900000e+02   2.6298950e+01   3.9078830e+00  -2.1221380e-01   1.4799352e-01   2.3920962e-02
   3.9000000e+02   2.6235520e+01   3.9073000e+00  -2.1235937e-01   1.4819315e-01   2.3897050e-02
   3.9100000e+02   2.6172430e+01   3.9067140e+00  -2.1250270e-01   1.4839106e-01   2.3872820e-02
   3.9200000e+02   2.6109680e+01   3.9061260e+00  -2.1264369e-01   1.4858715e-01   2.3848271e-02
   3.9300000e+02   2.6047270e+01   3.9055360e+00  -2.1278236e-01   1.4878144e-01   2.3823403e-02
   3.9400000e+02   2.5985180e+01   3.9049430e+00  -2.1291883e-01   1.4897404e-01   2.3798224e-02
   3.9500000e+02   2.5923430e+01   3.9043490e+00  -2.1305292e-01   1.4916478e-01   2.3772720e-02
   3.9600000e+02   2.5862000e+01   3.9037520e+00  -2.1318483e-01   1.4935385e-01   2.3746906e-02
   3.9700000e+02   2.5800890e+01   3.9031530e+00  -2.1331450e-01   1.4954118e-01   2.3720780e-02
   3.9800000e+02   2.5740110e+01   3.9025520e+00  -2.1344192e-01   1.4972676e-01   2.3694347e-02
   3.9900000e+02   2.5679650e+01   3.9019490e+00  -2.1356706e-01   1.4991056e-01   2.3667611e-02
   4.0000000e+02   2.5619510e+01   3.9013430e+00  -2.1369008e-01   1.5009271e-01   2.3640576e-02
   4.0100000e+02   2.5559680e+01   3.9007350e+00  -2.1381086e-01   1.5027312e-01   2.3613241e-02
   4.0200000e+02   2.5500170e+01   3.9001260e+00  -2.1392940e-01   1.5045177e-01   2.3585595e-02
   4.0300000e+02   2.5440960e+01   3.8995130e+00  -2.1404592e-01   1.5062887e-01   2.3557663e-02
   4.0400000e+02   2.5382060e+01   3.8988990e+00  -2.1416024e-01   1.5080425e-01   2.3529439e-02
   4.0500000e+02   2.5323470e+01   3.8982830e+00  -2.1427233e-01   1.5097787e-01   2.3500915e-02
   4.0600000e+02   2.5265190e+01   3.8976640e+00  -2.1438238e-01   1.5114990e-01   2.3472118e-02
   4.0700000e+02   2.5207200e+01   3.8970430e+00  -2.1449030e-01   1.5132027e-01   2.3443026e-02
   4.0800000e+02   2.5149520e+01   3.8964200e+00  -2.1459608e-01   1.5148896e-01   2.3413655e-02
   4.0900000e+02   2.5092130e+01   3.8957940e+00  -2.1469989e-01   1.5165610e-01   2.3384010e-02
   4.1000000e+02   2.5035040e+01   3.8951670e+00  -2.1480151e-01   1.5182152e-01   2.3354082e-02
   4.1100000e+02   2.4978240e+01   3.8945370e+00  -2.1490113e-01   1.5198537e-01   2.3323877e-02
   4.1200000e+02   2.4921730e+01   3.8939040e+00  -2.1499880e-01   1.5214770e-01   2.3293412e-02
   4.1300000e+02   2.4865510e+01   3.8932700e+00  -2.1509431e-01   1.5230831e-01   2.3262667e-02
   4.1400000e+02   2.4809580e+01   3.8926330e+00  -2.1518787e-01   1.5246739e-01   2.3231664e-02
   4.1500000e+02   2.4753930e+01   3.8919940e+00  -2.1527944e-01   1.5262490e-01   2.3200395e-02
   4.1600000e+02   2.4698570e+01   3.8913530e+00  -2.1536897e-01   1.5278079e-01   2.3168863e-02
   4.1700000e+02   2.4643490e+01   3.8907100e+00  -2.1545647e-01   1.5293507e-01   2.3137076e-02
   4.1800000e+02   2.4588680e+01   3.8900640e+00  -2.1554216e-01   1.5308794e-01   2.3105030e-02
   4.1900000e+02   2.4534150e+01   3.8894160e+00  -2.1562589e-01   1.5323924e-01   2.3072743e-02
   4.2000000e+02   2.4479900e+01   3.8887660e+00  -2.1570759e-01   1.5338893e-01   2.3040199e-02
   4.2100000e+02   2.4425920e+01   3.8881130e+00  -2.1578751e-01   1.5353722e-01   2.3007417e-02
   4.2200000e+02   2.4372210e+01   3.8874590e+00  -2.1586540e-01   1.5368387e-01   2.2974391e-02
   4.2300000e+02   2.4318780e+01   3.8868020e+00  -2.1594143e-01   1.5382905e-01   2.2941116e-02
   4.2400000e+02   2.4265600e+01   3.8861420e+00  -2.1601570e-01   1.5397284e-01   2.2907619e-02
   4.2500000e+02   2.4212700e+01   3.8854800e+00  -2.1608804e-01   1.5411507e-01   2.2873881e-02
   4.2600000e+02   2.4160060e+01   3.8848170e+00  -2.1615846e-01   1.5425576e-01   2.2839911e-02
   4.2700000e+02   2.4107670e+01   3.8841500e+00  -2.1622723e-01   1.5439516e-01   2.2805725e-02
   4.2800000e+02   2.4055550e+01   3.8834820e+00  -2.1629407e-01   1.5453299e-01   2.2771304e-02
   4.2900000e+02   2.4003690e+01   3.8828110e+00  -2.1635915e-01   1.5466941e-01   2.2736667e-02
   4.3000000e+02   2.3952090e+01   3.8821380e+00  -2.1642241e-01   1.5480435e-01   2.2701811e-02
   4.3100000e+02   2.3900740e+01   3.8814620e+00  -2.1648397e-01   1.5493795e-01   2.2666741e-02
   4.3200000e+02   2.3849640e+01   3.8807850e+00  -2.1654366e-01   1.5507004e-01   2.2631455e-02
   4.3300000e+02   2.3798790e+01   3.8801050e+00  -2.1660171e-01   1.5520080e-01   2.2595966e-02
   4.3400000e+02   2.3748200e+01   3.8794220e+00  -2.1665804e-01   1.5533017e-01   2.2560270e-02
   4.3500000e+02   2.3697850e+01   3.8787380e+00  -2.1671259e-01   1.5545810e-01   2.2524373e-02
   4.3600000e+02   2.3647750e+01   3.8780510e+00  -2.1676549e-01   1.5558468e-01   2.2488275e-02
   4.3700000e+02   2.3597890e+01   3.8773610e+00  -2.1681680e-01   1.5570999e-01   2.2451987e-02
   4.3800000e+02   2.3548270e+01   3.8766700e+00  -2.1686631e-01   1.5583383e-01   2.2415506e-02
   4.3900000e+02   2.3498900e+01   3.8759760e+00  -2.1691419e-01   1.5595634e-01   2.2378833e-02
   4.4000000e+02   2.3449770e+01   3.8752790e+00  -2.1696048e-01   1.5607754e-01   2.2341985e-02
   4.4100000e+02   2.3400870e+01   3.8745810e+00  -2.1700509e-01   1.5619740e-01   2.2304939e-02
   4.4200000e+02   2.3352210e+01   3.8738800e+00  -2.1704816e-01   1.5631598e-01   2.2267728e-02
   4.4300000e+02   2.3303790e+01   3.8731770e+00  -2.1708954e-01   1.5643317e-01   2.2230333e-02
   4.4400000e+02   2.3255600e+01   3.8724710e+00  -2.1712948e-01   1.5654918e-01   2.2192770e-02
   4.4500000e+02   2.3207640e+01   3.8717630e+00  -2.1716776e-01   1.5666383e-01   2.2155039e-02
   4.4600000e+02   2.3159910e+01   3.8710530e+00  -2.1720451e-01   1.5677721e-01   2.2117134e-02
   4.4700000e+02   2.3112410e+01   3.8703400e+00  -2.1723977e-01   1.5688937e-01   2.2079078e-02
   4.4800000e+02   2.3065140e+01   3.8696250e+00  -2.1727347e-01   1.5700023e-01   2.2040862e-02
   4.4900000e+02   2.3018090e+01   3.8689080e+00  -2.1730567e-01   1.5710986e-01   2.2002490e-02
   4.5000000e+02   2.2971270e+01   3.8681890e+00  -2.1733631e-01   1.5721819e-01   2.1963957e-02
   4.5100000e+02   2.2924670e+01   3.8674670e+00  -2.1736556e-01   1.5732536e-01   2.1925287e-02
   4.5200000e+02   2.2878300e+01   3.8667420e+00  -2.1739337e-01   1.5743133e-01   2.1886473e-02
   4.5300000e+02   2.2832140e+01   3.8660160e+00  -2.1741961e-01   1.5753599e-01   2.1847510e-02
   4.5400000e+02   2.2786200e+01   3.8652870e+00  -2.1744454e-01   1.5763956e-01   2.1808414e-02
   4.5500000e+02   2.2740480e+01   3.8645550e+00  -2.1746803e-01   1.5774192e-01   2.1769186e-02
   4.5600000e+02   2.2694970e+01   3.8638220e+00  -2.1749008e-01   1.5784307e-01   2.1729814e-02
   4.5700000e+02   2.2649680e+01   3.8630860e+00  -2.1751073e-01   1.5794304e-01   2.1690327e-02
   4.5800000e+02   2.2604600e+01   3.8623470e+00  -2.1753012e-01   1.5804195e-01   2.1650710e-02
   4.5900000e+02   2.2559730e+01   3.8616070e+00  -2.1754799e-01   1.5813957e-01   2.1610974e-02
   4.6000000e+02   2.2515070e+01   3.8608630e+00  -2.1756467e-01   1.5823618e-01   2.1571130e-02
   4.6100000e+02   2.2470630e+01   3.8601180e+00  -2.1757990e-01   1.5833155e-01   2.1531155e-02
   4.6200000e+02   2.2426390e+01   3.8593700e+00  -2.1759384e-01   1.5842583e-01   2.1491081e-02
   4.6300000e+02   2.2382350e+01   3.8586200e+00  -2.1760650e-01   1.5851903e-01   2.1450893e-02
   4.6400000e+02   2.2338520e+01   3.8578680e+00  -2.1761781e-01   1.5861106e-01   2.1410606e-02
   4.6500000e+02   2.2294900e+01   3.8571130e+00  -2.1762792e-01   1.5870205e-01   2.1370222e-02
   4.6600000e+02   2.2251470e+01   3.8563560e+00  -2.1763675e-01   1.5879196e-01   2.1329739e-02
   4.6700000e+02   2.2208250e+01   3.8555960e+00  -2.1764435e-01   1.5888080e-01   2.1289161e-02
   4.6800000e+02   2.2165230e+01   3.8548340e+00  -2.1765070e-01   1.5896856e-01   2.1248500e-02
   4.6900000e+02   2.2122400e+01   3.8540700e+00  -2.1765580e-01   1.5905525e-01   2.1207744e-02
   4.7000000e+02   2.2079780e+01   3.8533030e+00  -2.1765976e-01   1.5914092e-01   2.1166914e-02
   4.7100000e+02   2.2037350e+01   3.8525340e+00  -2.1766247e-01   1.5922552e-01   2.1126003e-02
   4.7200000e+02   2.1995110e+01   3.8517630e+00  -2.1766403e-01   1.5930911e-01   2.1085015e-02
   4.7300000e+02   2.1953070e+01   3.8509890e+00  -2.1766443e-01   1.5939168e-01   2.1043961e-02
   4.7400000e+02   2.1911220e+01   3.8502130e+00  -2.1766367e-01   1.5947323e-01   2.1002832e-02
   4.7500000e+02   2.1869560e+01   3.8494350e+00  -2.1766178e-01   1.5955379e-01   2.0961635e-02
   4.7600000e+02   2.1828090e+01   3.8486540e+00  -2.1765876e-01   1.5963335e-01   2.0920387e-02
   4.7700000e+02   2.1786810e+01   3.8478710e+00  -2.1765467e-01   1.5971195e-01   2.0879077e-02
   4.7800000e+02   2.1745720e+01   3.8470850e+00  -2.1764944e-01   1.5978954e-01   2.0837718e-02
   4.7900000e+02   2.1704810e+01   3.8462980e+00  -2.1764315e-01   1.5986619e-01   2.0796298e-02
   4.8000000e+02   2.1664090e+01   3.8455070e+00  -2.1763585e-01   1.5994193e-01   2.0754836e-02
   4.8100000e+02   2.1623550e+01   3.8447150e+00  -2.1762743e-01   1.6001667e-01   2.0713323e-02
   4.8200000e+02   2.1583200e+01   3.8439200e+00  -2.1761795e-01   1.6009044e-01   2.0671780e-02
   4.8300000e+02   2.1543030e+01   3.8431230e+00  -2.1760748e-01   1.6016332e-01   2.0630192e-02
   4.8400000e+02   2.1503040e+01   3.8423230e+00  -2.1759600e-01   1.6023528e-01   2.0588575e-02
   4.8500000e+02   2.1463230e+01   3.8415210e+00  -2.1758351e-01   1.6030632e-01   2.0546931e-02
   4.8600000e+02   2.1423590e+01   3.8407170e+00  -2.1757005e-01   1.6037648e-01   2.0505252e-02
   4.8700000e+02   2.1384140e+01   3.8399100e+00  -2.1755565e-01   1.6044575e-01   2.0463559e-02
   4.8800000e+02   2.1344860e+01   3.8391010e+00  -2.1754024e-01   1.6051412e-01   2.0421846e-02
   4.8900000e+02   2.1305760e+01   3.8382900e+00  -2.1752384e-01   1.6058155e-01   2.0380115e-02
   4.9000000e+02   2.1266830e+01   3.8374760e+00  -2.1750657e-01   1.6064818e-01   2.0338373e-02
   4.9100000e+02   2.1228080e+01   3.8366600e+00  -2.1748835e-01   1.6071393e-01   2.0296614e-02
   4.9200000e+02   2.1189490e+01   3.8358420e+00  -2.1746925e-01   1.6077885e-01   2.0254849e-02
   4.9300000e+02   2.1151080e+01   3.8350210e+00  -2.1744925e-01   1.6084292e-01   2.0213092e-02
   4.9400000e+02   2.1112840e+01   3.8341980e+00  -2.1742834e-01   1.6090613e-01   2.0171328e-02
   4.9500000e+02   2.1074770e+01   3.8333730e+00  -2.1740649e-01   1.6096845e-01   2.0129576e-02
   4.9600000e+02   2.1036860e+01   3.8325450e+00  -2.1738392e-01   1.6103008e-01   2.0087826e-02
   4.9700000e+02   2.0999120e+01   3.8317150e+00  -2.1736046e-01   1.6109086e-01   2.0046088e-02
   4.9800000e+02   2.0961550e+01   3.8308830e+00  -2.1733612e-01   1.6115080e-01   2.0004361e-02
   4.9900000e+02   2.0924150e+01   3.8300480e+00  -2.1731101e-01   1.6120997e-01   1.9962656e-02
   5.0000000e+02   2.0886910e+01   3.8292110e+00  -2.1728507e-01   1.6126835e-01   1.9920970e-02
   5.0100000e+02   2.0849830e+01   3.8283710e+00  -2.1725838e-01   1.6132598e-01   1.9879317e-02
   5.0200000e+02   2.0812910e+01   3.8275300e+00  -2.1723083e-01   1.6138279e-01   1.9837682e-02
   5.0300000e+02   2.0776160e+01   3.8266860e+00  -2.1720252e-01   1.6143884e-01   1.9796079e-02
   5.0400000e+02   2.0739560e+01   3.8258390e+00  -2.1717354e-01   1.6149422e-01   1.9754512e-02
   5.0500000e+02   2.0703130e+01   3.8249910e+00  -2.1714369e-01   1.6154873e-01   1.9712978e-02
   5.0600000e+02   2.0666850e+01   3.8241400e+00  -2.1711316e-01   1.6160257e-01   1.9671492e-02
   5.0700000e+02   2.0630730e+01   3.8232870e+00  -2.1708193e-01   1.6165569e-01   1.9630043e-02
   5.0800000e+02   2.0594770e+01   3.8224310e+00  -2.1704996e-01   1.6170806e-01   1.9588645e-02
   5.0900000e+02   2.0558960e+01   3.8215730e+00  -2.1701730e-01   1.6175974e-01   1.9547302e-02
   5.1000000e+02   2.0523310e+01   3.8207130e+00  -2.1698391e-01   1.6181066e-01   1.9506005e-02
   5.1100000e+02   2.0487810e+01   3.8198500e+00  -2.1694992e-01   1.6186095e-01   1.9464773e-02
   5.1200000e+02   2.0452460e+01   3.8189860e+00  -2.1691517e-01   1.6191047e-01   1.9423593e-02
   5.1300000e+02   2.0417270e+01   3.8181180e+00  -2.1687986e-01   1.6195938e-01   1.9382478e-02
   5.1400000e+02   2.0382230e+01   3.8172490e+00  -2.1684382e-01   1.6200753e-01   1.9341432e-02
   5.1500000e+02   2.0347330e+01   3.8163770e+00  -2.1680725e-01   1.6205512e-01   1.9300452e-02
   5.1600000e+02   2.0312590e+01   3.8155030e+00  -2.1676997e-01   1.6210195e-01   1.9259549e-02
   5.1700000e+02   2.0278000e+01   3.8146270e+00  -2.1673206e-01   1.6214812e-01   1.9218713e-02
   5.1800000e+02   2.0243550e+01   3.8137490e+00  -2.1669353e-01   1.6219361e-01   1.9177962e-02
   5.1900000e+02   2.0209250e+01   3.8128680e+00  -2.1665451e-01   1.6223854e-01   1.9137294e-02
   5.2000000e+02   2.0175090e+01   3.8119850e+00  -2.1661489e-01   1.6228284e-01   1.9096706e-02
   5.2100000e+02   2.0141090e+01   3.8110990e+00  -2.1657470e-01   1.6232648e-01   1.9056211e-02
   5.2200000e+02   2.0107220e+01   3.8102120e+00  -2.1653384e-01   1.6236943e-01   1.9015798e-02
   5.2300000e+02   2.0073500e+01   3.8093220e+00  -2.1649257e-01   1.6241186e-01   1.8975487e-02
   5.2400000e+02   2.0039920e+01   3.8084300e+00  -2.1645071e-01   1.6245364e-01   1.8935268e-02
   5.2500000e+02   2.0006490e+01   3.8075350e+00  -2.1640832e-01   1.6249481e-01   1.8895152e-02
   5.2600000e+02   1.9973190e+01   3.8066390e+00  -2.1636538e-01   1.6253536e-01   1.8855136e-02
   5.2700000e+02   1.9940040e+01   3.8057400e+00  -2.1632196e-01   1.6257535e-01   1.8815223e-02
   5.2800000e+02   1.9907020e+01   3.8048390e+00  -2.1627804e-01   1.6261475e-01   1.8775418e-02
   5.2900000e+02   1.9874140e+01   3.8039350e+00  -2.1623370e-01   1.6265363e-01   1.8735729e-02
   5.3000000e+02   1.9841400e+01   3.8030300e+00  -2.1618878e-01   1.6269185e-01   1.8696146e-02
   5.3100000e+02   1.9808800e+01   3.8021220e+00  -2.1614342e-01   1.6272953e-01   1.8656685e-02
   5.3200000e+02   1.9776330e+01   3.8012120e+00  -2.1609761e-01   1.6276667e-01   1.8617342e-02
   5.3300000e+02   1.9744000e+01   3.8002990e+00  -2.1605143e-01   1.6280331e-01   1.8578123e-02
   5.3400000e+02   1.9711810e+01   3.7993850e+00  -2.1600468e-01   1.6283930e-01   1.8539023e-02
   5.3500000e+02   1.9679750e+01   3.7984680e+00  -2.1595758e-01   1.6287480e-01   1.8500054e-02
   5.3600000e+02   1.9647820e+01   3.7975490e+00  -2.1591006e-01   1.6290979e-01   1.8461220e-02
   5.3700000e+02   1.9616020e+01   3.7966280e+00  -2.1586205e-01   1.6294418e-01   1.8422512e-02
   5.3800000e+02   1.9584360e+01   3.7957050e+00  -2.1581364e-01   1.6297805e-01   1.8383942e-02
   5.3900000e+02   1.9552830e+01   3.7947790e+00  -2.1576492e-01   1.6301147e-01   1.8345507e-02
   5.4000000e+02   1.9521420e+01   3.7938510e+00  -2.1571583e-01   1.6304440e-01   1.8307216e-02
   5.4100000e+02   1.9490150e+01   3.7929210e+00  -2.1566628e-01   1.6307675e-01   1.8269061e-02
   5.4200000e+02   1.9459010e+01   3.7919890e+00  -2.1561636e-01   1.6310859e-01   1.8231054e-02
   5.4300000e+02   1.9427990e+01   3.7910550e+00  -2.1556610e-01   1.6313997e-01   1.8193196e-02
   5.4400000e+02   1.9397100e+01   3.7901190e+00  -2.1551547e-01   1.6317083e-01   1.8155489e-02
   5.4500000e+02   1.9366340e+01   3.7891800e+00  -2.1546451e-01   1.6320122e-01   1.8117936e-02
   5.4600000e+02   1.9335700e+01   3.7882390e+00  -2.1541328e-01   1.6323120e-01   1.8080539e-02
   5.4700000e+02   1.9305190e+01   3.7872960e+00  -2.1536169e-01   1.6326067e-01   1.8043301e-02
   5.4800000e+02   1.9274800e+01   3.7863510e+00  -2.1530975e-01   1.6328965e-01   1.8006215e-02
   5.4900000e+02   1.9244540e+01   3.7854040e+00  -2.1525745e-01   1.6331812e-01   1.7969297e-02
   5.5000000e+02   1.9214400e+01   3.7844540e+00  -2.1520496e-01   1.6334623e-01   1.7932547e-02
   5.5100000e+02   1.9184390e+01   3.7835030e+00  -2.1515205e-01   1.6337377e-01   1.7895953e-02
   5.5200000e+02   1.9154490e+01   3.7825490e+00  -2.1509901e-01   1.6340101e-01   1.7859543e-02
   5.5300000e+02   1.9124720e+01   3.7815940e+00  -2.1504547e-01   1.6342761e-01   1.7823295e-02
   5.5400000e+02   1.9095060e+01   3.7806360e+00  -2.1499183e-01   1.6345394e-01   1.7787218e-02
   5.5500000e+02   1.9065530e+01   3.7796760e+00  -2.1493787e-01   1.6347977e-01   1.7751317e-02
   5.5600000e+02   1.9036120e+01   3.7787140e+00  -2.1488360e-01   1.6350513e-01   1.7715600e-02
   5.5700000e+02   1.9006820e+01   3.7777490e+00  -2.1482923e-01   1.6353021e-01   1.7680064e-02
   5.5800000e+02   1.8977640e+01   3.7767830e+00  -2.1477451e-01   1.6355476e-01   1.7644705e-02
   5.5900000e+02   1.8948580e+01   3.7758150e+00  -2.1471957e-01   1.6357892e-01   1.7609534e-02
   5.6000000e+02   1.8919640e+01   3.7748440e+00  -2.1466438e-01   1.6360266e-01   1.7574544e-02
   5.6100000e+02   1.8890810e+01   3.7738720e+00  -2.1460895e-01   1.6362596e-01   1.7539746e-02
   5.6200000e+02   1.8862100e+01   3.7728970e+00  -2.1455335e-01   1.6364891e-01   1.7505139e-02
   5.6300000e+02   1.8833500e+01   3.7719210e+00  -2.1449750e-01   1.6367143e-01   1.7470720e-02
   5.6400000e+02   1.8805020e+01   3.7709420e+00  -2.1444144e-01   1.6369355e-01   1.7436493e-02
   5.6500000e+02   1.8776650e+01   3.7699610e+00  -2.1438520e-01   1.6371530e-01   1.7402467e-02
   5.6600000e+02   1.8748390e+01   3.7689780e+00  -2.1432879e-01   1.6373667e-01   1.7368641e-02
   5.6700000e+02   1.8720240e+01   3.7679930e+00  -2.1427222e-01   1.6375770e-01   1.7335009e-02
   5.6800000e+02   1.8692210e+01   3.7670070e+00  -2.1421534e-01   1.6377823e-01   1.7301576e-02
   5.6900000e+02   1.8664290e+01   3.7660180e+00  -2.1415840e-01   1.6379848e-01   1.7268353e-02
   5.7000000e+02   1.8636470e+01   3.7650270e+00  -2.1410126e-01   1.6381835e-01   1.7235331e-02
   5.7100000e+02   1.8608770e+01   3.7640340e+00  -2.1404395e-01   1.6383783e-01   1.7202518e-02
   5.7200000e+02   1.8581180e+01   3.7630390e+00  -2.1398647e-01   1.6385694e-01   1.7169912e-02
   5.7300000e+02   1.8553690e+01   3.7620420e+00  -2.1392892e-01   1.6387577e-01   1.7137515e-02
   5.7400000e+02   1.8526320e+01   3.7610430e+00  -2.1387109e-01   1.6389412e-01   1.7105328e-02
   5.7500000e+02   1.8499050e+01   3.7600420e+00  -2.1381319e-01   1.6391218e-01   1.7073358e-02
   5.7600000e+02   1.8471890e+01   3.7590400e+00  -2.1375509e-01   1.6392984e-01   1.7041592e-02
   5.7700000e+02   1.8444830e+01   3.7580350e+00  -2.1369697e-01   1.6394724e-01   1.7010050e-02
   5.7800000e+02   1.8417880e+01   3.7570280e+00  -2.1363870e-01   1.6396428e-01   1.6978734e-02
   5.7900000e+02   1.8391040e+01   3.7560190e+00  -2.1358026e-01   1.6398094e-01   1.6947624e-02
   5.8000000e+02   1.8364300e+01   3.7550090e+00  -2.1352167e-01   1.6399724e-01   1.6916734e-02
   5.8100000e+02   1.8337660e+01   3.7539960e+00  -2.1346309e-01   1.6401331e-01   1.6886075e-02
   5.8200000e+02   1.8311130e+01   3.7529820e+00  -2.1340427e-01   1.6402893e-01   1.6855632e-02
   5.8300000e+02   1.8284700e+01   3.7519650e+00  -2.1334543e-01   1.6404430e-01   1.6825418e-02
   5.8400000e+02   1.8258370e+01   3.7509470e+00  -2.1328648e-01   1.6405933e-01   1.6795430e-02
   5.8500000e+02   1.8232150e+01   3.7499270e+00  -2.1322740e-01   1.6407401e-01   1.6765655e-02
   5.8600000e+02   1.8206020e+01   3.7489050e+00  -2.1316827e-01   1.6408842e-01   1.6736116e-02
   5.8700000e+02   1.8180000e+01   3.7478810e+00  -2.1310902e-01   1.6410246e-01   1.6706816e-02
   5.8800000e+02   1.8154080e+01   3.7468550e+00  -2.1304971e-01   1.6411622e-01   1.6677734e-02
   5.8900000e+02   1.8128250e+01   3.7458270e+00  -2.1299039e-01   1.6412972e-01   1.6648894e-02
   5.9000000e+02   1.8102530e+01   3.7447970e+00  -2.1293091e-01   1.6414285e-01   1.6620284e-02
   5.9100000e+02   1.8076900e+01   3.7437660e+00  -2.1287134e-01   1.6415565e-01   1.6591906e-02
   5.9200000e+02   1.8051380e+01   3.7427330e+00  -2.1281173e-01   1.6416817e-01   1.6563756e-02
   5.9300000e+02   1.8025950e+01   3.7416970e+00  -2.1275208e-01   1.6418040e-01   1.6535861e-02
   5.9400000e+02   1.8000610e+01   3.7406600e+00  -2.1269240e-01   1.6419238e-01   1.6508189e-02
   5.9500000e+02   1.7975380e+01   3.7396220e+00  -2.1263258e-01   1.6420397e-01   1.6480749e-02
   5.9600000e+02   1.7950240e+01   3.7385810e+00  -2.1257273e-01   1.6421529e-01   1.6453564e-02
   5.9700000e+02   1.7925190e+01   3.7375390e+00  -2.1251288e-01   1.6422637e-01   1.6426603e-02
   5.9800000e+02   1.7900250e+01   3.7364940e+00  -2.1245295e-01   1.6423712e-01   1.6399892e-02
   5.9900000e+02   1.7875390e+01   3.7354480e+00  -2.1239304e-01   1.6424766e-01   1.6373416e-02
   6.0000000e+02   1.7850630e+01   3.7344010e+00  -2.1233293e-01   1.6425775e-01   1.6347184e-02
   6.0100000e+02   1.7825960e+01   3.7333510e+00  -2.1227292e-01   1.6426770e-01   1.6321202e-02
   6.0200000e+02   1.7801390e+01   3.7323000e+00  -2.1221285e-01   1.6427732e-01   1.6295458e-02
   6.0300000e+02   1.7776910e+01   3.7312470e+00  -2.1215269e-01   1.6428663e-01   1.6269957e-02
   6.0400000e+02   1.7752520e+01   3.7301920e+00  -2.1209257e-01   1.6429572e-01   1.6244706e-02
   6.0500000e+02   1.7728220e+01   3.7291350e+00  -2.1203239e-01   1.6430451e-01   1.6219702e-02
   6.0600000e+02   1.7704020e+01   3.7280770e+00  -2.1197219e-01   1.6431300e-01   1.6194938e-02
   6.0700000e+02   1.7679900e+01   3.7270170e+00  -2.1191200e-01   1.6432128e-01   1.6170421e-02
   6.0800000e+02   1.7655870e+01   3.7259550e+00  -2.1185182e-01   1.6432931e-01   1.6146156e-02
   6.0900000e+02   1.7631940e+01   3.7248920e+00  -2.1179149e-01   1.6433695e-01   1.6122136e-02
   6.1000000e+02   1.7608090e+01   3.7238270e+00  -2.1173126e-01   1.6434442e-01   1.6098362e-02
   6.1100000e+02   1.7584340e+01   3.7227600e+00  -2.1167093e-01   1.6435155e-01   1.6074842e-02
   6.1200000e+02   1.7560670e+01   3.7216920e+00  -2.1161058e-01   1.6435841e-01   1.6051570e-02
   6.1300000e+02   1.7537080e+01   3.7206220e+00  -2.1155032e-01   1.6436510e-01   1.6028545e-02
   6.1400000e+02   1.7513590e+01   3.7195500e+00  -2.1149001e-01   1.6437148e-01   1.6005773e-02
   6.1500000e+02   1.7490180e+01   3.7184760e+00  -2.1142975e-01   1.6437767e-01   1.5983253e-02
   6.1600000e+02   1.7466860e+01   3.7174010e+00  -2.1136946e-01   1.6438356e-01   1.5960980e-02
   6.1700000e+02   1.7443630e+01   3.7163250e+00  -2.1130903e-01   1.6438907e-01   1.5938956e-02
   6.1800000e+02   1.7420480e+01   3.7152470e+00  -2.1124866e-01   1.6439438e-01   1.5917188e-02
   6.1900000e+02   1.7397420e+01   3.7141670e+00  -2.1118835e-01   1.6439949e-01   1.5895671e-02
   6.2000000e+02   1.7374440e+01   3.7130850e+00  -2.1112808e-01   1.6440438e-01   1.5874407e-02
   6.2100000e+02   1.7351540e+01   3.7120020e+00  -2.1106773e-01   1.6440895e-01   1.5853395e-02
   6.2200000e+02   1.7328730e+01   3.7109170e+00  -2.1100748e-01   1.6441334e-01   1.5832634e-02
   6.2300000e+02   1.7306010e+01   3.7098310e+00  -2.1094713e-01   1.6441739e-01   1.5812121e-02
   6.2400000e+02   1.7283360e+01   3.7087440e+00  -2.1088678e-01   1.6442120e-01   1.5791861e-02
   6.2500000e+02   1.7260800e+01   3.7076540e+00  -2.1082648e-01   1.6442478e-01   1.5771862e-02
   6.2600000e+02   1.7238320e+01   3.7065630e+00  -2.1076622e-01   1.6442815e-01   1.5752109e-02
   6.2700000e+02   1.7215920e+01   3.7054710e+00  -2.1070594e-01   1.6443124e-01   1.5732609e-02
   6.2800000e+02   1.7193610e+01   3.7043770e+00  -2.1064559e-01   1.6443401e-01   1.5713363e-02
   6.2900000e+02   1.7171370e+01   3.7032820e+00  -2.1058533e-01   1.6443662e-01   1.5694364e-02
   6.3000000e+02   1.7149220e+01   3.7021850e+00  -2.1052508e-01   1.6443896e-01   1.5675622e-02
   6.3100000e+02   1.7127140e+01   3.7010860e+00  -2.1046486e-01   1.6444110e-01   1.5657136e-02
   6.3200000e+02   1.7105150e+01   3.6999870e+00  -2.1040457e-01   1.6444289e-01   1.5638893e-02
   6.3300000e+02   1.7083230e+01   3.6988850e+00  -2.1034441e-01   1.6444457e-01   1.5620910e-02
   6.3400000e+02   1.7061390e+01   3.6977830e+00  -2.1028413e-01   1.6444588e-01   1.5603174e-02
   6.3500000e+02   1.7039630e+01   3.6966780e+00  -2.1022397e-01   1.6444705e-01   1.5585694e-02
   6.3600000e+02   1.7017950e+01   3.6955730e+00  -2.1016374e-01   1.6444790e-01   1.5568459e-02
   6.3700000e+02   1.6996350e+01   3.6944660e+00  -2.1010354e-01   1.6444851e-01   1.5551477e-02
   6.3800000e+02   1.6974820e+01   3.6933570e+00  -2.1004345e-01   1.6444898e-01   1.5534749e-02
   6.3900000e+02   1.6953370e+01   3.6922470e+00  -2.0998328e-01   1.6444912e-01   1.5518273e-02
   6.4000000e+02   1.6932000e+01   3.6911360e+00  -2.0992311e-01   1.6444901e-01   1.5502040e-02
   6.4100000e+02   1.6910710e+01   3.6900230e+00  -2.0986299e-01   1.6444867e-01   1.5486063e-02
   6.4200000e+02   1.6889480e+01   3.6889090e+00  -2.0980291e-01   1.6444815e-01   1.5470333e-02
   6.4300000e+02   1.6868340e+01   3.6877940e+00  -2.0974279e-01   1.6444732e-01   1.5454848e-02
   6.4400000e+02   1.6847270e+01   3.6866770e+00  -2.0968271e-01   1.6444628e-01   1.5439618e-02
   6.4500000e+02   1.6826270e+01   3.6855590e+00  -2.0962260e-01   1.6444498e-01   1.5424634e-02
   6.4600000e+02   1.6805350e+01   3.6844390e+00  -2.0956259e-01   1.6444349e-01   1.5409898e-02
   6.4700000e+02   1.6784500e+01   3.6833180e+00  -2.0950255e-01   1.6444174e-01   1.5395412e-02
   6.4800000e+02   1.6763730e+01   3.6821960e+00  -2.0944249e-01   1.6443971e-01   1.5381170e-02
   6.4900000e+02   1.6743020e+01   3.6810730e+00  -2.0938248e-01   1.6443750e-01   1.5367170e-02
   6.5000000e+02   1.6722400e+01   3.6799480e+00  -2.0932243e-01   1.6443498e-01   1.5353421e-02
   6.5100000e+02   1.6701840e+01   3.6788220e+00  -2.0926244e-01   1.6443229e-01   1.5339914e-02
   6.5200000e+02   1.6681350e+01   3.6776950e+00  -2.0920242e-01   1.6442932e-01   1.5326653e-02
   6.5300000e+02   1.6660940e+01   3.6765660e+00  -2.0914247e-01   1.6442615e-01   1.5313637e-02
   6.5400000e+02   1.6640600e+01   3.6754360e+00  -2.0908249e-01   1.6442272e-01   1.5300862e-02
   6.5500000e+02   1.6620330e+01   3.6743050e+00  -2.0902249e-01   1.6441903e-01   1.5288332e-02
   6.5600000e+02   1.6600120e+01   3.6731730e+00  -2.0896253e-01   1.6441514e-01   1.5276039e-02
   6.5700000e+02   1.6579990e+01   3.6720400e+00  -2.0890252e-01   1.6441095e-01   1.5263989e-02
   6.5800000e+02   1.6559930e+01   3.6709050e+00  -2.0884257e-01   1.6440657e-01   1.5252183e-02
   6.5900000e+02   1.6539940e+01   3.6697690e+00  -2.0878260e-01   1.6440193e-01   1.5240613e-02
   6.6000000e+02   1.6520020e+01   3.6686320e+00  -2.0872262e-01   1.6439703e-01   1.5229282e-02
   6.6100000e+02   1.6500160e+01   3.6674940e+00  -2.0866267e-01   1.6439194e-01   1.5218189e-02
   6.6200000e+02   1.6480380e+01   3.6663540e+00  -2.0860271e-01   1.6438658e-01   1.5207335e-02
   6.6300000e+02   1.6460660e+01   3.6652140e+00  -2.0854272e-01   1.6438097e-01   1.5196715e-02
   6.6400000e+02   1.6441010e+01   3.6640720e+00  -2.0848277e-01   1.6437514e-01   1.5186331e-02
   6.6500000e+02   1.6421430e+01   3.6629290e+00  -2.0842281e-01   1.6436907e-01   1.5176183e-02
   6.6600000e+02   1.6401910e+01   3.6617850e+00  -2.0836284e-01   1.6436277e-01   1.5166268e-02
   6.6700000e+02   1.6382460e+01   3.6606400e+00  -2.0830285e-01   1.6435620e-01   1.5156583e-02
   6.6800000e+02   1.6363080e+01   3.6594940e+00  -2.0824282e-01   1.6434936e-01   1.5147135e-02
   6.6900000e+02   1.6343760e+01   3.6583470e+00  -2.0818283e-01   1.6434232e-01   1.5137913e-02
   6.7000000e+02   1.6324510e+01   3.6571980e+00  -2.0812286e-01   1.6433507e-01   1.5128926e-02
   6.7100000e+02   1.6305330e+01   3.6560490e+00  -2.0806277e-01   1.6432747e-01   1.5120163e-02
   6.7200000e+02   1.6286200e+01   3.6548980e+00  -2.0800280e-01   1.6431976e-01   1.5111634e-02
   6.7300000e+02   1.6267150e+01   3.6537470e+00  -2.0794267e-01   1.6431166e-01   1.5103326e-02
   6.7400000e+02   1.6248160e+01   3.6525940e+00  -2.0788264e-01   1.6430343e-01   1.5095245e-02
   6.7500000e+02   1.6229230e+01   3.6514410e+00  -2.0782251e-01   1.6429488e-01   1.5087389e-02
   6.7600000e+02   1.6210360e+01   3.6502860e+00  -2.0776243e-01   1.6428616e-01   1.5079760e-02
   6.7700000e+02   1.6191560e+01   3.6491300e+00  -2.0770235e-01   1.6427719e-01   1.5072352e-02
   6.7800000e+02   1.6172830e+01   3.6479740e+00  -2.0764209e-01   1.6426783e-01   1.5065168e-02
   6.7900000e+02   1.6154150e+01   3.6468160e+00  -2.0758196e-01   1.6425838e-01   1.5058201e-02
   6.8000000e+02   1.6135540e+01   3.6456570e+00  -2.0752178e-01   1.6424865e-01   1.5051456e-02
   6.8100000e+02   1.6116990e+01   3.6444980e+00  -2.0746150e-01   1.6423861e-01   1.5044927e-02
   6.8200000e+02   1.6098500e+01   3.6433370e+00  -2.0740127e-01   1.6422840e-01   1.5038618e-02
   6.8300000e+02   1.6080070e+01   3.6421760e+00  -2.0734095e-01   1.6421788e-01   1.5032522e-02
   6.8400000e+02   1.6061710e+01   3.6410140e+00  -2.0728058e-01   1.6420709e-01   1.5026642e-02
   6.8500000e+02   1.6043400e+01   3.6398500e+00  -2.0722028e-01   1.6419616e-01   1.5020979e-02
   6.8600000e+02   1.6025160e+01   3.6386860e+00  -2.0715983e-01   1.6418487e-01   1.5015525e-02
   6.8700000e+02   1.6006980e+01   3.6375210e+00  -2.0709938e-01   1.6417335e-01   1.5010282e-02
   6.8800000e+02   1.5988850e+01   3.6363550e+00  -2.0703888e-01   1.6416159e-01   1.5005253e-02
   6.8900000e+02   1.5970790e+01   3.6351880e+00  -2.0697835e-01   1.6414957e-01   1.5000430e-02
   6.9000000e+02   1.5952780e+01   3.6340200e+00  -2.0691784e-01   1.6413737e-01   1.4995815e-02
   6.9100000e+02   1.5934840e+01   3.6328520e+00  -2.0685713e-01   1.6412476e-01   1.4991406e-02
   6.9200000e+02   1.5916950e+01   3.6316820e+00  -2.0679651e-01   1.6411204e-01   1.4987202e-02
   6.9300000e+02   1.5899120e+01   3.6305120e+00  -2.0673579e-01   1.6409900e-01   1.4983202e-02
   6.9400000e+02   1.5881350e+01   3.6293410e+00  -2.0667501e-01   1.6408571e-01   1.4979404e-02
   6.9500000e+02   1.5863640e+01   3.6281690e+00  -2.0661418e-01   1.6407216e-01   1.4975808e-02
   6.9600000e+02   1.5845980e+01   3.6269960e+00  -2.0655333e-01   1.6405840e-01   1.4972413e-02
   6.9700000e+02   1.5828390e+01   3.6258230e+00  -2.0649234e-01   1.6404428e-01   1.4969212e-02
   6.9800000e+02   1.5810850e+01   3.6246490e+00  -2.0643129e-01   1.6402992e-01   1.4966211e-02
   6.9900000e+02   1.5793360e+01   3.6234740e+00  -2.0637026e-01   1.6401538e-01   1.4963407e-02
   7.0000000e+02   1.5775940e+01   3.6222980e+00  -2.0630911e-01   1.6400051e-01   1.4960798e-02
   7.0100000e+02   1.5758570e+01   3.6211210e+00  -2.0624795e-01   1.6398544e-01   1.4958383e-02
   7.0200000e+02   1.5741250e+01   3.6199440e+00  -2.0618664e-01   1.6397005e-01   1.4956157e-02
   7.0300000e+02   1.5723990e+01   3.6187660e+00  -2.0612532e-01   1.6395444e-01   1.4954122e-02
   7.0400000e+02   1.5706790e+01   3.6175870e+00  -2.0606392e-01   1.6393855e-01   1.4952277e-02
   7.0500000e+02   1.5689640e+01   3.6164080e+00  -2.0600237e-01   1.6392235e-01   1.4950620e-02
   7.0600000e+02   1.5672550e+01   3.6152280e+00  -2.0594078e-01   1.6390590e-01   1.4949145e-02
   7.0700000e+02   1.5655510e+01   3.6140470e+00  -2.0587915e-01   1.6388923e-01   1.4947858e-02
   7.0800000e+02   1.5638530e+01   3.6128650e+00  -2.0581742e-01   1.6387227e-01   1.4946758e-02
   7.0900000e+02   1.5621600e+01   3.6116830e+00  -2.0575559e-01   1.6385503e-01   1.4945836e-02
   7.1000000e+02   1.5604720e+01   3.6105000e+00  -2.0569372e-01   1.6383757e-01   1.4945098e-02
   7.1100000e+02   1.5587900e+01   3.6093170e+00  -2.0563167e-01   1.6381976e-01   1.4944534e-02
   7.1200000e+02   1.5571130e+01   3.6081330e+00  -2.0556959e-01   1.6380172e-01   1.4944149e-02
   7.1300000e+02   1.5554410e+01   3.6069480e+00  -2.0550742e-01   1.6378344e-01   1.4943944e-02
   7.1400000e+02   1.5537750e+01   3.6057630e+00  -2.0544512e-01   1.6376483e-01   1.4943911e-02
   7.1500000e+02   1.5521140e+01   3.6045770e+00  -2.0538276e-01   1.6374599e-01   1.4944048e-02
   7.1600000e+02   1.5504580e+01   3.6033900e+00  -2.0532033e-01   1.6372691e-01   1.4944362e-02
   7.1700000e+02   1.5488070e+01   3.6022030e+00  -2.0525775e-01   1.6370751e-01   1.4944846e-02
   7.1800000e+02   1.5471620e+01   3.6010150e+00  -2.0519507e-01   1.6368784e-01   1.4945499e-02
   7.1900000e+02   1.5455210e+01   3.5998270e+00  -2.0513230e-01   1.6366792e-01   1.4946316e-02
   7.2000000e+02   1.5438860e+01   3.5986380e+00  -2.0506940e-01   1.6364769e-01   1.4947305e-02
   7.2100000e+02   1.5422560e+01   3.5974490e+00  -2.0500636e-01   1.6362716e-01   1.4948454e-02
   7.2200000e+02   1.5406310e+01   3.5962590e+00  -2.0494326e-01   1.6360640e-01   1.4949766e-02
   7.2300000e+02   1.5390110e+01   3.5950690e+00  -2.0488000e-01   1.6358533e-01   1.4951238e-02
   7.2400000e+02   1.5373960e+01   3.5938780e+00  -2.0481665e-01   1.6356400e-01   1.4952872e-02
   7.2500000e+02   1.5357860e+01   3.5926870e+00  -2.0475317e-01   1.6354238e-01   1.4954664e-02
   7.2600000e+02   1.5341810e+01   3.5914950e+00  -2.0468958e-01   1.6352049e-01   1.4956613e-02
   7.2700000e+02   1.5325810e+01   3.5903020e+00  -2.0462593e-01   1.6349838e-01   1.4958719e-02
   7.2800000e+02   1.5309860e+01   3.5891100e+00  -2.0456203e-01   1.6347587e-01   1.4960976e-02
   7.2900000e+02   1.5293960e+01   3.5879160e+00  -2.0449808e-01   1.6345316e-01   1.4963390e-02
   7.3000000e+02   1.5278100e+01   3.5867230e+00  -2.0443398e-01   1.6343015e-01   1.4965949e-02
   7.3100000e+02   1.5262300e+01   3.5855290e+00  -2.0436970e-01   1.6340681e-01   1.4968662e-02
   7.3200000e+02   1.5246540e+01   3.5843340e+00  -2.0430538e-01   1.6338327e-01   1.4971522e-02
   7.3300000e+02   1.5230830e+01   3.5831390e+00  -2.0424090e-01   1.6335943e-01   1.4974529e-02
   7.3400000e+02   1.5215170e+01   3.5819440e+00  -2.0417621e-01   1.6333523e-01   1.4977676e-02
   7.3500000e+02   1.5199560e+01   3.5807480e+00  -2.0411142e-01   1.6331079e-01   1.4980973e-02
   7.3600000e+02   1.5184000e+01   3.5795520e+00  -2.0404647e-01   1.6328604e-01   1.4984406e-02
   7.3700000e+02   1.5168480e+01   3.5783550e+00  -2.0398144e-01   1.6326107e-01   1.4987986e-02
   7.3800000e+02   1.5153010e+01   3.5771580e+00  -2.0391621e-01   1.6323576e-01   1.4991700e-02
   7.3900000e+02   1.5137580e+01   3.5759610e+00  -2.0385085e-01   1.6321018e-01   1.4995553e-02
   7.4000000e+02   1.5122210e+01   3.5747630e+00  -2.0378532e-01   1.6318429e-01   1.4999541e-02
   7.4100000e+02   1.5106870e+01   3.5735650e+00  -2.0371969e-01   1.6315817e-01   1.5003662e-02
   7.4200000e+02   1.5091590e+01   3.5723670e+00  -2.0365381e-01   1.6313167e-01   1.5007918e-02
   7.4300000e+02   1.5076350e+01   3.5711680e+00  -2.0358786e-01   1.6310496e-01   1.5012302e-02
   7.4400000e+02   1.5061160e+01   3.5699690e+00  -2.0352169e-01   1.6307789e-01   1.5016819e-02
   7.4500000e+02   1.5046010e+01   3.5687700e+00  -2.0345537e-01   1.6305056e-01   1.5021460e-02
   7.4600000e+02   1.5030900e+01   3.5675700e+00  -2.0338894e-01   1.6302298e-01   1.5026234e-02
   7.4700000e+02   1.5015850e+01   3.5663710e+00  -2.0332224e-01   1.6299500e-01   1.5031124e-02
   7.4800000e+02   1.5000830e+01   3.5651700e+00  -2.0325553e-01   1.6296688e-01   1.5036147e-02
   7.4900000e+02   1.4985860e+01   3.5639700e+00  -2.0318850e-01   1.6293834e-01   1.5041286e-02
   7.5000000e+02   1.4970940e+01   3.5627700e+00  -2.0312131e-01   1.6290950e-01   1.5046542e-02
   7.5100000e+02   1.4956060e+01   3.5615690e+00  -2.0305399e-01   1.6288041e-01   1.5051923e-02
   7.5200000e+02   1.4941220e+01   3.5603680e+00  -2.0298650e-01   1.6285102e-01   1.5057421e-02
   7.5300000e+02   1.4926430e+01   3.5591660e+00  -2.0291886e-01   1.6282137e-01   1.5063037e-02
   7.5400000e+02   1.4911680e+01   3.5579650e+00  -2.0285095e-01   1.6279134e-01   1.5068764e-02
   7.5500000e+02   1.4896970e+01   3.5567630e+00  -2.0278296e-01   1.6276111e-01   1.5074604e-02
   7.5600000e+02   1.4882310e+01   3.5555610e+00  -2.0271474e-01   1.6273053e-01   1.5080555e-02
   7.5700000e+02   1.4867690e+01   3.5543590e+00  -2.0264631e-01   1.6269964e-01   1.5086617e-02
   7.5800000e+02   1.4853110e+01   3.5531570e+00  -2.0257773e-01   1.6266847e-01   1.5092788e-02
   7.5900000e+02   1.4838580e+01   3.5519540e+00  -2.0250893e-01   1.6263699e-01   1.5099066e-02
   7.6000000e+02   1.4824090e+01   3.5507520e+00  -2.0243992e-01   1.6260518e-01   1.5105445e-02
   7.6100000e+02   1.4809640e+01   3.5495490e+00  -2.0237078e-01   1.6257312e-01   1.5111932e-02
   7.6200000e+02   1.4795230e+01   3.5483460e+00  -2.0230141e-01   1.6254074e-01   1.5118522e-02
   7.6300000e+02   1.4780860e+01   3.5471430e+00  -2.0223186e-01   1.6250808e-01   1.5125210e-02
   7.6400000e+02   1.4766540e+01   3.5459400e+00  -2.0216211e-01   1.6247510e-01   1.5131996e-02
   7.6500000e+02   1.4752250e+01   3.5447360e+00  -2.0209222e-01   1.6244189e-01   1.5138887e-02
   7.6600000e+02   1.4738010e+01   3.5435330e+00  -2.0202200e-01   1.6240826e-01   1.5145870e-02
   7.6700000e+02   1.4723810e+01   3.5423290e+00  -2.0195168e-01   1.6237441e-01   1.5152949e-02
   7.6800000e+02   1.4709650e+01   3.5411260e+00  -2.0188107e-01   1.6234018e-01   1.5160119e-02
   7.6900000e+02   1.4695530e+01   3.5399220e+00  -2.0181031e-01   1.6230571e-01   1.5167385e-02
   7.7000000e+02   1.4681450e+01   3.5387180e+00  -2.0173937e-01   1.6227095e-01   1.5174741e-02
   7.7100000e+02   1.4667410e+01   3.5375140e+00  -2.0166820e-01   1.6223588e-01   1.5182184e-02
   7.7200000e+02   1.4653410e+01   3.5363110e+00  -2.0159673e-01   1.6220042e-01   1.5189714e-02
   7.7300000e+02   1.4639450e+01   3.5351070e+00  -2.0152510e-01   1.6216471e-01   1.5197332e-02
   7.7400000e+02   1.4625520e+01   3.5339030e+00  -2.0145332e-01   1.6212875e-01   1.5205034e-02
   7.7500000e+02   1.4611640e+01   3.5326990e+00  -2.0138127e-01   1.6209244e-01   1.5212822e-02
   7.7600000e+02   1.4597800e+01   3.5314950e+00  -2.0130900e-01   1.6205581e-01   1.5220690e-02
   7.7700000e+02   1.4584000e+01   3.5302910e+00  -2.0123649e-01   1.6201887e-01   1.5228638e-02
   7.7800000e+02   1.4570230e+01   3.5290870e+00  -2.0116382e-01   1.6198168e-01   1.5236666e-02
   7.7900000e+02   1.4556510e+01   3.5278830e+00  -2.0109089e-01   1.6194413e-01   1.5244773e-02
   7.8000000e+02   1.4542820e+01   3.5266790e+00  -2.0101775e-01   1.6190630e-01   1.5252953e-02
   7.8100000e+02   1.4529170e+01   3.5254750e+00  -2.0094438e-01   1.6186817e-01   1.5261211e-02
   7.8200000e+02   1.4515560e+01   3.5242710e+00  -2.0087080e-01   1.6182973e-01   1.5269541e-02
   7.8300000e+02   1.4501990e+01   3.5230670e+00  -2.0079696e-01   1.6179096e-01   1.5277945e-02
   7.8400000e+02   1.4488450e+01   3.5218630e+00  -2.0072293e-01   1.6175193e-01   1.5286418e-02
   7.8500000e+02   1.4474960e+01   3.5206590e+00  -2.0064861e-01   1.6171253e-01   1.5294964e-02
   7.8600000e+02   1.4461500e+01   3.5194550e+00  -2.0057411e-01   1.6167288e-01   1.5303574e-02
   7.8700000e+02   1.4448080e+01   3.5182520e+00  -2.0049931e-01   1.6163285e-01   1.5312250e-02
   7.8800000e+02   1.4434690e+01   3.5170480e+00  -2.0042435e-01   1.6159259e-01   1.5320994e-02
   7.8900000e+02   1.4421340e+01   3.5158450e+00  -2.0034910e-01   1.6155197e-01   1.5329798e-02
   7.9000000e+02   1.4408030e+01   3.5146410e+00  -2.0027367e-01   1.6151110e-01   1.5338672e-02
   7.9100000e+02   1.4394760e+01   3.5134380e+00  -2.0019793e-01   1.6146984e-01   1.5347602e-02
   7.9200000e+02   1.4381520e+01   3.5122350e+00  -2.0012198e-01   1.6142831e-01   1.5356592e-02
   7.9300000e+02   1.4368310e+01   3.5110310e+00  -2.0004588e-01   1.6138658e-01   1.5365644e-02
   7.9400000e+02   1.4355150e+01   3.5098280e+00  -1.9996946e-01   1.6134444e-01   1.5374750e-02
   7.9500000e+02   1.4342020e+01   3.5086260e+00  -1.9989272e-01   1.6130193e-01   1.5383910e-02
   7.9600000e+02   1.4328920e+01   3.5074230e+00  -1.9981585e-01   1.6125923e-01   1.5393126e-02
   7.9700000e+02   1.4315860e+01   3.5062200e+00  -1.9973873e-01   1.6121621e-01   1.5402399e-02
   7.9800000e+02   1.4302840e+01   3.5050180e+00  -1.9966128e-01   1.6117280e-01   1.5411721e-02
   7.9900000e+02   1.4289850e+01   3.5038160e+00  -1.9958359e-01   1.6112910e-01   1.5421093e-02
   8.0000000e+02   1.4276900e+01   3.5026140e+00  -1.9950570e-01   1.6108512e-01   1.5430516e-02
   8.0100000e+02   1.4263980e+01   3.5014120e+00  -1.9942754e-01   1.6104083e-01   1.5439989e-02
   8.0200000e+02   1.4251100e+01   3.5002100e+00  -1.9934914e-01   1.6099623e-01   1.5449508e-02
   8.0300000e+02   1.4238250e+01   3.4990080e+00  -1.9927053e-01   1.6095138e-01   1.5459074e-02
   8.0400000e+02   1.4225440e+01   3.4978070e+00  -1.9919157e-01   1.6090612e-01   1.5468683e-02
   8.0500000e+02   1.4212660e+01   3.4966060e+00  -1.9911243e-01   1.6086061e-01   1.5478332e-02
   8.0600000e+02   1.4199910e+01   3.4954050e+00  -1.9903302e-01   1.6081480e-01   1.5488027e-02
   8.0700000e+02   1.4187200e+01   3.4942040e+00  -1.9895336e-01   1.6076868e-01   1.5497764e-02
   8.0800000e+02   1.4174520e+01   3.4930040e+00  -1.9887341e-01   1.6072223e-01   1.5507536e-02
   8.0900000e+02   1.4161880e+01   3.4918040e+00  -1.9879319e-01   1.6067546e-01   1.5517348e-02
   8.1000000e+02   1.4149270e+01   3.4906040e+00  -1.9871271e-01   1.6062838e-01   1.5527199e-02
   8.1100000e+02   1.4136690e+01   3.4894040e+00  -1.9863204e-01   1.6058106e-01   1.5537084e-02
   8.1200000e+02   1.4124150e+01   3.4882040e+00  -1.9855107e-01   1.6053339e-01   1.5547008e-02
   8.1300000e+02   1.4111630e+01   3.4870050e+00  -1.9846990e-01   1.6048548e-01   1.5556962e-02
   8.1400000e+02   1.4099160e+01   3.4858060e+00  -1.9838836e-01   1.6043715e-01   1.5566948e-02
   8.1500000e+02   1.4086710e+01   3.4846080e+00  -1.9830660e-01   1.6038856e-01   1.5576962e-02
   8.1600000e+02   1.4074300e+01   3.4834090e+00  -1.9822461e-01   1.6033969e-01   1.5587014e-02
   8.1700000e+02   1.4061920e+01   3.4822110e+00  -1.9814230e-01   1.6029048e-01   1.5597088e-02
   8.1800000e+02   1.4049570e+01   3.4810130e+00  -1.9805976e-01   1.6024099e-01   1.5607196e-02
   8.1900000e+02   1.4037260e+01   3.4798160e+00  -1.9797690e-01   1.6019113e-01   1.5617323e-02
   8.2000000e+02   1.4024970e+01   3.4786190e+00  -1.9789384e-01   1.6014105e-01   1.5627481e-02
   8.2100000e+02   1.4012720e+01   3.4774220e+00  -1.9781048e-01   1.6009062e-01   1.5637661e-02
   8.2200000e+02   1.4000500e+01   3.4762250e+00  -1.9772692e-01   1.6003995e-01   1.5647869e-02
   8.2300000e+02   1.3988320e+01   3.4750290e+00  -1.9764299e-01   1.5998887e-01   1.5658095e-02
   8.2400000e+02   1.3976160e+01   3.4738330e+00  -1.9755884e-01   1.5993756e-01   1.5668342e-02
   8.2500000e+02   1.3964040e+01   3.4726370e+00  -1.9747446e-01   1.5988595e-01   1.5678614e-02
   8.2600000e+02   1.3951940e+01   3.4714420e+00  -1.9738978e-01   1.5983404e-01   1.5688900e-02
   8.2700000e+02   1.3939880e+01   3.4702470e+00  -1.9730483e-01   1.5978181e-01   1.5699206e-02
   8.2800000e+02   1.3927850e+01   3.4690530e+00  -1.9721951e-01   1.5972919e-01   1.5709525e-02
   8.2900000e+02   1.3915850e+01   3.4678590e+00  -1.9713401e-01   1.5967635e-01   1.5719863e-02
   8.3000000e+02   1.3903880e+01   3.4666650e+00  -1.9704826e-01   1.5962323e-01   1.5730219e-02
   8.3100000e+02   1.3891940e+01   3.4654720e+00  -1.9696217e-01   1.5956976e-01   1.5740578e-02
   8.3200000e+02   1.3880030e+01   3.4642790e+00  -1.9687589e-01   1.5951604e-01   1.5750959e-02
   8.3300000e+02   1.3868150e+01   3.4630860e+00  -1.9678930e-01   1.5946200e-01   1.5761352e-02
   8.3400000e+02   1.3856300e+01   3.4618940e+00  -1.9670242e-01   1.5940765e-01   1.5771752e-02
   8.3500000e+02   1.3844490e+01   3.4607020e+00  -1.9661529e-01   1.5935299e-01   1.5782164e-02
   8.3600000e+02   1.3832700e+01   3.4595100e+00  -1.9652792e-01   1.5929810e-01   1.5792585e-02
   8.3700000e+02   1.3820940e+01   3.4583190e+00  -1.9644020e-01   1.5924283e-01   1.5803013e-02
   8.3800000e+02   1.3809210e+01   3.4571290e+00  -1.9635222e-01   1.5918727e-01   1.5813444e-02
   8.3900000e+02   1.3797510e+01   3.4559390e+00  -1.9626397e-01   1.5913142e-01   1.5823883e-02
   8.4000000e+02   1.3785840e+01   3.4547490e+00  -1.9617544e-01   1.5907527e-01   1.5834329e-02
   8.4100000e+02   1.3774200e+01   3.4535600e+00  -1.9608665e-01   1.5901883e-01   1.5844774e-02
   8.4200000e+02   1.3762590e+01   3.4523710e+00  -1.9599761e-01   1.5896212e-01   1.5855226e-02
   8.4300000e+02   1.3751010e+01   3.4511830e+00  -1.9590819e-01   1.5890503e-01   1.5865674e-02
   8.4400000e+02   1.3739450e+01   3.4499950e+00  -1.9581862e-01   1.5884775e-01   1.5876131e-02
   8.4500000e+02   1.3727930e+01   3.4488070e+00  -1.9572873e-01   1.5879013e-01   1.5886589e-02
   8.4600000e+02   1.3716430e+01   3.4476200e+00  -1.9563858e-01   1.5873224e-01   1.5897039e-02
   8.4700000e+02   1.3704960e+01   3.4464340e+00  -1.9554808e-01   1.5867399e-01   1.5907489e-02
   8.4800000e+02   1.3693520e+01   3.4452470e+00  -1.9545741e-01   1.5861555e-01   1.5917943e-02
   8.4900000e+02   1.3682110e+01   3.4440620e+00  -1.9536640e-01   1.5855674e-01   1.5928384e-02
   8.5000000e+02   1.3670730e+01   3.4428770e+00  -1.9527509e-01   1.5849762e-01   1.5938826e-02
   8.5100000e+02   1.3659370e+01   3.4416920e+00  -1.9518357e-01   1.5843828e-01   1.5949264e-02
   8.5200000e+02   1.3648050e+01   3.4405080e+00  -1.9509168e-01   1.5837855e-01   1.5959689e-02
   8.5300000e+02   1.3636750e+01   3.4393240e+00  -1.9499957e-01   1.5831860e-01   1.5970115e-02
   8.5400000e+02   1.3625480e+01   3.4381410e+00  -1.9490718e-01   1.5825834e-01   1.5980527e-02
   8.5500000e+02   1.3614230e+01   3.4369590e+00  -1.9481450e-01   1.5819780e-01   1.5990930e-02
   8.5600000e+02   1.3603020e+01   3.4357770e+00  -1.9472152e-01   1.5813693e-01   1.6001325e-02
   8.5700000e+02   1.3591830e+01   3.4345950e+00  -1.9462835e-01   1.5807585e-01   1.6011711e-02
   8.5800000e+02   1.3580660e+01   3.4334140e+00  -1.9453489e-01   1.5801449e-01   1.6022085e-02
   8.5900000e+02   1.3569530e+01   3.4322330e+00  -1.9444111e-01   1.5795278e-01   1.6032451e-02
   8.6000000e+02   1.3558420e+01   3.4310530e+00  -1.9434709e-01   1.5789083e-01   1.6042801e-02
   8.6100000e+02   1.3547340e+01   3.4298740e+00  -1.9425269e-01   1.5782850e-01   1.6053133e-02
   8.6200000e+02   1.3536290e+01   3.4286950e+00  -1.9415809e-01   1.5776595e-01   1.6063459e-02
   8.6300000e+02   1.3525260e+01   3.4275170e+00  -1.9406316e-01   1.5770308e-01   1.6073759e-02
   8.6400000e+02   1.3514260e+01   3.4263390e+00  -1.9396802e-01   1.5763998e-01   1.6084051e-02
   8.6500000e+02   1.3503280e+01   3.4251620e+00  -1.9387258e-01   1.5757658e-01   1.6094323e-02
   8.6600000e+02   1.3492330e+01   3.4239850e+00  -1.9377688e-01   1.5751290e-01   1.6104583e-02
   8.6700000e+02   1.3481410e+01   3.4228090e+00  -1.9368091e-01   1.5744895e-01   1.6114822e-02
   8.6800000e+02   1.3470510e+01   3.4216330e+00  -1.9358467e-01   1.5738473e-01   1.6125043e-02
   8.6900000e+02   1.3459640e+01   3.4204580e+00  -1.9348811e-01   1.5732018e-01   1.6135240e-02
   8.7000000e+02   1.3448800e+01   3.4192840e+00  -1.9339128e-01   1.5725535e-01   1.6145420e-02
   8.7100000e+02   1.3437980e+01   3.4181100e+00  -1.9329417e-01   1.5719025e-01   1.6155577e-02
   8.7200000e+02   1.3427190e+01   3.4169370e+00  -1.9319681e-01   1.5712488e-01   1.6165713e-02
   8.7300000e+02   1.3416420e+01   3.4157640e+00  -1.9309918e-01   1.5705925e-01   1.6175829e-02
   8.7400000e+02   1.3405680e+01   3.4145920e+00  -1.9300127e-01   1.5699332e-01   1.6185919e-02
   8.7500000e+02   1.3394960e+01   3.4134210e+00  -1.9290304e-01   1.5692710e-01   1.6195985e-02
   8.7600000e+02   1.3384270e+01   3.4122500e+00  -1.9280460e-01   1.5686064e-01   1.6206029e-02
   8.7700000e+02   1.3373600e+01   3.4110800e+00  -1.9270586e-01   1.5679390e-01   1.6216044e-02
   8.7800000e+02   1.3362960e+01   3.4099100e+00  -1.9260687e-01   1.5672689e-01   1.6226034e-02
   8.7900000e+02   1.3352350e+01   3.4087410e+00  -1.9250754e-01   1.5665954e-01   1.6236002e-02
   8.8000000e+02   1.3341750e+01   3.4075730e+00  -1.9240802e-01   1.5659201e-01   1.6245937e-02
   8.8100000e+02   1.3331190e+01   3.4064050e+00  -1.9230818e-01   1.5652416e-01   1.6255845e-02
   8.8200000e+02   1.3320640e+01   3.4052380e+00  -1.9220808e-01   1.5645606e-01   1.6265728e-02
   8.8300000e+02   1.3310130e+01   3.4040720e+00  -1.9210763e-01   1.5638759e-01   1.6275577e-02
   8.8400000e+02   1.3299630e+01   3.4029060e+00  -1.9200706e-01   1.5631900e-01   1.6285402e-02
   8.8500000e+02   1.3289160e+01   3.4017410e+00  -1.9190613e-01   1.5625007e-01   1.6295194e-02
   8.8600000e+02   1.3278720e+01   3.4005760e+00  -1.9180498e-01   1.5618090e-01   1.6304959e-02
   8.8700000e+02   1.3268300e+01   3.3994120e+00  -1.9170355e-01   1.5611146e-01   1.6314687e-02
   8.8800000e+02   1.3257900e+01   3.3982490e+00  -1.9160179e-01   1.5604171e-01   1.6324384e-02
   8.8900000e+02   1.3247530e+01   3.3970870e+00  -1.9149975e-01   1.5597167e-01   1.6334046e-02
   8.9000000e+02   1.3237180e+01   3.3959250e+00  -1.9139750e-01   1.5590143e-01   1.6343678e-02
   8.9100000e+02   1.3226860e+01   3.3947640e+00  -1.9129493e-01   1.5583087e-01   1.6353275e-02
   8.9200000e+02   1.3216550e+01   3.3936030e+00  -1.9119222e-01   1.5576017e-01   1.6362841e-02
   8.9300000e+02   1.3206280e+01   3.3924430e+00  -1.9108912e-01   1.5568908e-01   1.6372369e-02
   8.9400000e+02   1.3196020e+01   3.3912840e+00  -1.9098579e-01   1.5561778e-01   1.6381863e-02
   8.9500000e+02   1.3185790e+01   3.3901250e+00  -1.9088227e-01   1.5554628e-01   1.6391322e-02
   8.9600000e+02   1.3175580e+01   3.3889670e+00  -1.9077841e-01   1.5547446e-01   1.6400743e-02
   8.9700000e+02   1.3165400e+01   3.3878100e+00  -1.9067427e-01   1.5540234e-01   1.6410127e-02
   8.9800000e+02   1.3155230e+01   3.3866540e+00  -1.9056989e-01   1.5533002e-01   1.6419469e-02
   8.9900000e+02   1.3145100e+01   3.3854980e+00  -1.9046521e-01   1.5525738e-01   1.6428779e-02
   9.0000000e+02   1.3134980e+01   3.3843430e+00  -1.9036032e-01   1.5518455e-01   1.6438047e-02
   9.0100000e+02   1.3124890e+01   3.3831880e+00  -1.9025516e-01   1.5511144e-01   1.6447282e-02
   9.0200000e+02   1.3114820e+01   3.3820350e+00  -1.9014974e-01   1.5503808e-01   1.6456471e-02
   9.0300000e+02   1.3104770e+01   3.3808820e+00  -1.9004404e-01   1.5496446e-01   1.6465621e-02
   9.0400000e+02   1.3094740e+01   3.3797290e+00  -1.8993813e-01   1.5489064e-01   1.6474733e-02
   9.0500000e+02   1.3084740e+01   3.3785780e+00  -1.8983189e-01   1.5481649e-01   1.6483804e-02
   9.0600000e+02   1.3074760e+01   3.3774270e+00  -1.8972543e-01   1.5474212e-01   1.6492829e-02
   9.0700000e+02   1.3064800e+01   3.3762770e+00  -1.8961871e-01   1.5466750e-01   1.6501820e-02
   9.0800000e+02   1.3054870e+01   3.3751270e+00  -1.8951172e-01   1.5459262e-01   1.6510763e-02
   9.0900000e+02   1.3044950e+01   3.3739790e+00  -1.8940450e-01   1.5451753e-01   1.6519661e-02
   9.1000000e+02   1.3035060e+01   3.3728310e+00  -1.8929698e-01   1.5444214e-01   1.6528521e-02
   9.1100000e+02   1.3025190e+01   3.3716830e+00  -1.8918929e-01   1.5436658e-01   1.6537338e-02
   9.1200000e+02   1.3015340e+01   3.3705370e+00  -1.8908126e-01   1.5429070e-01   1.6546105e-02
   9.1300000e+02   1.3005510e+01   3.3693910e+00  -1.8897300e-01   1.5421460e-01   1.6554831e-02
   9.1400000e+02   1.2995710e+01   3.3682460e+00  -1.8886451e-01   1.5413826e-01   1.6563513e-02
   9.1500000e+02   1.2985930e+01   3.3671020e+00  -1.8875571e-01   1.5406164e-01   1.6572148e-02
   9.1600000e+02   1.2976160e+01   3.3659580e+00  -1.8864676e-01   1.5398487e-01   1.6580739e-02
   9.1700000e+02   1.2966420e+01   3.3648150e+00  -1.8853750e-01   1.5390781e-01   1.6589282e-02
   9.1800000e+02   1.2956700e+01   3.3636730e+00  -1.8842799e-01   1.5383050e-01   1.6597779e-02
   9.1900000e+02   1.2947010e+01   3.3625320e+00  -1.8831822e-01   1.5375292e-01   1.6606230e-02
   9.2000000e+02   1.2937330e+01   3.3613910e+00  -1.8820824e-01   1.5367517e-01   1.6614636e-02
   9.2100000e+02   1.2927670e+01   3.3602510e+00  -1.8809798e-01   1.5359715e-01   1.6622990e-02
   9.2200000e+02   1.2918040e+01   3.3591120e+00  -1.8798750e-01   1.5351890e-01   1.6631296e-02
   9.2300000e+02   1.2908430e+01   3.3579740e+00  -1.8787673e-01   1.5344038e-01   1.6639558e-02
   9.2400000e+02   1.2898830e+01   3.3568360e+00  -1.8776578e-01   1.5336170e-01   1.6647770e-02
   9.2500000e+02   1.2889260e+01   3.3556990e+00  -1.8765462e-01   1.5328280e-01   1.6655934e-02
   9.2600000e+02   1.2879710e+01   3.3545630e+00  -1.8754313e-01   1.5320358e-01   1.6664046e-02
   9.2700000e+02   1.2870180e+01   3.3534280e+00  -1.8743138e-01   1.5312413e-01   1.6672107e-02
   9.2800000e+02   1.2860670e+01   3.3522940e+00  -1.8731939e-01   1.5304445e-01   1.6680118e-02
   9.2900000e+02   1.2851180e+01   3.3511600e+00  -1.8720720e-01   1.5296458e-01   1.6688078e-02
   9.3000000e+02   1.2841710e+01   3.3500270e+00  -1.8709477e-01   1.5288447e-01   1.6695993e-02
   9.3100000e+02   1.2832260e+01   3.3488950e+00  -1.8698213e-01   1.5280416e-01   1.6703852e-02
   9.3200000e+02   1.2822830e+01   3.3477630e+00  -1.8686924e-01   1.5272362e-01   1.6711667e-02
   9.3300000e+02   1.2813420e+01   3.3466330e+00  -1.8675607e-01   1.5264281e-01   1.6719418e-02
   9.3400000e+02   1.2804030e+01   3.3455030e+00  -1.8664271e-01   1.5256182e-01   1.6727130e-02
   9.3500000e+02   1.2794660e+01   3.3443740e+00  -1.8652908e-01   1.5248058e-01   1.6734782e-02
   9.3600000e+02   1.2785310e+01   3.3432460e+00  -1.8641524e-01   1.5239913e-01   1.6742381e-02
   9.3700000e+02   1.2775990e+01   3.3421180e+00  -1.8630113e-01   1.5231742e-01   1.6749935e-02
   9.3800000e+02   1.2766680e+01   3.3409910e+00  -1.8618685e-01   1.5223555e-01   1.6757432e-02
   9.3900000e+02   1.2757390e+01   3.3398660e+00  -1.8607226e-01   1.5215339e-01   1.6764870e-02
   9.4000000e+02   1.2748120e+01   3.3387400e+00  -1.8595753e-01   1.5207109e-01   1.6772262e-02
   9.4100000e+02   1.2738870e+01   3.3376160e+00  -1.8584250e-01   1.5198851e-01   1.6779598e-02
   9.4200000e+02   1.2729630e+01   3.3364930e+00  -1.8572728e-01   1.5190577e-01   1.6786877e-02
   9.4300000e+02   1.2720420e+01   3.3353700e+00  -1.8561186e-01   1.5182281e-01   1.6794104e-02
   9.4400000e+02   1.2711230e+01   3.3342480e+00  -1.8549616e-01   1.5173959e-01   1.6801277e-02
   9.4500000e+02   1.2702060e+01   3.3331270e+00  -1.8538026e-01   1.5165618e-01   1.6808395e-02
   9.4600000e+02   1.2692900e+01   3.3320070e+00  -1.8526410e-01   1.5157255e-01   1.6815457e-02
   9.4700000e+02   1.2683770e+01   3.3308870e+00  -1.8514779e-01   1.5148874e-01   1.6822467e-02
   9.4800000e+02   1.2674650e+01   3.3297690e+00  -1.8503116e-01   1.5140465e-01   1.6829415e-02
   9.4900000e+02   1.2665560e+01   3.3286510e+00  -1.8491434e-01   1.5132036e-01   1.6836314e-02
   9.5000000e+02   1.2656480e+01   3.3275340e+00  -1.8479735e-01   1.5123593e-01   1.6843151e-02
   9.5100000e+02   1.2647420e+01   3.3264180e+00  -1.8468009e-01   1.5115123e-01   1.6849934e-02
   9.5200000e+02   1.2638380e+01   3.3253020e+00  -1.8456268e-01   1.5106640e-01   1.6856665e-02
   9.5300000e+02   1.2629360e+01   3.3241880e+00  -1.8444492e-01   1.5098123e-01   1.6863338e-02
   9.5400000e+02   1.2620350e+01   3.3230740e+00  -1.8432708e-01   1.5089600e-01   1.6869952e-02
   9.5500000e+02   1.2611370e+01   3.3219610e+00  -1.8420899e-01   1.5081050e-01   1.6876511e-02
   9.5600000e+02   1.2602400e+01   3.3208490e+00  -1.8409067e-01   1.5072481e-01   1.6883008e-02
   9.5700000e+02   1.2593460e+01   3.3197380e+00  -1.8397211e-01   1.5063887e-01   1.6889453e-02
   9.5800000e+02   1.2584530e+01   3.3186270e+00  -1.8385337e-01   1.5055279e-01   1.6895841e-02
   9.5900000e+02   1.2575620e+01   3.3175170e+00  -1.8373446e-01   1.5046652e-01   1.6902172e-02
   9.6000000e+02   1.2566720e+01   3.3164090e+00  -1.8361526e-01   1.5038001e-01   1.6908440e-02
   9.6100000e+02   1.2557850e+01   3.3153010e+00  -1.8349585e-01   1.5029328e-01   1.6914653e-02
   9.6200000e+02   1.2548990e+01   3.3141930e+00  -1.8337633e-01   1.5020644e-01   1.6920813e-02
   9.6300000e+02   1.2540150e+01   3.3130870e+00  -1.8325653e-01   1.5011935e-01   1.6926906e-02
   9.6400000e+02   1.2531330e+01   3.3119820e+00  -1.8313652e-01   1.5003205e-01   1.6932944e-02
   9.6500000e+02   1.2522530e+01   3.3108770e+00  -1.8301630e-01   1.4994455e-01   1.6938925e-02
   9.6600000e+02   1.2513750e+01   3.3097730e+00  -1.8289592e-01   1.4985690e-01   1.6944847e-02
   9.6700000e+02   1.2504980e+01   3.3086700e+00  -1.8277533e-01   1.4976905e-01   1.6950709e-02
   9.6800000e+02   1.2496230e+01   3.3075680e+00  -1.8265450e-01   1.4968098e-01   1.6956511e-02
   9.6900000e+02   1.2487500e+01   3.3064670e+00  -1.8253343e-01   1.4959269e-01   1.6962253e-02
   9.7000000e+02   1.2478790e+01   3.3053660e+00  -1.8241223e-01   1.4950427e-01   1.6967940e-02
   9.7100000e+02   1.2470090e+01   3.3042670e+00  -1.8229082e-01   1.4941564e-01   1.6973562e-02
   9.7200000e+02   1.2461410e+01   3.3031680e+00  -1.8216923e-01   1.4932685e-01   1.6979129e-02
   9.7300000e+02   1.2452750e+01   3.3020700e+00  -1.8204742e-01   1.4923784e-01   1.6984641e-02
   9.7400000e+02   1.2444110e+01   3.3009730e+00  -1.8192538e-01   1.4914863e-01   1.6990086e-02
   9.7500000e+02   1.2435480e+01   3.2998770e+00  -1.8180323e-01   1.4905930e-01   1.6995472e-02
   9.7600000e+02   1.2426870e+01   3.2987810e+00  -1.8168087e-01   1.4896979e-01   1.7000800e-02
   9.7700000e+02   1.2418280e+01   3.2976870e+00  -1.8155823e-01   1.4888000e-01   1.7006066e-02
   9.7800000e+02   1.2409700e+01   3.2965930e+00  -1.8143547e-01   1.4879011e-01   1.7011272e-02
   9.7900000e+02   1.2401140e+01   3.2955000e+00  -1.8131254e-01   1.4870005e-01   1.7016419e-02
   9.8000000e+02   1.2392600e+01   3.2944080e+00  -1.8118939e-01   1.4860977e-01   1.7021511e-02
   9.8100000e+02   1.2384080e+01   3.2933170e+00  -1.8106599e-01   1.4851927e-01   1.7026532e-02
   9.8200000e+02   1.2375570e+01   3.2922270e+00  -1.8094245e-01   1.4842863e-01   1.7031499e-02
   9.8300000e+02   1.2367080e+01   3.2911370e+00  -1.8081880e-01   1.4833788e-01   1.7036406e-02
   9.8400000e+02   1.2358600e+01   3.2900490e+00  -1.8069487e-01   1.4824689e-01   1.7041250e-02
   9.8500000e+02   1.2350150e+01   3.2889610e+00  -1.8057078e-01   1.4815571e-01   1.7046035e-02
   9.8600000e+02   1.2341710e+01   3.2878740e+00  -1.8044651e-01   1.4806438e-01   1.7050758e-02
   9.8700000e+02   1.2333280e+01   3.2867880e+00  -1.8032211e-01   1.4797293e-01   1.7055417e-02
   9.8800000e+02   1.2324880e+01   3.2857030e+00  -1.8019744e-01   1.4788121e-01   1.7060018e-02
   9.8900000e+02   1.2316480e+01   3.2846180e+00  -1.8007270e-01   1.4778944e-01   1.7064564e-02
   9.9000000e+02   1.2308110e+01   3.2835350e+00  -1.7994768e-01   1.4769739e-01   1.7069042e-02
   9.9100000e+02   1.2299750e+01   3.2824520e+00  -1.7982254e-01   1.4760523e-01   1.7073461e-02
   9.9200000e+02   1.2291410e+01   3.2813710e+00  -1.7969712e-01   1.4751281e-01   1.7077813e-02
   9.9300000e+02   1.2283080e+01   3.2802900e+00  -1.7957164e-01   1.4742033e-01   1.7082113e-02
   9.9400000e+02   1.2274770e+01   3.2792100e+00  -1.7944594e-01   1.4732764e-01   1.7086345e-02
   9.9500000e+02   1.2266480e+01   3.2781300e+00  -1.7932013e-01   1.4723484e-01   1.7090522e-02
   9.9600000e+02   1.2258200e+01   3.2770520e+00  -1.7919408e-01   1.4714182e-01   1.7094635e-02
   9.9700000e+02   1.2249940e+01   3.2759750e+00  -1.7906787e-01   1.4704863e-01   1.7098685e-02
   9.9800000e+02   1.2241700e+01   3.2748980e+00  -1.7894150e-01   1.4695529e-01   1.7102674e-02
   9.9900000e+02   1.2233470e+01   3.2738220e+00  -1.7881498e-01   1.4686182e-01   1.7106608e-02
   1.0000000e+03   1.2225250e+01   3.2727470e+00  -1.7868831e-01   1.4676820e-01   1.7110474e-02
   1.0010000e+03   1.2217060e+01   3.2716730e+00  -1.7856136e-01   1.4667432e-01   1.7114282e-02
   1.0020000e+03   1.2208870e+01   3.2706000e+00  -1.7843438e-01   1.4658041e-01   1.7118026e-02
   1.0030000e+03   1.2200710e+01   3.2695280e+00  -1.7830709e-01   1.4648620e-01   1.7121704e-02
   1.0040000e+03   1.2192560e+01   3.2684570e+00  -1.7817973e-01   1.4639192e-01   1.7125326e-02
   1.0050000e+03   1.2184420e+01   3.2673860e+00  -1.7805223e-01   1.4629751e-01   1.7128888e-02
   1.0060000e+03   1.2176300e+01   3.2663160e+00  -1.7792456e-01   1.4620294e-01   1.7132386e-02
   1.0070000e+03   1.2168200e+01   3.2652470e+00  -1.7779669e-01   1.4610816e-01   1.7135826e-02
   1.0080000e+03   1.2160110e+01   3.2641790e+00  -1.7766869e-01   1.4601327e-01   1.7139201e-02
   1.0090000e+03   1.2152040e+01   3.2631120e+00  -1.7754046e-01   1.4591816e-01   1.7142515e-02
   1.0100000e+03   1.2143980e+01   3.2620460e+00  -1.7741214e-01   1.4582297e-01   1.7145766e-02
   1.0110000e+03   1.2135940e+01   3.2609810e+00  -1.7728363e-01   1.4572758e-01   1.7148951e-02
   1.0120000e+03   1.2127910e+01   3.2599160e+00  -1.7715506e-01   1.4563214e-01   1.7152089e-02
   1.0130000e+03   1.2119900e+01   3.2588530e+00  -1.7702623e-01   1.4553645e-01   1.7155152e-02
   1.0140000e+03   1.2111900e+01   3.2577900e+00  -1.7689728e-01   1.4544064e-01   1.7158156e-02
   1.0150000e+03   1.2103920e+01   3.2567280e+00  -1.7676818e-01   1.4534469e-01   1.7161108e-02
   1.0160000e+03   1.2095950e+01   3.2556670e+00  -1.7663893e-01   1.4524860e-01   1.7163987e-02
   1.0170000e+03   1.2088000e+01   3.2546070e+00  -1.7650954e-01   1.4515236e-01   1.7166812e-02
   1.0180000e+03   1.2080070e+01   3.2535470e+00  -1.7638002e-01   1.4505600e-01   1.7169572e-02
   1.0190000e+03   1.2072140e+01   3.2524890e+00  -1.7625029e-01   1.4495945e-01   1.7172270e-02
   1.0200000e+03   1.2064240e+01   3.2514310e+00  -1.7612050e-01   1.4486282e-01   1.7174911e-02
   1.0210000e+03   1.2056350e+01   3.2503750e+00  -1.7599045e-01   1.4476595e-01   1.7177486e-02
   1.0220000e+03   1.2048470e+01   3.2493190e+00  -1.7586034e-01   1.4466902e-01   1.7180001e-02
   1.0230000e+03   1.2040610e+01   3.2482640e+00  -1.7573005e-01   1.4457192e-01   1.7182454e-02
   1.0240000e+03   1.2032760e+01   3.2472100e+00  -1.7559967e-01   1.4447472e-01   1.7184848e-02
   1.0250000e+03   1.2024920e+01   3.2461570e+00  -1.7546911e-01   1.4437736e-01   1.7187179e-02
   1.0260000e+03   1.2017110e+01   3.2451040e+00  -1.7533842e-01   1.4427986e-01   1.7189453e-02
   1.0270000e+03   1.2009300e+01   3.2440530e+00  -1.7520756e-01   1.4418220e-01   1.7191659e-02
   1.0280000e+03   1.2001510e+01   3.2430020e+00  -1.7507661e-01   1.4408445e-01   1.7193809e-02
   1.0290000e+03   1.1993740e+01   3.2419520e+00  -1.7494546e-01   1.4398650e-01   1.7195895e-02
   1.0300000e+03   1.1985980e+01   3.2409030e+00  -1.7481422e-01   1.4388847e-01   1.7197922e-02
   1.0310000e+03   1.1978230e+01   3.2398550e+00  -1.7468285e-01   1.4379031e-01   1.7199888e-02
   1.0320000e+03   1.1970500e+01   3.2388080e+00  -1.7455130e-01   1.4369198e-01   1.7201792e-02
   1.0330000e+03   1.1962780e+01   3.2377620e+00  -1.7441967e-01   1.4359356e-01   1.7203634e-02
   1.0340000e+03   1.1955080e+01   3.2367160e+00  -1.7428791e-01   1.4349501e-01   1.7205420e-02
   1.0350000e+03   1.1947390e+01   3.2356720e+00  -1.7415597e-01   1.4339630e-01   1.7207141e-02
   1.0360000e+03   1.1939710e+01   3.2346280e+00  -1.7402395e-01   1.4329750e-01   1.7208803e-02
   1.0370000e+03   1.1932050e+01   3.2335850e+00  -1.7389181e-01   1.4319857e-01   1.7210404e-02
   1.0380000e+03   1.1924400e+01   3.2325430e+00  -1.7375952e-01   1.4309951e-01   1.7211943e-02
   1.0390000e+03   1.1916770e+01   3.2315020e+00  -1.7362708e-01   1.4300029e-01   1.7213424e-02
   1.0400000e+03   1.1909150e+01   3.2304620e+00  -1.7349453e-01   1.4290097e-01   1.7214842e-02
   1.0410000e+03   1.1901550e+01   3.2294220e+00  -1.7336185e-01   1.4280151e-01   1.7216200e-02
   1.0420000e+03   1.1893950e+01   3.2283840e+00  -1.7322903e-01   1.4270193e-01   1.7217498e-02
   1.0430000e+03   1.1886380e+01   3.2273460e+00  -1.7309612e-01   1.4260223e-01   1.7218739e-02
   1.0440000e+03   1.1878810e+01   3.2263090e+00  -1.7296313e-01   1.4250247e-01   1.7219921e-02
   1.0450000e+03   1.1871260e+01   3.2252730e+00  -1.7282994e-01   1.4240251e-01   1.7221035e-02
   1.0460000e+03   1.1863730e+01   3.2242380e+00  -1.7269665e-01   1.4230245e-01   1.7222094e-02
   1.0470000e+03   1.1856200e+01   3.2232040e+00  -1.7256323e-01   1.4220227e-01   1.7223093e-02
   1.0480000e+03   1.1848690e+01   3.2221710e+00  -1.7242968e-01   1.4210194e-01   1.7224025e-02
   1.0490000e+03   1.1841200e+01   3.2211380e+00  -1.7229608e-01   1.4200157e-01   1.7224908e-02
   1.0500000e+03   1.1833720e+01   3.2201060e+00  -1.7216235e-01   1.4190105e-01   1.7225727e-02
   1.0510000e+03   1.1826250e+01   3.2190760e+00  -1.7202843e-01   1.4180036e-01   1.7226485e-02
   1.0520000e+03   1.1818790e+01   3.2180460e+00  -1.7189448e-01   1.4169964e-01   1.7227184e-02
   1.0530000e+03   1.1811350e+01   3.2170170e+00  -1.7176039e-01   1.4159877e-01   1.7227825e-02
   1.0540000e+03   1.1803920e+01   3.2159880e+00  -1.7162623e-01   1.4149783e-01   1.7228409e-02
   1.0550000e+03   1.1796510e+01   3.2149610e+00  -1.7149191e-01   1.4139672e-01   1.7228929e-02
   1.0560000e+03   1.1789110e+01   3.2139350e+00  -1.7135743e-01   1.4129545e-01   1.7229390e-02
   1.0570000e+03   1.1781720e+01   3.2129090e+00  -1.7122293e-01   1.4119417e-01   1.7229794e-02
   1.0580000e+03   1.1774340e+01   3.2118840e+00  -1.7108831e-01   1.4109277e-01   1.7230138e-02
   1.0590000e+03   1.1766980e+01   3.2108600e+00  -1.7095356e-01   1.4099123e-01   1.7230425e-02
   1.0600000e+03   1.1759630e+01   3.2098370e+00  -1.7081870e-01   1.4088957e-01   1.7230651e-02
   1.0610000e+03   1.1752300e+01   3.2088150e+00  -1.7068369e-01   1.4078777e-01   1.7230817e-02
   1.0620000e+03   1.1744980e+01   3.2077940e+00  -1.7054863e-01   1.4068590e-01   1.7230930e-02
   1.0630000e+03   1.1737670e+01   3.2067730e+00  -1.7041351e-01   1.4058398e-01   1.7230979e-02
   1.0640000e+03   1.1730370e+01   3.2057530e+00  -1.7027822e-01   1.4048189e-01   1.7230972e-02
   1.0650000e+03   1.1723090e+01   3.2047350e+00  -1.7014281e-01   1.4037967e-01   1.7230902e-02
   1.0660000e+03   1.1715820e+01   3.2037170e+00  -1.7000736e-01   1.4027740e-01   1.7230777e-02
   1.0670000e+03   1.1708560e+01   3.2027000e+00  -1.6987179e-01   1.4017502e-01   1.7230594e-02
   1.0680000e+03   1.1701310e+01   3.2016830e+00  -1.6973617e-01   1.4007258e-01   1.7230357e-02
   1.0690000e+03   1.1694080e+01   3.2006680e+00  -1.6960039e-01   1.3996998e-01   1.7230058e-02
   1.0700000e+03   1.1686860e+01   3.1996530e+00  -1.6946453e-01   1.3986729e-01   1.7229702e-02
   1.0710000e+03   1.1679650e+01   3.1986400e+00  -1.6932854e-01   1.3976447e-01   1.7229284e-02
   1.0720000e+03   1.1672460e+01   3.1976270e+00  -1.6919249e-01   1.3966158e-01   1.7228812e-02
   1.0730000e+03   1.1665280e+01   3.1966150e+00  -1.6905632e-01   1.3955856e-01   1.7228284e-02
   1.0740000e+03   1.1658110e+01   3.1956040e+00  -1.6892010e-01   1.3945550e-01   1.7227698e-02
   1.0750000e+03   1.1650950e+01   3.1945930e+00  -1.6878379e-01   1.3935233e-01   1.7227055e-02
   1.0760000e+03   1.1643810e+01   3.1935840e+00  -1.6864732e-01   1.3924901e-01   1.7226350e-02
   1.0770000e+03   1.1636680e+01   3.1925750e+00  -1.6851086e-01   1.3914567e-01   1.7225598e-02
   1.0780000e+03   1.1629560e+01   3.1915670e+00  -1.6837426e-01   1.3904221e-01   1.7224781e-02
   1.0790000e+03   1.1622450e+01   3.1905600e+00  -1.6823755e-01   1.3893863e-01   1.7223909e-02
   1.0800000e+03   1.1615360e+01   3.1895540e+00  -1.6810079e-01   1.3883498e-01   1.7222983e-02
   1.0810000e+03   1.1608280e+01   3.1885490e+00  -1.6796394e-01   1.3873123e-01   1.7221998e-02
   1.0820000e+03   1.1601210e+01   3.1875450e+00  -1.6782693e-01   1.3862733e-01   1.7220950e-02
   1.0830000e+03   1.1594150e+01   3.1865410e+00  -1.6768993e-01   1.3852343e-01   1.7219854e-02
   1.0840000e+03   1.1587110e+01   3.1855380e+00  -1.6755278e-01   1.3841937e-01   1.7218700e-02
   1.0850000e+03   1.1580080e+01   3.1845360e+00  -1.6741561e-01   1.3831527e-01   1.7217493e-02
   1.0860000e+03   1.1573060e+01   3.1835350e+00  -1.6727829e-01   1.3821104e-01   1.7216222e-02
   1.0870000e+03   1.1566050e+01   3.1825350e+00  -1.6714095e-01   1.3810676e-01   1.7214900e-02
   1.0880000e+03   1.1559050e+01   3.1815360e+00  -1.6700350e-01   1.3800238e-01   1.7213519e-02
   1.0890000e+03   1.1552070e+01   3.1805370e+00  -1.6686599e-01   1.3789791e-01   1.7212088e-02
   1.0900000e+03   1.1545100e+01   3.1795400e+00  -1.6672832e-01   1.3779329e-01   1.7210595e-02
   1.0910000e+03   1.1538140e+01   3.1785430e+00  -1.6659060e-01   1.3768862e-01   1.7209048e-02
   1.0920000e+03   1.1531190e+01   3.1775470e+00  -1.6645288e-01   1.3758392e-01   1.7207449e-02
   1.0930000e+03   1.1524250e+01   3.1765510e+00  -1.6631508e-01   1.3747915e-01   1.7205793e-02
   1.0940000e+03   1.1517330e+01   3.1755570e+00  -1.6617713e-01   1.3737421e-01   1.7204083e-02
   1.0950000e+03   1.1510420e+01   3.1745630e+00  -1.6603916e-01   1.3726924e-01   1.7202321e-02
   1.0960000e+03   1.1503520e+01   3.1735710e+00  -1.6590105e-01   1.3716412e-01   1.7200494e-02
   1.0970000e+03   1.1496630e+01   3.1725790e+00  -1.6576294e-01   1.3705900e-01   1.7198622e-02
   1.0980000e+03   1.1489750e+01   3.1715880e+00  -1.6562471e-01   1.3695375e-01   1.7196691e-02
   1.0990000e+03   1.1482890e+01   3.1705970e+00  -1.6548650e-01   1.3684849e-01   1.7194712e-02
   1.1000000e+03   1.1476040e+01   3.1696080e+00  -1.6534810e-01   1.3674305e-01   1.7192672e-02
   1.1010000e+03   1.1469190e+01   3.1686190e+00  -1.6520973e-01   1.3663763e-01   1.7190583e-02
   1.1020000e+03   1.1462360e+01   3.1676320e+00  -1.6507117e-01   1.3653202e-01   1.7188430e-02
   1.1030000e+03   1.1455550e+01   3.1666450e+00  -1.6493261e-01   1.3642638e-01   1.7186226e-02
   1.1040000e+03   1.1448740e+01   3.1656580e+00  -1.6479403e-01   1.3632071e-01   1.7183978e-02
   1.1050000e+03   1.1441950e+01   3.1646730e+00  -1.6465533e-01   1.3621491e-01   1.7181671e-02
   1.1060000e+03   1.1435160e+01   3.1636890e+00  -1.6451657e-01   1.3610905e-01   1.7179307e-02
   1.1070000e+03   1.1428390e+01   3.1627050e+00  -1.6437774e-01   1.3600311e-01   1.7176895e-02
   1.1080000e+03   1.1421630e+01   3.1617220e+00  -1.6423888e-01   1.3589712e-01   1.7174427e-02
   1.1090000e+03   1.1414880e+01   3.1607400e+00  -1.6409990e-01   1.3579100e-01   1.7171905e-02
   1.1100000e+03   1.1408140e+01   3.1597590e+00  -1.6396086e-01   1.3568482e-01   1.7169328e-02
   1.1110000e+03   1.1401420e+01   3.1587780e+00  -1.6382183e-01   1.3557862e-01   1.7166703e-02
   1.1120000e+03   1.1394700e+01   3.1577990e+00  -1.6368265e-01   1.3547228e-01   1.7164019e-02
   1.1130000e+03   1.1388000e+01   3.1568200e+00  -1.6354346e-01   1.3536590e-01   1.7161288e-02
   1.1140000e+03   1.1381310e+01   3.1558420e+00  -1.6340419e-01   1.3525943e-01   1.7158504e-02
   1.1150000e+03   1.1374630e+01   3.1548650e+00  -1.6326487e-01   1.3515290e-01   1.7155665e-02
   1.1160000e+03   1.1367960e+01   3.1538880e+00  -1.6312551e-01   1.3504632e-01   1.7152777e-02
   1.1170000e+03   1.1361300e+01   3.1529130e+00  -1.6298608e-01   1.3493966e-01   1.7149836e-02
   1.1180000e+03   1.1354650e+01   3.1519380e+00  -1.6284660e-01   1.3483293e-01   1.7146843e-02
   1.1190000e+03   1.1348020e+01   3.1509640e+00  -1.6270705e-01   1.3472612e-01   1.7143797e-02
   1.1200000e+03   1.1341390e+01   3.1499910e+00  -1.6256746e-01   1.3461927e-01   1.7140701e-02
   1.1210000e+03   1.1334780e+01   3.1490190e+00  -1.6242777e-01   1.3451230e-01   1.7137550e-02
   1.1220000e+03   1.1328170e+01   3.1480470e+00  -1.6228811e-01   1.3440534e-01   1.7134353e-02
   1.1230000e+03   1.1321580e+01   3.1470760e+00  -1.6214833e-01   1.3429825e-01   1.7131102e-02
   1.1240000e+03   1.1315000e+01   3.1461060e+00  -1.6200856e-01   1.3419115e-01   1.7127805e-02
   1.1250000e+03   1.1308430e+01   3.1451370e+00  -1.6186865e-01   1.3408391e-01   1.7124446e-02
   1.1260000e+03   1.1301870e+01   3.1441690e+00  -1.6172874e-01   1.3397664e-01   1.7121041e-02
   1.1270000e+03   1.1295320e+01   3.1432010e+00  -1.6158880e-01   1.3386934e-01   1.7117592e-02
   1.1280000e+03   1.1288790e+01   3.1422350e+00  -1.6144869e-01   1.3376185e-01   1.7114082e-02
   1.1290000e+03   1.1282260e+01   3.1412690e+00  -1.6130865e-01   1.3365442e-01   1.7110528e-02
   1.1300000e+03   1.1275750e+01   3.1403030e+00  -1.6116856e-01   1.3354691e-01   1.7106926e-02
   1.1310000e+03   1.1269240e+01   3.1393390e+00  -1.6102841e-01   1.3343935e-01   1.7103269e-02
   1.1320000e+03   1.1262750e+01   3.1383760e+00  -1.6088813e-01   1.3333163e-01   1.7099557e-02
   1.1330000e+03   1.1256260e+01   3.1374130e+00  -1.6074792e-01   1.3322397e-01   1.7095805e-02
   1.1340000e+03   1.1249790e+01   3.1364510e+00  -1.6060762e-01   1.3311620e-01   1.7092000e-02
   1.1350000e+03   1.1243330e+01   3.1354900e+00  -1.6046726e-01   1.3300836e-01   1.7088146e-02
   1.1360000e+03   1.1236880e+01   3.1345290e+00  -1.6032689e-01   1.3290050e-01   1.7084243e-02
   1.1370000e+03   1.1230440e+01   3.1335690e+00  -1.6018651e-01   1.3279259e-01   1.7080295e-02
   1.1380000e+03   1.1224010e+01   3.1326110e+00  -1.6004597e-01   1.3268453e-01   1.7076289e-02
   1.1390000e+03   1.1217590e+01   3.1316520e+00  -1.5990553e-01   1.3257654e-01   1.7072242e-02
   1.1400000e+03   1.1211180e+01   3.1306950e+00  -1.5976492e-01   1.3246838e-01   1.7068137e-02
   1.1410000e+03   1.1204780e+01   3.1297390e+00  -1.5962430e-01   1.3236019e-01   1.7063987e-02
   1.1420000e+03   1.1198400e+01   3.1287830e+00  -1.5948365e-01   1.3225194e-01   1.7059790e-02
   1.1430000e+03   1.1192020e+01   3.1278280e+00  -1.5934299e-01   1.3214367e-01   1.7055543e-02
   1.1440000e+03   1.1185650e+01   3.1268740e+00  -1.5920230e-01   1.3203535e-01   1.7051253e-02
   1.1450000e+03   1.1179300e+01   3.1259200e+00  -1.5906155e-01   1.3192696e-01   1.7046911e-02
   1.1460000e+03   1.1172950e+01   3.1249680e+00  -1.5892074e-01   1.3181850e-01   1.7042520e-02
   1.1470000e+03   1.1166620e+01   3.1240160e+00  -1.5877987e-01   1.3170995e-01   1.7038079e-02
   1.1480000e+03   1.1160290e+01   3.1230650e+00  -1.5863902e-01   1.3160142e-01   1.7033594e-02
   1.1490000e+03   1.1153980e+01   3.1221140e+00  -1.5849814e-01   1.3149283e-01   1.7029063e-02
   1.1500000e+03   1.1147670e+01   3.1211650e+00  -1.5835719e-01   1.3138415e-01   1.7024481e-02
   1.1510000e+03   1.1141380e+01   3.1202160e+00  -1.5821625e-01   1.3127546e-01   1.7019855e-02
   1.1520000e+03   1.1135090e+01   3.1192680e+00  -1.5807525e-01   1.3116671e-01   1.7015178e-02
   1.1530000e+03   1.1128820e+01   3.1183210e+00  -1.5793419e-01   1.3105787e-01   1.7010456e-02
   1.1540000e+03   1.1122560e+01   3.1173740e+00  -1.5779311e-01   1.3094900e-01   1.7005685e-02
   1.1550000e+03   1.1116300e+01   3.1164280e+00  -1.5765206e-01   1.3084013e-01   1.7000874e-02
   1.1560000e+03   1.1110060e+01   3.1154840e+00  -1.5751086e-01   1.3073110e-01   1.6996007e-02
   1.1570000e+03   1.1103830e+01   3.1145390e+00  -1.5736973e-01   1.3062212e-01   1.6991102e-02
   1.1580000e+03   1.1097600e+01   3.1135960e+00  -1.5722851e-01   1.3051304e-01   1.6986142e-02
   1.1590000e+03   1.1091390e+01   3.1126530e+00  -1.5708732e-01   1.3040396e-01   1.6981144e-02
   1.1600000e+03   1.1085190e+01   3.1117110e+00  -1.5694603e-01   1.3029477e-01   1.6976097e-02
   1.1610000e+03   1.1078990e+01   3.1107700e+00  -1.5680478e-01   1.3018560e-01   1.6971004e-02
   1.1620000e+03   1.1072810e+01   3.1098300e+00  -1.5666344e-01   1.3007631e-01   1.6965865e-02
   1.1630000e+03   1.1066640e+01   3.1088900e+00  -1.5652211e-01   1.2996703e-01   1.6960680e-02
   1.1640000e+03   1.1060480e+01   3.1079510e+00  -1.5638075e-01   1.2985768e-01   1.6955451e-02
   1.1650000e+03   1.1054320e+01   3.1070130e+00  -1.5623935e-01   1.2974829e-01   1.6950174e-02
   1.1660000e+03   1.1048180e+01   3.1060750e+00  -1.5609799e-01   1.2963890e-01   1.6944860e-02
   1.1670000e+03   1.1042050e+01   3.1051390e+00  -1.5595647e-01   1.2952935e-01   1.6939489e-02
   1.1680000e+03   1.1035920e+01   3.1042030e+00  -1.5581504e-01   1.2941987e-01   1.6934080e-02
   1.1690000e+03   1.1029810e+01   3.1032670e+00  -1.5567360e-01   1.2931035e-01   1.6928629e-02
   1.1700000e+03   1.1023710e+01   3.1023330e+00  -1.5553205e-01   1.2920071e-01   1.6923128e-02
   1.1710000e+03   1.1017610e+01   3.1013990e+00  -1.5539056e-01   1.2909110e-01   1.6917586e-02
   1.1720000e+03   1.1011530e+01   3.1004660e+00  -1.5524897e-01   1.2898138e-01   1.6911999e-02
   1.1730000e+03   1.1005450e+01   3.0995340e+00  -1.5510737e-01   1.2887164e-01   1.6906361e-02
   1.1740000e+03   1.0999390e+01   3.0986030e+00  -1.5496575e-01   1.2876184e-01   1.6900686e-02
   1.1750000e+03   1.0993330e+01   3.0976720e+00  -1.5482417e-01   1.2865206e-01   1.6894969e-02
   1.1760000e+03   1.0987290e+01   3.0967420e+00  -1.5468247e-01   1.2854215e-01   1.6889199e-02
   1.1770000e+03   1.0981250e+01   3.0958130e+00  -1.5454082e-01   1.2843227e-01   1.6883391e-02
   1.1780000e+03   1.0975230e+01   3.0948840e+00  -1.5439912e-01   1.2832232e-01   1.6877540e-02
   1.1790000e+03   1.0969210e+01   3.0939560e+00  -1.5425749e-01   1.2821240e-01   1.6871652e-02
   1.1800000e+03   1.0963200e+01   3.0930290e+00  -1.5411575e-01   1.2810237e-01   1.6865713e-02
   1.1810000e+03   1.0957210e+01   3.0921030e+00  -1.5397400e-01   1.2799230e-01   1.6859732e-02
   1.1820000e+03   1.0951220e+01   3.0911770e+00  -1.5383223e-01   1.2788220e-01   1.6853707e-02
   1.1830000e+03   1.0945240e+01   3.0902520e+00  -1.5369048e-01   1.2777208e-01   1.6847643e-02
   1.1840000e+03   1.0939270e+01   3.0893280e+00  -1.5354870e-01   1.2766192e-01   1.6841532e-02
   1.1850000e+03   1.0933310e+01   3.0884040e+00  -1.5340692e-01   1.2755174e-01   1.6835383e-02
   1.1860000e+03   1.0927360e+01   3.0874820e+00  -1.5326509e-01   1.2744149e-01   1.6829188e-02
   1.1870000e+03   1.0921420e+01   3.0865600e+00  -1.5312324e-01   1.2733120e-01   1.6822953e-02
   1.1880000e+03   1.0915490e+01   3.0856380e+00  -1.5298144e-01   1.2722093e-01   1.6816680e-02
   1.1890000e+03   1.0909570e+01   3.0847180e+00  -1.5283955e-01   1.2711056e-01   1.6810356e-02
   1.1900000e+03   1.0903660e+01   3.0837980e+00  -1.5269769e-01   1.2700018e-01   1.6803997e-02
   1.1910000e+03   1.0897750e+01   3.0828790e+00  -1.5255581e-01   1.2688978e-01   1.6797593e-02
   1.1920000e+03   1.0891860e+01   3.0819600e+00  -1.5241393e-01   1.2677934e-01   1.6791150e-02
   1.1930000e+03   1.0885980e+01   3.0810420e+00  -1.5227200e-01   1.2666884e-01   1.6784667e-02
   1.1940000e+03   1.0880100e+01   3.0801250e+00  -1.5213012e-01   1.2655837e-01   1.6778140e-02
   1.1950000e+03   1.0874230e+01   3.0792090e+00  -1.5198815e-01   1.2644778e-01   1.6771568e-02
   1.1960000e+03   1.0868380e+01   3.0782930e+00  -1.5184622e-01   1.2633721e-01   1.6764960e-02
   1.1970000e+03   1.0862530e+01   3.0773790e+00  -1.5170423e-01   1.2622657e-01   1.6758308e-02
   1.1980000e+03   1.0856690e+01   3.0764640e+00  -1.5156231e-01   1.2611596e-01   1.6751620e-02
   1.1990000e+03   1.0850860e+01   3.0755510e+00  -1.5142034e-01   1.2600529e-01   1.6744889e-02
   1.2000000e+03   1.0845040e+01   3.0746380e+00  -1.5127836e-01   1.2589458e-01   1.6738120e-02
   1.2010000e+03   1.0839230e+01   3.0737260e+00  -1.5113639e-01   1.2578385e-01   1.6731307e-02
   1.2020000e+03   1.0833430e+01   3.0728150e+00  -1.5099433e-01   1.2567302e-01   1.6724451e-02
   1.2030000e+03   1.0827640e+01   3.0719040e+00  -1.5085235e-01   1.2556224e-01   1.6717562e-02
   1.2040000e+03   1.0821860e+01   3.0709940e+00  -1.5071032e-01   1.2545139e-01   1.6710627e-02
   1.2050000e+03   1.0816080e+01   3.0700840e+00  -1.5056840e-01   1.2534062e-01   1.6703666e-02
   1.2060000e+03   1.0810320e+01   3.0691760e+00  -1.5042631e-01   1.2522966e-01   1.6696652e-02
   1.2070000e+03   1.0804560e+01   3.0682680e+00  -1.5028432e-01   1.2511879e-01   1.6689602e-02
   1.2080000e+03   1.0798810e+01   3.0673610e+00  -1.5014224e-01   1.2500781e-01   1.6682507e-02
   1.2090000e+03   1.0793070e+01   3.0664540e+00  -1.5000025e-01   1.2489687e-01   1.6675383e-02
   1.2100000e+03   1.0787340e+01   3.0655480e+00  -1.4985822e-01   1.2478588e-01   1.6668216e-02
   1.2110000e+03   1.0781620e+01   3.0646430e+00  -1.4971620e-01   1.2467488e-01   1.6661013e-02
   1.2120000e+03   1.0775910e+01   3.0637390e+00  -1.4957411e-01   1.2456378e-01   1.6653766e-02
   1.2130000e+03   1.0770210e+01   3.0628350e+00  -1.4943208e-01   1.2445272e-01   1.6646484e-02
   1.2140000e+03   1.0764510e+01   3.0619320e+00  -1.4929000e-01   1.2434160e-01   1.6639155e-02
   1.2150000e+03   1.0758830e+01   3.0610290e+00  -1.4914797e-01   1.2423048e-01   1.6631799e-02
   1.2160000e+03   1.0753150e+01   3.0601270e+00  -1.4900593e-01   1.2411935e-01   1.6624403e-02
   1.2170000e+03   1.0747490e+01   3.0592260e+00  -1.4886383e-01   1.2400812e-01   1.6616963e-02
   1.2180000e+03   1.0741830e+01   3.0583260e+00  -1.4872180e-01   1.2389693e-01   1.6609491e-02
   1.2190000e+03   1.0736180e+01   3.0574260e+00  -1.4857972e-01   1.2378569e-01   1.6601976e-02
   1.2200000e+03   1.0730540e+01   3.0565270e+00  -1.4843767e-01   1.2367443e-01   1.6594429e-02
   1.2210000e+03   1.0724900e+01   3.0556290e+00  -1.4829562e-01   1.2356317e-01   1.6586839e-02
   1.2220000e+03   1.0719280e+01   3.0547310e+00  -1.4815357e-01   1.2345187e-01   1.6579215e-02
   1.2230000e+03   1.0713670e+01   3.0538340e+00  -1.4801151e-01   1.2334053e-01   1.6571559e-02
   1.2240000e+03   1.0708060e+01   3.0529380e+00  -1.4786943e-01   1.2322918e-01   1.6563852e-02
   1.2250000e+03   1.0702460e+01   3.0520420e+00  -1.4772742e-01   1.2311784e-01   1.6556119e-02
   1.2260000e+03   1.0696870e+01   3.0511470e+00  -1.4758533e-01   1.2300642e-01   1.6548341e-02
   1.2270000e+03   1.0691290e+01   3.0502520e+00  -1.4744332e-01   1.2289503e-01   1.6540536e-02
   1.2280000e+03   1.0685720e+01   3.0493590e+00  -1.4730125e-01   1.2278358e-01   1.6532685e-02
   1.2290000e+03   1.0680160e+01   3.0484660e+00  -1.4715918e-01   1.2267209e-01   1.6524803e-02
   1.2300000e+03   1.0674600e+01   3.0475730e+00  -1.4701717e-01   1.2256064e-01   1.6516886e-02
   1.2310000e+03   1.0669060e+01   3.0466820e+00  -1.4687509e-01   1.2244909e-01   1.6508928e-02
   1.2320000e+03   1.0663520e+01   3.0457900e+00  -1.4673313e-01   1.2233764e-01   1.6500940e-02
   1.2330000e+03   1.0657990e+01   3.0449000e+00  -1.4659106e-01   1.2222606e-01   1.6492909e-02
   1.2340000e+03   1.0652470e+01   3.0440100e+00  -1.4644905e-01   1.2211450e-01   1.6484847e-02
   1.2350000e+03   1.0646960e+01   3.0431210e+00  -1.4630704e-01   1.2200293e-01   1.6476752e-02
   1.2360000e+03   1.0641450e+01   3.0422330e+00  -1.4616499e-01   1.2189130e-01   1.6468609e-02
   1.2370000e+03   1.0635960e+01   3.0413450e+00  -1.4602299e-01   1.2177968e-01   1.6460441e-02
   1.2380000e+03   1.0630470e+01   3.0404580e+00  -1.4588098e-01   1.2166804e-01   1.6452235e-02
   1.2390000e+03   1.0624990e+01   3.0395710e+00  -1.4573906e-01   1.2155644e-01   1.6443999e-02
   1.2400000e+03   1.0619520e+01   3.0386850e+00  -1.4559708e-01   1.2144477e-01   1.6435725e-02
   1.2410000e+03   1.0614060e+01   3.0378000e+00  -1.4545508e-01   1.2133305e-01   1.6427413e-02
   1.2420000e+03   1.0608610e+01   3.0369150e+00  -1.4531310e-01   1.2122133e-01   1.6419067e-02
   1.2430000e+03   1.0603160e+01   3.0360310e+00  -1.4517115e-01   1.2110962e-01   1.6410686e-02
   1.2440000e+03   1.0597730e+01   3.0351480e+00  -1.4502920e-01   1.2099786e-01   1.6402274e-02
   1.2450000e+03   1.0592300e+01   3.0342650e+00  -1.4488726e-01   1.2088612e-01   1.6393826e-02
   1.2460000e+03   1.0586880e+01   3.0333830e+00  -1.4474536e-01   1.2077436e-01   1.6385346e-02
   1.2470000e+03   1.0581470e+01   3.0325020e+00  -1.4460336e-01   1.2066250e-01   1.6376819e-02
   1.2480000e+03   1.0576060e+01   3.0316210e+00  -1.4446147e-01   1.2055072e-01   1.6368269e-02
   1.2490000e+03   1.0570670e+01   3.0307410e+00  -1.4431957e-01   1.2043890e-01   1.6359689e-02
   1.2500000e+03   1.0565280e+01   3.0298620e+00  -1.4417765e-01   1.2032703e-01   1.6351067e-02
   1.2510000e+03   1.0559900e+01   3.0289830e+00  -1.4403579e-01   1.2021520e-01   1.6342415e-02
   1.2520000e+03   1.0554530e+01   3.0281040e+00  -1.4389392e-01   1.2010333e-01   1.6333730e-02
   1.2530000e+03   1.0549170e+01   3.0272270e+00  -1.4375201e-01   1.1999140e-01   1.6325005e-02
   1.2540000e+03   1.0543810e+01   3.0263500e+00  -1.4361021e-01   1.1987955e-01   1.6316256e-02
   1.2550000e+03   1.0538470e+01   3.0254730e+00  -1.4346837e-01   1.1976763e-01   1.6307474e-02
   1.2560000e+03   1.0533130e+01   3.0245980e+00  -1.4332652e-01   1.1965568e-01   1.6298652e-02
   1.2570000e+03   1.0527800e+01   3.0237230e+00  -1.4318470e-01   1.1954373e-01   1.6289801e-02
   1.2580000e+03   1.0522480e+01   3.0228480e+00  -1.4304293e-01   1.1943180e-01   1.6280917e-02
   1.2590000e+03   1.0517160e+01   3.0219740e+00  -1.4290115e-01   1.1931985e-01   1.6272000e-02
   1.2600000e+03   1.0511860e+01   3.0211010e+00  -1.4275936e-01   1.1920785e-01   1.6263053e-02
   1.2610000e+03   1.0506560e+01   3.0202280e+00  -1.4261759e-01   1.1909585e-01   1.6254069e-02
   1.2620000e+03   1.0501270e+01   3.0193560e+00  -1.4247584e-01   1.1898384e-01   1.6245051e-02
   1.2630000e+03   1.0495990e+01   3.0184850e+00  -1.4233408e-01   1.1887180e-01   1.6236002e-02
   1.2640000e+03   1.0490710e+01   3.0176140e+00  -1.4219241e-01   1.1875982e-01   1.6226930e-02
   1.2650000e+03   1.0485450e+01   3.0167440e+00  -1.4205065e-01   1.1864772e-01   1.6217812e-02
   1.2660000e+03   1.0480190e+01   3.0158740e+00  -1.4190900e-01   1.1853571e-01   1.6208675e-02
   1.2670000e+03   1.0474940e+01   3.0150050e+00  -1.4176732e-01   1.1842364e-01   1.6199501e-02
   1.2680000e+03   1.0469700e+01   3.0141370e+00  -1.4162567e-01   1.1831156e-01   1.6190299e-02
   1.2690000e+03   1.0464460e+01   3.0132690e+00  -1.4148402e-01   1.1819948e-01   1.6181056e-02
   1.2700000e+03   1.0459230e+01   3.0124020e+00  -1.4134241e-01   1.1808740e-01   1.6171788e-02
   1.2710000e+03   1.0454020e+01   3.0115350e+00  -1.4120081e-01   1.1797530e-01   1.6162493e-02
   1.2720000e+03   1.0448810e+01   3.0106690e+00  -1.4105921e-01   1.1786318e-01   1.6153159e-02
   1.2730000e+03   1.0443600e+01   3.0098040e+00  -1.4091766e-01   1.1775108e-01   1.6143800e-02
   1.2740000e+03   1.0438410e+01   3.0089390e+00  -1.4077611e-01   1.1763895e-01   1.6134409e-02
   1.2750000e+03   1.0433220e+01   3.0080750e+00  -1.4063457e-01   1.1752681e-01   1.6124987e-02
   1.2760000e+03   1.0428040e+01   3.0072110e+00  -1.4049307e-01   1.1741468e-01   1.6115533e-02
   1.2770000e+03   1.0422870e+01   3.0063480e+00  -1.4035154e-01   1.1730250e-01   1.6106048e-02
   1.2780000e+03   1.0417700e+01   3.0054860e+00  -1.4021005e-01   1.1719033e-01   1.6096534e-02
   1.2790000e+03   1.0412550e+01   3.0046240e+00  -1.4006859e-01   1.1707816e-01   1.6086989e-02
   1.2800000e+03   1.0407400e+01   3.0037630e+00  -1.3992713e-01   1.1696596e-01   1.6077413e-02
   1.2810000e+03   1.0402260e+01   3.0029020e+00  -1.3978570e-01   1.1685377e-01   1.6067807e-02
   1.2820000e+03   1.0397130e+01   3.0020420e+00  -1.3964430e-01   1.1674157e-01   1.6058175e-02
   1.2830000e+03   1.0392000e+01   3.0011830e+00  -1.3950290e-01   1.1662937e-01   1.6048509e-02
   1.2840000e+03   1.0386880e+01   3.0003240e+00  -1.3936154e-01   1.1651716e-01   1.6038816e-02
   1.2850000e+03   1.0381770e+01   2.9994660e+00  -1.3922020e-01   1.1640495e-01   1.6029093e-02
   1.2860000e+03   1.0376670e+01   2.9986080e+00  -1.3907885e-01   1.1629270e-01   1.6019338e-02
   1.2870000e+03   1.0371580e+01   2.9977510e+00  -1.3893752e-01   1.1618044e-01   1.6009558e-02
   1.2880000e+03   1.0366490e+01   2.9968940e+00  -1.3879627e-01   1.1606825e-01   1.5999746e-02
   1.2890000e+03   1.0361410e+01   2.9960380e+00  -1.3865503e-01   1.1595602e-01   1.5989908e-02
   1.2900000e+03   1.0356340e+01   2.9951830e+00  -1.3851377e-01   1.1584376e-01   1.5980038e-02
   1.2910000e+03   1.0351270e+01   2.9943280e+00  -1.3837258e-01   1.1573154e-01   1.5970142e-02
   1.2920000e+03   1.0346210e+01   2.9934740e+00  -1.3823137e-01   1.1561927e-01   1.5960215e-02
   1.2930000e+03   1.0341170e+01   2.9926200e+00  -1.3809016e-01   1.1550698e-01   1.5950254e-02
   1.2940000e+03   1.0336120e+01   2.9917670e+00  -1.3794903e-01   1.1539473e-01   1.5940272e-02
   1.2950000e+03   1.0331090e+01   2.9909140e+00  -1.3780790e-01   1.1528247e-01   1.5930262e-02
   1.2960000e+03   1.0326060e+01   2.9900620e+00  -1.3766684e-01   1.1517023e-01   1.5920228e-02
   1.2970000e+03   1.0321040e+01   2.9892110e+00  -1.3752570e-01   1.1505791e-01   1.5910152e-02
   1.2980000e+03   1.0316030e+01   2.9883600e+00  -1.3738465e-01   1.1494563e-01   1.5900058e-02
   1.2990000e+03   1.0311030e+01   2.9875100e+00  -1.3724358e-01   1.1483331e-01   1.5889929e-02
   1.3000000e+03   1.0306030e+01   2.9866600e+00  -1.3710262e-01   1.1472107e-01   1.5879783e-02
   1.3010000e+03   1.0301040e+01   2.9858110e+00  -1.3696159e-01   1.1460874e-01   1.5869597e-02
   1.3020000e+03   1.0296060e+01   2.9849620e+00  -1.3682069e-01   1.1449650e-01   1.5859399e-02
   1.3030000e+03   1.0291080e+01   2.9841140e+00  -1.3667976e-01   1.1438421e-01   1.5849163e-02
   1.3040000e+03   1.0286110e+01   2.9832670e+00  -1.3653879e-01   1.1427187e-01   1.5838895e-02
   1.3050000e+03   1.0281150e+01   2.9824200e+00  -1.3639790e-01   1.1415957e-01   1.5828605e-02
   1.3060000e+03   1.0276200e+01   2.9815730e+00  -1.3625705e-01   1.1404728e-01   1.5818292e-02
   1.3070000e+03   1.0271250e+01   2.9807280e+00  -1.3611621e-01   1.1393497e-01   1.5807946e-02
   1.3080000e+03   1.0266320e+01   2.9798820e+00  -1.3597543e-01   1.1382269e-01   1.5797578e-02
   1.3090000e+03   1.0261390e+01   2.9790380e+00  -1.3583459e-01   1.1371033e-01   1.5787182e-02
   1.3100000e+03   1.0256460e+01   2.9781930e+00  -1.3569388e-01   1.1359808e-01   1.5776760e-02
   1.3110000e+03   1.0251540e+01   2.9773500e+00  -1.3555314e-01   1.1348577e-01   1.5766304e-02
   1.3120000e+03   1.0246640e+01   2.9765070e+00  -1.3541240e-01   1.1337341e-01   1.5755829e-02
   1.3130000e+03   1.0241730e+01   2.9756640e+00  -1.3527176e-01   1.1326115e-01   1.5745328e-02
   1.3140000e+03   1.0236840e+01   2.9748220e+00  -1.3513106e-01   1.1314879e-01   1.5734796e-02
   1.3150000e+03   1.0231950e+01   2.9739810e+00  -1.3499043e-01   1.1303649e-01   1.5724236e-02
   1.3160000e+03   1.0227070e+01   2.9731400e+00  -1.3484983e-01   1.1292417e-01   1.5713655e-02
   1.3170000e+03   1.0222200e+01   2.9722990e+00  -1.3470932e-01   1.1281191e-01   1.5703056e-02
   1.3180000e+03   1.0217330e+01   2.9714600e+00  -1.3456875e-01   1.1269958e-01   1.5692419e-02
   1.3190000e+03   1.0212470e+01   2.9706200e+00  -1.3442827e-01   1.1258731e-01   1.5681763e-02
   1.3200000e+03   1.0207620e+01   2.9697820e+00  -1.3428772e-01   1.1247494e-01   1.5671071e-02
   1.3210000e+03   1.0202780e+01   2.9689430e+00  -1.3414730e-01   1.1236266e-01   1.5660366e-02
   1.3220000e+03   1.0197940e+01   2.9681060e+00  -1.3400685e-01   1.1225034e-01   1.5649628e-02
   1.3230000e+03   1.0193110e+01   2.9672680e+00  -1.3386648e-01   1.1213806e-01   1.5638868e-02
   1.3240000e+03   1.0188290e+01   2.9664320e+00  -1.3372608e-01   1.1202573e-01   1.5628081e-02
   1.3250000e+03   1.0183470e+01   2.9655960e+00  -1.3358575e-01   1.1191345e-01   1.5617271e-02
   1.3260000e+03   1.0178660e+01   2.9647600e+00  -1.3344544e-01   1.1180115e-01   1.5606436e-02
   1.3270000e+03   1.0173860e+01   2.9639250e+00  -1.3330517e-01   1.1168887e-01   1.5595574e-02
   1.3280000e+03   1.0169060e+01   2.9630910e+00  -1.3316490e-01   1.1157656e-01   1.5584690e-02
   1.3290000e+03   1.0164280e+01   2.9622570e+00  -1.3302465e-01   1.1146424e-01   1.5573778e-02
   1.3300000e+03   1.0159500e+01   2.9614230e+00  -1.3288450e-01   1.1135199e-01   1.5562847e-02
   1.3310000e+03   1.0154720e+01   2.9605900e+00  -1.3274436e-01   1.1123973e-01   1.5551889e-02
   1.3320000e+03   1.0149950e+01   2.9597580e+00  -1.3260420e-01   1.1112743e-01   1.5540899e-02
   1.3330000e+03   1.0145190e+01   2.9589260e+00  -1.3246413e-01   1.1101518e-01   1.5529896e-02
   1.3340000e+03   1.0140440e+01   2.9580940e+00  -1.3232408e-01   1.1090292e-01   1.5518867e-02
   1.3350000e+03   1.0135700e+01   2.9572640e+00  -1.3218396e-01   1.1079057e-01   1.5507807e-02
   1.3360000e+03   1.0130960e+01   2.9564330e+00  -1.3204402e-01   1.1067837e-01   1.5496732e-02
   1.3370000e+03   1.0126220e+01   2.9556030e+00  -1.3190407e-01   1.1056614e-01   1.5485628e-02
   1.3380000e+03   1.0121500e+01   2.9547740e+00  -1.3176412e-01   1.1045387e-01   1.5474505e-02
   1.3390000e+03   1.0116780e+01   2.9539450e+00  -1.3162420e-01   1.1034161e-01   1.5463348e-02
   1.3400000e+03   1.0112070e+01   2.9531170e+00  -1.3148434e-01   1.1022938e-01   1.5452181e-02
   1.3410000e+03   1.0107360e+01   2.9522890e+00  -1.3134450e-01   1.1011714e-01   1.5440982e-02
   1.3420000e+03   1.0102670e+01   2.9514620e+00  -1.3120467e-01   1.1000489e-01   1.5429761e-02
   1.3430000e+03   1.0097980e+01   2.9506350e+00  -1.3106489e-01   1.0989266e-01   1.5418514e-02
   1.3440000e+03   1.0093290e+01   2.9498090e+00  -1.3092516e-01   1.0978046e-01   1.5407252e-02
   1.3450000e+03   1.0088610e+01   2.9489830e+00  -1.3078543e-01   1.0966823e-01   1.5395957e-02
   1.3460000e+03   1.0083940e+01   2.9481580e+00  -1.3064578e-01   1.0955604e-01   1.5384647e-02
   1.3470000e+03   1.0079280e+01   2.9473330e+00  -1.3050611e-01   1.0944381e-01   1.5373312e-02
   1.3480000e+03   1.0074620e+01   2.9465090e+00  -1.3036650e-01   1.0933161e-01   1.5361954e-02
   1.3490000e+03   1.0069970e+01   2.9456850e+00  -1.3022696e-01   1.0921946e-01   1.5350577e-02
   1.3500000e+03   1.0065330e+01   2.9448610e+00  -1.3008747e-01   1.0910732e-01   1.5339179e-02
   1.3510000e+03   1.0060690e+01   2.9440390e+00  -1.2994792e-01   1.0899511e-01   1.5327753e-02
   1.3520000e+03   1.0056060e+01   2.9432160e+00  -1.2980847e-01   1.0888296e-01   1.5316304e-02
   1.3530000e+03   1.0051440e+01   2.9423950e+00  -1.2966899e-01   1.0877076e-01   1.5304831e-02
   1.3540000e+03   1.0046820e+01   2.9415730e+00  -1.2952962e-01   1.0865864e-01   1.5293344e-02
   1.3550000e+03   1.0042210e+01   2.9407520e+00  -1.2939029e-01   1.0854653e-01   1.5281832e-02
   1.3560000e+03   1.0037610e+01   2.9399320e+00  -1.2925093e-01   1.0843437e-01   1.5270298e-02
   1.3570000e+03   1.0033010e+01   2.9391120e+00  -1.2911169e-01   1.0832229e-01   1.5258745e-02
   1.3580000e+03   1.0028420e+01   2.9382930e+00  -1.2897238e-01   1.0821012e-01   1.5247162e-02
   1.3590000e+03   1.0023840e+01   2.9374740e+00  -1.2883319e-01   1.0809804e-01   1.5235566e-02
   1.3600000e+03   1.0019270e+01   2.9366560e+00  -1.2869393e-01   1.0798587e-01   1.5223937e-02
   1.3610000e+03   1.0014700e+01   2.9358380e+00  -1.2855480e-01   1.0787379e-01   1.5212298e-02
   1.3620000e+03   1.0010130e+01   2.9350210e+00  -1.2841571e-01   1.0776174e-01   1.5200637e-02
   1.3630000e+03   1.0005580e+01   2.9342040e+00  -1.2827663e-01   1.0764966e-01   1.5188953e-02
   1.3640000e+03   1.0001030e+01   2.9333870e+00  -1.2813762e-01   1.0753763e-01   1.5177250e-02
