   3.3000000e+01   2.4478970e+02   4.8814570e+00  -4.1126146e-03   0.0000000e+00  -1.1593775e-08
   3.4000000e+01   2.3952760e+02   4.8440960e+00  -4.5576367e-03   0.0000000e+00  -1.1896427e-08
   3.5000000e+01   2.3448900e+02   4.8088000e+00  -5.0059676e-03   0.0000000e+00  -1.2197303e-08
   3.6000000e+01   2.2965780e+02   4.7754400e+00  -5.4572958e-03   0.0000000e+00  -1.2496362e-08
   3.7000000e+01   2.2501990e+02   4.7438970e+00  -5.9113372e-03   0.0000000e+00  -1.2793568e-08
   3.8000000e+01   2.2056270e+02   4.7140540e+00  -6.3678325e-03   0.0000000e+00  -1.3088924e-08
   3.9000000e+01   2.1627500e+02   4.6858040e+00  -6.8265297e-03   0.0000000e+00  -1.3382420e-08
   4.0000000e+01   2.1214640e+02   4.6590440e+00  -7.2871766e-03   0.0000000e+00  -1.3674070e-08
   4.1000000e+01   2.0816780e+02   4.6336790e+00  -7.7495385e-03   0.0000000e+00  -1.3963888e-08
   4.2000000e+01   2.0433070e+02   4.6096180e+00  -8.2133819e-03   0.0000000e+00  -1.4251892e-08
   4.3000000e+01   2.0062750e+02   4.5867790e+00  -8.6784755e-03   0.0000000e+00  -1.4538093e-08
   4.4000000e+01   1.9705100e+02   4.5650840e+00  -9.1445788e-03   0.0000000e+00  -1.4822514e-08
   4.5000000e+01   1.9359490e+02   4.5444600e+00  -9.6114804e-03   0.0000000e+00  -1.5105164e-08
   4.6000000e+01   1.9025300e+02   4.5248390e+00  -1.0078951e-02   0.0000000e+00  -1.5386068e-08
   4.7000000e+01   1.8701970e+02   4.5061590e+00  -1.0546765e-02   0.0000000e+00  -1.5665231e-08
   4.8000000e+01   1.8388990e+02   4.4883610e+00  -1.1014711e-02   0.0000000e+00  -1.5942661e-08
   4.9000000e+01   1.8085880e+02   4.4713910e+00  -1.1482579e-02   0.0000000e+00  -1.6218360e-08
   5.0000000e+01   1.7792170e+02   4.4551990e+00  -1.1950153e-02   0.0000000e+00  -1.6492333e-08
   5.1000000e+01   1.7507450e+02   4.4397380e+00  -1.2417234e-02   0.0000000e+00  -1.6764585e-08
   5.2000000e+01   1.7231310e+02   4.4249640e+00  -1.2883632e-02   0.0000000e+00  -1.7035097e-08
   5.3000000e+01   1.6963390e+02   4.4108380e+00  -1.3349144e-02   0.0000000e+00  -1.7303861e-08
   5.4000000e+01   1.6703320e+02   4.3973210e+00  -1.3813581e-02   0.0000000e+00  -1.7570875e-08
   5.5000000e+01   1.6450780e+02   4.3843780e+00  -1.4276783e-02   0.0000000e+00  -1.7836128e-08
   5.6000000e+01   1.6205450e+02   4.3719780e+00  -1.4738558e-02   0.0000000e+00  -1.8099591e-08
   5.7000000e+01   1.5967030e+02   4.3600890e+00  -1.5198743e-02   0.0000000e+00  -1.8361260e-08
   5.8000000e+01   1.5735250e+02   4.3486840e+00  -1.5657190e-02   0.0000000e+00  -1.8621097e-08
   5.9000000e+01   1.5509840e+02   4.3377360e+00  -1.6113740e-02   0.0000000e+00  -1.8879086e-08
   6.0000000e+01   1.5290550e+02   4.3272210e+00  -1.6568243e-02   0.0000000e+00  -1.9135213e-08
   6.1000000e+01   1.5077130e+02   4.3171160e+00  -1.7020570e-02   0.0000000e+00  -1.9389436e-08
   6.2000000e+01   1.4869360e+02   4.3074000e+00  -1.7470581e-02   0.0000000e+00  -1.9641739e-08
   6.3000000e+01   1.4667030e+02   4.2980520e+00  -1.7918161e-02   0.0000000e+00  -1.9892102e-08
   6.4000000e+01   1.4469920e+02   4.2890540e+00  -1.8363179e-02   0.0000000e+00  -2.0140481e-08
   6.5000000e+01   1.4277850e+02   4.2803890e+00  -1.8805544e-02   0.0000000e+00  -2.0386861e-08
   6.6000000e+01   1.4090640e+02   4.2720390e+00  -1.9245140e-02   0.0000000e+00  -2.0631207e-08
   6.7000000e+01   1.3908090e+02   4.2639910e+00  -1.9681861e-02   0.0000000e+00  -2.0873490e-08
   6.8000000e+01   1.3730050e+02   4.2562280e+00  -2.0115640e-02   0.0000000e+00  -2.1113684e-08
   6.9000000e+01   1.3556350e+02   4.2487380e+00  -2.0546371e-02   0.0000000e+00  -2.1351778e-08
   7.0000000e+01   1.3386840e+02   4.2415090e+00  -2.0973989e-02   0.0000000e+00  -2.1587703e-08
   7.1000000e+01   1.3221370e+02   4.2345280e+00  -2.1398413e-02   0.0000000e+00  -2.1821478e-08
   7.2000000e+01   1.3059810e+02   4.2277830e+00  -2.1819582e-02   0.0000000e+00  -2.2053048e-08
   7.3000000e+01   1.2902010e+02   4.2212650e+00  -2.2237426e-02   0.0000000e+00  -2.2282394e-08
   7.4000000e+01   1.2747860e+02   4.2149630e+00  -2.2651898e-02   0.0000000e+00  -2.2509494e-08
   7.5000000e+01   1.2597230e+02   4.2088680e+00  -2.3062960e-02   0.0000000e+00  -2.2734340e-08
   7.6000000e+01   1.2450010e+02   4.2029720e+00  -2.3470544e-02   0.0000000e+00  -2.2956865e-08
   7.7000000e+01   1.2306070e+02   4.1972640e+00  -2.3874617e-02   0.0000000e+00  -2.3177098e-08
   7.8000000e+01   1.2165320e+02   4.1917390e+00  -2.4275148e-02   0.0000000e+00  -2.3394970e-08
   7.9000000e+01   1.2027650e+02   4.1863880e+00  -2.4672106e-02   0.0000000e+00  -2.3610498e-08
   8.0000000e+01   1.1892970e+02   4.1812040e+00  -2.5065458e-02   0.0000000e+00  -2.3823658e-08
   8.1000000e+01   1.1761170e+02   4.1761810e+00  -2.5455180e-02   0.0000000e+00  -2.4034418e-08
   8.2000000e+01   1.1632180e+02   4.1713110e+00  -2.5841272e-02   0.0000000e+00  -2.4242770e-08
   8.3000000e+01   1.1505890e+02   4.1665900e+00  -2.6223692e-02   0.0000000e+00  -2.4448690e-08
   8.4000000e+01   1.1382240e+02   4.1620110e+00  -2.6602456e-02   0.0000000e+00  -2.4652185e-08
   8.5000000e+01   1.1261130e+02   4.1575680e+00  -2.6977532e-02   0.0000000e+00  -2.4853232e-08
   8.6000000e+01   1.1142500e+02   4.1532570e+00  -2.7348940e-02   0.0000000e+00  -2.5051811e-08
   8.7000000e+01   1.1026260e+02   4.1490730e+00  -2.7716653e-02   0.0000000e+00  -2.5247919e-08
   8.8000000e+01   1.0912360e+02   4.1450110e+00  -2.8080702e-02   0.0000000e+00  -2.5441556e-08
   8.9000000e+01   1.0800710e+02   4.1410670e+00  -2.8441060e-02   0.0000000e+00  -2.5632690e-08
   9.0000000e+01   1.0691250e+02   4.1372350e+00  -2.8797754e-02   0.0000000e+00  -2.5821337e-08
   9.1000000e+01   1.0583930e+02   4.1335130e+00  -2.9150799e-02   0.0000000e+00  -2.6007479e-08
   9.2000000e+01   1.0478680e+02   4.1298960e+00  -2.9500197e-02   0.0000000e+00  -2.6191131e-08
   9.3000000e+01   1.0375440e+02   4.1263810e+00  -2.9845961e-02   0.0000000e+00  -2.6372267e-08
   9.4000000e+01   1.0274160e+02   4.1229630e+00  -3.0188127e-02   0.0000000e+00  -2.6550892e-08
   9.5000000e+01   1.0174770e+02   4.1196410e+00  -3.0526672e-02   0.0000000e+00  -2.6727011e-08
   9.6000000e+01   1.0077240e+02   4.1164100e+00  -3.0861668e-02   0.0000000e+00  -2.6900624e-08
   9.7000000e+01   9.9811760e+01   4.1134020e+00  -3.1187759e-02   0.0000000e+00  -2.7076053e-08
   9.8000000e+01   9.8872010e+01   4.1103410e+00  -3.1515787e-02   0.0000000e+00  -2.7244605e-08
   9.9000000e+01   9.7949300e+01   4.1073630e+00  -3.1840308e-02   0.0000000e+00  -2.7410658e-08
   1.0000000e+02   9.7043160e+01   4.1044640e+00  -3.2161355e-02   0.0000000e+00  -2.7574209e-08
   1.0100000e+02   9.6153170e+01   4.1016430e+00  -3.2478954e-02   0.0000000e+00  -2.7735274e-08
   1.0200000e+02   9.5278890e+01   4.0988960e+00  -3.2793133e-02   0.0000000e+00  -2.7893862e-08
   1.0300000e+02   9.4419920e+01   4.0962220e+00  -3.3103920e-02   0.0000000e+00  -2.8049957e-08
   1.0400000e+02   9.3575880e+01   4.0936180e+00  -3.3411350e-02   0.0000000e+00  -2.8203592e-08
   1.0500000e+02   9.2746370e+01   4.0910810e+00  -3.3715451e-02   0.0000000e+00  -2.8354775e-08
   1.0600000e+02   9.1931040e+01   4.0886100e+00  -3.4016265e-02   0.0000000e+00  -2.8503495e-08
   1.0700000e+02   9.1129530e+01   4.0862020e+00  -3.4313816e-02   0.0000000e+00  -2.8649781e-08
   1.0800000e+02   9.0341500e+01   4.0838560e+00  -3.4608145e-02   0.0000000e+00  -2.8793641e-08
   1.0900000e+02   8.9566600e+01   4.0815700e+00  -3.4899281e-02   0.0000000e+00  -2.8935068e-08
   1.1000000e+02   8.8804540e+01   4.0793410e+00  -3.5187266e-02   0.0000000e+00  -2.9074110e-08
   1.1100000e+02   8.8054980e+01   4.0771690e+00  -3.5472128e-02   0.0000000e+00  -2.9210735e-08
   1.1200000e+02   8.7317640e+01   4.0750500e+00  -3.5753913e-02   0.0000000e+00  -2.9344999e-08
   1.1300000e+02   8.6592220e+01   4.0729840e+00  -3.6032647e-02   0.0000000e+00  -2.9476891e-08
   1.1400000e+02   8.5878440e+01   4.0709700e+00  -3.6308366e-02   0.0000000e+00  -2.9606419e-08
   1.1500000e+02   8.5176020e+01   4.0690040e+00  -3.6581114e-02   0.0000000e+00  -2.9733632e-08
   1.1600000e+02   8.4484710e+01   4.0670870e+00  -3.6850935e-02   0.0000000e+00  -2.9858501e-08
   1.1700000e+02   8.3804240e+01   4.0652160e+00  -3.7117851e-02   0.0000000e+00  -2.9981066e-08
   1.1800000e+02   8.3134360e+01   4.0633900e+00  -3.7381901e-02   0.0000000e+00  -3.0101331e-08
   1.1900000e+02   8.2474840e+01   4.0616090e+00  -3.7643117e-02   0.0000000e+00  -3.0219327e-08
   1.2000000e+02   8.1825440e+01   4.0598690e+00  -3.7901556e-02   0.0000000e+00  -3.0335074e-08
   1.2100000e+02   8.1185940e+01   4.0581710e+00  -3.8157238e-02   0.0000000e+00  -3.0448549e-08
   1.2200000e+02   8.0556110e+01   4.0565130e+00  -3.8410199e-02   0.0000000e+00  -3.0559815e-08
   1.2300000e+02   7.9935740e+01   4.0548940e+00  -3.8660480e-02   0.0000000e+00  -3.0668874e-08
   1.2400000e+02   7.9324620e+01   4.0533130e+00  -3.8908108e-02   0.0000000e+00  -3.0775724e-08
   1.2500000e+02   7.8722560e+01   4.0517680e+00  -3.9153135e-02   0.0000000e+00  -3.0880396e-08
   1.2600000e+02   7.8129350e+01   4.0502590e+00  -3.9395583e-02   0.0000000e+00  -3.0982921e-08
   1.2700000e+02   7.7544800e+01   4.0487840e+00  -3.9635493e-02   0.0000000e+00  -3.1083295e-08
   1.2800000e+02   7.6968740e+01   4.0473430e+00  -3.9872898e-02   0.0000000e+00  -3.1181538e-08
   1.2900000e+02   7.6400980e+01   4.0459340e+00  -4.0107829e-02   0.0000000e+00  -3.1277683e-08
   1.3000000e+02   7.5841340e+01   4.0445570e+00  -4.0340323e-02   0.0000000e+00  -3.1371743e-08
   1.3100000e+02   7.5289660e+01   4.0432110e+00  -4.0570410e-02   0.0000000e+00  -3.1463697e-08
   1.3200000e+02   7.4745770e+01   4.0418940e+00  -4.0798129e-02   0.0000000e+00  -3.1553630e-08
   1.3300000e+02   7.4209520e+01   4.0406070e+00  -4.1023513e-02   0.0000000e+00  -3.1641495e-08
   1.3400000e+02   7.3680740e+01   4.0393480e+00  -4.1246575e-02   0.0000000e+00  -3.1727360e-08
   1.3500000e+02   7.3159280e+01   4.0381160e+00  -4.1467377e-02   0.0000000e+00  -3.1811206e-08
   1.3600000e+02   7.2645000e+01   4.0369100e+00  -4.1685926e-02   0.0000000e+00  -3.1893075e-08
   1.3700000e+02   7.2137750e+01   4.0357310e+00  -4.1902264e-02   0.0000000e+00  -3.1972974e-08
   1.3800000e+02   7.1637400e+01   4.0345760e+00  -4.2116432e-02   0.0000000e+00  -3.2050915e-08
   1.3900000e+02   7.1143800e+01   4.0334460e+00  -4.2328426e-02   0.0000000e+00  -3.2126917e-08
   1.4000000e+02   7.0656820e+01   4.0323390e+00  -4.2538303e-02   0.0000000e+00  -3.2201002e-08
   1.4100000e+02   7.0176340e+01   4.0312560e+00  -4.2746088e-02   0.0000000e+00  -3.2273188e-08
   1.4200000e+02   6.9702220e+01   4.0301940e+00  -4.2951812e-02   0.0000000e+00  -3.2343493e-08
   1.4300000e+02   6.9234350e+01   4.0291550e+00  -4.3155482e-02   0.0000000e+00  -3.2411917e-08
   1.4400000e+02   6.8772610e+01   4.0281360e+00  -4.3357151e-02   0.0000000e+00  -3.2478506e-08
   1.4500000e+02   6.8316870e+01   4.0271380e+00  -4.3556837e-02   0.0000000e+00  -3.2543245e-08
   1.4600000e+02   6.7867030e+01   4.0261600e+00  -4.3754564e-02   0.0000000e+00  -3.2606165e-08
   1.4700000e+02   6.7422970e+01   4.0252010e+00  -4.3950359e-02   0.0000000e+00  -3.2667287e-08
   1.4800000e+02   6.6984580e+01   4.0242610e+00  -4.4144243e-02   0.0000000e+00  -3.2726613e-08
   1.4900000e+02   6.6551770e+01   4.0233390e+00  -4.4336249e-02   0.0000000e+00  -3.2784174e-08
   1.5000000e+02   6.6124420e+01   4.0224350e+00  -4.4526402e-02   0.0000000e+00  -3.2839967e-08
   1.5100000e+02   6.5702450e+01   4.0215480e+00  -4.4714717e-02   0.0000000e+00  -3.2894026e-08
   1.5200000e+02   6.5285740e+01   4.0206780e+00  -4.4901225e-02   0.0000000e+00  -3.2946358e-08
   1.5300000e+02   6.4874200e+01   4.0198240e+00  -4.5085946e-02   0.0000000e+00  -3.2996975e-08
   1.5400000e+02   6.4467740e+01   4.0189860e+00  -4.5268905e-02   0.0000000e+00  -3.3045894e-08
   1.5500000e+02   6.4066280e+01   4.0181630e+00  -4.5450123e-02   0.0000000e+00  -3.3093143e-08
   1.5600000e+02   6.3669710e+01   4.0173560e+00  -4.5629602e-02   0.0000000e+00  -3.3138707e-08
   1.5700000e+02   6.3277950e+01   4.0165620e+00  -4.5807406e-02   0.0000000e+00  -3.3182624e-08
   1.5800000e+02   6.2890930e+01   4.0157830e+00  -4.5983527e-02   0.0000000e+00  -3.3224909e-08
   1.5900000e+02   6.2508550e+01   4.0150170e+00  -4.6157994e-02   0.0000000e+00  -3.3265550e-08
   1.6000000e+02   6.2130730e+01   4.0142640e+00  -4.6330833e-02   0.0000000e+00  -3.3304600e-08
   1.6100000e+02   6.1757400e+01   4.0135250e+00  -4.6502038e-02   0.0000000e+00  -3.3342037e-08
   1.6200000e+02   6.1388470e+01   4.0127980e+00  -4.6671661e-02   0.0000000e+00  -3.3377893e-08
   1.6300000e+02   6.1023880e+01   4.0120830e+00  -4.6839698e-02   0.0000000e+00  -3.3412175e-08
   1.6400000e+02   6.0663550e+01   4.0113800e+00  -4.7006172e-02   0.0000000e+00  -3.3444898e-08
   1.6500000e+02   6.0307400e+01   4.0106880e+00  -4.7171113e-02   0.0000000e+00  -3.3476075e-08
   1.6600000e+02   5.9955370e+01   4.0100070e+00  -4.7334536e-02   0.0000000e+00  -3.3505722e-08
   1.6700000e+02   5.9607380e+01   4.0093370e+00  -4.7496448e-02   0.0000000e+00  -3.3533855e-08
   1.6800000e+02   5.9263380e+01   4.0086780e+00  -4.7656863e-02   0.0000000e+00  -3.3560465e-08
   1.6900000e+02   5.8923280e+01   4.0080290e+00  -4.7815811e-02   0.0000000e+00  -3.3585572e-08
   1.7000000e+02   5.8587040e+01   4.0073900e+00  -4.7973307e-02   0.0000000e+00  -3.3609202e-08
   1.7100000e+02   5.8254580e+01   4.0067600e+00  -4.8129359e-02   0.0000000e+00  -3.3631359e-08
   1.7200000e+02   5.7925840e+01   4.0061390e+00  -4.8283999e-02   0.0000000e+00  -3.3652055e-08
   1.7300000e+02   5.7600760e+01   4.0055280e+00  -4.8437214e-02   0.0000000e+00  -3.3671300e-08
   1.7400000e+02   5.7279290e+01   4.0049250e+00  -4.8589050e-02   0.0000000e+00  -3.3689113e-08
   1.7500000e+02   5.6961370e+01   4.0043310e+00  -4.8739500e-02   0.0000000e+00  -3.3705486e-08
   1.7600000e+02   5.6646930e+01   4.0037450e+00  -4.8888597e-02   0.0000000e+00  -3.3720444e-08
   1.7700000e+02   5.6335920e+01   4.0031670e+00  -4.9036335e-02   0.0000000e+00  -3.3733998e-08
   1.7800000e+02   5.6028300e+01   4.0025970e+00  -4.9182737e-02   0.0000000e+00  -3.3746158e-08
   1.7900000e+02   5.5724000e+01   4.0020340e+00  -4.9327828e-02   0.0000000e+00  -3.3756929e-08
   1.8000000e+02   5.5422970e+01   4.0014790e+00  -4.9471601e-02   0.0000000e+00  -3.3766315e-08
   1.8100000e+02   5.5125160e+01   4.0009300e+00  -4.9614092e-02   0.0000000e+00  -3.3774357e-08
   1.8200000e+02   5.4830530e+01   4.0003890e+00  -4.9755293e-02   0.0000000e+00  -3.3781038e-08
   1.8300000e+02   5.4539020e+01   3.9998540e+00  -4.9895224e-02   0.0000000e+00  -3.3786369e-08
   1.8400000e+02   5.4250580e+01   3.9993250e+00  -5.0033913e-02   0.0000000e+00  -3.3790365e-08
   1.8500000e+02   5.3965170e+01   3.9988030e+00  -5.0171335e-02   0.0000000e+00  -3.3793034e-08
   1.8600000e+02   5.3682740e+01   3.9982870e+00  -5.0307539e-02   0.0000000e+00  -3.3794387e-08
   1.8700000e+02   5.3403250e+01   3.9977760e+00  -5.0442533e-02   0.0000000e+00  -3.3794450e-08
   1.8800000e+02   5.3126660e+01   3.9972710e+00  -5.0576312e-02   0.0000000e+00  -3.3793196e-08
   1.8900000e+02   5.2852910e+01   3.9967720e+00  -5.0708886e-02   0.0000000e+00  -3.3790660e-08
   1.9000000e+02   5.2581960e+01   3.9962780e+00  -5.0840276e-02   0.0000000e+00  -3.3786848e-08
   1.9100000e+02   5.2313780e+01   3.9957890e+00  -5.0970500e-02   0.0000000e+00  -3.3781769e-08
   1.9200000e+02   5.2048320e+01   3.9953050e+00  -5.1099553e-02   0.0000000e+00  -3.3775422e-08
   1.9300000e+02   5.1785550e+01   3.9948260e+00  -5.1227452e-02   0.0000000e+00  -3.3767819e-08
   1.9400000e+02   5.1525420e+01   3.9943520e+00  -5.1354208e-02   0.0000000e+00  -3.3758972e-08
   1.9500000e+02   5.1267890e+01   3.9938820e+00  -5.1479834e-02   0.0000000e+00  -3.3748901e-08
   1.9600000e+02   5.1012940e+01   3.9934160e+00  -5.1604340e-02   0.0000000e+00  -3.3737593e-08
   1.9700000e+02   5.0760510e+01   3.9929550e+00  -5.1727731e-02   0.0000000e+00  -3.3725062e-08
   1.9800000e+02   5.0510570e+01   3.9924980e+00  -5.1850009e-02   0.0000000e+00  -3.3711330e-08
   1.9900000e+02   5.0263100e+01   3.9920440e+00  -5.1971210e-02   0.0000000e+00  -3.3696393e-08
   2.0000000e+02   5.0018040e+01   3.9915940e+00  -5.2091326e-02   0.0000000e+00  -3.3680272e-08
   2.0100000e+02   4.9775380e+01   3.9911480e+00  -5.2210366e-02   0.0000000e+00  -3.3662949e-08
   2.0200000e+02   4.9535070e+01   3.9907060e+00  -5.2328328e-02   0.0000000e+00  -3.3644446e-08
   2.0300000e+02   4.9297080e+01   3.9902660e+00  -5.2445259e-02   0.0000000e+00  -3.3624789e-08
   2.0400000e+02   4.9061370e+01   3.9898310e+00  -5.2561108e-02   0.0000000e+00  -3.3603943e-08
   2.0500000e+02   4.8827930e+01   3.9893980e+00  -5.2675943e-02   0.0000000e+00  -3.3581968e-08
   2.0600000e+02   4.8596710e+01   3.9889680e+00  -5.2789744e-02   0.0000000e+00  -3.3558836e-08
   2.0700000e+02   4.8367680e+01   3.9885410e+00  -5.2902524e-02   0.0000000e+00  -3.3534559e-08
   2.0800000e+02   4.8140820e+01   3.9881170e+00  -5.3014287e-02   0.0000000e+00  -3.3509152e-08
   2.0900000e+02   4.7916100e+01   3.9876960e+00  -5.3125047e-02   0.0000000e+00  -3.3482623e-08
   2.1000000e+02   4.7693470e+01   3.9872770e+00  -5.3234810e-02   0.0000000e+00  -3.3454977e-08
   2.1100000e+02   4.7472930e+01   3.9868610e+00  -5.3343577e-02   0.0000000e+00  -3.3426207e-08
   2.1200000e+02   4.7254430e+01   3.9864470e+00  -5.3451378e-02   0.0000000e+00  -3.3396342e-08
   2.1300000e+02   4.7037960e+01   3.9860350e+00  -5.3558207e-02   0.0000000e+00  -3.3365384e-08
   2.1400000e+02   4.6823480e+01   3.9856260e+00  -5.3664055e-02   0.0000000e+00  -3.3333325e-08
   2.1500000e+02   4.6610960e+01   3.9852190e+00  -5.3768945e-02   0.0000000e+00  -3.3300189e-08
   2.1600000e+02   4.6400390e+01   3.9848130e+00  -5.3872899e-02   0.0000000e+00  -3.3265976e-08
   2.1700000e+02   4.6191730e+01   3.9844100e+00  -5.3975902e-02   0.0000000e+00  -3.3230709e-08
   2.1800000e+02   4.5984960e+01   3.9840080e+00  -5.4077974e-02   0.0000000e+00  -3.3194354e-08
   2.1900000e+02   4.5780050e+01   3.9836080e+00  -5.4179119e-02   0.0000000e+00  -3.3156966e-08
   2.2000000e+02   4.5576990e+01   3.9832100e+00  -5.4279332e-02   0.0000000e+00  -3.3118515e-08
   2.2100000e+02   4.5375740e+01   3.9828140e+00  -5.4378629e-02   0.0000000e+00  -3.3079030e-08
   2.2200000e+02   4.5176290e+01   3.9824190e+00  -5.4477028e-02   0.0000000e+00  -3.3038503e-08
   2.2300000e+02   4.4978600e+01   3.9820250e+00  -5.4574529e-02   0.0000000e+00  -3.2996962e-08
   2.2400000e+02   4.4782660e+01   3.9816330e+00  -5.4671131e-02   0.0000000e+00  -3.2954376e-08
   2.2500000e+02   4.4588450e+01   3.9812420e+00  -5.4766850e-02   0.0000000e+00  -3.2910791e-08
   2.2600000e+02   4.4395940e+01   3.9808520e+00  -5.4861691e-02   0.0000000e+00  -3.2866208e-08
   2.2700000e+02   4.4205100e+01   3.9804640e+00  -5.4955641e-02   0.0000000e+00  -3.2820595e-08
   2.2800000e+02   4.4015930e+01   3.9800760e+00  -5.5048741e-02   0.0000000e+00  -3.2774001e-08
   2.2900000e+02   4.3828400e+01   3.9796900e+00  -5.5140972e-02   0.0000000e+00  -3.2726421e-08
   2.3000000e+02   4.3642480e+01   3.9793040e+00  -5.5232359e-02   0.0000000e+00  -3.2677866e-08
   2.3100000e+02   4.3458160e+01   3.9789190e+00  -5.5322895e-02   0.0000000e+00  -3.2628315e-08
   2.3200000e+02   4.3275420e+01   3.9785350e+00  -5.5412591e-02   0.0000000e+00  -3.2577814e-08
   2.3300000e+02   4.3094240e+01   3.9781520e+00  -5.5501448e-02   0.0000000e+00  -3.2526339e-08
   2.3400000e+02   4.2914590e+01   3.9777700e+00  -5.5589468e-02   0.0000000e+00  -3.2473899e-08
   2.3500000e+02   4.2736470e+01   3.9773880e+00  -5.5676674e-02   0.0000000e+00  -3.2420513e-08
   2.3600000e+02   4.2559840e+01   3.9770070e+00  -5.5763055e-02   0.0000000e+00  -3.2366177e-08
   2.3700000e+02   4.2384700e+01   3.9766260e+00  -5.5848638e-02   0.0000000e+00  -3.2310924e-08
   2.3800000e+02   4.2211020e+01   3.9762460e+00  -5.5933409e-02   0.0000000e+00  -3.2254717e-08
   2.3900000e+02   4.2038790e+01   3.9758660e+00  -5.6017379e-02   0.0000000e+00  -3.2197592e-08
   2.4000000e+02   4.1867990e+01   3.9754870e+00  -5.6100552e-02   0.0000000e+00  -3.2139552e-08
   2.4100000e+02   4.1698590e+01   3.9751080e+00  -5.6182940e-02   0.0000000e+00  -3.2080582e-08
   2.4200000e+02   4.1530600e+01   3.9747290e+00  -5.6264554e-02   0.0000000e+00  -3.2020726e-08
   2.4300000e+02   4.1363980e+01   3.9743510e+00  -5.6345372e-02   0.0000000e+00  -3.1959950e-08
   2.4400000e+02   4.1198730e+01   3.9739720e+00  -5.6425448e-02   0.0000000e+00  -3.1898298e-08
   2.4500000e+02   4.1034820e+01   3.9735940e+00  -5.6504736e-02   0.0000000e+00  -3.1835743e-08
   2.4600000e+02   4.0872240e+01   3.9732160e+00  -5.6583271e-02   0.0000000e+00  -3.1772315e-08
   2.4700000e+02   4.0710970e+01   3.9728380e+00  -5.6661049e-02   0.0000000e+00  -3.1707995e-08
   2.4800000e+02   4.0551000e+01   3.9724600e+00  -5.6738081e-02   0.0000000e+00  -3.1642811e-08
   2.4900000e+02   4.0392320e+01   3.9720820e+00  -5.6814369e-02   0.0000000e+00  -3.1576763e-08
   2.5000000e+02   4.0234900e+01   3.9717030e+00  -5.6889924e-02   0.0000000e+00  -3.1509864e-08
   2.5100000e+02   4.0078740e+01   3.9713250e+00  -5.6964743e-02   0.0000000e+00  -3.1442118e-08
   2.5200000e+02   3.9923820e+01   3.9709470e+00  -5.7038829e-02   0.0000000e+00  -3.1373503e-08
   2.5300000e+02   3.9770120e+01   3.9705680e+00  -5.7112196e-02   0.0000000e+00  -3.1304066e-08
   2.5400000e+02   3.9617630e+01   3.9701890e+00  -5.7184846e-02   0.0000000e+00  -3.1233792e-08
   2.5500000e+02   3.9466340e+01   3.9698100e+00  -5.7256787e-02   0.0000000e+00  -3.1162690e-08
   2.5600000e+02   3.9316230e+01   3.9694310e+00  -5.7328015e-02   0.0000000e+00  -3.1090763e-08
   2.5700000e+02   3.9167300e+01   3.9690510e+00  -5.7398547e-02   0.0000000e+00  -3.1018016e-08
   2.5800000e+02   3.9019520e+01   3.9686710e+00  -5.7468377e-02   0.0000000e+00  -3.0944470e-08
   2.5900000e+02   3.8872880e+01   3.9682900e+00  -5.7537529e-02   0.0000000e+00  -3.0870121e-08
   2.6000000e+02   3.8727370e+01   3.9679090e+00  -5.7605984e-02   0.0000000e+00  -3.0794973e-08
   2.6100000e+02   3.8582990e+01   3.9675270e+00  -5.7673769e-02   0.0000000e+00  -3.0719041e-08
   2.6200000e+02   3.8439700e+01   3.9671460e+00  -5.7740850e-02   0.0000000e+00  -3.0642308e-08
   2.6300000e+02   3.8297520e+01   3.9667630e+00  -5.7807285e-02   0.0000000e+00  -3.0564800e-08
   2.6400000e+02   3.8156410e+01   3.9663800e+00  -5.7873041e-02   0.0000000e+00  -3.0486517e-08
   2.6500000e+02   3.8016370e+01   3.9659960e+00  -5.7938148e-02   0.0000000e+00  -3.0407482e-08
   2.6600000e+02   3.7877390e+01   3.9656120e+00  -5.8002584e-02   0.0000000e+00  -3.0327666e-08
   2.6700000e+02   3.7739460e+01   3.9652270e+00  -5.8066373e-02   0.0000000e+00  -3.0247118e-08
   2.6800000e+02   3.7602560e+01   3.9648410e+00  -5.8129517e-02   0.0000000e+00  -3.0165794e-08
   2.6900000e+02   3.7466680e+01   3.9644550e+00  -5.8192012e-02   0.0000000e+00  -3.0083759e-08
   2.7000000e+02   3.7331820e+01   3.9640680e+00  -5.8253866e-02   0.0000000e+00  -3.0000971e-08
   2.7100000e+02   3.7197950e+01   3.9636800e+00  -5.8315094e-02   0.0000000e+00  -2.9917445e-08
   2.7200000e+02   3.7065080e+01   3.9632910e+00  -5.8375699e-02   0.0000000e+00  -2.9833209e-08
   2.7300000e+02   3.6933190e+01   3.9629020e+00  -5.8435664e-02   0.0000000e+00  -2.9748250e-08
   2.7400000e+02   3.6802270e+01   3.9625120e+00  -5.8495017e-02   0.0000000e+00  -2.9662577e-08
   2.7500000e+02   3.6672300e+01   3.9621200e+00  -5.8553766e-02   0.0000000e+00  -2.9576216e-08
   2.7600000e+02   3.6543290e+01   3.9617280e+00  -5.8611892e-02   0.0000000e+00  -2.9489124e-08
   2.7700000e+02   3.6415210e+01   3.9613360e+00  -5.8669399e-02   0.0000000e+00  -2.9401361e-08
   2.7800000e+02   3.6288070e+01   3.9609420e+00  -5.8726321e-02   0.0000000e+00  -2.9312903e-08
   2.7900000e+02   3.6161840e+01   3.9605470e+00  -5.8782646e-02   0.0000000e+00  -2.9223768e-08
   2.8000000e+02   3.6036520e+01   3.9601510e+00  -5.8838382e-02   0.0000000e+00  -2.9133954e-08
   2.8100000e+02   3.5912100e+01   3.9597540e+00  -5.8893528e-02   0.0000000e+00  -2.9043486e-08
   2.8200000e+02   3.5788580e+01   3.9593560e+00  -5.8948090e-02   0.0000000e+00  -2.8952338e-08
   2.8300000e+02   3.5665930e+01   3.9589580e+00  -5.9002054e-02   0.0000000e+00  -2.8860528e-08
   2.8400000e+02   3.5544160e+01   3.9585580e+00  -5.9055460e-02   0.0000000e+00  -2.8768085e-08
   2.8500000e+02   3.5423250e+01   3.9581570e+00  -5.9108293e-02   0.0000000e+00  -2.8674987e-08
   2.8600000e+02   3.5303190e+01   3.9577550e+00  -5.9160557e-02   0.0000000e+00  -2.8581265e-08
   2.8700000e+02   3.5183980e+01   3.9573510e+00  -5.9212272e-02   0.0000000e+00  -2.8486909e-08
   2.8800000e+02   3.5065610e+01   3.9569470e+00  -5.9263414e-02   0.0000000e+00  -2.8391928e-08
   2.8900000e+02   3.4948070e+01   3.9565410e+00  -5.9314013e-02   0.0000000e+00  -2.8296328e-08
   2.9000000e+02   3.4831350e+01   3.9561350e+00  -5.9364040e-02   0.0000000e+00  -2.8200102e-08
   2.9100000e+02   3.4715440e+01   3.9557270e+00  -5.9413542e-02   0.0000000e+00  -2.8103278e-08
   2.9200000e+02   3.4600330e+01   3.9553180e+00  -5.9462500e-02   0.0000000e+00  -2.8005862e-08
   2.9300000e+02   3.4486020e+01   3.9549070e+00  -5.9510928e-02   0.0000000e+00  -2.7907850e-08
   2.9400000e+02   3.4372500e+01   3.9544960e+00  -5.9558801e-02   0.0000000e+00  -2.7809249e-08
   2.9500000e+02   3.4259750e+01   3.9540830e+00  -5.9606165e-02   0.0000000e+00  -2.7710071e-08
   2.9600000e+02   3.4147780e+01   3.9536690e+00  -5.9652994e-02   0.0000000e+00  -2.7610312e-08
   2.9700000e+02   3.4036580e+01   3.9532530e+00  -5.9699315e-02   0.0000000e+00  -2.7509995e-08
   2.9800000e+02   3.3926130e+01   3.9528370e+00  -5.9745099e-02   0.0000000e+00  -2.7409104e-08
   2.9900000e+02   3.3816430e+01   3.9524190e+00  -5.9790384e-02   0.0000000e+00  -2.7307658e-08
   3.0000000e+02   3.3707470e+01   3.9519990e+00  -5.9835161e-02   0.0000000e+00  -2.7205668e-08
   3.0100000e+02   3.3599250e+01   3.9515780e+00  -5.9879432e-02   0.0000000e+00  -2.7103141e-08
   3.0200000e+02   3.3491750e+01   3.9511560e+00  -5.9923200e-02   0.0000000e+00  -2.7000079e-08
   3.0300000e+02   3.3384980e+01   3.9507330e+00  -5.9966464e-02   0.0000000e+00  -2.6896468e-08
   3.0400000e+02   3.3278920e+01   3.9503080e+00  -6.0009243e-02   0.0000000e+00  -2.6792350e-08
   3.0500000e+02   3.3173570e+01   3.9498810e+00  -6.0051542e-02   0.0000000e+00  -2.6687715e-08
   3.0600000e+02   3.3068920e+01   3.9494540e+00  -6.0093333e-02   0.0000000e+00  -2.6582562e-08
   3.0700000e+02   3.2964960e+01   3.9490240e+00  -6.0134667e-02   0.0000000e+00  -2.6476921e-08
   3.0800000e+02   3.2861690e+01   3.9485940e+00  -6.0175502e-02   0.0000000e+00  -2.6370766e-08
   3.0900000e+02   3.2759100e+01   3.9481610e+00  -6.0215893e-02   0.0000000e+00  -2.6264131e-08
   3.1000000e+02   3.2657180e+01   3.9477280e+00  -6.0255779e-02   0.0000000e+00  -2.6157001e-08
   3.1100000e+02   3.2555930e+01   3.9472930e+00  -6.0295216e-02   0.0000000e+00  -2.6049404e-08
   3.1200000e+02   3.2455340e+01   3.9468560e+00  -6.0334192e-02   0.0000000e+00  -2.5941332e-08
   3.1300000e+02   3.2355410e+01   3.9464180e+00  -6.0372707e-02   0.0000000e+00  -2.5832793e-08
   3.1400000e+02   3.2256120e+01   3.9459780e+00  -6.0410766e-02   0.0000000e+00  -2.5723801e-08
   3.1500000e+02   3.2157480e+01   3.9455370e+00  -6.0448375e-02   0.0000000e+00  -2.5614357e-08
   3.1600000e+02   3.2059480e+01   3.9450940e+00  -6.0485536e-02   0.0000000e+00  -2.5504465e-08
   3.1700000e+02   3.1962100e+01   3.9446490e+00  -6.0522266e-02   0.0000000e+00  -2.5394139e-08
   3.1800000e+02   3.1865360e+01   3.9442030e+00  -6.0558548e-02   0.0000000e+00  -2.5283378e-08
   3.1900000e+02   3.1769230e+01   3.9437550e+00  -6.0594389e-02   0.0000000e+00  -2.5172200e-08
   3.2000000e+02   3.1673710e+01   3.9433060e+00  -6.0629795e-02   0.0000000e+00  -2.5060591e-08
   3.2100000e+02   3.1578800e+01   3.9428550e+00  -6.0664775e-02   0.0000000e+00  -2.4948574e-08
   3.2200000e+02   3.1484500e+01   3.9424030e+00  -6.0699325e-02   0.0000000e+00  -2.4836153e-08
   3.2300000e+02   3.1390790e+01   3.9419490e+00  -6.0733454e-02   0.0000000e+00  -2.4723336e-08
   3.2400000e+02   3.1297670e+01   3.9414930e+00  -6.0767173e-02   0.0000000e+00  -2.4610125e-08
   3.2500000e+02   3.1205140e+01   3.9410350e+00  -6.0800481e-02   0.0000000e+00  -2.4496535e-08
   3.2600000e+02   3.1113190e+01   3.9405760e+00  -6.0833364e-02   0.0000000e+00  -2.4382560e-08
   3.2700000e+02   3.1021820e+01   3.9401150e+00  -6.0865846e-02   0.0000000e+00  -2.4268218e-08
   3.2800000e+02   3.0931010e+01   3.9396530e+00  -6.0897911e-02   0.0000000e+00  -2.4153502e-08
   3.2900000e+02   3.0840770e+01   3.9391890e+00  -6.0929583e-02   0.0000000e+00  -2.4038432e-08
   3.3000000e+02   3.0751100e+01   3.9387230e+00  -6.0960861e-02   0.0000000e+00  -2.3923013e-08
   3.3100000e+02   3.0661970e+01   3.9382550e+00  -6.0991745e-02   0.0000000e+00  -2.3807254e-08
   3.3200000e+02   3.0573400e+01   3.9377850e+00  -6.1022248e-02   0.0000000e+00  -2.3691159e-08
   3.3300000e+02   3.0485380e+01   3.9373140e+00  -6.1052349e-02   0.0000000e+00  -2.3574723e-08
   3.3400000e+02   3.0397890e+01   3.9368410e+00  -6.1082070e-02   0.0000000e+00  -2.3457970e-08
   3.3500000e+02   3.0310940e+01   3.9363670e+00  -6.1111396e-02   0.0000000e+00  -2.3340897e-08
   3.3600000e+02   3.0224520e+01   3.9358900e+00  -6.1140367e-02   0.0000000e+00  -2.3223515e-08
   3.3700000e+02   3.0138630e+01   3.9354120e+00  -6.1168950e-02   0.0000000e+00  -2.3105827e-08
   3.3800000e+02   3.0053260e+01   3.9349320e+00  -6.1197166e-02   0.0000000e+00  -2.2987848e-08
   3.3900000e+02   2.9968410e+01   3.9344500e+00  -6.1225019e-02   0.0000000e+00  -2.2869575e-08
   3.4000000e+02   2.9884070e+01   3.9339660e+00  -6.1252511e-02   0.0000000e+00  -2.2751024e-08
   3.4100000e+02   2.9800240e+01   3.9334810e+00  -6.1279627e-02   0.0000000e+00  -2.2632185e-08
   3.4200000e+02   2.9716910e+01   3.9329930e+00  -6.1306406e-02   0.0000000e+00  -2.2513092e-08
   3.4300000e+02   2.9634090e+01   3.9325040e+00  -6.1332811e-02   0.0000000e+00  -2.2393733e-08
   3.4400000e+02   2.9551760e+01   3.9320130e+00  -6.1358874e-02   0.0000000e+00  -2.2274118e-08
   3.4500000e+02   2.9469920e+01   3.9315200e+00  -6.1384588e-02   0.0000000e+00  -2.2154250e-08
   3.4600000e+02   2.9388570e+01   3.9310250e+00  -6.1409958e-02   0.0000000e+00  -2.2034148e-08
   3.4700000e+02   2.9307700e+01   3.9305290e+00  -6.1434981e-02   0.0000000e+00  -2.1913804e-08
   3.4800000e+02   2.9227310e+01   3.9300300e+00  -6.1459676e-02   0.0000000e+00  -2.1793241e-08
   3.4900000e+02   2.9147390e+01   3.9295300e+00  -6.1484025e-02   0.0000000e+00  -2.1672451e-08
   3.5000000e+02   2.9067950e+01   3.9290280e+00  -6.1508036e-02   0.0000000e+00  -2.1551450e-08
   3.5100000e+02   2.8988970e+01   3.9285230e+00  -6.1531744e-02   0.0000000e+00  -2.1430246e-08
   3.5200000e+02   2.8910460e+01   3.9280170e+00  -6.1555108e-02   0.0000000e+00  -2.1308837e-08
   3.5300000e+02   2.8832400e+01   3.9275090e+00  -6.1578148e-02   0.0000000e+00  -2.1187244e-08
   3.5400000e+02   2.8754800e+01   3.9269990e+00  -6.1600872e-02   0.0000000e+00  -2.1065458e-08
   3.5500000e+02   2.8677660e+01   3.9264870e+00  -6.1623280e-02   0.0000000e+00  -2.0943496e-08
   3.5600000e+02   2.8600960e+01   3.9259740e+00  -6.1645360e-02   0.0000000e+00  -2.0821355e-08
   3.5700000e+02   2.8524700e+01   3.9254580e+00  -6.1667141e-02   0.0000000e+00  -2.0699062e-08
   3.5800000e+02   2.8448890e+01   3.9249400e+00  -6.1688624e-02   0.0000000e+00  -2.0576611e-08
   3.5900000e+02   2.8373510e+01   3.9244200e+00  -6.1709793e-02   0.0000000e+00  -2.0454006e-08
   3.6000000e+02   2.8298570e+01   3.9238990e+00  -6.1730648e-02   0.0000000e+00  -2.0331258e-08
   3.6100000e+02   2.8224050e+01   3.9233750e+00  -6.1751217e-02   0.0000000e+00  -2.0208375e-08
   3.6200000e+02   2.8149960e+01   3.9228490e+00  -6.1771492e-02   0.0000000e+00  -2.0085367e-08
   3.6300000e+02   2.8076300e+01   3.9223220e+00  -6.1791465e-02   0.0000000e+00  -1.9962232e-08
   3.6400000e+02   2.8003050e+01   3.9217920e+00  -6.1811156e-02   0.0000000e+00  -1.9838989e-08
   3.6500000e+02   2.7930220e+01   3.9212600e+00  -6.1830559e-02   0.0000000e+00  -1.9715639e-08
   3.6600000e+02   2.7857810e+01   3.9207270e+00  -6.1849660e-02   0.0000000e+00  -1.9592180e-08
   3.6700000e+02   2.7785800e+01   3.9201910e+00  -6.1868500e-02   0.0000000e+00  -1.9468633e-08
   3.6800000e+02   2.7714200e+01   3.9196530e+00  -6.1887058e-02   0.0000000e+00  -1.9345004e-08
   3.6900000e+02   2.7643000e+01   3.9191140e+00  -6.1905319e-02   0.0000000e+00  -1.9221287e-08
   3.7000000e+02   2.7572200e+01   3.9185720e+00  -6.1923333e-02   0.0000000e+00  -1.9097506e-08
   3.7100000e+02   2.7501800e+01   3.9180280e+00  -6.1941068e-02   0.0000000e+00  -1.8973664e-08
   3.7200000e+02   2.7431790e+01   3.9174820e+00  -6.1958535e-02   0.0000000e+00  -1.8849758e-08
   3.7300000e+02   2.7362170e+01   3.9169340e+00  -6.1975733e-02   0.0000000e+00  -1.8725804e-08
   3.7400000e+02   2.7292940e+01   3.9163840e+00  -6.1992676e-02   0.0000000e+00  -1.8601806e-08
   3.7500000e+02   2.7224090e+01   3.9158320e+00  -6.2009352e-02   0.0000000e+00  -1.8477777e-08
   3.7600000e+02   2.7155630e+01   3.9152780e+00  -6.2025771e-02   0.0000000e+00  -1.8353715e-08
   3.7700000e+02   2.7087540e+01   3.9147220e+00  -6.2041935e-02   0.0000000e+00  -1.8229632e-08
   3.7800000e+02   2.7019830e+01   3.9141640e+00  -6.2057843e-02   0.0000000e+00  -1.8105533e-08
   3.7900000e+02   2.6952490e+01   3.9136030e+00  -6.2073521e-02   0.0000000e+00  -1.7981434e-08
   3.8000000e+02   2.6885520e+01   3.9130410e+00  -6.2088932e-02   0.0000000e+00  -1.7857329e-08
   3.8100000e+02   2.6818920e+01   3.9124760e+00  -6.2104117e-02   0.0000000e+00  -1.7733238e-08
   3.8200000e+02   2.6752680e+01   3.9119100e+00  -6.2119042e-02   0.0000000e+00  -1.7609154e-08
   3.8300000e+02   2.6686800e+01   3.9113410e+00  -6.2133747e-02   0.0000000e+00  -1.7485097e-08
   3.8400000e+02   2.6621280e+01   3.9107700e+00  -6.2148211e-02   0.0000000e+00  -1.7361069e-08
   3.8500000e+02   2.6556110e+01   3.9101970e+00  -6.2162435e-02   0.0000000e+00  -1.7237077e-08
   3.8600000e+02   2.6491300e+01   3.9096220e+00  -6.2176425e-02   0.0000000e+00  -1.7113127e-08
   3.8700000e+02   2.6426840e+01   3.9090440e+00  -6.2190205e-02   0.0000000e+00  -1.6989233e-08
   3.8800000e+02   2.6362720e+01   3.9084650e+00  -6.2203745e-02   0.0000000e+00  -1.6865389e-08
   3.8900000e+02   2.6298950e+01   3.9078830e+00  -6.2217072e-02   0.0000000e+00  -1.6741620e-08
   3.9000000e+02   2.6235520e+01   3.9073000e+00  -6.2230159e-02   0.0000000e+00  -1.6617912e-08
   3.9100000e+02   2.6172430e+01   3.9067140e+00  -6.2243044e-02   0.0000000e+00  -1.6494291e-08
   3.9200000e+02   2.6109680e+01   3.9061260e+00  -6.2255710e-02   0.0000000e+00  -1.6370756e-08
   3.9300000e+02   2.6047270e+01   3.9055360e+00  -6.2268161e-02   0.0000000e+00  -1.6247315e-08
   3.9400000e+02   2.5985180e+01   3.9049430e+00  -6.2280408e-02   0.0000000e+00  -1.6123976e-08
   3.9500000e+02   2.5923430e+01   3.9043490e+00  -6.2292434e-02   0.0000000e+00  -1.6000745e-08
   3.9600000e+02   2.5862000e+01   3.9037520e+00  -6.2304267e-02   0.0000000e+00  -1.5877630e-08
   3.9700000e+02   2.5800890e+01   3.9031530e+00  -6.2315889e-02   0.0000000e+00  -1.5754637e-08
   3.9800000e+02   2.5740110e+01   3.9025520e+00  -6.2327317e-02   0.0000000e+00  -1.5631775e-08
   3.9900000e+02   2.5679650e+01   3.9019490e+00  -6.2338536e-02   0.0000000e+00  -1.5509049e-08
   4.0000000e+02   2.5619510e+01   3.9013430e+00  -6.2349569e-02   0.0000000e+00  -1.5386474e-08
   4.0100000e+02   2.5559680e+01   3.9007350e+00  -6.2360406e-02   0.0000000e+00  -1.5264051e-08
   4.0200000e+02   2.5500170e+01   3.9001260e+00  -6.2371031e-02   0.0000000e+00  -1.5141776e-08
   4.0300000e+02   2.5440960e+01   3.8995130e+00  -6.2381498e-02   0.0000000e+00  -1.5019675e-08
   4.0400000e+02   2.5382060e+01   3.8988990e+00  -6.2391763e-02   0.0000000e+00  -1.4897745e-08
   4.0500000e+02   2.5323470e+01   3.8982830e+00  -6.2401833e-02   0.0000000e+00  -1.4775996e-08
   4.0600000e+02   2.5265190e+01   3.8976640e+00  -6.2411738e-02   0.0000000e+00  -1.4654435e-08
   4.0700000e+02   2.5207200e+01   3.8970430e+00  -6.2421453e-02   0.0000000e+00  -1.4533071e-08
   4.0800000e+02   2.5149520e+01   3.8964200e+00  -6.2430981e-02   0.0000000e+00  -1.4411906e-08
   4.0900000e+02   2.5092130e+01   3.8957940e+00  -6.2440357e-02   0.0000000e+00  -1.4290953e-08
   4.1000000e+02   2.5035040e+01   3.8951670e+00  -6.2449535e-02   0.0000000e+00  -1.4170213e-08
   4.1100000e+02   2.4978240e+01   3.8945370e+00  -6.2458553e-02   0.0000000e+00  -1.4049696e-08
   4.1200000e+02   2.4921730e+01   3.8939040e+00  -6.2467419e-02   0.0000000e+00  -1.3929416e-08
   4.1300000e+02   2.4865510e+01   3.8932700e+00  -6.2476088e-02   0.0000000e+00  -1.3809365e-08
   4.1400000e+02   2.4809580e+01   3.8926330e+00  -6.2484609e-02   0.0000000e+00  -1.3689564e-08
   4.1500000e+02   2.4753930e+01   3.8919940e+00  -6.2492970e-02   0.0000000e+00  -1.3570015e-08
   4.1600000e+02   2.4698570e+01   3.8913530e+00  -6.2501151e-02   0.0000000e+00  -1.3450723e-08
   4.1700000e+02   2.4643490e+01   3.8907100e+00  -6.2509175e-02   0.0000000e+00  -1.3331697e-08
   4.1800000e+02   2.4588680e+01   3.8900640e+00  -6.2517057e-02   0.0000000e+00  -1.3212944e-08
   4.1900000e+02   2.4534150e+01   3.8894160e+00  -6.2524784e-02   0.0000000e+00  -1.3094473e-08
   4.2000000e+02   2.4479900e+01   3.8887660e+00  -6.2532344e-02   0.0000000e+00  -1.2976288e-08
   4.2100000e+02   2.4425920e+01   3.8881130e+00  -6.2539777e-02   0.0000000e+00  -1.2858398e-08
   4.2200000e+02   2.4372210e+01   3.8874590e+00  -6.2547033e-02   0.0000000e+00  -1.2740805e-08
   4.2300000e+02   2.4318780e+01   3.8868020e+00  -6.2554153e-02   0.0000000e+00  -1.2623522e-08
   4.2400000e+02   2.4265600e+01   3.8861420e+00  -6.2561142e-02   0.0000000e+00  -1.2506556e-08
   4.2500000e+02   2.4212700e+01   3.8854800e+00  -6.2567984e-02   0.0000000e+00  -1.2389913e-08
   4.2600000e+02   2.4160060e+01   3.8848170e+00  -6.2574665e-02   0.0000000e+00  -1.2273595e-08
   4.2700000e+02   2.4107670e+01   3.8841500e+00  -6.2581238e-02   0.0000000e+00  -1.2157619e-08
   4.2800000e+02   2.4055550e+01   3.8834820e+00  -6.2587649e-02   0.0000000e+00  -1.2041977e-08
   4.2900000e+02   2.4003690e+01   3.8828110e+00  -6.2593941e-02   0.0000000e+00  -1.1926693e-08
   4.3000000e+02   2.3952090e+01   3.8821380e+00  -6.2600090e-02   0.0000000e+00  -1.1811759e-08
   4.3100000e+02   2.3900740e+01   3.8814620e+00  -6.2606125e-02   0.0000000e+00  -1.1697193e-08
   4.3200000e+02   2.3849640e+01   3.8807850e+00  -6.2612003e-02   0.0000000e+00  -1.1582994e-08
   4.3300000e+02   2.3798790e+01   3.8801050e+00  -6.2617770e-02   0.0000000e+00  -1.1469171e-08
   4.3400000e+02   2.3748200e+01   3.8794220e+00  -6.2623422e-02   0.0000000e+00  -1.1355736e-08
   4.3500000e+02   2.3697850e+01   3.8787380e+00  -6.2628929e-02   0.0000000e+00  -1.1242690e-08
   4.3600000e+02   2.3647750e+01   3.8780510e+00  -6.2634328e-02   0.0000000e+00  -1.1130039e-08
   4.3700000e+02   2.3597890e+01   3.8773610e+00  -6.2639622e-02   0.0000000e+00  -1.1017795e-08
   4.3800000e+02   2.3548270e+01   3.8766700e+00  -6.2644770e-02   0.0000000e+00  -1.0905960e-08
   4.3900000e+02   2.3498900e+01   3.8759760e+00  -6.2649811e-02   0.0000000e+00  -1.0794544e-08
   4.4000000e+02   2.3449770e+01   3.8752790e+00  -6.2654746e-02   0.0000000e+00  -1.0683552e-08
   4.4100000e+02   2.3400870e+01   3.8745810e+00  -6.2659552e-02   0.0000000e+00  -1.0572989e-08
   4.4200000e+02   2.3352210e+01   3.8738800e+00  -6.2664260e-02   0.0000000e+00  -1.0462864e-08
   4.4300000e+02   2.3303790e+01   3.8731770e+00  -6.2668846e-02   0.0000000e+00  -1.0353183e-08
   4.4400000e+02   2.3255600e+01   3.8724710e+00  -6.2673349e-02   0.0000000e+00  -1.0243954e-08
   4.4500000e+02   2.3207640e+01   3.8717630e+00  -6.2677726e-02   0.0000000e+00  -1.0135182e-08
   4.4600000e+02   2.3159910e+01   3.8710530e+00  -6.2682003e-02   0.0000000e+00  -1.0026870e-08
   4.4700000e+02   2.3112410e+01   3.8703400e+00  -6.2686184e-02   0.0000000e+00  -9.9190304e-09
   4.4800000e+02   2.3065140e+01   3.8696250e+00  -6.2690264e-02   0.0000000e+00  -9.8116691e-09
   4.4900000e+02   2.3018090e+01   3.8689080e+00  -6.2694236e-02   0.0000000e+00  -9.7047869e-09
   4.5000000e+02   2.2971270e+01   3.8681890e+00  -6.2698102e-02   0.0000000e+00  -9.5983923e-09
   4.5100000e+02   2.2924670e+01   3.8674670e+00  -6.2701882e-02   0.0000000e+00  -9.4924992e-09
   4.5200000e+02   2.2878300e+01   3.8667420e+00  -6.2705587e-02   0.0000000e+00  -9.3871061e-09
   4.5300000e+02   2.2832140e+01   3.8660160e+00  -6.2709163e-02   0.0000000e+00  -9.2822205e-09
   4.5400000e+02   2.2786200e+01   3.8652870e+00  -6.2712671e-02   0.0000000e+00  -9.1778481e-09
   4.5500000e+02   2.2740480e+01   3.8645550e+00  -6.2716094e-02   0.0000000e+00  -9.0740001e-09
   4.5600000e+02   2.2694970e+01   3.8638220e+00  -6.2719409e-02   0.0000000e+00  -8.9706747e-09
   4.5700000e+02   2.2649680e+01   3.8630860e+00  -6.2722649e-02   0.0000000e+00  -8.8678828e-09
   4.5800000e+02   2.2604600e+01   3.8623470e+00  -6.2725811e-02   0.0000000e+00  -8.7656356e-09
   4.5900000e+02   2.2559730e+01   3.8616070e+00  -6.2728867e-02   0.0000000e+00  -8.6639263e-09
   4.6000000e+02   2.2515070e+01   3.8608630e+00  -6.2731876e-02   0.0000000e+00  -8.5627741e-09
   4.6100000e+02   2.2470630e+01   3.8601180e+00  -6.2734776e-02   0.0000000e+00  -8.4621747e-09
   4.6200000e+02   2.2426390e+01   3.8593700e+00  -6.2737602e-02   0.0000000e+00  -8.3621428e-09
   4.6300000e+02   2.2382350e+01   3.8586200e+00  -6.2740354e-02   0.0000000e+00  -8.2626776e-09
   4.6400000e+02   2.2338520e+01   3.8578680e+00  -6.2743019e-02   0.0000000e+00  -8.1637874e-09
   4.6500000e+02   2.2294900e+01   3.8571130e+00  -6.2745621e-02   0.0000000e+00  -8.0654804e-09
   4.6600000e+02   2.2251470e+01   3.8563560e+00  -6.2748144e-02   0.0000000e+00  -7.9677608e-09
   4.6700000e+02   2.2208250e+01   3.8555960e+00  -6.2750608e-02   0.0000000e+00  -7.8706327e-09
   4.6800000e+02   2.2165230e+01   3.8548340e+00  -6.2752986e-02   0.0000000e+00  -7.7741021e-09
   4.6900000e+02   2.2122400e+01   3.8540700e+00  -6.2755295e-02   0.0000000e+00  -7.6781782e-09
   4.7000000e+02   2.2079780e+01   3.8533030e+00  -6.2757549e-02   0.0000000e+00  -7.5828634e-09
   4.7100000e+02   2.2037350e+01   3.8525340e+00  -6.2759721e-02   0.0000000e+00  -7.4881642e-09
   4.7200000e+02   2.1995110e+01   3.8517630e+00  -6.2761828e-02   0.0000000e+00  -7.3940853e-09
   4.7300000e+02   2.1953070e+01   3.8509890e+00  -6.2763880e-02   0.0000000e+00  -7.3006360e-09
   4.7400000e+02   2.1911220e+01   3.8502130e+00  -6.2765862e-02   0.0000000e+00  -7.2078169e-09
   4.7500000e+02   2.1869560e+01   3.8494350e+00  -6.2767788e-02   0.0000000e+00  -7.1156357e-09
   4.7600000e+02   2.1828090e+01   3.8486540e+00  -6.2769645e-02   0.0000000e+00  -7.0240976e-09
   4.7700000e+02   2.1786810e+01   3.8478710e+00  -6.2771449e-02   0.0000000e+00  -6.9332068e-09
   4.7800000e+02   2.1745720e+01   3.8470850e+00  -6.2773195e-02   0.0000000e+00  -6.8429738e-09
   4.7900000e+02   2.1704810e+01   3.8462980e+00  -6.2774878e-02   0.0000000e+00  -6.7533958e-09
   4.8000000e+02   2.1664090e+01   3.8455070e+00  -6.2776523e-02   0.0000000e+00  -6.6644847e-09
   4.8100000e+02   2.1623550e+01   3.8447150e+00  -6.2778093e-02   0.0000000e+00  -6.5762417e-09
   4.8200000e+02   2.1583200e+01   3.8439200e+00  -6.2779611e-02   0.0000000e+00  -6.4886749e-09
   4.8300000e+02   2.1543030e+01   3.8431230e+00  -6.2781087e-02   0.0000000e+00  -6.4017864e-09
   4.8400000e+02   2.1503040e+01   3.8423230e+00  -6.2782507e-02   0.0000000e+00  -6.3155839e-09
   4.8500000e+02   2.1463230e+01   3.8415210e+00  -6.2783879e-02   0.0000000e+00  -6.2300736e-09
   4.8600000e+02   2.1423590e+01   3.8407170e+00  -6.2785199e-02   0.0000000e+00  -6.1452560e-09
   4.8700000e+02   2.1384140e+01   3.8399100e+00  -6.2786484e-02   0.0000000e+00  -6.0611380e-09
   4.8800000e+02   2.1344860e+01   3.8391010e+00  -6.2787706e-02   0.0000000e+00  -5.9777245e-09
   4.8900000e+02   2.1305760e+01   3.8382900e+00  -6.2788877e-02   0.0000000e+00  -5.8950220e-09
   4.9000000e+02   2.1266830e+01   3.8374760e+00  -6.2790020e-02   0.0000000e+00  -5.8130351e-09
   4.9100000e+02   2.1228080e+01   3.8366600e+00  -6.2791112e-02   0.0000000e+00  -5.7317622e-09
   4.9200000e+02   2.1189490e+01   3.8358420e+00  -6.2792159e-02   0.0000000e+00  -5.6512171e-09
   4.9300000e+02   2.1151080e+01   3.8350210e+00  -6.2793172e-02   0.0000000e+00  -5.5713989e-09
   4.9400000e+02   2.1112840e+01   3.8341980e+00  -6.2794141e-02   0.0000000e+00  -5.4923136e-09
   4.9500000e+02   2.1074770e+01   3.8333730e+00  -6.2795049e-02   0.0000000e+00  -5.4139646e-09
   4.9600000e+02   2.1036860e+01   3.8325450e+00  -6.2795944e-02   0.0000000e+00  -5.3363587e-09
   4.9700000e+02   2.0999120e+01   3.8317150e+00  -6.2796797e-02   0.0000000e+00  -5.2594982e-09
   4.9800000e+02   2.0961550e+01   3.8308830e+00  -6.2797603e-02   0.0000000e+00  -5.1833879e-09
   4.9900000e+02   2.0924150e+01   3.8300480e+00  -6.2798387e-02   0.0000000e+00  -5.1080312e-09
   5.0000000e+02   2.0886910e+01   3.8292110e+00  -6.2799129e-02   0.0000000e+00  -5.0334363e-09
   5.0100000e+02   2.0849830e+01   3.8283710e+00  -6.2799843e-02   0.0000000e+00  -4.9596034e-09
   5.0200000e+02   2.0812910e+01   3.8275300e+00  -6.2800505e-02   0.0000000e+00  -4.8865345e-09
   5.0300000e+02   2.0776160e+01   3.8266860e+00  -6.2801145e-02   0.0000000e+00  -4.8142401e-09
   5.0400000e+02   2.0739560e+01   3.8258390e+00  -6.2801771e-02   0.0000000e+00  -4.7427202e-09
   5.0500000e+02   2.0703130e+01   3.8249910e+00  -6.2802338e-02   0.0000000e+00  -4.6719775e-09
   5.0600000e+02   2.0666850e+01   3.8241400e+00  -6.2802882e-02   0.0000000e+00  -4.6020185e-09
   5.0700000e+02   2.0630730e+01   3.8232870e+00  -6.2803402e-02   0.0000000e+00  -4.5328463e-09
   5.0800000e+02   2.0594770e+01   3.8224310e+00  -6.2803899e-02   0.0000000e+00  -4.4644658e-09
   5.0900000e+02   2.0558960e+01   3.8215730e+00  -6.2804361e-02   0.0000000e+00  -4.3968774e-09
   5.1000000e+02   2.0523310e+01   3.8207130e+00  -6.2804790e-02   0.0000000e+00  -4.3300884e-09
   5.1100000e+02   2.0487810e+01   3.8198500e+00  -6.2805209e-02   0.0000000e+00  -4.2640995e-09
   5.1200000e+02   2.0452460e+01   3.8189860e+00  -6.2805578e-02   0.0000000e+00  -4.1989162e-09
   5.1300000e+02   2.0417270e+01   3.8181180e+00  -6.2805953e-02   0.0000000e+00  -4.1345394e-09
   5.1400000e+02   2.0382230e+01   3.8172490e+00  -6.2806277e-02   0.0000000e+00  -4.0709740e-09
   5.1500000e+02   2.0347330e+01   3.8163770e+00  -6.2806602e-02   0.0000000e+00  -4.0082251e-09
   5.1600000e+02   2.0312590e+01   3.8155030e+00  -6.2806882e-02   0.0000000e+00  -3.9462936e-09
   5.1700000e+02   2.0278000e+01   3.8146270e+00  -6.2807147e-02   0.0000000e+00  -3.8851840e-09
   5.1800000e+02   2.0243550e+01   3.8137490e+00  -6.2807375e-02   0.0000000e+00  -3.8248973e-09
   5.1900000e+02   2.0209250e+01   3.8128680e+00  -6.2807604e-02   0.0000000e+00  -3.7654391e-09
   5.2000000e+02   2.0175090e+01   3.8119850e+00  -6.2807808e-02   0.0000000e+00  -3.7068112e-09
   5.2100000e+02   2.0141090e+01   3.8110990e+00  -6.2808000e-02   0.0000000e+00  -3.6490150e-09
   5.2200000e+02   2.0107220e+01   3.8102120e+00  -6.2808147e-02   0.0000000e+00  -3.5920568e-09
   5.2300000e+02   2.0073500e+01   3.8093220e+00  -6.2808299e-02   0.0000000e+00  -3.5359376e-09
   5.2400000e+02   2.0039920e+01   3.8084300e+00  -6.2808419e-02   0.0000000e+00  -3.4806587e-09
   5.2500000e+02   2.0006490e+01   3.8075350e+00  -6.2808535e-02   0.0000000e+00  -3.4262242e-09
   5.2600000e+02   1.9973190e+01   3.8066390e+00  -6.2808615e-02   0.0000000e+00  -3.3726365e-09
   5.2700000e+02   1.9940040e+01   3.8057400e+00  -6.2808688e-02   0.0000000e+00  -3.3198981e-09
   5.2800000e+02   1.9907020e+01   3.8048390e+00  -6.2808745e-02   0.0000000e+00  -3.2680128e-09
   5.2900000e+02   1.9874140e+01   3.8039350e+00  -6.2808797e-02   0.0000000e+00  -3.2169811e-09
   5.3000000e+02   1.9841400e+01   3.8030300e+00  -6.2808818e-02   0.0000000e+00  -3.1668055e-09
   5.3100000e+02   1.9808800e+01   3.8021220e+00  -6.2808826e-02   0.0000000e+00  -3.1174885e-09
   5.3200000e+02   1.9776330e+01   3.8012120e+00  -6.2808824e-02   0.0000000e+00  -3.0690318e-09
   5.3300000e+02   1.9744000e+01   3.8002990e+00  -6.2808821e-02   0.0000000e+00  -3.0214400e-09
   5.3400000e+02   1.9711810e+01   3.7993850e+00  -6.2808787e-02   0.0000000e+00  -2.9747132e-09
   5.3500000e+02   1.9679750e+01   3.7984680e+00  -6.2808747e-02   0.0000000e+00  -2.9288522e-09
   5.3600000e+02   1.9647820e+01   3.7975490e+00  -6.2808697e-02   0.0000000e+00  -2.8838612e-09
   5.3700000e+02   1.9616020e+01   3.7966280e+00  -6.2808619e-02   0.0000000e+00  -2.8397407e-09
   5.3800000e+02   1.9584360e+01   3.7957050e+00  -6.2808532e-02   0.0000000e+00  -2.7964934e-09
   5.3900000e+02   1.9552830e+01   3.7947790e+00  -6.2808452e-02   0.0000000e+00  -2.7541197e-09
   5.4000000e+02   1.9521420e+01   3.7938510e+00  -6.2808360e-02   0.0000000e+00  -2.7126213e-09
   5.4100000e+02   1.9490150e+01   3.7929210e+00  -6.2808245e-02   0.0000000e+00  -2.6720016e-09
   5.4200000e+02   1.9459010e+01   3.7919890e+00  -6.2808119e-02   0.0000000e+00  -2.6322591e-09
   5.4300000e+02   1.9427990e+01   3.7910550e+00  -6.2807983e-02   0.0000000e+00  -2.5933988e-09
   5.4400000e+02   1.9397100e+01   3.7901190e+00  -6.2807829e-02   0.0000000e+00  -2.5554193e-09
   5.4500000e+02   1.9366340e+01   3.7891800e+00  -6.2807676e-02   0.0000000e+00  -2.5183223e-09
   5.4600000e+02   1.9335700e+01   3.7882390e+00  -6.2807524e-02   0.0000000e+00  -2.4821110e-09
   5.4700000e+02   1.9305190e+01   3.7872960e+00  -6.2807353e-02   0.0000000e+00  -2.4467844e-09
   5.4800000e+02   1.9274800e+01   3.7863510e+00  -6.2807170e-02   0.0000000e+00  -2.4123436e-09
   5.4900000e+02   1.9244540e+01   3.7854040e+00  -6.2806973e-02   0.0000000e+00  -2.3787906e-09
   5.5000000e+02   1.9214400e+01   3.7844540e+00  -6.2806785e-02   0.0000000e+00  -2.3461265e-09
   5.5100000e+02   1.9184390e+01   3.7835030e+00  -6.2806567e-02   0.0000000e+00  -2.3143500e-09
   5.5200000e+02   1.9154490e+01   3.7825490e+00  -6.2806363e-02   0.0000000e+00  -2.2834648e-09
   5.5300000e+02   1.9124720e+01   3.7815940e+00  -6.2806118e-02   0.0000000e+00  -2.2534699e-09
   5.5400000e+02   1.9095060e+01   3.7806360e+00  -6.2805895e-02   0.0000000e+00  -2.2243654e-09
   5.5500000e+02   1.9065530e+01   3.7796760e+00  -6.2805657e-02   0.0000000e+00  -2.1961538e-09
   5.5600000e+02   1.9036120e+01   3.7787140e+00  -6.2805406e-02   0.0000000e+00  -2.1688331e-09
   5.5700000e+02   1.9006820e+01   3.7777490e+00  -6.2805167e-02   0.0000000e+00  -2.1424077e-09
   5.5800000e+02   1.8977640e+01   3.7767830e+00  -6.2804905e-02   0.0000000e+00  -2.1168736e-09
   5.5900000e+02   1.8948580e+01   3.7758150e+00  -6.2804631e-02   0.0000000e+00  -2.0922327e-09
   5.6000000e+02   1.8919640e+01   3.7748440e+00  -6.2804364e-02   0.0000000e+00  -2.0684866e-09
   5.6100000e+02   1.8890810e+01   3.7738720e+00  -6.2804070e-02   0.0000000e+00  -2.0456336e-09
   5.6200000e+02   1.8862100e+01   3.7728970e+00  -6.2803788e-02   0.0000000e+00  -2.0236745e-09
   5.6300000e+02   1.8833500e+01   3.7719210e+00  -6.2803486e-02   0.0000000e+00  -2.0026088e-09
   5.6400000e+02   1.8805020e+01   3.7709420e+00  -6.2803183e-02   0.0000000e+00  -1.9824371e-09
   5.6500000e+02   1.8776650e+01   3.7699610e+00  -6.2802877e-02   0.0000000e+00  -1.9631585e-09
   5.6600000e+02   1.8748390e+01   3.7689780e+00  -6.2802562e-02   0.0000000e+00  -1.9447750e-09
   5.6700000e+02   1.8720240e+01   3.7679930e+00  -6.2802249e-02   0.0000000e+00  -1.9272831e-09
   5.6800000e+02   1.8692210e+01   3.7670070e+00  -6.2801901e-02   0.0000000e+00  -1.9106837e-09
   5.6900000e+02   1.8664290e+01   3.7660180e+00  -6.2801570e-02   0.0000000e+00  -1.8949773e-09
   5.7000000e+02   1.8636470e+01   3.7650270e+00  -6.2801224e-02   0.0000000e+00  -1.8801631e-09
   5.7100000e+02   1.8608770e+01   3.7640340e+00  -6.2800873e-02   0.0000000e+00  -1.8662396e-09
   5.7200000e+02   1.8581180e+01   3.7630390e+00  -6.2800519e-02   0.0000000e+00  -1.8532075e-09
   5.7300000e+02   1.8553690e+01   3.7620420e+00  -6.2800162e-02   0.0000000e+00  -1.8410646e-09
   5.7400000e+02   1.8526320e+01   3.7610430e+00  -6.2799786e-02   0.0000000e+00  -1.8298106e-09
   5.7500000e+02   1.8499050e+01   3.7600420e+00  -6.2799409e-02   0.0000000e+00  -1.8194458e-09
   5.7600000e+02   1.8471890e+01   3.7590400e+00  -6.2799011e-02   0.0000000e+00  -1.8099672e-09
   5.7700000e+02   1.8444830e+01   3.7580350e+00  -6.2798625e-02   0.0000000e+00  -1.8013757e-09
   5.7800000e+02   1.8417880e+01   3.7570280e+00  -6.2798228e-02   0.0000000e+00  -1.7936707e-09
   5.7900000e+02   1.8391040e+01   3.7560190e+00  -6.2797827e-02   0.0000000e+00  -1.7868486e-09
   5.8000000e+02   1.8364300e+01   3.7550090e+00  -6.2797400e-02   0.0000000e+00  -1.7809090e-09
   5.8100000e+02   1.8337660e+01   3.7539960e+00  -6.2796987e-02   0.0000000e+00  -1.7758531e-09
   5.8200000e+02   1.8311130e+01   3.7529820e+00  -6.2796544e-02   0.0000000e+00  -1.7716771e-09
   5.8300000e+02   1.8284700e+01   3.7519650e+00  -6.2796112e-02   0.0000000e+00  -1.7683800e-09
   5.8400000e+02   1.8258370e+01   3.7509470e+00  -6.2795664e-02   0.0000000e+00  -1.7659608e-09
   5.8500000e+02   1.8232150e+01   3.7499270e+00  -6.2795209e-02   0.0000000e+00  -1.7644165e-09
   5.8600000e+02   1.8206020e+01   3.7489050e+00  -6.2794745e-02   0.0000000e+00  -1.7637471e-09
   5.8700000e+02   1.8180000e+01   3.7478810e+00  -6.2794268e-02   0.0000000e+00  -1.7639525e-09
   5.8800000e+02   1.8154080e+01   3.7468550e+00  -6.2793792e-02   0.0000000e+00  -1.7650273e-09
   5.8900000e+02   1.8128250e+01   3.7458270e+00  -6.2793313e-02   0.0000000e+00  -1.7669730e-09
   5.9000000e+02   1.8102530e+01   3.7447970e+00  -6.2792814e-02   0.0000000e+00  -1.7697857e-09
   5.9100000e+02   1.8076900e+01   3.7437660e+00  -6.2792297e-02   0.0000000e+00  -1.7734640e-09
   5.9200000e+02   1.8051380e+01   3.7427330e+00  -6.2791778e-02   0.0000000e+00  -1.7780053e-09
   5.9300000e+02   1.8025950e+01   3.7416970e+00  -6.2791254e-02   0.0000000e+00  -1.7834104e-09
   5.9400000e+02   1.8000610e+01   3.7406600e+00  -6.2790723e-02   0.0000000e+00  -1.7896733e-09
   5.9500000e+02   1.7975380e+01   3.7396220e+00  -6.2790168e-02   0.0000000e+00  -1.7967933e-09
   5.9600000e+02   1.7950240e+01   3.7385810e+00  -6.2789605e-02   0.0000000e+00  -1.8047702e-09
   5.9700000e+02   1.7925190e+01   3.7375390e+00  -6.2789034e-02   0.0000000e+00  -1.8135982e-09
   5.9800000e+02   1.7900250e+01   3.7364940e+00  -6.2788462e-02   0.0000000e+00  -1.8232778e-09
   5.9900000e+02   1.7875390e+01   3.7354480e+00  -6.2787876e-02   0.0000000e+00  -1.8338051e-09
   6.0000000e+02   1.7850630e+01   3.7344010e+00  -6.2787251e-02   0.0000000e+00  -1.8451778e-09
   6.0100000e+02   1.7825960e+01   3.7333510e+00  -6.2786644e-02   0.0000000e+00  -1.8573949e-09
   6.0200000e+02   1.7801390e+01   3.7323000e+00  -6.2786012e-02   0.0000000e+00  -1.8704516e-09
   6.0300000e+02   1.7776910e+01   3.7312470e+00  -6.2785369e-02   0.0000000e+00  -1.8843462e-09
   6.0400000e+02   1.7752520e+01   3.7301920e+00  -6.2784713e-02   0.0000000e+00  -1.8990763e-09
   6.0500000e+02   1.7728220e+01   3.7291350e+00  -6.2784047e-02   0.0000000e+00  -1.9146393e-09
   6.0600000e+02   1.7704020e+01   3.7280770e+00  -6.2783366e-02   0.0000000e+00  -1.9310309e-09
   6.0700000e+02   1.7679900e+01   3.7270170e+00  -6.2782671e-02   0.0000000e+00  -1.9482493e-09
   6.0800000e+02   1.7655870e+01   3.7259550e+00  -6.2781971e-02   0.0000000e+00  -1.9662919e-09
   6.0900000e+02   1.7631940e+01   3.7248920e+00  -6.2781235e-02   0.0000000e+00  -1.9851549e-09
   6.1000000e+02   1.7608090e+01   3.7238270e+00  -6.2780498e-02   0.0000000e+00  -2.0048353e-09
   6.1100000e+02   1.7584340e+01   3.7227600e+00  -6.2779740e-02   0.0000000e+00  -2.0253309e-09
   6.1200000e+02   1.7560670e+01   3.7216920e+00  -6.2778959e-02   0.0000000e+00  -2.0466374e-09
   6.1300000e+02   1.7537080e+01   3.7206220e+00  -6.2778176e-02   0.0000000e+00  -2.0687523e-09
   6.1400000e+02   1.7513590e+01   3.7195500e+00  -6.2777372e-02   0.0000000e+00  -2.0916722e-09
   6.1500000e+02   1.7490180e+01   3.7184760e+00  -6.2776566e-02   0.0000000e+00  -2.1153936e-09
   6.1600000e+02   1.7466860e+01   3.7174010e+00  -6.2775733e-02   0.0000000e+00  -2.1399133e-09
   6.1700000e+02   1.7443630e+01   3.7163250e+00  -6.2774855e-02   0.0000000e+00  -2.1652271e-09
   6.1800000e+02   1.7420480e+01   3.7152470e+00  -6.2773976e-02   0.0000000e+00  -2.1913327e-09
   6.1900000e+02   1.7397420e+01   3.7141670e+00  -6.2773088e-02   0.0000000e+00  -2.2182259e-09
   6.2000000e+02   1.7374440e+01   3.7130850e+00  -6.2772191e-02   0.0000000e+00  -2.2459035e-09
   6.2100000e+02   1.7351540e+01   3.7120020e+00  -6.2771252e-02   0.0000000e+00  -2.2743615e-09
   6.2200000e+02   1.7328730e+01   3.7109170e+00  -6.2770315e-02   0.0000000e+00  -2.3035960e-09
   6.2300000e+02   1.7306010e+01   3.7098310e+00  -6.2769340e-02   0.0000000e+00  -2.3336035e-09
   6.2400000e+02   1.7283360e+01   3.7087440e+00  -6.2768337e-02   0.0000000e+00  -2.3643798e-09
   6.2500000e+02   1.7260800e+01   3.7076540e+00  -6.2767328e-02   0.0000000e+00  -2.3959226e-09
   6.2600000e+02   1.7238320e+01   3.7065630e+00  -6.2766300e-02   0.0000000e+00  -2.4282265e-09
   6.2700000e+02   1.7215920e+01   3.7054710e+00  -6.2765241e-02   0.0000000e+00  -2.4612874e-09
   6.2800000e+02   1.7193610e+01   3.7043770e+00  -6.2764157e-02   0.0000000e+00  -2.4951028e-09
   6.2900000e+02   1.7171370e+01   3.7032820e+00  -6.2763051e-02   0.0000000e+00  -2.5296670e-09
   6.3000000e+02   1.7149220e+01   3.7021850e+00  -6.2761931e-02   0.0000000e+00  -2.5649768e-09
   6.3100000e+02   1.7127140e+01   3.7010860e+00  -6.2760791e-02   0.0000000e+00  -2.6010291e-09
   6.3200000e+02   1.7105150e+01   3.6999870e+00  -6.2759604e-02   0.0000000e+00  -2.6378168e-09
   6.3300000e+02   1.7083230e+01   3.6988850e+00  -6.2758419e-02   0.0000000e+00  -2.6753394e-09
   6.3400000e+02   1.7061390e+01   3.6977830e+00  -6.2757179e-02   0.0000000e+00  -2.7135894e-09
   6.3500000e+02   1.7039630e+01   3.6966780e+00  -6.2755943e-02   0.0000000e+00  -2.7525652e-09
   6.3600000e+02   1.7017950e+01   3.6955730e+00  -6.2754656e-02   0.0000000e+00  -2.7922596e-09
   6.3700000e+02   1.6996350e+01   3.6944660e+00  -6.2753350e-02   0.0000000e+00  -2.8326707e-09
   6.3800000e+02   1.6974820e+01   3.6933570e+00  -6.2752034e-02   0.0000000e+00  -2.8737935e-09
   6.3900000e+02   1.6953370e+01   3.6922470e+00  -6.2750675e-02   0.0000000e+00  -2.9156234e-09
   6.4000000e+02   1.6932000e+01   3.6911360e+00  -6.2749285e-02   0.0000000e+00  -2.9581548e-09
   6.4100000e+02   1.6910710e+01   3.6900230e+00  -6.2747873e-02   0.0000000e+00  -3.0013850e-09
   6.4200000e+02   1.6889480e+01   3.6889090e+00  -6.2746433e-02   0.0000000e+00  -3.0453079e-09
   6.4300000e+02   1.6868340e+01   3.6877940e+00  -6.2744952e-02   0.0000000e+00  -3.0899194e-09
   6.4400000e+02   1.6847270e+01   3.6866770e+00  -6.2743453e-02   0.0000000e+00  -3.1352159e-09
   6.4500000e+02   1.6826270e+01   3.6855590e+00  -6.2741913e-02   0.0000000e+00  -3.1811916e-09
   6.4600000e+02   1.6805350e+01   3.6844390e+00  -6.2740358e-02   0.0000000e+00  -3.2278423e-09
   6.4700000e+02   1.6784500e+01   3.6833180e+00  -6.2738765e-02   0.0000000e+00  -3.2751632e-09
   6.4800000e+02   1.6763730e+01   3.6821960e+00  -6.2737135e-02   0.0000000e+00  -3.3231489e-09
   6.4900000e+02   1.6743020e+01   3.6810730e+00  -6.2735469e-02   0.0000000e+00  -3.3717946e-09
   6.5000000e+02   1.6722400e+01   3.6799480e+00  -6.2733775e-02   0.0000000e+00  -3.4210969e-09
   6.5100000e+02   1.6701840e+01   3.6788220e+00  -6.2732048e-02   0.0000000e+00  -3.4710491e-09
   6.5200000e+02   1.6681350e+01   3.6776950e+00  -6.2730278e-02   0.0000000e+00  -3.5216473e-09
   6.5300000e+02   1.6660940e+01   3.6765660e+00  -6.2728491e-02   0.0000000e+00  -3.5728875e-09
   6.5400000e+02   1.6640600e+01   3.6754360e+00  -6.2726660e-02   0.0000000e+00  -3.6247626e-09
   6.5500000e+02   1.6620330e+01   3.6743050e+00  -6.2724791e-02   0.0000000e+00  -3.6772692e-09
   6.5600000e+02   1.6600120e+01   3.6731730e+00  -6.2722882e-02   0.0000000e+00  -3.7304015e-09
   6.5700000e+02   1.6579990e+01   3.6720400e+00  -6.2720930e-02   0.0000000e+00  -3.7841538e-09
   6.5800000e+02   1.6559930e+01   3.6709050e+00  -6.2718956e-02   0.0000000e+00  -3.8385237e-09
   6.5900000e+02   1.6539940e+01   3.6697690e+00  -6.2716939e-02   0.0000000e+00  -3.8935033e-09
   6.6000000e+02   1.6520020e+01   3.6686320e+00  -6.2714879e-02   0.0000000e+00  -3.9490887e-09
   6.6100000e+02   1.6500160e+01   3.6674940e+00  -6.2712782e-02   0.0000000e+00  -4.0052745e-09
   6.6200000e+02   1.6480380e+01   3.6663540e+00  -6.2710654e-02   0.0000000e+00  -4.0620564e-09
   6.6300000e+02   1.6460660e+01   3.6652140e+00  -6.2708469e-02   0.0000000e+00  -4.1194271e-09
   6.6400000e+02   1.6441010e+01   3.6640720e+00  -6.2706256e-02   0.0000000e+00  -4.1773834e-09
   6.6500000e+02   1.6421430e+01   3.6629290e+00  -6.2704001e-02   0.0000000e+00  -4.2359195e-09
   6.6600000e+02   1.6401910e+01   3.6617850e+00  -6.2701704e-02   0.0000000e+00  -4.2950298e-09
   6.6700000e+02   1.6382460e+01   3.6606400e+00  -6.2699359e-02   0.0000000e+00  -4.3547093e-09
   6.6800000e+02   1.6363080e+01   3.6594940e+00  -6.2696968e-02   0.0000000e+00  -4.4149526e-09
   6.6900000e+02   1.6343760e+01   3.6583470e+00  -6.2694540e-02   0.0000000e+00  -4.4757535e-09
   6.7000000e+02   1.6324510e+01   3.6571980e+00  -6.2692079e-02   0.0000000e+00  -4.5371092e-09
   6.7100000e+02   1.6305330e+01   3.6560490e+00  -6.2689550e-02   0.0000000e+00  -4.5990114e-09
   6.7200000e+02   1.6286200e+01   3.6548980e+00  -6.2687002e-02   0.0000000e+00  -4.6614572e-09
   6.7300000e+02   1.6267150e+01   3.6537470e+00  -6.2684381e-02   0.0000000e+00  -4.7244388e-09
   6.7400000e+02   1.6248160e+01   3.6525940e+00  -6.2681737e-02   0.0000000e+00  -4.7879528e-09
   6.7500000e+02   1.6229230e+01   3.6514410e+00  -6.2679028e-02   0.0000000e+00  -4.8519913e-09
   6.7600000e+02   1.6210360e+01   3.6502860e+00  -6.2676286e-02   0.0000000e+00  -4.9165525e-09
   6.7700000e+02   1.6191560e+01   3.6491300e+00  -6.2673499e-02   0.0000000e+00  -4.9816288e-09
   6.7800000e+02   1.6172830e+01   3.6479740e+00  -6.2670643e-02   0.0000000e+00  -5.0472142e-09
   6.7900000e+02   1.6154150e+01   3.6468160e+00  -6.2667758e-02   0.0000000e+00  -5.1133044e-09
   6.8000000e+02   1.6135540e+01   3.6456570e+00  -6.2664825e-02   0.0000000e+00  -5.1798936e-09
   6.8100000e+02   1.6116990e+01   3.6444980e+00  -6.2661826e-02   0.0000000e+00  -5.2469749e-09
   6.8200000e+02   1.6098500e+01   3.6433370e+00  -6.2658792e-02   0.0000000e+00  -5.3145457e-09
   6.8300000e+02   1.6080070e+01   3.6421760e+00  -6.2655693e-02   0.0000000e+00  -5.3825978e-09
   6.8400000e+02   1.6061710e+01   3.6410140e+00  -6.2652543e-02   0.0000000e+00  -5.4511258e-09
   6.8500000e+02   1.6043400e+01   3.6398500e+00  -6.2649364e-02   0.0000000e+00  -5.5201270e-09
   6.8600000e+02   1.6025160e+01   3.6386860e+00  -6.2646110e-02   0.0000000e+00  -5.5895927e-09
   6.8700000e+02   1.6006980e+01   3.6375210e+00  -6.2642811e-02   0.0000000e+00  -5.6595184e-09
   6.8800000e+02   1.5988850e+01   3.6363550e+00  -6.2639452e-02   0.0000000e+00  -5.7298990e-09
   6.8900000e+02   1.5970790e+01   3.6351880e+00  -6.2636047e-02   0.0000000e+00  -5.8007283e-09
   6.9000000e+02   1.5952780e+01   3.6340200e+00  -6.2632595e-02   0.0000000e+00  -5.8720010e-09
   6.9100000e+02   1.5934840e+01   3.6328520e+00  -6.2629062e-02   0.0000000e+00  -5.9437110e-09
   6.9200000e+02   1.5916950e+01   3.6316820e+00  -6.2625500e-02   0.0000000e+00  -6.0158538e-09
   6.9300000e+02   1.5899120e+01   3.6305120e+00  -6.2621868e-02   0.0000000e+00  -6.0884230e-09
   6.9400000e+02   1.5881350e+01   3.6293410e+00  -6.2618183e-02   0.0000000e+00  -6.1614123e-09
   6.9500000e+02   1.5863640e+01   3.6281690e+00  -6.2614443e-02   0.0000000e+00  -6.2348177e-09
   6.9600000e+02   1.5845980e+01   3.6269960e+00  -6.2610647e-02   0.0000000e+00  -6.3086336e-09
   6.9700000e+02   1.5828390e+01   3.6258230e+00  -6.2606781e-02   0.0000000e+00  -6.3828514e-09
   6.9800000e+02   1.5810850e+01   3.6246490e+00  -6.2602859e-02   0.0000000e+00  -6.4574695e-09
   6.9900000e+02   1.5793360e+01   3.6234740e+00  -6.2598887e-02   0.0000000e+00  -6.5324790e-09
   7.0000000e+02   1.5775940e+01   3.6222980e+00  -6.2594853e-02   0.0000000e+00  -6.6078771e-09
   7.0100000e+02   1.5758570e+01   3.6211210e+00  -6.2590767e-02   0.0000000e+00  -6.6836575e-09
   7.0200000e+02   1.5741250e+01   3.6199440e+00  -6.2586603e-02   0.0000000e+00  -6.7598129e-09
   7.0300000e+02   1.5723990e+01   3.6187660e+00  -6.2582391e-02   0.0000000e+00  -6.8363381e-09
   7.0400000e+02   1.5706790e+01   3.6175870e+00  -6.2578119e-02   0.0000000e+00  -6.9132294e-09
   7.0500000e+02   1.5689640e+01   3.6164080e+00  -6.2573768e-02   0.0000000e+00  -6.9904789e-09
   7.0600000e+02   1.5672550e+01   3.6152280e+00  -6.2569360e-02   0.0000000e+00  -7.0680821e-09
   7.0700000e+02   1.5655510e+01   3.6140470e+00  -6.2564900e-02   0.0000000e+00  -7.1460341e-09
   7.0800000e+02   1.5638530e+01   3.6128650e+00  -6.2560377e-02   0.0000000e+00  -7.2243283e-09
   7.0900000e+02   1.5621600e+01   3.6116830e+00  -6.2555782e-02   0.0000000e+00  -7.3029587e-09
   7.1000000e+02   1.5604720e+01   3.6105000e+00  -6.2551132e-02   0.0000000e+00  -7.3819208e-09
   7.1100000e+02   1.5587900e+01   3.6093170e+00  -6.2546401e-02   0.0000000e+00  -7.4612078e-09
   7.1200000e+02   1.5571130e+01   3.6081330e+00  -6.2541611e-02   0.0000000e+00  -7.5408142e-09
   7.1300000e+02   1.5554410e+01   3.6069480e+00  -6.2536762e-02   0.0000000e+00  -7.6207373e-09
   7.1400000e+02   1.5537750e+01   3.6057630e+00  -6.2531840e-02   0.0000000e+00  -7.7009679e-09
   7.1500000e+02   1.5521140e+01   3.6045770e+00  -6.2526855e-02   0.0000000e+00  -7.7815015e-09
   7.1600000e+02   1.5504580e+01   3.6033900e+00  -6.2521813e-02   0.0000000e+00  -7.8623336e-09
   7.1700000e+02   1.5488070e+01   3.6022030e+00  -6.2516691e-02   0.0000000e+00  -7.9434583e-09
   7.1800000e+02   1.5471620e+01   3.6010150e+00  -6.2511509e-02   0.0000000e+00  -8.0248698e-09
   7.1900000e+02   1.5455210e+01   3.5998270e+00  -6.2506251e-02   0.0000000e+00  -8.1065615e-09
   7.2000000e+02   1.5438860e+01   3.5986380e+00  -6.2500929e-02   0.0000000e+00  -8.1885300e-09
   7.2100000e+02   1.5422560e+01   3.5974490e+00  -6.2495526e-02   0.0000000e+00  -8.2707671e-09
   7.2200000e+02   1.5406310e+01   3.5962590e+00  -6.2490066e-02   0.0000000e+00  -8.3532701e-09
   7.2300000e+02   1.5390110e+01   3.5950690e+00  -6.2484525e-02   0.0000000e+00  -8.4360299e-09
   7.2400000e+02   1.5373960e+01   3.5938780e+00  -6.2478923e-02   0.0000000e+00  -8.5190456e-09
   7.2500000e+02   1.5357860e+01   3.5926870e+00  -6.2473242e-02   0.0000000e+00  -8.6023084e-09
   7.2600000e+02   1.5341810e+01   3.5914950e+00  -6.2467495e-02   0.0000000e+00  -8.6858145e-09
   7.2700000e+02   1.5325810e+01   3.5903020e+00  -6.2461689e-02   0.0000000e+00  -8.7695600e-09
   7.2800000e+02   1.5309860e+01   3.5891100e+00  -6.2455787e-02   0.0000000e+00  -8.8535335e-09
   7.2900000e+02   1.5293960e+01   3.5879160e+00  -6.2449831e-02   0.0000000e+00  -8.9377376e-09
   7.3000000e+02   1.5278100e+01   3.5867230e+00  -6.2443787e-02   0.0000000e+00  -9.0221587e-09
   7.3100000e+02   1.5262300e+01   3.5855290e+00  -6.2437674e-02   0.0000000e+00  -9.1067972e-09
   7.3200000e+02   1.5246540e+01   3.5843340e+00  -6.2431497e-02   0.0000000e+00  -9.1916478e-09
   7.3300000e+02   1.5230830e+01   3.5831390e+00  -6.2425244e-02   0.0000000e+00  -9.2767023e-09
   7.3400000e+02   1.5215170e+01   3.5819440e+00  -6.2418901e-02   0.0000000e+00  -9.3619558e-09
   7.3500000e+02   1.5199560e+01   3.5807480e+00  -6.2412495e-02   0.0000000e+00  -9.4474048e-09
   7.3600000e+02   1.5184000e+01   3.5795520e+00  -6.2406010e-02   0.0000000e+00  -9.5330416e-09
   7.3700000e+02   1.5168480e+01   3.5783550e+00  -6.2399463e-02   0.0000000e+00  -9.6188640e-09
   7.3800000e+02   1.5153010e+01   3.5771580e+00  -6.2392826e-02   0.0000000e+00  -9.7048641e-09
   7.3900000e+02   1.5137580e+01   3.5759610e+00  -6.2386112e-02   0.0000000e+00  -9.7910367e-09
   7.4000000e+02   1.5122210e+01   3.5747630e+00  -6.2379330e-02   0.0000000e+00  -9.8773784e-09
   7.4100000e+02   1.5106870e+01   3.5735650e+00  -6.2372469e-02   0.0000000e+00  -9.9638825e-09
   7.4200000e+02   1.5091590e+01   3.5723670e+00  -6.2365521e-02   0.0000000e+00  -1.0050544e-08
   7.4300000e+02   1.5076350e+01   3.5711680e+00  -6.2358509e-02   0.0000000e+00  -1.0137358e-08
   7.4400000e+02   1.5061160e+01   3.5699690e+00  -6.2351412e-02   0.0000000e+00  -1.0224321e-08
   7.4500000e+02   1.5046010e+01   3.5687700e+00  -6.2344230e-02   0.0000000e+00  -1.0311423e-08
   7.4600000e+02   1.5030900e+01   3.5675700e+00  -6.2336985e-02   0.0000000e+00  -1.0398665e-08
   7.4700000e+02   1.5015850e+01   3.5663710e+00  -6.2329641e-02   0.0000000e+00  -1.0486035e-08
   7.4800000e+02   1.5000830e+01   3.5651700e+00  -6.2322245e-02   0.0000000e+00  -1.0573536e-08
   7.4900000e+02   1.4985860e+01   3.5639700e+00  -6.2314740e-02   0.0000000e+00  -1.0661157e-08
   7.5000000e+02   1.4970940e+01   3.5627700e+00  -6.2307159e-02   0.0000000e+00  -1.0748892e-08
   7.5100000e+02   1.4956060e+01   3.5615690e+00  -6.2299507e-02   0.0000000e+00  -1.0836743e-08
   7.5200000e+02   1.4941220e+01   3.5603680e+00  -6.2291771e-02   0.0000000e+00  -1.0924700e-08
   7.5300000e+02   1.4926430e+01   3.5591660e+00  -6.2283969e-02   0.0000000e+00  -1.1012757e-08
   7.5400000e+02   1.4911680e+01   3.5579650e+00  -6.2276060e-02   0.0000000e+00  -1.1100913e-08
   7.5500000e+02   1.4896970e+01   3.5567630e+00  -6.2268090e-02   0.0000000e+00  -1.1189159e-08
   7.5600000e+02   1.4882310e+01   3.5555610e+00  -6.2260032e-02   0.0000000e+00  -1.1277491e-08
   7.5700000e+02   1.4867690e+01   3.5543590e+00  -6.2251886e-02   0.0000000e+00  -1.1365908e-08
   7.5800000e+02   1.4853110e+01   3.5531570e+00  -6.2243661e-02   0.0000000e+00  -1.1454401e-08
   7.5900000e+02   1.4838580e+01   3.5519540e+00  -6.2235357e-02   0.0000000e+00  -1.1542967e-08
   7.6000000e+02   1.4824090e+01   3.5507520e+00  -6.2226958e-02   0.0000000e+00  -1.1631599e-08
   7.6100000e+02   1.4809640e+01   3.5495490e+00  -6.2218489e-02   0.0000000e+00  -1.1720297e-08
   7.6200000e+02   1.4795230e+01   3.5483460e+00  -6.2209931e-02   0.0000000e+00  -1.1809050e-08
   7.6300000e+02   1.4780860e+01   3.5471430e+00  -6.2201290e-02   0.0000000e+00  -1.1897859e-08
   7.6400000e+02   1.4766540e+01   3.5459400e+00  -6.2192566e-02   0.0000000e+00  -1.1986710e-08
   7.6500000e+02   1.4752250e+01   3.5447360e+00  -6.2183769e-02   0.0000000e+00  -1.2075611e-08
   7.6600000e+02   1.4738010e+01   3.5435330e+00  -6.2174868e-02   0.0000000e+00  -1.2164549e-08
   7.6700000e+02   1.4723810e+01   3.5423290e+00  -6.2165896e-02   0.0000000e+00  -1.2253524e-08
   7.6800000e+02   1.4709650e+01   3.5411260e+00  -6.2156823e-02   0.0000000e+00  -1.2342525e-08
   7.6900000e+02   1.4695530e+01   3.5399220e+00  -6.2147678e-02   0.0000000e+00  -1.2431555e-08
   7.7000000e+02   1.4681450e+01   3.5387180e+00  -6.2138452e-02   0.0000000e+00  -1.2520608e-08
   7.7100000e+02   1.4667410e+01   3.5375140e+00  -6.2129138e-02   0.0000000e+00  -1.2609672e-08
   7.7200000e+02   1.4653410e+01   3.5363110e+00  -6.2119715e-02   0.0000000e+00  -1.2698745e-08
   7.7300000e+02   1.4639450e+01   3.5351070e+00  -6.2110222e-02   0.0000000e+00  -1.2787833e-08
   7.7400000e+02   1.4625520e+01   3.5339030e+00  -6.2100646e-02   0.0000000e+00  -1.2876917e-08
   7.7500000e+02   1.4611640e+01   3.5326990e+00  -6.2090983e-02   0.0000000e+00  -1.2966003e-08
   7.7600000e+02   1.4597800e+01   3.5314950e+00  -6.2081232e-02   0.0000000e+00  -1.3055081e-08
   7.7700000e+02   1.4584000e+01   3.5302910e+00  -6.2071390e-02   0.0000000e+00  -1.3144152e-08
   7.7800000e+02   1.4570230e+01   3.5290870e+00  -6.2061467e-02   0.0000000e+00  -1.3233209e-08
   7.7900000e+02   1.4556510e+01   3.5278830e+00  -6.2051456e-02   0.0000000e+00  -1.3322238e-08
   7.8000000e+02   1.4542820e+01   3.5266790e+00  -6.2041356e-02   0.0000000e+00  -1.3411254e-08
   7.8100000e+02   1.4529170e+01   3.5254750e+00  -6.2031167e-02   0.0000000e+00  -1.3500236e-08
   7.8200000e+02   1.4515560e+01   3.5242710e+00  -6.2020894e-02   0.0000000e+00  -1.3589187e-08
   7.8300000e+02   1.4501990e+01   3.5230670e+00  -6.2010532e-02   0.0000000e+00  -1.3678105e-08
   7.8400000e+02   1.4488450e+01   3.5218630e+00  -6.2000082e-02   0.0000000e+00  -1.3766981e-08
   7.8500000e+02   1.4474960e+01   3.5206590e+00  -6.1989541e-02   0.0000000e+00  -1.3855811e-08
   7.8600000e+02   1.4461500e+01   3.5194550e+00  -6.1978917e-02   0.0000000e+00  -1.3944596e-08
   7.8700000e+02   1.4448080e+01   3.5182520e+00  -6.1968190e-02   0.0000000e+00  -1.4033317e-08
   7.8800000e+02   1.4434690e+01   3.5170480e+00  -6.1957386e-02   0.0000000e+00  -1.4121992e-08
   7.8900000e+02   1.4421340e+01   3.5158450e+00  -6.1946484e-02   0.0000000e+00  -1.4210603e-08
   7.9000000e+02   1.4408030e+01   3.5146410e+00  -6.1935509e-02   0.0000000e+00  -1.4299150e-08
   7.9100000e+02   1.4394760e+01   3.5134380e+00  -6.1924431e-02   0.0000000e+00  -1.4387628e-08
   7.9200000e+02   1.4381520e+01   3.5122350e+00  -6.1913263e-02   0.0000000e+00  -1.4476030e-08
   7.9300000e+02   1.4368310e+01   3.5110310e+00  -6.1902025e-02   0.0000000e+00  -1.4564361e-08
   7.9400000e+02   1.4355150e+01   3.5098280e+00  -6.1890687e-02   0.0000000e+00  -1.4652605e-08
   7.9500000e+02   1.4342020e+01   3.5086260e+00  -6.1879238e-02   0.0000000e+00  -1.4740766e-08
   7.9600000e+02   1.4328920e+01   3.5074230e+00  -6.1867722e-02   0.0000000e+00  -1.4828843e-08
   7.9700000e+02   1.4315860e+01   3.5062200e+00  -6.1856118e-02   0.0000000e+00  -1.4916826e-08
   7.9800000e+02   1.4302840e+01   3.5050180e+00  -6.1844408e-02   0.0000000e+00  -1.5004709e-08
   7.9900000e+02   1.4289850e+01   3.5038160e+00  -6.1832609e-02   0.0000000e+00  -1.5092491e-08
   8.0000000e+02   1.4276900e+01   3.5026140e+00  -6.1820729e-02   0.0000000e+00  -1.5180171e-08
   8.0100000e+02   1.4263980e+01   3.5014120e+00  -6.1808755e-02   0.0000000e+00  -1.5267749e-08
   8.0200000e+02   1.4251100e+01   3.5002100e+00  -6.1796694e-02   0.0000000e+00  -1.5355213e-08
   8.0300000e+02   1.4238250e+01   3.4990080e+00  -6.1784550e-02   0.0000000e+00  -1.5442562e-08
   8.0400000e+02   1.4225440e+01   3.4978070e+00  -6.1772298e-02   0.0000000e+00  -1.5529792e-08
   8.0500000e+02   1.4212660e+01   3.4966060e+00  -6.1759963e-02   0.0000000e+00  -1.5616897e-08
   8.0600000e+02   1.4199910e+01   3.4954050e+00  -6.1747539e-02   0.0000000e+00  -1.5703879e-08
   8.0700000e+02   1.4187200e+01   3.4942040e+00  -6.1735026e-02   0.0000000e+00  -1.5790733e-08
   8.0800000e+02   1.4174520e+01   3.4930040e+00  -6.1722410e-02   0.0000000e+00  -1.5877455e-08
   8.0900000e+02   1.4161880e+01   3.4918040e+00  -6.1709708e-02   0.0000000e+00  -1.5964040e-08
   8.1000000e+02   1.4149270e+01   3.4906040e+00  -6.1696912e-02   0.0000000e+00  -1.6050486e-08
   8.1100000e+02   1.4136690e+01   3.4894040e+00  -6.1684038e-02   0.0000000e+00  -1.6136789e-08
   8.1200000e+02   1.4124150e+01   3.4882040e+00  -6.1671069e-02   0.0000000e+00  -1.6222952e-08
   8.1300000e+02   1.4111630e+01   3.4870050e+00  -6.1658011e-02   0.0000000e+00  -1.6308957e-08
   8.1400000e+02   1.4099160e+01   3.4858060e+00  -6.1644850e-02   0.0000000e+00  -1.6394811e-08
   8.1500000e+02   1.4086710e+01   3.4846080e+00  -6.1631595e-02   0.0000000e+00  -1.6480510e-08
   8.1600000e+02   1.4074300e+01   3.4834090e+00  -6.1618266e-02   0.0000000e+00  -1.6566050e-08
   8.1700000e+02   1.4061920e+01   3.4822110e+00  -6.1604830e-02   0.0000000e+00  -1.6651422e-08
   8.1800000e+02   1.4049570e+01   3.4810130e+00  -6.1591312e-02   0.0000000e+00  -1.6736634e-08
   8.1900000e+02   1.4037260e+01   3.4798160e+00  -6.1577689e-02   0.0000000e+00  -1.6821674e-08
   8.2000000e+02   1.4024970e+01   3.4786190e+00  -6.1563987e-02   0.0000000e+00  -1.6906537e-08
   8.2100000e+02   1.4012720e+01   3.4774220e+00  -6.1550189e-02   0.0000000e+00  -1.6991235e-08
   8.2200000e+02   1.4000500e+01   3.4762250e+00  -6.1536313e-02   0.0000000e+00  -1.7075754e-08
   8.2300000e+02   1.3988320e+01   3.4750290e+00  -6.1522330e-02   0.0000000e+00  -1.7160082e-08
   8.2400000e+02   1.3976160e+01   3.4738330e+00  -6.1508256e-02   0.0000000e+00  -1.7244233e-08
   8.2500000e+02   1.3964040e+01   3.4726370e+00  -6.1494108e-02   0.0000000e+00  -1.7328202e-08
   8.2600000e+02   1.3951940e+01   3.4714420e+00  -6.1479852e-02   0.0000000e+00  -1.7411967e-08
   8.2700000e+02   1.3939880e+01   3.4702470e+00  -6.1465512e-02   0.0000000e+00  -1.7495544e-08
   8.2800000e+02   1.3927850e+01   3.4690530e+00  -6.1451055e-02   0.0000000e+00  -1.7578920e-08
   8.2900000e+02   1.3915850e+01   3.4678590e+00  -6.1436526e-02   0.0000000e+00  -1.7662100e-08
   8.3000000e+02   1.3903880e+01   3.4666650e+00  -6.1421916e-02   0.0000000e+00  -1.7745088e-08
   8.3100000e+02   1.3891940e+01   3.4654720e+00  -6.1407189e-02   0.0000000e+00  -1.7827854e-08
   8.3200000e+02   1.3880030e+01   3.4642790e+00  -6.1392396e-02   0.0000000e+00  -1.7910423e-08
   8.3300000e+02   1.3868150e+01   3.4630860e+00  -6.1377502e-02   0.0000000e+00  -1.7992778e-08
   8.3400000e+02   1.3856300e+01   3.4618940e+00  -6.1362512e-02   0.0000000e+00  -1.8074922e-08
   8.3500000e+02   1.3844490e+01   3.4607020e+00  -6.1347442e-02   0.0000000e+00  -1.8156850e-08
   8.3600000e+02   1.3832700e+01   3.4595100e+00  -6.1332282e-02   0.0000000e+00  -1.8238558e-08
   8.3700000e+02   1.3820940e+01   3.4583190e+00  -6.1317015e-02   0.0000000e+00  -1.8320046e-08
   8.3800000e+02   1.3809210e+01   3.4571290e+00  -6.1301660e-02   0.0000000e+00  -1.8401307e-08
   8.3900000e+02   1.3797510e+01   3.4559390e+00  -6.1286211e-02   0.0000000e+00  -1.8482338e-08
   8.4000000e+02   1.3785840e+01   3.4547490e+00  -6.1270675e-02   0.0000000e+00  -1.8563152e-08
   8.4100000e+02   1.3774200e+01   3.4535600e+00  -6.1255050e-02   0.0000000e+00  -1.8643722e-08
   8.4200000e+02   1.3762590e+01   3.4523710e+00  -6.1239340e-02   0.0000000e+00  -1.8724065e-08
   8.4300000e+02   1.3751010e+01   3.4511830e+00  -6.1223515e-02   0.0000000e+00  -1.8804161e-08
   8.4400000e+02   1.3739450e+01   3.4499950e+00  -6.1207622e-02   0.0000000e+00  -1.8884027e-08
   8.4500000e+02   1.3727930e+01   3.4488070e+00  -6.1191641e-02   0.0000000e+00  -1.8963657e-08
   8.4600000e+02   1.3716430e+01   3.4476200e+00  -6.1175560e-02   0.0000000e+00  -1.9043027e-08
   8.4700000e+02   1.3704960e+01   3.4464340e+00  -6.1159376e-02   0.0000000e+00  -1.9122166e-08
   8.4800000e+02   1.3693520e+01   3.4452470e+00  -6.1143130e-02   0.0000000e+00  -1.9201052e-08
   8.4900000e+02   1.3682110e+01   3.4440620e+00  -6.1126773e-02   0.0000000e+00  -1.9279679e-08
   8.5000000e+02   1.3670730e+01   3.4428770e+00  -6.1110324e-02   0.0000000e+00  -1.9358058e-08
   8.5100000e+02   1.3659370e+01   3.4416920e+00  -6.1093797e-02   0.0000000e+00  -1.9436188e-08
   8.5200000e+02   1.3648050e+01   3.4405080e+00  -6.1077162e-02   0.0000000e+00  -1.9514050e-08
   8.5300000e+02   1.3636750e+01   3.4393240e+00  -6.1060448e-02   0.0000000e+00  -1.9591652e-08
   8.5400000e+02   1.3625480e+01   3.4381410e+00  -6.1043643e-02   0.0000000e+00  -1.9668998e-08
   8.5500000e+02   1.3614230e+01   3.4369590e+00  -6.1026740e-02   0.0000000e+00  -1.9746071e-08
   8.5600000e+02   1.3603020e+01   3.4357770e+00  -6.1009749e-02   0.0000000e+00  -1.9822885e-08
   8.5700000e+02   1.3591830e+01   3.4345950e+00  -6.0992681e-02   0.0000000e+00  -1.9899428e-08
   8.5800000e+02   1.3580660e+01   3.4334140e+00  -6.0975517e-02   0.0000000e+00  -1.9975698e-08
   8.5900000e+02   1.3569530e+01   3.4322330e+00  -6.0958266e-02   0.0000000e+00  -2.0051704e-08
   8.6000000e+02   1.3558420e+01   3.4310530e+00  -6.0940926e-02   0.0000000e+00  -2.0127424e-08
   8.6100000e+02   1.3547340e+01   3.4298740e+00  -6.0923472e-02   0.0000000e+00  -2.0202871e-08
   8.6200000e+02   1.3536290e+01   3.4286950e+00  -6.0905954e-02   0.0000000e+00  -2.0278043e-08
   8.6300000e+02   1.3525260e+01   3.4275170e+00  -6.0888323e-02   0.0000000e+00  -2.0352919e-08
   8.6400000e+02   1.3514260e+01   3.4263390e+00  -6.0870626e-02   0.0000000e+00  -2.0427526e-08
   8.6500000e+02   1.3503280e+01   3.4251620e+00  -6.0852828e-02   0.0000000e+00  -2.0501846e-08
   8.6600000e+02   1.3492330e+01   3.4239850e+00  -6.0834948e-02   0.0000000e+00  -2.0575885e-08
   8.6700000e+02   1.3481410e+01   3.4228090e+00  -6.0816981e-02   0.0000000e+00  -2.0649627e-08
   8.6800000e+02   1.3470510e+01   3.4216330e+00  -6.0798928e-02   0.0000000e+00  -2.0723082e-08
   8.6900000e+02   1.3459640e+01   3.4204580e+00  -6.0780769e-02   0.0000000e+00  -2.0796246e-08
   8.7000000e+02   1.3448800e+01   3.4192840e+00  -6.0762532e-02   0.0000000e+00  -2.0869118e-08
   8.7100000e+02   1.3437980e+01   3.4181100e+00  -6.0744201e-02   0.0000000e+00  -2.0941691e-08
   8.7200000e+02   1.3427190e+01   3.4169370e+00  -6.0725789e-02   0.0000000e+00  -2.1013967e-08
   8.7300000e+02   1.3416420e+01   3.4157640e+00  -6.0707287e-02   0.0000000e+00  -2.1085944e-08
   8.7400000e+02   1.3405680e+01   3.4145920e+00  -6.0688698e-02   0.0000000e+00  -2.1157619e-08
   8.7500000e+02   1.3394960e+01   3.4134210e+00  -6.0670009e-02   0.0000000e+00  -2.1228996e-08
   8.7600000e+02   1.3384270e+01   3.4122500e+00  -6.0651246e-02   0.0000000e+00  -2.1300068e-08
   8.7700000e+02   1.3373600e+01   3.4110800e+00  -6.0632387e-02   0.0000000e+00  -2.1370833e-08
   8.7800000e+02   1.3362960e+01   3.4099100e+00  -6.0613446e-02   0.0000000e+00  -2.1441291e-08
   8.7900000e+02   1.3352350e+01   3.4087410e+00  -6.0594413e-02   0.0000000e+00  -2.1511443e-08
   8.8000000e+02   1.3341750e+01   3.4075730e+00  -6.0575296e-02   0.0000000e+00  -2.1581282e-08
   8.8100000e+02   1.3331190e+01   3.4064050e+00  -6.0556092e-02   0.0000000e+00  -2.1650808e-08
   8.8200000e+02   1.3320640e+01   3.4052380e+00  -6.0536796e-02   0.0000000e+00  -2.1720027e-08
   8.8300000e+02   1.3310130e+01   3.4040720e+00  -6.0517401e-02   0.0000000e+00  -2.1788923e-08
   8.8400000e+02   1.3299630e+01   3.4029060e+00  -6.0497949e-02   0.0000000e+00  -2.1857512e-08
   8.8500000e+02   1.3289160e+01   3.4017410e+00  -6.0478387e-02   0.0000000e+00  -2.1925776e-08
   8.8600000e+02   1.3278720e+01   3.4005760e+00  -6.0458763e-02   0.0000000e+00  -2.1993733e-08
   8.8700000e+02   1.3268300e+01   3.3994120e+00  -6.0439042e-02   0.0000000e+00  -2.2061362e-08
   8.8800000e+02   1.3257900e+01   3.3982490e+00  -6.0419220e-02   0.0000000e+00  -2.2128666e-08
   8.8900000e+02   1.3247530e+01   3.3970870e+00  -6.0399309e-02   0.0000000e+00  -2.2195650e-08
   8.9000000e+02   1.3237180e+01   3.3959250e+00  -6.0379326e-02   0.0000000e+00  -2.2262314e-08
   8.9100000e+02   1.3226860e+01   3.3947640e+00  -6.0359251e-02   0.0000000e+00  -2.2328648e-08
   8.9200000e+02   1.3216550e+01   3.3936030e+00  -6.0339110e-02   0.0000000e+00  -2.2394661e-08
   8.9300000e+02   1.3206280e+01   3.3924430e+00  -6.0318863e-02   0.0000000e+00  -2.2460341e-08
   8.9400000e+02   1.3196020e+01   3.3912840e+00  -6.0298536e-02   0.0000000e+00  -2.2525696e-08
   8.9500000e+02   1.3185790e+01   3.3901250e+00  -6.0278142e-02   0.0000000e+00  -2.2590722e-08
   8.9600000e+02   1.3175580e+01   3.3889670e+00  -6.0257645e-02   0.0000000e+00  -2.2655418e-08
   8.9700000e+02   1.3165400e+01   3.3878100e+00  -6.0237061e-02   0.0000000e+00  -2.2719777e-08
   8.9800000e+02   1.3155230e+01   3.3866540e+00  -6.0216389e-02   0.0000000e+00  -2.2783797e-08
   8.9900000e+02   1.3145100e+01   3.3854980e+00  -6.0195643e-02   0.0000000e+00  -2.2847493e-08
   9.0000000e+02   1.3134980e+01   3.3843430e+00  -6.0174807e-02   0.0000000e+00  -2.2910845e-08
   9.0100000e+02   1.3124890e+01   3.3831880e+00  -6.0153898e-02   0.0000000e+00  -2.2973874e-08
   9.0200000e+02   1.3114820e+01   3.3820350e+00  -6.0132899e-02   0.0000000e+00  -2.3036552e-08
   9.0300000e+02   1.3104770e+01   3.3808820e+00  -6.0111810e-02   0.0000000e+00  -2.3098897e-08
   9.0400000e+02   1.3094740e+01   3.3797290e+00  -6.0090649e-02   0.0000000e+00  -2.3160904e-08
   9.0500000e+02   1.3084740e+01   3.3785780e+00  -6.0069396e-02   0.0000000e+00  -2.3222568e-08
   9.0600000e+02   1.3074760e+01   3.3774270e+00  -6.0048059e-02   0.0000000e+00  -2.3283889e-08
   9.0700000e+02   1.3064800e+01   3.3762770e+00  -6.0026646e-02   0.0000000e+00  -2.3344873e-08
   9.0800000e+02   1.3054870e+01   3.3751270e+00  -6.0005148e-02   0.0000000e+00  -2.3405511e-08
   9.0900000e+02   1.3044950e+01   3.3739790e+00  -5.9983565e-02   0.0000000e+00  -2.3465801e-08
   9.1000000e+02   1.3035060e+01   3.3728310e+00  -5.9961899e-02   0.0000000e+00  -2.3525751e-08
   9.1100000e+02   1.3025190e+01   3.3716830e+00  -5.9940166e-02   0.0000000e+00  -2.3585360e-08
   9.1200000e+02   1.3015340e+01   3.3705370e+00  -5.9918328e-02   0.0000000e+00  -2.3644614e-08
   9.1300000e+02   1.3005510e+01   3.3693910e+00  -5.9896416e-02   0.0000000e+00  -2.3703523e-08
   9.1400000e+02   1.2995710e+01   3.3682460e+00  -5.9874432e-02   0.0000000e+00  -2.3762084e-08
   9.1500000e+02   1.2985930e+01   3.3671020e+00  -5.9852354e-02   0.0000000e+00  -2.3820298e-08
   9.1600000e+02   1.2976160e+01   3.3659580e+00  -5.9830211e-02   0.0000000e+00  -2.3878163e-08
   9.1700000e+02   1.2966420e+01   3.3648150e+00  -5.9807974e-02   0.0000000e+00  -2.3935675e-08
   9.1800000e+02   1.2956700e+01   3.3636730e+00  -5.9785657e-02   0.0000000e+00  -2.3992833e-08
   9.1900000e+02   1.2947010e+01   3.3625320e+00  -5.9763265e-02   0.0000000e+00  -2.4049647e-08
   9.2000000e+02   1.2937330e+01   3.3613910e+00  -5.9740794e-02   0.0000000e+00  -2.4106108e-08
   9.2100000e+02   1.2927670e+01   3.3602510e+00  -5.9718234e-02   0.0000000e+00  -2.4162212e-08
   9.2200000e+02   1.2918040e+01   3.3591120e+00  -5.9695603e-02   0.0000000e+00  -2.4217960e-08
   9.2300000e+02   1.2908430e+01   3.3579740e+00  -5.9672886e-02   0.0000000e+00  -2.4273360e-08
   9.2400000e+02   1.2898830e+01   3.3568360e+00  -5.9650097e-02   0.0000000e+00  -2.4328405e-08
   9.2500000e+02   1.2889260e+01   3.3556990e+00  -5.9627239e-02   0.0000000e+00  -2.4383097e-08
   9.2600000e+02   1.2879710e+01   3.3545630e+00  -5.9604283e-02   0.0000000e+00  -2.4437427e-08
   9.2700000e+02   1.2870180e+01   3.3534280e+00  -5.9581243e-02   0.0000000e+00  -2.4491400e-08
   9.2800000e+02   1.2860670e+01   3.3522940e+00  -5.9558127e-02   0.0000000e+00  -2.4545015e-08
   9.2900000e+02   1.2851180e+01   3.3511600e+00  -5.9534936e-02   0.0000000e+00  -2.4598276e-08
   9.3000000e+02   1.2841710e+01   3.3500270e+00  -5.9511671e-02   0.0000000e+00  -2.4651181e-08
   9.3100000e+02   1.2832260e+01   3.3488950e+00  -5.9488333e-02   0.0000000e+00  -2.4703727e-08
   9.3200000e+02   1.2822830e+01   3.3477630e+00  -5.9464920e-02   0.0000000e+00  -2.4755921e-08
   9.3300000e+02   1.2813420e+01   3.3466330e+00  -5.9441407e-02   0.0000000e+00  -2.4807743e-08
   9.3400000e+02   1.2804030e+01   3.3455030e+00  -5.9417837e-02   0.0000000e+00  -2.4859212e-08
   9.3500000e+02   1.2794660e+01   3.3443740e+00  -5.9394179e-02   0.0000000e+00  -2.4910323e-08
   9.3600000e+02   1.2785310e+01   3.3432460e+00  -5.9370447e-02   0.0000000e+00  -2.4961069e-08
   9.3700000e+02   1.2775990e+01   3.3421180e+00  -5.9346643e-02   0.0000000e+00  -2.5011460e-08
   9.3800000e+02   1.2766680e+01   3.3409910e+00  -5.9322767e-02   0.0000000e+00  -2.5061495e-08
   9.3900000e+02   1.2757390e+01   3.3398660e+00  -5.9298793e-02   0.0000000e+00  -2.5111153e-08
   9.4000000e+02   1.2748120e+01   3.3387400e+00  -5.9274766e-02   0.0000000e+00  -2.5160460e-08
   9.4100000e+02   1.2738870e+01   3.3376160e+00  -5.9250649e-02   0.0000000e+00  -2.5209404e-08
   9.4200000e+02   1.2729630e+01   3.3364930e+00  -5.9226460e-02   0.0000000e+00  -2.5257985e-08
   9.4300000e+02   1.2720420e+01   3.3353700e+00  -5.9202205e-02   0.0000000e+00  -2.5306206e-08
   9.4400000e+02   1.2711230e+01   3.3342480e+00  -5.9177863e-02   0.0000000e+00  -2.5354060e-08
   9.4500000e+02   1.2702060e+01   3.3331270e+00  -5.9153453e-02   0.0000000e+00  -2.5401554e-08
   9.4600000e+02   1.2692900e+01   3.3320070e+00  -5.9128958e-02   0.0000000e+00  -2.5448682e-08
   9.4700000e+02   1.2683770e+01   3.3308870e+00  -5.9104407e-02   0.0000000e+00  -2.5495455e-08
   9.4800000e+02   1.2674650e+01   3.3297690e+00  -5.9079757e-02   0.0000000e+00  -2.5541855e-08
   9.4900000e+02   1.2665560e+01   3.3286510e+00  -5.9055044e-02   0.0000000e+00  -2.5587897e-08
   9.5000000e+02   1.2656480e+01   3.3275340e+00  -5.9030263e-02   0.0000000e+00  -2.5633572e-08
   9.5100000e+02   1.2647420e+01   3.3264180e+00  -5.9005396e-02   0.0000000e+00  -2.5678881e-08
   9.5200000e+02   1.2638380e+01   3.3253020e+00  -5.8980481e-02   0.0000000e+00  -2.5723839e-08
   9.5300000e+02   1.2629360e+01   3.3241880e+00  -5.8955457e-02   0.0000000e+00  -2.5768425e-08
   9.5400000e+02   1.2620350e+01   3.3230740e+00  -5.8930387e-02   0.0000000e+00  -2.5812650e-08
   9.5500000e+02   1.2611370e+01   3.3219610e+00  -5.8905241e-02   0.0000000e+00  -2.5856506e-08
   9.5600000e+02   1.2602400e+01   3.3208490e+00  -5.8880012e-02   0.0000000e+00  -2.5899998e-08
   9.5700000e+02   1.2593460e+01   3.3197380e+00  -5.8854716e-02   0.0000000e+00  -2.5943126e-08
   9.5800000e+02   1.2584530e+01   3.3186270e+00  -5.8829352e-02   0.0000000e+00  -2.5985899e-08
   9.5900000e+02   1.2575620e+01   3.3175170e+00  -5.8803925e-02   0.0000000e+00  -2.6028302e-08
   9.6000000e+02   1.2566720e+01   3.3164090e+00  -5.8778400e-02   0.0000000e+00  -2.6070335e-08
   9.6100000e+02   1.2557850e+01   3.3153010e+00  -5.8752813e-02   0.0000000e+00  -2.6112006e-08
   9.6200000e+02   1.2548990e+01   3.3141930e+00  -5.8727174e-02   0.0000000e+00  -2.6153326e-08
   9.6300000e+02   1.2540150e+01   3.3130870e+00  -5.8701443e-02   0.0000000e+00  -2.6194267e-08
   9.6400000e+02   1.2531330e+01   3.3119820e+00  -5.8675647e-02   0.0000000e+00  -2.6234848e-08
   9.6500000e+02   1.2522530e+01   3.3108770e+00  -5.8649780e-02   0.0000000e+00  -2.6275068e-08
   9.6600000e+02   1.2513750e+01   3.3097730e+00  -5.8623852e-02   0.0000000e+00  -2.6314921e-08
   9.6700000e+02   1.2504980e+01   3.3086700e+00  -5.8597847e-02   0.0000000e+00  -2.6354416e-08
   9.6800000e+02   1.2496230e+01   3.3075680e+00  -5.8571766e-02   0.0000000e+00  -2.6393539e-08
   9.6900000e+02   1.2487500e+01   3.3064670e+00  -5.8545607e-02   0.0000000e+00  -2.6432300e-08
   9.7000000e+02   1.2478790e+01   3.3053660e+00  -5.8519400e-02   0.0000000e+00  -2.6470707e-08
   9.7100000e+02   1.2470090e+01   3.3042670e+00  -5.8493109e-02   0.0000000e+00  -2.6508736e-08
   9.7200000e+02   1.2461410e+01   3.3031680e+00  -5.8466762e-02   0.0000000e+00  -2.6546414e-08
   9.7300000e+02   1.2452750e+01   3.3020700e+00  -5.8440341e-02   0.0000000e+00  -2.6583730e-08
   9.7400000e+02   1.2444110e+01   3.3009730e+00  -5.8413844e-02   0.0000000e+00  -2.6620677e-08
   9.7500000e+02   1.2435480e+01   3.2998770e+00  -5.8387291e-02   0.0000000e+00  -2.6657260e-08
   9.7600000e+02   1.2426870e+01   3.2987810e+00  -5.8360673e-02   0.0000000e+00  -2.6693490e-08
   9.7700000e+02   1.2418280e+01   3.2976870e+00  -5.8333964e-02   0.0000000e+00  -2.6729344e-08
   9.7800000e+02   1.2409700e+01   3.2965930e+00  -5.8307204e-02   0.0000000e+00  -2.6764851e-08
   9.7900000e+02   1.2401140e+01   3.2955000e+00  -5.8280381e-02   0.0000000e+00  -2.6799990e-08
   9.8000000e+02   1.2392600e+01   3.2944080e+00  -5.8253489e-02   0.0000000e+00  -2.6834772e-08
   9.8100000e+02   1.2384080e+01   3.2933170e+00  -5.8226510e-02   0.0000000e+00  -2.6869184e-08
   9.8200000e+02   1.2375570e+01   3.2922270e+00  -5.8199475e-02   0.0000000e+00  -2.6903237e-08
   9.8300000e+02   1.2367080e+01   3.2911370e+00  -5.8172395e-02   0.0000000e+00  -2.6936940e-08
   9.8400000e+02   1.2358600e+01   3.2900490e+00  -5.8145223e-02   0.0000000e+00  -2.6970272e-08
   9.8500000e+02   1.2350150e+01   3.2889610e+00  -5.8117995e-02   0.0000000e+00  -2.7003252e-08
   9.8600000e+02   1.2341710e+01   3.2878740e+00  -5.8090696e-02   0.0000000e+00  -2.7035866e-08
   9.8700000e+02   1.2333280e+01   3.2867880e+00  -5.8063341e-02   0.0000000e+00  -2.7068121e-08
   9.8800000e+02   1.2324880e+01   3.2857030e+00  -5.8035910e-02   0.0000000e+00  -2.7100017e-08
   9.8900000e+02   1.2316480e+01   3.2846180e+00  -5.8008434e-02   0.0000000e+00  -2.7131569e-08
   9.9000000e+02   1.2308110e+01   3.2835350e+00  -5.7980872e-02   0.0000000e+00  -2.7162749e-08
   9.9100000e+02   1.2299750e+01   3.2824520e+00  -5.7953257e-02   0.0000000e+00  -2.7193574e-08
   9.9200000e+02   1.2291410e+01   3.2813710e+00  -5.7925548e-02   0.0000000e+00  -2.7224034e-08
   9.9300000e+02   1.2283080e+01   3.2802900e+00  -5.7897809e-02   0.0000000e+00  -2.7254146e-08
   9.9400000e+02   1.2274770e+01   3.2792100e+00  -5.7869988e-02   0.0000000e+00  -2.7283903e-08
   9.9500000e+02   1.2266480e+01   3.2781300e+00  -5.7842127e-02   0.0000000e+00  -2.7313305e-08
   9.9600000e+02   1.2258200e+01   3.2770520e+00  -5.7814184e-02   0.0000000e+00  -2.7342347e-08
   9.9700000e+02   1.2249940e+01   3.2759750e+00  -5.7786176e-02   0.0000000e+00  -2.7371031e-08
   9.9800000e+02   1.2241700e+01   3.2748980e+00  -5.7758109e-02   0.0000000e+00  -2.7399366e-08
   9.9900000e+02   1.2233470e+01   3.2738220e+00  -5.7729991e-02   0.0000000e+00  -2.7427350e-08
   1.0000000e+03   1.2225250e+01   3.2727470e+00  -5.7701800e-02   0.0000000e+00  -2.7454974e-08
   1.0010000e+03   1.2217060e+01   3.2716730e+00  -5.7673537e-02   0.0000000e+00  -2.7482249e-08
   1.0020000e+03   1.2208870e+01   3.2706000e+00  -5.7645228e-02   0.0000000e+00  -2.7509168e-08
   1.0030000e+03   1.2200710e+01   3.2695280e+00  -5.7616828e-02   0.0000000e+00  -2.7535730e-08
   1.0040000e+03   1.2192560e+01   3.2684570e+00  -5.7588391e-02   0.0000000e+00  -2.7561944e-08
   1.0050000e+03   1.2184420e+01   3.2673860e+00  -5.7559891e-02   0.0000000e+00  -2.7587811e-08
   1.0060000e+03   1.2176300e+01   3.2663160e+00  -5.7531336e-02   0.0000000e+00  -2.7613329e-08
   1.0070000e+03   1.2168200e+01   3.2652470e+00  -5.7502710e-02   0.0000000e+00  -2.7638493e-08
   1.0080000e+03   1.2160110e+01   3.2641790e+00  -5.7474022e-02   0.0000000e+00  -2.7663303e-08
   1.0090000e+03   1.2152040e+01   3.2631120e+00  -5.7445265e-02   0.0000000e+00  -2.7687768e-08
   1.0100000e+03   1.2143980e+01   3.2620460e+00  -5.7416456e-02   0.0000000e+00  -2.7711882e-08
   1.0110000e+03   1.2135940e+01   3.2609810e+00  -5.7387577e-02   0.0000000e+00  -2.7735643e-08
   1.0120000e+03   1.2127910e+01   3.2599160e+00  -5.7358670e-02   0.0000000e+00  -2.7759073e-08
   1.0130000e+03   1.2119900e+01   3.2588530e+00  -5.7329670e-02   0.0000000e+00  -2.7782144e-08
   1.0140000e+03   1.2111900e+01   3.2577900e+00  -5.7300616e-02   0.0000000e+00  -2.7804866e-08
   1.0150000e+03   1.2103920e+01   3.2567280e+00  -5.7271516e-02   0.0000000e+00  -2.7827257e-08
   1.0160000e+03   1.2095950e+01   3.2556670e+00  -5.7242344e-02   0.0000000e+00  -2.7849288e-08
   1.0170000e+03   1.2088000e+01   3.2546070e+00  -5.7213121e-02   0.0000000e+00  -2.7870982e-08
   1.0180000e+03   1.2080070e+01   3.2535470e+00  -5.7183846e-02   0.0000000e+00  -2.7892334e-08
   1.0190000e+03   1.2072140e+01   3.2524890e+00  -5.7154489e-02   0.0000000e+00  -2.7913336e-08
   1.0200000e+03   1.2064240e+01   3.2514310e+00  -5.7125105e-02   0.0000000e+00  -2.7934006e-08
   1.0210000e+03   1.2056350e+01   3.2503750e+00  -5.7095630e-02   0.0000000e+00  -2.7954325e-08
   1.0220000e+03   1.2048470e+01   3.2493190e+00  -5.7066116e-02   0.0000000e+00  -2.7974304e-08
   1.0230000e+03   1.2040610e+01   3.2482640e+00  -5.7036537e-02   0.0000000e+00  -2.7993941e-08
   1.0240000e+03   1.2032760e+01   3.2472100e+00  -5.7006910e-02   0.0000000e+00  -2.8013240e-08
   1.0250000e+03   1.2024920e+01   3.2461570e+00  -5.6977217e-02   0.0000000e+00  -2.8032204e-08
   1.0260000e+03   1.2017110e+01   3.2451040e+00  -5.6947477e-02   0.0000000e+00  -2.8050830e-08
   1.0270000e+03   1.2009300e+01   3.2440530e+00  -5.6917660e-02   0.0000000e+00  -2.8069107e-08
   1.0280000e+03   1.2001510e+01   3.2430020e+00  -5.6887806e-02   0.0000000e+00  -2.8087060e-08
   1.0290000e+03   1.1993740e+01   3.2419520e+00  -5.6857880e-02   0.0000000e+00  -2.8104668e-08
   1.0300000e+03   1.1985980e+01   3.2409030e+00  -5.6827905e-02   0.0000000e+00  -2.8121943e-08
   1.0310000e+03   1.1978230e+01   3.2398550e+00  -5.6797879e-02   0.0000000e+00  -2.8138890e-08
   1.0320000e+03   1.1970500e+01   3.2388080e+00  -5.6767786e-02   0.0000000e+00  -2.8155490e-08
   1.0330000e+03   1.1962780e+01   3.2377620e+00  -5.6737645e-02   0.0000000e+00  -2.8171758e-08
   1.0340000e+03   1.1955080e+01   3.2367160e+00  -5.6707456e-02   0.0000000e+00  -2.8187703e-08
   1.0350000e+03   1.1947390e+01   3.2356720e+00  -5.6677199e-02   0.0000000e+00  -2.8203311e-08
   1.0360000e+03   1.1939710e+01   3.2346280e+00  -5.6646890e-02   0.0000000e+00  -2.8218587e-08
   1.0370000e+03   1.1932050e+01   3.2335850e+00  -5.6616535e-02   0.0000000e+00  -2.8233533e-08
   1.0380000e+03   1.1924400e+01   3.2325430e+00  -5.6586118e-02   0.0000000e+00  -2.8248150e-08
   1.0390000e+03   1.1916770e+01   3.2315020e+00  -5.6555645e-02   0.0000000e+00  -2.8262436e-08
   1.0400000e+03   1.1909150e+01   3.2304620e+00  -5.6525119e-02   0.0000000e+00  -2.8276395e-08
   1.0410000e+03   1.1901550e+01   3.2294220e+00  -5.6494537e-02   0.0000000e+00  -2.8290030e-08
   1.0420000e+03   1.1893950e+01   3.2283840e+00  -5.6463894e-02   0.0000000e+00  -2.8303330e-08
   1.0430000e+03   1.1886380e+01   3.2273460e+00  -5.6433211e-02   0.0000000e+00  -2.8316309e-08
   1.0440000e+03   1.1878810e+01   3.2263090e+00  -5.6402485e-02   0.0000000e+00  -2.8328968e-08
   1.0450000e+03   1.1871260e+01   3.2252730e+00  -5.6371681e-02   0.0000000e+00  -2.8341296e-08
   1.0460000e+03   1.1863730e+01   3.2242380e+00  -5.6340836e-02   0.0000000e+00  -2.8353304e-08
   1.0470000e+03   1.1856200e+01   3.2232040e+00  -5.6309929e-02   0.0000000e+00  -2.8364983e-08
   1.0480000e+03   1.1848690e+01   3.2221710e+00  -5.6278962e-02   0.0000000e+00  -2.8376342e-08
   1.0490000e+03   1.1841200e+01   3.2211380e+00  -5.6247973e-02   0.0000000e+00  -2.8387391e-08
   1.0500000e+03   1.1833720e+01   3.2201060e+00  -5.6216918e-02   0.0000000e+00  -2.8398107e-08
   1.0510000e+03   1.1826250e+01   3.2190760e+00  -5.6185794e-02   0.0000000e+00  -2.8408503e-08
   1.0520000e+03   1.1818790e+01   3.2180460e+00  -5.6154635e-02   0.0000000e+00  -2.8418583e-08
   1.0530000e+03   1.1811350e+01   3.2170170e+00  -5.6123425e-02   0.0000000e+00  -2.8428357e-08
   1.0540000e+03   1.1803920e+01   3.2159880e+00  -5.6092170e-02   0.0000000e+00  -2.8437806e-08
   1.0550000e+03   1.1796510e+01   3.2149610e+00  -5.6060853e-02   0.0000000e+00  -2.8446937e-08
   1.0560000e+03   1.1789110e+01   3.2139350e+00  -5.6029473e-02   0.0000000e+00  -2.8455755e-08
   1.0570000e+03   1.1781720e+01   3.2129090e+00  -5.5998062e-02   0.0000000e+00  -2.8464253e-08
   1.0580000e+03   1.1774340e+01   3.2118840e+00  -5.5966593e-02   0.0000000e+00  -2.8472446e-08
   1.0590000e+03   1.1766980e+01   3.2108600e+00  -5.5935078e-02   0.0000000e+00  -2.8480326e-08
   1.0600000e+03   1.1759630e+01   3.2098370e+00  -5.5903501e-02   0.0000000e+00  -2.8487888e-08
   1.0610000e+03   1.1752300e+01   3.2088150e+00  -5.5871870e-02   0.0000000e+00  -2.8495142e-08
   1.0620000e+03   1.1744980e+01   3.2077940e+00  -5.5840206e-02   0.0000000e+00  -2.8502085e-08
   1.0630000e+03   1.1737670e+01   3.2067730e+00  -5.5808496e-02   0.0000000e+00  -2.8508723e-08
   1.0640000e+03   1.1730370e+01   3.2057530e+00  -5.5776718e-02   0.0000000e+00  -2.8515053e-08
   1.0650000e+03   1.1723090e+01   3.2047350e+00  -5.5744890e-02   0.0000000e+00  -2.8521068e-08
   1.0660000e+03   1.1715820e+01   3.2037170e+00  -5.5713023e-02   0.0000000e+00  -2.8526781e-08
   1.0670000e+03   1.1708560e+01   3.2027000e+00  -5.5681104e-02   0.0000000e+00  -2.8532190e-08
   1.0680000e+03   1.1701310e+01   3.2016830e+00  -5.5649150e-02   0.0000000e+00  -2.8537297e-08
   1.0690000e+03   1.1694080e+01   3.2006680e+00  -5.5617133e-02   0.0000000e+00  -2.8542097e-08
   1.0700000e+03   1.1686860e+01   3.1996530e+00  -5.5585068e-02   0.0000000e+00  -2.8546596e-08
   1.0710000e+03   1.1679650e+01   3.1986400e+00  -5.5552942e-02   0.0000000e+00  -2.8550786e-08
   1.0720000e+03   1.1672460e+01   3.1976270e+00  -5.5520784e-02   0.0000000e+00  -2.8554683e-08
   1.0730000e+03   1.1665280e+01   3.1966150e+00  -5.5488572e-02   0.0000000e+00  -2.8558276e-08
   1.0740000e+03   1.1658110e+01   3.1956040e+00  -5.5456321e-02   0.0000000e+00  -2.8561578e-08
   1.0750000e+03   1.1650950e+01   3.1945930e+00  -5.5424018e-02   0.0000000e+00  -2.8564578e-08
   1.0760000e+03   1.1643810e+01   3.1935840e+00  -5.5391658e-02   0.0000000e+00  -2.8567276e-08
   1.0770000e+03   1.1636680e+01   3.1925750e+00  -5.5359274e-02   0.0000000e+00  -2.8569686e-08
   1.0780000e+03   1.1629560e+01   3.1915670e+00  -5.5326827e-02   0.0000000e+00  -2.8571799e-08
   1.0790000e+03   1.1622450e+01   3.1905600e+00  -5.5294328e-02   0.0000000e+00  -2.8573612e-08
   1.0800000e+03   1.1615360e+01   3.1895540e+00  -5.5261797e-02   0.0000000e+00  -2.8575137e-08
   1.0810000e+03   1.1608280e+01   3.1885490e+00  -5.5229211e-02   0.0000000e+00  -2.8576365e-08
   1.0820000e+03   1.1601210e+01   3.1875450e+00  -5.5196560e-02   0.0000000e+00  -2.8577297e-08
   1.0830000e+03   1.1594150e+01   3.1865410e+00  -5.5163891e-02   0.0000000e+00  -2.8577946e-08
   1.0840000e+03   1.1587110e+01   3.1855380e+00  -5.5131161e-02   0.0000000e+00  -2.8578310e-08
   1.0850000e+03   1.1580080e+01   3.1845360e+00  -5.5098400e-02   0.0000000e+00  -2.8578385e-08
   1.0860000e+03   1.1573060e+01   3.1835350e+00  -5.5065575e-02   0.0000000e+00  -2.8578164e-08
   1.0870000e+03   1.1566050e+01   3.1825350e+00  -5.5032714e-02   0.0000000e+00  -2.8577659e-08
   1.0880000e+03   1.1559050e+01   3.1815360e+00  -5.4999802e-02   0.0000000e+00  -2.8576866e-08
   1.0890000e+03   1.1552070e+01   3.1805370e+00  -5.4966857e-02   0.0000000e+00  -2.8575796e-08
   1.0900000e+03   1.1545100e+01   3.1795400e+00  -5.4933843e-02   0.0000000e+00  -2.8574430e-08
   1.0910000e+03   1.1538140e+01   3.1785430e+00  -5.4900791e-02   0.0000000e+00  -2.8572791e-08
   1.0920000e+03   1.1531190e+01   3.1775470e+00  -5.4867712e-02   0.0000000e+00  -2.8570868e-08
   1.0930000e+03   1.1524250e+01   3.1765510e+00  -5.4834586e-02   0.0000000e+00  -2.8568672e-08
   1.0940000e+03   1.1517330e+01   3.1755570e+00  -5.4801403e-02   0.0000000e+00  -2.8566188e-08
   1.0950000e+03   1.1510420e+01   3.1745630e+00  -5.4768187e-02   0.0000000e+00  -2.8563431e-08
   1.0960000e+03   1.1503520e+01   3.1735710e+00  -5.4734904e-02   0.0000000e+00  -2.8560384e-08
   1.0970000e+03   1.1496630e+01   3.1725790e+00  -5.4701604e-02   0.0000000e+00  -2.8557073e-08
   1.0980000e+03   1.1489750e+01   3.1715880e+00  -5.4668243e-02   0.0000000e+00  -2.8553479e-08
   1.0990000e+03   1.1482890e+01   3.1705970e+00  -5.4634866e-02   0.0000000e+00  -2.8549621e-08
   1.1000000e+03   1.1476040e+01   3.1696080e+00  -5.4601416e-02   0.0000000e+00  -2.8545478e-08
   1.1010000e+03   1.1469190e+01   3.1686190e+00  -5.4567944e-02   0.0000000e+00  -2.8541071e-08
   1.1020000e+03   1.1462360e+01   3.1676320e+00  -5.4534396e-02   0.0000000e+00  -2.8536377e-08
   1.1030000e+03   1.1455550e+01   3.1666450e+00  -5.4500825e-02   0.0000000e+00  -2.8531422e-08
   1.1040000e+03   1.1448740e+01   3.1656580e+00  -5.4467224e-02   0.0000000e+00  -2.8526203e-08
   1.1050000e+03   1.1441950e+01   3.1646730e+00  -5.4433568e-02   0.0000000e+00  -2.8520709e-08
   1.1060000e+03   1.1435160e+01   3.1636890e+00  -5.4399866e-02   0.0000000e+00  -2.8514944e-08
   1.1070000e+03   1.1428390e+01   3.1627050e+00  -5.4366128e-02   0.0000000e+00  -2.8508923e-08
   1.1080000e+03   1.1421630e+01   3.1617220e+00  -5.4332350e-02   0.0000000e+00  -2.8502628e-08
   1.1090000e+03   1.1414880e+01   3.1607400e+00  -5.4298518e-02   0.0000000e+00  -2.8496070e-08
   1.1100000e+03   1.1408140e+01   3.1597590e+00  -5.4264643e-02   0.0000000e+00  -2.8489243e-08
   1.1110000e+03   1.1401420e+01   3.1587780e+00  -5.4230748e-02   0.0000000e+00  -2.8482168e-08
   1.1120000e+03   1.1394700e+01   3.1577990e+00  -5.4196784e-02   0.0000000e+00  -2.8474812e-08
   1.1130000e+03   1.1388000e+01   3.1568200e+00  -5.4162795e-02   0.0000000e+00  -2.8467208e-08
   1.1140000e+03   1.1381310e+01   3.1558420e+00  -5.4128761e-02   0.0000000e+00  -2.8459346e-08
   1.1150000e+03   1.1374630e+01   3.1548650e+00  -5.4094684e-02   0.0000000e+00  -2.8451219e-08
   1.1160000e+03   1.1367960e+01   3.1538880e+00  -5.4060575e-02   0.0000000e+00  -2.8442839e-08
   1.1170000e+03   1.1361300e+01   3.1529130e+00  -5.4026418e-02   0.0000000e+00  -2.8434202e-08
   1.1180000e+03   1.1354650e+01   3.1519380e+00  -5.3992219e-02   0.0000000e+00  -2.8425308e-08
   1.1190000e+03   1.1348020e+01   3.1509640e+00  -5.3957984e-02   0.0000000e+00  -2.8416162e-08
   1.1200000e+03   1.1341390e+01   3.1499910e+00  -5.3923709e-02   0.0000000e+00  -2.8406760e-08
   1.1210000e+03   1.1334780e+01   3.1490190e+00  -5.3889382e-02   0.0000000e+00  -2.8397106e-08
   1.1220000e+03   1.1328170e+01   3.1480470e+00  -5.3855034e-02   0.0000000e+00  -2.8387204e-08
   1.1230000e+03   1.1321580e+01   3.1470760e+00  -5.3820632e-02   0.0000000e+00  -2.8377047e-08
   1.1240000e+03   1.1315000e+01   3.1461060e+00  -5.3786208e-02   0.0000000e+00  -2.8366649e-08
   1.1250000e+03   1.1308430e+01   3.1451370e+00  -5.3751715e-02   0.0000000e+00  -2.8355993e-08
   1.1260000e+03   1.1301870e+01   3.1441690e+00  -5.3717195e-02   0.0000000e+00  -2.8345094e-08
   1.1270000e+03   1.1295320e+01   3.1432010e+00  -5.3682650e-02   0.0000000e+00  -2.8333953e-08
   1.1280000e+03   1.1288790e+01   3.1422350e+00  -5.3648031e-02   0.0000000e+00  -2.8322556e-08
   1.1290000e+03   1.1282260e+01   3.1412690e+00  -5.3613400e-02   0.0000000e+00  -2.8310922e-08
   1.1300000e+03   1.1275750e+01   3.1403030e+00  -5.3578737e-02   0.0000000e+00  -2.8299052e-08
   1.1310000e+03   1.1269240e+01   3.1393390e+00  -5.3544022e-02   0.0000000e+00  -2.8286932e-08
   1.1320000e+03   1.1262750e+01   3.1383760e+00  -5.3509250e-02   0.0000000e+00  -2.8274562e-08
   1.1330000e+03   1.1256260e+01   3.1374130e+00  -5.3474470e-02   0.0000000e+00  -2.8261968e-08
   1.1340000e+03   1.1249790e+01   3.1364510e+00  -5.3439642e-02   0.0000000e+00  -2.8249132e-08
   1.1350000e+03   1.1243330e+01   3.1354900e+00  -5.3404773e-02   0.0000000e+00  -2.8236053e-08
   1.1360000e+03   1.1236880e+01   3.1345290e+00  -5.3369873e-02   0.0000000e+00  -2.8222744e-08
   1.1370000e+03   1.1230440e+01   3.1335690e+00  -5.3334944e-02   0.0000000e+00  -2.8209203e-08
   1.1380000e+03   1.1224010e+01   3.1326110e+00  -5.3299943e-02   0.0000000e+00  -2.8195413e-08
   1.1390000e+03   1.1217590e+01   3.1316520e+00  -5.3264949e-02   0.0000000e+00  -2.8181406e-08
   1.1400000e+03   1.1211180e+01   3.1306950e+00  -5.3229873e-02   0.0000000e+00  -2.8167151e-08
   1.1410000e+03   1.1204780e+01   3.1297390e+00  -5.3194772e-02   0.0000000e+00  -2.8152665e-08
   1.1420000e+03   1.1198400e+01   3.1287830e+00  -5.3159642e-02   0.0000000e+00  -2.8137957e-08
   1.1430000e+03   1.1192020e+01   3.1278280e+00  -5.3124473e-02   0.0000000e+00  -2.8123017e-08
   1.1440000e+03   1.1185650e+01   3.1268740e+00  -5.3089277e-02   0.0000000e+00  -2.8107857e-08
   1.1450000e+03   1.1179300e+01   3.1259200e+00  -5.3054035e-02   0.0000000e+00  -2.8092463e-08
   1.1460000e+03   1.1172950e+01   3.1249680e+00  -5.3018751e-02   0.0000000e+00  -2.8076840e-08
   1.1470000e+03   1.1166620e+01   3.1240160e+00  -5.2983425e-02   0.0000000e+00  -2.8060989e-08
   1.1480000e+03   1.1160290e+01   3.1230650e+00  -5.2948074e-02   0.0000000e+00  -2.8044918e-08
   1.1490000e+03   1.1153980e+01   3.1221140e+00  -5.2912692e-02   0.0000000e+00  -2.8028631e-08
   1.1500000e+03   1.1147670e+01   3.1211650e+00  -5.2877259e-02   0.0000000e+00  -2.8012111e-08
   1.1510000e+03   1.1141380e+01   3.1202160e+00  -5.2841810e-02   0.0000000e+00  -2.7995379e-08
   1.1520000e+03   1.1135090e+01   3.1192680e+00  -5.2806307e-02   0.0000000e+00  -2.7978420e-08
   1.1530000e+03   1.1128820e+01   3.1183210e+00  -5.2770771e-02   0.0000000e+00  -2.7961248e-08
   1.1540000e+03   1.1122560e+01   3.1173740e+00  -5.2735198e-02   0.0000000e+00  -2.7943855e-08
   1.1550000e+03   1.1116300e+01   3.1164280e+00  -5.2699603e-02   0.0000000e+00  -2.7926248e-08
   1.1560000e+03   1.1110060e+01   3.1154840e+00  -5.2663944e-02   0.0000000e+00  -2.7908415e-08
   1.1570000e+03   1.1103830e+01   3.1145390e+00  -5.2628279e-02   0.0000000e+00  -2.7890382e-08
   1.1580000e+03   1.1097600e+01   3.1135960e+00  -5.2592554e-02   0.0000000e+00  -2.7872122e-08
   1.1590000e+03   1.1091390e+01   3.1126530e+00  -5.2556820e-02   0.0000000e+00  -2.7853665e-08
   1.1600000e+03   1.1085190e+01   3.1117110e+00  -5.2521030e-02   0.0000000e+00  -2.7834984e-08
   1.1610000e+03   1.1078990e+01   3.1107700e+00  -5.2485217e-02   0.0000000e+00  -2.7816097e-08
   1.1620000e+03   1.1072810e+01   3.1098300e+00  -5.2449356e-02   0.0000000e+00  -2.7797002e-08
   1.1630000e+03   1.1066640e+01   3.1088900e+00  -5.2413475e-02   0.0000000e+00  -2.7777697e-08
   1.1640000e+03   1.1060480e+01   3.1079510e+00  -5.2377553e-02   0.0000000e+00  -2.7758186e-08
   1.1650000e+03   1.1054320e+01   3.1070130e+00  -5.2341590e-02   0.0000000e+00  -2.7738465e-08
   1.1660000e+03   1.1048180e+01   3.1060750e+00  -5.2305618e-02   0.0000000e+00  -2.7718550e-08
   1.1670000e+03   1.1042050e+01   3.1051390e+00  -5.2269570e-02   0.0000000e+00  -2.7698417e-08
   1.1680000e+03   1.1035920e+01   3.1042030e+00  -5.2233518e-02   0.0000000e+00  -2.7678086e-08
   1.1690000e+03   1.1029810e+01   3.1032670e+00  -5.2197441e-02   0.0000000e+00  -2.7657561e-08
   1.1700000e+03   1.1023710e+01   3.1023330e+00  -5.2161308e-02   0.0000000e+00  -2.7636823e-08
   1.1710000e+03   1.1017610e+01   3.1013990e+00  -5.2125153e-02   0.0000000e+00  -2.7615895e-08
   1.1720000e+03   1.1011530e+01   3.1004660e+00  -5.2088953e-02   0.0000000e+00  -2.7594761e-08
   1.1730000e+03   1.1005450e+01   3.0995340e+00  -5.2052715e-02   0.0000000e+00  -2.7573426e-08
   1.1740000e+03   1.0999390e+01   3.0986030e+00  -5.2016451e-02   0.0000000e+00  -2.7551898e-08
   1.1750000e+03   1.0993330e+01   3.0976720e+00  -5.1980166e-02   0.0000000e+00  -2.7530180e-08
   1.1760000e+03   1.0987290e+01   3.0967420e+00  -5.1943820e-02   0.0000000e+00  -2.7508257e-08
   1.1770000e+03   1.0981250e+01   3.0958130e+00  -5.1907460e-02   0.0000000e+00  -2.7486145e-08
   1.1780000e+03   1.0975230e+01   3.0948840e+00  -5.1871063e-02   0.0000000e+00  -2.7463844e-08
   1.1790000e+03   1.0969210e+01   3.0939560e+00  -5.1834654e-02   0.0000000e+00  -2.7441356e-08
   1.1800000e+03   1.0963200e+01   3.0930290e+00  -5.1798187e-02   0.0000000e+00  -2.7418666e-08
   1.1810000e+03   1.0957210e+01   3.0921030e+00  -5.1761694e-02   0.0000000e+00  -2.7395789e-08
   1.1820000e+03   1.0951220e+01   3.0911770e+00  -5.1725161e-02   0.0000000e+00  -2.7372725e-08
   1.1830000e+03   1.0945240e+01   3.0902520e+00  -5.1688607e-02   0.0000000e+00  -2.7349477e-08
   1.1840000e+03   1.0939270e+01   3.0893280e+00  -5.1652016e-02   0.0000000e+00  -2.7326039e-08
   1.1850000e+03   1.0933310e+01   3.0884040e+00  -5.1615400e-02   0.0000000e+00  -2.7302419e-08
   1.1860000e+03   1.0927360e+01   3.0874820e+00  -5.1578741e-02   0.0000000e+00  -2.7278611e-08
   1.1870000e+03   1.0921420e+01   3.0865600e+00  -5.1542053e-02   0.0000000e+00  -2.7254617e-08
   1.1880000e+03   1.0915490e+01   3.0856380e+00  -5.1505348e-02   0.0000000e+00  -2.7230456e-08
   1.1890000e+03   1.0909570e+01   3.0847180e+00  -5.1468587e-02   0.0000000e+00  -2.7206099e-08
   1.1900000e+03   1.0903660e+01   3.0837980e+00  -5.1431808e-02   0.0000000e+00  -2.7181566e-08
   1.1910000e+03   1.0897750e+01   3.0828790e+00  -5.1394994e-02   0.0000000e+00  -2.7156853e-08
   1.1920000e+03   1.0891860e+01   3.0819600e+00  -5.1358154e-02   0.0000000e+00  -2.7131966e-08
   1.1930000e+03   1.0885980e+01   3.0810420e+00  -5.1321274e-02   0.0000000e+00  -2.7106895e-08
   1.1940000e+03   1.0880100e+01   3.0801250e+00  -5.1284375e-02   0.0000000e+00  -2.7081654e-08
   1.1950000e+03   1.0874230e+01   3.0792090e+00  -5.1247420e-02   0.0000000e+00  -2.7056230e-08
   1.1960000e+03   1.0868380e+01   3.0782930e+00  -5.1210459e-02   0.0000000e+00  -2.7030642e-08
   1.1970000e+03   1.0862530e+01   3.0773790e+00  -5.1173444e-02   0.0000000e+00  -2.7004870e-08
   1.1980000e+03   1.0856690e+01   3.0764640e+00  -5.1136423e-02   0.0000000e+00  -2.6978937e-08
   1.1990000e+03   1.0850860e+01   3.0755510e+00  -5.1099361e-02   0.0000000e+00  -2.6952830e-08
   1.2000000e+03   1.0845040e+01   3.0746380e+00  -5.1062269e-02   0.0000000e+00  -2.6926552e-08
   1.2010000e+03   1.0839230e+01   3.0737260e+00  -5.1025149e-02   0.0000000e+00  -2.6900103e-08
   1.2020000e+03   1.0833430e+01   3.0728150e+00  -5.0987973e-02   0.0000000e+00  -2.6873479e-08
   1.2030000e+03   1.0827640e+01   3.0719040e+00  -5.0950797e-02   0.0000000e+00  -2.6846701e-08
   1.2040000e+03   1.0821860e+01   3.0709940e+00  -5.0913574e-02   0.0000000e+00  -2.6819751e-08
   1.2050000e+03   1.0816080e+01   3.0700840e+00  -5.0876357e-02   0.0000000e+00  -2.6792651e-08
   1.2060000e+03   1.0810320e+01   3.0691760e+00  -5.0839063e-02   0.0000000e+00  -2.6765366e-08
   1.2070000e+03   1.0804560e+01   3.0682680e+00  -5.0801768e-02   0.0000000e+00  -2.6737930e-08
   1.2080000e+03   1.0798810e+01   3.0673610e+00  -5.0764415e-02   0.0000000e+00  -2.6710323e-08
   1.2090000e+03   1.0793070e+01   3.0664540e+00  -5.0727063e-02   0.0000000e+00  -2.6682565e-08
   1.2100000e+03   1.0787340e+01   3.0655480e+00  -5.0689669e-02   0.0000000e+00  -2.6654646e-08
   1.2110000e+03   1.0781620e+01   3.0646430e+00  -5.0652256e-02   0.0000000e+00  -2.6626565e-08
   1.2120000e+03   1.0775910e+01   3.0637390e+00  -5.0614788e-02   0.0000000e+00  -2.6598325e-08
   1.2130000e+03   1.0770210e+01   3.0628350e+00  -5.0577315e-02   0.0000000e+00  -2.6569934e-08
   1.2140000e+03   1.0764510e+01   3.0619320e+00  -5.0539790e-02   0.0000000e+00  -2.6541378e-08
   1.2150000e+03   1.0758830e+01   3.0610290e+00  -5.0502258e-02   0.0000000e+00  -2.6512679e-08
   1.2160000e+03   1.0753150e+01   3.0601270e+00  -5.0464692e-02   0.0000000e+00  -2.6483818e-08
   1.2170000e+03   1.0747490e+01   3.0592260e+00  -5.0427082e-02   0.0000000e+00  -2.6454802e-08
   1.2180000e+03   1.0741830e+01   3.0583260e+00  -5.0389461e-02   0.0000000e+00  -2.6425641e-08
   1.2190000e+03   1.0736180e+01   3.0574260e+00  -5.0351797e-02   0.0000000e+00  -2.6396326e-08
   1.2200000e+03   1.0730540e+01   3.0565270e+00  -5.0314115e-02   0.0000000e+00  -2.6366862e-08
   1.2210000e+03   1.0724900e+01   3.0556290e+00  -5.0276400e-02   0.0000000e+00  -2.6337246e-08
   1.2220000e+03   1.0719280e+01   3.0547310e+00  -5.0238661e-02   0.0000000e+00  -2.6307489e-08
   1.2230000e+03   1.0713670e+01   3.0538340e+00  -5.0200895e-02   0.0000000e+00  -2.6277587e-08
   1.2240000e+03   1.0708060e+01   3.0529380e+00  -5.0163084e-02   0.0000000e+00  -2.6247526e-08
   1.2250000e+03   1.0702460e+01   3.0520420e+00  -5.0125270e-02   0.0000000e+00  -2.6217332e-08
   1.2260000e+03   1.0696870e+01   3.0511470e+00  -5.0087402e-02   0.0000000e+00  -2.6186983e-08
   1.2270000e+03   1.0691290e+01   3.0502520e+00  -5.0049528e-02   0.0000000e+00  -2.6156504e-08
   1.2280000e+03   1.0685720e+01   3.0493590e+00  -5.0011613e-02   0.0000000e+00  -2.6125876e-08
   1.2290000e+03   1.0680160e+01   3.0484660e+00  -4.9973669e-02   0.0000000e+00  -2.6095105e-08
   1.2300000e+03   1.0674600e+01   3.0475730e+00  -4.9935706e-02   0.0000000e+00  -2.6064202e-08
   1.2310000e+03   1.0669060e+01   3.0466820e+00  -4.9897701e-02   0.0000000e+00  -2.6033148e-08
   1.2320000e+03   1.0663520e+01   3.0457900e+00  -4.9859699e-02   0.0000000e+00  -2.6001972e-08
   1.2330000e+03   1.0657990e+01   3.0449000e+00  -4.9821635e-02   0.0000000e+00  -2.5970648e-08
   1.2340000e+03   1.0652470e+01   3.0440100e+00  -4.9783562e-02   0.0000000e+00  -2.5939190e-08
   1.2350000e+03   1.0646960e+01   3.0431210e+00  -4.9745464e-02   0.0000000e+00  -2.5907599e-08
   1.2360000e+03   1.0641450e+01   3.0422330e+00  -4.9707316e-02   0.0000000e+00  -2.5875864e-08
   1.2370000e+03   1.0635960e+01   3.0413450e+00  -4.9669160e-02   0.0000000e+00  -2.5844005e-08
   1.2380000e+03   1.0630470e+01   3.0404580e+00  -4.9630969e-02   0.0000000e+00  -2.5812014e-08
   1.2390000e+03   1.0624990e+01   3.0395710e+00  -4.9592777e-02   0.0000000e+00  -2.5779899e-08
   1.2400000e+03   1.0619520e+01   3.0386850e+00  -4.9554541e-02   0.0000000e+00  -2.5747644e-08
   1.2410000e+03   1.0614060e+01   3.0378000e+00  -4.9516268e-02   0.0000000e+00  -2.5715262e-08
   1.2420000e+03   1.0608610e+01   3.0369150e+00  -4.9477970e-02   0.0000000e+00  -2.5682747e-08
   1.2430000e+03   1.0603160e+01   3.0360310e+00  -4.9439656e-02   0.0000000e+00  -2.5650109e-08
   1.2440000e+03   1.0597730e+01   3.0351480e+00  -4.9401311e-02   0.0000000e+00  -2.5617346e-08
   1.2450000e+03   1.0592300e+01   3.0342650e+00  -4.9362941e-02   0.0000000e+00  -2.5584456e-08
   1.2460000e+03   1.0586880e+01   3.0333830e+00  -4.9324552e-02   0.0000000e+00  -2.5551446e-08
   1.2470000e+03   1.0581470e+01   3.0325020e+00  -4.9286103e-02   0.0000000e+00  -2.5518296e-08
   1.2480000e+03   1.0576060e+01   3.0316210e+00  -4.9247657e-02   0.0000000e+00  -2.5485032e-08
   1.2490000e+03   1.0570670e+01   3.0307410e+00  -4.9209188e-02   0.0000000e+00  -2.5451658e-08
   1.2500000e+03   1.0565280e+01   3.0298620e+00  -4.9170676e-02   0.0000000e+00  -2.5418146e-08
   1.2510000e+03   1.0559900e+01   3.0289830e+00  -4.9132156e-02   0.0000000e+00  -2.5384526e-08
   1.2520000e+03   1.0554530e+01   3.0281040e+00  -4.9093602e-02   0.0000000e+00  -2.5350781e-08
   1.2530000e+03   1.0549170e+01   3.0272270e+00  -4.9055007e-02   0.0000000e+00  -2.5316917e-08
   1.2540000e+03   1.0543810e+01   3.0263500e+00  -4.9016416e-02   0.0000000e+00  -2.5282948e-08
   1.2550000e+03   1.0538470e+01   3.0254730e+00  -4.8977786e-02   0.0000000e+00  -2.5248852e-08
   1.2560000e+03   1.0533130e+01   3.0245980e+00  -4.8939122e-02   0.0000000e+00  -2.5214642e-08
   1.2570000e+03   1.0527800e+01   3.0237230e+00  -4.8900440e-02   0.0000000e+00  -2.5180319e-08
   1.2580000e+03   1.0522480e+01   3.0228480e+00  -4.8861741e-02   0.0000000e+00  -2.5145882e-08
   1.2590000e+03   1.0517160e+01   3.0219740e+00  -4.8823010e-02   0.0000000e+00  -2.5111333e-08
   1.2600000e+03   1.0511860e+01   3.0211010e+00  -4.8784252e-02   0.0000000e+00  -2.5076675e-08
   1.2610000e+03   1.0506560e+01   3.0202280e+00  -4.8745466e-02   0.0000000e+00  -2.5041900e-08
   1.2620000e+03   1.0501270e+01   3.0193560e+00  -4.8706655e-02   0.0000000e+00  -2.5007018e-08
   1.2630000e+03   1.0495990e+01   3.0184850e+00  -4.8667816e-02   0.0000000e+00  -2.4972025e-08
   1.2640000e+03   1.0490710e+01   3.0176140e+00  -4.8628972e-02   0.0000000e+00  -2.4936934e-08
   1.2650000e+03   1.0485450e+01   3.0167440e+00  -4.8590073e-02   0.0000000e+00  -2.4901722e-08
   1.2660000e+03   1.0480190e+01   3.0158740e+00  -4.8551182e-02   0.0000000e+00  -2.4866418e-08
   1.2670000e+03   1.0474940e+01   3.0150050e+00  -4.8512250e-02   0.0000000e+00  -2.4831002e-08
   1.2680000e+03   1.0469700e+01   3.0141370e+00  -4.8473299e-02   0.0000000e+00  -2.4795486e-08
   1.2690000e+03   1.0464460e+01   3.0132690e+00  -4.8434312e-02   0.0000000e+00  -2.4759859e-08
   1.2700000e+03   1.0459230e+01   3.0124020e+00  -4.8395312e-02   0.0000000e+00  -2.4724132e-08
   1.2710000e+03   1.0454020e+01   3.0115350e+00  -4.8356292e-02   0.0000000e+00  -2.4688309e-08
   1.2720000e+03   1.0448810e+01   3.0106690e+00  -4.8317237e-02   0.0000000e+00  -2.4652381e-08
   1.2730000e+03   1.0443600e+01   3.0098040e+00  -4.8278167e-02   0.0000000e+00  -2.4616355e-08
   1.2740000e+03   1.0438410e+01   3.0089390e+00  -4.8239073e-02   0.0000000e+00  -2.4580232e-08
   1.2750000e+03   1.0433220e+01   3.0080750e+00  -4.8199950e-02   0.0000000e+00  -2.4544009e-08
   1.2760000e+03   1.0428040e+01   3.0072110e+00  -4.8160809e-02   0.0000000e+00  -2.4507689e-08
   1.2770000e+03   1.0422870e+01   3.0063480e+00  -4.8121631e-02   0.0000000e+00  -2.4471271e-08
   1.2780000e+03   1.0417700e+01   3.0054860e+00  -4.8082435e-02   0.0000000e+00  -2.4434756e-08
   1.2790000e+03   1.0412550e+01   3.0046240e+00  -4.8043222e-02   0.0000000e+00  -2.4398154e-08
   1.2800000e+03   1.0407400e+01   3.0037630e+00  -4.8003974e-02   0.0000000e+00  -2.4361448e-08
   1.2810000e+03   1.0402260e+01   3.0029020e+00  -4.7964708e-02   0.0000000e+00  -2.4324655e-08
   1.2820000e+03   1.0397130e+01   3.0020420e+00  -4.7925428e-02   0.0000000e+00  -2.4287772e-08
   1.2830000e+03   1.0392000e+01   3.0011830e+00  -4.7886114e-02   0.0000000e+00  -2.4250795e-08
   1.2840000e+03   1.0386880e+01   3.0003240e+00  -4.7846780e-02   0.0000000e+00  -2.4213728e-08
   1.2850000e+03   1.0381770e+01   2.9994660e+00  -4.7807429e-02   0.0000000e+00  -2.4176575e-08
   1.2860000e+03   1.0376670e+01   2.9986080e+00  -4.7768043e-02   0.0000000e+00  -2.4139328e-08
   1.2870000e+03   1.0371580e+01   2.9977510e+00  -4.7728639e-02   0.0000000e+00  -2.4101998e-08
   1.2880000e+03   1.0366490e+01   2.9968940e+00  -4.7689223e-02   0.0000000e+00  -2.4064583e-08
   1.2890000e+03   1.0361410e+01   2.9960380e+00  -4.7649782e-02   0.0000000e+00  -2.4027085e-08
   1.2900000e+03   1.0356340e+01   2.9951830e+00  -4.7610313e-02   0.0000000e+00  -2.3989497e-08
   1.2910000e+03   1.0351270e+01   2.9943280e+00  -4.7570829e-02   0.0000000e+00  -2.3951825e-08
   1.2920000e+03   1.0346210e+01   2.9934740e+00  -4.7531310e-02   0.0000000e+00  -2.3914067e-08
   1.2930000e+03   1.0341170e+01   2.9926200e+00  -4.7491764e-02   0.0000000e+00  -2.3876228e-08
   1.2940000e+03   1.0336120e+01   2.9917670e+00  -4.7452211e-02   0.0000000e+00  -2.3838309e-08
   1.2950000e+03   1.0331090e+01   2.9909140e+00  -4.7412635e-02   0.0000000e+00  -2.3800313e-08
   1.2960000e+03   1.0326060e+01   2.9900620e+00  -4.7373048e-02   0.0000000e+00  -2.3762243e-08
   1.2970000e+03   1.0321040e+01   2.9892110e+00  -4.7333406e-02   0.0000000e+00  -2.3724074e-08
   1.2980000e+03   1.0316030e+01   2.9883600e+00  -4.7293765e-02   0.0000000e+00  -2.3685841e-08
   1.2990000e+03   1.0311030e+01   2.9875100e+00  -4.7254089e-02   0.0000000e+00  -2.3647524e-08
   1.3000000e+03   1.0306030e+01   2.9866600e+00  -4.7214415e-02   0.0000000e+00  -2.3609141e-08
   1.3010000e+03   1.0301040e+01   2.9858110e+00  -4.7174691e-02   0.0000000e+00  -2.3570668e-08
   1.3020000e+03   1.0296060e+01   2.9849620e+00  -4.7134984e-02   0.0000000e+00  -2.3532138e-08
   1.3030000e+03   1.0291080e+01   2.9841140e+00  -4.7095231e-02   0.0000000e+00  -2.3493524e-08
   1.3040000e+03   1.0286110e+01   2.9832670e+00  -4.7055436e-02   0.0000000e+00  -2.3454825e-08
   1.3050000e+03   1.0281150e+01   2.9824200e+00  -4.7015644e-02   0.0000000e+00  -2.3416069e-08
   1.3060000e+03   1.0276200e+01   2.9815730e+00  -4.6975832e-02   0.0000000e+00  -2.3377239e-08
   1.3070000e+03   1.0271250e+01   2.9807280e+00  -4.6935992e-02   0.0000000e+00  -2.3338340e-08
   1.3080000e+03   1.0266320e+01   2.9798820e+00  -4.6896146e-02   0.0000000e+00  -2.3299375e-08
   1.3090000e+03   1.0261390e+01   2.9790380e+00  -4.6856254e-02   0.0000000e+00  -2.3260329e-08
   1.3100000e+03   1.0256460e+01   2.9781930e+00  -4.6816367e-02   0.0000000e+00  -2.3221223e-08
   1.3110000e+03   1.0251540e+01   2.9773500e+00  -4.6776441e-02   0.0000000e+00  -2.3182042e-08
   1.3120000e+03   1.0246640e+01   2.9765070e+00  -4.6736493e-02   0.0000000e+00  -2.3142804e-08
   1.3130000e+03   1.0241730e+01   2.9756640e+00  -4.6696541e-02   0.0000000e+00  -2.3103495e-08
   1.3140000e+03   1.0236840e+01   2.9748220e+00  -4.6656546e-02   0.0000000e+00  -2.3064118e-08
   1.3150000e+03   1.0231950e+01   2.9739810e+00  -4.6616541e-02   0.0000000e+00  -2.3024674e-08
   1.3160000e+03   1.0227070e+01   2.9731400e+00  -4.6576516e-02   0.0000000e+00  -2.2985173e-08
   1.3170000e+03   1.0222200e+01   2.9722990e+00  -4.6536496e-02   0.0000000e+00  -2.2945620e-08
   1.3180000e+03   1.0217330e+01   2.9714600e+00  -4.6496422e-02   0.0000000e+00  -2.2905991e-08
   1.3190000e+03   1.0212470e+01   2.9706200e+00  -4.6456349e-02   0.0000000e+00  -2.2866309e-08
   1.3200000e+03   1.0207620e+01   2.9697820e+00  -4.6416226e-02   0.0000000e+00  -2.2826551e-08
   1.3210000e+03   1.0202780e+01   2.9689430e+00  -4.6376120e-02   0.0000000e+00  -2.2786753e-08
   1.3220000e+03   1.0197940e+01   2.9681060e+00  -4.6335968e-02   0.0000000e+00  -2.2746884e-08
   1.3230000e+03   1.0193110e+01   2.9672680e+00  -4.6295815e-02   0.0000000e+00  -2.2706960e-08
   1.3240000e+03   1.0188290e+01   2.9664320e+00  -4.6255623e-02   0.0000000e+00  -2.2666976e-08
   1.3250000e+03   1.0183470e+01   2.9655960e+00  -4.6215427e-02   0.0000000e+00  -2.2626942e-08
   1.3260000e+03   1.0178660e+01   2.9647600e+00  -4.6175205e-02   0.0000000e+00  -2.2586848e-08
   1.3270000e+03   1.0173860e+01   2.9639250e+00  -4.6134969e-02   0.0000000e+00  -2.2546702e-08
   1.3280000e+03   1.0169060e+01   2.9630910e+00  -4.6094706e-02   0.0000000e+00  -2.2506499e-08
   1.3290000e+03   1.0164280e+01   2.9622570e+00  -4.6054419e-02   0.0000000e+00  -2.2466240e-08
   1.3300000e+03   1.0159500e+01   2.9614230e+00  -4.6014135e-02   0.0000000e+00  -2.2425942e-08
   1.3310000e+03   1.0154720e+01   2.9605900e+00  -4.5973823e-02   0.0000000e+00  -2.2385580e-08
   1.3320000e+03   1.0149950e+01   2.9597580e+00  -4.5933476e-02   0.0000000e+00  -2.2345166e-08
   1.3330000e+03   1.0145190e+01   2.9589260e+00  -4.5893132e-02   0.0000000e+00  -2.2304708e-08
   1.3340000e+03   1.0140440e+01   2.9580940e+00  -4.5852770e-02   0.0000000e+00  -2.2264202e-08
   1.3350000e+03   1.0135700e+01   2.9572640e+00  -4.5812352e-02   0.0000000e+00  -2.2223634e-08
   1.3360000e+03   1.0130960e+01   2.9564330e+00  -4.5771963e-02   0.0000000e+00  -2.2183033e-08
   1.3370000e+03   1.0126220e+01   2.9556030e+00  -4.5731538e-02   0.0000000e+00  -2.2142382e-08
   1.3380000e+03   1.0121500e+01   2.9547740e+00  -4.5691095e-02   0.0000000e+00  -2.2101680e-08
   1.3390000e+03   1.0116780e+01   2.9539450e+00  -4.5650620e-02   0.0000000e+00  -2.2060929e-08
   1.3400000e+03   1.0112070e+01   2.9531170e+00  -4.5610148e-02   0.0000000e+00  -2.2020143e-08
   1.3410000e+03   1.0107360e+01   2.9522890e+00  -4.5569643e-02   0.0000000e+00  -2.1979305e-08
   1.3420000e+03   1.0102670e+01   2.9514620e+00  -4.5529124e-02   0.0000000e+00  -2.1938424e-08
   1.3430000e+03   1.0097980e+01   2.9506350e+00  -4.5488584e-02   0.0000000e+00  -2.1897500e-08
   1.3440000e+03   1.0093290e+01   2.9498090e+00  -4.5448037e-02   0.0000000e+00  -2.1856540e-08
   1.3450000e+03   1.0088610e+01   2.9489830e+00  -4.5407455e-02   0.0000000e+00  -2.1815525e-08
   1.3460000e+03   1.0083940e+01   2.9481580e+00  -4.5366874e-02   0.0000000e+00  -2.1774482e-08
   1.3470000e+03   1.0079280e+01   2.9473330e+00  -4.5326258e-02   0.0000000e+00  -2.1733392e-08
   1.3480000e+03   1.0074620e+01   2.9465090e+00  -4.5285633e-02   0.0000000e+00  -2.1692262e-08
   1.3490000e+03   1.0069970e+01   2.9456850e+00  -4.5245005e-02   0.0000000e+00  -2.1651105e-08
   1.3500000e+03   1.0065330e+01   2.9448610e+00  -4.5204362e-02   0.0000000e+00  -2.1609907e-08
   1.3510000e+03   1.0060690e+01   2.9440390e+00  -4.5163673e-02   0.0000000e+00  -2.1568663e-08
   1.3520000e+03   1.0056060e+01   2.9432160e+00  -4.5122984e-02   0.0000000e+00  -2.1527386e-08
   1.3530000e+03   1.0051440e+01   2.9423950e+00  -4.5082259e-02   0.0000000e+00  -2.1486067e-08
   1.3540000e+03   1.0046820e+01   2.9415730e+00  -4.5041544e-02   0.0000000e+00  -2.1444723e-08
   1.3550000e+03   1.0042210e+01   2.9407520e+00  -4.5000809e-02   0.0000000e+00  -2.1403346e-08
   1.3560000e+03   1.0037610e+01   2.9399320e+00  -4.4960044e-02   0.0000000e+00  -2.1361929e-08
   1.3570000e+03   1.0033010e+01   2.9391120e+00  -4.4919282e-02   0.0000000e+00  -2.1320485e-08
   1.3580000e+03   1.0028420e+01   2.9382930e+00  -4.4878469e-02   0.0000000e+00  -2.1278997e-08
   1.3590000e+03   1.0023840e+01   2.9374740e+00  -4.4837673e-02   0.0000000e+00  -2.1237492e-08
   1.3600000e+03   1.0019270e+01   2.9366560e+00  -4.4796823e-02   0.0000000e+00  -2.1195941e-08
   1.3610000e+03   1.0014700e+01   2.9358380e+00  -4.4755987e-02   0.0000000e+00  -2.1154369e-08
   1.3620000e+03   1.0010130e+01   2.9350210e+00  -4.4715137e-02   0.0000000e+00  -2.1112769e-08
   1.3630000e+03   1.0005580e+01   2.9342040e+00  -4.4674263e-02   0.0000000e+00  -2.1071139e-08
   1.3640000e+03   1.0001030e+01   2.9333870e+00  -4.4633382e-02   0.0000000e+00  -2.1029479e-08
