   3.3000000e+01   2.4478970e+02   4.8814570e+00  -3.4504489e-03   1.5259063e-03   7.4795444e-04
   3.4000000e+01   2.3952760e+02   4.8440960e+00  -3.8755932e-03   1.5726240e-03   7.7035550e-04
   3.5000000e+01   2.3448900e+02   4.8088000e+00  -4.3041134e-03   1.6192215e-03   7.9267826e-04
   3.6000000e+01   2.2965780e+02   4.7754400e+00  -4.7357016e-03   1.6656918e-03   8.1491845e-04
   3.7000000e+01   2.2501990e+02   4.7438970e+00  -5.1700770e-03   1.7120285e-03   8.3707230e-04
   3.8000000e+01   2.2056270e+02   4.7140540e+00  -5.6069809e-03   1.7582315e-03   8.5913905e-04
   3.9000000e+01   2.1627500e+02   4.6858040e+00  -6.0461621e-03   1.8042999e-03   8.8111772e-04
   4.0000000e+01   2.1214640e+02   4.6590440e+00  -6.4873680e-03   1.8502366e-03   9.0300885e-04
   4.1000000e+01   2.0816780e+02   4.6336790e+00  -6.9303626e-03   1.8960451e-03   9.2481360e-04
   4.2000000e+01   2.0433070e+02   4.6096180e+00  -7.3749112e-03   1.9417296e-03   9.4653336e-04
   4.3000000e+01   2.0062750e+02   4.5867790e+00  -7.8207810e-03   1.9872943e-03   9.6816962e-04
   4.4000000e+01   1.9705100e+02   4.5650840e+00  -8.2677298e-03   2.0327447e-03   9.8972435e-04
   4.5000000e+01   1.9359490e+02   4.5444600e+00  -8.7155447e-03   2.0780851e-03   1.0111993e-03
   4.6000000e+01   1.9025300e+02   4.5248390e+00  -9.1639939e-03   2.1233222e-03   1.0325968e-03
   4.7000000e+01   1.8701970e+02   4.5061590e+00  -9.6128510e-03   2.1684607e-03   1.0539186e-03
   4.8000000e+01   1.8388990e+02   4.4883610e+00  -1.0061902e-02   2.2135048e-03   1.0751663e-03
   4.9000000e+01   1.8085880e+02   4.4713910e+00  -1.0510936e-02   2.2584587e-03   1.0963414e-03
   5.0000000e+01   1.7792170e+02   4.4551990e+00  -1.0959735e-02   2.3033280e-03   1.1174459e-03
   5.1000000e+01   1.7507450e+02   4.4397380e+00  -1.1408100e-02   2.3481163e-03   1.1384811e-03
   5.2000000e+01   1.7231310e+02   4.4249640e+00  -1.1855839e-02   2.3928266e-03   1.1594477e-03
   5.3000000e+01   1.6963390e+02   4.4108380e+00  -1.2302749e-02   2.4374604e-03   1.1803462e-03
   5.4000000e+01   1.6703320e+02   4.3973210e+00  -1.2748638e-02   2.4820238e-03   1.2011787e-03
   5.5000000e+01   1.6450780e+02   4.3843780e+00  -1.3193348e-02   2.5265180e-03   1.2219452e-03
   5.6000000e+01   1.6205450e+02   4.3719780e+00  -1.3636684e-02   2.5709439e-03   1.2426458e-03
   5.7000000e+01   1.5967030e+02   4.3600890e+00  -1.4078486e-02   2.6153058e-03   1.2632816e-03
   5.8000000e+01   1.5735250e+02   4.3486840e+00  -1.4518603e-02   2.6596018e-03   1.2838516e-03
   5.9000000e+01   1.5509840e+02   4.3377360e+00  -1.4956876e-02   2.7038353e-03   1.3043568e-03
   6.0000000e+01   1.5290550e+02   4.3272210e+00  -1.5393158e-02   2.7480067e-03   1.3247968e-03
   6.1000000e+01   1.5077130e+02   4.3171160e+00  -1.5827317e-02   2.7921163e-03   1.3451709e-03
   6.2000000e+01   1.4869360e+02   4.3074000e+00  -1.6259215e-02   2.8361646e-03   1.3654791e-03
   6.3000000e+01   1.4667030e+02   4.2980520e+00  -1.6688736e-02   2.8801529e-03   1.3857214e-03
   6.4000000e+01   1.4469920e+02   4.2890540e+00  -1.7115750e-02   2.9240799e-03   1.4058962e-03
   6.5000000e+01   1.4277850e+02   4.2803890e+00  -1.7540167e-02   2.9679453e-03   1.4260035e-03
   6.6000000e+01   1.4090640e+02   4.2720390e+00  -1.7961871e-02   3.0117490e-03   1.4460428e-03
   6.7000000e+01   1.3908090e+02   4.2639910e+00  -1.8380757e-02   3.0554910e-03   1.4660128e-03
   6.8000000e+01   1.3730050e+02   4.2562280e+00  -1.8796759e-02   3.0991705e-03   1.4859130e-03
   6.9000000e+01   1.3556350e+02   4.2487380e+00  -1.9209771e-02   3.1427879e-03   1.5057429e-03
   7.0000000e+01   1.3386840e+02   4.2415090e+00  -1.9619730e-02   3.1863390e-03   1.5255001e-03
   7.1000000e+01   1.3221370e+02   4.2345280e+00  -2.0026553e-02   3.2298271e-03   1.5451855e-03
   7.2000000e+01   1.3059810e+02   4.2277830e+00  -2.0430183e-02   3.2732484e-03   1.5647970e-03
   7.3000000e+01   1.2902010e+02   4.2212650e+00  -2.0830549e-02   3.3166029e-03   1.5843337e-03
   7.4000000e+01   1.2747860e+02   4.2149630e+00  -2.1227606e-02   3.3598896e-03   1.6037949e-03
   7.5000000e+01   1.2597230e+02   4.2088680e+00  -2.1621315e-02   3.4031085e-03   1.6231800e-03
   7.6000000e+01   1.2450010e+02   4.2029720e+00  -2.2011611e-02   3.4462529e-03   1.6424858e-03
   7.7000000e+01   1.2306070e+02   4.1972640e+00  -2.2398461e-02   3.4893311e-03   1.6617145e-03
   7.8000000e+01   1.2165320e+02   4.1917390e+00  -2.2781835e-02   3.5323326e-03   1.6808618e-03
   7.9000000e+01   1.2027650e+02   4.1863880e+00  -2.3161702e-02   3.5752624e-03   1.6999289e-03
   8.0000000e+01   1.1892970e+02   4.1812040e+00  -2.3538030e-02   3.6181179e-03   1.7189146e-03
   8.1000000e+01   1.1761170e+02   4.1761810e+00  -2.3910798e-02   3.6608974e-03   1.7378168e-03
   8.2000000e+01   1.1632180e+02   4.1713110e+00  -2.4280006e-02   3.7035989e-03   1.7566352e-03
   8.3000000e+01   1.1505890e+02   4.1665900e+00  -2.4645610e-02   3.7462231e-03   1.7753682e-03
   8.4000000e+01   1.1382240e+02   4.1620110e+00  -2.5007630e-02   3.7887692e-03   1.7940165e-03
   8.5000000e+01   1.1261130e+02   4.1575680e+00  -2.5366032e-02   3.8312369e-03   1.8125781e-03
   8.6000000e+01   1.1142500e+02   4.1532570e+00  -2.5720839e-02   3.8736216e-03   1.8310514e-03
   8.7000000e+01   1.1026260e+02   4.1490730e+00  -2.6072025e-02   3.9159270e-03   1.8494367e-03
   8.8000000e+01   1.0912360e+02   4.1450110e+00  -2.6419619e-02   3.9581496e-03   1.8677336e-03
   8.9000000e+01   1.0800710e+02   4.1410670e+00  -2.6763598e-02   4.0002873e-03   1.8859389e-03
   9.0000000e+01   1.0691250e+02   4.1372350e+00  -2.7103987e-02   4.0423449e-03   1.9040543e-03
   9.1000000e+01   1.0583930e+02   4.1335130e+00  -2.7440803e-02   4.0843150e-03   1.9220776e-03
   9.2000000e+01   1.0478680e+02   4.1298960e+00  -2.7774048e-02   4.1262025e-03   1.9400095e-03
   9.3000000e+01   1.0375440e+02   4.1263810e+00  -2.8103736e-02   4.1680037e-03   1.9578484e-03
   9.4000000e+01   1.0274160e+02   4.1229630e+00  -2.8429902e-02   4.2097186e-03   1.9755934e-03
   9.5000000e+01   1.0174770e+02   4.1196410e+00  -2.8752526e-02   4.2513496e-03   1.9932445e-03
   9.6000000e+01   1.0077240e+02   4.1164100e+00  -2.9071679e-02   4.2928928e-03   2.0108014e-03
   9.7000000e+01   9.9811760e+01   4.1134020e+00  -2.9381771e-02   4.3347601e-03   2.0285345e-03
   9.8000000e+01   9.8872010e+01   4.1103410e+00  -2.9694114e-02   4.3761252e-03   2.0458981e-03
   9.9000000e+01   9.7949300e+01   4.1073630e+00  -3.0003031e-02   4.4174038e-03   2.0631659e-03
   1.0000000e+02   9.7043160e+01   4.1044640e+00  -3.0308552e-02   4.4585953e-03   2.0803371e-03
   1.0100000e+02   9.6153170e+01   4.1016430e+00  -3.0610706e-02   4.4997008e-03   2.0974121e-03
   1.0200000e+02   9.5278890e+01   4.0988960e+00  -3.0909519e-02   4.5407217e-03   2.1143906e-03
   1.0300000e+02   9.4419920e+01   4.0962220e+00  -3.1205020e-02   4.5816547e-03   2.1312712e-03
   1.0400000e+02   9.3575880e+01   4.0936180e+00  -3.1497244e-02   4.6225026e-03   2.1480549e-03
   1.0500000e+02   9.2746370e+01   4.0910810e+00  -3.1786219e-02   4.6632678e-03   2.1647417e-03
   1.0600000e+02   9.1931040e+01   4.0886100e+00  -3.2071988e-02   4.7039454e-03   2.1813300e-03
   1.0700000e+02   9.1129530e+01   4.0862020e+00  -3.2354574e-02   4.7445415e-03   2.1978210e-03
   1.0800000e+02   9.0341500e+01   4.0838560e+00  -3.2634019e-02   4.7850526e-03   2.2142144e-03
   1.0900000e+02   8.9566600e+01   4.0815700e+00  -3.2910352e-02   4.8254795e-03   2.2305089e-03
   1.1000000e+02   8.8804540e+01   4.0793410e+00  -3.3183612e-02   4.8658272e-03   2.2467069e-03
   1.1100000e+02   8.8054980e+01   4.0771690e+00  -3.3453832e-02   4.9060887e-03   2.2628050e-03
   1.1200000e+02   8.7317640e+01   4.0750500e+00  -3.3721055e-02   4.9462737e-03   2.2788070e-03
   1.1300000e+02   8.6592220e+01   4.0729840e+00  -3.3985307e-02   4.9863784e-03   2.2947106e-03
   1.1400000e+02   8.5878440e+01   4.0709700e+00  -3.4246625e-02   5.0263998e-03   2.3105153e-03
   1.1500000e+02   8.5176020e+01   4.0690040e+00  -3.4505050e-02   5.0663492e-03   2.3262243e-03
   1.1600000e+02   8.4484710e+01   4.0670870e+00  -3.4760630e-02   5.1062163e-03   2.3418340e-03
   1.1700000e+02   8.3804240e+01   4.0652160e+00  -3.5013384e-02   5.1460088e-03   2.3573467e-03
   1.1800000e+02   8.3134360e+01   4.0633900e+00  -3.5263354e-02   5.1857248e-03   2.3727615e-03
   1.1900000e+02   8.2474840e+01   4.0616090e+00  -3.5510567e-02   5.2253670e-03   2.3880795e-03
   1.2000000e+02   8.1825440e+01   4.0598690e+00  -3.5755082e-02   5.2649392e-03   2.4033017e-03
   1.2100000e+02   8.1185940e+01   4.0581710e+00  -3.5996920e-02   5.3044341e-03   2.4184251e-03
   1.2200000e+02   8.0556110e+01   4.0565130e+00  -3.6236116e-02   5.3438612e-03   2.4334533e-03
   1.2300000e+02   7.9935740e+01   4.0548940e+00  -3.6472710e-02   5.3832194e-03   2.4483857e-03
   1.2400000e+02   7.9324620e+01   4.0533130e+00  -3.6706730e-02   5.4225063e-03   2.4632208e-03
   1.2500000e+02   7.8722560e+01   4.0517680e+00  -3.6938227e-02   5.4617259e-03   2.4779601e-03
   1.2600000e+02   7.8129350e+01   4.0502590e+00  -3.7167222e-02   5.5008819e-03   2.4926049e-03
   1.2700000e+02   7.7544800e+01   4.0487840e+00  -3.7393757e-02   5.5399721e-03   2.5071539e-03
   1.2800000e+02   7.6968740e+01   4.0473430e+00  -3.7617865e-02   5.5789975e-03   2.5216076e-03
   1.2900000e+02   7.6400980e+01   4.0459340e+00  -3.7839575e-02   5.6179623e-03   2.5359675e-03
   1.3000000e+02   7.5841340e+01   4.0445570e+00  -3.8058923e-02   5.6568674e-03   2.5502335e-03
   1.3100000e+02   7.5289660e+01   4.0432110e+00  -3.8275943e-02   5.6957073e-03   2.5644031e-03
   1.3200000e+02   7.4745770e+01   4.0418940e+00  -3.8490669e-02   5.7344949e-03   2.5784817e-03
   1.3300000e+02   7.4209520e+01   4.0406070e+00  -3.8703138e-02   5.7732196e-03   2.5924645e-03
   1.3400000e+02   7.3680740e+01   4.0393480e+00  -3.8913359e-02   5.8118923e-03   2.6063561e-03
   1.3500000e+02   7.3159280e+01   4.0381160e+00  -3.9121396e-02   5.8505089e-03   2.6201537e-03
   1.3600000e+02   7.2645000e+01   4.0369100e+00  -3.9327253e-02   5.8890743e-03   2.6338599e-03
   1.3700000e+02   7.2137750e+01   4.0357310e+00  -3.9530974e-02   5.9275861e-03   2.6474738e-03
   1.3800000e+02   7.1637400e+01   4.0345760e+00  -3.9732599e-02   5.9660481e-03   2.6609957e-03
   1.3900000e+02   7.1143800e+01   4.0334460e+00  -3.9932125e-02   6.0044594e-03   2.6744257e-03
   1.4000000e+02   7.0656820e+01   4.0323390e+00  -4.0129606e-02   6.0428240e-03   2.6877650e-03
   1.4100000e+02   7.0176340e+01   4.0312560e+00  -4.0325068e-02   6.0811418e-03   2.7010139e-03
   1.4200000e+02   6.9702220e+01   4.0301940e+00  -4.0518541e-02   6.1194172e-03   2.7141728e-03
   1.4300000e+02   6.9234350e+01   4.0291550e+00  -4.0710035e-02   6.1576433e-03   2.7272401e-03
   1.4400000e+02   6.8772610e+01   4.0281360e+00  -4.0899598e-02   6.1958320e-03   2.7402195e-03
   1.4500000e+02   6.8316870e+01   4.0271380e+00  -4.1087250e-02   6.2339768e-03   2.7531085e-03
   1.4600000e+02   6.7867030e+01   4.0261600e+00  -4.1273015e-02   6.2720802e-03   2.7659080e-03
   1.4700000e+02   6.7422970e+01   4.0252010e+00  -4.1456919e-02   6.3101469e-03   2.7786198e-03
   1.4800000e+02   6.6984580e+01   4.0242610e+00  -4.1638982e-02   6.3481762e-03   2.7912424e-03
   1.4900000e+02   6.6551770e+01   4.0233390e+00  -4.1819238e-02   6.3861683e-03   2.8037772e-03
   1.5000000e+02   6.6124420e+01   4.0224350e+00  -4.1997712e-02   6.4241250e-03   2.8162231e-03
   1.5100000e+02   6.5702450e+01   4.0215480e+00  -4.2174417e-02   6.4620482e-03   2.8285825e-03
   1.5200000e+02   6.5285740e+01   4.0206780e+00  -4.2349385e-02   6.4999385e-03   2.8408545e-03
   1.5300000e+02   6.4874200e+01   4.0198240e+00  -4.2522636e-02   6.5377981e-03   2.8530392e-03
   1.5400000e+02   6.4467740e+01   4.0189860e+00  -4.2694194e-02   6.5756256e-03   2.8651372e-03
   1.5500000e+02   6.4066280e+01   4.0181630e+00  -4.2864078e-02   6.6134268e-03   2.8771498e-03
   1.5600000e+02   6.3669710e+01   4.0173560e+00  -4.3032294e-02   6.6511972e-03   2.8890750e-03
   1.5700000e+02   6.3277950e+01   4.0165620e+00  -4.3198901e-02   6.6889435e-03   2.9009150e-03
   1.5800000e+02   6.2890930e+01   4.0157830e+00  -4.3363894e-02   6.7266628e-03   2.9126699e-03
   1.5900000e+02   6.2508550e+01   4.0150170e+00  -4.3527300e-02   6.7643570e-03   2.9243383e-03
   1.6000000e+02   6.2130730e+01   4.0142640e+00  -4.3689145e-02   6.8020309e-03   2.9359233e-03
   1.6100000e+02   6.1757400e+01   4.0135250e+00  -4.3849425e-02   6.8396779e-03   2.9474220e-03
   1.6200000e+02   6.1388470e+01   4.0127980e+00  -4.4008189e-02   6.8773059e-03   2.9588366e-03
   1.6300000e+02   6.1023880e+01   4.0120830e+00  -4.4165434e-02   6.9149133e-03   2.9701670e-03
   1.6400000e+02   6.0663550e+01   4.0113800e+00  -4.4321182e-02   6.9525011e-03   2.9814129e-03
   1.6500000e+02   6.0307400e+01   4.0106880e+00  -4.4475463e-02   6.9900728e-03   2.9925754e-03
   1.6600000e+02   5.9955370e+01   4.0100070e+00  -4.4628291e-02   7.0276258e-03   3.0036546e-03
   1.6700000e+02   5.9607380e+01   4.0093370e+00  -4.4779675e-02   7.0651653e-03   3.0146505e-03
   1.6800000e+02   5.9263380e+01   4.0086780e+00  -4.4929628e-02   7.1026847e-03   3.0255625e-03
   1.6900000e+02   5.8923280e+01   4.0080290e+00  -4.5078179e-02   7.1401913e-03   3.0363910e-03
   1.7000000e+02   5.8587040e+01   4.0073900e+00  -4.5225343e-02   7.1776840e-03   3.0471372e-03
   1.7100000e+02   5.8254580e+01   4.0067600e+00  -4.5371128e-02   7.2151658e-03   3.0578010e-03
   1.7200000e+02   5.7925840e+01   4.0061390e+00  -4.5515566e-02   7.2526370e-03   3.0683823e-03
   1.7300000e+02   5.7600760e+01   4.0055280e+00  -4.5658644e-02   7.2900955e-03   3.0788811e-03
   1.7400000e+02   5.7279290e+01   4.0049250e+00  -4.5800406e-02   7.3275462e-03   3.0892984e-03
   1.7500000e+02   5.6961370e+01   4.0043310e+00  -4.5940848e-02   7.3649855e-03   3.0996334e-03
   1.7600000e+02   5.6646930e+01   4.0037450e+00  -4.6080000e-02   7.4024183e-03   3.1098866e-03
   1.7700000e+02   5.6335920e+01   4.0031670e+00  -4.6217856e-02   7.4398438e-03   3.1200583e-03
   1.7800000e+02   5.6028300e+01   4.0025970e+00  -4.6354441e-02   7.4772619e-03   3.1301488e-03
   1.7900000e+02   5.5724000e+01   4.0020340e+00  -4.6489777e-02   7.5146758e-03   3.1401581e-03
   1.8000000e+02   5.5422970e+01   4.0014790e+00  -4.6623861e-02   7.5520821e-03   3.1500853e-03
   1.8100000e+02   5.5125160e+01   4.0009300e+00  -4.6756724e-02   7.5894891e-03   3.1599329e-03
   1.8200000e+02   5.4830530e+01   4.0003890e+00  -4.6888361e-02   7.6268884e-03   3.1696989e-03
   1.8300000e+02   5.4539020e+01   3.9998540e+00  -4.7018791e-02   7.6642863e-03   3.1793843e-03
   1.8400000e+02   5.4250580e+01   3.9993250e+00  -4.7148041e-02   7.7016845e-03   3.1889894e-03
   1.8500000e+02   5.3965170e+01   3.9988030e+00  -4.7276087e-02   7.7390785e-03   3.1985135e-03
   1.8600000e+02   5.3682740e+01   3.9982870e+00  -4.7402979e-02   7.7764726e-03   3.2079574e-03
   1.8700000e+02   5.3403250e+01   3.9977760e+00  -4.7528721e-02   7.8138700e-03   3.2173220e-03
   1.8800000e+02   5.3126660e+01   3.9972710e+00  -4.7653312e-02   7.8512650e-03   3.2266057e-03
   1.8900000e+02   5.2852910e+01   3.9967720e+00  -4.7776759e-02   7.8886618e-03   3.2358095e-03
   1.9000000e+02   5.2581960e+01   3.9962780e+00  -4.7899085e-02   7.9260622e-03   3.2449337e-03
   1.9100000e+02   5.2313780e+01   3.9957890e+00  -4.8020306e-02   7.9634653e-03   3.2539781e-03
   1.9200000e+02   5.2048320e+01   3.9953050e+00  -4.8140419e-02   8.0008718e-03   3.2629429e-03
   1.9300000e+02   5.1785550e+01   3.9948260e+00  -4.8259439e-02   8.0382800e-03   3.2718274e-03
   1.9400000e+02   5.1525420e+01   3.9943520e+00  -4.8377378e-02   8.0756927e-03   3.2806326e-03
   1.9500000e+02   5.1267890e+01   3.9938820e+00  -4.8494248e-02   8.1131143e-03   3.2893593e-03
   1.9600000e+02   5.1012940e+01   3.9934160e+00  -4.8610060e-02   8.1505399e-03   3.2980066e-03
   1.9700000e+02   5.0760510e+01   3.9929550e+00  -4.8724818e-02   8.1879694e-03   3.3065735e-03
   1.9800000e+02   5.0510570e+01   3.9924980e+00  -4.8838524e-02   8.2254076e-03   3.3150619e-03
   1.9900000e+02   5.0263100e+01   3.9920440e+00  -4.8951214e-02   8.2628548e-03   3.3234721e-03
   2.0000000e+02   5.0018040e+01   3.9915940e+00  -4.9062879e-02   8.3003114e-03   3.3318035e-03
   2.0100000e+02   4.9775380e+01   3.9911480e+00  -4.9173531e-02   8.3377719e-03   3.3400549e-03
   2.0200000e+02   4.9535070e+01   3.9907060e+00  -4.9283165e-02   8.3752422e-03   3.3482278e-03
   2.0300000e+02   4.9297080e+01   3.9902660e+00  -4.9391828e-02   8.4127260e-03   3.3563229e-03
   2.0400000e+02   4.9061370e+01   3.9898310e+00  -4.9499471e-02   8.4502142e-03   3.3643379e-03
   2.0500000e+02   4.8827930e+01   3.9893980e+00  -4.9606159e-02   8.4877171e-03   3.3722757e-03
   2.0600000e+02   4.8596710e+01   3.9889680e+00  -4.9711874e-02   8.5252300e-03   3.3801348e-03
   2.0700000e+02   4.8367680e+01   3.9885410e+00  -4.9816630e-02   8.5627539e-03   3.3879147e-03
   2.0800000e+02   4.8140820e+01   3.9881170e+00  -4.9920427e-02   8.6002893e-03   3.3956169e-03
   2.0900000e+02   4.7916100e+01   3.9876960e+00  -5.0023282e-02   8.6378364e-03   3.4032411e-03
   2.1000000e+02   4.7693470e+01   3.9872770e+00  -5.0125200e-02   8.6753993e-03   3.4107870e-03
   2.1100000e+02   4.7472930e+01   3.9868610e+00  -5.0226184e-02   8.7129704e-03   3.4182540e-03
   2.1200000e+02   4.7254430e+01   3.9864470e+00  -5.0326260e-02   8.7505591e-03   3.4256439e-03
   2.1300000e+02   4.7037960e+01   3.9860350e+00  -5.0425424e-02   8.7881614e-03   3.4329558e-03
   2.1400000e+02   4.6823480e+01   3.9856260e+00  -5.0523667e-02   8.8257758e-03   3.4401894e-03
   2.1500000e+02   4.6610960e+01   3.9852190e+00  -5.0621012e-02   8.8634059e-03   3.4473451e-03
   2.1600000e+02   4.6400390e+01   3.9848130e+00  -5.0717481e-02   8.9010527e-03   3.4544237e-03
   2.1700000e+02   4.6191730e+01   3.9844100e+00  -5.0813059e-02   8.9387143e-03   3.4614241e-03
   2.1800000e+02   4.5984960e+01   3.9840080e+00  -5.0907765e-02   8.9763926e-03   3.4683470e-03
   2.1900000e+02   4.5780050e+01   3.9836080e+00  -5.1001602e-02   9.0140885e-03   3.4751927e-03
   2.2000000e+02   4.5576990e+01   3.9832100e+00  -5.1094568e-02   9.0517978e-03   3.4819605e-03
   2.2100000e+02   4.5375740e+01   3.9828140e+00  -5.1186678e-02   9.0895240e-03   3.4886508e-03
   2.2200000e+02   4.5176290e+01   3.9824190e+00  -5.1277948e-02   9.1272678e-03   3.4952640e-03
   2.2300000e+02   4.4978600e+01   3.9820250e+00  -5.1368379e-02   9.1650335e-03   3.5018004e-03
   2.2400000e+02   4.4782660e+01   3.9816330e+00  -5.1457972e-02   9.2028127e-03   3.5082586e-03
   2.2500000e+02   4.4588450e+01   3.9812420e+00  -5.1546739e-02   9.2406120e-03   3.5146404e-03
   2.2600000e+02   4.4395940e+01   3.9808520e+00  -5.1634687e-02   9.2784306e-03   3.5209451e-03
   2.2700000e+02   4.4205100e+01   3.9804640e+00  -5.1721804e-02   9.3162668e-03   3.5271725e-03
   2.2800000e+02   4.4015930e+01   3.9800760e+00  -5.1808129e-02   9.3541240e-03   3.5333232e-03
   2.2900000e+02   4.3828400e+01   3.9796900e+00  -5.1893644e-02   9.3919979e-03   3.5393970e-03
   2.3000000e+02   4.3642480e+01   3.9793040e+00  -5.1978373e-02   9.4298979e-03   3.5453950e-03
   2.3100000e+02   4.3458160e+01   3.9789190e+00  -5.2062311e-02   9.4678143e-03   3.5513150e-03
   2.3200000e+02   4.3275420e+01   3.9785350e+00  -5.2145466e-02   9.5057532e-03   3.5571595e-03
   2.3300000e+02   4.3094240e+01   3.9781520e+00  -5.2227841e-02   9.5437111e-03   3.5629272e-03
   2.3400000e+02   4.2914590e+01   3.9777700e+00  -5.2309438e-02   9.5816891e-03   3.5686179e-03
   2.3500000e+02   4.2736470e+01   3.9773880e+00  -5.2390279e-02   9.6196900e-03   3.5742327e-03
   2.3600000e+02   4.2559840e+01   3.9770070e+00  -5.2470352e-02   9.6577120e-03   3.5797707e-03
   2.3700000e+02   4.2384700e+01   3.9766260e+00  -5.2549686e-02   9.6957593e-03   3.5852337e-03
   2.3800000e+02   4.2211020e+01   3.9762460e+00  -5.2628266e-02   9.7338258e-03   3.5906197e-03
   2.3900000e+02   4.2038790e+01   3.9758660e+00  -5.2706102e-02   9.7719161e-03   3.5959299e-03
   2.4000000e+02   4.1867990e+01   3.9754870e+00  -5.2783201e-02   9.8100285e-03   3.6011648e-03
   2.4100000e+02   4.1698590e+01   3.9751080e+00  -5.2859571e-02   9.8481642e-03   3.6063228e-03
   2.4200000e+02   4.1530600e+01   3.9747290e+00  -5.2935224e-02   9.8863245e-03   3.6114061e-03
   2.4300000e+02   4.1363980e+01   3.9743510e+00  -5.3010141e-02   9.9245057e-03   3.6164130e-03
   2.4400000e+02   4.1198730e+01   3.9739720e+00  -5.3084371e-02   9.9627145e-03   3.6213454e-03
   2.4500000e+02   4.1034820e+01   3.9735940e+00  -5.3157872e-02   1.0000944e-02   3.6262010e-03
   2.4600000e+02   4.0872240e+01   3.9732160e+00  -5.3230677e-02   1.0039200e-02   3.6309828e-03
   2.4700000e+02   4.0710970e+01   3.9728380e+00  -5.3302782e-02   1.0077480e-02   3.6356884e-03
   2.4800000e+02   4.0551000e+01   3.9724600e+00  -5.3374198e-02   1.0115786e-02   3.6403192e-03
   2.4900000e+02   4.0392320e+01   3.9720820e+00  -5.3444927e-02   1.0154114e-02   3.6448746e-03
   2.5000000e+02   4.0234900e+01   3.9717030e+00  -5.3514979e-02   1.0192474e-02   3.6493564e-03
   2.5100000e+02   4.0078740e+01   3.9713250e+00  -5.3584353e-02   1.0230855e-02   3.6537627e-03
   2.5200000e+02   3.9923820e+01   3.9709470e+00  -5.3653051e-02   1.0269258e-02   3.6580931e-03
   2.5300000e+02   3.9770120e+01   3.9705680e+00  -5.3721086e-02   1.0307693e-02   3.6623503e-03
   2.5400000e+02   3.9617630e+01   3.9701890e+00  -5.3788460e-02   1.0346154e-02   3.6665331e-03
   2.5500000e+02   3.9466340e+01   3.9698100e+00  -5.3855182e-02   1.0384640e-02   3.6706417e-03
   2.5600000e+02   3.9316230e+01   3.9694310e+00  -5.3921247e-02   1.0423151e-02   3.6746752e-03
   2.5700000e+02   3.9167300e+01   3.9690510e+00  -5.3986673e-02   1.0461689e-02   3.6786352e-03
   2.5800000e+02   3.9019520e+01   3.9686710e+00  -5.4051452e-02   1.0500255e-02   3.6825214e-03
   2.5900000e+02   3.8872880e+01   3.9682900e+00  -5.4115609e-02   1.0538852e-02   3.6863344e-03
   2.6000000e+02   3.8727370e+01   3.9679090e+00  -5.4179125e-02   1.0577474e-02   3.6900728e-03
   2.6100000e+02   3.8582990e+01   3.9675270e+00  -5.4242026e-02   1.0616125e-02   3.6937386e-03
   2.6200000e+02   3.8439700e+01   3.9671460e+00  -5.4304280e-02   1.0654800e-02   3.6973297e-03
   2.6300000e+02   3.8297520e+01   3.9667630e+00  -5.4365943e-02   1.0693504e-02   3.7008479e-03
   2.6400000e+02   3.8156410e+01   3.9663800e+00  -5.4426983e-02   1.0732237e-02   3.7042923e-03
   2.6500000e+02   3.8016370e+01   3.9659960e+00  -5.4487428e-02   1.0771002e-02   3.7076655e-03
   2.6600000e+02   3.7877390e+01   3.9656120e+00  -5.4547258e-02   1.0809791e-02   3.7109649e-03
   2.6700000e+02   3.7739460e+01   3.9652270e+00  -5.4606495e-02   1.0848611e-02   3.7141919e-03
   2.6800000e+02   3.7602560e+01   3.9648410e+00  -5.4665143e-02   1.0887461e-02   3.7173463e-03
   2.6900000e+02   3.7466680e+01   3.9644550e+00  -5.4723195e-02   1.0926339e-02   3.7204283e-03
   2.7000000e+02   3.7331820e+01   3.9640680e+00  -5.4780663e-02   1.0965245e-02   3.7234377e-03
   2.7100000e+02   3.7197950e+01   3.9636800e+00  -5.4837559e-02   1.1004183e-02   3.7263749e-03
   2.7200000e+02   3.7065080e+01   3.9632910e+00  -5.4893884e-02   1.1043151e-02   3.7292409e-03
   2.7300000e+02   3.6933190e+01   3.9629020e+00  -5.4949626e-02   1.1082146e-02   3.7320347e-03
   2.7400000e+02   3.6802270e+01   3.9625120e+00  -5.5004809e-02   1.1121171e-02   3.7347564e-03
   2.7500000e+02   3.6672300e+01   3.9621200e+00  -5.5059440e-02   1.1160235e-02   3.7374090e-03
   2.7600000e+02   3.6543290e+01   3.9617280e+00  -5.5113504e-02   1.1199320e-02   3.7399876e-03
   2.7700000e+02   3.6415210e+01   3.9613360e+00  -5.5167004e-02   1.1238435e-02   3.7424951e-03
   2.7800000e+02   3.6288070e+01   3.9609420e+00  -5.5219970e-02   1.1277583e-02   3.7449331e-03
   2.7900000e+02   3.6161840e+01   3.9605470e+00  -5.5272394e-02   1.1316765e-02   3.7472999e-03
   2.8000000e+02   3.6036520e+01   3.9601510e+00  -5.5324281e-02   1.1355976e-02   3.7495959e-03
   2.8100000e+02   3.5912100e+01   3.9597540e+00  -5.5375630e-02   1.1395222e-02   3.7518229e-03
   2.8200000e+02   3.5788580e+01   3.9593560e+00  -5.5426450e-02   1.1434494e-02   3.7539776e-03
   2.8300000e+02   3.5665930e+01   3.9589580e+00  -5.5476726e-02   1.1473796e-02   3.7560624e-03
   2.8400000e+02   3.5544160e+01   3.9585580e+00  -5.5526494e-02   1.1513132e-02   3.7580778e-03
   2.8500000e+02   3.5423250e+01   3.9581570e+00  -5.5575743e-02   1.1552499e-02   3.7600233e-03
   2.8600000e+02   3.5303190e+01   3.9577550e+00  -5.5624474e-02   1.1591902e-02   3.7619002e-03
   2.8700000e+02   3.5183980e+01   3.9573510e+00  -5.5672708e-02   1.1631339e-02   3.7637082e-03
   2.8800000e+02   3.5065610e+01   3.9569470e+00  -5.5720421e-02   1.1670803e-02   3.7654461e-03
   2.8900000e+02   3.4948070e+01   3.9565410e+00  -5.5767644e-02   1.1710301e-02   3.7671152e-03
   2.9000000e+02   3.4831350e+01   3.9561350e+00  -5.5814347e-02   1.1749825e-02   3.7687150e-03
   2.9100000e+02   3.4715440e+01   3.9557270e+00  -5.5860576e-02   1.1789388e-02   3.7702470e-03
   2.9200000e+02   3.4600330e+01   3.9553180e+00  -5.5906310e-02   1.1828986e-02   3.7717118e-03
   2.9300000e+02   3.4486020e+01   3.9549070e+00  -5.5951567e-02   1.1868617e-02   3.7731075e-03
   2.9400000e+02   3.4372500e+01   3.9544960e+00  -5.5996321e-02   1.1908275e-02   3.7744348e-03
   2.9500000e+02   3.4259750e+01   3.9540830e+00  -5.6040615e-02   1.1947971e-02   3.7756950e-03
   2.9600000e+02   3.4147780e+01   3.9536690e+00  -5.6084425e-02   1.1987699e-02   3.7768878e-03
   2.9700000e+02   3.4036580e+01   3.9532530e+00  -5.6127779e-02   1.2027460e-02   3.7780133e-03
   2.9800000e+02   3.3926130e+01   3.9528370e+00  -5.6170645e-02   1.2067250e-02   3.7790708e-03
   2.9900000e+02   3.3816430e+01   3.9524190e+00  -5.6213062e-02   1.2107078e-02   3.7800626e-03
   3.0000000e+02   3.3707470e+01   3.9519990e+00  -5.6255022e-02   1.2146942e-02   3.7809874e-03
   3.0100000e+02   3.3599250e+01   3.9515780e+00  -5.6296525e-02   1.2186838e-02   3.7818459e-03
   3.0200000e+02   3.3491750e+01   3.9511560e+00  -5.6337574e-02   1.2226770e-02   3.7826388e-03
   3.0300000e+02   3.3384980e+01   3.9507330e+00  -5.6378169e-02   1.2266729e-02   3.7833643e-03
   3.0400000e+02   3.3278920e+01   3.9503080e+00  -5.6418329e-02   1.2306727e-02   3.7840255e-03
   3.0500000e+02   3.3173570e+01   3.9498810e+00  -5.6458057e-02   1.2346761e-02   3.7846210e-03
   3.0600000e+02   3.3068920e+01   3.9494540e+00  -5.6497326e-02   1.2386822e-02   3.7851504e-03
   3.0700000e+02   3.2964960e+01   3.9490240e+00  -5.6536187e-02   1.2426927e-02   3.7856163e-03
   3.0800000e+02   3.2861690e+01   3.9485940e+00  -5.6574598e-02   1.2467055e-02   3.7860154e-03
   3.0900000e+02   3.2759100e+01   3.9481610e+00  -5.6612611e-02   1.2507230e-02   3.7863525e-03
   3.1000000e+02   3.2657180e+01   3.9477280e+00  -5.6650169e-02   1.2547429e-02   3.7866230e-03
   3.1100000e+02   3.2555930e+01   3.9472930e+00  -5.6687325e-02   1.2587669e-02   3.7868318e-03
   3.1200000e+02   3.2455340e+01   3.9468560e+00  -5.6724068e-02   1.2627942e-02   3.7869746e-03
   3.1300000e+02   3.2355410e+01   3.9464180e+00  -5.6760397e-02   1.2668248e-02   3.7870551e-03
   3.1400000e+02   3.2256120e+01   3.9459780e+00  -5.6796318e-02   1.2708593e-02   3.7870719e-03
   3.1500000e+02   3.2157480e+01   3.9455370e+00  -5.6831835e-02   1.2748971e-02   3.7870263e-03
   3.1600000e+02   3.2059480e+01   3.9450940e+00  -5.6866952e-02   1.2789383e-02   3.7869179e-03
   3.1700000e+02   3.1962100e+01   3.9446490e+00  -5.6901684e-02   1.2829835e-02   3.7867466e-03
   3.1800000e+02   3.1865360e+01   3.9442030e+00  -5.6936014e-02   1.2870315e-02   3.7865133e-03
   3.1900000e+02   3.1769230e+01   3.9437550e+00  -5.6969951e-02   1.2910833e-02   3.7862173e-03
   3.2000000e+02   3.1673710e+01   3.9433060e+00  -5.7003498e-02   1.2951387e-02   3.7858600e-03
   3.2100000e+02   3.1578800e+01   3.9428550e+00  -5.7036664e-02   1.2991978e-02   3.7854415e-03
   3.2200000e+02   3.1484500e+01   3.9424030e+00  -5.7069447e-02   1.3032597e-02   3.7849618e-03
   3.2300000e+02   3.1390790e+01   3.9419490e+00  -5.7101853e-02   1.3073256e-02   3.7844203e-03
   3.2400000e+02   3.1297670e+01   3.9414930e+00  -5.7133896e-02   1.3113952e-02   3.7838183e-03
   3.2500000e+02   3.1205140e+01   3.9410350e+00  -5.7165571e-02   1.3154686e-02   3.7831578e-03
   3.2600000e+02   3.1113190e+01   3.9405760e+00  -5.7196867e-02   1.3195451e-02   3.7824352e-03
   3.2700000e+02   3.1021820e+01   3.9401150e+00  -5.7227805e-02   1.3236253e-02   3.7816539e-03
   3.2800000e+02   3.0931010e+01   3.9396530e+00  -5.7258373e-02   1.3277088e-02   3.7808111e-03
   3.2900000e+02   3.0840770e+01   3.9391890e+00  -5.7288591e-02   1.3317958e-02   3.7799099e-03
   3.3000000e+02   3.0751100e+01   3.9387230e+00  -5.7318458e-02   1.3358864e-02   3.7789502e-03
   3.3100000e+02   3.0661970e+01   3.9382550e+00  -5.7347975e-02   1.3399812e-02   3.7779325e-03
   3.3200000e+02   3.0573400e+01   3.9377850e+00  -5.7377154e-02   1.3440795e-02   3.7768558e-03
   3.3300000e+02   3.0485380e+01   3.9373140e+00  -5.7405974e-02   1.3481806e-02   3.7757211e-03
   3.3400000e+02   3.0397890e+01   3.9368410e+00  -5.7434457e-02   1.3522858e-02   3.7745282e-03
   3.3500000e+02   3.0310940e+01   3.9363670e+00  -5.7462589e-02   1.3563939e-02   3.7732767e-03
   3.3600000e+02   3.0224520e+01   3.9358900e+00  -5.7490408e-02   1.3605065e-02   3.7719697e-03
   3.3700000e+02   3.0138630e+01   3.9354120e+00  -5.7517882e-02   1.3646218e-02   3.7706044e-03
   3.3800000e+02   3.0053260e+01   3.9349320e+00  -5.7545029e-02   1.3687412e-02   3.7691834e-03
   3.3900000e+02   2.9968410e+01   3.9344500e+00  -5.7571856e-02   1.3728641e-02   3.7677056e-03
   3.4000000e+02   2.9884070e+01   3.9339660e+00  -5.7598362e-02   1.3769910e-02   3.7661731e-03
   3.4100000e+02   2.9800240e+01   3.9334810e+00  -5.7624536e-02   1.3811205e-02   3.7645828e-03
   3.4200000e+02   2.9716910e+01   3.9329930e+00  -5.7650412e-02   1.3852546e-02   3.7629384e-03
   3.4300000e+02   2.9634090e+01   3.9325040e+00  -5.7675956e-02   1.3893914e-02   3.7612375e-03
   3.4400000e+02   2.9551760e+01   3.9320130e+00  -5.7701198e-02   1.3935323e-02   3.7594836e-03
   3.4500000e+02   2.9469920e+01   3.9315200e+00  -5.7726132e-02   1.3976764e-02   3.7576734e-03
   3.4600000e+02   2.9388570e+01   3.9310250e+00  -5.7750761e-02   1.4018243e-02   3.7558101e-03
   3.4700000e+02   2.9307700e+01   3.9305290e+00  -5.7775084e-02   1.4059753e-02   3.7538922e-03
   3.4800000e+02   2.9227310e+01   3.9300300e+00  -5.7799118e-02   1.4101306e-02   3.7519211e-03
   3.4900000e+02   2.9147390e+01   3.9295300e+00  -5.7822845e-02   1.4142891e-02   3.7498968e-03
   3.5000000e+02   2.9067950e+01   3.9290280e+00  -5.7846275e-02   1.4184505e-02   3.7478183e-03
   3.5100000e+02   2.8988970e+01   3.9285230e+00  -5.7869438e-02   1.4226168e-02   3.7456893e-03
   3.5200000e+02   2.8910460e+01   3.9280170e+00  -5.7892297e-02   1.4267855e-02   3.7435065e-03
   3.5300000e+02   2.8832400e+01   3.9275090e+00  -5.7914871e-02   1.4309584e-02   3.7412725e-03
   3.5400000e+02   2.8754800e+01   3.9269990e+00  -5.7937166e-02   1.4351345e-02   3.7389863e-03
   3.5500000e+02   2.8677660e+01   3.9264870e+00  -5.7959183e-02   1.4393138e-02   3.7366487e-03
   3.5600000e+02   2.8600960e+01   3.9259740e+00  -5.7980912e-02   1.4434964e-02   3.7342590e-03
   3.5700000e+02   2.8524700e+01   3.9254580e+00  -5.8002377e-02   1.4476833e-02   3.7318200e-03
   3.5800000e+02   2.8448890e+01   3.9249400e+00  -5.8023581e-02   1.4518735e-02   3.7293310e-03
   3.5900000e+02   2.8373510e+01   3.9244200e+00  -5.8044509e-02   1.4560672e-02   3.7267915e-03
   3.6000000e+02   2.8298570e+01   3.9238990e+00  -5.8065158e-02   1.4602638e-02   3.7242024e-03
   3.6100000e+02   2.8224050e+01   3.9233750e+00  -5.8085560e-02   1.4644645e-02   3.7215630e-03
   3.6200000e+02   2.8149960e+01   3.9228490e+00  -5.8105701e-02   1.4686688e-02   3.7188756e-03
   3.6300000e+02   2.8076300e+01   3.9223220e+00  -5.8125578e-02   1.4728758e-02   3.7161395e-03
   3.6400000e+02   2.8003050e+01   3.9217920e+00  -5.8145207e-02   1.4770871e-02   3.7133552e-03
   3.6500000e+02   2.7930220e+01   3.9212600e+00  -5.8164583e-02   1.4813017e-02   3.7105233e-03
   3.6600000e+02   2.7857810e+01   3.9207270e+00  -5.8183695e-02   1.4855185e-02   3.7076416e-03
   3.6700000e+02   2.7785800e+01   3.9201910e+00  -5.8202577e-02   1.4897400e-02   3.7047149e-03
   3.6800000e+02   2.7714200e+01   3.9196530e+00  -5.8221213e-02   1.4939647e-02   3.7017408e-03
   3.6900000e+02   2.7643000e+01   3.9191140e+00  -5.8239589e-02   1.4981920e-02   3.6987176e-03
   3.7000000e+02   2.7572200e+01   3.9185720e+00  -5.8257748e-02   1.5024236e-02   3.6956513e-03
   3.7100000e+02   2.7501800e+01   3.9180280e+00  -5.8275662e-02   1.5066585e-02   3.6925385e-03
   3.7200000e+02   2.7431790e+01   3.9174820e+00  -5.8293343e-02   1.5108967e-02   3.6893801e-03
   3.7300000e+02   2.7362170e+01   3.9169340e+00  -5.8310788e-02   1.5151380e-02   3.6861753e-03
   3.7400000e+02   2.7292940e+01   3.9163840e+00  -5.8328009e-02   1.5193827e-02   3.6829271e-03
   3.7500000e+02   2.7224090e+01   3.9158320e+00  -5.8344997e-02   1.5236309e-02   3.6796334e-03
   3.7600000e+02   2.7155630e+01   3.9152780e+00  -5.8361761e-02   1.5278819e-02   3.6762960e-03
   3.7700000e+02   2.7087540e+01   3.9147220e+00  -5.8378301e-02   1.5321364e-02   3.6729148e-03
   3.7800000e+02   2.7019830e+01   3.9141640e+00  -5.8394618e-02   1.5363939e-02   3.6694895e-03
   3.7900000e+02   2.6952490e+01   3.9136030e+00  -5.8410735e-02   1.5406554e-02   3.6660218e-03
   3.8000000e+02   2.6885520e+01   3.9130410e+00  -5.8426617e-02   1.5449196e-02   3.6625112e-03
   3.8100000e+02   2.6818920e+01   3.9124760e+00  -5.8442303e-02   1.5491874e-02   3.6589597e-03
   3.8200000e+02   2.6752680e+01   3.9119100e+00  -5.8457761e-02   1.5534576e-02   3.6553637e-03
   3.8300000e+02   2.6686800e+01   3.9113410e+00  -5.8473027e-02   1.5577321e-02   3.6517291e-03
   3.8400000e+02   2.6621280e+01   3.9107700e+00  -5.8488084e-02   1.5620093e-02   3.6480518e-03
   3.8500000e+02   2.6556110e+01   3.9101970e+00  -5.8502931e-02   1.5662897e-02   3.6443330e-03
   3.8600000e+02   2.6491300e+01   3.9096220e+00  -5.8517573e-02   1.5705731e-02   3.6405743e-03
   3.8700000e+02   2.6426840e+01   3.9090440e+00  -5.8532034e-02   1.5748601e-02   3.6367757e-03
   3.8800000e+02   2.6362720e+01   3.9084650e+00  -5.8546283e-02   1.5791498e-02   3.6329377e-03
   3.8900000e+02   2.6298950e+01   3.9078830e+00  -5.8560348e-02   1.5834428e-02   3.6290599e-03
   3.9000000e+02   2.6235520e+01   3.9073000e+00  -5.8574204e-02   1.5877385e-02   3.6251422e-03
   3.9100000e+02   2.6172430e+01   3.9067140e+00  -5.8587884e-02   1.5920376e-02   3.6211867e-03
   3.9200000e+02   2.6109680e+01   3.9061260e+00  -5.8601373e-02   1.5963395e-02   3.6171931e-03
   3.9300000e+02   2.6047270e+01   3.9055360e+00  -5.8614674e-02   1.6006442e-02   3.6131621e-03
   3.9400000e+02   2.5985180e+01   3.9049430e+00  -5.8627798e-02   1.6049530e-02   3.6090940e-03
   3.9500000e+02   2.5923430e+01   3.9043490e+00  -5.8640729e-02   1.6092634e-02   3.6049879e-03
   3.9600000e+02   2.5862000e+01   3.9037520e+00  -5.8653493e-02   1.6135775e-02   3.6008455e-03
   3.9700000e+02   2.5800890e+01   3.9031530e+00  -5.8666073e-02   1.6178946e-02   3.5966662e-03
   3.9800000e+02   2.5740110e+01   3.9025520e+00  -5.8678485e-02   1.6222144e-02   3.5924514e-03
   3.9900000e+02   2.5679650e+01   3.9019490e+00  -5.8690713e-02   1.6265370e-02   3.5882017e-03
   4.0000000e+02   2.5619510e+01   3.9013430e+00  -5.8702780e-02   1.6308628e-02   3.5839167e-03
   4.0100000e+02   2.5559680e+01   3.9007350e+00  -5.8714676e-02   1.6351917e-02   3.5795979e-03
   4.0200000e+02   2.5500170e+01   3.9001260e+00  -5.8726387e-02   1.6395219e-02   3.5752420e-03
   4.0300000e+02   2.5440960e+01   3.8995130e+00  -5.8737963e-02   1.6438569e-02   3.5708547e-03
   4.0400000e+02   2.5382060e+01   3.8988990e+00  -5.8749361e-02   1.6481936e-02   3.5664326e-03
   4.0500000e+02   2.5323470e+01   3.8982830e+00  -5.8760590e-02   1.6525329e-02   3.5619772e-03
   4.0600000e+02   2.5265190e+01   3.8976640e+00  -5.8771675e-02   1.6568752e-02   3.5574905e-03
   4.0700000e+02   2.5207200e+01   3.8970430e+00  -5.8782595e-02   1.6612205e-02   3.5529702e-03
   4.0800000e+02   2.5149520e+01   3.8964200e+00  -5.8793352e-02   1.6655677e-02   3.5484176e-03
   4.0900000e+02   2.5092130e+01   3.8957940e+00  -5.8803977e-02   1.6699186e-02   3.5438348e-03
   4.1000000e+02   2.5035040e+01   3.8951670e+00  -5.8814428e-02   1.6742711e-02   3.5392200e-03
   4.1100000e+02   2.4978240e+01   3.8945370e+00  -5.8824742e-02   1.6786267e-02   3.5345742e-03
   4.1200000e+02   2.4921730e+01   3.8939040e+00  -5.8834923e-02   1.6829856e-02   3.5298995e-03
   4.1300000e+02   2.4865510e+01   3.8932700e+00  -5.8844931e-02   1.6873460e-02   3.5251931e-03
   4.1400000e+02   2.4809580e+01   3.8926330e+00  -5.8854812e-02   1.6917092e-02   3.5204575e-03
   4.1500000e+02   2.4753930e+01   3.8919940e+00  -5.8864554e-02   1.6960754e-02   3.5156940e-03
   4.1600000e+02   2.4698570e+01   3.8913530e+00  -5.8874138e-02   1.7004430e-02   3.5108996e-03
   4.1700000e+02   2.4643490e+01   3.8907100e+00  -5.8883583e-02   1.7048134e-02   3.5060787e-03
   4.1800000e+02   2.4588680e+01   3.8900640e+00  -5.8892908e-02   1.7091866e-02   3.5012284e-03
   4.1900000e+02   2.4534150e+01   3.8894160e+00  -5.8902097e-02   1.7135621e-02   3.4963514e-03
   4.2000000e+02   2.4479900e+01   3.8887660e+00  -5.8911137e-02   1.7179397e-02   3.4914470e-03
   4.2100000e+02   2.4425920e+01   3.8881130e+00  -5.8920070e-02   1.7223202e-02   3.4865169e-03
   4.2200000e+02   2.4372210e+01   3.8874590e+00  -5.8928846e-02   1.7267020e-02   3.4815597e-03
   4.2300000e+02   2.4318780e+01   3.8868020e+00  -5.8937505e-02   1.7310858e-02   3.4765756e-03
   4.2400000e+02   2.4265600e+01   3.8861420e+00  -5.8946049e-02   1.7354736e-02   3.4715675e-03
   4.2500000e+02   2.4212700e+01   3.8854800e+00  -5.8954465e-02   1.7398627e-02   3.4665342e-03
   4.2600000e+02   2.4160060e+01   3.8848170e+00  -5.8962739e-02   1.7442531e-02   3.4614751e-03
   4.2700000e+02   2.4107670e+01   3.8841500e+00  -5.8970919e-02   1.7486476e-02   3.4563938e-03
   4.2800000e+02   2.4055550e+01   3.8834820e+00  -5.8978956e-02   1.7530425e-02   3.4512866e-03
   4.2900000e+02   2.4003690e+01   3.8828110e+00  -5.8986890e-02   1.7574401e-02   3.4461572e-03
   4.3000000e+02   2.3952090e+01   3.8821380e+00  -5.8994700e-02   1.7618391e-02   3.4410044e-03
   4.3100000e+02   2.3900740e+01   3.8814620e+00  -5.9002409e-02   1.7662412e-02   3.4358285e-03
   4.3200000e+02   2.3849640e+01   3.8807850e+00  -5.9009979e-02   1.7706443e-02   3.4306306e-03
   4.3300000e+02   2.3798790e+01   3.8801050e+00  -5.9017452e-02   1.7750496e-02   3.4254112e-03
   4.3400000e+02   2.3748200e+01   3.8794220e+00  -5.9024825e-02   1.7794571e-02   3.4201707e-03
   4.3500000e+02   2.3697850e+01   3.8787380e+00  -5.9032069e-02   1.7838659e-02   3.4149091e-03
   4.3600000e+02   2.3647750e+01   3.8780510e+00  -5.9039220e-02   1.7882767e-02   3.4096262e-03
   4.3700000e+02   2.3597890e+01   3.8773610e+00  -5.9046279e-02   1.7926901e-02   3.4043244e-03
   4.3800000e+02   2.3548270e+01   3.8766700e+00  -5.9053206e-02   1.7971045e-02   3.3990027e-03
   4.3900000e+02   2.3498900e+01   3.8759760e+00  -5.9060041e-02   1.8015206e-02   3.3936610e-03
   4.4000000e+02   2.3449770e+01   3.8752790e+00  -5.9066780e-02   1.8059389e-02   3.3883018e-03
   4.4100000e+02   2.3400870e+01   3.8745810e+00  -5.9073407e-02   1.8103583e-02   3.3829221e-03
   4.4200000e+02   2.3352210e+01   3.8738800e+00  -5.9079947e-02   1.8147795e-02   3.3775259e-03
   4.4300000e+02   2.3303790e+01   3.8731770e+00  -5.9086377e-02   1.8192020e-02   3.3721117e-03
   4.4400000e+02   2.3255600e+01   3.8724710e+00  -5.9092736e-02   1.8236266e-02   3.3666807e-03
   4.4500000e+02   2.3207640e+01   3.8717630e+00  -5.9098982e-02   1.8280525e-02   3.3612324e-03
   4.4600000e+02   2.3159910e+01   3.8710530e+00  -5.9105139e-02   1.8324796e-02   3.3557673e-03
   4.4700000e+02   2.3112410e+01   3.8703400e+00  -5.9111211e-02   1.8369085e-02   3.3502871e-03
   4.4800000e+02   2.3065140e+01   3.8696250e+00  -5.9117192e-02   1.8413386e-02   3.3447919e-03
   4.4900000e+02   2.3018090e+01   3.8689080e+00  -5.9123076e-02   1.8457701e-02   3.3392808e-03
   4.5000000e+02   2.2971270e+01   3.8681890e+00  -5.9128866e-02   1.8502020e-02   3.3337543e-03
   4.5100000e+02   2.2924670e+01   3.8674670e+00  -5.9134580e-02   1.8546361e-02   3.3282139e-03
   4.5200000e+02   2.2878300e+01   3.8667420e+00  -5.9140226e-02   1.8590715e-02   3.3226618e-03
   4.5300000e+02   2.2832140e+01   3.8660160e+00  -5.9145754e-02   1.8635074e-02   3.3170941e-03
   4.5400000e+02   2.2786200e+01   3.8652870e+00  -5.9151223e-02   1.8679451e-02   3.3115137e-03
   4.5500000e+02   2.2740480e+01   3.8645550e+00  -5.9156614e-02   1.8723841e-02   3.3059219e-03
   4.5600000e+02   2.2694970e+01   3.8638220e+00  -5.9161908e-02   1.8768232e-02   3.3003156e-03
   4.5700000e+02   2.2649680e+01   3.8630860e+00  -5.9167133e-02   1.8812640e-02   3.2947003e-03
   4.5800000e+02   2.2604600e+01   3.8623470e+00  -5.9172290e-02   1.8857059e-02   3.2890713e-03
   4.5900000e+02   2.2559730e+01   3.8616070e+00  -5.9177347e-02   1.8901483e-02   3.2834326e-03
   4.6000000e+02   2.2515070e+01   3.8608630e+00  -5.9182363e-02   1.8945927e-02   3.2777847e-03
   4.6100000e+02   2.2470630e+01   3.8601180e+00  -5.9187280e-02   1.8990361e-02   3.2721244e-03
   4.6200000e+02   2.2426390e+01   3.8593700e+00  -5.9192128e-02   1.9034812e-02   3.2664553e-03
   4.6300000e+02   2.2382350e+01   3.8586200e+00  -5.9196908e-02   1.9079274e-02   3.2607773e-03
   4.6400000e+02   2.2338520e+01   3.8578680e+00  -5.9201607e-02   1.9123737e-02   3.2550902e-03
   4.6500000e+02   2.2294900e+01   3.8571130e+00  -5.9206249e-02   1.9168206e-02   3.2493946e-03
   4.6600000e+02   2.2251470e+01   3.8563560e+00  -5.9210818e-02   1.9212688e-02   3.2436910e-03
   4.6700000e+02   2.2208250e+01   3.8555960e+00  -5.9215332e-02   1.9257175e-02   3.2379806e-03
   4.6800000e+02   2.2165230e+01   3.8548340e+00  -5.9219764e-02   1.9301664e-02   3.2322628e-03
   4.6900000e+02   2.2122400e+01   3.8540700e+00  -5.9224134e-02   1.9346162e-02   3.2265377e-03
   4.7000000e+02   2.2079780e+01   3.8533030e+00  -5.9228451e-02   1.9390659e-02   3.2208070e-03
   4.7100000e+02   2.2037350e+01   3.8525340e+00  -5.9232691e-02   1.9435164e-02   3.2150703e-03
   4.7200000e+02   2.1995110e+01   3.8517630e+00  -5.9236870e-02   1.9479669e-02   3.2093272e-03
   4.7300000e+02   2.1953070e+01   3.8509890e+00  -5.9240995e-02   1.9524183e-02   3.2035804e-03
   4.7400000e+02   2.1911220e+01   3.8502130e+00  -5.9245056e-02   1.9568695e-02   3.1978275e-03
   4.7500000e+02   2.1869560e+01   3.8494350e+00  -5.9249061e-02   1.9613209e-02   3.1920709e-03
   4.7600000e+02   2.1828090e+01   3.8486540e+00  -5.9253001e-02   1.9657728e-02   3.1863109e-03
   4.7700000e+02   2.1786810e+01   3.8478710e+00  -5.9256890e-02   1.9702245e-02   3.1805468e-03
   4.7800000e+02   2.1745720e+01   3.8470850e+00  -5.9260722e-02   1.9746768e-02   3.1747807e-03
   4.7900000e+02   2.1704810e+01   3.8462980e+00  -5.9264493e-02   1.9791282e-02   3.1690109e-03
   4.8000000e+02   2.1664090e+01   3.8455070e+00  -5.9268227e-02   1.9835809e-02   3.1632398e-03
   4.8100000e+02   2.1623550e+01   3.8447150e+00  -5.9271888e-02   1.9880324e-02   3.1574654e-03
   4.8200000e+02   2.1583200e+01   3.8439200e+00  -5.9275497e-02   1.9924843e-02   3.1516907e-03
   4.8300000e+02   2.1543030e+01   3.8431230e+00  -5.9279064e-02   1.9969354e-02   3.1459148e-03
   4.8400000e+02   2.1503040e+01   3.8423230e+00  -5.9282576e-02   2.0013871e-02   3.1401385e-03
   4.8500000e+02   2.1463230e+01   3.8415210e+00  -5.9286039e-02   2.0058384e-02   3.1343626e-03
   4.8600000e+02   2.1423590e+01   3.8407170e+00  -5.9289449e-02   2.0102894e-02   3.1285854e-03
   4.8700000e+02   2.1384140e+01   3.8399100e+00  -5.9292823e-02   2.0147400e-02   3.1228107e-03
   4.8800000e+02   2.1344860e+01   3.8391010e+00  -5.9296134e-02   2.0191901e-02   3.1170357e-03
   4.8900000e+02   2.1305760e+01   3.8382900e+00  -5.9299393e-02   2.0236395e-02   3.1112624e-03
   4.9000000e+02   2.1266830e+01   3.8374760e+00  -5.9302621e-02   2.0280891e-02   3.1054915e-03
   4.9100000e+02   2.1228080e+01   3.8366600e+00  -5.9305797e-02   2.0325373e-02   3.0997222e-03
   4.9200000e+02   2.1189490e+01   3.8358420e+00  -5.9308926e-02   2.0369853e-02   3.0939547e-03
   4.9300000e+02   2.1151080e+01   3.8350210e+00  -5.9312017e-02   2.0414329e-02   3.0881918e-03
   4.9400000e+02   2.1112840e+01   3.8341980e+00  -5.9315061e-02   2.0458795e-02   3.0824318e-03
   4.9500000e+02   2.1074770e+01   3.8333730e+00  -5.9318043e-02   2.0503249e-02   3.0766753e-03
   4.9600000e+02   2.1036860e+01   3.8325450e+00  -5.9321007e-02   2.0547706e-02   3.0709230e-03
   4.9700000e+02   2.0999120e+01   3.8317150e+00  -5.9323926e-02   2.0592150e-02   3.0651754e-03
   4.9800000e+02   2.0961550e+01   3.8308830e+00  -5.9326794e-02   2.0636579e-02   3.0594325e-03
   4.9900000e+02   2.0924150e+01   3.8300480e+00  -5.9329636e-02   2.0681002e-02   3.0536954e-03
   5.0000000e+02   2.0886910e+01   3.8292110e+00  -5.9332431e-02   2.0725415e-02   3.0479640e-03
   5.0100000e+02   2.0849830e+01   3.8283710e+00  -5.9335194e-02   2.0769826e-02   3.0422390e-03
   5.0200000e+02   2.0812910e+01   3.8275300e+00  -5.9337900e-02   2.0814214e-02   3.0365195e-03
   5.0300000e+02   2.0776160e+01   3.8266860e+00  -5.9340578e-02   2.0858592e-02   3.0308074e-03
   5.0400000e+02   2.0739560e+01   3.8258390e+00  -5.9343236e-02   2.0902972e-02   3.0251031e-03
   5.0500000e+02   2.0703130e+01   3.8249910e+00  -5.9345831e-02   2.0947316e-02   3.0194054e-03
   5.0600000e+02   2.0666850e+01   3.8241400e+00  -5.9348397e-02   2.0991663e-02   3.0137160e-03
   5.0700000e+02   2.0630730e+01   3.8232870e+00  -5.9350932e-02   2.1035987e-02   3.0080347e-03
   5.0800000e+02   2.0594770e+01   3.8224310e+00  -5.9353436e-02   2.1080307e-02   3.0023635e-03
   5.0900000e+02   2.0558960e+01   3.8215730e+00  -5.9355900e-02   2.1124610e-02   2.9967007e-03
   5.1000000e+02   2.0523310e+01   3.8207130e+00  -5.9358323e-02   2.1168889e-02   2.9910468e-03
   5.1100000e+02   2.0487810e+01   3.8198500e+00  -5.9360728e-02   2.1213168e-02   2.9854039e-03
   5.1200000e+02   2.0452460e+01   3.8189860e+00  -5.9363077e-02   2.1257414e-02   2.9797698e-03
   5.1300000e+02   2.0417270e+01   3.8181180e+00  -5.9365424e-02   2.1301656e-02   2.9741476e-03
   5.1400000e+02   2.0382230e+01   3.8172490e+00  -5.9367711e-02   2.1345868e-02   2.9685356e-03
   5.1500000e+02   2.0347330e+01   3.8163770e+00  -5.9369990e-02   2.1390080e-02   2.9629353e-03
   5.1600000e+02   2.0312590e+01   3.8155030e+00  -5.9372217e-02   2.1434259e-02   2.9573465e-03
   5.1700000e+02   2.0278000e+01   3.8146270e+00  -5.9374419e-02   2.1478418e-02   2.9517696e-03
   5.1800000e+02   2.0243550e+01   3.8137490e+00  -5.9376576e-02   2.1522561e-02   2.9462050e-03
   5.1900000e+02   2.0209250e+01   3.8128680e+00  -5.9378725e-02   2.1566685e-02   2.9406533e-03
   5.2000000e+02   2.0175090e+01   3.8119850e+00  -5.9380838e-02   2.1610791e-02   2.9351144e-03
   5.2100000e+02   2.0141090e+01   3.8110990e+00  -5.9382929e-02   2.1654875e-02   2.9295900e-03
   5.2200000e+02   2.0107220e+01   3.8102120e+00  -5.9384965e-02   2.1698935e-02   2.9240783e-03
   5.2300000e+02   2.0073500e+01   3.8093220e+00  -5.9386996e-02   2.1742974e-02   2.9185810e-03
   5.2400000e+02   2.0039920e+01   3.8084300e+00  -5.9388985e-02   2.1786988e-02   2.9130980e-03
   5.2500000e+02   2.0006490e+01   3.8075350e+00  -5.9390958e-02   2.1830984e-02   2.9076308e-03
   5.2600000e+02   1.9973190e+01   3.8066390e+00  -5.9392885e-02   2.1874951e-02   2.9021774e-03
   5.2700000e+02   1.9940040e+01   3.8057400e+00  -5.9394794e-02   2.1918892e-02   2.8967398e-03
   5.2800000e+02   1.9907020e+01   3.8048390e+00  -5.9396675e-02   2.1962816e-02   2.8913185e-03
   5.2900000e+02   1.9874140e+01   3.8039350e+00  -5.9398538e-02   2.2006717e-02   2.8859132e-03
   5.3000000e+02   1.9841400e+01   3.8030300e+00  -5.9400359e-02   2.2050583e-02   2.8805241e-03
   5.3100000e+02   1.9808800e+01   3.8021220e+00  -5.9402156e-02   2.2094422e-02   2.8751520e-03
   5.3200000e+02   1.9776330e+01   3.8012120e+00  -5.9403928e-02   2.2138241e-02   2.8697974e-03
   5.3300000e+02   1.9744000e+01   3.8002990e+00  -5.9405689e-02   2.2182033e-02   2.8644599e-03
   5.3400000e+02   1.9711810e+01   3.7993850e+00  -5.9407404e-02   2.2225787e-02   2.8591400e-03
   5.3500000e+02   1.9679750e+01   3.7984680e+00  -5.9409102e-02   2.2269516e-02   2.8538382e-03
   5.3600000e+02   1.9647820e+01   3.7975490e+00  -5.9410776e-02   2.2313221e-02   2.8485550e-03
   5.3700000e+02   1.9616020e+01   3.7966280e+00  -5.9412408e-02   2.2356896e-02   2.8432904e-03
   5.3800000e+02   1.9584360e+01   3.7957050e+00  -5.9414018e-02   2.2400533e-02   2.8380445e-03
   5.3900000e+02   1.9552830e+01   3.7947790e+00  -5.9415621e-02   2.2444145e-02   2.8328185e-03
   5.4000000e+02   1.9521420e+01   3.7938510e+00  -5.9417197e-02   2.2487733e-02   2.8276122e-03
   5.4100000e+02   1.9490150e+01   3.7929210e+00  -5.9418736e-02   2.2531281e-02   2.8224255e-03
   5.4200000e+02   1.9459010e+01   3.7919890e+00  -5.9420250e-02   2.2574791e-02   2.8172590e-03
   5.4300000e+02   1.9427990e+01   3.7910550e+00  -5.9421739e-02   2.2618275e-02   2.8121129e-03
   5.4400000e+02   1.9397100e+01   3.7901190e+00  -5.9423195e-02   2.2661719e-02   2.8069870e-03
   5.4500000e+02   1.9366340e+01   3.7891800e+00  -5.9424637e-02   2.2705136e-02   2.8018834e-03
   5.4600000e+02   1.9335700e+01   3.7882390e+00  -5.9426064e-02   2.2748522e-02   2.7968010e-03
   5.4700000e+02   1.9305190e+01   3.7872960e+00  -5.9427458e-02   2.2791868e-02   2.7917401e-03
   5.4800000e+02   1.9274800e+01   3.7863510e+00  -5.9428823e-02   2.2835177e-02   2.7867008e-03
   5.4900000e+02   1.9244540e+01   3.7854040e+00  -5.9430158e-02   2.2878451e-02   2.7816842e-03
   5.5000000e+02   1.9214400e+01   3.7844540e+00  -5.9431486e-02   2.2921694e-02   2.7766903e-03
   5.5100000e+02   1.9184390e+01   3.7835030e+00  -5.9432770e-02   2.2964884e-02   2.7717184e-03
   5.5200000e+02   1.9154490e+01   3.7825490e+00  -5.9434049e-02   2.3008052e-02   2.7667703e-03
   5.5300000e+02   1.9124720e+01   3.7815940e+00  -5.9435272e-02   2.3051166e-02   2.7618448e-03
   5.5400000e+02   1.9095060e+01   3.7806360e+00  -5.9436499e-02   2.3094258e-02   2.7569436e-03
   5.5500000e+02   1.9065530e+01   3.7796760e+00  -5.9437695e-02   2.3137301e-02   2.7520660e-03
   5.5600000e+02   1.9036120e+01   3.7787140e+00  -5.9438860e-02   2.3180306e-02   2.7472130e-03
   5.5700000e+02   1.9006820e+01   3.7777490e+00  -5.9440019e-02   2.3223279e-02   2.7423840e-03
   5.5800000e+02   1.8977640e+01   3.7767830e+00  -5.9441138e-02   2.3266206e-02   2.7375802e-03
   5.5900000e+02   1.8948580e+01   3.7758150e+00  -5.9442230e-02   2.3309081e-02   2.7327998e-03
   5.6000000e+02   1.8919640e+01   3.7748440e+00  -5.9443308e-02   2.3351927e-02   2.7280462e-03
   5.6100000e+02   1.8890810e+01   3.7738720e+00  -5.9444342e-02   2.3394720e-02   2.7233166e-03
   5.6200000e+02   1.8862100e+01   3.7728970e+00  -5.9445370e-02   2.3437479e-02   2.7186140e-03
   5.6300000e+02   1.8833500e+01   3.7719210e+00  -5.9446360e-02   2.3480184e-02   2.7139360e-03
   5.6400000e+02   1.8805020e+01   3.7709420e+00  -5.9447331e-02   2.3522851e-02   2.7092848e-03
   5.6500000e+02   1.8776650e+01   3.7699610e+00  -5.9448278e-02   2.3565477e-02   2.7046602e-03
   5.6600000e+02   1.8748390e+01   3.7689780e+00  -5.9449199e-02   2.3608060e-02   2.7000622e-03
   5.6700000e+02   1.8720240e+01   3.7679930e+00  -5.9450103e-02   2.3650598e-02   2.6954909e-03
   5.6800000e+02   1.8692210e+01   3.7670070e+00  -5.9450954e-02   2.3693073e-02   2.6909456e-03
   5.6900000e+02   1.8664290e+01   3.7660180e+00  -5.9451801e-02   2.3735509e-02   2.6864284e-03
   5.7000000e+02   1.8636470e+01   3.7650270e+00  -5.9452614e-02   2.3777908e-02   2.6819387e-03
   5.7100000e+02   1.8608770e+01   3.7640340e+00  -5.9453404e-02   2.3820252e-02   2.6774765e-03
   5.7200000e+02   1.8581180e+01   3.7630390e+00  -5.9454170e-02   2.3862546e-02   2.6730429e-03
   5.7300000e+02   1.8553690e+01   3.7620420e+00  -5.9454914e-02   2.3904797e-02   2.6686366e-03
   5.7400000e+02   1.8526320e+01   3.7610430e+00  -5.9455618e-02   2.3946992e-02   2.6642592e-03
   5.7500000e+02   1.8499050e+01   3.7600420e+00  -5.9456302e-02   2.3989144e-02   2.6599104e-03
   5.7600000e+02   1.8471890e+01   3.7590400e+00  -5.9456945e-02   2.4031230e-02   2.6555891e-03
   5.7700000e+02   1.8444830e+01   3.7580350e+00  -5.9457580e-02   2.4073280e-02   2.6512975e-03
   5.7800000e+02   1.8417880e+01   3.7570280e+00  -5.9458183e-02   2.4115280e-02   2.6470354e-03
   5.7900000e+02   1.8391040e+01   3.7560190e+00  -5.9458761e-02   2.4157223e-02   2.6428027e-03
   5.8000000e+02   1.8364300e+01   3.7550090e+00  -5.9459293e-02   2.4199105e-02   2.6385987e-03
   5.8100000e+02   1.8337660e+01   3.7539960e+00  -5.9459818e-02   2.4240950e-02   2.6344248e-03
   5.8200000e+02   1.8311130e+01   3.7529820e+00  -5.9460293e-02   2.4282728e-02   2.6302803e-03
   5.8300000e+02   1.8284700e+01   3.7519650e+00  -5.9460757e-02   2.4324466e-02   2.6261670e-03
   5.8400000e+02   1.8258370e+01   3.7509470e+00  -5.9461185e-02   2.4366140e-02   2.6220831e-03
   5.8500000e+02   1.8232150e+01   3.7499270e+00  -5.9461585e-02   2.4407755e-02   2.6180289e-03
   5.8600000e+02   1.8206020e+01   3.7489050e+00  -5.9461954e-02   2.4449324e-02   2.6140058e-03
   5.8700000e+02   1.8180000e+01   3.7478810e+00  -5.9462289e-02   2.4490831e-02   2.6100138e-03
   5.8800000e+02   1.8154080e+01   3.7468550e+00  -5.9462604e-02   2.4532285e-02   2.6060525e-03
   5.8900000e+02   1.8128250e+01   3.7458270e+00  -5.9462892e-02   2.4573689e-02   2.6021229e-03
   5.9000000e+02   1.8102530e+01   3.7447970e+00  -5.9463141e-02   2.4615031e-02   2.5982240e-03
   5.9100000e+02   1.8076900e+01   3.7437660e+00  -5.9463349e-02   2.4656312e-02   2.5943565e-03
   5.9200000e+02   1.8051380e+01   3.7427330e+00  -5.9463535e-02   2.4697525e-02   2.5905195e-03
   5.9300000e+02   1.8025950e+01   3.7416970e+00  -5.9463691e-02   2.4738700e-02   2.5867158e-03
   5.9400000e+02   1.8000610e+01   3.7406600e+00  -5.9463820e-02   2.4779811e-02   2.5829434e-03
   5.9500000e+02   1.7975380e+01   3.7396220e+00  -5.9463903e-02   2.4820842e-02   2.5792020e-03
   5.9600000e+02   1.7950240e+01   3.7385810e+00  -5.9463955e-02   2.4861834e-02   2.5754937e-03
   5.9700000e+02   1.7925190e+01   3.7375390e+00  -5.9463978e-02   2.4902756e-02   2.5718166e-03
   5.9800000e+02   1.7900250e+01   3.7364940e+00  -5.9463977e-02   2.4943622e-02   2.5681731e-03
   5.9900000e+02   1.7875390e+01   3.7354480e+00  -5.9463940e-02   2.4984425e-02   2.5645611e-03
   6.0000000e+02   1.7850630e+01   3.7344010e+00  -5.9463841e-02   2.5025154e-02   2.5609817e-03
   6.0100000e+02   1.7825960e+01   3.7333510e+00  -5.9463737e-02   2.5065841e-02   2.5574359e-03
   6.0200000e+02   1.7801390e+01   3.7323000e+00  -5.9463587e-02   2.5106447e-02   2.5539216e-03
   6.0300000e+02   1.7776910e+01   3.7312470e+00  -5.9463403e-02   2.5146998e-02   2.5504414e-03
   6.0400000e+02   1.7752520e+01   3.7301920e+00  -5.9463183e-02   2.5187485e-02   2.5469936e-03
   6.0500000e+02   1.7728220e+01   3.7291350e+00  -5.9462929e-02   2.5227917e-02   2.5435796e-03
   6.0600000e+02   1.7704020e+01   3.7280770e+00  -5.9462639e-02   2.5268263e-02   2.5401983e-03
   6.0700000e+02   1.7679900e+01   3.7270170e+00  -5.9462312e-02   2.5308559e-02   2.5368501e-03
   6.0800000e+02   1.7655870e+01   3.7259550e+00  -5.9461955e-02   2.5348792e-02   2.5335360e-03
   6.0900000e+02   1.7631940e+01   3.7248920e+00  -5.9461542e-02   2.5388946e-02   2.5302553e-03
   6.1000000e+02   1.7608090e+01   3.7238270e+00  -5.9461104e-02   2.5429038e-02   2.5270076e-03
   6.1100000e+02   1.7584340e+01   3.7227600e+00  -5.9460622e-02   2.5469061e-02   2.5237945e-03
   6.1200000e+02   1.7560670e+01   3.7216920e+00  -5.9460094e-02   2.5509017e-02   2.5206150e-03
   6.1300000e+02   1.7537080e+01   3.7206220e+00  -5.9459540e-02   2.5548914e-02   2.5174690e-03
   6.1400000e+02   1.7513590e+01   3.7195500e+00  -5.9458943e-02   2.5588735e-02   2.5143571e-03
   6.1500000e+02   1.7490180e+01   3.7184760e+00  -5.9458319e-02   2.5628498e-02   2.5112800e-03
   6.1600000e+02   1.7466860e+01   3.7174010e+00  -5.9457647e-02   2.5668180e-02   2.5082361e-03
   6.1700000e+02   1.7443630e+01   3.7163250e+00  -5.9456906e-02   2.5707784e-02   2.5052261e-03
   6.1800000e+02   1.7420480e+01   3.7152470e+00  -5.9456141e-02   2.5747329e-02   2.5022513e-03
   6.1900000e+02   1.7397420e+01   3.7141670e+00  -5.9455344e-02   2.5786799e-02   2.4993103e-03
   6.2000000e+02   1.7374440e+01   3.7130850e+00  -5.9454513e-02   2.5826210e-02   2.4964044e-03
   6.2100000e+02   1.7351540e+01   3.7120020e+00  -5.9453618e-02   2.5865545e-02   2.4935325e-03
   6.2200000e+02   1.7328730e+01   3.7109170e+00  -5.9452701e-02   2.5904809e-02   2.4906950e-03
   6.2300000e+02   1.7306010e+01   3.7098310e+00  -5.9451724e-02   2.5943985e-02   2.4878915e-03
   6.2400000e+02   1.7283360e+01   3.7087440e+00  -5.9450695e-02   2.5983097e-02   2.4851227e-03
   6.2500000e+02   1.7260800e+01   3.7076540e+00  -5.9449636e-02   2.6022147e-02   2.4823897e-03
   6.2600000e+02   1.7238320e+01   3.7065630e+00  -5.9448535e-02   2.6061115e-02   2.4796905e-03
   6.2700000e+02   1.7215920e+01   3.7054710e+00  -5.9447380e-02   2.6100006e-02   2.4770260e-03
   6.2800000e+02   1.7193610e+01   3.7043770e+00  -5.9446176e-02   2.6138826e-02   2.4743966e-03
   6.2900000e+02   1.7171370e+01   3.7032820e+00  -5.9444928e-02   2.6177570e-02   2.4718012e-03
   6.3000000e+02   1.7149220e+01   3.7021850e+00  -5.9443642e-02   2.6216237e-02   2.4692413e-03
   6.3100000e+02   1.7127140e+01   3.7010860e+00  -5.9442311e-02   2.6254844e-02   2.4667169e-03
   6.3200000e+02   1.7105150e+01   3.6999870e+00  -5.9440912e-02   2.6293349e-02   2.4642259e-03
   6.3300000e+02   1.7083230e+01   3.6988850e+00  -5.9439490e-02   2.6331803e-02   2.4617708e-03
   6.3400000e+02   1.7061390e+01   3.6977830e+00  -5.9437990e-02   2.6370163e-02   2.4593499e-03
   6.3500000e+02   1.7039630e+01   3.6966780e+00  -5.9436471e-02   2.6408468e-02   2.4569648e-03
   6.3600000e+02   1.7017950e+01   3.6955730e+00  -5.9434878e-02   2.6446670e-02   2.4546135e-03
   6.3700000e+02   1.6996350e+01   3.6944660e+00  -5.9433243e-02   2.6484800e-02   2.4522977e-03
   6.3800000e+02   1.6974820e+01   3.6933570e+00  -5.9431573e-02   2.6522864e-02   2.4500169e-03
   6.3900000e+02   1.6953370e+01   3.6922470e+00  -5.9429838e-02   2.6560848e-02   2.4477715e-03
   6.4000000e+02   1.6932000e+01   3.6911360e+00  -5.9428049e-02   2.6598741e-02   2.4455602e-03
   6.4100000e+02   1.6910710e+01   3.6900230e+00  -5.9426214e-02   2.6636558e-02   2.4433843e-03
   6.4200000e+02   1.6889480e+01   3.6889090e+00  -5.9424328e-02   2.6674305e-02   2.4412432e-03
   6.4300000e+02   1.6868340e+01   3.6877940e+00  -5.9422379e-02   2.6711952e-02   2.4391362e-03
   6.4400000e+02   1.6847270e+01   3.6866770e+00  -5.9420388e-02   2.6749537e-02   2.4370653e-03
   6.4500000e+02   1.6826270e+01   3.6855590e+00  -5.9418332e-02   2.6787042e-02   2.4350290e-03
   6.4600000e+02   1.6805350e+01   3.6844390e+00  -5.9416239e-02   2.6824462e-02   2.4330277e-03
   6.4700000e+02   1.6784500e+01   3.6833180e+00  -5.9414084e-02   2.6861808e-02   2.4310614e-03
   6.4800000e+02   1.6763730e+01   3.6821960e+00  -5.9411869e-02   2.6899058e-02   2.4291297e-03
   6.4900000e+02   1.6743020e+01   3.6810730e+00  -5.9409597e-02   2.6936232e-02   2.4272323e-03
   6.5000000e+02   1.6722400e+01   3.6799480e+00  -5.9407273e-02   2.6973320e-02   2.4253704e-03
   6.5100000e+02   1.6701840e+01   3.6788220e+00  -5.9404893e-02   2.7010334e-02   2.4235429e-03
   6.5200000e+02   1.6681350e+01   3.6776950e+00  -5.9402448e-02   2.7047262e-02   2.4217501e-03
   6.5300000e+02   1.6660940e+01   3.6765660e+00  -5.9399962e-02   2.7084107e-02   2.4199925e-03
   6.5400000e+02   1.6640600e+01   3.6754360e+00  -5.9397410e-02   2.7120864e-02   2.4182690e-03
   6.5500000e+02   1.6620330e+01   3.6743050e+00  -5.9394797e-02   2.7157541e-02   2.4165808e-03
   6.5600000e+02   1.6600120e+01   3.6731730e+00  -5.9392121e-02   2.7194141e-02   2.4149262e-03
   6.5700000e+02   1.6579990e+01   3.6720400e+00  -5.9389381e-02   2.7230637e-02   2.4133063e-03
   6.5800000e+02   1.6559930e+01   3.6709050e+00  -5.9386595e-02   2.7267065e-02   2.4117216e-03
   6.5900000e+02   1.6539940e+01   3.6697690e+00  -5.9383744e-02   2.7303401e-02   2.4101711e-03
   6.6000000e+02   1.6520020e+01   3.6686320e+00  -5.9380828e-02   2.7339650e-02   2.4086546e-03
   6.6100000e+02   1.6500160e+01   3.6674940e+00  -5.9377852e-02   2.7375818e-02   2.4071725e-03
   6.6200000e+02   1.6480380e+01   3.6663540e+00  -5.9374823e-02   2.7411901e-02   2.4057253e-03
   6.6300000e+02   1.6460660e+01   3.6652140e+00  -5.9371716e-02   2.7447891e-02   2.4043114e-03
   6.6400000e+02   1.6441010e+01   3.6640720e+00  -5.9368557e-02   2.7483800e-02   2.4029321e-03
   6.6500000e+02   1.6421430e+01   3.6629290e+00  -5.9365335e-02   2.7519617e-02   2.4015868e-03
   6.6600000e+02   1.6401910e+01   3.6617850e+00  -5.9362049e-02   2.7555355e-02   2.4002758e-03
   6.6700000e+02   1.6382460e+01   3.6606400e+00  -5.9358693e-02   2.7591000e-02   2.3989981e-03
   6.6800000e+02   1.6363080e+01   3.6594940e+00  -5.9355270e-02   2.7626552e-02   2.3977548e-03
   6.6900000e+02   1.6343760e+01   3.6583470e+00  -5.9351788e-02   2.7662020e-02   2.3965450e-03
   6.7000000e+02   1.6324510e+01   3.6571980e+00  -5.9348250e-02   2.7697407e-02   2.3953692e-03
   6.7100000e+02   1.6305330e+01   3.6560490e+00  -5.9344624e-02   2.7732690e-02   2.3942266e-03
   6.7200000e+02   1.6286200e+01   3.6548980e+00  -5.9340956e-02   2.7767910e-02   2.3931184e-03
   6.7300000e+02   1.6267150e+01   3.6537470e+00  -5.9337195e-02   2.7803009e-02   2.3920429e-03
   6.7400000e+02   1.6248160e+01   3.6525940e+00  -5.9333389e-02   2.7838037e-02   2.3910007e-03
   6.7500000e+02   1.6229230e+01   3.6514410e+00  -5.9329497e-02   2.7872968e-02   2.3899921e-03
   6.7600000e+02   1.6210360e+01   3.6502860e+00  -5.9325550e-02   2.7907825e-02   2.3890170e-03
   6.7700000e+02   1.6191560e+01   3.6491300e+00  -5.9321538e-02   2.7942581e-02   2.3880747e-03
   6.7800000e+02   1.6172830e+01   3.6479740e+00  -5.9317435e-02   2.7977234e-02   2.3871658e-03
   6.7900000e+02   1.6154150e+01   3.6468160e+00  -5.9313283e-02   2.8011815e-02   2.3862894e-03
   6.8000000e+02   1.6135540e+01   3.6456570e+00  -5.9309062e-02   2.8046298e-02   2.3854462e-03
   6.8100000e+02   1.6116990e+01   3.6444980e+00  -5.9304754e-02   2.8080686e-02   2.3846355e-03
   6.8200000e+02   1.6098500e+01   3.6433370e+00  -5.9300390e-02   2.8114993e-02   2.3838576e-03
   6.8300000e+02   1.6080070e+01   3.6421760e+00  -5.9295942e-02   2.8149200e-02   2.3831120e-03
   6.8400000e+02   1.6061710e+01   3.6410140e+00  -5.9291423e-02   2.8183304e-02   2.3823987e-03
   6.8500000e+02   1.6043400e+01   3.6398500e+00  -5.9286851e-02   2.8217343e-02   2.3817188e-03
   6.8600000e+02   1.6025160e+01   3.6386860e+00  -5.9282187e-02   2.8251270e-02   2.3810699e-03
   6.8700000e+02   1.6006980e+01   3.6375210e+00  -5.9277457e-02   2.8285102e-02   2.3804536e-03
   6.8800000e+02   1.5988850e+01   3.6363550e+00  -5.9272647e-02   2.8318854e-02   2.3798698e-03
   6.8900000e+02   1.5970790e+01   3.6351880e+00  -5.9267770e-02   2.8352506e-02   2.3793171e-03
   6.9000000e+02   1.5952780e+01   3.6340200e+00  -5.9262827e-02   2.8386073e-02   2.3787966e-03
   6.9100000e+02   1.5934840e+01   3.6328520e+00  -5.9257785e-02   2.8419528e-02   2.3783075e-03
   6.9200000e+02   1.5916950e+01   3.6316820e+00  -5.9252692e-02   2.8452911e-02   2.3778501e-03
   6.9300000e+02   1.5899120e+01   3.6305120e+00  -5.9247511e-02   2.8486185e-02   2.3774240e-03
   6.9400000e+02   1.5881350e+01   3.6293410e+00  -5.9242257e-02   2.8519370e-02   2.3770291e-03
   6.9500000e+02   1.5863640e+01   3.6281690e+00  -5.9236929e-02   2.8552457e-02   2.3766657e-03
   6.9600000e+02   1.5845980e+01   3.6269960e+00  -5.9231525e-02   2.8585461e-02   2.3763333e-03
   6.9700000e+02   1.5828390e+01   3.6258230e+00  -5.9226034e-02   2.8618349e-02   2.3760311e-03
   6.9800000e+02   1.5810850e+01   3.6246490e+00  -5.9220466e-02   2.8651153e-02   2.3757604e-03
   6.9900000e+02   1.5793360e+01   3.6234740e+00  -5.9214830e-02   2.8683868e-02   2.3755203e-03
   7.0000000e+02   1.5775940e+01   3.6222980e+00  -5.9209113e-02   2.8716479e-02   2.3753108e-03
   7.0100000e+02   1.5758570e+01   3.6211210e+00  -5.9203326e-02   2.8749003e-02   2.3751319e-03
   7.0200000e+02   1.5741250e+01   3.6199440e+00  -5.9197441e-02   2.8781431e-02   2.3749829e-03
   7.0300000e+02   1.5723990e+01   3.6187660e+00  -5.9191492e-02   2.8813760e-02   2.3748641e-03
   7.0400000e+02   1.5706790e+01   3.6175870e+00  -5.9185463e-02   2.8845991e-02   2.3747754e-03
   7.0500000e+02   1.5689640e+01   3.6164080e+00  -5.9179337e-02   2.8878125e-02   2.3747166e-03
   7.0600000e+02   1.5672550e+01   3.6152280e+00  -5.9173138e-02   2.8910157e-02   2.3746867e-03
   7.0700000e+02   1.5655510e+01   3.6140470e+00  -5.9166868e-02   2.8942103e-02   2.3746872e-03
   7.0800000e+02   1.5638530e+01   3.6128650e+00  -5.9160516e-02   2.8973951e-02   2.3747173e-03
   7.0900000e+02   1.5621600e+01   3.6116830e+00  -5.9154075e-02   2.9005700e-02   2.3747765e-03
   7.1000000e+02   1.5604720e+01   3.6105000e+00  -5.9147561e-02   2.9037353e-02   2.3748650e-03
   7.1100000e+02   1.5587900e+01   3.6093170e+00  -5.9140950e-02   2.9068904e-02   2.3749819e-03
   7.1200000e+02   1.5571130e+01   3.6081330e+00  -5.9134263e-02   2.9100354e-02   2.3751277e-03
   7.1300000e+02   1.5554410e+01   3.6069480e+00  -5.9127498e-02   2.9131720e-02   2.3753029e-03
   7.1400000e+02   1.5537750e+01   3.6057630e+00  -5.9120645e-02   2.9162977e-02   2.3755063e-03
   7.1500000e+02   1.5521140e+01   3.6045770e+00  -5.9113712e-02   2.9194136e-02   2.3757374e-03
   7.1600000e+02   1.5504580e+01   3.6033900e+00  -5.9106703e-02   2.9225209e-02   2.3759978e-03
   7.1700000e+02   1.5488070e+01   3.6022030e+00  -5.9099599e-02   2.9256179e-02   2.3762862e-03
   7.1800000e+02   1.5471620e+01   3.6010150e+00  -5.9092418e-02   2.9287048e-02   2.3766023e-03
   7.1900000e+02   1.5455210e+01   3.5998270e+00  -5.9085146e-02   2.9317820e-02   2.3769459e-03
   7.2000000e+02   1.5438860e+01   3.5986380e+00  -5.9077792e-02   2.9348494e-02   2.3773182e-03
   7.2100000e+02   1.5422560e+01   3.5974490e+00  -5.9070342e-02   2.9379060e-02   2.3777169e-03
   7.2200000e+02   1.5406310e+01   3.5962590e+00  -5.9062819e-02   2.9409536e-02   2.3781431e-03
   7.2300000e+02   1.5390110e+01   3.5950690e+00  -5.9055200e-02   2.9439902e-02   2.3785964e-03
   7.2400000e+02   1.5373960e+01   3.5938780e+00  -5.9047503e-02   2.9470183e-02   2.3790769e-03
   7.2500000e+02   1.5357860e+01   3.5926870e+00  -5.9039713e-02   2.9500351e-02   2.3795841e-03
   7.2600000e+02   1.5341810e+01   3.5914950e+00  -5.9031840e-02   2.9530431e-02   2.3801179e-03
   7.2700000e+02   1.5325810e+01   3.5903020e+00  -5.9023893e-02   2.9560411e-02   2.3806789e-03
   7.2800000e+02   1.5309860e+01   3.5891100e+00  -5.9015836e-02   2.9590280e-02   2.3812654e-03
   7.2900000e+02   1.5293960e+01   3.5879160e+00  -5.9007708e-02   2.9620063e-02   2.3818791e-03
   7.3000000e+02   1.5278100e+01   3.5867230e+00  -5.8999480e-02   2.9649737e-02   2.3825175e-03
   7.3100000e+02   1.5262300e+01   3.5855290e+00  -5.8991165e-02   2.9679312e-02   2.3831828e-03
   7.3200000e+02   1.5246540e+01   3.5843340e+00  -5.8982773e-02   2.9708794e-02   2.3838737e-03
   7.3300000e+02   1.5230830e+01   3.5831390e+00  -5.8974291e-02   2.9738173e-02   2.3845902e-03
   7.3400000e+02   1.5215170e+01   3.5819440e+00  -5.8965704e-02   2.9767441e-02   2.3853313e-03
   7.3500000e+02   1.5199560e+01   3.5807480e+00  -5.8957040e-02   2.9796619e-02   2.3860986e-03
   7.3600000e+02   1.5184000e+01   3.5795520e+00  -5.8948284e-02   2.9825684e-02   2.3868901e-03
   7.3700000e+02   1.5168480e+01   3.5783550e+00  -5.8939451e-02   2.9854667e-02   2.3877074e-03
   7.3800000e+02   1.5153010e+01   3.5771580e+00  -5.8930514e-02   2.9883540e-02   2.3885487e-03
   7.3900000e+02   1.5137580e+01   3.5759610e+00  -5.8921487e-02   2.9912313e-02   2.3894148e-03
   7.4000000e+02   1.5122210e+01   3.5747630e+00  -5.8912379e-02   2.9940983e-02   2.3903052e-03
   7.4100000e+02   1.5106870e+01   3.5735650e+00  -5.8903177e-02   2.9969560e-02   2.3912196e-03
   7.4200000e+02   1.5091590e+01   3.5723670e+00  -5.8893876e-02   2.9998020e-02   2.3921586e-03
   7.4300000e+02   1.5076350e+01   3.5711680e+00  -5.8884498e-02   3.0026393e-02   2.3931206e-03
   7.4400000e+02   1.5061160e+01   3.5699690e+00  -5.8875021e-02   3.0054656e-02   2.3941071e-03
   7.4500000e+02   1.5046010e+01   3.5687700e+00  -5.8865448e-02   3.0082819e-02   2.3951162e-03
   7.4600000e+02   1.5030900e+01   3.5675700e+00  -5.8855798e-02   3.0110897e-02   2.3961499e-03
   7.4700000e+02   1.5015850e+01   3.5663710e+00  -5.8846038e-02   3.0138839e-02   2.3972053e-03
   7.4800000e+02   1.5000830e+01   3.5651700e+00  -5.8836211e-02   3.0166716e-02   2.3982849e-03
   7.4900000e+02   1.4985860e+01   3.5639700e+00  -5.8826266e-02   3.0194472e-02   2.3993866e-03
   7.5000000e+02   1.4970940e+01   3.5627700e+00  -5.8816232e-02   3.0222113e-02   2.4005105e-03
   7.5100000e+02   1.4956060e+01   3.5615690e+00  -5.8806114e-02   3.0249669e-02   2.4016575e-03
   7.5200000e+02   1.4941220e+01   3.5603680e+00  -5.8795901e-02   3.0277122e-02   2.4028267e-03
   7.5300000e+02   1.4926430e+01   3.5591660e+00  -5.8785610e-02   3.0304480e-02   2.4040186e-03
   7.5400000e+02   1.4911680e+01   3.5579650e+00  -5.8775201e-02   3.0331723e-02   2.4052317e-03
   7.5500000e+02   1.4896970e+01   3.5567630e+00  -5.8764718e-02   3.0358877e-02   2.4064668e-03
   7.5600000e+02   1.4882310e+01   3.5555610e+00  -5.8754138e-02   3.0385916e-02   2.4077232e-03
   7.5700000e+02   1.4867690e+01   3.5543590e+00  -5.8743458e-02   3.0412859e-02   2.4090012e-03
   7.5800000e+02   1.4853110e+01   3.5531570e+00  -5.8732688e-02   3.0439696e-02   2.4103007e-03
   7.5900000e+02   1.4838580e+01   3.5519540e+00  -5.8721829e-02   3.0466433e-02   2.4116211e-03
   7.6000000e+02   1.4824090e+01   3.5507520e+00  -5.8710865e-02   3.0493056e-02   2.4129615e-03
   7.6100000e+02   1.4809640e+01   3.5495490e+00  -5.8699819e-02   3.0519588e-02   2.4143236e-03
   7.6200000e+02   1.4795230e+01   3.5483460e+00  -5.8688674e-02   3.0546023e-02   2.4157061e-03
   7.6300000e+02   1.4780860e+01   3.5471430e+00  -5.8677435e-02   3.0572351e-02   2.4171088e-03
   7.6400000e+02   1.4766540e+01   3.5459400e+00  -5.8666105e-02   3.0598564e-02   2.4185309e-03
   7.6500000e+02   1.4752250e+01   3.5447360e+00  -5.8654690e-02   3.0624700e-02   2.4199744e-03
   7.6600000e+02   1.4738010e+01   3.5435330e+00  -5.8643162e-02   3.0650711e-02   2.4214371e-03
   7.6700000e+02   1.4723810e+01   3.5423290e+00  -5.8631554e-02   3.0676629e-02   2.4229191e-03
   7.6800000e+02   1.4709650e+01   3.5411260e+00  -5.8619836e-02   3.0702431e-02   2.4244207e-03
   7.6900000e+02   1.4695530e+01   3.5399220e+00  -5.8608035e-02   3.0728144e-02   2.4259418e-03
   7.7000000e+02   1.4681450e+01   3.5387180e+00  -5.8596145e-02   3.0753752e-02   2.4274822e-03
   7.7100000e+02   1.4667410e+01   3.5375140e+00  -5.8584157e-02   3.0779256e-02   2.4290411e-03
   7.7200000e+02   1.4653410e+01   3.5363110e+00  -5.8572052e-02   3.0804646e-02   2.4306184e-03
   7.7300000e+02   1.4639450e+01   3.5351070e+00  -5.8559868e-02   3.0829945e-02   2.4322148e-03
   7.7400000e+02   1.4625520e+01   3.5339030e+00  -5.8547591e-02   3.0855150e-02   2.4338292e-03
   7.7500000e+02   1.4611640e+01   3.5326990e+00  -5.8535220e-02   3.0880241e-02   2.4354624e-03
   7.7600000e+02   1.4597800e+01   3.5314950e+00  -5.8522753e-02   3.0905222e-02   2.4371133e-03
   7.7700000e+02   1.4584000e+01   3.5302910e+00  -5.8510186e-02   3.0930103e-02   2.4387818e-03
   7.7800000e+02   1.4570230e+01   3.5290870e+00  -5.8497530e-02   3.0954890e-02   2.4404684e-03
   7.7900000e+02   1.4556510e+01   3.5278830e+00  -5.8484778e-02   3.0979563e-02   2.4421722e-03
   7.8000000e+02   1.4542820e+01   3.5266790e+00  -5.8471930e-02   3.1004138e-02   2.4438932e-03
   7.8100000e+02   1.4529170e+01   3.5254750e+00  -5.8458985e-02   3.1028612e-02   2.4456318e-03
   7.8200000e+02   1.4515560e+01   3.5242710e+00  -5.8445949e-02   3.1052980e-02   2.4473869e-03
   7.8300000e+02   1.4501990e+01   3.5230670e+00  -5.8432815e-02   3.1077243e-02   2.4491593e-03
   7.8400000e+02   1.4488450e+01   3.5218630e+00  -5.8419587e-02   3.1101410e-02   2.4509480e-03
   7.8500000e+02   1.4474960e+01   3.5206590e+00  -5.8406260e-02   3.1125464e-02   2.4527536e-03
   7.8600000e+02   1.4461500e+01   3.5194550e+00  -5.8392845e-02   3.1149423e-02   2.4545748e-03
   7.8700000e+02   1.4448080e+01   3.5182520e+00  -5.8379319e-02   3.1173261e-02   2.4564120e-03
   7.8800000e+02   1.4434690e+01   3.5170480e+00  -5.8365709e-02   3.1197020e-02   2.4582655e-03
   7.8900000e+02   1.4421340e+01   3.5158450e+00  -5.8351995e-02   3.1220660e-02   2.4601343e-03
   7.9000000e+02   1.4408030e+01   3.5146410e+00  -5.8338201e-02   3.1244203e-02   2.4620196e-03
   7.9100000e+02   1.4394760e+01   3.5134380e+00  -5.8324298e-02   3.1267634e-02   2.4639197e-03
   7.9200000e+02   1.4381520e+01   3.5122350e+00  -5.8310300e-02   3.1290967e-02   2.4658348e-03
   7.9300000e+02   1.4368310e+01   3.5110310e+00  -5.8296224e-02   3.1314215e-02   2.4677656e-03
   7.9400000e+02   1.4355150e+01   3.5098280e+00  -5.8282044e-02   3.1337336e-02   2.4697106e-03
   7.9500000e+02   1.4342020e+01   3.5086260e+00  -5.8267747e-02   3.1360348e-02   2.4716701e-03
   7.9600000e+02   1.4328920e+01   3.5074230e+00  -5.8253376e-02   3.1383278e-02   2.4736444e-03
   7.9700000e+02   1.4315860e+01   3.5062200e+00  -5.8238912e-02   3.1406101e-02   2.4756336e-03
   7.9800000e+02   1.4302840e+01   3.5050180e+00  -5.8224338e-02   3.1428810e-02   2.4776363e-03
   7.9900000e+02   1.4289850e+01   3.5038160e+00  -5.8209669e-02   3.1451419e-02   2.4796531e-03
   8.0000000e+02   1.4276900e+01   3.5026140e+00  -5.8194915e-02   3.1473918e-02   2.4816839e-03
   8.0100000e+02   1.4263980e+01   3.5014120e+00  -5.8180061e-02   3.1496328e-02   2.4837286e-03
   8.0200000e+02   1.4251100e+01   3.5002100e+00  -5.8165116e-02   3.1518627e-02   2.4857867e-03
   8.0300000e+02   1.4238250e+01   3.4990080e+00  -5.8150082e-02   3.1540830e-02   2.4878582e-03
   8.0400000e+02   1.4225440e+01   3.4978070e+00  -5.8134937e-02   3.1562916e-02   2.4899426e-03
   8.0500000e+02   1.4212660e+01   3.4966060e+00  -5.8119704e-02   3.1584903e-02   2.4920394e-03
   8.0600000e+02   1.4199910e+01   3.4954050e+00  -5.8104377e-02   3.1606795e-02   2.4941499e-03
   8.0700000e+02   1.4187200e+01   3.4942040e+00  -5.8088958e-02   3.1628581e-02   2.4962731e-03
   8.0800000e+02   1.4174520e+01   3.4930040e+00  -5.8073432e-02   3.1650258e-02   2.4984080e-03
   8.0900000e+02   1.4161880e+01   3.4918040e+00  -5.8057817e-02   3.1671828e-02   2.5005557e-03
   8.1000000e+02   1.4149270e+01   3.4906040e+00  -5.8042102e-02   3.1693303e-02   2.5027155e-03
   8.1100000e+02   1.4136690e+01   3.4894040e+00  -5.8026307e-02   3.1714679e-02   2.5048870e-03
   8.1200000e+02   1.4124150e+01   3.4882040e+00  -5.8010413e-02   3.1735948e-02   2.5070713e-03
   8.1300000e+02   1.4111630e+01   3.4870050e+00  -5.7994426e-02   3.1757121e-02   2.5092664e-03
   8.1400000e+02   1.4099160e+01   3.4858060e+00  -5.7978334e-02   3.1778174e-02   2.5114730e-03
   8.1500000e+02   1.4086710e+01   3.4846080e+00  -5.7962146e-02   3.1799128e-02   2.5136904e-03
   8.1600000e+02   1.4074300e+01   3.4834090e+00  -5.7945879e-02   3.1819988e-02   2.5159202e-03
   8.1700000e+02   1.4061920e+01   3.4822110e+00  -5.7929504e-02   3.1840738e-02   2.5181600e-03
   8.1800000e+02   1.4049570e+01   3.4810130e+00  -5.7913042e-02   3.1861391e-02   2.5204115e-03
   8.1900000e+02   1.4037260e+01   3.4798160e+00  -5.7896475e-02   3.1881925e-02   2.5226722e-03
   8.2000000e+02   1.4024970e+01   3.4786190e+00  -5.7879824e-02   3.1902376e-02   2.5249448e-03
   8.2100000e+02   1.4012720e+01   3.4774220e+00  -5.7863077e-02   3.1922713e-02   2.5272273e-03
   8.2200000e+02   1.4000500e+01   3.4762250e+00  -5.7846248e-02   3.1942960e-02   2.5295202e-03
   8.2300000e+02   1.3988320e+01   3.4750290e+00  -5.7829311e-02   3.1963080e-02   2.5318229e-03
   8.2400000e+02   1.3976160e+01   3.4738330e+00  -5.7812281e-02   3.1983116e-02   2.5341352e-03
   8.2500000e+02   1.3964040e+01   3.4726370e+00  -5.7795174e-02   3.2003046e-02   2.5364582e-03
   8.2600000e+02   1.3951940e+01   3.4714420e+00  -5.7777959e-02   3.2022875e-02   2.5387898e-03
   8.2700000e+02   1.3939880e+01   3.4702470e+00  -5.7760658e-02   3.2042598e-02   2.5411312e-03
   8.2800000e+02   1.3927850e+01   3.4690530e+00  -5.7743239e-02   3.2062208e-02   2.5434811e-03
   8.2900000e+02   1.3915850e+01   3.4678590e+00  -5.7725746e-02   3.2081723e-02   2.5458404e-03
   8.3000000e+02   1.3903880e+01   3.4666650e+00  -5.7708170e-02   3.2101142e-02   2.5482097e-03
   8.3100000e+02   1.3891940e+01   3.4654720e+00  -5.7690478e-02   3.2120445e-02   2.5505856e-03
   8.3200000e+02   1.3880030e+01   3.4642790e+00  -5.7672718e-02   3.2139660e-02   2.5529719e-03
   8.3300000e+02   1.3868150e+01   3.4630860e+00  -5.7654855e-02   3.2158774e-02   2.5553666e-03
   8.3400000e+02   1.3856300e+01   3.4618940e+00  -5.7636896e-02   3.2177775e-02   2.5577689e-03
   8.3500000e+02   1.3844490e+01   3.4607020e+00  -5.7618857e-02   3.2196671e-02   2.5601799e-03
   8.3600000e+02   1.3832700e+01   3.4595100e+00  -5.7600726e-02   3.2215479e-02   2.5625988e-03
   8.3700000e+02   1.3820940e+01   3.4583190e+00  -5.7582489e-02   3.2234178e-02   2.5650256e-03
   8.3800000e+02   1.3809210e+01   3.4571290e+00  -5.7564163e-02   3.2252767e-02   2.5674596e-03
   8.3900000e+02   1.3797510e+01   3.4559390e+00  -5.7545745e-02   3.2271256e-02   2.5699012e-03
   8.4000000e+02   1.3785840e+01   3.4547490e+00  -5.7527237e-02   3.2289650e-02   2.5723507e-03
   8.4100000e+02   1.3774200e+01   3.4535600e+00  -5.7508642e-02   3.2307935e-02   2.5748070e-03
   8.4200000e+02   1.3762590e+01   3.4523710e+00  -5.7489962e-02   3.2326121e-02   2.5772706e-03
   8.4300000e+02   1.3751010e+01   3.4511830e+00  -5.7471167e-02   3.2344196e-02   2.5797403e-03
   8.4400000e+02   1.3739450e+01   3.4499950e+00  -5.7452304e-02   3.2362185e-02   2.5822181e-03
   8.4500000e+02   1.3727930e+01   3.4488070e+00  -5.7433353e-02   3.2380069e-02   2.5847030e-03
   8.4600000e+02   1.3716430e+01   3.4476200e+00  -5.7414304e-02   3.2397848e-02   2.5871930e-03
   8.4700000e+02   1.3704960e+01   3.4464340e+00  -5.7395152e-02   3.2415522e-02   2.5896898e-03
   8.4800000e+02   1.3693520e+01   3.4452470e+00  -5.7375937e-02   3.2433113e-02   2.5921937e-03
   8.4900000e+02   1.3682110e+01   3.4440620e+00  -5.7356615e-02   3.2450575e-02   2.5947025e-03
   8.5000000e+02   1.3670730e+01   3.4428770e+00  -5.7337201e-02   3.2467942e-02   2.5972179e-03
   8.5100000e+02   1.3659370e+01   3.4416920e+00  -5.7317709e-02   3.2485225e-02   2.5997394e-03
   8.5200000e+02   1.3648050e+01   3.4405080e+00  -5.7298113e-02   3.2502380e-02   2.6022652e-03
   8.5300000e+02   1.3636750e+01   3.4393240e+00  -5.7278438e-02   3.2519452e-02   2.6047979e-03
   8.5400000e+02   1.3625480e+01   3.4381410e+00  -5.7258674e-02   3.2536415e-02   2.6073353e-03
   8.5500000e+02   1.3614230e+01   3.4369590e+00  -5.7238812e-02   3.2553278e-02   2.6098776e-03
   8.5600000e+02   1.3603020e+01   3.4357770e+00  -5.7218866e-02   3.2570031e-02   2.6124254e-03
   8.5700000e+02   1.3591830e+01   3.4345950e+00  -5.7198843e-02   3.2586697e-02   2.6149783e-03
   8.5800000e+02   1.3580660e+01   3.4334140e+00  -5.7178727e-02   3.2603266e-02   2.6175360e-03
   8.5900000e+02   1.3569530e+01   3.4322330e+00  -5.7158524e-02   3.2619728e-02   2.6200990e-03
   8.6000000e+02   1.3558420e+01   3.4310530e+00  -5.7138236e-02   3.2636088e-02   2.6226658e-03
   8.6100000e+02   1.3547340e+01   3.4298740e+00  -5.7117837e-02   3.2652335e-02   2.6252369e-03
   8.6200000e+02   1.3536290e+01   3.4286950e+00  -5.7097374e-02   3.2668493e-02   2.6278131e-03
   8.6300000e+02   1.3525260e+01   3.4275170e+00  -5.7076803e-02   3.2684541e-02   2.6303918e-03
   8.6400000e+02   1.3514260e+01   3.4263390e+00  -5.7056167e-02   3.2700498e-02   2.6329759e-03
   8.6500000e+02   1.3503280e+01   3.4251620e+00  -5.7035433e-02   3.2716353e-02   2.6355635e-03
   8.6600000e+02   1.3492330e+01   3.4239850e+00  -5.7014619e-02   3.2732114e-02   2.6381556e-03
   8.6700000e+02   1.3481410e+01   3.4228090e+00  -5.6993721e-02   3.2747762e-02   2.6407508e-03
   8.6800000e+02   1.3470510e+01   3.4216330e+00  -5.6972739e-02   3.2763326e-02   2.6433498e-03
   8.6900000e+02   1.3459640e+01   3.4204580e+00  -5.6951657e-02   3.2778775e-02   2.6459513e-03
   8.7000000e+02   1.3448800e+01   3.4192840e+00  -5.6930498e-02   3.2794118e-02   2.6485569e-03
   8.7100000e+02   1.3437980e+01   3.4181100e+00  -5.6909248e-02   3.2809374e-02   2.6511649e-03
   8.7200000e+02   1.3427190e+01   3.4169370e+00  -5.6887922e-02   3.2824519e-02   2.6537765e-03
   8.7300000e+02   1.3416420e+01   3.4157640e+00  -5.6866507e-02   3.2839574e-02   2.6563908e-03
   8.7400000e+02   1.3405680e+01   3.4145920e+00  -5.6845010e-02   3.2854525e-02   2.6590080e-03
   8.7500000e+02   1.3394960e+01   3.4134210e+00  -5.6823416e-02   3.2869378e-02   2.6616272e-03
   8.7600000e+02   1.3384270e+01   3.4122500e+00  -5.6801752e-02   3.2884126e-02   2.6642497e-03
   8.7700000e+02   1.3373600e+01   3.4110800e+00  -5.6779997e-02   3.2898779e-02   2.6668737e-03
   8.7800000e+02   1.3362960e+01   3.4099100e+00  -5.6758162e-02   3.2913332e-02   2.6695003e-03
   8.7900000e+02   1.3352350e+01   3.4087410e+00  -5.6736240e-02   3.2927777e-02   2.6721299e-03
   8.8000000e+02   1.3341750e+01   3.4075730e+00  -5.6714238e-02   3.2942132e-02   2.6747603e-03
   8.8100000e+02   1.3331190e+01   3.4064050e+00  -5.6692152e-02   3.2956380e-02   2.6773927e-03
   8.8200000e+02   1.3320640e+01   3.4052380e+00  -5.6669979e-02   3.2970542e-02   2.6800274e-03
   8.8300000e+02   1.3310130e+01   3.4040720e+00  -5.6647712e-02   3.2984577e-02   2.6826632e-03
   8.8400000e+02   1.3299630e+01   3.4029060e+00  -5.6625391e-02   3.2998547e-02   2.6853013e-03
   8.8500000e+02   1.3289160e+01   3.4017410e+00  -5.6602966e-02   3.3012393e-02   2.6879401e-03
   8.8600000e+02   1.3278720e+01   3.4005760e+00  -5.6580482e-02   3.3026154e-02   2.6905813e-03
   8.8700000e+02   1.3268300e+01   3.3994120e+00  -5.6557906e-02   3.3039812e-02   2.6932226e-03
   8.8800000e+02   1.3257900e+01   3.3982490e+00  -5.6535235e-02   3.3053368e-02   2.6958652e-03
   8.8900000e+02   1.3247530e+01   3.3970870e+00  -5.6512480e-02   3.3066813e-02   2.6985082e-03
   8.9000000e+02   1.3237180e+01   3.3959250e+00  -5.6489657e-02   3.3080178e-02   2.7011526e-03
   8.9100000e+02   1.3226860e+01   3.3947640e+00  -5.6466746e-02   3.3093428e-02   2.7037976e-03
   8.9200000e+02   1.3216550e+01   3.3936030e+00  -5.6443775e-02   3.3106606e-02   2.7064437e-03
   8.9300000e+02   1.3206280e+01   3.3924430e+00  -5.6420704e-02   3.3119658e-02   2.7090898e-03
   8.9400000e+02   1.3196020e+01   3.3912840e+00  -5.6397556e-02   3.3132629e-02   2.7117366e-03
   8.9500000e+02   1.3185790e+01   3.3901250e+00  -5.6374348e-02   3.3145500e-02   2.7143838e-03
   8.9600000e+02   1.3175580e+01   3.3889670e+00  -5.6351041e-02   3.3158274e-02   2.7170310e-03
   8.9700000e+02   1.3165400e+01   3.3878100e+00  -5.6327655e-02   3.3170935e-02   2.7196780e-03
   8.9800000e+02   1.3155230e+01   3.3866540e+00  -5.6304186e-02   3.3183506e-02   2.7223244e-03
   8.9900000e+02   1.3145100e+01   3.3854980e+00  -5.6280647e-02   3.3195977e-02   2.7249720e-03
   9.0000000e+02   1.3134980e+01   3.3843430e+00  -5.6257025e-02   3.3208351e-02   2.7276183e-03
   9.0100000e+02   1.3124890e+01   3.3831880e+00  -5.6233335e-02   3.3220636e-02   2.7302654e-03
   9.0200000e+02   1.3114820e+01   3.3820350e+00  -5.6209561e-02   3.3232806e-02   2.7329111e-03
   9.0300000e+02   1.3104770e+01   3.3808820e+00  -5.6185703e-02   3.3244892e-02   2.7355560e-03
   9.0400000e+02   1.3094740e+01   3.3797290e+00  -5.6161779e-02   3.3256886e-02   2.7382011e-03
   9.0500000e+02   1.3084740e+01   3.3785780e+00  -5.6137769e-02   3.3268765e-02   2.7408452e-03
   9.0600000e+02   1.3074760e+01   3.3774270e+00  -5.6113682e-02   3.3280550e-02   2.7434876e-03
   9.0700000e+02   1.3064800e+01   3.3762770e+00  -5.6089524e-02   3.3292249e-02   2.7461303e-03
   9.0800000e+02   1.3054870e+01   3.3751270e+00  -5.6065288e-02   3.3303839e-02   2.7487712e-03
   9.0900000e+02   1.3044950e+01   3.3739790e+00  -5.6040974e-02   3.3315336e-02   2.7514105e-03
   9.1000000e+02   1.3035060e+01   3.3728310e+00  -5.6016583e-02   3.3326735e-02   2.7540493e-03
   9.1100000e+02   1.3025190e+01   3.3716830e+00  -5.5992130e-02   3.3338048e-02   2.7566869e-03
   9.1200000e+02   1.3015340e+01   3.3705370e+00  -5.5967581e-02   3.3349247e-02   2.7593218e-03
   9.1300000e+02   1.3005510e+01   3.3693910e+00  -5.5942963e-02   3.3360361e-02   2.7619560e-03
   9.1400000e+02   1.2995710e+01   3.3682460e+00  -5.5918281e-02   3.3371367e-02   2.7645888e-03
   9.1500000e+02   1.2985930e+01   3.3671020e+00  -5.5893511e-02   3.3382278e-02   2.7672194e-03
   9.1600000e+02   1.2976160e+01   3.3659580e+00  -5.5868682e-02   3.3393110e-02   2.7698485e-03
   9.1700000e+02   1.2966420e+01   3.3648150e+00  -5.5843767e-02   3.3403831e-02   2.7724751e-03
   9.1800000e+02   1.2956700e+01   3.3636730e+00  -5.5818780e-02   3.3414459e-02   2.7750997e-03
   9.1900000e+02   1.2947010e+01   3.3625320e+00  -5.5793724e-02   3.3424978e-02   2.7777227e-03
   9.2000000e+02   1.2937330e+01   3.3613910e+00  -5.5768596e-02   3.3435421e-02   2.7803434e-03
   9.2100000e+02   1.2927670e+01   3.3602510e+00  -5.5743386e-02   3.3445763e-02   2.7829613e-03
   9.2200000e+02   1.2918040e+01   3.3591120e+00  -5.5718113e-02   3.3455996e-02   2.7855768e-03
   9.2300000e+02   1.2908430e+01   3.3579740e+00  -5.5692762e-02   3.3466136e-02   2.7881904e-03
   9.2400000e+02   1.2898830e+01   3.3568360e+00  -5.5667344e-02   3.3476201e-02   2.7908012e-03
   9.2500000e+02   1.2889260e+01   3.3556990e+00  -5.5641866e-02   3.3486158e-02   2.7934094e-03
   9.2600000e+02   1.2879710e+01   3.3545630e+00  -5.5616298e-02   3.3496012e-02   2.7960149e-03
   9.2700000e+02   1.2870180e+01   3.3534280e+00  -5.5590653e-02   3.3505769e-02   2.7986168e-03
   9.2800000e+02   1.2860670e+01   3.3522940e+00  -5.5564940e-02   3.3515430e-02   2.8012161e-03
   9.2900000e+02   1.2851180e+01   3.3511600e+00  -5.5539160e-02   3.3525004e-02   2.8038120e-03
   9.3000000e+02   1.2841710e+01   3.3500270e+00  -5.5513314e-02   3.3534479e-02   2.8064057e-03
   9.3100000e+02   1.2832260e+01   3.3488950e+00  -5.5487401e-02   3.3543863e-02   2.8089956e-03
   9.3200000e+02   1.2822830e+01   3.3477630e+00  -5.5461421e-02   3.3553162e-02   2.8115834e-03
   9.3300000e+02   1.2813420e+01   3.3466330e+00  -5.5435352e-02   3.3562339e-02   2.8141658e-03
   9.3400000e+02   1.2804030e+01   3.3455030e+00  -5.5409230e-02   3.3571444e-02   2.8167466e-03
   9.3500000e+02   1.2794660e+01   3.3443740e+00  -5.5383032e-02   3.3580445e-02   2.8193229e-03
   9.3600000e+02   1.2785310e+01   3.3432460e+00  -5.5356766e-02   3.3589350e-02   2.8218952e-03
   9.3700000e+02   1.2775990e+01   3.3421180e+00  -5.5330435e-02   3.3598159e-02   2.8244654e-03
   9.3800000e+02   1.2766680e+01   3.3409910e+00  -5.5304042e-02   3.3606886e-02   2.8270308e-03
   9.3900000e+02   1.2757390e+01   3.3398660e+00  -5.5277560e-02   3.3615498e-02   2.8295918e-03
   9.4000000e+02   1.2748120e+01   3.3387400e+00  -5.5251032e-02   3.3624034e-02   2.8321497e-03
   9.4100000e+02   1.2738870e+01   3.3376160e+00  -5.5224423e-02   3.3632466e-02   2.8347038e-03
   9.4200000e+02   1.2729630e+01   3.3364930e+00  -5.5197749e-02   3.3640814e-02   2.8372530e-03
   9.4300000e+02   1.2720420e+01   3.3353700e+00  -5.5171019e-02   3.3649062e-02   2.8397983e-03
   9.4400000e+02   1.2711230e+01   3.3342480e+00  -5.5144211e-02   3.3657212e-02   2.8423395e-03
   9.4500000e+02   1.2702060e+01   3.3331270e+00  -5.5117343e-02   3.3665267e-02   2.8448767e-03
   9.4600000e+02   1.2692900e+01   3.3320070e+00  -5.5090399e-02   3.3673238e-02   2.8474091e-03
   9.4700000e+02   1.2683770e+01   3.3308870e+00  -5.5063407e-02   3.3681113e-02   2.8499374e-03
   9.4800000e+02   1.2674650e+01   3.3297690e+00  -5.5036325e-02   3.3688887e-02   2.8524603e-03
   9.4900000e+02   1.2665560e+01   3.3286510e+00  -5.5009190e-02   3.3696562e-02   2.8549796e-03
   9.5000000e+02   1.2656480e+01   3.3275340e+00  -5.4981995e-02   3.3704155e-02   2.8574934e-03
   9.5100000e+02   1.2647420e+01   3.3264180e+00  -5.4954723e-02   3.3711646e-02   2.8600025e-03
   9.5200000e+02   1.2638380e+01   3.3253020e+00  -5.4927411e-02   3.3719066e-02   2.8625076e-03
   9.5300000e+02   1.2629360e+01   3.3241880e+00  -5.4900001e-02   3.3726365e-02   2.8650078e-03
   9.5400000e+02   1.2620350e+01   3.3230740e+00  -5.4872552e-02   3.3733600e-02   2.8675024e-03
   9.5500000e+02   1.2611370e+01   3.3219610e+00  -5.4845038e-02   3.3740720e-02   2.8699922e-03
   9.5600000e+02   1.2602400e+01   3.3208490e+00  -5.4817450e-02   3.3747754e-02   2.8724763e-03
   9.5700000e+02   1.2593460e+01   3.3197380e+00  -5.4789804e-02   3.3754685e-02   2.8749561e-03
   9.5800000e+02   1.2584530e+01   3.3186270e+00  -5.4762097e-02   3.3761542e-02   2.8774307e-03
   9.5900000e+02   1.2575620e+01   3.3175170e+00  -5.4734338e-02   3.3768303e-02   2.8799001e-03
   9.6000000e+02   1.2566720e+01   3.3164090e+00  -5.4706492e-02   3.3774965e-02   2.8823630e-03
   9.6100000e+02   1.2557850e+01   3.3153010e+00  -5.4678592e-02   3.3781529e-02   2.8848213e-03
   9.6200000e+02   1.2548990e+01   3.3141930e+00  -5.4650647e-02   3.3788027e-02   2.8872746e-03
   9.6300000e+02   1.2540150e+01   3.3130870e+00  -5.4622624e-02   3.3794410e-02   2.8897212e-03
   9.6400000e+02   1.2531330e+01   3.3119820e+00  -5.4594543e-02   3.3800700e-02   2.8921626e-03
   9.6500000e+02   1.2522530e+01   3.3108770e+00  -5.4566401e-02   3.3806909e-02   2.8945988e-03
   9.6600000e+02   1.2513750e+01   3.3097730e+00  -5.4538208e-02   3.3813014e-02   2.8970289e-03
   9.6700000e+02   1.2504980e+01   3.3086700e+00  -5.4509946e-02   3.3819040e-02   2.8994530e-03
   9.6800000e+02   1.2496230e+01   3.3075680e+00  -5.4481620e-02   3.3824968e-02   2.9018712e-03
   9.6900000e+02   1.2487500e+01   3.3064670e+00  -5.4453225e-02   3.3830796e-02   2.9042832e-03
   9.7000000e+02   1.2478790e+01   3.3053660e+00  -5.4424792e-02   3.3836548e-02   2.9066899e-03
   9.7100000e+02   1.2470090e+01   3.3042670e+00  -5.4396285e-02   3.3842197e-02   2.9090897e-03
   9.7200000e+02   1.2461410e+01   3.3031680e+00  -5.4367731e-02   3.3847770e-02   2.9114841e-03
   9.7300000e+02   1.2452750e+01   3.3020700e+00  -5.4339113e-02   3.3853242e-02   2.9138729e-03
   9.7400000e+02   1.2444110e+01   3.3009730e+00  -5.4310429e-02   3.3858617e-02   2.9162543e-03
   9.7500000e+02   1.2435480e+01   3.2998770e+00  -5.4281701e-02   3.3863910e-02   2.9186297e-03
   9.7600000e+02   1.2426870e+01   3.2987810e+00  -5.4252915e-02   3.3869120e-02   2.9209989e-03
   9.7700000e+02   1.2418280e+01   3.2976870e+00  -5.4224050e-02   3.3874214e-02   2.9233615e-03
   9.7800000e+02   1.2409700e+01   3.2965930e+00  -5.4195143e-02   3.3879248e-02   2.9257176e-03
   9.7900000e+02   1.2401140e+01   3.2955000e+00  -5.4166183e-02   3.3884182e-02   2.9280674e-03
   9.8000000e+02   1.2392600e+01   3.2944080e+00  -5.4137165e-02   3.3889025e-02   2.9304114e-03
   9.8100000e+02   1.2384080e+01   3.2933170e+00  -5.4108072e-02   3.3893762e-02   2.9327472e-03
   9.8200000e+02   1.2375570e+01   3.2922270e+00  -5.4078930e-02   3.3898418e-02   2.9350771e-03
   9.8300000e+02   1.2367080e+01   3.2911370e+00  -5.4049755e-02   3.3902997e-02   2.9374006e-03
   9.8400000e+02   1.2358600e+01   3.2900490e+00  -5.4020498e-02   3.3907480e-02   2.9397169e-03
   9.8500000e+02   1.2350150e+01   3.2889610e+00  -5.3991195e-02   3.3911863e-02   2.9420263e-03
   9.8600000e+02   1.2341710e+01   3.2878740e+00  -5.3961832e-02   3.3916158e-02   2.9443289e-03
   9.8700000e+02   1.2333280e+01   3.2867880e+00  -5.3932424e-02   3.3920377e-02   2.9466237e-03
   9.8800000e+02   1.2324880e+01   3.2857030e+00  -5.3902950e-02   3.3924486e-02   2.9489122e-03
   9.8900000e+02   1.2316480e+01   3.2846180e+00  -5.3873440e-02   3.3928544e-02   2.9511950e-03
   9.9000000e+02   1.2308110e+01   3.2835350e+00  -5.3843856e-02   3.3932478e-02   2.9534691e-03
   9.9100000e+02   1.2299750e+01   3.2824520e+00  -5.3814229e-02   3.3936336e-02   2.9557366e-03
   9.9200000e+02   1.2291410e+01   3.2813710e+00  -5.3784521e-02   3.3940085e-02   2.9579955e-03
   9.9300000e+02   1.2283080e+01   3.2802900e+00  -5.3754790e-02   3.3943768e-02   2.9602491e-03
   9.9400000e+02   1.2274770e+01   3.2792100e+00  -5.3724990e-02   3.3947355e-02   2.9624940e-03
   9.9500000e+02   1.2266480e+01   3.2781300e+00  -5.3695159e-02   3.3950861e-02   2.9647329e-03
   9.9600000e+02   1.2258200e+01   3.2770520e+00  -5.3665257e-02   3.3954272e-02   2.9669641e-03
   9.9700000e+02   1.2249940e+01   3.2759750e+00  -5.3635302e-02   3.3957586e-02   2.9691870e-03
   9.9800000e+02   1.2241700e+01   3.2748980e+00  -5.3605299e-02   3.3960815e-02   2.9714025e-03
   9.9900000e+02   1.2233470e+01   3.2738220e+00  -5.3575254e-02   3.3963972e-02   2.9736120e-03
   1.0000000e+03   1.2225250e+01   3.2727470e+00  -5.3545148e-02   3.3967035e-02   2.9758125e-03
   1.0010000e+03   1.2217060e+01   3.2716730e+00  -5.3514980e-02   3.3969997e-02   2.9780061e-03
   1.0020000e+03   1.2208870e+01   3.2706000e+00  -5.3484777e-02   3.3972888e-02   2.9801915e-03
   1.0030000e+03   1.2200710e+01   3.2695280e+00  -5.3454496e-02   3.3975666e-02   2.9823683e-03
   1.0040000e+03   1.2192560e+01   3.2684570e+00  -5.3424188e-02   3.3978369e-02   2.9845384e-03
   1.0050000e+03   1.2184420e+01   3.2673860e+00  -5.3393827e-02   3.3980998e-02   2.9867009e-03
   1.0060000e+03   1.2176300e+01   3.2663160e+00  -5.3363422e-02   3.3983539e-02   2.9888554e-03
   1.0070000e+03   1.2168200e+01   3.2652470e+00  -5.3332957e-02   3.3985980e-02   2.9910024e-03
   1.0080000e+03   1.2160110e+01   3.2641790e+00  -5.3302442e-02   3.3988334e-02   2.9931408e-03
   1.0090000e+03   1.2152040e+01   3.2631120e+00  -5.3271869e-02   3.3990598e-02   2.9952714e-03
   1.0100000e+03   1.2143980e+01   3.2620460e+00  -5.3241255e-02   3.3992779e-02   2.9973937e-03
   1.0110000e+03   1.2135940e+01   3.2609810e+00  -5.3210584e-02   3.3994865e-02   2.9995071e-03
   1.0120000e+03   1.2127910e+01   3.2599160e+00  -5.3179891e-02   3.3996890e-02   3.0016151e-03
   1.0130000e+03   1.2119900e+01   3.2588530e+00  -5.3149121e-02   3.3998800e-02   3.0037124e-03
   1.0140000e+03   1.2111900e+01   3.2577900e+00  -5.3118307e-02   3.4000635e-02   3.0058022e-03
   1.0150000e+03   1.2103920e+01   3.2567280e+00  -5.3087456e-02   3.4002392e-02   3.0078855e-03
   1.0160000e+03   1.2095950e+01   3.2556670e+00  -5.3056547e-02   3.4004056e-02   3.0099585e-03
   1.0170000e+03   1.2088000e+01   3.2546070e+00  -5.3025597e-02   3.4005630e-02   3.0120244e-03
   1.0180000e+03   1.2080070e+01   3.2535470e+00  -5.2994606e-02   3.4007120e-02   3.0140813e-03
   1.0190000e+03   1.2072140e+01   3.2524890e+00  -5.2963546e-02   3.4008527e-02   3.0161298e-03
   1.0200000e+03   1.2064240e+01   3.2514310e+00  -5.2932469e-02   3.4009846e-02   3.0181706e-03
   1.0210000e+03   1.2056350e+01   3.2503750e+00  -5.2901313e-02   3.4011065e-02   3.0202024e-03
   1.0220000e+03   1.2048470e+01   3.2493190e+00  -5.2870129e-02   3.4012219e-02   3.0222256e-03
   1.0230000e+03   1.2040610e+01   3.2482640e+00  -5.2838891e-02   3.4013275e-02   3.0242406e-03
   1.0240000e+03   1.2032760e+01   3.2472100e+00  -5.2807617e-02   3.4014256e-02   3.0262470e-03
   1.0250000e+03   1.2024920e+01   3.2461570e+00  -5.2776288e-02   3.4015153e-02   3.0282450e-03
   1.0260000e+03   1.2017110e+01   3.2451040e+00  -5.2744924e-02   3.4015957e-02   3.0302349e-03
   1.0270000e+03   1.2009300e+01   3.2440530e+00  -5.2713494e-02   3.4016673e-02   3.0322148e-03
   1.0280000e+03   1.2001510e+01   3.2430020e+00  -5.2682039e-02   3.4017318e-02   3.0341871e-03
   1.0290000e+03   1.1993740e+01   3.2419520e+00  -5.2650523e-02   3.4017858e-02   3.0361502e-03
   1.0300000e+03   1.1985980e+01   3.2409030e+00  -5.2618971e-02   3.4018321e-02   3.0381045e-03
   1.0310000e+03   1.1978230e+01   3.2398550e+00  -5.2587378e-02   3.4018711e-02   3.0400508e-03
   1.0320000e+03   1.1970500e+01   3.2388080e+00  -5.2555730e-02   3.4018999e-02   3.0419874e-03
   1.0330000e+03   1.1962780e+01   3.2377620e+00  -5.2524046e-02   3.4019209e-02   3.0439154e-03
   1.0340000e+03   1.1955080e+01   3.2367160e+00  -5.2492325e-02   3.4019340e-02   3.0458355e-03
   1.0350000e+03   1.1947390e+01   3.2356720e+00  -5.2460548e-02   3.4019383e-02   3.0477456e-03
   1.0360000e+03   1.1939710e+01   3.2346280e+00  -5.2428730e-02   3.4019348e-02   3.0496469e-03
   1.0370000e+03   1.1932050e+01   3.2335850e+00  -5.2396879e-02   3.4019223e-02   3.0515396e-03
   1.0380000e+03   1.1924400e+01   3.2325430e+00  -5.2364976e-02   3.4019016e-02   3.0534229e-03
   1.0390000e+03   1.1916770e+01   3.2315020e+00  -5.2333030e-02   3.4018722e-02   3.0552978e-03
   1.0400000e+03   1.1909150e+01   3.2304620e+00  -5.2301043e-02   3.4018342e-02   3.0571630e-03
   1.0410000e+03   1.1901550e+01   3.2294220e+00  -5.2269011e-02   3.4017878e-02   3.0590192e-03
   1.0420000e+03   1.1893950e+01   3.2283840e+00  -5.2236930e-02   3.4017340e-02   3.0608666e-03
   1.0430000e+03   1.1886380e+01   3.2273460e+00  -5.2204820e-02   3.4016706e-02   3.0627049e-03
   1.0440000e+03   1.1878810e+01   3.2263090e+00  -5.2172678e-02   3.4016013e-02   3.0645350e-03
   1.0450000e+03   1.1871260e+01   3.2252730e+00  -5.2140472e-02   3.4015216e-02   3.0663541e-03
   1.0460000e+03   1.1863730e+01   3.2242380e+00  -5.2108236e-02   3.4014330e-02   3.0681650e-03
   1.0470000e+03   1.1856200e+01   3.2232040e+00  -5.2075950e-02   3.4013381e-02   3.0699666e-03
   1.0480000e+03   1.1848690e+01   3.2221710e+00  -5.2043617e-02   3.4012329e-02   3.0717576e-03
   1.0490000e+03   1.1841200e+01   3.2211380e+00  -5.2011271e-02   3.4011213e-02   3.0735414e-03
   1.0500000e+03   1.1833720e+01   3.2201060e+00  -5.1978873e-02   3.4010001e-02   3.0753149e-03
   1.0510000e+03   1.1826250e+01   3.2190760e+00  -5.1946417e-02   3.4008703e-02   3.0770790e-03
   1.0520000e+03   1.1818790e+01   3.2180460e+00  -5.1913939e-02   3.4007337e-02   3.0788337e-03
   1.0530000e+03   1.1811350e+01   3.2170170e+00  -5.1881420e-02   3.4005887e-02   3.0805795e-03
   1.0540000e+03   1.1803920e+01   3.2159880e+00  -5.1848868e-02   3.4004360e-02   3.0823161e-03
   1.0550000e+03   1.1796510e+01   3.2149610e+00  -5.1816268e-02   3.4002732e-02   3.0840428e-03
   1.0560000e+03   1.1789110e+01   3.2139350e+00  -5.1783616e-02   3.4001024e-02   3.0857598e-03
   1.0570000e+03   1.1781720e+01   3.2129090e+00  -5.1750944e-02   3.3999249e-02   3.0874680e-03
   1.0580000e+03   1.1774340e+01   3.2118840e+00  -5.1718227e-02   3.3997390e-02   3.0891660e-03
   1.0590000e+03   1.1766980e+01   3.2108600e+00  -5.1685475e-02   3.3995449e-02   3.0908550e-03
   1.0600000e+03   1.1759630e+01   3.2098370e+00  -5.1652675e-02   3.3993415e-02   3.0925343e-03
   1.0610000e+03   1.1752300e+01   3.2088150e+00  -5.1619832e-02   3.3991297e-02   3.0942035e-03
   1.0620000e+03   1.1744980e+01   3.2077940e+00  -5.1586967e-02   3.3989108e-02   3.0958643e-03
   1.0630000e+03   1.1737670e+01   3.2067730e+00  -5.1554069e-02   3.3986841e-02   3.0975148e-03
   1.0640000e+03   1.1730370e+01   3.2057530e+00  -5.1521114e-02   3.3984498e-02   3.0991555e-03
   1.0650000e+03   1.1723090e+01   3.2047350e+00  -5.1488122e-02   3.3982050e-02   3.1007865e-03
   1.0660000e+03   1.1715820e+01   3.2037170e+00  -5.1455104e-02   3.3979535e-02   3.1024076e-03
   1.0670000e+03   1.1708560e+01   3.2027000e+00  -5.1422045e-02   3.3976946e-02   3.1040194e-03
   1.0680000e+03   1.1701310e+01   3.2016830e+00  -5.1388961e-02   3.3974287e-02   3.1056224e-03
   1.0690000e+03   1.1694080e+01   3.2006680e+00  -5.1355828e-02   3.3971524e-02   3.1072150e-03
   1.0700000e+03   1.1686860e+01   3.1996530e+00  -5.1322658e-02   3.3968695e-02   3.1087975e-03
   1.0710000e+03   1.1679650e+01   3.1986400e+00  -5.1289442e-02   3.3965774e-02   3.1103696e-03
   1.0720000e+03   1.1672460e+01   3.1976270e+00  -5.1256204e-02   3.3962772e-02   3.1119329e-03
   1.0730000e+03   1.1665280e+01   3.1966150e+00  -5.1222924e-02   3.3959695e-02   3.1134867e-03
   1.0740000e+03   1.1658110e+01   3.1956040e+00  -5.1189618e-02   3.3956544e-02   3.1150304e-03
   1.0750000e+03   1.1650950e+01   3.1945930e+00  -5.1156271e-02   3.3953322e-02   3.1165639e-03
   1.0760000e+03   1.1643810e+01   3.1935840e+00  -5.1122879e-02   3.3949995e-02   3.1180874e-03
   1.0770000e+03   1.1636680e+01   3.1925750e+00  -5.1089475e-02   3.3946606e-02   3.1196024e-03
   1.0780000e+03   1.1629560e+01   3.1915670e+00  -5.1056021e-02   3.3943136e-02   3.1211063e-03
   1.0790000e+03   1.1622450e+01   3.1905600e+00  -5.1022527e-02   3.3939588e-02   3.1226005e-03
   1.0800000e+03   1.1615360e+01   3.1895540e+00  -5.0989013e-02   3.3935957e-02   3.1240854e-03
   1.0810000e+03   1.1608280e+01   3.1885490e+00  -5.0955456e-02   3.3932238e-02   3.1255597e-03
   1.0820000e+03   1.1601210e+01   3.1875450e+00  -5.0921848e-02   3.3928433e-02   3.1270234e-03
   1.0830000e+03   1.1594150e+01   3.1865410e+00  -5.0888231e-02   3.3924580e-02   3.1284780e-03
   1.0840000e+03   1.1587110e+01   3.1855380e+00  -5.0854567e-02   3.3920628e-02   3.1299227e-03
   1.0850000e+03   1.1580080e+01   3.1845360e+00  -5.0820883e-02   3.3916605e-02   3.1313577e-03
   1.0860000e+03   1.1573060e+01   3.1835350e+00  -5.0787149e-02   3.3912498e-02   3.1327816e-03
   1.0870000e+03   1.1566050e+01   3.1825350e+00  -5.0753390e-02   3.3908313e-02   3.1341961e-03
   1.0880000e+03   1.1559050e+01   3.1815360e+00  -5.0719593e-02   3.3904051e-02   3.1356001e-03
   1.0890000e+03   1.1552070e+01   3.1805370e+00  -5.0685774e-02   3.3899714e-02   3.1369950e-03
   1.0900000e+03   1.1545100e+01   3.1795400e+00  -5.0651899e-02   3.3895283e-02   3.1383788e-03
   1.0910000e+03   1.1538140e+01   3.1785430e+00  -5.0617999e-02   3.3890786e-02   3.1397525e-03
   1.0920000e+03   1.1531190e+01   3.1775470e+00  -5.0584083e-02   3.3886218e-02   3.1411172e-03
   1.0930000e+03   1.1524250e+01   3.1765510e+00  -5.0550132e-02   3.3881579e-02   3.1424713e-03
   1.0940000e+03   1.1517330e+01   3.1755570e+00  -5.0516137e-02   3.3876838e-02   3.1438154e-03
   1.0950000e+03   1.1510420e+01   3.1745630e+00  -5.0482120e-02   3.3872035e-02   3.1451497e-03
   1.0960000e+03   1.1503520e+01   3.1735710e+00  -5.0448051e-02   3.3867141e-02   3.1464720e-03
   1.0970000e+03   1.1496630e+01   3.1725790e+00  -5.0413974e-02   3.3862189e-02   3.1477861e-03
   1.0980000e+03   1.1489750e+01   3.1715880e+00  -5.0379849e-02   3.3857151e-02   3.1490892e-03
   1.0990000e+03   1.1482890e+01   3.1705970e+00  -5.0345720e-02   3.3852042e-02   3.1503834e-03
   1.1000000e+03   1.1476040e+01   3.1696080e+00  -5.0311531e-02   3.3846840e-02   3.1516661e-03
   1.1010000e+03   1.1469190e+01   3.1686190e+00  -5.0277330e-02   3.3841592e-02   3.1529397e-03
   1.1020000e+03   1.1462360e+01   3.1676320e+00  -5.0243070e-02   3.3836234e-02   3.1542009e-03
   1.1030000e+03   1.1455550e+01   3.1666450e+00  -5.0208797e-02   3.3830795e-02   3.1554528e-03
   1.1040000e+03   1.1448740e+01   3.1656580e+00  -5.0174504e-02   3.3825311e-02   3.1566961e-03
   1.1050000e+03   1.1441950e+01   3.1646730e+00  -5.0140171e-02   3.3819730e-02   3.1579280e-03
   1.1060000e+03   1.1435160e+01   3.1636890e+00  -5.0105802e-02   3.3814080e-02   3.1591493e-03
   1.1070000e+03   1.1428390e+01   3.1627050e+00  -5.0071410e-02   3.3808359e-02   3.1603612e-03
   1.1080000e+03   1.1421630e+01   3.1617220e+00  -5.0036991e-02   3.3802556e-02   3.1615624e-03
   1.1090000e+03   1.1414880e+01   3.1607400e+00  -5.0002530e-02   3.3796674e-02   3.1627533e-03
   1.1100000e+03   1.1408140e+01   3.1597590e+00  -4.9968038e-02   3.3790718e-02   3.1639332e-03
   1.1110000e+03   1.1401420e+01   3.1587780e+00  -4.9933538e-02   3.3784691e-02   3.1651038e-03
   1.1120000e+03   1.1394700e+01   3.1577990e+00  -4.9898983e-02   3.3778576e-02   3.1662634e-03
   1.1130000e+03   1.1388000e+01   3.1568200e+00  -4.9864413e-02   3.3772396e-02   3.1674132e-03
   1.1140000e+03   1.1381310e+01   3.1558420e+00  -4.9829811e-02   3.3766135e-02   3.1685525e-03
   1.1150000e+03   1.1374630e+01   3.1548650e+00  -4.9795179e-02   3.3759797e-02   3.1696815e-03
   1.1160000e+03   1.1367960e+01   3.1538880e+00  -4.9760525e-02   3.3753400e-02   3.1708005e-03
   1.1170000e+03   1.1361300e+01   3.1529130e+00  -4.9725837e-02   3.3746916e-02   3.1719090e-03
   1.1180000e+03   1.1354650e+01   3.1519380e+00  -4.9691119e-02   3.3740358e-02   3.1730068e-03
   1.1190000e+03   1.1348020e+01   3.1509640e+00  -4.9656377e-02   3.3733724e-02   3.1740944e-03
   1.1200000e+03   1.1341390e+01   3.1499910e+00  -4.9621607e-02   3.3727022e-02   3.1751719e-03
   1.1210000e+03   1.1334780e+01   3.1490190e+00  -4.9586798e-02   3.3720232e-02   3.1762383e-03
   1.1220000e+03   1.1328170e+01   3.1480470e+00  -4.9551979e-02   3.3713392e-02   3.1772953e-03
   1.1230000e+03   1.1321580e+01   3.1470760e+00  -4.9517119e-02   3.3706461e-02   3.1783416e-03
   1.1240000e+03   1.1315000e+01   3.1461060e+00  -4.9482248e-02   3.3699463e-02   3.1793783e-03
   1.1250000e+03   1.1308430e+01   3.1451370e+00  -4.9447323e-02   3.3692378e-02   3.1804028e-03
   1.1260000e+03   1.1301870e+01   3.1441690e+00  -4.9412382e-02   3.3685222e-02   3.1814172e-03
   1.1270000e+03   1.1295320e+01   3.1432010e+00  -4.9377426e-02   3.3678008e-02   3.1824230e-03
   1.1280000e+03   1.1288790e+01   3.1422350e+00  -4.9342412e-02   3.3670686e-02   3.1834164e-03
   1.1290000e+03   1.1282260e+01   3.1412690e+00  -4.9307395e-02   3.3663317e-02   3.1844004e-03
   1.1300000e+03   1.1275750e+01   3.1403030e+00  -4.9272359e-02   3.3655876e-02   3.1853745e-03
   1.1310000e+03   1.1269240e+01   3.1393390e+00  -4.9237284e-02   3.3648361e-02   3.1863371e-03
   1.1320000e+03   1.1262750e+01   3.1383760e+00  -4.9202165e-02   3.3640749e-02   3.1872886e-03
   1.1330000e+03   1.1256260e+01   3.1374130e+00  -4.9167047e-02   3.3633097e-02   3.1882314e-03
   1.1340000e+03   1.1249790e+01   3.1364510e+00  -4.9131895e-02   3.3625356e-02   3.1891632e-03
   1.1350000e+03   1.1243330e+01   3.1354900e+00  -4.9096715e-02   3.3617541e-02   3.1900846e-03
   1.1360000e+03   1.1236880e+01   3.1345290e+00  -4.9061515e-02   3.3609659e-02   3.1909957e-03
   1.1370000e+03   1.1230440e+01   3.1335690e+00  -4.9026298e-02   3.3601712e-02   3.1918970e-03
   1.1380000e+03   1.1224010e+01   3.1326110e+00  -4.8991023e-02   3.3593666e-02   3.1927861e-03
   1.1390000e+03   1.1217590e+01   3.1316520e+00  -4.8955763e-02   3.3585585e-02   3.1936668e-03
   1.1400000e+03   1.1211180e+01   3.1306950e+00  -4.8920438e-02   3.3577398e-02   3.1945346e-03
   1.1410000e+03   1.1204780e+01   3.1297390e+00  -4.8885098e-02   3.3569147e-02   3.1953932e-03
   1.1420000e+03   1.1198400e+01   3.1287830e+00  -4.8849741e-02   3.3560822e-02   3.1962415e-03
   1.1430000e+03   1.1192020e+01   3.1278280e+00  -4.8814358e-02   3.3552434e-02   3.1970790e-03
   1.1440000e+03   1.1185650e+01   3.1268740e+00  -4.8778959e-02   3.3543979e-02   3.1979073e-03
   1.1450000e+03   1.1179300e+01   3.1259200e+00  -4.8743527e-02   3.3535442e-02   3.1987237e-03
   1.1460000e+03   1.1172950e+01   3.1249680e+00  -4.8708065e-02   3.3526836e-02   3.1995303e-03
   1.1470000e+03   1.1166620e+01   3.1240160e+00  -4.8672574e-02   3.3518145e-02   3.2003257e-03
   1.1480000e+03   1.1160290e+01   3.1230650e+00  -4.8637068e-02   3.3509403e-02   3.2011111e-03
   1.1490000e+03   1.1153980e+01   3.1221140e+00  -4.8601544e-02   3.3500586e-02   3.2018862e-03
   1.1500000e+03   1.1147670e+01   3.1211650e+00  -4.8565981e-02   3.3491693e-02   3.2026507e-03
   1.1510000e+03   1.1141380e+01   3.1202160e+00  -4.8530414e-02   3.3482735e-02   3.2034053e-03
   1.1520000e+03   1.1135090e+01   3.1192680e+00  -4.8494806e-02   3.3473706e-02   3.2041482e-03
   1.1530000e+03   1.1128820e+01   3.1183210e+00  -4.8459176e-02   3.3464596e-02   3.2048814e-03
   1.1540000e+03   1.1122560e+01   3.1173740e+00  -4.8423522e-02   3.3455416e-02   3.2056037e-03
   1.1550000e+03   1.1116300e+01   3.1164280e+00  -4.8387857e-02   3.3446188e-02   3.2063166e-03
   1.1560000e+03   1.1110060e+01   3.1154840e+00  -4.8352142e-02   3.3436853e-02   3.2070172e-03
   1.1570000e+03   1.1103830e+01   3.1145390e+00  -4.8316431e-02   3.3427474e-02   3.2077092e-03
   1.1580000e+03   1.1097600e+01   3.1135960e+00  -4.8280673e-02   3.3418016e-02   3.2083892e-03
   1.1590000e+03   1.1091390e+01   3.1126530e+00  -4.8244918e-02   3.3408497e-02   3.2090598e-03
   1.1600000e+03   1.1085190e+01   3.1117110e+00  -4.8209119e-02   3.3398892e-02   3.2097198e-03
   1.1610000e+03   1.1078990e+01   3.1107700e+00  -4.8173309e-02   3.3389237e-02   3.2103691e-03
   1.1620000e+03   1.1072810e+01   3.1098300e+00  -4.8137463e-02   3.3379488e-02   3.2110077e-03
   1.1630000e+03   1.1066640e+01   3.1088900e+00  -4.8101608e-02   3.3369686e-02   3.2116361e-03
   1.1640000e+03   1.1060480e+01   3.1079510e+00  -4.8065726e-02   3.3359807e-02   3.2122540e-03
   1.1650000e+03   1.1054320e+01   3.1070130e+00  -4.8029814e-02   3.3349867e-02   3.2128610e-03
   1.1660000e+03   1.1048180e+01   3.1060750e+00  -4.7993904e-02   3.3339863e-02   3.2134593e-03
   1.1670000e+03   1.1042050e+01   3.1051390e+00  -4.7957932e-02   3.3329759e-02   3.2140444e-03
   1.1680000e+03   1.1035920e+01   3.1042030e+00  -4.7921967e-02   3.3319620e-02   3.2146206e-03
   1.1690000e+03   1.1029810e+01   3.1032670e+00  -4.7885988e-02   3.3309409e-02   3.2151869e-03
   1.1700000e+03   1.1023710e+01   3.1023330e+00  -4.7849966e-02   3.3299110e-02   3.2157421e-03
   1.1710000e+03   1.1017610e+01   3.1013990e+00  -4.7813933e-02   3.3288764e-02   3.2162867e-03
   1.1720000e+03   1.1011530e+01   3.1004660e+00  -4.7777868e-02   3.3278328e-02   3.2168212e-03
   1.1730000e+03   1.1005450e+01   3.0995340e+00  -4.7741778e-02   3.3267832e-02   3.2173441e-03
   1.1740000e+03   1.0999390e+01   3.0986030e+00  -4.7705672e-02   3.3257259e-02   3.2178573e-03
   1.1750000e+03   1.0993330e+01   3.0976720e+00  -4.7669557e-02   3.3246641e-02   3.2183607e-03
   1.1760000e+03   1.0987290e+01   3.0967420e+00  -4.7633395e-02   3.3235924e-02   3.2188520e-03
   1.1770000e+03   1.0981250e+01   3.0958130e+00  -4.7597229e-02   3.3225161e-02   3.2193339e-03
   1.1780000e+03   1.0975230e+01   3.0948840e+00  -4.7561038e-02   3.3214319e-02   3.2198053e-03
   1.1790000e+03   1.0969210e+01   3.0939560e+00  -4.7524846e-02   3.3203431e-02   3.2202676e-03
   1.1800000e+03   1.0963200e+01   3.0930290e+00  -4.7488610e-02   3.3192460e-02   3.2207179e-03
   1.1810000e+03   1.0957210e+01   3.0921030e+00  -4.7452358e-02   3.3181411e-02   3.2211582e-03
   1.1820000e+03   1.0951220e+01   3.0911770e+00  -4.7416079e-02   3.3170305e-02   3.2215875e-03
   1.1830000e+03   1.0945240e+01   3.0902520e+00  -4.7379791e-02   3.3159134e-02   3.2220074e-03
   1.1840000e+03   1.0939270e+01   3.0893280e+00  -4.7343478e-02   3.3147896e-02   3.2224160e-03
   1.1850000e+03   1.0933310e+01   3.0884040e+00  -4.7307150e-02   3.3136597e-02   3.2228147e-03
   1.1860000e+03   1.0927360e+01   3.0874820e+00  -4.7270792e-02   3.3125217e-02   3.2232026e-03
   1.1870000e+03   1.0921420e+01   3.0865600e+00  -4.7234416e-02   3.3113775e-02   3.2235807e-03
   1.1880000e+03   1.0915490e+01   3.0856380e+00  -4.7198035e-02   3.3102276e-02   3.2239488e-03
   1.1890000e+03   1.0909570e+01   3.0847180e+00  -4.7161611e-02   3.3090692e-02   3.2243047e-03
   1.1900000e+03   1.0903660e+01   3.0837980e+00  -4.7125181e-02   3.3079052e-02   3.2246517e-03
   1.1910000e+03   1.0897750e+01   3.0828790e+00  -4.7088726e-02   3.3067352e-02   3.2249879e-03
   1.1920000e+03   1.0891860e+01   3.0819600e+00  -4.7052257e-02   3.3055581e-02   3.2253138e-03
   1.1930000e+03   1.0885980e+01   3.0810420e+00  -4.7015761e-02   3.3043735e-02   3.2256295e-03
   1.1940000e+03   1.0880100e+01   3.0801250e+00  -4.6979256e-02   3.3031842e-02   3.2259345e-03
   1.1950000e+03   1.0874230e+01   3.0792090e+00  -4.6942709e-02   3.3019864e-02   3.2262284e-03
   1.1960000e+03   1.0868380e+01   3.0782930e+00  -4.6906166e-02   3.3007829e-02   3.2265132e-03
   1.1970000e+03   1.0862530e+01   3.0773790e+00  -4.6869582e-02   3.2995718e-02   3.2267864e-03
   1.1980000e+03   1.0856690e+01   3.0764640e+00  -4.6833002e-02   3.2983562e-02   3.2270505e-03
   1.1990000e+03   1.0850860e+01   3.0755510e+00  -4.6796393e-02   3.2971329e-02   3.2273035e-03
   1.2000000e+03   1.0845040e+01   3.0746380e+00  -4.6759766e-02   3.2959034e-02   3.2275472e-03
   1.2010000e+03   1.0839230e+01   3.0737260e+00  -4.6723123e-02   3.2946673e-02   3.2277795e-03
   1.2020000e+03   1.0833430e+01   3.0728150e+00  -4.6686437e-02   3.2934227e-02   3.2280009e-03
   1.2030000e+03   1.0827640e+01   3.0719040e+00  -4.6649760e-02   3.2921738e-02   3.2282135e-03
   1.2040000e+03   1.0821860e+01   3.0709940e+00  -4.6613050e-02   3.2909174e-02   3.2284139e-03
   1.2050000e+03   1.0816080e+01   3.0700840e+00  -4.6576354e-02   3.2896578e-02   3.2286072e-03
   1.2060000e+03   1.0810320e+01   3.0691760e+00  -4.6539596e-02   3.2883871e-02   3.2287876e-03
   1.2070000e+03   1.0804560e+01   3.0682680e+00  -4.6502847e-02   3.2871133e-02   3.2289584e-03
   1.2080000e+03   1.0798810e+01   3.0673610e+00  -4.6466053e-02   3.2858307e-02   3.2291177e-03
   1.2090000e+03   1.0793070e+01   3.0664540e+00  -4.6429269e-02   3.2845441e-02   3.2292686e-03
   1.2100000e+03   1.0787340e+01   3.0655480e+00  -4.6392457e-02   3.2832499e-02   3.2294085e-03
   1.2110000e+03   1.0781620e+01   3.0646430e+00  -4.6355635e-02   3.2819499e-02   3.2295388e-03
   1.2120000e+03   1.0775910e+01   3.0637390e+00  -4.6318772e-02   3.2806414e-02   3.2296575e-03
   1.2130000e+03   1.0770210e+01   3.0628350e+00  -4.6281914e-02   3.2793285e-02   3.2297672e-03
   1.2140000e+03   1.0764510e+01   3.0619320e+00  -4.6245018e-02   3.2780085e-02   3.2298648e-03
   1.2150000e+03   1.0758830e+01   3.0610290e+00  -4.6208123e-02   3.2766826e-02   3.2299541e-03
   1.2160000e+03   1.0753150e+01   3.0601270e+00  -4.6171207e-02   3.2753511e-02   3.2300329e-03
   1.2170000e+03   1.0747490e+01   3.0592260e+00  -4.6134260e-02   3.2740108e-02   3.2301004e-03
   1.2180000e+03   1.0741830e+01   3.0583260e+00  -4.6097311e-02   3.2726663e-02   3.2301588e-03
   1.2190000e+03   1.0736180e+01   3.0574260e+00  -4.6060332e-02   3.2713146e-02   3.2302059e-03
   1.2200000e+03   1.0730540e+01   3.0565270e+00  -4.6023345e-02   3.2699571e-02   3.2302441e-03
   1.2210000e+03   1.0724900e+01   3.0556290e+00  -4.5986338e-02   3.2685940e-02   3.2302709e-03
   1.2220000e+03   1.0719280e+01   3.0547310e+00  -4.5949317e-02   3.2672240e-02   3.2302882e-03
   1.2230000e+03   1.0713670e+01   3.0538340e+00  -4.5912280e-02   3.2658471e-02   3.2302964e-03
   1.2240000e+03   1.0708060e+01   3.0529380e+00  -4.5875212e-02   3.2644644e-02   3.2302916e-03
   1.2250000e+03   1.0702460e+01   3.0520420e+00  -4.5838149e-02   3.2630767e-02   3.2302794e-03
   1.2260000e+03   1.0696870e+01   3.0511470e+00  -4.5801046e-02   3.2616811e-02   3.2302548e-03
   1.2270000e+03   1.0691290e+01   3.0502520e+00  -4.5763947e-02   3.2602808e-02   3.2302219e-03
   1.2280000e+03   1.0685720e+01   3.0493590e+00  -4.5726819e-02   3.2588729e-02   3.2301775e-03
   1.2290000e+03   1.0680160e+01   3.0484660e+00  -4.5689672e-02   3.2574587e-02   3.2301238e-03
   1.2300000e+03   1.0674600e+01   3.0475730e+00  -4.5652518e-02   3.2560401e-02   3.2300599e-03
   1.2310000e+03   1.0669060e+01   3.0466820e+00  -4.5615334e-02   3.2546127e-02   3.2299855e-03
   1.2320000e+03   1.0663520e+01   3.0457900e+00  -4.5578163e-02   3.2531829e-02   3.2299023e-03
   1.2330000e+03   1.0657990e+01   3.0449000e+00  -4.5540943e-02   3.2517439e-02   3.2298070e-03
   1.2340000e+03   1.0652470e+01   3.0440100e+00  -4.5503723e-02   3.2503000e-02   3.2297031e-03
   1.2350000e+03   1.0646960e+01   3.0431210e+00  -4.5466489e-02   3.2488500e-02   3.2295895e-03
   1.2360000e+03   1.0641450e+01   3.0422330e+00  -4.5429220e-02   3.2473932e-02   3.2294634e-03
   1.2370000e+03   1.0635960e+01   3.0413450e+00  -4.5391951e-02   3.2459307e-02   3.2293289e-03
   1.2380000e+03   1.0630470e+01   3.0404580e+00  -4.5354659e-02   3.2444622e-02   3.2291842e-03
   1.2390000e+03   1.0624990e+01   3.0395710e+00  -4.5317376e-02   3.2429897e-02   3.2290307e-03
   1.2400000e+03   1.0619520e+01   3.0386850e+00  -4.5280060e-02   3.2415094e-02   3.2288666e-03
   1.2410000e+03   1.0614060e+01   3.0378000e+00  -4.5242720e-02   3.2400223e-02   3.2286913e-03
   1.2420000e+03   1.0608610e+01   3.0369150e+00  -4.5205366e-02   3.2385294e-02   3.2285064e-03
   1.2430000e+03   1.0603160e+01   3.0360310e+00  -4.5168005e-02   3.2370319e-02   3.2283119e-03
   1.2440000e+03   1.0597730e+01   3.0351480e+00  -4.5130625e-02   3.2355267e-02   3.2281074e-03
   1.2450000e+03   1.0592300e+01   3.0342650e+00  -4.5093232e-02   3.2340169e-02   3.2278931e-03
   1.2460000e+03   1.0586880e+01   3.0333830e+00  -4.5055830e-02   3.2325013e-02   3.2276691e-03
   1.2470000e+03   1.0581470e+01   3.0325020e+00  -4.5018382e-02   3.2309771e-02   3.2274330e-03
   1.2480000e+03   1.0576060e+01   3.0316210e+00  -4.4980945e-02   3.2294501e-02   3.2271884e-03
   1.2490000e+03   1.0570670e+01   3.0307410e+00  -4.4943496e-02   3.2279159e-02   3.2269352e-03
   1.2500000e+03   1.0565280e+01   3.0298620e+00  -4.4906015e-02   3.2263754e-02   3.2266706e-03
   1.2510000e+03   1.0559900e+01   3.0289830e+00  -4.4868537e-02   3.2248304e-02   3.2263964e-03
   1.2520000e+03   1.0554530e+01   3.0281040e+00  -4.4831036e-02   3.2232788e-02   3.2261128e-03
   1.2530000e+03   1.0549170e+01   3.0272270e+00  -4.4793507e-02   3.2217198e-02   3.2258178e-03
   1.2540000e+03   1.0543810e+01   3.0263500e+00  -4.4755991e-02   3.2201581e-02   3.2255147e-03
   1.2550000e+03   1.0538470e+01   3.0254730e+00  -4.4718446e-02   3.2185884e-02   3.2252016e-03
   1.2560000e+03   1.0533130e+01   3.0245980e+00  -4.4680880e-02   3.2170127e-02   3.2248776e-03
   1.2570000e+03   1.0527800e+01   3.0237230e+00  -4.4643305e-02   3.2154318e-02   3.2245444e-03
   1.2580000e+03   1.0522480e+01   3.0228480e+00  -4.4605724e-02   3.2138457e-02   3.2242013e-03
   1.2590000e+03   1.0517160e+01   3.0219740e+00  -4.4568123e-02   3.2122541e-02   3.2238484e-03
   1.2600000e+03   1.0511860e+01   3.0211010e+00  -4.4530506e-02   3.2106551e-02   3.2234860e-03
   1.2610000e+03   1.0506560e+01   3.0202280e+00  -4.4492870e-02   3.2090512e-02   3.2231133e-03
   1.2620000e+03   1.0501270e+01   3.0193560e+00  -4.4455222e-02   3.2074413e-02   3.2227301e-03
   1.2630000e+03   1.0495990e+01   3.0184850e+00  -4.4417556e-02   3.2058251e-02   3.2223377e-03
   1.2640000e+03   1.0490710e+01   3.0176140e+00  -4.4379895e-02   3.2042055e-02   3.2219369e-03
   1.2650000e+03   1.0485450e+01   3.0167440e+00  -4.4342192e-02   3.2025768e-02   3.2215238e-03
   1.2660000e+03   1.0480190e+01   3.0158740e+00  -4.4304504e-02   3.2009455e-02   3.2211037e-03
   1.2670000e+03   1.0474940e+01   3.0150050e+00  -4.4266788e-02   3.1993072e-02   3.2206726e-03
   1.2680000e+03   1.0469700e+01   3.0141370e+00  -4.4229062e-02   3.1976631e-02   3.2202325e-03
   1.2690000e+03   1.0464460e+01   3.0132690e+00  -4.4191314e-02   3.1960139e-02   3.2197808e-03
   1.2700000e+03   1.0459230e+01   3.0124020e+00  -4.4153561e-02   3.1943592e-02   3.2193208e-03
   1.2710000e+03   1.0454020e+01   3.0115350e+00  -4.4115798e-02   3.1926982e-02   3.2188520e-03
   1.2720000e+03   1.0448810e+01   3.0106690e+00  -4.4078012e-02   3.1910315e-02   3.2183718e-03
   1.2730000e+03   1.0443600e+01   3.0098040e+00  -4.4040221e-02   3.1893605e-02   3.2178832e-03
   1.2740000e+03   1.0438410e+01   3.0089390e+00  -4.4002417e-02   3.1876829e-02   3.2173845e-03
   1.2750000e+03   1.0433220e+01   3.0080750e+00  -4.3964594e-02   3.1859998e-02   3.2168767e-03
   1.2760000e+03   1.0428040e+01   3.0072110e+00  -4.3926764e-02   3.1843117e-02   3.2163587e-03
   1.2770000e+03   1.0422870e+01   3.0063480e+00  -4.3888909e-02   3.1826168e-02   3.2158307e-03
   1.2780000e+03   1.0417700e+01   3.0054860e+00  -4.3851044e-02   3.1809173e-02   3.2152939e-03
   1.2790000e+03   1.0412550e+01   3.0046240e+00  -4.3813174e-02   3.1792117e-02   3.2147471e-03
   1.2800000e+03   1.0407400e+01   3.0037630e+00  -4.3775279e-02   3.1775005e-02   3.2141905e-03
   1.2810000e+03   1.0402260e+01   3.0029020e+00  -4.3737378e-02   3.1757841e-02   3.2136244e-03
   1.2820000e+03   1.0397130e+01   3.0020420e+00  -4.3699471e-02   3.1740623e-02   3.2130499e-03
   1.2830000e+03   1.0392000e+01   3.0011830e+00  -4.3661541e-02   3.1723352e-02   3.2124647e-03
   1.2840000e+03   1.0386880e+01   3.0003240e+00  -4.3623602e-02   3.1706028e-02   3.2118704e-03
   1.2850000e+03   1.0381770e+01   2.9994660e+00  -4.3585656e-02   3.1688647e-02   3.2112671e-03
   1.2860000e+03   1.0376670e+01   2.9986080e+00  -4.3547686e-02   3.1671205e-02   3.2106532e-03
   1.2870000e+03   1.0371580e+01   2.9977510e+00  -4.3509708e-02   3.1653707e-02   3.2100312e-03
   1.2880000e+03   1.0366490e+01   2.9968940e+00  -4.3471727e-02   3.1636174e-02   3.2093989e-03
   1.2890000e+03   1.0361410e+01   2.9960380e+00  -4.3433733e-02   3.1618581e-02   3.2087577e-03
   1.2900000e+03   1.0356340e+01   2.9951830e+00  -4.3395720e-02   3.1600926e-02   3.2081070e-03
   1.2910000e+03   1.0351270e+01   2.9943280e+00  -4.3357703e-02   3.1583233e-02   3.2074469e-03
   1.2920000e+03   1.0346210e+01   2.9934740e+00  -4.3319661e-02   3.1565473e-02   3.2067772e-03
   1.2930000e+03   1.0341170e+01   2.9926200e+00  -4.3281604e-02   3.1547648e-02   3.2060969e-03
   1.2940000e+03   1.0336120e+01   2.9917670e+00  -4.3243548e-02   3.1529793e-02   3.2054089e-03
   1.2950000e+03   1.0331090e+01   2.9909140e+00  -4.3205480e-02   3.1511876e-02   3.2047113e-03
   1.2960000e+03   1.0326060e+01   2.9900620e+00  -4.3167410e-02   3.1493917e-02   3.2040057e-03
   1.2970000e+03   1.0321040e+01   2.9892110e+00  -4.3129298e-02   3.1475882e-02   3.2032878e-03
   1.2980000e+03   1.0316030e+01   2.9883600e+00  -4.3091194e-02   3.1457806e-02   3.2025626e-03
   1.2990000e+03   1.0311030e+01   2.9875100e+00  -4.3053068e-02   3.1439667e-02   3.2018267e-03
   1.3000000e+03   1.0306030e+01   2.9866600e+00  -4.3014951e-02   3.1421500e-02   3.2010837e-03
   1.3010000e+03   1.0301040e+01   2.9858110e+00  -4.2976797e-02   3.1403258e-02   3.2003292e-03
   1.3020000e+03   1.0296060e+01   2.9849620e+00  -4.2938666e-02   3.1384988e-02   3.1995684e-03
   1.3030000e+03   1.0291080e+01   2.9841140e+00  -4.2900502e-02   3.1366656e-02   3.1987964e-03
   1.3040000e+03   1.0286110e+01   2.9832670e+00  -4.2862307e-02   3.1348254e-02   3.1980137e-03
   1.3050000e+03   1.0281150e+01   2.9824200e+00  -4.2824124e-02   3.1329816e-02   3.1972235e-03
   1.3060000e+03   1.0276200e+01   2.9815730e+00  -4.2785931e-02   3.1311326e-02   3.1964247e-03
   1.3070000e+03   1.0271250e+01   2.9807280e+00  -4.2747719e-02   3.1292783e-02   3.1956157e-03
   1.3080000e+03   1.0266320e+01   2.9798820e+00  -4.2709512e-02   3.1274192e-02   3.1947983e-03
   1.3090000e+03   1.0261390e+01   2.9790380e+00  -4.2671269e-02   3.1255533e-02   3.1939715e-03
   1.3100000e+03   1.0256460e+01   2.9781930e+00  -4.2633039e-02   3.1236854e-02   3.1931360e-03
   1.3110000e+03   1.0251540e+01   2.9773500e+00  -4.2594782e-02   3.1218106e-02   3.1922898e-03
   1.3120000e+03   1.0246640e+01   2.9765070e+00  -4.2556513e-02   3.1199293e-02   3.1914358e-03
   1.3130000e+03   1.0241730e+01   2.9756640e+00  -4.2518248e-02   3.1180460e-02   3.1905730e-03
   1.3140000e+03   1.0236840e+01   2.9748220e+00  -4.2479952e-02   3.1161548e-02   3.1897001e-03
   1.3150000e+03   1.0231950e+01   2.9739810e+00  -4.2441655e-02   3.1142599e-02   3.1888179e-03
   1.3160000e+03   1.0227070e+01   2.9731400e+00  -4.2403348e-02   3.1123599e-02   3.1879275e-03
   1.3170000e+03   1.0222200e+01   2.9722990e+00  -4.2365053e-02   3.1104562e-02   3.1870300e-03
   1.3180000e+03   1.0217330e+01   2.9714600e+00  -4.2326718e-02   3.1085457e-02   3.1861207e-03
   1.3190000e+03   1.0212470e+01   2.9706200e+00  -4.2288391e-02   3.1066319e-02   3.1852039e-03
   1.3200000e+03   1.0207620e+01   2.9697820e+00  -4.2250026e-02   3.1047103e-02   3.1842761e-03
   1.3210000e+03   1.0202780e+01   2.9689430e+00  -4.2211684e-02   3.1027863e-02   3.1833423e-03
   1.3220000e+03   1.0197940e+01   2.9681060e+00  -4.2173309e-02   3.1008560e-02   3.1823975e-03
   1.3230000e+03   1.0193110e+01   2.9672680e+00  -4.2134940e-02   3.0989221e-02   3.1814447e-03
   1.3240000e+03   1.0188290e+01   2.9664320e+00  -4.2096544e-02   3.0969814e-02   3.1804822e-03
   1.3250000e+03   1.0183470e+01   2.9655960e+00  -4.2058152e-02   3.0950377e-02   3.1795118e-03
   1.3260000e+03   1.0178660e+01   2.9647600e+00  -4.2019745e-02   3.0930884e-02   3.1785322e-03
   1.3270000e+03   1.0173860e+01   2.9639250e+00  -4.1981333e-02   3.0911343e-02   3.1775434e-03
   1.3280000e+03   1.0169060e+01   2.9630910e+00  -4.1942903e-02   3.0891752e-02   3.1765462e-03
   1.3290000e+03   1.0164280e+01   2.9622570e+00  -4.1904460e-02   3.0872100e-02   3.1755397e-03
   1.3300000e+03   1.0159500e+01   2.9614230e+00  -4.1866027e-02   3.0852423e-02   3.1745254e-03
   1.3310000e+03   1.0154720e+01   2.9605900e+00  -4.1827577e-02   3.0832697e-02   3.1735020e-03
   1.3320000e+03   1.0149950e+01   2.9597580e+00  -4.1789102e-02   3.0812909e-02   3.1724680e-03
   1.3330000e+03   1.0145190e+01   2.9589260e+00  -4.1750638e-02   3.0793085e-02   3.1714277e-03
   1.3340000e+03   1.0140440e+01   2.9580940e+00  -4.1712165e-02   3.0773213e-02   3.1703786e-03
   1.3350000e+03   1.0135700e+01   2.9572640e+00  -4.1673649e-02   3.0753259e-02   3.1693190e-03
   1.3360000e+03   1.0130960e+01   2.9564330e+00  -4.1635167e-02   3.0733304e-02   3.1682525e-03
   1.3370000e+03   1.0126220e+01   2.9556030e+00  -4.1596660e-02   3.0713293e-02   3.1671763e-03
   1.3380000e+03   1.0121500e+01   2.9547740e+00  -4.1558144e-02   3.0693221e-02   3.1660925e-03
   1.3390000e+03   1.0116780e+01   2.9539450e+00  -4.1519607e-02   3.0673104e-02   3.1649977e-03
   1.3400000e+03   1.0112070e+01   2.9531170e+00  -4.1481080e-02   3.0652947e-02   3.1638972e-03
   1.3410000e+03   1.0107360e+01   2.9522890e+00  -4.1442531e-02   3.0632742e-02   3.1627863e-03
   1.3420000e+03   1.0102670e+01   2.9514620e+00  -4.1403977e-02   3.0612480e-02   3.1616671e-03
   1.3430000e+03   1.0097980e+01   2.9506350e+00  -4.1365411e-02   3.0592177e-02   3.1605390e-03
   1.3440000e+03   1.0093290e+01   2.9498090e+00  -4.1326846e-02   3.0571839e-02   3.1594038e-03
   1.3450000e+03   1.0088610e+01   2.9489830e+00  -4.1288257e-02   3.0551445e-02   3.1582578e-03
   1.3460000e+03   1.0083940e+01   2.9481580e+00  -4.1249677e-02   3.0531011e-02   3.1571051e-03
   1.3470000e+03   1.0079280e+01   2.9473330e+00  -4.1211073e-02   3.0510517e-02   3.1559431e-03
   1.3480000e+03   1.0074620e+01   2.9465090e+00  -4.1172467e-02   3.0489989e-02   3.1547729e-03
   1.3490000e+03   1.0069970e+01   2.9456850e+00  -4.1133867e-02   3.0469424e-02   3.1535953e-03
   1.3500000e+03   1.0065330e+01   2.9448610e+00  -4.1095260e-02   3.0448814e-02   3.1524090e-03
   1.3510000e+03   1.0060690e+01   2.9440390e+00  -4.1056619e-02   3.0428140e-02   3.1512131e-03
   1.3520000e+03   1.0056060e+01   2.9432160e+00  -4.1017985e-02   3.0407434e-02   3.1500090e-03
   1.3530000e+03   1.0051440e+01   2.9423950e+00  -4.0979327e-02   3.0386665e-02   3.1487959e-03
   1.3540000e+03   1.0046820e+01   2.9415730e+00  -4.0940685e-02   3.0365878e-02   3.1475762e-03
   1.3550000e+03   1.0042210e+01   2.9407520e+00  -4.0902031e-02   3.0345041e-02   3.1463470e-03
   1.3560000e+03   1.0037610e+01   2.9399320e+00  -4.0863359e-02   3.0324144e-02   3.1451102e-03
   1.3570000e+03   1.0033010e+01   2.9391120e+00  -4.0824696e-02   3.0303225e-02   3.1438653e-03
   1.3580000e+03   1.0028420e+01   2.9382930e+00  -4.0785994e-02   3.0282233e-02   3.1426103e-03
   1.3590000e+03   1.0023840e+01   2.9374740e+00  -4.0747315e-02   3.0261219e-02   3.1413489e-03
   1.3600000e+03   1.0019270e+01   2.9366560e+00  -4.0708594e-02   3.0240132e-02   3.1400768e-03
   1.3610000e+03   1.0014700e+01   2.9358380e+00  -4.0669894e-02   3.0219027e-02   3.1387988e-03
   1.3620000e+03   1.0010130e+01   2.9350210e+00  -4.0631187e-02   3.0197884e-02   3.1375125e-03
   1.3630000e+03   1.0005580e+01   2.9342040e+00  -4.0592467e-02   3.0176684e-02   3.1362176e-03
   1.3640000e+03   1.0001030e+01   2.9333870e+00  -4.0553747e-02   3.0155453e-02   3.1349148e-03
