   3.3000000e+01   2.4478970e+02   4.8814570e+00  -1.8345258e-02   0.0000000e+00   2.1807003e-08
   3.4000000e+01   2.3952760e+02   4.8440960e+00  -1.8998252e-02   0.0000000e+00   2.1634532e-08
   3.5000000e+01   2.3448900e+02   4.8088000e+00  -1.9649628e-02   0.0000000e+00   2.1449661e-08
   3.6000000e+01   2.2965780e+02   4.7754400e+00  -2.0299368e-02   0.0000000e+00   2.1253494e-08
   3.7000000e+01   2.2501990e+02   4.7438970e+00  -2.0947460e-02   0.0000000e+00   2.1047096e-08
   3.8000000e+01   2.2056270e+02   4.7140540e+00  -2.1593950e-02   0.0000000e+00   2.0831580e-08
   3.9000000e+01   2.1627500e+02   4.6858040e+00  -2.2238882e-02   0.0000000e+00   2.0608123e-08
   4.0000000e+01   2.1214640e+02   4.6590440e+00  -2.2882332e-02   0.0000000e+00   2.0377765e-08
   4.1000000e+01   2.0816780e+02   4.6336790e+00  -2.3524373e-02   0.0000000e+00   2.0141680e-08
   4.2000000e+01   2.0433070e+02   4.6096180e+00  -2.4165070e-02   0.0000000e+00   1.9900903e-08
   4.3000000e+01   2.0062750e+02   4.5867790e+00  -2.4804509e-02   0.0000000e+00   1.9656519e-08
   4.4000000e+01   1.9705100e+02   4.5650840e+00  -2.5442732e-02   0.0000000e+00   1.9409508e-08
   4.5000000e+01   1.9359490e+02   4.5444600e+00  -2.6079800e-02   0.0000000e+00   1.9160889e-08
   4.6000000e+01   1.9025300e+02   4.5248390e+00  -2.6715780e-02   0.0000000e+00   1.8911585e-08
   4.7000000e+01   1.8701970e+02   4.5061590e+00  -2.7350709e-02   0.0000000e+00   1.8662530e-08
   4.8000000e+01   1.8388990e+02   4.4883610e+00  -2.7984599e-02   0.0000000e+00   1.8414562e-08
   4.9000000e+01   1.8085880e+02   4.4713910e+00  -2.8617500e-02   0.0000000e+00   1.8168451e-08
   5.0000000e+01   1.7792170e+02   4.4551990e+00  -2.9249410e-02   0.0000000e+00   1.7925033e-08
   5.1000000e+01   1.7507450e+02   4.4397380e+00  -2.9880358e-02   0.0000000e+00   1.7685016e-08
   5.2000000e+01   1.7231310e+02   4.4249640e+00  -3.0510336e-02   0.0000000e+00   1.7449086e-08
   5.3000000e+01   1.6963390e+02   4.4108380e+00  -3.1139344e-02   0.0000000e+00   1.7217883e-08
   5.4000000e+01   1.6703320e+02   4.3973210e+00  -3.1767361e-02   0.0000000e+00   1.6991954e-08
   5.5000000e+01   1.6450780e+02   4.3843780e+00  -3.2394397e-02   0.0000000e+00   1.6771961e-08
   5.6000000e+01   1.6205450e+02   4.3719780e+00  -3.3020407e-02   0.0000000e+00   1.6558302e-08
   5.7000000e+01   1.5967030e+02   4.3600890e+00  -3.3645395e-02   0.0000000e+00   1.6351581e-08
   5.8000000e+01   1.5735250e+02   4.3486840e+00  -3.4269303e-02   0.0000000e+00   1.6152108e-08
   5.9000000e+01   1.5509840e+02   4.3377360e+00  -3.4892144e-02   0.0000000e+00   1.5960414e-08
   6.0000000e+01   1.5290550e+02   4.3272210e+00  -3.5513847e-02   0.0000000e+00   1.5776815e-08
   6.1000000e+01   1.5077130e+02   4.3171160e+00  -3.6134403e-02   0.0000000e+00   1.5601615e-08
   6.2000000e+01   1.4869360e+02   4.3074000e+00  -3.6753775e-02   0.0000000e+00   1.5435204e-08
   6.3000000e+01   1.4667030e+02   4.2980520e+00  -3.7371916e-02   0.0000000e+00   1.5277776e-08
   6.4000000e+01   1.4469920e+02   4.2890540e+00  -3.7988792e-02   0.0000000e+00   1.5129598e-08
   6.5000000e+01   1.4277850e+02   4.2803890e+00  -3.8604368e-02   0.0000000e+00   1.4990895e-08
   6.6000000e+01   1.4090640e+02   4.2720390e+00  -3.9218600e-02   0.0000000e+00   1.4861889e-08
   6.7000000e+01   1.3908090e+02   4.2639910e+00  -3.9831454e-02   0.0000000e+00   1.4742734e-08
   6.8000000e+01   1.3730050e+02   4.2562280e+00  -4.0442895e-02   0.0000000e+00   1.4633500e-08
   6.9000000e+01   1.3556350e+02   4.2487380e+00  -4.1052884e-02   0.0000000e+00   1.4534399e-08
   7.0000000e+01   1.3386840e+02   4.2415090e+00  -4.1661380e-02   0.0000000e+00   1.4445512e-08
   7.1000000e+01   1.3221370e+02   4.2345280e+00  -4.2268322e-02   0.0000000e+00   1.4366801e-08
   7.2000000e+01   1.3059810e+02   4.2277830e+00  -4.2873699e-02   0.0000000e+00   1.4298431e-08
   7.3000000e+01   1.2902010e+02   4.2212650e+00  -4.3477492e-02   0.0000000e+00   1.4240443e-08
   7.4000000e+01   1.2747860e+02   4.2149630e+00  -4.4079605e-02   0.0000000e+00   1.4192821e-08
   7.5000000e+01   1.2597230e+02   4.2088680e+00  -4.4680054e-02   0.0000000e+00   1.4155499e-08
   7.6000000e+01   1.2450010e+02   4.2029720e+00  -4.5278769e-02   0.0000000e+00   1.4128555e-08
   7.7000000e+01   1.2306070e+02   4.1972640e+00  -4.5875750e-02   0.0000000e+00   1.4111914e-08
   7.8000000e+01   1.2165320e+02   4.1917390e+00  -4.6470936e-02   0.0000000e+00   1.4105541e-08
   7.9000000e+01   1.2027650e+02   4.1863880e+00  -4.7064311e-02   0.0000000e+00   1.4109354e-08
   8.0000000e+01   1.1892970e+02   4.1812040e+00  -4.7655816e-02   0.0000000e+00   1.4123297e-08
   8.1000000e+01   1.1761170e+02   4.1761810e+00  -4.8245448e-02   0.0000000e+00   1.4147269e-08
   8.2000000e+01   1.1632180e+02   4.1713110e+00  -4.8833171e-02   0.0000000e+00   1.4181181e-08
   8.3000000e+01   1.1505890e+02   4.1665900e+00  -4.9418953e-02   0.0000000e+00   1.4224926e-08
   8.4000000e+01   1.1382240e+02   4.1620110e+00  -5.0002778e-02   0.0000000e+00   1.4278405e-08
   8.5000000e+01   1.1261130e+02   4.1575680e+00  -5.0584596e-02   0.0000000e+00   1.4341451e-08
   8.6000000e+01   1.1142500e+02   4.1532570e+00  -5.1164404e-02   0.0000000e+00   1.4413960e-08
   8.7000000e+01   1.1026260e+02   4.1490730e+00  -5.1742162e-02   0.0000000e+00   1.4495788e-08
   8.8000000e+01   1.0912360e+02   4.1450110e+00  -5.2317849e-02   0.0000000e+00   1.4586766e-08
   8.9000000e+01   1.0800710e+02   4.1410670e+00  -5.2891441e-02   0.0000000e+00   1.4686744e-08
   9.0000000e+01   1.0691250e+02   4.1372350e+00  -5.3462949e-02   0.0000000e+00   1.4795569e-08
   9.1000000e+01   1.0583930e+02   4.1335130e+00  -5.4032299e-02   0.0000000e+00   1.4913048e-08
   9.2000000e+01   1.0478680e+02   4.1298960e+00  -5.4599496e-02   0.0000000e+00   1.5039043e-08
   9.3000000e+01   1.0375440e+02   4.1263810e+00  -5.5164515e-02   0.0000000e+00   1.5173346e-08
   9.4000000e+01   1.0274160e+02   4.1229630e+00  -5.5727378e-02   0.0000000e+00   1.5315782e-08
   9.5000000e+01   1.0174770e+02   4.1196410e+00  -5.6288003e-02   0.0000000e+00   1.5466183e-08
   9.6000000e+01   1.0077240e+02   4.1164100e+00  -5.6846423e-02   0.0000000e+00   1.5624342e-08
   9.7000000e+01   9.9811760e+01   4.1134020e+00  -5.7397503e-02   0.0000000e+00   1.5791427e-08
   9.8000000e+01   9.8872010e+01   4.1103410e+00  -5.7951487e-02   0.0000000e+00   1.5964408e-08
   9.9000000e+01   9.7949300e+01   4.1073630e+00  -5.8503196e-02   0.0000000e+00   1.6144559e-08
   1.0000000e+02   9.7043160e+01   4.1044640e+00  -5.9052644e-02   0.0000000e+00   1.6331706e-08
   1.0100000e+02   9.6153170e+01   4.1016430e+00  -5.9599791e-02   0.0000000e+00   1.6525625e-08
   1.0200000e+02   9.5278890e+01   4.0988960e+00  -6.0144646e-02   0.0000000e+00   1.6726124e-08
   1.0300000e+02   9.4419920e+01   4.0962220e+00  -6.0687164e-02   0.0000000e+00   1.6933023e-08
   1.0400000e+02   9.3575880e+01   4.0936180e+00  -6.1227376e-02   0.0000000e+00   1.7146093e-08
   1.0500000e+02   9.2746370e+01   4.0910810e+00  -6.1765238e-02   0.0000000e+00   1.7365142e-08
   1.0600000e+02   9.1931040e+01   4.0886100e+00  -6.2300767e-02   0.0000000e+00   1.7589954e-08
   1.0700000e+02   9.1129530e+01   4.0862020e+00  -6.2833946e-02   0.0000000e+00   1.7820368e-08
   1.0800000e+02   9.0341500e+01   4.0838560e+00  -6.3364746e-02   0.0000000e+00   1.8056119e-08
   1.0900000e+02   8.9566600e+01   4.0815700e+00  -6.3893190e-02   0.0000000e+00   1.8297034e-08
   1.1000000e+02   8.8804540e+01   4.0793410e+00  -6.4419254e-02   0.0000000e+00   1.8542927e-08
   1.1100000e+02   8.8054980e+01   4.0771690e+00  -6.4942938e-02   0.0000000e+00   1.8793567e-08
   1.1200000e+02   8.7317640e+01   4.0750500e+00  -6.5464234e-02   0.0000000e+00   1.9048763e-08
   1.1300000e+02   8.6592220e+01   4.0729840e+00  -6.5983132e-02   0.0000000e+00   1.9308365e-08
   1.1400000e+02   8.5878440e+01   4.0709700e+00  -6.6499589e-02   0.0000000e+00   1.9572079e-08
   1.1500000e+02   8.5176020e+01   4.0690040e+00  -6.7013672e-02   0.0000000e+00   1.9839805e-08
   1.1600000e+02   8.4484710e+01   4.0670870e+00  -6.7525348e-02   0.0000000e+00   2.0111274e-08
   1.1700000e+02   8.3804240e+01   4.0652160e+00  -6.8034595e-02   0.0000000e+00   2.0386340e-08
   1.1800000e+02   8.3134360e+01   4.0633900e+00  -6.8541442e-02   0.0000000e+00   2.0664806e-08
   1.1900000e+02   8.2474840e+01   4.0616090e+00  -6.9045813e-02   0.0000000e+00   2.0946462e-08
   1.2000000e+02   8.1825440e+01   4.0598690e+00  -6.9547779e-02   0.0000000e+00   2.1231156e-08
   1.2100000e+02   8.1185940e+01   4.0581710e+00  -7.0047318e-02   0.0000000e+00   2.1518657e-08
   1.2200000e+02   8.0556110e+01   4.0565130e+00  -7.0544401e-02   0.0000000e+00   2.1808824e-08
   1.2300000e+02   7.9935740e+01   4.0548940e+00  -7.1039020e-02   0.0000000e+00   2.2101457e-08
   1.2400000e+02   7.9324620e+01   4.0533130e+00  -7.1531190e-02   0.0000000e+00   2.2396375e-08
   1.2500000e+02   7.8722560e+01   4.0517680e+00  -7.2020930e-02   0.0000000e+00   2.2693393e-08
   1.2600000e+02   7.8129350e+01   4.0502590e+00  -7.2508191e-02   0.0000000e+00   2.2992380e-08
   1.2700000e+02   7.7544800e+01   4.0487840e+00  -7.2993008e-02   0.0000000e+00   2.3293107e-08
   1.2800000e+02   7.6968740e+01   4.0473430e+00  -7.3475354e-02   0.0000000e+00   2.3595437e-08
   1.2900000e+02   7.6400980e+01   4.0459340e+00  -7.3955223e-02   0.0000000e+00   2.3899212e-08
   1.3000000e+02   7.5841340e+01   4.0445570e+00  -7.4432617e-02   0.0000000e+00   2.4204242e-08
   1.3100000e+02   7.5289660e+01   4.0432110e+00  -7.4907550e-02   0.0000000e+00   2.4510386e-08
   1.3200000e+02   7.4745770e+01   4.0418940e+00  -7.5379987e-02   0.0000000e+00   2.4817467e-08
   1.3300000e+02   7.4209520e+01   4.0406070e+00  -7.5849955e-02   0.0000000e+00   2.5125314e-08
   1.3400000e+02   7.3680740e+01   4.0393480e+00  -7.6317400e-02   0.0000000e+00   2.5433827e-08
   1.3500000e+02   7.3159280e+01   4.0381160e+00  -7.6782389e-02   0.0000000e+00   2.5742801e-08
   1.3600000e+02   7.2645000e+01   4.0369100e+00  -7.7244874e-02   0.0000000e+00   2.6052126e-08
   1.3700000e+02   7.2137750e+01   4.0357310e+00  -7.7704839e-02   0.0000000e+00   2.6361615e-08
   1.3800000e+02   7.1637400e+01   4.0345760e+00  -7.8162339e-02   0.0000000e+00   2.6671155e-08
   1.3900000e+02   7.1143800e+01   4.0334460e+00  -7.8617297e-02   0.0000000e+00   2.6980589e-08
   1.4000000e+02   7.0656820e+01   4.0323390e+00  -7.9069766e-02   0.0000000e+00   2.7289815e-08
   1.4100000e+02   7.0176340e+01   4.0312560e+00  -7.9519710e-02   0.0000000e+00   2.7598627e-08
   1.4200000e+02   6.9702220e+01   4.0301940e+00  -7.9967149e-02   0.0000000e+00   2.7906941e-08
   1.4300000e+02   6.9234350e+01   4.0291550e+00  -8.0412038e-02   0.0000000e+00   2.8214603e-08
   1.4400000e+02   6.8772610e+01   4.0281360e+00  -8.0854420e-02   0.0000000e+00   2.8521507e-08
   1.4500000e+02   6.8316870e+01   4.0271380e+00  -8.1294268e-02   0.0000000e+00   2.8827481e-08
   1.4600000e+02   6.7867030e+01   4.0261600e+00  -8.1731594e-02   0.0000000e+00   2.9132450e-08
   1.4700000e+02   6.7422970e+01   4.0252010e+00  -8.2166370e-02   0.0000000e+00   2.9436278e-08
   1.4800000e+02   6.6984580e+01   4.0242610e+00  -8.2598607e-02   0.0000000e+00   2.9738852e-08
   1.4900000e+02   6.6551770e+01   4.0233390e+00  -8.3028298e-02   0.0000000e+00   3.0040016e-08
   1.5000000e+02   6.6124420e+01   4.0224350e+00  -8.3455450e-02   0.0000000e+00   3.0339701e-08
   1.5100000e+02   6.5702450e+01   4.0215480e+00  -8.3880038e-02   0.0000000e+00   3.0637801e-08
   1.5200000e+02   6.5285740e+01   4.0206780e+00  -8.4302074e-02   0.0000000e+00   3.0934159e-08
   1.5300000e+02   6.4874200e+01   4.0198240e+00  -8.4721538e-02   0.0000000e+00   3.1228693e-08
   1.5400000e+02   6.4467740e+01   4.0189860e+00  -8.5138440e-02   0.0000000e+00   3.1521274e-08
   1.5500000e+02   6.4066280e+01   4.0181630e+00  -8.5552777e-02   0.0000000e+00   3.1811873e-08
   1.5600000e+02   6.3669710e+01   4.0173560e+00  -8.5964488e-02   0.0000000e+00   3.2100313e-08
   1.5700000e+02   6.3277950e+01   4.0165620e+00  -8.6373678e-02   0.0000000e+00   3.2386518e-08
   1.5800000e+02   6.2890930e+01   4.0157830e+00  -8.6780264e-02   0.0000000e+00   3.2670409e-08
   1.5900000e+02   6.2508550e+01   4.0150170e+00  -8.7184275e-02   0.0000000e+00   3.2951888e-08
   1.6000000e+02   6.2130730e+01   4.0142640e+00  -8.7585709e-02   0.0000000e+00   3.3230849e-08
   1.6100000e+02   6.1757400e+01   4.0135250e+00  -8.7984504e-02   0.0000000e+00   3.3507198e-08
   1.6200000e+02   6.1388470e+01   4.0127980e+00  -8.8380732e-02   0.0000000e+00   3.3780857e-08
   1.6300000e+02   6.1023880e+01   4.0120830e+00  -8.8774343e-02   0.0000000e+00   3.4051764e-08
   1.6400000e+02   6.0663550e+01   4.0113800e+00  -8.9165344e-02   0.0000000e+00   3.4319839e-08
   1.6500000e+02   6.0307400e+01   4.0106880e+00  -8.9553754e-02   0.0000000e+00   3.4584983e-08
   1.6600000e+02   5.9955370e+01   4.0100070e+00  -8.9939545e-02   0.0000000e+00   3.4847076e-08
   1.6700000e+02   5.9607380e+01   4.0093370e+00  -9.0322719e-02   0.0000000e+00   3.5106106e-08
   1.6800000e+02   5.9263380e+01   4.0086780e+00  -9.0703248e-02   0.0000000e+00   3.5362007e-08
   1.6900000e+02   5.8923280e+01   4.0080290e+00  -9.1081150e-02   0.0000000e+00   3.5614622e-08
   1.7000000e+02   5.8587040e+01   4.0073900e+00  -9.1456438e-02   0.0000000e+00   3.5863981e-08
   1.7100000e+02   5.8254580e+01   4.0067600e+00  -9.1829079e-02   0.0000000e+00   3.6109948e-08
   1.7200000e+02   5.7925840e+01   4.0061390e+00  -9.2199115e-02   0.0000000e+00   3.6352518e-08
   1.7300000e+02   5.7600760e+01   4.0055280e+00  -9.2566475e-02   0.0000000e+00   3.6591593e-08
   1.7400000e+02   5.7279290e+01   4.0049250e+00  -9.2931208e-02   0.0000000e+00   3.6827069e-08
   1.7500000e+02   5.6961370e+01   4.0043310e+00  -9.3293275e-02   0.0000000e+00   3.7058961e-08
   1.7600000e+02   5.6646930e+01   4.0037450e+00  -9.3652720e-02   0.0000000e+00   3.7287196e-08
   1.7700000e+02   5.6335920e+01   4.0031670e+00  -9.4009493e-02   0.0000000e+00   3.7511683e-08
   1.7800000e+02   5.6028300e+01   4.0025970e+00  -9.4363597e-02   0.0000000e+00   3.7732398e-08
   1.7900000e+02   5.5724000e+01   4.0020340e+00  -9.4715069e-02   0.0000000e+00   3.7949286e-08
   1.8000000e+02   5.5422970e+01   4.0014790e+00  -9.5063846e-02   0.0000000e+00   3.8162260e-08
   1.8100000e+02   5.5125160e+01   4.0009300e+00  -9.5409992e-02   0.0000000e+00   3.8371321e-08
   1.8200000e+02   5.4830530e+01   4.0003890e+00  -9.5753436e-02   0.0000000e+00   3.8576374e-08
   1.8300000e+02   5.4539020e+01   3.9998540e+00  -9.6094233e-02   0.0000000e+00   3.8777493e-08
   1.8400000e+02   5.4250580e+01   3.9993250e+00  -9.6432361e-02   0.0000000e+00   3.8974465e-08
   1.8500000e+02   5.3965170e+01   3.9988030e+00  -9.6767790e-02   0.0000000e+00   3.9167394e-08
   1.8600000e+02   5.3682740e+01   3.9982870e+00  -9.7100550e-02   0.0000000e+00   3.9356138e-08
   1.8700000e+02   5.3403250e+01   3.9977760e+00  -9.7430662e-02   0.0000000e+00   3.9540719e-08
   1.8800000e+02   5.3126660e+01   3.9972710e+00  -9.7758059e-02   0.0000000e+00   3.9721045e-08
   1.8900000e+02   5.2852910e+01   3.9967720e+00  -9.8082777e-02   0.0000000e+00   3.9897191e-08
   1.9000000e+02   5.2581960e+01   3.9962780e+00  -9.8404803e-02   0.0000000e+00   4.0068995e-08
   1.9100000e+02   5.2313780e+01   3.9957890e+00  -9.8724153e-02   0.0000000e+00   4.0236486e-08
   1.9200000e+02   5.2048320e+01   3.9953050e+00  -9.9040824e-02   0.0000000e+00   4.0399696e-08
   1.9300000e+02   5.1785550e+01   3.9948260e+00  -9.9354794e-02   0.0000000e+00   4.0558513e-08
   1.9400000e+02   5.1525420e+01   3.9943520e+00  -9.9666053e-02   0.0000000e+00   4.0712868e-08
   1.9500000e+02   5.1267890e+01   3.9938820e+00  -9.9974647e-02   0.0000000e+00   4.0862872e-08
   1.9600000e+02   5.1012940e+01   3.9934160e+00  -1.0028055e-01   0.0000000e+00   4.1008441e-08
   1.9700000e+02   5.0760510e+01   3.9929550e+00  -1.0058375e-01   0.0000000e+00   4.1149484e-08
   1.9800000e+02   5.0510570e+01   3.9924980e+00  -1.0088426e-01   0.0000000e+00   4.1286129e-08
   1.9900000e+02   5.0263100e+01   3.9920440e+00  -1.0118208e-01   0.0000000e+00   4.1418221e-08
   2.0000000e+02   5.0018040e+01   3.9915940e+00  -1.0147722e-01   0.0000000e+00   4.1545771e-08
   2.0100000e+02   4.9775380e+01   3.9911480e+00  -1.0176966e-01   0.0000000e+00   4.1668836e-08
   2.0200000e+02   4.9535070e+01   3.9907060e+00  -1.0205939e-01   0.0000000e+00   4.1787385e-08
   2.0300000e+02   4.9297080e+01   3.9902660e+00  -1.0234647e-01   0.0000000e+00   4.1901300e-08
   2.0400000e+02   4.9061370e+01   3.9898310e+00  -1.0263080e-01   0.0000000e+00   4.2010710e-08
   2.0500000e+02   4.8827930e+01   3.9893980e+00  -1.0291247e-01   0.0000000e+00   4.2115497e-08
   2.0600000e+02   4.8596710e+01   3.9889680e+00  -1.0319146e-01   0.0000000e+00   4.2215752e-08
   2.0700000e+02   4.8367680e+01   3.9885410e+00  -1.0346776e-01   0.0000000e+00   4.2311364e-08
   2.0800000e+02   4.8140820e+01   3.9881170e+00  -1.0374136e-01   0.0000000e+00   4.2402388e-08
   2.0900000e+02   4.7916100e+01   3.9876960e+00  -1.0401227e-01   0.0000000e+00   4.2488791e-08
   2.1000000e+02   4.7693470e+01   3.9872770e+00  -1.0428050e-01   0.0000000e+00   4.2570589e-08
   2.1100000e+02   4.7472930e+01   3.9868610e+00  -1.0454605e-01   0.0000000e+00   4.2647835e-08
   2.1200000e+02   4.7254430e+01   3.9864470e+00  -1.0480893e-01   0.0000000e+00   4.2720412e-08
   2.1300000e+02   4.7037960e+01   3.9860350e+00  -1.0506913e-01   0.0000000e+00   4.2788386e-08
   2.1400000e+02   4.6823480e+01   3.9856260e+00  -1.0532663e-01   0.0000000e+00   4.2851776e-08
   2.1500000e+02   4.6610960e+01   3.9852190e+00  -1.0558146e-01   0.0000000e+00   4.2910556e-08
   2.1600000e+02   4.6400390e+01   3.9848130e+00  -1.0583366e-01   0.0000000e+00   4.2964804e-08
   2.1700000e+02   4.6191730e+01   3.9844100e+00  -1.0608314e-01   0.0000000e+00   4.3014328e-08
   2.1800000e+02   4.5984960e+01   3.9840080e+00  -1.0633000e-01   0.0000000e+00   4.3059378e-08
   2.1900000e+02   4.5780050e+01   3.9836080e+00  -1.0657420e-01   0.0000000e+00   4.3099846e-08
   2.2000000e+02   4.5576990e+01   3.9832100e+00  -1.0681570e-01   0.0000000e+00   4.3135700e-08
   2.2100000e+02   4.5375740e+01   3.9828140e+00  -1.0705455e-01   0.0000000e+00   4.3166986e-08
   2.2200000e+02   4.5176290e+01   3.9824190e+00  -1.0729076e-01   0.0000000e+00   4.3193742e-08
   2.2300000e+02   4.4978600e+01   3.9820250e+00  -1.0752432e-01   0.0000000e+00   4.3215941e-08
   2.2400000e+02   4.4782660e+01   3.9816330e+00  -1.0775524e-01   0.0000000e+00   4.3233641e-08
   2.2500000e+02   4.4588450e+01   3.9812420e+00  -1.0798353e-01   0.0000000e+00   4.3246839e-08
   2.2600000e+02   4.4395940e+01   3.9808520e+00  -1.0820918e-01   0.0000000e+00   4.3255519e-08
   2.2700000e+02   4.4205100e+01   3.9804640e+00  -1.0843218e-01   0.0000000e+00   4.3259765e-08
   2.2800000e+02   4.4015930e+01   3.9800760e+00  -1.0865258e-01   0.0000000e+00   4.3259538e-08
   2.2900000e+02   4.3828400e+01   3.9796900e+00  -1.0887034e-01   0.0000000e+00   4.3254838e-08
   2.3000000e+02   4.3642480e+01   3.9793040e+00  -1.0908551e-01   0.0000000e+00   4.3245737e-08
   2.3100000e+02   4.3458160e+01   3.9789190e+00  -1.0929806e-01   0.0000000e+00   4.3232227e-08
   2.3200000e+02   4.3275420e+01   3.9785350e+00  -1.0950800e-01   0.0000000e+00   4.3214263e-08
   2.3300000e+02   4.3094240e+01   3.9781520e+00  -1.0971533e-01   0.0000000e+00   4.3191997e-08
   2.3400000e+02   4.2914590e+01   3.9777700e+00  -1.0992008e-01   0.0000000e+00   4.3165434e-08
   2.3500000e+02   4.2736470e+01   3.9773880e+00  -1.1012223e-01   0.0000000e+00   4.3134499e-08
   2.3600000e+02   4.2559840e+01   3.9770070e+00  -1.1032179e-01   0.0000000e+00   4.3099286e-08
   2.3700000e+02   4.2384700e+01   3.9766260e+00  -1.1051881e-01   0.0000000e+00   4.3059791e-08
   2.3800000e+02   4.2211020e+01   3.9762460e+00  -1.1071324e-01   0.0000000e+00   4.3016047e-08
   2.3900000e+02   4.2038790e+01   3.9758660e+00  -1.1090511e-01   0.0000000e+00   4.2968109e-08
   2.4000000e+02   4.1867990e+01   3.9754870e+00  -1.1109440e-01   0.0000000e+00   4.2915959e-08
   2.4100000e+02   4.1698590e+01   3.9751080e+00  -1.1128117e-01   0.0000000e+00   4.2859657e-08
   2.4200000e+02   4.1530600e+01   3.9747290e+00  -1.1146540e-01   0.0000000e+00   4.2799210e-08
   2.4300000e+02   4.1363980e+01   3.9743510e+00  -1.1164705e-01   0.0000000e+00   4.2734676e-08
   2.4400000e+02   4.1198730e+01   3.9739720e+00  -1.1182624e-01   0.0000000e+00   4.2666042e-08
   2.4500000e+02   4.1034820e+01   3.9735940e+00  -1.1200286e-01   0.0000000e+00   4.2593374e-08
   2.4600000e+02   4.0872240e+01   3.9732160e+00  -1.1217698e-01   0.0000000e+00   4.2516684e-08
   2.4700000e+02   4.0710970e+01   3.9728380e+00  -1.1234859e-01   0.0000000e+00   4.2436033e-08
   2.4800000e+02   4.0551000e+01   3.9724600e+00  -1.1251771e-01   0.0000000e+00   4.2351399e-08
   2.4900000e+02   4.0392320e+01   3.9720820e+00  -1.1268433e-01   0.0000000e+00   4.2262868e-08
   2.5000000e+02   4.0234900e+01   3.9717030e+00  -1.1284849e-01   0.0000000e+00   4.2170463e-08
   2.5100000e+02   4.0078740e+01   3.9713250e+00  -1.1301017e-01   0.0000000e+00   4.2074174e-08
   2.5200000e+02   3.9923820e+01   3.9709470e+00  -1.1316936e-01   0.0000000e+00   4.1974075e-08
   2.5300000e+02   3.9770120e+01   3.9705680e+00  -1.1332611e-01   0.0000000e+00   4.1870198e-08
   2.5400000e+02   3.9617630e+01   3.9701890e+00  -1.1348041e-01   0.0000000e+00   4.1762589e-08
   2.5500000e+02   3.9466340e+01   3.9698100e+00  -1.1363227e-01   0.0000000e+00   4.1651249e-08
   2.5600000e+02   3.9316230e+01   3.9694310e+00  -1.1378170e-01   0.0000000e+00   4.1536238e-08
   2.5700000e+02   3.9167300e+01   3.9690510e+00  -1.1392870e-01   0.0000000e+00   4.1417583e-08
   2.5800000e+02   3.9019520e+01   3.9686710e+00  -1.1407329e-01   0.0000000e+00   4.1295338e-08
   2.5900000e+02   3.8872880e+01   3.9682900e+00  -1.1421550e-01   0.0000000e+00   4.1169527e-08
   2.6000000e+02   3.8727370e+01   3.9679090e+00  -1.1435530e-01   0.0000000e+00   4.1040187e-08
   2.6100000e+02   3.8582990e+01   3.9675270e+00  -1.1449273e-01   0.0000000e+00   4.0907369e-08
   2.6200000e+02   3.8439700e+01   3.9671460e+00  -1.1462773e-01   0.0000000e+00   4.0771086e-08
   2.6300000e+02   3.8297520e+01   3.9667630e+00  -1.1476042e-01   0.0000000e+00   4.0631428e-08
   2.6400000e+02   3.8156410e+01   3.9663800e+00  -1.1489073e-01   0.0000000e+00   4.0488364e-08
   2.6500000e+02   3.8016370e+01   3.9659960e+00  -1.1501872e-01   0.0000000e+00   4.0341979e-08
   2.6600000e+02   3.7877390e+01   3.9656120e+00  -1.1514434e-01   0.0000000e+00   4.0192328e-08
   2.6700000e+02   3.7739460e+01   3.9652270e+00  -1.1526765e-01   0.0000000e+00   4.0039419e-08
   2.6800000e+02   3.7602560e+01   3.9648410e+00  -1.1538865e-01   0.0000000e+00   3.9883311e-08
   2.6900000e+02   3.7466680e+01   3.9644550e+00  -1.1550732e-01   0.0000000e+00   3.9724001e-08
   2.7000000e+02   3.7331820e+01   3.9640680e+00  -1.1562370e-01   0.0000000e+00   3.9561609e-08
   2.7100000e+02   3.7197950e+01   3.9636800e+00  -1.1573782e-01   0.0000000e+00   3.9396119e-08
   2.7200000e+02   3.7065080e+01   3.9632910e+00  -1.1584967e-01   0.0000000e+00   3.9227595e-08
   2.7300000e+02   3.6933190e+01   3.9629020e+00  -1.1595921e-01   0.0000000e+00   3.9056058e-08
   2.7400000e+02   3.6802270e+01   3.9625120e+00  -1.1606653e-01   0.0000000e+00   3.8881569e-08
   2.7500000e+02   3.6672300e+01   3.9621200e+00  -1.1617163e-01   0.0000000e+00   3.8704183e-08
   2.7600000e+02   3.6543290e+01   3.9617280e+00  -1.1627446e-01   0.0000000e+00   3.8523920e-08
   2.7700000e+02   3.6415210e+01   3.9613360e+00  -1.1637505e-01   0.0000000e+00   3.8340815e-08
   2.7800000e+02   3.6288070e+01   3.9609420e+00  -1.1647346e-01   0.0000000e+00   3.8154941e-08
   2.7900000e+02   3.6161840e+01   3.9605470e+00  -1.1656968e-01   0.0000000e+00   3.7966320e-08
   2.8000000e+02   3.6036520e+01   3.9601510e+00  -1.1666372e-01   0.0000000e+00   3.7775006e-08
   2.8100000e+02   3.5912100e+01   3.9597540e+00  -1.1675558e-01   0.0000000e+00   3.7581045e-08
   2.8200000e+02   3.5788580e+01   3.9593560e+00  -1.1684527e-01   0.0000000e+00   3.7384465e-08
   2.8300000e+02   3.5665930e+01   3.9589580e+00  -1.1693277e-01   0.0000000e+00   3.7185327e-08
   2.8400000e+02   3.5544160e+01   3.9585580e+00  -1.1701816e-01   0.0000000e+00   3.6983650e-08
   2.8500000e+02   3.5423250e+01   3.9581570e+00  -1.1710143e-01   0.0000000e+00   3.6779529e-08
   2.8600000e+02   3.5303190e+01   3.9577550e+00  -1.1718256e-01   0.0000000e+00   3.6572948e-08
   2.8700000e+02   3.5183980e+01   3.9573510e+00  -1.1726162e-01   0.0000000e+00   3.6364003e-08
   2.8800000e+02   3.5065610e+01   3.9569470e+00  -1.1733855e-01   0.0000000e+00   3.6152682e-08
   2.8900000e+02   3.4948070e+01   3.9565410e+00  -1.1741342e-01   0.0000000e+00   3.5939095e-08
   2.9000000e+02   3.4831350e+01   3.9561350e+00  -1.1748617e-01   0.0000000e+00   3.5723251e-08
   2.9100000e+02   3.4715440e+01   3.9557270e+00  -1.1755690e-01   0.0000000e+00   3.5505173e-08
   2.9200000e+02   3.4600330e+01   3.9553180e+00  -1.1762558e-01   0.0000000e+00   3.5284946e-08
   2.9300000e+02   3.4486020e+01   3.9549070e+00  -1.1769224e-01   0.0000000e+00   3.5062609e-08
   2.9400000e+02   3.4372500e+01   3.9544960e+00  -1.1775683e-01   0.0000000e+00   3.4838182e-08
   2.9500000e+02   3.4259750e+01   3.9540830e+00  -1.1781944e-01   0.0000000e+00   3.4611706e-08
   2.9600000e+02   3.4147780e+01   3.9536690e+00  -1.1788003e-01   0.0000000e+00   3.4383265e-08
   2.9700000e+02   3.4036580e+01   3.9532530e+00  -1.1793867e-01   0.0000000e+00   3.4152860e-08
   2.9800000e+02   3.3926130e+01   3.9528370e+00  -1.1799529e-01   0.0000000e+00   3.3920573e-08
   2.9900000e+02   3.3816430e+01   3.9524190e+00  -1.1804997e-01   0.0000000e+00   3.3686451e-08
   3.0000000e+02   3.3707470e+01   3.9519990e+00  -1.1810271e-01   0.0000000e+00   3.3450510e-08
   3.0100000e+02   3.3599250e+01   3.9515780e+00  -1.1815350e-01   0.0000000e+00   3.3212792e-08
   3.0200000e+02   3.3491750e+01   3.9511560e+00  -1.1820236e-01   0.0000000e+00   3.2973355e-08
   3.0300000e+02   3.3384980e+01   3.9507330e+00  -1.1824929e-01   0.0000000e+00   3.2732249e-08
   3.0400000e+02   3.3278920e+01   3.9503080e+00  -1.1829433e-01   0.0000000e+00   3.2489494e-08
   3.0500000e+02   3.3173570e+01   3.9498810e+00  -1.1833751e-01   0.0000000e+00   3.2245169e-08
   3.0600000e+02   3.3068920e+01   3.9494540e+00  -1.1837876e-01   0.0000000e+00   3.1999296e-08
   3.0700000e+02   3.2964960e+01   3.9490240e+00  -1.1841820e-01   0.0000000e+00   3.1751921e-08
   3.0800000e+02   3.2861690e+01   3.9485940e+00  -1.1845574e-01   0.0000000e+00   3.1503100e-08
   3.0900000e+02   3.2759100e+01   3.9481610e+00  -1.1849150e-01   0.0000000e+00   3.1252839e-08
   3.1000000e+02   3.2657180e+01   3.9477280e+00  -1.1852536e-01   0.0000000e+00   3.1001246e-08
   3.1100000e+02   3.2555930e+01   3.9472930e+00  -1.1855744e-01   0.0000000e+00   3.0748298e-08
   3.1200000e+02   3.2455340e+01   3.9468560e+00  -1.1858773e-01   0.0000000e+00   3.0494096e-08
   3.1300000e+02   3.2355410e+01   3.9464180e+00  -1.1861622e-01   0.0000000e+00   3.0238636e-08
   3.1400000e+02   3.2256120e+01   3.9459780e+00  -1.1864294e-01   0.0000000e+00   2.9981985e-08
   3.1500000e+02   3.2157480e+01   3.9455370e+00  -1.1866788e-01   0.0000000e+00   2.9724184e-08
   3.1600000e+02   3.2059480e+01   3.9450940e+00  -1.1869108e-01   0.0000000e+00   2.9465280e-08
   3.1700000e+02   3.1962100e+01   3.9446490e+00  -1.1871257e-01   0.0000000e+00   2.9205299e-08
   3.1800000e+02   3.1865360e+01   3.9442030e+00  -1.1873231e-01   0.0000000e+00   2.8944291e-08
   3.1900000e+02   3.1769230e+01   3.9437550e+00  -1.1875033e-01   0.0000000e+00   2.8682290e-08
   3.2000000e+02   3.1673710e+01   3.9433060e+00  -1.1876665e-01   0.0000000e+00   2.8419366e-08
   3.2100000e+02   3.1578800e+01   3.9428550e+00  -1.1878129e-01   0.0000000e+00   2.8155541e-08
   3.2200000e+02   3.1484500e+01   3.9424030e+00  -1.1879423e-01   0.0000000e+00   2.7890861e-08
   3.2300000e+02   3.1390790e+01   3.9419490e+00  -1.1880553e-01   0.0000000e+00   2.7625337e-08
   3.2400000e+02   3.1297670e+01   3.9414930e+00  -1.1881519e-01   0.0000000e+00   2.7359080e-08
   3.2500000e+02   3.1205140e+01   3.9410350e+00  -1.1882322e-01   0.0000000e+00   2.7092049e-08
   3.2600000e+02   3.1113190e+01   3.9405760e+00  -1.1882960e-01   0.0000000e+00   2.6824359e-08
   3.2700000e+02   3.1021820e+01   3.9401150e+00  -1.1883438e-01   0.0000000e+00   2.6555997e-08
   3.2800000e+02   3.0931010e+01   3.9396530e+00  -1.1883754e-01   0.0000000e+00   2.6287036e-08
   3.2900000e+02   3.0840770e+01   3.9391890e+00  -1.1883913e-01   0.0000000e+00   2.6017468e-08
   3.3000000e+02   3.0751100e+01   3.9387230e+00  -1.1883915e-01   0.0000000e+00   2.5747381e-08
   3.3100000e+02   3.0661970e+01   3.9382550e+00  -1.1883762e-01   0.0000000e+00   2.5476830e-08
   3.3200000e+02   3.0573400e+01   3.9377850e+00  -1.1883455e-01   0.0000000e+00   2.5205804e-08
   3.3300000e+02   3.0485380e+01   3.9373140e+00  -1.1882992e-01   0.0000000e+00   2.4934361e-08
   3.3400000e+02   3.0397890e+01   3.9368410e+00  -1.1882378e-01   0.0000000e+00   2.4662529e-08
   3.3500000e+02   3.0310940e+01   3.9363670e+00  -1.1881609e-01   0.0000000e+00   2.4390385e-08
   3.3600000e+02   3.0224520e+01   3.9358900e+00  -1.1880696e-01   0.0000000e+00   2.4117947e-08
   3.3700000e+02   3.0138630e+01   3.9354120e+00  -1.1879632e-01   0.0000000e+00   2.3845233e-08
   3.3800000e+02   3.0053260e+01   3.9349320e+00  -1.1878420e-01   0.0000000e+00   2.3572280e-08
   3.3900000e+02   2.9968410e+01   3.9344500e+00  -1.1877064e-01   0.0000000e+00   2.3299166e-08
   3.4000000e+02   2.9884070e+01   3.9339660e+00  -1.1875564e-01   0.0000000e+00   2.3025909e-08
   3.4100000e+02   2.9800240e+01   3.9334810e+00  -1.1873918e-01   0.0000000e+00   2.2752535e-08
   3.4200000e+02   2.9716910e+01   3.9329930e+00  -1.1872133e-01   0.0000000e+00   2.2479055e-08
   3.4300000e+02   2.9634090e+01   3.9325040e+00  -1.1870204e-01   0.0000000e+00   2.2205581e-08
   3.4400000e+02   2.9551760e+01   3.9320130e+00  -1.1868136e-01   0.0000000e+00   2.1932081e-08
   3.4500000e+02   2.9469920e+01   3.9315200e+00  -1.1865931e-01   0.0000000e+00   2.1658619e-08
   3.4600000e+02   2.9388570e+01   3.9310250e+00  -1.1863589e-01   0.0000000e+00   2.1385235e-08
   3.4700000e+02   2.9307700e+01   3.9305290e+00  -1.1861109e-01   0.0000000e+00   2.1111925e-08
   3.4800000e+02   2.9227310e+01   3.9300300e+00  -1.1858497e-01   0.0000000e+00   2.0838780e-08
   3.4900000e+02   2.9147390e+01   3.9295300e+00  -1.1855749e-01   0.0000000e+00   2.0565791e-08
   3.5000000e+02   2.9067950e+01   3.9290280e+00  -1.1852869e-01   0.0000000e+00   2.0293034e-08
   3.5100000e+02   2.8988970e+01   3.9285230e+00  -1.1849862e-01   0.0000000e+00   2.0020500e-08
   3.5200000e+02   2.8910460e+01   3.9280170e+00  -1.1846723e-01   0.0000000e+00   1.9748243e-08
   3.5300000e+02   2.8832400e+01   3.9275090e+00  -1.1843455e-01   0.0000000e+00   1.9476326e-08
   3.5400000e+02   2.8754800e+01   3.9269990e+00  -1.1840060e-01   0.0000000e+00   1.9204716e-08
   3.5500000e+02   2.8677660e+01   3.9264870e+00  -1.1836540e-01   0.0000000e+00   1.8933488e-08
   3.5600000e+02   2.8600960e+01   3.9259740e+00  -1.1832892e-01   0.0000000e+00   1.8662647e-08
   3.5700000e+02   2.8524700e+01   3.9254580e+00  -1.1829124e-01   0.0000000e+00   1.8392261e-08
   3.5800000e+02   2.8448890e+01   3.9249400e+00  -1.1825235e-01   0.0000000e+00   1.8122374e-08
   3.5900000e+02   2.8373510e+01   3.9244200e+00  -1.1821224e-01   0.0000000e+00   1.7852971e-08
   3.6000000e+02   2.8298570e+01   3.9238990e+00  -1.1817088e-01   0.0000000e+00   1.7584090e-08
   3.6100000e+02   2.8224050e+01   3.9233750e+00  -1.1812839e-01   0.0000000e+00   1.7315785e-08
   3.6200000e+02   2.8149960e+01   3.9228490e+00  -1.1808473e-01   0.0000000e+00   1.7048075e-08
   3.6300000e+02   2.8076300e+01   3.9223220e+00  -1.1803987e-01   0.0000000e+00   1.6780990e-08
   3.6400000e+02   2.8003050e+01   3.9217920e+00  -1.1799390e-01   0.0000000e+00   1.6514559e-08
   3.6500000e+02   2.7930220e+01   3.9212600e+00  -1.1794677e-01   0.0000000e+00   1.6248808e-08
   3.6600000e+02   2.7857810e+01   3.9207270e+00  -1.1789850e-01   0.0000000e+00   1.5983767e-08
   3.6700000e+02   2.7785800e+01   3.9201910e+00  -1.1784915e-01   0.0000000e+00   1.5719470e-08
   3.6800000e+02   2.7714200e+01   3.9196530e+00  -1.1779869e-01   0.0000000e+00   1.5455970e-08
   3.6900000e+02   2.7643000e+01   3.9191140e+00  -1.1774711e-01   0.0000000e+00   1.5193236e-08
   3.7000000e+02   2.7572200e+01   3.9185720e+00  -1.1769449e-01   0.0000000e+00   1.4931314e-08
   3.7100000e+02   2.7501800e+01   3.9180280e+00  -1.1764079e-01   0.0000000e+00   1.4670298e-08
   3.7200000e+02   2.7431790e+01   3.9174820e+00  -1.1758604e-01   0.0000000e+00   1.4410116e-08
   3.7300000e+02   2.7362170e+01   3.9169340e+00  -1.1753024e-01   0.0000000e+00   1.4150873e-08
   3.7400000e+02   2.7292940e+01   3.9163840e+00  -1.1747343e-01   0.0000000e+00   1.3892534e-08
   3.7500000e+02   2.7224090e+01   3.9158320e+00  -1.1741558e-01   0.0000000e+00   1.3635175e-08
   3.7600000e+02   2.7155630e+01   3.9152780e+00  -1.1735672e-01   0.0000000e+00   1.3378799e-08
   3.7700000e+02   2.7087540e+01   3.9147220e+00  -1.1729687e-01   0.0000000e+00   1.3123449e-08
   3.7800000e+02   2.7019830e+01   3.9141640e+00  -1.1723602e-01   0.0000000e+00   1.2869118e-08
   3.7900000e+02   2.6952490e+01   3.9136030e+00  -1.1717424e-01   0.0000000e+00   1.2615829e-08
   3.8000000e+02   2.6885520e+01   3.9130410e+00  -1.1711145e-01   0.0000000e+00   1.2363657e-08
   3.8100000e+02   2.6818920e+01   3.9124760e+00  -1.1704775e-01   0.0000000e+00   1.2112586e-08
   3.8200000e+02   2.6752680e+01   3.9119100e+00  -1.1698308e-01   0.0000000e+00   1.1862629e-08
   3.8300000e+02   2.6686800e+01   3.9113410e+00  -1.1691750e-01   0.0000000e+00   1.1613864e-08
   3.8400000e+02   2.6621280e+01   3.9107700e+00  -1.1685101e-01   0.0000000e+00   1.1366246e-08
   3.8500000e+02   2.6556110e+01   3.9101970e+00  -1.1678362e-01   0.0000000e+00   1.1119860e-08
   3.8600000e+02   2.6491300e+01   3.9096220e+00  -1.1671530e-01   0.0000000e+00   1.0874679e-08
   3.8700000e+02   2.6426840e+01   3.9090440e+00  -1.1664615e-01   0.0000000e+00   1.0630739e-08
   3.8800000e+02   2.6362720e+01   3.9084650e+00  -1.1657610e-01   0.0000000e+00   1.0388078e-08
   3.8900000e+02   2.6298950e+01   3.9078830e+00  -1.1650521e-01   0.0000000e+00   1.0146674e-08
   3.9000000e+02   2.6235520e+01   3.9073000e+00  -1.1643343e-01   0.0000000e+00   9.9066102e-09
   3.9100000e+02   2.6172430e+01   3.9067140e+00  -1.1636084e-01   0.0000000e+00   9.6678661e-09
   3.9200000e+02   2.6109680e+01   3.9061260e+00  -1.1628743e-01   0.0000000e+00   9.4304798e-09
   3.9300000e+02   2.6047270e+01   3.9055360e+00  -1.1621319e-01   0.0000000e+00   9.1944632e-09
   3.9400000e+02   2.5985180e+01   3.9049430e+00  -1.1613818e-01   0.0000000e+00   8.9598315e-09
   3.9500000e+02   2.5923430e+01   3.9043490e+00  -1.1606233e-01   0.0000000e+00   8.7266121e-09
   3.9600000e+02   2.5862000e+01   3.9037520e+00  -1.1598573e-01   0.0000000e+00   8.4948208e-09
   3.9700000e+02   2.5800890e+01   3.9031530e+00  -1.1590836e-01   0.0000000e+00   8.2644828e-09
   3.9800000e+02   2.5740110e+01   3.9025520e+00  -1.1583022e-01   0.0000000e+00   8.0355793e-09
   3.9900000e+02   2.5679650e+01   3.9019490e+00  -1.1575132e-01   0.0000000e+00   7.8081753e-09
   4.0000000e+02   2.5619510e+01   3.9013430e+00  -1.1567170e-01   0.0000000e+00   7.5822754e-09
   4.0100000e+02   2.5559680e+01   3.9007350e+00  -1.1559133e-01   0.0000000e+00   7.3578706e-09
   4.0200000e+02   2.5500170e+01   3.9001260e+00  -1.1551022e-01   0.0000000e+00   7.1350077e-09
   4.0300000e+02   2.5440960e+01   3.8995130e+00  -1.1542846e-01   0.0000000e+00   6.9137117e-09
   4.0400000e+02   2.5382060e+01   3.8988990e+00  -1.1534599e-01   0.0000000e+00   6.6939653e-09
   4.0500000e+02   2.5323470e+01   3.8982830e+00  -1.1526279e-01   0.0000000e+00   6.4758262e-09
   4.0600000e+02   2.5265190e+01   3.8976640e+00  -1.1517895e-01   0.0000000e+00   6.2592469e-09
   4.0700000e+02   2.5207200e+01   3.8970430e+00  -1.1509443e-01   0.0000000e+00   6.0442782e-09
   4.0800000e+02   2.5149520e+01   3.8964200e+00  -1.1500925e-01   0.0000000e+00   5.8309471e-09
   4.0900000e+02   2.5092130e+01   3.8957940e+00  -1.1492346e-01   0.0000000e+00   5.6192467e-09
   4.1000000e+02   2.5035040e+01   3.8951670e+00  -1.1483698e-01   0.0000000e+00   5.4092193e-09
   4.1100000e+02   2.4978240e+01   3.8945370e+00  -1.1474990e-01   0.0000000e+00   5.2008488e-09
   4.1200000e+02   2.4921730e+01   3.8939040e+00  -1.1466225e-01   0.0000000e+00   4.9941707e-09
   4.1300000e+02   2.4865510e+01   3.8932700e+00  -1.1457393e-01   0.0000000e+00   4.7891842e-09
   4.1400000e+02   2.4809580e+01   3.8926330e+00  -1.1448506e-01   0.0000000e+00   4.5858897e-09
   4.1500000e+02   2.4753930e+01   3.8919940e+00  -1.1439558e-01   0.0000000e+00   4.3843122e-09
   4.1600000e+02   2.4698570e+01   3.8913530e+00  -1.1430552e-01   0.0000000e+00   4.1844667e-09
   4.1700000e+02   2.4643490e+01   3.8907100e+00  -1.1421486e-01   0.0000000e+00   3.9863640e-09
   4.1800000e+02   2.4588680e+01   3.8900640e+00  -1.1412371e-01   0.0000000e+00   3.7900296e-09
   4.1900000e+02   2.4534150e+01   3.8894160e+00  -1.1403200e-01   0.0000000e+00   3.5954390e-09
   4.2000000e+02   2.4479900e+01   3.8887660e+00  -1.1393972e-01   0.0000000e+00   3.4026405e-09
   4.2100000e+02   2.4425920e+01   3.8881130e+00  -1.1384696e-01   0.0000000e+00   3.2116197e-09
   4.2200000e+02   2.4372210e+01   3.8874590e+00  -1.1375363e-01   0.0000000e+00   3.0224073e-09
   4.2300000e+02   2.4318780e+01   3.8868020e+00  -1.1365981e-01   0.0000000e+00   2.8349722e-09
   4.2400000e+02   2.4265600e+01   3.8861420e+00  -1.1356553e-01   0.0000000e+00   2.6493631e-09
   4.2500000e+02   2.4212700e+01   3.8854800e+00  -1.1347073e-01   0.0000000e+00   2.4655979e-09
   4.2600000e+02   2.4160060e+01   3.8848170e+00  -1.1337542e-01   0.0000000e+00   2.2836410e-09
   4.2700000e+02   2.4107670e+01   3.8841500e+00  -1.1327970e-01   0.0000000e+00   2.1035300e-09
   4.2800000e+02   2.4055550e+01   3.8834820e+00  -1.1318348e-01   0.0000000e+00   1.9252857e-09
   4.2900000e+02   2.4003690e+01   3.8828110e+00  -1.1308683e-01   0.0000000e+00   1.7488836e-09
   4.3000000e+02   2.3952090e+01   3.8821380e+00  -1.1298972e-01   0.0000000e+00   1.5743605e-09
   4.3100000e+02   2.3900740e+01   3.8814620e+00  -1.1289220e-01   0.0000000e+00   1.4016689e-09
   4.3200000e+02   2.3849640e+01   3.8807850e+00  -1.1279421e-01   0.0000000e+00   1.2309012e-09
   4.3300000e+02   2.3798790e+01   3.8801050e+00  -1.1269584e-01   0.0000000e+00   1.0619906e-09
   4.3400000e+02   2.3748200e+01   3.8794220e+00  -1.1259707e-01   0.0000000e+00   8.9498849e-10
   4.3500000e+02   2.3697850e+01   3.8787380e+00  -1.1249787e-01   0.0000000e+00   7.2987373e-10
   4.3600000e+02   2.3647750e+01   3.8780510e+00  -1.1239830e-01   0.0000000e+00   5.6665810e-10
   4.3700000e+02   2.3597890e+01   3.8773610e+00  -1.1229839e-01   0.0000000e+00   4.0534833e-10
   4.3800000e+02   2.3548270e+01   3.8766700e+00  -1.1219805e-01   0.0000000e+00   2.4597175e-10
   4.3900000e+02   2.3498900e+01   3.8759760e+00  -1.1209737e-01   0.0000000e+00   8.8488801e-11
   4.4000000e+02   2.3449770e+01   3.8752790e+00  -1.1199635e-01   0.0000000e+00  -6.7053078e-11
   4.4100000e+02   2.3400870e+01   3.8745810e+00  -1.1189495e-01   0.0000000e+00  -2.2068605e-10
   4.4200000e+02   2.3352210e+01   3.8738800e+00  -1.1179324e-01   0.0000000e+00  -3.7237765e-10
   4.4300000e+02   2.3303790e+01   3.8731770e+00  -1.1169117e-01   0.0000000e+00  -5.2214211e-10
   4.4400000e+02   2.3255600e+01   3.8724710e+00  -1.1158883e-01   0.0000000e+00  -6.6998456e-10
   4.4500000e+02   2.3207640e+01   3.8717630e+00  -1.1148615e-01   0.0000000e+00  -8.1584928e-10
   4.4600000e+02   2.3159910e+01   3.8710530e+00  -1.1138316e-01   0.0000000e+00  -9.5979635e-10
   4.4700000e+02   2.3112410e+01   3.8703400e+00  -1.1127991e-01   0.0000000e+00  -1.1017991e-09
   4.4800000e+02   2.3065140e+01   3.8696250e+00  -1.1117635e-01   0.0000000e+00  -1.2418579e-09
   4.4900000e+02   2.3018090e+01   3.8689080e+00  -1.1107250e-01   0.0000000e+00  -1.3799604e-09
   4.5000000e+02   2.2971270e+01   3.8681890e+00  -1.1096837e-01   0.0000000e+00  -1.5161055e-09
   4.5100000e+02   2.2924670e+01   3.8674670e+00  -1.1086400e-01   0.0000000e+00  -1.6503065e-09
   4.5200000e+02   2.2878300e+01   3.8667420e+00  -1.1075939e-01   0.0000000e+00  -1.7825414e-09
   4.5300000e+02   2.2832140e+01   3.8660160e+00  -1.1065448e-01   0.0000000e+00  -1.9128547e-09
   4.5400000e+02   2.2786200e+01   3.8652870e+00  -1.1054938e-01   0.0000000e+00  -2.0411925e-09
   4.5500000e+02   2.2740480e+01   3.8645550e+00  -1.1044405e-01   0.0000000e+00  -2.1675901e-09
   4.5600000e+02   2.2694970e+01   3.8638220e+00  -1.1033847e-01   0.0000000e+00  -2.2920077e-09
   4.5700000e+02   2.2649680e+01   3.8630860e+00  -1.1023267e-01   0.0000000e+00  -2.4144924e-09
   4.5800000e+02   2.2604600e+01   3.8623470e+00  -1.1012671e-01   0.0000000e+00  -2.5350156e-09
   4.5900000e+02   2.2559730e+01   3.8616070e+00  -1.1002049e-01   0.0000000e+00  -2.6535663e-09
   4.6000000e+02   2.2515070e+01   3.8608630e+00  -1.0991414e-01   0.0000000e+00  -2.7702172e-09
   4.6100000e+02   2.2470630e+01   3.8601180e+00  -1.0980756e-01   0.0000000e+00  -2.8848670e-09
   4.6200000e+02   2.2426390e+01   3.8593700e+00  -1.0970081e-01   0.0000000e+00  -2.9975981e-09
   4.6300000e+02   2.2382350e+01   3.8586200e+00  -1.0959389e-01   0.0000000e+00  -3.1083621e-09
   4.6400000e+02   2.2338520e+01   3.8578680e+00  -1.0948678e-01   0.0000000e+00  -3.2172064e-09
   4.6500000e+02   2.2294900e+01   3.8571130e+00  -1.0937956e-01   0.0000000e+00  -3.3241186e-09
   4.6600000e+02   2.2251470e+01   3.8563560e+00  -1.0927217e-01   0.0000000e+00  -3.4290672e-09
   4.6700000e+02   2.2208250e+01   3.8555960e+00  -1.0916465e-01   0.0000000e+00  -3.5320711e-09
   4.6800000e+02   2.2165230e+01   3.8548340e+00  -1.0905698e-01   0.0000000e+00  -3.6331444e-09
   4.6900000e+02   2.2122400e+01   3.8540700e+00  -1.0894918e-01   0.0000000e+00  -3.7322818e-09
   4.7000000e+02   2.2079780e+01   3.8533030e+00  -1.0884128e-01   0.0000000e+00  -3.8295268e-09
   4.7100000e+02   2.2037350e+01   3.8525340e+00  -1.0873324e-01   0.0000000e+00  -3.9248225e-09
   4.7200000e+02   2.1995110e+01   3.8517630e+00  -1.0862511e-01   0.0000000e+00  -4.0182034e-09
   4.7300000e+02   2.1953070e+01   3.8509890e+00  -1.0851687e-01   0.0000000e+00  -4.1096764e-09
   4.7400000e+02   2.1911220e+01   3.8502130e+00  -1.0840855e-01   0.0000000e+00  -4.1992423e-09
   4.7500000e+02   2.1869560e+01   3.8494350e+00  -1.0830012e-01   0.0000000e+00  -4.2869090e-09
   4.7600000e+02   2.1828090e+01   3.8486540e+00  -1.0819162e-01   0.0000000e+00  -4.3726624e-09
   4.7700000e+02   2.1786810e+01   3.8478710e+00  -1.0808306e-01   0.0000000e+00  -4.4565254e-09
   4.7800000e+02   2.1745720e+01   3.8470850e+00  -1.0797442e-01   0.0000000e+00  -4.5385015e-09
   4.7900000e+02   2.1704810e+01   3.8462980e+00  -1.0786572e-01   0.0000000e+00  -4.6185846e-09
   4.8000000e+02   2.1664090e+01   3.8455070e+00  -1.0775698e-01   0.0000000e+00  -4.6967881e-09
   4.8100000e+02   2.1623550e+01   3.8447150e+00  -1.0764817e-01   0.0000000e+00  -4.7731239e-09
   4.8200000e+02   2.1583200e+01   3.8439200e+00  -1.0753931e-01   0.0000000e+00  -4.8476030e-09
   4.8300000e+02   2.1543030e+01   3.8431230e+00  -1.0743044e-01   0.0000000e+00  -4.9202103e-09
   4.8400000e+02   2.1503040e+01   3.8423230e+00  -1.0732152e-01   0.0000000e+00  -4.9909633e-09
   4.8500000e+02   2.1463230e+01   3.8415210e+00  -1.0721259e-01   0.0000000e+00  -5.0598794e-09
   4.8600000e+02   2.1423590e+01   3.8407170e+00  -1.0710364e-01   0.0000000e+00  -5.1269524e-09
   4.8700000e+02   2.1384140e+01   3.8399100e+00  -1.0699469e-01   0.0000000e+00  -5.1921870e-09
   4.8800000e+02   2.1344860e+01   3.8391010e+00  -1.0688572e-01   0.0000000e+00  -5.2556175e-09
   4.8900000e+02   2.1305760e+01   3.8382900e+00  -1.0677673e-01   0.0000000e+00  -5.3172236e-09
   4.9000000e+02   2.1266830e+01   3.8374760e+00  -1.0666777e-01   0.0000000e+00  -5.3770150e-09
   4.9100000e+02   2.1228080e+01   3.8366600e+00  -1.0655881e-01   0.0000000e+00  -5.4349954e-09
   4.9200000e+02   2.1189490e+01   3.8358420e+00  -1.0644988e-01   0.0000000e+00  -5.4911932e-09
   4.9300000e+02   2.1151080e+01   3.8350210e+00  -1.0634097e-01   0.0000000e+00  -5.5456137e-09
   4.9400000e+02   2.1112840e+01   3.8341980e+00  -1.0623208e-01   0.0000000e+00  -5.5982442e-09
   4.9500000e+02   2.1074770e+01   3.8333730e+00  -1.0612319e-01   0.0000000e+00  -5.6491292e-09
   4.9600000e+02   2.1036860e+01   3.8325450e+00  -1.0601439e-01   0.0000000e+00  -5.6982450e-09
   4.9700000e+02   2.0999120e+01   3.8317150e+00  -1.0590562e-01   0.0000000e+00  -5.7456103e-09
   4.9800000e+02   2.0961550e+01   3.8308830e+00  -1.0579689e-01   0.0000000e+00  -5.7912314e-09
   4.9900000e+02   2.0924150e+01   3.8300480e+00  -1.0568823e-01   0.0000000e+00  -5.8351230e-09
   5.0000000e+02   2.0886910e+01   3.8292110e+00  -1.0557962e-01   0.0000000e+00  -5.8772916e-09
   5.0100000e+02   2.0849830e+01   3.8283710e+00  -1.0547109e-01   0.0000000e+00  -5.9177627e-09
   5.0200000e+02   2.0812910e+01   3.8275300e+00  -1.0536260e-01   0.0000000e+00  -5.9565270e-09
   5.0300000e+02   2.0776160e+01   3.8266860e+00  -1.0525420e-01   0.0000000e+00  -5.9935957e-09
   5.0400000e+02   2.0739560e+01   3.8258390e+00  -1.0514590e-01   0.0000000e+00  -6.0289751e-09
   5.0500000e+02   2.0703130e+01   3.8249910e+00  -1.0503765e-01   0.0000000e+00  -6.0626930e-09
   5.0600000e+02   2.0666850e+01   3.8241400e+00  -1.0492950e-01   0.0000000e+00  -6.0947573e-09
   5.0700000e+02   2.0630730e+01   3.8232870e+00  -1.0482146e-01   0.0000000e+00  -6.1251649e-09
   5.0800000e+02   2.0594770e+01   3.8224310e+00  -1.0471351e-01   0.0000000e+00  -6.1539230e-09
   5.0900000e+02   2.0558960e+01   3.8215730e+00  -1.0460567e-01   0.0000000e+00  -6.1810710e-09
   5.1000000e+02   2.0523310e+01   3.8207130e+00  -1.0449792e-01   0.0000000e+00  -6.2065955e-09
   5.1100000e+02   2.0487810e+01   3.8198500e+00  -1.0439031e-01   0.0000000e+00  -6.2305161e-09
   5.1200000e+02   2.0452460e+01   3.8189860e+00  -1.0428278e-01   0.0000000e+00  -6.2528458e-09
   5.1300000e+02   2.0417270e+01   3.8181180e+00  -1.0417541e-01   0.0000000e+00  -6.2735767e-09
   5.1400000e+02   2.0382230e+01   3.8172490e+00  -1.0406814e-01   0.0000000e+00  -6.2927510e-09
   5.1500000e+02   2.0347330e+01   3.8163770e+00  -1.0396103e-01   0.0000000e+00  -6.3103548e-09
   5.1600000e+02   2.0312590e+01   3.8155030e+00  -1.0385403e-01   0.0000000e+00  -6.3264246e-09
   5.1700000e+02   2.0278000e+01   3.8146270e+00  -1.0374716e-01   0.0000000e+00  -6.3409453e-09
   5.1800000e+02   2.0243550e+01   3.8137490e+00  -1.0364042e-01   0.0000000e+00  -6.3539522e-09
   5.1900000e+02   2.0209250e+01   3.8128680e+00  -1.0353387e-01   0.0000000e+00  -6.3654484e-09
   5.2000000e+02   2.0175090e+01   3.8119850e+00  -1.0342746e-01   0.0000000e+00  -6.3754425e-09
   5.2100000e+02   2.0141090e+01   3.8110990e+00  -1.0332120e-01   0.0000000e+00  -6.3839455e-09
   5.2200000e+02   2.0107220e+01   3.8102120e+00  -1.0321506e-01   0.0000000e+00  -6.3909699e-09
   5.2300000e+02   2.0073500e+01   3.8093220e+00  -1.0310914e-01   0.0000000e+00  -6.3965465e-09
   5.2400000e+02   2.0039920e+01   3.8084300e+00  -1.0300336e-01   0.0000000e+00  -6.4006679e-09
   5.2500000e+02   2.0006490e+01   3.8075350e+00  -1.0289776e-01   0.0000000e+00  -6.4033484e-09
   5.2600000e+02   1.9973190e+01   3.8066390e+00  -1.0279230e-01   0.0000000e+00  -6.4046146e-09
   5.2700000e+02   1.9940040e+01   3.8057400e+00  -1.0268705e-01   0.0000000e+00  -6.4044657e-09
   5.2800000e+02   1.9907020e+01   3.8048390e+00  -1.0258196e-01   0.0000000e+00  -6.4029157e-09
   5.2900000e+02   1.9874140e+01   3.8039350e+00  -1.0247709e-01   0.0000000e+00  -6.3999888e-09
   5.3000000e+02   1.9841400e+01   3.8030300e+00  -1.0237236e-01   0.0000000e+00  -6.3956828e-09
   5.3100000e+02   1.9808800e+01   3.8021220e+00  -1.0226785e-01   0.0000000e+00  -6.3900286e-09
   5.3200000e+02   1.9776330e+01   3.8012120e+00  -1.0216352e-01   0.0000000e+00  -6.3830213e-09
   5.3300000e+02   1.9744000e+01   3.8002990e+00  -1.0205942e-01   0.0000000e+00  -6.3746937e-09
   5.3400000e+02   1.9711810e+01   3.7993850e+00  -1.0195548e-01   0.0000000e+00  -6.3650419e-09
   5.3500000e+02   1.9679750e+01   3.7984680e+00  -1.0185177e-01   0.0000000e+00  -6.3540903e-09
   5.3600000e+02   1.9647820e+01   3.7975490e+00  -1.0174827e-01   0.0000000e+00  -6.3418606e-09
   5.3700000e+02   1.9616020e+01   3.7966280e+00  -1.0164494e-01   0.0000000e+00  -6.3283444e-09
   5.3800000e+02   1.9584360e+01   3.7957050e+00  -1.0154183e-01   0.0000000e+00  -6.3135734e-09
   5.3900000e+02   1.9552830e+01   3.7947790e+00  -1.0143897e-01   0.0000000e+00  -6.2975462e-09
   5.4000000e+02   1.9521420e+01   3.7938510e+00  -1.0133633e-01   0.0000000e+00  -6.2802885e-09
   5.4100000e+02   1.9490150e+01   3.7929210e+00  -1.0123388e-01   0.0000000e+00  -6.2618013e-09
   5.4200000e+02   1.9459010e+01   3.7919890e+00  -1.0113166e-01   0.0000000e+00  -6.2421133e-09
   5.4300000e+02   1.9427990e+01   3.7910550e+00  -1.0102966e-01   0.0000000e+00  -6.2212425e-09
   5.4400000e+02   1.9397100e+01   3.7901190e+00  -1.0092789e-01   0.0000000e+00  -6.1992001e-09
   5.4500000e+02   1.9366340e+01   3.7891800e+00  -1.0082636e-01   0.0000000e+00  -6.1759800e-09
   5.4600000e+02   1.9335700e+01   3.7882390e+00  -1.0072508e-01   0.0000000e+00  -6.1516232e-09
   5.4700000e+02   1.9305190e+01   3.7872960e+00  -1.0062403e-01   0.0000000e+00  -6.1261370e-09
   5.4800000e+02   1.9274800e+01   3.7863510e+00  -1.0052321e-01   0.0000000e+00  -6.0995154e-09
   5.4900000e+02   1.9244540e+01   3.7854040e+00  -1.0042261e-01   0.0000000e+00  -6.0717959e-09
   5.5000000e+02   1.9214400e+01   3.7844540e+00  -1.0032229e-01   0.0000000e+00  -6.0429932e-09
   5.5100000e+02   1.9184390e+01   3.7835030e+00  -1.0022218e-01   0.0000000e+00  -6.0130963e-09
   5.5200000e+02   1.9154490e+01   3.7825490e+00  -1.0012237e-01   0.0000000e+00  -5.9821661e-09
   5.5300000e+02   1.9124720e+01   3.7815940e+00  -1.0002273e-01   0.0000000e+00  -5.9501747e-09
   5.5400000e+02   1.9095060e+01   3.7806360e+00  -9.9923406e-02   0.0000000e+00  -5.9171384e-09
   5.5500000e+02   1.9065530e+01   3.7796760e+00  -9.9824317e-02   0.0000000e+00  -5.8830914e-09
   5.5600000e+02   1.9036120e+01   3.7787140e+00  -9.9725470e-02   0.0000000e+00  -5.8480442e-09
   5.5700000e+02   1.9006820e+01   3.7777490e+00  -9.9626929e-02   0.0000000e+00  -5.8120180e-09
   5.5800000e+02   1.8977640e+01   3.7767830e+00  -9.9528608e-02   0.0000000e+00  -5.7750040e-09
   5.5900000e+02   1.8948580e+01   3.7758150e+00  -9.9430562e-02   0.0000000e+00  -5.7370551e-09
   5.6000000e+02   1.8919640e+01   3.7748440e+00  -9.9332772e-02   0.0000000e+00  -5.6981339e-09
   5.6100000e+02   1.8890810e+01   3.7738720e+00  -9.9235235e-02   0.0000000e+00  -5.6583030e-09
   5.6200000e+02   1.8862100e+01   3.7728970e+00  -9.9137986e-02   0.0000000e+00  -5.6175512e-09
   5.6300000e+02   1.8833500e+01   3.7719210e+00  -9.9040992e-02   0.0000000e+00  -5.5759018e-09
   5.6400000e+02   1.8805020e+01   3.7709420e+00  -9.8944266e-02   0.0000000e+00  -5.5333584e-09
   5.6500000e+02   1.8776650e+01   3.7699610e+00  -9.8847816e-02   0.0000000e+00  -5.4899484e-09
   5.6600000e+02   1.8748390e+01   3.7689780e+00  -9.8751643e-02   0.0000000e+00  -5.4456945e-09
   5.6700000e+02   1.8720240e+01   3.7679930e+00  -9.8655755e-02   0.0000000e+00  -5.4005857e-09
   5.6800000e+02   1.8692210e+01   3.7670070e+00  -9.8560097e-02   0.0000000e+00  -5.3546567e-09
   5.6900000e+02   1.8664290e+01   3.7660180e+00  -9.8464766e-02   0.0000000e+00  -5.3079268e-09
   5.7000000e+02   1.8636470e+01   3.7650270e+00  -9.8369684e-02   0.0000000e+00  -5.2603893e-09
   5.7100000e+02   1.8608770e+01   3.7640340e+00  -9.8274889e-02   0.0000000e+00  -5.2120797e-09
   5.7200000e+02   1.8581180e+01   3.7630390e+00  -9.8180375e-02   0.0000000e+00  -5.1629919e-09
   5.7300000e+02   1.8553690e+01   3.7620420e+00  -9.8086163e-02   0.0000000e+00  -5.1131616e-09
   5.7400000e+02   1.8526320e+01   3.7610430e+00  -9.7992189e-02   0.0000000e+00  -5.0625849e-09
   5.7500000e+02   1.8499050e+01   3.7600420e+00  -9.7898522e-02   0.0000000e+00  -5.0112948e-09
   5.7600000e+02   1.8471890e+01   3.7590400e+00  -9.7805117e-02   0.0000000e+00  -4.9592852e-09
   5.7700000e+02   1.8444830e+01   3.7580350e+00  -9.7712034e-02   0.0000000e+00  -4.9065958e-09
   5.7800000e+02   1.8417880e+01   3.7570280e+00  -9.7619231e-02   0.0000000e+00  -4.8532357e-09
   5.7900000e+02   1.8391040e+01   3.7560190e+00  -9.7526703e-02   0.0000000e+00  -4.7991874e-09
   5.8000000e+02   1.8364300e+01   3.7550090e+00  -9.7434444e-02   0.0000000e+00  -4.7445003e-09
   5.8100000e+02   1.8337660e+01   3.7539960e+00  -9.7342516e-02   0.0000000e+00  -4.6891906e-09
   5.8200000e+02   1.8311130e+01   3.7529820e+00  -9.7250829e-02   0.0000000e+00  -4.6332512e-09
   5.8300000e+02   1.8284700e+01   3.7519650e+00  -9.7159462e-02   0.0000000e+00  -4.5767020e-09
   5.8400000e+02   1.8258370e+01   3.7509470e+00  -9.7068381e-02   0.0000000e+00  -4.5195761e-09
   5.8500000e+02   1.8232150e+01   3.7499270e+00  -9.6977581e-02   0.0000000e+00  -4.4618459e-09
   5.8600000e+02   1.8206020e+01   3.7489050e+00  -9.6887078e-02   0.0000000e+00  -4.4035652e-09
   5.8700000e+02   1.8180000e+01   3.7478810e+00  -9.6796862e-02   0.0000000e+00  -4.3447547e-09
   5.8800000e+02   1.8154080e+01   3.7468550e+00  -9.6706944e-02   0.0000000e+00  -4.2853852e-09
   5.8900000e+02   1.8128250e+01   3.7458270e+00  -9.6617339e-02   0.0000000e+00  -4.2255132e-09
   5.9000000e+02   1.8102530e+01   3.7447970e+00  -9.6527999e-02   0.0000000e+00  -4.1651321e-09
   5.9100000e+02   1.8076900e+01   3.7437660e+00  -9.6438938e-02   0.0000000e+00  -4.1042556e-09
   5.9200000e+02   1.8051380e+01   3.7427330e+00  -9.6350192e-02   0.0000000e+00  -4.0428990e-09
   5.9300000e+02   1.8025950e+01   3.7416970e+00  -9.6261737e-02   0.0000000e+00  -3.9811028e-09
   5.9400000e+02   1.8000610e+01   3.7406600e+00  -9.6173587e-02   0.0000000e+00  -3.9188314e-09
   5.9500000e+02   1.7975380e+01   3.7396220e+00  -9.6085708e-02   0.0000000e+00  -3.8561258e-09
   5.9600000e+02   1.7950240e+01   3.7385810e+00  -9.5998119e-02   0.0000000e+00  -3.7930179e-09
   5.9700000e+02   1.7925190e+01   3.7375390e+00  -9.5910841e-02   0.0000000e+00  -3.7294843e-09
   5.9800000e+02   1.7900250e+01   3.7364940e+00  -9.5823855e-02   0.0000000e+00  -3.6655608e-09
   5.9900000e+02   1.7875390e+01   3.7354480e+00  -9.5737179e-02   0.0000000e+00  -3.6012568e-09
   6.0000000e+02   1.7850630e+01   3.7344010e+00  -9.5650737e-02   0.0000000e+00  -3.5365894e-09
   6.0100000e+02   1.7825960e+01   3.7333510e+00  -9.5564640e-02   0.0000000e+00  -3.4715747e-09
   6.0200000e+02   1.7801390e+01   3.7323000e+00  -9.5478828e-02   0.0000000e+00  -3.4062225e-09
   6.0300000e+02   1.7776910e+01   3.7312470e+00  -9.5393289e-02   0.0000000e+00  -3.3405302e-09
   6.0400000e+02   1.7752520e+01   3.7301920e+00  -9.5308061e-02   0.0000000e+00  -3.2745413e-09
   6.0500000e+02   1.7728220e+01   3.7291350e+00  -9.5223113e-02   0.0000000e+00  -3.2082472e-09
   6.0600000e+02   1.7704020e+01   3.7280770e+00  -9.5138470e-02   0.0000000e+00  -3.1416654e-09
   6.0700000e+02   1.7679900e+01   3.7270170e+00  -9.5054116e-02   0.0000000e+00  -3.0748123e-09
   6.0800000e+02   1.7655870e+01   3.7259550e+00  -9.4970068e-02   0.0000000e+00  -3.0077001e-09
   6.0900000e+02   1.7631940e+01   3.7248920e+00  -9.4886266e-02   0.0000000e+00  -2.9403405e-09
   6.1000000e+02   1.7608090e+01   3.7238270e+00  -9.4802792e-02   0.0000000e+00  -2.8727478e-09
   6.1100000e+02   1.7584340e+01   3.7227600e+00  -9.4719585e-02   0.0000000e+00  -2.8049343e-09
   6.1200000e+02   1.7560670e+01   3.7216920e+00  -9.4636654e-02   0.0000000e+00  -2.7369129e-09
   6.1300000e+02   1.7537080e+01   3.7206220e+00  -9.4554044e-02   0.0000000e+00  -2.6686952e-09
   6.1400000e+02   1.7513590e+01   3.7195500e+00  -9.4471714e-02   0.0000000e+00  -2.6002989e-09
   6.1500000e+02   1.7490180e+01   3.7184760e+00  -9.4389690e-02   0.0000000e+00  -2.5317283e-09
   6.1600000e+02   1.7466860e+01   3.7174010e+00  -9.4307948e-02   0.0000000e+00  -2.4630037e-09
   6.1700000e+02   1.7443630e+01   3.7163250e+00  -9.4226433e-02   0.0000000e+00  -2.3941331e-09
   6.1800000e+02   1.7420480e+01   3.7152470e+00  -9.4145230e-02   0.0000000e+00  -2.3251278e-09
   6.1900000e+02   1.7397420e+01   3.7141670e+00  -9.4064340e-02   0.0000000e+00  -2.2560038e-09
   6.2000000e+02   1.7374440e+01   3.7130850e+00  -9.3983740e-02   0.0000000e+00  -2.1867695e-09
   6.2100000e+02   1.7351540e+01   3.7120020e+00  -9.3903387e-02   0.0000000e+00  -2.1174427e-09
   6.2200000e+02   1.7328730e+01   3.7109170e+00  -9.3823357e-02   0.0000000e+00  -2.0480294e-09
   6.2300000e+02   1.7306010e+01   3.7098310e+00  -9.3743579e-02   0.0000000e+00  -1.9785433e-09
   6.2400000e+02   1.7283360e+01   3.7087440e+00  -9.3664065e-02   0.0000000e+00  -1.9089945e-09
   6.2500000e+02   1.7260800e+01   3.7076540e+00  -9.3584846e-02   0.0000000e+00  -1.8393995e-09
   6.2600000e+02   1.7238320e+01   3.7065630e+00  -9.3505923e-02   0.0000000e+00  -1.7697652e-09
   6.2700000e+02   1.7215920e+01   3.7054710e+00  -9.3427263e-02   0.0000000e+00  -1.7001069e-09
   6.2800000e+02   1.7193610e+01   3.7043770e+00  -9.3348855e-02   0.0000000e+00  -1.6304313e-09
   6.2900000e+02   1.7171370e+01   3.7032820e+00  -9.3270743e-02   0.0000000e+00  -1.5607527e-09
   6.3000000e+02   1.7149220e+01   3.7021850e+00  -9.3192915e-02   0.0000000e+00  -1.4910806e-09
   6.3100000e+02   1.7127140e+01   3.7010860e+00  -9.3115360e-02   0.0000000e+00  -1.4214294e-09
   6.3200000e+02   1.7105150e+01   3.6999870e+00  -9.3038047e-02   0.0000000e+00  -1.3518084e-09
   6.3300000e+02   1.7083230e+01   3.6988850e+00  -9.2961046e-02   0.0000000e+00  -1.2822328e-09
   6.3400000e+02   1.7061390e+01   3.6977830e+00  -9.2884265e-02   0.0000000e+00  -1.2127012e-09
   6.3500000e+02   1.7039630e+01   3.6966780e+00  -9.2807791e-02   0.0000000e+00  -1.1432345e-09
   6.3600000e+02   1.7017950e+01   3.6955730e+00  -9.2731557e-02   0.0000000e+00  -1.0738399e-09
   6.3700000e+02   1.6996350e+01   3.6944660e+00  -9.2655595e-02   0.0000000e+00  -1.0045296e-09
   6.3800000e+02   1.6974820e+01   3.6933570e+00  -9.2579933e-02   0.0000000e+00  -9.3531751e-10
   6.3900000e+02   1.6953370e+01   3.6922470e+00  -9.2504495e-02   0.0000000e+00  -8.6620587e-10
   6.4000000e+02   1.6932000e+01   3.6911360e+00  -9.2429319e-02   0.0000000e+00  -7.9720718e-10
   6.4100000e+02   1.6910710e+01   3.6900230e+00  -9.2354417e-02   0.0000000e+00  -7.2833794e-10
   6.4200000e+02   1.6889480e+01   3.6889090e+00  -9.2279777e-02   0.0000000e+00  -6.5959353e-10
   6.4300000e+02   1.6868340e+01   3.6877940e+00  -9.2205384e-02   0.0000000e+00  -5.9100151e-10
   6.4400000e+02   1.6847270e+01   3.6866770e+00  -9.2131253e-02   0.0000000e+00  -5.2256332e-10
   6.4500000e+02   1.6826270e+01   3.6855590e+00  -9.2057353e-02   0.0000000e+00  -4.5428442e-10
   6.4600000e+02   1.6805350e+01   3.6844390e+00  -9.1983749e-02   0.0000000e+00  -3.8618328e-10
   6.4700000e+02   1.6784500e+01   3.6833180e+00  -9.1910372e-02   0.0000000e+00  -3.1826271e-10
   6.4800000e+02   1.6763730e+01   3.6821960e+00  -9.1837244e-02   0.0000000e+00  -2.5053707e-10
   6.4900000e+02   1.6743020e+01   3.6810730e+00  -9.1764368e-02   0.0000000e+00  -1.8301242e-10
   6.5000000e+02   1.6722400e+01   3.6799480e+00  -9.1691737e-02   0.0000000e+00  -1.1569671e-10
   6.5100000e+02   1.6701840e+01   3.6788220e+00  -9.1619355e-02   0.0000000e+00  -4.8602018e-11
   6.5200000e+02   1.6681350e+01   3.6776950e+00  -9.1547202e-02   0.0000000e+00   1.8267196e-11
   6.5300000e+02   1.6660940e+01   3.6765660e+00  -9.1475323e-02   0.0000000e+00   8.4893633e-11
   6.5400000e+02   1.6640600e+01   3.6754360e+00  -9.1403670e-02   0.0000000e+00   1.5127934e-10
   6.5500000e+02   1.6620330e+01   3.6743050e+00  -9.1332245e-02   0.0000000e+00   2.1740679e-10
   6.5600000e+02   1.6600120e+01   3.6731730e+00  -9.1261058e-02   0.0000000e+00   2.8327235e-10
   6.5700000e+02   1.6579990e+01   3.6720400e+00  -9.1190103e-02   0.0000000e+00   3.4886595e-10
   6.5800000e+02   1.6559930e+01   3.6709050e+00  -9.1119397e-02   0.0000000e+00   4.1417990e-10
   6.5900000e+02   1.6539940e+01   3.6697690e+00  -9.1048917e-02   0.0000000e+00   4.7920569e-10
   6.6000000e+02   1.6520020e+01   3.6686320e+00  -9.0978660e-02   0.0000000e+00   5.4393345e-10
   6.6100000e+02   1.6500160e+01   3.6674940e+00  -9.0908641e-02   0.0000000e+00   6.0836162e-10
   6.6200000e+02   1.6480380e+01   3.6663540e+00  -9.0838853e-02   0.0000000e+00   6.7247368e-10
   6.6300000e+02   1.6460660e+01   3.6652140e+00  -9.0769274e-02   0.0000000e+00   7.3626890e-10
   6.6400000e+02   1.6441010e+01   3.6640720e+00  -9.0699933e-02   0.0000000e+00   7.9973459e-10
   6.6500000e+02   1.6421430e+01   3.6629290e+00  -9.0630818e-02   0.0000000e+00   8.6286279e-10
   6.6600000e+02   1.6401910e+01   3.6617850e+00  -9.0561918e-02   0.0000000e+00   9.2565406e-10
   6.6700000e+02   1.6382460e+01   3.6606400e+00  -9.0493229e-02   0.0000000e+00   9.8809169e-10
   6.6800000e+02   1.6363080e+01   3.6594940e+00  -9.0424751e-02   0.0000000e+00   1.0501735e-09
   6.6900000e+02   1.6343760e+01   3.6583470e+00  -9.0356500e-02   0.0000000e+00   1.1118942e-09
   6.7000000e+02   1.6324510e+01   3.6571980e+00  -9.0288477e-02   0.0000000e+00   1.1732422e-09
   6.7100000e+02   1.6305330e+01   3.6560490e+00  -9.0220627e-02   0.0000000e+00   1.2342126e-09
   6.7200000e+02   1.6286200e+01   3.6548980e+00  -9.0153025e-02   0.0000000e+00   1.2947988e-09
   6.7300000e+02   1.6267150e+01   3.6537470e+00  -9.0085590e-02   0.0000000e+00   1.3549917e-09
   6.7400000e+02   1.6248160e+01   3.6525940e+00  -9.0018401e-02   0.0000000e+00   1.4147894e-09
   6.7500000e+02   1.6229230e+01   3.6514410e+00  -8.9951381e-02   0.0000000e+00   1.4741822e-09
   6.7600000e+02   1.6210360e+01   3.6502860e+00  -8.9884585e-02   0.0000000e+00   1.5331667e-09
   6.7700000e+02   1.6191560e+01   3.6491300e+00  -8.9818000e-02   0.0000000e+00   1.5917338e-09
   6.7800000e+02   1.6172830e+01   3.6479740e+00  -8.9751566e-02   0.0000000e+00   1.6498775e-09
   6.7900000e+02   1.6154150e+01   3.6468160e+00  -8.9685373e-02   0.0000000e+00   1.7075927e-09
   6.8000000e+02   1.6135540e+01   3.6456570e+00  -8.9619374e-02   0.0000000e+00   1.7648749e-09
   6.8100000e+02   1.6116990e+01   3.6444980e+00  -8.9553536e-02   0.0000000e+00   1.8217131e-09
   6.8200000e+02   1.6098500e+01   3.6433370e+00  -8.9487915e-02   0.0000000e+00   1.8781062e-09
   6.8300000e+02   1.6080070e+01   3.6421760e+00  -8.9422462e-02   0.0000000e+00   1.9340497e-09
   6.8400000e+02   1.6061710e+01   3.6410140e+00  -8.9357200e-02   0.0000000e+00   1.9895317e-09
   6.8500000e+02   1.6043400e+01   3.6398500e+00  -8.9292150e-02   0.0000000e+00   2.0445550e-09
   6.8600000e+02   1.6025160e+01   3.6386860e+00  -8.9227249e-02   0.0000000e+00   2.0991112e-09
   6.8700000e+02   1.6006980e+01   3.6375210e+00  -8.9162545e-02   0.0000000e+00   2.1531933e-09
   6.8800000e+02   1.5988850e+01   3.6363550e+00  -8.9098005e-02   0.0000000e+00   2.2067994e-09
   6.8900000e+02   1.5970790e+01   3.6351880e+00  -8.9033657e-02   0.0000000e+00   2.2599237e-09
   6.9000000e+02   1.5952780e+01   3.6340200e+00  -8.8969500e-02   0.0000000e+00   2.3125592e-09
   6.9100000e+02   1.5934840e+01   3.6328520e+00  -8.8905468e-02   0.0000000e+00   2.3646999e-09
   6.9200000e+02   1.5916950e+01   3.6316820e+00  -8.8841650e-02   0.0000000e+00   2.4163468e-09
   6.9300000e+02   1.5899120e+01   3.6305120e+00  -8.8777987e-02   0.0000000e+00   2.4674928e-09
   6.9400000e+02   1.5881350e+01   3.6293410e+00  -8.8714490e-02   0.0000000e+00   2.5181291e-09
   6.9500000e+02   1.5863640e+01   3.6281690e+00  -8.8651164e-02   0.0000000e+00   2.5682583e-09
   6.9600000e+02   1.5845980e+01   3.6269960e+00  -8.8588003e-02   0.0000000e+00   2.6178729e-09
   6.9700000e+02   1.5828390e+01   3.6258230e+00  -8.8524986e-02   0.0000000e+00   2.6669673e-09
   6.9800000e+02   1.5810850e+01   3.6246490e+00  -8.8462125e-02   0.0000000e+00   2.7155379e-09
   6.9900000e+02   1.5793360e+01   3.6234740e+00  -8.8399448e-02   0.0000000e+00   2.7635858e-09
   7.0000000e+02   1.5775940e+01   3.6222980e+00  -8.8336912e-02   0.0000000e+00   2.8111054e-09
   7.0100000e+02   1.5758570e+01   3.6211210e+00  -8.8274548e-02   0.0000000e+00   2.8580876e-09
   7.0200000e+02   1.5741250e+01   3.6199440e+00  -8.8212300e-02   0.0000000e+00   2.9045332e-09
   7.0300000e+02   1.5723990e+01   3.6187660e+00  -8.8150230e-02   0.0000000e+00   2.9504339e-09
   7.0400000e+02   1.5706790e+01   3.6175870e+00  -8.8088307e-02   0.0000000e+00   2.9957945e-09
   7.0500000e+02   1.5689640e+01   3.6164080e+00  -8.8026499e-02   0.0000000e+00   3.0406082e-09
   7.0600000e+02   1.5672550e+01   3.6152280e+00  -8.7964853e-02   0.0000000e+00   3.0848650e-09
   7.0700000e+02   1.5655510e+01   3.6140470e+00  -8.7903360e-02   0.0000000e+00   3.1285721e-09
   7.0800000e+02   1.5638530e+01   3.6128650e+00  -8.7842006e-02   0.0000000e+00   3.1717256e-09
   7.0900000e+02   1.5621600e+01   3.6116830e+00  -8.7780777e-02   0.0000000e+00   3.2143170e-09
   7.1000000e+02   1.5604720e+01   3.6105000e+00  -8.7719705e-02   0.0000000e+00   3.2563415e-09
   7.1100000e+02   1.5587900e+01   3.6093170e+00  -8.7658730e-02   0.0000000e+00   3.2978023e-09
   7.1200000e+02   1.5571130e+01   3.6081330e+00  -8.7597915e-02   0.0000000e+00   3.3386983e-09
   7.1300000e+02   1.5554410e+01   3.6069480e+00  -8.7537227e-02   0.0000000e+00   3.3790191e-09
   7.1400000e+02   1.5537750e+01   3.6057630e+00  -8.7476659e-02   0.0000000e+00   3.4187666e-09
   7.1500000e+02   1.5521140e+01   3.6045770e+00  -8.7416229e-02   0.0000000e+00   3.4579376e-09
   7.1600000e+02   1.5504580e+01   3.6033900e+00  -8.7355932e-02   0.0000000e+00   3.4965337e-09
   7.1700000e+02   1.5488070e+01   3.6022030e+00  -8.7295737e-02   0.0000000e+00   3.5345475e-09
   7.1800000e+02   1.5471620e+01   3.6010150e+00  -8.7235676e-02   0.0000000e+00   3.5719796e-09
   7.1900000e+02   1.5455210e+01   3.5998270e+00  -8.7175729e-02   0.0000000e+00   3.6088297e-09
   7.2000000e+02   1.5438860e+01   3.5986380e+00  -8.7115894e-02   0.0000000e+00   3.6450901e-09
   7.2100000e+02   1.5422560e+01   3.5974490e+00  -8.7056165e-02   0.0000000e+00   3.6807658e-09
   7.2200000e+02   1.5406310e+01   3.5962590e+00  -8.6996568e-02   0.0000000e+00   3.7158511e-09
   7.2300000e+02   1.5390110e+01   3.5950690e+00  -8.6937067e-02   0.0000000e+00   3.7503400e-09
   7.2400000e+02   1.5373960e+01   3.5938780e+00  -8.6877682e-02   0.0000000e+00   3.7842429e-09
   7.2500000e+02   1.5357860e+01   3.5926870e+00  -8.6818405e-02   0.0000000e+00   3.8175454e-09
   7.2600000e+02   1.5341810e+01   3.5914950e+00  -8.6759230e-02   0.0000000e+00   3.8502565e-09
   7.2700000e+02   1.5325810e+01   3.5903020e+00  -8.6700188e-02   0.0000000e+00   3.8823622e-09
   7.2800000e+02   1.5309860e+01   3.5891100e+00  -8.6641203e-02   0.0000000e+00   3.9138752e-09
   7.2900000e+02   1.5293960e+01   3.5879160e+00  -8.6582346e-02   0.0000000e+00   3.9447875e-09
   7.3000000e+02   1.5278100e+01   3.5867230e+00  -8.6523576e-02   0.0000000e+00   3.9750948e-09
   7.3100000e+02   1.5262300e+01   3.5855290e+00  -8.6464892e-02   0.0000000e+00   4.0048058e-09
   7.3200000e+02   1.5246540e+01   3.5843340e+00  -8.6406332e-02   0.0000000e+00   4.0339144e-09
   7.3300000e+02   1.5230830e+01   3.5831390e+00  -8.6347857e-02   0.0000000e+00   4.0624158e-09
   7.3400000e+02   1.5215170e+01   3.5819440e+00  -8.6289448e-02   0.0000000e+00   4.0903147e-09
   7.3500000e+02   1.5199560e+01   3.5807480e+00  -8.6231144e-02   0.0000000e+00   4.1176085e-09
   7.3600000e+02   1.5184000e+01   3.5795520e+00  -8.6172927e-02   0.0000000e+00   4.1442941e-09
   7.3700000e+02   1.5168480e+01   3.5783550e+00  -8.6114813e-02   0.0000000e+00   4.1703735e-09
   7.3800000e+02   1.5153010e+01   3.5771580e+00  -8.6056762e-02   0.0000000e+00   4.1958448e-09
   7.3900000e+02   1.5137580e+01   3.5759610e+00  -8.5998797e-02   0.0000000e+00   4.2207152e-09
   7.4000000e+02   1.5122210e+01   3.5747630e+00  -8.5940917e-02   0.0000000e+00   4.2449702e-09
   7.4100000e+02   1.5106870e+01   3.5735650e+00  -8.5883123e-02   0.0000000e+00   4.2686192e-09
   7.4200000e+02   1.5091590e+01   3.5723670e+00  -8.5825385e-02   0.0000000e+00   4.2916615e-09
   7.4300000e+02   1.5076350e+01   3.5711680e+00  -8.5767745e-02   0.0000000e+00   4.3140981e-09
   7.4400000e+02   1.5061160e+01   3.5699690e+00  -8.5710162e-02   0.0000000e+00   4.3359183e-09
   7.4500000e+02   1.5046010e+01   3.5687700e+00  -8.5652650e-02   0.0000000e+00   4.3571373e-09
   7.4600000e+02   1.5030900e+01   3.5675700e+00  -8.5595225e-02   0.0000000e+00   4.3777464e-09
   7.4700000e+02   1.5015850e+01   3.5663710e+00  -8.5537847e-02   0.0000000e+00   4.3977426e-09
   7.4800000e+02   1.5000830e+01   3.5651700e+00  -8.5480573e-02   0.0000000e+00   4.4171413e-09
   7.4900000e+02   1.4985860e+01   3.5639700e+00  -8.5423315e-02   0.0000000e+00   4.4359219e-09
   7.5000000e+02   1.4970940e+01   3.5627700e+00  -8.5366137e-02   0.0000000e+00   4.4541010e-09
   7.5100000e+02   1.4956060e+01   3.5615690e+00  -8.5309028e-02   0.0000000e+00   4.4716709e-09
   7.5200000e+02   1.4941220e+01   3.5603680e+00  -8.5251977e-02   0.0000000e+00   4.4886359e-09
   7.5300000e+02   1.4926430e+01   3.5591660e+00  -8.5195004e-02   0.0000000e+00   4.5049946e-09
   7.5400000e+02   1.4911680e+01   3.5579650e+00  -8.5138047e-02   0.0000000e+00   4.5207540e-09
   7.5500000e+02   1.4896970e+01   3.5567630e+00  -8.5081181e-02   0.0000000e+00   4.5358994e-09
   7.5600000e+02   1.4882310e+01   3.5555610e+00  -8.5024362e-02   0.0000000e+00   4.5504486e-09
   7.5700000e+02   1.4867690e+01   3.5543590e+00  -8.4967580e-02   0.0000000e+00   4.5643867e-09
   7.5800000e+02   1.4853110e+01   3.5531570e+00  -8.4910862e-02   0.0000000e+00   4.5777293e-09
   7.5900000e+02   1.4838580e+01   3.5519540e+00  -8.4854190e-02   0.0000000e+00   4.5904723e-09
   7.6000000e+02   1.4824090e+01   3.5507520e+00  -8.4797556e-02   0.0000000e+00   4.6026077e-09
   7.6100000e+02   1.4809640e+01   3.5495490e+00  -8.4740986e-02   0.0000000e+00   4.6141477e-09
   7.6200000e+02   1.4795230e+01   3.5483460e+00  -8.4684445e-02   0.0000000e+00   4.6250912e-09
   7.6300000e+02   1.4780860e+01   3.5471430e+00  -8.4627955e-02   0.0000000e+00   4.6354297e-09
   7.6400000e+02   1.4766540e+01   3.5459400e+00  -8.4571515e-02   0.0000000e+00   4.6451854e-09
   7.6500000e+02   1.4752250e+01   3.5447360e+00  -8.4515125e-02   0.0000000e+00   4.6543391e-09
   7.6600000e+02   1.4738010e+01   3.5435330e+00  -8.4458738e-02   0.0000000e+00   4.6628989e-09
   7.6700000e+02   1.4723810e+01   3.5423290e+00  -8.4402419e-02   0.0000000e+00   4.6708670e-09
   7.6800000e+02   1.4709650e+01   3.5411260e+00  -8.4346109e-02   0.0000000e+00   4.6782462e-09
   7.6900000e+02   1.4695530e+01   3.5399220e+00  -8.4289851e-02   0.0000000e+00   4.6850343e-09
   7.7000000e+02   1.4681450e+01   3.5387180e+00  -8.4233638e-02   0.0000000e+00   4.6912327e-09
   7.7100000e+02   1.4667410e+01   3.5375140e+00  -8.4177451e-02   0.0000000e+00   4.6968474e-09
   7.7200000e+02   1.4653410e+01   3.5363110e+00  -8.4121259e-02   0.0000000e+00   4.7018832e-09
   7.7300000e+02   1.4639450e+01   3.5351070e+00  -8.4065114e-02   0.0000000e+00   4.7063265e-09
   7.7400000e+02   1.4625520e+01   3.5339030e+00  -8.4009010e-02   0.0000000e+00   4.7101989e-09
   7.7500000e+02   1.4611640e+01   3.5326990e+00  -8.3952926e-02   0.0000000e+00   4.7134861e-09
   7.7600000e+02   1.4597800e+01   3.5314950e+00  -8.3896869e-02   0.0000000e+00   4.7162025e-09
   7.7700000e+02   1.4584000e+01   3.5302910e+00  -8.3840828e-02   0.0000000e+00   4.7183332e-09
   7.7800000e+02   1.4570230e+01   3.5290870e+00  -8.3784823e-02   0.0000000e+00   4.7198870e-09
   7.7900000e+02   1.4556510e+01   3.5278830e+00  -8.3728831e-02   0.0000000e+00   4.7208835e-09
   7.8000000e+02   1.4542820e+01   3.5266790e+00  -8.3672863e-02   0.0000000e+00   4.7212987e-09
   7.8100000e+02   1.4529170e+01   3.5254750e+00  -8.3616907e-02   0.0000000e+00   4.7211480e-09
   7.8200000e+02   1.4515560e+01   3.5242710e+00  -8.3560978e-02   0.0000000e+00   4.7204323e-09
   7.8300000e+02   1.4501990e+01   3.5230670e+00  -8.3505056e-02   0.0000000e+00   4.7191515e-09
   7.8400000e+02   1.4488450e+01   3.5218630e+00  -8.3449156e-02   0.0000000e+00   4.7173103e-09
   7.8500000e+02   1.4474960e+01   3.5206590e+00  -8.3393258e-02   0.0000000e+00   4.7149152e-09
   7.8600000e+02   1.4461500e+01   3.5194550e+00  -8.3337386e-02   0.0000000e+00   4.7119528e-09
   7.8700000e+02   1.4448080e+01   3.5182520e+00  -8.3281506e-02   0.0000000e+00   4.7084511e-09
   7.8800000e+02   1.4434690e+01   3.5170480e+00  -8.3225649e-02   0.0000000e+00   4.7043798e-09
   7.8900000e+02   1.4421340e+01   3.5158450e+00  -8.3169789e-02   0.0000000e+00   4.6997576e-09
   7.9000000e+02   1.4408030e+01   3.5146410e+00  -8.3113963e-02   0.0000000e+00   4.6946006e-09
   7.9100000e+02   1.4394760e+01   3.5134380e+00  -8.3058116e-02   0.0000000e+00   4.6888879e-09
   7.9200000e+02   1.4381520e+01   3.5122350e+00  -8.3002280e-02   0.0000000e+00   4.6826379e-09
   7.9300000e+02   1.4368310e+01   3.5110310e+00  -8.2946478e-02   0.0000000e+00   4.6758402e-09
   7.9400000e+02   1.4355150e+01   3.5098280e+00  -8.2890664e-02   0.0000000e+00   4.6685123e-09
   7.9500000e+02   1.4342020e+01   3.5086260e+00  -8.2834817e-02   0.0000000e+00   4.6606428e-09
   7.9600000e+02   1.4328920e+01   3.5074230e+00  -8.2779005e-02   0.0000000e+00   4.6522336e-09
   7.9700000e+02   1.4315860e+01   3.5062200e+00  -8.2723199e-02   0.0000000e+00   4.6433031e-09
   7.9800000e+02   1.4302840e+01   3.5050180e+00  -8.2667360e-02   0.0000000e+00   4.6338429e-09
   7.9900000e+02   1.4289850e+01   3.5038160e+00  -8.2611522e-02   0.0000000e+00   4.6238533e-09
   8.0000000e+02   1.4276900e+01   3.5026140e+00  -8.2555707e-02   0.0000000e+00   4.6133465e-09
   8.0100000e+02   1.4263980e+01   3.5014120e+00  -8.2499866e-02   0.0000000e+00   4.6023182e-09
   8.0200000e+02   1.4251100e+01   3.5002100e+00  -8.2444034e-02   0.0000000e+00   4.5907682e-09
   8.0300000e+02   1.4238250e+01   3.4990080e+00  -8.2388210e-02   0.0000000e+00   4.5787093e-09
   8.0400000e+02   1.4225440e+01   3.4978070e+00  -8.2332344e-02   0.0000000e+00   4.5661349e-09
   8.0500000e+02   1.4212660e+01   3.4966060e+00  -8.2276494e-02   0.0000000e+00   4.5530568e-09
   8.0600000e+02   1.4199910e+01   3.4954050e+00  -8.2220627e-02   0.0000000e+00   4.5394667e-09
   8.0700000e+02   1.4187200e+01   3.4942040e+00  -8.2164755e-02   0.0000000e+00   4.5253783e-09
   8.0800000e+02   1.4174520e+01   3.4930040e+00  -8.2108858e-02   0.0000000e+00   4.5107841e-09
   8.0900000e+02   1.4161880e+01   3.4918040e+00  -8.2052953e-02   0.0000000e+00   4.4956901e-09
   8.1000000e+02   1.4149270e+01   3.4906040e+00  -8.1997026e-02   0.0000000e+00   4.4801120e-09
   8.1100000e+02   1.4136690e+01   3.4894040e+00  -8.1941112e-02   0.0000000e+00   4.4640369e-09
   8.1200000e+02   1.4124150e+01   3.4882040e+00  -8.1885172e-02   0.0000000e+00   4.4474658e-09
   8.1300000e+02   1.4111630e+01   3.4870050e+00  -8.1829230e-02   0.0000000e+00   4.4304165e-09
   8.1400000e+02   1.4099160e+01   3.4858060e+00  -8.1773244e-02   0.0000000e+00   4.4128891e-09
   8.1500000e+02   1.4086710e+01   3.4846080e+00  -8.1717249e-02   0.0000000e+00   4.3948651e-09
   8.1600000e+02   1.4074300e+01   3.4834090e+00  -8.1661252e-02   0.0000000e+00   4.3763835e-09
   8.1700000e+02   1.4061920e+01   3.4822110e+00  -8.1605213e-02   0.0000000e+00   4.3574195e-09
   8.1800000e+02   1.4049570e+01   3.4810130e+00  -8.1549170e-02   0.0000000e+00   4.3379863e-09
   8.1900000e+02   1.4037260e+01   3.4798160e+00  -8.1493087e-02   0.0000000e+00   4.3180856e-09
   8.2000000e+02   1.4024970e+01   3.4786190e+00  -8.1437001e-02   0.0000000e+00   4.2977261e-09
   8.2100000e+02   1.4012720e+01   3.4774220e+00  -8.1380888e-02   0.0000000e+00   4.2768942e-09
   8.2200000e+02   1.4000500e+01   3.4762250e+00  -8.1324773e-02   0.0000000e+00   4.2556159e-09
   8.2300000e+02   1.3988320e+01   3.4750290e+00  -8.1268609e-02   0.0000000e+00   4.2338799e-09
   8.2400000e+02   1.3976160e+01   3.4738330e+00  -8.1212426e-02   0.0000000e+00   4.2116850e-09
   8.2500000e+02   1.3964040e+01   3.4726370e+00  -8.1156241e-02   0.0000000e+00   4.1890476e-09
   8.2600000e+02   1.3951940e+01   3.4714420e+00  -8.1100011e-02   0.0000000e+00   4.1659711e-09
   8.2700000e+02   1.3939880e+01   3.4702470e+00  -8.1043763e-02   0.0000000e+00   4.1424494e-09
   8.2800000e+02   1.3927850e+01   3.4690530e+00  -8.0987445e-02   0.0000000e+00   4.1184897e-09
   8.2900000e+02   1.3915850e+01   3.4678590e+00  -8.0931136e-02   0.0000000e+00   4.0940964e-09
   8.3000000e+02   1.3903880e+01   3.4666650e+00  -8.0874812e-02   0.0000000e+00   4.0692597e-09
   8.3100000e+02   1.3891940e+01   3.4654720e+00  -8.0818427e-02   0.0000000e+00   4.0440031e-09
   8.3200000e+02   1.3880030e+01   3.4642790e+00  -8.0762045e-02   0.0000000e+00   4.0183173e-09
   8.3300000e+02   1.3868150e+01   3.4630860e+00  -8.0705614e-02   0.0000000e+00   3.9922164e-09
   8.3400000e+02   1.3856300e+01   3.4618940e+00  -8.0649155e-02   0.0000000e+00   3.9656920e-09
   8.3500000e+02   1.3844490e+01   3.4607020e+00  -8.0592677e-02   0.0000000e+00   3.9387558e-09
   8.3600000e+02   1.3832700e+01   3.4595100e+00  -8.0536173e-02   0.0000000e+00   3.9114065e-09
   8.3700000e+02   1.3820940e+01   3.4583190e+00  -8.0479605e-02   0.0000000e+00   3.8836409e-09
   8.3800000e+02   1.3809210e+01   3.4571290e+00  -8.0423017e-02   0.0000000e+00   3.8554732e-09
   8.3900000e+02   1.3797510e+01   3.4559390e+00  -8.0366395e-02   0.0000000e+00   3.8269119e-09
   8.4000000e+02   1.3785840e+01   3.4547490e+00  -8.0309734e-02   0.0000000e+00   3.7979480e-09
   8.4100000e+02   1.3774200e+01   3.4535600e+00  -8.0253049e-02   0.0000000e+00   3.7685820e-09
   8.4200000e+02   1.3762590e+01   3.4523710e+00  -8.0196342e-02   0.0000000e+00   3.7388327e-09
   8.4300000e+02   1.3751010e+01   3.4511830e+00  -8.0139556e-02   0.0000000e+00   3.7086922e-09
   8.4400000e+02   1.3739450e+01   3.4499950e+00  -8.0082776e-02   0.0000000e+00   3.6781694e-09
   8.4500000e+02   1.3727930e+01   3.4488070e+00  -8.0025953e-02   0.0000000e+00   3.6472632e-09
   8.4600000e+02   1.3716430e+01   3.4476200e+00  -7.9969092e-02   0.0000000e+00   3.6159833e-09
   8.4700000e+02   1.3704960e+01   3.4464340e+00  -7.9912166e-02   0.0000000e+00   3.5843136e-09
   8.4800000e+02   1.3693520e+01   3.4452470e+00  -7.9855243e-02   0.0000000e+00   3.5522911e-09
   8.4900000e+02   1.3682110e+01   3.4440620e+00  -7.9798264e-02   0.0000000e+00   3.5198878e-09
   8.5000000e+02   1.3670730e+01   3.4428770e+00  -7.9741237e-02   0.0000000e+00   3.4871341e-09
   8.5100000e+02   1.3659370e+01   3.4416920e+00  -7.9684187e-02   0.0000000e+00   3.4540024e-09
   8.5200000e+02   1.3648050e+01   3.4405080e+00  -7.9627075e-02   0.0000000e+00   3.4205258e-09
   8.5300000e+02   1.3636750e+01   3.4393240e+00  -7.9569939e-02   0.0000000e+00   3.3866968e-09
   8.5400000e+02   1.3625480e+01   3.4381410e+00  -7.9512763e-02   0.0000000e+00   3.3525066e-09
   8.5500000e+02   1.3614230e+01   3.4369590e+00  -7.9455537e-02   0.0000000e+00   3.3179808e-09
   8.5600000e+02   1.3603020e+01   3.4357770e+00  -7.9398271e-02   0.0000000e+00   3.2830953e-09
   8.5700000e+02   1.3591830e+01   3.4345950e+00  -7.9340988e-02   0.0000000e+00   3.2478833e-09
   8.5800000e+02   1.3580660e+01   3.4334140e+00  -7.9283653e-02   0.0000000e+00   3.2123307e-09
   8.5900000e+02   1.3569530e+01   3.4322330e+00  -7.9226269e-02   0.0000000e+00   3.1764431e-09
   8.6000000e+02   1.3558420e+01   3.4310530e+00  -7.9168857e-02   0.0000000e+00   3.1402341e-09
   8.6100000e+02   1.3547340e+01   3.4298740e+00  -7.9111362e-02   0.0000000e+00   3.1036856e-09
   8.6200000e+02   1.3536290e+01   3.4286950e+00  -7.9053856e-02   0.0000000e+00   3.0668259e-09
   8.6300000e+02   1.3525260e+01   3.4275170e+00  -7.8996281e-02   0.0000000e+00   3.0296465e-09
   8.6400000e+02   1.3514260e+01   3.4263390e+00  -7.8938693e-02   0.0000000e+00   2.9921450e-09
   8.6500000e+02   1.3503280e+01   3.4251620e+00  -7.8881048e-02   0.0000000e+00   2.9543242e-09
   8.6600000e+02   1.3492330e+01   3.4239850e+00  -7.8823362e-02   0.0000000e+00   2.9162101e-09
   8.6700000e+02   1.3481410e+01   3.4228090e+00  -7.8765643e-02   0.0000000e+00   2.8777821e-09
   8.6800000e+02   1.3470510e+01   3.4216330e+00  -7.8707874e-02   0.0000000e+00   2.8390571e-09
   8.6900000e+02   1.3459640e+01   3.4204580e+00  -7.8650043e-02   0.0000000e+00   2.8000272e-09
   8.7000000e+02   1.3448800e+01   3.4192840e+00  -7.8592180e-02   0.0000000e+00   2.7606939e-09
   8.7100000e+02   1.3437980e+01   3.4181100e+00  -7.8534258e-02   0.0000000e+00   2.7210904e-09
   8.7200000e+02   1.3427190e+01   3.4169370e+00  -7.8476311e-02   0.0000000e+00   2.6811799e-09
   8.7300000e+02   1.3416420e+01   3.4157640e+00  -7.8418312e-02   0.0000000e+00   2.6409969e-09
   8.7400000e+02   1.3405680e+01   3.4145920e+00  -7.8360266e-02   0.0000000e+00   2.6005259e-09
   8.7500000e+02   1.3394960e+01   3.4134210e+00  -7.8302155e-02   0.0000000e+00   2.5597784e-09
   8.7600000e+02   1.3384270e+01   3.4122500e+00  -7.8244028e-02   0.0000000e+00   2.5187569e-09
   8.7700000e+02   1.3373600e+01   3.4110800e+00  -7.8185838e-02   0.0000000e+00   2.4774653e-09
   8.7800000e+02   1.3362960e+01   3.4099100e+00  -7.8127609e-02   0.0000000e+00   2.4358989e-09
   8.7900000e+02   1.3352350e+01   3.4087410e+00  -7.8069320e-02   0.0000000e+00   2.3940720e-09
   8.8000000e+02   1.3341750e+01   3.4075730e+00  -7.8011004e-02   0.0000000e+00   2.3519821e-09
   8.8100000e+02   1.3331190e+01   3.4064050e+00  -7.7952631e-02   0.0000000e+00   2.3096399e-09
   8.8200000e+02   1.3320640e+01   3.4052380e+00  -7.7894203e-02   0.0000000e+00   2.2670439e-09
   8.8300000e+02   1.3310130e+01   3.4040720e+00  -7.7835710e-02   0.0000000e+00   2.2241913e-09
   8.8400000e+02   1.3299630e+01   3.4029060e+00  -7.7777215e-02   0.0000000e+00   2.1810909e-09
   8.8500000e+02   1.3289160e+01   3.4017410e+00  -7.7718648e-02   0.0000000e+00   2.1377575e-09
   8.8600000e+02   1.3278720e+01   3.4005760e+00  -7.7660056e-02   0.0000000e+00   2.0941680e-09
   8.8700000e+02   1.3268300e+01   3.3994120e+00  -7.7601406e-02   0.0000000e+00   2.0503528e-09
   8.8800000e+02   1.3257900e+01   3.3982490e+00  -7.7542684e-02   0.0000000e+00   2.0062939e-09
   8.8900000e+02   1.3247530e+01   3.3970870e+00  -7.7483915e-02   0.0000000e+00   1.9620121e-09
   8.9000000e+02   1.3237180e+01   3.3959250e+00  -7.7425111e-02   0.0000000e+00   1.9174973e-09
   8.9100000e+02   1.3226860e+01   3.3947640e+00  -7.7366253e-02   0.0000000e+00   1.8727631e-09
   8.9200000e+02   1.3216550e+01   3.3936030e+00  -7.7307381e-02   0.0000000e+00   1.8278056e-09
   8.9300000e+02   1.3206280e+01   3.3924430e+00  -7.7248426e-02   0.0000000e+00   1.7826353e-09
   8.9400000e+02   1.3196020e+01   3.3912840e+00  -7.7189424e-02   0.0000000e+00   1.7372418e-09
   8.9500000e+02   1.3185790e+01   3.3901250e+00  -7.7130415e-02   0.0000000e+00   1.6916417e-09
   8.9600000e+02   1.3175580e+01   3.3889670e+00  -7.7071319e-02   0.0000000e+00   1.6458329e-09
   8.9700000e+02   1.3165400e+01   3.3878100e+00  -7.7012177e-02   0.0000000e+00   1.5998277e-09
   8.9800000e+02   1.3155230e+01   3.3866540e+00  -7.6952989e-02   0.0000000e+00   1.5536125e-09
   8.9900000e+02   1.3145100e+01   3.3854980e+00  -7.6893747e-02   0.0000000e+00   1.5071984e-09
   9.0000000e+02   1.3134980e+01   3.3843430e+00  -7.6834471e-02   0.0000000e+00   1.4605987e-09
   9.0100000e+02   1.3124890e+01   3.3831880e+00  -7.6775145e-02   0.0000000e+00   1.4138032e-09
   9.0200000e+02   1.3114820e+01   3.3820350e+00  -7.6715777e-02   0.0000000e+00   1.3668160e-09
   9.0300000e+02   1.3104770e+01   3.3808820e+00  -7.6656341e-02   0.0000000e+00   1.3196505e-09
   9.0400000e+02   1.3094740e+01   3.3797290e+00  -7.6596880e-02   0.0000000e+00   1.2722907e-09
   9.0500000e+02   1.3084740e+01   3.3785780e+00  -7.6537355e-02   0.0000000e+00   1.2247708e-09
   9.0600000e+02   1.3074760e+01   3.3774270e+00  -7.6477788e-02   0.0000000e+00   1.1770580e-09
   9.0700000e+02   1.3064800e+01   3.3762770e+00  -7.6418168e-02   0.0000000e+00   1.1291891e-09
   9.0800000e+02   1.3054870e+01   3.3751270e+00  -7.6358504e-02   0.0000000e+00   1.0811385e-09
   9.0900000e+02   1.3044950e+01   3.3739790e+00  -7.6298798e-02   0.0000000e+00   1.0329227e-09
   9.1000000e+02   1.3035060e+01   3.3728310e+00  -7.6239030e-02   0.0000000e+00   9.8455379e-10
   9.1100000e+02   1.3025190e+01   3.3716830e+00  -7.6179242e-02   0.0000000e+00   9.3601735e-10
   9.1200000e+02   1.3015340e+01   3.3705370e+00  -7.6119376e-02   0.0000000e+00   8.8732786e-10
   9.1300000e+02   1.3005510e+01   3.3693910e+00  -7.6059468e-02   0.0000000e+00   8.3848096e-10
   9.1400000e+02   1.2995710e+01   3.3682460e+00  -7.5999534e-02   0.0000000e+00   7.8948799e-10
   9.1500000e+02   1.2985930e+01   3.3671020e+00  -7.5939524e-02   0.0000000e+00   7.4034311e-10
   9.1600000e+02   1.2976160e+01   3.3659580e+00  -7.5879497e-02   0.0000000e+00   6.9105366e-10
   9.1700000e+02   1.2966420e+01   3.3648150e+00  -7.5819407e-02   0.0000000e+00   6.4162908e-10
   9.1800000e+02   1.2956700e+01   3.3636730e+00  -7.5759268e-02   0.0000000e+00   5.9206545e-10
   9.1900000e+02   1.2947010e+01   3.3625320e+00  -7.5699087e-02   0.0000000e+00   5.4235847e-10
   9.2000000e+02   1.2937330e+01   3.3613910e+00  -7.5638863e-02   0.0000000e+00   4.9252857e-10
   9.2100000e+02   1.2927670e+01   3.3602510e+00  -7.5578579e-02   0.0000000e+00   4.4256673e-10
   9.2200000e+02   1.2918040e+01   3.3591120e+00  -7.5518270e-02   0.0000000e+00   3.9248122e-10
   9.2300000e+02   1.2908430e+01   3.3579740e+00  -7.5457897e-02   0.0000000e+00   3.4226814e-10
   9.2400000e+02   1.2898830e+01   3.3568360e+00  -7.5397488e-02   0.0000000e+00   2.9194147e-10
   9.2500000e+02   1.2889260e+01   3.3556990e+00  -7.5337057e-02   0.0000000e+00   2.4149509e-10
   9.2600000e+02   1.2879710e+01   3.3545630e+00  -7.5276545e-02   0.0000000e+00   1.9092782e-10
   9.2700000e+02   1.2870180e+01   3.3534280e+00  -7.5215981e-02   0.0000000e+00   1.4025776e-10
   9.2800000e+02   1.2860670e+01   3.3522940e+00  -7.5155375e-02   0.0000000e+00   8.9471474e-11
   9.2900000e+02   1.2851180e+01   3.3511600e+00  -7.5094731e-02   0.0000000e+00   3.8584715e-11
   9.3000000e+02   1.2841710e+01   3.3500270e+00  -7.5034050e-02   0.0000000e+00  -1.2400455e-11
   9.3100000e+02   1.2832260e+01   3.3488950e+00  -7.4973330e-02   0.0000000e+00  -6.3496125e-11
   9.3200000e+02   1.2822830e+01   3.3477630e+00  -7.4912560e-02   0.0000000e+00  -1.1468197e-10
   9.3300000e+02   1.2813420e+01   3.3466330e+00  -7.4851731e-02   0.0000000e+00  -1.6596845e-10
   9.3400000e+02   1.2804030e+01   3.3455030e+00  -7.4790874e-02   0.0000000e+00  -2.1732871e-10
   9.3500000e+02   1.2794660e+01   3.3443740e+00  -7.4729962e-02   0.0000000e+00  -2.6880108e-10
   9.3600000e+02   1.2785310e+01   3.3432460e+00  -7.4669012e-02   0.0000000e+00  -3.2034496e-10
   9.3700000e+02   1.2775990e+01   3.3421180e+00  -7.4608015e-02   0.0000000e+00  -3.7196986e-10
   9.3800000e+02   1.2766680e+01   3.3409910e+00  -7.4546986e-02   0.0000000e+00  -4.2368285e-10
   9.3900000e+02   1.2757390e+01   3.3398660e+00  -7.4485887e-02   0.0000000e+00  -4.7546696e-10
   9.4000000e+02   1.2748120e+01   3.3387400e+00  -7.4424780e-02   0.0000000e+00  -5.2732628e-10
   9.4100000e+02   1.2738870e+01   3.3376160e+00  -7.4363603e-02   0.0000000e+00  -5.7926197e-10
   9.4200000e+02   1.2729630e+01   3.3364930e+00  -7.4302392e-02   0.0000000e+00  -6.3127111e-10
   9.4300000e+02   1.2720420e+01   3.3353700e+00  -7.4241157e-02   0.0000000e+00  -6.8333615e-10
   9.4400000e+02   1.2711230e+01   3.3342480e+00  -7.4179856e-02   0.0000000e+00  -7.3546536e-10
   9.4500000e+02   1.2702060e+01   3.3331270e+00  -7.4118529e-02   0.0000000e+00  -7.8766136e-10
   9.4600000e+02   1.2692900e+01   3.3320070e+00  -7.4057138e-02   0.0000000e+00  -8.3991698e-10
   9.4700000e+02   1.2683770e+01   3.3308870e+00  -7.3995737e-02   0.0000000e+00  -8.9221775e-10
   9.4800000e+02   1.2674650e+01   3.3297690e+00  -7.3934256e-02   0.0000000e+00  -9.4458493e-10
   9.4900000e+02   1.2665560e+01   3.3286510e+00  -7.3872756e-02   0.0000000e+00  -9.9699206e-10
   9.5000000e+02   1.2656480e+01   3.3275340e+00  -7.3811228e-02   0.0000000e+00  -1.0494545e-09
   9.5100000e+02   1.2647420e+01   3.3264180e+00  -7.3749638e-02   0.0000000e+00  -1.1019555e-09
   9.5200000e+02   1.2638380e+01   3.3253020e+00  -7.3688035e-02   0.0000000e+00  -1.1545065e-09
   9.5300000e+02   1.2629360e+01   3.3241880e+00  -7.3626345e-02   0.0000000e+00  -1.2070973e-09
   9.5400000e+02   1.2620350e+01   3.3230740e+00  -7.3564654e-02   0.0000000e+00  -1.2597236e-09
   9.5500000e+02   1.2611370e+01   3.3219610e+00  -7.3502927e-02   0.0000000e+00  -1.3123790e-09
   9.5600000e+02   1.2602400e+01   3.3208490e+00  -7.3441145e-02   0.0000000e+00  -1.3650744e-09
   9.5700000e+02   1.2593460e+01   3.3197380e+00  -7.3379326e-02   0.0000000e+00  -1.4177974e-09
   9.5800000e+02   1.2584530e+01   3.3186270e+00  -7.3317470e-02   0.0000000e+00  -1.4705547e-09
   9.5900000e+02   1.2575620e+01   3.3175170e+00  -7.3255596e-02   0.0000000e+00  -1.5233273e-09
   9.6000000e+02   1.2566720e+01   3.3164090e+00  -7.3193649e-02   0.0000000e+00  -1.5761220e-09
   9.6100000e+02   1.2557850e+01   3.3153010e+00  -7.3131672e-02   0.0000000e+00  -1.6289445e-09
   9.6200000e+02   1.2548990e+01   3.3141930e+00  -7.3069681e-02   0.0000000e+00  -1.6817800e-09
   9.6300000e+02   1.2540150e+01   3.3130870e+00  -7.3007634e-02   0.0000000e+00  -1.7346345e-09
   9.6400000e+02   1.2531330e+01   3.3119820e+00  -7.2945556e-02   0.0000000e+00  -1.7875004e-09
   9.6500000e+02   1.2522530e+01   3.3108770e+00  -7.2883428e-02   0.0000000e+00  -1.8403828e-09
   9.6600000e+02   1.2513750e+01   3.3097730e+00  -7.2821297e-02   0.0000000e+00  -1.8932604e-09
   9.6700000e+02   1.2504980e+01   3.3086700e+00  -7.2759108e-02   0.0000000e+00  -1.9461593e-09
   9.6800000e+02   1.2496230e+01   3.3075680e+00  -7.2696876e-02   0.0000000e+00  -1.9990533e-09
   9.6900000e+02   1.2487500e+01   3.3064670e+00  -7.2634598e-02   0.0000000e+00  -2.0519523e-09
   9.7000000e+02   1.2478790e+01   3.3053660e+00  -7.2572311e-02   0.0000000e+00  -2.1048519e-09
   9.7100000e+02   1.2470090e+01   3.3042670e+00  -7.2509981e-02   0.0000000e+00  -2.1577412e-09
   9.7200000e+02   1.2461410e+01   3.3031680e+00  -7.2447622e-02   0.0000000e+00  -2.2106317e-09
   9.7300000e+02   1.2452750e+01   3.3020700e+00  -7.2385225e-02   0.0000000e+00  -2.2635067e-09
   9.7400000e+02   1.2444110e+01   3.3009730e+00  -7.2322783e-02   0.0000000e+00  -2.3163787e-09
   9.7500000e+02   1.2435480e+01   3.2998770e+00  -7.2260336e-02   0.0000000e+00  -2.3692321e-09
   9.7600000e+02   1.2426870e+01   3.2987810e+00  -7.2197850e-02   0.0000000e+00  -2.4220788e-09
   9.7700000e+02   1.2418280e+01   3.2976870e+00  -7.2135303e-02   0.0000000e+00  -2.4749025e-09
   9.7800000e+02   1.2409700e+01   3.2965930e+00  -7.2072735e-02   0.0000000e+00  -2.5277194e-09
   9.7900000e+02   1.2401140e+01   3.2955000e+00  -7.2010153e-02   0.0000000e+00  -2.5805078e-09
   9.8000000e+02   1.2392600e+01   3.2944080e+00  -7.1947529e-02   0.0000000e+00  -2.6332680e-09
   9.8100000e+02   1.2384080e+01   3.2933170e+00  -7.1884850e-02   0.0000000e+00  -2.6860164e-09
   9.8200000e+02   1.2375570e+01   3.2922270e+00  -7.1822156e-02   0.0000000e+00  -2.7387166e-09
   9.8300000e+02   1.2367080e+01   3.2911370e+00  -7.1759461e-02   0.0000000e+00  -2.7914088e-09
   9.8400000e+02   1.2358600e+01   3.2900490e+00  -7.1696696e-02   0.0000000e+00  -2.8440601e-09
   9.8500000e+02   1.2350150e+01   3.2889610e+00  -7.1633917e-02   0.0000000e+00  -2.8966757e-09
   9.8600000e+02   1.2341710e+01   3.2878740e+00  -7.1571104e-02   0.0000000e+00  -2.9492584e-09
   9.8700000e+02   1.2333280e+01   3.2867880e+00  -7.1508279e-02   0.0000000e+00  -3.0018011e-09
   9.8800000e+02   1.2324880e+01   3.2857030e+00  -7.1445402e-02   0.0000000e+00  -3.0543059e-09
   9.8900000e+02   1.2316480e+01   3.2846180e+00  -7.1382517e-02   0.0000000e+00  -3.1067814e-09
   9.9000000e+02   1.2308110e+01   3.2835350e+00  -7.1319582e-02   0.0000000e+00  -3.1591972e-09
   9.9100000e+02   1.2299750e+01   3.2824520e+00  -7.1256636e-02   0.0000000e+00  -3.2115813e-09
   9.9200000e+02   1.2291410e+01   3.2813710e+00  -7.1193624e-02   0.0000000e+00  -3.2638968e-09
   9.9300000e+02   1.2283080e+01   3.2802900e+00  -7.1130628e-02   0.0000000e+00  -3.3161809e-09
   9.9400000e+02   1.2274770e+01   3.2792100e+00  -7.1067581e-02   0.0000000e+00  -3.3684086e-09
   9.9500000e+02   1.2266480e+01   3.2781300e+00  -7.1004539e-02   0.0000000e+00  -3.4205839e-09
   9.9600000e+02   1.2258200e+01   3.2770520e+00  -7.0941444e-02   0.0000000e+00  -3.4727094e-09
   9.9700000e+02   1.2249940e+01   3.2759750e+00  -7.0878328e-02   0.0000000e+00  -3.5247636e-09
   9.9800000e+02   1.2241700e+01   3.2748980e+00  -7.0815188e-02   0.0000000e+00  -3.5767681e-09
   9.9900000e+02   1.2233470e+01   3.2738220e+00  -7.0752032e-02   0.0000000e+00  -3.6287123e-09
   1.0000000e+03   1.2225250e+01   3.2727470e+00  -7.0688847e-02   0.0000000e+00  -3.6805921e-09
   1.0010000e+03   1.2217060e+01   3.2716730e+00  -7.0625609e-02   0.0000000e+00  -3.7324052e-09
   1.0020000e+03   1.2208870e+01   3.2706000e+00  -7.0562386e-02   0.0000000e+00  -3.7841563e-09
   1.0030000e+03   1.2200710e+01   3.2695280e+00  -7.0499091e-02   0.0000000e+00  -3.8358349e-09
   1.0040000e+03   1.2192560e+01   3.2684570e+00  -7.0435809e-02   0.0000000e+00  -3.8874495e-09
   1.0050000e+03   1.2184420e+01   3.2673860e+00  -7.0372502e-02   0.0000000e+00  -3.9389872e-09
   1.0060000e+03   1.2176300e+01   3.2663160e+00  -7.0309174e-02   0.0000000e+00  -3.9904614e-09
   1.0070000e+03   1.2168200e+01   3.2652470e+00  -7.0245811e-02   0.0000000e+00  -4.0418520e-09
   1.0080000e+03   1.2160110e+01   3.2641790e+00  -7.0182435e-02   0.0000000e+00  -4.0931614e-09
   1.0090000e+03   1.2152040e+01   3.2631120e+00  -7.0119013e-02   0.0000000e+00  -4.1444001e-09
   1.0100000e+03   1.2143980e+01   3.2620460e+00  -7.0055591e-02   0.0000000e+00  -4.1955544e-09
   1.0110000e+03   1.2135940e+01   3.2609810e+00  -6.9992135e-02   0.0000000e+00  -4.2466243e-09
   1.0120000e+03   1.2127910e+01   3.2599160e+00  -6.9928695e-02   0.0000000e+00  -4.2976167e-09
   1.0130000e+03   1.2119900e+01   3.2588530e+00  -6.9865196e-02   0.0000000e+00  -4.3485223e-09
   1.0140000e+03   1.2111900e+01   3.2577900e+00  -6.9801681e-02   0.0000000e+00  -4.3993444e-09
   1.0150000e+03   1.2103920e+01   3.2567280e+00  -6.9738153e-02   0.0000000e+00  -4.4500752e-09
   1.0160000e+03   1.2095950e+01   3.2556670e+00  -6.9674600e-02   0.0000000e+00  -4.5007188e-09
   1.0170000e+03   1.2088000e+01   3.2546070e+00  -6.9611041e-02   0.0000000e+00  -4.5512630e-09
   1.0180000e+03   1.2080070e+01   3.2535470e+00  -6.9547470e-02   0.0000000e+00  -4.6017202e-09
   1.0190000e+03   1.2072140e+01   3.2524890e+00  -6.9483843e-02   0.0000000e+00  -4.6520838e-09
   1.0200000e+03   1.2064240e+01   3.2514310e+00  -6.9420250e-02   0.0000000e+00  -4.7023449e-09
   1.0210000e+03   1.2056350e+01   3.2503750e+00  -6.9356588e-02   0.0000000e+00  -4.7525200e-09
   1.0220000e+03   1.2048470e+01   3.2493190e+00  -6.9292935e-02   0.0000000e+00  -4.8025775e-09
   1.0230000e+03   1.2040610e+01   3.2482640e+00  -6.9229256e-02   0.0000000e+00  -4.8525516e-09
   1.0240000e+03   1.2032760e+01   3.2472100e+00  -6.9165576e-02   0.0000000e+00  -4.9024110e-09
   1.0250000e+03   1.2024920e+01   3.2461570e+00  -6.9101860e-02   0.0000000e+00  -4.9521765e-09
   1.0260000e+03   1.2017110e+01   3.2451040e+00  -6.9038145e-02   0.0000000e+00  -5.0018357e-09
   1.0270000e+03   1.2009300e+01   3.2440530e+00  -6.8974392e-02   0.0000000e+00  -5.0513768e-09
   1.0280000e+03   1.2001510e+01   3.2430020e+00  -6.8910641e-02   0.0000000e+00  -5.1008222e-09
   1.0290000e+03   1.1993740e+01   3.2419520e+00  -6.8846859e-02   0.0000000e+00  -5.1501510e-09
   1.0300000e+03   1.1985980e+01   3.2409030e+00  -6.8783078e-02   0.0000000e+00  -5.1993649e-09
   1.0310000e+03   1.1978230e+01   3.2398550e+00  -6.8719280e-02   0.0000000e+00  -5.2484840e-09
   1.0320000e+03   1.1970500e+01   3.2388080e+00  -6.8655459e-02   0.0000000e+00  -5.2974712e-09
   1.0330000e+03   1.1962780e+01   3.2377620e+00  -6.8591639e-02   0.0000000e+00  -5.3463506e-09
   1.0340000e+03   1.1955080e+01   3.2367160e+00  -6.8527808e-02   0.0000000e+00  -5.3951171e-09
   1.0350000e+03   1.1947390e+01   3.2356720e+00  -6.8463944e-02   0.0000000e+00  -5.4437641e-09
   1.0360000e+03   1.1939710e+01   3.2346280e+00  -6.8400077e-02   0.0000000e+00  -5.4922828e-09
   1.0370000e+03   1.1932050e+01   3.2335850e+00  -6.8336214e-02   0.0000000e+00  -5.5406922e-09
   1.0380000e+03   1.1924400e+01   3.2325430e+00  -6.8272325e-02   0.0000000e+00  -5.5889753e-09
   1.0390000e+03   1.1916770e+01   3.2315020e+00  -6.8208418e-02   0.0000000e+00  -5.6371385e-09
   1.0400000e+03   1.1909150e+01   3.2304620e+00  -6.8144509e-02   0.0000000e+00  -5.6851730e-09
   1.0410000e+03   1.1901550e+01   3.2294220e+00  -6.8080583e-02   0.0000000e+00  -5.7330906e-09
   1.0420000e+03   1.1893950e+01   3.2283840e+00  -6.8016633e-02   0.0000000e+00  -5.7808754e-09
   1.0430000e+03   1.1886380e+01   3.2273460e+00  -6.7952698e-02   0.0000000e+00  -5.8285190e-09
   1.0440000e+03   1.1878810e+01   3.2263090e+00  -6.7888760e-02   0.0000000e+00  -5.8760568e-09
   1.0450000e+03   1.1871260e+01   3.2252730e+00  -6.7824782e-02   0.0000000e+00  -5.9234542e-09
   1.0460000e+03   1.1863730e+01   3.2242380e+00  -6.7760817e-02   0.0000000e+00  -5.9707222e-09
   1.0470000e+03   1.1856200e+01   3.2232040e+00  -6.7696819e-02   0.0000000e+00  -6.0178446e-09
   1.0480000e+03   1.1848690e+01   3.2221710e+00  -6.7632813e-02   0.0000000e+00  -6.0648498e-09
   1.0490000e+03   1.1841200e+01   3.2211380e+00  -6.7568832e-02   0.0000000e+00  -6.1117163e-09
   1.0500000e+03   1.1833720e+01   3.2201060e+00  -6.7504837e-02   0.0000000e+00  -6.1584370e-09
   1.0510000e+03   1.1826250e+01   3.2190760e+00  -6.7440802e-02   0.0000000e+00  -6.2050267e-09
   1.0520000e+03   1.1818790e+01   3.2180460e+00  -6.7376790e-02   0.0000000e+00  -6.2514755e-09
   1.0530000e+03   1.1811350e+01   3.2170170e+00  -6.7312759e-02   0.0000000e+00  -6.2977969e-09
   1.0540000e+03   1.1803920e+01   3.2159880e+00  -6.7248740e-02   0.0000000e+00  -6.3439619e-09
   1.0550000e+03   1.1796510e+01   3.2149610e+00  -6.7184702e-02   0.0000000e+00  -6.3899950e-09
   1.0560000e+03   1.1789110e+01   3.2139350e+00  -6.7120633e-02   0.0000000e+00  -6.4358875e-09
   1.0570000e+03   1.1781720e+01   3.2129090e+00  -6.7056592e-02   0.0000000e+00  -6.4816300e-09
   1.0580000e+03   1.1774340e+01   3.2118840e+00  -6.6992541e-02   0.0000000e+00  -6.5272272e-09
   1.0590000e+03   1.1766980e+01   3.2108600e+00  -6.6928477e-02   0.0000000e+00  -6.5726783e-09
   1.0600000e+03   1.1759630e+01   3.2098370e+00  -6.6864409e-02   0.0000000e+00  -6.6179879e-09
   1.0610000e+03   1.1752300e+01   3.2088150e+00  -6.6800323e-02   0.0000000e+00  -6.6631397e-09
   1.0620000e+03   1.1744980e+01   3.2077940e+00  -6.6736251e-02   0.0000000e+00  -6.7081472e-09
   1.0630000e+03   1.1737670e+01   3.2067730e+00  -6.6672194e-02   0.0000000e+00  -6.7530157e-09
   1.0640000e+03   1.1730370e+01   3.2057530e+00  -6.6608094e-02   0.0000000e+00  -6.7977172e-09
   1.0650000e+03   1.1723090e+01   3.2047350e+00  -6.6544000e-02   0.0000000e+00  -6.8422839e-09
   1.0660000e+03   1.1715820e+01   3.2037170e+00  -6.6479922e-02   0.0000000e+00  -6.8866832e-09
   1.0670000e+03   1.1708560e+01   3.2027000e+00  -6.6415828e-02   0.0000000e+00  -6.9309310e-09
   1.0680000e+03   1.1701310e+01   3.2016830e+00  -6.6351750e-02   0.0000000e+00  -6.9750311e-09
   1.0690000e+03   1.1694080e+01   3.2006680e+00  -6.6287658e-02   0.0000000e+00  -7.0189763e-09
   1.0700000e+03   1.1686860e+01   3.1996530e+00  -6.6223558e-02   0.0000000e+00  -7.0627575e-09
   1.0710000e+03   1.1679650e+01   3.1986400e+00  -6.6159447e-02   0.0000000e+00  -7.1063781e-09
   1.0720000e+03   1.1672460e+01   3.1976270e+00  -6.6095357e-02   0.0000000e+00  -7.1498551e-09
   1.0730000e+03   1.1665280e+01   3.1966150e+00  -6.6031252e-02   0.0000000e+00  -7.1931650e-09
   1.0740000e+03   1.1658110e+01   3.1956040e+00  -6.5967164e-02   0.0000000e+00  -7.2363225e-09
   1.0750000e+03   1.1650950e+01   3.1945930e+00  -6.5903065e-02   0.0000000e+00  -7.2792986e-09
   1.0760000e+03   1.1643810e+01   3.1935840e+00  -6.5838957e-02   0.0000000e+00  -7.3221380e-09
   1.0770000e+03   1.1636680e+01   3.1925750e+00  -6.5774885e-02   0.0000000e+00  -7.3648017e-09
   1.0780000e+03   1.1629560e+01   3.1915670e+00  -6.5710790e-02   0.0000000e+00  -7.4073098e-09
   1.0790000e+03   1.1622450e+01   3.1905600e+00  -6.5646685e-02   0.0000000e+00  -7.4496447e-09
   1.0800000e+03   1.1615360e+01   3.1895540e+00  -6.5582604e-02   0.0000000e+00  -7.4918237e-09
   1.0810000e+03   1.1608280e+01   3.1885490e+00  -6.5518523e-02   0.0000000e+00  -7.5338240e-09
   1.0820000e+03   1.1601210e+01   3.1875450e+00  -6.5454417e-02   0.0000000e+00  -7.5756770e-09
   1.0830000e+03   1.1594150e+01   3.1865410e+00  -6.5390342e-02   0.0000000e+00  -7.6173496e-09
   1.0840000e+03   1.1587110e+01   3.1855380e+00  -6.5326251e-02   0.0000000e+00  -7.6588677e-09
   1.0850000e+03   1.1580080e+01   3.1845360e+00  -6.5262187e-02   0.0000000e+00  -7.7002044e-09
   1.0860000e+03   1.1573060e+01   3.1835350e+00  -6.5198100e-02   0.0000000e+00  -7.7413808e-09
   1.0870000e+03   1.1566050e+01   3.1825350e+00  -6.5134038e-02   0.0000000e+00  -7.7823778e-09
   1.0880000e+03   1.1559050e+01   3.1815360e+00  -6.5069969e-02   0.0000000e+00  -7.8232147e-09
   1.0890000e+03   1.1552070e+01   3.1805370e+00  -6.5005917e-02   0.0000000e+00  -7.8638743e-09
   1.0900000e+03   1.1545100e+01   3.1795400e+00  -6.4941838e-02   0.0000000e+00  -7.9043594e-09
   1.0910000e+03   1.1538140e+01   3.1785430e+00  -6.4877772e-02   0.0000000e+00  -7.9446776e-09
   1.0920000e+03   1.1531190e+01   3.1775470e+00  -6.4813738e-02   0.0000000e+00  -7.9848246e-09
   1.0930000e+03   1.1524250e+01   3.1765510e+00  -6.4749707e-02   0.0000000e+00  -8.0248054e-09
   1.0940000e+03   1.1517330e+01   3.1755570e+00  -6.4685666e-02   0.0000000e+00  -8.0646022e-09
   1.0950000e+03   1.1510420e+01   3.1745630e+00  -6.4621643e-02   0.0000000e+00  -8.1042177e-09
   1.0960000e+03   1.1503520e+01   3.1735710e+00  -6.4557599e-02   0.0000000e+00  -8.1436606e-09
   1.0970000e+03   1.1496630e+01   3.1725790e+00  -6.4493591e-02   0.0000000e+00  -8.1829344e-09
   1.0980000e+03   1.1489750e+01   3.1715880e+00  -6.4429570e-02   0.0000000e+00  -8.2220242e-09
   1.0990000e+03   1.1482890e+01   3.1705970e+00  -6.4365599e-02   0.0000000e+00  -8.2609473e-09
   1.1000000e+03   1.1476040e+01   3.1696080e+00  -6.4301591e-02   0.0000000e+00  -8.2996831e-09
   1.1010000e+03   1.1469190e+01   3.1686190e+00  -6.4237613e-02   0.0000000e+00  -8.3382518e-09
   1.1020000e+03   1.1462360e+01   3.1676320e+00  -6.4173609e-02   0.0000000e+00  -8.3766211e-09
   1.1030000e+03   1.1455550e+01   3.1666450e+00  -6.4109646e-02   0.0000000e+00  -8.4148334e-09
   1.1040000e+03   1.1448740e+01   3.1656580e+00  -6.4045697e-02   0.0000000e+00  -8.4528552e-09
   1.1050000e+03   1.1441950e+01   3.1646730e+00  -6.3981745e-02   0.0000000e+00  -8.4906901e-09
   1.1060000e+03   1.1435160e+01   3.1636890e+00  -6.3917798e-02   0.0000000e+00  -8.5283516e-09
   1.1070000e+03   1.1428390e+01   3.1627050e+00  -6.3853859e-02   0.0000000e+00  -8.5658348e-09
   1.1080000e+03   1.1421630e+01   3.1617220e+00  -6.3789946e-02   0.0000000e+00  -8.6031303e-09
   1.1090000e+03   1.1414880e+01   3.1607400e+00  -6.3726018e-02   0.0000000e+00  -8.6402558e-09
   1.1100000e+03   1.1408140e+01   3.1597590e+00  -6.3662102e-02   0.0000000e+00  -8.6771831e-09
   1.1110000e+03   1.1401420e+01   3.1587780e+00  -6.3598227e-02   0.0000000e+00  -8.7139326e-09
   1.1120000e+03   1.1394700e+01   3.1577990e+00  -6.3534331e-02   0.0000000e+00  -8.7505033e-09
   1.1130000e+03   1.1388000e+01   3.1568200e+00  -6.3470458e-02   0.0000000e+00  -8.7868829e-09
   1.1140000e+03   1.1381310e+01   3.1558420e+00  -6.3406596e-02   0.0000000e+00  -8.8230790e-09
   1.1150000e+03   1.1374630e+01   3.1548650e+00  -6.3342746e-02   0.0000000e+00  -8.8590998e-09
   1.1160000e+03   1.1367960e+01   3.1538880e+00  -6.3278911e-02   0.0000000e+00  -8.8949247e-09
   1.1170000e+03   1.1361300e+01   3.1529130e+00  -6.3215085e-02   0.0000000e+00  -8.9305674e-09
   1.1180000e+03   1.1354650e+01   3.1519380e+00  -6.3151274e-02   0.0000000e+00  -8.9660144e-09
   1.1190000e+03   1.1348020e+01   3.1509640e+00  -6.3087473e-02   0.0000000e+00  -9.0012876e-09
   1.1200000e+03   1.1341390e+01   3.1499910e+00  -6.3023690e-02   0.0000000e+00  -9.0363748e-09
   1.1210000e+03   1.1334780e+01   3.1490190e+00  -6.2959902e-02   0.0000000e+00  -9.0712673e-09
   1.1220000e+03   1.1328170e+01   3.1480470e+00  -6.2896153e-02   0.0000000e+00  -9.1059752e-09
   1.1230000e+03   1.1321580e+01   3.1470760e+00  -6.2832397e-02   0.0000000e+00  -9.1404949e-09
   1.1240000e+03   1.1315000e+01   3.1461060e+00  -6.2768680e-02   0.0000000e+00  -9.1748232e-09
   1.1250000e+03   1.1308430e+01   3.1451370e+00  -6.2704939e-02   0.0000000e+00  -9.2089743e-09
   1.1260000e+03   1.1301870e+01   3.1441690e+00  -6.2641234e-02   0.0000000e+00  -9.2429197e-09
   1.1270000e+03   1.1295320e+01   3.1432010e+00  -6.2577553e-02   0.0000000e+00  -9.2766901e-09
   1.1280000e+03   1.1288790e+01   3.1422350e+00  -6.2513845e-02   0.0000000e+00  -9.3102601e-09
   1.1290000e+03   1.1282260e+01   3.1412690e+00  -6.2450189e-02   0.0000000e+00  -9.3436496e-09
   1.1300000e+03   1.1275750e+01   3.1403030e+00  -6.2386553e-02   0.0000000e+00  -9.3768432e-09
   1.1310000e+03   1.1269240e+01   3.1393390e+00  -6.2322920e-02   0.0000000e+00  -9.4098465e-09
   1.1320000e+03   1.1262750e+01   3.1383760e+00  -6.2259279e-02   0.0000000e+00  -9.4426628e-09
   1.1330000e+03   1.1256260e+01   3.1374130e+00  -6.2195689e-02   0.0000000e+00  -9.4752873e-09
   1.1340000e+03   1.1249790e+01   3.1364510e+00  -6.2132106e-02   0.0000000e+00  -9.5077249e-09
   1.1350000e+03   1.1243330e+01   3.1354900e+00  -6.2068535e-02   0.0000000e+00  -9.5399627e-09
   1.1360000e+03   1.1236880e+01   3.1345290e+00  -6.2004990e-02   0.0000000e+00  -9.5720165e-09
   1.1370000e+03   1.1230440e+01   3.1335690e+00  -6.1941471e-02   0.0000000e+00  -9.6038733e-09
   1.1380000e+03   1.1224010e+01   3.1326110e+00  -6.1877931e-02   0.0000000e+00  -9.6355297e-09
   1.1390000e+03   1.1217590e+01   3.1316520e+00  -6.1814457e-02   0.0000000e+00  -9.6670153e-09
   1.1400000e+03   1.1211180e+01   3.1306950e+00  -6.1750952e-02   0.0000000e+00  -9.6982879e-09
   1.1410000e+03   1.1204780e+01   3.1297390e+00  -6.1687478e-02   0.0000000e+00  -9.7293710e-09
   1.1420000e+03   1.1198400e+01   3.1287830e+00  -6.1624031e-02   0.0000000e+00  -9.7602731e-09
   1.1430000e+03   1.1192020e+01   3.1278280e+00  -6.1560601e-02   0.0000000e+00  -9.7909757e-09
   1.1440000e+03   1.1185650e+01   3.1268740e+00  -6.1497200e-02   0.0000000e+00  -9.8214960e-09
   1.1450000e+03   1.1179300e+01   3.1259200e+00  -6.1433809e-02   0.0000000e+00  -9.8518032e-09
   1.1460000e+03   1.1172950e+01   3.1249680e+00  -6.1370428e-02   0.0000000e+00  -9.8819349e-09
   1.1470000e+03   1.1166620e+01   3.1240160e+00  -6.1307061e-02   0.0000000e+00  -9.9118661e-09
   1.1480000e+03   1.1160290e+01   3.1230650e+00  -6.1243726e-02   0.0000000e+00  -9.9415997e-09
   1.1490000e+03   1.1153980e+01   3.1221140e+00  -6.1180417e-02   0.0000000e+00  -9.9711391e-09
   1.1500000e+03   1.1147670e+01   3.1211650e+00  -6.1117109e-02   0.0000000e+00  -1.0000487e-08
   1.1510000e+03   1.1141380e+01   3.1202160e+00  -6.1053845e-02   0.0000000e+00  -1.0029648e-08
   1.1520000e+03   1.1135090e+01   3.1192680e+00  -6.0990583e-02   0.0000000e+00  -1.0058600e-08
   1.1530000e+03   1.1128820e+01   3.1183210e+00  -6.0927340e-02   0.0000000e+00  -1.0087369e-08
   1.1540000e+03   1.1122560e+01   3.1173740e+00  -6.0864119e-02   0.0000000e+00  -1.0115947e-08
   1.1550000e+03   1.1116300e+01   3.1164280e+00  -6.0800932e-02   0.0000000e+00  -1.0144315e-08
   1.1560000e+03   1.1110060e+01   3.1154840e+00  -6.0737735e-02   0.0000000e+00  -1.0172494e-08
   1.1570000e+03   1.1103830e+01   3.1145390e+00  -6.0674592e-02   0.0000000e+00  -1.0200490e-08
   1.1580000e+03   1.1097600e+01   3.1135960e+00  -6.0611441e-02   0.0000000e+00  -1.0228282e-08
   1.1590000e+03   1.1091390e+01   3.1126530e+00  -6.0548342e-02   0.0000000e+00  -1.0255881e-08
   1.1600000e+03   1.1085190e+01   3.1117110e+00  -6.0485239e-02   0.0000000e+00  -1.0283288e-08
   1.1610000e+03   1.1078990e+01   3.1107700e+00  -6.0422173e-02   0.0000000e+00  -1.0310499e-08
   1.1620000e+03   1.1072810e+01   3.1098300e+00  -6.0359116e-02   0.0000000e+00  -1.0337512e-08
   1.1630000e+03   1.1066640e+01   3.1088900e+00  -6.0296092e-02   0.0000000e+00  -1.0364334e-08
   1.1640000e+03   1.1060480e+01   3.1079510e+00  -6.0233086e-02   0.0000000e+00  -1.0390959e-08
   1.1650000e+03   1.1054320e+01   3.1070130e+00  -6.0170096e-02   0.0000000e+00  -1.0417384e-08
   1.1660000e+03   1.1048180e+01   3.1060750e+00  -6.0107156e-02   0.0000000e+00  -1.0443624e-08
   1.1670000e+03   1.1042050e+01   3.1051390e+00  -6.0044191e-02   0.0000000e+00  -1.0469663e-08
   1.1680000e+03   1.1035920e+01   3.1042030e+00  -5.9981285e-02   0.0000000e+00  -1.0495501e-08
   1.1690000e+03   1.1029810e+01   3.1032670e+00  -5.9918411e-02   0.0000000e+00  -1.0521156e-08
   1.1700000e+03   1.1023710e+01   3.1023330e+00  -5.9855532e-02   0.0000000e+00  -1.0546619e-08
   1.1710000e+03   1.1017610e+01   3.1013990e+00  -5.9792694e-02   0.0000000e+00  -1.0571876e-08
   1.1720000e+03   1.1011530e+01   3.1004660e+00  -5.9729865e-02   0.0000000e+00  -1.0596942e-08
   1.1730000e+03   1.1005450e+01   3.0995340e+00  -5.9667055e-02   0.0000000e+00  -1.0621818e-08
   1.1740000e+03   1.0999390e+01   3.0986030e+00  -5.9604278e-02   0.0000000e+00  -1.0646486e-08
   1.1750000e+03   1.0993330e+01   3.0976720e+00  -5.9541538e-02   0.0000000e+00  -1.0670967e-08
   1.1760000e+03   1.0987290e+01   3.0967420e+00  -5.9478791e-02   0.0000000e+00  -1.0695258e-08
   1.1770000e+03   1.0981250e+01   3.0958130e+00  -5.9416090e-02   0.0000000e+00  -1.0719351e-08
   1.1780000e+03   1.0975230e+01   3.0948840e+00  -5.9353409e-02   0.0000000e+00  -1.0743246e-08
   1.1790000e+03   1.0969210e+01   3.0939560e+00  -5.9290776e-02   0.0000000e+00  -1.0766955e-08
   1.1800000e+03   1.0963200e+01   3.0930290e+00  -5.9228139e-02   0.0000000e+00  -1.0790460e-08
   1.1810000e+03   1.0957210e+01   3.0921030e+00  -5.9165535e-02   0.0000000e+00  -1.0813777e-08
   1.1820000e+03   1.0951220e+01   3.0911770e+00  -5.9102948e-02   0.0000000e+00  -1.0836898e-08
   1.1830000e+03   1.0945240e+01   3.0902520e+00  -5.9040399e-02   0.0000000e+00  -1.0859832e-08
   1.1840000e+03   1.0939270e+01   3.0893280e+00  -5.8977870e-02   0.0000000e+00  -1.0882565e-08
   1.1850000e+03   1.0933310e+01   3.0884040e+00  -5.8915373e-02   0.0000000e+00  -1.0905100e-08
   1.1860000e+03   1.0927360e+01   3.0874820e+00  -5.8852893e-02   0.0000000e+00  -1.0927445e-08
   1.1870000e+03   1.0921420e+01   3.0865600e+00  -5.8790438e-02   0.0000000e+00  -1.0949603e-08
   1.1880000e+03   1.0915490e+01   3.0856380e+00  -5.8728029e-02   0.0000000e+00  -1.0971567e-08
   1.1890000e+03   1.0909570e+01   3.0847180e+00  -5.8665620e-02   0.0000000e+00  -1.0993325e-08
   1.1900000e+03   1.0903660e+01   3.0837980e+00  -5.8603252e-02   0.0000000e+00  -1.1014898e-08
   1.1910000e+03   1.0897750e+01   3.0828790e+00  -5.8540904e-02   0.0000000e+00  -1.1036283e-08
   1.1920000e+03   1.0891860e+01   3.0819600e+00  -5.8478590e-02   0.0000000e+00  -1.1057471e-08
   1.1930000e+03   1.0885980e+01   3.0810420e+00  -5.8416296e-02   0.0000000e+00  -1.1078455e-08
   1.1940000e+03   1.0880100e+01   3.0801250e+00  -5.8354038e-02   0.0000000e+00  -1.1099255e-08
   1.1950000e+03   1.0874230e+01   3.0792090e+00  -5.8291782e-02   0.0000000e+00  -1.1119866e-08
   1.1960000e+03   1.0868380e+01   3.0782930e+00  -5.8229578e-02   0.0000000e+00  -1.1140292e-08
   1.1970000e+03   1.0862530e+01   3.0773790e+00  -5.8167380e-02   0.0000000e+00  -1.1160504e-08
   1.1980000e+03   1.0856690e+01   3.0764640e+00  -5.8105234e-02   0.0000000e+00  -1.1180543e-08
   1.1990000e+03   1.0850860e+01   3.0755510e+00  -5.8043105e-02   0.0000000e+00  -1.1200383e-08
   1.2000000e+03   1.0845040e+01   3.0746380e+00  -5.7981003e-02   0.0000000e+00  -1.1220035e-08
   1.2010000e+03   1.0839230e+01   3.0737260e+00  -5.7918932e-02   0.0000000e+00  -1.1239498e-08
   1.2020000e+03   1.0833430e+01   3.0728150e+00  -5.7856862e-02   0.0000000e+00  -1.1258759e-08
   1.2030000e+03   1.0827640e+01   3.0719040e+00  -5.7794855e-02   0.0000000e+00  -1.1277839e-08
   1.2040000e+03   1.0821860e+01   3.0709940e+00  -5.7732856e-02   0.0000000e+00  -1.1296718e-08
   1.2050000e+03   1.0816080e+01   3.0700840e+00  -5.7670927e-02   0.0000000e+00  -1.1315415e-08
   1.2060000e+03   1.0810320e+01   3.0691760e+00  -5.7608972e-02   0.0000000e+00  -1.1333916e-08
   1.2070000e+03   1.0804560e+01   3.0682680e+00  -5.7547076e-02   0.0000000e+00  -1.1352236e-08
   1.2080000e+03   1.0798810e+01   3.0673610e+00  -5.7485181e-02   0.0000000e+00  -1.1370365e-08
   1.2090000e+03   1.0793070e+01   3.0664540e+00  -5.7423346e-02   0.0000000e+00  -1.1388299e-08
   1.2100000e+03   1.0787340e+01   3.0655480e+00  -5.7361529e-02   0.0000000e+00  -1.1406046e-08
   1.2110000e+03   1.0781620e+01   3.0646430e+00  -5.7299751e-02   0.0000000e+00  -1.1423602e-08
   1.2120000e+03   1.0775910e+01   3.0637390e+00  -5.7237975e-02   0.0000000e+00  -1.1440963e-08
   1.2130000e+03   1.0770210e+01   3.0628350e+00  -5.7176254e-02   0.0000000e+00  -1.1458149e-08
   1.2140000e+03   1.0764510e+01   3.0619320e+00  -5.7114537e-02   0.0000000e+00  -1.1475146e-08
   1.2150000e+03   1.0758830e+01   3.0610290e+00  -5.7052875e-02   0.0000000e+00  -1.1491949e-08
   1.2160000e+03   1.0753150e+01   3.0601270e+00  -5.6991237e-02   0.0000000e+00  -1.1508560e-08
   1.2170000e+03   1.0747490e+01   3.0592260e+00  -5.6929612e-02   0.0000000e+00  -1.1524984e-08
   1.2180000e+03   1.0741830e+01   3.0583260e+00  -5.6868036e-02   0.0000000e+00  -1.1541227e-08
   1.2190000e+03   1.0736180e+01   3.0574260e+00  -5.6806474e-02   0.0000000e+00  -1.1557281e-08
   1.2200000e+03   1.0730540e+01   3.0565270e+00  -5.6744954e-02   0.0000000e+00  -1.1573148e-08
   1.2210000e+03   1.0724900e+01   3.0556290e+00  -5.6683460e-02   0.0000000e+00  -1.1588828e-08
   1.2220000e+03   1.0719280e+01   3.0547310e+00  -5.6622000e-02   0.0000000e+00  -1.1604325e-08
   1.2230000e+03   1.0713670e+01   3.0538340e+00  -5.6560573e-02   0.0000000e+00  -1.1619637e-08
   1.2240000e+03   1.0708060e+01   3.0529380e+00  -5.6499157e-02   0.0000000e+00  -1.1634756e-08
   1.2250000e+03   1.0702460e+01   3.0520420e+00  -5.6437798e-02   0.0000000e+00  -1.1649706e-08
   1.2260000e+03   1.0696870e+01   3.0511470e+00  -5.6376443e-02   0.0000000e+00  -1.1664453e-08
   1.2270000e+03   1.0691290e+01   3.0502520e+00  -5.6315144e-02   0.0000000e+00  -1.1679021e-08
   1.2280000e+03   1.0685720e+01   3.0493590e+00  -5.6253860e-02   0.0000000e+00  -1.1693410e-08
   1.2290000e+03   1.0680160e+01   3.0484660e+00  -5.6192604e-02   0.0000000e+00  -1.1707614e-08
   1.2300000e+03   1.0674600e+01   3.0475730e+00  -5.6131392e-02   0.0000000e+00  -1.1721626e-08
   1.2310000e+03   1.0669060e+01   3.0466820e+00  -5.6070193e-02   0.0000000e+00  -1.1735455e-08
   1.2320000e+03   1.0663520e+01   3.0457900e+00  -5.6009058e-02   0.0000000e+00  -1.1749119e-08
   1.2330000e+03   1.0657990e+01   3.0449000e+00  -5.5947918e-02   0.0000000e+00  -1.1762583e-08
   1.2340000e+03   1.0652470e+01   3.0440100e+00  -5.5886828e-02   0.0000000e+00  -1.1775871e-08
   1.2350000e+03   1.0646960e+01   3.0431210e+00  -5.5825773e-02   0.0000000e+00  -1.1788976e-08
   1.2360000e+03   1.0641450e+01   3.0422330e+00  -5.5764724e-02   0.0000000e+00  -1.1801903e-08
   1.2370000e+03   1.0635960e+01   3.0413450e+00  -5.5703729e-02   0.0000000e+00  -1.1814638e-08
   1.2380000e+03   1.0630470e+01   3.0404580e+00  -5.5642756e-02   0.0000000e+00  -1.1827200e-08
   1.2390000e+03   1.0624990e+01   3.0395710e+00  -5.5581842e-02   0.0000000e+00  -1.1839591e-08
   1.2400000e+03   1.0619520e+01   3.0386850e+00  -5.5520942e-02   0.0000000e+00  -1.1851793e-08
   1.2410000e+03   1.0614060e+01   3.0378000e+00  -5.5460063e-02   0.0000000e+00  -1.1863812e-08
   1.2420000e+03   1.0608610e+01   3.0369150e+00  -5.5399218e-02   0.0000000e+00  -1.1875646e-08
   1.2430000e+03   1.0603160e+01   3.0360310e+00  -5.5338414e-02   0.0000000e+00  -1.1887318e-08
   1.2440000e+03   1.0597730e+01   3.0351480e+00  -5.5277641e-02   0.0000000e+00  -1.1898795e-08
   1.2450000e+03   1.0592300e+01   3.0342650e+00  -5.5216900e-02   0.0000000e+00  -1.1910101e-08
   1.2460000e+03   1.0586880e+01   3.0333830e+00  -5.5156200e-02   0.0000000e+00  -1.1921235e-08
   1.2470000e+03   1.0581470e+01   3.0325020e+00  -5.5095494e-02   0.0000000e+00  -1.1932188e-08
   1.2480000e+03   1.0576060e+01   3.0316210e+00  -5.5034853e-02   0.0000000e+00  -1.1942950e-08
   1.2490000e+03   1.0570670e+01   3.0307410e+00  -5.4974249e-02   0.0000000e+00  -1.1953558e-08
   1.2500000e+03   1.0565280e+01   3.0298620e+00  -5.4913656e-02   0.0000000e+00  -1.1963975e-08
   1.2510000e+03   1.0559900e+01   3.0289830e+00  -5.4853117e-02   0.0000000e+00  -1.1974224e-08
   1.2520000e+03   1.0554530e+01   3.0281040e+00  -5.4792601e-02   0.0000000e+00  -1.1984297e-08
   1.2530000e+03   1.0549170e+01   3.0272270e+00  -5.4732102e-02   0.0000000e+00  -1.1994189e-08
   1.2540000e+03   1.0543810e+01   3.0263500e+00  -5.4671668e-02   0.0000000e+00  -1.2003914e-08
   1.2550000e+03   1.0538470e+01   3.0254730e+00  -5.4611254e-02   0.0000000e+00  -1.2013450e-08
   1.2560000e+03   1.0533130e+01   3.0245980e+00  -5.4550862e-02   0.0000000e+00  -1.2022828e-08
   1.2570000e+03   1.0527800e+01   3.0237230e+00  -5.4490510e-02   0.0000000e+00  -1.2032023e-08
   1.2580000e+03   1.0522480e+01   3.0228480e+00  -5.4430202e-02   0.0000000e+00  -1.2041045e-08
   1.2590000e+03   1.0517160e+01   3.0219740e+00  -5.4369917e-02   0.0000000e+00  -1.2049899e-08
   1.2600000e+03   1.0511860e+01   3.0211010e+00  -5.4309666e-02   0.0000000e+00  -1.2058582e-08
   1.2610000e+03   1.0506560e+01   3.0202280e+00  -5.4249443e-02   0.0000000e+00  -1.2067092e-08
   1.2620000e+03   1.0501270e+01   3.0193560e+00  -5.4189255e-02   0.0000000e+00  -1.2075430e-08
   1.2630000e+03   1.0495990e+01   3.0184850e+00  -5.4129095e-02   0.0000000e+00  -1.2083600e-08
   1.2640000e+03   1.0490710e+01   3.0176140e+00  -5.4068994e-02   0.0000000e+00  -1.2091591e-08
   1.2650000e+03   1.0485450e+01   3.0167440e+00  -5.4008891e-02   0.0000000e+00  -1.2099416e-08
   1.2660000e+03   1.0480190e+01   3.0158740e+00  -5.3948856e-02   0.0000000e+00  -1.2107079e-08
   1.2670000e+03   1.0474940e+01   3.0150050e+00  -5.3888837e-02   0.0000000e+00  -1.2114568e-08
   1.2680000e+03   1.0469700e+01   3.0141370e+00  -5.3828859e-02   0.0000000e+00  -1.2121889e-08
   1.2690000e+03   1.0464460e+01   3.0132690e+00  -5.3768901e-02   0.0000000e+00  -1.2129036e-08
   1.2700000e+03   1.0459230e+01   3.0124020e+00  -5.3708989e-02   0.0000000e+00  -1.2136026e-08
   1.2710000e+03   1.0454020e+01   3.0115350e+00  -5.3649116e-02   0.0000000e+00  -1.2142838e-08
   1.2720000e+03   1.0448810e+01   3.0106690e+00  -5.3589265e-02   0.0000000e+00  -1.2149491e-08
   1.2730000e+03   1.0443600e+01   3.0098040e+00  -5.3529456e-02   0.0000000e+00  -1.2155975e-08
   1.2740000e+03   1.0438410e+01   3.0089390e+00  -5.3469684e-02   0.0000000e+00  -1.2162291e-08
   1.2750000e+03   1.0433220e+01   3.0080750e+00  -5.3409938e-02   0.0000000e+00  -1.2168449e-08
   1.2760000e+03   1.0428040e+01   3.0072110e+00  -5.3350233e-02   0.0000000e+00  -1.2174438e-08
   1.2770000e+03   1.0422870e+01   3.0063480e+00  -5.3290548e-02   0.0000000e+00  -1.2180259e-08
   1.2780000e+03   1.0417700e+01   3.0054860e+00  -5.3230903e-02   0.0000000e+00  -1.2185920e-08
   1.2790000e+03   1.0412550e+01   3.0046240e+00  -5.3171299e-02   0.0000000e+00  -1.2191417e-08
   1.2800000e+03   1.0407400e+01   3.0037630e+00  -5.3111719e-02   0.0000000e+00  -1.2196740e-08
   1.2810000e+03   1.0402260e+01   3.0029020e+00  -5.3052177e-02   0.0000000e+00  -1.2201910e-08
   1.2820000e+03   1.0397130e+01   3.0020420e+00  -5.2992680e-02   0.0000000e+00  -1.2206924e-08
   1.2830000e+03   1.0392000e+01   3.0011830e+00  -5.2933204e-02   0.0000000e+00  -1.2211772e-08
   1.2840000e+03   1.0386880e+01   3.0003240e+00  -5.2873768e-02   0.0000000e+00  -1.2216449e-08
   1.2850000e+03   1.0381770e+01   2.9994660e+00  -5.2814372e-02   0.0000000e+00  -1.2220983e-08
   1.2860000e+03   1.0376670e+01   2.9986080e+00  -5.2754997e-02   0.0000000e+00  -1.2225337e-08
   1.2870000e+03   1.0371580e+01   2.9977510e+00  -5.2695663e-02   0.0000000e+00  -1.2229548e-08
   1.2880000e+03   1.0366490e+01   2.9968940e+00  -5.2636375e-02   0.0000000e+00  -1.2233595e-08
   1.2890000e+03   1.0361410e+01   2.9960380e+00  -5.2577119e-02   0.0000000e+00  -1.2237487e-08
   1.2900000e+03   1.0356340e+01   2.9951830e+00  -5.2517891e-02   0.0000000e+00  -1.2241221e-08
   1.2910000e+03   1.0351270e+01   2.9943280e+00  -5.2458706e-02   0.0000000e+00  -1.2244788e-08
   1.2920000e+03   1.0346210e+01   2.9934740e+00  -5.2399544e-02   0.0000000e+00  -1.2248199e-08
   1.2930000e+03   1.0341170e+01   2.9926200e+00  -5.2340411e-02   0.0000000e+00  -1.2251457e-08
   1.2940000e+03   1.0336120e+01   2.9917670e+00  -5.2281328e-02   0.0000000e+00  -1.2254561e-08
   1.2950000e+03   1.0331090e+01   2.9909140e+00  -5.2222281e-02   0.0000000e+00  -1.2257502e-08
   1.2960000e+03   1.0326060e+01   2.9900620e+00  -5.2163279e-02   0.0000000e+00  -1.2260303e-08
   1.2970000e+03   1.0321040e+01   2.9892110e+00  -5.2104276e-02   0.0000000e+00  -1.2262938e-08
   1.2980000e+03   1.0316030e+01   2.9883600e+00  -5.2045335e-02   0.0000000e+00  -1.2265416e-08
   1.2990000e+03   1.0311030e+01   2.9875100e+00  -5.1986413e-02   0.0000000e+00  -1.2267749e-08
   1.3000000e+03   1.0306030e+01   2.9866600e+00  -5.1927553e-02   0.0000000e+00  -1.2269922e-08
   1.3010000e+03   1.0301040e+01   2.9858110e+00  -5.1868696e-02   0.0000000e+00  -1.2271946e-08
   1.3020000e+03   1.0296060e+01   2.9849620e+00  -5.1809917e-02   0.0000000e+00  -1.2273825e-08
   1.3030000e+03   1.0291080e+01   2.9841140e+00  -5.1751146e-02   0.0000000e+00  -1.2275549e-08
   1.3040000e+03   1.0286110e+01   2.9832670e+00  -5.1692389e-02   0.0000000e+00  -1.2277100e-08
   1.3050000e+03   1.0281150e+01   2.9824200e+00  -5.1633691e-02   0.0000000e+00  -1.2278530e-08
   1.3060000e+03   1.0276200e+01   2.9815730e+00  -5.1575034e-02   0.0000000e+00  -1.2279795e-08
   1.3070000e+03   1.0271250e+01   2.9807280e+00  -5.1516400e-02   0.0000000e+00  -1.2280921e-08
   1.3080000e+03   1.0266320e+01   2.9798820e+00  -5.1457822e-02   0.0000000e+00  -1.2281896e-08
   1.3090000e+03   1.0261390e+01   2.9790380e+00  -5.1399250e-02   0.0000000e+00  -1.2282712e-08
   1.3100000e+03   1.0256460e+01   2.9781930e+00  -5.1340739e-02   0.0000000e+00  -1.2283394e-08
   1.3110000e+03   1.0251540e+01   2.9773500e+00  -5.1282247e-02   0.0000000e+00  -1.2283918e-08
   1.3120000e+03   1.0246640e+01   2.9765070e+00  -5.1223790e-02   0.0000000e+00  -1.2284300e-08
   1.3130000e+03   1.0241730e+01   2.9756640e+00  -5.1165383e-02   0.0000000e+00  -1.2284535e-08
   1.3140000e+03   1.0236840e+01   2.9748220e+00  -5.1106990e-02   0.0000000e+00  -1.2284620e-08
   1.3150000e+03   1.0231950e+01   2.9739810e+00  -5.1048642e-02   0.0000000e+00  -1.2284563e-08
   1.3160000e+03   1.0227070e+01   2.9731400e+00  -5.0990331e-02   0.0000000e+00  -1.2284360e-08
   1.3170000e+03   1.0222200e+01   2.9722990e+00  -5.0932084e-02   0.0000000e+00  -1.2284024e-08
   1.3180000e+03   1.0217330e+01   2.9714600e+00  -5.0873835e-02   0.0000000e+00  -1.2283530e-08
   1.3190000e+03   1.0212470e+01   2.9706200e+00  -5.0815644e-02   0.0000000e+00  -1.2282902e-08
   1.3200000e+03   1.0207620e+01   2.9697820e+00  -5.0757455e-02   0.0000000e+00  -1.2282125e-08
   1.3210000e+03   1.0202780e+01   2.9689430e+00  -5.0699342e-02   0.0000000e+00  -1.2281222e-08
   1.3220000e+03   1.0197940e+01   2.9681060e+00  -5.0641239e-02   0.0000000e+00  -1.2280164e-08
   1.3230000e+03   1.0193110e+01   2.9672680e+00  -5.0583189e-02   0.0000000e+00  -1.2278967e-08
   1.3240000e+03   1.0188290e+01   2.9664320e+00  -5.0525156e-02   0.0000000e+00  -1.2277621e-08
   1.3250000e+03   1.0183470e+01   2.9655960e+00  -5.0467173e-02   0.0000000e+00  -1.2276154e-08
   1.3260000e+03   1.0178660e+01   2.9647600e+00  -5.0409222e-02   0.0000000e+00  -1.2274534e-08
   1.3270000e+03   1.0173860e+01   2.9639250e+00  -5.0351312e-02   0.0000000e+00  -1.2272779e-08
   1.3280000e+03   1.0169060e+01   2.9630910e+00  -5.0293427e-02   0.0000000e+00  -1.2270886e-08
   1.3290000e+03   1.0164280e+01   2.9622570e+00  -5.0235576e-02   0.0000000e+00  -1.2268853e-08
   1.3300000e+03   1.0159500e+01   2.9614230e+00  -5.0177783e-02   0.0000000e+00  -1.2266694e-08
   1.3310000e+03   1.0154720e+01   2.9605900e+00  -5.0120016e-02   0.0000000e+00  -1.2264390e-08
   1.3320000e+03   1.0149950e+01   2.9597580e+00  -5.0062268e-02   0.0000000e+00  -1.2261950e-08
   1.3330000e+03   1.0145190e+01   2.9589260e+00  -5.0004580e-02   0.0000000e+00  -1.2259378e-08
   1.3340000e+03   1.0140440e+01   2.9580940e+00  -4.9946926e-02   0.0000000e+00  -1.2256681e-08
   1.3350000e+03   1.0135700e+01   2.9572640e+00  -4.9889271e-02   0.0000000e+00  -1.2253830e-08
   1.3360000e+03   1.0130960e+01   2.9564330e+00  -4.9831703e-02   0.0000000e+00  -1.2250853e-08
   1.3370000e+03   1.0126220e+01   2.9556030e+00  -4.9774151e-02   0.0000000e+00  -1.2247752e-08
   1.3380000e+03   1.0121500e+01   2.9547740e+00  -4.9716636e-02   0.0000000e+00  -1.2244510e-08
   1.3390000e+03   1.0116780e+01   2.9539450e+00  -4.9659142e-02   0.0000000e+00  -1.2241135e-08
   1.3400000e+03   1.0112070e+01   2.9531170e+00  -4.9601708e-02   0.0000000e+00  -1.2237630e-08
   1.3410000e+03   1.0107360e+01   2.9522890e+00  -4.9544293e-02   0.0000000e+00  -1.2233998e-08
   1.3420000e+03   1.0102670e+01   2.9514620e+00  -4.9486919e-02   0.0000000e+00  -1.2230232e-08
   1.3430000e+03   1.0097980e+01   2.9506350e+00  -4.9429578e-02   0.0000000e+00  -1.2226343e-08
   1.3440000e+03   1.0093290e+01   2.9498090e+00  -4.9372283e-02   0.0000000e+00  -1.2222324e-08
   1.3450000e+03   1.0088610e+01   2.9489830e+00  -4.9315007e-02   0.0000000e+00  -1.2218165e-08
   1.3460000e+03   1.0083940e+01   2.9481580e+00  -4.9257787e-02   0.0000000e+00  -1.2213890e-08
   1.3470000e+03   1.0079280e+01   2.9473330e+00  -4.9200587e-02   0.0000000e+00  -1.2209478e-08
   1.3480000e+03   1.0074620e+01   2.9465090e+00  -4.9143429e-02   0.0000000e+00  -1.2204944e-08
   1.3490000e+03   1.0069970e+01   2.9456850e+00  -4.9086323e-02   0.0000000e+00  -1.2200296e-08
   1.3500000e+03   1.0065330e+01   2.9448610e+00  -4.9029258e-02   0.0000000e+00  -1.2195512e-08
   1.3510000e+03   1.0060690e+01   2.9440390e+00  -4.8972197e-02   0.0000000e+00  -1.2190594e-08
   1.3520000e+03   1.0056060e+01   2.9432160e+00  -4.8915190e-02   0.0000000e+00  -1.2185566e-08
   1.3530000e+03   1.0051440e+01   2.9423950e+00  -4.8858200e-02   0.0000000e+00  -1.2180404e-08
   1.3540000e+03   1.0046820e+01   2.9415730e+00  -4.8801273e-02   0.0000000e+00  -1.2175126e-08
   1.3550000e+03   1.0042210e+01   2.9407520e+00  -4.8744382e-02   0.0000000e+00  -1.2169719e-08
   1.3560000e+03   1.0037610e+01   2.9399320e+00  -4.8687511e-02   0.0000000e+00  -1.2164199e-08
   1.3570000e+03   1.0033010e+01   2.9391120e+00  -4.8630699e-02   0.0000000e+00  -1.2158551e-08
   1.3580000e+03   1.0028420e+01   2.9382930e+00  -4.8573886e-02   0.0000000e+00  -1.2152777e-08
   1.3590000e+03   1.0023840e+01   2.9374740e+00  -4.8517144e-02   0.0000000e+00  -1.2146892e-08
   1.3600000e+03   1.0019270e+01   2.9366560e+00  -4.8460400e-02   0.0000000e+00  -1.2140880e-08
   1.3610000e+03   1.0014700e+01   2.9358380e+00  -4.8403724e-02   0.0000000e+00  -1.2134755e-08
   1.3620000e+03   1.0010130e+01   2.9350210e+00  -4.8347086e-02   0.0000000e+00  -1.2128511e-08
   1.3630000e+03   1.0005580e+01   2.9342040e+00  -4.8290477e-02   0.0000000e+00  -1.2122148e-08
   1.3640000e+03   1.0001030e+01   2.9333870e+00  -4.8233912e-02   0.0000000e+00  -1.2115666e-08
