   3.3000000e+01   2.4478970e+02   4.8814570e+00  -3.8099313e-02   0.0000000e+00  -2.1143774e-08
   3.4000000e+01   2.3952760e+02   4.8440960e+00  -3.9177357e-02   0.0000000e+00  -2.0621315e-08
   3.5000000e+01   2.3448900e+02   4.8088000e+00  -4.0257395e-02   0.0000000e+00  -2.0071639e-08
   3.6000000e+01   2.2965780e+02   4.7754400e+00  -4.1339674e-02   0.0000000e+00  -1.9496125e-08
   3.7000000e+01   2.2501990e+02   4.7438970e+00  -4.2424416e-02   0.0000000e+00  -1.8896126e-08
   3.8000000e+01   2.2056270e+02   4.7140540e+00  -4.3511942e-02   0.0000000e+00  -1.8273006e-08
   3.9000000e+01   2.1627500e+02   4.6858040e+00  -4.4602563e-02   0.0000000e+00  -1.7628120e-08
   4.0000000e+01   2.1214640e+02   4.6590440e+00  -4.5696670e-02   0.0000000e+00  -1.6962881e-08
   4.1000000e+01   2.0816780e+02   4.6336790e+00  -4.6794612e-02   0.0000000e+00  -1.6278634e-08
   4.2000000e+01   2.0433070e+02   4.6096180e+00  -4.7896745e-02   0.0000000e+00  -1.5576680e-08
   4.3000000e+01   2.0062750e+02   4.5867790e+00  -4.9003440e-02   0.0000000e+00  -1.4858404e-08
   4.4000000e+01   1.9705100e+02   4.5650840e+00  -5.0115001e-02   0.0000000e+00  -1.4125038e-08
   4.5000000e+01   1.9359490e+02   4.5444600e+00  -5.1231724e-02   0.0000000e+00  -1.3377799e-08
   4.6000000e+01   1.9025300e+02   4.5248390e+00  -5.2353973e-02   0.0000000e+00  -1.2617924e-08
   4.7000000e+01   1.8701970e+02   4.5061590e+00  -5.3481999e-02   0.0000000e+00  -1.1846577e-08
   4.8000000e+01   1.8388990e+02   4.4883610e+00  -5.4615993e-02   0.0000000e+00  -1.1064848e-08
   4.9000000e+01   1.8085880e+02   4.4713910e+00  -5.5756236e-02   0.0000000e+00  -1.0273888e-08
   5.0000000e+01   1.7792170e+02   4.4551990e+00  -5.6902902e-02   0.0000000e+00  -9.4746623e-09
   5.1000000e+01   1.7507450e+02   4.4397380e+00  -5.8056181e-02   0.0000000e+00  -8.6682413e-09
   5.2000000e+01   1.7231310e+02   4.4249640e+00  -5.9216229e-02   0.0000000e+00  -7.8554949e-09
   5.3000000e+01   1.6963390e+02   4.4108380e+00  -6.0383157e-02   0.0000000e+00  -7.0374518e-09
   5.4000000e+01   1.6703320e+02   4.3973210e+00  -6.1557064e-02   0.0000000e+00  -6.2149487e-09
   5.5000000e+01   1.6450780e+02   4.3843780e+00  -6.2738071e-02   0.0000000e+00  -5.3887727e-09
   5.6000000e+01   1.6205450e+02   4.3719780e+00  -6.3926187e-02   0.0000000e+00  -4.5598252e-09
   5.7000000e+01   1.5967030e+02   4.3600890e+00  -6.5121531e-02   0.0000000e+00  -3.7288301e-09
   5.8000000e+01   1.5735250e+02   4.3486840e+00  -6.6324036e-02   0.0000000e+00  -2.8965114e-09
   5.9000000e+01   1.5509840e+02   4.3377360e+00  -6.7533831e-02   0.0000000e+00  -2.0636230e-09
   6.0000000e+01   1.5290550e+02   4.3272210e+00  -6.8750788e-02   0.0000000e+00  -1.2307905e-09
   6.1000000e+01   1.5077130e+02   4.3171160e+00  -6.9974981e-02   0.0000000e+00  -3.9866713e-10
   6.2000000e+01   1.4869360e+02   4.3074000e+00  -7.1206349e-02   0.0000000e+00   4.3211555e-10
   6.3000000e+01   1.4667030e+02   4.2980520e+00  -7.2444810e-02   0.0000000e+00   1.2610127e-09
   6.4000000e+01   1.4469920e+02   4.2890540e+00  -7.3690353e-02   0.0000000e+00   2.0874464e-09
   6.5000000e+01   1.4277850e+02   4.2803890e+00  -7.4942851e-02   0.0000000e+00   2.9109047e-09
   6.6000000e+01   1.4090640e+02   4.2720390e+00  -7.6202224e-02   0.0000000e+00   3.7308495e-09
   6.7000000e+01   1.3908090e+02   4.2639910e+00  -7.7468432e-02   0.0000000e+00   4.5468285e-09
   6.8000000e+01   1.3730050e+02   4.2562280e+00  -7.8741340e-02   0.0000000e+00   5.3584016e-09
   6.9000000e+01   1.3556350e+02   4.2487380e+00  -8.0020844e-02   0.0000000e+00   6.1651191e-09
   7.0000000e+01   1.3386840e+02   4.2415090e+00  -8.1306825e-02   0.0000000e+00   6.9665550e-09
   7.1000000e+01   1.3221370e+02   4.2345280e+00  -8.2599099e-02   0.0000000e+00   7.7623908e-09
   7.2000000e+01   1.3059810e+02   4.2277830e+00  -8.3897582e-02   0.0000000e+00   8.5521807e-09
   7.3000000e+01   1.2902010e+02   4.2212650e+00  -8.5202243e-02   0.0000000e+00   9.3356067e-09
   7.4000000e+01   1.2747860e+02   4.2149630e+00  -8.6512678e-02   0.0000000e+00   1.0112343e-08
   7.5000000e+01   1.2597230e+02   4.2088680e+00  -8.7828930e-02   0.0000000e+00   1.0882127e-08
   7.6000000e+01   1.2450010e+02   4.2029720e+00  -8.9150732e-02   0.0000000e+00   1.1644567e-08
   7.7000000e+01   1.2306070e+02   4.1972640e+00  -9.0478040e-02   0.0000000e+00   1.2399451e-08
   7.8000000e+01   1.2165320e+02   4.1917390e+00  -9.1810596e-02   0.0000000e+00   1.3146494e-08
   7.9000000e+01   1.2027650e+02   4.1863880e+00  -9.3148272e-02   0.0000000e+00   1.3885482e-08
   8.0000000e+01   1.1892970e+02   4.1812040e+00  -9.4490795e-02   0.0000000e+00   1.4616154e-08
   8.1000000e+01   1.1761170e+02   4.1761810e+00  -9.5838127e-02   0.0000000e+00   1.5338310e-08
   8.2000000e+01   1.1632180e+02   4.1713110e+00  -9.7189999e-02   0.0000000e+00   1.6051751e-08
   8.3000000e+01   1.1505890e+02   4.1665900e+00  -9.8546295e-02   0.0000000e+00   1.6756255e-08
   8.4000000e+01   1.1382240e+02   4.1620110e+00  -9.9906790e-02   0.0000000e+00   1.7451694e-08
   8.5000000e+01   1.1261130e+02   4.1575680e+00  -1.0127129e-01   0.0000000e+00   1.8137887e-08
   8.6000000e+01   1.1142500e+02   4.1532570e+00  -1.0263963e-01   0.0000000e+00   1.8814657e-08
   8.7000000e+01   1.1026260e+02   4.1490730e+00  -1.0401163e-01   0.0000000e+00   1.9481891e-08
   8.8000000e+01   1.0912360e+02   4.1450110e+00  -1.0538703e-01   0.0000000e+00   2.0139452e-08
   8.9000000e+01   1.0800710e+02   4.1410670e+00  -1.0676573e-01   0.0000000e+00   2.0787201e-08
   9.0000000e+01   1.0691250e+02   4.1372350e+00  -1.0814761e-01   0.0000000e+00   2.1425064e-08
   9.1000000e+01   1.0583930e+02   4.1335130e+00  -1.0953227e-01   0.0000000e+00   2.2052900e-08
   9.2000000e+01   1.0478680e+02   4.1298960e+00  -1.1091962e-01   0.0000000e+00   2.2670658e-08
   9.3000000e+01   1.0375440e+02   4.1263810e+00  -1.1230947e-01   0.0000000e+00   2.3278213e-08
   9.4000000e+01   1.0274160e+02   4.1229630e+00  -1.1370175e-01   0.0000000e+00   2.3875524e-08
   9.5000000e+01   1.0174770e+02   4.1196410e+00  -1.1509610e-01   0.0000000e+00   2.4462492e-08
   9.6000000e+01   1.0077240e+02   4.1164100e+00  -1.1649242e-01   0.0000000e+00   2.5039103e-08
   9.7000000e+01   9.9811760e+01   4.1134020e+00  -1.1788206e-01   0.0000000e+00   2.5604307e-08
   9.8000000e+01   9.8872010e+01   4.1103410e+00  -1.1928171e-01   0.0000000e+00   2.6160219e-08
   9.9000000e+01   9.7949300e+01   4.1073630e+00  -1.2068274e-01   0.0000000e+00   2.6705614e-08
   1.0000000e+02   9.7043160e+01   4.1044640e+00  -1.2208506e-01   0.0000000e+00   2.7240451e-08
   1.0100000e+02   9.6153170e+01   4.1016430e+00  -1.2348839e-01   0.0000000e+00   2.7764711e-08
   1.0200000e+02   9.5278890e+01   4.0988960e+00  -1.2489261e-01   0.0000000e+00   2.8278379e-08
   1.0300000e+02   9.4419920e+01   4.0962220e+00  -1.2629745e-01   0.0000000e+00   2.8781418e-08
   1.0400000e+02   9.3575880e+01   4.0936180e+00  -1.2770287e-01   0.0000000e+00   2.9273856e-08
   1.0500000e+02   9.2746370e+01   4.0910810e+00  -1.2910857e-01   0.0000000e+00   2.9755672e-08
   1.0600000e+02   9.1931040e+01   4.0886100e+00  -1.3051448e-01   0.0000000e+00   3.0226861e-08
   1.0700000e+02   9.1129530e+01   4.0862020e+00  -1.3192040e-01   0.0000000e+00   3.0687442e-08
   1.0800000e+02   9.0341500e+01   4.0838560e+00  -1.3332606e-01   0.0000000e+00   3.1137427e-08
   1.0900000e+02   8.9566600e+01   4.0815700e+00  -1.3473147e-01   0.0000000e+00   3.1576827e-08
   1.1000000e+02   8.8804540e+01   4.0793410e+00  -1.3613634e-01   0.0000000e+00   3.2005670e-08
   1.1100000e+02   8.8054980e+01   4.0771690e+00  -1.3754059e-01   0.0000000e+00   3.2423952e-08
   1.1200000e+02   8.7317640e+01   4.0750500e+00  -1.3894402e-01   0.0000000e+00   3.2831755e-08
   1.1300000e+02   8.6592220e+01   4.0729840e+00  -1.4034646e-01   0.0000000e+00   3.3229063e-08
   1.1400000e+02   8.5878440e+01   4.0709700e+00  -1.4174767e-01   0.0000000e+00   3.3615928e-08
   1.1500000e+02   8.5176020e+01   4.0690040e+00  -1.4314769e-01   0.0000000e+00   3.3992388e-08
   1.1600000e+02   8.4484710e+01   4.0670870e+00  -1.4454631e-01   0.0000000e+00   3.4358485e-08
   1.1700000e+02   8.3804240e+01   4.0652160e+00  -1.4594331e-01   0.0000000e+00   3.4714244e-08
   1.1800000e+02   8.3134360e+01   4.0633900e+00  -1.4733869e-01   0.0000000e+00   3.5059720e-08
   1.1900000e+02   8.2474840e+01   4.0616090e+00  -1.4873204e-01   0.0000000e+00   3.5394983e-08
   1.2000000e+02   8.1825440e+01   4.0598690e+00  -1.5012344e-01   0.0000000e+00   3.5720076e-08
   1.2100000e+02   8.1185940e+01   4.0581710e+00  -1.5151277e-01   0.0000000e+00   3.6035019e-08
   1.2200000e+02   8.0556110e+01   4.0565130e+00  -1.5289975e-01   0.0000000e+00   3.6339915e-08
   1.2300000e+02   7.9935740e+01   4.0548940e+00  -1.5428424e-01   0.0000000e+00   3.6634814e-08
   1.2400000e+02   7.9324620e+01   4.0533130e+00  -1.5566622e-01   0.0000000e+00   3.6919739e-08
   1.2500000e+02   7.8722560e+01   4.0517680e+00  -1.5704558e-01   0.0000000e+00   3.7194780e-08
   1.2600000e+02   7.8129350e+01   4.0502590e+00  -1.5842206e-01   0.0000000e+00   3.7460006e-08
   1.2700000e+02   7.7544800e+01   4.0487840e+00  -1.5979568e-01   0.0000000e+00   3.7715472e-08
   1.2800000e+02   7.6968740e+01   4.0473430e+00  -1.6116621e-01   0.0000000e+00   3.7961234e-08
   1.2900000e+02   7.6400980e+01   4.0459340e+00  -1.6253355e-01   0.0000000e+00   3.8197382e-08
   1.3000000e+02   7.5841340e+01   4.0445570e+00  -1.6389757e-01   0.0000000e+00   3.8423986e-08
   1.3100000e+02   7.5289660e+01   4.0432110e+00  -1.6525826e-01   0.0000000e+00   3.8641054e-08
   1.3200000e+02   7.4745770e+01   4.0418940e+00  -1.6661534e-01   0.0000000e+00   3.8848764e-08
   1.3300000e+02   7.4209520e+01   4.0406070e+00  -1.6796884e-01   0.0000000e+00   3.9047097e-08
   1.3400000e+02   7.3680740e+01   4.0393480e+00  -1.6931848e-01   0.0000000e+00   3.9236185e-08
   1.3500000e+02   7.3159280e+01   4.0381160e+00  -1.7066436e-01   0.0000000e+00   3.9416064e-08
   1.3600000e+02   7.2645000e+01   4.0369100e+00  -1.7200625e-01   0.0000000e+00   3.9586835e-08
   1.3700000e+02   7.2137750e+01   4.0357310e+00  -1.7334398e-01   0.0000000e+00   3.9748573e-08
   1.3800000e+02   7.1637400e+01   4.0345760e+00  -1.7467765e-01   0.0000000e+00   3.9901338e-08
   1.3900000e+02   7.1143800e+01   4.0334460e+00  -1.7600695e-01   0.0000000e+00   4.0045214e-08
   1.4000000e+02   7.0656820e+01   4.0323390e+00  -1.7733193e-01   0.0000000e+00   4.0180273e-08
   1.4100000e+02   7.0176340e+01   4.0312560e+00  -1.7865239e-01   0.0000000e+00   4.0306626e-08
   1.4200000e+02   6.9702220e+01   4.0301940e+00  -1.7996831e-01   0.0000000e+00   4.0424331e-08
   1.4300000e+02   6.9234350e+01   4.0291550e+00  -1.8127950e-01   0.0000000e+00   4.0533452e-08
   1.4400000e+02   6.8772610e+01   4.0281360e+00  -1.8258596e-01   0.0000000e+00   4.0634111e-08
   1.4500000e+02   6.8316870e+01   4.0271380e+00  -1.8388757e-01   0.0000000e+00   4.0726352e-08
   1.4600000e+02   6.7867030e+01   4.0261600e+00  -1.8518427e-01   0.0000000e+00   4.0810263e-08
   1.4700000e+02   6.7422970e+01   4.0252010e+00  -1.8647590e-01   0.0000000e+00   4.0885941e-08
   1.4800000e+02   6.6984580e+01   4.0242610e+00  -1.8776243e-01   0.0000000e+00   4.0953442e-08
   1.4900000e+02   6.6551770e+01   4.0233390e+00  -1.8904377e-01   0.0000000e+00   4.1012887e-08
   1.5000000e+02   6.6124420e+01   4.0224350e+00  -1.9031986e-01   0.0000000e+00   4.1064315e-08
   1.5100000e+02   6.5702450e+01   4.0215480e+00  -1.9159055e-01   0.0000000e+00   4.1107832e-08
   1.5200000e+02   6.5285740e+01   4.0206780e+00  -1.9285583e-01   0.0000000e+00   4.1143526e-08
   1.5300000e+02   6.4874200e+01   4.0198240e+00  -1.9411556e-01   0.0000000e+00   4.1171469e-08
   1.5400000e+02   6.4467740e+01   4.0189860e+00  -1.9536971e-01   0.0000000e+00   4.1191753e-08
   1.5500000e+02   6.4066280e+01   4.0181630e+00  -1.9661821e-01   0.0000000e+00   4.1204458e-08
   1.5600000e+02   6.3669710e+01   4.0173560e+00  -1.9786083e-01   0.0000000e+00   4.1209647e-08
   1.5700000e+02   6.3277950e+01   4.0165620e+00  -1.9909781e-01   0.0000000e+00   4.1207432e-08
   1.5800000e+02   6.2890930e+01   4.0157830e+00  -2.0032883e-01   0.0000000e+00   4.1197892e-08
   1.5900000e+02   6.2508550e+01   4.0150170e+00  -2.0155396e-01   0.0000000e+00   4.1181074e-08
   1.6000000e+02   6.2130730e+01   4.0142640e+00  -2.0277310e-01   0.0000000e+00   4.1157122e-08
   1.6100000e+02   6.1757400e+01   4.0135250e+00  -2.0398605e-01   0.0000000e+00   4.1126070e-08
   1.6200000e+02   6.1388470e+01   4.0127980e+00  -2.0519294e-01   0.0000000e+00   4.1088025e-08
   1.6300000e+02   6.1023880e+01   4.0120830e+00  -2.0639359e-01   0.0000000e+00   4.1043055e-08
   1.6400000e+02   6.0663550e+01   4.0113800e+00  -2.0758797e-01   0.0000000e+00   4.0991241e-08
   1.6500000e+02   6.0307400e+01   4.0106880e+00  -2.0877609e-01   0.0000000e+00   4.0932674e-08
   1.6600000e+02   5.9955370e+01   4.0100070e+00  -2.0995780e-01   0.0000000e+00   4.0867455e-08
   1.6700000e+02   5.9607380e+01   4.0093370e+00  -2.1113310e-01   0.0000000e+00   4.0795649e-08
   1.6800000e+02   5.9263380e+01   4.0086780e+00  -2.1230181e-01   0.0000000e+00   4.0717307e-08
   1.6900000e+02   5.8923280e+01   4.0080290e+00  -2.1346400e-01   0.0000000e+00   4.0632547e-08
   1.7000000e+02   5.8587040e+01   4.0073900e+00  -2.1461961e-01   0.0000000e+00   4.0541440e-08
   1.7100000e+02   5.8254580e+01   4.0067600e+00  -2.1576856e-01   0.0000000e+00   4.0444077e-08
   1.7200000e+02   5.7925840e+01   4.0061390e+00  -2.1691089e-01   0.0000000e+00   4.0340523e-08
   1.7300000e+02   5.7600760e+01   4.0055280e+00  -2.1804637e-01   0.0000000e+00   4.0230861e-08
   1.7400000e+02   5.7279290e+01   4.0049250e+00  -2.1917511e-01   0.0000000e+00   4.0115205e-08
   1.7500000e+02   5.6961370e+01   4.0043310e+00  -2.2029694e-01   0.0000000e+00   3.9993575e-08
   1.7600000e+02   5.6646930e+01   4.0037450e+00  -2.2141196e-01   0.0000000e+00   3.9866083e-08
   1.7700000e+02   5.6335920e+01   4.0031670e+00  -2.2252002e-01   0.0000000e+00   3.9732815e-08
   1.7800000e+02   5.6028300e+01   4.0025970e+00  -2.2362106e-01   0.0000000e+00   3.9593842e-08
   1.7900000e+02   5.5724000e+01   4.0020340e+00  -2.2471517e-01   0.0000000e+00   3.9449235e-08
   1.8000000e+02   5.5422970e+01   4.0014790e+00  -2.2580214e-01   0.0000000e+00   3.9299073e-08
   1.8100000e+02   5.5125160e+01   4.0009300e+00  -2.2688211e-01   0.0000000e+00   3.9143470e-08
   1.8200000e+02   5.4830530e+01   4.0003890e+00  -2.2795485e-01   0.0000000e+00   3.8982473e-08
   1.8300000e+02   5.4539020e+01   3.9998540e+00  -2.2902050e-01   0.0000000e+00   3.8816125e-08
   1.8400000e+02   5.4250580e+01   3.9993250e+00  -2.3007897e-01   0.0000000e+00   3.8644565e-08
   1.8500000e+02   5.3965170e+01   3.9988030e+00  -2.3113013e-01   0.0000000e+00   3.8467822e-08
   1.8600000e+02   5.3682740e+01   3.9982870e+00  -2.3217405e-01   0.0000000e+00   3.8286006e-08
   1.8700000e+02   5.3403250e+01   3.9977760e+00  -2.3321076e-01   0.0000000e+00   3.8099201e-08
   1.8800000e+02   5.3126660e+01   3.9972710e+00  -2.3424005e-01   0.0000000e+00   3.7907442e-08
   1.8900000e+02   5.2852910e+01   3.9967720e+00  -2.3526199e-01   0.0000000e+00   3.7710811e-08
   1.9000000e+02   5.2581960e+01   3.9962780e+00  -2.3627654e-01   0.0000000e+00   3.7509419e-08
   1.9100000e+02   5.2313780e+01   3.9957890e+00  -2.3728370e-01   0.0000000e+00   3.7303321e-08
   1.9200000e+02   5.2048320e+01   3.9953050e+00  -2.3828344e-01   0.0000000e+00   3.7092554e-08
   1.9300000e+02   5.1785550e+01   3.9948260e+00  -2.3927569e-01   0.0000000e+00   3.6877228e-08
   1.9400000e+02   5.1525420e+01   3.9943520e+00  -2.4026039e-01   0.0000000e+00   3.6657432e-08
   1.9500000e+02   5.1267890e+01   3.9938820e+00  -2.4123766e-01   0.0000000e+00   3.6433213e-08
   1.9600000e+02   5.1012940e+01   3.9934160e+00  -2.4220741e-01   0.0000000e+00   3.6204630e-08
   1.9700000e+02   5.0760510e+01   3.9929550e+00  -2.4316957e-01   0.0000000e+00   3.5971788e-08
   1.9800000e+02   5.0510570e+01   3.9924980e+00  -2.4412416e-01   0.0000000e+00   3.5734732e-08
   1.9900000e+02   5.0263100e+01   3.9920440e+00  -2.4507119e-01   0.0000000e+00   3.5493550e-08
   2.0000000e+02   5.0018040e+01   3.9915940e+00  -2.4601064e-01   0.0000000e+00   3.5248334e-08
   2.0100000e+02   4.9775380e+01   3.9911480e+00  -2.4694244e-01   0.0000000e+00   3.4999084e-08
   2.0200000e+02   4.9535070e+01   3.9907060e+00  -2.4786657e-01   0.0000000e+00   3.4745904e-08
   2.0300000e+02   4.9297080e+01   3.9902660e+00  -2.4878317e-01   0.0000000e+00   3.4488914e-08
   2.0400000e+02   4.9061370e+01   3.9898310e+00  -2.4969195e-01   0.0000000e+00   3.4228081e-08
   2.0500000e+02   4.8827930e+01   3.9893980e+00  -2.5059314e-01   0.0000000e+00   3.3963589e-08
   2.0600000e+02   4.8596710e+01   3.9889680e+00  -2.5148668e-01   0.0000000e+00   3.3695408e-08
   2.0700000e+02   4.8367680e+01   3.9885410e+00  -2.5237250e-01   0.0000000e+00   3.3423658e-08
   2.0800000e+02   4.8140820e+01   3.9881170e+00  -2.5325059e-01   0.0000000e+00   3.3148391e-08
   2.0900000e+02   4.7916100e+01   3.9876960e+00  -2.5412095e-01   0.0000000e+00   3.2869690e-08
   2.1000000e+02   4.7693470e+01   3.9872770e+00  -2.5498362e-01   0.0000000e+00   3.2587598e-08
   2.1100000e+02   4.7472930e+01   3.9868610e+00  -2.5583856e-01   0.0000000e+00   3.2302157e-08
   2.1200000e+02   4.7254430e+01   3.9864470e+00  -2.5668578e-01   0.0000000e+00   3.2013490e-08
   2.1300000e+02   4.7037960e+01   3.9860350e+00  -2.5752530e-01   0.0000000e+00   3.1721640e-08
   2.1400000e+02   4.6823480e+01   3.9856260e+00  -2.5835698e-01   0.0000000e+00   3.1426639e-08
   2.1500000e+02   4.6610960e+01   3.9852190e+00  -2.5918094e-01   0.0000000e+00   3.1128586e-08
   2.1600000e+02   4.6400390e+01   3.9848130e+00  -2.5999728e-01   0.0000000e+00   3.0827511e-08
   2.1700000e+02   4.6191730e+01   3.9844100e+00  -2.6080573e-01   0.0000000e+00   3.0523565e-08
   2.1800000e+02   4.5984960e+01   3.9840080e+00  -2.6160654e-01   0.0000000e+00   3.0216666e-08
   2.1900000e+02   4.5780050e+01   3.9836080e+00  -2.6239964e-01   0.0000000e+00   2.9906988e-08
   2.2000000e+02   4.5576990e+01   3.9832100e+00  -2.6318486e-01   0.0000000e+00   2.9594550e-08
   2.2100000e+02   4.5375740e+01   3.9828140e+00  -2.6396237e-01   0.0000000e+00   2.9279438e-08
   2.2200000e+02   4.5176290e+01   3.9824190e+00  -2.6473216e-01   0.0000000e+00   2.8961674e-08
   2.2300000e+02   4.4978600e+01   3.9820250e+00  -2.6549424e-01   0.0000000e+00   2.8641364e-08
   2.2400000e+02   4.4782660e+01   3.9816330e+00  -2.6624859e-01   0.0000000e+00   2.8318500e-08
   2.2500000e+02   4.4588450e+01   3.9812420e+00  -2.6699523e-01   0.0000000e+00   2.7993201e-08
   2.2600000e+02   4.4395940e+01   3.9808520e+00  -2.6773417e-01   0.0000000e+00   2.7665530e-08
   2.2700000e+02   4.4205100e+01   3.9804640e+00  -2.6846530e-01   0.0000000e+00   2.7335465e-08
   2.2800000e+02   4.4015930e+01   3.9800760e+00  -2.6918886e-01   0.0000000e+00   2.7003137e-08
   2.2900000e+02   4.3828400e+01   3.9796900e+00  -2.6990464e-01   0.0000000e+00   2.6668605e-08
   2.3000000e+02   4.3642480e+01   3.9793040e+00  -2.7061281e-01   0.0000000e+00   2.6331904e-08
   2.3100000e+02   4.3458160e+01   3.9789190e+00  -2.7131331e-01   0.0000000e+00   2.5993061e-08
   2.3200000e+02   4.3275420e+01   3.9785350e+00  -2.7200611e-01   0.0000000e+00   2.5652212e-08
   2.3300000e+02   4.3094240e+01   3.9781520e+00  -2.7269124e-01   0.0000000e+00   2.5309328e-08
   2.3400000e+02   4.2914590e+01   3.9777700e+00  -2.7336877e-01   0.0000000e+00   2.4964469e-08
   2.3500000e+02   4.2736470e+01   3.9773880e+00  -2.7403867e-01   0.0000000e+00   2.4617732e-08
   2.3600000e+02   4.2559840e+01   3.9770070e+00  -2.7470095e-01   0.0000000e+00   2.4269139e-08
   2.3700000e+02   4.2384700e+01   3.9766260e+00  -2.7535570e-01   0.0000000e+00   2.3918806e-08
   2.3800000e+02   4.2211020e+01   3.9762460e+00  -2.7600282e-01   0.0000000e+00   2.3566693e-08
   2.3900000e+02   4.2038790e+01   3.9758660e+00  -2.7664239e-01   0.0000000e+00   2.3212902e-08
   2.4000000e+02   4.1867990e+01   3.9754870e+00  -2.7727435e-01   0.0000000e+00   2.2857493e-08
   2.4100000e+02   4.1698590e+01   3.9751080e+00  -2.7789889e-01   0.0000000e+00   2.2500469e-08
   2.4200000e+02   4.1530600e+01   3.9747290e+00  -2.7851589e-01   0.0000000e+00   2.2141950e-08
   2.4300000e+02   4.1363980e+01   3.9743510e+00  -2.7912530e-01   0.0000000e+00   2.1781915e-08
   2.4400000e+02   4.1198730e+01   3.9739720e+00  -2.7972740e-01   0.0000000e+00   2.1420479e-08
   2.4500000e+02   4.1034820e+01   3.9735940e+00  -2.8032194e-01   0.0000000e+00   2.1057640e-08
   2.4600000e+02   4.0872240e+01   3.9732160e+00  -2.8090906e-01   0.0000000e+00   2.0693484e-08
   2.4700000e+02   4.0710970e+01   3.9728380e+00  -2.8148878e-01   0.0000000e+00   2.0328007e-08
   2.4800000e+02   4.0551000e+01   3.9724600e+00  -2.8206113e-01   0.0000000e+00   1.9961307e-08
   2.4900000e+02   4.0392320e+01   3.9720820e+00  -2.8262606e-01   0.0000000e+00   1.9593409e-08
   2.5000000e+02   4.0234900e+01   3.9717030e+00  -2.8318373e-01   0.0000000e+00   1.9224377e-08
   2.5100000e+02   4.0078740e+01   3.9713250e+00  -2.8373402e-01   0.0000000e+00   1.8854257e-08
   2.5200000e+02   3.9923820e+01   3.9709470e+00  -2.8427697e-01   0.0000000e+00   1.8483066e-08
   2.5300000e+02   3.9770120e+01   3.9705680e+00  -2.8481270e-01   0.0000000e+00   1.8110875e-08
   2.5400000e+02   3.9617630e+01   3.9701890e+00  -2.8534118e-01   0.0000000e+00   1.7737714e-08
   2.5500000e+02   3.9466340e+01   3.9698100e+00  -2.8586242e-01   0.0000000e+00   1.7363641e-08
   2.5600000e+02   3.9316230e+01   3.9694310e+00  -2.8637645e-01   0.0000000e+00   1.6988699e-08
   2.5700000e+02   3.9167300e+01   3.9690510e+00  -2.8688330e-01   0.0000000e+00   1.6612906e-08
   2.5800000e+02   3.9019520e+01   3.9686710e+00  -2.8738298e-01   0.0000000e+00   1.6236351e-08
   2.5900000e+02   3.8872880e+01   3.9682900e+00  -2.8787566e-01   0.0000000e+00   1.5859047e-08
   2.6000000e+02   3.8727370e+01   3.9679090e+00  -2.8836117e-01   0.0000000e+00   1.5481033e-08
   2.6100000e+02   3.8582990e+01   3.9675270e+00  -2.8883965e-01   0.0000000e+00   1.5102371e-08
   2.6200000e+02   3.8439700e+01   3.9671460e+00  -2.8931095e-01   0.0000000e+00   1.4723080e-08
   2.6300000e+02   3.8297520e+01   3.9667630e+00  -2.8977539e-01   0.0000000e+00   1.4343203e-08
   2.6400000e+02   3.8156410e+01   3.9663800e+00  -2.9023279e-01   0.0000000e+00   1.3962796e-08
   2.6500000e+02   3.8016370e+01   3.9659960e+00  -2.9068331e-01   0.0000000e+00   1.3581919e-08
   2.6600000e+02   3.7877390e+01   3.9656120e+00  -2.9112682e-01   0.0000000e+00   1.3200538e-08
   2.6700000e+02   3.7739460e+01   3.9652270e+00  -2.9156347e-01   0.0000000e+00   1.2818788e-08
   2.6800000e+02   3.7602560e+01   3.9648410e+00  -2.9199330e-01   0.0000000e+00   1.2436595e-08
   2.6900000e+02   3.7466680e+01   3.9644550e+00  -2.9241624e-01   0.0000000e+00   1.2054143e-08
   2.7000000e+02   3.7331820e+01   3.9640680e+00  -2.9283239e-01   0.0000000e+00   1.1671333e-08
   2.7100000e+02   3.7197950e+01   3.9636800e+00  -2.9324185e-01   0.0000000e+00   1.1288256e-08
   2.7200000e+02   3.7065080e+01   3.9632910e+00  -2.9364456e-01   0.0000000e+00   1.0904976e-08
   2.7300000e+02   3.6933190e+01   3.9629020e+00  -2.9404047e-01   0.0000000e+00   1.0521500e-08
   2.7400000e+02   3.6802270e+01   3.9625120e+00  -2.9442976e-01   0.0000000e+00   1.0137867e-08
   2.7500000e+02   3.6672300e+01   3.9621200e+00  -2.9481254e-01   0.0000000e+00   9.7541291e-09
   2.7600000e+02   3.6543290e+01   3.9617280e+00  -2.9518860e-01   0.0000000e+00   9.3702632e-09
   2.7700000e+02   3.6415210e+01   3.9613360e+00  -2.9555803e-01   0.0000000e+00   8.9864036e-09
   2.7800000e+02   3.6288070e+01   3.9609420e+00  -2.9592099e-01   0.0000000e+00   8.6025095e-09
   2.7900000e+02   3.6161840e+01   3.9605470e+00  -2.9627750e-01   0.0000000e+00   8.2186442e-09
   2.8000000e+02   3.6036520e+01   3.9601510e+00  -2.9662756e-01   0.0000000e+00   7.8348202e-09
   2.8100000e+02   3.5912100e+01   3.9597540e+00  -2.9697116e-01   0.0000000e+00   7.4511132e-09
   2.8200000e+02   3.5788580e+01   3.9593560e+00  -2.9730836e-01   0.0000000e+00   7.0675139e-09
   2.8300000e+02   3.5665930e+01   3.9589580e+00  -2.9763911e-01   0.0000000e+00   6.6840586e-09
   2.8400000e+02   3.5544160e+01   3.9585580e+00  -2.9796363e-01   0.0000000e+00   6.3008237e-09
   2.8500000e+02   3.5423250e+01   3.9581570e+00  -2.9828188e-01   0.0000000e+00   5.9177772e-09
   2.8600000e+02   3.5303190e+01   3.9577550e+00  -2.9859385e-01   0.0000000e+00   5.5350221e-09
   2.8700000e+02   3.5183980e+01   3.9573510e+00  -2.9889968e-01   0.0000000e+00   5.1525121e-09
   2.8800000e+02   3.5065610e+01   3.9569470e+00  -2.9919922e-01   0.0000000e+00   4.7703569e-09
   2.8900000e+02   3.4948070e+01   3.9565410e+00  -2.9949270e-01   0.0000000e+00   4.3885361e-09
   2.9000000e+02   3.4831350e+01   3.9561350e+00  -2.9977994e-01   0.0000000e+00   4.0070604e-09
   2.9100000e+02   3.4715440e+01   3.9557270e+00  -3.0006124e-01   0.0000000e+00   3.6260272e-09
   2.9200000e+02   3.4600330e+01   3.9553180e+00  -3.0033648e-01   0.0000000e+00   3.2454127e-09
   2.9300000e+02   3.4486020e+01   3.9549070e+00  -3.0060579e-01   0.0000000e+00   2.8652827e-09
   2.9400000e+02   3.4372500e+01   3.9544960e+00  -3.0086900e-01   0.0000000e+00   2.4856396e-09
   2.9500000e+02   3.4259750e+01   3.9540830e+00  -3.0112642e-01   0.0000000e+00   2.1065237e-09
   2.9600000e+02   3.4147780e+01   3.9536690e+00  -3.0137788e-01   0.0000000e+00   1.7279597e-09
   2.9700000e+02   3.4036580e+01   3.9532530e+00  -3.0162360e-01   0.0000000e+00   1.3499839e-09
   2.9800000e+02   3.3926130e+01   3.9528370e+00  -3.0186339e-01   0.0000000e+00   9.7260935e-10
   2.9900000e+02   3.3816430e+01   3.9524190e+00  -3.0209750e-01   0.0000000e+00   5.9585714e-10
   3.0000000e+02   3.3707470e+01   3.9519990e+00  -3.0232591e-01   0.0000000e+00   2.1976996e-10
   3.0100000e+02   3.3599250e+01   3.9515780e+00  -3.0254858e-01   0.0000000e+00  -1.5559699e-10
   3.0200000e+02   3.3491750e+01   3.9511560e+00  -3.0276562e-01   0.0000000e+00  -5.3027270e-10
   3.0300000e+02   3.3384980e+01   3.9507330e+00  -3.0297697e-01   0.0000000e+00  -9.0420958e-10
   3.0400000e+02   3.3278920e+01   3.9503080e+00  -3.0318283e-01   0.0000000e+00  -1.2773692e-09
   3.0500000e+02   3.3173570e+01   3.9498810e+00  -3.0338322e-01   0.0000000e+00  -1.6497357e-09
   3.0600000e+02   3.3068920e+01   3.9494540e+00  -3.0357795e-01   0.0000000e+00  -2.0212800e-09
   3.0700000e+02   3.2964960e+01   3.9490240e+00  -3.0376740e-01   0.0000000e+00  -2.3919864e-09
   3.0800000e+02   3.2861690e+01   3.9485940e+00  -3.0395131e-01   0.0000000e+00  -2.7618226e-09
   3.0900000e+02   3.2759100e+01   3.9481610e+00  -3.0412999e-01   0.0000000e+00  -3.1307528e-09
   3.1000000e+02   3.2657180e+01   3.9477280e+00  -3.0430316e-01   0.0000000e+00  -3.4987900e-09
   3.1100000e+02   3.2555930e+01   3.9472930e+00  -3.0447110e-01   0.0000000e+00  -3.8658747e-09
   3.1200000e+02   3.2455340e+01   3.9468560e+00  -3.0463385e-01   0.0000000e+00  -4.2320076e-09
   3.1300000e+02   3.2355410e+01   3.9464180e+00  -3.0479132e-01   0.0000000e+00  -4.5971444e-09
   3.1400000e+02   3.2256120e+01   3.9459780e+00  -3.0494366e-01   0.0000000e+00  -4.9612773e-09
   3.1500000e+02   3.2157480e+01   3.9455370e+00  -3.0509081e-01   0.0000000e+00  -5.3243746e-09
   3.1600000e+02   3.2059480e+01   3.9450940e+00  -3.0523288e-01   0.0000000e+00  -5.6864293e-09
   3.1700000e+02   3.1962100e+01   3.9446490e+00  -3.0537001e-01   0.0000000e+00  -6.0473919e-09
   3.1800000e+02   3.1865360e+01   3.9442030e+00  -3.0550200e-01   0.0000000e+00  -6.4072615e-09
   3.1900000e+02   3.1769230e+01   3.9437550e+00  -3.0562906e-01   0.0000000e+00  -6.7660195e-09
   3.2000000e+02   3.1673710e+01   3.9433060e+00  -3.0575116e-01   0.0000000e+00  -7.1236256e-09
   3.2100000e+02   3.1578800e+01   3.9428550e+00  -3.0586839e-01   0.0000000e+00  -7.4800870e-09
   3.2200000e+02   3.1484500e+01   3.9424030e+00  -3.0598067e-01   0.0000000e+00  -7.8353613e-09
   3.2300000e+02   3.1390790e+01   3.9419490e+00  -3.0608820e-01   0.0000000e+00  -8.1894339e-09
   3.2400000e+02   3.1297670e+01   3.9414930e+00  -3.0619102e-01   0.0000000e+00  -8.5422953e-09
   3.2500000e+02   3.1205140e+01   3.9410350e+00  -3.0628910e-01   0.0000000e+00  -8.8938996e-09
   3.2600000e+02   3.1113190e+01   3.9405760e+00  -3.0638242e-01   0.0000000e+00  -9.2442417e-09
   3.2700000e+02   3.1021820e+01   3.9401150e+00  -3.0647109e-01   0.0000000e+00  -9.5933164e-09
   3.2800000e+02   3.0931010e+01   3.9396530e+00  -3.0655512e-01   0.0000000e+00  -9.9410851e-09
   3.2900000e+02   3.0840770e+01   3.9391890e+00  -3.0663462e-01   0.0000000e+00  -1.0287534e-08
   3.3000000e+02   3.0751100e+01   3.9387230e+00  -3.0670956e-01   0.0000000e+00  -1.0632653e-08
   3.3100000e+02   3.0661970e+01   3.9382550e+00  -3.0678006e-01   0.0000000e+00  -1.0976409e-08
   3.3200000e+02   3.0573400e+01   3.9377850e+00  -3.0684612e-01   0.0000000e+00  -1.1318787e-08
   3.3300000e+02   3.0485380e+01   3.9373140e+00  -3.0690768e-01   0.0000000e+00  -1.1659791e-08
   3.3400000e+02   3.0397890e+01   3.9368410e+00  -3.0696493e-01   0.0000000e+00  -1.1999385e-08
   3.3500000e+02   3.0310940e+01   3.9363670e+00  -3.0701772e-01   0.0000000e+00  -1.2337535e-08
   3.3600000e+02   3.0224520e+01   3.9358900e+00  -3.0706639e-01   0.0000000e+00  -1.2674272e-08
   3.3700000e+02   3.0138630e+01   3.9354120e+00  -3.0711070e-01   0.0000000e+00  -1.3009526e-08
   3.3800000e+02   3.0053260e+01   3.9349320e+00  -3.0715080e-01   0.0000000e+00  -1.3343306e-08
   3.3900000e+02   2.9968410e+01   3.9344500e+00  -3.0718676e-01   0.0000000e+00  -1.3675583e-08
   3.4000000e+02   2.9884070e+01   3.9339660e+00  -3.0721860e-01   0.0000000e+00  -1.4006388e-08
   3.4100000e+02   2.9800240e+01   3.9334810e+00  -3.0724627e-01   0.0000000e+00  -1.4335632e-08
   3.4200000e+02   2.9716910e+01   3.9329930e+00  -3.0727002e-01   0.0000000e+00  -1.4663375e-08
   3.4300000e+02   2.9634090e+01   3.9325040e+00  -3.0728959e-01   0.0000000e+00  -1.4989516e-08
   3.4400000e+02   2.9551760e+01   3.9320130e+00  -3.0730524e-01   0.0000000e+00  -1.5314131e-08
   3.4500000e+02   2.9469920e+01   3.9315200e+00  -3.0731697e-01   0.0000000e+00  -1.5637104e-08
   3.4600000e+02   2.9388570e+01   3.9310250e+00  -3.0732482e-01   0.0000000e+00  -1.5958530e-08
   3.4700000e+02   2.9307700e+01   3.9305290e+00  -3.0732873e-01   0.0000000e+00  -1.6278286e-08
   3.4800000e+02   2.9227310e+01   3.9300300e+00  -3.0732892e-01   0.0000000e+00  -1.6596466e-08
   3.4900000e+02   2.9147390e+01   3.9295300e+00  -3.0732525e-01   0.0000000e+00  -1.6912964e-08
   3.5000000e+02   2.9067950e+01   3.9290280e+00  -3.0731782e-01   0.0000000e+00  -1.7227825e-08
   3.5100000e+02   2.8988970e+01   3.9285230e+00  -3.0730683e-01   0.0000000e+00  -1.7540986e-08
   3.5200000e+02   2.8910460e+01   3.9280170e+00  -3.0729205e-01   0.0000000e+00  -1.7852487e-08
   3.5300000e+02   2.8832400e+01   3.9275090e+00  -3.0727367e-01   0.0000000e+00  -1.8162287e-08
   3.5400000e+02   2.8754800e+01   3.9269990e+00  -3.0725171e-01   0.0000000e+00  -1.8470347e-08
   3.5500000e+02   2.8677660e+01   3.9264870e+00  -3.0722620e-01   0.0000000e+00  -1.8776711e-08
   3.5600000e+02   2.8600960e+01   3.9259740e+00  -3.0719708e-01   0.0000000e+00  -1.9081300e-08
   3.5700000e+02   2.8524700e+01   3.9254580e+00  -3.0716460e-01   0.0000000e+00  -1.9384162e-08
   3.5800000e+02   2.8448890e+01   3.9249400e+00  -3.0712870e-01   0.0000000e+00  -1.9685261e-08
   3.5900000e+02   2.8373510e+01   3.9244200e+00  -3.0708940e-01   0.0000000e+00  -1.9984583e-08
   3.6000000e+02   2.8298570e+01   3.9238990e+00  -3.0704660e-01   0.0000000e+00  -2.0282092e-08
   3.6100000e+02   2.8224050e+01   3.9233750e+00  -3.0700063e-01   0.0000000e+00  -2.0577813e-08
   3.6200000e+02   2.8149960e+01   3.9228490e+00  -3.0695137e-01   0.0000000e+00  -2.0871721e-08
   3.6300000e+02   2.8076300e+01   3.9223220e+00  -3.0689876e-01   0.0000000e+00  -2.1163801e-08
   3.6400000e+02   2.8003050e+01   3.9217920e+00  -3.0684306e-01   0.0000000e+00  -2.1454048e-08
   3.6500000e+02   2.7930220e+01   3.9212600e+00  -3.0678414e-01   0.0000000e+00  -2.1742443e-08
   3.6600000e+02   2.7857810e+01   3.9207270e+00  -3.0672201e-01   0.0000000e+00  -2.2029003e-08
   3.6700000e+02   2.7785800e+01   3.9201910e+00  -3.0665688e-01   0.0000000e+00  -2.2313669e-08
   3.6800000e+02   2.7714200e+01   3.9196530e+00  -3.0658869e-01   0.0000000e+00  -2.2596464e-08
   3.6900000e+02   2.7643000e+01   3.9191140e+00  -3.0651738e-01   0.0000000e+00  -2.2877350e-08
   3.7000000e+02   2.7572200e+01   3.9185720e+00  -3.0644319e-01   0.0000000e+00  -2.3156331e-08
   3.7100000e+02   2.7501800e+01   3.9180280e+00  -3.0636603e-01   0.0000000e+00  -2.3433429e-08
   3.7200000e+02   2.7431790e+01   3.9174820e+00  -3.0628594e-01   0.0000000e+00  -2.3708594e-08
   3.7300000e+02   2.7362170e+01   3.9169340e+00  -3.0620298e-01   0.0000000e+00  -2.3981820e-08
   3.7400000e+02   2.7292940e+01   3.9163840e+00  -3.0611720e-01   0.0000000e+00  -2.4253105e-08
   3.7500000e+02   2.7224090e+01   3.9158320e+00  -3.0602858e-01   0.0000000e+00  -2.4522434e-08
   3.7600000e+02   2.7155630e+01   3.9152780e+00  -3.0593717e-01   0.0000000e+00  -2.4789832e-08
   3.7700000e+02   2.7087540e+01   3.9147220e+00  -3.0584305e-01   0.0000000e+00  -2.5055226e-08
   3.7800000e+02   2.7019830e+01   3.9141640e+00  -3.0574620e-01   0.0000000e+00  -2.5318645e-08
   3.7900000e+02   2.6952490e+01   3.9136030e+00  -3.0564680e-01   0.0000000e+00  -2.5580077e-08
   3.8000000e+02   2.6885520e+01   3.9130410e+00  -3.0554463e-01   0.0000000e+00  -2.5839512e-08
   3.8100000e+02   2.6818920e+01   3.9124760e+00  -3.0543999e-01   0.0000000e+00  -2.6096964e-08
   3.8200000e+02   2.6752680e+01   3.9119100e+00  -3.0533268e-01   0.0000000e+00  -2.6352358e-08
   3.8300000e+02   2.6686800e+01   3.9113410e+00  -3.0522293e-01   0.0000000e+00  -2.6605765e-08
   3.8400000e+02   2.6621280e+01   3.9107700e+00  -3.0511069e-01   0.0000000e+00  -2.6857103e-08
   3.8500000e+02   2.6556110e+01   3.9101970e+00  -3.0499601e-01   0.0000000e+00  -2.7106450e-08
   3.8600000e+02   2.6491300e+01   3.9096220e+00  -3.0487883e-01   0.0000000e+00  -2.7353718e-08
   3.8700000e+02   2.6426840e+01   3.9090440e+00  -3.0475939e-01   0.0000000e+00  -2.7598943e-08
   3.8800000e+02   2.6362720e+01   3.9084650e+00  -3.0463752e-01   0.0000000e+00  -2.7842101e-08
   3.8900000e+02   2.6298950e+01   3.9078830e+00  -3.0451339e-01   0.0000000e+00  -2.8083179e-08
   3.9000000e+02   2.6235520e+01   3.9073000e+00  -3.0438686e-01   0.0000000e+00  -2.8322184e-08
   3.9100000e+02   2.6172430e+01   3.9067140e+00  -3.0425817e-01   0.0000000e+00  -2.8559089e-08
   3.9200000e+02   2.6109680e+01   3.9061260e+00  -3.0412726e-01   0.0000000e+00  -2.8793912e-08
   3.9300000e+02   2.6047270e+01   3.9055360e+00  -3.0399414e-01   0.0000000e+00  -2.9026656e-08
   3.9400000e+02   2.5985180e+01   3.9049430e+00  -3.0385897e-01   0.0000000e+00  -2.9257308e-08
   3.9500000e+02   2.5923430e+01   3.9043490e+00  -3.0372154e-01   0.0000000e+00  -2.9485811e-08
   3.9600000e+02   2.5862000e+01   3.9037520e+00  -3.0358216e-01   0.0000000e+00  -2.9712200e-08
   3.9700000e+02   2.5800890e+01   3.9031530e+00  -3.0344072e-01   0.0000000e+00  -2.9936473e-08
   3.9800000e+02   2.5740110e+01   3.9025520e+00  -3.0329722e-01   0.0000000e+00  -3.0158588e-08
   3.9900000e+02   2.5679650e+01   3.9019490e+00  -3.0315170e-01   0.0000000e+00  -3.0378585e-08
   4.0000000e+02   2.5619510e+01   3.9013430e+00  -3.0300431e-01   0.0000000e+00  -3.0596464e-08
   4.0100000e+02   2.5559680e+01   3.9007350e+00  -3.0285495e-01   0.0000000e+00  -3.0812149e-08
   4.0200000e+02   2.5500170e+01   3.9001260e+00  -3.0270362e-01   0.0000000e+00  -3.1025695e-08
   4.0300000e+02   2.5440960e+01   3.8995130e+00  -3.0255062e-01   0.0000000e+00  -3.1237071e-08
   4.0400000e+02   2.5382060e+01   3.8988990e+00  -3.0239574e-01   0.0000000e+00  -3.1446314e-08
   4.0500000e+02   2.5323470e+01   3.8982830e+00  -3.0223896e-01   0.0000000e+00  -3.1653329e-08
   4.0600000e+02   2.5265190e+01   3.8976640e+00  -3.0208050e-01   0.0000000e+00  -3.1858218e-08
   4.0700000e+02   2.5207200e+01   3.8970430e+00  -3.0192029e-01   0.0000000e+00  -3.2060883e-08
   4.0800000e+02   2.5149520e+01   3.8964200e+00  -3.0175833e-01   0.0000000e+00  -3.2261390e-08
   4.0900000e+02   2.5092130e+01   3.8957940e+00  -3.0159485e-01   0.0000000e+00  -3.2459713e-08
   4.1000000e+02   2.5035040e+01   3.8951670e+00  -3.0142958e-01   0.0000000e+00  -3.2655831e-08
   4.1100000e+02   2.4978240e+01   3.8945370e+00  -3.0126275e-01   0.0000000e+00  -3.2849719e-08
   4.1200000e+02   2.4921730e+01   3.8939040e+00  -3.0109449e-01   0.0000000e+00  -3.3041440e-08
   4.1300000e+02   2.4865510e+01   3.8932700e+00  -3.0092448e-01   0.0000000e+00  -3.3230930e-08
   4.1400000e+02   2.4809580e+01   3.8926330e+00  -3.0075308e-01   0.0000000e+00  -3.3418237e-08
   4.1500000e+02   2.4753930e+01   3.8919940e+00  -3.0058015e-01   0.0000000e+00  -3.3603269e-08
   4.1600000e+02   2.4698570e+01   3.8913530e+00  -3.0040570e-01   0.0000000e+00  -3.3786126e-08
   4.1700000e+02   2.4643490e+01   3.8907100e+00  -3.0022976e-01   0.0000000e+00  -3.3966706e-08
   4.1800000e+02   2.4588680e+01   3.8900640e+00  -3.0005260e-01   0.0000000e+00  -3.4145080e-08
   4.1900000e+02   2.4534150e+01   3.8894160e+00  -2.9987404e-01   0.0000000e+00  -3.4321256e-08
   4.2000000e+02   2.4479900e+01   3.8887660e+00  -2.9969401e-01   0.0000000e+00  -3.4495144e-08
   4.2100000e+02   2.4425920e+01   3.8881130e+00  -2.9951282e-01   0.0000000e+00  -3.4666807e-08
   4.2200000e+02   2.4372210e+01   3.8874590e+00  -2.9933020e-01   0.0000000e+00  -3.4836261e-08
   4.2300000e+02   2.4318780e+01   3.8868020e+00  -2.9914634e-01   0.0000000e+00  -3.5003403e-08
   4.2400000e+02   2.4265600e+01   3.8861420e+00  -2.9896141e-01   0.0000000e+00  -3.5168357e-08
   4.2500000e+02   2.4212700e+01   3.8854800e+00  -2.9877517e-01   0.0000000e+00  -3.5331019e-08
   4.2600000e+02   2.4160060e+01   3.8848170e+00  -2.9858766e-01   0.0000000e+00  -3.5491430e-08
   4.2700000e+02   2.4107670e+01   3.8841500e+00  -2.9839920e-01   0.0000000e+00  -3.5649607e-08
   4.2800000e+02   2.4055550e+01   3.8834820e+00  -2.9820948e-01   0.0000000e+00  -3.5805520e-08
   4.2900000e+02   2.4003690e+01   3.8828110e+00  -2.9801872e-01   0.0000000e+00  -3.5959145e-08
   4.3000000e+02   2.3952090e+01   3.8821380e+00  -2.9782685e-01   0.0000000e+00  -3.6110529e-08
   4.3100000e+02   2.3900740e+01   3.8814620e+00  -2.9763404e-01   0.0000000e+00  -3.6259635e-08
   4.3200000e+02   2.3849640e+01   3.8807850e+00  -2.9744006e-01   0.0000000e+00  -3.6406464e-08
   4.3300000e+02   2.3798790e+01   3.8801050e+00  -2.9724522e-01   0.0000000e+00  -3.6551028e-08
   4.3400000e+02   2.3748200e+01   3.8794220e+00  -2.9704941e-01   0.0000000e+00  -3.6693298e-08
   4.3500000e+02   2.3697850e+01   3.8787380e+00  -2.9685258e-01   0.0000000e+00  -3.6833310e-08
   4.3600000e+02   2.3647750e+01   3.8780510e+00  -2.9665489e-01   0.0000000e+00  -3.6971037e-08
   4.3700000e+02   2.3597890e+01   3.8773610e+00  -2.9645646e-01   0.0000000e+00  -3.7106497e-08
   4.3800000e+02   2.3548270e+01   3.8766700e+00  -2.9625699e-01   0.0000000e+00  -3.7239680e-08
   4.3900000e+02   2.3498900e+01   3.8759760e+00  -2.9605672e-01   0.0000000e+00  -3.7370566e-08
   4.4000000e+02   2.3449770e+01   3.8752790e+00  -2.9585572e-01   0.0000000e+00  -3.7499211e-08
   4.4100000e+02   2.3400870e+01   3.8745810e+00  -2.9565383e-01   0.0000000e+00  -3.7625514e-08
   4.4200000e+02   2.3352210e+01   3.8738800e+00  -2.9545128e-01   0.0000000e+00  -3.7749595e-08
   4.4300000e+02   2.3303790e+01   3.8731770e+00  -2.9524787e-01   0.0000000e+00  -3.7871329e-08
   4.4400000e+02   2.3255600e+01   3.8724710e+00  -2.9504392e-01   0.0000000e+00  -3.7990796e-08
   4.4500000e+02   2.3207640e+01   3.8717630e+00  -2.9483919e-01   0.0000000e+00  -3.8108011e-08
   4.4600000e+02   2.3159910e+01   3.8710530e+00  -2.9463379e-01   0.0000000e+00  -3.8222879e-08
   4.4700000e+02   2.3112410e+01   3.8703400e+00  -2.9442783e-01   0.0000000e+00  -3.8335507e-08
   4.4800000e+02   2.3065140e+01   3.8696250e+00  -2.9422120e-01   0.0000000e+00  -3.8445825e-08
   4.4900000e+02   2.3018090e+01   3.8689080e+00  -2.9401398e-01   0.0000000e+00  -3.8553879e-08
   4.5000000e+02   2.2971270e+01   3.8681890e+00  -2.9380611e-01   0.0000000e+00  -3.8659609e-08
   4.5100000e+02   2.2924670e+01   3.8674670e+00  -2.9359779e-01   0.0000000e+00  -3.8763101e-08
   4.5200000e+02   2.2878300e+01   3.8667420e+00  -2.9338899e-01   0.0000000e+00  -3.8864258e-08
   4.5300000e+02   2.2832140e+01   3.8660160e+00  -2.9317954e-01   0.0000000e+00  -3.8963134e-08
   4.5400000e+02   2.2786200e+01   3.8652870e+00  -2.9296977e-01   0.0000000e+00  -3.9059758e-08
   4.5500000e+02   2.2740480e+01   3.8645550e+00  -2.9275951e-01   0.0000000e+00  -3.9154057e-08
   4.5600000e+02   2.2694970e+01   3.8638220e+00  -2.9254876e-01   0.0000000e+00  -3.9246074e-08
   4.5700000e+02   2.2649680e+01   3.8630860e+00  -2.9233760e-01   0.0000000e+00  -3.9335801e-08
   4.5800000e+02   2.2604600e+01   3.8623470e+00  -2.9212619e-01   0.0000000e+00  -3.9423274e-08
   4.5900000e+02   2.2559730e+01   3.8616070e+00  -2.9191421e-01   0.0000000e+00  -3.9508449e-08
   4.6000000e+02   2.2515070e+01   3.8608630e+00  -2.9170210e-01   0.0000000e+00  -3.9591346e-08
   4.6100000e+02   2.2470630e+01   3.8601180e+00  -2.9148949e-01   0.0000000e+00  -3.9671932e-08
   4.6200000e+02   2.2426390e+01   3.8593700e+00  -2.9127663e-01   0.0000000e+00  -3.9750278e-08
   4.6300000e+02   2.2382350e+01   3.8586200e+00  -2.9106350e-01   0.0000000e+00  -3.9826295e-08
   4.6400000e+02   2.2338520e+01   3.8578680e+00  -2.9085003e-01   0.0000000e+00  -3.9900054e-08
   4.6500000e+02   2.2294900e+01   3.8571130e+00  -2.9063640e-01   0.0000000e+00  -3.9971566e-08
   4.6600000e+02   2.2251470e+01   3.8563560e+00  -2.9042253e-01   0.0000000e+00  -4.0040786e-08
   4.6700000e+02   2.2208250e+01   3.8555960e+00  -2.9020849e-01   0.0000000e+00  -4.0107697e-08
   4.6800000e+02   2.2165230e+01   3.8548340e+00  -2.8999422e-01   0.0000000e+00  -4.0172394e-08
   4.6900000e+02   2.2122400e+01   3.8540700e+00  -2.8977978e-01   0.0000000e+00  -4.0234769e-08
   4.7000000e+02   2.2079780e+01   3.8533030e+00  -2.8956523e-01   0.0000000e+00  -4.0294906e-08
   4.7100000e+02   2.2037350e+01   3.8525340e+00  -2.8935051e-01   0.0000000e+00  -4.0352777e-08
   4.7200000e+02   2.1995110e+01   3.8517630e+00  -2.8913572e-01   0.0000000e+00  -4.0408397e-08
   4.7300000e+02   2.1953070e+01   3.8509890e+00  -2.8892082e-01   0.0000000e+00  -4.0461744e-08
   4.7400000e+02   2.1911220e+01   3.8502130e+00  -2.8870586e-01   0.0000000e+00  -4.0512832e-08
   4.7500000e+02   2.1869560e+01   3.8494350e+00  -2.8849082e-01   0.0000000e+00  -4.0561622e-08
   4.7600000e+02   2.1828090e+01   3.8486540e+00  -2.8827578e-01   0.0000000e+00  -4.0608227e-08
   4.7700000e+02   2.1786810e+01   3.8478710e+00  -2.8806074e-01   0.0000000e+00  -4.0652571e-08
   4.7800000e+02   2.1745720e+01   3.8470850e+00  -2.8784567e-01   0.0000000e+00  -4.0694669e-08
   4.7900000e+02   2.1704810e+01   3.8462980e+00  -2.8763062e-01   0.0000000e+00  -4.0734487e-08
   4.8000000e+02   2.1664090e+01   3.8455070e+00  -2.8741567e-01   0.0000000e+00  -4.0772072e-08
   4.8100000e+02   2.1623550e+01   3.8447150e+00  -2.8720070e-01   0.0000000e+00  -4.0807417e-08
   4.8200000e+02   2.1583200e+01   3.8439200e+00  -2.8698578e-01   0.0000000e+00  -4.0840562e-08
   4.8300000e+02   2.1543030e+01   3.8431230e+00  -2.8677100e-01   0.0000000e+00  -4.0871426e-08
   4.8400000e+02   2.1503040e+01   3.8423230e+00  -2.8655631e-01   0.0000000e+00  -4.0900088e-08
   4.8500000e+02   2.1463230e+01   3.8415210e+00  -2.8634174e-01   0.0000000e+00  -4.0926520e-08
   4.8600000e+02   2.1423590e+01   3.8407170e+00  -2.8612732e-01   0.0000000e+00  -4.0950725e-08
   4.8700000e+02   2.1384140e+01   3.8399100e+00  -2.8591309e-01   0.0000000e+00  -4.0972719e-08
   4.8800000e+02   2.1344860e+01   3.8391010e+00  -2.8569898e-01   0.0000000e+00  -4.0992532e-08
   4.8900000e+02   2.1305760e+01   3.8382900e+00  -2.8548499e-01   0.0000000e+00  -4.1010118e-08
   4.9000000e+02   2.1266830e+01   3.8374760e+00  -2.8527129e-01   0.0000000e+00  -4.1025485e-08
   4.9100000e+02   2.1228080e+01   3.8366600e+00  -2.8505776e-01   0.0000000e+00  -4.1038635e-08
   4.9200000e+02   2.1189490e+01   3.8358420e+00  -2.8484449e-01   0.0000000e+00  -4.1049589e-08
   4.9300000e+02   2.1151080e+01   3.8350210e+00  -2.8463146e-01   0.0000000e+00  -4.1058387e-08
   4.9400000e+02   2.1112840e+01   3.8341980e+00  -2.8441867e-01   0.0000000e+00  -4.1064957e-08
   4.9500000e+02   2.1074770e+01   3.8333730e+00  -2.8420606e-01   0.0000000e+00  -4.1069399e-08
   4.9600000e+02   2.1036860e+01   3.8325450e+00  -2.8399390e-01   0.0000000e+00  -4.1071624e-08
   4.9700000e+02   2.0999120e+01   3.8317150e+00  -2.8378199e-01   0.0000000e+00  -4.1071673e-08
   4.9800000e+02   2.0961550e+01   3.8308830e+00  -2.8357035e-01   0.0000000e+00  -4.1069548e-08
   4.9900000e+02   2.0924150e+01   3.8300480e+00  -2.8335909e-01   0.0000000e+00  -4.1065268e-08
   5.0000000e+02   2.0886910e+01   3.8292110e+00  -2.8314814e-01   0.0000000e+00  -4.1058812e-08
   5.0100000e+02   2.0849830e+01   3.8283710e+00  -2.8293761e-01   0.0000000e+00  -4.1050255e-08
   5.0200000e+02   2.0812910e+01   3.8275300e+00  -2.8272736e-01   0.0000000e+00  -4.1039514e-08
   5.0300000e+02   2.0776160e+01   3.8266860e+00  -2.8251750e-01   0.0000000e+00  -4.1026617e-08
   5.0400000e+02   2.0739560e+01   3.8258390e+00  -2.8230815e-01   0.0000000e+00  -4.1011576e-08
   5.0500000e+02   2.0703130e+01   3.8249910e+00  -2.8209904e-01   0.0000000e+00  -4.0994407e-08
   5.0600000e+02   2.0666850e+01   3.8241400e+00  -2.8189044e-01   0.0000000e+00  -4.0975146e-08
   5.0700000e+02   2.0630730e+01   3.8232870e+00  -2.8168229e-01   0.0000000e+00  -4.0953723e-08
   5.0800000e+02   2.0594770e+01   3.8224310e+00  -2.8147454e-01   0.0000000e+00  -4.0930171e-08
   5.0900000e+02   2.0558960e+01   3.8215730e+00  -2.8126729e-01   0.0000000e+00  -4.0904567e-08
   5.1000000e+02   2.0523310e+01   3.8207130e+00  -2.8106043e-01   0.0000000e+00  -4.0876816e-08
   5.1100000e+02   2.0487810e+01   3.8198500e+00  -2.8085416e-01   0.0000000e+00  -4.0846992e-08
   5.1200000e+02   2.0452460e+01   3.8189860e+00  -2.8064825e-01   0.0000000e+00  -4.0815059e-08
   5.1300000e+02   2.0417270e+01   3.8181180e+00  -2.8044297e-01   0.0000000e+00  -4.0781023e-08
   5.1400000e+02   2.0382230e+01   3.8172490e+00  -2.8023809e-01   0.0000000e+00  -4.0744948e-08
   5.1500000e+02   2.0347330e+01   3.8163770e+00  -2.8003386e-01   0.0000000e+00  -4.0706757e-08
   5.1600000e+02   2.0312590e+01   3.8155030e+00  -2.7983006e-01   0.0000000e+00  -4.0666544e-08
   5.1700000e+02   2.0278000e+01   3.8146270e+00  -2.7962678e-01   0.0000000e+00  -4.0624209e-08
   5.1800000e+02   2.0243550e+01   3.8137490e+00  -2.7942403e-01   0.0000000e+00  -4.0579874e-08
   5.1900000e+02   2.0209250e+01   3.8128680e+00  -2.7922195e-01   0.0000000e+00  -4.0533489e-08
   5.2000000e+02   2.0175090e+01   3.8119850e+00  -2.7902044e-01   0.0000000e+00  -4.0485046e-08
   5.2100000e+02   2.0141090e+01   3.8110990e+00  -2.7881949e-01   0.0000000e+00  -4.0434580e-08
   5.2200000e+02   2.0107220e+01   3.8102120e+00  -2.7861902e-01   0.0000000e+00  -4.0382056e-08
   5.2300000e+02   2.0073500e+01   3.8093220e+00  -2.7841930e-01   0.0000000e+00  -4.0327557e-08
   5.2400000e+02   2.0039920e+01   3.8084300e+00  -2.7822012e-01   0.0000000e+00  -4.0271030e-08
   5.2500000e+02   2.0006490e+01   3.8075350e+00  -2.7802157e-01   0.0000000e+00  -4.0212492e-08
   5.2600000e+02   1.9973190e+01   3.8066390e+00  -2.7782361e-01   0.0000000e+00  -4.0151977e-08
   5.2700000e+02   1.9940040e+01   3.8057400e+00  -2.7762631e-01   0.0000000e+00  -4.0089453e-08
   5.2800000e+02   1.9907020e+01   3.8048390e+00  -2.7742964e-01   0.0000000e+00  -4.0024927e-08
   5.2900000e+02   1.9874140e+01   3.8039350e+00  -2.7723372e-01   0.0000000e+00  -3.9958462e-08
   5.3000000e+02   1.9841400e+01   3.8030300e+00  -2.7703833e-01   0.0000000e+00  -3.9889997e-08
   5.3100000e+02   1.9808800e+01   3.8021220e+00  -2.7684365e-01   0.0000000e+00  -3.9819605e-08
   5.3200000e+02   1.9776330e+01   3.8012120e+00  -2.7664965e-01   0.0000000e+00  -3.9747236e-08
   5.3300000e+02   1.9744000e+01   3.8002990e+00  -2.7645642e-01   0.0000000e+00  -3.9672949e-08
   5.3400000e+02   1.9711810e+01   3.7993850e+00  -2.7626373e-01   0.0000000e+00  -3.9596686e-08
   5.3500000e+02   1.9679750e+01   3.7984680e+00  -2.7607182e-01   0.0000000e+00  -3.9518529e-08
   5.3600000e+02   1.9647820e+01   3.7975490e+00  -2.7588064e-01   0.0000000e+00  -3.9438477e-08
   5.3700000e+02   1.9616020e+01   3.7966280e+00  -2.7569007e-01   0.0000000e+00  -3.9356477e-08
   5.3800000e+02   1.9584360e+01   3.7957050e+00  -2.7550022e-01   0.0000000e+00  -3.9272593e-08
   5.3900000e+02   1.9552830e+01   3.7947790e+00  -2.7531119e-01   0.0000000e+00  -3.9186786e-08
   5.4000000e+02   1.9521420e+01   3.7938510e+00  -2.7512291e-01   0.0000000e+00  -3.9099116e-08
   5.4100000e+02   1.9490150e+01   3.7929210e+00  -2.7493526e-01   0.0000000e+00  -3.9009524e-08
   5.4200000e+02   1.9459010e+01   3.7919890e+00  -2.7474835e-01   0.0000000e+00  -3.8918086e-08
   5.4300000e+02   1.9427990e+01   3.7910550e+00  -2.7456222e-01   0.0000000e+00  -3.8824800e-08
   5.4400000e+02   1.9397100e+01   3.7901190e+00  -2.7437682e-01   0.0000000e+00  -3.8729675e-08
   5.4500000e+02   1.9366340e+01   3.7891800e+00  -2.7419218e-01   0.0000000e+00  -3.8632687e-08
   5.4600000e+02   1.9335700e+01   3.7882390e+00  -2.7400840e-01   0.0000000e+00  -3.8533874e-08
   5.4700000e+02   1.9305190e+01   3.7872960e+00  -2.7382534e-01   0.0000000e+00  -3.8433251e-08
   5.4800000e+02   1.9274800e+01   3.7863510e+00  -2.7364302e-01   0.0000000e+00  -3.8330773e-08
   5.4900000e+02   1.9244540e+01   3.7854040e+00  -2.7346142e-01   0.0000000e+00  -3.8226509e-08
   5.5000000e+02   1.9214400e+01   3.7844540e+00  -2.7328074e-01   0.0000000e+00  -3.8120464e-08
   5.5100000e+02   1.9184390e+01   3.7835030e+00  -2.7310068e-01   0.0000000e+00  -3.8012582e-08
   5.5200000e+02   1.9154490e+01   3.7825490e+00  -2.7292161e-01   0.0000000e+00  -3.7903000e-08
   5.5300000e+02   1.9124720e+01   3.7815940e+00  -2.7274308e-01   0.0000000e+00  -3.7791602e-08
   5.5400000e+02   1.9095060e+01   3.7806360e+00  -2.7256555e-01   0.0000000e+00  -3.7678406e-08
   5.5500000e+02   1.9065530e+01   3.7796760e+00  -2.7238874e-01   0.0000000e+00  -3.7563475e-08
   5.5600000e+02   1.9036120e+01   3.7787140e+00  -2.7221271e-01   0.0000000e+00  -3.7446827e-08
   5.5700000e+02   1.9006820e+01   3.7777490e+00  -2.7203765e-01   0.0000000e+00  -3.7328459e-08
   5.5800000e+02   1.8977640e+01   3.7767830e+00  -2.7186328e-01   0.0000000e+00  -3.7208328e-08
   5.5900000e+02   1.8948580e+01   3.7758150e+00  -2.7168974e-01   0.0000000e+00  -3.7086551e-08
   5.6000000e+02   1.8919640e+01   3.7748440e+00  -2.7151701e-01   0.0000000e+00  -3.6962988e-08
   5.6100000e+02   1.8890810e+01   3.7738720e+00  -2.7134507e-01   0.0000000e+00  -3.6837795e-08
   5.6200000e+02   1.8862100e+01   3.7728970e+00  -2.7117402e-01   0.0000000e+00  -3.6710890e-08
   5.6300000e+02   1.8833500e+01   3.7719210e+00  -2.7100374e-01   0.0000000e+00  -3.6582322e-08
   5.6400000e+02   1.8805020e+01   3.7709420e+00  -2.7083430e-01   0.0000000e+00  -3.6452063e-08
   5.6500000e+02   1.8776650e+01   3.7699610e+00  -2.7066570e-01   0.0000000e+00  -3.6320171e-08
   5.6600000e+02   1.8748390e+01   3.7689780e+00  -2.7049796e-01   0.0000000e+00  -3.6186656e-08
   5.6700000e+02   1.8720240e+01   3.7679930e+00  -2.7033109e-01   0.0000000e+00  -3.6051473e-08
   5.6800000e+02   1.8692210e+01   3.7670070e+00  -2.7016490e-01   0.0000000e+00  -3.5914678e-08
   5.6900000e+02   1.8664290e+01   3.7660180e+00  -2.6999969e-01   0.0000000e+00  -3.5776301e-08
   5.7000000e+02   1.8636470e+01   3.7650270e+00  -2.6983528e-01   0.0000000e+00  -3.5636293e-08
   5.7100000e+02   1.8608770e+01   3.7640340e+00  -2.6967170e-01   0.0000000e+00  -3.5494716e-08
   5.7200000e+02   1.8581180e+01   3.7630390e+00  -2.6950896e-01   0.0000000e+00  -3.5351529e-08
   5.7300000e+02   1.8553690e+01   3.7620420e+00  -2.6934714e-01   0.0000000e+00  -3.5206795e-08
   5.7400000e+02   1.8526320e+01   3.7610430e+00  -2.6918602e-01   0.0000000e+00  -3.5060475e-08
   5.7500000e+02   1.8499050e+01   3.7600420e+00  -2.6902583e-01   0.0000000e+00  -3.4912631e-08
   5.7600000e+02   1.8471890e+01   3.7590400e+00  -2.6886640e-01   0.0000000e+00  -3.4763211e-08
   5.7700000e+02   1.8444830e+01   3.7580350e+00  -2.6870795e-01   0.0000000e+00  -3.4612302e-08
   5.7800000e+02   1.8417880e+01   3.7570280e+00  -2.6855033e-01   0.0000000e+00  -3.4459914e-08
   5.7900000e+02   1.8391040e+01   3.7560190e+00  -2.6839349e-01   0.0000000e+00  -3.4305937e-08
   5.8000000e+02   1.8364300e+01   3.7550090e+00  -2.6823745e-01   0.0000000e+00  -3.4150484e-08
   5.8100000e+02   1.8337660e+01   3.7539960e+00  -2.6808241e-01   0.0000000e+00  -3.3993593e-08
   5.8200000e+02   1.8311130e+01   3.7529820e+00  -2.6792806e-01   0.0000000e+00  -3.3835201e-08
   5.8300000e+02   1.8284700e+01   3.7519650e+00  -2.6777465e-01   0.0000000e+00  -3.3675336e-08
   5.8400000e+02   1.8258370e+01   3.7509470e+00  -2.6762207e-01   0.0000000e+00  -3.3514050e-08
   5.8500000e+02   1.8232150e+01   3.7499270e+00  -2.6747030e-01   0.0000000e+00  -3.3351250e-08
   5.8600000e+02   1.8206020e+01   3.7489050e+00  -2.6731942e-01   0.0000000e+00  -3.3187060e-08
   5.8700000e+02   1.8180000e+01   3.7478810e+00  -2.6716934e-01   0.0000000e+00  -3.3021502e-08
   5.8800000e+02   1.8154080e+01   3.7468550e+00  -2.6702012e-01   0.0000000e+00  -3.2854463e-08
   5.8900000e+02   1.8128250e+01   3.7458270e+00  -2.6687183e-01   0.0000000e+00  -3.2686076e-08
   5.9000000e+02   1.8102530e+01   3.7447970e+00  -2.6672429e-01   0.0000000e+00  -3.2516297e-08
   5.9100000e+02   1.8076900e+01   3.7437660e+00  -2.6657756e-01   0.0000000e+00  -3.2345130e-08
   5.9200000e+02   1.8051380e+01   3.7427330e+00  -2.6643169e-01   0.0000000e+00  -3.2172591e-08
   5.9300000e+02   1.8025950e+01   3.7416970e+00  -2.6628669e-01   0.0000000e+00  -3.1998769e-08
   5.9400000e+02   1.8000610e+01   3.7406600e+00  -2.6614256e-01   0.0000000e+00  -3.1823537e-08
   5.9500000e+02   1.7975380e+01   3.7396220e+00  -2.6599916e-01   0.0000000e+00  -3.1646967e-08
   5.9600000e+02   1.7950240e+01   3.7385810e+00  -2.6585662e-01   0.0000000e+00  -3.1469154e-08
   5.9700000e+02   1.7925190e+01   3.7375390e+00  -2.6571495e-01   0.0000000e+00  -3.1289966e-08
   5.9800000e+02   1.7900250e+01   3.7364940e+00  -2.6557409e-01   0.0000000e+00  -3.1109501e-08
   5.9900000e+02   1.7875390e+01   3.7354480e+00  -2.6543413e-01   0.0000000e+00  -3.0927752e-08
   6.0000000e+02   1.7850630e+01   3.7344010e+00  -2.6529479e-01   0.0000000e+00  -3.0744735e-08
   6.0100000e+02   1.7825960e+01   3.7333510e+00  -2.6515645e-01   0.0000000e+00  -3.0560482e-08
   6.0200000e+02   1.7801390e+01   3.7323000e+00  -2.6501888e-01   0.0000000e+00  -3.0374981e-08
   6.0300000e+02   1.7776910e+01   3.7312470e+00  -2.6488207e-01   0.0000000e+00  -3.0188205e-08
   6.0400000e+02   1.7752520e+01   3.7301920e+00  -2.6474614e-01   0.0000000e+00  -3.0000249e-08
   6.0500000e+02   1.7728220e+01   3.7291350e+00  -2.6461100e-01   0.0000000e+00  -2.9811071e-08
   6.0600000e+02   1.7704020e+01   3.7280770e+00  -2.6447665e-01   0.0000000e+00  -2.9620678e-08
   6.0700000e+02   1.7679900e+01   3.7270170e+00  -2.6434316e-01   0.0000000e+00  -2.9429096e-08
   6.0800000e+02   1.7655870e+01   3.7259550e+00  -2.6421050e-01   0.0000000e+00  -2.9236341e-08
   6.0900000e+02   1.7631940e+01   3.7248920e+00  -2.6407848e-01   0.0000000e+00  -2.9042413e-08
   6.1000000e+02   1.7608090e+01   3.7238270e+00  -2.6394739e-01   0.0000000e+00  -2.8847334e-08
   6.1100000e+02   1.7584340e+01   3.7227600e+00  -2.6381699e-01   0.0000000e+00  -2.8651116e-08
   6.1200000e+02   1.7560670e+01   3.7216920e+00  -2.6368737e-01   0.0000000e+00  -2.8453760e-08
   6.1300000e+02   1.7537080e+01   3.7206220e+00  -2.6355864e-01   0.0000000e+00  -2.8255289e-08
   6.1400000e+02   1.7513590e+01   3.7195500e+00  -2.6343065e-01   0.0000000e+00  -2.8055718e-08
   6.1500000e+02   1.7490180e+01   3.7184760e+00  -2.6330350e-01   0.0000000e+00  -2.7855044e-08
   6.1600000e+02   1.7466860e+01   3.7174010e+00  -2.6317710e-01   0.0000000e+00  -2.7653288e-08
   6.1700000e+02   1.7443630e+01   3.7163250e+00  -2.6305129e-01   0.0000000e+00  -2.7450456e-08
   6.1800000e+02   1.7420480e+01   3.7152470e+00  -2.6292633e-01   0.0000000e+00  -2.7246566e-08
   6.1900000e+02   1.7397420e+01   3.7141670e+00  -2.6280221e-01   0.0000000e+00  -2.7041633e-08
   6.2000000e+02   1.7374440e+01   3.7130850e+00  -2.6267888e-01   0.0000000e+00  -2.6835660e-08
   6.2100000e+02   1.7351540e+01   3.7120020e+00  -2.6255621e-01   0.0000000e+00  -2.6628666e-08
   6.2200000e+02   1.7328730e+01   3.7109170e+00  -2.6243439e-01   0.0000000e+00  -2.6420660e-08
   6.2300000e+02   1.7306010e+01   3.7098310e+00  -2.6231321e-01   0.0000000e+00  -2.6211644e-08
   6.2400000e+02   1.7283360e+01   3.7087440e+00  -2.6219275e-01   0.0000000e+00  -2.6001636e-08
   6.2500000e+02   1.7260800e+01   3.7076540e+00  -2.6207308e-01   0.0000000e+00  -2.5790672e-08
   6.2600000e+02   1.7238320e+01   3.7065630e+00  -2.6195417e-01   0.0000000e+00  -2.5578727e-08
   6.2700000e+02   1.7215920e+01   3.7054710e+00  -2.6183595e-01   0.0000000e+00  -2.5365833e-08
   6.2800000e+02   1.7193610e+01   3.7043770e+00  -2.6171838e-01   0.0000000e+00  -2.5151995e-08
   6.2900000e+02   1.7171370e+01   3.7032820e+00  -2.6160160e-01   0.0000000e+00  -2.4937223e-08
   6.3000000e+02   1.7149220e+01   3.7021850e+00  -2.6148553e-01   0.0000000e+00  -2.4721539e-08
   6.3100000e+02   1.7127140e+01   3.7010860e+00  -2.6137021e-01   0.0000000e+00  -2.4504952e-08
   6.3200000e+02   1.7105150e+01   3.6999870e+00  -2.6125546e-01   0.0000000e+00  -2.4287459e-08
   6.3300000e+02   1.7083230e+01   3.6988850e+00  -2.6114157e-01   0.0000000e+00  -2.4069101e-08
   6.3400000e+02   1.7061390e+01   3.6977830e+00  -2.6102821e-01   0.0000000e+00  -2.3849863e-08
   6.3500000e+02   1.7039630e+01   3.6966780e+00  -2.6091567e-01   0.0000000e+00  -2.3629773e-08
   6.3600000e+02   1.7017950e+01   3.6955730e+00  -2.6080371e-01   0.0000000e+00  -2.3408825e-08
   6.3700000e+02   1.6996350e+01   3.6944660e+00  -2.6069243e-01   0.0000000e+00  -2.3187044e-08
   6.3800000e+02   1.6974820e+01   3.6933570e+00  -2.6058195e-01   0.0000000e+00  -2.2964449e-08
   6.3900000e+02   1.6953370e+01   3.6922470e+00  -2.6047203e-01   0.0000000e+00  -2.2741044e-08
   6.4000000e+02   1.6932000e+01   3.6911360e+00  -2.6036274e-01   0.0000000e+00  -2.2516822e-08
   6.4100000e+02   1.6910710e+01   3.6900230e+00  -2.6025414e-01   0.0000000e+00  -2.2291835e-08
   6.4200000e+02   1.6889480e+01   3.6889090e+00  -2.6014623e-01   0.0000000e+00  -2.2066056e-08
   6.4300000e+02   1.6868340e+01   3.6877940e+00  -2.6003890e-01   0.0000000e+00  -2.1839515e-08
   6.4400000e+02   1.6847270e+01   3.6866770e+00  -2.5993224e-01   0.0000000e+00  -2.1612226e-08
   6.4500000e+02   1.6826270e+01   3.6855590e+00  -2.5982616e-01   0.0000000e+00  -2.1384192e-08
   6.4600000e+02   1.6805350e+01   3.6844390e+00  -2.5972081e-01   0.0000000e+00  -2.1155433e-08
   6.4700000e+02   1.6784500e+01   3.6833180e+00  -2.5961602e-01   0.0000000e+00  -2.0925955e-08
   6.4800000e+02   1.6763730e+01   3.6821960e+00  -2.5951182e-01   0.0000000e+00  -2.0695778e-08
   6.4900000e+02   1.6743020e+01   3.6810730e+00  -2.5940826e-01   0.0000000e+00  -2.0464889e-08
   6.5000000e+02   1.6722400e+01   3.6799480e+00  -2.5930526e-01   0.0000000e+00  -2.0233336e-08
   6.5100000e+02   1.6701840e+01   3.6788220e+00  -2.5920291e-01   0.0000000e+00  -2.0001101e-08
   6.5200000e+02   1.6681350e+01   3.6776950e+00  -2.5910110e-01   0.0000000e+00  -1.9768213e-08
   6.5300000e+02   1.6660940e+01   3.6765660e+00  -2.5899995e-01   0.0000000e+00  -1.9534677e-08
   6.5400000e+02   1.6640600e+01   3.6754360e+00  -2.5889933e-01   0.0000000e+00  -1.9300501e-08
   6.5500000e+02   1.6620330e+01   3.6743050e+00  -2.5879926e-01   0.0000000e+00  -1.9065704e-08
   6.5600000e+02   1.6600120e+01   3.6731730e+00  -2.5869979e-01   0.0000000e+00  -1.8830288e-08
   6.5700000e+02   1.6579990e+01   3.6720400e+00  -2.5860082e-01   0.0000000e+00  -1.8594277e-08
   6.5800000e+02   1.6559930e+01   3.6709050e+00  -2.5850246e-01   0.0000000e+00  -1.8357678e-08
   6.5900000e+02   1.6539940e+01   3.6697690e+00  -2.5840462e-01   0.0000000e+00  -1.8120491e-08
   6.6000000e+02   1.6520020e+01   3.6686320e+00  -2.5830730e-01   0.0000000e+00  -1.7882742e-08
   6.6100000e+02   1.6500160e+01   3.6674940e+00  -2.5821057e-01   0.0000000e+00  -1.7644440e-08
   6.6200000e+02   1.6480380e+01   3.6663540e+00  -2.5811435e-01   0.0000000e+00  -1.7405587e-08
   6.6300000e+02   1.6460660e+01   3.6652140e+00  -2.5801861e-01   0.0000000e+00  -1.7166207e-08
   6.6400000e+02   1.6441010e+01   3.6640720e+00  -2.5792343e-01   0.0000000e+00  -1.6926303e-08
   6.6500000e+02   1.6421430e+01   3.6629290e+00  -2.5782876e-01   0.0000000e+00  -1.6685891e-08
   6.6600000e+02   1.6401910e+01   3.6617850e+00  -2.5773459e-01   0.0000000e+00  -1.6444970e-08
   6.6700000e+02   1.6382460e+01   3.6606400e+00  -2.5764089e-01   0.0000000e+00  -1.6203566e-08
   6.6800000e+02   1.6363080e+01   3.6594940e+00  -2.5754765e-01   0.0000000e+00  -1.5961694e-08
   6.6900000e+02   1.6343760e+01   3.6583470e+00  -2.5745495e-01   0.0000000e+00  -1.5719344e-08
   6.7000000e+02   1.6324510e+01   3.6571980e+00  -2.5736276e-01   0.0000000e+00  -1.5476546e-08
   6.7100000e+02   1.6305330e+01   3.6560490e+00  -2.5727091e-01   0.0000000e+00  -1.5233298e-08
   6.7200000e+02   1.6286200e+01   3.6548980e+00  -2.5717969e-01   0.0000000e+00  -1.4989629e-08
   6.7300000e+02   1.6267150e+01   3.6537470e+00  -2.5708874e-01   0.0000000e+00  -1.4745522e-08
   6.7400000e+02   1.6248160e+01   3.6525940e+00  -2.5699840e-01   0.0000000e+00  -1.4501016e-08
   6.7500000e+02   1.6229230e+01   3.6514410e+00  -2.5690839e-01   0.0000000e+00  -1.4256102e-08
   6.7600000e+02   1.6210360e+01   3.6502860e+00  -2.5681891e-01   0.0000000e+00  -1.4010805e-08
   6.7700000e+02   1.6191560e+01   3.6491300e+00  -2.5672987e-01   0.0000000e+00  -1.3765130e-08
   6.7800000e+02   1.6172830e+01   3.6479740e+00  -2.5664108e-01   0.0000000e+00  -1.3519092e-08
   6.7900000e+02   1.6154150e+01   3.6468160e+00  -2.5655290e-01   0.0000000e+00  -1.3272689e-08
   6.8000000e+02   1.6135540e+01   3.6456570e+00  -2.5646509e-01   0.0000000e+00  -1.3025946e-08
   6.8100000e+02   1.6116990e+01   3.6444980e+00  -2.5637760e-01   0.0000000e+00  -1.2778864e-08
   6.8200000e+02   1.6098500e+01   3.6433370e+00  -2.5629060e-01   0.0000000e+00  -1.2531463e-08
   6.8300000e+02   1.6080070e+01   3.6421760e+00  -2.5620392e-01   0.0000000e+00  -1.2283739e-08
   6.8400000e+02   1.6061710e+01   3.6410140e+00  -2.5611762e-01   0.0000000e+00  -1.2035721e-08
   6.8500000e+02   1.6043400e+01   3.6398500e+00  -2.5603181e-01   0.0000000e+00  -1.1787405e-08
   6.8600000e+02   1.6025160e+01   3.6386860e+00  -2.5594625e-01   0.0000000e+00  -1.1538811e-08
   6.8700000e+02   1.6006980e+01   3.6375210e+00  -2.5586108e-01   0.0000000e+00  -1.1289941e-08
   6.8800000e+02   1.5988850e+01   3.6363550e+00  -2.5577628e-01   0.0000000e+00  -1.1040814e-08
   6.8900000e+02   1.5970790e+01   3.6351880e+00  -2.5569183e-01   0.0000000e+00  -1.0791436e-08
   6.9000000e+02   1.5952780e+01   3.6340200e+00  -2.5560780e-01   0.0000000e+00  -1.0541813e-08
   6.9100000e+02   1.5934840e+01   3.6328520e+00  -2.5552393e-01   0.0000000e+00  -1.0291967e-08
   6.9200000e+02   1.5916950e+01   3.6316820e+00  -2.5544056e-01   0.0000000e+00  -1.0041892e-08
   6.9300000e+02   1.5899120e+01   3.6305120e+00  -2.5535745e-01   0.0000000e+00  -9.7916120e-09
   6.9400000e+02   1.5881350e+01   3.6293410e+00  -2.5527466e-01   0.0000000e+00  -9.5411362e-09
   6.9500000e+02   1.5863640e+01   3.6281690e+00  -2.5519218e-01   0.0000000e+00  -9.2904645e-09
   6.9600000e+02   1.5845980e+01   3.6269960e+00  -2.5511005e-01   0.0000000e+00  -9.0396167e-09
   6.9700000e+02   1.5828390e+01   3.6258230e+00  -2.5502811e-01   0.0000000e+00  -8.7885997e-09
   6.9800000e+02   1.5810850e+01   3.6246490e+00  -2.5494648e-01   0.0000000e+00  -8.5374167e-09
   6.9900000e+02   1.5793360e+01   3.6234740e+00  -2.5486523e-01   0.0000000e+00  -8.2860951e-09
   7.0000000e+02   1.5775940e+01   3.6222980e+00  -2.5478419e-01   0.0000000e+00  -8.0346253e-09
   7.0100000e+02   1.5758570e+01   3.6211210e+00  -2.5470349e-01   0.0000000e+00  -7.7830304e-09
   7.0200000e+02   1.5741250e+01   3.6199440e+00  -2.5462297e-01   0.0000000e+00  -7.5313123e-09
   7.0300000e+02   1.5723990e+01   3.6187660e+00  -2.5454277e-01   0.0000000e+00  -7.2794854e-09
   7.0400000e+02   1.5706790e+01   3.6175870e+00  -2.5446281e-01   0.0000000e+00  -7.0275579e-09
   7.0500000e+02   1.5689640e+01   3.6164080e+00  -2.5438302e-01   0.0000000e+00  -6.7755395e-09
   7.0600000e+02   1.5672550e+01   3.6152280e+00  -2.5430351e-01   0.0000000e+00  -6.5234388e-09
   7.0700000e+02   1.5655510e+01   3.6140470e+00  -2.5422428e-01   0.0000000e+00  -6.2712622e-09
   7.0800000e+02   1.5638530e+01   3.6128650e+00  -2.5414526e-01   0.0000000e+00  -6.0190303e-09
   7.0900000e+02   1.5621600e+01   3.6116830e+00  -2.5406644e-01   0.0000000e+00  -5.7667398e-09
   7.1000000e+02   1.5604720e+01   3.6105000e+00  -2.5398789e-01   0.0000000e+00  -5.5144115e-09
   7.1100000e+02   1.5587900e+01   3.6093170e+00  -2.5390943e-01   0.0000000e+00  -5.2620419e-09
   7.1200000e+02   1.5571130e+01   3.6081330e+00  -2.5383125e-01   0.0000000e+00  -5.0096517e-09
   7.1300000e+02   1.5554410e+01   3.6069480e+00  -2.5375328e-01   0.0000000e+00  -4.7572463e-09
   7.1400000e+02   1.5537750e+01   3.6057630e+00  -2.5367544e-01   0.0000000e+00  -4.5048316e-09
   7.1500000e+02   1.5521140e+01   3.6045770e+00  -2.5359783e-01   0.0000000e+00  -4.2524179e-09
   7.1600000e+02   1.5504580e+01   3.6033900e+00  -2.5352044e-01   0.0000000e+00  -4.0000133e-09
   7.1700000e+02   1.5488070e+01   3.6022030e+00  -2.5344316e-01   0.0000000e+00  -3.7476335e-09
   7.1800000e+02   1.5471620e+01   3.6010150e+00  -2.5336605e-01   0.0000000e+00  -3.4952879e-09
   7.1900000e+02   1.5455210e+01   3.5998270e+00  -2.5328912e-01   0.0000000e+00  -3.2429709e-09
   7.2000000e+02   1.5438860e+01   3.5986380e+00  -2.5321231e-01   0.0000000e+00  -2.9907073e-09
   7.2100000e+02   1.5422560e+01   3.5974490e+00  -2.5313561e-01   0.0000000e+00  -2.7384987e-09
   7.2200000e+02   1.5406310e+01   3.5962590e+00  -2.5305911e-01   0.0000000e+00  -2.4863520e-09
   7.2300000e+02   1.5390110e+01   3.5950690e+00  -2.5298269e-01   0.0000000e+00  -2.2342790e-09
   7.2400000e+02   1.5373960e+01   3.5938780e+00  -2.5290643e-01   0.0000000e+00  -1.9822890e-09
   7.2500000e+02   1.5357860e+01   3.5926870e+00  -2.5283028e-01   0.0000000e+00  -1.7303908e-09
   7.2600000e+02   1.5341810e+01   3.5914950e+00  -2.5275426e-01   0.0000000e+00  -1.4785897e-09
   7.2700000e+02   1.5325810e+01   3.5903020e+00  -2.5267842e-01   0.0000000e+00  -1.2268923e-09
   7.2800000e+02   1.5309860e+01   3.5891100e+00  -2.5260253e-01   0.0000000e+00  -9.7531886e-10
   7.2900000e+02   1.5293960e+01   3.5879160e+00  -2.5252685e-01   0.0000000e+00  -7.2386475e-10
   7.3000000e+02   1.5278100e+01   3.5867230e+00  -2.5245122e-01   0.0000000e+00  -4.7254945e-10
   7.3100000e+02   1.5262300e+01   3.5855290e+00  -2.5237563e-01   0.0000000e+00  -2.2136978e-10
   7.3200000e+02   1.5246540e+01   3.5843340e+00  -2.5230024e-01   0.0000000e+00   2.9664969e-11
   7.3300000e+02   1.5230830e+01   3.5831390e+00  -2.5222488e-01   0.0000000e+00   2.8053549e-10
   7.3400000e+02   1.5215170e+01   3.5819440e+00  -2.5214951e-01   0.0000000e+00   5.3124728e-10
   7.3500000e+02   1.5199560e+01   3.5807480e+00  -2.5207425e-01   0.0000000e+00   7.8178073e-10
   7.3600000e+02   1.5184000e+01   3.5795520e+00  -2.5199902e-01   0.0000000e+00   1.0321380e-09
   7.3700000e+02   1.5168480e+01   3.5783550e+00  -2.5192394e-01   0.0000000e+00   1.2822995e-09
   7.3800000e+02   1.5153010e+01   3.5771580e+00  -2.5184883e-01   0.0000000e+00   1.5322656e-09
   7.3900000e+02   1.5137580e+01   3.5759610e+00  -2.5177378e-01   0.0000000e+00   1.7820293e-09
   7.4000000e+02   1.5122210e+01   3.5747630e+00  -2.5169874e-01   0.0000000e+00   2.0315806e-09
   7.4100000e+02   1.5106870e+01   3.5735650e+00  -2.5162380e-01   0.0000000e+00   2.2809134e-09
   7.4200000e+02   1.5091590e+01   3.5723670e+00  -2.5154878e-01   0.0000000e+00   2.5300133e-09
   7.4300000e+02   1.5076350e+01   3.5711680e+00  -2.5147387e-01   0.0000000e+00   2.7788806e-09
   7.4400000e+02   1.5061160e+01   3.5699690e+00  -2.5139891e-01   0.0000000e+00   3.0275113e-09
   7.4500000e+02   1.5046010e+01   3.5687700e+00  -2.5132396e-01   0.0000000e+00   3.2758808e-09
   7.4600000e+02   1.5030900e+01   3.5675700e+00  -2.5124910e-01   0.0000000e+00   3.5239979e-09
   7.4700000e+02   1.5015850e+01   3.5663710e+00  -2.5117409e-01   0.0000000e+00   3.7718508e-09
   7.4800000e+02   1.5000830e+01   3.5651700e+00  -2.5109926e-01   0.0000000e+00   4.0194310e-09
   7.4900000e+02   1.4985860e+01   3.5639700e+00  -2.5102425e-01   0.0000000e+00   4.2667301e-09
   7.5000000e+02   1.4970940e+01   3.5627700e+00  -2.5094923e-01   0.0000000e+00   4.5137436e-09
   7.5100000e+02   1.4956060e+01   3.5615690e+00  -2.5087424e-01   0.0000000e+00   4.7604613e-09
   7.5200000e+02   1.4941220e+01   3.5603680e+00  -2.5079923e-01   0.0000000e+00   5.0068809e-09
   7.5300000e+02   1.4926430e+01   3.5591660e+00  -2.5072422e-01   0.0000000e+00   5.2529856e-09
   7.5400000e+02   1.4911680e+01   3.5579650e+00  -2.5064906e-01   0.0000000e+00   5.4987849e-09
   7.5500000e+02   1.4896970e+01   3.5567630e+00  -2.5057398e-01   0.0000000e+00   5.7442573e-09
   7.5600000e+02   1.4882310e+01   3.5555610e+00  -2.5049879e-01   0.0000000e+00   5.9894014e-09
   7.5700000e+02   1.4867690e+01   3.5543590e+00  -2.5042353e-01   0.0000000e+00   6.2342099e-09
   7.5800000e+02   1.4853110e+01   3.5531570e+00  -2.5034824e-01   0.0000000e+00   6.4786799e-09
   7.5900000e+02   1.4838580e+01   3.5519540e+00  -2.5027287e-01   0.0000000e+00   6.7227957e-09
   7.6000000e+02   1.4824090e+01   3.5507520e+00  -2.5019740e-01   0.0000000e+00   6.9665581e-09
   7.6100000e+02   1.4809640e+01   3.5495490e+00  -2.5012192e-01   0.0000000e+00   7.2099666e-09
   7.6200000e+02   1.4795230e+01   3.5483460e+00  -2.5004633e-01   0.0000000e+00   7.4529912e-09
   7.6300000e+02   1.4780860e+01   3.5471430e+00  -2.4997069e-01   0.0000000e+00   7.6956605e-09
   7.6400000e+02   1.4766540e+01   3.5459400e+00  -2.4989494e-01   0.0000000e+00   7.9379267e-09
   7.6500000e+02   1.4752250e+01   3.5447360e+00  -2.4981919e-01   0.0000000e+00   8.1798167e-09
   7.6600000e+02   1.4738010e+01   3.5435330e+00  -2.4974319e-01   0.0000000e+00   8.4213083e-09
   7.6700000e+02   1.4723810e+01   3.5423290e+00  -2.4966720e-01   0.0000000e+00   8.6624033e-09
   7.6800000e+02   1.4709650e+01   3.5411260e+00  -2.4959101e-01   0.0000000e+00   8.9030947e-09
   7.6900000e+02   1.4695530e+01   3.5399220e+00  -2.4951478e-01   0.0000000e+00   9.1433695e-09
   7.7000000e+02   1.4681450e+01   3.5387180e+00  -2.4943847e-01   0.0000000e+00   9.3832340e-09
   7.7100000e+02   1.4667410e+01   3.5375140e+00  -2.4936203e-01   0.0000000e+00   9.6226673e-09
   7.7200000e+02   1.4653410e+01   3.5363110e+00  -2.4928535e-01   0.0000000e+00   9.8616624e-09
   7.7300000e+02   1.4639450e+01   3.5351070e+00  -2.4920861e-01   0.0000000e+00   1.0100239e-08
   7.7400000e+02   1.4625520e+01   3.5339030e+00  -2.4913182e-01   0.0000000e+00   1.0338354e-08
   7.7500000e+02   1.4611640e+01   3.5326990e+00  -2.4905483e-01   0.0000000e+00   1.0576031e-08
   7.7600000e+02   1.4597800e+01   3.5314950e+00  -2.4897770e-01   0.0000000e+00   1.0813254e-08
   7.7700000e+02   1.4584000e+01   3.5302910e+00  -2.4890042e-01   0.0000000e+00   1.1050021e-08
   7.7800000e+02   1.4570230e+01   3.5290870e+00  -2.4882305e-01   0.0000000e+00   1.1286327e-08
   7.7900000e+02   1.4556510e+01   3.5278830e+00  -2.4874548e-01   0.0000000e+00   1.1522142e-08
   7.8000000e+02   1.4542820e+01   3.5266790e+00  -2.4866778e-01   0.0000000e+00   1.1757507e-08
   7.8100000e+02   1.4529170e+01   3.5254750e+00  -2.4858992e-01   0.0000000e+00   1.1992376e-08
   7.8200000e+02   1.4515560e+01   3.5242710e+00  -2.4851191e-01   0.0000000e+00   1.2226759e-08
   7.8300000e+02   1.4501990e+01   3.5230670e+00  -2.4843370e-01   0.0000000e+00   1.2460658e-08
   7.8400000e+02   1.4488450e+01   3.5218630e+00  -2.4835538e-01   0.0000000e+00   1.2694052e-08
   7.8500000e+02   1.4474960e+01   3.5206590e+00  -2.4827681e-01   0.0000000e+00   1.2926944e-08
   7.8600000e+02   1.4461500e+01   3.5194550e+00  -2.4819813e-01   0.0000000e+00   1.3159332e-08
   7.8700000e+02   1.4448080e+01   3.5182520e+00  -2.4811919e-01   0.0000000e+00   1.3391192e-08
   7.8800000e+02   1.4434690e+01   3.5170480e+00  -2.4804015e-01   0.0000000e+00   1.3622547e-08
   7.8900000e+02   1.4421340e+01   3.5158450e+00  -2.4796086e-01   0.0000000e+00   1.3853382e-08
   7.9000000e+02   1.4408030e+01   3.5146410e+00  -2.4788146e-01   0.0000000e+00   1.4083685e-08
   7.9100000e+02   1.4394760e+01   3.5134380e+00  -2.4780177e-01   0.0000000e+00   1.4313457e-08
   7.9200000e+02   1.4381520e+01   3.5122350e+00  -2.4772192e-01   0.0000000e+00   1.4542684e-08
   7.9300000e+02   1.4368310e+01   3.5110310e+00  -2.4764199e-01   0.0000000e+00   1.4771381e-08
   7.9400000e+02   1.4355150e+01   3.5098280e+00  -2.4756175e-01   0.0000000e+00   1.4999517e-08
   7.9500000e+02   1.4342020e+01   3.5086260e+00  -2.4748121e-01   0.0000000e+00   1.5227110e-08
   7.9600000e+02   1.4328920e+01   3.5074230e+00  -2.4740061e-01   0.0000000e+00   1.5454152e-08
   7.9700000e+02   1.4315860e+01   3.5062200e+00  -2.4731979e-01   0.0000000e+00   1.5680624e-08
   7.9800000e+02   1.4302840e+01   3.5050180e+00  -2.4723864e-01   0.0000000e+00   1.5906531e-08
   7.9900000e+02   1.4289850e+01   3.5038160e+00  -2.4715730e-01   0.0000000e+00   1.6131863e-08
   8.0000000e+02   1.4276900e+01   3.5026140e+00  -2.4707579e-01   0.0000000e+00   1.6356620e-08
   8.0100000e+02   1.4263980e+01   3.5014120e+00  -2.4699402e-01   0.0000000e+00   1.6580811e-08
   8.0200000e+02   1.4251100e+01   3.5002100e+00  -2.4691204e-01   0.0000000e+00   1.6804413e-08
   8.0300000e+02   1.4238250e+01   3.4990080e+00  -2.4682990e-01   0.0000000e+00   1.7027422e-08
   8.0400000e+02   1.4225440e+01   3.4978070e+00  -2.4674739e-01   0.0000000e+00   1.7249840e-08
   8.0500000e+02   1.4212660e+01   3.4966060e+00  -2.4666472e-01   0.0000000e+00   1.7471659e-08
   8.0600000e+02   1.4199910e+01   3.4954050e+00  -2.4658182e-01   0.0000000e+00   1.7692881e-08
   8.0700000e+02   1.4187200e+01   3.4942040e+00  -2.4649867e-01   0.0000000e+00   1.7913499e-08
   8.0800000e+02   1.4174520e+01   3.4930040e+00  -2.4641524e-01   0.0000000e+00   1.8133511e-08
   8.0900000e+02   1.4161880e+01   3.4918040e+00  -2.4633155e-01   0.0000000e+00   1.8352912e-08
   8.1000000e+02   1.4149270e+01   3.4906040e+00  -2.4624761e-01   0.0000000e+00   1.8571689e-08
   8.1100000e+02   1.4136690e+01   3.4894040e+00  -2.4616350e-01   0.0000000e+00   1.8789852e-08
   8.1200000e+02   1.4124150e+01   3.4882040e+00  -2.4607908e-01   0.0000000e+00   1.9007396e-08
   8.1300000e+02   1.4111630e+01   3.4870050e+00  -2.4599448e-01   0.0000000e+00   1.9224299e-08
   8.1400000e+02   1.4099160e+01   3.4858060e+00  -2.4590948e-01   0.0000000e+00   1.9440576e-08
   8.1500000e+02   1.4086710e+01   3.4846080e+00  -2.4582428e-01   0.0000000e+00   1.9656223e-08
   8.1600000e+02   1.4074300e+01   3.4834090e+00  -2.4573885e-01   0.0000000e+00   1.9871223e-08
   8.1700000e+02   1.4061920e+01   3.4822110e+00  -2.4565309e-01   0.0000000e+00   2.0085577e-08
   8.1800000e+02   1.4049570e+01   3.4810130e+00  -2.4556711e-01   0.0000000e+00   2.0299293e-08
   8.1900000e+02   1.4037260e+01   3.4798160e+00  -2.4548077e-01   0.0000000e+00   2.0512355e-08
   8.2000000e+02   1.4024970e+01   3.4786190e+00  -2.4539425e-01   0.0000000e+00   2.0724760e-08
   8.2100000e+02   1.4012720e+01   3.4774220e+00  -2.4530742e-01   0.0000000e+00   2.0936523e-08
   8.2200000e+02   1.4000500e+01   3.4762250e+00  -2.4522038e-01   0.0000000e+00   2.1147620e-08
   8.2300000e+02   1.3988320e+01   3.4750290e+00  -2.4513294e-01   0.0000000e+00   2.1358043e-08
   8.2400000e+02   1.3976160e+01   3.4738330e+00  -2.4504529e-01   0.0000000e+00   2.1567811e-08
   8.2500000e+02   1.3964040e+01   3.4726370e+00  -2.4495739e-01   0.0000000e+00   2.1776914e-08
   8.2600000e+02   1.3951940e+01   3.4714420e+00  -2.4486917e-01   0.0000000e+00   2.1985324e-08
   8.2700000e+02   1.3939880e+01   3.4702470e+00  -2.4478066e-01   0.0000000e+00   2.2193072e-08
   8.2800000e+02   1.3927850e+01   3.4690530e+00  -2.4469173e-01   0.0000000e+00   2.2400127e-08
   8.2900000e+02   1.3915850e+01   3.4678590e+00  -2.4460263e-01   0.0000000e+00   2.2606503e-08
   8.3000000e+02   1.3903880e+01   3.4666650e+00  -2.4451327e-01   0.0000000e+00   2.2812220e-08
   8.3100000e+02   1.3891940e+01   3.4654720e+00  -2.4442352e-01   0.0000000e+00   2.3017214e-08
   8.3200000e+02   1.3880030e+01   3.4642790e+00  -2.4433357e-01   0.0000000e+00   2.3221539e-08
   8.3300000e+02   1.3868150e+01   3.4630860e+00  -2.4424328e-01   0.0000000e+00   2.3425157e-08
   8.3400000e+02   1.3856300e+01   3.4618940e+00  -2.4415267e-01   0.0000000e+00   2.3628089e-08
   8.3500000e+02   1.3844490e+01   3.4607020e+00  -2.4406178e-01   0.0000000e+00   2.3830317e-08
   8.3600000e+02   1.3832700e+01   3.4595100e+00  -2.4397064e-01   0.0000000e+00   2.4031839e-08
   8.3700000e+02   1.3820940e+01   3.4583190e+00  -2.4387909e-01   0.0000000e+00   2.4232661e-08
   8.3800000e+02   1.3809210e+01   3.4571290e+00  -2.4378726e-01   0.0000000e+00   2.4432776e-08
   8.3900000e+02   1.3797510e+01   3.4559390e+00  -2.4369512e-01   0.0000000e+00   2.4632164e-08
   8.4000000e+02   1.3785840e+01   3.4547490e+00  -2.4360267e-01   0.0000000e+00   2.4830865e-08
   8.4100000e+02   1.3774200e+01   3.4535600e+00  -2.4350992e-01   0.0000000e+00   2.5028832e-08
   8.4200000e+02   1.3762590e+01   3.4523710e+00  -2.4341690e-01   0.0000000e+00   2.5226089e-08
   8.4300000e+02   1.3751010e+01   3.4511830e+00  -2.4332343e-01   0.0000000e+00   2.5422607e-08
   8.4400000e+02   1.3739450e+01   3.4499950e+00  -2.4322980e-01   0.0000000e+00   2.5618421e-08
   8.4500000e+02   1.3727930e+01   3.4488070e+00  -2.4313580e-01   0.0000000e+00   2.5813518e-08
   8.4600000e+02   1.3716430e+01   3.4476200e+00  -2.4304150e-01   0.0000000e+00   2.6007861e-08
   8.4700000e+02   1.3704960e+01   3.4464340e+00  -2.4294679e-01   0.0000000e+00   2.6201505e-08
   8.4800000e+02   1.3693520e+01   3.4452470e+00  -2.4285190e-01   0.0000000e+00   2.6394399e-08
   8.4900000e+02   1.3682110e+01   3.4440620e+00  -2.4275659e-01   0.0000000e+00   2.6586553e-08
   8.5000000e+02   1.3670730e+01   3.4428770e+00  -2.4266094e-01   0.0000000e+00   2.6777975e-08
   8.5100000e+02   1.3659370e+01   3.4416920e+00  -2.4256505e-01   0.0000000e+00   2.6968670e-08
   8.5200000e+02   1.3648050e+01   3.4405080e+00  -2.4246872e-01   0.0000000e+00   2.7158611e-08
   8.5300000e+02   1.3636750e+01   3.4393240e+00  -2.4237215e-01   0.0000000e+00   2.7347802e-08
   8.5400000e+02   1.3625480e+01   3.4381410e+00  -2.4227523e-01   0.0000000e+00   2.7536269e-08
   8.5500000e+02   1.3614230e+01   3.4369590e+00  -2.4217797e-01   0.0000000e+00   2.7723971e-08
   8.5600000e+02   1.3603020e+01   3.4357770e+00  -2.4208035e-01   0.0000000e+00   2.7910937e-08
   8.5700000e+02   1.3591830e+01   3.4345950e+00  -2.4198250e-01   0.0000000e+00   2.8097147e-08
   8.5800000e+02   1.3580660e+01   3.4334140e+00  -2.4188431e-01   0.0000000e+00   2.8282603e-08
   8.5900000e+02   1.3569530e+01   3.4322330e+00  -2.4178574e-01   0.0000000e+00   2.8467316e-08
   8.6000000e+02   1.3558420e+01   3.4310530e+00  -2.4168689e-01   0.0000000e+00   2.8651254e-08
   8.6100000e+02   1.3547340e+01   3.4298740e+00  -2.4158757e-01   0.0000000e+00   2.8834447e-08
   8.6200000e+02   1.3536290e+01   3.4286950e+00  -2.4148801e-01   0.0000000e+00   2.9016878e-08
   8.6300000e+02   1.3525260e+01   3.4275170e+00  -2.4138805e-01   0.0000000e+00   2.9198529e-08
   8.6400000e+02   1.3514260e+01   3.4263390e+00  -2.4128784e-01   0.0000000e+00   2.9379437e-08
   8.6500000e+02   1.3503280e+01   3.4251620e+00  -2.4118727e-01   0.0000000e+00   2.9559580e-08
   8.6600000e+02   1.3492330e+01   3.4239850e+00  -2.4108637e-01   0.0000000e+00   2.9738961e-08
   8.6700000e+02   1.3481410e+01   3.4228090e+00  -2.4098515e-01   0.0000000e+00   2.9917560e-08
   8.6800000e+02   1.3470510e+01   3.4216330e+00  -2.4088360e-01   0.0000000e+00   3.0095396e-08
   8.6900000e+02   1.3459640e+01   3.4204580e+00  -2.4078165e-01   0.0000000e+00   3.0272469e-08
   8.7000000e+02   1.3448800e+01   3.4192840e+00  -2.4067936e-01   0.0000000e+00   3.0448769e-08
   8.7100000e+02   1.3437980e+01   3.4181100e+00  -2.4057674e-01   0.0000000e+00   3.0624288e-08
   8.7200000e+02   1.3427190e+01   3.4169370e+00  -2.4047380e-01   0.0000000e+00   3.0799033e-08
   8.7300000e+02   1.3416420e+01   3.4157640e+00  -2.4037054e-01   0.0000000e+00   3.0973000e-08
   8.7400000e+02   1.3405680e+01   3.4145920e+00  -2.4026691e-01   0.0000000e+00   3.1146193e-08
   8.7500000e+02   1.3394960e+01   3.4134210e+00  -2.4016291e-01   0.0000000e+00   3.1318611e-08
   8.7600000e+02   1.3384270e+01   3.4122500e+00  -2.4005863e-01   0.0000000e+00   3.1490245e-08
   8.7700000e+02   1.3373600e+01   3.4110800e+00  -2.3995398e-01   0.0000000e+00   3.1661097e-08
   8.7800000e+02   1.3362960e+01   3.4099100e+00  -2.3984900e-01   0.0000000e+00   3.1831168e-08
   8.7900000e+02   1.3352350e+01   3.4087410e+00  -2.3974361e-01   0.0000000e+00   3.2000459e-08
   8.8000000e+02   1.3341750e+01   3.4075730e+00  -2.3963798e-01   0.0000000e+00   3.2168963e-08
   8.8100000e+02   1.3331190e+01   3.4064050e+00  -2.3953195e-01   0.0000000e+00   3.2336673e-08
   8.8200000e+02   1.3320640e+01   3.4052380e+00  -2.3942559e-01   0.0000000e+00   3.2503609e-08
   8.8300000e+02   1.3310130e+01   3.4040720e+00  -2.3931877e-01   0.0000000e+00   3.2669745e-08
   8.8400000e+02   1.3299630e+01   3.4029060e+00  -2.3921181e-01   0.0000000e+00   3.2835106e-08
   8.8500000e+02   1.3289160e+01   3.4017410e+00  -2.3910439e-01   0.0000000e+00   3.2999664e-08
   8.8600000e+02   1.3278720e+01   3.4005760e+00  -2.3899670e-01   0.0000000e+00   3.3163453e-08
   8.8700000e+02   1.3268300e+01   3.3994120e+00  -2.3888864e-01   0.0000000e+00   3.3326438e-08
   8.8800000e+02   1.3257900e+01   3.3982490e+00  -2.3878017e-01   0.0000000e+00   3.3488623e-08
   8.8900000e+02   1.3247530e+01   3.3970870e+00  -2.3867133e-01   0.0000000e+00   3.3650020e-08
   8.9000000e+02   1.3237180e+01   3.3959250e+00  -2.3856222e-01   0.0000000e+00   3.3810632e-08
   8.9100000e+02   1.3226860e+01   3.3947640e+00  -2.3845271e-01   0.0000000e+00   3.3970438e-08
   8.9200000e+02   1.3216550e+01   3.3936030e+00  -2.3834301e-01   0.0000000e+00   3.4129459e-08
   8.9300000e+02   1.3206280e+01   3.3924430e+00  -2.3823281e-01   0.0000000e+00   3.4287674e-08
   8.9400000e+02   1.3196020e+01   3.3912840e+00  -2.3812231e-01   0.0000000e+00   3.4445103e-08
   8.9500000e+02   1.3185790e+01   3.3901250e+00  -2.3801156e-01   0.0000000e+00   3.4601732e-08
   8.9600000e+02   1.3175580e+01   3.3889670e+00  -2.3790038e-01   0.0000000e+00   3.4757569e-08
   8.9700000e+02   1.3165400e+01   3.3878100e+00  -2.3778883e-01   0.0000000e+00   3.4912596e-08
   8.9800000e+02   1.3155230e+01   3.3866540e+00  -2.3767696e-01   0.0000000e+00   3.5066818e-08
   8.9900000e+02   1.3145100e+01   3.3854980e+00  -2.3756471e-01   0.0000000e+00   3.5220259e-08
   9.0000000e+02   1.3134980e+01   3.3843430e+00  -2.3745218e-01   0.0000000e+00   3.5372884e-08
   9.0100000e+02   1.3124890e+01   3.3831880e+00  -2.3733930e-01   0.0000000e+00   3.5524731e-08
   9.0200000e+02   1.3114820e+01   3.3820350e+00  -2.3722607e-01   0.0000000e+00   3.5675756e-08
   9.0300000e+02   1.3104770e+01   3.3808820e+00  -2.3711248e-01   0.0000000e+00   3.5825988e-08
   9.0400000e+02   1.3094740e+01   3.3797290e+00  -2.3699862e-01   0.0000000e+00   3.5975424e-08
   9.0500000e+02   1.3084740e+01   3.3785780e+00  -2.3688432e-01   0.0000000e+00   3.6124050e-08
   9.0600000e+02   1.3074760e+01   3.3774270e+00  -2.3676972e-01   0.0000000e+00   3.6271872e-08
   9.0700000e+02   1.3064800e+01   3.3762770e+00  -2.3665478e-01   0.0000000e+00   3.6418902e-08
   9.0800000e+02   1.3054870e+01   3.3751270e+00  -2.3653949e-01   0.0000000e+00   3.6565124e-08
   9.0900000e+02   1.3044950e+01   3.3739790e+00  -2.3642389e-01   0.0000000e+00   3.6710536e-08
   9.1000000e+02   1.3035060e+01   3.3728310e+00  -2.3630790e-01   0.0000000e+00   3.6855155e-08
   9.1100000e+02   1.3025190e+01   3.3716830e+00  -2.3619166e-01   0.0000000e+00   3.6998976e-08
   9.1200000e+02   1.3015340e+01   3.3705370e+00  -2.3607498e-01   0.0000000e+00   3.7141980e-08
   9.1300000e+02   1.3005510e+01   3.3693910e+00  -2.3595800e-01   0.0000000e+00   3.7284186e-08
   9.1400000e+02   1.2995710e+01   3.3682460e+00  -2.3584071e-01   0.0000000e+00   3.7425588e-08
   9.1500000e+02   1.2985930e+01   3.3671020e+00  -2.3572300e-01   0.0000000e+00   3.7566188e-08
   9.1600000e+02   1.2976160e+01   3.3659580e+00  -2.3560509e-01   0.0000000e+00   3.7705989e-08
   9.1700000e+02   1.2966420e+01   3.3648150e+00  -2.3548676e-01   0.0000000e+00   3.7844976e-08
   9.1800000e+02   1.2956700e+01   3.3636730e+00  -2.3536810e-01   0.0000000e+00   3.7983155e-08
   9.1900000e+02   1.2947010e+01   3.3625320e+00  -2.3524908e-01   0.0000000e+00   3.8120547e-08
   9.2000000e+02   1.2937330e+01   3.3613910e+00  -2.3512978e-01   0.0000000e+00   3.8257128e-08
   9.2100000e+02   1.2927670e+01   3.3602510e+00  -2.3501011e-01   0.0000000e+00   3.8392902e-08
   9.2200000e+02   1.2918040e+01   3.3591120e+00  -2.3489013e-01   0.0000000e+00   3.8527869e-08
   9.2300000e+02   1.2908430e+01   3.3579740e+00  -2.3476977e-01   0.0000000e+00   3.8662039e-08
   9.2400000e+02   1.2898830e+01   3.3568360e+00  -2.3464916e-01   0.0000000e+00   3.8795406e-08
   9.2500000e+02   1.2889260e+01   3.3556990e+00  -2.3452824e-01   0.0000000e+00   3.8927975e-08
   9.2600000e+02   1.2879710e+01   3.3545630e+00  -2.3440689e-01   0.0000000e+00   3.9059732e-08
   9.2700000e+02   1.2870180e+01   3.3534280e+00  -2.3428520e-01   0.0000000e+00   3.9190684e-08
   9.2800000e+02   1.2860670e+01   3.3522940e+00  -2.3416318e-01   0.0000000e+00   3.9320828e-08
   9.2900000e+02   1.2851180e+01   3.3511600e+00  -2.3404087e-01   0.0000000e+00   3.9450177e-08
   9.3000000e+02   1.2841710e+01   3.3500270e+00  -2.3391824e-01   0.0000000e+00   3.9578727e-08
   9.3100000e+02   1.2832260e+01   3.3488950e+00  -2.3379530e-01   0.0000000e+00   3.9706471e-08
   9.3200000e+02   1.2822830e+01   3.3477630e+00  -2.3367205e-01   0.0000000e+00   3.9833430e-08
   9.3300000e+02   1.2813420e+01   3.3466330e+00  -2.3354839e-01   0.0000000e+00   3.9959563e-08
   9.3400000e+02   1.2804030e+01   3.3455030e+00  -2.3342448e-01   0.0000000e+00   4.0084901e-08
   9.3500000e+02   1.2794660e+01   3.3443740e+00  -2.3330020e-01   0.0000000e+00   4.0209449e-08
   9.3600000e+02   1.2785310e+01   3.3432460e+00  -2.3317561e-01   0.0000000e+00   4.0333186e-08
   9.3700000e+02   1.2775990e+01   3.3421180e+00  -2.3305068e-01   0.0000000e+00   4.0456133e-08
   9.3800000e+02   1.2766680e+01   3.3409910e+00  -2.3292549e-01   0.0000000e+00   4.0578289e-08
   9.3900000e+02   1.2757390e+01   3.3398660e+00  -2.3279987e-01   0.0000000e+00   4.0699618e-08
   9.4000000e+02   1.2748120e+01   3.3387400e+00  -2.3267405e-01   0.0000000e+00   4.0820164e-08
   9.4100000e+02   1.2738870e+01   3.3376160e+00  -2.3254783e-01   0.0000000e+00   4.0939916e-08
   9.4200000e+02   1.2729630e+01   3.3364930e+00  -2.3242134e-01   0.0000000e+00   4.1058866e-08
   9.4300000e+02   1.2720420e+01   3.3353700e+00  -2.3229456e-01   0.0000000e+00   4.1177021e-08
   9.4400000e+02   1.2711230e+01   3.3342480e+00  -2.3216739e-01   0.0000000e+00   4.1294373e-08
   9.4500000e+02   1.2702060e+01   3.3331270e+00  -2.3203994e-01   0.0000000e+00   4.1410936e-08
   9.4600000e+02   1.2692900e+01   3.3320070e+00  -2.3191215e-01   0.0000000e+00   4.1526697e-08
   9.4700000e+02   1.2683770e+01   3.3308870e+00  -2.3178411e-01   0.0000000e+00   4.1641676e-08
   9.4800000e+02   1.2674650e+01   3.3297690e+00  -2.3165565e-01   0.0000000e+00   4.1755847e-08
   9.4900000e+02   1.2665560e+01   3.3286510e+00  -2.3152691e-01   0.0000000e+00   4.1869232e-08
   9.5000000e+02   1.2656480e+01   3.3275340e+00  -2.3139793e-01   0.0000000e+00   4.1981821e-08
   9.5100000e+02   1.2647420e+01   3.3264180e+00  -2.3126857e-01   0.0000000e+00   4.2093611e-08
   9.5200000e+02   1.2638380e+01   3.3253020e+00  -2.3113899e-01   0.0000000e+00   4.2204633e-08
   9.5300000e+02   1.2629360e+01   3.3241880e+00  -2.3100894e-01   0.0000000e+00   4.2314852e-08
   9.5400000e+02   1.2620350e+01   3.3230740e+00  -2.3087875e-01   0.0000000e+00   4.2424284e-08
   9.5500000e+02   1.2611370e+01   3.3219610e+00  -2.3074821e-01   0.0000000e+00   4.2532918e-08
   9.5600000e+02   1.2602400e+01   3.3208490e+00  -2.3061734e-01   0.0000000e+00   4.2640765e-08
   9.5700000e+02   1.2593460e+01   3.3197380e+00  -2.3048614e-01   0.0000000e+00   4.2747825e-08
   9.5800000e+02   1.2584530e+01   3.3186270e+00  -2.3035468e-01   0.0000000e+00   4.2854114e-08
   9.5900000e+02   1.2575620e+01   3.3175170e+00  -2.3022296e-01   0.0000000e+00   4.2959607e-08
   9.6000000e+02   1.2566720e+01   3.3164090e+00  -2.3009085e-01   0.0000000e+00   4.3064302e-08
   9.6100000e+02   1.2557850e+01   3.3153010e+00  -2.2995844e-01   0.0000000e+00   4.3168221e-08
   9.6200000e+02   1.2548990e+01   3.3141930e+00  -2.2982584e-01   0.0000000e+00   4.3271375e-08
   9.6300000e+02   1.2540150e+01   3.3130870e+00  -2.2969286e-01   0.0000000e+00   4.3373724e-08
   9.6400000e+02   1.2531330e+01   3.3119820e+00  -2.2955958e-01   0.0000000e+00   4.3475298e-08
   9.6500000e+02   1.2522530e+01   3.3108770e+00  -2.2942599e-01   0.0000000e+00   4.3576097e-08
   9.6600000e+02   1.2513750e+01   3.3097730e+00  -2.2929218e-01   0.0000000e+00   4.3676108e-08
   9.6700000e+02   1.2504980e+01   3.3086700e+00  -2.2915804e-01   0.0000000e+00   4.3775354e-08
   9.6800000e+02   1.2496230e+01   3.3075680e+00  -2.2902358e-01   0.0000000e+00   4.3873804e-08
   9.6900000e+02   1.2487500e+01   3.3064670e+00  -2.2888878e-01   0.0000000e+00   4.3971484e-08
   9.7000000e+02   1.2478790e+01   3.3053660e+00  -2.2875378e-01   0.0000000e+00   4.4068402e-08
   9.7100000e+02   1.2470090e+01   3.3042670e+00  -2.2861846e-01   0.0000000e+00   4.4164520e-08
   9.7200000e+02   1.2461410e+01   3.3031680e+00  -2.2848288e-01   0.0000000e+00   4.4259884e-08
   9.7300000e+02   1.2452750e+01   3.3020700e+00  -2.2834699e-01   0.0000000e+00   4.4354476e-08
   9.7400000e+02   1.2444110e+01   3.3009730e+00  -2.2821077e-01   0.0000000e+00   4.4448287e-08
   9.7500000e+02   1.2435480e+01   3.2998770e+00  -2.2807437e-01   0.0000000e+00   4.4541324e-08
   9.7600000e+02   1.2426870e+01   3.2987810e+00  -2.2793767e-01   0.0000000e+00   4.4633610e-08
   9.7700000e+02   1.2418280e+01   3.2976870e+00  -2.2780058e-01   0.0000000e+00   4.4725101e-08
   9.7800000e+02   1.2409700e+01   3.2965930e+00  -2.2766329e-01   0.0000000e+00   4.4815852e-08
   9.7900000e+02   1.2401140e+01   3.2955000e+00  -2.2752575e-01   0.0000000e+00   4.4905827e-08
   9.8000000e+02   1.2392600e+01   3.2944080e+00  -2.2738789e-01   0.0000000e+00   4.4995040e-08
   9.8100000e+02   1.2384080e+01   3.2933170e+00  -2.2724968e-01   0.0000000e+00   4.5083479e-08
   9.8200000e+02   1.2375570e+01   3.2922270e+00  -2.2711125e-01   0.0000000e+00   4.5171152e-08
   9.8300000e+02   1.2367080e+01   3.2911370e+00  -2.2697264e-01   0.0000000e+00   4.5258087e-08
   9.8400000e+02   1.2358600e+01   3.2900490e+00  -2.2683364e-01   0.0000000e+00   4.5344242e-08
   9.8500000e+02   1.2350150e+01   3.2889610e+00  -2.2669440e-01   0.0000000e+00   4.5429649e-08
   9.8600000e+02   1.2341710e+01   3.2878740e+00  -2.2655487e-01   0.0000000e+00   4.5514288e-08
   9.8700000e+02   1.2333280e+01   3.2867880e+00  -2.2641516e-01   0.0000000e+00   4.5598171e-08
   9.8800000e+02   1.2324880e+01   3.2857030e+00  -2.2627506e-01   0.0000000e+00   4.5681298e-08
   9.8900000e+02   1.2316480e+01   3.2846180e+00  -2.2613482e-01   0.0000000e+00   4.5763698e-08
   9.9000000e+02   1.2308110e+01   3.2835350e+00  -2.2599420e-01   0.0000000e+00   4.5845320e-08
   9.9100000e+02   1.2299750e+01   3.2824520e+00  -2.2585338e-01   0.0000000e+00   4.5926197e-08
   9.9200000e+02   1.2291410e+01   3.2813710e+00  -2.2571217e-01   0.0000000e+00   4.6006305e-08
   9.9300000e+02   1.2283080e+01   3.2802900e+00  -2.2557085e-01   0.0000000e+00   4.6085685e-08
   9.9400000e+02   1.2274770e+01   3.2792100e+00  -2.2542919e-01   0.0000000e+00   4.6164316e-08
   9.9500000e+02   1.2266480e+01   3.2781300e+00  -2.2528736e-01   0.0000000e+00   4.6242205e-08
   9.9600000e+02   1.2258200e+01   3.2770520e+00  -2.2514519e-01   0.0000000e+00   4.6319343e-08
   9.9700000e+02   1.2249940e+01   3.2759750e+00  -2.2500276e-01   0.0000000e+00   4.6395728e-08
   9.9800000e+02   1.2241700e+01   3.2748980e+00  -2.2486009e-01   0.0000000e+00   4.6471384e-08
   9.9900000e+02   1.2233470e+01   3.2738220e+00  -2.2471720e-01   0.0000000e+00   4.6546304e-08
   1.0000000e+03   1.2225250e+01   3.2727470e+00  -2.2457406e-01   0.0000000e+00   4.6620474e-08
   1.0010000e+03   1.2217060e+01   3.2716730e+00  -2.2443055e-01   0.0000000e+00   4.6693912e-08
   1.0020000e+03   1.2208870e+01   3.2706000e+00  -2.2428694e-01   0.0000000e+00   4.6766612e-08
   1.0030000e+03   1.2200710e+01   3.2695280e+00  -2.2414290e-01   0.0000000e+00   4.6838565e-08
   1.0040000e+03   1.2192560e+01   3.2684570e+00  -2.2399872e-01   0.0000000e+00   4.6909793e-08
   1.0050000e+03   1.2184420e+01   3.2673860e+00  -2.2385432e-01   0.0000000e+00   4.6980295e-08
   1.0060000e+03   1.2176300e+01   3.2663160e+00  -2.2370968e-01   0.0000000e+00   4.7050071e-08
   1.0070000e+03   1.2168200e+01   3.2652470e+00  -2.2356473e-01   0.0000000e+00   4.7119110e-08
   1.0080000e+03   1.2160110e+01   3.2641790e+00  -2.2341957e-01   0.0000000e+00   4.7187413e-08
   1.0090000e+03   1.2152040e+01   3.2631120e+00  -2.2327409e-01   0.0000000e+00   4.7254997e-08
   1.0100000e+03   1.2143980e+01   3.2620460e+00  -2.2312844e-01   0.0000000e+00   4.7321852e-08
   1.0110000e+03   1.2135940e+01   3.2609810e+00  -2.2298251e-01   0.0000000e+00   4.7387975e-08
   1.0120000e+03   1.2127910e+01   3.2599160e+00  -2.2283646e-01   0.0000000e+00   4.7453405e-08
   1.0130000e+03   1.2119900e+01   3.2588530e+00  -2.2269004e-01   0.0000000e+00   4.7518094e-08
   1.0140000e+03   1.2111900e+01   3.2577900e+00  -2.2254341e-01   0.0000000e+00   4.7582062e-08
   1.0150000e+03   1.2103920e+01   3.2567280e+00  -2.2239656e-01   0.0000000e+00   4.7645334e-08
   1.0160000e+03   1.2095950e+01   3.2556670e+00  -2.2224947e-01   0.0000000e+00   4.7707868e-08
   1.0170000e+03   1.2088000e+01   3.2546070e+00  -2.2210217e-01   0.0000000e+00   4.7769697e-08
   1.0180000e+03   1.2080070e+01   3.2535470e+00  -2.2195466e-01   0.0000000e+00   4.7830819e-08
   1.0190000e+03   1.2072140e+01   3.2524890e+00  -2.2180683e-01   0.0000000e+00   4.7891218e-08
   1.0200000e+03   1.2064240e+01   3.2514310e+00  -2.2165889e-01   0.0000000e+00   4.7950925e-08
   1.0210000e+03   1.2056350e+01   3.2503750e+00  -2.2151057e-01   0.0000000e+00   4.8009911e-08
   1.0220000e+03   1.2048470e+01   3.2493190e+00  -2.2136213e-01   0.0000000e+00   4.8068189e-08
   1.0230000e+03   1.2040610e+01   3.2482640e+00  -2.2121342e-01   0.0000000e+00   4.8125764e-08
   1.0240000e+03   1.2032760e+01   3.2472100e+00  -2.2106454e-01   0.0000000e+00   4.8182636e-08
   1.0250000e+03   1.2024920e+01   3.2461570e+00  -2.2091540e-01   0.0000000e+00   4.8238816e-08
   1.0260000e+03   1.2017110e+01   3.2451040e+00  -2.2076605e-01   0.0000000e+00   4.8294299e-08
   1.0270000e+03   1.2009300e+01   3.2440530e+00  -2.2061643e-01   0.0000000e+00   4.8349060e-08
   1.0280000e+03   1.2001510e+01   3.2430020e+00  -2.2046666e-01   0.0000000e+00   4.8403151e-08
   1.0290000e+03   1.1993740e+01   3.2419520e+00  -2.2031659e-01   0.0000000e+00   4.8456531e-08
   1.0300000e+03   1.1985980e+01   3.2409030e+00  -2.2016636e-01   0.0000000e+00   4.8509222e-08
   1.0310000e+03   1.1978230e+01   3.2398550e+00  -2.2001593e-01   0.0000000e+00   4.8561238e-08
   1.0320000e+03   1.1970500e+01   3.2388080e+00  -2.1986522e-01   0.0000000e+00   4.8612538e-08
   1.0330000e+03   1.1962780e+01   3.2377620e+00  -2.1971436e-01   0.0000000e+00   4.8663155e-08
   1.0340000e+03   1.1955080e+01   3.2367160e+00  -2.1956329e-01   0.0000000e+00   4.8713102e-08
   1.0350000e+03   1.1947390e+01   3.2356720e+00  -2.1941196e-01   0.0000000e+00   4.8762358e-08
   1.0360000e+03   1.1939710e+01   3.2346280e+00  -2.1926046e-01   0.0000000e+00   4.8810926e-08
   1.0370000e+03   1.1932050e+01   3.2335850e+00  -2.1910878e-01   0.0000000e+00   4.8858817e-08
   1.0380000e+03   1.1924400e+01   3.2325430e+00  -2.1895686e-01   0.0000000e+00   4.8906030e-08
   1.0390000e+03   1.1916770e+01   3.2315020e+00  -2.1880471e-01   0.0000000e+00   4.8952562e-08
   1.0400000e+03   1.1909150e+01   3.2304620e+00  -2.1865238e-01   0.0000000e+00   4.8998418e-08
   1.0410000e+03   1.1901550e+01   3.2294220e+00  -2.1849982e-01   0.0000000e+00   4.9043610e-08
   1.0420000e+03   1.1893950e+01   3.2283840e+00  -2.1834705e-01   0.0000000e+00   4.9088114e-08
   1.0430000e+03   1.1886380e+01   3.2273460e+00  -2.1819412e-01   0.0000000e+00   4.9131950e-08
   1.0440000e+03   1.1878810e+01   3.2263090e+00  -2.1804104e-01   0.0000000e+00   4.9175134e-08
   1.0450000e+03   1.1871260e+01   3.2252730e+00  -2.1788766e-01   0.0000000e+00   4.9217637e-08
   1.0460000e+03   1.1863730e+01   3.2242380e+00  -2.1773412e-01   0.0000000e+00   4.9259480e-08
   1.0470000e+03   1.1856200e+01   3.2232040e+00  -2.1758036e-01   0.0000000e+00   4.9300647e-08
   1.0480000e+03   1.1848690e+01   3.2221710e+00  -2.1742638e-01   0.0000000e+00   4.9341159e-08
   1.0490000e+03   1.1841200e+01   3.2211380e+00  -2.1727231e-01   0.0000000e+00   4.9381030e-08
   1.0500000e+03   1.1833720e+01   3.2201060e+00  -2.1711802e-01   0.0000000e+00   4.9420217e-08
   1.0510000e+03   1.1826250e+01   3.2190760e+00  -2.1696344e-01   0.0000000e+00   4.9458751e-08
   1.0520000e+03   1.1818790e+01   3.2180460e+00  -2.1680879e-01   0.0000000e+00   4.9496632e-08
   1.0530000e+03   1.1811350e+01   3.2170170e+00  -2.1665390e-01   0.0000000e+00   4.9533885e-08
   1.0540000e+03   1.1803920e+01   3.2159880e+00  -2.1649889e-01   0.0000000e+00   4.9570468e-08
   1.0550000e+03   1.1796510e+01   3.2149610e+00  -2.1634361e-01   0.0000000e+00   4.9606401e-08
   1.0560000e+03   1.1789110e+01   3.2139350e+00  -2.1618810e-01   0.0000000e+00   4.9641693e-08
   1.0570000e+03   1.1781720e+01   3.2129090e+00  -2.1603251e-01   0.0000000e+00   4.9676326e-08
   1.0580000e+03   1.1774340e+01   3.2118840e+00  -2.1587673e-01   0.0000000e+00   4.9710331e-08
   1.0590000e+03   1.1766980e+01   3.2108600e+00  -2.1572074e-01   0.0000000e+00   4.9743694e-08
   1.0600000e+03   1.1759630e+01   3.2098370e+00  -2.1556455e-01   0.0000000e+00   4.9776409e-08
   1.0610000e+03   1.1752300e+01   3.2088150e+00  -2.1540815e-01   0.0000000e+00   4.9808485e-08
   1.0620000e+03   1.1744980e+01   3.2077940e+00  -2.1525162e-01   0.0000000e+00   4.9839928e-08
   1.0630000e+03   1.1737670e+01   3.2067730e+00  -2.1509498e-01   0.0000000e+00   4.9870745e-08
   1.0640000e+03   1.1730370e+01   3.2057530e+00  -2.1493807e-01   0.0000000e+00   4.9900924e-08
   1.0650000e+03   1.1723090e+01   3.2047350e+00  -2.1478096e-01   0.0000000e+00   4.9930468e-08
   1.0660000e+03   1.1715820e+01   3.2037170e+00  -2.1462376e-01   0.0000000e+00   4.9959384e-08
   1.0670000e+03   1.1708560e+01   3.2027000e+00  -2.1446636e-01   0.0000000e+00   4.9987678e-08
   1.0680000e+03   1.1701310e+01   3.2016830e+00  -2.1430885e-01   0.0000000e+00   5.0015353e-08
   1.0690000e+03   1.1694080e+01   3.2006680e+00  -2.1415110e-01   0.0000000e+00   5.0042399e-08
   1.0700000e+03   1.1686860e+01   3.1996530e+00  -2.1399318e-01   0.0000000e+00   5.0068825e-08
   1.0710000e+03   1.1679650e+01   3.1986400e+00  -2.1383507e-01   0.0000000e+00   5.0094619e-08
   1.0720000e+03   1.1672460e+01   3.1976270e+00  -2.1367683e-01   0.0000000e+00   5.0119814e-08
   1.0730000e+03   1.1665280e+01   3.1966150e+00  -2.1351839e-01   0.0000000e+00   5.0144383e-08
   1.0740000e+03   1.1658110e+01   3.1956040e+00  -2.1335985e-01   0.0000000e+00   5.0168356e-08
   1.0750000e+03   1.1650950e+01   3.1945930e+00  -2.1320114e-01   0.0000000e+00   5.0191706e-08
   1.0760000e+03   1.1643810e+01   3.1935840e+00  -2.1304219e-01   0.0000000e+00   5.0214445e-08
   1.0770000e+03   1.1636680e+01   3.1925750e+00  -2.1288321e-01   0.0000000e+00   5.0236584e-08
   1.0780000e+03   1.1629560e+01   3.1915670e+00  -2.1272400e-01   0.0000000e+00   5.0258119e-08
   1.0790000e+03   1.1622450e+01   3.1905600e+00  -2.1256461e-01   0.0000000e+00   5.0279038e-08
   1.0800000e+03   1.1615360e+01   3.1895540e+00  -2.1240510e-01   0.0000000e+00   5.0299367e-08
   1.0810000e+03   1.1608280e+01   3.1885490e+00  -2.1224543e-01   0.0000000e+00   5.0319085e-08
   1.0820000e+03   1.1601210e+01   3.1875450e+00  -2.1208551e-01   0.0000000e+00   5.0338201e-08
   1.0830000e+03   1.1594150e+01   3.1865410e+00  -2.1192557e-01   0.0000000e+00   5.0356732e-08
   1.0840000e+03   1.1587110e+01   3.1855380e+00  -2.1176539e-01   0.0000000e+00   5.0374680e-08
   1.0850000e+03   1.1580080e+01   3.1845360e+00  -2.1160513e-01   0.0000000e+00   5.0392031e-08
   1.0860000e+03   1.1573060e+01   3.1835350e+00  -2.1144465e-01   0.0000000e+00   5.0408781e-08
   1.0870000e+03   1.1566050e+01   3.1825350e+00  -2.1128408e-01   0.0000000e+00   5.0424945e-08
   1.0880000e+03   1.1559050e+01   3.1815360e+00  -2.1112333e-01   0.0000000e+00   5.0440522e-08
   1.0890000e+03   1.1552070e+01   3.1805370e+00  -2.1096247e-01   0.0000000e+00   5.0455526e-08
   1.0900000e+03   1.1545100e+01   3.1795400e+00  -2.1080135e-01   0.0000000e+00   5.0469925e-08
   1.0910000e+03   1.1538140e+01   3.1785430e+00  -2.1064014e-01   0.0000000e+00   5.0483763e-08
   1.0920000e+03   1.1531190e+01   3.1775470e+00  -2.1047886e-01   0.0000000e+00   5.0497021e-08
   1.0930000e+03   1.1524250e+01   3.1765510e+00  -2.1031744e-01   0.0000000e+00   5.0509716e-08
   1.0940000e+03   1.1517330e+01   3.1755570e+00  -2.1015579e-01   0.0000000e+00   5.0521821e-08
   1.0950000e+03   1.1510420e+01   3.1745630e+00  -2.0999407e-01   0.0000000e+00   5.0533361e-08
   1.0960000e+03   1.1503520e+01   3.1735710e+00  -2.0983211e-01   0.0000000e+00   5.0544313e-08
   1.0970000e+03   1.1496630e+01   3.1725790e+00  -2.0967012e-01   0.0000000e+00   5.0554719e-08
   1.0980000e+03   1.1489750e+01   3.1715880e+00  -2.0950793e-01   0.0000000e+00   5.0564543e-08
   1.0990000e+03   1.1482890e+01   3.1705970e+00  -2.0934572e-01   0.0000000e+00   5.0573826e-08
   1.1000000e+03   1.1476040e+01   3.1696080e+00  -2.0918323e-01   0.0000000e+00   5.0582525e-08
   1.1010000e+03   1.1469190e+01   3.1686190e+00  -2.0902072e-01   0.0000000e+00   5.0590681e-08
   1.1020000e+03   1.1462360e+01   3.1676320e+00  -2.0885794e-01   0.0000000e+00   5.0598249e-08
   1.1030000e+03   1.1455550e+01   3.1666450e+00  -2.0869510e-01   0.0000000e+00   5.0605281e-08
   1.1040000e+03   1.1448740e+01   3.1656580e+00  -2.0853219e-01   0.0000000e+00   5.0611768e-08
   1.1050000e+03   1.1441950e+01   3.1646730e+00  -2.0836908e-01   0.0000000e+00   5.0617688e-08
   1.1060000e+03   1.1435160e+01   3.1636890e+00  -2.0820586e-01   0.0000000e+00   5.0623058e-08
   1.1070000e+03   1.1428390e+01   3.1627050e+00  -2.0804251e-01   0.0000000e+00   5.0627895e-08
   1.1080000e+03   1.1421630e+01   3.1617220e+00  -2.0787906e-01   0.0000000e+00   5.0632171e-08
   1.1090000e+03   1.1414880e+01   3.1607400e+00  -2.0771542e-01   0.0000000e+00   5.0635911e-08
   1.1100000e+03   1.1408140e+01   3.1597590e+00  -2.0755167e-01   0.0000000e+00   5.0639094e-08
   1.1110000e+03   1.1401420e+01   3.1587780e+00  -2.0738787e-01   0.0000000e+00   5.0641763e-08
   1.1120000e+03   1.1394700e+01   3.1577990e+00  -2.0722385e-01   0.0000000e+00   5.0643864e-08
   1.1130000e+03   1.1388000e+01   3.1568200e+00  -2.0705975e-01   0.0000000e+00   5.0645447e-08
   1.1140000e+03   1.1381310e+01   3.1558420e+00  -2.0689553e-01   0.0000000e+00   5.0646499e-08
   1.1150000e+03   1.1374630e+01   3.1548650e+00  -2.0673118e-01   0.0000000e+00   5.0647011e-08
   1.1160000e+03   1.1367960e+01   3.1538880e+00  -2.0656675e-01   0.0000000e+00   5.0646997e-08
   1.1170000e+03   1.1361300e+01   3.1529130e+00  -2.0640218e-01   0.0000000e+00   5.0646456e-08
   1.1180000e+03   1.1354650e+01   3.1519380e+00  -2.0623750e-01   0.0000000e+00   5.0645382e-08
   1.1190000e+03   1.1348020e+01   3.1509640e+00  -2.0607269e-01   0.0000000e+00   5.0643793e-08
   1.1200000e+03   1.1341390e+01   3.1499910e+00  -2.0590779e-01   0.0000000e+00   5.0641679e-08
   1.1210000e+03   1.1334780e+01   3.1490190e+00  -2.0574271e-01   0.0000000e+00   5.0639041e-08
   1.1220000e+03   1.1328170e+01   3.1480470e+00  -2.0557763e-01   0.0000000e+00   5.0635893e-08
   1.1230000e+03   1.1321580e+01   3.1470760e+00  -2.0541235e-01   0.0000000e+00   5.0632221e-08
   1.1240000e+03   1.1315000e+01   3.1461060e+00  -2.0524704e-01   0.0000000e+00   5.0628048e-08
   1.1250000e+03   1.1308430e+01   3.1451370e+00  -2.0508150e-01   0.0000000e+00   5.0623350e-08
   1.1260000e+03   1.1301870e+01   3.1441690e+00  -2.0491591e-01   0.0000000e+00   5.0618144e-08
   1.1270000e+03   1.1295320e+01   3.1432010e+00  -2.0475026e-01   0.0000000e+00   5.0612441e-08
   1.1280000e+03   1.1288790e+01   3.1422350e+00  -2.0458434e-01   0.0000000e+00   5.0606211e-08
   1.1290000e+03   1.1282260e+01   3.1412690e+00  -2.0441846e-01   0.0000000e+00   5.0599492e-08
   1.1300000e+03   1.1275750e+01   3.1403030e+00  -2.0425248e-01   0.0000000e+00   5.0592281e-08
   1.1310000e+03   1.1269240e+01   3.1393390e+00  -2.0408638e-01   0.0000000e+00   5.0584557e-08
   1.1320000e+03   1.1262750e+01   3.1383760e+00  -2.0392006e-01   0.0000000e+00   5.0576321e-08
   1.1330000e+03   1.1256260e+01   3.1374130e+00  -2.0375379e-01   0.0000000e+00   5.0567616e-08
   1.1340000e+03   1.1249790e+01   3.1364510e+00  -2.0358737e-01   0.0000000e+00   5.0558414e-08
   1.1350000e+03   1.1243330e+01   3.1354900e+00  -2.0342083e-01   0.0000000e+00   5.0548708e-08
   1.1360000e+03   1.1236880e+01   3.1345290e+00  -2.0325423e-01   0.0000000e+00   5.0538526e-08
   1.1370000e+03   1.1230440e+01   3.1335690e+00  -2.0308756e-01   0.0000000e+00   5.0527863e-08
   1.1380000e+03   1.1224010e+01   3.1326110e+00  -2.0292066e-01   0.0000000e+00   5.0516685e-08
   1.1390000e+03   1.1217590e+01   3.1316520e+00  -2.0275384e-01   0.0000000e+00   5.0505060e-08
   1.1400000e+03   1.1211180e+01   3.1306950e+00  -2.0258676e-01   0.0000000e+00   5.0492921e-08
   1.1410000e+03   1.1204780e+01   3.1297390e+00  -2.0241963e-01   0.0000000e+00   5.0480304e-08
   1.1420000e+03   1.1198400e+01   3.1287830e+00  -2.0225241e-01   0.0000000e+00   5.0467227e-08
   1.1430000e+03   1.1192020e+01   3.1278280e+00  -2.0208512e-01   0.0000000e+00   5.0453669e-08
   1.1440000e+03   1.1185650e+01   3.1268740e+00  -2.0191777e-01   0.0000000e+00   5.0439656e-08
   1.1450000e+03   1.1179300e+01   3.1259200e+00  -2.0175029e-01   0.0000000e+00   5.0425153e-08
   1.1460000e+03   1.1172950e+01   3.1249680e+00  -2.0158270e-01   0.0000000e+00   5.0410182e-08
   1.1470000e+03   1.1166620e+01   3.1240160e+00  -2.0141499e-01   0.0000000e+00   5.0394737e-08
   1.1480000e+03   1.1160290e+01   3.1230650e+00  -2.0124726e-01   0.0000000e+00   5.0378832e-08
   1.1490000e+03   1.1153980e+01   3.1221140e+00  -2.0107945e-01   0.0000000e+00   5.0362477e-08
   1.1500000e+03   1.1147670e+01   3.1211650e+00  -2.0091149e-01   0.0000000e+00   5.0345641e-08
   1.1510000e+03   1.1141380e+01   3.1202160e+00  -2.0074352e-01   0.0000000e+00   5.0328364e-08
   1.1520000e+03   1.1135090e+01   3.1192680e+00  -2.0057543e-01   0.0000000e+00   5.0310614e-08
   1.1530000e+03   1.1128820e+01   3.1183210e+00  -2.0040722e-01   0.0000000e+00   5.0292423e-08
   1.1540000e+03   1.1122560e+01   3.1173740e+00  -2.0023894e-01   0.0000000e+00   5.0273774e-08
   1.1550000e+03   1.1116300e+01   3.1164280e+00  -2.0007064e-01   0.0000000e+00   5.0254673e-08
   1.1560000e+03   1.1110060e+01   3.1154840e+00  -1.9990213e-01   0.0000000e+00   5.0235109e-08
   1.1570000e+03   1.1103830e+01   3.1145390e+00  -1.9973366e-01   0.0000000e+00   5.0215126e-08
   1.1580000e+03   1.1097600e+01   3.1135960e+00  -1.9956502e-01   0.0000000e+00   5.0194672e-08
   1.1590000e+03   1.1091390e+01   3.1126530e+00  -1.9939640e-01   0.0000000e+00   5.0173801e-08
   1.1600000e+03   1.1085190e+01   3.1117110e+00  -1.9922760e-01   0.0000000e+00   5.0152471e-08
   1.1610000e+03   1.1078990e+01   3.1107700e+00  -1.9905880e-01   0.0000000e+00   5.0130709e-08
   1.1620000e+03   1.1072810e+01   3.1098300e+00  -1.9888985e-01   0.0000000e+00   5.0108511e-08
   1.1630000e+03   1.1066640e+01   3.1088900e+00  -1.9872088e-01   0.0000000e+00   5.0085876e-08
   1.1640000e+03   1.1060480e+01   3.1079510e+00  -1.9855181e-01   0.0000000e+00   5.0062811e-08
   1.1650000e+03   1.1054320e+01   3.1070130e+00  -1.9838266e-01   0.0000000e+00   5.0039307e-08
   1.1660000e+03   1.1048180e+01   3.1060750e+00  -1.9821351e-01   0.0000000e+00   5.0015396e-08
   1.1670000e+03   1.1042050e+01   3.1051390e+00  -1.9804412e-01   0.0000000e+00   4.9991033e-08
   1.1680000e+03   1.1035920e+01   3.1042030e+00  -1.9787481e-01   0.0000000e+00   4.9966251e-08
   1.1690000e+03   1.1029810e+01   3.1032670e+00  -1.9770544e-01   0.0000000e+00   4.9941065e-08
   1.1700000e+03   1.1023710e+01   3.1023330e+00  -1.9753589e-01   0.0000000e+00   4.9915440e-08
   1.1710000e+03   1.1017610e+01   3.1013990e+00  -1.9736636e-01   0.0000000e+00   4.9889407e-08
   1.1720000e+03   1.1011530e+01   3.1004660e+00  -1.9719668e-01   0.0000000e+00   4.9862949e-08
   1.1730000e+03   1.1005450e+01   3.0995340e+00  -1.9702694e-01   0.0000000e+00   4.9836071e-08
   1.1740000e+03   1.0999390e+01   3.0986030e+00  -1.9685714e-01   0.0000000e+00   4.9808783e-08
   1.1750000e+03   1.0993330e+01   3.0976720e+00  -1.9668734e-01   0.0000000e+00   4.9781097e-08
   1.1760000e+03   1.0987290e+01   3.0967420e+00  -1.9651735e-01   0.0000000e+00   4.9752985e-08
   1.1770000e+03   1.0981250e+01   3.0958130e+00  -1.9634738e-01   0.0000000e+00   4.9724474e-08
   1.1780000e+03   1.0975230e+01   3.0948840e+00  -1.9617731e-01   0.0000000e+00   4.9695564e-08
   1.1790000e+03   1.0969210e+01   3.0939560e+00  -1.9600728e-01   0.0000000e+00   4.9666262e-08
   1.1800000e+03   1.0963200e+01   3.0930290e+00  -1.9583708e-01   0.0000000e+00   4.9636536e-08
   1.1810000e+03   1.0957210e+01   3.0921030e+00  -1.9566682e-01   0.0000000e+00   4.9606417e-08
   1.1820000e+03   1.0951220e+01   3.0911770e+00  -1.9549650e-01   0.0000000e+00   4.9575906e-08
   1.1830000e+03   1.0945240e+01   3.0902520e+00  -1.9532615e-01   0.0000000e+00   4.9545006e-08
   1.1840000e+03   1.0939270e+01   3.0893280e+00  -1.9515572e-01   0.0000000e+00   4.9513707e-08
   1.1850000e+03   1.0933310e+01   3.0884040e+00  -1.9498527e-01   0.0000000e+00   4.9482020e-08
   1.1860000e+03   1.0927360e+01   3.0874820e+00  -1.9481470e-01   0.0000000e+00   4.9449940e-08
   1.1870000e+03   1.0921420e+01   3.0865600e+00  -1.9464408e-01   0.0000000e+00   4.9417469e-08
   1.1880000e+03   1.0915490e+01   3.0856380e+00  -1.9447347e-01   0.0000000e+00   4.9384641e-08
   1.1890000e+03   1.0909570e+01   3.0847180e+00  -1.9430271e-01   0.0000000e+00   4.9351399e-08
   1.1900000e+03   1.0903660e+01   3.0837980e+00  -1.9413194e-01   0.0000000e+00   4.9317789e-08
   1.1910000e+03   1.0897750e+01   3.0828790e+00  -1.9396112e-01   0.0000000e+00   4.9283799e-08
   1.1920000e+03   1.0891860e+01   3.0819600e+00  -1.9379024e-01   0.0000000e+00   4.9249437e-08
   1.1930000e+03   1.0885980e+01   3.0810420e+00  -1.9361928e-01   0.0000000e+00   4.9214686e-08
   1.1940000e+03   1.0880100e+01   3.0801250e+00  -1.9344833e-01   0.0000000e+00   4.9179576e-08
   1.1950000e+03   1.0874230e+01   3.0792090e+00  -1.9327722e-01   0.0000000e+00   4.9144081e-08
   1.1960000e+03   1.0868380e+01   3.0782930e+00  -1.9310613e-01   0.0000000e+00   4.9108236e-08
   1.1970000e+03   1.0862530e+01   3.0773790e+00  -1.9293493e-01   0.0000000e+00   4.9071999e-08
   1.1980000e+03   1.0856690e+01   3.0764640e+00  -1.9276377e-01   0.0000000e+00   4.9035423e-08
   1.1990000e+03   1.0850860e+01   3.0755510e+00  -1.9259251e-01   0.0000000e+00   4.8998474e-08
   1.2000000e+03   1.0845040e+01   3.0746380e+00  -1.9242120e-01   0.0000000e+00   4.8961164e-08
   1.2010000e+03   1.0839230e+01   3.0737260e+00  -1.9224985e-01   0.0000000e+00   4.8923494e-08
   1.2020000e+03   1.0833430e+01   3.0728150e+00  -1.9207835e-01   0.0000000e+00   4.8885449e-08
   1.2030000e+03   1.0827640e+01   3.0719040e+00  -1.9190693e-01   0.0000000e+00   4.8847074e-08
   1.2040000e+03   1.0821860e+01   3.0709940e+00  -1.9173539e-01   0.0000000e+00   4.8808334e-08
   1.2050000e+03   1.0816080e+01   3.0700840e+00  -1.9156396e-01   0.0000000e+00   4.8769269e-08
   1.2060000e+03   1.0810320e+01   3.0691760e+00  -1.9139227e-01   0.0000000e+00   4.8729817e-08
   1.2070000e+03   1.0804560e+01   3.0682680e+00  -1.9122067e-01   0.0000000e+00   4.8690040e-08
   1.2080000e+03   1.0798810e+01   3.0673610e+00  -1.9104892e-01   0.0000000e+00   4.8649901e-08
   1.2090000e+03   1.0793070e+01   3.0664540e+00  -1.9087724e-01   0.0000000e+00   4.8609435e-08
   1.2100000e+03   1.0787340e+01   3.0655480e+00  -1.9070547e-01   0.0000000e+00   4.8568625e-08
   1.2110000e+03   1.0781620e+01   3.0646430e+00  -1.9053368e-01   0.0000000e+00   4.8527469e-08
   1.2120000e+03   1.0775910e+01   3.0637390e+00  -1.9036175e-01   0.0000000e+00   4.8485971e-08
   1.2130000e+03   1.0770210e+01   3.0628350e+00  -1.9018988e-01   0.0000000e+00   4.8444151e-08
   1.2140000e+03   1.0764510e+01   3.0619320e+00  -1.9001789e-01   0.0000000e+00   4.8401983e-08
   1.2150000e+03   1.0758830e+01   3.0610290e+00  -1.8984593e-01   0.0000000e+00   4.8359499e-08
   1.2160000e+03   1.0753150e+01   3.0601270e+00  -1.8967393e-01   0.0000000e+00   4.8316671e-08
   1.2170000e+03   1.0747490e+01   3.0592260e+00  -1.8950180e-01   0.0000000e+00   4.8273510e-08
   1.2180000e+03   1.0741830e+01   3.0583260e+00  -1.8932972e-01   0.0000000e+00   4.8230037e-08
   1.2190000e+03   1.0736180e+01   3.0574260e+00  -1.8915754e-01   0.0000000e+00   4.8186233e-08
   1.2200000e+03   1.0730540e+01   3.0565270e+00  -1.8898537e-01   0.0000000e+00   4.8142108e-08
   1.2210000e+03   1.0724900e+01   3.0556290e+00  -1.8881316e-01   0.0000000e+00   4.8097657e-08
   1.2220000e+03   1.0719280e+01   3.0547310e+00  -1.8864091e-01   0.0000000e+00   4.8052899e-08
   1.2230000e+03   1.0713670e+01   3.0538340e+00  -1.8846861e-01   0.0000000e+00   4.8007828e-08
   1.2240000e+03   1.0708060e+01   3.0529380e+00  -1.8829625e-01   0.0000000e+00   4.7962418e-08
   1.2250000e+03   1.0702460e+01   3.0520420e+00  -1.8812393e-01   0.0000000e+00   4.7916718e-08
   1.2260000e+03   1.0696870e+01   3.0511470e+00  -1.8795148e-01   0.0000000e+00   4.7870684e-08
   1.2270000e+03   1.0691290e+01   3.0502520e+00  -1.8777909e-01   0.0000000e+00   4.7824364e-08
   1.2280000e+03   1.0685720e+01   3.0493590e+00  -1.8760660e-01   0.0000000e+00   4.7777726e-08
   1.2290000e+03   1.0680160e+01   3.0484660e+00  -1.8743406e-01   0.0000000e+00   4.7730780e-08
   1.2300000e+03   1.0674600e+01   3.0475730e+00  -1.8726156e-01   0.0000000e+00   4.7683540e-08
   1.2310000e+03   1.0669060e+01   3.0466820e+00  -1.8708893e-01   0.0000000e+00   4.7635978e-08
   1.2320000e+03   1.0663520e+01   3.0457900e+00  -1.8691642e-01   0.0000000e+00   4.7588148e-08
   1.2330000e+03   1.0657990e+01   3.0449000e+00  -1.8674374e-01   0.0000000e+00   4.7539997e-08
   1.2340000e+03   1.0652470e+01   3.0440100e+00  -1.8657109e-01   0.0000000e+00   4.7491556e-08
   1.2350000e+03   1.0646960e+01   3.0431210e+00  -1.8639841e-01   0.0000000e+00   4.7442823e-08
   1.2360000e+03   1.0641450e+01   3.0422330e+00  -1.8622564e-01   0.0000000e+00   4.7393782e-08
   1.2370000e+03   1.0635960e+01   3.0413450e+00  -1.8605290e-01   0.0000000e+00   4.7344463e-08
   1.2380000e+03   1.0630470e+01   3.0404580e+00  -1.8588011e-01   0.0000000e+00   4.7294857e-08
   1.2390000e+03   1.0624990e+01   3.0395710e+00  -1.8570739e-01   0.0000000e+00   4.7244981e-08
   1.2400000e+03   1.0619520e+01   3.0386850e+00  -1.8553456e-01   0.0000000e+00   4.7194799e-08
   1.2410000e+03   1.0614060e+01   3.0378000e+00  -1.8536168e-01   0.0000000e+00   4.7144337e-08
   1.2420000e+03   1.0608610e+01   3.0369150e+00  -1.8518877e-01   0.0000000e+00   4.7093586e-08
   1.2430000e+03   1.0603160e+01   3.0360310e+00  -1.8501588e-01   0.0000000e+00   4.7042566e-08
   1.2440000e+03   1.0597730e+01   3.0351480e+00  -1.8484294e-01   0.0000000e+00   4.6991267e-08
   1.2450000e+03   1.0592300e+01   3.0342650e+00  -1.8466999e-01   0.0000000e+00   4.6939691e-08
   1.2460000e+03   1.0586880e+01   3.0333830e+00  -1.8449704e-01   0.0000000e+00   4.6887850e-08
   1.2470000e+03   1.0581470e+01   3.0325020e+00  -1.8432394e-01   0.0000000e+00   4.6835709e-08
   1.2480000e+03   1.0576060e+01   3.0316210e+00  -1.8415094e-01   0.0000000e+00   4.6783308e-08
   1.2490000e+03   1.0570670e+01   3.0307410e+00  -1.8397790e-01   0.0000000e+00   4.6730665e-08
   1.2500000e+03   1.0565280e+01   3.0298620e+00  -1.8380478e-01   0.0000000e+00   4.6677722e-08
   1.2510000e+03   1.0559900e+01   3.0289830e+00  -1.8363172e-01   0.0000000e+00   4.6624537e-08
   1.2520000e+03   1.0554530e+01   3.0281040e+00  -1.8345860e-01   0.0000000e+00   4.6571076e-08
   1.2530000e+03   1.0549170e+01   3.0272270e+00  -1.8328540e-01   0.0000000e+00   4.6517353e-08
   1.2540000e+03   1.0543810e+01   3.0263500e+00  -1.8311231e-01   0.0000000e+00   4.6463391e-08
   1.2550000e+03   1.0538470e+01   3.0254730e+00  -1.8293912e-01   0.0000000e+00   4.6409150e-08
   1.2560000e+03   1.0533130e+01   3.0245980e+00  -1.8276589e-01   0.0000000e+00   4.6354658e-08
   1.2570000e+03   1.0527800e+01   3.0237230e+00  -1.8259267e-01   0.0000000e+00   4.6299912e-08
   1.2580000e+03   1.0522480e+01   3.0228480e+00  -1.8241946e-01   0.0000000e+00   4.6244912e-08
   1.2590000e+03   1.0517160e+01   3.0219740e+00  -1.8224622e-01   0.0000000e+00   4.6189665e-08
   1.2600000e+03   1.0511860e+01   3.0211010e+00  -1.8207293e-01   0.0000000e+00   4.6134172e-08
   1.2610000e+03   1.0506560e+01   3.0202280e+00  -1.8189962e-01   0.0000000e+00   4.6078422e-08
   1.2620000e+03   1.0501270e+01   3.0193560e+00  -1.8172631e-01   0.0000000e+00   4.6022430e-08
   1.2630000e+03   1.0495990e+01   3.0184850e+00  -1.8155294e-01   0.0000000e+00   4.5966191e-08
   1.2640000e+03   1.0490710e+01   3.0176140e+00  -1.8137967e-01   0.0000000e+00   4.5909727e-08
   1.2650000e+03   1.0485450e+01   3.0167440e+00  -1.8120624e-01   0.0000000e+00   4.5852997e-08
   1.2660000e+03   1.0480190e+01   3.0158740e+00  -1.8103293e-01   0.0000000e+00   4.5796057e-08
   1.2670000e+03   1.0474940e+01   3.0150050e+00  -1.8085953e-01   0.0000000e+00   4.5738866e-08
   1.2680000e+03   1.0469700e+01   3.0141370e+00  -1.8068614e-01   0.0000000e+00   4.5681449e-08
   1.2690000e+03   1.0464460e+01   3.0132690e+00  -1.8051272e-01   0.0000000e+00   4.5623782e-08
   1.2700000e+03   1.0459230e+01   3.0124020e+00  -1.8033931e-01   0.0000000e+00   4.5565894e-08
   1.2710000e+03   1.0454020e+01   3.0115350e+00  -1.8016588e-01   0.0000000e+00   4.5507780e-08
   1.2720000e+03   1.0448810e+01   3.0106690e+00  -1.7999242e-01   0.0000000e+00   4.5449435e-08
   1.2730000e+03   1.0443600e+01   3.0098040e+00  -1.7981898e-01   0.0000000e+00   4.5390865e-08
   1.2740000e+03   1.0438410e+01   3.0089390e+00  -1.7964553e-01   0.0000000e+00   4.5332072e-08
   1.2750000e+03   1.0433220e+01   3.0080750e+00  -1.7947204e-01   0.0000000e+00   4.5273057e-08
   1.2760000e+03   1.0428040e+01   3.0072110e+00  -1.7929857e-01   0.0000000e+00   4.5213820e-08
   1.2770000e+03   1.0422870e+01   3.0063480e+00  -1.7912503e-01   0.0000000e+00   4.5154359e-08
   1.2780000e+03   1.0417700e+01   3.0054860e+00  -1.7895151e-01   0.0000000e+00   4.5094679e-08
   1.2790000e+03   1.0412550e+01   3.0046240e+00  -1.7877800e-01   0.0000000e+00   4.5034794e-08
   1.2800000e+03   1.0407400e+01   3.0037630e+00  -1.7860444e-01   0.0000000e+00   4.4974676e-08
   1.2810000e+03   1.0402260e+01   3.0029020e+00  -1.7843090e-01   0.0000000e+00   4.4914358e-08
   1.2820000e+03   1.0397130e+01   3.0020420e+00  -1.7825736e-01   0.0000000e+00   4.4853833e-08
   1.2830000e+03   1.0392000e+01   3.0011830e+00  -1.7808379e-01   0.0000000e+00   4.4793093e-08
   1.2840000e+03   1.0386880e+01   3.0003240e+00  -1.7791023e-01   0.0000000e+00   4.4732143e-08
   1.2850000e+03   1.0381770e+01   2.9994660e+00  -1.7773667e-01   0.0000000e+00   4.4670997e-08
   1.2860000e+03   1.0376670e+01   2.9986080e+00  -1.7756307e-01   0.0000000e+00   4.4609632e-08
   1.2870000e+03   1.0371580e+01   2.9977510e+00  -1.7738946e-01   0.0000000e+00   4.4548078e-08
   1.2880000e+03   1.0366490e+01   2.9968940e+00  -1.7721591e-01   0.0000000e+00   4.4486325e-08
   1.2890000e+03   1.0361410e+01   2.9960380e+00  -1.7704234e-01   0.0000000e+00   4.4424378e-08
   1.2900000e+03   1.0356340e+01   2.9951830e+00  -1.7686873e-01   0.0000000e+00   4.4362224e-08
   1.2910000e+03   1.0351270e+01   2.9943280e+00  -1.7669516e-01   0.0000000e+00   4.4299873e-08
   1.2920000e+03   1.0346210e+01   2.9934740e+00  -1.7652154e-01   0.0000000e+00   4.4237323e-08
   1.2930000e+03   1.0341170e+01   2.9926200e+00  -1.7634789e-01   0.0000000e+00   4.4174584e-08
   1.2940000e+03   1.0336120e+01   2.9917670e+00  -1.7617430e-01   0.0000000e+00   4.4111660e-08
   1.2950000e+03   1.0331090e+01   2.9909140e+00  -1.7600070e-01   0.0000000e+00   4.4048548e-08
   1.2960000e+03   1.0326060e+01   2.9900620e+00  -1.7582713e-01   0.0000000e+00   4.3985263e-08
   1.2970000e+03   1.0321040e+01   2.9892110e+00  -1.7565344e-01   0.0000000e+00   4.3921755e-08
   1.2980000e+03   1.0316030e+01   2.9883600e+00  -1.7547984e-01   0.0000000e+00   4.3858087e-08
   1.2990000e+03   1.0311030e+01   2.9875100e+00  -1.7530617e-01   0.0000000e+00   4.3794228e-08
   1.3000000e+03   1.0306030e+01   2.9866600e+00  -1.7513261e-01   0.0000000e+00   4.3730202e-08
   1.3010000e+03   1.0301040e+01   2.9858110e+00  -1.7495893e-01   0.0000000e+00   4.3665975e-08
   1.3020000e+03   1.0296060e+01   2.9849620e+00  -1.7478539e-01   0.0000000e+00   4.3601602e-08
   1.3030000e+03   1.0291080e+01   2.9841140e+00  -1.7461178e-01   0.0000000e+00   4.3537036e-08
   1.3040000e+03   1.0286110e+01   2.9832670e+00  -1.7443809e-01   0.0000000e+00   4.3472267e-08
   1.3050000e+03   1.0281150e+01   2.9824200e+00  -1.7426447e-01   0.0000000e+00   4.3407361e-08
   1.3060000e+03   1.0276200e+01   2.9815730e+00  -1.7409087e-01   0.0000000e+00   4.3342276e-08
   1.3070000e+03   1.0271250e+01   2.9807280e+00  -1.7391724e-01   0.0000000e+00   4.3277026e-08
   1.3080000e+03   1.0266320e+01   2.9798820e+00  -1.7374367e-01   0.0000000e+00   4.3211615e-08
   1.3090000e+03   1.0261390e+01   2.9790380e+00  -1.7356999e-01   0.0000000e+00   4.3146013e-08
   1.3100000e+03   1.0256460e+01   2.9781930e+00  -1.7339644e-01   0.0000000e+00   4.3080265e-08
   1.3110000e+03   1.0251540e+01   2.9773500e+00  -1.7322282e-01   0.0000000e+00   4.3014337e-08
   1.3120000e+03   1.0246640e+01   2.9765070e+00  -1.7304918e-01   0.0000000e+00   4.2948266e-08
   1.3130000e+03   1.0241730e+01   2.9756640e+00  -1.7287562e-01   0.0000000e+00   4.2882025e-08
   1.3140000e+03   1.0236840e+01   2.9748220e+00  -1.7270198e-01   0.0000000e+00   4.2815620e-08
   1.3150000e+03   1.0231950e+01   2.9739810e+00  -1.7252838e-01   0.0000000e+00   4.2749054e-08
   1.3160000e+03   1.0227070e+01   2.9731400e+00  -1.7235478e-01   0.0000000e+00   4.2682343e-08
   1.3170000e+03   1.0222200e+01   2.9722990e+00  -1.7218128e-01   0.0000000e+00   4.2615500e-08
   1.3180000e+03   1.0217330e+01   2.9714600e+00  -1.7200767e-01   0.0000000e+00   4.2548476e-08
   1.3190000e+03   1.0212470e+01   2.9706200e+00  -1.7183415e-01   0.0000000e+00   4.2481317e-08
   1.3200000e+03   1.0207620e+01   2.9697820e+00  -1.7166050e-01   0.0000000e+00   4.2413980e-08
   1.3210000e+03   1.0202780e+01   2.9689430e+00  -1.7148700e-01   0.0000000e+00   4.2346534e-08
   1.3220000e+03   1.0197940e+01   2.9681060e+00  -1.7131341e-01   0.0000000e+00   4.2278917e-08
   1.3230000e+03   1.0193110e+01   2.9672680e+00  -1.7113991e-01   0.0000000e+00   4.2211161e-08
   1.3240000e+03   1.0188290e+01   2.9664320e+00  -1.7096633e-01   0.0000000e+00   4.2143254e-08
   1.3250000e+03   1.0183470e+01   2.9655960e+00  -1.7079282e-01   0.0000000e+00   4.2075221e-08
   1.3260000e+03   1.0178660e+01   2.9647600e+00  -1.7061930e-01   0.0000000e+00   4.2007038e-08
   1.3270000e+03   1.0173860e+01   2.9639250e+00  -1.7044581e-01   0.0000000e+00   4.1938722e-08
   1.3280000e+03   1.0169060e+01   2.9630910e+00  -1.7027229e-01   0.0000000e+00   4.1870262e-08
   1.3290000e+03   1.0164280e+01   2.9622570e+00  -1.7009876e-01   0.0000000e+00   4.1801663e-08
   1.3300000e+03   1.0159500e+01   2.9614230e+00  -1.6992533e-01   0.0000000e+00   4.1732956e-08
   1.3310000e+03   1.0154720e+01   2.9605900e+00  -1.6975188e-01   0.0000000e+00   4.1664094e-08
   1.3320000e+03   1.0149950e+01   2.9597580e+00  -1.6957839e-01   0.0000000e+00   4.1595098e-08
   1.3330000e+03   1.0145190e+01   2.9589260e+00  -1.6940497e-01   0.0000000e+00   4.1525985e-08
   1.3340000e+03   1.0140440e+01   2.9580940e+00  -1.6923156e-01   0.0000000e+00   4.1456748e-08
   1.3350000e+03   1.0135700e+01   2.9572640e+00  -1.6905802e-01   0.0000000e+00   4.1387356e-08
   1.3360000e+03   1.0130960e+01   2.9564330e+00  -1.6888469e-01   0.0000000e+00   4.1317868e-08
   1.3370000e+03   1.0126220e+01   2.9556030e+00  -1.6871132e-01   0.0000000e+00   4.1248254e-08
   1.3380000e+03   1.0121500e+01   2.9547740e+00  -1.6853792e-01   0.0000000e+00   4.1178507e-08
   1.3390000e+03   1.0116780e+01   2.9539450e+00  -1.6836452e-01   0.0000000e+00   4.1108636e-08
   1.3400000e+03   1.0112070e+01   2.9531170e+00  -1.6819118e-01   0.0000000e+00   4.1038661e-08
   1.3410000e+03   1.0107360e+01   2.9522890e+00  -1.6801782e-01   0.0000000e+00   4.0968555e-08
   1.3420000e+03   1.0102670e+01   2.9514620e+00  -1.6784447e-01   0.0000000e+00   4.0898335e-08
   1.3430000e+03   1.0097980e+01   2.9506350e+00  -1.6767114e-01   0.0000000e+00   4.0828001e-08
   1.3440000e+03   1.0093290e+01   2.9498090e+00  -1.6749786e-01   0.0000000e+00   4.0757563e-08
   1.3450000e+03   1.0088610e+01   2.9489830e+00  -1.6732454e-01   0.0000000e+00   4.0686988e-08
   1.3460000e+03   1.0083940e+01   2.9481580e+00  -1.6715129e-01   0.0000000e+00   4.0616327e-08
   1.3470000e+03   1.0079280e+01   2.9473330e+00  -1.6697799e-01   0.0000000e+00   4.0545540e-08
   1.3480000e+03   1.0074620e+01   2.9465090e+00  -1.6680474e-01   0.0000000e+00   4.0474647e-08
   1.3490000e+03   1.0069970e+01   2.9456850e+00  -1.6663155e-01   0.0000000e+00   4.0403671e-08
   1.3500000e+03   1.0065330e+01   2.9448610e+00  -1.6645840e-01   0.0000000e+00   4.0332581e-08
   1.3510000e+03   1.0060690e+01   2.9440390e+00  -1.6628516e-01   0.0000000e+00   4.0261370e-08
   1.3520000e+03   1.0056060e+01   2.9432160e+00  -1.6611199e-01   0.0000000e+00   4.0190067e-08
   1.3530000e+03   1.0051440e+01   2.9423950e+00  -1.6593877e-01   0.0000000e+00   4.0118651e-08
   1.3540000e+03   1.0046820e+01   2.9415730e+00  -1.6576567e-01   0.0000000e+00   4.0047154e-08
   1.3550000e+03   1.0042210e+01   2.9407520e+00  -1.6559259e-01   0.0000000e+00   3.9975558e-08
   1.3560000e+03   1.0037610e+01   2.9399320e+00  -1.6541945e-01   0.0000000e+00   3.9903858e-08
   1.3570000e+03   1.0033010e+01   2.9391120e+00  -1.6524642e-01   0.0000000e+00   3.9832072e-08
   1.3580000e+03   1.0028420e+01   2.9382930e+00  -1.6507328e-01   0.0000000e+00   3.9760169e-08
   1.3590000e+03   1.0023840e+01   2.9374740e+00  -1.6490027e-01   0.0000000e+00   3.9688201e-08
   1.3600000e+03   1.0019270e+01   2.9366560e+00  -1.6472714e-01   0.0000000e+00   3.9616115e-08
   1.3610000e+03   1.0014700e+01   2.9358380e+00  -1.6455415e-01   0.0000000e+00   3.9543958e-08
   1.3620000e+03   1.0010130e+01   2.9350210e+00  -1.6438119e-01   0.0000000e+00   3.9471714e-08
   1.3630000e+03   1.0005580e+01   2.9342040e+00  -1.6420822e-01   0.0000000e+00   3.9399380e-08
   1.3640000e+03   1.0001030e+01   2.9333870e+00  -1.6403530e-01   0.0000000e+00   3.9326958e-08
