   3.3000000e+01   2.4478970e+02   4.8814570e+00  -2.5303127e-02   9.3301517e-03   1.3481179e-02
   3.4000000e+01   2.3952760e+02   4.8440960e+00  -2.6177267e-02   9.6555459e-03   1.3649229e-02
   3.5000000e+01   2.3448900e+02   4.8088000e+00  -2.7056873e-02   9.9906472e-03   1.3810275e-02
   3.6000000e+01   2.2965780e+02   4.7754400e+00  -2.7942002e-02   1.0335565e-02   1.3964532e-02
   3.7000000e+01   2.2501990e+02   4.7438970e+00  -2.8832692e-02   1.0690368e-02   1.4112214e-02
   3.8000000e+01   2.2056270e+02   4.7140540e+00  -2.9729044e-02   1.1055126e-02   1.4253581e-02
   3.9000000e+01   2.1627500e+02   4.6858040e+00  -3.0631151e-02   1.1429898e-02   1.4388890e-02
   4.0000000e+01   2.1214640e+02   4.6590440e+00  -3.1539164e-02   1.1814782e-02   1.4518419e-02
   4.1000000e+01   2.0816780e+02   4.6336790e+00  -3.2453193e-02   1.2209815e-02   1.4642455e-02
   4.2000000e+01   2.0433070e+02   4.6096180e+00  -3.3373363e-02   1.2615062e-02   1.4761272e-02
   4.3000000e+01   2.0062750e+02   4.5867790e+00  -3.4299804e-02   1.3030572e-02   1.4875161e-02
   4.4000000e+01   1.9705100e+02   4.5650840e+00  -3.5232593e-02   1.3456377e-02   1.4984395e-02
   4.5000000e+01   1.9359490e+02   4.5444600e+00  -3.6171813e-02   1.3892489e-02   1.5089239e-02
   4.6000000e+01   1.9025300e+02   4.5248390e+00  -3.7117592e-02   1.4338978e-02   1.5189970e-02
   4.7000000e+01   1.8701970e+02   4.5061590e+00  -3.8069978e-02   1.4795842e-02   1.5286843e-02
   4.8000000e+01   1.8388990e+02   4.4883610e+00  -3.9028976e-02   1.5263051e-02   1.5380097e-02
   4.9000000e+01   1.8085880e+02   4.4713910e+00  -3.9994666e-02   1.5740636e-02   1.5469978e-02
   5.0000000e+01   1.7792170e+02   4.4551990e+00  -4.0967046e-02   1.6228576e-02   1.5556709e-02
   5.1000000e+01   1.7507450e+02   4.4397380e+00  -4.1946130e-02   1.6726838e-02   1.5640523e-02
   5.2000000e+01   1.7231310e+02   4.4249640e+00  -4.2931924e-02   1.7235427e-02   1.5721604e-02
   5.3000000e+01   1.6963390e+02   4.4108380e+00  -4.3924383e-02   1.7754267e-02   1.5800168e-02
   5.4000000e+01   1.6703320e+02   4.3973210e+00  -4.4923468e-02   1.8283320e-02   1.5876399e-02
   5.5000000e+01   1.6450780e+02   4.3843780e+00  -4.5929167e-02   1.8822543e-02   1.5950474e-02
   5.6000000e+01   1.6205450e+02   4.3719780e+00  -4.6941374e-02   1.9371844e-02   1.6022562e-02
   5.7000000e+01   1.5967030e+02   4.3600890e+00  -4.7960078e-02   1.9931189e-02   1.6092836e-02
   5.8000000e+01   1.5735250e+02   4.3486840e+00  -4.8985140e-02   2.0500454e-02   1.6161420e-02
   5.9000000e+01   1.5509840e+02   4.3377360e+00  -5.0016556e-02   2.1079611e-02   1.6228485e-02
   6.0000000e+01   1.5290550e+02   4.3272210e+00  -5.1054138e-02   2.1668488e-02   1.6294156e-02
   6.1000000e+01   1.5077130e+02   4.3171160e+00  -5.2097869e-02   2.2267070e-02   1.6358551e-02
   6.2000000e+01   1.4869360e+02   4.3074000e+00  -5.3147610e-02   2.2875207e-02   1.6421807e-02
   6.3000000e+01   1.4667030e+02   4.2980520e+00  -5.4203225e-02   2.3492771e-02   1.6484027e-02
   6.4000000e+01   1.4469920e+02   4.2890540e+00  -5.5264636e-02   2.4119697e-02   1.6545314e-02
   6.5000000e+01   1.4277850e+02   4.2803890e+00  -5.6331673e-02   2.4755793e-02   1.6605772e-02
   6.6000000e+01   1.4090640e+02   4.2720390e+00  -5.7404203e-02   2.5400930e-02   1.6665503e-02
   6.7000000e+01   1.3908090e+02   4.2639910e+00  -5.8482137e-02   2.6055036e-02   1.6724587e-02
   6.8000000e+01   1.3730050e+02   4.2562280e+00  -5.9565319e-02   2.6717938e-02   1.6783101e-02
   6.9000000e+01   1.3556350e+02   4.2487380e+00  -6.0653599e-02   2.7389482e-02   1.6841142e-02
   7.0000000e+01   1.3386840e+02   4.2415090e+00  -6.1746845e-02   2.8069539e-02   1.6898761e-02
   7.1000000e+01   1.3221370e+02   4.2345280e+00  -6.2844857e-02   2.8757918e-02   1.6956030e-02
   7.2000000e+01   1.3059810e+02   4.2277830e+00  -6.3947526e-02   2.9454482e-02   1.7013019e-02
   7.3000000e+01   1.2902010e+02   4.2212650e+00  -6.5054787e-02   3.0159171e-02   1.7069787e-02
   7.4000000e+01   1.2747860e+02   4.2149630e+00  -6.6166274e-02   3.0871608e-02   1.7126388e-02
   7.5000000e+01   1.2597230e+02   4.2088680e+00  -6.7281997e-02   3.1591787e-02   1.7182865e-02
   7.6000000e+01   1.2450010e+02   4.2029720e+00  -6.8401705e-02   3.2319463e-02   1.7239265e-02
   7.7000000e+01   1.2306070e+02   4.1972640e+00  -6.9525324e-02   3.3054534e-02   1.7295654e-02
   7.8000000e+01   1.2165320e+02   4.1917390e+00  -7.0652637e-02   3.3796784e-02   1.7352041e-02
   7.9000000e+01   1.2027650e+02   4.1863880e+00  -7.1783503e-02   3.4546048e-02   1.7408483e-02
   8.0000000e+01   1.1892970e+02   4.1812040e+00  -7.2917676e-02   3.5302064e-02   1.7465019e-02
   8.1000000e+01   1.1761170e+02   4.1761810e+00  -7.4055115e-02   3.6064788e-02   1.7521666e-02
   8.2000000e+01   1.1632180e+02   4.1713110e+00  -7.5195582e-02   3.6833943e-02   1.7578459e-02
   8.3000000e+01   1.1505890e+02   4.1665900e+00  -7.6338965e-02   3.7609423e-02   1.7635425e-02
   8.4000000e+01   1.1382240e+02   4.1620110e+00  -7.7485062e-02   3.8390972e-02   1.7692600e-02
   8.5000000e+01   1.1261130e+02   4.1575680e+00  -7.8633711e-02   3.9178441e-02   1.7749995e-02
   8.6000000e+01   1.1142500e+02   4.1532570e+00  -7.9784758e-02   3.9971626e-02   1.7807631e-02
   8.7000000e+01   1.1026260e+02   4.1490730e+00  -8.0938055e-02   4.0770381e-02   1.7865531e-02
   8.8000000e+01   1.0912360e+02   4.1450110e+00  -8.2093370e-02   4.1574416e-02   1.7923715e-02
   8.9000000e+01   1.0800710e+02   4.1410670e+00  -8.3250632e-02   4.2383678e-02   1.7982182e-02
   9.0000000e+01   1.0691250e+02   4.1372350e+00  -8.4409735e-02   4.3198009e-02   1.8040962e-02
   9.1000000e+01   1.0583930e+02   4.1335130e+00  -8.5570334e-02   4.4017032e-02   1.8100058e-02
   9.2000000e+01   1.0478680e+02   4.1298960e+00  -8.6732358e-02   4.4840650e-02   1.8159494e-02
   9.3000000e+01   1.0375440e+02   4.1263810e+00  -8.7895659e-02   4.5668700e-02   1.8219267e-02
   9.4000000e+01   1.0274160e+02   4.1229630e+00  -8.9060173e-02   4.6501070e-02   1.8279383e-02
   9.5000000e+01   1.0174770e+02   4.1196410e+00  -9.0225601e-02   4.7337463e-02   1.8339862e-02
   9.6000000e+01   1.0077240e+02   4.1164100e+00  -9.1391862e-02   4.8177724e-02   1.8400701e-02
   9.7000000e+01   9.9811760e+01   4.1134020e+00  -9.2548907e-02   4.9014462e-02   1.8465584e-02
   9.8000000e+01   9.8872010e+01   4.1103410e+00  -9.3716413e-02   4.9861948e-02   1.8527082e-02
   9.9000000e+01   9.7949300e+01   4.1073630e+00  -9.4884277e-02   5.0712760e-02   1.8588956e-02
   1.0000000e+02   9.7043160e+01   4.1044640e+00  -9.6052435e-02   5.1566797e-02   1.8651206e-02
   1.0100000e+02   9.6153170e+01   4.1016430e+00  -9.7220647e-02   5.2423784e-02   1.8713839e-02
   1.0200000e+02   9.5278890e+01   4.0988960e+00  -9.8388838e-02   5.3283615e-02   1.8776857e-02
   1.0300000e+02   9.4419920e+01   4.0962220e+00  -9.9556779e-02   5.4146037e-02   1.8840251e-02
   1.0400000e+02   9.3575880e+01   4.0936180e+00  -1.0072445e-01   5.5010985e-02   1.8904029e-02
   1.0500000e+02   9.2746370e+01   4.0910810e+00  -1.0189160e-01   5.5878181e-02   1.8968194e-02
   1.0600000e+02   9.1931040e+01   4.0886100e+00  -1.0305818e-01   5.6747547e-02   1.9032730e-02
   1.0700000e+02   9.1129530e+01   4.0862020e+00  -1.0422405e-01   5.7618890e-02   1.9097651e-02
   1.0800000e+02   9.0341500e+01   4.0838560e+00  -1.0538898e-01   5.8491970e-02   1.9162945e-02
   1.0900000e+02   8.9566600e+01   4.0815700e+00  -1.0655300e-01   5.9366778e-02   1.9228601e-02
   1.1000000e+02   8.8804540e+01   4.0793410e+00  -1.0771585e-01   6.0243016e-02   1.9294642e-02
   1.1100000e+02   8.8054980e+01   4.0771690e+00  -1.0887751e-01   6.1120638e-02   1.9361030e-02
   1.1200000e+02   8.7317640e+01   4.0750500e+00  -1.1003780e-01   6.1999418e-02   1.9427788e-02
   1.1300000e+02   8.6592220e+01   4.0729840e+00  -1.1119659e-01   6.2879212e-02   1.9494906e-02
   1.1400000e+02   8.5878440e+01   4.0709700e+00  -1.1235371e-01   6.3759815e-02   1.9562357e-02
   1.1500000e+02   8.5176020e+01   4.0690040e+00  -1.1350917e-01   6.4641189e-02   1.9630177e-02
   1.1600000e+02   8.4484710e+01   4.0670870e+00  -1.1466283e-01   6.5523187e-02   1.9698316e-02
   1.1700000e+02   8.3804240e+01   4.0652160e+00  -1.1581452e-01   6.6405586e-02   1.9766796e-02
   1.1800000e+02   8.3134360e+01   4.0633900e+00  -1.1696425e-01   6.7288370e-02   1.9835601e-02
   1.1900000e+02   8.2474840e+01   4.0616090e+00  -1.1811167e-01   6.8171184e-02   1.9904728e-02
   1.2000000e+02   8.1825440e+01   4.0598690e+00  -1.1925687e-01   6.9054046e-02   1.9974182e-02
   1.2100000e+02   8.1185940e+01   4.0581710e+00  -1.2039978e-01   6.9936885e-02   2.0043925e-02
   1.2200000e+02   8.0556110e+01   4.0565130e+00  -1.2154015e-01   7.0819418e-02   2.0113981e-02
   1.2300000e+02   7.9935740e+01   4.0548940e+00  -1.2267788e-01   7.1701516e-02   2.0184333e-02
   1.2400000e+02   7.9324620e+01   4.0533130e+00  -1.2381297e-01   7.2583156e-02   2.0254963e-02
   1.2500000e+02   7.8722560e+01   4.0517680e+00  -1.2494535e-01   7.3464229e-02   2.0325870e-02
   1.2600000e+02   7.8129350e+01   4.0502590e+00  -1.2607478e-01   7.4344481e-02   2.0397061e-02
   1.2700000e+02   7.7544800e+01   4.0487840e+00  -1.2720133e-01   7.5223942e-02   2.0468506e-02
   1.2800000e+02   7.6968740e+01   4.0473430e+00  -1.2832480e-01   7.6102396e-02   2.0540205e-02
   1.2900000e+02   7.6400980e+01   4.0459340e+00  -1.2944510e-01   7.6979728e-02   2.0612159e-02
   1.3000000e+02   7.5841340e+01   4.0445570e+00  -1.3056217e-01   7.7855843e-02   2.0684353e-02
   1.3100000e+02   7.5289660e+01   4.0432110e+00  -1.3167598e-01   7.8730714e-02   2.0756763e-02
   1.3200000e+02   7.4745770e+01   4.0418940e+00  -1.3278633e-01   7.9604081e-02   2.0829413e-02
   1.3300000e+02   7.4209520e+01   4.0406070e+00  -1.3389325e-01   8.0475981e-02   2.0902257e-02
   1.3400000e+02   7.3680740e+01   4.0393480e+00  -1.3499649e-01   8.1346141e-02   2.0975323e-02
   1.3500000e+02   7.3159280e+01   4.0381160e+00  -1.3609619e-01   8.2214655e-02   2.1048573e-02
   1.3600000e+02   7.2645000e+01   4.0369100e+00  -1.3719214e-01   8.3081311e-02   2.1122021e-02
   1.3700000e+02   7.2137750e+01   4.0357310e+00  -1.3828422e-01   8.3945966e-02   2.1195641e-02
   1.3800000e+02   7.1637400e+01   4.0345760e+00  -1.3937253e-01   8.4808675e-02   2.1269431e-02
   1.3900000e+02   7.1143800e+01   4.0334460e+00  -1.4045679e-01   8.5669203e-02   2.1343377e-02
   1.4000000e+02   7.0656820e+01   4.0323390e+00  -1.4153709e-01   8.6527555e-02   2.1417481e-02
   1.4100000e+02   7.0176340e+01   4.0312560e+00  -1.4261325e-01   8.7383567e-02   2.1491723e-02
   1.4200000e+02   6.9702220e+01   4.0301940e+00  -1.4368528e-01   8.8237205e-02   2.1566101e-02
   1.4300000e+02   6.9234350e+01   4.0291550e+00  -1.4475301e-01   8.9088328e-02   2.1640593e-02
   1.4400000e+02   6.8772610e+01   4.0281360e+00  -1.4581647e-01   8.9936906e-02   2.1715211e-02
   1.4500000e+02   6.8316870e+01   4.0271380e+00  -1.4687557e-01   9.0782848e-02   2.1789921e-02
   1.4600000e+02   6.7867030e+01   4.0261600e+00  -1.4793026e-01   9.1626090e-02   2.1864728e-02
   1.4700000e+02   6.7422970e+01   4.0252010e+00  -1.4898041e-01   9.2466490e-02   2.1939625e-02
   1.4800000e+02   6.6984580e+01   4.0242610e+00  -1.5002603e-01   9.3304038e-02   2.2014595e-02
   1.4900000e+02   6.6551770e+01   4.0233390e+00  -1.5106703e-01   9.4138636e-02   2.2089628e-02
   1.5000000e+02   6.6124420e+01   4.0224350e+00  -1.5210338e-01   9.4970236e-02   2.2164714e-02
   1.5100000e+02   6.5702450e+01   4.0215480e+00  -1.5313496e-01   9.5798700e-02   2.2239855e-02
   1.5200000e+02   6.5285740e+01   4.0206780e+00  -1.5416178e-01   9.6624033e-02   2.2315027e-02
   1.5300000e+02   6.4874200e+01   4.0198240e+00  -1.5518372e-01   9.7446112e-02   2.2390225e-02
   1.5400000e+02   6.4467740e+01   4.0189860e+00  -1.5620079e-01   9.8264919e-02   2.2465435e-02
   1.5500000e+02   6.4066280e+01   4.0181630e+00  -1.5721290e-01   9.9080353e-02   2.2540666e-02
   1.5600000e+02   6.3669710e+01   4.0173560e+00  -1.5821990e-01   9.9892290e-02   2.2615881e-02
   1.5700000e+02   6.3277950e+01   4.0165620e+00  -1.5922199e-01   1.0070086e-01   2.2691087e-02
   1.5800000e+02   6.2890930e+01   4.0157830e+00  -1.6021891e-01   1.0150584e-01   2.2766275e-02
   1.5900000e+02   6.2508550e+01   4.0150170e+00  -1.6121073e-01   1.0230726e-01   2.2841424e-02
   1.6000000e+02   6.2130730e+01   4.0142640e+00  -1.6219738e-01   1.0310505e-01   2.2916540e-02
   1.6100000e+02   6.1757400e+01   4.0135250e+00  -1.6317868e-01   1.0389905e-01   2.2991593e-02
   1.6200000e+02   6.1388470e+01   4.0127980e+00  -1.6415478e-01   1.0468936e-01   2.3066586e-02
   1.6300000e+02   6.1023880e+01   4.0120830e+00  -1.6512551e-01   1.0547584e-01   2.3141509e-02
   1.6400000e+02   6.0663550e+01   4.0113800e+00  -1.6609087e-01   1.0625844e-01   2.3216354e-02
   1.6500000e+02   6.0307400e+01   4.0106880e+00  -1.6705086e-01   1.0703719e-01   2.3291108e-02
   1.6600000e+02   5.9955370e+01   4.0100070e+00  -1.6800539e-01   1.0781198e-01   2.3365757e-02
   1.6700000e+02   5.9607380e+01   4.0093370e+00  -1.6895444e-01   1.0858278e-01   2.3440300e-02
   1.6800000e+02   5.9263380e+01   4.0086780e+00  -1.6989789e-01   1.0934947e-01   2.3514723e-02
   1.6900000e+02   5.8923280e+01   4.0080290e+00  -1.7083580e-01   1.1011211e-01   2.3589003e-02
   1.7000000e+02   5.8587040e+01   4.0073900e+00  -1.7176813e-01   1.1087062e-01   2.3663153e-02
   1.7100000e+02   5.8254580e+01   4.0067600e+00  -1.7269480e-01   1.1162497e-01   2.3737151e-02
   1.7200000e+02   5.7925840e+01   4.0061390e+00  -1.7361587e-01   1.1237516e-01   2.3810995e-02
   1.7300000e+02   5.7600760e+01   4.0055280e+00  -1.7453116e-01   1.1312104e-01   2.3884670e-02
   1.7400000e+02   5.7279290e+01   4.0049250e+00  -1.7544076e-01   1.1386270e-01   2.3958162e-02
   1.7500000e+02   5.6961370e+01   4.0043310e+00  -1.7634454e-01   1.1459998e-01   2.4031469e-02
   1.7600000e+02   5.6646930e+01   4.0037450e+00  -1.7724259e-01   1.1533297e-01   2.4104581e-02
   1.7700000e+02   5.6335920e+01   4.0031670e+00  -1.7813480e-01   1.1606157e-01   2.4177484e-02
   1.7800000e+02   5.6028300e+01   4.0025970e+00  -1.7902111e-01   1.1678572e-01   2.4250175e-02
   1.7900000e+02   5.5724000e+01   4.0020340e+00  -1.7990161e-01   1.1750548e-01   2.4322641e-02
   1.8000000e+02   5.5422970e+01   4.0014790e+00  -1.8077614e-01   1.1822073e-01   2.4394862e-02
   1.8100000e+02   5.5125160e+01   4.0009300e+00  -1.8164481e-01   1.1893153e-01   2.4466852e-02
   1.8200000e+02   5.4830530e+01   4.0003890e+00  -1.8250745e-01   1.1963774e-01   2.4538579e-02
   1.8300000e+02   5.4539020e+01   3.9998540e+00  -1.8336416e-01   1.2033944e-01   2.4610059e-02
   1.8400000e+02   5.4250580e+01   3.9993250e+00  -1.8421491e-01   1.2103659e-01   2.4681256e-02
   1.8500000e+02   5.3965170e+01   3.9988030e+00  -1.8505957e-01   1.2172909e-01   2.4752182e-02
   1.8600000e+02   5.3682740e+01   3.9982870e+00  -1.8589821e-01   1.2241699e-01   2.4822812e-02
   1.8700000e+02   5.3403250e+01   3.9977760e+00  -1.8673085e-01   1.2310029e-01   2.4893155e-02
   1.8800000e+02   5.3126660e+01   3.9972710e+00  -1.8755735e-01   1.2377887e-01   2.4963180e-02
   1.8900000e+02   5.2852910e+01   3.9967720e+00  -1.8837775e-01   1.2445276e-01   2.5032903e-02
   1.9000000e+02   5.2581960e+01   3.9962780e+00  -1.8919204e-01   1.2512196e-01   2.5102295e-02
   1.9100000e+02   5.2313780e+01   3.9957890e+00  -1.9000021e-01   1.2578645e-01   2.5171355e-02
   1.9200000e+02   5.2048320e+01   3.9953050e+00  -1.9080225e-01   1.2644621e-01   2.5240085e-02
   1.9300000e+02   5.1785550e+01   3.9948260e+00  -1.9159811e-01   1.2710119e-01   2.5308459e-02
   1.9400000e+02   5.1525420e+01   3.9943520e+00  -1.9238776e-01   1.2775138e-01   2.5376468e-02
   1.9500000e+02   5.1267890e+01   3.9938820e+00  -1.9317126e-01   1.2839683e-01   2.5444128e-02
   1.9600000e+02   5.1012940e+01   3.9934160e+00  -1.9394859e-01   1.2903748e-01   2.5511414e-02
   1.9700000e+02   5.0760510e+01   3.9929550e+00  -1.9471966e-01   1.2967331e-01   2.5578303e-02
   1.9800000e+02   5.0510570e+01   3.9924980e+00  -1.9548452e-01   1.3030431e-01   2.5644823e-02
   1.9900000e+02   5.0263100e+01   3.9920440e+00  -1.9624318e-01   1.3093049e-01   2.5710940e-02
   2.0000000e+02   5.0018040e+01   3.9915940e+00  -1.9699561e-01   1.3155187e-01   2.5776652e-02
   2.0100000e+02   4.9775380e+01   3.9911480e+00  -1.9774178e-01   1.3216836e-01   2.5841952e-02
   2.0200000e+02   4.9535070e+01   3.9907060e+00  -1.9848166e-01   1.3277997e-01   2.5906839e-02
   2.0300000e+02   4.9297080e+01   3.9902660e+00  -1.9921538e-01   1.3338681e-01   2.5971294e-02
   2.0400000e+02   4.9061370e+01   3.9898310e+00  -1.9994270e-01   1.3398867e-01   2.6035315e-02
   2.0500000e+02   4.8827930e+01   3.9893980e+00  -2.0066383e-01   1.3458570e-01   2.6098897e-02
   2.0600000e+02   4.8596710e+01   3.9889680e+00  -2.0137871e-01   1.3517787e-01   2.6162038e-02
   2.0700000e+02   4.8367680e+01   3.9885410e+00  -2.0208730e-01   1.3576516e-01   2.6224711e-02
   2.0800000e+02   4.8140820e+01   3.9881170e+00  -2.0278958e-01   1.3634753e-01   2.6286927e-02
   2.0900000e+02   4.7916100e+01   3.9876960e+00  -2.0348556e-01   1.3692499e-01   2.6348673e-02
   2.1000000e+02   4.7693470e+01   3.9872770e+00  -2.0417529e-01   1.3749759e-01   2.6409943e-02
   2.1100000e+02   4.7472930e+01   3.9868610e+00  -2.0485873e-01   1.3806528e-01   2.6470735e-02
   2.1200000e+02   4.7254430e+01   3.9864470e+00  -2.0553590e-01   1.3862809e-01   2.6531032e-02
   2.1300000e+02   4.7037960e+01   3.9860350e+00  -2.0620681e-01   1.3918603e-01   2.6590835e-02
   2.1400000e+02   4.6823480e+01   3.9856260e+00  -2.0687136e-01   1.3973899e-01   2.6650138e-02
   2.1500000e+02   4.6610960e+01   3.9852190e+00  -2.0752965e-01   1.4028709e-01   2.6708931e-02
   2.1600000e+02   4.6400390e+01   3.9848130e+00  -2.0818176e-01   1.4083037e-01   2.6767224e-02
   2.1700000e+02   4.6191730e+01   3.9844100e+00  -2.0882748e-01   1.4136867e-01   2.6824977e-02
   2.1800000e+02   4.5984960e+01   3.9840080e+00  -2.0946702e-01   1.4190215e-01   2.6882216e-02
   2.1900000e+02   4.5780050e+01   3.9836080e+00  -2.1010031e-01   1.4243076e-01   2.6938930e-02
   2.2000000e+02   4.5576990e+01   3.9832100e+00  -2.1072724e-01   1.4295441e-01   2.6995094e-02
   2.2100000e+02   4.5375740e+01   3.9828140e+00  -2.1134794e-01   1.4347321e-01   2.7050715e-02
   2.2200000e+02   4.5176290e+01   3.9824190e+00  -2.1196241e-01   1.4398714e-01   2.7105790e-02
   2.2300000e+02   4.4978600e+01   3.9820250e+00  -2.1257065e-01   1.4449624e-01   2.7160313e-02
   2.2400000e+02   4.4782660e+01   3.9816330e+00  -2.1317267e-01   1.4500048e-01   2.7214272e-02
   2.2500000e+02   4.4588450e+01   3.9812420e+00  -2.1376847e-01   1.4549988e-01   2.7267675e-02
   2.2600000e+02   4.4395940e+01   3.9808520e+00  -2.1435806e-01   1.4599444e-01   2.7320506e-02
   2.2700000e+02   4.4205100e+01   3.9804640e+00  -2.1494137e-01   1.4648411e-01   2.7372763e-02
   2.2800000e+02   4.4015930e+01   3.9800760e+00  -2.1551860e-01   1.4696905e-01   2.7424443e-02
   2.2900000e+02   4.3828400e+01   3.9796900e+00  -2.1608956e-01   1.4744910e-01   2.7475536e-02
   2.3000000e+02   4.3642480e+01   3.9793040e+00  -2.1665440e-01   1.4792440e-01   2.7526048e-02
   2.3100000e+02   4.3458160e+01   3.9789190e+00  -2.1721310e-01   1.4839492e-01   2.7575959e-02
   2.3200000e+02   4.3275420e+01   3.9785350e+00  -2.1776561e-01   1.4886063e-01   2.7625270e-02
   2.3300000e+02   4.3094240e+01   3.9781520e+00  -2.1831197e-01   1.4932154e-01   2.7673985e-02
   2.3400000e+02   4.2914590e+01   3.9777700e+00  -2.1885223e-01   1.4977772e-01   2.7722099e-02
   2.3500000e+02   4.2736470e+01   3.9773880e+00  -2.1938638e-01   1.5022915e-01   2.7769597e-02
   2.3600000e+02   4.2559840e+01   3.9770070e+00  -2.1991442e-01   1.5067584e-01   2.7816482e-02
   2.3700000e+02   4.2384700e+01   3.9766260e+00  -2.2043644e-01   1.5111785e-01   2.7862754e-02
   2.3800000e+02   4.2211020e+01   3.9762460e+00  -2.2095235e-01   1.5155512e-01   2.7908397e-02
   2.3900000e+02   4.2038790e+01   3.9758660e+00  -2.2146222e-01   1.5198771e-01   2.7953423e-02
   2.4000000e+02   4.1867990e+01   3.9754870e+00  -2.2196602e-01   1.5241557e-01   2.7997819e-02
   2.4100000e+02   4.1698590e+01   3.9751080e+00  -2.2246388e-01   1.5283885e-01   2.8041578e-02
   2.4200000e+02   4.1530600e+01   3.9747290e+00  -2.2295573e-01   1.5325746e-01   2.8084709e-02
   2.4300000e+02   4.1363980e+01   3.9743510e+00  -2.2344151e-01   1.5367136e-01   2.8127198e-02
   2.4400000e+02   4.1198730e+01   3.9739720e+00  -2.2392147e-01   1.5408076e-01   2.8169050e-02
   2.4500000e+02   4.1034820e+01   3.9735940e+00  -2.2439541e-01   1.5448550e-01   2.8210251e-02
   2.4600000e+02   4.0872240e+01   3.9732160e+00  -2.2486342e-01   1.5488565e-01   2.8250811e-02
   2.4700000e+02   4.0710970e+01   3.9728380e+00  -2.2532555e-01   1.5528125e-01   2.8290718e-02
   2.4800000e+02   4.0551000e+01   3.9724600e+00  -2.2578180e-01   1.5567232e-01   2.8329972e-02
   2.4900000e+02   4.0392320e+01   3.9720820e+00  -2.2623215e-01   1.5605881e-01   2.8368571e-02
   2.5000000e+02   4.0234900e+01   3.9717030e+00  -2.2667673e-01   1.5644086e-01   2.8406519e-02
   2.5100000e+02   4.0078740e+01   3.9713250e+00  -2.2711544e-01   1.5681836e-01   2.8443803e-02
   2.5200000e+02   3.9923820e+01   3.9709470e+00  -2.2754832e-01   1.5719137e-01   2.8480414e-02
   2.5300000e+02   3.9770120e+01   3.9705680e+00  -2.2797546e-01   1.5755996e-01   2.8516371e-02
   2.5400000e+02   3.9617630e+01   3.9701890e+00  -2.2839686e-01   1.5792412e-01   2.8551663e-02
   2.5500000e+02   3.9466340e+01   3.9698100e+00  -2.2881249e-01   1.5828384e-01   2.8586285e-02
   2.5600000e+02   3.9316230e+01   3.9694310e+00  -2.2922242e-01   1.5863917e-01   2.8620230e-02
   2.5700000e+02   3.9167300e+01   3.9690510e+00  -2.2962666e-01   1.5899011e-01   2.8653506e-02
   2.5800000e+02   3.9019520e+01   3.9686710e+00  -2.3002520e-01   1.5933667e-01   2.8686111e-02
   2.5900000e+02   3.8872880e+01   3.9682900e+00  -2.3041820e-01   1.5967899e-01   2.8718042e-02
   2.6000000e+02   3.8727370e+01   3.9679090e+00  -2.3080553e-01   1.6001694e-01   2.8749293e-02
   2.6100000e+02   3.8582990e+01   3.9675270e+00  -2.3118730e-01   1.6035061e-01   2.8779871e-02
   2.6200000e+02   3.8439700e+01   3.9671460e+00  -2.3156338e-01   1.6067992e-01   2.8809758e-02
   2.6300000e+02   3.8297520e+01   3.9667630e+00  -2.3193404e-01   1.6100508e-01   2.8838971e-02
   2.6400000e+02   3.8156410e+01   3.9663800e+00  -2.3229914e-01   1.6132598e-01   2.8867493e-02
   2.6500000e+02   3.8016370e+01   3.9659960e+00  -2.3265880e-01   1.6164271e-01   2.8895344e-02
   2.6600000e+02   3.7877390e+01   3.9656120e+00  -2.3301292e-01   1.6195520e-01   2.8922506e-02
   2.6700000e+02   3.7739460e+01   3.9652270e+00  -2.3336162e-01   1.6226354e-01   2.8948985e-02
   2.6800000e+02   3.7602560e+01   3.9648410e+00  -2.3370495e-01   1.6256777e-01   2.8974779e-02
   2.6900000e+02   3.7466680e+01   3.9644550e+00  -2.3404284e-01   1.6286785e-01   2.8999883e-02
   2.7000000e+02   3.7331820e+01   3.9640680e+00  -2.3437536e-01   1.6316382e-01   2.9024303e-02
   2.7100000e+02   3.7197950e+01   3.9636800e+00  -2.3470263e-01   1.6345580e-01   2.9048031e-02
   2.7200000e+02   3.7065080e+01   3.9632910e+00  -2.3502458e-01   1.6374371e-01   2.9071077e-02
   2.7300000e+02   3.6933190e+01   3.9629020e+00  -2.3534116e-01   1.6402752e-01   2.9093431e-02
   2.7400000e+02   3.6802270e+01   3.9625120e+00  -2.3565254e-01   1.6430738e-01   2.9115094e-02
   2.7500000e+02   3.6672300e+01   3.9621200e+00  -2.3595879e-01   1.6458334e-01   2.9136085e-02
   2.7600000e+02   3.6543290e+01   3.9617280e+00  -2.3625976e-01   1.6485527e-01   2.9156369e-02
   2.7700000e+02   3.6415210e+01   3.9613360e+00  -2.3655551e-01   1.6512324e-01   2.9175964e-02
   2.7800000e+02   3.6288070e+01   3.9609420e+00  -2.3684618e-01   1.6538734e-01   2.9194877e-02
   2.7900000e+02   3.6161840e+01   3.9605470e+00  -2.3713178e-01   1.6564761e-01   2.9213101e-02
   2.8000000e+02   3.6036520e+01   3.9601510e+00  -2.3741232e-01   1.6590403e-01   2.9230636e-02
   2.8100000e+02   3.5912100e+01   3.9597540e+00  -2.3768778e-01   1.6615660e-01   2.9247491e-02
   2.8200000e+02   3.5788580e+01   3.9593560e+00  -2.3795822e-01   1.6640537e-01   2.9263645e-02
   2.8300000e+02   3.5665930e+01   3.9589580e+00  -2.3822360e-01   1.6665031e-01   2.9279112e-02
   2.8400000e+02   3.5544160e+01   3.9585580e+00  -2.3848409e-01   1.6689155e-01   2.9293896e-02
   2.8500000e+02   3.5423250e+01   3.9581570e+00  -2.3873967e-01   1.6712908e-01   2.9307994e-02
   2.8600000e+02   3.5303190e+01   3.9577550e+00  -2.3899032e-01   1.6736288e-01   2.9321410e-02
   2.8700000e+02   3.5183980e+01   3.9573510e+00  -2.3923617e-01   1.6759306e-01   2.9334150e-02
   2.8800000e+02   3.5065610e+01   3.9569470e+00  -2.3947709e-01   1.6781952e-01   2.9346193e-02
   2.8900000e+02   3.4948070e+01   3.9565410e+00  -2.3971327e-01   1.6804240e-01   2.9357557e-02
   2.9000000e+02   3.4831350e+01   3.9561350e+00  -2.3994456e-01   1.6826160e-01   2.9368236e-02
   2.9100000e+02   3.4715440e+01   3.9557270e+00  -2.4017121e-01   1.6847732e-01   2.9378235e-02
   2.9200000e+02   3.4600330e+01   3.9553180e+00  -2.4039310e-01   1.6868945e-01   2.9387565e-02
   2.9300000e+02   3.4486020e+01   3.9549070e+00  -2.4061038e-01   1.6889812e-01   2.9396210e-02
   2.9400000e+02   3.4372500e+01   3.9544960e+00  -2.4082288e-01   1.6910319e-01   2.9404174e-02
   2.9500000e+02   3.4259750e+01   3.9540830e+00  -2.4103086e-01   1.6930490e-01   2.9411466e-02
   2.9600000e+02   3.4147780e+01   3.9536690e+00  -2.4123418e-01   1.6950308e-01   2.9418081e-02
   2.9700000e+02   3.4036580e+01   3.9532530e+00  -2.4143303e-01   1.6969794e-01   2.9424025e-02
   2.9800000e+02   3.3926130e+01   3.9528370e+00  -2.4162724e-01   1.6988931e-01   2.9429291e-02
   2.9900000e+02   3.3816430e+01   3.9524190e+00  -2.4181703e-01   1.7007737e-01   2.9433895e-02
   3.0000000e+02   3.3707470e+01   3.9519990e+00  -2.4200237e-01   1.7026213e-01   2.9437829e-02
   3.0100000e+02   3.3599250e+01   3.9515780e+00  -2.4218324e-01   1.7044353e-01   2.9441093e-02
   3.0200000e+02   3.3491750e+01   3.9511560e+00  -2.4235972e-01   1.7062166e-01   2.9443700e-02
   3.0300000e+02   3.3384980e+01   3.9507330e+00  -2.4253177e-01   1.7079648e-01   2.9445630e-02
   3.0400000e+02   3.3278920e+01   3.9503080e+00  -2.4269953e-01   1.7096812e-01   2.9446909e-02
   3.0500000e+02   3.3173570e+01   3.9498810e+00  -2.4286304e-01   1.7113659e-01   2.9447528e-02
   3.0600000e+02   3.3068920e+01   3.9494540e+00  -2.4302215e-01   1.7130178e-01   2.9447482e-02
   3.0700000e+02   3.2964960e+01   3.9490240e+00  -2.4317714e-01   1.7146392e-01   2.9446794e-02
   3.0800000e+02   3.2861690e+01   3.9485940e+00  -2.4332783e-01   1.7162286e-01   2.9445438e-02
   3.0900000e+02   3.2759100e+01   3.9481610e+00  -2.4347446e-01   1.7177879e-01   2.9443441e-02
   3.1000000e+02   3.2657180e+01   3.9477280e+00  -2.4361680e-01   1.7193154e-01   2.9440788e-02
   3.1100000e+02   3.2555930e+01   3.9472930e+00  -2.4375506e-01   1.7208127e-01   2.9437498e-02
   3.1200000e+02   3.2455340e+01   3.9468560e+00  -2.4388931e-01   1.7222804e-01   2.9433556e-02
   3.1300000e+02   3.2355410e+01   3.9464180e+00  -2.4401945e-01   1.7237176e-01   2.9428973e-02
   3.1400000e+02   3.2256120e+01   3.9459780e+00  -2.4414561e-01   1.7251256e-01   2.9423753e-02
   3.1500000e+02   3.2157480e+01   3.9455370e+00  -2.4426774e-01   1.7265037e-01   2.9417897e-02
   3.1600000e+02   3.2059480e+01   3.9450940e+00  -2.4438593e-01   1.7278527e-01   2.9411406e-02
   3.1700000e+02   3.1962100e+01   3.9446490e+00  -2.4450029e-01   1.7291737e-01   2.9404281e-02
   3.1800000e+02   3.1865360e+01   3.9442030e+00  -2.4461067e-01   1.7304652e-01   2.9396526e-02
   3.1900000e+02   3.1769230e+01   3.9437550e+00  -2.4471723e-01   1.7317287e-01   2.9388146e-02
   3.2000000e+02   3.1673710e+01   3.9433060e+00  -2.4481993e-01   1.7329639e-01   2.9379136e-02
   3.2100000e+02   3.1578800e+01   3.9428550e+00  -2.4491887e-01   1.7341715e-01   2.9369511e-02
   3.2200000e+02   3.1484500e+01   3.9424030e+00  -2.4501397e-01   1.7353508e-01   2.9359266e-02
   3.2300000e+02   3.1390790e+01   3.9419490e+00  -2.4510540e-01   1.7365033e-01   2.9348401e-02
   3.2400000e+02   3.1297670e+01   3.9414930e+00  -2.4519318e-01   1.7376292e-01   2.9336927e-02
   3.2500000e+02   3.1205140e+01   3.9410350e+00  -2.4527730e-01   1.7387282e-01   2.9324848e-02
   3.2600000e+02   3.1113190e+01   3.9405760e+00  -2.4535772e-01   1.7398003e-01   2.9312153e-02
   3.2700000e+02   3.1021820e+01   3.9401150e+00  -2.4543456e-01   1.7408461e-01   2.9298861e-02
   3.2800000e+02   3.0931010e+01   3.9396530e+00  -2.4550781e-01   1.7418659e-01   2.9284955e-02
   3.2900000e+02   3.0840770e+01   3.9391890e+00  -2.4557756e-01   1.7428602e-01   2.9270455e-02
   3.3000000e+02   3.0751100e+01   3.9387230e+00  -2.4564379e-01   1.7438287e-01   2.9255365e-02
   3.3100000e+02   3.0661970e+01   3.9382550e+00  -2.4570658e-01   1.7447723e-01   2.9239687e-02
   3.3200000e+02   3.0573400e+01   3.9377850e+00  -2.4576596e-01   1.7456912e-01   2.9223417e-02
   3.3300000e+02   3.0485380e+01   3.9373140e+00  -2.4582185e-01   1.7465846e-01   2.9206561e-02
   3.3400000e+02   3.0397890e+01   3.9368410e+00  -2.4587443e-01   1.7474542e-01   2.9189123e-02
   3.3500000e+02   3.0310940e+01   3.9363670e+00  -2.4592355e-01   1.7482986e-01   2.9171099e-02
   3.3600000e+02   3.0224520e+01   3.9358900e+00  -2.4596951e-01   1.7491202e-01   2.9152513e-02
   3.3700000e+02   3.0138630e+01   3.9354120e+00  -2.4601210e-01   1.7499175e-01   2.9133342e-02
   3.3800000e+02   3.0053260e+01   3.9349320e+00  -2.4605144e-01   1.7506913e-01   2.9113609e-02
   3.3900000e+02   2.9968410e+01   3.9344500e+00  -2.4608760e-01   1.7514422e-01   2.9093307e-02
   3.4000000e+02   2.9884070e+01   3.9339660e+00  -2.4612058e-01   1.7521701e-01   2.9072457e-02
   3.4100000e+02   2.9800240e+01   3.9334810e+00  -2.4615035e-01   1.7528750e-01   2.9051029e-02
   3.4200000e+02   2.9716910e+01   3.9329930e+00  -2.4617710e-01   1.7535583e-01   2.9029062e-02
   3.4300000e+02   2.9634090e+01   3.9325040e+00  -2.4620064e-01   1.7542183e-01   2.9006532e-02
   3.4400000e+02   2.9551760e+01   3.9320130e+00  -2.4622115e-01   1.7548565e-01   2.8983468e-02
   3.4500000e+02   2.9469920e+01   3.9315200e+00  -2.4623866e-01   1.7554735e-01   2.8959842e-02
   3.4600000e+02   2.9388570e+01   3.9310250e+00  -2.4625317e-01   1.7560689e-01   2.8935691e-02
   3.4700000e+02   2.9307700e+01   3.9305290e+00  -2.4626467e-01   1.7566427e-01   2.8910989e-02
   3.4800000e+02   2.9227310e+01   3.9300300e+00  -2.4627330e-01   1.7571961e-01   2.8885767e-02
   3.4900000e+02   2.9147390e+01   3.9295300e+00  -2.4627896e-01   1.7577283e-01   2.8860009e-02
   3.5000000e+02   2.9067950e+01   3.9290280e+00  -2.4628173e-01   1.7582398e-01   2.8833724e-02
   3.5100000e+02   2.8988970e+01   3.9285230e+00  -2.4628177e-01   1.7587321e-01   2.8806923e-02
   3.5200000e+02   2.8910460e+01   3.9280170e+00  -2.4627891e-01   1.7592035e-01   2.8779600e-02
   3.5300000e+02   2.8832400e+01   3.9275090e+00  -2.4627327e-01   1.7596553e-01   2.8751771e-02
   3.5400000e+02   2.8754800e+01   3.9269990e+00  -2.4626489e-01   1.7600876e-01   2.8723420e-02
   3.5500000e+02   2.8677660e+01   3.9264870e+00  -2.4625378e-01   1.7605006e-01   2.8694569e-02
   3.5600000e+02   2.8600960e+01   3.9259740e+00  -2.4623992e-01   1.7608940e-01   2.8665201e-02
   3.5700000e+02   2.8524700e+01   3.9254580e+00  -2.4622346e-01   1.7612692e-01   2.8635349e-02
   3.5800000e+02   2.8448890e+01   3.9249400e+00  -2.4620439e-01   1.7616259e-01   2.8605006e-02
   3.5900000e+02   2.8373510e+01   3.9244200e+00  -2.4618271e-01   1.7619643e-01   2.8574169e-02
   3.6000000e+02   2.8298570e+01   3.9238990e+00  -2.4615834e-01   1.7622834e-01   2.8542840e-02
   3.6100000e+02   2.8224050e+01   3.9233750e+00  -2.4613156e-01   1.7625859e-01   2.8511028e-02
   3.6200000e+02   2.8149960e+01   3.9228490e+00  -2.4610225e-01   1.7628706e-01   2.8478743e-02
   3.6300000e+02   2.8076300e+01   3.9223220e+00  -2.4607037e-01   1.7631369e-01   2.8445981e-02
   3.6400000e+02   2.8003050e+01   3.9217920e+00  -2.4603613e-01   1.7633870e-01   2.8412752e-02
   3.6500000e+02   2.7930220e+01   3.9212600e+00  -2.4599942e-01   1.7636197e-01   2.8379058e-02
   3.6600000e+02   2.7857810e+01   3.9207270e+00  -2.4596026e-01   1.7638351e-01   2.8344894e-02
   3.6700000e+02   2.7785800e+01   3.9201910e+00  -2.4591880e-01   1.7640346e-01   2.8310278e-02
   3.6800000e+02   2.7714200e+01   3.9196530e+00  -2.4587501e-01   1.7642177e-01   2.8275211e-02
   3.6900000e+02   2.7643000e+01   3.9191140e+00  -2.4582882e-01   1.7643842e-01   2.8239676e-02
   3.7000000e+02   2.7572200e+01   3.9185720e+00  -2.4578043e-01   1.7645355e-01   2.8203711e-02
   3.7100000e+02   2.7501800e+01   3.9180280e+00  -2.4572978e-01   1.7646709e-01   2.8167310e-02
   3.7200000e+02   2.7431790e+01   3.9174820e+00  -2.4567688e-01   1.7647907e-01   2.8130466e-02
   3.7300000e+02   2.7362170e+01   3.9169340e+00  -2.4562179e-01   1.7648954e-01   2.8093185e-02
   3.7400000e+02   2.7292940e+01   3.9163840e+00  -2.4556455e-01   1.7649852e-01   2.8055480e-02
   3.7500000e+02   2.7224090e+01   3.9158320e+00  -2.4550514e-01   1.7650599e-01   2.8017348e-02
   3.7600000e+02   2.7155630e+01   3.9152780e+00  -2.4544359e-01   1.7651197e-01   2.7978801e-02
   3.7700000e+02   2.7087540e+01   3.9147220e+00  -2.4537998e-01   1.7651655e-01   2.7939834e-02
   3.7800000e+02   2.7019830e+01   3.9141640e+00  -2.4531428e-01   1.7651967e-01   2.7900451e-02
   3.7900000e+02   2.6952490e+01   3.9136030e+00  -2.4524664e-01   1.7652149e-01   2.7860666e-02
   3.8000000e+02   2.6885520e+01   3.9130410e+00  -2.4517688e-01   1.7652182e-01   2.7820476e-02
   3.8100000e+02   2.6818920e+01   3.9124760e+00  -2.4510524e-01   1.7652087e-01   2.7779901e-02
   3.8200000e+02   2.6752680e+01   3.9119100e+00  -2.4503156e-01   1.7651852e-01   2.7738910e-02
   3.8300000e+02   2.6686800e+01   3.9113410e+00  -2.4495602e-01   1.7651489e-01   2.7697551e-02
   3.8400000e+02   2.6621280e+01   3.9107700e+00  -2.4487858e-01   1.7650998e-01   2.7655793e-02
   3.8500000e+02   2.6556110e+01   3.9101970e+00  -2.4479929e-01   1.7650381e-01   2.7613661e-02
   3.8600000e+02   2.6491300e+01   3.9096220e+00  -2.4471808e-01   1.7649631e-01   2.7571148e-02
   3.8700000e+02   2.6426840e+01   3.9090440e+00  -2.4463516e-01   1.7648766e-01   2.7528268e-02
   3.8800000e+02   2.6362720e+01   3.9084650e+00  -2.4455038e-01   1.7647775e-01   2.7485018e-02
   3.8900000e+02   2.6298950e+01   3.9078830e+00  -2.4446388e-01   1.7646668e-01   2.7441404e-02
   3.9000000e+02   2.6235520e+01   3.9073000e+00  -2.4437555e-01   1.7645435e-01   2.7397425e-02
   3.9100000e+02   2.6172430e+01   3.9067140e+00  -2.4428558e-01   1.7644092e-01   2.7353096e-02
   3.9200000e+02   2.6109680e+01   3.9061260e+00  -2.4419392e-01   1.7642634e-01   2.7308420e-02
   3.9300000e+02   2.6047270e+01   3.9055360e+00  -2.4410056e-01   1.7641061e-01   2.7263402e-02
   3.9400000e+02   2.5985180e+01   3.9049430e+00  -2.4400565e-01   1.7639386e-01   2.7218048e-02
   3.9500000e+02   2.5923430e+01   3.9043490e+00  -2.4390903e-01   1.7637592e-01   2.7172348e-02
   3.9600000e+02   2.5862000e+01   3.9037520e+00  -2.4381092e-01   1.7635701e-01   2.7126319e-02
   3.9700000e+02   2.5800890e+01   3.9031530e+00  -2.4371124e-01   1.7633706e-01   2.7079961e-02
   3.9800000e+02   2.5740110e+01   3.9025520e+00  -2.4360999e-01   1.7631604e-01   2.7033279e-02
   3.9900000e+02   2.5679650e+01   3.9019490e+00  -2.4350720e-01   1.7629398e-01   2.6986283e-02
   4.0000000e+02   2.5619510e+01   3.9013430e+00  -2.4340298e-01   1.7627098e-01   2.6938980e-02
   4.0100000e+02   2.5559680e+01   3.9007350e+00  -2.4329727e-01   1.7624698e-01   2.6891365e-02
   4.0200000e+02   2.5500170e+01   3.9001260e+00  -2.4319006e-01   1.7622198e-01   2.6843431e-02
   4.0300000e+02   2.5440960e+01   3.8995130e+00  -2.4308159e-01   1.7619616e-01   2.6795212e-02
   4.0400000e+02   2.5382060e+01   3.8988990e+00  -2.4297167e-01   1.7616938e-01   2.6746695e-02
   4.0500000e+02   2.5323470e+01   3.8982830e+00  -2.4286031e-01   1.7614163e-01   2.6697879e-02
   4.0600000e+02   2.5265190e+01   3.8976640e+00  -2.4274768e-01   1.7611303e-01   2.6648790e-02
   4.0700000e+02   2.5207200e+01   3.8970430e+00  -2.4263372e-01   1.7608357e-01   2.6599409e-02
   4.0800000e+02   2.5149520e+01   3.8964200e+00  -2.4251842e-01   1.7605322e-01   2.6549754e-02
   4.0900000e+02   2.5092130e+01   3.8957940e+00  -2.4240196e-01   1.7602213e-01   2.6499833e-02
   4.1000000e+02   2.5035040e+01   3.8951670e+00  -2.4228414e-01   1.7599011e-01   2.6449639e-02
   4.1100000e+02   2.4978240e+01   3.8945370e+00  -2.4216514e-01   1.7595734e-01   2.6399176e-02
   4.1200000e+02   2.4921730e+01   3.8939040e+00  -2.4204505e-01   1.7592387e-01   2.6348470e-02
   4.1300000e+02   2.4865510e+01   3.8932700e+00  -2.4192362e-01   1.7588951e-01   2.6297495e-02
   4.1400000e+02   2.4809580e+01   3.8926330e+00  -2.4180114e-01   1.7585447e-01   2.6246278e-02
   4.1500000e+02   2.4753930e+01   3.8919940e+00  -2.4167749e-01   1.7581867e-01   2.6194813e-02
   4.1600000e+02   2.4698570e+01   3.8913530e+00  -2.4155269e-01   1.7578210e-01   2.6143105e-02
   4.1700000e+02   2.4643490e+01   3.8907100e+00  -2.4142675e-01   1.7574479e-01   2.6091161e-02
   4.1800000e+02   2.4588680e+01   3.8900640e+00  -2.4129988e-01   1.7570692e-01   2.6038984e-02
   4.1900000e+02   2.4534150e+01   3.8894160e+00  -2.4117195e-01   1.7566835e-01   2.5986589e-02
   4.2000000e+02   2.4479900e+01   3.8887660e+00  -2.4104289e-01   1.7562904e-01   2.5933964e-02
   4.2100000e+02   2.4425920e+01   3.8881130e+00  -2.4091296e-01   1.7558918e-01   2.5881127e-02
   4.2200000e+02   2.4372210e+01   3.8874590e+00  -2.4078193e-01   1.7554859e-01   2.5828079e-02
   4.2300000e+02   2.4318780e+01   3.8868020e+00  -2.4064996e-01   1.7550741e-01   2.5774807e-02
   4.2400000e+02   2.4265600e+01   3.8861420e+00  -2.4051717e-01   1.7546574e-01   2.5721350e-02
   4.2500000e+02   2.4212700e+01   3.8854800e+00  -2.4038338e-01   1.7542341e-01   2.5667686e-02
   4.2600000e+02   2.4160060e+01   3.8848170e+00  -2.4024861e-01   1.7538043e-01   2.5613823e-02
   4.2700000e+02   2.4107670e+01   3.8841500e+00  -2.4011313e-01   1.7533705e-01   2.5559783e-02
   4.2800000e+02   2.4055550e+01   3.8834820e+00  -2.3997669e-01   1.7529303e-01   2.5505547e-02
   4.2900000e+02   2.4003690e+01   3.8828110e+00  -2.3983945e-01   1.7524850e-01   2.5451133e-02
   4.3000000e+02   2.3952090e+01   3.8821380e+00  -2.3970136e-01   1.7520343e-01   2.5396542e-02
   4.3100000e+02   2.3900740e+01   3.8814620e+00  -2.3956256e-01   1.7515795e-01   2.5341777e-02
   4.3200000e+02   2.3849640e+01   3.8807850e+00  -2.3942284e-01   1.7511185e-01   2.5286844e-02
   4.3300000e+02   2.3798790e+01   3.8801050e+00  -2.3928249e-01   1.7506539e-01   2.5231750e-02
   4.3400000e+02   2.3748200e+01   3.8794220e+00  -2.3914138e-01   1.7501844e-01   2.5176497e-02
   4.3500000e+02   2.3697850e+01   3.8787380e+00  -2.3899950e-01   1.7497100e-01   2.5121091e-02
   4.3600000e+02   2.3647750e+01   3.8780510e+00  -2.3885695e-01   1.7492315e-01   2.5065531e-02
   4.3700000e+02   2.3597890e+01   3.8773610e+00  -2.3871385e-01   1.7487499e-01   2.5009834e-02
   4.3800000e+02   2.3548270e+01   3.8766700e+00  -2.3856993e-01   1.7482629e-01   2.4953996e-02
   4.3900000e+02   2.3498900e+01   3.8759760e+00  -2.3842540e-01   1.7477721e-01   2.4898016e-02
   4.4000000e+02   2.3449770e+01   3.8752790e+00  -2.3828030e-01   1.7472780e-01   2.4841919e-02
   4.4100000e+02   2.3400870e+01   3.8745810e+00  -2.3813453e-01   1.7467797e-01   2.4785675e-02
   4.4200000e+02   2.3352210e+01   3.8738800e+00  -2.3798824e-01   1.7462782e-01   2.4729325e-02
   4.4300000e+02   2.3303790e+01   3.8731770e+00  -2.3784128e-01   1.7457725e-01   2.4672847e-02
   4.4400000e+02   2.3255600e+01   3.8724710e+00  -2.3769393e-01   1.7452647e-01   2.4616259e-02
   4.4500000e+02   2.3207640e+01   3.8717630e+00  -2.3754595e-01   1.7447530e-01   2.4559567e-02
   4.4600000e+02   2.3159910e+01   3.8710530e+00  -2.3739746e-01   1.7442382e-01   2.4502757e-02
   4.4700000e+02   2.3112410e+01   3.8703400e+00  -2.3724853e-01   1.7437209e-01   2.4445858e-02
   4.4800000e+02   2.3065140e+01   3.8696250e+00  -2.3709908e-01   1.7432003e-01   2.4388863e-02
   4.4900000e+02   2.3018090e+01   3.8689080e+00  -2.3694917e-01   1.7426770e-01   2.4331777e-02
   4.5000000e+02   2.2971270e+01   3.8681890e+00  -2.3679875e-01   1.7421505e-01   2.4274593e-02
   4.5100000e+02   2.2924670e+01   3.8674670e+00  -2.3664798e-01   1.7416220e-01   2.4217339e-02
   4.5200000e+02   2.2878300e+01   3.8667420e+00  -2.3649684e-01   1.7410914e-01   2.4160009e-02
   4.5300000e+02   2.2832140e+01   3.8660160e+00  -2.3634517e-01   1.7405576e-01   2.4102594e-02
   4.5400000e+02   2.2786200e+01   3.8652870e+00  -2.3619326e-01   1.7400226e-01   2.4045118e-02
   4.5500000e+02   2.2740480e+01   3.8645550e+00  -2.3604096e-01   1.7394853e-01   2.3987576e-02
   4.5600000e+02   2.2694970e+01   3.8638220e+00  -2.3588826e-01   1.7389457e-01   2.3929964e-02
   4.5700000e+02   2.2649680e+01   3.8630860e+00  -2.3573524e-01   1.7384040e-01   2.3872305e-02
   4.5800000e+02   2.2604600e+01   3.8623470e+00  -2.3558203e-01   1.7378617e-01   2.3814591e-02
   4.5900000e+02   2.2559730e+01   3.8616070e+00  -2.3542834e-01   1.7373162e-01   2.3756831e-02
   4.6000000e+02   2.2515070e+01   3.8608630e+00  -2.3527456e-01   1.7367706e-01   2.3699033e-02
   4.6100000e+02   2.2470630e+01   3.8601180e+00  -2.3512037e-01   1.7362223e-01   2.3641182e-02
   4.6200000e+02   2.2426390e+01   3.8593700e+00  -2.3496597e-01   1.7356731e-01   2.3583306e-02
   4.6300000e+02   2.2382350e+01   3.8586200e+00  -2.3481134e-01   1.7351226e-01   2.3525393e-02
   4.6400000e+02   2.2338520e+01   3.8578680e+00  -2.3465644e-01   1.7345704e-01   2.3467454e-02
   4.6500000e+02   2.2294900e+01   3.8571130e+00  -2.3450140e-01   1.7340177e-01   2.3409497e-02
   4.6600000e+02   2.2251470e+01   3.8563560e+00  -2.3434615e-01   1.7334639e-01   2.3351520e-02
   4.6700000e+02   2.2208250e+01   3.8555960e+00  -2.3419076e-01   1.7329094e-01   2.3293526e-02
   4.6800000e+02   2.2165230e+01   3.8548340e+00  -2.3403515e-01   1.7323536e-01   2.3235531e-02
   4.6900000e+02   2.2122400e+01   3.8540700e+00  -2.3387941e-01   1.7317972e-01   2.3177519e-02
   4.7000000e+02   2.2079780e+01   3.8533030e+00  -2.3372355e-01   1.7312402e-01   2.3119512e-02
   4.7100000e+02   2.2037350e+01   3.8525340e+00  -2.3356754e-01   1.7306824e-01   2.3061509e-02
   4.7200000e+02   2.1995110e+01   3.8517630e+00  -2.3341145e-01   1.7301245e-01   2.3003509e-02
   4.7300000e+02   2.1953070e+01   3.8509890e+00  -2.3325525e-01   1.7295659e-01   2.2945525e-02
   4.7400000e+02   2.1911220e+01   3.8502130e+00  -2.3309899e-01   1.7290071e-01   2.2887548e-02
   4.7500000e+02   2.1869560e+01   3.8494350e+00  -2.3294263e-01   1.7284479e-01   2.2829585e-02
   4.7600000e+02   2.1828090e+01   3.8486540e+00  -2.3278624e-01   1.7278887e-01   2.2771658e-02
   4.7700000e+02   2.1786810e+01   3.8478710e+00  -2.3262983e-01   1.7273296e-01   2.2713753e-02
   4.7800000e+02   2.1745720e+01   3.8470850e+00  -2.3247337e-01   1.7267701e-01   2.2655885e-02
   4.7900000e+02   2.1704810e+01   3.8462980e+00  -2.3231689e-01   1.7262108e-01   2.2598039e-02
   4.8000000e+02   2.1664090e+01   3.8455070e+00  -2.3216046e-01   1.7256521e-01   2.2540239e-02
   4.8100000e+02   2.1623550e+01   3.8447150e+00  -2.3200398e-01   1.7250931e-01   2.2482473e-02
   4.8200000e+02   2.1583200e+01   3.8439200e+00  -2.3184750e-01   1.7245342e-01   2.2424765e-02
   4.8300000e+02   2.1543030e+01   3.8431230e+00  -2.3169111e-01   1.7239760e-01   2.2367098e-02
   4.8400000e+02   2.1503040e+01   3.8423230e+00  -2.3153474e-01   1.7234182e-01   2.2309491e-02
   4.8500000e+02   2.1463230e+01   3.8415210e+00  -2.3137844e-01   1.7228608e-01   2.2251943e-02
   4.8600000e+02   2.1423590e+01   3.8407170e+00  -2.3122222e-01   1.7223042e-01   2.2194450e-02
   4.8700000e+02   2.1384140e+01   3.8399100e+00  -2.3106610e-01   1.7217483e-01   2.2137031e-02
   4.8800000e+02   2.1344860e+01   3.8391010e+00  -2.3091004e-01   1.7211929e-01   2.2079680e-02
   4.8900000e+02   2.1305760e+01   3.8382900e+00  -2.3075403e-01   1.7206377e-01   2.2022402e-02
   4.9000000e+02   2.1266830e+01   3.8374760e+00  -2.3059820e-01   1.7200839e-01   2.1965202e-02
   4.9100000e+02   2.1228080e+01   3.8366600e+00  -2.3044247e-01   1.7195308e-01   2.1908076e-02
   4.9200000e+02   2.1189490e+01   3.8358420e+00  -2.3028690e-01   1.7189790e-01   2.1851032e-02
   4.9300000e+02   2.1151080e+01   3.8350210e+00  -2.3013147e-01   1.7184279e-01   2.1794087e-02
   4.9400000e+02   2.1112840e+01   3.8341980e+00  -2.2997618e-01   1.7178778e-01   2.1737227e-02
   4.9500000e+02   2.1074770e+01   3.8333730e+00  -2.2982098e-01   1.7173281e-01   2.1680468e-02
   4.9600000e+02   2.1036860e+01   3.8325450e+00  -2.2966609e-01   1.7167809e-01   2.1623804e-02
   4.9700000e+02   2.0999120e+01   3.8317150e+00  -2.2951135e-01   1.7162344e-01   2.1567241e-02
   4.9800000e+02   2.0961550e+01   3.8308830e+00  -2.2935676e-01   1.7156889e-01   2.1510783e-02
   4.9900000e+02   2.0924150e+01   3.8300480e+00  -2.2920242e-01   1.7151450e-01   2.1454437e-02
   5.0000000e+02   2.0886910e+01   3.8292110e+00  -2.2904828e-01   1.7146024e-01   2.1398203e-02
   5.0100000e+02   2.0849830e+01   3.8283710e+00  -2.2889440e-01   1.7140615e-01   2.1342094e-02
   5.0200000e+02   2.0812910e+01   3.8275300e+00  -2.2874069e-01   1.7135216e-01   2.1286095e-02
   5.0300000e+02   2.0776160e+01   3.8266860e+00  -2.2858723e-01   1.7129832e-01   2.1230220e-02
   5.0400000e+02   2.0739560e+01   3.8258390e+00  -2.2843412e-01   1.7124473e-01   2.1174474e-02
   5.0500000e+02   2.0703130e+01   3.8249910e+00  -2.2828114e-01   1.7119118e-01   2.1118852e-02
   5.0600000e+02   2.0666850e+01   3.8241400e+00  -2.2812849e-01   1.7113786e-01   2.1063372e-02
   5.0700000e+02   2.0630730e+01   3.8232870e+00  -2.2797614e-01   1.7108472e-01   2.1008021e-02
   5.0800000e+02   2.0594770e+01   3.8224310e+00  -2.2782404e-01   1.7103173e-01   2.0952814e-02
   5.0900000e+02   2.0558960e+01   3.8215730e+00  -2.2767227e-01   1.7097894e-01   2.0897756e-02
   5.1000000e+02   2.0523310e+01   3.8207130e+00  -2.2752074e-01   1.7092629e-01   2.0842835e-02
   5.1100000e+02   2.0487810e+01   3.8198500e+00  -2.2736961e-01   1.7087390e-01   2.0788073e-02
   5.1200000e+02   2.0452460e+01   3.8189860e+00  -2.2721870e-01   1.7082162e-01   2.0733455e-02
   5.1300000e+02   2.0417270e+01   3.8181180e+00  -2.2706823e-01   1.7076962e-01   2.0678996e-02
   5.1400000e+02   2.0382230e+01   3.8172490e+00  -2.2691798e-01   1.7071773e-01   2.0624698e-02
   5.1500000e+02   2.0347330e+01   3.8163770e+00  -2.2676819e-01   1.7066615e-01   2.0570559e-02
   5.1600000e+02   2.0312590e+01   3.8155030e+00  -2.2661866e-01   1.7061469e-01   2.0516591e-02
   5.1700000e+02   2.0278000e+01   3.8146270e+00  -2.2646947e-01   1.7056343e-01   2.0462781e-02
   5.1800000e+02   2.0243550e+01   3.8137490e+00  -2.2632062e-01   1.7051236e-01   2.0409150e-02
   5.1900000e+02   2.0209250e+01   3.8128680e+00  -2.2617223e-01   1.7046158e-01   2.0355694e-02
   5.2000000e+02   2.0175090e+01   3.8119850e+00  -2.2602421e-01   1.7041102e-01   2.0302412e-02
   5.2100000e+02   2.0141090e+01   3.8110990e+00  -2.2587656e-01   1.7036066e-01   2.0249315e-02
   5.2200000e+02   2.0107220e+01   3.8102120e+00  -2.2572920e-01   1.7031046e-01   2.0196392e-02
   5.2300000e+02   2.0073500e+01   3.8093220e+00  -2.2558236e-01   1.7026057e-01   2.0143663e-02
   5.2400000e+02   2.0039920e+01   3.8084300e+00  -2.2543587e-01   1.7021088e-01   2.0091120e-02
   5.2500000e+02   2.0006490e+01   3.8075350e+00  -2.2528979e-01   1.7016142e-01   2.0038771e-02
   5.2600000e+02   1.9973190e+01   3.8066390e+00  -2.2514409e-01   1.7011216e-01   1.9986614e-02
   5.2700000e+02   1.9940040e+01   3.8057400e+00  -2.2499883e-01   1.7006317e-01   1.9934652e-02
   5.2800000e+02   1.9907020e+01   3.8048390e+00  -2.2485399e-01   1.7001441e-01   1.9882890e-02
   5.2900000e+02   1.9874140e+01   3.8039350e+00  -2.2470966e-01   1.6996596e-01   1.9831335e-02
   5.3000000e+02   1.9841400e+01   3.8030300e+00  -2.2456565e-01   1.6991765e-01   1.9779979e-02
   5.3100000e+02   1.9808800e+01   3.8021220e+00  -2.2442211e-01   1.6986962e-01   1.9728836e-02
   5.3200000e+02   1.9776330e+01   3.8012120e+00  -2.2427903e-01   1.6982184e-01   1.9677902e-02
   5.3300000e+02   1.9744000e+01   3.8002990e+00  -2.2413647e-01   1.6977438e-01   1.9627183e-02
   5.3400000e+02   1.9711810e+01   3.7993850e+00  -2.2399425e-01   1.6972705e-01   1.9576672e-02
   5.3500000e+02   1.9679750e+01   3.7984680e+00  -2.2385255e-01   1.6968004e-01   1.9526384e-02
   5.3600000e+02   1.9647820e+01   3.7975490e+00  -2.2371133e-01   1.6963329e-01   1.9476322e-02
   5.3700000e+02   1.9616020e+01   3.7966280e+00  -2.2357050e-01   1.6958674e-01   1.9426476e-02
   5.3800000e+02   1.9584360e+01   3.7957050e+00  -2.2343014e-01   1.6954044e-01   1.9376857e-02
   5.3900000e+02   1.9552830e+01   3.7947790e+00  -2.2329035e-01   1.6949447e-01   1.9327464e-02
   5.4000000e+02   1.9521420e+01   3.7938510e+00  -2.2315105e-01   1.6944878e-01   1.9278304e-02
   5.4100000e+02   1.9490150e+01   3.7929210e+00  -2.2301215e-01   1.6940327e-01   1.9229369e-02
   5.4200000e+02   1.9459010e+01   3.7919890e+00  -2.2287374e-01   1.6935801e-01   1.9180670e-02
   5.4300000e+02   1.9427990e+01   3.7910550e+00  -2.2273585e-01   1.6931305e-01   1.9132210e-02
   5.4400000e+02   1.9397100e+01   3.7901190e+00  -2.2259842e-01   1.6926833e-01   1.9083989e-02
   5.4500000e+02   1.9366340e+01   3.7891800e+00  -2.2246151e-01   1.6922388e-01   1.9036010e-02
   5.4600000e+02   1.9335700e+01   3.7882390e+00  -2.2232518e-01   1.6917977e-01   1.8988275e-02
   5.4700000e+02   1.9305190e+01   3.7872960e+00  -2.2218931e-01   1.6913587e-01   1.8940786e-02
   5.4800000e+02   1.9274800e+01   3.7863510e+00  -2.2205392e-01   1.6909223e-01   1.8893538e-02
   5.4900000e+02   1.9244540e+01   3.7854040e+00  -2.2191899e-01   1.6904881e-01   1.8846543e-02
   5.5000000e+02   1.9214400e+01   3.7844540e+00  -2.2178470e-01   1.6900575e-01   1.8799804e-02
   5.5100000e+02   1.9184390e+01   3.7835030e+00  -2.2165079e-01   1.6896285e-01   1.8753307e-02
   5.5200000e+02   1.9154490e+01   3.7825490e+00  -2.2151756e-01   1.6892035e-01   1.8707080e-02
   5.5300000e+02   1.9124720e+01   3.7815940e+00  -2.2138463e-01   1.6887793e-01   1.8661101e-02
   5.5400000e+02   1.9095060e+01   3.7806360e+00  -2.2125241e-01   1.6883594e-01   1.8615378e-02
   5.5500000e+02   1.9065530e+01   3.7796760e+00  -2.2112064e-01   1.6879416e-01   1.8569916e-02
   5.5600000e+02   1.9036120e+01   3.7787140e+00  -2.2098938e-01   1.6875261e-01   1.8524723e-02
   5.5700000e+02   1.9006820e+01   3.7777490e+00  -2.2085878e-01   1.6871145e-01   1.8479796e-02
   5.5800000e+02   1.8977640e+01   3.7767830e+00  -2.2072861e-01   1.6867047e-01   1.8435129e-02
   5.5900000e+02   1.8948580e+01   3.7758150e+00  -2.2059899e-01   1.6862977e-01   1.8390734e-02
   5.6000000e+02   1.8919640e+01   3.7748440e+00  -2.2046990e-01   1.6858933e-01   1.8346604e-02
   5.6100000e+02   1.8890810e+01   3.7738720e+00  -2.2034132e-01   1.6854913e-01   1.8302748e-02
   5.6200000e+02   1.8862100e+01   3.7728970e+00  -2.2021333e-01   1.6850924e-01   1.8259166e-02
   5.6300000e+02   1.8833500e+01   3.7719210e+00  -2.2008585e-01   1.6846959e-01   1.8215854e-02
   5.6400000e+02   1.8805020e+01   3.7709420e+00  -2.1995890e-01   1.6843020e-01   1.8172816e-02
   5.6500000e+02   1.8776650e+01   3.7699610e+00  -2.1983251e-01   1.6839109e-01   1.8130060e-02
   5.6600000e+02   1.8748390e+01   3.7689780e+00  -2.1970668e-01   1.6835225e-01   1.8087587e-02
   5.6700000e+02   1.8720240e+01   3.7679930e+00  -2.1958143e-01   1.6831371e-01   1.8045387e-02
   5.6800000e+02   1.8692210e+01   3.7670070e+00  -2.1945660e-01   1.6827532e-01   1.8003465e-02
   5.6900000e+02   1.8664290e+01   3.7660180e+00  -2.1933243e-01   1.6823728e-01   1.7961835e-02
   5.7000000e+02   1.8636470e+01   3.7650270e+00  -2.1920877e-01   1.6819949e-01   1.7920485e-02
   5.7100000e+02   1.8608770e+01   3.7640340e+00  -2.1908565e-01   1.6816194e-01   1.7879423e-02
   5.7200000e+02   1.8581180e+01   3.7630390e+00  -2.1896307e-01   1.6812464e-01   1.7838646e-02
   5.7300000e+02   1.8553690e+01   3.7620420e+00  -2.1884112e-01   1.6808767e-01   1.7798157e-02
   5.7400000e+02   1.8526320e+01   3.7610430e+00  -2.1871958e-01   1.6805083e-01   1.7757956e-02
   5.7500000e+02   1.8499050e+01   3.7600420e+00  -2.1859867e-01   1.6801432e-01   1.7718049e-02
   5.7600000e+02   1.8471890e+01   3.7590400e+00  -2.1847823e-01   1.6797800e-01   1.7678422e-02
   5.7700000e+02   1.8444830e+01   3.7580350e+00  -2.1835845e-01   1.6794203e-01   1.7639097e-02
   5.7800000e+02   1.8417880e+01   3.7570280e+00  -2.1823920e-01   1.6790628e-01   1.7600074e-02
   5.7900000e+02   1.8391040e+01   3.7560190e+00  -2.1812046e-01   1.6787074e-01   1.7561333e-02
   5.8000000e+02   1.8364300e+01   3.7550090e+00  -2.1800222e-01   1.6783543e-01   1.7522886e-02
   5.8100000e+02   1.8337660e+01   3.7539960e+00  -2.1788465e-01   1.6780046e-01   1.7484745e-02
   5.8200000e+02   1.8311130e+01   3.7529820e+00  -2.1776750e-01   1.6776562e-01   1.7446896e-02
   5.8300000e+02   1.8284700e+01   3.7519650e+00  -2.1765097e-01   1.6773110e-01   1.7409348e-02
   5.8400000e+02   1.8258370e+01   3.7509470e+00  -2.1753498e-01   1.6769680e-01   1.7372100e-02
   5.8500000e+02   1.8232150e+01   3.7499270e+00  -2.1741950e-01   1.6766272e-01   1.7335138e-02
   5.8600000e+02   1.8206020e+01   3.7489050e+00  -2.1730460e-01   1.6762892e-01   1.7298485e-02
   5.8700000e+02   1.8180000e+01   3.7478810e+00  -2.1719020e-01   1.6759530e-01   1.7262144e-02
   5.8800000e+02   1.8154080e+01   3.7468550e+00  -2.1707638e-01   1.6756195e-01   1.7226092e-02
   5.8900000e+02   1.8128250e+01   3.7458270e+00  -2.1696315e-01   1.6752888e-01   1.7190353e-02
   5.9000000e+02   1.8102530e+01   3.7447970e+00  -2.1685039e-01   1.6749597e-01   1.7154915e-02
   5.9100000e+02   1.8076900e+01   3.7437660e+00  -2.1673813e-01   1.6746327e-01   1.7119779e-02
   5.9200000e+02   1.8051380e+01   3.7427330e+00  -2.1662645e-01   1.6743081e-01   1.7084942e-02
   5.9300000e+02   1.8025950e+01   3.7416970e+00  -2.1651531e-01   1.6739860e-01   1.7050427e-02
   5.9400000e+02   1.8000610e+01   3.7406600e+00  -2.1640475e-01   1.6736665e-01   1.7016206e-02
   5.9500000e+02   1.7975380e+01   3.7396220e+00  -2.1629462e-01   1.6733482e-01   1.6982285e-02
   5.9600000e+02   1.7950240e+01   3.7385810e+00  -2.1618505e-01   1.6730323e-01   1.6948688e-02
   5.9700000e+02   1.7925190e+01   3.7375390e+00  -2.1607605e-01   1.6727191e-01   1.6915381e-02
   5.9800000e+02   1.7900250e+01   3.7364940e+00  -2.1596756e-01   1.6724075e-01   1.6882391e-02
   5.9900000e+02   1.7875390e+01   3.7354480e+00  -2.1585965e-01   1.6720988e-01   1.6849705e-02
   6.0000000e+02   1.7850630e+01   3.7344010e+00  -2.1575210e-01   1.6717907e-01   1.6817327e-02
   6.0100000e+02   1.7825960e+01   3.7333510e+00  -2.1564521e-01   1.6714859e-01   1.6785265e-02
   6.0200000e+02   1.7801390e+01   3.7323000e+00  -2.1553880e-01   1.6711826e-01   1.6753507e-02
   6.0300000e+02   1.7776910e+01   3.7312470e+00  -2.1543287e-01   1.6708811e-01   1.6722056e-02
   6.0400000e+02   1.7752520e+01   3.7301920e+00  -2.1532750e-01   1.6705820e-01   1.6690919e-02
   6.0500000e+02   1.7728220e+01   3.7291350e+00  -2.1522262e-01   1.6702847e-01   1.6660094e-02
   6.0600000e+02   1.7704020e+01   3.7280770e+00  -2.1511825e-01   1.6699892e-01   1.6629572e-02
   6.0700000e+02   1.7679900e+01   3.7270170e+00  -2.1501442e-01   1.6696960e-01   1.6599360e-02
   6.0800000e+02   1.7655870e+01   3.7259550e+00  -2.1491113e-01   1.6694049e-01   1.6569461e-02
   6.0900000e+02   1.7631940e+01   3.7248920e+00  -2.1480820e-01   1.6691144e-01   1.6539871e-02
   6.1000000e+02   1.7608090e+01   3.7238270e+00  -2.1470588e-01   1.6688268e-01   1.6510587e-02
   6.1100000e+02   1.7584340e+01   3.7227600e+00  -2.1460398e-01   1.6685402e-01   1.6481619e-02
   6.1200000e+02   1.7560670e+01   3.7216920e+00  -2.1450256e-01   1.6682552e-01   1.6452958e-02
   6.1300000e+02   1.7537080e+01   3.7206220e+00  -2.1440173e-01   1.6679730e-01   1.6424606e-02
   6.1400000e+02   1.7513590e+01   3.7195500e+00  -2.1430133e-01   1.6676919e-01   1.6396565e-02
   6.1500000e+02   1.7490180e+01   3.7184760e+00  -2.1420149e-01   1.6674131e-01   1.6368836e-02
   6.1600000e+02   1.7466860e+01   3.7174010e+00  -2.1410210e-01   1.6671357e-01   1.6341413e-02
   6.1700000e+02   1.7443630e+01   3.7163250e+00  -2.1400305e-01   1.6668586e-01   1.6314297e-02
   6.1800000e+02   1.7420480e+01   3.7152470e+00  -2.1390453e-01   1.6665837e-01   1.6287494e-02
   6.1900000e+02   1.7397420e+01   3.7141670e+00  -2.1380656e-01   1.6663109e-01   1.6260999e-02
   6.2000000e+02   1.7374440e+01   3.7130850e+00  -2.1370908e-01   1.6660399e-01   1.6234815e-02
   6.2100000e+02   1.7351540e+01   3.7120020e+00  -2.1361199e-01   1.6657698e-01   1.6208938e-02
   6.2200000e+02   1.7328730e+01   3.7109170e+00  -2.1351544e-01   1.6655019e-01   1.6183369e-02
   6.2300000e+02   1.7306010e+01   3.7098310e+00  -2.1341927e-01   1.6652345e-01   1.6158103e-02
   6.2400000e+02   1.7283360e+01   3.7087440e+00  -2.1332354e-01   1.6649685e-01   1.6133145e-02
   6.2500000e+02   1.7260800e+01   3.7076540e+00  -2.1322830e-01   1.6647042e-01   1.6108502e-02
   6.2600000e+02   1.7238320e+01   3.7065630e+00  -2.1313354e-01   1.6644416e-01   1.6084160e-02
   6.2700000e+02   1.7215920e+01   3.7054710e+00  -2.1303919e-01   1.6641799e-01   1.6060123e-02
   6.2800000e+02   1.7193610e+01   3.7043770e+00  -2.1294522e-01   1.6639189e-01   1.6036394e-02
   6.2900000e+02   1.7171370e+01   3.7032820e+00  -2.1285175e-01   1.6636599e-01   1.6012965e-02
   6.3000000e+02   1.7149220e+01   3.7021850e+00  -2.1275872e-01   1.6634020e-01   1.5989844e-02
   6.3100000e+02   1.7127140e+01   3.7010860e+00  -2.1266614e-01   1.6631456e-01   1.5967032e-02
   6.3200000e+02   1.7105150e+01   3.6999870e+00  -2.1257389e-01   1.6628894e-01   1.5944513e-02
   6.3300000e+02   1.7083230e+01   3.6988850e+00  -2.1248219e-01   1.6626355e-01   1.5922305e-02
   6.3400000e+02   1.7061390e+01   3.6977830e+00  -2.1239078e-01   1.6623816e-01   1.5900395e-02
   6.3500000e+02   1.7039630e+01   3.6966780e+00  -2.1229989e-01   1.6621296e-01   1.5878790e-02
   6.3600000e+02   1.7017950e+01   3.6955730e+00  -2.1220932e-01   1.6618779e-01   1.5857480e-02
   6.3700000e+02   1.6996350e+01   3.6944660e+00  -2.1211917e-01   1.6616273e-01   1.5836473e-02
   6.3800000e+02   1.6974820e+01   3.6933570e+00  -2.1202954e-01   1.6613786e-01   1.5815766e-02
   6.3900000e+02   1.6953370e+01   3.6922470e+00  -2.1194020e-01   1.6611300e-01   1.5795361e-02
   6.4000000e+02   1.6932000e+01   3.6911360e+00  -2.1185124e-01   1.6608821e-01   1.5775247e-02
   6.4100000e+02   1.6910710e+01   3.6900230e+00  -2.1176270e-01   1.6606353e-01   1.5755435e-02
   6.4200000e+02   1.6889480e+01   3.6889090e+00  -2.1167458e-01   1.6603898e-01   1.5735917e-02
   6.4300000e+02   1.6868340e+01   3.6877940e+00  -2.1158679e-01   1.6601444e-01   1.5716691e-02
   6.4400000e+02   1.6847270e+01   3.6866770e+00  -2.1149940e-01   1.6599001e-01   1.5697764e-02
   6.4500000e+02   1.6826270e+01   3.6855590e+00  -2.1141235e-01   1.6596562e-01   1.5679130e-02
   6.4600000e+02   1.6805350e+01   3.6844390e+00  -2.1132575e-01   1.6594137e-01   1.5660790e-02
   6.4700000e+02   1.6784500e+01   3.6833180e+00  -2.1123946e-01   1.6591715e-01   1.5642742e-02
   6.4800000e+02   1.6763730e+01   3.6821960e+00  -2.1115351e-01   1.6589296e-01   1.5624985e-02
   6.4900000e+02   1.6743020e+01   3.6810730e+00  -2.1106796e-01   1.6586888e-01   1.5607511e-02
   6.5000000e+02   1.6722400e+01   3.6799480e+00  -2.1098271e-01   1.6584480e-01   1.5590333e-02
   6.5100000e+02   1.6701840e+01   3.6788220e+00  -2.1089786e-01   1.6582083e-01   1.5573440e-02
   6.5200000e+02   1.6681350e+01   3.6776950e+00  -2.1081331e-01   1.6579687e-01   1.5556834e-02
   6.5300000e+02   1.6660940e+01   3.6765660e+00  -2.1072915e-01   1.6577300e-01   1.5540517e-02
   6.5400000e+02   1.6640600e+01   3.6754360e+00  -2.1064530e-01   1.6574915e-01   1.5524481e-02
   6.5500000e+02   1.6620330e+01   3.6743050e+00  -2.1056175e-01   1.6572531e-01   1.5508732e-02
   6.5600000e+02   1.6600120e+01   3.6731730e+00  -2.1047855e-01   1.6570156e-01   1.5493260e-02
   6.5700000e+02   1.6579990e+01   3.6720400e+00  -2.1039563e-01   1.6567778e-01   1.5478071e-02
   6.5800000e+02   1.6559930e+01   3.6709050e+00  -2.1031307e-01   1.6565407e-01   1.5463167e-02
   6.5900000e+02   1.6539940e+01   3.6697690e+00  -2.1023081e-01   1.6563037e-01   1.5448539e-02
   6.6000000e+02   1.6520020e+01   3.6686320e+00  -2.1014883e-01   1.6560668e-01   1.5434188e-02
   6.6100000e+02   1.6500160e+01   3.6674940e+00  -2.1006719e-01   1.6558305e-01   1.5420115e-02
   6.6200000e+02   1.6480380e+01   3.6663540e+00  -2.0998584e-01   1.6555941e-01   1.5406318e-02
   6.6300000e+02   1.6460660e+01   3.6652140e+00  -2.0990475e-01   1.6553577e-01   1.5392793e-02
   6.6400000e+02   1.6441010e+01   3.6640720e+00  -2.0982398e-01   1.6551218e-01   1.5379543e-02
   6.6500000e+02   1.6421430e+01   3.6629290e+00  -2.0974350e-01   1.6548857e-01   1.5366565e-02
   6.6600000e+02   1.6401910e+01   3.6617850e+00  -2.0966330e-01   1.6546499e-01   1.5353857e-02
   6.6700000e+02   1.6382460e+01   3.6606400e+00  -2.0958335e-01   1.6544139e-01   1.5341416e-02
   6.6800000e+02   1.6363080e+01   3.6594940e+00  -2.0950364e-01   1.6541774e-01   1.5329247e-02
   6.6900000e+02   1.6343760e+01   3.6583470e+00  -2.0942424e-01   1.6539414e-01   1.5317340e-02
   6.7000000e+02   1.6324510e+01   3.6571980e+00  -2.0934514e-01   1.6537056e-01   1.5305703e-02
   6.7100000e+02   1.6305330e+01   3.6560490e+00  -2.0926618e-01   1.6534686e-01   1.5294325e-02
   6.7200000e+02   1.6286200e+01   3.6548980e+00  -2.0918761e-01   1.6532328e-01   1.5283216e-02
   6.7300000e+02   1.6267150e+01   3.6537470e+00  -2.0910913e-01   1.6529953e-01   1.5272361e-02
   6.7400000e+02   1.6248160e+01   3.6525940e+00  -2.0903102e-01   1.6527588e-01   1.5261769e-02
   6.7500000e+02   1.6229230e+01   3.6514410e+00  -2.0895306e-01   1.6525213e-01   1.5251433e-02
   6.7600000e+02   1.6210360e+01   3.6502860e+00  -2.0887541e-01   1.6522842e-01   1.5241358e-02
   6.7700000e+02   1.6191560e+01   3.6491300e+00  -2.0879799e-01   1.6520467e-01   1.5231536e-02
   6.7800000e+02   1.6172830e+01   3.6479740e+00  -2.0872065e-01   1.6518075e-01   1.5221971e-02
   6.7900000e+02   1.6154150e+01   3.6468160e+00  -2.0864369e-01   1.6515696e-01   1.5212655e-02
   6.8000000e+02   1.6135540e+01   3.6456570e+00  -2.0856691e-01   1.6513308e-01   1.5203593e-02
   6.8100000e+02   1.6116990e+01   3.6444980e+00  -2.0849027e-01   1.6510910e-01   1.5194777e-02
   6.8200000e+02   1.6098500e+01   3.6433370e+00  -2.0841390e-01   1.6508514e-01   1.5186213e-02
   6.8300000e+02   1.6080070e+01   3.6421760e+00  -2.0833769e-01   1.6506108e-01   1.5177892e-02
   6.8400000e+02   1.6061710e+01   3.6410140e+00  -2.0826165e-01   1.6503694e-01   1.5169816e-02
   6.8500000e+02   1.6043400e+01   3.6398500e+00  -2.0818591e-01   1.6501286e-01   1.5161988e-02
   6.8600000e+02   1.6025160e+01   3.6386860e+00  -2.0811024e-01   1.6498861e-01   1.5154398e-02
   6.8700000e+02   1.6006980e+01   3.6375210e+00  -2.0803479e-01   1.6496431e-01   1.5147049e-02
   6.8800000e+02   1.5988850e+01   3.6363550e+00  -2.0795950e-01   1.6493997e-01   1.5139943e-02
   6.8900000e+02   1.5970790e+01   3.6351880e+00  -2.0788440e-01   1.6491555e-01   1.5133070e-02
   6.9000000e+02   1.5952780e+01   3.6340200e+00  -2.0780953e-01   1.6489112e-01   1.5126434e-02
   6.9100000e+02   1.5934840e+01   3.6328520e+00  -2.0773467e-01   1.6486647e-01   1.5120032e-02
   6.9200000e+02   1.5916950e+01   3.6316820e+00  -2.0766011e-01   1.6484189e-01   1.5113862e-02
   6.9300000e+02   1.5899120e+01   3.6305120e+00  -2.0758565e-01   1.6481716e-01   1.5107924e-02
   6.9400000e+02   1.5881350e+01   3.6293410e+00  -2.0751133e-01   1.6479235e-01   1.5102214e-02
   6.9500000e+02   1.5863640e+01   3.6281690e+00  -2.0743716e-01   1.6476746e-01   1.5096734e-02
   6.9600000e+02   1.5845980e+01   3.6269960e+00  -2.0736317e-01   1.6474251e-01   1.5091479e-02
   6.9700000e+02   1.5828390e+01   3.6258230e+00  -2.0728922e-01   1.6471738e-01   1.5086446e-02
   6.9800000e+02   1.5810850e+01   3.6246490e+00  -2.0721541e-01   1.6469218e-01   1.5081637e-02
   6.9900000e+02   1.5793360e+01   3.6234740e+00  -2.0714182e-01   1.6466695e-01   1.5077051e-02
   7.0000000e+02   1.5775940e+01   3.6222980e+00  -2.0706828e-01   1.6464155e-01   1.5072685e-02
   7.0100000e+02   1.5758570e+01   3.6211210e+00  -2.0699491e-01   1.6461611e-01   1.5068538e-02
   7.0200000e+02   1.5741250e+01   3.6199440e+00  -2.0692159e-01   1.6459051e-01   1.5064605e-02
   7.0300000e+02   1.5723990e+01   3.6187660e+00  -2.0684842e-01   1.6456483e-01   1.5060886e-02
   7.0400000e+02   1.5706790e+01   3.6175870e+00  -2.0677535e-01   1.6453903e-01   1.5057381e-02
   7.0500000e+02   1.5689640e+01   3.6164080e+00  -2.0670231e-01   1.6451306e-01   1.5054087e-02
   7.0600000e+02   1.5672550e+01   3.6152280e+00  -2.0662940e-01   1.6448700e-01   1.5051000e-02
   7.0700000e+02   1.5655510e+01   3.6140470e+00  -2.0655662e-01   1.6446086e-01   1.5048123e-02
   7.0800000e+02   1.5638530e+01   3.6128650e+00  -2.0648391e-01   1.6443458e-01   1.5045455e-02
   7.0900000e+02   1.5621600e+01   3.6116830e+00  -2.0641126e-01   1.6440815e-01   1.5042988e-02
   7.1000000e+02   1.5604720e+01   3.6105000e+00  -2.0633873e-01   1.6438165e-01   1.5040726e-02
   7.1100000e+02   1.5587900e+01   3.6093170e+00  -2.0626618e-01   1.6435492e-01   1.5038661e-02
   7.1200000e+02   1.5571130e+01   3.6081330e+00  -2.0619377e-01   1.6432812e-01   1.5036797e-02
   7.1300000e+02   1.5554410e+01   3.6069480e+00  -2.0612142e-01   1.6430119e-01   1.5035134e-02
   7.1400000e+02   1.5537750e+01   3.6057630e+00  -2.0604909e-01   1.6427408e-01   1.5033663e-02
   7.1500000e+02   1.5521140e+01   3.6045770e+00  -2.0597686e-01   1.6424686e-01   1.5032384e-02
   7.1600000e+02   1.5504580e+01   3.6033900e+00  -2.0590470e-01   1.6421953e-01   1.5031302e-02
   7.1700000e+02   1.5488070e+01   3.6022030e+00  -2.0583254e-01   1.6419201e-01   1.5030411e-02
   7.1800000e+02   1.5471620e+01   3.6010150e+00  -2.0576044e-01   1.6416434e-01   1.5029708e-02
   7.1900000e+02   1.5455210e+01   3.5998270e+00  -2.0568839e-01   1.6413655e-01   1.5029189e-02
   7.2000000e+02   1.5438860e+01   3.5986380e+00  -2.0561634e-01   1.6410856e-01   1.5028862e-02
   7.2100000e+02   1.5422560e+01   3.5974490e+00  -2.0554430e-01   1.6408040e-01   1.5028713e-02
   7.2200000e+02   1.5406310e+01   3.5962590e+00  -2.0547233e-01   1.6405213e-01   1.5028747e-02
   7.2300000e+02   1.5390110e+01   3.5950690e+00  -2.0540034e-01   1.6402365e-01   1.5028960e-02
   7.2400000e+02   1.5373960e+01   3.5938780e+00  -2.0532840e-01   1.6399504e-01   1.5029354e-02
   7.2500000e+02   1.5357860e+01   3.5926870e+00  -2.0525645e-01   1.6396625e-01   1.5029923e-02
   7.2600000e+02   1.5341810e+01   3.5914950e+00  -2.0518453e-01   1.6393731e-01   1.5030666e-02
   7.2700000e+02   1.5325810e+01   3.5903020e+00  -2.0511267e-01   1.6390824e-01   1.5031586e-02
   7.2800000e+02   1.5309860e+01   3.5891100e+00  -2.0504069e-01   1.6387889e-01   1.5032674e-02
   7.2900000e+02   1.5293960e+01   3.5879160e+00  -2.0496880e-01   1.6384944e-01   1.5033936e-02
   7.3000000e+02   1.5278100e+01   3.5867230e+00  -2.0489687e-01   1.6381981e-01   1.5035360e-02
   7.3100000e+02   1.5262300e+01   3.5855290e+00  -2.0482489e-01   1.6378994e-01   1.5036955e-02
   7.3200000e+02   1.5246540e+01   3.5843340e+00  -2.0475298e-01   1.6375999e-01   1.5038714e-02
   7.3300000e+02   1.5230830e+01   3.5831390e+00  -2.0468103e-01   1.6372982e-01   1.5040636e-02
   7.3400000e+02   1.5215170e+01   3.5819440e+00  -2.0460899e-01   1.6369940e-01   1.5042715e-02
   7.3500000e+02   1.5199560e+01   3.5807480e+00  -2.0453697e-01   1.6366884e-01   1.5044959e-02
   7.3600000e+02   1.5184000e+01   3.5795520e+00  -2.0446489e-01   1.6363805e-01   1.5047356e-02
   7.3700000e+02   1.5168480e+01   3.5783550e+00  -2.0439286e-01   1.6360715e-01   1.5049914e-02
   7.3800000e+02   1.5153010e+01   3.5771580e+00  -2.0432072e-01   1.6357601e-01   1.5052622e-02
   7.3900000e+02   1.5137580e+01   3.5759610e+00  -2.0424857e-01   1.6354468e-01   1.5055485e-02
   7.4000000e+02   1.5122210e+01   3.5747630e+00  -2.0417635e-01   1.6351314e-01   1.5058497e-02
   7.4100000e+02   1.5106870e+01   3.5735650e+00  -2.0410415e-01   1.6348146e-01   1.5061657e-02
   7.4200000e+02   1.5091590e+01   3.5723670e+00  -2.0403180e-01   1.6344948e-01   1.5064967e-02
   7.4300000e+02   1.5076350e+01   3.5711680e+00  -2.0395947e-01   1.6341738e-01   1.5068419e-02
   7.4400000e+02   1.5061160e+01   3.5699690e+00  -2.0388703e-01   1.6338501e-01   1.5072018e-02
   7.4500000e+02   1.5046010e+01   3.5687700e+00  -2.0381454e-01   1.6335246e-01   1.5075756e-02
   7.4600000e+02   1.5030900e+01   3.5675700e+00  -2.0374204e-01   1.6331975e-01   1.5079639e-02
   7.4700000e+02   1.5015850e+01   3.5663710e+00  -2.0366936e-01   1.6328672e-01   1.5083653e-02
   7.4800000e+02   1.5000830e+01   3.5651700e+00  -2.0359677e-01   1.6325363e-01   1.5087813e-02
   7.4900000e+02   1.4985860e+01   3.5639700e+00  -2.0352395e-01   1.6322020e-01   1.5092102e-02
   7.5000000e+02   1.4970940e+01   3.5627700e+00  -2.0345107e-01   1.6318654e-01   1.5096522e-02
   7.5100000e+02   1.4956060e+01   3.5615690e+00  -2.0337814e-01   1.6315272e-01   1.5101079e-02
   7.5200000e+02   1.4941220e+01   3.5603680e+00  -2.0330514e-01   1.6311868e-01   1.5105765e-02
   7.5300000e+02   1.4926430e+01   3.5591660e+00  -2.0323208e-01   1.6308445e-01   1.5110582e-02
   7.5400000e+02   1.4911680e+01   3.5579650e+00  -2.0315882e-01   1.6304991e-01   1.5115523e-02
   7.5500000e+02   1.4896970e+01   3.5567630e+00  -2.0308558e-01   1.6301524e-01   1.5120589e-02
   7.5600000e+02   1.4882310e+01   3.5555610e+00  -2.0301219e-01   1.6298030e-01   1.5125777e-02
   7.5700000e+02   1.4867690e+01   3.5543590e+00  -2.0293868e-01   1.6294511e-01   1.5131089e-02
   7.5800000e+02   1.4853110e+01   3.5531570e+00  -2.0286509e-01   1.6290972e-01   1.5136521e-02
   7.5900000e+02   1.4838580e+01   3.5519540e+00  -2.0279138e-01   1.6287409e-01   1.5142073e-02
   7.6000000e+02   1.4824090e+01   3.5507520e+00  -2.0271753e-01   1.6283819e-01   1.5147735e-02
   7.6100000e+02   1.4809640e+01   3.5495490e+00  -2.0264362e-01   1.6280212e-01   1.5153518e-02
   7.6200000e+02   1.4795230e+01   3.5483460e+00  -2.0256956e-01   1.6276578e-01   1.5159414e-02
   7.6300000e+02   1.4780860e+01   3.5471430e+00  -2.0249540e-01   1.6272923e-01   1.5165420e-02
   7.6400000e+02   1.4766540e+01   3.5459400e+00  -2.0242112e-01   1.6269243e-01   1.5171534e-02
   7.6500000e+02   1.4752250e+01   3.5447360e+00  -2.0234677e-01   1.6265546e-01   1.5177763e-02
   7.6600000e+02   1.4738010e+01   3.5435330e+00  -2.0227217e-01   1.6261812e-01   1.5184095e-02
   7.6700000e+02   1.4723810e+01   3.5423290e+00  -2.0219753e-01   1.6258063e-01   1.5190532e-02
   7.6800000e+02   1.4709650e+01   3.5411260e+00  -2.0212267e-01   1.6254283e-01   1.5197072e-02
   7.6900000e+02   1.4695530e+01   3.5399220e+00  -2.0204774e-01   1.6250483e-01   1.5203717e-02
   7.7000000e+02   1.4681450e+01   3.5387180e+00  -2.0197269e-01   1.6246661e-01   1.5210462e-02
   7.7100000e+02   1.4667410e+01   3.5375140e+00  -2.0189748e-01   1.6242813e-01   1.5217304e-02
   7.7200000e+02   1.4653410e+01   3.5363110e+00  -2.0182204e-01   1.6238933e-01   1.5224241e-02
   7.7300000e+02   1.4639450e+01   3.5351070e+00  -2.0174650e-01   1.6235032e-01   1.5231277e-02
   7.7400000e+02   1.4625520e+01   3.5339030e+00  -2.0167087e-01   1.6231113e-01   1.5238406e-02
   7.7500000e+02   1.4611640e+01   3.5326990e+00  -2.0159504e-01   1.6227163e-01   1.5245630e-02
   7.7600000e+02   1.4597800e+01   3.5314950e+00  -2.0151905e-01   1.6223186e-01   1.5252943e-02
   7.7700000e+02   1.4584000e+01   3.5302910e+00  -2.0144289e-01   1.6219184e-01   1.5260345e-02
   7.7800000e+02   1.4570230e+01   3.5290870e+00  -2.0136663e-01   1.6215163e-01   1.5267836e-02
   7.7900000e+02   1.4556510e+01   3.5278830e+00  -2.0129015e-01   1.6211110e-01   1.5275413e-02
   7.8000000e+02   1.4542820e+01   3.5266790e+00  -2.0121354e-01   1.6207035e-01   1.5283073e-02
   7.8100000e+02   1.4529170e+01   3.5254750e+00  -2.0113675e-01   1.6202933e-01   1.5290819e-02
   7.8200000e+02   1.4515560e+01   3.5242710e+00  -2.0105980e-01   1.6198806e-01   1.5298645e-02
   7.8300000e+02   1.4501990e+01   3.5230670e+00  -2.0098266e-01   1.6194651e-01   1.5306553e-02
   7.8400000e+02   1.4488450e+01   3.5218630e+00  -2.0090537e-01   1.6190474e-01   1.5314539e-02
   7.8500000e+02   1.4474960e+01   3.5206590e+00  -2.0082786e-01   1.6186265e-01   1.5322604e-02
   7.8600000e+02   1.4461500e+01   3.5194550e+00  -2.0075022e-01   1.6182035e-01   1.5330743e-02
   7.8700000e+02   1.4448080e+01   3.5182520e+00  -2.0067233e-01   1.6177772e-01   1.5338954e-02
   7.8800000e+02   1.4434690e+01   3.5170480e+00  -2.0059433e-01   1.6173491e-01   1.5347241e-02
   7.8900000e+02   1.4421340e+01   3.5158450e+00  -2.0051609e-01   1.6169177e-01   1.5355596e-02
   7.9000000e+02   1.4408030e+01   3.5146410e+00  -2.0043772e-01   1.6164843e-01   1.5364027e-02
   7.9100000e+02   1.4394760e+01   3.5134380e+00  -2.0035909e-01   1.6160474e-01   1.5372522e-02
   7.9200000e+02   1.4381520e+01   3.5122350e+00  -2.0028030e-01   1.6156082e-01   1.5381084e-02
   7.9300000e+02   1.4368310e+01   3.5110310e+00  -2.0020141e-01   1.6151674e-01   1.5389714e-02
   7.9400000e+02   1.4355150e+01   3.5098280e+00  -2.0012225e-01   1.6147229e-01   1.5398407e-02
   7.9500000e+02   1.4342020e+01   3.5086260e+00  -2.0004281e-01   1.6142751e-01   1.5407159e-02
   7.9600000e+02   1.4328920e+01   3.5074230e+00  -1.9996328e-01   1.6138258e-01   1.5415975e-02
   7.9700000e+02   1.4315860e+01   3.5062200e+00  -1.9988355e-01   1.6133737e-01   1.5424854e-02
   7.9800000e+02   1.4302840e+01   3.5050180e+00  -1.9980353e-01   1.6129180e-01   1.5433787e-02
   7.9900000e+02   1.4289850e+01   3.5038160e+00  -1.9972333e-01   1.6124599e-01   1.5442778e-02
   8.0000000e+02   1.4276900e+01   3.5026140e+00  -1.9964296e-01   1.6119993e-01   1.5451826e-02
   8.0100000e+02   1.4263980e+01   3.5014120e+00  -1.9956236e-01   1.6115358e-01   1.5460931e-02
   8.0200000e+02   1.4251100e+01   3.5002100e+00  -1.9948156e-01   1.6110698e-01   1.5470087e-02
   8.0300000e+02   1.4238250e+01   3.4990080e+00  -1.9940060e-01   1.6106015e-01   1.5479296e-02
   8.0400000e+02   1.4225440e+01   3.4978070e+00  -1.9931933e-01   1.6101294e-01   1.5488554e-02
   8.0500000e+02   1.4212660e+01   3.4966060e+00  -1.9923791e-01   1.6096553e-01   1.5497857e-02
   8.0600000e+02   1.4199910e+01   3.4954050e+00  -1.9915626e-01   1.6091784e-01   1.5507213e-02
   8.0700000e+02   1.4187200e+01   3.4942040e+00  -1.9907440e-01   1.6086987e-01   1.5516616e-02
   8.0800000e+02   1.4174520e+01   3.4930040e+00  -1.9899229e-01   1.6082161e-01   1.5526060e-02
   8.0900000e+02   1.4161880e+01   3.4918040e+00  -1.9890996e-01   1.6077305e-01   1.5535548e-02
   8.1000000e+02   1.4149270e+01   3.4906040e+00  -1.9882739e-01   1.6072422e-01   1.5545082e-02
   8.1100000e+02   1.4136690e+01   3.4894040e+00  -1.9874467e-01   1.6067518e-01   1.5554655e-02
   8.1200000e+02   1.4124150e+01   3.4882040e+00  -1.9866169e-01   1.6062582e-01   1.5564272e-02
   8.1300000e+02   1.4111630e+01   3.4870050e+00  -1.9857853e-01   1.6057624e-01   1.5573924e-02
   8.1400000e+02   1.4099160e+01   3.4858060e+00  -1.9849504e-01   1.6052628e-01   1.5583613e-02
   8.1500000e+02   1.4086710e+01   3.4846080e+00  -1.9841137e-01   1.6047609e-01   1.5593335e-02
   8.1600000e+02   1.4074300e+01   3.4834090e+00  -1.9832750e-01   1.6042564e-01   1.5603100e-02
   8.1700000e+02   1.4061920e+01   3.4822110e+00  -1.9824334e-01   1.6037488e-01   1.5612892e-02
   8.1800000e+02   1.4049570e+01   3.4810130e+00  -1.9815899e-01   1.6032387e-01   1.5622722e-02
   8.1900000e+02   1.4037260e+01   3.4798160e+00  -1.9807434e-01   1.6027251e-01   1.5632576e-02
   8.2000000e+02   1.4024970e+01   3.4786190e+00  -1.9798952e-01   1.6022095e-01   1.5642466e-02
   8.2100000e+02   1.4012720e+01   3.4774220e+00  -1.9790444e-01   1.6016908e-01   1.5652383e-02
   8.2200000e+02   1.4000500e+01   3.4762250e+00  -1.9781919e-01   1.6011699e-01   1.5662331e-02
   8.2300000e+02   1.3988320e+01   3.4750290e+00  -1.9773359e-01   1.6006452e-01   1.5672302e-02
   8.2400000e+02   1.3976160e+01   3.4738330e+00  -1.9764782e-01   1.6001184e-01   1.5682298e-02
   8.2500000e+02   1.3964040e+01   3.4726370e+00  -1.9756182e-01   1.5995888e-01   1.5692325e-02
   8.2600000e+02   1.3951940e+01   3.4714420e+00  -1.9747557e-01   1.5990564e-01   1.5702369e-02
   8.2700000e+02   1.3939880e+01   3.4702470e+00  -1.9738907e-01   1.5985211e-01   1.5712436e-02
   8.2800000e+02   1.3927850e+01   3.4690530e+00  -1.9730222e-01   1.5979822e-01   1.5722521e-02
   8.2900000e+02   1.3915850e+01   3.4678590e+00  -1.9721522e-01   1.5974412e-01   1.5732628e-02
   8.3000000e+02   1.3903880e+01   3.4666650e+00  -1.9712801e-01   1.5968977e-01   1.5742758e-02
   8.3100000e+02   1.3891940e+01   3.4654720e+00  -1.9704047e-01   1.5963508e-01   1.5752895e-02
   8.3200000e+02   1.3880030e+01   3.4642790e+00  -1.9695277e-01   1.5958018e-01   1.5763057e-02
   8.3300000e+02   1.3868150e+01   3.4630860e+00  -1.9686477e-01   1.5952497e-01   1.5773236e-02
   8.3400000e+02   1.3856300e+01   3.4618940e+00  -1.9677653e-01   1.5946947e-01   1.5783424e-02
   8.3500000e+02   1.3844490e+01   3.4607020e+00  -1.9668805e-01   1.5941368e-01   1.5793629e-02
   8.3600000e+02   1.3832700e+01   3.4595100e+00  -1.9659936e-01   1.5935768e-01   1.5803845e-02
   8.3700000e+02   1.3820940e+01   3.4583190e+00  -1.9651033e-01   1.5930132e-01   1.5814073e-02
   8.3800000e+02   1.3809210e+01   3.4571290e+00  -1.9642108e-01   1.5924469e-01   1.5824307e-02
   8.3900000e+02   1.3797510e+01   3.4559390e+00  -1.9633157e-01   1.5918779e-01   1.5834552e-02
   8.4000000e+02   1.3785840e+01   3.4547490e+00  -1.9624181e-01   1.5913061e-01   1.5844808e-02
   8.4100000e+02   1.3774200e+01   3.4535600e+00  -1.9615181e-01   1.5907316e-01   1.5855065e-02
   8.4200000e+02   1.3762590e+01   3.4523710e+00  -1.9606158e-01   1.5901545e-01   1.5865333e-02
   8.4300000e+02   1.3751010e+01   3.4511830e+00  -1.9597099e-01   1.5895738e-01   1.5875601e-02
   8.4400000e+02   1.3739450e+01   3.4499950e+00  -1.9588027e-01   1.5889914e-01   1.5885879e-02
   8.4500000e+02   1.3727930e+01   3.4488070e+00  -1.9578925e-01   1.5884058e-01   1.5896163e-02
   8.4600000e+02   1.3716430e+01   3.4476200e+00  -1.9569800e-01   1.5878176e-01   1.5906441e-02
   8.4700000e+02   1.3704960e+01   3.4464340e+00  -1.9560641e-01   1.5872260e-01   1.5916722e-02
   8.4800000e+02   1.3693520e+01   3.4452470e+00  -1.9551467e-01   1.5866326e-01   1.5927011e-02
   8.4900000e+02   1.3682110e+01   3.4440620e+00  -1.9542261e-01   1.5860357e-01   1.5937289e-02
   8.5000000e+02   1.3670730e+01   3.4428770e+00  -1.9533026e-01   1.5854359e-01   1.5947571e-02
   8.5100000e+02   1.3659370e+01   3.4416920e+00  -1.9523773e-01   1.5848340e-01   1.5957852e-02
   8.5200000e+02   1.3648050e+01   3.4405080e+00  -1.9514484e-01   1.5842284e-01   1.5968122e-02
   8.5300000e+02   1.3636750e+01   3.4393240e+00  -1.9505176e-01   1.5836207e-01   1.5978396e-02
   8.5400000e+02   1.3625480e+01   3.4381410e+00  -1.9495841e-01   1.5830101e-01   1.5988659e-02
   8.5500000e+02   1.3614230e+01   3.4369590e+00  -1.9486479e-01   1.5823968e-01   1.5998915e-02
   8.5600000e+02   1.3603020e+01   3.4357770e+00  -1.9477089e-01   1.5817804e-01   1.6009166e-02
   8.5700000e+02   1.3591830e+01   3.4345950e+00  -1.9467680e-01   1.5811620e-01   1.6019411e-02
   8.5800000e+02   1.3580660e+01   3.4334140e+00  -1.9458245e-01   1.5805409e-01   1.6029645e-02
   8.5900000e+02   1.3569530e+01   3.4322330e+00  -1.9448779e-01   1.5799165e-01   1.6039875e-02
   8.6000000e+02   1.3558420e+01   3.4310530e+00  -1.9439291e-01   1.5792898e-01   1.6050090e-02
   8.6100000e+02   1.3547340e+01   3.4298740e+00  -1.9429766e-01   1.5786594e-01   1.6060290e-02
   8.6200000e+02   1.3536290e+01   3.4286950e+00  -1.9420223e-01   1.5780269e-01   1.6070487e-02
   8.6300000e+02   1.3525260e+01   3.4275170e+00  -1.9410648e-01   1.5773914e-01   1.6080659e-02
   8.6400000e+02   1.3514260e+01   3.4263390e+00  -1.9401054e-01   1.5767537e-01   1.6090826e-02
   8.6500000e+02   1.3503280e+01   3.4251620e+00  -1.9391432e-01   1.5761132e-01   1.6100974e-02
   8.6600000e+02   1.3492330e+01   3.4239850e+00  -1.9381784e-01   1.5754699e-01   1.6111114e-02
   8.6700000e+02   1.3481410e+01   3.4228090e+00  -1.9372111e-01   1.5748240e-01   1.6121234e-02
   8.6800000e+02   1.3470510e+01   3.4216330e+00  -1.9362413e-01   1.5741756e-01   1.6131338e-02
   8.6900000e+02   1.3459640e+01   3.4204580e+00  -1.9352684e-01   1.5735240e-01   1.6141420e-02
   8.7000000e+02   1.3448800e+01   3.4192840e+00  -1.9342928e-01   1.5728696e-01   1.6151488e-02
   8.7100000e+02   1.3437980e+01   3.4181100e+00  -1.9333147e-01   1.5722128e-01   1.6161535e-02
   8.7200000e+02   1.3427190e+01   3.4169370e+00  -1.9323342e-01   1.5715533e-01   1.6171563e-02
   8.7300000e+02   1.3416420e+01   3.4157640e+00  -1.9313511e-01   1.5708913e-01   1.6181571e-02
   8.7400000e+02   1.3405680e+01   3.4145920e+00  -1.9303652e-01   1.5702265e-01   1.6191556e-02
   8.7500000e+02   1.3394960e+01   3.4134210e+00  -1.9293765e-01   1.5695588e-01   1.6201519e-02
   8.7600000e+02   1.3384270e+01   3.4122500e+00  -1.9283856e-01   1.5688888e-01   1.6211462e-02
   8.7700000e+02   1.3373600e+01   3.4110800e+00  -1.9273919e-01   1.5682161e-01   1.6221378e-02
   8.7800000e+02   1.3362960e+01   3.4099100e+00  -1.9263957e-01   1.5675408e-01   1.6231271e-02
   8.7900000e+02   1.3352350e+01   3.4087410e+00  -1.9253963e-01   1.5668622e-01   1.6241142e-02
   8.8000000e+02   1.3341750e+01   3.4075730e+00  -1.9243952e-01   1.5661820e-01   1.6250983e-02
   8.8100000e+02   1.3331190e+01   3.4064050e+00  -1.9233909e-01   1.5654985e-01   1.6260799e-02
   8.8200000e+02   1.3320640e+01   3.4052380e+00  -1.9223841e-01   1.5648127e-01   1.6270591e-02
   8.8300000e+02   1.3310130e+01   3.4040720e+00  -1.9213739e-01   1.5641232e-01   1.6280351e-02
   8.8400000e+02   1.3299630e+01   3.4029060e+00  -1.9203626e-01   1.5634328e-01   1.6290088e-02
   8.8500000e+02   1.3289160e+01   3.4017410e+00  -1.9193478e-01   1.5627388e-01   1.6299793e-02
   8.8600000e+02   1.3278720e+01   3.4005760e+00  -1.9183310e-01   1.5620427e-01   1.6309474e-02
   8.8700000e+02   1.3268300e+01   3.3994120e+00  -1.9173114e-01   1.5613439e-01   1.6319119e-02
   8.8800000e+02   1.3257900e+01   3.3982490e+00  -1.9162887e-01   1.5606421e-01   1.6328734e-02
   8.8900000e+02   1.3247530e+01   3.3970870e+00  -1.9152632e-01   1.5599375e-01   1.6338316e-02
   8.9000000e+02   1.3237180e+01   3.3959250e+00  -1.9142357e-01   1.5592309e-01   1.6347869e-02
   8.9100000e+02   1.3226860e+01   3.3947640e+00  -1.9132051e-01   1.5585212e-01   1.6357389e-02
   8.9200000e+02   1.3216550e+01   3.3936030e+00  -1.9121732e-01   1.5578102e-01   1.6366879e-02
   8.9300000e+02   1.3206280e+01   3.3924430e+00  -1.9111375e-01   1.5570954e-01   1.6376333e-02
   8.9400000e+02   1.3196020e+01   3.3912840e+00  -1.9100995e-01   1.5563785e-01   1.6385753e-02
   8.9500000e+02   1.3185790e+01   3.3901250e+00  -1.9090598e-01   1.5556597e-01   1.6395140e-02
   8.9600000e+02   1.3175580e+01   3.3889670e+00  -1.9080168e-01   1.5549378e-01   1.6404491e-02
   8.9700000e+02   1.3165400e+01   3.3878100e+00  -1.9069710e-01   1.5542130e-01   1.6413805e-02
   8.9800000e+02   1.3155230e+01   3.3866540e+00  -1.9059229e-01   1.5534862e-01   1.6423079e-02
   8.9900000e+02   1.3145100e+01   3.3854980e+00  -1.9048718e-01   1.5527562e-01   1.6432323e-02
   9.0000000e+02   1.3134980e+01   3.3843430e+00  -1.9038188e-01   1.5520245e-01   1.6441525e-02
   9.0100000e+02   1.3124890e+01   3.3831880e+00  -1.9027631e-01   1.5512901e-01   1.6450696e-02
   9.0200000e+02   1.3114820e+01   3.3820350e+00  -1.9017049e-01   1.5505531e-01   1.6459821e-02
   9.0300000e+02   1.3104770e+01   3.3808820e+00  -1.9006440e-01   1.5498137e-01   1.6468909e-02
   9.0400000e+02   1.3094740e+01   3.3797290e+00  -1.8995811e-01   1.5490722e-01   1.6477959e-02
   9.0500000e+02   1.3084740e+01   3.3785780e+00  -1.8985149e-01   1.5483276e-01   1.6486971e-02
   9.0600000e+02   1.3074760e+01   3.3774270e+00  -1.8974466e-01   1.5475808e-01   1.6495937e-02
   9.0700000e+02   1.3064800e+01   3.3762770e+00  -1.8963757e-01   1.5468316e-01   1.6504870e-02
   9.0800000e+02   1.3054870e+01   3.3751270e+00  -1.8953023e-01   1.5460798e-01   1.6513756e-02
   9.0900000e+02   1.3044950e+01   3.3739790e+00  -1.8942266e-01   1.5453260e-01   1.6522598e-02
   9.1000000e+02   1.3035060e+01   3.3728310e+00  -1.8931480e-01   1.5445692e-01   1.6531404e-02
   9.1100000e+02   1.3025190e+01   3.3716830e+00  -1.8920677e-01   1.5438108e-01   1.6540167e-02
   9.1200000e+02   1.3015340e+01   3.3705370e+00  -1.8909840e-01   1.5430492e-01   1.6548881e-02
   9.1300000e+02   1.3005510e+01   3.3693910e+00  -1.8898982e-01   1.5422855e-01   1.6557555e-02
   9.1400000e+02   1.2995710e+01   3.3682460e+00  -1.8888101e-01   1.5415195e-01   1.6566187e-02
   9.1500000e+02   1.2985930e+01   3.3671020e+00  -1.8877190e-01   1.5407506e-01   1.6574772e-02
   9.1600000e+02   1.2976160e+01   3.3659580e+00  -1.8866264e-01   1.5399805e-01   1.6583314e-02
   9.1700000e+02   1.2966420e+01   3.3648150e+00  -1.8855308e-01   1.5392073e-01   1.6591809e-02
   9.1800000e+02   1.2956700e+01   3.3636730e+00  -1.8844328e-01   1.5384318e-01   1.6600258e-02
   9.1900000e+02   1.2947010e+01   3.3625320e+00  -1.8833321e-01   1.5376535e-01   1.6608663e-02
   9.2000000e+02   1.2937330e+01   3.3613910e+00  -1.8822294e-01   1.5368736e-01   1.6617023e-02
   9.2100000e+02   1.2927670e+01   3.3602510e+00  -1.8811241e-01   1.5360911e-01   1.6625333e-02
   9.2200000e+02   1.2918040e+01   3.3591120e+00  -1.8800165e-01   1.5353064e-01   1.6633595e-02
   9.2300000e+02   1.2908430e+01   3.3579740e+00  -1.8789061e-01   1.5345189e-01   1.6641813e-02
   9.2400000e+02   1.2898830e+01   3.3568360e+00  -1.8777940e-01   1.5337299e-01   1.6649983e-02
   9.2500000e+02   1.2889260e+01   3.3556990e+00  -1.8766798e-01   1.5329387e-01   1.6658105e-02
   9.2600000e+02   1.2879710e+01   3.3545630e+00  -1.8755623e-01   1.5321444e-01   1.6666177e-02
   9.2700000e+02   1.2870180e+01   3.3534280e+00  -1.8744423e-01   1.5313478e-01   1.6674198e-02
   9.2800000e+02   1.2860670e+01   3.3522940e+00  -1.8733200e-01   1.5305490e-01   1.6682169e-02
   9.2900000e+02   1.2851180e+01   3.3511600e+00  -1.8721956e-01   1.5297482e-01   1.6690091e-02
   9.3000000e+02   1.2841710e+01   3.3500270e+00  -1.8710690e-01   1.5289452e-01   1.6697968e-02
   9.3100000e+02   1.2832260e+01   3.3488950e+00  -1.8699402e-01   1.5281402e-01   1.6705790e-02
   9.3200000e+02   1.2822830e+01   3.3477630e+00  -1.8688091e-01   1.5273329e-01   1.6713568e-02
   9.3300000e+02   1.2813420e+01   3.3466330e+00  -1.8676751e-01   1.5265229e-01   1.6721284e-02
   9.3400000e+02   1.2804030e+01   3.3455030e+00  -1.8665393e-01   1.5257112e-01   1.6728960e-02
   9.3500000e+02   1.2794660e+01   3.3443740e+00  -1.8654009e-01   1.5248970e-01   1.6736578e-02
   9.3600000e+02   1.2785310e+01   3.3432460e+00  -1.8642604e-01   1.5240807e-01   1.6744143e-02
   9.3700000e+02   1.2775990e+01   3.3421180e+00  -1.8631173e-01   1.5232619e-01   1.6751663e-02
   9.3800000e+02   1.2766680e+01   3.3409910e+00  -1.8619724e-01   1.5224416e-01   1.6759127e-02
   9.3900000e+02   1.2757390e+01   3.3398660e+00  -1.8608245e-01   1.5216183e-01   1.6766534e-02
   9.4000000e+02   1.2748120e+01   3.3387400e+00  -1.8596752e-01   1.5207937e-01   1.6773894e-02
   9.4100000e+02   1.2738870e+01   3.3376160e+00  -1.8585230e-01   1.5199663e-01   1.6781199e-02
   9.4200000e+02   1.2729630e+01   3.3364930e+00  -1.8573690e-01   1.5191373e-01   1.6788448e-02
   9.4300000e+02   1.2720420e+01   3.3353700e+00  -1.8562129e-01   1.5183062e-01   1.6795645e-02
   9.4400000e+02   1.2711230e+01   3.3342480e+00  -1.8550541e-01   1.5174725e-01   1.6802789e-02
   9.4500000e+02   1.2702060e+01   3.3331270e+00  -1.8538933e-01   1.5166369e-01   1.6809878e-02
   9.4600000e+02   1.2692900e+01   3.3320070e+00  -1.8527300e-01   1.5157991e-01   1.6816912e-02
   9.4700000e+02   1.2683770e+01   3.3308870e+00  -1.8515651e-01   1.5149596e-01   1.6823895e-02
   9.4800000e+02   1.2674650e+01   3.3297690e+00  -1.8503971e-01   1.5141173e-01   1.6830815e-02
   9.4900000e+02   1.2665560e+01   3.3286510e+00  -1.8492273e-01   1.5132731e-01   1.6837688e-02
   9.5000000e+02   1.2656480e+01   3.3275340e+00  -1.8480558e-01   1.5124274e-01   1.6844499e-02
   9.5100000e+02   1.2647420e+01   3.3264180e+00  -1.8468816e-01   1.5115791e-01   1.6851256e-02
   9.5200000e+02   1.2638380e+01   3.3253020e+00  -1.8457060e-01   1.5107295e-01   1.6857962e-02
   9.5300000e+02   1.2629360e+01   3.3241880e+00  -1.8445269e-01   1.5098766e-01   1.6864610e-02
   9.5400000e+02   1.2620350e+01   3.3230740e+00  -1.8433469e-01   1.5090230e-01   1.6871200e-02
   9.5500000e+02   1.2611370e+01   3.3219610e+00  -1.8421645e-01   1.5081668e-01   1.6877735e-02
   9.5600000e+02   1.2602400e+01   3.3208490e+00  -1.8409799e-01   1.5073087e-01   1.6884209e-02
   9.5700000e+02   1.2593460e+01   3.3197380e+00  -1.8397929e-01   1.5064482e-01   1.6890631e-02
   9.5800000e+02   1.2584530e+01   3.3186270e+00  -1.8386041e-01   1.5055861e-01   1.6896997e-02
   9.5900000e+02   1.2575620e+01   3.3175170e+00  -1.8374136e-01   1.5047224e-01   1.6903306e-02
   9.6000000e+02   1.2566720e+01   3.3164090e+00  -1.8362203e-01   1.5038561e-01   1.6909552e-02
   9.6100000e+02   1.2557850e+01   3.3153010e+00  -1.8350249e-01   1.5029877e-01   1.6915743e-02
   9.6200000e+02   1.2548990e+01   3.3141930e+00  -1.8338284e-01   1.5021183e-01   1.6921883e-02
   9.6300000e+02   1.2540150e+01   3.3130870e+00  -1.8326291e-01   1.5012463e-01   1.6927955e-02
   9.6400000e+02   1.2531330e+01   3.3119820e+00  -1.8314279e-01   1.5003723e-01   1.6933973e-02
   9.6500000e+02   1.2522530e+01   3.3108770e+00  -1.8302244e-01   1.4994963e-01   1.6939935e-02
   9.6600000e+02   1.2513750e+01   3.3097730e+00  -1.8290195e-01   1.4986188e-01   1.6945838e-02
   9.6700000e+02   1.2504980e+01   3.3086700e+00  -1.8278123e-01   1.4977393e-01   1.6951680e-02
   9.6800000e+02   1.2496230e+01   3.3075680e+00  -1.8266029e-01   1.4968577e-01   1.6957464e-02
   9.6900000e+02   1.2487500e+01   3.3064670e+00  -1.8253911e-01   1.4959738e-01   1.6963187e-02
   9.7000000e+02   1.2478790e+01   3.3053660e+00  -1.8241780e-01   1.4950887e-01   1.6968856e-02
   9.7100000e+02   1.2470090e+01   3.3042670e+00  -1.8229628e-01   1.4942015e-01   1.6974461e-02
   9.7200000e+02   1.2461410e+01   3.3031680e+00  -1.8217458e-01   1.4933128e-01   1.6980011e-02
   9.7300000e+02   1.2452750e+01   3.3020700e+00  -1.8205266e-01   1.4924218e-01   1.6985506e-02
   9.7400000e+02   1.2444110e+01   3.3009730e+00  -1.8193052e-01   1.4915288e-01   1.6990934e-02
   9.7500000e+02   1.2435480e+01   3.2998770e+00  -1.8180827e-01   1.4906347e-01   1.6996304e-02
   9.7600000e+02   1.2426870e+01   3.2987810e+00  -1.8168582e-01   1.4897388e-01   1.7001616e-02
   9.7700000e+02   1.2418280e+01   3.2976870e+00  -1.8156308e-01   1.4888401e-01   1.7006866e-02
   9.7800000e+02   1.2409700e+01   3.2965930e+00  -1.8144023e-01   1.4879404e-01   1.7012057e-02
   9.7900000e+02   1.2401140e+01   3.2955000e+00  -1.8131720e-01   1.4870390e-01   1.7017189e-02
   9.8000000e+02   1.2392600e+01   3.2944080e+00  -1.8119396e-01   1.4861355e-01   1.7022266e-02
   9.8100000e+02   1.2384080e+01   3.2933170e+00  -1.8107047e-01   1.4852297e-01   1.7027272e-02
   9.8200000e+02   1.2375570e+01   3.2922270e+00  -1.8094684e-01   1.4843226e-01   1.7032225e-02
   9.8300000e+02   1.2367080e+01   3.2911370e+00  -1.8082311e-01   1.4834144e-01   1.7037118e-02
   9.8400000e+02   1.2358600e+01   3.2900490e+00  -1.8069910e-01   1.4825038e-01   1.7041949e-02
   9.8500000e+02   1.2350150e+01   3.2889610e+00  -1.8057493e-01   1.4815914e-01   1.7046720e-02
   9.8600000e+02   1.2341710e+01   3.2878740e+00  -1.8045057e-01   1.4806773e-01   1.7051430e-02
   9.8700000e+02   1.2333280e+01   3.2867880e+00  -1.8032609e-01   1.4797622e-01   1.7056076e-02
   9.8800000e+02   1.2324880e+01   3.2857030e+00  -1.8020135e-01   1.4788444e-01   1.7060664e-02
   9.8900000e+02   1.2316480e+01   3.2846180e+00  -1.8007653e-01   1.4779260e-01   1.7065198e-02
   9.9000000e+02   1.2308110e+01   3.2835350e+00  -1.7995143e-01   1.4770049e-01   1.7069664e-02
   9.9100000e+02   1.2299750e+01   3.2824520e+00  -1.7982622e-01   1.4760827e-01   1.7074070e-02
   9.9200000e+02   1.2291410e+01   3.2813710e+00  -1.7970073e-01   1.4751579e-01   1.7078411e-02
   9.9300000e+02   1.2283080e+01   3.2802900e+00  -1.7957518e-01   1.4742326e-01   1.7082699e-02
   9.9400000e+02   1.2274770e+01   3.2792100e+00  -1.7944941e-01   1.4733051e-01   1.7086920e-02
   9.9500000e+02   1.2266480e+01   3.2781300e+00  -1.7932353e-01   1.4723765e-01   1.7091086e-02
   9.9600000e+02   1.2258200e+01   3.2770520e+00  -1.7919742e-01   1.4714457e-01   1.7095188e-02
   9.9700000e+02   1.2249940e+01   3.2759750e+00  -1.7907114e-01   1.4705133e-01   1.7099227e-02
   9.9800000e+02   1.2241700e+01   3.2748980e+00  -1.7894470e-01   1.4695794e-01   1.7103205e-02
   9.9900000e+02   1.2233470e+01   3.2738220e+00  -1.7881813e-01   1.4686442e-01   1.7107129e-02
   1.0000000e+03   1.2225250e+01   3.2727470e+00  -1.7869139e-01   1.4677075e-01   1.7110985e-02
   1.0010000e+03   1.2217060e+01   3.2716730e+00  -1.7856438e-01   1.4667682e-01   1.7114783e-02
   1.0020000e+03   1.2208870e+01   3.2706000e+00  -1.7843734e-01   1.4658286e-01   1.7118517e-02
   1.0030000e+03   1.2200710e+01   3.2695280e+00  -1.7830999e-01   1.4648860e-01   1.7122186e-02
   1.0040000e+03   1.2192560e+01   3.2684570e+00  -1.7818258e-01   1.4639426e-01   1.7125798e-02
   1.0050000e+03   1.2184420e+01   3.2673860e+00  -1.7805502e-01   1.4629981e-01   1.7129351e-02
   1.0060000e+03   1.2176300e+01   3.2663160e+00  -1.7792730e-01   1.4620520e-01   1.7132841e-02
   1.0070000e+03   1.2168200e+01   3.2652470e+00  -1.7779937e-01   1.4611038e-01   1.7136271e-02
   1.0080000e+03   1.2160110e+01   3.2641790e+00  -1.7767132e-01   1.4601544e-01   1.7139638e-02
   1.0090000e+03   1.2152040e+01   3.2631120e+00  -1.7754304e-01   1.4592029e-01   1.7142943e-02
   1.0100000e+03   1.2143980e+01   3.2620460e+00  -1.7741467e-01   1.4582505e-01   1.7146186e-02
   1.0110000e+03   1.2135940e+01   3.2609810e+00  -1.7728611e-01   1.4572962e-01   1.7149363e-02
   1.0120000e+03   1.2127910e+01   3.2599160e+00  -1.7715749e-01   1.4563414e-01   1.7152493e-02
   1.0130000e+03   1.2119900e+01   3.2588530e+00  -1.7702861e-01   1.4553841e-01   1.7155548e-02
   1.0140000e+03   1.2111900e+01   3.2577900e+00  -1.7689961e-01   1.4544257e-01   1.7158544e-02
   1.0150000e+03   1.2103920e+01   3.2567280e+00  -1.7677046e-01   1.4534657e-01   1.7161488e-02
   1.0160000e+03   1.2095950e+01   3.2556670e+00  -1.7664117e-01   1.4525045e-01   1.7164360e-02
   1.0170000e+03   1.2088000e+01   3.2546070e+00  -1.7651173e-01   1.4515417e-01   1.7167178e-02
   1.0180000e+03   1.2080070e+01   3.2535470e+00  -1.7638218e-01   1.4505778e-01   1.7169931e-02
   1.0190000e+03   1.2072140e+01   3.2524890e+00  -1.7625240e-01   1.4496119e-01   1.7172621e-02
   1.0200000e+03   1.2064240e+01   3.2514310e+00  -1.7612257e-01   1.4486453e-01   1.7175256e-02
   1.0210000e+03   1.2056350e+01   3.2503750e+00  -1.7599248e-01   1.4476762e-01   1.7177824e-02
   1.0220000e+03   1.2048470e+01   3.2493190e+00  -1.7586233e-01   1.4467066e-01   1.7180333e-02
   1.0230000e+03   1.2040610e+01   3.2482640e+00  -1.7573200e-01   1.4457352e-01   1.7182779e-02
   1.0240000e+03   1.2032760e+01   3.2472100e+00  -1.7560158e-01   1.4447630e-01   1.7185166e-02
   1.0250000e+03   1.2024920e+01   3.2461570e+00  -1.7547098e-01   1.4437890e-01   1.7187492e-02
   1.0260000e+03   1.2017110e+01   3.2451040e+00  -1.7534026e-01   1.4428137e-01   1.7189759e-02
   1.0270000e+03   1.2009300e+01   3.2440530e+00  -1.7520936e-01   1.4418369e-01   1.7191959e-02
   1.0280000e+03   1.2001510e+01   3.2430020e+00  -1.7507837e-01   1.4408590e-01   1.7194103e-02
   1.0290000e+03   1.1993740e+01   3.2419520e+00  -1.7494718e-01   1.4398793e-01   1.7196184e-02
   1.0300000e+03   1.1985980e+01   3.2409030e+00  -1.7481591e-01   1.4388987e-01   1.7198205e-02
   1.0310000e+03   1.1978230e+01   3.2398550e+00  -1.7468451e-01   1.4379168e-01   1.7200166e-02
   1.0320000e+03   1.1970500e+01   3.2388080e+00  -1.7455293e-01   1.4369333e-01   1.7202064e-02
   1.0330000e+03   1.1962780e+01   3.2377620e+00  -1.7442127e-01   1.4359488e-01   1.7203900e-02
   1.0340000e+03   1.1955080e+01   3.2367160e+00  -1.7428947e-01   1.4349630e-01   1.7205681e-02
   1.0350000e+03   1.1947390e+01   3.2356720e+00  -1.7415751e-01   1.4339756e-01   1.7207397e-02
   1.0360000e+03   1.1939710e+01   3.2346280e+00  -1.7402545e-01   1.4329873e-01   1.7209054e-02
   1.0370000e+03   1.1932050e+01   3.2335850e+00  -1.7389328e-01   1.4319979e-01   1.7210650e-02
   1.0380000e+03   1.1924400e+01   3.2325430e+00  -1.7376096e-01   1.4310070e-01   1.7212185e-02
   1.0390000e+03   1.1916770e+01   3.2315020e+00  -1.7362849e-01   1.4300146e-01   1.7213661e-02
   1.0400000e+03   1.1909150e+01   3.2304620e+00  -1.7349592e-01   1.4290211e-01   1.7215074e-02
   1.0410000e+03   1.1901550e+01   3.2294220e+00  -1.7336321e-01   1.4280263e-01   1.7216427e-02
   1.0420000e+03   1.1893950e+01   3.2283840e+00  -1.7323036e-01   1.4270303e-01   1.7217721e-02
   1.0430000e+03   1.1886380e+01   3.2273460e+00  -1.7309742e-01   1.4260331e-01   1.7218957e-02
   1.0440000e+03   1.1878810e+01   3.2263090e+00  -1.7296441e-01   1.4250353e-01   1.7220135e-02
   1.0450000e+03   1.1871260e+01   3.2252730e+00  -1.7283119e-01   1.4240355e-01   1.7221245e-02
   1.0460000e+03   1.1863730e+01   3.2242380e+00  -1.7269788e-01   1.4230346e-01   1.7222300e-02
   1.0470000e+03   1.1856200e+01   3.2232040e+00  -1.7256444e-01   1.4220326e-01   1.7223295e-02
   1.0480000e+03   1.1848690e+01   3.2221710e+00  -1.7243086e-01   1.4210292e-01   1.7224223e-02
   1.0490000e+03   1.1841200e+01   3.2211380e+00  -1.7229724e-01   1.4200252e-01   1.7225102e-02
   1.0500000e+03   1.1833720e+01   3.2201060e+00  -1.7216349e-01   1.4190199e-01   1.7225917e-02
   1.0510000e+03   1.1826250e+01   3.2190760e+00  -1.7202954e-01   1.4180128e-01   1.7226671e-02
   1.0520000e+03   1.1818790e+01   3.2180460e+00  -1.7189557e-01   1.4170054e-01   1.7227366e-02
   1.0530000e+03   1.1811350e+01   3.2170170e+00  -1.7176146e-01   1.4159965e-01   1.7228004e-02
   1.0540000e+03   1.1803920e+01   3.2159880e+00  -1.7162728e-01   1.4149869e-01   1.7228585e-02
   1.0550000e+03   1.1796510e+01   3.2149610e+00  -1.7149293e-01   1.4139756e-01   1.7229102e-02
   1.0560000e+03   1.1789110e+01   3.2139350e+00  -1.7135843e-01   1.4129628e-01   1.7229559e-02
   1.0570000e+03   1.1781720e+01   3.2129090e+00  -1.7122391e-01   1.4119498e-01   1.7229960e-02
   1.0580000e+03   1.1774340e+01   3.2118840e+00  -1.7108928e-01   1.4109356e-01   1.7230300e-02
   1.0590000e+03   1.1766980e+01   3.2108600e+00  -1.7095451e-01   1.4099201e-01   1.7230584e-02
   1.0600000e+03   1.1759630e+01   3.2098370e+00  -1.7081962e-01   1.4089033e-01   1.7230807e-02
   1.0610000e+03   1.1752300e+01   3.2088150e+00  -1.7068460e-01   1.4078851e-01   1.7230970e-02
   1.0620000e+03   1.1744980e+01   3.2077940e+00  -1.7054952e-01   1.4068663e-01   1.7231079e-02
   1.0630000e+03   1.1737670e+01   3.2067730e+00  -1.7041439e-01   1.4058469e-01   1.7231126e-02
   1.0640000e+03   1.1730370e+01   3.2057530e+00  -1.7027907e-01   1.4048260e-01   1.7231116e-02
   1.0650000e+03   1.1723090e+01   3.2047350e+00  -1.7014365e-01   1.4038036e-01   1.7231043e-02
   1.0660000e+03   1.1715820e+01   3.2037170e+00  -1.7000818e-01   1.4027808e-01   1.7230915e-02
   1.0670000e+03   1.1708560e+01   3.2027000e+00  -1.6987259e-01   1.4017568e-01   1.7230730e-02
   1.0680000e+03   1.1701310e+01   3.2016830e+00  -1.6973696e-01   1.4007323e-01   1.7230490e-02
   1.0690000e+03   1.1694080e+01   3.2006680e+00  -1.6960117e-01   1.3997061e-01   1.7230188e-02
   1.0700000e+03   1.1686860e+01   3.1996530e+00  -1.6946529e-01   1.3986791e-01   1.7229829e-02
   1.0710000e+03   1.1679650e+01   3.1986400e+00  -1.6932928e-01   1.3976508e-01   1.7229409e-02
   1.0720000e+03   1.1672460e+01   3.1976270e+00  -1.6919321e-01   1.3966217e-01   1.7228934e-02
   1.0730000e+03   1.1665280e+01   3.1966150e+00  -1.6905703e-01   1.3955915e-01   1.7228404e-02
   1.0740000e+03   1.1658110e+01   3.1956040e+00  -1.6892080e-01   1.3945607e-01   1.7227815e-02
   1.0750000e+03   1.1650950e+01   3.1945930e+00  -1.6878447e-01   1.3935290e-01   1.7227171e-02
   1.0760000e+03   1.1643810e+01   3.1935840e+00  -1.6864799e-01   1.3924956e-01   1.7226463e-02
   1.0770000e+03   1.1636680e+01   3.1925750e+00  -1.6851152e-01   1.3914621e-01   1.7225708e-02
   1.0780000e+03   1.1629560e+01   3.1915670e+00  -1.6837491e-01   1.3904274e-01   1.7224889e-02
   1.0790000e+03   1.1622450e+01   3.1905600e+00  -1.6823818e-01   1.3893915e-01   1.7224015e-02
   1.0800000e+03   1.1615360e+01   3.1895540e+00  -1.6810141e-01   1.3883549e-01   1.7223087e-02
   1.0810000e+03   1.1608280e+01   3.1885490e+00  -1.6796454e-01   1.3873172e-01   1.7222100e-02
   1.0820000e+03   1.1601210e+01   3.1875450e+00  -1.6782752e-01   1.3862782e-01   1.7221051e-02
   1.0830000e+03   1.1594150e+01   3.1865410e+00  -1.6769051e-01   1.3852391e-01   1.7219952e-02
   1.0840000e+03   1.1587110e+01   3.1855380e+00  -1.6755335e-01   1.3841984e-01   1.7218796e-02
   1.0850000e+03   1.1580080e+01   3.1845360e+00  -1.6741616e-01   1.3831573e-01   1.7217587e-02
   1.0860000e+03   1.1573060e+01   3.1835350e+00  -1.6727884e-01   1.3821149e-01   1.7216314e-02
   1.0870000e+03   1.1566050e+01   3.1825350e+00  -1.6714148e-01   1.3810720e-01   1.7214991e-02
   1.0880000e+03   1.1559050e+01   3.1815360e+00  -1.6700402e-01   1.3800281e-01   1.7213607e-02
   1.0890000e+03   1.1552070e+01   3.1805370e+00  -1.6686650e-01   1.3789834e-01   1.7212175e-02
   1.0900000e+03   1.1545100e+01   3.1795400e+00  -1.6672882e-01   1.3779371e-01   1.7210680e-02
   1.0910000e+03   1.1538140e+01   3.1785430e+00  -1.6659110e-01   1.3768903e-01   1.7209131e-02
   1.0920000e+03   1.1531190e+01   3.1775470e+00  -1.6645336e-01   1.3758432e-01   1.7207531e-02
   1.0930000e+03   1.1524250e+01   3.1765510e+00  -1.6631555e-01   1.3747954e-01   1.7205874e-02
   1.0940000e+03   1.1517330e+01   3.1755570e+00  -1.6617760e-01   1.3737459e-01   1.7204162e-02
   1.0950000e+03   1.1510420e+01   3.1745630e+00  -1.6603962e-01   1.3726961e-01   1.7202398e-02
   1.0960000e+03   1.1503520e+01   3.1735710e+00  -1.6590149e-01   1.3716449e-01   1.7200570e-02
   1.0970000e+03   1.1496630e+01   3.1725790e+00  -1.6576337e-01   1.3705936e-01   1.7198696e-02
   1.0980000e+03   1.1489750e+01   3.1715880e+00  -1.6562513e-01   1.3695410e-01   1.7196764e-02
   1.0990000e+03   1.1482890e+01   3.1705970e+00  -1.6548692e-01   1.3684884e-01   1.7194783e-02
   1.1000000e+03   1.1476040e+01   3.1696080e+00  -1.6534851e-01   1.3674339e-01   1.7192742e-02
   1.1010000e+03   1.1469190e+01   3.1686190e+00  -1.6521013e-01   1.3663796e-01   1.7190651e-02
   1.1020000e+03   1.1462360e+01   3.1676320e+00  -1.6507157e-01   1.3653235e-01   1.7188497e-02
   1.1030000e+03   1.1455550e+01   3.1666450e+00  -1.6493300e-01   1.3642669e-01   1.7186291e-02
   1.1040000e+03   1.1448740e+01   3.1656580e+00  -1.6479441e-01   1.3632102e-01   1.7184042e-02
   1.1050000e+03   1.1441950e+01   3.1646730e+00  -1.6465570e-01   1.3621521e-01   1.7181734e-02
   1.1060000e+03   1.1435160e+01   3.1636890e+00  -1.6451693e-01   1.3610935e-01   1.7179369e-02
   1.1070000e+03   1.1428390e+01   3.1627050e+00  -1.6437810e-01   1.3600340e-01   1.7176956e-02
   1.1080000e+03   1.1421630e+01   3.1617220e+00  -1.6423923e-01   1.3589740e-01   1.7174486e-02
   1.1090000e+03   1.1414880e+01   3.1607400e+00  -1.6410024e-01   1.3579128e-01   1.7171963e-02
   1.1100000e+03   1.1408140e+01   3.1597590e+00  -1.6396120e-01   1.3568510e-01   1.7169384e-02
   1.1110000e+03   1.1401420e+01   3.1587780e+00  -1.6382216e-01   1.3557889e-01   1.7166759e-02
   1.1120000e+03   1.1394700e+01   3.1577990e+00  -1.6368298e-01   1.3547254e-01   1.7164074e-02
   1.1130000e+03   1.1388000e+01   3.1568200e+00  -1.6354377e-01   1.3536615e-01   1.7161342e-02
   1.1140000e+03   1.1381310e+01   3.1558420e+00  -1.6340450e-01   1.3525969e-01   1.7158556e-02
   1.1150000e+03   1.1374630e+01   3.1548650e+00  -1.6326517e-01   1.3515315e-01   1.7155716e-02
   1.1160000e+03   1.1367960e+01   3.1538880e+00  -1.6312581e-01   1.3504657e-01   1.7152827e-02
   1.1170000e+03   1.1361300e+01   3.1529130e+00  -1.6298637e-01   1.3493990e-01   1.7149886e-02
   1.1180000e+03   1.1354650e+01   3.1519380e+00  -1.6284688e-01   1.3483317e-01   1.7146891e-02
   1.1190000e+03   1.1348020e+01   3.1509640e+00  -1.6270732e-01   1.3472635e-01   1.7143845e-02
   1.1200000e+03   1.1341390e+01   3.1499910e+00  -1.6256774e-01   1.3461949e-01   1.7140747e-02
   1.1210000e+03   1.1334780e+01   3.1490190e+00  -1.6242804e-01   1.3451251e-01   1.7137596e-02
   1.1220000e+03   1.1328170e+01   3.1480470e+00  -1.6228837e-01   1.3440556e-01   1.7134397e-02
   1.1230000e+03   1.1321580e+01   3.1470760e+00  -1.6214859e-01   1.3429846e-01   1.7131145e-02
   1.1240000e+03   1.1315000e+01   3.1461060e+00  -1.6200881e-01   1.3419135e-01   1.7127848e-02
   1.1250000e+03   1.1308430e+01   3.1451370e+00  -1.6186889e-01   1.3408411e-01   1.7124488e-02
   1.1260000e+03   1.1301870e+01   3.1441690e+00  -1.6172898e-01   1.3397684e-01   1.7121082e-02
   1.1270000e+03   1.1295320e+01   3.1432010e+00  -1.6158904e-01   1.3386953e-01   1.7117632e-02
   1.1280000e+03   1.1288790e+01   3.1422350e+00  -1.6144892e-01   1.3376204e-01   1.7114122e-02
   1.1290000e+03   1.1282260e+01   3.1412690e+00  -1.6130887e-01   1.3365460e-01   1.7110566e-02
   1.1300000e+03   1.1275750e+01   3.1403030e+00  -1.6116878e-01   1.3354710e-01   1.7106964e-02
   1.1310000e+03   1.1269240e+01   3.1393390e+00  -1.6102863e-01   1.3343952e-01   1.7103306e-02
   1.1320000e+03   1.1262750e+01   3.1383760e+00  -1.6088834e-01   1.3333181e-01   1.7099593e-02
   1.1330000e+03   1.1256260e+01   3.1374130e+00  -1.6074812e-01   1.3322414e-01   1.7095840e-02
   1.1340000e+03   1.1249790e+01   3.1364510e+00  -1.6060782e-01   1.3311637e-01   1.7092035e-02
   1.1350000e+03   1.1243330e+01   3.1354900e+00  -1.6046746e-01   1.3300853e-01   1.7088180e-02
   1.1360000e+03   1.1236880e+01   3.1345290e+00  -1.6032709e-01   1.3290066e-01   1.7084276e-02
   1.1370000e+03   1.1230440e+01   3.1335690e+00  -1.6018670e-01   1.3279275e-01   1.7080327e-02
   1.1380000e+03   1.1224010e+01   3.1326110e+00  -1.6004616e-01   1.3268468e-01   1.7076321e-02
   1.1390000e+03   1.1217590e+01   3.1316520e+00  -1.5990572e-01   1.3257669e-01   1.7072274e-02
   1.1400000e+03   1.1211180e+01   3.1306950e+00  -1.5976510e-01   1.3246853e-01   1.7068168e-02
   1.1410000e+03   1.1204780e+01   3.1297390e+00  -1.5962448e-01   1.3236033e-01   1.7064018e-02
   1.1420000e+03   1.1198400e+01   3.1287830e+00  -1.5948383e-01   1.3225209e-01   1.7059820e-02
   1.1430000e+03   1.1192020e+01   3.1278280e+00  -1.5934316e-01   1.3214381e-01   1.7055572e-02
   1.1440000e+03   1.1185650e+01   3.1268740e+00  -1.5920247e-01   1.3203549e-01   1.7051282e-02
   1.1450000e+03   1.1179300e+01   3.1259200e+00  -1.5906171e-01   1.3192709e-01   1.7046939e-02
   1.1460000e+03   1.1172950e+01   3.1249680e+00  -1.5892090e-01   1.3181863e-01   1.7042547e-02
   1.1470000e+03   1.1166620e+01   3.1240160e+00  -1.5878003e-01   1.3171008e-01   1.7038106e-02
   1.1480000e+03   1.1160290e+01   3.1230650e+00  -1.5863918e-01   1.3160154e-01   1.7033620e-02
   1.1490000e+03   1.1153980e+01   3.1221140e+00  -1.5849829e-01   1.3149295e-01   1.7029088e-02
   1.1500000e+03   1.1147670e+01   3.1211650e+00  -1.5835733e-01   1.3138427e-01   1.7024506e-02
   1.1510000e+03   1.1141380e+01   3.1202160e+00  -1.5821639e-01   1.3127558e-01   1.7019880e-02
   1.1520000e+03   1.1135090e+01   3.1192680e+00  -1.5807539e-01   1.3116683e-01   1.7015202e-02
   1.1530000e+03   1.1128820e+01   3.1183210e+00  -1.5793433e-01   1.3105798e-01   1.7010480e-02
   1.1540000e+03   1.1122560e+01   3.1173740e+00  -1.5779325e-01   1.3094911e-01   1.7005708e-02
   1.1550000e+03   1.1116300e+01   3.1164280e+00  -1.5765219e-01   1.3084024e-01   1.7000897e-02
   1.1560000e+03   1.1110060e+01   3.1154840e+00  -1.5751099e-01   1.3073121e-01   1.6996029e-02
   1.1570000e+03   1.1103830e+01   3.1145390e+00  -1.5736986e-01   1.3062222e-01   1.6991123e-02
   1.1580000e+03   1.1097600e+01   3.1135960e+00  -1.5722863e-01   1.3051314e-01   1.6986164e-02
   1.1590000e+03   1.1091390e+01   3.1126530e+00  -1.5708745e-01   1.3040406e-01   1.6981165e-02
   1.1600000e+03   1.1085190e+01   3.1117110e+00  -1.5694615e-01   1.3029487e-01   1.6976117e-02
   1.1610000e+03   1.1078990e+01   3.1107700e+00  -1.5680490e-01   1.3018570e-01   1.6971024e-02
   1.1620000e+03   1.1072810e+01   3.1098300e+00  -1.5666355e-01   1.3007641e-01   1.6965884e-02
   1.1630000e+03   1.1066640e+01   3.1088900e+00  -1.5652223e-01   1.2996712e-01   1.6960699e-02
   1.1640000e+03   1.1060480e+01   3.1079510e+00  -1.5638086e-01   1.2985777e-01   1.6955469e-02
   1.1650000e+03   1.1054320e+01   3.1070130e+00  -1.5623946e-01   1.2974838e-01   1.6950193e-02
   1.1660000e+03   1.1048180e+01   3.1060750e+00  -1.5609809e-01   1.2963899e-01   1.6944878e-02
   1.1670000e+03   1.1042050e+01   3.1051390e+00  -1.5595657e-01   1.2952944e-01   1.6939506e-02
   1.1680000e+03   1.1035920e+01   3.1042030e+00  -1.5581514e-01   1.2941996e-01   1.6934098e-02
   1.1690000e+03   1.1029810e+01   3.1032670e+00  -1.5567370e-01   1.2931043e-01   1.6928646e-02
   1.1700000e+03   1.1023710e+01   3.1023330e+00  -1.5553215e-01   1.2920079e-01   1.6923145e-02
   1.1710000e+03   1.1017610e+01   3.1013990e+00  -1.5539065e-01   1.2909118e-01   1.6917602e-02
   1.1720000e+03   1.1011530e+01   3.1004660e+00  -1.5524906e-01   1.2898145e-01   1.6912015e-02
   1.1730000e+03   1.1005450e+01   3.0995340e+00  -1.5510746e-01   1.2887171e-01   1.6906377e-02
   1.1740000e+03   1.0999390e+01   3.0986030e+00  -1.5496584e-01   1.2876191e-01   1.6900701e-02
   1.1750000e+03   1.0993330e+01   3.0976720e+00  -1.5482426e-01   1.2865214e-01   1.6894984e-02
   1.1760000e+03   1.0987290e+01   3.0967420e+00  -1.5468256e-01   1.2854222e-01   1.6889213e-02
   1.1770000e+03   1.0981250e+01   3.0958130e+00  -1.5454090e-01   1.2843234e-01   1.6883405e-02
   1.1780000e+03   1.0975230e+01   3.0948840e+00  -1.5439921e-01   1.2832238e-01   1.6877554e-02
   1.1790000e+03   1.0969210e+01   3.0939560e+00  -1.5425757e-01   1.2821246e-01   1.6871666e-02
   1.1800000e+03   1.0963200e+01   3.0930290e+00  -1.5411583e-01   1.2810244e-01   1.6865726e-02
   1.1810000e+03   1.0957210e+01   3.0921030e+00  -1.5397408e-01   1.2799236e-01   1.6859746e-02
   1.1820000e+03   1.0951220e+01   3.0911770e+00  -1.5383231e-01   1.2788226e-01   1.6853720e-02
   1.1830000e+03   1.0945240e+01   3.0902520e+00  -1.5369055e-01   1.2777214e-01   1.6847655e-02
   1.1840000e+03   1.0939270e+01   3.0893280e+00  -1.5354877e-01   1.2766198e-01   1.6841545e-02
   1.1850000e+03   1.0933310e+01   3.0884040e+00  -1.5340699e-01   1.2755180e-01   1.6835395e-02
   1.1860000e+03   1.0927360e+01   3.0874820e+00  -1.5326516e-01   1.2744155e-01   1.6829200e-02
   1.1870000e+03   1.0921420e+01   3.0865600e+00  -1.5312331e-01   1.2733126e-01   1.6822965e-02
   1.1880000e+03   1.0915490e+01   3.0856380e+00  -1.5298151e-01   1.2722099e-01   1.6816691e-02
   1.1890000e+03   1.0909570e+01   3.0847180e+00  -1.5283962e-01   1.2711061e-01   1.6810367e-02
   1.1900000e+03   1.0903660e+01   3.0837980e+00  -1.5269775e-01   1.2700024e-01   1.6804008e-02
   1.1910000e+03   1.0897750e+01   3.0828790e+00  -1.5255587e-01   1.2688983e-01   1.6797604e-02
   1.1920000e+03   1.0891860e+01   3.0819600e+00  -1.5241399e-01   1.2677939e-01   1.6791161e-02
   1.1930000e+03   1.0885980e+01   3.0810420e+00  -1.5227206e-01   1.2666889e-01   1.6784677e-02
   1.1940000e+03   1.0880100e+01   3.0801250e+00  -1.5213018e-01   1.2655841e-01   1.6778150e-02
   1.1950000e+03   1.0874230e+01   3.0792090e+00  -1.5198820e-01   1.2644783e-01   1.6771578e-02
   1.1960000e+03   1.0868380e+01   3.0782930e+00  -1.5184628e-01   1.2633726e-01   1.6764970e-02
   1.1970000e+03   1.0862530e+01   3.0773790e+00  -1.5170429e-01   1.2622661e-01   1.6758318e-02
   1.1980000e+03   1.0856690e+01   3.0764640e+00  -1.5156237e-01   1.2611600e-01   1.6751629e-02
   1.1990000e+03   1.0850860e+01   3.0755510e+00  -1.5142040e-01   1.2600533e-01   1.6744898e-02
   1.2000000e+03   1.0845040e+01   3.0746380e+00  -1.5127842e-01   1.2589462e-01   1.6738129e-02
   1.2010000e+03   1.0839230e+01   3.0737260e+00  -1.5113644e-01   1.2578389e-01   1.6731316e-02
   1.2020000e+03   1.0833430e+01   3.0728150e+00  -1.5099438e-01   1.2567306e-01   1.6724460e-02
   1.2030000e+03   1.0827640e+01   3.0719040e+00  -1.5085240e-01   1.2556228e-01   1.6717571e-02
   1.2040000e+03   1.0821860e+01   3.0709940e+00  -1.5071037e-01   1.2545143e-01   1.6710635e-02
   1.2050000e+03   1.0816080e+01   3.0700840e+00  -1.5056845e-01   1.2534066e-01   1.6703674e-02
   1.2060000e+03   1.0810320e+01   3.0691760e+00  -1.5042636e-01   1.2522970e-01   1.6696660e-02
   1.2070000e+03   1.0804560e+01   3.0682680e+00  -1.5028437e-01   1.2511882e-01   1.6689610e-02
   1.2080000e+03   1.0798810e+01   3.0673610e+00  -1.5014229e-01   1.2500784e-01   1.6682514e-02
   1.2090000e+03   1.0793070e+01   3.0664540e+00  -1.5000029e-01   1.2489691e-01   1.6675390e-02
   1.2100000e+03   1.0787340e+01   3.0655480e+00  -1.4985826e-01   1.2478592e-01   1.6668223e-02
   1.2110000e+03   1.0781620e+01   3.0646430e+00  -1.4971624e-01   1.2467491e-01   1.6661020e-02
   1.2120000e+03   1.0775910e+01   3.0637390e+00  -1.4957415e-01   1.2456381e-01   1.6653773e-02
   1.2130000e+03   1.0770210e+01   3.0628350e+00  -1.4943212e-01   1.2445275e-01   1.6646491e-02
   1.2140000e+03   1.0764510e+01   3.0619320e+00  -1.4929004e-01   1.2434163e-01   1.6639162e-02
   1.2150000e+03   1.0758830e+01   3.0610290e+00  -1.4914801e-01   1.2423051e-01   1.6631806e-02
   1.2160000e+03   1.0753150e+01   3.0601270e+00  -1.4900597e-01   1.2411938e-01   1.6624409e-02
   1.2170000e+03   1.0747490e+01   3.0592260e+00  -1.4886387e-01   1.2400815e-01   1.6616970e-02
   1.2180000e+03   1.0741830e+01   3.0583260e+00  -1.4872183e-01   1.2389696e-01   1.6609497e-02
   1.2190000e+03   1.0736180e+01   3.0574260e+00  -1.4857975e-01   1.2378571e-01   1.6601982e-02
   1.2200000e+03   1.0730540e+01   3.0565270e+00  -1.4843770e-01   1.2367446e-01   1.6594435e-02
   1.2210000e+03   1.0724900e+01   3.0556290e+00  -1.4829565e-01   1.2356320e-01   1.6586844e-02
   1.2220000e+03   1.0719280e+01   3.0547310e+00  -1.4815360e-01   1.2345190e-01   1.6579220e-02
   1.2230000e+03   1.0713670e+01   3.0538340e+00  -1.4801154e-01   1.2334056e-01   1.6571564e-02
   1.2240000e+03   1.0708060e+01   3.0529380e+00  -1.4786946e-01   1.2322920e-01   1.6563857e-02
   1.2250000e+03   1.0702460e+01   3.0520420e+00  -1.4772745e-01   1.2311786e-01   1.6556124e-02
   1.2260000e+03   1.0696870e+01   3.0511470e+00  -1.4758536e-01   1.2300644e-01   1.6548346e-02
   1.2270000e+03   1.0691290e+01   3.0502520e+00  -1.4744334e-01   1.2289505e-01   1.6540541e-02
   1.2280000e+03   1.0685720e+01   3.0493590e+00  -1.4730128e-01   1.2278360e-01   1.6532690e-02
   1.2290000e+03   1.0680160e+01   3.0484660e+00  -1.4715921e-01   1.2267212e-01   1.6524807e-02
   1.2300000e+03   1.0674600e+01   3.0475730e+00  -1.4701720e-01   1.2256067e-01   1.6516890e-02
   1.2310000e+03   1.0669060e+01   3.0466820e+00  -1.4687512e-01   1.2244911e-01   1.6508933e-02
   1.2320000e+03   1.0663520e+01   3.0457900e+00  -1.4673315e-01   1.2233766e-01   1.6500945e-02
   1.2330000e+03   1.0657990e+01   3.0449000e+00  -1.4659109e-01   1.2222608e-01   1.6492914e-02
   1.2340000e+03   1.0652470e+01   3.0440100e+00  -1.4644907e-01   1.2211452e-01   1.6484852e-02
   1.2350000e+03   1.0646960e+01   3.0431210e+00  -1.4630707e-01   1.2200295e-01   1.6476757e-02
   1.2360000e+03   1.0641450e+01   3.0422330e+00  -1.4616502e-01   1.2189132e-01   1.6468613e-02
   1.2370000e+03   1.0635960e+01   3.0413450e+00  -1.4602302e-01   1.2177970e-01   1.6460445e-02
   1.2380000e+03   1.0630470e+01   3.0404580e+00  -1.4588101e-01   1.2166805e-01   1.6452239e-02
   1.2390000e+03   1.0624990e+01   3.0395710e+00  -1.4573908e-01   1.2155646e-01   1.6444003e-02
   1.2400000e+03   1.0619520e+01   3.0386850e+00  -1.4559710e-01   1.2144478e-01   1.6435729e-02
   1.2410000e+03   1.0614060e+01   3.0378000e+00  -1.4545510e-01   1.2133307e-01   1.6427417e-02
   1.2420000e+03   1.0608610e+01   3.0369150e+00  -1.4531312e-01   1.2122134e-01   1.6419071e-02
   1.2430000e+03   1.0603160e+01   3.0360310e+00  -1.4517118e-01   1.2110964e-01   1.6410690e-02
   1.2440000e+03   1.0597730e+01   3.0351480e+00  -1.4502922e-01   1.2099788e-01   1.6402278e-02
   1.2450000e+03   1.0592300e+01   3.0342650e+00  -1.4488728e-01   1.2088613e-01   1.6393830e-02
   1.2460000e+03   1.0586880e+01   3.0333830e+00  -1.4474538e-01   1.2077438e-01   1.6385349e-02
   1.2470000e+03   1.0581470e+01   3.0325020e+00  -1.4460337e-01   1.2066251e-01   1.6376823e-02
   1.2480000e+03   1.0576060e+01   3.0316210e+00  -1.4446149e-01   1.2055074e-01   1.6368272e-02
   1.2490000e+03   1.0570670e+01   3.0307410e+00  -1.4431959e-01   1.2043891e-01   1.6359692e-02
   1.2500000e+03   1.0565280e+01   3.0298620e+00  -1.4417767e-01   1.2032704e-01   1.6351070e-02
   1.2510000e+03   1.0559900e+01   3.0289830e+00  -1.4403581e-01   1.2021522e-01   1.6342418e-02
   1.2520000e+03   1.0554530e+01   3.0281040e+00  -1.4389394e-01   1.2010334e-01   1.6333733e-02
   1.2530000e+03   1.0549170e+01   3.0272270e+00  -1.4375203e-01   1.1999141e-01   1.6325008e-02
   1.2540000e+03   1.0543810e+01   3.0263500e+00  -1.4361023e-01   1.1987957e-01   1.6316259e-02
   1.2550000e+03   1.0538470e+01   3.0254730e+00  -1.4346838e-01   1.1976764e-01   1.6307477e-02
   1.2560000e+03   1.0533130e+01   3.0245980e+00  -1.4332653e-01   1.1965569e-01   1.6298655e-02
   1.2570000e+03   1.0527800e+01   3.0237230e+00  -1.4318472e-01   1.1954375e-01   1.6289804e-02
   1.2580000e+03   1.0522480e+01   3.0228480e+00  -1.4304294e-01   1.1943181e-01   1.6280920e-02
   1.2590000e+03   1.0517160e+01   3.0219740e+00  -1.4290117e-01   1.1931986e-01   1.6272003e-02
   1.2600000e+03   1.0511860e+01   3.0211010e+00  -1.4275938e-01   1.1920786e-01   1.6263055e-02
   1.2610000e+03   1.0506560e+01   3.0202280e+00  -1.4261761e-01   1.1909586e-01   1.6254072e-02
   1.2620000e+03   1.0501270e+01   3.0193560e+00  -1.4247585e-01   1.1898386e-01   1.6245053e-02
   1.2630000e+03   1.0495990e+01   3.0184850e+00  -1.4233409e-01   1.1887181e-01   1.6236004e-02
   1.2640000e+03   1.0490710e+01   3.0176140e+00  -1.4219242e-01   1.1875983e-01   1.6226932e-02
   1.2650000e+03   1.0485450e+01   3.0167440e+00  -1.4205066e-01   1.1864773e-01   1.6217814e-02
   1.2660000e+03   1.0480190e+01   3.0158740e+00  -1.4190901e-01   1.1853572e-01   1.6208678e-02
   1.2670000e+03   1.0474940e+01   3.0150050e+00  -1.4176734e-01   1.1842365e-01   1.6199503e-02
   1.2680000e+03   1.0469700e+01   3.0141370e+00  -1.4162568e-01   1.1831157e-01   1.6190301e-02
   1.2690000e+03   1.0464460e+01   3.0132690e+00  -1.4148403e-01   1.1819949e-01   1.6181058e-02
   1.2700000e+03   1.0459230e+01   3.0124020e+00  -1.4134242e-01   1.1808741e-01   1.6171790e-02
   1.2710000e+03   1.0454020e+01   3.0115350e+00  -1.4120082e-01   1.1797531e-01   1.6162495e-02
   1.2720000e+03   1.0448810e+01   3.0106690e+00  -1.4105922e-01   1.1786319e-01   1.6153161e-02
   1.2730000e+03   1.0443600e+01   3.0098040e+00  -1.4091767e-01   1.1775109e-01   1.6143802e-02
   1.2740000e+03   1.0438410e+01   3.0089390e+00  -1.4077612e-01   1.1763896e-01   1.6134411e-02
   1.2750000e+03   1.0433220e+01   3.0080750e+00  -1.4063458e-01   1.1752682e-01   1.6124989e-02
   1.2760000e+03   1.0428040e+01   3.0072110e+00  -1.4049308e-01   1.1741469e-01   1.6115535e-02
   1.2770000e+03   1.0422870e+01   3.0063480e+00  -1.4035155e-01   1.1730251e-01   1.6106049e-02
   1.2780000e+03   1.0417700e+01   3.0054860e+00  -1.4021006e-01   1.1719034e-01   1.6096535e-02
   1.2790000e+03   1.0412550e+01   3.0046240e+00  -1.4006860e-01   1.1707817e-01   1.6086991e-02
   1.2800000e+03   1.0407400e+01   3.0037630e+00  -1.3992714e-01   1.1696597e-01   1.6077415e-02
   1.2810000e+03   1.0402260e+01   3.0029020e+00  -1.3978571e-01   1.1685378e-01   1.6067809e-02
   1.2820000e+03   1.0397130e+01   3.0020420e+00  -1.3964431e-01   1.1674158e-01   1.6058177e-02
   1.2830000e+03   1.0392000e+01   3.0011830e+00  -1.3950291e-01   1.1662937e-01   1.6048510e-02
   1.2840000e+03   1.0386880e+01   3.0003240e+00  -1.3936155e-01   1.1651717e-01   1.6038817e-02
   1.2850000e+03   1.0381770e+01   2.9994660e+00  -1.3922021e-01   1.1640495e-01   1.6029095e-02
   1.2860000e+03   1.0376670e+01   2.9986080e+00  -1.3907886e-01   1.1629271e-01   1.6019340e-02
   1.2870000e+03   1.0371580e+01   2.9977510e+00  -1.3893753e-01   1.1618045e-01   1.6009560e-02
   1.2880000e+03   1.0366490e+01   2.9968940e+00  -1.3879628e-01   1.1606825e-01   1.5999748e-02
   1.2890000e+03   1.0361410e+01   2.9960380e+00  -1.3865503e-01   1.1595603e-01   1.5989909e-02
   1.2900000e+03   1.0356340e+01   2.9951830e+00  -1.3851378e-01   1.1584377e-01   1.5980040e-02
   1.2910000e+03   1.0351270e+01   2.9943280e+00  -1.3837259e-01   1.1573155e-01   1.5970143e-02
   1.2920000e+03   1.0346210e+01   2.9934740e+00  -1.3823138e-01   1.1561928e-01   1.5960217e-02
   1.2930000e+03   1.0341170e+01   2.9926200e+00  -1.3809017e-01   1.1550698e-01   1.5950256e-02
   1.2940000e+03   1.0336120e+01   2.9917670e+00  -1.3794903e-01   1.1539474e-01   1.5940273e-02
   1.2950000e+03   1.0331090e+01   2.9909140e+00  -1.3780791e-01   1.1528247e-01   1.5930263e-02
   1.2960000e+03   1.0326060e+01   2.9900620e+00  -1.3766685e-01   1.1517023e-01   1.5920229e-02
   1.2970000e+03   1.0321040e+01   2.9892110e+00  -1.3752571e-01   1.1505791e-01   1.5910153e-02
   1.2980000e+03   1.0316030e+01   2.9883600e+00  -1.3738466e-01   1.1494564e-01   1.5900059e-02
   1.2990000e+03   1.0311030e+01   2.9875100e+00  -1.3724359e-01   1.1483332e-01   1.5889930e-02
   1.3000000e+03   1.0306030e+01   2.9866600e+00  -1.3710262e-01   1.1472107e-01   1.5879784e-02
   1.3010000e+03   1.0301040e+01   2.9858110e+00  -1.3696159e-01   1.1460875e-01   1.5869599e-02
   1.3020000e+03   1.0296060e+01   2.9849620e+00  -1.3682070e-01   1.1449651e-01   1.5859400e-02
   1.3030000e+03   1.0291080e+01   2.9841140e+00  -1.3667976e-01   1.1438422e-01   1.5849164e-02
   1.3040000e+03   1.0286110e+01   2.9832670e+00  -1.3653879e-01   1.1427187e-01   1.5838896e-02
   1.3050000e+03   1.0281150e+01   2.9824200e+00  -1.3639791e-01   1.1415958e-01   1.5828606e-02
   1.3060000e+03   1.0276200e+01   2.9815730e+00  -1.3625706e-01   1.1404728e-01   1.5818293e-02
   1.3070000e+03   1.0271250e+01   2.9807280e+00  -1.3611621e-01   1.1393498e-01   1.5807947e-02
   1.3080000e+03   1.0266320e+01   2.9798820e+00  -1.3597544e-01   1.1382270e-01   1.5797579e-02
   1.3090000e+03   1.0261390e+01   2.9790380e+00  -1.3583460e-01   1.1371033e-01   1.5787183e-02
   1.3100000e+03   1.0256460e+01   2.9781930e+00  -1.3569389e-01   1.1359808e-01   1.5776760e-02
   1.3110000e+03   1.0251540e+01   2.9773500e+00  -1.3555315e-01   1.1348577e-01   1.5766305e-02
   1.3120000e+03   1.0246640e+01   2.9765070e+00  -1.3541241e-01   1.1337342e-01   1.5755830e-02
   1.3130000e+03   1.0241730e+01   2.9756640e+00  -1.3527176e-01   1.1326115e-01   1.5745329e-02
   1.3140000e+03   1.0236840e+01   2.9748220e+00  -1.3513107e-01   1.1314880e-01   1.5734797e-02
   1.3150000e+03   1.0231950e+01   2.9739810e+00  -1.3499044e-01   1.1303649e-01   1.5724237e-02
   1.3160000e+03   1.0227070e+01   2.9731400e+00  -1.3484983e-01   1.1292417e-01   1.5713655e-02
   1.3170000e+03   1.0222200e+01   2.9722990e+00  -1.3470933e-01   1.1281191e-01   1.5703057e-02
   1.3180000e+03   1.0217330e+01   2.9714600e+00  -1.3456876e-01   1.1269958e-01   1.5692420e-02
   1.3190000e+03   1.0212470e+01   2.9706200e+00  -1.3442828e-01   1.1258731e-01   1.5681763e-02
   1.3200000e+03   1.0207620e+01   2.9697820e+00  -1.3428773e-01   1.1247494e-01   1.5671071e-02
   1.3210000e+03   1.0202780e+01   2.9689430e+00  -1.3414731e-01   1.1236267e-01   1.5660367e-02
   1.3220000e+03   1.0197940e+01   2.9681060e+00  -1.3400686e-01   1.1225034e-01   1.5649628e-02
   1.3230000e+03   1.0193110e+01   2.9672680e+00  -1.3386648e-01   1.1213807e-01   1.5638869e-02
   1.3240000e+03   1.0188290e+01   2.9664320e+00  -1.3372608e-01   1.1202573e-01   1.5628081e-02
   1.3250000e+03   1.0183470e+01   2.9655960e+00  -1.3358575e-01   1.1191345e-01   1.5617272e-02
   1.3260000e+03   1.0178660e+01   2.9647600e+00  -1.3344544e-01   1.1180115e-01   1.5606436e-02
   1.3270000e+03   1.0173860e+01   2.9639250e+00  -1.3330517e-01   1.1168887e-01   1.5595575e-02
   1.3280000e+03   1.0169060e+01   2.9630910e+00  -1.3316491e-01   1.1157656e-01   1.5584690e-02
   1.3290000e+03   1.0164280e+01   2.9622570e+00  -1.3302465e-01   1.1146424e-01   1.5573778e-02
   1.3300000e+03   1.0159500e+01   2.9614230e+00  -1.3288450e-01   1.1135199e-01   1.5562847e-02
   1.3310000e+03   1.0154720e+01   2.9605900e+00  -1.3274436e-01   1.1123973e-01   1.5551890e-02
   1.3320000e+03   1.0149950e+01   2.9597580e+00  -1.3260420e-01   1.1112744e-01   1.5540899e-02
   1.3330000e+03   1.0145190e+01   2.9589260e+00  -1.3246413e-01   1.1101518e-01   1.5529896e-02
   1.3340000e+03   1.0140440e+01   2.9580940e+00  -1.3232409e-01   1.1090293e-01   1.5518867e-02
   1.3350000e+03   1.0135700e+01   2.9572640e+00  -1.3218396e-01   1.1079057e-01   1.5507807e-02
   1.3360000e+03   1.0130960e+01   2.9564330e+00  -1.3204402e-01   1.1067837e-01   1.5496733e-02
   1.3370000e+03   1.0126220e+01   2.9556030e+00  -1.3190407e-01   1.1056614e-01   1.5485629e-02
   1.3380000e+03   1.0121500e+01   2.9547740e+00  -1.3176413e-01   1.1045387e-01   1.5474505e-02
   1.3390000e+03   1.0116780e+01   2.9539450e+00  -1.3162420e-01   1.1034161e-01   1.5463348e-02
   1.3400000e+03   1.0112070e+01   2.9531170e+00  -1.3148434e-01   1.1022938e-01   1.5452182e-02
   1.3410000e+03   1.0107360e+01   2.9522890e+00  -1.3134450e-01   1.1011714e-01   1.5440982e-02
   1.3420000e+03   1.0102670e+01   2.9514620e+00  -1.3120467e-01   1.1000489e-01   1.5429761e-02
   1.3430000e+03   1.0097980e+01   2.9506350e+00  -1.3106489e-01   1.0989266e-01   1.5418515e-02
   1.3440000e+03   1.0093290e+01   2.9498090e+00  -1.3092517e-01   1.0978046e-01   1.5407253e-02
   1.3450000e+03   1.0088610e+01   2.9489830e+00  -1.3078544e-01   1.0966824e-01   1.5395958e-02
   1.3460000e+03   1.0083940e+01   2.9481580e+00  -1.3064578e-01   1.0955604e-01   1.5384648e-02
   1.3470000e+03   1.0079280e+01   2.9473330e+00  -1.3050611e-01   1.0944381e-01   1.5373312e-02
   1.3480000e+03   1.0074620e+01   2.9465090e+00  -1.3036650e-01   1.0933162e-01   1.5361954e-02
   1.3490000e+03   1.0069970e+01   2.9456850e+00  -1.3022696e-01   1.0921946e-01   1.5350578e-02
   1.3500000e+03   1.0065330e+01   2.9448610e+00  -1.3008747e-01   1.0910732e-01   1.5339179e-02
   1.3510000e+03   1.0060690e+01   2.9440390e+00  -1.2994793e-01   1.0899511e-01   1.5327754e-02
   1.3520000e+03   1.0056060e+01   2.9432160e+00  -1.2980847e-01   1.0888296e-01   1.5316305e-02
   1.3530000e+03   1.0051440e+01   2.9423950e+00  -1.2966899e-01   1.0877076e-01   1.5304831e-02
   1.3540000e+03   1.0046820e+01   2.9415730e+00  -1.2952962e-01   1.0865864e-01   1.5293344e-02
   1.3550000e+03   1.0042210e+01   2.9407520e+00  -1.2939029e-01   1.0854653e-01   1.5281832e-02
   1.3560000e+03   1.0037610e+01   2.9399320e+00  -1.2925094e-01   1.0843437e-01   1.5270298e-02
   1.3570000e+03   1.0033010e+01   2.9391120e+00  -1.2911169e-01   1.0832229e-01   1.5258746e-02
   1.3580000e+03   1.0028420e+01   2.9382930e+00  -1.2897238e-01   1.0821012e-01   1.5247162e-02
   1.3590000e+03   1.0023840e+01   2.9374740e+00  -1.2883319e-01   1.0809804e-01   1.5235567e-02
   1.3600000e+03   1.0019270e+01   2.9366560e+00  -1.2869393e-01   1.0798587e-01   1.5223938e-02
   1.3610000e+03   1.0014700e+01   2.9358380e+00  -1.2855480e-01   1.0787380e-01   1.5212298e-02
   1.3620000e+03   1.0010130e+01   2.9350210e+00  -1.2841571e-01   1.0776174e-01   1.5200637e-02
   1.3630000e+03   1.0005580e+01   2.9342040e+00  -1.2827663e-01   1.0764966e-01   1.5188953e-02
   1.3640000e+03   1.0001030e+01   2.9333870e+00  -1.2813762e-01   1.0753763e-01   1.5177250e-02
